No         Predictions            Accuracy [%]
0          (1 0 2 3 2 1 2)             100.000
1          (1 0 3 1 2 1 2)             100.000
2          (1 0 3 1 2 1 2)              95.238
3          (1 0 2 3 2 1 2)              96.429
4          (1 0 2 3 2 1 2)              97.143
5          (1 0 3 1 2 1 2)              97.619
6          (1 0 3 1 2 1 2)              91.837
7          (1 0 3 1 2 1 2)              92.857
8          (1 0 0 0 1 2 0)              93.651
9          (1 0 2 3 2 1 2)              91.429
10         (1 0 2 3 2 1 2)              92.208
11         (1 0 2 3 2 1 2)              92.857
12         (1 0 2 3 2 1 2)              93.407
13         (1 0 3 1 2 1 2)              89.796
14         (1 0 0 0 2 2 1)              87.619
15         (1 0 2 3 2 1 2)              88.393
16         (1 0 2 3 2 1 2)              88.235
17         (1 0 2 3 2 1 2)              88.889
18         (1 0 1 2 1 1 1)              89.474
19         (1 0 2 3 2 1 2)              90.000
20         (1 0 2 3 2 1 2)              90.476
21         (1 0 3 1 2 1 2)              90.909
22         (0 0 1 2 2 2 1)              89.441
23         (1 0 2 3 2 1 2)              89.881
24         (1 0 2 3 2 1 2)              89.143
25         (1 0 2 3 2 1 2)              89.560
26         (1 0 2 3 2 1 2)              89.947
27         (1 0 2 3 2 1 2)              90.306
28         (1 0 2 3 2 2 1)              90.148
29         (1 0 1 2 1 1 1)              90.476
30         (0 0 4 5 2 2 1)              88.479
31         (1 0 3 1 2 1 2)              87.054
32         (1 0 2 3 2 1 2)              87.446
33         (1 0 2 3 2 1 2)              86.975
34         (1 0 2 3 2 1 2)              87.347
35         (1 0 2 3 2 1 2)              87.698
36         (1 0 1 2 1 1 1)              88.031
37         (1 0 3 1 2 1 2)              87.218
38         (1 0 1 2 1 1 1)              87.546
39         (1 0 3 1 2 1 2)              87.143
40         (1 0 3 1 2 1 2)              85.714
41         (1 0 1 2 1 1 1)              86.054
42         (0 0 1 2 1 1 1)              86.047
43         (1 0 2 3 2 1 2)              86.364
44         (1 0 1 2 0 0 0)              85.079
45         (1 0 3 1 2 1 2)              85.404
46         (1 0 2 3 2 1 2)              85.714
47         (1 0 2 3 2 1 2)              86.012
48         (1 0 2 3 2 1 2)              86.297
49         (0 0 1 2 2 2 1)              85.714
50         (1 0 2 3 2 1 2)              85.994
51         (1 0 3 1 2 1 2)              86.264
52         (1 0 1 2 0 0 1)              86.523
53         (1 0 3 1 2 1 2)              86.772
54         (1 0 3 1 2 1 2)              87.013
55         (1 0 2 3 2 1 2)              87.245
56         (1 0 1 2 1 1 1)              87.469
57         (1 0 3 1 2 1 2)              87.685
58         (1 0 1 2 0 0 1)              87.893
59         (1 0 3 1 2 1 2)              87.619
60         (1 0 3 1 2 1 2)              87.822
61         (1 0 3 1 2 1 2)              87.788
62         (1 0 2 3 2 1 2)              87.982
63         (1 0 1 2 1 2 1)              88.170
64         (1 0 2 3 2 1 2)              88.352
65         (1 0 3 1 2 1 2)              88.312
66         (1 0 2 3 2 1 2)              88.486
67         (1 0 2 3 2 1 2)              88.655
68         (1 0 4 5 2 2 2)              88.199
69         (1 0 2 3 2 1 2)              88.367
70         (1 0 1 2 1 2 1)              88.129
71         (1 0 1 2 1 1 1)              88.294
72         (1 0 3 1 2 1 1)              88.454
73         (1 0 3 1 2 1 2)              88.610
74         (1 0 1 2 1 1 1)              88.762
75         (1 0 2 3 2 1 1)              88.910
76         (1 0 3 1 2 1 2)              88.683
77         (0 0 4 5 2 2 1)              88.278
78         (1 0 1 2 1 1 1)              88.427
79         (0 0 1 2 1 1 1)              88.393
80         (1 0 2 3 2 1 2)              88.536
81         (0 0 4 6 1 2 1)              87.979
82         (1 0 2 3 1 2 1)              88.124
83         (1 0 2 3 2 1 1)              87.755
84         (1 0 2 3 2 1 2)              87.563
85         (1 0 1 2 1 1 1)              87.708
86         (1 0 3 1 2 1 2)              87.849
87         (1 0 3 1 2 1 2)              87.987
88         (1 0 3 1 2 1 2)              88.122
89         (1 0 2 3 2 1 2)              88.254
90         (1 0 3 1 2 1 2)              88.069
91         (1 0 3 1 2 1 2)              88.199
92         (1 0 2 3 2 1 2)              88.018
93         (1 0 1 2 1 1 1)              88.146
94         (1 0 1 2 1 1 1)              88.271
95         (1 0 1 2 1 1 1)              88.393
96         (1 0 3 1 2 1 2)              88.513
97         (1 0 2 3 2 1 2)              88.630
98         (1 0 2 3 2 1 2)              88.600
99         (1 0 3 1 2 1 2)              88.714
100        (1 0 1 2 1 1 1)              88.685
101        (1 0 2 3 2 1 2)              88.796
102        (1 0 0 0 2 2 1)              88.904
103        (0 0 4 3 2 1 1)              88.462
104        (1 0 2 3 2 1 2)              88.571
105        (1 0 2 3 2 1 2)              88.679
106        (1 0 1 2 1 1 1)              88.785
107        (1 0 3 1 2 1 2)              88.889
108        (1 0 3 1 2 1 2)              88.991
109        (1 0 1 2 1 2 1)              88.831
110        (0 0 4 3 2 1 1)              88.417
111        (1 0 1 2 1 1 1)              88.520
112        (1 0 3 1 2 1 2)              88.369
113        (0 0 4 6 1 2 1)              87.845
114        (1 0 2 3 2 1 2)              87.329
115        (1 0 2 3 2 1 2)              87.438
116        (1 0 1 2 0 0 1)              87.546
117        (1 0 2 3 2 1 2)              87.046
118        (1 0 3 1 1 1 1)              86.915
119        (1 0 2 3 2 1 2)              86.786
120        (1 0 2 3 2 1 2)              86.895
121        (1 0 2 3 2 1 2)              87.002
122        (1 0 1 2 1 2 1)              86.643
123        (1 0 1 2 1 1 1)              86.751
124        (1 0 2 3 1 2 1)              86.857
125        (0 0 4 3 2 1 1)              86.508
126        (1 0 1 2 1 1 1)              86.614
127        (1 0 2 3 2 1 2)              86.719
128        (1 0 0 0 2 2 1)              86.822
129        (1 0 3 1 2 1 2)              86.813
130        (1 0 2 3 2 1 2)              86.914
131        (1 0 3 1 2 1 2)              86.472
132        (0 0 4 6 1 2 1)              86.251
133        (1 0 3 1 2 1 2)              86.141
134        (1 0 3 1 2 1 2)              86.032
135        (1 0 3 1 2 1 2)              85.924
136        (1 0 1 2 1 1 1)              86.027
137        (1 0 2 3 2 1 2)              86.025
138        (1 0 2 3 2 1 2)              86.125
139        (1 0 1 2 0 0 1)              86.224
140        (1 0 3 1 2 1 2)              86.322
141        (1 0 1 2 1 1 1)              86.419
142        (0 0 1 2 1 1 1)              86.414
143        (1 0 2 3 2 1 2)              86.210
144        (1 0 2 3 2 1 2)              86.305
145        (1 0 3 1 2 1 2)              86.204
146        (1 0 3 1 2 1 2)              86.297
147        (1 0 2 3 2 1 2)              86.293
148        (1 0 0 0 2 2 1)              86.385
149        (1 0 1 2 1 1 1)              86.476
150        (1 0 3 1 2 1 2)              86.566
151        (0 0 1 2 1 2 1)              86.466
152        (1 0 2 3 2 1 2)              86.368
153        (1 0 3 1 2 1 1)              86.456
154        (1 0 3 1 2 1 2)              86.359
155        (1 0 2 3 1 2 1)              86.447
156        (1 0 1 2 1 1 1)              86.533
157        (0 0 4 5 2 2 1)              86.347
158        (1 0 1 2 1 2 1)              86.343
159        (1 0 2 3 2 1 2)              86.429
160        (1 0 1 2 1 2 1)              86.424
161        (1 0 2 3 2 1 2)              86.332
162        (1 0 2 3 2 1 2)              86.328
163        (1 0 2 3 2 1 2)              86.411
164        (1 0 3 1 2 1 2)              86.320
165        (1 0 2 3 2 1 1)              86.317
166        (1 0 1 2 1 2 1)              86.313
167        (1 0 2 3 2 1 2)              86.395
168        (1 0 3 1 2 1 2)              86.475
169        (1 0 3 1 2 1 2)              86.555
170        (1 0 2 3 2 1 2)              86.216
171        (1 0 2 3 2 1 2)              86.296
172        (1 0 2 3 2 1 1)              86.127
173        (0 0 1 2 1 1 1)              85.878
174        (1 0 2 3 2 1 2)              85.796
175        (1 0 2 3 2 1 2)              85.877
176        (1 0 2 3 2 1 2)              85.795
177        (1 0 1 2 1 1 1)              85.875
178        (1 0 2 3 2 1 2)              85.954
179        (1 0 1 2 1 1 1)              86.032
180        (1 0 3 1 2 1 2)              86.109
181        (1 0 2 3 2 1 2)              86.028
182        (1 0 3 1 2 1 2)              86.027
183        (0 0 4 5 0 0 1)              85.870
184        (1 0 3 1 2 1 2)              85.637
185        (0 0 4 6 1 2 1)              85.407
186        (1 0 1 2 1 1 1)              85.485
187        (1 0 2 3 2 1 2)              85.562
188        (1 0 2 3 2 1 2)              85.563
189        (1 0 3 1 2 1 2)              85.489
190        (1 0 1 2 1 1 1)              85.565
191        (1 0 2 3 2 1 2)              85.640
192        (1 0 3 1 2 1 2)              85.714
193        (1 0 2 3 2 1 2)              85.788
194        (1 0 0 0 2 2 1)              85.861
195        (1 0 3 1 2 1 2)              85.787
196        (1 0 1 2 1 2 1)              85.787
197        (1 0 2 3 2 1 2)              85.859
198        (1 0 1 2 1 1 1)              85.930
199        (1 0 2 3 2 1 2)              86.000
200        (1 0 2 3 2 1 2)              86.070
201        (1 0 2 3 2 1 2)              86.139
202        (0 0 1 2 1 1 1)              86.137
203        (1 0 1 2 1 1 1)              86.204
204        (1 0 1 2 1 1 1)              86.272
205        (1 0 1 2 1 1 1)              86.338
206        (1 0 2 3 2 1 1)              86.335
207        (0 0 2 3 1 2 1)              86.126
208        (1 0 2 3 2 1 2)              85.988
209        (0 0 4 6 1 2 2)              85.782
210        (1 0 2 3 2 1 2)              85.850
211        (1 0 2 3 2 1 2)              85.849
212        (1 0 3 1 2 1 2)              85.915
213        (1 0 2 3 2 1 2)              85.981
214        (1 0 2 3 2 1 2)              86.047
215        (1 0 3 1 1 1 1)              86.111
216        (1 0 2 3 2 1 2)              86.043
217        (1 0 2 3 2 1 2)              86.107
218        (0 0 1 2 1 1 1)              86.106
219        (1 0 3 1 2 1 2)              86.039
220        (1 0 2 3 2 1 2)              86.102
221        (1 0 2 3 1 2 1)              86.165
222        (1 0 3 1 2 1 2)              86.163
223        (1 0 3 1 2 1 2)              86.224
224        (1 0 3 1 2 1 2)              86.286
225        (1 0 2 3 2 1 2)              86.220
226        (1 0 1 2 1 2 1)              86.155
227        (1 0 2 3 2 1 2)              86.216
228        (1 0 3 1 2 1 2)              86.276
229        (1 0 3 1 2 1 2)              86.335
230        (1 0 2 3 2 1 2)              86.395
231        (1 0 3 1 2 1 2)              86.207
232        (1 0 2 3 2 1 2)              86.266
233        (1 0 3 1 2 1 2)              86.264
234        (1 0 2 3 2 1 2)              86.322
235        (0 0 1 2 1 1 1)              86.259
236        (1 0 2 3 2 1 2)              86.317
237        (1 0 3 1 2 1 2)              86.255
238        (1 0 3 1 2 1 2)              86.133
239        (1 0 4 5 2 2 2)              86.012
240        (1 0 2 3 2 1 2)              86.070
241        (1 0 2 3 1 0 1)              86.068
242        (0 0 1 2 1 1 1)              86.067
243        (1 0 3 1 2 1 2)              86.007
244        (1 0 2 3 2 1 2)              86.006
245        (1 0 3 1 2 1 2)              86.063
246        (1 0 1 2 1 2 1)              86.061
247        (1 0 2 3 2 1 2)              86.118
248        (1 0 2 3 2 1 2)              86.116
249        (1 0 2 3 2 1 2)              86.057
250        (1 0 2 3 2 1 2)              85.942
251        (1 0 3 1 2 1 2)              85.998
252        (1 0 2 3 2 1 2)              86.053
253        (1 0 2 3 2 1 2)              86.108
254        (1 0 1 2 1 1 1)              86.162
255        (1 0 2 3 2 1 2)              86.217
256        (1 0 3 1 2 1 2)              86.215
257        (1 0 3 1 2 1 2)              86.268
258        (1 0 2 3 2 1 2)              86.321
259        (0 0 1 2 1 1 1)              86.319
260        (1 0 3 1 2 1 2)              86.371
261        (1 0 3 1 2 1 2)              86.314
262        (1 0 2 3 2 1 2)              86.366
263        (1 0 2 3 2 1 2)              86.418
264        (1 0 3 1 2 1 2)              86.361
265        (1 0 3 1 2 1 2)              86.144
266        (1 0 3 1 2 1 2)              86.196
267        (1 0 2 3 2 1 2)              86.247
268        (1 0 3 1 2 1 2)              86.033
269        (1 0 0 0 2 2 1)              86.085
270        (1 0 3 1 2 1 2)              86.136
271        (1 0 1 2 1 0 1)              86.029
272        (1 0 2 3 2 1 2)              86.081
273        (1 0 3 1 1 1 1)              86.027
274        (1 0 2 3 2 1 2)              86.078
275        (1 0 2 3 2 1 2)              86.025
276        (1 0 3 1 2 1 2)              86.075
277        (1 0 3 1 2 1 2)              86.125
278        (1 0 3 1 2 1 2)              86.124
279        (1 0 3 1 2 1 2)              86.173
280        (1 0 0 0 1 0 1)              86.223
281        (1 0 2 3 2 1 2)              86.272
282        (1 0 2 3 2 1 2)              86.320
283        (1 0 2 3 2 1 2)              86.368
284        (1 0 2 3 2 1 2)              86.316
285        (1 0 2 3 2 1 2)              86.264
286        (1 0 2 3 2 1 2)              86.312
287        (1 0 1 2 1 1 1)              86.359
288        (1 0 1 2 1 1 1)              86.406
289        (1 0 2 3 2 1 2)              86.453
290        (1 0 1 2 1 1 1)              86.500
291        (1 0 3 1 2 1 2)              86.546
292        (1 0 3 1 2 1 2)              86.494
293        (1 0 3 1 2 1 2)              86.540
294        (1 0 1 2 1 1 1)              86.586
295        (1 0 2 3 2 1 2)              86.631
296        (1 0 2 3 2 1 2)              86.676
297        (1 0 1 2 1 1 1)              86.721
298        (1 0 1 2 1 1 1)              86.765
299        (1 0 3 1 2 1 2)              86.810
300        (1 0 1 2 1 1 1)              86.853
301        (1 0 2 3 2 1 2)              86.897
302        (1 0 3 1 2 1 2)              86.940
303        (1 0 2 3 2 1 2)              86.983
304        (1 0 3 1 2 1 2)              86.932
305        (1 0 3 1 2 1 2)              86.928
306        (1 0 1 2 1 1 1)              86.971
307        (1 0 3 1 2 1 2)              86.920
308        (1 0 2 3 2 1 2)              86.963
309        (1 0 3 1 2 1 2)              87.005
310        (1 0 1 2 1 1 1)              87.046
311        (1 0 3 1 2 1 2)              86.996
312        (0 1 4 6 0 0 1)              86.855
313        (1 0 2 3 2 1 2)              86.897
314        (1 0 2 3 2 2 1)              86.939
315        (1 0 2 3 2 1 2)              86.980
316        (1 0 2 3 2 1 2)              86.931
317        (1 0 0 0 2 2 1)              86.972
318        (1 0 2 3 2 1 2)              87.013
319        (1 0 3 1 2 1 2)              87.054
320        (1 0 0 0 1 2 0)              87.094
321        (1 0 2 3 2 1 2)              87.134
322        (1 0 3 1 2 1 2)              87.130
323        (1 0 2 3 2 1 2)              87.169
324        (1 0 2 3 2 1 2)              87.209
325        (1 0 2 3 2 1 2)              87.248
326        (1 0 2 3 2 1 2)              87.243
327        (1 0 2 3 2 1 2)              87.282
328        (1 0 1 2 1 1 1)              87.321
329        (1 0 2 3 2 1 2)              87.359
330        (1 0 3 1 2 1 2)              87.354
332        (0 0 1 2 1 1 1)              87.263
333        (1 0 1 2 1 2 1)              87.302
334        (1 0 2 3 2 1 2)              87.340
335        (1 0 3 1 2 1 2)              87.207
336        (1 0 2 3 1 2 1)              87.245
337        (1 0 0 0 2 2 1)              87.283
339        (1 0 2 3 2 1 2)              87.320
340        (1 0 2 3 2 1 2)              87.358
341        (1 0 2 3 2 1 2)              87.395
342        (1 0 2 3 2 1 2)              87.432
343        (1 0 3 1 2 1 2)              87.469
344        (1 0 1 2 1 1 1)              87.505
345        (1 0 2 3 2 1 2)              87.542
346        (1 0 2 3 2 1 2)              87.578
347        (1 0 2 3 2 1 2)              87.531
348        (1 0 2 3 2 1 2)              87.567
349        (1 0 2 3 2 1 2)              87.603
350        (1 0 3 1 2 1 2)              87.638
351        (1 0 3 1 2 1 2)              87.673
352        (1 0 2 3 2 1 2)              87.627
353        (1 0 3 1 2 1 2)              87.662
354        (1 0 2 3 2 1 2)              87.697
355        (1 0 3 1 2 1 2)              87.651
356        (1 0 2 3 2 1 2)              87.606
357        (1 0 2 3 2 1 2)              87.560
358        (1 0 3 1 2 1 2)              87.515
359        (1 0 3 1 2 1 2)              87.550
360        (1 0 1 2 1 2 1)              87.505
361        (1 0 2 3 2 1 2)              87.540
362        (1 0 1 2 1 2 1)              87.535
363        (1 0 2 3 2 1 2)              87.569
364        (1 0 2 3 2 1 2)              87.603
365        (0 0 0 4 1 2 0)              87.480
366        (1 0 2 3 2 1 2)              87.515
367        (1 0 3 1 2 1 2)              87.549
368        (1 0 0 0 2 2 1)              87.583
369        (0 0 1 2 1 1 1)              87.578
370        (1 0 2 3 2 1 2)              87.534
371        (1 0 1 2 1 1 1)              87.568
372        (1 0 2 3 2 1 2)              87.601
373        (1 0 2 3 2 2 1)              87.634
374        (1 0 1 2 1 1 1)              87.668
375        (1 0 3 1 2 1 2)              87.624
376        (1 0 2 3 1 2 1)              87.657
377        (1 0 1 2 1 1 1)              87.690
378        (1 0 3 1 2 1 2)              87.571
379        (1 0 2 3 2 1 2)              87.604
380        (0 0 1 2 1 1 1)              87.599
381        (1 0 2 3 2 1 2)              87.632
382        (1 0 1 2 1 1 1)              87.664
383        (1 0 2 3 2 1 2)              87.696
384        (1 0 2 3 2 1 2)              87.691
385        (1 0 2 3 2 1 2)              87.723
386        (1 0 2 3 2 1 2)              87.681
387        (1 0 2 3 2 1 2)              87.713
388        (1 0 2 3 1 2 1)              87.634
389        (1 0 2 3 2 1 2)              87.666
390        (1 0 2 3 1 2 1)              87.624
391        (1 0 3 1 2 1 2)              87.582
392        (1 0 3 1 1 1 1)              87.614
394        (1 0 3 1 2 1 2)              87.646
395        (0 0 4 6 0 0 1)              87.568
396        (1 0 2 3 2 1 2)              87.600
397        (1 0 3 1 2 1 2)              87.631
398        (1 0 3 1 2 1 2)              87.626
399        (1 0 3 1 2 1 2)              87.657
400        (1 0 2 3 2 1 2)              87.617
401        (1 0 3 1 2 1 2)              87.612
402        (1 0 2 3 2 1 2)              87.643
403        (1 0 2 3 2 1 2)              87.674
404        (1 0 2 3 2 1 2)              87.704
405        (1 0 3 1 2 1 2)              87.735
406        (1 0 3 1 2 1 2)              87.694
407        (1 0 2 3 2 1 2)              87.654
408        (1 0 3 1 2 1 2)              87.614
409        (1 0 3 1 2 1 2)              87.469
410        (1 0 2 3 2 1 2)              87.500
411        (1 0 2 3 2 1 2)              87.531
412        (1 0 2 3 2 1 2)              87.561
413        (1 0 2 3 2 1 2)              87.417
414        (1 0 2 3 2 1 2)              87.379
415        (1 0 1 2 1 1 1)              87.409
416        (1 0 3 1 2 1 2)              87.440
417        (1 0 1 2 1 2 1)              87.367
418        (1 0 2 3 2 1 2)              87.397
419        (1 0 2 3 2 1 2)              87.359
420        (1 0 3 1 2 1 2)              87.389
421        (0 0 4 5 2 2 1)              87.249
422        (1 0 1 2 1 1 1)              87.279
423        (1 0 3 1 2 1 2)              87.241
425        (1 0 2 3 2 1 2)              87.238
426        (1 0 3 1 2 1 2)              87.234
427        (1 0 1 2 1 1 1)              87.264
428        (1 0 2 3 2 1 2)              87.193
429        (1 0 1 2 1 1 1)              87.223
430        (1 0 2 3 2 1 2)              87.220
431        (1 0 0 0 2 2 1)              87.250
432        (0 0 1 2 1 1 1)              87.246
433        (1 0 1 2 1 1 1)              87.276
434        (1 0 2 3 2 1 2)              87.305
435        (1 0 2 3 2 1 2)              87.335
436        (1 0 1 2 1 1 1)              87.364
437        (1 0 2 3 2 1 2)              87.393
438        (1 0 2 3 2 1 2)              87.422
439        (1 0 2 3 2 1 2)              87.451
440        (1 0 3 1 1 1 1)              87.480
441        (1 0 3 1 2 1 2)              87.443
442        (1 0 1 2 2 2 1)              87.472
443        (0 0 4 2 2 2 1)              87.338
444        (1 0 3 1 2 1 2)              87.366
445        (1 0 2 3 2 1 2)              87.395
446        (1 0 2 3 2 1 2)              87.359
447        (1 0 2 3 2 1 2)              87.387
448        (1 0 2 3 2 1 2)              87.384
449        (1 0 2 3 2 1 2)              87.412
450        (1 0 2 3 2 1 2)              87.440
451        (1 0 2 3 2 1 2)              87.468
452        (1 0 2 3 2 1 2)              87.496
453        (0 0 1 2 1 1 1)              87.460
454        (1 0 1 2 1 1 1)              87.488
455        (1 0 1 2 1 1 1)              87.516
456        (1 0 1 2 1 2 1)              87.449
457        (1 0 2 3 2 1 1)              87.445
458        (1 0 2 3 2 1 2)              87.473
459        (1 0 1 2 2 2 1)              87.437
460        (1 0 2 3 2 1 2)              87.465
461        (1 0 2 3 2 1 2)              87.492
462        (1 0 4 5 2 2 2)              87.426
463        (1 0 2 3 2 1 1)              87.422
464        (1 0 2 3 2 1 2)              87.450
465        (1 0 1 2 1 1 1)              87.477
466        (1 0 2 3 2 1 2)              87.504
467        (0 0 2 3 1 2 1)              87.469
468        (1 0 3 1 2 1 2)              87.496
469        (1 0 2 3 2 1 2)              87.523
470        (1 0 2 3 2 1 2)              87.489
471        (1 0 2 3 2 1 2)              87.515
472        (1 0 1 2 1 2 1)              87.511
473        (1 0 2 3 2 1 2)              87.508
474        (1 0 2 3 2 1 2)              87.504
475        (1 0 3 1 2 1 2)              87.500
476        (1 0 3 1 2 1 2)              87.526
477        (1 0 3 1 2 1 2)              87.553
478        (1 0 3 1 2 1 2)              87.579
479        (1 0 2 3 2 1 2)              87.545
480        (1 0 2 3 2 1 2)              87.571
481        (1 0 2 3 2 1 2)              87.597
482        (1 0 3 1 2 1 2)              87.593
483        (1 0 3 1 2 1 2)              87.500
484        (1 0 2 3 2 1 2)              87.526
485        (1 0 2 3 2 1 2)              87.493
486        (1 0 2 3 1 2 1)              87.518
487        (1 0 3 1 2 1 2)              87.544
488        (1 0 1 2 1 1 1)              87.570
489        (0 0 1 2 2 1 1)              87.478
490        (1 0 2 3 2 1 2)              87.504
491        (1 0 2 3 1 2 1)              87.529
492        (1 0 2 3 1 2 1)              87.555
493        (1 0 2 3 2 1 2)              87.522
494        (1 0 2 3 2 1 2)              87.547
495        (1 0 2 3 2 1 2)              87.515
496        (1 0 2 3 2 1 2)              87.540
497        (1 0 2 3 2 1 2)              87.536
498        (1 0 1 2 1 1 1)              87.446
499        (0 0 1 2 1 2 1)              87.414
500        (1 0 3 1 2 1 2)              87.410
501        (1 0 1 2 1 1 1)              87.321
502        (0 0 4 5 2 2 1)              87.260
503        (1 0 3 1 2 1 2)              87.229
504        (1 0 2 3 1 2 1)              87.254
505        (1 0 2 3 2 1 2)              87.279
506        (1 0 3 1 2 1 2)              87.248
507        (1 0 2 3 2 1 2)              87.273
508        (1 0 3 1 2 1 2)              87.298
509        (1 0 2 3 2 1 2)              87.324
510        (1 0 1 2 1 1 1)              87.349
511        (1 0 3 1 2 1 2)              87.233
512        (1 0 1 2 1 1 1)              87.258
513        (1 0 2 3 2 1 2)              87.283
514        (1 0 3 1 2 1 2)              87.308
515        (1 0 3 1 2 1 2)              87.333
516        (1 0 2 3 2 2 1)              87.357
517        (1 0 3 1 2 1 2)              87.382
518        (1 0 2 3 2 1 2)              87.406
519        (1 0 3 1 2 1 2)              87.403
520        (1 0 3 1 2 1 2)              87.372
521        (1 0 2 3 2 1 2)              87.397
522        (1 0 3 1 2 1 2)              87.366
523        (1 0 3 1 2 1 2)              87.390
524        (1 0 3 1 2 1 2)              87.387
525        (1 0 2 3 2 1 2)              87.356
526        (1 0 3 1 2 1 2)              87.380
527        (1 0 2 3 2 1 2)              87.405
528        (1 0 0 0 2 2 1)              87.429
529        (0 0 1 2 2 1 2)              87.371
530        (1 0 3 1 2 1 2)              87.341
531        (1 0 3 1 2 1 2)              87.311
532        (1 0 1 2 1 1 1)              87.335
533        (1 0 3 1 2 1 2)              87.358
534        (1 0 1 2 1 2 1)              87.355
535        (1 0 2 3 2 1 2)              87.379
536        (1 0 3 1 2 1 2)              87.349
537        (1 0 2 3 1 2 1)              87.346
538        (0 0 4 6 1 2 1)              87.263
539        (1 0 3 1 2 1 2)              87.287
540        (1 0 1 2 1 1 1)              87.310
541        (1 0 3 1 2 1 2)              87.334
542        (1 0 3 1 2 1 2)              87.305
543        (0 0 1 2 0 0 1)              87.302
544        (1 0 2 3 2 1 2)              87.325
545        (1 0 2 3 2 1 2)              87.348
546        (1 0 2 3 2 1 2)              87.345
547        (1 0 2 3 2 1 2)              87.369
548        (1 0 3 1 2 1 2)              87.392
549        (1 0 1 2 0 0 1)              87.415
550        (1 0 2 3 1 2 1)              87.334
551        (1 0 1 2 1 2 1)              87.331
552        (1 0 1 2 1 1 1)              87.354
553        (0 0 0 4 1 2 0)              87.247
554        (1 0 3 1 2 1 2)              87.218
555        (1 0 2 3 2 1 2)              87.241
556        (0 0 1 2 1 1 1)              87.187
557        (1 0 3 1 2 1 2)              87.158
558        (1 0 2 3 2 1 2)              87.130
559        (1 0 2 3 2 1 2)              87.153
560        (1 0 2 3 2 1 2)              87.176
561        (1 0 2 3 2 1 2)              87.199
562        (1 0 1 2 1 1 1)              87.222
563        (1 0 2 3 2 1 2)              87.194
564        (1 0 2 3 2 1 2)              87.217
565        (1 0 2 3 2 1 2)              87.239
566        (1 0 2 3 2 1 2)              87.262
567        (1 0 3 1 2 1 2)              87.285
568        (1 0 3 1 2 1 2)              87.257
569        (1 0 2 3 2 1 2)              87.229
570        (1 0 2 3 2 1 2)              87.201
571        (1 0 1 2 1 1 1)              87.223
572        (1 0 2 3 2 1 2)              87.246
573        (1 0 2 3 2 1 2)              87.268
574        (1 0 2 3 2 1 2)              87.290
575        (1 0 2 3 2 1 2)              87.313
576        (1 0 3 1 2 1 2)              87.285
577        (1 0 3 1 2 1 2)              87.208
578        (1 0 2 3 2 1 2)              87.180
579        (1 0 3 1 2 1 2)              87.202
580        (1 0 3 1 2 1 2)              87.225
581        (1 0 3 1 2 1 2)              87.247
582        (1 0 1 2 1 1 1)              87.170
583        (1 0 2 3 1 2 1)              87.192
584        (1 0 2 3 2 1 2)              87.214
585        (1 0 2 3 2 1 2)              87.236
586        (1 0 2 3 2 1 2)              87.258
587        (1 0 3 1 2 1 2)              87.280
588        (1 0 2 3 2 1 2)              87.302
589        (1 0 1 2 0 0 0)              87.226
590        (1 0 1 2 1 1 1)              87.150
591        (1 0 2 3 2 1 2)              87.172
592        (1 0 3 1 2 1 2)              87.194
593        (1 0 2 3 2 1 2)              87.215
594        (1 0 2 3 2 2 1)              87.237
595        (1 0 3 1 2 1 2)              87.259
596        (1 0 2 3 2 1 2)              87.280
597        (1 0 3 1 2 1 2)              87.302
598        (1 0 3 1 2 1 2)              87.299
599        (1 0 3 1 2 1 2)              87.320
600        (1 0 2 3 2 1 2)              87.294
601        (1 0 2 3 2 1 2)              87.315
602        (1 0 2 3 2 1 2)              87.336
603        (1 0 2 3 2 1 2)              87.357
604        (1 0 1 2 1 1 1)              87.378
605        (1 0 3 1 2 1 2)              87.399
606        (1 0 2 3 2 1 2)              87.373
607        (1 0 1 2 1 1 1)              87.394
608        (1 0 2 3 2 1 2)              87.414
609        (1 0 2 3 2 1 2)              87.435
610        (1 0 2 3 2 1 2)              87.456
611        (1 0 3 1 2 1 2)              87.477
612        (1 0 2 3 2 1 2)              87.497
613        (1 0 2 3 2 1 2)              87.518
614        (1 0 3 1 2 1 1)              87.515
615        (1 0 3 1 2 1 2)              87.512
616        (0 0 1 2 1 1 1)              87.485
617        (1 0 2 3 2 1 2)              87.506
618        (1 0 2 3 2 1 2)              87.526
619        (1 0 2 3 2 1 2)              87.546
620        (1 0 2 3 2 1 2)              87.567
621        (1 0 2 3 1 2 1)              87.587
622        (1 0 1 2 1 1 1)              87.607
623        (1 0 0 0 1 2 0)              87.627
624        (0 0 1 2 1 1 1)              87.555
625        (1 0 3 1 2 1 2)              87.575
626        (1 0 3 1 2 1 2)              87.549
627        (1 0 2 3 2 1 2)              87.569
628        (1 0 2 3 2 1 2)              87.589
629        (1 0 2 3 2 1 2)              87.608
630        (1 0 3 1 2 1 2)              87.583
631        (1 0 3 1 2 1 2)              87.602
632        (1 0 1 2 1 2 1)              87.622
633        (1 0 2 3 2 1 2)              87.596
634        (1 0 1 2 1 1 1)              87.616
635        (0 0 4 6 0 0 1)              87.545
636        (1 0 3 1 2 1 2)              87.565
637        (1 0 2 3 2 1 2)              87.584
638        (1 0 2 3 2 1 2)              87.604
639        (0 0 4 6 0 0 1)              87.556
640        (0 0 1 2 1 1 1)              87.553
641        (1 0 2 3 2 1 2)              87.573
642        (1 0 2 3 2 1 2)              87.592
643        (0 0 4 6 1 1 1)              87.522
644        (1 0 2 3 2 1 2)              87.542
645        (1 0 2 3 2 1 2)              87.561
646        (0 0 1 2 1 1 1)              87.492
647        (1 0 3 1 2 1 2)              87.511
648        (1 0 1 2 0 0 1)              87.486
649        (1 0 3 1 2 1 2)              87.506
650        (1 0 2 3 2 1 2)              87.525
651        (1 0 3 1 2 1 2)              87.544
652        (1 0 2 3 2 1 2)              87.563
653        (1 0 2 3 2 1 2)              87.582
654        (1 0 2 3 2 1 2)              87.580
655        (1 0 2 3 2 1 2)              87.599
656        (0 0 4 5 2 1 1)              87.530
657        (1 0 3 1 2 1 2)              87.505
658        (1 0 2 3 2 1 2)              87.525
659        (1 0 2 3 2 1 2)              87.544
660        (1 0 1 2 1 1 1)              87.476
661        (1 0 2 3 2 1 2)              87.495
662        (1 0 2 3 2 1 2)              87.514
663        (1 0 2 3 2 1 2)              87.532
664        (1 0 1 2 1 1 1)              87.551
665        (1 0 1 2 1 1 1)              87.570
666        (0 0 4 6 0 0 1)              87.481
667        (1 0 1 2 1 1 1)              87.500
668        (1 0 2 3 2 1 2)              87.519
669        (1 0 1 2 1 1 1)              87.538
670        (1 0 1 2 1 1 1)              87.556
671        (1 0 3 1 2 1 2)              87.575
672        (1 0 2 3 2 1 2)              87.572
673        (0 0 1 2 1 1 1)              87.548
674        (1 0 3 1 2 1 2)              87.567
675        (1 0 3 1 2 1 2)              87.585
676        (1 0 1 2 0 0 1)              87.603
677        (1 0 2 3 2 1 2)              87.622
678        (1 0 1 2 1 1 1)              87.640
679        (1 0 0 0 2 2 1)              87.658
680        (1 0 2 3 2 1 2)              87.677
681        (1 0 3 1 2 1 2)              87.695
682        (1 0 1 2 1 1 1)              87.713
683        (1 0 1 2 1 1 1)              87.731
684        (1 0 1 2 1 2 1)              87.707
685        (1 0 3 1 2 1 2)              87.725
686        (1 0 2 3 2 1 2)              87.701
687        (1 0 2 3 1 2 1)              87.719
688        (1 0 3 1 2 1 2)              87.716
689        (1 0 3 1 2 1 2)              87.693
690        (1 0 2 3 2 1 2)              87.711
691        (0 0 4 6 0 0 1)              87.625
692        (1 0 2 3 2 1 2)              87.601
693        (1 0 2 3 2 1 2)              87.619
694        (1 0 2 3 2 1 2)              87.637
695        (1 0 1 2 1 1 1)              87.655
696        (1 0 2 3 2 1 2)              87.673
697        (1 0 2 3 2 1 2)              87.690
698        (1 0 2 3 2 2 1)              87.708
699        (1 0 1 2 1 2 1)              87.705
700        (1 0 3 1 2 1 2)              87.620
701        (1 0 1 2 1 1 1)              87.638
702        (1 0 2 3 2 1 2)              87.554
703        (1 0 3 1 2 1 2)              87.551
704        (1 0 3 1 2 1 2)              87.548
705        (0 0 4 5 1 1 1)              87.464
706        (1 0 2 3 2 1 2)              87.442
707        (1 0 1 2 1 1 1)              87.459
708        (1 0 2 3 2 1 2)              87.477
709        (1 0 2 3 2 1 2)              87.495
710        (1 0 2 3 2 1 2)              87.513
711        (1 0 1 2 1 1 1)              87.530
712        (1 0 2 3 2 1 2)              87.548
713        (1 0 1 2 1 2 1)              87.465
714        (1 0 2 3 2 1 2)              87.482
715        (1 0 1 2 1 1 1)              87.500
716        (1 0 3 1 2 1 2)              87.477
717        (1 0 2 3 2 1 2)              87.495
718        (1 0 0 0 1 2 0)              87.512
719        (1 0 3 1 2 1 2)              87.510
720        (1 0 2 3 2 1 2)              87.527
721        (1 0 1 2 1 1 1)              87.545
722        (1 0 3 1 2 1 2)              87.562
723        (1 0 2 3 2 1 2)              87.579
724        (1 0 0 0 2 2 1)              87.597
725        (1 0 3 1 2 1 2)              87.614
726        (1 0 2 3 2 1 2)              87.631
727        (1 0 3 1 2 1 2)              87.628
728        (1 0 2 3 1 2 1)              87.645
729        (1 0 1 2 0 0 1)              87.603
730        (1 0 2 3 2 1 2)              87.581
731        (0 0 2 3 1 2 1)              87.520
732        (1 0 2 3 2 1 2)              87.537
733        (1 0 2 3 2 1 2)              87.554
734        (1 0 3 1 2 1 2)              87.571
735        (1 0 1 2 1 1 1)              87.510
736        (1 0 2 3 2 1 2)              87.527
737        (1 0 2 3 2 1 2)              87.544
738        (1 0 2 3 2 1 2)              87.561
739        (1 0 1 2 1 1 1)              87.578
740        (1 0 2 3 2 1 2)              87.594
741        (1 0 2 3 2 1 2)              87.611
742        (1 0 2 3 2 1 2)              87.609
743        (1 0 3 1 1 1 1)              87.625
744        (1 0 2 3 2 1 2)              87.642
745        (1 0 2 3 2 1 2)              87.659
746        (1 0 2 3 2 1 2)              87.675
747        (1 0 2 3 2 1 2)              87.692
748        (1 0 2 3 2 1 2)              87.709
749        (1 0 3 1 2 1 2)              87.725
750        (1 0 2 3 2 1 2)              87.741
751        (1 0 3 1 2 1 2)              87.739
752        (0 0 1 2 1 1 1)              87.736
753        (1 0 2 3 2 1 2)              87.733
754        (1 0 2 3 2 1 2)              87.750
755        (1 0 3 1 2 1 2)              87.747
756        (1 0 2 3 2 1 2)              87.725
757        (1 0 3 1 2 1 2)              87.742
758        (1 0 2 3 2 1 2)              87.758
759        (1 0 2 3 2 1 2)              87.774
760        (1 0 1 2 1 1 1)              87.771
761        (1 0 2 3 2 1 2)              87.787
762        (1 0 2 3 2 1 2)              87.804
763        (1 0 1 2 1 2 1)              87.782
764        (1 0 1 2 1 1 1)              87.779
765        (1 0 2 3 2 1 2)              87.795
766        (1 0 2 3 2 1 2)              87.811
767        (1 0 2 3 2 1 2)              87.827
768        (1 0 3 1 2 1 2)              87.824
769        (1 0 2 3 2 1 2)              87.840
771        (1 0 3 1 2 1 2)              87.856
772        (1 0 2 3 2 1 2)              87.872
773        (1 0 3 1 2 1 2)              87.888
774        (1 0 2 3 2 1 2)              87.885
775        (1 0 2 3 1 2 1)              87.882
776        (1 0 3 1 2 1 2)              87.879
777        (1 0 2 3 2 1 2)              87.895
778        (1 0 1 2 1 2 1)              87.892
779        (1 0 2 3 2 1 2)              87.871
780        (1 0 1 2 1 1 1)              87.887
781        (1 0 3 1 2 1 2)              87.884
782        (1 0 1 2 1 2 1)              87.844
783        (1 0 2 3 2 1 2)              87.860
784        (0 0 4 5 0 0 1)              87.821
785        (1 0 1 2 1 1 1)              87.836
786        (1 0 1 2 1 1 1)              87.833
787        (1 0 2 3 2 1 2)              87.794
788        (1 0 2 3 2 1 2)              87.810
789        (1 0 2 3 2 1 2)              87.825
790        (1 0 2 3 2 1 2)              87.841
791        (1 0 2 3 2 1 2)              87.856
792        (1 0 2 3 2 1 2)              87.872
793        (1 0 2 3 2 1 2)              87.887
794        (1 0 2 3 1 2 1)              87.902
795        (1 0 2 3 2 1 1)              87.900
796        (1 0 4 5 2 2 2)              87.861
797        (1 0 1 2 0 0 1)              87.876
798        (1 0 3 1 2 1 2)              87.891
799        (1 0 2 3 2 1 2)              87.907
800        (1 0 2 3 2 1 2)              87.922
801        (1 0 3 1 2 1 2)              87.937
802        (1 0 1 2 1 1 1)              87.952
803        (1 0 1 2 1 1 1)              87.967
804        (1 0 2 3 2 1 2)              87.982
805        (1 0 2 3 2 1 2)              87.997
806        (1 0 0 0 1 2 0)              88.012
807        (1 0 1 2 1 1 1)              88.027
808        (1 0 2 3 2 1 2)              88.024
809        (1 0 1 2 1 1 1)              88.039
810        (1 0 2 3 2 1 2)              88.054
811        (1 0 2 3 2 1 2)              88.069
812        (1 0 2 3 2 1 2)              88.030
813        (1 0 2 3 1 1 1)              88.028
814        (1 0 1 2 1 1 1)              88.042
815        (1 0 3 1 2 1 2)              88.039
816        (0 0 1 2 0 0 1)              88.037
817        (0 0 2 3 1 2 1)              87.981
818        (1 0 2 3 2 1 2)              87.996
819        (1 0 2 3 2 1 2)              88.011
820        (1 0 1 2 1 2 1)              88.008
821        (0 0 4 6 1 2 1)              87.970
822        (0 0 1 2 1 1 1)              87.967
823        (1 0 3 1 2 1 2)              87.947
824        (1 0 2 3 2 1 2)              87.927
825        (1 0 2 3 2 1 2)              87.942
826        (1 0 2 3 1 2 1)              87.956
827        (1 0 2 3 2 1 2)              87.936
828        (1 0 1 2 1 2 1)              87.933
829        (1 0 2 3 1 2 1)              87.948
830        (1 0 2 3 2 1 2)              87.963
831        (1 0 2 3 2 2 1)              87.977
832        (1 0 2 3 2 1 2)              87.974
833        (1 0 2 3 2 1 2)              87.989
834        (1 0 2 3 2 1 2)              87.969
835        (1 0 2 3 1 1 1)              87.949
836        (1 0 2 3 2 1 2)              87.964
837        (1 0 1 2 1 1 1)              87.978
838        (1 0 3 1 2 1 2)              87.975
839        (1 0 2 3 2 1 2)              87.990
840        (1 0 2 3 2 1 2)              88.004
841        (1 0 1 2 1 1 1)              88.018
842        (1 0 2 3 2 2 1)              88.016
843        (1 0 2 3 2 1 2)              88.030
844        (1 0 0 0 1 2 0)              88.044
845        (1 0 2 3 2 1 2)              88.024
846        (1 0 1 2 1 1 1)              88.039
847        (1 0 3 1 2 1 2)              88.053
848        (1 0 2 3 2 1 2)              88.067
849        (1 0 2 3 2 1 2)              88.081
850        (1 0 2 3 2 1 2)              88.095
851        (1 0 3 1 1 1 1)              88.076
852        (1 0 2 3 2 1 2)              88.090
853        (1 0 1 2 1 2 1)              88.053
854        (1 0 1 2 1 1 1)              88.067
855        (1 0 1 2 1 1 1)              88.081
856        (1 0 3 1 2 1 2)              88.095
857        (1 0 2 3 1 2 1)              88.042
858        (1 0 1 2 1 2 1)              88.039
859        (1 0 2 3 2 1 2)              88.053
860        (1 0 3 1 2 1 2)              88.067
861        (1 0 1 2 1 1 1)              88.081
862        (1 0 3 1 2 1 2)              88.095
863        (1 0 2 3 2 1 2)              88.109
864        (1 0 1 2 1 1 1)              88.123
865        (0 0 1 2 0 0 1)              88.070
866        (1 0 2 3 2 1 2)              88.084
867        (1 0 2 3 2 1 2)              88.098
868        (1 0 1 2 1 1 1)              88.112
869        (1 0 3 1 1 1 1)              88.126
870        (1 0 3 1 2 1 1)              88.123
871        (1 0 3 1 2 1 2)              88.120
872        (1 0 2 3 2 1 2)              88.134
873        (1 0 1 2 1 2 1)              88.098
874        (1 0 2 3 2 1 2)              88.112
875        (1 0 2 3 2 1 2)              88.125
876        (1 0 2 3 2 1 2)              88.139
878        (1 0 1 2 1 1 1)              88.120
879        (1 0 2 3 2 1 2)              88.101
880        (1 0 1 2 1 1 1)              88.114
881        (0 0 1 2 1 1 1)              88.112
882        (1 0 3 1 2 1 2)              88.093
883        (1 0 1 2 1 1 1)              88.106
884        (1 0 3 1 2 1 2)              88.087
885        (1 0 1 2 1 1 1)              88.101
886        (1 0 2 3 2 1 1)              88.066
887        (1 0 2 3 2 1 2)              88.079
888        (1 0 2 3 2 1 2)              88.093
889        (1 0 0 0 1 2 0)              88.106
890        (1 0 3 1 2 1 2)              88.119
891        (1 0 2 3 2 1 2)              88.117
892        (1 0 2 3 2 1 2)              88.130
893        (1 0 1 2 1 1 1)              88.144
894        (1 0 2 3 2 1 2)              88.157
895        (1 0 3 1 2 1 2)              88.122
896        (1 0 2 3 2 1 2)              88.119
897        (1 0 2 3 2 1 2)              88.101
898        (1 0 2 3 2 1 2)              88.066
899        (1 0 2 3 2 1 2)              88.079
900        (1 0 3 1 2 1 2)              88.093
901        (1 0 2 3 2 1 2)              88.058
902        (1 0 2 3 2 1 2)              88.039
903        (0 0 1 2 0 0 1)              88.037
904        (1 0 3 1 2 1 2)              88.050
905        (1 0 2 3 2 1 2)              88.032
906        (1 0 1 2 1 2 1)              88.045
907        (1 0 2 3 2 1 2)              88.058
908        (1 0 2 3 2 1 2)              88.056
909        (1 0 1 2 1 1 1)              88.069
910        (1 0 1 2 1 1 1)              88.082
911        (1 0 3 1 2 1 2)              88.048
912        (1 0 1 2 1 1 1)              88.014
913        (1 0 3 1 2 1 1)              88.027
914        (1 0 3 1 2 1 2)              88.040
915        (1 0 1 2 1 1 1)              88.053
916        (1 0 2 3 2 1 2)              88.066
917        (1 0 2 3 2 1 2)              88.080
918        (1 0 2 3 1 2 1)              88.077
919        (1 0 1 2 1 1 1)              88.090
920        (1 0 1 2 1 1 1)              88.103
921        (0 0 0 4 0 1 0)              88.038
922        (1 0 3 1 2 1 2)              88.004
923        (0 0 2 3 1 1 1)              87.986
924        (1 0 4 5 2 2 2)              87.953
925        (1 0 2 3 2 1 2)              87.966
926        (1 0 2 3 2 1 2)              87.979
927        (1 0 2 3 2 1 2)              87.992
928        (1 0 2 3 2 1 2)              87.974
929        (1 0 2 3 2 1 2)              87.987
930        (0 0 1 2 1 1 1)              87.969
931        (1 0 2 3 2 1 2)              87.982
932        (1 0 2 3 2 1 2)              87.995
933        (1 0 3 1 2 1 2)              88.008
934        (1 0 2 3 1 2 1)              87.975
935        (1 0 1 2 1 1 1)              87.926
936        (1 0 1 2 1 1 1)              87.909
937        (1 0 2 3 2 1 2)              87.906
938        (1 0 2 3 1 2 1)              87.919
939        (1 0 4 5 2 2 2)              87.886
940        (1 0 2 3 2 1 2)              87.869
941        (1 0 3 1 2 1 2)              87.866
942        (1 0 1 2 1 1 1)              87.879
943        (1 0 1 2 1 1 1)              87.892
944        (1 0 2 3 2 1 2)              87.905
945        (1 0 1 2 1 1 1)              87.918
946        (1 0 1 2 1 1 1)              87.931
947        (1 0 3 1 2 1 2)              87.944
948        (1 0 1 2 1 1 1)              87.956
949        (1 0 3 1 2 1 2)              87.969
950        (1 0 3 1 2 1 2)              87.982
951        (1 0 2 3 2 1 2)              87.995
952        (1 0 2 3 2 1 2)              88.007
953        (1 0 2 3 1 0 1)              88.005
954        (1 0 2 3 2 1 2)              88.017
955        (1 0 1 2 1 1 1)              88.030
956        (1 0 2 3 2 1 2)              88.043
957        (1 0 1 2 1 1 1)              88.055
958        (1 0 1 2 1 1 1)              88.068
959        (1 0 1 2 1 2 1)              88.050
960        (1 0 0 0 2 2 1)              88.063
961        (1 0 2 3 2 1 2)              88.075
962        (1 0 3 1 2 1 2)              88.073
963        (1 0 1 2 0 0 1)              88.085
964        (0 0 4 5 2 2 1)              88.023
965        (1 0 2 3 1 0 1)              88.036
966        (1 0 2 3 2 1 2)              88.048
967        (1 0 2 3 2 1 2)              88.061
968        (1 0 3 1 1 1 1)              88.043
969        (1 0 3 1 2 1 2)              88.056
970        (1 0 3 1 2 1 2)              88.068
971        (1 0 3 1 2 1 2)              88.080
972        (1 0 2 3 2 1 2)              88.093
973        (1 0 2 3 2 1 2)              88.090
974        (1 0 2 3 2 1 2)              88.103
975        (1 0 2 3 2 1 2)              88.115
976        (1 0 2 3 2 1 2)              88.098
977        (1 0 1 2 1 1 1)              88.110
978        (1 0 2 3 2 1 2)              88.093
979        (1 0 3 1 2 1 2)              88.105
980        (1 0 2 3 2 1 2)              88.117
981        (1 0 1 2 1 1 1)              88.129
982        (0 0 2 3 1 2 1)              88.112
983        (1 0 2 3 2 1 2)              88.124
984        (1 0 1 2 1 1 1)              88.137
985        (1 0 2 3 2 1 2)              88.076
986        (1 0 1 2 1 1 1)              88.088
987        (1 0 3 1 2 1 2)              88.100
988        (1 0 2 3 2 1 2)              88.112
989        (1 0 2 3 2 1 2)              88.124
990        (1 0 3 1 2 1 2)              88.136
991        (1 0 3 1 2 1 2)              88.148
992        (1 0 2 3 2 1 2)              88.117
993        (1 0 2 3 1 1 1)              88.129
994        (1 0 0 0 2 2 1)              88.141
995        (1 0 1 2 1 1 1)              88.153
996        (1 0 1 2 1 1 1)              88.165
997        (1 0 2 3 2 1 2)              88.177
998        (1 0 2 3 2 1 2)              88.174
999        (1 0 2 3 2 1 2)              88.158
1000       (1 0 3 1 2 1 2)              88.169
1001       (1 0 2 3 2 1 2)              88.181
1002       (1 0 3 1 2 1 2)              88.179
1003       (1 0 1 2 1 1 1)              88.191
1004       (1 0 2 3 2 1 2)              88.202
1005       (1 0 1 2 1 1 1)              88.214
1006       (1 0 2 3 2 1 2)              88.198
1007       (1 0 2 3 2 1 2)              88.209
1008       (1 0 2 3 2 1 2)              88.221
1009       (1 0 2 3 2 1 2)              88.233
1010       (1 0 1 2 1 2 1)              88.230
1011       (1 0 2 3 2 1 2)              88.242
1012       (0 0 2 3 1 2 1)              88.239
1013       (0 0 0 4 0 1 0)              88.180
1014       (1 0 2 3 2 1 2)              88.192
1015       (1 0 2 3 2 1 2)              88.204
1016       (0 0 1 2 0 0 1)              88.201
1017       (1 0 1 2 1 1 1)              88.213
1018       (1 0 2 3 2 1 2)              88.225
1019       (1 0 1 2 1 1 1)              88.236
1020       (1 0 2 3 2 1 2)              88.220
1021       (1 0 3 1 2 1 2)              88.189
1022       (1 0 2 3 2 1 2)              88.201
1023       (1 0 2 3 2 1 2)              88.212
1024       (1 0 2 3 2 1 2)              88.224
1025       (1 0 2 3 2 1 2)              88.235
1026       (1 0 2 3 2 2 1)              88.247
1027       (1 0 2 3 2 1 2)              88.216
1028       (1 0 2 3 2 1 2)              88.228
1029       (1 0 2 3 2 1 2)              88.239
1030       (1 0 1 2 1 1 1)              88.251
1031       (1 0 0 0 2 2 1)              88.262
1032       (1 0 2 3 2 1 2)              88.274
1033       (1 0 3 1 2 1 2)              88.285
1034       (1 0 2 3 2 1 2)              88.269
1035       (1 0 0 0 2 2 1)              88.280
1036       (1 0 2 3 2 1 2)              88.292
1037       (1 0 3 1 2 1 2)              88.303
1038       (0 0 4 6 1 1 1)              88.259
1039       (1 0 2 3 2 1 2)              88.270
1040       (1 0 2 3 2 1 2)              88.254
1041       (1 0 2 3 2 1 2)              88.265
1042       (1 0 2 3 2 1 2)              88.277
1043       (1 0 3 1 1 1 1)              88.260
1044       (1 0 2 3 1 1 1)              88.272
1045       (1 0 2 3 1 2 1)              88.283
1046       (1 0 2 3 2 1 2)              88.294
1047       (1 0 3 1 2 1 2)              88.305
1048       (1 0 2 3 2 1 2)              88.317
1049       (0 0 4 6 0 0 1)              88.287
1050       (1 0 2 3 2 1 2)              88.284
1051       (0 0 1 2 0 0 1)              88.282
1052       (0 0 1 2 1 1 1)              88.252
1053       (1 0 2 3 2 1 2)              88.263
1054       (1 0 2 3 2 1 2)              88.275
1055       (1 0 1 2 1 1 1)              88.286
1056       (0 0 1 2 1 1 1)              88.256
1057       (0 0 1 2 1 1 1)              88.227
1058       (1 0 2 3 2 1 2)              88.238
1059       (1 0 1 2 1 1 1)              88.249
1060       (1 0 2 3 2 1 2)              88.260
1061       (1 0 3 1 2 1 2)              88.271
1062       (1 0 3 1 2 1 2)              88.282
1063       (1 0 1 2 1 1 1)              88.293
1064       (1 0 3 1 2 1 2)              88.304
1065       (1 0 2 3 1 2 1)              88.315
1066       (1 0 1 2 1 2 1)              88.286
1067       (1 0 3 1 2 1 2)              88.297
1068       (1 0 1 2 1 1 1)              88.308
1069       (1 0 3 1 2 1 2)              88.279
1070       (1 0 1 2 1 1 1)              88.290
1071       (1 0 3 1 2 1 2)              88.274
1072       (0 0 1 2 1 1 1)              88.245
1073       (1 0 3 1 2 1 2)              88.229
1074       (1 0 3 1 2 1 2)              88.227
1075       (1 0 2 3 2 1 2)              88.211
1076       (1 0 2 3 2 1 2)              88.222
1077       (1 0 1 2 1 1 1)              88.233
1078       (1 0 2 3 2 1 2)              88.217
1079       (1 0 2 3 2 1 2)              88.228
1080       (1 0 2 3 2 1 2)              88.239
1081       (1 0 1 2 1 1 1)              88.237
1082       (1 0 3 1 2 1 2)              88.195
1083       (1 0 3 1 2 1 2)              88.206
1084       (1 0 2 3 2 1 2)              88.190
1085       (1 0 2 3 2 1 2)              88.201
1086       (1 0 1 2 1 1 1)              88.212
1087       (1 0 2 3 2 1 2)              88.223
1088       (1 0 3 1 2 1 2)              88.234
1089       (1 0 2 3 2 1 2)              88.245
1090       (1 0 2 3 2 1 2)              88.255
1091       (1 0 3 1 2 1 2)              88.266
1092       (1 0 3 1 2 1 2)              88.251
1093       (1 0 2 3 2 1 2)              88.262
1094       (1 0 2 3 2 1 2)              88.259
1095       (1 0 0 0 1 2 0)              88.270
1096       (1 0 2 3 2 1 2)              88.268
1097       (1 0 2 3 2 1 2)              88.252
1098       (1 0 1 2 1 1 1)              88.263
1099       (1 0 2 3 2 1 2)              88.274
1100       (1 0 2 3 2 1 2)              88.284
1101       (1 0 2 3 2 1 2)              88.269
1102       (1 0 3 1 2 1 2)              88.215
1103       (1 0 1 2 1 1 1)              88.225
1104       (1 0 1 2 1 1 1)              88.184
1105       (0 0 4 5 2 2 1)              88.156
1106       (1 0 2 3 2 1 2)              88.167
1107       (1 0 2 3 2 1 2)              88.151
1108       (1 0 3 1 2 1 2)              88.097
1109       (1 0 3 1 2 1 2)              88.082
1110       (1 0 3 1 2 1 2)              88.093
1111       (1 0 2 3 2 1 2)              88.104
1112       (0 0 1 2 0 0 1)              88.102
1113       (1 0 3 1 2 1 2)              88.112
1114       (1 0 3 1 2 1 2)              88.123
1115       (1 0 2 3 2 1 2)              88.134
1116       (1 0 1 2 1 2 1)              88.132
1117       (1 0 1 2 1 1 1)              88.142
1118       (1 0 3 1 2 1 2)              88.153
1119       (1 0 1 2 0 0 1)              88.164
1120       (1 0 3 1 2 1 2)              88.110
1121       (1 0 3 1 2 1 2)              88.121
1122       (1 0 3 1 2 1 2)              88.119
1123       (1 0 3 1 2 1 2)              88.129
1124       (1 0 2 3 2 1 2)              88.140
1125       (1 0 3 1 2 1 2)              88.125
1126       (1 0 3 1 2 1 2)              88.136
1127       (1 0 2 3 2 1 2)              88.146
1128       (0 0 4 5 0 0 1)              88.119
1129       (1 0 2 3 1 2 1)              88.129
1130       (1 0 1 2 1 1 1)              88.140
1131       (1 0 3 1 2 1 2)              88.125
1132       (1 0 2 3 2 1 2)              88.135
1133       (1 0 2 3 1 2 1)              88.108
1134       (1 0 3 1 2 1 2)              88.118
1135       (1 0 3 1 2 1 2)              88.129
1136       (1 0 2 3 2 1 2)              88.139
1137       (1 0 2 3 1 1 1)              88.112
1138       (0 0 4 6 1 1 1)              88.072
1139       (1 0 1 2 1 1 1)              88.070
1140       (1 0 2 3 2 1 2)              88.068
1141       (1 0 3 1 2 1 2)              88.078
1142       (1 0 1 2 1 1 1)              88.026
1143       (1 0 2 3 2 1 2)              88.037
1144       (0 0 2 3 1 2 1)              87.997
1145       (1 0 3 1 2 1 2)              88.008
1146       (1 0 2 3 2 1 2)              87.993
1147       (1 0 3 1 2 1 2)              87.991
1148       (1 0 3 1 2 1 2)              88.001
1149       (1 0 2 3 2 1 2)              88.012
1150       (1 0 2 3 2 1 2)              87.985
1151       (1 0 3 1 2 1 2)              87.996
1152       (1 0 2 3 2 2 1)              87.994
1153       (1 0 3 1 1 1 1)              88.004
1154       (1 0 2 3 2 1 2)              88.014
1155       (1 0 2 3 2 1 1)              87.988
1156       (1 0 2 3 2 1 2)              87.998
1157       (1 0 3 1 2 1 2)              88.008
1158       (1 0 3 1 2 1 2)              88.019
1159       (1 0 2 3 2 1 2)              88.029
1160       (1 0 2 3 2 1 2)              88.040
1161       (1 0 3 1 2 1 2)              88.050
1162       (1 0 3 1 2 1 2)              88.011
1163       (1 0 2 3 2 1 2)              88.021
1164       (1 0 2 3 1 2 0)              88.032
1165       (1 0 2 3 1 2 1)              88.042
1166       (1 0 2 3 2 1 2)              88.028
1167       (1 0 1 2 1 1 1)              88.038
1168       (1 0 2 3 2 1 2)              88.048
1169       (1 0 1 2 1 2 1)              88.046
1170       (1 0 3 1 1 1 1)              88.056
1171       (1 0 2 3 2 1 2)              88.067
1172       (1 0 2 3 2 1 2)              88.077
1173       (1 0 3 1 2 1 2)              88.087
1174       (1 0 3 1 2 1 2)              88.036
1175       (1 0 3 1 2 1 2)              88.046
1176       (1 0 2 3 2 2 1)              88.057
1177       (1 0 2 3 2 1 2)              88.067
1178       (0 0 4 5 1 1 1)              88.028
1179       (1 0 2 3 2 1 2)              88.038
1180       (1 0 2 3 1 1 2)              88.036
1181       (1 0 2 3 2 1 2)              88.022
1182       (1 0 2 3 2 1 2)              88.033
1183       (1 0 3 1 2 1 2)              88.043
1184       (1 0 2 3 1 0 1)              88.053
1185       (1 0 3 1 2 1 2)              88.063
1186       (1 0 2 3 2 1 2)              88.073
1187       (1 0 2 3 2 1 2)              88.059
1188       (1 0 2 3 2 1 2)              88.045
1189       (1 0 2 3 2 1 2)              88.055
1190       (1 0 2 3 2 1 2)              88.053
1191       (0 0 4 6 0 0 1)              88.015
1192       (1 0 3 1 2 1 2)              88.013
1193       (1 0 3 1 2 1 2)              88.023
1194       (1 0 2 3 2 1 2)              88.009
1195       (1 0 2 3 2 1 2)              88.019
1196       (1 0 1 2 1 1 1)              87.993
1197       (1 0 2 3 2 1 2)              88.003
1198       (1 0 2 3 2 1 2)              88.013
1199       (1 0 3 1 2 1 2)              88.023
1200       (1 0 2 3 2 1 2)              88.033
1201       (1 0 3 1 1 1 1)              88.043
1202       (1 0 3 1 2 1 2)              88.053
1203       (1 0 2 3 2 1 1)              88.028
1204       (1 0 2 3 2 1 1)              88.038
1205       (1 0 1 2 1 1 1)              88.048
1206       (1 0 2 3 2 1 2)              88.058
1207       (1 0 2 3 2 1 2)              88.056
1208       (1 0 2 3 2 1 2)              88.066
1209       (1 0 2 3 2 1 2)              88.075
1210       (1 0 2 3 2 1 2)              88.074
1211       (1 0 1 2 1 1 1)              88.060
1212       (1 0 2 3 2 1 2)              88.070
1213       (1 0 3 1 2 1 2)              88.079
1214       (1 0 2 3 2 1 2)              88.054
1215       (1 0 2 3 2 1 2)              88.040
1216       (1 0 3 1 2 1 2)              88.026
1217       (1 0 3 1 1 1 1)              88.013
1218       (1 0 1 2 1 1 1)              88.023
1219       (1 0 2 3 2 1 2)              88.021
1220       (1 0 2 3 2 1 2)              88.031
1221       (1 0 2 3 2 1 2)              88.040
1222       (1 0 2 3 2 1 2)              88.050
1223       (1 0 1 2 1 1 1)              88.060
1224       (1 0 3 1 2 1 2)              88.035
1225       (1 0 1 2 1 1 1)              88.044
1226       (1 0 1 2 1 1 1)              88.054
1227       (1 0 2 3 2 1 2)              88.052
1228       (1 0 2 3 2 1 2)              88.062
1229       (1 0 2 3 2 1 2)              88.060
1230       (1 0 1 2 1 1 1)              88.070
1231       (1 0 3 1 2 1 2)              88.080
1232       (1 0 3 1 2 1 2)              88.089
1233       (1 0 1 2 1 1 1)              88.099
1234       (1 0 3 1 2 1 2)              88.109
1235       (1 0 2 3 2 1 2)              88.118
1236       (1 0 2 3 2 1 2)              88.128
1237       (1 0 2 3 2 1 2)              88.138
1238       (1 0 2 3 2 1 1)              88.136
1239       (1 0 1 2 1 1 1)              88.145
1240       (1 0 1 2 1 2 1)              88.120
1241       (1 0 3 1 2 1 2)              88.130
1242       (1 0 2 3 2 1 2)              88.140
1243       (1 0 0 0 1 2 0)              88.149
1244       (1 0 1 2 1 1 1)              88.159
1245       (1 0 3 1 2 1 2)              88.168
1246       (1 0 3 1 2 1 2)              88.178
1247       (1 0 2 3 2 1 2)              88.187
1248       (1 0 3 1 2 1 2)              88.197
1249       (1 0 2 3 2 1 2)              88.206
1250       (1 0 2 3 2 1 2)              88.216
1251       (1 0 1 2 1 1 1)              88.225
1252       (1 0 1 2 1 1 1)              88.235
1253       (1 0 2 3 1 2 1)              88.233
1254       (1 0 3 1 2 1 2)              88.242
1255       (1 0 2 3 2 1 1)              88.217
1256       (0 0 4 5 0 0 1)              88.192
1258       (1 0 2 3 2 1 2)              88.202
1259       (1 0 2 3 2 1 2)              88.211
1260       (1 0 2 3 2 1 2)              88.221
1261       (1 0 2 3 2 1 2)              88.230
1262       (1 0 2 3 2 1 2)              88.239
1263       (1 0 3 1 2 1 2)              88.249
1264       (1 0 1 2 1 2 1)              88.258
1265       (1 0 3 1 2 1 2)              88.222
1266       (1 0 1 2 1 0 1)              88.220
1267       (1 0 2 3 2 1 2)              88.207
1268       (1 0 1 2 1 1 1)              88.216
1269       (1 0 2 3 2 1 2)              88.225
1270       (1 0 2 3 0 0 0)              88.235
1271       (1 0 1 2 1 1 1)              88.244
1272       (0 0 4 6 1 2 2)              88.208
1273       (1 0 3 1 2 1 2)              88.217
1274       (1 0 2 3 2 1 2)              88.227
1275       (1 0 1 2 1 2 1)              88.213
1276       (1 0 1 2 1 1 1)              88.223
1277       (1 0 3 1 2 1 2)              88.232
1278       (1 0 2 3 2 1 1)              88.208
1279       (1 0 2 3 2 1 2)              88.194
1280       (1 0 1 2 1 1 1)              88.204
1281       (1 0 2 3 2 1 2)              88.213
1282       (1 0 2 3 2 1 2)              88.222
1283       (1 0 1 2 1 2 0)              88.209
1284       (1 0 2 3 2 1 2)              88.207
1285       (1 0 4 5 2 2 2)              88.183
1286       (1 0 2 3 2 1 2)              88.192
1287       (1 0 1 2 1 1 1)              88.201
1288       (1 0 2 3 2 1 2)              88.210
1290       (1 0 2 3 1 2 1)              88.220
1291       (1 0 1 2 1 1 1)              88.229
1292       (0 0 1 2 1 1 1)              88.227
1293       (1 0 3 1 2 1 2)              88.225
1294       (1 0 1 2 1 1 1)              88.234
1295       (1 0 2 3 2 1 2)              88.243
1296       (1 0 3 1 2 1 2)              88.252
1297       (0 0 1 2 1 1 1)              88.239
1298       (1 0 2 3 2 1 2)              88.248
1299       (1 0 2 3 2 1 2)              88.257
1300       (1 0 1 2 1 1 1)              88.266
1301       (1 0 2 3 2 1 2)              88.276
1302       (1 0 2 3 2 1 2)              88.285
1303       (1 0 2 3 2 1 2)              88.294
1304       (1 0 2 3 2 1 2)              88.292
1305       (1 0 2 3 2 1 2)              88.290
1306       (1 0 3 1 2 1 2)              88.288
1307       (0 0 4 3 2 1 1)              88.231
1308       (1 0 2 3 2 1 2)              88.240
1309       (1 0 2 3 2 1 2)              88.249
1310       (1 0 3 1 2 1 2)              88.236
1311       (1 0 2 3 2 1 2)              88.245
1312       (1 0 3 1 2 1 2)              88.232
1313       (1 0 3 1 2 1 2)              88.230
1314       (1 0 0 0 1 2 0)              88.239
1315       (1 0 2 3 2 1 2)              88.248
1316       (1 0 3 1 2 1 2)              88.246
1317       (1 0 3 1 2 1 2)              88.244
1318       (1 0 2 3 2 1 2)              88.253
1319       (1 0 3 1 2 1 2)              88.262
1320       (1 0 2 3 1 2 1)              88.260
1321       (1 0 2 3 2 1 2)              88.247
1322       (1 0 1 2 1 2 1)              88.246
1323       (1 0 2 3 2 1 2)              88.254
1324       (1 0 2 3 2 1 2)              88.253
1325       (0 0 2 3 1 2 1)              88.240
1326       (1 0 2 3 2 1 2)              88.227
1327       (1 0 1 2 1 1 1)              88.236
1328       (1 0 3 1 2 1 2)              88.223
1329       (1 0 3 1 2 1 2)              88.200
1330       (1 0 0 0 1 2 0)              88.209
1331       (1 0 3 1 2 1 2)              88.207
1332       (1 0 3 1 2 1 2)              88.216
1333       (1 0 1 2 1 2 1)              88.214
1334       (0 0 4 6 0 0 1)              88.169
1335       (0 0 1 2 2 1 2)              88.124
1336       (1 0 2 3 2 1 2)              88.133
1337       (1 0 1 2 1 1 1)              88.142
1338       (1 0 2 3 2 1 2)              88.129
1339       (1 0 3 1 2 1 2)              88.138
1340       (1 0 3 1 2 1 2)              88.126
1341       (1 0 3 1 2 1 2)              88.135
1342       (1 0 2 3 2 1 2)              88.143
1343       (1 0 1 2 1 2 1)              88.120
1344       (1 0 3 1 2 1 2)              88.129
1345       (1 0 3 1 2 1 2)              88.127
1346       (1 0 3 1 2 1 2)              88.136
1347       (0 0 4 5 2 2 1)              88.113
1348       (1 0 3 1 2 1 2)              88.122
1349       (1 0 3 1 2 1 2)              88.131
1350       (1 0 2 3 2 1 2)              88.140
1351       (1 0 2 3 2 1 2)              88.148
1352       (1 0 3 1 2 1 2)              88.157
1353       (1 0 2 3 2 1 2)              88.145
1354       (1 0 2 3 2 1 2)              88.154
1355       (1 0 3 1 2 1 2)              88.152
1356       (1 0 2 3 1 2 1)              88.161
1357       (1 0 2 3 2 1 2)              88.169
1358       (1 0 2 3 2 1 2)              88.178
1359       (1 0 2 3 2 1 2)              88.187
1360       (0 0 1 2 1 1 1)              88.153
1361       (1 0 1 2 1 1 1)              88.162
1362       (1 0 2 3 2 1 2)              88.171
1363       (1 0 1 2 1 1 1)              88.137
1364       (1 0 2 3 2 1 2)              88.115
1365       (1 0 2 3 2 1 2)              88.123
1366       (1 0 2 3 2 1 2)              88.100
1367       (1 0 1 2 1 1 1)              88.109
1368       (1 0 3 1 2 1 2)              88.118
1369       (1 0 1 2 1 1 1)              88.127
1370       (1 0 3 1 2 1 2)              88.125
1371       (1 0 4 5 2 2 2)              88.102
1372       (1 0 3 1 2 1 1)              88.100
1373       (1 0 3 1 2 1 2)              88.099
1374       (1 0 1 2 1 1 1)              88.107
1375       (1 0 2 3 2 1 2)              88.116
1376       (0 0 1 2 0 0 1)              88.114
1377       (1 0 3 1 1 1 1)              88.123
1378       (1 0 0 0 2 2 1)              88.100
1379       (1 0 3 1 2 1 2)              88.109
1380       (1 0 1 2 1 1 1)              88.118
1381       (1 0 2 3 2 1 2)              88.126
1382       (1 0 1 2 1 1 1)              88.135
1383       (1 0 2 3 2 1 2)              88.123
1384       (1 0 2 3 2 1 2)              88.132
1385       (1 0 1 2 1 2 1)              88.099
1386       (1 0 2 3 2 1 2)              88.107
1387       (1 0 2 3 2 1 2)              88.116
1388       (1 0 3 1 2 1 2)              88.125
1389       (1 0 3 1 2 1 2)              88.133
1390       (1 0 2 3 2 1 2)              88.111
1391       (1 0 1 2 1 1 1)              88.119
1392       (1 0 2 3 2 1 2)              88.128
1393       (1 0 1 2 1 1 1)              88.136
1394       (1 0 2 3 2 1 2)              88.114
1395       (1 0 2 3 2 1 2)              88.102
1396       (1 0 3 1 2 1 2)              88.111
1397       (1 0 2 3 2 1 2)              88.099
1398       (1 0 3 1 2 1 2)              88.107
1399       (1 0 2 3 2 1 2)              88.116
1400       (1 0 3 1 2 1 2)              88.124
1401       (1 0 2 3 2 1 2)              88.133
1402       (1 0 3 1 2 1 2)              88.131
1403       (1 0 2 3 1 2 1)              88.140
1404       (1 0 3 1 2 1 2)              88.148
1405       (1 0 3 1 2 1 2)              88.157
1406       (1 0 1 2 1 2 1)              88.145
1407       (1 0 3 1 2 1 2)              88.143
1408       (1 0 2 3 1 0 1)              88.141
1409       (1 0 2 3 2 1 2)              88.150
1410       (1 0 2 3 2 1 2)              88.138
1411       (1 0 3 1 2 1 2)              88.126
1412       (1 0 3 1 2 1 2)              88.114
1413       (1 0 3 1 2 1 2)              88.112
1414       (1 0 2 3 2 1 2)              88.110
1415       (1 0 2 3 2 1 2)              88.119
1416       (1 0 3 1 0 0 1)              88.087
1417       (1 0 2 3 2 1 2)              88.095
1418       (1 0 2 3 2 1 2)              88.104
1420       (1 0 1 2 1 1 1)              88.112
1421       (1 0 2 3 2 1 2)              88.110
1422       (1 0 2 3 2 1 2)              88.119
1423       (1 0 2 3 2 1 2)              88.127
1424       (1 0 3 1 2 1 2)              88.136
1425       (1 0 2 3 2 1 2)              88.134
1426       (0 0 2 3 1 2 1)              88.122
1428       (1 0 2 3 2 1 2)              88.100
1430       (1 0 1 2 1 1 1)              88.109
1431       (1 0 3 1 2 1 2)              88.117
1432       (0 0 4 5 2 2 1)              88.075
1433       (1 0 3 1 2 1 2)              88.084
1434       (1 0 3 1 2 1 2)              88.042
1435       (1 0 2 3 2 1 2)              88.050
1436       (1 0 1 2 1 2 1)              88.048
1437       (1 0 2 3 2 1 2)              88.057
1438       (1 0 2 3 2 1 2)              88.065
1439       (1 0 2 3 2 1 2)              88.074
1440       (1 0 1 2 1 1 1)              88.082
1441       (1 0 2 3 2 1 2)              88.090
1442       (1 0 3 1 2 1 2)              88.089
1443       (1 0 3 1 2 1 2)              88.057
1444       (1 0 1 2 1 1 1)              88.065
1445       (1 0 2 3 2 1 2)              88.074
1446       (1 0 2 3 2 1 2)              88.082
1447       (1 0 2 3 2 1 2)              88.090
1448       (0 0 4 5 2 2 1)              88.049
1449       (1 0 2 3 2 1 2)              88.057
1450       (1 0 2 3 2 1 2)              88.065
1451       (1 0 2 3 2 1 2)              88.064
1452       (0 0 1 2 2 1 2)              88.042
1453       (1 0 2 3 2 1 1)              88.041
1454       (1 0 2 3 2 1 1)              88.039
1455       (0 0 2 3 1 2 1)              88.028
1456       (1 0 2 3 2 1 2)              88.026
1457       (1 0 2 3 2 1 2)              87.985
1458       (1 0 2 3 2 1 2)              87.983
1459       (1 0 2 3 2 1 2)              87.992
1460       (1 0 3 1 2 1 2)              87.990
1461       (1 0 3 1 2 1 2)              87.998
1462       (1 0 1 2 0 0 1)              88.007
1463       (0 0 1 2 1 1 1)              88.005
1464       (1 0 2 3 2 1 2)              88.013
1465       (1 0 3 1 2 1 2)              88.022
1466       (1 0 2 3 1 2 1)              88.030
1467       (1 0 2 3 2 1 2)              88.038
1468       (1 0 2 3 2 1 2)              88.046
1469       (1 0 3 1 2 1 2)              88.054
1470       (1 0 3 1 2 1 2)              88.063
1471       (1 0 2 3 2 1 1)              88.041
1472       (1 0 0 0 1 2 0)              88.050
1473       (1 0 1 2 1 1 1)              88.058
1474       (1 0 2 3 2 1 2)              88.066
1475       (1 0 2 3 1 2 1)              88.074
1476       (0 0 1 2 1 1 1)              88.063
1477       (1 0 1 2 1 1 1)              88.071
1478       (1 0 2 3 2 1 2)              88.079
1479       (1 0 1 2 1 1 1)              88.087
1480       (0 0 1 2 1 2 1)              88.076
1481       (1 0 3 1 2 1 2)              88.084
1482       (1 0 3 1 2 1 2)              88.092
1483       (1 0 3 1 2 1 2)              88.100
1484       (1 0 2 3 2 1 2)              88.098
1485       (1 0 2 3 2 1 2)              88.107
1486       (1 0 1 2 2 2 1)              88.115
1487       (1 0 0 0 2 2 1)              88.103
1488       (1 0 1 2 1 2 1)              88.082
1489       (1 0 2 3 2 1 2)              88.081
1490       (1 0 2 3 2 1 2)              88.069
1491       (1 0 2 3 2 1 2)              88.078
1492       (1 0 3 1 2 1 2)              88.066
1493       (1 0 3 1 2 1 2)              88.036
1494       (1 0 2 3 2 1 2)              88.034
1495       (1 0 2 3 2 1 2)              88.042
1496       (1 0 2 3 2 1 2)              88.022
1497       (1 0 2 3 2 1 2)              88.030
1498       (1 0 1 2 1 1 1)              88.038
1499       (1 0 3 1 2 1 2)              88.046
1500       (1 0 4 5 2 2 2)              88.025
1501       (1 0 2 3 2 1 2)              88.004
1502       (1 0 2 3 2 1 2)              88.012
1503       (1 0 4 5 2 2 2)              87.992
1504       (1 0 2 3 2 1 2)              88.000
1505       (1 0 2 3 2 1 2)              88.008
1506       (0 0 2 3 1 2 1)              87.997
1507       (1 0 3 1 1 1 1)              88.005
1508       (1 0 2 3 2 1 2)              88.013
1509       (1 0 1 2 1 2 1)              88.002
1510       (1 0 0 0 2 2 1)              88.010
1511       (1 0 3 1 2 1 2)              88.018
1512       (1 0 2 3 1 2 1)              88.025
1513       (1 0 1 2 1 1 1)              88.033
1514       (1 0 1 2 1 1 1)              88.041
1515       (0 0 1 2 2 2 1)              88.021
1516       (1 0 2 3 2 1 2)              88.029
1517       (1 0 2 3 2 1 2)              88.037
1518       (0 0 1 2 1 1 1)              88.035
1519       (1 0 1 2 1 1 1)              88.043
1520       (1 0 1 2 1 2 1)              88.042
1521       (1 0 2 3 2 1 2)              88.050
1522       (1 0 3 1 2 1 2)              88.010
1523       (0 0 2 3 1 2 1)              87.999
1524       (1 0 1 2 1 1 1)              88.007
1525       (1 0 2 3 2 1 2)              88.015
1526       (1 0 1 2 1 2 1)              88.023
1527       (1 0 2 3 2 1 2)              88.031
1528       (1 0 3 1 2 1 2)              88.039
1529       (1 0 1 2 1 2 0)              88.028
1530       (1 0 2 3 2 1 2)              88.026
1531       (1 0 1 2 1 1 1)              88.034
1532       (1 0 3 1 2 1 2)              88.033
1533       (1 0 2 3 2 1 2)              88.041
1534       (1 0 2 3 2 1 2)              88.048
1535       (1 0 3 1 2 1 2)              88.047
1536       (1 0 1 2 1 1 1)              88.055
1537       (1 0 3 1 2 1 2)              88.062
1538       (1 0 3 1 2 1 2)              88.070
1539       (1 0 2 3 1 1 1)              88.069
1540       (1 0 3 1 2 1 2)              88.077
1541       (1 0 1 2 1 1 1)              88.084
1542       (1 0 2 3 2 1 2)              88.092
1543       (1 0 3 1 2 1 2)              88.091
1544       (1 0 2 3 2 1 2)              88.098
1545       (1 0 3 1 2 1 2)              88.087
1546       (1 0 2 3 2 1 2)              88.095
1547       (0 0 2 3 1 2 1)              88.066
1548       (1 0 3 1 2 1 2)              88.055
1549       (1 0 2 3 2 1 1)              88.035
1550       (1 0 2 3 2 1 2)              88.024
1551       (1 0 3 1 2 1 2)              88.013
1552       (1 0 1 2 1 1 1)              88.021
1553       (0 0 1 2 1 1 1)              88.001
1554       (1 0 2 3 2 1 2)              88.009
1555       (1 0 2 3 2 1 2)              88.017
1556       (1 0 2 3 2 1 2)              88.024
1557       (1 0 3 1 2 1 2)              88.023
1558       (1 0 1 2 1 1 1)              88.031
1559       (0 0 1 2 0 0 1)              88.029
1560       (1 0 3 1 2 1 2)              88.000
1561       (1 0 1 2 1 1 1)              88.008
1562       (1 0 1 2 1 1 1)              88.015
1563       (0 0 2 3 2 2 2)              87.977
1564       (1 0 2 3 2 1 1)              87.985
1565       (1 0 4 5 2 2 2)              87.965
1566       (1 0 3 1 2 1 2)              87.964
1567       (1 0 2 3 2 1 2)              87.971
1568       (1 0 2 3 2 1 2)              87.979
1569       (1 0 2 3 2 1 2)              87.987
1570       (1 0 1 2 1 2 1)              87.976
1571       (1 0 1 2 1 1 1)              87.984
1572       (1 0 3 1 2 1 2)              87.973
1573       (1 0 0 0 2 2 1)              87.963
1574       (1 0 2 3 2 1 2)              87.970
1575       (1 0 3 1 2 1 2)              87.978
1576       (0 1 4 6 0 0 1)              87.949
1577       (1 0 2 3 2 1 2)              87.957
1578       (1 0 2 3 2 1 2)              87.965
1579       (1 0 3 1 2 1 2)              87.963
1580       (1 0 2 3 2 1 2)              87.971
1581       (1 0 2 3 1 2 1)              87.979
1582       (1 0 1 2 1 1 1)              87.986
1583       (1 0 3 1 2 1 2)              87.985
1584       (1 0 1 2 1 1 1)              87.992
1585       (1 0 2 3 2 1 2)              87.982
1586       (1 0 0 0 2 2 1)              87.989
1587       (1 0 1 2 1 1 1)              87.997
1588       (1 0 2 3 2 1 2)              87.987
1589       (1 0 2 3 2 1 2)              87.994
1590       (0 1 4 6 0 0 1)              87.957
1591       (1 0 1 2 1 1 1)              87.964
1592       (1 0 1 2 1 1 1)              87.972
1593       (0 0 1 2 1 1 1)              87.970
1594       (1 0 1 2 1 1 1)              87.978
1595       (1 0 3 1 2 1 2)              87.977
1596       (1 0 1 2 1 1 1)              87.984
1597       (1 0 2 3 2 1 2)              87.992
1598       (1 0 2 3 2 1 2)              87.972
1599       (1 0 1 2 2 2 1)              87.962
1600       (1 0 2 3 2 1 2)              87.951
1601       (1 0 3 1 2 1 2)              87.941
1602       (1 0 0 0 2 2 1)              87.913
1603       (1 0 3 1 2 1 2)              87.920
1604       (1 0 2 3 2 1 2)              87.919
1605       (1 0 1 2 1 2 1)              87.909
1606       (1 0 3 1 2 1 2)              87.916
1607       (0 0 1 2 1 1 1)              87.915
1608       (1 0 2 3 2 1 2)              87.905
1609       (1 0 3 1 2 1 2)              87.912
1610       (1 0 2 3 2 1 2)              87.920
1611       (1 0 2 3 2 1 2)              87.927
1612       (1 0 3 1 2 1 2)              87.926
1613       (1 0 2 3 1 2 1)              87.933
1614       (1 0 3 1 2 1 2)              87.914
1615       (0 0 2 3 1 2 1)              87.886
1616       (1 0 2 3 2 1 2)              87.894
1617       (1 0 3 1 2 1 2)              87.892
1618       (0 0 1 2 1 1 1)              87.891
1619       (1 0 1 2 1 1 1)              87.898
1620       (1 0 2 3 2 1 2)              87.906
1621       (1 0 3 1 2 1 2)              87.905
1622       (1 0 2 3 2 1 2)              87.894
1623       (1 0 2 3 2 1 2)              87.893
1624       (1 0 2 3 2 1 2)              87.901
1625       (1 0 2 3 2 1 1)              87.881
1626       (0 0 1 2 1 1 1)              87.880
1627       (1 0 2 3 2 1 2)              87.870
1628       (1 0 2 3 2 1 2)              87.877
1629       (1 0 1 2 1 2 1)              87.876
1630       (1 0 2 3 2 1 2)              87.875
1631       (0 0 4 5 2 2 1)              87.856
1632       (1 0 2 3 2 1 2)              87.863
1633       (1 0 2 3 2 1 2)              87.871
1634       (1 0 3 1 2 1 2)              87.861
1635       (1 0 3 1 2 1 2)              87.868
1636       (1 0 2 3 2 1 2)              87.876
1637       (1 0 2 3 2 1 2)              87.883
1638       (1 0 2 3 2 1 2)              87.890
1639       (1 0 2 3 2 1 2)              87.889
1640       (1 0 1 2 0 0 1)              87.897
1641       (1 0 2 3 2 1 2)              87.904
1642       (1 0 4 5 2 2 2)              87.885
1643       (1 0 2 3 2 1 2)              87.875
1644       (1 0 2 3 2 1 2)              87.882
1645       (1 0 3 1 2 1 2)              87.846
1646       (0 0 4 5 2 2 1)              87.810
1647       (1 0 3 1 2 1 2)              87.800
1648       (1 0 4 5 2 2 2)              87.781
1649       (1 0 1 2 1 1 1)              87.789
1650       (1 0 1 2 1 1 1)              87.796
1651       (1 0 2 3 2 1 2)              87.795
1652       (1 0 2 3 2 1 2)              87.802
1653       (1 0 2 3 2 1 2)              87.810
1654       (1 0 2 3 2 1 2)              87.817
1655       (1 0 2 3 2 1 2)              87.825
1656       (1 0 2 3 2 1 2)              87.832
1657       (1 0 3 1 1 1 1)              87.813
1658       (1 0 3 1 2 1 2)              87.786
1659       (0 0 4 6 1 2 1)              87.759
1660       (1 0 3 1 2 1 2)              87.766
1661       (1 0 1 2 1 1 1)              87.774
1662       (1 0 3 1 2 1 2)              87.781
1663       (1 0 3 1 2 1 2)              87.788
1664       (1 0 1 2 1 1 1)              87.787
1665       (1 0 0 0 2 2 1)              87.795
1666       (1 0 2 3 2 1 2)              87.785
1667       (1 0 1 2 1 1 1)              87.792
1668       (1 0 3 1 2 1 2)              87.799
1669       (1 0 1 2 1 1 1)              87.807
1670       (1 0 1 2 1 1 1)              87.814
1671       (0 0 1 2 1 1 1)              87.813
1672       (1 0 2 3 1 2 1)              87.820
1673       (1 0 2 3 2 1 2)              87.810
1674       (1 0 1 2 1 1 1)              87.818
1675       (1 0 3 1 2 1 2)              87.825
1676       (1 0 2 3 2 1 2)              87.824
1677       (1 0 1 2 1 1 1)              87.831
1678       (1 0 1 2 1 1 1)              87.838
1679       (1 0 2 3 2 1 2)              87.837
1680       (0 0 4 5 2 2 1)              87.802
1681       (1 0 3 1 2 1 2)              87.809
1682       (1 0 2 3 2 1 2)              87.816
1683       (1 0 1 2 1 1 1)              87.823
1684       (0 0 4 6 1 2 2)              87.797
1685       (1 0 1 2 1 1 1)              87.804
1686       (1 0 1 2 1 1 1)              87.803
1687       (1 0 2 3 2 1 2)              87.810
1688       (1 0 2 3 2 1 2)              87.817
1689       (1 0 2 3 2 1 2)              87.824
1690       (1 0 2 3 2 1 2)              87.832
1691       (1 0 2 3 2 1 2)              87.839
1692       (1 0 1 2 1 1 1)              87.846
1693       (1 0 3 1 2 1 2)              87.845
1694       (1 0 1 2 1 2 1)              87.844
1695       (1 0 3 1 2 1 2)              87.842
1696       (1 0 1 2 1 1 1)              87.850
1697       (1 0 1 2 1 1 1)              87.857
1698       (0 0 1 2 1 1 1)              87.855
1699       (1 0 0 0 1 2 0)              87.863
1700       (1 0 1 2 1 1 1)              87.870
1701       (1 0 2 3 2 1 2)              87.877
1702       (1 0 2 3 2 1 2)              87.884
1703       (1 0 2 3 2 2 1)              87.891
1704       (1 0 1 2 1 2 1)              87.873
1705       (1 0 2 3 2 1 2)              87.880
1706       (1 0 2 3 2 1 2)              87.887
1707       (1 0 1 2 1 1 1)              87.886
1708       (1 0 3 1 2 1 2)              87.893
1709       (1 0 2 3 2 1 2)              87.900
1710       (1 0 2 3 2 1 2)              87.891
1711       (1 0 1 2 1 2 1)              87.889
1712       (1 0 3 1 2 1 2)              87.897
1713       (1 0 3 1 2 1 2)              87.895
1714       (1 0 2 3 2 1 2)              87.894
1715       (1 0 2 3 2 1 2)              87.901
1716       (1 0 0 0 2 2 1)              87.908
1717       (1 0 3 1 2 1 2)              87.899
1718       (1 0 1 2 1 2 1)              87.897
1719       (0 0 1 2 0 0 1)              87.896
1720       (1 0 2 3 2 1 2)              87.903
1721       (1 0 2 3 2 1 2)              87.910
1722       (1 0 3 1 2 1 1)              87.909
1723       (1 0 1 2 1 1 1)              87.916
1724       (1 0 2 3 2 1 2)              87.923
1725       (1 0 2 3 2 1 2)              87.930
1726       (1 0 2 3 2 1 2)              87.937
1727       (1 0 2 3 2 1 2)              87.927
1728       (1 0 0 0 1 2 0)              87.934
1729       (1 0 3 1 2 1 2)              87.900
1730       (1 0 2 3 2 1 2)              87.890
1731       (0 0 2 3 1 2 1)              87.864
1732       (1 0 3 1 2 1 2)              87.838
1733       (1 0 3 1 2 1 2)              87.829
1734       (1 0 3 1 2 1 2)              87.836
1735       (0 0 1 2 1 2 1)              87.826
1736       (1 0 3 1 2 1 2)              87.825
1737       (1 0 2 3 2 1 2)              87.832
1738       (1 0 2 3 2 1 2)              87.839
1739       (1 0 3 1 2 1 2)              87.846
1740       (1 0 3 1 2 1 2)              87.845
1741       (1 0 3 1 0 0 1)              87.844
1742       (1 0 2 3 2 1 2)              87.834
1743       (1 0 2 3 2 1 2)              87.825
1744       (1 0 3 1 1 1 1)              87.832
1745       (1 0 3 1 2 1 2)              87.839
1746       (0 0 4 3 2 1 1)              87.813
1747       (1 0 2 3 1 1 1)              87.820
1748       (1 0 1 2 1 1 1)              87.827
1749       (1 0 2 3 2 1 2)              87.834
1750       (1 0 3 1 2 1 2)              87.841
1751       (1 0 3 1 2 1 2)              87.831
1752       (1 0 2 3 2 1 1)              87.830
1753       (1 0 2 3 2 1 2)              87.821
1754       (0 0 1 2 0 0 1)              87.819
1755       (0 0 1 2 0 0 1)              87.818
1756       (0 0 1 2 1 1 1)              87.817
1757       (1 0 2 3 2 1 2)              87.816
1758       (1 0 2 3 2 1 2)              87.823
1759       (1 0 2 3 2 1 2)              87.813
1760       (1 0 1 2 1 1 1)              87.820
1761       (1 0 2 3 2 1 2)              87.827
1762       (1 0 2 3 2 1 2)              87.834
1763       (1 0 2 3 2 1 2)              87.841
1764       (1 0 2 3 2 1 2)              87.848
1765       (1 0 3 1 2 1 2)              87.847
1766       (0 0 2 3 1 1 1)              87.829
1767       (1 0 2 3 2 1 2)              87.836
1768       (1 0 2 3 2 1 2)              87.843
1769       (1 0 2 3 2 1 2)              87.850
1770       (1 0 2 3 2 1 2)              87.857
1771       (1 0 2 3 2 1 2)              87.864
1772       (1 0 3 1 2 1 2)              87.871
1773       (1 0 3 1 2 1 2)              87.878
1774       (1 0 2 3 2 1 2)              87.885
1775       (1 0 1 2 1 1 1)              87.892
1776       (1 0 2 3 1 2 1)              87.890
1777       (1 0 1 2 1 1 1)              87.897
1778       (1 0 2 3 2 2 1)              87.904
1779       (1 0 2 3 2 1 2)              87.911
1780       (1 0 2 3 2 1 2)              87.910
1781       (1 0 1 2 1 2 1)              87.908
1782       (1 0 3 1 2 1 2)              87.875
1783       (1 0 3 1 2 1 2)              87.882
1784       (1 0 3 1 2 1 2)              87.889
1785       (1 0 3 1 2 1 2)              87.879
1786       (1 0 2 3 2 1 2)              87.886
1787       (1 0 3 1 2 1 2)              87.893
1788       (1 0 3 1 2 1 2)              87.892
1789       (1 0 2 3 2 1 2)              87.898
1790       (1 0 3 1 2 1 2)              87.889
1791       (0 0 1 2 1 1 1)              87.888
1792       (1 0 2 3 2 1 1)              87.887
1793       (1 0 2 3 2 1 2)              87.878
1794       (1 0 2 3 2 1 2)              87.844
1795       (1 0 2 3 2 1 2)              87.851
1796       (1 0 2 3 2 1 2)              87.858
1797       (1 0 3 1 2 1 2)              87.857
1798       (1 0 3 1 2 1 2)              87.856
1799       (1 0 2 3 2 1 2)              87.862
1800       (1 0 1 2 1 1 1)              87.869
1801       (1 0 2 3 2 1 2)              87.876
1802       (1 0 2 3 2 1 2)              87.883
1803       (1 0 3 1 2 1 2)              87.889
1804       (1 0 3 1 2 1 2)              87.896
1805       (1 0 1 2 1 2 1)              87.895
1806       (1 0 3 1 2 1 2)              87.894
1807       (1 0 1 2 1 1 1)              87.900
1808       (1 0 2 3 2 1 2)              87.907
1809       (1 0 2 3 2 1 2)              87.890
1810       (1 0 3 1 2 1 2)              87.857
1811       (1 0 2 3 2 1 2)              87.864
1812       (1 0 2 3 2 1 2)              87.871
1813       (1 0 3 1 2 1 2)              87.877
1814       (1 0 3 1 2 1 2)              87.876
1815       (1 0 0 0 1 2 0)              87.883
1816       (1 0 2 3 2 1 2)              87.874
1817       (1 0 0 0 1 2 0)              87.880
1818       (1 0 2 3 2 1 2)              87.887
1819       (1 0 3 1 2 1 2)              87.894
1820       (1 0 2 3 1 2 1)              87.901
1821       (0 0 1 2 1 2 1)              87.891
1822       (1 0 3 1 2 1 2)              87.867
1823       (1 0 2 3 2 1 2)              87.873
1824       (1 0 1 2 1 2 1)              87.872
1825       (1 0 2 3 1 1 1)              87.879
1826       (1 0 2 3 2 1 2)              87.870
1827       (0 0 4 5 2 2 1)              87.837
1828       (1 0 1 2 1 2 1)              87.836
1829       (1 0 2 3 2 1 2)              87.835
1830       (1 0 2 3 2 1 2)              87.841
1831       (1 0 2 3 2 1 2)              87.848
1832       (1 0 3 1 2 1 2)              87.855
1833       (0 0 4 5 2 2 1)              87.838
1834       (1 0 3 1 2 1 2)              87.845
1835       (1 0 2 3 2 1 2)              87.851
1836       (0 0 1 2 1 1 1)              87.850
1837       (1 0 3 1 2 1 2)              87.849
1838       (1 0 2 3 1 2 1)              87.856
1839       (1 0 2 3 2 1 2)              87.862
1840       (1 0 2 3 2 1 2)              87.869
1841       (1 0 1 2 1 1 1)              87.875
1842       (1 0 3 1 2 1 2)              87.874
1843       (1 0 2 3 2 1 2)              87.881
1844       (1 0 2 3 2 1 2)              87.888
1845       (1 0 2 3 2 1 2)              87.894
1846       (1 0 3 1 2 1 2)              87.870
1847       (0 0 1 2 1 1 1)              87.868
1848       (1 0 2 3 2 1 2)              87.875
1849       (1 0 0 0 2 2 1)              87.882
1850       (1 0 3 1 2 1 2)              87.873
1851       (1 0 2 3 2 1 2)              87.871
1852       (1 0 2 3 2 1 2)              87.878
1853       (1 0 1 2 1 1 1)              87.885
1854       (0 0 1 2 0 0 1)              87.883
1855       (1 0 2 3 2 1 2)              87.890
1856       (1 0 3 1 2 1 2)              87.873
1857       (1 0 3 1 2 1 2)              87.880
1858       (1 0 3 1 2 1 2)              87.887
1859       (1 0 2 3 2 1 2)              87.893
1860       (1 0 3 1 2 1 2)              87.892
1861       (1 0 2 3 2 1 2)              87.898
1862       (1 0 3 1 2 1 2)              87.866
1863       (1 0 2 3 2 1 2)              87.873
1864       (1 0 3 1 2 1 2)              87.879
1865       (1 0 2 3 1 2 1)              87.886
1866       (1 0 3 1 2 1 2)              87.885
1867       (1 0 1 2 1 1 1)              87.891
1868       (1 0 2 3 2 1 2)              87.898
1869       (1 0 3 1 2 1 2)              87.897
1870       (1 0 2 3 2 1 2)              87.903
1871       (1 0 3 1 2 1 2)              87.910
1872       (1 0 3 1 2 1 2)              87.916
1873       (1 0 3 1 2 1 2)              87.884
1874       (1 0 3 1 2 1 2)              87.883
1875       (0 0 4 6 1 1 1)              87.859
1876       (1 0 2 3 2 1 2)              87.866
1877       (1 0 2 3 2 1 2)              87.872
1878       (1 0 3 1 2 1 2)              87.840
1879       (1 0 2 3 2 1 2)              87.847
1880       (1 0 3 1 2 1 2)              87.853
1881       (1 0 1 2 1 2 1)              87.852
1882       (1 0 2 3 1 2 1)              87.859
1883       (1 0 2 3 1 2 1)              87.858
1884       (1 0 2 3 2 1 2)              87.864
1885       (1 0 2 3 2 1 2)              87.870
1886       (1 0 1 2 1 1 1)              87.877
1887       (1 0 2 3 2 2 1)              87.883
1888       (1 0 3 1 2 1 2)              87.890
1889       (1 0 1 2 1 1 1)              87.896
1890       (1 0 3 1 2 1 2)              87.880
1891       (1 0 1 2 1 1 1)              87.886
1892       (1 0 2 3 2 1 2)              87.885
1893       (1 0 2 3 2 1 2)              87.876
1894       (1 0 1 2 1 1 1)              87.860
1895       (1 0 3 1 2 1 2)              87.829
1896       (1 0 3 1 2 1 2)              87.835
1897       (1 0 1 2 0 0 1)              87.842
1898       (1 0 1 2 1 1 1)              87.848
1899       (1 0 2 3 2 1 2)              87.847
1900       (1 0 1 2 1 2 1)              87.846
1901       (1 0 2 3 2 1 2)              87.845
1902       (1 0 3 1 2 1 2)              87.851
1903       (1 0 0 0 1 1 1)              87.850
1904       (1 0 2 3 2 1 2)              87.856
1905       (1 0 3 1 2 1 2)              87.863
1906       (1 0 2 3 2 1 2)              87.862
1907       (1 0 3 1 2 1 2)              87.853
1908       (1 0 1 2 1 1 1)              87.859
1909       (1 0 2 3 2 1 1)              87.843
1910       (1 0 2 3 2 1 2)              87.850
1911       (1 0 2 3 2 1 2)              87.856
1912       (1 0 3 1 2 1 2)              87.832
1913       (0 0 1 2 1 1 1)              87.831
1914       (1 0 2 3 2 1 2)              87.815
1915       (1 0 1 2 1 1 1)              87.814
1916       (1 0 2 3 2 1 2)              87.813
1917       (1 0 2 3 2 1 2)              87.819
1918       (1 0 1 2 1 1 1)              87.826
1919       (1 0 3 1 2 1 2)              87.832
1920       (1 0 2 3 2 1 2)              87.831
1921       (1 0 3 1 2 1 2)              87.837
1922       (1 0 2 3 2 1 2)              87.844
1923       (1 0 3 1 2 1 2)              87.843
1924       (1 0 1 2 1 1 1)              87.849
1925       (0 0 1 2 1 1 1)              87.848
1926       (1 0 1 2 1 1 1)              87.854
1927       (1 0 1 2 1 1 1)              87.860
1928       (1 0 3 1 2 1 2)              87.867
1929       (1 0 1 2 1 1 1)              87.873
1930       (1 0 2 3 2 1 2)              87.879
1931       (1 0 2 3 2 1 2)              87.871
1932       (1 0 2 3 2 1 2)              87.877
1933       (1 0 3 1 2 1 2)              87.846
1934       (1 0 3 1 2 1 2)              87.838
1935       (1 0 2 3 2 1 2)              87.837
1936       (1 0 3 1 2 1 2)              87.828
1937       (0 0 4 5 2 2 1)              87.812
1938       (1 0 2 3 2 1 2)              87.819
1939       (1 0 3 1 2 1 2)              87.825
1940       (1 0 2 3 2 1 2)              87.831
1941       (0 0 4 5 2 2 1)              87.808
1942       (0 0 1 2 1 1 1)              87.807
1943       (0 0 1 2 2 1 2)              87.791
1944       (1 0 3 1 2 1 2)              87.797
1945       (1 0 3 1 2 1 2)              87.796
1946       (1 0 1 2 1 1 1)              87.803
1947       (1 0 2 3 2 1 2)              87.809
1948       (1 0 2 3 2 1 2)              87.815
1949       (1 0 2 3 1 1 1)              87.814
1950       (1 0 3 1 2 1 2)              87.820
1951       (1 0 1 2 2 2 1)              87.819
1952       (0 0 4 5 2 2 1)              87.789
1953       (1 0 2 3 2 1 2)              87.795
1954       (1 0 2 3 2 1 2)              87.801
1955       (1 0 1 2 1 1 1)              87.808
1956       (1 0 2 3 2 1 2)              87.799
1957       (1 0 2 3 2 1 2)              87.805
1958       (1 0 2 3 2 1 2)              87.812
1959       (1 0 3 1 2 1 2)              87.781
1960       (1 0 3 1 2 1 2)              87.780
1961       (1 0 2 3 2 1 2)              87.786
1962       (1 0 2 3 2 1 2)              87.793
1963       (1 0 1 2 0 0 1)              87.777
1964       (1 0 1 2 1 1 1)              87.783
1965       (1 0 3 1 2 1 2)              87.790
1966       (1 0 1 2 1 2 1)              87.781
1967       (1 0 2 3 2 1 2)              87.787
1968       (1 0 2 3 2 1 2)              87.794
1969       (1 0 1 2 1 1 1)              87.800
1970       (1 0 2 3 2 1 2)              87.792
1971       (1 0 2 3 2 1 2)              87.783
1972       (1 0 2 3 2 1 2)              87.789
1973       (1 0 3 1 2 1 2)              87.781
1974       (1 0 1 2 1 1 1)              87.787
1975       (1 0 2 3 2 1 2)              87.794
1976       (1 0 4 5 2 2 2)              87.778
1977       (1 0 3 1 2 1 2)              87.784
1978       (1 0 2 3 2 1 2)              87.790
1979       (1 0 1 2 1 2 1)              87.789
1980       (1 0 2 3 2 1 2)              87.796
1981       (1 0 3 1 2 1 2)              87.802
1982       (1 0 2 3 2 1 2)              87.808
1983       (1 0 3 1 1 1 1)              87.814
1984       (1 0 2 3 2 1 2)              87.820
1985       (1 0 2 3 2 1 2)              87.826
1986       (1 0 3 1 2 1 2)              87.833
1987       (1 0 2 3 2 1 2)              87.824
1988       (1 0 2 3 2 1 2)              87.830
1989       (1 0 3 1 2 1 2)              87.822
1990       (1 0 2 3 2 1 2)              87.828
1991       (1 0 2 3 2 1 2)              87.834
1992       (1 0 1 2 1 1 1)              87.841
1993       (1 0 1 2 1 1 1)              87.847
1994       (1 0 3 1 2 1 2)              87.853
1995       (1 0 2 3 2 1 2)              87.845
1996       (1 0 2 3 2 1 2)              87.851
1997       (0 0 4 6 1 2 1)              87.828
1998       (1 0 3 1 2 1 2)              87.834
1999       (1 0 2 3 2 1 2)              87.840
2000       (1 0 3 1 2 1 2)              87.846
2001       (1 0 1 2 1 2 1)              87.852
2002       (1 0 2 3 2 1 2)              87.859
2003       (1 0 3 1 2 1 2)              87.865
2004       (1 0 2 3 2 1 2)              87.871
2005       (1 0 2 3 2 1 2)              87.870
2006       (1 0 2 3 2 1 2)              87.876
2007       (1 0 3 1 2 1 2)              87.853
2008       (1 0 1 2 1 1 1)              87.859
2009       (1 0 2 3 2 1 2)              87.865
2010       (1 0 3 1 2 1 2)              87.843
2011       (1 0 1 2 1 1 1)              87.828
2012       (1 0 3 1 2 1 2)              87.819
2013       (1 0 2 3 2 1 2)              87.825
2014       (1 0 1 2 1 1 1)              87.831
2015       (1 0 2 3 2 1 2)              87.838
2016       (1 0 2 3 2 1 2)              87.844
2017       (1 0 2 3 2 1 2)              87.850
2018       (1 0 2 3 2 1 2)              87.841
2019       (1 0 1 2 1 1 1)              87.848
2020       (1 0 2 3 1 1 1)              87.846
2021       (1 0 2 3 2 1 2)              87.845
2022       (1 0 1 2 1 1 1)              87.851
2023       (1 0 1 2 1 1 1)              87.857
2024       (1 0 1 2 1 2 1)              87.842
2025       (1 0 2 3 2 1 1)              87.841
2026       (1 0 1 2 1 1 1)              87.847
2027       (1 0 2 3 2 1 2)              87.853
2028       (1 0 2 3 1 1 1)              87.859
2029       (1 0 2 3 2 1 2)              87.865
2030       (1 0 3 1 2 1 2)              87.871
2031       (1 0 1 2 1 1 1)              87.877
2032       (1 0 3 1 2 1 2)              87.883
2033       (1 0 1 2 1 1 1)              87.861
2034       (1 0 3 1 2 1 2)              87.860
2035       (1 0 2 3 2 1 2)              87.859
2036       (1 0 3 1 2 1 2)              87.837
2037       (1 0 1 2 1 1 1)              87.843
2038       (1 0 3 1 2 1 2)              87.842
2039       (1 0 2 3 2 1 2)              87.841
2040       (1 0 2 3 2 1 2)              87.847
2041       (1 0 2 3 2 1 2)              87.846
2042       (0 0 4 3 2 1 1)              87.823
2043       (0 0 1 2 0 0 1)              87.822
2045       (1 0 2 3 2 1 2)              87.828
2046       (1 0 0 0 2 2 1)              87.834
2047       (1 0 2 3 2 1 2)              87.826
2048       (1 0 1 2 1 2 1)              87.825
2049       (1 0 3 1 2 1 2)              87.831
2050       (1 0 2 3 1 2 1)              87.816
2051       (1 0 3 1 2 1 2)              87.815
2052       (1 0 1 2 1 2 1)              87.814
2053       (1 0 3 1 2 1 2)              87.820
2054       (1 0 2 3 2 1 2)              87.826
2055       (1 0 2 3 1 2 1)              87.832
2056       (1 0 3 1 2 1 2)              87.838
2057       (1 0 2 3 1 2 1)              87.837
2058       (1 0 2 3 2 1 2)              87.843
2059       (1 0 2 3 2 1 2)              87.849
2060       (1 0 1 2 1 2 1)              87.841
2061       (1 0 3 1 2 1 2)              87.847
2062       (1 0 2 3 2 1 2)              87.853
2063       (1 0 1 2 1 1 1)              87.859
2064       (1 0 2 3 2 1 2)              87.864
2065       (1 0 1 2 1 1 1)              87.870
2066       (1 0 1 2 2 2 1)              87.862
2067       (1 0 3 1 2 1 2)              87.868
2068       (1 0 2 3 2 1 2)              87.874
2069       (1 0 2 3 2 1 2)              87.880
2070       (1 0 2 3 2 1 2)              87.886
2071       (1 0 3 1 2 1 2)              87.892
2072       (1 0 0 0 1 2 0)              87.898
2073       (1 0 2 3 2 1 2)              87.904
2074       (1 0 1 2 1 1 1)              87.909
2075       (1 0 3 1 2 1 2)              87.915
2076       (1 0 2 3 2 1 2)              87.921
2077       (1 0 1 2 1 1 1)              87.927
2078       (1 0 2 3 2 1 2)              87.933
2079       (1 0 2 3 2 1 2)              87.925
2080       (0 0 4 6 1 2 2)              87.903
2081       (1 0 2 3 2 2 1)              87.902
2082       (1 0 3 1 2 1 2)              87.908
2083       (1 0 1 2 1 1 1)              87.914
2084       (1 0 2 3 2 1 2)              87.920
2085       (1 0 2 3 2 2 1)              87.925
2086       (1 0 1 2 1 1 1)              87.931
2087       (1 0 1 2 1 1 1)              87.937
2088       (1 0 2 3 2 1 2)              87.943
2089       (1 0 3 1 2 1 2)              87.942
2090       (1 0 3 1 2 1 2)              87.934
2091       (0 0 4 6 0 0 1)              87.905
2092       (1 0 2 3 2 1 2)              87.911
2093       (1 0 3 1 2 1 2)              87.917
2094       (1 0 2 3 2 1 2)              87.923
2095       (1 0 3 1 2 1 2)              87.928
2096       (1 0 2 3 2 1 2)              87.934
2097       (1 0 2 3 2 1 2)              87.940
2098       (1 0 2 3 2 1 2)              87.946
2099       (1 0 2 3 2 1 2)              87.952
2100       (1 0 1 2 1 1 1)              87.957
2101       (1 0 2 3 2 1 2)              87.963
2102       (0 0 1 2 0 0 1)              87.962
2103       (1 0 1 2 1 1 1)              87.968
2104       (1 0 1 2 2 2 1)              87.974
2105       (1 0 2 3 2 1 2)              87.966
2106       (1 0 2 3 2 1 2)              87.965
2107       (1 0 2 3 2 1 2)              87.970
2108       (1 0 1 2 1 1 1)              87.976
2109       (1 0 2 3 2 1 2)              87.975
2110       (1 0 2 3 2 1 2)              87.974
2111       (1 0 2 3 2 1 2)              87.959
2112       (1 0 1 2 1 1 1)              87.965
2113       (1 0 2 3 2 1 2)              87.971
2114       (1 0 3 1 2 1 2)              87.976
2115       (1 0 2 3 2 1 2)              87.962
2116       (0 0 1 2 1 1 1)              87.940
2117       (1 0 2 3 2 1 2)              87.946
2118       (1 0 2 3 2 1 2)              87.938
2119       (1 0 3 1 2 1 2)              87.944
2120       (1 0 1 2 2 2 1)              87.950
2121       (1 0 3 1 2 1 2)              87.942
2122       (1 0 1 2 1 1 1)              87.947
2123       (1 0 2 3 2 1 2)              87.953
2124       (1 0 2 3 2 1 2)              87.959
2125       (1 0 1 2 1 1 1)              87.965
2126       (0 0 2 3 2 2 0)              87.930
2127       (1 0 3 1 2 1 2)              87.935
2128       (1 0 2 3 0 0 0)              87.941
2129       (1 0 2 3 2 1 2)              87.933
2130       (1 0 2 3 2 1 2)              87.939
2131       (1 0 1 2 1 1 1)              87.945
2132       (1 0 3 1 2 1 2)              87.937
2133       (1 0 1 2 1 1 1)              87.943
2134       (1 0 2 3 2 1 2)              87.935
2135       (1 0 3 1 2 1 2)              87.941
2136       (1 0 2 3 2 1 2)              87.946
2137       (1 0 2 3 2 1 2)              87.945
2138       (1 0 2 3 1 2 1)              87.951
2139       (1 0 3 1 2 1 2)              87.956
2140       (1 0 3 1 2 1 2)              87.935
2141       (1 0 2 3 2 1 2)              87.941
2142       (1 0 2 3 2 1 2)              87.940
2143       (1 0 3 1 2 1 2)              87.912
2144       (1 0 1 2 1 1 1)              87.918
2145       (1 0 1 2 1 1 1)              87.923
2146       (1 0 1 2 1 1 1)              87.929
2147       (0 0 4 6 1 2 1)              87.915
2148       (1 0 3 1 2 1 2)              87.914
2149       (1 0 3 1 2 1 2)              87.906
2150       (0 0 4 6 1 2 1)              87.892
2151       (1 0 2 3 2 1 2)              87.884
2152       (1 0 2 3 2 1 2)              87.890
2153       (1 0 1 2 1 1 1)              87.895
2154       (1 0 1 2 1 2 1)              87.894
2155       (1 0 3 1 2 1 2)              87.893
2156       (1 0 1 2 1 1 1)              87.899
2157       (1 0 2 3 2 1 2)              87.904
2158       (1 0 2 3 2 1 2)              87.910
2159       (1 0 2 3 2 1 2)              87.916
2160       (1 0 2 3 2 1 1)              87.915
2161       (1 0 2 3 2 1 2)              87.920
2162       (1 0 2 3 2 1 2)              87.926
2163       (1 0 2 3 2 1 2)              87.931
2164       (0 0 4 3 2 1 1)              87.911
2165       (1 0 1 2 1 1 1)              87.916
2166       (1 0 2 3 2 1 2)              87.922
2167       (1 0 3 1 2 1 2)              87.927
2168       (1 0 1 2 1 1 1)              87.913
2169       (1 0 2 3 2 1 2)              87.919
2170       (1 0 2 3 2 1 2)              87.924
2171       (0 0 1 2 0 0 1)              87.923
2172       (1 0 3 1 2 1 2)              87.922
2173       (0 0 1 2 1 1 1)              87.901
2174       (1 0 1 2 1 1 1)              87.907
2175       (1 0 2 3 2 1 2)              87.893
2176       (1 0 2 3 2 1 2)              87.898
2177       (0 0 4 6 1 2 1)              87.878
2178       (1 0 2 3 2 1 2)              87.883
2179       (1 0 2 3 2 1 2)              87.889
2180       (1 0 1 2 1 2 1)              87.881
2181       (1 0 3 1 2 1 2)              87.887
2182       (1 0 1 2 2 2 1)              87.879
2183       (1 0 2 3 1 1 2)              87.878
2184       (1 0 1 2 1 1 1)              87.884
2185       (1 0 2 3 2 1 2)              87.889
2186       (1 0 2 3 2 2 1)              87.895
2187       (1 0 3 1 2 1 2)              87.900
2188       (1 0 2 3 1 2 1)              87.899
2189       (1 0 2 3 2 1 2)              87.905
2190       (1 0 2 3 1 2 1)              87.911
2191       (1 0 3 1 2 1 2)              87.916
2192       (1 0 3 1 2 1 2)              87.922
2193       (1 0 3 1 2 1 2)              87.914
2194       (1 0 2 3 2 1 2)              87.900
2195       (1 0 4 5 2 2 2)              87.886
2196       (1 0 2 3 2 2 1)              87.891
2197       (1 0 1 2 1 1 1)              87.897
2198       (1 0 1 2 1 1 1)              87.903
2199       (1 0 3 1 2 1 2)              87.908
2200       (1 0 3 1 2 1 2)              87.914
2201       (1 0 2 3 2 1 2)              87.906
2202       (1 0 2 3 2 1 2)              87.899
2203       (1 0 2 3 1 2 1)              87.904
2204       (1 0 3 1 2 1 2)              87.910
2205       (1 0 1 2 1 1 1)              87.915
2206       (1 0 2 3 2 1 2)              87.921
2207       (0 0 1 2 1 1 1)              87.920
2208       (1 0 1 2 1 1 1)              87.893
2209       (1 0 2 3 2 1 2)              87.885
2210       (1 0 1 2 1 2 1)              87.871
2211       (1 0 1 2 1 1 1)              87.877
2212       (1 0 2 3 2 1 2)              87.869
2213       (1 0 3 1 2 1 2)              87.875
2214       (1 0 2 3 1 0 1)              87.874
2215       (1 0 1 2 1 1 1)              87.879
2216       (1 0 1 2 1 1 1)              87.885
2217       (1 0 2 3 2 1 2)              87.890
2218       (1 0 1 2 1 1 1)              87.896
2219       (1 0 3 1 2 1 2)              87.901
2220       (1 0 3 1 1 1 1)              87.907
2221       (0 0 4 5 2 1 1)              87.886
2222       (1 0 2 3 2 1 2)              87.879
2223       (1 0 3 1 2 1 2)              87.878
2224       (1 0 0 0 1 2 0)              87.883
2225       (1 0 0 0 2 2 1)              87.889
2226       (1 0 3 1 2 1 2)              87.888
2227       (1 0 1 2 1 2 1)              87.887
2228       (1 0 1 2 1 1 1)              87.892
2229       (1 0 3 1 2 1 2)              87.898
2230       (1 0 2 3 2 1 2)              87.897
2231       (0 0 2 3 1 1 1)              87.889
2232       (1 0 2 3 2 1 2)              87.895
2233       (1 0 2 3 2 1 2)              87.900
2234       (1 0 2 3 2 1 2)              87.906
2235       (1 0 1 2 1 2 1)              87.905
2236       (1 0 2 3 2 1 2)              87.910
2237       (1 0 3 1 1 1 1)              87.903
2238       (1 0 2 3 2 1 2)              87.908
2239       (1 0 2 3 2 1 2)              87.914
2240       (1 0 2 3 2 1 1)              87.900
2241       (0 0 1 2 1 1 1)              87.899
2242       (1 0 1 2 1 1 1)              87.904
2243       (1 0 2 3 2 1 2)              87.910
2244       (1 0 2 3 2 1 2)              87.915
2245       (1 0 3 1 2 1 2)              87.908
2246       (1 0 3 1 2 1 2)              87.913
2247       (0 0 1 2 1 1 1)              87.912
2248       (1 0 2 3 2 1 2)              87.917
2249       (1 0 3 1 2 1 2)              87.923
2250       (1 0 1 2 1 2 1)              87.916
2251       (1 0 2 3 2 1 2)              87.921
2252       (1 0 0 0 2 2 1)              87.926
2253       (1 0 3 1 2 1 2)              87.925
2254       (1 0 1 2 1 2 1)              87.924
2255       (1 0 3 1 2 1 2)              87.930
2256       (1 0 2 3 2 1 2)              87.935
2257       (1 0 2 3 2 1 2)              87.940
2258       (1 0 3 1 2 1 2)              87.933
2259       (1 0 2 3 2 1 2)              87.938
2260       (1 0 2 3 2 1 2)              87.944
2261       (1 0 1 2 1 1 1)              87.949
2262       (1 0 3 1 2 1 2)              87.955
2263       (1 0 1 2 1 2 1)              87.960
2264       (1 0 3 1 2 1 2)              87.965
2265       (1 0 2 3 2 1 2)              87.971
2266       (1 0 2 3 2 1 2)              87.963
2267       (1 0 2 3 2 1 2)              87.969
2268       (1 0 2 3 2 1 2)              87.968
2269       (1 0 2 3 2 1 2)              87.973
2270       (1 0 1 2 1 1 1)              87.978
2271       (1 0 2 3 2 1 2)              87.984
2272       (1 0 3 1 2 1 2)              87.989
2273       (1 0 2 3 1 2 1)              87.988
2274       (1 0 3 1 2 1 2)              87.987
2275       (1 0 1 2 1 1 1)              87.992
2276       (1 0 1 2 1 1 1)              87.997
2277       (1 0 2 3 2 1 2)              88.003
2278       (1 0 2 3 1 1 1)              88.008
2279       (1 0 3 1 2 1 2)              88.007
2280       (1 0 1 2 1 2 1)              87.981
2281       (1 0 3 1 2 1 2)              87.986
2282       (1 0 2 3 2 1 2)              87.991
2283       (1 0 3 1 2 1 2)              87.990
2284       (1 0 2 3 2 1 2)              87.996
2285       (1 0 2 3 2 1 2)              88.001
2286       (0 0 4 6 1 2 1)              87.981
2287       (1 0 1 2 1 2 1)              87.955
2288       (1 0 2 3 2 1 2)              87.954
2289       (1 0 2 3 2 1 2)              87.947
2290       (1 0 2 3 2 1 2)              87.952
2291       (0 0 1 2 2 2 1)              87.939
2292       (1 0 2 3 2 1 2)              87.944
2293       (1 0 2 3 2 1 2)              87.949
2294       (1 0 3 1 1 1 1)              87.954
2295       (1 0 2 3 2 1 2)              87.947
2296       (1 0 3 1 2 1 2)              87.952
2297       (1 0 2 3 2 1 2)              87.958
2298       (1 0 0 0 2 2 1)              87.963
2299       (1 0 2 3 2 1 2)              87.968
2300       (1 0 2 3 2 1 2)              87.974
2301       (0 0 4 5 2 1 1)              87.954
2302       (1 0 2 3 2 1 2)              87.959
2303       (1 0 2 3 2 1 2)              87.964
2304       (1 0 3 1 2 1 2)              87.970
2305       (1 0 3 1 2 1 2)              87.975
2306       (1 0 2 3 2 1 2)              87.980
2307       (1 0 2 3 2 1 2)              87.985
2308       (1 0 2 3 2 1 2)              87.984
2309       (1 0 2 3 2 1 2)              87.990
2310       (0 0 4 3 2 1 1)              87.970
2311       (1 0 3 1 2 1 2)              87.950
2312       (1 0 2 3 2 1 2)              87.956
2313       (1 0 1 2 0 0 1)              87.936
2314       (1 0 1 2 1 1 1)              87.941
2315       (1 0 1 2 2 2 1)              87.946
2316       (1 0 2 3 2 1 2)              87.952
2317       (1 0 1 2 1 1 1)              87.957
2318       (1 0 2 3 2 1 2)              87.962
2319       (1 0 3 1 2 1 2)              87.967
2320       (1 0 2 3 2 1 2)              87.973
2321       (1 0 3 1 2 1 2)              87.965
2322       (1 0 1 2 1 1 1)              87.971
2323       (1 0 3 1 2 1 2)              87.976
2324       (1 0 1 2 1 1 1)              87.981
2325       (1 0 2 3 2 1 2)              87.986
2326       (1 0 2 3 2 1 2)              87.991
2327       (1 0 3 1 2 1 2)              87.997
2328       (1 0 2 3 2 1 2)              87.989
2329       (0 0 2 3 1 1 1)              87.976
2330       (1 0 2 3 2 1 2)              87.981
2331       (1 0 3 1 2 1 2)              87.974
2332       (1 0 3 1 2 1 2)              87.979
2333       (1 0 2 3 2 1 2)              87.984
2334       (1 0 3 1 2 1 2)              87.990
2335       (1 0 3 1 2 1 2)              87.995
2336       (1 0 2 3 2 1 2)              87.988
2337       (1 0 3 1 2 1 2)              87.981
2338       (1 0 2 3 2 1 2)              87.986
2339       (1 0 2 3 2 1 2)              87.991
2340       (0 0 4 6 1 2 1)              87.972
2341       (1 0 3 1 2 1 2)              87.977
2342       (1 0 2 3 2 1 2)              87.982
2343       (1 0 3 1 2 1 2)              87.956
2344       (1 0 2 3 2 1 2)              87.949
2345       (1 0 3 1 2 1 2)              87.954
2346       (0 0 4 2 2 2 1)              87.929
2347       (1 0 2 3 2 1 2)              87.934
2348       (1 0 2 3 2 1 2)              87.939
2349       (1 0 2 3 2 1 2)              87.932
2350       (1 0 2 3 2 1 2)              87.925
2351       (1 0 2 3 2 1 2)              87.912
2352       (1 0 2 3 2 1 2)              87.917
2353       (1 0 2 3 1 2 1)              87.922
2354       (1 0 3 1 2 1 2)              87.928
2355       (1 0 2 3 2 1 2)              87.933
2356       (1 0 2 3 2 1 2)              87.926
2357       (1 0 2 3 1 2 1)              87.931
2358       (1 0 2 3 2 1 2)              87.936
2359       (1 0 2 3 2 1 2)              87.941
2360       (1 0 2 3 2 1 2)              87.940
2361       (1 0 1 2 1 1 1)              87.945
2362       (1 0 1 2 1 1 1)              87.950
2363       (1 0 3 1 2 1 2)              87.956
2364       (1 0 0 0 1 2 0)              87.961
2365       (1 0 3 1 2 1 2)              87.948
2366       (1 0 2 3 2 1 2)              87.953
2367       (1 0 2 3 2 1 2)              87.958
2368       (1 0 2 3 2 1 2)              87.963
2369       (1 0 2 3 2 1 2)              87.968
2370       (1 0 2 3 2 1 2)              87.961
2371       (1 0 3 1 2 1 2)              87.954
2372       (1 0 3 1 2 1 2)              87.941
2373       (1 0 3 1 2 1 2)              87.946
2374       (1 0 3 1 2 1 2)              87.951
2375       (1 0 2 3 2 1 2)              87.956
2376       (1 0 2 3 2 1 2)              87.949
2377       (1 0 3 1 2 1 2)              87.942
2378       (1 0 1 2 1 2 1)              87.941
2379       (1 0 3 1 2 1 2)              87.922
2380       (1 0 2 3 2 1 2)              87.927
2381       (1 0 2 3 2 1 2)              87.932
2382       (1 0 2 3 2 1 2)              87.938
2383       (1 0 2 3 2 1 2)              87.943
2384       (0 0 2 3 1 1 1)              87.942
2385       (1 0 2 3 2 1 2)              87.947
2386       (1 0 2 3 2 1 1)              87.946
2387       (1 0 2 3 2 1 2)              87.939
2388       (1 0 3 1 2 1 2)              87.920
2389       (1 0 2 3 2 1 2)              87.925
2390       (1 0 3 1 2 1 2)              87.906
2391       (1 0 1 2 1 2 1)              87.899
2392       (1 0 1 2 1 1 1)              87.904
2393       (1 0 3 1 2 1 2)              87.903
2394       (0 0 4 6 1 2 1)              87.884
2395       (1 0 1 2 1 2 1)              87.878
2396       (1 0 1 2 1 1 1)              87.883
2397       (1 0 0 0 2 2 1)              87.888
2398       (1 0 3 1 2 1 2)              87.893
2399       (1 0 1 2 1 1 1)              87.898
2400       (1 0 2 3 2 1 2)              87.897
2401       (1 0 3 1 2 1 2)              87.902
2402       (1 0 1 2 1 1 1)              87.907
2403       (1 0 2 3 2 1 2)              87.912
2404       (1 0 3 1 2 1 2)              87.917
2405       (1 0 2 3 2 1 2)              87.916
2406       (1 0 1 2 1 1 1)              87.921
2407       (1 0 3 1 2 1 2)              87.902
2408       (1 0 2 3 2 1 2)              87.908
2409       (1 0 2 3 1 2 1)              87.913
2410       (1 0 3 1 2 1 2)              87.912
2411       (1 0 2 3 2 1 2)              87.917
2412       (1 0 3 1 2 1 2)              87.916
2413       (1 0 2 3 2 1 2)              87.921
2414       (1 0 2 3 2 1 2)              87.926
2415       (1 0 3 1 2 1 2)              87.913
2416       (1 0 2 3 2 1 2)              87.918
2417       (1 0 1 2 1 1 1)              87.923
2418       (1 0 3 1 2 1 2)              87.928
2419       (1 0 2 3 2 1 2)              87.933
2420       (1 0 2 3 2 1 2)              87.938
2421       (1 0 3 1 2 1 2)              87.931
2422       (1 0 3 1 2 1 1)              87.936
2423       (1 0 3 1 2 1 2)              87.941
2424       (1 0 3 1 2 1 2)              87.946
2425       (1 0 3 1 2 1 2)              87.951
2426       (1 0 2 3 1 1 1)              87.956
2427       (1 0 2 3 2 1 2)              87.961
2428       (1 0 1 2 1 2 1)              87.960
2429       (1 0 2 3 2 1 2)              87.953
2430       (0 0 4 3 2 1 1)              87.935
2431       (1 0 2 3 2 1 2)              87.934
2432       (1 0 3 1 2 1 2)              87.933
2433       (1 0 3 1 2 1 2)              87.920
2434       (1 0 1 2 1 1 1)              87.925
2435       (1 0 2 3 2 1 2)              87.930
2436       (1 0 1 2 1 1 1)              87.935
2437       (1 0 1 2 1 2 1)              87.934
2438       (1 0 3 1 1 1 1)              87.939
2439       (1 0 2 3 2 1 2)              87.944
2440       (1 0 2 3 2 1 2)              87.943
2441       (1 0 3 1 2 1 2)              87.948
2442       (1 0 1 2 1 1 1)              87.953
2443       (0 0 1 2 1 1 1)              87.952
2444       (1 0 1 2 1 2 1)              87.951
2445       (1 0 2 3 2 1 2)              87.956
2446       (1 0 0 0 1 2 0)              87.961
2447       (1 0 2 3 2 1 2)              87.966
2448       (1 0 0 0 2 2 1)              87.971
2449       (1 0 3 1 2 1 2)              87.976
2450       (1 0 1 2 1 1 1)              87.981
2451       (1 0 3 1 2 1 2)              87.974
2452       (1 0 2 3 1 1 2)              87.973
2453       (1 0 1 2 1 1 1)              87.978
2454       (1 0 2 3 2 1 2)              87.983
2455       (1 0 2 3 2 1 2)              87.988
2456       (1 0 0 0 2 2 1)              87.993
2457       (1 0 3 1 2 1 2)              87.992
2458       (1 0 2 3 2 1 2)              87.997
2459       (1 0 4 5 2 2 2)              87.984
2460       (1 0 2 3 2 1 2)              87.989
2461       (1 0 3 1 2 1 2)              87.994
2462       (1 0 2 3 2 1 2)              87.999
2463       (1 0 2 3 2 1 2)              88.004
2464       (1 0 2 3 2 1 2)              88.009
2465       (1 0 3 1 2 1 2)              88.014
2466       (1 0 3 1 2 1 2)              88.019
2467       (1 0 3 1 2 1 2)              88.012
2468       (1 0 3 1 2 1 2)              88.005
2469       (1 0 1 2 1 1 1)              88.010
2470       (1 0 3 1 2 1 2)              87.997
2471       (1 0 3 1 2 1 2)              87.991
2472       (1 0 4 5 2 2 2)              87.978
2473       (1 0 2 3 2 1 2)              87.983
2474       (1 0 2 3 2 1 2)              87.988
2475       (0 0 1 2 1 1 1)              87.987
2476       (1 0 2 3 2 1 2)              87.992
2477       (1 0 1 2 1 1 1)              87.997
2478       (1 0 2 3 1 2 1)              88.002
2479       (1 0 2 3 2 1 2)              88.006
2480       (0 0 4 6 0 0 1)              87.988
2481       (1 0 2 3 2 1 2)              87.993
2482       (1 0 2 3 2 1 2)              87.998
2483       (1 0 2 3 1 1 1)              87.997
2484       (1 0 2 3 2 1 2)              88.002
2485       (1 0 1 2 1 1 1)              88.007
2486       (1 0 2 3 2 1 2)              88.006
2487       (1 0 1 2 1 1 1)              87.999
2488       (1 0 1 2 1 1 1)              87.987
2489       (0 0 4 3 1 1 1)              87.974
2490       (1 0 3 1 2 1 2)              87.979
2491       (1 0 2 3 2 1 2)              87.984
2492       (1 0 3 1 2 1 2)              87.977
2493       (1 0 1 2 1 1 1)              87.982
2494       (1 0 1 2 1 1 1)              87.987
2495       (1 0 3 1 2 1 2)              87.980
2496       (1 0 3 1 2 1 2)              87.985
2497       (1 0 2 3 2 1 2)              87.990
2498       (1 0 1 2 0 0 1)              87.995
2499       (1 0 1 2 1 2 1)              87.971
2500       (1 0 2 3 2 1 2)              87.976
2501       (1 0 1 2 1 1 1)              87.980
2502       (0 0 1 2 1 2 1)              87.974
2503       (1 0 2 3 2 1 2)              87.979
2504       (1 0 2 3 2 1 2)              87.983
2505       (1 0 2 3 2 1 2)              87.988
2506       (1 0 1 2 0 0 1)              87.976
2507       (1 0 3 1 2 1 2)              87.975
2508       (1 0 2 3 2 1 2)              87.980
2509       (1 0 1 2 1 2 1)              87.979
2510       (1 0 2 3 2 1 2)              87.984
2511       (1 0 1 2 1 1 1)              87.989
2512       (1 0 0 0 2 2 1)              87.971
2513       (1 0 1 2 0 0 1)              87.975
2514       (1 0 2 3 2 1 2)              87.980
2515       (1 0 3 1 2 1 2)              87.962
2516       (1 0 2 3 2 1 2)              87.967
2517       (1 0 0 0 2 2 1)              87.972
2518       (1 0 2 3 2 1 2)              87.977
2519       (1 0 3 1 2 1 2)              87.981
2520       (1 0 3 1 2 1 2)              87.975
2521       (1 0 3 1 2 1 2)              87.968
2522       (1 0 1 2 1 1 1)              87.973
2523       (1 0 3 1 2 1 2)              87.966
2524       (1 0 2 3 2 1 2)              87.971
2525       (1 0 2 3 2 1 2)              87.976
2526       (0 0 2 3 1 2 1)              87.958
2527       (1 0 2 3 2 1 2)              87.963
2528       (1 0 2 3 2 1 2)              87.968
2529       (1 0 3 1 2 1 2)              87.961
2530       (1 0 3 1 2 1 2)              87.960
2531       (1 0 2 3 1 2 1)              87.965
2532       (1 0 1 2 1 1 1)              87.970
2533       (1 0 2 3 2 1 2)              87.974
2534       (1 0 3 1 2 1 2)              87.979
2535       (1 0 0 0 1 2 0)              87.984
2536       (1 0 2 3 2 1 2)              87.989
2537       (1 0 2 3 2 1 2)              87.993
2538       (1 0 3 1 2 1 2)              87.998
2539       (1 0 2 3 2 1 2)              87.997
2540       (1 0 3 1 2 1 2)              87.991
2541       (1 0 2 3 1 1 1)              87.995
2542       (1 0 3 1 2 1 2)              87.995
2543       (1 0 2 3 2 1 2)              87.988
2544       (1 0 1 2 1 1 1)              87.993
2545       (1 0 2 3 2 1 2)              87.998
2546       (1 0 2 3 2 1 2)              88.002
2547       (1 0 2 3 2 1 2)              88.007
2548       (1 0 2 3 2 1 2)              88.012
2549       (1 0 3 1 2 1 2)              88.005
2550       (1 0 1 2 1 1 1)              87.987
2551       (1 0 1 2 1 1 1)              87.987
2552       (1 0 1 2 1 1 1)              87.991
2553       (1 0 2 3 2 1 2)              87.996
2554       (1 0 1 2 1 1 1)              88.001
2555       (1 0 1 2 0 0 1)              88.005
2556       (1 0 2 3 2 1 2)              88.010
2557       (1 0 3 1 2 1 2)              88.015
2558       (1 0 2 3 2 1 2)              88.008
2559       (1 0 1 2 1 2 1)              88.007
2560       (1 0 2 3 2 1 1)              87.995
2561       (1 0 3 1 2 1 2)              88.000
2562       (1 0 3 1 2 1 2)              88.005
2563       (1 0 1 2 1 2 1)              88.004
2564       (1 0 2 3 2 1 2)              88.009
2565       (1 0 1 2 1 1 1)              88.013
2566       (1 0 2 3 2 1 2)              88.018
2567       (0 0 1 2 0 0 1)              88.017
2568       (1 0 3 1 2 1 2)              88.022
2569       (1 0 3 1 2 1 2)              88.021
2570       (1 0 2 3 2 1 2)              88.014
2571       (1 0 2 3 2 1 2)              88.019
2572       (1 0 2 3 2 1 2)              88.024
2573       (1 0 2 3 2 1 2)              88.017
2574       (1 0 3 1 2 1 2)              88.022
2575       (1 0 3 1 2 1 2)              87.999
2576       (0 0 4 5 2 1 1)              87.981
2577       (1 0 1 2 1 1 1)              87.986
2578       (1 0 1 2 1 1 1)              87.990
2579       (1 0 3 1 2 1 2)              87.995
2580       (1 0 1 2 1 2 1)              87.989
2581       (1 0 2 3 2 1 2)              87.993
2582       (1 0 3 1 2 1 2)              87.987
2583       (1 0 1 2 1 1 1)              87.992
2584       (1 0 2 3 2 1 2)              87.996
2585       (1 0 2 3 2 1 2)              88.001
2586       (1 0 2 3 2 1 2)              87.994
2587       (1 0 1 2 1 2 1)              87.999
2588       (1 0 3 1 2 1 2)              88.004
2589       (1 0 1 2 1 1 1)              88.008
2590       (1 0 2 3 2 1 2)              88.013
2591       (1 0 2 3 2 1 2)              88.018
2592       (1 0 1 2 1 1 1)              88.022
2593       (1 0 1 2 1 1 1)              88.027
2594       (0 0 4 2 1 1 1)              88.015
2595       (1 0 2 3 2 1 2)              88.020
2596       (1 0 3 1 2 1 2)              88.024
2597       (1 0 1 2 1 1 1)              88.029
2598       (1 0 3 1 2 1 2)              88.023
2599       (1 0 2 3 2 1 2)              88.016
2600       (1 0 2 3 2 1 2)              88.021
2601       (1 0 2 3 2 1 2)              88.020
2602       (1 0 2 3 2 1 2)              88.024
2603       (1 0 0 0 2 2 1)              88.013
2604       (1 0 2 3 2 1 2)              88.006
2605       (1 0 2 3 2 1 2)              88.011
2606       (1 0 3 1 2 1 2)              88.015
2607       (1 0 1 2 1 1 1)              88.020
2608       (1 0 3 1 2 1 2)              88.025
2609       (1 0 1 2 1 1 1)              88.029
2610       (1 0 3 1 2 1 2)              88.023
2611       (1 0 1 2 1 2 1)              88.022
2612       (1 0 2 3 2 1 2)              88.027
2613       (1 0 1 2 1 1 1)              88.031
2614       (1 0 3 1 2 1 2)              88.036
2615       (1 0 1 2 1 1 1)              88.018
2616       (1 0 2 3 2 1 2)              88.023
2617       (1 0 4 5 2 2 2)              88.011
2618       (1 0 3 1 1 1 1)              88.016
2619       (1 0 2 3 2 1 2)              88.020
2620       (1 0 1 2 1 2 1)              88.019
2621       (1 0 3 1 2 1 2)              88.024
2622       (0 0 1 2 1 1 1)              88.023
2623       (1 0 3 1 2 1 2)              88.006
2624       (1 0 2 3 2 1 2)              88.010
2625       (1 0 3 1 2 1 1)              88.010
2626       (1 0 3 1 2 1 2)              88.003
2627       (1 0 2 3 2 1 2)              88.008
2628       (1 0 2 3 2 1 2)              88.012
2629       (1 0 3 1 2 1 2)              88.012
2630       (1 0 2 3 2 1 2)              88.005
2631       (1 0 3 1 2 1 2)              88.010
2632       (1 0 2 3 2 1 2)              88.003
2633       (1 0 1 2 0 0 0)              87.986
2634       (1 0 1 2 1 1 1)              87.964
2635       (1 0 2 3 2 1 2)              87.968
2636       (1 0 3 1 2 1 2)              87.973
2637       (1 0 1 2 2 2 1)              87.972
2638       (1 0 2 3 2 1 2)              87.966
2639       (1 0 2 3 2 1 2)              87.970
2640       (1 0 2 3 2 1 2)              87.964
2641       (1 0 2 3 2 1 2)              87.968
2642       (0 0 4 3 2 1 1)              87.951
2643       (1 0 3 1 2 1 2)              87.956
2644       (1 0 2 3 1 2 1)              87.961
2645       (1 0 2 3 2 1 2)              87.954
2646       (1 0 0 0 1 2 0)              87.959
2647       (1 0 2 3 2 1 2)              87.953
2648       (1 0 2 3 2 1 2)              87.957
2649       (1 0 2 3 2 1 2)              87.951
2650       (1 0 2 3 2 1 2)              87.955
2651       (0 0 4 6 0 0 1)              87.938
2652       (1 0 3 1 2 1 2)              87.943
2653       (1 0 3 1 2 1 2)              87.920
2654       (1 0 2 3 2 1 2)              87.920
2655       (1 0 3 1 2 1 2)              87.924
2656       (1 0 2 3 1 1 1)              87.929
2657       (1 0 3 1 2 1 2)              87.922
2658       (1 0 3 1 2 1 2)              87.927
2659       (1 0 3 1 2 1 2)              87.915
2660       (1 0 2 3 1 2 1)              87.920
2661       (1 0 2 3 1 0 1)              87.919
2662       (1 0 1 2 0 0 1)              87.908
2663       (1 0 3 1 2 1 2)              87.912
2664       (1 0 3 1 2 1 2)              87.906
2665       (1 0 3 1 2 1 2)              87.910
2666       (1 0 3 1 2 1 2)              87.893
2667       (1 0 1 2 1 1 1)              87.898
2668       (1 0 0 0 2 2 1)              87.903
2669       (1 0 3 1 2 1 2)              87.902
2670       (1 0 2 3 1 2 1)              87.879
2671       (1 0 3 1 2 1 2)              87.863
2672       (1 0 2 3 2 1 2)              87.846
2673       (1 0 3 1 2 1 2)              87.850
2674       (1 0 2 3 2 1 2)              87.855
2675       (1 0 2 3 2 1 2)              87.859
2676       (1 0 3 1 2 1 2)              87.864
2677       (0 0 4 6 0 0 1)              87.852
2678       (1 0 2 3 2 1 2)              87.852
2679       (1 0 2 3 2 1 2)              87.856
2680       (1 0 2 3 2 1 2)              87.861
2681       (1 0 2 3 1 0 1)              87.865
2682       (1 0 0 0 1 2 0)              87.870
2683       (1 0 3 1 2 1 2)              87.864
2684       (1 0 2 3 2 1 2)              87.868
2685       (1 0 1 2 1 2 1)              87.867
2686       (1 0 2 3 2 1 2)              87.861
2687       (1 0 1 2 1 2 1)              87.860
2688       (1 0 3 1 2 1 2)              87.865
2689       (1 0 2 3 2 1 2)              87.869
2690       (1 0 2 3 2 1 2)              87.874
2691       (1 0 1 2 1 1 1)              87.878
2692       (0 0 1 2 0 0 1)              87.878
2693       (1 0 0 0 2 2 1)              87.882
2694       (1 0 2 3 2 1 2)              87.887
2695       (1 0 3 1 2 1 2)              87.891
2696       (1 0 2 3 2 1 2)              87.896
2697       (1 0 1 2 1 1 1)              87.900
2698       (1 0 2 3 2 1 2)              87.905
2699       (1 0 2 3 2 1 2)              87.909
2700       (1 0 1 2 0 0 1)              87.914
2701       (1 0 2 3 2 1 2)              87.918
2702       (1 0 1 2 1 1 1)              87.907
2703       (1 0 3 1 2 1 2)              87.906
2704       (1 0 1 2 1 2 1)              87.910
2705       (1 0 3 1 2 1 2)              87.904
2706       (1 0 3 1 2 1 2)              87.909
2707       (1 0 2 3 2 1 2)              87.908
2708       (1 0 3 1 2 1 2)              87.912
2709       (1 0 1 2 1 2 1)              87.912
2710       (1 0 2 3 2 1 2)              87.906
2711       (1 0 2 3 2 1 2)              87.910
2712       (1 0 1 2 1 1 1)              87.915
2713       (1 0 3 1 2 1 2)              87.919
2714       (1 0 2 3 2 1 2)              87.923
2715       (0 0 1 2 1 1 1)              87.907
2716       (1 0 0 0 1 0 1)              87.911
2717       (1 0 2 3 2 1 2)              87.916
2718       (1 0 4 5 2 2 2)              87.904
2719       (1 0 2 3 1 2 1)              87.909
2720       (1 0 3 1 2 1 2)              87.913
2721       (1 0 2 3 2 1 2)              87.918
2722       (1 0 3 1 2 1 2)              87.922
2723       (1 0 3 1 2 1 2)              87.921
2724       (1 0 1 2 1 2 1)              87.921
2725       (1 0 2 3 2 1 2)              87.925
2726       (1 0 2 3 2 1 2)              87.929
2727       (1 0 2 3 2 1 2)              87.934
2728       (1 0 2 3 2 1 2)              87.938
2729       (1 0 3 1 2 1 2)              87.943
2730       (1 0 3 1 2 1 2)              87.937
2731       (1 0 2 3 2 1 2)              87.941
2732       (1 0 3 1 2 1 2)              87.940
2733       (1 0 1 2 1 1 1)              87.945
2734       (1 0 2 3 2 1 2)              87.949
2735       (1 0 3 1 2 1 2)              87.954
2736       (1 0 3 1 2 1 2)              87.958
2737       (1 0 1 2 1 2 1)              87.952
2738       (1 0 1 2 1 1 1)              87.956
2739       (1 0 1 2 1 1 1)              87.961
2740       (1 0 2 3 2 1 2)              87.960
2741       (1 0 3 1 2 1 2)              87.964
2742       (1 0 2 3 2 1 2)              87.969
2743       (1 0 2 3 2 1 2)              87.958
2744       (1 0 2 3 2 1 2)              87.962
2745       (0 0 1 2 0 0 1)              87.961
2746       (1 0 1 2 1 1 1)              87.966
2747       (1 0 3 1 2 1 2)              87.970
2748       (1 0 3 1 2 1 2)              87.974
2749       (1 0 2 3 2 1 2)              87.968
2750       (1 0 3 1 2 1 2)              87.967
2751       (1 0 0 0 2 2 1)              87.972
2752       (1 0 2 3 2 1 2)              87.976
2753       (1 0 2 3 2 1 2)              87.981
2754       (1 0 3 1 2 1 2)              87.985
2755       (1 0 1 2 1 1 1)              87.989
2756       (1 0 2 3 2 1 2)              87.994
2757       (1 0 2 3 2 1 2)              87.998
2758       (1 0 1 2 1 1 1)              88.002
2759       (1 0 2 3 2 1 2)              88.007
2760       (1 0 2 3 2 1 2)              88.011
2761       (1 0 1 2 1 2 1)              87.990
2762       (1 0 2 3 2 1 2)              87.984
2763       (1 0 2 3 2 1 2)              87.988
2764       (1 0 0 0 1 2 0)              87.992
2765       (1 0 2 3 2 1 2)              87.997
2766       (1 0 2 3 2 1 2)              88.001
2767       (1 0 2 3 2 1 2)              88.000
2768       (1 0 1 2 1 1 1)              88.005
2769       (1 0 2 3 2 1 2)              88.009
2770       (1 0 3 1 2 1 2)              88.003
2771       (1 0 1 2 1 1 1)              88.007
2772       (1 0 3 1 2 1 2)              88.006
2773       (1 0 3 1 2 1 2)              88.011
2774       (1 0 3 1 1 1 1)              88.015
2775       (1 0 1 2 1 2 1)              88.009
2776       (1 0 2 3 2 1 2)              88.008
2777       (1 0 2 3 2 1 2)              88.007
2778       (0 0 1 2 1 1 1)              88.007
2779       (1 0 2 3 2 1 2)              88.011
2780       (1 0 2 3 2 1 2)              88.015
2781       (1 0 2 3 2 1 2)              88.020
2782       (1 0 2 3 2 1 2)              88.024
2783       (0 0 1 2 1 1 1)              88.013
2784       (1 0 2 3 2 1 2)              88.017
2785       (1 0 1 2 1 1 1)              88.021
2786       (1 0 3 1 2 1 2)              88.026
2787       (1 0 3 1 2 1 2)              88.030
2788       (1 0 3 1 2 1 2)              88.029
2789       (1 0 1 2 1 1 1)              88.034
2790       (1 0 2 3 1 2 1)              88.012
2791       (1 0 1 2 0 0 1)              88.016
2792       (1 0 1 2 1 1 1)              88.005
2793       (1 0 2 3 2 1 2)              88.010
2794       (1 0 2 3 2 1 2)              88.014
2795       (1 0 2 3 2 1 2)              88.018
2796       (1 0 1 2 1 1 1)              88.023
2797       (1 0 2 3 2 1 2)              88.027
2798       (1 0 1 2 1 1 1)              88.031
2799       (1 0 1 2 1 1 1)              88.035
2800       (1 0 1 2 1 1 1)              88.040
2801       (0 0 4 6 0 0 1)              88.029
2802       (1 0 3 1 2 1 2)              88.028
2803       (1 0 2 3 2 1 2)              88.032
2804       (1 0 2 3 2 1 2)              88.036
2805       (1 0 2 3 2 1 2)              88.030
2806       (1 0 2 3 1 2 1)              88.035
2807       (1 0 1 2 1 1 1)              88.039
2808       (1 0 2 3 2 1 2)              88.043
2809       (1 0 3 1 2 1 2)              88.037
2810       (1 0 1 2 1 2 1)              88.037
2811       (1 0 2 3 2 1 2)              88.041
2812       (0 0 1 2 1 1 1)              88.030
2813       (1 0 3 1 2 1 2)              88.019
2814       (1 0 4 5 2 2 2)              88.008
2815       (1 0 3 1 2 1 2)              87.997
2816       (1 0 2 3 2 1 2)              88.001
2817       (1 0 1 2 1 1 1)              88.005
2818       (1 0 2 3 1 2 1)              88.010
2819       (1 0 2 3 2 1 2)              88.014
2820       (0 0 1 2 1 1 1)              87.988
2821       (1 0 2 3 2 1 2)              87.992
2822       (1 0 2 3 2 1 2)              87.996
2823       (1 0 2 3 2 1 2)              88.000
2824       (1 0 1 2 2 2 1)              88.000
2825       (1 0 2 3 2 1 2)              88.004
2826       (0 0 4 3 2 1 1)              87.988
2827       (1 0 1 2 1 1 1)              87.992
2828       (1 0 2 3 2 1 2)              87.996
2829       (1 0 2 3 2 1 2)              88.001
2830       (1 0 2 3 2 1 2)              88.005
2831       (1 0 1 2 1 1 1)              87.989
2832       (1 0 3 1 2 1 2)              87.983
2833       (1 0 1 2 1 2 1)              87.982
2834       (1 0 1 2 1 2 1)              87.986
2835       (1 0 2 3 2 1 2)              87.981
2836       (1 0 2 3 2 1 2)              87.985
2837       (1 0 2 3 2 1 2)              87.989
2838       (1 0 2 3 2 1 2)              87.993
2839       (0 0 4 6 1 2 2)              87.977
2840       (1 0 3 1 2 1 2)              87.972
2841       (1 0 2 3 2 1 2)              87.966
2842       (1 0 3 1 2 1 2)              87.965
2843       (1 0 1 2 1 2 1)              87.944
2844       (0 0 4 5 2 1 1)              87.928
2845       (1 0 2 3 2 1 2)              87.932
2846       (1 0 2 3 2 1 2)              87.931
2847       (1 0 3 1 2 1 2)              87.936
2848       (1 0 1 2 1 1 1)              87.940
2849       (1 0 2 3 2 1 2)              87.944
2850       (1 0 2 3 2 1 2)              87.948
2851       (1 0 1 2 1 1 1)              87.953
2852       (1 0 0 0 1 2 0)              87.957
2853       (1 0 2 3 2 1 2)              87.951
2854       (1 0 2 3 2 1 2)              87.955
2855       (0 0 2 3 1 1 1)              87.950
2856       (1 0 2 3 2 1 2)              87.944
2857       (1 0 1 2 1 2 1)              87.938
2858       (1 0 1 2 1 1 1)              87.942
2859       (1 0 3 1 2 1 2)              87.946
2860       (1 0 2 3 2 1 2)              87.951
2861       (1 0 1 2 2 2 1)              87.955
2862       (1 0 3 1 2 1 2)              87.959
2863       (1 0 2 3 2 1 2)              87.953
2864       (1 0 3 1 2 1 2)              87.948
2865       (1 0 2 3 2 1 2)              87.947
2866       (1 0 3 1 2 1 2)              87.941
2867       (1 0 3 1 2 1 2)              87.935
2868       (0 0 1 2 1 1 1)              87.919
2869       (1 0 2 3 1 2 1)              87.919
2870       (1 0 3 1 2 1 2)              87.913
2871       (1 0 3 1 2 1 2)              87.897
2872       (1 0 3 1 2 1 2)              87.881
2873       (1 0 2 3 2 1 2)              87.886
2874       (1 0 1 2 1 1 1)              87.890
2875       (1 0 2 3 2 1 2)              87.894
2876       (1 0 1 2 1 2 1)              87.873
2877       (1 0 3 1 2 1 2)              87.878
2878       (1 0 3 1 2 1 2)              87.877
2879       (1 0 1 2 1 2 1)              87.856
2880       (1 0 3 1 2 1 2)              87.860
2881       (1 0 2 3 2 2 1)              87.865
2882       (1 0 2 3 2 1 2)              87.869
2883       (0 0 1 2 2 2 1)              87.858
2884       (1 0 3 1 2 1 2)              87.862
2885       (1 0 2 3 2 1 2)              87.867
2886       (1 0 1 2 1 1 1)              87.871
2887       (1 0 2 3 2 1 2)              87.875
2888       (1 0 2 3 2 1 2)              87.879
2889       (1 0 2 3 1 2 1)              87.883
2890       (1 0 1 2 1 2 1)              87.883
2891       (1 0 2 3 2 1 1)              87.872
2892       (1 0 1 2 1 2 1)              87.871
2893       (1 0 3 1 2 1 2)              87.875
2894       (1 0 2 3 2 1 2)              87.875
2895       (1 0 2 3 2 1 2)              87.879
2896       (1 0 3 1 2 1 2)              87.883
2897       (1 0 3 1 2 1 2)              87.877
2898       (1 0 2 3 2 1 2)              87.872
2899       (1 0 3 1 2 1 2)              87.866
2900       (1 0 2 3 2 1 2)              87.870
2901       (1 0 3 1 2 1 2)              87.860
2902       (1 0 3 1 2 1 2)              87.864
2903       (1 0 2 3 2 1 2)              87.868
2904       (1 0 2 3 2 1 2)              87.862
2905       (1 0 2 3 2 1 2)              87.867
2906       (1 0 2 3 2 1 2)              87.861
2907       (1 0 2 3 2 1 2)              87.865
2908       (1 0 2 3 2 1 2)              87.869
2909       (1 0 2 3 2 1 1)              87.868
2910       (1 0 2 3 2 1 2)              87.873
2911       (1 0 2 3 2 1 2)              87.872
2912       (0 0 1 2 1 1 1)              87.871
2913       (1 0 2 3 2 1 2)              87.875
2914       (1 0 3 1 2 1 2)              87.875
2915       (1 0 3 1 2 1 2)              87.869
2916       (1 0 3 1 2 1 2)              87.868
2917       (1 0 2 3 2 1 2)              87.867
2918       (1 0 2 3 1 2 1)              87.867
2919       (1 0 2 3 2 1 2)              87.871
2920       (1 0 2 3 2 1 2)              87.875
2921       (0 0 1 2 1 1 1)              87.865
2922       (0 0 2 3 1 1 1)              87.859
2923       (1 0 2 3 2 1 2)              87.858
2924       (1 0 1 2 1 1 1)              87.862
2925       (1 0 1 2 1 1 1)              87.866
2926       (0 0 4 5 2 2 1)              87.846
2927       (1 0 2 3 2 1 2)              87.845
2928       (1 0 2 3 2 1 2)              87.850
2929       (1 0 3 1 2 1 2)              87.834
2930       (1 0 2 3 2 1 2)              87.824
2931       (0 0 4 6 1 2 2)              87.808
2932       (1 0 3 1 2 1 2)              87.812
2933       (1 0 2 3 2 1 2)              87.807
2934       (1 0 3 1 2 1 2)              87.811
2935       (1 0 0 0 2 2 1)              87.815
2936       (1 0 2 3 2 1 2)              87.819
2937       (1 0 2 3 2 1 2)              87.823
2938       (1 0 2 3 2 1 2)              87.828
2939       (1 0 1 2 1 1 1)              87.832
2940       (1 0 3 1 2 1 2)              87.831
2941       (0 0 2 3 1 2 1)              87.825
2942       (1 0 3 1 2 1 2)              87.820
2943       (1 0 3 1 2 1 2)              87.824
2944       (0 0 4 6 1 2 2)              87.809
2945       (1 0 2 3 2 1 2)              87.813
2946       (1 0 3 1 2 1 2)              87.817
2947       (1 0 3 1 2 1 2)              87.802
2948       (1 0 3 1 2 1 2)              87.796
2949       (1 0 3 1 2 1 2)              87.800
2950       (1 0 3 1 2 1 2)              87.804
2951       (1 0 3 1 2 1 2)              87.799
2952       (1 0 3 1 2 1 2)              87.803
2953       (1 0 2 3 2 1 2)              87.807
2954       (1 0 2 3 2 1 2)              87.811
2955       (1 0 3 1 2 1 2)              87.815
2956       (1 0 2 3 2 1 2)              87.810
2957       (1 0 1 2 1 1 1)              87.814
2958       (1 0 2 3 2 1 2)              87.808
2959       (1 0 2 3 2 1 2)              87.813
2960       (1 0 2 3 1 2 1)              87.817
2961       (1 0 2 3 2 1 2)              87.811
2962       (1 0 1 2 1 2 1)              87.806
2963       (1 0 3 1 2 1 2)              87.786
2964       (1 0 2 3 2 1 2)              87.790
2965       (1 0 3 1 2 1 2)              87.794
2966       (1 0 1 2 1 1 1)              87.798
2967       (1 0 1 2 1 1 1)              87.802
2968       (1 0 2 3 2 1 1)              87.792
2969       (1 0 3 1 2 1 2)              87.796
2970       (1 0 1 2 1 1 1)              87.800
2971       (1 0 0 0 2 2 1)              87.790
2972       (1 0 1 2 1 1 1)              87.794
2973       (1 0 2 3 2 1 2)              87.798
2974       (1 0 1 2 1 1 1)              87.802
2975       (1 0 2 3 2 1 2)              87.801
2976       (1 0 3 1 2 1 2)              87.805
2977       (1 0 3 1 2 1 2)              87.809
2978       (1 0 3 1 2 1 2)              87.814
2979       (1 0 3 1 2 1 2)              87.808
2980       (0 0 1 2 1 1 1)              87.803
2981       (1 0 1 2 1 2 1)              87.797
2982       (1 0 1 2 1 1 1)              87.801
2983       (0 0 1 2 0 0 1)              87.800
2984       (1 0 3 1 2 1 2)              87.800
2985       (1 0 3 1 2 1 2)              87.799
2986       (1 0 2 3 2 1 2)              87.803
2987       (1 0 3 1 2 1 2)              87.807
2988       (1 0 2 3 2 1 2)              87.811
2989       (1 0 2 3 2 1 2)              87.815
2990       (0 0 1 2 1 2 1)              87.810
2991       (1 0 2 3 2 1 2)              87.814
2992       (1 0 3 1 2 1 2)              87.818
2993       (1 0 3 1 2 1 2)              87.798
2994       (1 0 2 3 2 1 2)              87.802
2995       (1 0 2 3 2 1 2)              87.806
2996       (1 0 2 3 2 1 2)              87.806
2997       (1 0 1 2 1 2 1)              87.805
2998       (1 0 3 1 2 1 2)              87.785
2999       (1 0 3 1 2 1 2)              87.789
3000       (1 0 1 2 1 1 1)              87.793
3001       (1 0 1 2 1 1 1)              87.797
3002       (1 0 1 2 1 2 1)              87.792
3003       (1 0 3 1 2 1 2)              87.796
3004       (1 0 2 3 2 1 2)              87.791
3005       (1 0 2 3 2 1 2)              87.795
3006       (1 0 3 1 2 1 2)              87.789
3007       (1 0 3 1 2 1 2)              87.793
3008       (1 0 2 3 2 1 2)              87.797
3009       (1 0 3 1 2 1 2)              87.801
3010       (1 0 3 1 2 1 1)              87.805
3011       (1 0 2 3 2 2 1)              87.810
3012       (1 0 3 1 2 1 2)              87.814
3013       (1 0 1 2 1 1 1)              87.818
3014       (1 0 3 1 2 1 2)              87.822
3015       (1 0 1 2 1 1 1)              87.807
3016       (1 0 2 3 2 1 2)              87.811
3017       (1 0 1 2 1 1 1)              87.815
3018       (1 0 2 3 1 2 1)              87.819
3019       (1 0 1 2 0 0 1)              87.813
3020       (1 0 0 0 2 2 1)              87.817
3021       (1 0 1 2 1 1 1)              87.822
3022       (1 0 2 3 2 1 2)              87.826
3023       (1 0 3 1 2 1 2)              87.830
3024       (1 0 1 2 1 1 1)              87.834
3025       (1 0 3 1 2 1 2)              87.838
3026       (1 0 2 3 2 1 2)              87.842
3027       (1 0 2 3 2 1 2)              87.822
3028       (0 0 4 6 1 2 2)              87.807
3029       (1 0 1 2 1 1 1)              87.811
3030       (1 0 2 3 2 1 2)              87.815
3031       (1 0 1 2 1 2 1)              87.805
3032       (1 0 1 2 1 1 1)              87.809
3033       (1 0 0 0 0 0 0)              87.813
3034       (1 0 3 1 2 1 2)              87.817
3035       (1 0 2 3 2 1 2)              87.812
3036       (1 0 3 1 2 1 2)              87.806
3037       (1 0 1 2 1 1 1)              87.810
3038       (1 0 3 1 2 1 2)              87.805
3039       (1 0 3 1 2 1 2)              87.809
3040       (1 0 1 2 1 1 1)              87.813
3041       (0 0 1 2 0 0 1)              87.798
3042       (1 0 3 1 2 1 2)              87.779
3043       (1 0 2 3 2 1 2)              87.773
3044       (1 0 2 3 2 1 2)              87.768
3045       (1 0 1 2 1 1 1)              87.772
3046       (1 0 2 3 2 1 2)              87.776
3047       (1 0 3 1 2 1 2)              87.780
3048       (1 0 1 2 1 1 1)              87.784
3049       (1 0 2 3 2 1 2)              87.788
3050       (1 0 1 2 1 1 1)              87.792
3051       (1 0 2 3 2 1 2)              87.796
3052       (1 0 1 2 1 1 1)              87.781
3053       (1 0 2 3 2 1 2)              87.785
3054       (1 0 1 2 1 1 1)              87.789
3055       (1 0 2 3 2 1 2)              87.784
3056       (1 0 2 3 2 1 2)              87.788
3057       (1 0 1 2 1 1 1)              87.792
3058       (1 0 0 0 2 2 1)              87.796
3059       (1 0 2 3 2 1 2)              87.800
3060       (1 0 2 3 2 1 2)              87.804
3061       (0 0 1 2 1 1 1)              87.803
3062       (1 0 2 3 2 1 2)              87.803
3063       (1 0 4 5 2 2 2)              87.793
3064       (1 0 3 1 2 1 2)              87.797
3065       (1 0 1 2 2 2 1)              87.796
3066       (1 0 0 0 2 2 1)              87.791
3067       (1 0 2 3 2 1 2)              87.785
3068       (1 0 2 3 2 1 2)              87.789
3070       (1 0 3 1 2 1 2)              87.793
3071       (1 0 2 3 2 1 2)              87.797
3072       (1 0 1 2 1 1 1)              87.801
3073       (1 0 2 3 2 1 2)              87.805
3074       (1 0 3 1 2 1 2)              87.809
3075       (1 0 3 1 2 1 2)              87.808
3076       (1 0 2 3 1 2 1)              87.812
3077       (1 0 3 1 2 1 2)              87.812
3078       (1 0 3 1 2 1 2)              87.806
3079       (1 0 2 3 2 1 2)              87.806
3080       (1 0 2 3 2 1 2)              87.810
3081       (1 0 2 3 2 1 2)              87.814
3082       (1 0 2 3 2 1 2)              87.818
3083       (1 0 2 3 0 0 0)              87.822
3084       (1 0 1 2 0 0 1)              87.826
3085       (1 0 1 2 1 1 1)              87.829
3086       (1 0 3 1 2 1 2)              87.833
3087       (1 0 2 3 1 1 1)              87.837
3088       (1 0 2 3 2 1 2)              87.832
3089       (1 0 3 1 2 1 2)              87.836
3090       (1 0 3 1 2 1 2)              87.817
3091       (1 0 3 1 2 1 2)              87.821
3092       (1 0 1 2 1 1 1)              87.825
3093       (1 0 2 3 2 1 2)              87.819
3094       (1 0 3 1 2 1 2)              87.823
3095       (0 0 2 3 1 2 1)              87.823
3096       (1 0 3 1 2 1 2)              87.817
3097       (1 0 1 2 1 1 1)              87.821
3098       (1 0 2 3 2 1 2)              87.825
3099       (1 0 1 2 1 1 1)              87.829
3100       (0 0 4 3 2 1 1)              87.815
3101       (1 0 2 3 2 1 2)              87.809
3102       (1 0 2 3 2 1 2)              87.813
3103       (1 0 3 1 2 1 2)              87.808
3104       (1 0 3 1 2 1 2)              87.812
3105       (1 0 1 2 1 1 1)              87.816
3106       (1 0 2 3 2 1 2)              87.820
3107       (1 0 1 2 1 1 1)              87.824
3108       (1 0 1 2 1 1 1)              87.828
3109       (1 0 3 1 2 1 2)              87.813
3110       (1 0 3 1 2 1 2)              87.812
3111       (1 0 1 2 1 1 1)              87.816
3112       (1 0 2 3 1 2 1)              87.816
3113       (1 0 1 2 1 1 1)              87.820
3114       (1 0 2 3 2 1 2)              87.814
3115       (0 0 4 6 0 0 1)              87.804
3116       (1 0 3 1 2 1 2)              87.804
3117       (1 0 2 3 2 1 2)              87.808
3118       (1 0 3 1 2 1 2)              87.812
3119       (1 0 3 1 2 1 2)              87.811
3120       (1 0 1 2 0 0 1)              87.815
3121       (1 0 2 3 2 1 1)              87.805
3122       (1 0 1 2 1 1 1)              87.809
3123       (1 0 2 3 2 1 2)              87.813
3124       (1 0 1 2 2 2 1)              87.817
3125       (1 0 3 1 2 1 2)              87.821
3126       (1 0 2 3 2 1 2)              87.820
3127       (1 0 2 3 2 1 2)              87.810
3128       (1 0 1 2 1 1 1)              87.814
3129       (1 0 1 2 1 1 1)              87.818
3130       (1 0 0 0 1 2 0)              87.822
3131       (1 0 2 3 2 1 2)              87.826
3132       (1 0 2 3 2 1 2)              87.821
3133       (1 0 2 3 2 1 2)              87.815
3134       (1 0 3 1 2 1 2)              87.819
3135       (1 0 2 3 2 1 2)              87.814
3136       (1 0 2 3 2 1 2)              87.809
3137       (1 0 1 2 1 1 1)              87.813
3138       (0 0 4 6 1 1 1)              87.803
3139       (1 0 3 1 2 1 1)              87.802
3140       (1 0 2 3 2 1 2)              87.806
3141       (1 0 3 1 2 1 2)              87.805
3142       (1 0 2 3 2 1 2)              87.809
3143       (1 0 1 2 1 1 1)              87.813
3144       (1 0 2 3 2 1 2)              87.817
3145       (1 0 2 3 2 1 2)              87.812
3146       (1 0 3 1 2 1 2)              87.816
3147       (1 0 3 1 2 1 2)              87.820
3148       (1 0 2 3 2 1 2)              87.819
3149       (1 0 2 3 2 1 2)              87.823
3150       (1 0 2 3 2 1 2)              87.827
3151       (1 0 3 1 2 1 2)              87.831
3152       (1 0 3 1 2 1 1)              87.830
3153       (1 0 2 3 2 1 2)              87.834
3154       (1 0 2 3 2 1 2)              87.838
3155       (1 0 3 1 2 1 2)              87.837
3156       (1 0 1 2 1 1 1)              87.827
3157       (1 0 3 1 2 1 2)              87.831
3158       (0 0 4 5 2 2 1)              87.817
3159       (1 0 3 1 2 1 2)              87.812
3160       (1 0 1 2 1 2 1)              87.811
3161       (1 0 3 1 2 1 2)              87.815
3162       (1 0 1 2 1 1 1)              87.819
3163       (1 0 2 3 2 1 2)              87.822
3164       (1 0 3 1 2 1 2)              87.817
3165       (1 0 2 3 2 1 2)              87.821
3166       (1 0 2 3 2 1 2)              87.825
3167       (1 0 1 2 2 2 1)              87.820
3168       (1 0 3 1 2 1 2)              87.815
3169       (1 0 1 2 1 1 1)              87.818
3170       (1 0 2 3 2 1 2)              87.813
3171       (1 0 2 3 2 1 2)              87.817
3172       (1 0 2 3 1 2 1)              87.807
3173       (1 0 2 3 2 1 2)              87.811
3174       (1 0 2 3 2 1 2)              87.815
3175       (1 0 2 3 2 1 2)              87.819
3176       (0 0 2 3 1 2 1)              87.818
3177       (1 0 4 5 2 2 2)              87.809
3178       (1 0 1 2 1 2 1)              87.808
3179       (1 0 2 3 2 1 2)              87.812
3180       (1 0 3 1 2 1 2)              87.816
3181       (1 0 2 3 2 1 2)              87.810
3182       (1 0 3 1 2 1 2)              87.805
3183       (1 0 2 3 2 1 2)              87.809
3184       (1 0 2 3 2 1 2)              87.813
3185       (1 0 2 3 2 1 2)              87.812
3186       (1 0 3 1 2 1 2)              87.816
3187       (1 0 3 1 2 1 2)              87.820
3188       (1 0 2 3 2 1 2)              87.815
3189       (1 0 2 3 2 1 2)              87.819
3190       (1 0 2 3 2 1 2)              87.823
3191       (1 0 3 1 2 1 2)              87.826
3192       (1 0 2 3 1 2 1)              87.830
3193       (1 0 2 3 2 1 2)              87.834
3194       (1 0 3 1 2 1 2)              87.829
3195       (1 0 1 2 1 2 1)              87.824
3196       (1 0 3 1 2 1 2)              87.828
3197       (1 0 2 3 1 1 1)              87.827
3198       (1 0 2 3 2 1 2)              87.831
3199       (1 0 3 1 2 1 2)              87.835
3200       (1 0 2 3 2 1 1)              87.834
3201       (1 0 2 3 2 1 2)              87.838
3202       (1 0 2 3 1 2 1)              87.841
3203       (1 0 1 2 1 1 1)              87.845
3204       (0 0 0 4 1 2 0)              87.831
3205       (1 0 3 1 2 1 2)              87.817
3206       (1 0 2 3 2 1 2)              87.812
3207       (1 0 2 3 2 1 2)              87.807
3208       (1 0 2 3 2 1 2)              87.811
3209       (1 0 3 1 2 1 2)              87.814
3210       (1 0 1 2 1 1 1)              87.818
3211       (1 0 2 3 2 1 2)              87.822
3212       (1 0 3 1 2 1 1)              87.821
3213       (1 0 2 3 2 1 2)              87.803
3214       (0 0 4 5 2 2 1)              87.784
3215       (1 0 2 3 2 1 2)              87.788
3216       (1 0 2 3 1 1 2)              87.788
3217       (1 0 3 1 2 1 2)              87.791
3218       (1 0 1 2 1 1 1)              87.795
3219       (1 0 1 2 1 1 1)              87.799
3220       (1 0 2 3 2 1 2)              87.803
3221       (1 0 1 2 1 1 1)              87.807
3222       (1 0 3 1 2 1 2)              87.810
3223       (1 0 2 3 2 1 2)              87.810
3224       (1 0 1 2 1 1 1)              87.796
3225       (1 0 1 2 1 1 1)              87.800
3226       (1 0 2 3 2 1 2)              87.803
3227       (1 0 3 1 2 1 2)              87.807
3228       (1 0 2 3 2 1 1)              87.798
3229       (1 0 3 1 2 1 2)              87.797
3230       (1 0 2 3 2 1 2)              87.801
3231       (1 0 3 1 2 1 2)              87.805
3232       (1 0 2 3 2 1 2)              87.799
3233       (1 0 3 1 2 1 2)              87.803
3234       (1 0 3 1 2 1 2)              87.803
3235       (1 0 0 0 2 2 1)              87.798
3236       (1 0 3 1 2 1 2)              87.801
3237       (1 0 2 3 2 1 2)              87.805
3238       (1 0 2 3 2 1 2)              87.800
3239       (0 0 4 5 2 1 1)              87.786
3240       (1 0 2 3 2 1 2)              87.790
3241       (1 0 1 2 1 1 1)              87.794
3242       (1 0 3 1 2 1 2)              87.789
3243       (1 0 3 1 2 1 2)              87.788
3244       (1 0 2 3 2 1 2)              87.792
3245       (1 0 2 3 2 1 2)              87.796
3246       (1 0 2 3 2 1 2)              87.799
3247       (1 0 2 3 2 1 2)              87.803
3248       (0 0 1 2 1 1 1)              87.802
3249       (1 0 2 3 1 2 1)              87.806
3250       (1 0 3 1 2 1 2)              87.806
3251       (1 0 2 3 2 1 2)              87.809
3253       (1 0 2 3 2 1 2)              87.813
3254       (0 0 2 3 1 1 1)              87.812
3255       (1 0 2 3 2 1 2)              87.816
3256       (1 0 1 2 1 1 1)              87.820
3257       (1 0 3 1 2 1 2)              87.819
3258       (1 0 0 0 2 2 1)              87.823
3259       (1 0 2 3 2 1 2)              87.827
3260       (1 0 2 3 1 2 1)              87.831
3261       (1 0 1 2 1 1 1)              87.834
3262       (1 0 2 3 2 1 2)              87.829
3263       (1 0 2 3 2 1 2)              87.833
3264       (1 0 3 1 2 1 2)              87.837
3265       (0 0 1 2 0 0 1)              87.836
3266       (1 0 1 2 1 1 1)              87.840
3267       (1 0 3 1 2 1 2)              87.844
3268       (0 0 4 6 1 2 2)              87.830
3269       (1 0 2 3 2 1 2)              87.833
3270       (1 0 3 1 2 1 2)              87.833
3271       (1 0 3 1 2 1 2)              87.828
3272       (1 0 2 3 2 1 2)              87.831
3273       (0 0 4 5 2 1 1)              87.818
3274       (1 0 3 1 2 1 2)              87.821
3275       (1 0 1 2 1 1 1)              87.825
3276       (1 0 2 3 2 1 2)              87.829
3277       (1 0 2 3 2 1 2)              87.833
3278       (1 0 1 2 1 1 1)              87.836
3279       (1 0 2 3 2 1 2)              87.840
3280       (1 0 2 3 2 1 2)              87.835
3281       (0 0 1 2 1 1 1)              87.834
3282       (1 0 2 3 1 2 1)              87.816
3283       (1 0 2 3 1 2 1)              87.820
3285       (1 0 2 3 2 1 2)              87.824
3286       (1 0 3 1 2 1 2)              87.827
3287       (1 0 1 2 1 1 1)              87.831
3288       (1 0 2 3 2 1 2)              87.835
3289       (1 0 1 2 1 1 1)              87.839
3290       (1 0 2 3 2 1 2)              87.842
3291       (1 0 2 3 2 1 2)              87.846
3292       (1 0 2 3 2 1 2)              87.850
3293       (1 0 2 3 2 1 2)              87.853
3294       (1 0 2 3 2 1 2)              87.857
3295       (1 0 2 3 1 1 1)              87.856
3296       (1 0 1 2 1 1 1)              87.860
3297       (1 0 1 2 1 2 1)              87.860
3298       (1 0 3 1 2 1 2)              87.846
3299       (1 0 2 3 2 1 2)              87.850
3300       (1 0 3 1 2 1 2)              87.853
3301       (1 0 2 3 2 1 2)              87.857
3302       (1 0 1 2 1 1 1)              87.861
3303       (1 0 0 0 2 2 1)              87.864
3304       (1 0 2 3 2 1 2)              87.868
3305       (1 0 4 5 2 2 2)              87.859
3306       (1 0 3 1 2 1 2)              87.862
3307       (1 0 1 2 1 1 1)              87.866
3308       (1 0 1 2 1 1 1)              87.870
3309       (1 0 1 2 1 1 1)              87.873
3310       (1 0 1 2 1 1 1)              87.877
3311       (1 0 2 3 2 1 2)              87.876
3312       (0 0 4 5 2 2 1)              87.867
3313       (1 0 2 3 2 1 2)              87.862
3314       (1 0 1 2 1 1 1)              87.866
3315       (1 0 1 2 1 2 1)              87.865
3316       (1 0 3 1 2 1 2)              87.860
3317       (1 0 3 1 2 1 2)              87.864
3318       (1 0 2 3 2 1 2)              87.863
3319       (1 0 3 1 2 1 2)              87.863
3320       (1 0 0 0 2 2 1)              87.866
3321       (1 0 3 1 2 1 2)              87.870
3322       (1 0 2 3 2 1 2)              87.874
3323       (1 0 2 3 2 1 2)              87.877
3324       (1 0 2 3 2 1 2)              87.877
3325       (1 0 2 3 2 1 2)              87.880
3326       (1 0 2 3 2 1 2)              87.884
3327       (1 0 2 3 2 1 2)              87.888
3328       (1 0 2 3 2 1 2)              87.883
3329       (1 0 3 1 2 1 2)              87.882
3330       (1 0 2 3 2 1 2)              87.881
3331       (1 0 2 3 2 1 2)              87.872
3332       (1 0 1 2 1 2 1)              87.871
3333       (1 0 3 1 2 1 2)              87.875
3334       (1 0 2 3 2 1 2)              87.879
3335       (1 0 1 2 1 1 1)              87.882
3336       (1 0 2 3 2 2 1)              87.886
3337       (1 0 3 1 2 1 2)              87.890
3338       (1 0 2 3 2 1 2)              87.893
3339       (1 0 2 3 2 1 2)              87.897
3340       (1 0 2 3 2 1 2)              87.892
3341       (1 0 1 2 1 2 1)              87.891
3342       (1 0 2 3 2 1 2)              87.891
3343       (1 0 1 2 1 1 1)              87.877
3344       (1 0 3 1 2 1 2)              87.881
3345       (1 0 2 3 2 1 2)              87.884
3346       (1 0 2 3 2 1 2)              87.879
3347       (1 0 2 3 2 1 2)              87.883
3348       (1 0 3 1 2 1 2)              87.882
3349       (1 0 2 3 2 1 2)              87.886
3350       (1 0 1 2 1 1 1)              87.890
3351       (1 0 2 3 2 1 2)              87.893
3352       (1 0 2 3 1 2 1)              87.897
3353       (1 0 2 3 2 1 2)              87.901
3354       (1 0 1 2 1 2 1)              87.896
3355       (1 0 3 1 2 1 2)              87.895
3356       (1 0 2 3 2 1 2)              87.899
3357       (1 0 2 3 2 1 2)              87.902
3358       (1 0 2 3 2 1 2)              87.906
3359       (1 0 1 2 2 2 1)              87.905
3360       (1 0 3 1 2 1 2)              87.909
3361       (1 0 2 3 1 1 1)              87.908
3362       (1 0 3 1 2 1 2)              87.907
3363       (1 0 1 2 1 1 1)              87.911
3364       (1 0 3 1 2 1 2)              87.915
3365       (1 0 2 3 2 1 2)              87.918
3366       (1 0 3 1 2 1 2)              87.922
3367       (1 0 2 3 2 1 2)              87.921
3368       (1 0 2 3 2 1 2)              87.925
3369       (1 0 2 3 2 1 2)              87.928
3370       (0 0 1 2 0 0 1)              87.928
3371       (1 0 3 1 2 1 2)              87.931
3372       (1 0 2 3 2 1 2)              87.931
3373       (1 0 2 3 2 1 2)              87.934
3374       (1 0 3 1 2 1 2)              87.938
3375       (1 0 2 3 2 1 2)              87.942
3376       (1 0 3 1 2 1 2)              87.945
3377       (1 0 2 3 2 1 2)              87.949
3378       (1 0 0 0 1 2 0)              87.952
3379       (1 0 3 1 2 1 2)              87.952
3380       (1 0 2 3 2 1 2)              87.947
3381       (1 0 2 3 2 1 2)              87.950
3382       (1 0 2 3 2 1 2)              87.954
3383       (1 0 2 3 2 1 2)              87.957
3384       (1 0 2 3 2 1 2)              87.961
3385       (1 0 1 2 1 2 1)              87.960
3386       (1 0 2 3 2 1 2)              87.964
3387       (1 0 2 3 2 1 2)              87.967
3388       (1 0 2 3 2 1 2)              87.971
3389       (1 0 2 3 2 1 2)              87.975
3390       (1 0 2 3 1 2 1)              87.978
3391       (1 0 2 3 2 1 2)              87.982
3392       (1 0 2 3 2 1 2)              87.985
3393       (1 0 2 3 2 1 2)              87.989
3394       (1 0 2 3 2 1 2)              87.992
3395       (0 0 2 3 1 2 1)              87.979
3396       (1 0 2 3 2 1 2)              87.983
3397       (1 0 1 2 0 0 1)              87.986
3398       (1 0 1 2 1 1 1)              87.990
3399       (1 0 1 2 1 1 1)              87.985
3400       (1 0 3 1 2 1 2)              87.988
3401       (1 0 2 3 2 1 2)              87.992
3402       (1 0 2 3 1 2 1)              87.995
3403       (1 0 2 3 2 1 2)              87.999
3404       (1 0 2 3 2 1 2)              87.990
3405       (1 0 3 1 2 1 2)              87.985
3406       (1 0 3 1 2 1 2)              87.989
3407       (1 0 3 1 2 1 2)              87.992
3408       (1 0 2 3 2 1 2)              87.996
3409       (1 0 2 3 2 1 1)              87.987
3410       (1 0 1 2 1 1 1)              87.990
3411       (1 0 2 3 2 1 2)              87.994
3412       (1 0 2 3 2 1 2)              87.997
3413       (1 0 3 1 2 1 2)              88.001
3414       (1 0 3 1 2 1 2)              87.996
3415       (1 0 3 1 2 1 2)              87.983
3416       (1 0 2 3 2 1 2)              87.986
3417       (1 0 1 2 1 2 1)              87.985
3418       (1 0 2 3 2 1 2)              87.989
3419       (1 0 2 3 2 1 2)              87.992
3420       (1 0 3 1 2 1 2)              87.988
3421       (1 0 2 3 2 1 2)              87.991
3422       (1 0 2 3 1 1 1)              87.995
3423       (1 0 2 3 2 1 2)              87.998
3424       (1 0 3 1 2 1 2)              88.002
3425       (1 0 1 2 1 2 1)              87.997
3426       (1 0 1 2 1 1 1)              88.000
3427       (1 0 2 3 1 2 1)              88.000
3428       (1 0 2 3 2 1 2)              87.995
3429       (0 0 4 3 2 1 1)              87.982
3430       (1 0 2 3 2 1 2)              87.985
3431       (1 0 2 3 2 1 2)              87.980
3432       (0 0 1 2 1 1 1)              87.980
3433       (1 0 1 2 1 1 1)              87.983
3434       (1 0 1 2 1 1 1)              87.987
3435       (1 0 2 3 2 1 2)              87.990
3436       (1 0 2 3 2 1 2)              87.994
3437       (1 0 2 3 2 1 2)              87.997
3438       (1 0 2 3 2 1 2)              88.001
3439       (1 0 3 1 2 1 2)              88.004
3440       (1 0 2 3 2 1 2)              88.008
3441       (1 0 2 3 2 1 2)              88.011
3442       (1 0 3 1 2 1 2)              88.011
3443       (1 0 1 2 1 2 1)              88.001
3444       (1 0 1 2 1 2 1)              88.001
3445       (1 0 2 3 2 1 2)              87.996
3446       (1 0 1 2 1 1 1)              88.000
3447       (1 0 2 3 2 1 2)              88.003
3448       (1 0 1 2 1 1 1)              88.006
3449       (1 0 2 3 2 1 2)              88.010
3450       (1 0 3 1 2 1 2)              88.013
3451       (1 0 3 1 2 1 2)              88.017
3452       (1 0 2 3 1 1 1)              88.016
3453       (1 0 1 2 1 1 1)              88.007
3454       (1 0 3 1 2 1 2)              87.994
3455       (1 0 2 3 2 1 2)              87.998
3456       (0 0 1 2 1 1 1)              87.997
3457       (1 0 2 3 2 1 2)              88.000
3458       (1 0 3 1 2 1 2)              88.004
3459       (1 0 2 3 2 1 2)              87.999
3460       (1 0 1 2 1 1 1)              88.003
3461       (1 0 2 3 2 1 2)              88.006
3462       (1 0 2 3 2 1 2)              88.010
3463       (1 0 2 3 2 1 1)              88.001
3464       (1 0 3 1 2 1 2)              88.004
3465       (1 0 1 2 1 1 1)              87.987
3466       (1 0 2 3 2 1 2)              87.978
3467       (1 0 2 3 2 1 2)              87.973
3468       (1 0 2 3 2 1 2)              87.968
3469       (0 0 2 3 1 2 1)              87.968
3470       (1 0 3 1 2 1 1)              87.967
3471       (1 0 3 1 2 1 2)              87.971
3472       (1 0 2 3 2 1 2)              87.974
3473       (1 0 3 1 2 1 2)              87.965
3474       (1 0 3 1 2 1 2)              87.969
3475       (1 0 2 3 2 1 2)              87.964
3476       (1 0 1 2 1 1 1)              87.967
3477       (1 0 3 1 2 1 2)              87.971
3478       (1 0 0 0 1 2 0)              87.974
3479       (1 0 3 1 2 1 2)              87.978
3480       (1 0 2 3 2 1 1)              87.969
3481       (1 0 2 3 2 1 2)              87.972
3482       (1 0 3 1 2 1 2)              87.972
3483       (1 0 2 3 2 1 2)              87.975
3484       (1 0 3 1 2 1 2)              87.970
3485       (1 0 3 1 2 1 2)              87.974
3486       (1 0 3 1 2 1 1)              87.973
3487       (1 0 2 3 2 1 1)              87.973
3488       (1 0 2 3 2 1 2)              87.968
3489       (1 0 2 3 2 1 2)              87.971
3490       (1 0 3 1 1 2 1)              87.975
3491       (1 0 3 1 2 1 2)              87.978
3492       (1 0 3 1 2 1 2)              87.982
3493       (1 0 1 2 1 1 1)              87.985
3494       (0 0 4 5 2 1 1)              87.972
3495       (1 0 2 3 2 1 2)              87.976
3496       (1 0 2 3 2 1 2)              87.979
3497       (1 0 2 3 2 1 1)              87.978
3498       (1 0 2 3 2 1 2)              87.982
3499       (1 0 3 1 2 1 2)              87.965
3500       (1 0 1 2 1 1 1)              87.968
3501       (1 0 0 0 1 2 0)              87.972
3502       (1 0 1 2 1 1 1)              87.975
3503       (1 0 1 2 1 1 1)              87.979
3504       (1 0 3 1 2 1 2)              87.982
3505       (1 0 2 3 2 1 2)              87.985
3506       (1 0 2 3 2 1 2)              87.989
3507       (1 0 1 2 1 1 1)              87.992
3508       (1 0 3 1 2 1 2)              87.988
3509       (1 0 3 1 2 1 2)              87.979
3510       (1 0 2 3 2 1 1)              87.970
3511       (1 0 2 3 2 1 2)              87.965
3512       (1 0 2 3 2 1 2)              87.969
3513       (0 0 4 6 0 0 1)              87.956
3514       (1 0 1 2 1 1 1)              87.959
3515       (1 0 2 3 2 1 2)              87.963
3516       (1 0 3 1 2 1 2)              87.966
3517       (1 0 2 3 2 1 2)              87.969
3518       (1 0 3 1 2 1 2)              87.973
3519       (1 0 2 3 2 1 2)              87.976
3520       (1 0 2 3 2 1 2)              87.972
3521       (0 0 4 3 1 1 1)              87.967
3522       (1 0 2 3 2 1 2)              87.962
3523       (1 0 2 3 2 1 2)              87.966
3524       (1 0 3 1 2 1 2)              87.953
3525       (1 0 2 3 2 1 2)              87.956
3526       (1 0 2 3 2 1 2)              87.960
3527       (1 0 3 1 2 1 2)              87.959
3528       (1 0 2 3 2 1 2)              87.962
3529       (1 0 2 3 2 1 2)              87.966
3530       (1 0 1 2 1 2 1)              87.957
3531       (1 0 2 3 2 1 2)              87.961
3532       (1 0 3 1 2 1 2)              87.964
3533       (1 0 1 2 2 2 1)              87.963
3534       (1 0 2 3 2 1 2)              87.967
3535       (1 0 1 2 1 2 1)              87.966
3536       (1 0 2 3 1 2 1)              87.965
3537       (1 0 3 1 2 1 2)              87.949
3538       (1 0 1 2 1 1 1)              87.952
3539       (1 0 3 1 2 1 2)              87.955
3540       (1 0 3 1 2 1 2)              87.955
3541       (1 0 1 2 1 1 1)              87.958
3542       (1 0 1 2 1 1 1)              87.962
3543       (1 0 2 3 2 1 2)              87.965
3544       (1 0 2 3 2 1 2)              87.968
3545       (1 0 2 3 2 1 2)              87.972
3546       (1 0 2 3 2 1 2)              87.975
3547       (1 0 2 3 2 1 2)              87.979
3548       (1 0 2 3 2 1 2)              87.982
3549       (1 0 1 2 1 1 1)              87.985
3550       (1 0 2 3 2 1 2)              87.989
3551       (1 0 2 3 2 1 2)              87.992
3552       (1 0 2 3 2 1 2)              87.996
3553       (1 0 2 3 2 1 2)              87.995
3554       (1 0 2 3 2 1 2)              87.998
3555       (1 0 2 3 2 1 2)              88.002
3556       (1 0 1 2 1 1 1)              88.005
3557       (1 0 3 1 2 1 2)              88.009
3558       (1 0 2 3 2 1 2)              88.012
3559       (1 0 1 2 1 1 1)              88.007
3560       (1 0 1 2 1 2 1)              88.003
3561       (1 0 2 3 2 1 2)              88.006
3562       (1 0 3 1 2 1 2)              88.009
3563       (1 0 3 1 2 1 2)              88.013
3564       (1 0 2 3 2 1 2)              88.012
3565       (1 0 1 2 1 1 1)              88.015
3566       (1 0 1 2 1 2 1)              88.015
3567       (0 0 4 5 2 2 1)              87.998
3568       (1 0 2 3 1 2 1)              88.001
3569       (1 0 2 3 2 1 2)              87.997
3570       (1 0 2 3 2 1 2)              87.992
3571       (1 0 2 3 2 1 2)              87.991
3572       (1 0 3 1 2 1 2)              87.991
3573       (1 0 2 3 2 1 2)              87.994
3574       (1 0 2 3 2 2 1)              87.998
3575       (1 0 3 1 2 1 2)              87.993
3576       (1 0 2 3 2 1 2)              87.996
3577       (1 0 2 3 2 1 2)              88.000
3578       (0 0 4 2 2 2 1)              87.987
3579       (0 0 1 2 0 0 1)              87.986
3580       (1 0 1 2 1 1 1)              87.990
3581       (1 0 2 3 2 1 2)              87.989
3582       (1 0 1 2 1 1 1)              87.992
3583       (1 0 2 3 2 1 2)              87.988
3584       (1 0 2 3 2 1 2)              87.991
3585       (1 0 2 3 2 1 2)              87.987
3586       (1 0 3 1 2 1 2)              87.990
3587       (1 0 2 3 2 1 2)              87.993
3588       (1 0 2 3 1 2 1)              87.997
3589       (1 0 2 3 2 1 2)              88.000
3590       (1 0 3 1 2 1 2)              88.003
3591       (1 0 2 3 2 1 2)              88.007
3592       (1 0 3 1 2 1 2)              87.990
3593       (1 0 3 1 2 1 2)              87.993
3594       (1 0 2 3 2 1 2)              87.997
3595       (1 0 3 1 2 1 2)              88.000
3596       (1 0 1 2 1 1 1)              88.004
3597       (1 0 2 3 1 2 1)              87.995
3598       (1 0 2 3 2 1 2)              87.998
3599       (1 0 2 3 2 1 2)              88.002
3600       (1 0 1 2 1 1 1)              87.993
3601       (1 0 3 1 2 1 2)              87.984
3602       (1 0 1 2 1 1 1)              87.988
3603       (1 0 2 3 2 1 2)              87.991
3604       (1 0 2 3 2 1 2)              87.994
3605       (1 0 3 1 2 1 2)              87.994
3606       (1 0 1 2 1 1 1)              87.997
3607       (1 0 2 3 2 1 1)              87.989
3608       (1 0 3 1 2 1 2)              87.984
3609       (0 0 1 2 2 2 1)              87.975
3610       (1 0 2 3 2 1 2)              87.979
3611       (0 0 4 5 2 2 1)              87.962
3612       (1 0 2 3 2 1 2)              87.966
3613       (1 0 2 3 2 1 2)              87.969
3614       (1 0 1 2 1 1 1)              87.972
3615       (1 0 2 3 2 1 2)              87.968
3616       (1 0 3 1 2 1 2)              87.971
3617       (1 0 2 3 2 1 2)              87.974
3618       (1 0 2 3 1 2 1)              87.978
3619       (1 0 2 3 2 1 2)              87.981
3620       (1 0 3 1 2 1 2)              87.984
3621       (1 0 2 3 2 1 2)              87.988
3622       (1 0 3 1 2 1 2)              87.991
3623       (0 0 1 2 1 1 1)              87.990
3624       (1 0 2 3 2 1 2)              87.994
3625       (1 0 2 3 2 1 2)              87.997
3626       (1 0 1 2 1 2 1)              87.981
3627       (1 0 3 1 2 1 2)              87.984
3628       (1 0 2 3 2 1 2)              87.987
3629       (1 0 3 1 2 1 2)              87.983
3630       (0 0 1 2 1 1 1)              87.982
3631       (1 0 3 1 2 1 2)              87.985
3632       (1 0 3 1 2 1 2)              87.989
3633       (1 0 1 2 2 2 1)              87.992
3634       (1 0 4 5 2 2 2)              87.983
3635       (1 0 3 1 2 1 2)              87.979
3636       (1 0 1 2 0 0 1)              87.982
3637       (1 0 1 2 1 1 1)              87.985
3638       (1 0 2 3 2 1 2)              87.989
3639       (1 0 2 3 1 2 1)              87.992
3640       (1 0 2 3 1 1 1)              87.995
3641       (1 0 2 3 2 1 2)              87.999
3642       (1 0 2 3 2 1 2)              87.994
3643       (1 0 2 3 2 1 2)              87.997
3644       (1 0 3 1 2 1 2)              87.997
3645       (1 0 2 3 2 1 2)              88.000
3646       (0 0 2 3 1 2 1)              87.988
3647       (1 0 1 2 1 1 1)              87.991
3648       (1 0 2 3 2 1 2)              87.994
3649       (1 0 1 2 1 1 1)              87.998
3650       (1 0 1 2 1 1 1)              88.001
3651       (1 0 2 3 2 1 2)              88.004
3652       (1 0 3 1 2 1 2)              88.004
3653       (1 0 2 3 2 1 2)              88.007
3654       (1 0 3 1 2 1 2)              88.010
3655       (1 0 2 3 2 1 2)              88.013
3656       (1 0 1 2 1 1 1)              88.017
3657       (1 0 2 3 2 1 2)              88.012
3658       (0 0 1 2 1 1 1)              88.000
3659       (1 0 2 3 2 1 2)              88.003
3660       (1 0 2 3 1 2 1)              88.006
3661       (0 0 4 5 2 1 1)              87.994
3662       (1 0 2 3 2 1 2)              87.997
3663       (1 0 2 3 2 2 1)              87.997
3664       (1 0 1 2 1 1 1)              87.992
3665       (1 0 1 2 1 1 1)              87.995
3666       (1 0 2 3 2 1 2)              87.999
3667       (0 0 4 6 0 0 1)              87.982
3668       (1 0 2 3 1 2 1)              87.986
3669       (1 0 2 3 2 1 2)              87.989
3670       (1 0 4 5 2 2 2)              87.981
3671       (1 0 1 2 1 1 1)              87.984
3672       (1 0 2 3 2 1 2)              87.979
3673       (1 0 2 3 2 1 2)              87.979
3674       (1 0 3 1 2 1 2)              87.982
3675       (1 0 2 3 2 1 2)              87.978
3676       (1 0 2 3 2 1 2)              87.981
3677       (1 0 3 1 2 1 2)              87.984
3678       (1 0 1 2 1 2 1)              87.968
3679       (1 0 2 3 2 1 1)              87.959
3680       (1 0 2 3 2 1 2)              87.963
3681       (1 0 1 2 1 1 1)              87.966
3682       (1 0 3 1 2 1 2)              87.969
3683       (1 0 1 2 1 1 1)              87.973
3684       (1 0 3 1 2 1 2)              87.976
3685       (1 0 0 0 1 2 0)              87.979
3686       (1 0 2 3 2 1 2)              87.982
3687       (1 0 1 2 1 1 1)              87.986
3688       (1 0 1 2 1 1 1)              87.989
3689       (1 0 1 2 1 2 1)              87.988
3690       (1 0 3 1 2 1 2)              87.992
3691       (1 0 1 2 1 1 1)              87.995
3692       (1 0 2 3 2 1 2)              87.998
3693       (1 0 2 3 2 1 2)              87.990
3694       (1 0 3 1 2 1 1)              87.989
3695       (1 0 2 3 2 1 2)              87.992
3696       (1 0 2 3 2 1 2)              87.996
3697       (1 0 2 3 2 1 2)              87.995
3698       (1 0 2 3 2 1 2)              87.998
3699       (1 0 2 3 2 1 2)              88.002
3702       (1 0 3 1 2 1 2)              87.989
3703       (1 0 2 3 2 1 2)              87.993
3704       (1 0 3 1 2 1 2)              87.992
3705       (1 0 2 3 2 1 2)              87.995
3706       (1 0 1 2 1 1 1)              87.998
3707       (0 0 4 6 1 1 1)              87.990
3708       (1 0 2 3 2 1 1)              87.989
3709       (0 0 4 6 1 2 1)              87.977
3710       (1 0 1 2 1 1 1)              87.981
3711       (1 0 2 3 2 1 2)              87.984
3712       (1 0 1 2 1 1 1)              87.987
3713       (1 0 2 3 2 1 2)              87.990
3714       (1 0 2 3 2 1 2)              87.994
3715       (1 0 2 3 2 1 2)              87.997
3716       (1 0 2 3 2 1 2)              88.000
3717       (1 0 2 3 2 1 2)              88.003
3718       (1 0 2 3 2 1 2)              88.006
3719       (1 0 3 1 2 1 2)              88.010
3720       (1 0 3 1 2 1 2)              87.994
3721       (1 0 2 3 2 1 2)              87.989
3722       (1 0 2 3 1 1 1)              87.989
3723       (1 0 3 1 2 1 2)              87.992
3724       (1 0 3 1 2 1 2)              87.980
3725       (1 0 0 0 1 2 0)              87.983
3726       (1 0 2 3 2 1 2)              87.986
3727       (1 0 3 1 2 1 2)              87.982
3728       (0 0 1 2 1 1 1)              87.973
3729       (1 0 2 3 2 1 2)              87.977
3730       (0 0 1 2 1 1 1)              87.976
3731       (1 0 1 2 1 2 1)              87.975
3732       (1 0 2 3 2 1 1)              87.967
3733       (1 0 3 1 2 1 2)              87.966
3734       (1 0 3 1 2 1 2)              87.970
3735       (1 0 2 3 2 1 2)              87.965
3736       (1 0 3 1 2 1 2)              87.961
3737       (1 0 3 1 2 1 2)              87.964
3738       (1 0 3 1 2 1 2)              87.967
3739       (1 0 2 3 2 1 2)              87.971
3740       (0 0 1 2 1 1 1)              87.958
3741       (1 0 1 2 1 1 1)              87.962
3742       (1 0 2 3 2 1 2)              87.965
3743       (0 0 4 6 1 1 1)              87.957
3744       (1 0 3 1 2 1 2)              87.952
3745       (1 0 1 2 1 1 1)              87.955
3746       (1 0 2 3 1 2 1)              87.959
3747       (0 0 0 4 0 1 0)              87.943
3748       (1 0 3 1 2 1 2)              87.946
3749       (1 0 2 3 2 1 2)              87.942
3750       (1 0 2 3 2 1 2)              87.945
3751       (1 0 2 3 2 1 2)              87.948
3752       (1 0 2 3 2 1 2)              87.944
3753       (1 0 2 3 2 1 1)              87.935
3754       (1 0 1 2 2 2 1)              87.939
3755       (1 0 2 3 2 1 2)              87.942
3756       (1 0 2 3 1 2 1)              87.945
3757       (1 0 3 1 2 1 2)              87.948
3758       (1 0 2 3 2 1 2)              87.951
3759       (1 0 2 3 2 1 2)              87.955
3760       (1 0 2 3 2 1 2)              87.950
3761       (1 0 1 2 1 1 1)              87.942
3762       (1 0 2 3 2 1 2)              87.945
3763       (0 0 2 3 1 2 1)              87.933
3764       (1 0 2 3 2 1 2)              87.936
3765       (1 0 0 0 1 2 0)              87.940
3766       (1 0 3 1 2 1 2)              87.935
3767       (1 0 2 3 2 1 2)              87.938
3768       (1 0 3 1 2 1 2)              87.942
3769       (1 0 3 1 2 1 2)              87.945
3770       (1 0 1 2 1 1 1)              87.948
3771       (1 0 2 3 2 1 2)              87.951
3772       (1 0 3 1 2 1 2)              87.955
3773       (1 0 2 3 2 1 2)              87.958
3774       (1 0 2 3 2 1 2)              87.957
3775       (1 0 2 3 2 1 2)              87.960
3776       (1 0 2 3 2 1 2)              87.964
3777       (1 0 2 3 2 1 2)              87.959
3778       (1 0 1 2 1 1 1)              87.962
3779       (1 0 1 2 1 1 1)              87.966
3780       (1 0 3 1 2 1 2)              87.954
3781       (1 0 3 1 2 1 2)              87.953
3782       (1 0 3 1 2 1 2)              87.949
3783       (1 0 2 3 1 2 1)              87.948
3784       (1 0 2 3 2 1 2)              87.944
3785       (1 0 1 2 1 1 1)              87.935
3786       (1 0 2 3 2 1 2)              87.939
3787       (0 0 1 2 1 1 1)              87.938
3788       (1 0 1 2 1 1 1)              87.941
3789       (1 0 1 2 1 1 1)              87.944
3790       (1 0 2 3 2 1 2)              87.948
3791       (1 0 1 2 1 2 1)              87.947
3792       (1 0 3 1 2 1 2)              87.950
3793       (1 0 3 1 1 1 1)              87.953
3794       (1 0 1 2 1 1 1)              87.957
3795       (1 0 1 2 1 1 1)              87.960
3796       (1 0 2 3 2 1 2)              87.963
3797       (1 0 1 2 2 2 1)              87.962
3798       (1 0 1 2 2 2 1)              87.966
3799       (1 0 3 1 2 1 2)              87.969
3800       (1 0 2 3 2 1 2)              87.964
3801       (1 0 2 3 2 1 2)              87.968
3802       (1 0 2 3 2 1 2)              87.971
3803       (1 0 3 1 2 1 2)              87.966
3804       (1 0 2 3 2 1 2)              87.970
3805       (1 0 1 2 1 2 1)              87.965
3806       (1 0 1 2 1 1 1)              87.968
3807       (1 0 3 1 2 1 2)              87.972
3808       (1 0 3 1 2 1 2)              87.971
3809       (1 0 2 3 2 1 2)              87.974
3810       (1 0 1 2 1 2 1)              87.973
3811       (1 0 2 3 2 1 2)              87.973
3812       (1 0 1 2 1 2 1)              87.972
3813       (1 0 2 3 2 1 2)              87.975
3814       (1 0 1 2 1 1 1)              87.979
3815       (1 0 3 1 2 1 2)              87.982
3816       (1 0 2 3 2 1 1)              87.970
3817       (1 0 2 3 2 1 2)              87.969
3818       (1 0 2 3 2 1 2)              87.969
3819       (1 0 3 1 2 1 2)              87.972
3820       (1 0 2 3 2 1 2)              87.975
3821       (1 0 2 3 2 1 2)              87.974
3822       (0 0 1 2 1 1 1)              87.974
3823       (1 0 2 3 2 1 2)              87.977
3824       (1 0 2 3 1 2 1)              87.976
3825       (1 0 1 2 1 2 1)              87.972
3826       (1 0 1 2 1 1 1)              87.975
3827       (1 0 2 3 2 1 2)              87.978
3828       (1 0 1 2 1 1 1)              87.982
3829       (1 0 3 1 2 1 2)              87.977
3830       (1 0 2 3 2 1 2)              87.973
3831       (1 0 3 1 2 1 2)              87.976
3832       (1 0 3 1 2 1 2)              87.979
3833       (1 0 2 3 2 1 2)              87.982
3834       (1 0 2 3 2 1 2)              87.985
3835       (1 0 2 3 1 2 1)              87.989
3836       (1 0 3 1 2 1 2)              87.988
3837       (1 0 2 3 2 1 2)              87.987
3838       (1 0 1 2 1 1 1)              87.991
3839       (1 0 3 1 2 1 2)              87.975
3840       (1 0 2 3 1 1 1)              87.978
3841       (1 0 2 3 2 1 2)              87.981
3842       (1 0 3 1 2 1 2)              87.981
3843       (1 0 2 3 2 1 2)              87.984
3844       (1 0 3 1 2 1 2)              87.987
3845       (1 0 2 3 2 1 2)              87.990
3846       (1 0 3 1 2 1 2)              87.986
3847       (1 0 1 2 1 1 1)              87.989
3848       (1 0 1 2 1 2 1)              87.988
3849       (1 0 2 3 2 1 2)              87.992
3850       (1 0 2 3 2 1 2)              87.995
3851       (1 0 1 2 1 1 1)              87.998
3852       (1 0 2 3 2 1 2)              87.990
3853       (1 0 3 1 2 1 2)              87.989
3854       (1 0 1 2 1 1 1)              87.992
3855       (1 0 3 1 2 1 2)              87.988
3856       (1 0 2 3 2 1 2)              87.991
3857       (1 0 2 3 2 1 2)              87.994
3858       (1 0 2 3 2 1 2)              87.997
3859       (1 0 2 3 2 1 2)              88.000
3860       (1 0 0 0 1 2 0)              88.004
3861       (0 0 2 3 1 2 1)              88.003
3862       (1 0 1 2 1 1 1)              88.006
3863       (1 0 2 3 2 1 2)              88.009
3864       (0 0 1 2 1 2 1)              88.005
3865       (0 0 2 3 1 2 1)              88.004
3866       (1 0 2 3 2 1 2)              88.007
3867       (1 0 1 2 1 1 1)              88.011
3868       (1 0 2 3 2 1 2)              88.014
3869       (1 0 1 2 1 2 1)              88.017
3870       (1 0 2 3 1 2 1)              88.020
3871       (1 0 3 1 2 1 2)              88.023
3872       (1 0 2 3 2 1 2)              88.026
3873       (1 0 3 1 2 1 2)              88.025
3874       (1 0 3 1 2 1 2)              88.029
3875       (1 0 3 1 2 1 2)              88.032
3876       (1 0 2 3 2 1 2)              88.035
3877       (1 0 3 1 2 1 2)              88.034
3878       (1 0 3 1 2 1 2)              88.019
3879       (1 0 1 2 1 1 1)              88.022
3880       (1 0 1 2 1 1 1)              88.025
3881       (1 0 2 3 2 1 2)              88.021
3882       (1 0 2 3 2 1 2)              88.024
3883       (1 0 2 3 2 1 2)              88.027
3884       (1 0 3 1 2 1 2)              88.019
3885       (1 0 3 1 2 1 2)              88.015
3886       (1 0 3 1 1 1 1)              88.010
3887       (1 0 1 2 1 1 1)              88.013
3888       (1 0 0 0 1 2 0)              88.017
3889       (1 0 3 1 2 1 2)              88.012
3890       (1 0 3 1 2 1 2)              88.004
3891       (1 0 2 3 2 1 2)              88.000
3892       (1 0 3 1 2 1 2)              88.003
3893       (1 0 2 3 2 1 2)              88.006
3894       (1 0 2 3 2 1 2)              88.009
3895       (1 0 2 3 1 2 1)              88.012
3896       (1 0 2 3 2 1 1)              88.004
3897       (1 0 2 3 2 1 2)              88.008
3898       (1 0 2 3 2 1 2)              88.011
3899       (1 0 2 3 1 1 2)              88.010
3900       (1 0 2 3 1 2 1)              88.013
3901       (1 0 2 3 2 1 2)              88.016
3902       (1 0 3 1 2 1 2)              88.019
3903       (1 0 1 2 1 1 1)              88.022
3904       (1 0 2 3 2 1 2)              88.018
3905       (1 0 2 3 2 1 2)              88.014
3906       (1 0 2 3 2 1 2)              88.017
3907       (1 0 2 3 2 1 2)              88.020
3908       (1 0 2 3 2 1 2)              88.023
3909       (1 0 1 2 1 2 1)              88.026
3910       (1 0 3 1 2 1 2)              88.029
3911       (1 0 2 3 2 1 2)              88.032
3912       (1 0 3 1 2 1 2)              88.021
3913       (1 0 2 3 2 1 2)              88.024
3914       (1 0 2 3 1 2 1)              88.023
3915       (1 0 2 3 2 1 2)              88.026
3916       (1 0 3 1 2 1 2)              88.029
3917       (1 0 3 1 2 1 2)              88.032
3918       (1 0 2 3 2 1 2)              88.035
3919       (1 0 3 1 2 1 2)              88.035
3920       (1 0 1 2 1 2 1)              88.031
3921       (0 0 1 2 1 1 1)              88.030
3922       (1 0 1 2 1 1 1)              88.022
3923       (1 0 1 2 0 0 1)              88.025
3924       (1 0 1 2 1 1 1)              88.028
3925       (1 0 2 3 2 1 2)              88.031
3926       (1 0 3 1 2 1 2)              88.034
3927       (1 0 2 3 2 1 2)              88.026
3928       (1 0 2 3 2 1 2)              88.030
3929       (1 0 3 1 2 1 2)              88.033
3930       (1 0 2 3 2 1 2)              88.036
3931       (1 0 1 2 1 2 1)              88.031
3932       (1 0 1 2 1 2 0)              88.031
3933       (1 0 2 3 2 1 2)              88.034
3934       (1 0 1 2 1 1 1)              88.037
3935       (1 0 2 3 2 1 2)              88.022
3936       (1 0 1 2 1 1 1)              88.017
3937       (1 0 2 3 2 1 2)              88.021
3938       (1 0 2 3 2 1 2)              88.024
3939       (1 0 2 3 2 1 2)              88.027
3940       (1 0 2 3 1 2 1)              88.026
3941       (1 0 2 3 2 1 2)              88.029
3942       (1 0 2 3 2 1 2)              88.032
3943       (1 0 2 3 2 1 2)              88.035
3944       (1 0 2 3 2 1 2)              88.038
3945       (1 0 2 3 2 1 2)              88.041
3946       (1 0 2 3 2 1 2)              88.044
3947       (1 0 2 3 2 1 2)              88.047
3948       (1 0 2 3 2 1 2)              88.043
3949       (1 0 2 3 2 1 1)              88.035
3950       (1 0 3 1 2 1 2)              88.038
3951       (1 0 1 2 1 1 1)              88.041
3952       (1 0 3 1 2 1 2)              88.044
3953       (1 0 3 1 2 1 2)              88.047
3954       (1 0 3 1 2 1 2)              88.050
3955       (1 0 2 3 2 1 2)              88.054
3956       (1 0 3 1 2 1 2)              88.053
3957       (1 0 2 3 2 1 2)              88.056
3958       (1 0 2 3 2 1 2)              88.059
3959       (0 0 4 4 1 1 1)              88.048
3960       (1 0 2 3 2 1 2)              88.051
3961       (1 0 3 1 2 1 2)              88.050
3962       (1 0 1 2 1 2 1)              88.049
3963       (1 0 3 1 2 1 2)              88.052
3964       (1 0 3 1 2 1 2)              88.055
3965       (1 0 3 1 2 1 2)              88.058
3966       (1 0 3 1 2 1 2)              88.061
3967       (1 0 2 3 2 1 2)              88.065
3968       (1 0 3 1 2 1 2)              88.049
3969       (1 0 2 3 2 1 2)              88.052
3970       (1 0 3 1 2 1 2)              88.055
3971       (0 0 4 2 2 2 1)              88.040
3972       (1 0 2 3 2 1 2)              88.043
3973       (1 0 2 3 2 1 2)              88.046
3974       (1 0 2 3 2 1 2)              88.050
3975       (1 0 2 3 2 1 2)              88.053
3976       (1 0 3 1 2 1 2)              88.056
3977       (1 0 2 3 2 1 2)              88.059
3978       (1 0 2 3 2 1 1)              88.051
3979       (1 0 3 1 2 1 2)              88.036
3980       (1 0 2 3 2 1 2)              88.039
3981       (1 0 2 3 2 1 2)              88.042
3982       (1 0 3 1 2 1 2)              88.045
3983       (1 0 3 1 2 1 2)              88.048
3984       (1 0 1 2 1 1 1)              88.051
3985       (1 0 2 3 2 1 2)              88.054
3986       (1 0 0 0 2 2 1)              88.057
3987       (1 0 2 3 2 1 2)              88.060
3988       (1 0 1 2 1 2 1)              88.059
3989       (1 0 1 2 1 1 1)              88.062
3990       (0 0 1 2 0 0 1)              88.062
3991       (1 0 3 1 2 1 2)              88.047
3992       (1 0 3 1 2 1 1)              88.046
3993       (1 0 1 2 2 2 1)              88.042
3994       (1 0 2 3 2 1 2)              88.045
3995       (1 0 2 3 2 1 2)              88.048
3996       (0 0 4 6 0 0 1)              88.037
3997       (0 0 4 6 0 0 1)              88.022
3998       (1 0 3 1 2 1 2)              88.025
3999       (1 0 2 3 2 1 2)              88.028
4000       (1 0 1 2 1 1 1)              88.031
4001       (1 0 2 3 2 1 2)              88.027
4002       (1 0 2 3 2 1 2)              88.030
4003       (1 0 3 1 2 1 2)              88.033
4004       (1 0 2 3 2 1 2)              88.036
4005       (1 0 3 1 2 1 2)              88.039
4006       (1 0 2 3 2 1 2)              88.034
4007       (1 0 2 3 2 1 2)              88.037
4008       (1 0 3 1 2 1 2)              88.033
4009       (0 0 4 3 2 1 1)              88.022
4010       (1 0 3 1 2 1 2)              88.021
4011       (1 0 2 3 2 1 2)              88.024
4012       (1 0 1 2 1 1 1)              88.027
4013       (1 0 3 1 2 1 2)              88.023
4014       (1 0 4 5 2 2 2)              88.015
4015       (1 0 3 1 2 1 2)              88.018
4016       (1 0 2 3 2 1 2)              88.021
4017       (1 0 2 3 1 1 1)              88.024
4018       (1 0 1 2 1 1 1)              88.027
4019       (1 0 2 3 1 2 1)              88.030
4020       (1 0 3 1 2 1 2)              88.033
4021       (1 0 1 2 1 1 1)              88.036
4022       (1 0 2 3 2 1 2)              88.036
4023       (1 0 3 1 2 1 2)              88.039
4024       (0 0 1 2 0 0 1)              88.024
4025       (1 0 2 3 2 1 2)              88.027
4026       (1 0 2 3 2 1 2)              88.023
4027       (1 0 2 3 2 1 2)              88.026
4028       (1 0 2 3 2 1 2)              88.029
4029       (1 0 2 3 2 1 2)              88.032
4030       (1 0 2 3 1 2 1)              88.035
4031       (1 0 2 3 2 1 2)              88.038
4032       (1 0 2 3 2 1 2)              88.041
4033       (1 0 2 3 2 1 2)              88.044
4034       (1 0 3 1 2 1 2)              88.047
4035       (1 0 0 0 1 2 0)              88.050
4036       (1 0 1 2 1 2 1)              88.049
4037       (1 0 2 3 2 1 2)              88.052
4038       (1 0 2 3 2 1 2)              88.055
4039       (0 0 4 5 2 2 1)              88.040
4040       (1 0 2 3 2 1 2)              88.033
4041       (1 0 2 3 2 1 2)              88.035
4042       (1 0 2 3 2 1 2)              88.038
4043       (1 0 2 3 2 1 2)              88.034
4044       (1 0 1 2 1 1 1)              88.027
4045       (1 0 2 3 1 1 1)              88.026
4046       (1 0 2 3 2 1 2)              88.029
4047       (1 0 1 2 1 1 1)              88.032
4048       (1 0 1 2 1 1 1)              88.035
4049       (1 0 2 3 2 1 2)              88.031
4050       (1 0 2 3 2 1 2)              88.034
4051       (1 0 2 3 2 1 2)              88.037
4052       (1 0 2 3 2 1 2)              88.040
4053       (1 0 3 1 2 1 2)              88.043
4054       (1 0 2 3 2 1 1)              88.035
4055       (1 0 3 1 1 2 1)              88.038
4056       (1 0 3 1 2 1 2)              88.027
4057       (1 0 2 3 2 1 2)              88.030
4058       (1 0 2 3 2 1 2)              88.026
4059       (1 0 2 3 2 1 2)              88.029
4060       (1 0 1 2 1 2 1)              88.028
4061       (1 0 2 3 2 1 2)              88.028
4062       (1 0 2 3 2 1 2)              88.027
4063       (1 0 4 5 2 2 2)              88.019
4064       (1 0 1 2 1 1 1)              88.022
4065       (1 0 2 3 2 1 2)              88.018
4066       (1 0 3 1 2 1 2)              88.004
4067       (1 0 2 3 2 1 2)              87.999
4068       (1 0 2 3 2 1 2)              88.002
4069       (1 0 1 2 1 1 1)              88.005
4070       (1 0 2 3 2 1 2)              88.008
4071       (1 0 3 1 2 1 2)              88.011
4072       (1 0 2 3 2 1 2)              88.007
4073       (1 0 3 1 2 1 2)              87.996
4074       (1 0 3 1 2 1 2)              87.985
4075       (1 0 2 3 1 2 1)              87.988
4076       (1 0 2 3 2 1 2)              87.991
4077       (1 0 3 1 2 1 2)              87.990
4078       (1 0 3 1 2 1 2)              87.979
4079       (1 0 1 2 1 1 1)              87.982
4080       (1 0 2 3 2 1 2)              87.985
4081       (1 0 2 3 2 1 2)              87.985
4082       (1 0 2 3 2 1 2)              87.987
4083       (1 0 1 2 1 1 1)              87.990
4084       (1 0 2 3 2 1 2)              87.993
4085       (1 0 1 2 1 1 1)              87.996
4086       (1 0 2 3 2 1 2)              87.999
4087       (1 0 2 3 2 1 2)              87.995
4088       (1 0 1 2 1 1 1)              87.998
4089       (1 0 4 5 2 2 2)              87.991
4090       (1 0 3 1 2 1 2)              87.994
4091       (1 0 1 2 1 1 1)              87.982
4092       (1 0 1 2 1 2 1)              87.982
4093       (1 0 2 3 2 1 2)              87.985
4094       (1 0 2 3 2 1 2)              87.988
4095       (1 0 1 2 1 2 1)              87.987
4096       (1 0 2 3 2 1 2)              87.983
4097       (1 0 2 3 2 1 2)              87.986
4098       (1 0 2 3 2 1 2)              87.982
4099       (1 0 2 3 2 1 2)              87.978
4100       (1 0 3 1 2 1 2)              87.977
4101       (1 0 2 3 2 1 2)              87.980
4102       (1 0 3 1 2 1 2)              87.983
4103       (1 0 0 0 0 2 1)              87.986
4104       (0 0 1 2 1 1 1)              87.986
4105       (0 0 1 2 1 1 1)              87.975
4106       (1 0 2 3 2 1 2)              87.978
4107       (1 0 3 1 2 1 2)              87.981
4108       (1 0 2 3 2 1 2)              87.984
4109       (1 0 3 1 2 1 2)              87.979
4110       (1 0 1 2 1 1 1)              87.982
4111       (1 0 2 3 2 1 2)              87.982
4112       (1 0 2 3 2 1 2)              87.981
4113       (1 0 2 3 2 1 2)              87.984
4114       (1 0 2 3 1 2 1)              87.987
4115       (1 0 1 2 1 1 1)              87.990
4116       (1 0 2 3 2 1 2)              87.993
4117       (0 0 1 2 2 1 2)              87.982
4118       (1 0 2 3 2 1 2)              87.978
4119       (0 0 1 2 0 0 1)              87.977
4120       (1 0 2 3 1 1 1)              87.980
4121       (1 0 2 3 2 1 2)              87.976
4122       (1 0 4 5 2 2 2)              87.969
4123       (1 0 2 3 2 1 2)              87.972
4124       (1 0 2 3 2 1 2)              87.975
4125       (1 0 2 3 2 1 2)              87.971
4126       (1 0 3 1 2 1 2)              87.970
4127       (1 0 2 3 2 1 2)              87.973
4128       (1 0 2 3 2 1 2)              87.976
4129       (1 0 2 3 2 1 2)              87.979
4130       (1 0 3 1 2 1 2)              87.982
4131       (1 0 1 2 1 2 1)              87.974
4132       (1 0 3 1 2 1 2)              87.970
4133       (0 0 4 6 1 2 2)              87.959
4134       (1 0 3 1 2 1 2)              87.962
4135       (1 0 3 1 2 1 2)              87.962
4136       (1 0 3 1 2 1 2)              87.965
4137       (1 0 2 3 2 1 2)              87.968
4138       (1 0 3 1 2 1 2)              87.964
4139       (1 0 2 3 2 1 2)              87.960
4140       (1 0 2 3 2 1 2)              87.962
4141       (1 0 2 3 2 1 1)              87.955
4142       (1 0 1 2 1 1 1)              87.958
4143       (1 0 4 5 2 2 2)              87.950
4144       (1 0 4 5 2 2 2)              87.943
4145       (1 0 1 2 1 2 1)              87.936
4146       (1 0 3 1 2 1 2)              87.938
4147       (1 0 1 2 1 2 1)              87.938
4148       (1 0 3 1 2 1 2)              87.941
4149       (1 0 3 1 2 1 2)              87.944
4150       (0 0 4 6 1 1 1)              87.936
4151       (1 0 2 3 1 2 1)              87.939
4152       (1 0 3 1 2 1 2)              87.942
4153       (1 0 1 2 1 1 1)              87.945
4154       (1 0 2 3 2 1 2)              87.948
4155       (1 0 2 3 2 1 2)              87.951
4156       (1 0 3 1 2 1 2)              87.954
4157       (1 0 3 1 2 1 2)              87.950
4158       (1 0 3 1 2 1 2)              87.949
4159       (1 0 2 3 2 1 2)              87.949
4160       (1 0 2 3 2 1 2)              87.952
4161       (1 0 2 3 2 1 2)              87.955
4162       (1 0 2 3 1 2 1)              87.954
4163       (1 0 2 3 2 2 1)              87.957
4164       (1 0 2 3 2 1 2)              87.960
4165       (1 0 2 3 2 1 2)              87.956
4166       (1 0 2 3 2 1 2)              87.959
4167       (1 0 2 3 2 1 2)              87.951
4168       (1 0 2 3 2 2 1)              87.954
4169       (1 0 2 3 2 1 2)              87.957
4170       (0 0 1 2 2 2 1)              87.950
4171       (1 0 2 3 2 1 2)              87.949
4172       (1 0 1 2 1 1 1)              87.952
4173       (1 0 1 2 1 1 1)              87.955
4174       (1 0 3 1 2 1 2)              87.951
4175       (1 0 2 3 2 1 2)              87.954
4176       (1 0 2 3 2 1 2)              87.950
4177       (1 0 1 2 1 1 1)              87.953
4178       (1 0 2 3 2 1 2)              87.945
4179       (1 0 2 3 2 1 2)              87.948
4180       (1 0 2 3 2 1 2)              87.951
4181       (1 0 1 2 1 1 1)              87.954
4182       (1 0 1 2 1 1 1)              87.957
4183       (1 0 2 3 2 1 2)              87.960
4184       (1 0 4 5 2 2 2)              87.952
4185       (1 0 2 3 2 1 2)              87.955
4186       (1 0 1 2 1 1 1)              87.958
4187       (1 0 3 1 2 1 2)              87.954
4188       (1 0 2 3 2 1 2)              87.957
4189       (1 0 3 1 2 1 2)              87.960
4190       (1 0 2 3 1 2 1)              87.963
4191       (1 0 0 0 1 2 0)              87.966
4192       (0 0 4 5 2 2 1)              87.952
4193       (1 0 2 3 2 1 2)              87.944
4194       (1 0 2 3 2 1 2)              87.947
4195       (1 0 3 1 2 1 2)              87.950
4196       (1 0 2 3 2 1 2)              87.946
4197       (1 0 2 3 2 1 2)              87.949
4198       (1 0 3 1 2 1 2)              87.952
4199       (1 0 3 1 2 1 2)              87.951
4200       (1 0 2 3 2 1 2)              87.954
4201       (1 0 1 2 1 1 1)              87.957
4202       (1 0 1 2 1 1 1)              87.960
4203       (1 0 1 2 1 2 1)              87.959
4204       (1 0 2 3 2 1 2)              87.962
4205       (1 0 3 1 2 1 2)              87.958
4206       (0 0 1 2 1 1 1)              87.958
4207       (1 0 1 2 1 1 1)              87.961
4208       (1 0 1 2 0 0 1)              87.963
4209       (1 0 2 3 2 1 2)              87.960
4210       (1 0 2 3 2 1 2)              87.962
4211       (1 0 2 3 2 1 2)              87.965
4212       (1 0 3 1 2 1 2)              87.968
4213       (0 0 4 5 2 2 1)              87.961
4214       (1 0 2 3 1 2 1)              87.964
4215       (1 0 1 2 1 1 1)              87.967
4216       (1 0 1 2 1 1 1)              87.966
4217       (1 0 3 1 2 1 2)              87.969
4218       (1 0 2 3 2 1 2)              87.972
4219       (1 0 2 3 2 1 2)              87.975
4220       (1 0 1 2 1 1 1)              87.977
4221       (1 0 2 3 2 1 2)              87.980
4222       (1 0 0 3 1 0 1)              87.976
4223       (1 0 1 2 1 2 1)              87.976
4224       (1 0 3 1 1 1 1)              87.972
4225       (1 0 2 3 2 1 2)              87.975
4226       (1 0 2 3 2 1 2)              87.978
4227       (1 0 2 3 2 1 2)              87.974
4228       (1 0 1 2 1 1 1)              87.977
4229       (1 0 3 1 2 1 1)              87.976
4230       (0 0 4 5 2 2 1)              87.969
4231       (1 0 3 1 2 1 2)              87.972
4232       (1 0 2 3 2 1 2)              87.968
4233       (1 0 2 3 2 1 2)              87.967
4234       (1 0 2 3 1 2 1)              87.970
4235       (1 0 3 1 2 1 2)              87.973
4236       (1 0 2 3 2 1 2)              87.976
4237       (0 0 4 5 2 1 1)              87.965
4238       (1 0 2 3 2 1 2)              87.968
4239       (1 0 2 3 2 1 2)              87.971
4240       (1 0 2 3 2 1 2)              87.973
4241       (0 0 1 2 1 1 1)              87.963
4242       (1 0 2 3 2 1 2)              87.966
4243       (1 0 3 1 2 1 2)              87.969
4244       (1 0 3 1 2 1 2)              87.968
4245       (1 0 2 3 2 1 2)              87.961
4246       (1 0 2 3 2 1 2)              87.957
4247       (1 0 1 2 1 1 1)              87.960
4248       (1 0 2 3 2 1 2)              87.956
4249       (1 0 1 2 0 0 1)              87.959
4250       (1 0 0 0 2 2 1)              87.961
4251       (1 0 3 1 2 1 2)              87.964
4252       (1 0 2 3 2 1 2)              87.967
4253       (1 0 1 2 1 1 1)              87.970
4254       (1 0 2 3 2 1 2)              87.969
4255       (1 0 2 3 2 1 2)              87.972
4256       (1 0 1 2 1 1 1)              87.975
4257       (1 0 1 2 1 2 1)              87.968
4258       (1 0 2 3 2 1 2)              87.971
4259       (1 0 2 3 2 1 2)              87.973
4260       (1 0 2 3 2 1 2)              87.976
4261       (1 0 3 1 2 1 2)              87.976
4262       (1 0 2 3 2 1 2)              87.972
4263       (1 0 2 3 2 1 2)              87.975
4264       (1 0 1 2 1 1 1)              87.978
4265       (1 0 1 2 1 2 1)              87.977
4266       (1 0 2 3 2 1 2)              87.973
4267       (1 0 3 1 2 1 2)              87.976
4268       (0 0 1 2 1 1 1)              87.975
4269       (1 0 2 3 2 1 2)              87.978
4270       (1 0 3 1 2 1 2)              87.981
4271       (1 0 2 3 2 1 2)              87.984
4272       (1 0 2 3 2 1 2)              87.987
4273       (1 0 2 3 2 1 2)              87.990
4274       (1 0 4 5 2 2 2)              87.982
4275       (1 0 3 1 2 1 2)              87.985
4276       (1 0 2 3 2 1 2)              87.981
4277       (1 0 2 3 2 1 2)              87.984
4278       (1 0 1 2 1 2 1)              87.984
4279       (1 0 2 3 2 1 2)              87.986
4280       (1 0 3 1 2 1 2)              87.989
4281       (1 0 2 3 2 1 2)              87.985
4282       (1 0 1 2 1 2 1)              87.985
4283       (1 0 2 3 1 2 1)              87.984
4284       (1 0 2 3 2 1 2)              87.987
4285       (1 0 3 1 2 1 2)              87.983
4286       (1 0 2 3 2 1 2)              87.986
4287       (1 0 1 2 1 1 1)              87.989
4288       (1 0 2 3 2 1 2)              87.992
4289       (1 0 3 1 2 1 2)              87.994
4290       (1 0 0 0 1 2 0)              87.997
4291       (1 0 2 3 2 1 2)              88.000
4292       (1 0 1 2 1 2 1)              87.996
4293       (1 0 2 3 2 1 2)              87.999
4294       (1 0 2 3 2 1 2)              87.995
4295       (1 0 2 3 1 2 1)              87.998
4296       (1 0 1 2 1 1 1)              88.001
4297       (1 0 2 3 2 1 2)              88.003
4298       (1 0 1 2 1 1 1)              88.006
4299       (1 0 2 3 2 1 2)              88.009
4300       (1 0 2 3 2 1 2)              88.012
4301       (1 0 3 1 2 1 2)              88.008
4302       (1 0 1 2 1 2 1)              88.007
4303       (1 0 3 1 2 1 2)              88.004
4304       (1 0 3 1 2 1 2)              88.006
4305       (1 0 3 1 2 1 2)              88.003
4306       (1 0 2 3 2 1 2)              87.999
4307       (1 0 3 1 2 1 2)              88.001
4308       (1 0 2 3 2 1 2)              88.001
4309       (1 0 2 3 2 1 2)              88.004
4310       (1 0 2 3 1 2 1)              88.007
4311       (1 0 2 3 2 1 2)              88.009
4312       (1 0 2 3 2 1 2)              88.005
4313       (1 0 1 2 1 1 1)              88.008
4314       (1 0 2 3 2 1 2)              88.011
4315       (1 0 3 1 2 1 2)              88.007
4316       (1 0 2 3 2 1 2)              88.010
4317       (0 0 4 3 2 1 1)              87.999
4318       (1 0 3 1 2 1 2)              87.996
4319       (1 0 3 1 2 1 2)              87.998
4320       (1 0 2 3 2 1 2)              88.001
4321       (1 0 3 1 2 1 2)              87.997
4322       (1 0 1 2 1 1 1)              88.000
4323       (1 0 2 3 2 1 2)              87.996
4324       (1 0 3 1 2 1 2)              87.999
4325       (0 0 1 2 1 1 1)              87.999
4326       (1 0 2 3 2 1 2)              88.001
4327       (1 0 2 3 2 1 2)              88.004
4328       (1 0 2 3 2 1 2)              88.007
4329       (1 0 2 3 2 1 2)              88.010
4330       (1 0 3 1 2 1 2)              88.012
4331       (1 0 1 2 1 1 1)              88.015
4332       (1 0 2 3 2 1 2)              88.018
4333       (1 0 3 1 2 1 2)              88.021
4334       (1 0 1 2 1 1 1)              88.024
4335       (1 0 3 1 2 1 2)              88.026
4336       (1 0 2 3 2 1 2)              88.029
4337       (1 0 2 3 2 1 2)              88.032
4338       (1 0 2 3 2 1 1)              88.031
4339       (0 0 4 5 2 2 1)              88.021
4340       (1 0 2 3 1 2 1)              88.024
4341       (1 0 2 3 2 1 2)              88.026
4342       (1 0 2 3 2 1 2)              88.029
4343       (1 0 1 2 1 1 1)              88.032
4344       (1 0 3 1 2 1 2)              88.035
4345       (1 0 2 3 2 1 2)              88.037
4346       (1 0 2 3 2 1 2)              88.040
4347       (1 0 4 5 2 2 2)              88.033
4348       (1 0 1 2 1 1 1)              88.036
4349       (1 0 2 3 2 1 2)              88.039
4350       (1 0 2 3 2 1 2)              88.041
4351       (1 0 2 3 1 2 1)              88.041
4352       (1 0 2 3 2 1 2)              88.044
4353       (1 0 2 3 2 1 2)              88.046
4354       (1 0 2 3 2 1 2)              88.049
4355       (1 0 3 1 2 1 2)              88.045
4356       (1 0 3 1 2 1 2)              88.048
4357       (1 0 4 5 2 2 2)              88.041
4358       (1 0 2 3 2 1 2)              88.044
4359       (1 0 3 1 2 1 2)              88.037
4360       (1 0 3 1 2 1 2)              88.033
4361       (1 0 2 3 2 1 2)              88.029
4362       (1 0 2 3 2 1 2)              88.022
4363       (1 0 3 1 2 1 2)              88.025
4364       (1 0 2 3 2 1 2)              88.021
4365       (1 0 1 2 1 1 1)              88.024
4366       (1 0 2 3 2 1 2)              88.020
4367       (1 0 1 2 1 1 1)              88.022
4368       (1 0 2 3 2 1 2)              88.025
4369       (1 0 2 3 2 1 2)              88.028
4370       (1 0 2 3 2 1 2)              88.031
4371       (1 0 2 3 1 2 1)              88.033
4372       (1 0 2 3 2 1 2)              88.036
4373       (1 0 3 1 2 1 2)              88.036
4374       (1 0 2 3 2 1 2)              88.038
4375       (1 0 2 3 2 1 2)              88.041
4376       (1 0 2 3 2 1 2)              88.044
4377       (1 0 2 3 2 1 2)              88.047
4378       (1 0 1 2 1 1 1)              88.049
4379       (1 0 2 3 2 1 2)              88.052
4380       (1 0 1 2 1 1 1)              88.055
4381       (1 0 2 3 2 1 2)              88.058
4382       (1 0 2 3 2 1 2)              88.060
4383       (1 0 3 1 2 1 2)              88.063
4384       (1 0 2 3 2 1 2)              88.066
4385       (1 0 1 2 2 2 1)              88.062
4386       (1 0 2 3 2 1 2)              88.058
4387       (0 0 4 6 0 0 1)              88.051
4388       (1 0 2 3 2 1 2)              88.054
4389       (1 0 3 1 2 1 2)              88.053
4390       (1 0 2 3 2 1 2)              88.056
4391       (1 0 2 3 2 1 2)              88.056
4392       (1 0 2 3 2 1 2)              88.052
4393       (1 0 2 3 2 1 2)              88.051
4394       (0 0 1 2 1 1 1)              88.038
4395       (0 0 2 3 1 2 1)              88.037
4396       (1 0 3 1 2 1 2)              88.033
4397       (1 0 1 2 1 2 1)              88.033
4398       (1 0 1 2 1 1 1)              88.035
4399       (1 0 3 1 2 1 2)              88.022
4400       (1 0 3 1 2 1 2)              88.025
4401       (1 0 3 1 1 1 1)              88.027
4402       (1 0 3 1 2 1 2)              88.024
4403       (1 0 2 3 2 1 2)              88.026
4404       (1 0 2 3 2 1 2)              88.029
4405       (1 0 1 2 1 1 1)              88.029
4406       (1 0 2 3 1 2 1)              88.031
4407       (1 0 2 3 2 1 2)              88.034
4408       (1 0 0 0 2 2 1)              88.037
4409       (1 0 1 2 1 1 1)              88.039
4410       (1 0 3 1 2 1 2)              88.036
4411       (1 0 3 1 2 1 2)              88.035
4412       (1 0 3 1 2 1 2)              88.035
4413       (1 0 0 0 1 2 1)              88.037
4414       (1 0 2 3 1 2 1)              88.037
4415       (1 0 2 3 2 1 2)              88.039
4416       (1 0 1 2 1 1 1)              88.042
4417       (0 0 4 5 2 2 1)              88.035
4418       (1 0 2 3 2 1 2)              88.038
4419       (1 0 2 3 2 1 2)              88.041
4420       (1 0 2 3 1 1 1)              88.043
4421       (0 0 4 5 2 2 1)              88.036
4422       (1 0 2 3 2 1 2)              88.039
4423       (1 0 1 2 1 2 0)              88.042
4424       (1 0 2 3 2 1 2)              88.035
4425       (1 0 1 2 1 1 1)              88.037
4426       (1 0 3 1 2 1 2)              88.034
4427       (0 0 2 3 1 1 1)              88.030
4428       (0 0 1 2 2 2 1)              88.023
4429       (0 0 4 6 0 0 1)              88.016
4430       (1 0 2 3 2 1 2)              88.015
4431       (1 0 2 3 2 1 2)              88.018
4432       (1 0 2 3 2 1 2)              88.021
4433       (1 0 2 3 2 1 2)              88.024
4434       (0 0 1 2 1 1 1)              88.023
4435       (1 0 2 3 2 1 2)              88.026
4436       (1 0 2 3 2 1 2)              88.028
4437       (1 0 2 3 2 1 2)              88.031
4438       (1 0 1 2 1 1 1)              88.034
4439       (0 0 1 2 1 1 1)              88.033
4440       (1 0 2 3 2 1 2)              88.036
4441       (1 0 1 2 1 1 1)              88.039
4442       (1 0 2 3 2 1 2)              88.038
4443       (1 0 1 2 1 1 1)              88.034
4444       (1 0 2 3 2 1 2)              88.037
4445       (1 0 2 3 2 1 2)              88.040
4446       (1 0 3 1 2 1 1)              88.039
4447       (0 0 1 2 0 0 1)              88.039
4448       (1 0 1 2 1 2 1)              88.042
4449       (1 0 2 3 2 1 2)              88.044
4450       (0 0 2 3 1 1 1)              88.040
4451       (1 0 2 3 2 1 2)              88.043
4452       (1 0 1 2 1 1 1)              88.033
4453       (1 0 2 3 2 1 2)              88.036
4454       (1 0 1 2 1 2 1)              88.038
4455       (0 0 1 2 0 0 1)              88.038
4456       (1 0 2 3 2 1 2)              88.041
4457       (1 0 2 3 2 1 2)              88.043
4458       (1 0 2 3 2 1 2)              88.046
4459       (1 0 3 1 2 1 2)              88.049
4460       (1 0 1 2 1 1 1)              88.051
4461       (1 0 2 3 2 1 2)              88.044
4462       (1 0 2 3 2 1 2)              88.037
4463       (1 0 2 3 2 1 2)              88.034
4464       (1 0 2 3 2 1 2)              88.036
4465       (1 0 2 3 2 1 2)              88.033
4466       (1 0 2 3 2 1 2)              88.035
4467       (0 0 1 2 1 2 1)              88.032
4468       (1 0 2 3 2 1 2)              88.034
4469       (1 0 3 1 2 1 2)              88.037
4470       (1 0 1 2 1 1 1)              88.040
4471       (1 0 1 2 1 1 1)              88.042
4472       (1 0 2 3 2 1 2)              88.035
4473       (1 0 2 3 2 1 2)              88.032
4474       (1 0 3 1 2 1 2)              88.034
4475       (1 0 1 2 1 1 1)              88.037
4476       (1 0 2 3 2 1 2)              88.040
4477       (1 0 2 3 2 1 2)              88.039
4478       (1 0 2 3 2 1 2)              88.039
4479       (1 0 3 1 2 1 2)              88.041
4480       (1 0 3 1 2 1 2)              88.044
4481       (1 0 1 2 1 1 1)              88.047
4482       (1 0 3 1 2 1 2)              88.049
4483       (1 0 2 3 2 1 2)              88.052
4484       (1 0 3 1 2 1 2)              88.055
4485       (1 0 1 2 1 2 1)              88.051
4486       (1 0 2 3 2 1 2)              88.047
4487       (1 0 2 3 1 2 1)              88.050
4488       (1 0 1 2 1 1 1)              88.053
4489       (1 0 3 1 2 1 2)              88.055
4490       (1 0 2 3 2 1 2)              88.055
4491       (1 0 2 3 2 1 2)              88.057
4492       (1 0 3 1 2 1 2)              88.060
4493       (1 0 1 2 1 1 1)              88.063
4494       (1 0 3 1 2 1 2)              88.062
4495       (1 0 3 1 2 1 2)              88.049
4496       (1 0 0 0 0 1 1)              88.042
4497       (1 0 2 3 2 1 2)              88.045
4498       (1 0 3 1 2 1 2)              88.044
4499       (1 0 1 2 1 1 1)              88.047
4500       (1 0 3 1 2 1 2)              88.050
4501       (1 0 2 3 2 1 2)              88.049
4502       (1 0 2 3 2 1 2)              88.052
4503       (1 0 2 3 2 1 2)              88.054
4504       (1 0 1 2 1 1 1)              88.057
4505       (1 0 1 2 1 1 1)              88.060
4506       (0 0 1 2 0 0 1)              88.059
4507       (1 0 2 3 2 1 2)              88.062
4508       (1 0 2 3 2 1 2)              88.058
4509       (1 0 0 3 1 0 1)              88.058
4510       (0 0 3 1 1 1 0)              88.054
4511       (1 0 2 3 2 1 2)              88.050
4512       (1 0 1 2 0 0 1)              88.053
4513       (1 0 2 3 2 1 2)              88.056
4514       (1 0 3 1 2 1 2)              88.052
4515       (1 0 1 2 0 0 1)              88.045
4516       (1 0 3 1 2 1 2)              88.048
4517       (1 0 2 3 2 1 2)              88.050
4518       (1 0 2 3 2 1 2)              88.050
4519       (1 0 3 1 2 1 2)              88.052
4520       (1 0 1 2 1 1 1)              88.055
4521       (1 0 2 3 2 1 2)              88.058
4522       (1 0 2 3 2 1 2)              88.060
4523       (0 0 1 2 1 1 1)              88.060
4524       (1 0 2 3 2 1 2)              88.062
4525       (1 0 1 2 0 0 1)              88.065
4526       (1 0 2 3 2 2 1)              88.065
4527       (1 0 3 1 2 1 2)              88.067
4528       (1 0 2 3 2 1 2)              88.070
4529       (1 0 1 2 1 2 1)              88.057
4530       (1 0 2 3 2 1 1)              88.053
4531       (1 0 2 3 2 1 2)              88.053
4532       (1 0 2 3 2 1 2)              88.055
4533       (1 0 2 3 2 1 2)              88.058
4534       (0 0 1 2 1 1 1)              88.057
4535       (1 0 1 2 1 1 1)              88.060
4536       (1 0 2 3 1 2 1)              88.063
4537       (1 0 1 2 1 1 1)              88.065
4538       (1 0 2 3 2 1 2)              88.062
4539       (1 0 2 3 2 1 2)              88.064
4540       (1 0 1 2 1 1 1)              88.067
4541       (1 0 2 3 2 1 2)              88.069
4542       (1 0 0 0 2 2 1)              88.072
4543       (1 0 3 1 2 1 2)              88.075
4544       (0 0 1 2 1 1 1)              88.074
4545       (1 0 1 2 1 2 1)              88.077
4546       (1 0 2 3 2 1 2)              88.079
4547       (1 0 2 3 2 1 2)              88.082
4548       (1 0 3 1 2 1 2)              88.069
4549       (0 0 4 3 2 1 1)              88.059
4550       (0 0 2 3 1 2 1)              88.055
4551       (1 0 2 3 2 1 2)              88.058
4552       (1 0 3 1 2 1 2)              88.061
4553       (1 0 2 3 2 1 2)              88.063
4554       (1 0 2 3 2 1 2)              88.066
4555       (1 0 1 2 1 1 1)              88.068
4556       (1 0 3 1 2 1 2)              88.071
4557       (1 0 2 3 2 1 2)              88.074
4558       (1 0 2 3 2 1 2)              88.076
4559       (1 0 2 3 2 1 2)              88.079
4560       (1 0 3 1 2 1 2)              88.082
4561       (1 0 1 2 1 1 1)              88.084
4562       (1 0 1 2 1 1 1)              88.087
4563       (1 0 1 2 1 1 1)              88.089
4564       (1 0 2 3 2 2 1)              88.092
4565       (1 0 3 1 2 1 2)              88.095
4566       (1 0 2 3 2 1 2)              88.097
4567       (1 0 2 3 2 1 2)              88.094
4568       (1 0 1 2 1 1 1)              88.096
4569       (1 0 2 3 2 2 1)              88.099
4570       (1 0 2 3 2 1 2)              88.102
4571       (1 0 2 3 2 1 2)              88.104
4572       (1 0 1 2 1 1 1)              88.107
4573       (0 0 4 2 2 2 1)              88.094
4574       (1 0 2 3 2 1 2)              88.090
4575       (1 0 2 3 2 1 2)              88.093
4576       (1 0 2 3 2 1 1)              88.092
4577       (1 0 1 2 1 1 1)              88.095
4578       (1 0 1 2 1 1 1)              88.097
4579       (1 0 0 0 2 2 1)              88.100
4580       (1 0 2 3 2 1 2)              88.096
4581       (1 0 1 2 1 1 1)              88.099
4582       (1 0 1 2 1 1 1)              88.101
4583       (1 0 2 3 2 1 2)              88.095
4584       (1 0 3 1 2 1 2)              88.082
4585       (1 0 2 3 2 1 2)              88.084
4586       (1 0 2 3 2 1 2)              88.078
4587       (1 0 1 2 0 0 1)              88.080
4588       (1 0 3 1 2 1 2)              88.083
4589       (1 0 3 1 2 1 2)              88.085
4590       (1 0 1 2 1 1 1)              88.088
4591       (0 0 1 2 2 1 1)              88.078
4592       (1 0 2 3 2 1 2)              88.081
4593       (1 0 1 2 1 1 1)              88.083
4594       (1 0 3 1 2 1 2)              88.086
4595       (1 0 2 3 2 1 2)              88.088
4596       (1 0 2 3 2 1 2)              88.091
4597       (1 0 2 3 2 1 2)              88.094
4598       (1 0 2 3 2 1 2)              88.096
4599       (1 0 1 2 0 0 1)              88.090
4600       (1 0 1 2 1 1 1)              88.092
4601       (1 0 3 1 2 1 2)              88.088
4602       (1 0 3 1 2 1 2)              88.091
4603       (1 0 3 1 2 1 2)              88.094
4604       (1 0 2 3 2 1 2)              88.096
4605       (1 0 3 1 2 1 2)              88.093
4606       (1 0 2 3 2 1 2)              88.095
4607       (1 0 1 2 1 1 1)              88.098
4608       (1 0 2 3 2 1 2)              88.100
4609       (1 0 2 3 2 1 2)              88.097
4610       (0 0 0 6 1 1 1)              88.087
4611       (1 0 2 3 2 1 2)              88.083
4612       (1 0 2 3 2 1 2)              88.086
4613       (1 0 3 1 2 1 2)              88.089
4614       (1 0 2 3 2 1 2)              88.091
4615       (1 0 2 3 2 1 2)              88.087
4616       (1 0 2 3 2 1 2)              88.090
4617       (1 0 0 0 0 2 1)              88.093
4618       (1 0 1 2 1 1 1)              88.095
4619       (1 0 4 5 2 2 2)              88.089
4620       (1 0 2 3 2 1 2)              88.091
4621       (1 0 2 3 2 1 2)              88.094
4622       (1 0 1 2 1 2 1)              88.090
4623       (1 0 1 2 1 1 1)              88.086
4624       (1 0 3 1 2 1 2)              88.089
4625       (0 0 2 3 1 1 1)              88.089
4626       (1 0 3 1 2 1 2)              88.085
4627       (0 0 2 3 1 2 1)              88.075
4628       (1 0 2 3 2 1 2)              88.078
4629       (1 0 1 2 1 1 1)              88.080
4630       (1 0 2 3 2 1 2)              88.080
4631       (1 0 3 1 2 1 2)              88.082
4632       (1 0 1 2 1 1 1)              88.085
4633       (0 0 4 2 2 2 1)              88.075
4634       (1 0 2 3 2 1 2)              88.072
4635       (1 0 2 3 2 1 2)              88.074
4636       (0 0 3 1 1 1 0)              88.071
4637       (1 0 1 2 1 1 1)              88.073
4638       (1 0 2 3 2 1 2)              88.076
4639       (1 0 2 3 2 1 2)              88.078
4640       (1 0 1 2 1 1 1)              88.081
4641       (1 0 3 1 2 1 2)              88.080
4642       (0 0 1 2 1 1 1)              88.080
4643       (1 0 3 1 2 1 2)              88.082
4644       (1 0 2 3 2 1 2)              88.085
4645       (1 0 2 3 2 1 2)              88.081
4646       (1 0 3 1 2 1 2)              88.081
4647       (1 0 2 3 2 1 2)              88.083
4648       (1 0 1 2 1 2 1)              88.083
4649       (1 0 1 2 1 2 1)              88.082
4650       (1 0 3 1 2 1 2)              88.085
4651       (1 0 3 1 2 1 2)              88.088
4652       (1 0 1 2 1 0 1)              88.081
4653       (1 0 2 3 2 1 2)              88.083
4654       (1 0 3 1 2 1 2)              88.086
4655       (1 0 3 1 2 1 2)              88.089
4656       (1 0 3 1 2 1 2)              88.091
4657       (1 0 2 3 2 1 2)              88.091
4658       (1 0 2 3 2 1 2)              88.093
4659       (1 0 3 1 2 1 2)              88.090
4660       (1 0 1 2 1 1 1)              88.092
4661       (1 0 4 5 2 2 2)              88.085
4662       (1 0 3 1 2 1 2)              88.088
4663       (1 0 3 1 2 1 2)              88.091
4664       (1 0 3 1 0 0 1)              88.084
4665       (1 0 2 3 2 1 2)              88.087
4666       (1 0 2 3 2 1 2)              88.089
4667       (1 0 1 2 0 0 1)              88.092
4668       (1 0 1 2 1 1 1)              88.094
4669       (1 0 2 3 2 1 2)              88.097
4670       (1 0 1 2 1 1 1)              88.099
4671       (1 0 1 2 1 1 1)              88.102
4672       (0 0 1 2 0 0 1)              88.101
4673       (1 0 3 1 2 1 2)              88.104
4674       (0 0 4 5 2 1 1)              88.094
4675       (1 0 1 2 1 2 1)              88.088
4676       (1 0 1 2 1 1 1)              88.084
4677       (1 0 2 3 2 1 2)              88.087
4678       (1 0 2 3 2 1 2)              88.086
4679       (1 0 0 0 1 2 0)              88.089
4680       (1 0 2 3 2 1 2)              88.091
4681       (1 0 2 3 2 1 2)              88.094
4682       (1 0 3 1 2 1 2)              88.096
4683       (1 0 3 1 2 1 2)              88.099
4684       (1 0 3 1 2 1 2)              88.101
4685       (1 0 3 1 2 1 2)              88.104
4686       (1 0 0 0 1 2 0)              88.106
4687       (1 0 1 2 1 1 1)              88.109
4688       (0 0 4 6 1 2 1)              88.102
4689       (1 0 3 1 2 1 2)              88.099
4690       (0 0 4 5 2 2 1)              88.092
4691       (1 0 3 1 2 1 2)              88.089
4692       (1 0 2 3 2 1 2)              88.085
4693       (1 0 1 2 1 1 1)              88.088
4694       (1 0 2 3 2 1 2)              88.090
4695       (1 0 2 3 2 1 2)              88.093
4696       (1 0 1 2 1 1 1)              88.095
4697       (1 0 2 3 2 1 2)              88.098
4698       (1 0 2 3 2 1 2)              88.091
4699       (1 0 2 3 2 1 1)              88.088
4700       (1 0 3 1 2 1 2)              88.090
4701       (1 0 3 1 2 1 2)              88.093
4702       (1 0 2 3 2 1 2)              88.086
4703       (1 0 3 1 2 1 2)              88.089
4704       (1 0 3 1 2 1 2)              88.091
4705       (1 0 3 1 2 1 2)              88.094
4706       (1 0 2 3 2 1 2)              88.096
4707       (1 0 3 1 2 1 2)              88.099
4708       (1 0 2 3 2 1 2)              88.101
4709       (1 0 2 3 2 1 2)              88.104
4710       (1 0 3 1 2 1 2)              88.106
4711       (1 0 3 1 2 1 2)              88.109
4712       (1 0 2 3 2 1 2)              88.111
4713       (1 0 2 3 2 1 2)              88.114
4714       (1 0 2 3 2 1 2)              88.110
4715       (1 0 2 3 2 1 2)              88.113
4716       (1 0 1 2 0 0 1)              88.116
4717       (1 0 3 1 2 1 1)              88.115
4718       (1 0 2 3 2 1 2)              88.118
4719       (1 0 3 1 2 1 2)              88.117
4720       (1 0 2 3 2 1 2)              88.120
4721       (1 0 1 2 1 1 1)              88.122
4722       (1 0 2 3 1 0 1)              88.122
4723       (1 0 3 1 2 1 2)              88.124
4724       (1 0 3 1 2 1 2)              88.127
4725       (0 0 1 2 1 1 1)              88.126
4726       (1 0 3 1 2 1 2)              88.120
4727       (1 0 3 1 2 1 2)              88.107
4728       (1 0 2 3 2 1 2)              88.109
4729       (1 0 2 3 2 1 2)              88.106
4730       (1 0 2 3 2 1 2)              88.108
4731       (0 0 1 2 1 1 1)              88.099
4732       (1 0 0 0 1 2 1)              88.101
4733       (1 0 2 3 2 1 2)              88.095
4734       (1 0 2 3 2 1 2)              88.097
4735       (1 0 3 1 2 1 2)              88.100
4736       (1 0 2 3 1 2 1)              88.102
4737       (1 0 2 3 2 1 2)              88.105
4738       (1 0 3 1 2 1 2)              88.104
4739       (1 0 2 3 2 1 2)              88.107
4740       (1 0 1 2 1 1 1)              88.109
4741       (0 0 4 5 2 1 1)              88.094
4742       (1 0 2 3 2 1 2)              88.096
4743       (0 0 4 5 2 1 1)              88.087
4744       (1 0 3 1 2 1 2)              88.089
4745       (0 0 1 2 1 1 1)              88.089
4746       (1 0 3 1 2 1 2)              88.088
4747       (1 0 1 2 1 1 1)              88.091
4748       (0 0 4 5 2 2 1)              88.084
4749       (1 0 3 1 2 1 2)              88.072
4750       (0 0 4 6 1 1 1)              88.059
4751       (1 0 1 2 1 1 1)              88.056
4752       (1 0 3 1 2 1 2)              88.046
4753       (1 0 1 2 1 1 1)              88.048
4754       (1 0 2 3 2 1 2)              88.051
4755       (1 0 3 1 2 1 2)              88.054
4756       (1 0 2 3 2 1 2)              88.056
4757       (1 0 2 3 2 1 2)              88.053
4758       (1 0 3 1 2 1 2)              88.052
4759       (1 0 1 2 1 1 1)              88.055
4760       (1 0 2 3 2 1 2)              88.057
4761       (1 0 1 2 1 2 1)              88.057
4762       (0 0 2 3 1 1 1)              88.050
4763       (1 0 2 3 2 1 2)              88.053
4764       (1 0 2 3 2 1 2)              88.055
4765       (1 0 3 1 2 1 2)              88.052
4766       (1 0 3 1 2 1 2)              88.045
4767       (1 0 2 3 2 1 2)              88.048
4768       (1 0 2 3 2 1 2)              88.050
4769       (1 0 2 3 2 1 2)              88.053
4770       (1 0 2 3 2 1 2)              88.055
4771       (1 0 1 2 1 1 1)              88.058
4772       (1 0 2 3 2 1 2)              88.060
4773       (1 0 2 3 2 1 2)              88.063
4774       (1 0 3 1 2 1 2)              88.065
4775       (1 0 2 3 2 1 2)              88.068
4776       (1 0 3 1 2 1 2)              88.067
4777       (1 0 2 3 2 1 2)              88.070
4778       (1 0 3 1 2 1 2)              88.066
4779       (1 0 3 1 2 1 2)              88.069
4780       (1 0 2 3 2 1 2)              88.071
4781       (0 0 4 5 2 1 1)              88.062
4782       (1 0 2 3 2 1 2)              88.055
4783       (0 0 1 2 0 0 1)              88.055
4784       (1 0 2 3 2 1 2)              88.057
4785       (1 0 2 3 2 1 2)              88.060
4786       (1 0 3 1 2 1 2)              88.059
4787       (1 0 0 0 1 2 0)              88.062
4788       (1 0 3 1 2 1 2)              88.061
4789       (0 0 1 2 1 1 1)              88.061
4790       (1 0 2 3 2 1 2)              88.054
4791       (1 0 2 3 2 1 2)              88.057
4792       (1 0 2 3 2 1 2)              88.059
4793       (1 0 1 2 2 2 1)              88.062
4794       (1 0 2 3 2 1 2)              88.064
4795       (1 0 3 1 2 1 2)              88.067
4796       (1 0 3 1 2 1 2)              88.066
4797       (1 0 3 1 2 1 2)              88.069
4798       (1 0 1 2 1 1 1)              88.071
4799       (1 0 2 3 2 1 2)              88.074
4800       (1 0 2 3 2 1 2)              88.076
4801       (1 0 3 1 2 1 2)              88.073
4802       (1 0 2 3 2 1 2)              88.075
4803       (1 0 3 1 2 1 2)              88.078
4804       (1 0 2 3 2 1 2)              88.077
4805       (1 0 2 3 2 1 2)              88.074
4806       (1 0 3 1 2 1 2)              88.070
4807       (1 0 2 3 2 1 2)              88.073
4808       (1 0 0 0 1 2 0)              88.075
4809       (1 0 2 3 2 1 2)              88.078
4810       (0 0 1 2 1 1 1)              88.068
4811       (1 0 1 2 1 1 1)              88.071
4812       (1 0 2 3 2 1 2)              88.073
4813       (1 0 2 3 2 1 2)              88.076
4814       (1 0 3 1 2 1 2)              88.078
4815       (1 0 2 3 2 1 2)              88.081
4816       (1 0 2 3 2 1 2)              88.080
4817       (1 0 3 1 2 1 2)              88.080
4818       (1 0 2 3 2 1 2)              88.076
4819       (1 0 0 0 2 2 1)              88.067
4820       (1 0 4 5 2 2 2)              88.061
4821       (1 0 2 3 2 1 2)              88.057
4822       (1 0 3 1 2 1 2)              88.060
4823       (1 0 0 0 1 2 0)              88.062
4824       (1 0 3 1 2 1 2)              88.053
4825       (0 0 4 6 0 0 1)              88.040
4826       (1 0 1 2 1 2 1)              88.037
4827       (1 0 1 2 1 2 1)              88.036
4828       (1 0 1 2 1 1 1)              88.039
4829       (1 0 2 3 2 1 2)              88.041
4830       (1 0 1 2 1 1 1)              88.044
4831       (1 0 1 2 2 2 1)              88.046
4832       (1 0 2 3 2 1 2)              88.049
4833       (0 0 1 2 1 1 1)              88.048
4834       (1 0 2 3 2 1 2)              88.048
4835       (1 0 2 3 2 1 2)              88.050
4836       (1 0 2 3 2 1 2)              88.053
4837       (1 0 2 3 2 1 2)              88.055
4838       (1 0 2 3 2 1 2)              88.055
4839       (0 0 1 2 1 1 1)              88.054
4840       (1 0 1 2 1 1 1)              88.057
4841       (1 0 3 1 2 1 2)              88.056
4842       (1 0 2 3 2 1 2)              88.059
4843       (1 0 2 3 2 1 2)              88.055
4844       (1 0 3 1 2 1 2)              88.058
4845       (1 0 3 1 2 1 1)              88.057
4846       (1 0 1 2 1 2 1)              88.057
4847       (1 0 2 3 2 1 2)              88.053
4848       (1 0 2 3 2 1 2)              88.056
4849       (1 0 2 3 2 1 2)              88.058
4850       (0 0 1 2 1 1 1)              88.058
4851       (1 0 1 2 1 1 1)              88.060
4852       (1 0 2 3 2 1 2)              88.063
4853       (1 0 1 2 0 0 1)              88.053
4854       (1 0 3 1 2 1 2)              88.056
4855       (1 0 2 3 2 1 2)              88.058
4856       (1 0 2 3 2 1 2)              88.061
4857       (1 0 3 1 2 1 2)              88.063
4858       (1 0 2 3 1 1 1)              88.066
4859       (0 0 1 2 1 1 1)              88.065
4860       (1 0 3 1 2 1 2)              88.059
4861       (1 0 1 2 2 2 1)              88.055
4862       (0 0 1 2 1 1 1)              88.055
4863       (1 0 3 1 2 1 2)              88.052
4864       (1 0 2 3 2 1 2)              88.054
4865       (1 0 1 2 1 1 1)              88.056
4866       (1 0 2 3 1 1 1)              88.059
4867       (1 0 2 3 2 1 2)              88.055
4868       (1 0 1 2 0 0 0)              88.049
4869       (1 0 1 2 1 1 1)              88.052
4870       (1 0 2 3 2 1 2)              88.054
4871       (1 0 2 3 2 1 2)              88.056
4872       (1 0 2 3 2 1 2)              88.059
4873       (1 0 2 3 2 1 2)              88.061
4874       (1 0 3 1 2 1 1)              88.061
4875       (1 0 2 3 2 1 2)              88.063
4876       (1 0 3 1 2 1 2)              88.060
4877       (1 0 3 1 2 1 2)              88.062
4878       (1 0 3 1 2 1 2)              88.053
4879       (1 0 0 0 2 2 1)              88.056
4880       (1 0 1 2 0 0 1)              88.058
4881       (1 0 2 3 2 1 2)              88.060
4882       (1 0 2 3 1 2 1)              88.063
4883       (1 0 2 3 1 2 1)              88.065
4884       (1 0 1 2 1 1 1)              88.068
4885       (0 0 0 4 1 2 1)              88.059
4886       (1 0 3 1 2 1 2)              88.058
4887       (1 0 1 2 1 1 1)              88.061
4888       (1 0 1 2 2 2 1)              88.057
4889       (1 0 2 3 2 1 2)              88.060
4890       (1 0 2 3 2 1 2)              88.062
4891       (1 0 2 3 2 1 2)              88.062
4892       (1 0 2 3 2 1 2)              88.064
4893       (1 0 3 1 2 1 2)              88.066
4894       (1 0 3 1 2 1 2)              88.069
4895       (1 0 2 3 2 1 2)              88.065
4896       (1 0 2 3 2 1 1)              88.059
4897       (1 0 2 3 2 1 1)              88.062
4898       (1 0 3 1 2 1 2)              88.064
4899       (1 0 3 1 2 1 2)              88.052
4900       (1 0 2 3 2 1 2)              88.046
4901       (1 0 3 1 2 1 2)              88.048
4902       (1 0 3 1 2 1 2)              88.047
4903       (1 0 2 3 2 1 2)              88.050
4904       (1 0 2 3 2 1 2)              88.052
4905       (1 0 1 2 1 1 1)              88.055
4906       (0 1 4 6 0 0 1)              88.046
4907       (1 0 2 3 2 1 2)              88.048
4908       (1 0 3 1 2 1 2)              88.048
4909       (1 0 2 3 2 1 2)              88.047
4910       (1 0 1 2 1 1 1)              88.050
4911       (1 0 2 3 2 1 2)              88.046
4912       (1 0 2 3 2 1 2)              88.049
4913       (1 0 1 2 1 1 1)              88.051
4914       (1 0 2 3 2 1 2)              88.053
4915       (1 0 3 1 2 1 2)              88.056
4916       (1 0 3 1 2 1 2)              88.052
4917       (1 0 2 3 2 1 2)              88.055
4918       (1 0 2 3 2 1 1)              88.049
4919       (1 0 2 3 1 2 1)              88.051
4920       (1 0 3 1 2 1 2)              88.053
4921       (1 0 3 1 2 1 2)              88.056
4922       (1 0 2 3 2 1 2)              88.053
4923       (1 0 2 3 2 1 2)              88.046
4924       (1 0 2 3 2 1 2)              88.049
4925       (0 0 4 6 0 0 1)              88.039
4926       (1 0 2 3 2 1 2)              88.036
4927       (1 0 2 3 2 1 2)              88.039
4928       (1 0 1 2 2 2 1)              88.035
4929       (1 0 2 3 2 1 2)              88.032
4930       (1 0 1 2 1 2 1)              88.025
4931       (1 0 1 2 1 1 1)              88.028
4932       (1 0 1 2 1 1 1)              88.030
4933       (0 0 2 3 1 2 1)              88.021
4934       (1 0 3 1 2 1 2)              88.021
4935       (1 0 1 2 1 1 1)              88.023
4936       (1 0 2 3 2 1 2)              88.026
4937       (1 0 3 1 2 1 2)              88.028
4938       (1 0 2 3 2 1 2)              88.030
4939       (0 0 1 2 1 1 1)              88.030
4940       (1 0 2 3 2 1 2)              88.032
4941       (1 0 1 2 1 1 1)              88.035
4942       (1 0 3 1 2 1 2)              88.037
4943       (1 0 3 1 2 1 2)              88.040
4944       (1 0 2 3 2 1 2)              88.042
4945       (0 0 1 2 1 1 1)              88.033
4946       (1 0 1 2 1 2 1)              88.027
4947       (1 0 3 1 2 1 2)              88.026
4948       (1 0 2 3 2 1 2)              88.029
4949       (1 0 1 2 1 1 1)              88.031
4950       (1 0 1 2 0 0 1)              88.033
4951       (1 0 2 3 2 1 2)              88.030
4952       (1 0 2 3 2 1 2)              88.033
4953       (1 0 1 2 1 2 1)              88.032
4954       (1 0 2 3 2 1 2)              88.029
4955       (1 0 2 3 2 1 2)              88.028
4956       (1 0 2 3 2 1 2)              88.031
4957       (1 0 2 3 2 1 2)              88.019
4958       (1 0 1 2 1 1 1)              88.021
4959       (1 0 1 2 1 1 1)              88.023
4960       (1 0 1 2 1 1 1)              88.026
4961       (1 0 3 1 2 1 2)              88.028
4962       (1 0 1 2 1 1 1)              88.031
4963       (1 0 3 1 2 1 2)              88.033
4964       (1 0 1 2 1 1 1)              88.036
4965       (1 0 1 2 1 2 1)              88.035
4966       (1 0 1 2 1 1 1)              88.035
4967       (0 0 4 5 1 1 1)              88.026
4968       (0 0 2 3 1 2 1)              88.022
4969       (1 0 1 2 1 1 1)              88.025
4970       (1 0 1 2 1 1 1)              88.027
4971       (1 0 1 2 1 1 1)              88.029
4972       (1 0 3 1 2 1 2)              88.032
4973       (1 0 3 1 2 1 2)              88.034
4974       (1 0 2 3 2 1 2)              88.037
4975       (1 0 3 1 2 1 2)              88.036
4976       (1 0 2 3 1 2 1)              88.039
4977       (1 0 2 3 2 1 2)              88.035
4978       (0 0 1 2 1 1 1)              88.032
4979       (1 0 1 2 1 0 1)              88.026
4980       (1 0 1 2 1 1 1)              88.028
4981       (1 0 2 3 2 1 2)              88.030
4982       (1 0 2 3 2 1 2)              88.027
4983       (0 0 4 5 0 0 1)              88.021
4984       (1 0 1 2 1 1 1)              88.023
4985       (1 0 2 3 2 1 2)              88.026
4986       (1 0 2 3 2 1 2)              88.028
4987       (1 0 2 3 2 1 2)              88.031
4988       (1 0 2 3 2 1 2)              88.027
4989       (0 0 1 2 1 1 1)              88.018
4990       (1 0 2 3 2 1 2)              88.021
4991       (1 0 2 3 2 1 2)              88.023
4992       (1 0 3 1 2 1 2)              88.014
4993       (1 0 2 3 2 1 2)              88.016
4994       (1 0 2 3 2 1 2)              88.019
4995       (1 0 3 1 2 1 2)              88.015
4996       (1 0 2 3 2 1 2)              88.018
4997       (1 0 3 1 2 1 2)              88.020
4998       (1 0 3 1 2 1 2)              88.017
4999       (1 0 1 2 1 2 1)              88.014
5000       (1 0 2 3 2 1 2)              88.013
5001       (1 0 3 1 2 1 2)              88.015
5002       (1 0 3 1 2 1 2)              88.018
5003       (1 0 3 1 2 1 2)              88.017
5004       (1 0 2 3 2 1 2)              88.020
5005       (1 0 3 1 2 1 2)              88.022
5006       (1 0 2 3 2 1 2)              88.025
5007       (1 0 3 1 2 1 2)              88.027
5008       (1 0 1 2 1 1 1)              88.018
5009       (1 0 1 2 1 1 1)              88.020
5010       (1 0 2 3 2 1 2)              88.017
5011       (1 0 2 3 2 1 2)              88.019
5012       (1 0 3 1 2 1 2)              88.022
5013       (1 0 2 3 2 1 2)              88.024
5014       (1 0 2 3 2 1 2)              88.021
5015       (1 0 2 3 1 2 1)              88.023
5016       (0 0 1 2 0 0 1)              88.023
5017       (1 0 1 2 1 1 1)              88.025
5018       (0 0 1 2 0 0 1)              88.025
5019       (1 0 0 0 1 2 1)              88.019
5020       (1 0 3 1 2 1 2)              88.015
5021       (1 0 2 3 2 1 2)              88.015
5022       (1 0 1 2 1 1 1)              88.017
5023       (1 0 2 3 2 1 2)              88.014
5024       (1 0 1 2 1 2 1)              88.013
5025       (1 0 3 1 2 1 2)              88.016
5026       (1 0 2 3 2 1 2)              88.018
5027       (1 0 2 3 1 2 1)              88.021
5028       (1 0 2 3 2 1 2)              88.023
5029       (0 0 2 3 2 0 2)              88.008
5030       (0 0 1 2 1 1 1)              88.008
5031       (1 0 2 3 1 0 1)              88.010
5032       (1 0 2 3 2 1 2)              88.013
5033       (1 0 1 2 1 1 1)              88.015
5034       (1 0 1 2 1 2 1)              88.015
5035       (1 0 3 1 2 1 2)              88.014
5036       (1 0 2 3 2 1 2)              88.017
5037       (1 0 3 1 2 1 2)              88.016
5038       (1 0 2 3 2 1 2)              88.018
5039       (1 0 1 2 1 1 1)              88.021
5040       (1 0 2 3 2 1 2)              88.023
5041       (1 0 3 1 2 1 2)              88.023
5042       (1 0 2 3 2 1 2)              88.025
5043       (1 0 1 2 1 1 1)              88.028
5044       (1 0 2 3 2 1 2)              88.030
5045       (1 0 2 3 2 1 2)              88.032
5046       (0 0 1 2 1 1 1)              88.032
5047       (1 0 2 3 2 1 2)              88.034
5048       (1 0 2 3 2 1 1)              88.028
5049       (1 0 1 2 0 0 1)              88.030
5050       (1 0 3 1 2 1 2)              88.033
5051       (1 0 1 2 1 1 1)              88.035
5052       (1 0 2 3 1 2 1)              88.038
5053       (1 0 1 2 1 2 1)              88.037
5054       (1 0 1 2 1 1 1)              88.034
5055       (1 0 3 1 2 1 2)              88.036
5056       (1 0 2 3 2 1 2)              88.039
5057       (1 0 3 1 2 1 2)              88.030
5058       (1 0 3 1 2 1 2)              88.029
5059       (1 0 2 3 2 1 2)              88.032
5060       (1 0 3 1 2 1 2)              88.034
5061       (1 0 2 3 2 1 2)              88.033
5062       (1 0 3 1 2 1 2)              88.036
5063       (1 0 1 2 1 2 1)              88.038
5064       (1 0 3 1 2 1 2)              88.038
5065       (1 0 0 3 1 0 1)              88.034
5066       (1 0 2 3 2 1 2)              88.037
5067       (0 0 1 2 1 1 1)              88.033
5068       (1 0 2 3 2 1 2)              88.036
5069       (1 0 2 3 2 1 2)              88.033
5070       (1 0 3 1 2 1 2)              88.035
5071       (1 0 2 3 2 1 2)              88.037
5072       (1 0 2 3 2 1 2)              88.040
5073       (1 0 2 3 1 1 1)              88.036
5074       (1 0 2 3 2 1 2)              88.025
5075       (1 0 2 3 2 1 2)              88.027
5076       (1 0 2 3 2 1 2)              88.029
5077       (1 0 2 3 2 1 1)              88.029
5078       (1 0 3 1 2 1 2)              88.031
5079       (1 0 1 2 1 1 1)              88.034
5080       (0 0 1 2 1 1 1)              88.033
5081       (1 0 2 3 1 1 2)              88.033
5082       (1 0 2 3 2 1 2)              88.035
5083       (1 0 2 3 2 1 2)              88.032
5084       (0 0 1 2 1 1 1)              88.023
5085       (1 0 2 3 2 1 2)              88.020
5086       (1 0 3 1 2 1 2)              88.022
5087       (1 0 2 3 2 1 2)              88.019
5088       (1 0 2 3 2 1 2)              88.018
5089       (1 0 3 1 2 1 2)              88.012
5090       (1 0 2 3 2 1 2)              88.009
5091       (1 0 2 3 2 1 2)              88.011
5092       (0 0 4 5 2 2 1)              88.000
5093       (1 0 2 3 2 1 2)              88.002
5094       (1 0 1 2 1 1 1)              88.004
5095       (1 0 1 2 2 2 1)              88.001
5096       (1 0 3 1 2 1 2)              88.003
5097       (1 0 3 1 2 1 2)              88.006
5098       (1 0 2 3 2 1 2)              88.008
5099       (1 0 0 0 2 2 1)              88.010
5100       (1 0 1 2 1 2 1)              88.007
5101       (1 0 2 3 2 1 2)              88.004
5102       (1 0 1 2 1 2 1)              88.003
5103       (1 0 3 1 2 1 2)              88.003
5104       (1 0 2 3 2 1 2)              88.005
5105       (1 0 3 1 2 1 2)              88.005
5106       (1 0 2 3 2 1 2)              88.007
5107       (1 0 3 1 2 1 2)              88.007
5108       (1 0 1 2 1 1 1)              88.009
5109       (1 0 1 2 1 2 1)              88.012
5110       (1 0 2 3 2 1 2)              88.014
5111       (1 0 2 3 2 1 2)              88.016
5112       (1 0 3 1 2 1 2)              88.013
5113       (1 0 3 1 2 1 2)              88.015
5114       (0 0 4 5 2 1 1)              88.007
5115       (1 0 1 2 1 2 1)              87.995
5116       (1 0 2 3 2 1 2)              87.997
5117       (0 0 4 6 1 2 1)              87.988
5118       (1 0 1 2 1 1 1)              87.991
5119       (1 0 1 2 1 1 1)              87.993
5120       (1 0 2 3 2 1 2)              87.995
5121       (1 0 2 3 2 1 2)              87.992
5122       (1 0 3 1 2 1 2)              87.995
5123       (1 0 2 3 2 1 2)              87.997
5124       (1 0 2 3 2 1 2)              87.999
5125       (1 0 1 2 1 1 1)              88.002
5126       (1 0 2 3 2 1 2)              88.001
5127       (1 0 2 3 2 1 2)              88.003
5128       (1 0 1 2 1 2 1)              88.003
5129       (1 0 1 2 1 2 1)              88.003
5130       (1 0 2 3 2 1 2)              88.005
5131       (1 0 3 1 2 1 2)              88.002
5132       (1 0 2 3 2 1 2)              88.004
5133       (1 0 1 2 1 1 1)              88.006
5134       (1 0 2 3 2 1 2)              88.009
5135       (1 0 3 1 2 1 2)              88.011
5136       (1 0 3 1 2 1 2)              88.008
5137       (1 0 2 3 2 1 2)              88.005
5138       (1 0 2 3 2 1 2)              88.007
5139       (1 0 2 3 2 1 2)              88.009
5140       (1 0 1 2 1 1 1)              88.012
5141       (1 0 3 1 2 1 2)              88.008
5142       (1 0 3 1 2 1 2)              88.011
5143       (1 0 2 3 2 1 2)              88.010
5144       (1 0 2 3 2 1 2)              88.013
5145       (1 0 2 3 2 1 2)              88.015
5146       (1 0 3 1 2 1 2)              88.017
5147       (1 0 3 1 2 1 2)              88.020
5148       (1 0 2 3 2 1 2)              88.022
5149       (1 0 2 3 2 1 2)              88.024
5150       (1 0 1 2 1 2 1)              88.021
5151       (0 0 4 5 2 2 1)              88.009
5152       (1 0 1 2 1 2 1)              88.009
5153       (1 0 2 3 2 1 2)              88.006
5154       (1 0 3 1 2 1 2)              88.008
5155       (1 0 2 3 2 1 2)              88.005
5157       (1 0 2 3 2 1 2)              88.007
5158       (1 0 3 1 2 1 2)              88.004
5159       (1 0 3 1 2 1 2)              88.006
5160       (1 0 2 3 2 1 2)              88.009
5161       (1 0 2 3 2 1 2)              88.011
5162       (1 0 1 2 1 1 1)              88.013
5163       (1 0 2 3 1 1 1)              88.016
5164       (1 0 2 3 2 1 2)              88.015
5165       (1 0 3 1 2 1 2)              88.018
5166       (1 0 3 1 2 1 2)              88.014
5167       (1 0 1 2 1 1 1)              88.017
5168       (1 0 1 2 1 1 1)              88.005
5169       (1 0 2 3 1 2 1)              88.007
5170       (1 0 1 2 1 1 1)              88.010
5171       (1 0 3 1 2 1 2)              88.012
5172       (1 0 1 2 1 1 1)              88.014
5173       (1 0 2 3 2 1 1)              88.011
5174       (1 0 2 3 2 1 2)              88.008
5175       (1 0 1 2 1 1 1)              88.010
5176       (1 0 2 3 2 1 2)              88.007
5177       (1 0 1 2 1 1 1)              88.009
5178       (1 0 2 3 2 1 2)              88.012
5179       (1 0 3 1 2 1 2)              88.014
5180       (1 0 2 3 2 1 2)              88.016
5181       (1 0 2 3 2 1 2)              88.019
5182       (1 0 2 3 2 1 2)              88.021
5183       (1 0 2 3 2 1 2)              88.023
5184       (0 0 4 2 1 1 1)              88.020
5185       (1 0 3 1 2 1 2)              88.022
5186       (1 0 2 3 2 1 2)              88.022
5187       (1 0 2 3 2 1 2)              88.024
5188       (1 0 2 3 2 1 2)              88.027
5189       (0 0 1 2 1 2 1)              88.023
5190       (1 0 3 1 2 1 2)              88.020
5191       (1 0 3 1 2 1 2)              88.023
5192       (1 0 1 2 1 1 1)              88.025
5193       (1 0 3 1 2 1 2)              88.022
5194       (1 0 1 2 1 1 1)              88.024
5195       (1 0 2 3 2 1 2)              88.026
5196       (1 0 2 3 2 1 2)              88.029
5197       (1 0 3 1 2 1 2)              88.017
5198       (0 0 1 2 1 1 1)              88.017
5199       (1 0 2 3 2 1 2)              88.005
5200       (1 0 2 3 2 1 2)              88.007
5201       (0 0 0 4 1 2 1)              87.993
5202       (1 0 2 3 2 1 2)              87.996
5203       (1 0 2 3 2 1 2)              87.998
5204       (1 0 3 1 2 1 2)              87.989
5205       (0 0 4 5 2 2 1)              87.983
5206       (1 0 3 1 2 1 2)              87.986
5207       (1 0 2 3 2 1 2)              87.980
5208       (1 0 1 2 1 1 1)              87.982
5209       (0 0 2 3 1 2 1)              87.979
5210       (1 0 2 3 2 1 2)              87.978
5211       (1 0 2 3 2 1 2)              87.975
5212       (1 0 2 3 2 1 2)              87.972
5213       (1 0 3 1 2 1 2)              87.972
5214       (0 0 4 5 0 0 1)              87.966
5215       (1 0 2 3 2 1 2)              87.968
5216       (1 0 2 3 2 1 2)              87.970
5217       (1 0 1 2 1 1 1)              87.973
5218       (1 0 2 3 2 1 2)              87.975
5219       (1 0 2 3 2 1 2)              87.977
5220       (1 0 2 3 2 1 2)              87.979
5221       (1 0 2 3 2 1 2)              87.982
5222       (1 0 2 3 2 1 2)              87.984
5223       (1 0 1 2 1 1 1)              87.986
5224       (0 0 4 5 2 1 1)              87.978
5225       (1 0 3 1 2 1 2)              87.977
5226       (0 0 4 3 2 1 1)              87.969
5227       (1 0 3 1 2 1 2)              87.960
5228       (1 0 3 1 2 1 2)              87.962
5229       (1 0 1 2 1 1 1)              87.965
5230       (1 0 1 2 1 1 1)              87.967
5231       (1 0 3 1 2 1 2)              87.958
5232       (1 0 1 2 1 1 1)              87.961
5233       (1 0 2 3 2 1 2)              87.963
5234       (1 0 2 3 2 1 2)              87.965
5235       (1 0 0 0 2 2 1)              87.967
5236       (1 0 2 3 1 0 1)              87.970
5237       (1 0 2 3 2 1 2)              87.972
5238       (1 0 3 1 2 1 2)              87.974
5239       (1 0 2 3 2 1 2)              87.977
5240       (1 0 1 2 1 1 1)              87.979
5241       (1 0 1 2 1 2 1)              87.976
5242       (0 0 4 6 0 0 1)              87.967
5243       (1 0 2 3 2 1 2)              87.964
5244       (1 0 1 2 1 1 1)              87.966
5245       (1 0 2 3 2 1 1)              87.960
5246       (1 0 2 3 2 1 2)              87.963
5247       (1 0 2 3 2 1 2)              87.965
5248       (1 0 2 3 2 1 2)              87.967
5249       (1 0 2 3 1 0 1)              87.970
5250       (1 0 3 1 2 1 2)              87.972
5251       (1 0 2 3 2 1 2)              87.974
5252       (1 0 3 1 2 1 1)              87.974
5253       (1 0 1 2 1 1 1)              87.971
5254       (1 0 2 3 2 1 2)              87.973
5255       (1 0 1 2 1 2 1)              87.975
5256       (1 0 2 3 2 1 2)              87.978
5257       (1 0 2 3 2 1 2)              87.974
5258       (1 0 0 0 2 2 1)              87.977
5259       (1 0 3 1 2 1 2)              87.979
5260       (1 0 2 3 2 1 2)              87.973
5261       (1 0 1 2 1 1 1)              87.975
5262       (1 0 1 2 1 1 1)              87.978
5263       (1 0 3 1 2 1 2)              87.977
5264       (1 0 3 1 2 1 2)              87.980
5265       (1 0 2 3 2 1 2)              87.982
5266       (1 0 2 3 2 1 2)              87.984
5267       (1 0 2 3 2 1 2)              87.986
5268       (1 0 2 3 2 1 2)              87.989
5269       (1 0 2 3 2 1 2)              87.991
5270       (0 0 4 6 0 0 1)              87.980
5271       (1 0 2 3 2 1 2)              87.982
5272       (0 0 1 2 1 1 1)              87.973
5273       (1 0 2 3 2 1 2)              87.976
5274       (1 0 2 3 2 1 2)              87.978
5275       (1 0 3 1 2 1 2)              87.980
5276       (1 0 2 3 2 1 2)              87.983
5277       (1 0 2 3 2 1 2)              87.979
5278       (1 0 2 3 2 1 2)              87.982
5279       (1 0 2 3 2 1 2)              87.984
5280       (1 0 4 5 2 2 2)              87.978
5281       (1 0 3 1 2 1 2)              87.978
5282       (1 0 2 3 2 1 2)              87.977
5283       (1 0 1 2 1 1 1)              87.979
5284       (1 0 2 3 2 1 2)              87.976
5285       (1 0 1 2 1 2 1)              87.976
5286       (1 0 3 1 2 1 2)              87.978
5287       (1 0 2 3 2 1 2)              87.980
5288       (1 0 3 1 2 1 2)              87.983
5289       (0 0 4 5 0 0 1)              87.974
5290       (1 0 2 3 2 1 2)              87.971
5291       (1 0 2 3 2 1 2)              87.973
5292       (1 0 1 2 1 1 1)              87.965
5293       (1 0 2 3 2 1 2)              87.967
5294       (1 0 3 1 2 1 2)              87.964
5295       (1 0 1 2 1 1 1)              87.966
5296       (1 0 2 3 2 1 2)              87.963
5297       (1 0 2 3 2 1 2)              87.957
5298       (1 0 4 5 2 2 2)              87.951
5299       (1 0 1 2 1 2 1)              87.940
5300       (1 0 3 1 2 1 2)              87.942
5301       (1 0 3 1 2 1 2)              87.939
5302       (1 0 1 2 1 1 1)              87.931
5303       (1 0 1 2 1 2 1)              87.933
5304       (1 0 2 3 2 1 2)              87.935
5305       (1 0 3 1 2 1 2)              87.935
5306       (1 0 2 3 2 1 1)              87.929
5307       (1 0 2 3 2 1 2)              87.931
5308       (1 0 2 3 2 1 2)              87.928
5309       (1 0 3 1 2 1 2)              87.931
5310       (1 0 2 3 2 1 2)              87.927
5311       (1 0 2 3 2 1 2)              87.924
5312       (0 0 4 6 1 2 2)              87.916
5313       (1 0 2 3 2 1 2)              87.918
5314       (1 0 2 3 2 1 2)              87.920
5315       (1 0 2 3 2 1 1)              87.915
5316       (1 0 2 3 2 1 2)              87.917
5317       (1 0 3 1 2 1 2)              87.916
5318       (1 0 1 2 1 2 1)              87.905
5319       (1 0 1 2 1 1 1)              87.908
5320       (1 0 2 3 2 1 2)              87.910
5321       (1 0 3 1 2 1 2)              87.901
5322       (1 0 3 1 2 1 2)              87.904
5323       (1 0 1 2 1 1 1)              87.906
5324       (0 0 1 2 0 0 1)              87.905
5325       (1 0 2 3 2 1 2)              87.908
5326       (1 0 2 3 2 1 2)              87.910
5327       (1 0 2 3 2 1 2)              87.912
5328       (1 0 2 3 2 1 2)              87.909
5329       (1 0 1 2 1 1 1)              87.911
5330       (1 0 2 3 2 1 2)              87.914
5331       (1 0 3 1 2 1 2)              87.916
5332       (1 0 3 1 2 1 2)              87.913
5333       (1 0 3 1 2 1 2)              87.913
5334       (1 0 3 1 2 1 2)              87.915
5335       (1 0 2 3 2 1 2)              87.917
5336       (1 0 1 2 1 1 1)              87.919
5337       (1 0 3 1 2 1 2)              87.919
5338       (1 0 2 3 2 1 2)              87.921
5339       (1 0 3 1 1 2 1)              87.923
5340       (1 0 1 2 1 2 1)              87.923
5341       (1 0 2 3 2 1 2)              87.920
5342       (1 0 1 2 1 2 1)              87.922
5343       (1 0 2 3 2 1 2)              87.924
5344       (1 0 2 3 2 1 2)              87.927
5345       (1 0 1 2 1 1 1)              87.929
5346       (0 0 4 6 2 2 1)              87.918
5347       (1 0 1 2 1 1 1)              87.920
5348       (1 0 2 3 2 1 2)              87.922
5349       (1 0 1 2 1 1 1)              87.925
5350       (1 0 1 2 1 1 1)              87.927
5351       (1 0 3 1 2 1 2)              87.927
5352       (0 0 1 2 0 0 1)              87.926
5353       (1 0 3 1 1 1 1)              87.928
5354       (1 0 2 3 2 1 2)              87.931
5355       (1 0 2 3 2 1 2)              87.933
5356       (1 0 2 3 2 1 2)              87.935
5357       (1 0 2 3 2 1 2)              87.937
5358       (0 0 2 3 2 0 2)              87.924
5359       (0 0 1 2 2 2 1)              87.918
5360       (1 0 4 5 2 2 2)              87.912
5361       (1 0 2 3 2 1 2)              87.914
5362       (1 0 1 2 0 0 1)              87.906
5363       (1 0 3 1 2 1 2)              87.897
5364       (1 0 2 3 1 2 1)              87.897
5365       (1 0 2 3 2 1 2)              87.899
5366       (1 0 3 1 2 1 2)              87.902
5367       (1 0 2 3 2 1 2)              87.904
5368       (1 0 2 3 2 1 2)              87.906
5369       (1 0 1 2 0 0 1)              87.908
5370       (1 0 3 1 2 1 2)              87.897
5371       (1 0 3 1 2 1 2)              87.894
5372       (0 0 4 3 2 1 1)              87.886
5373       (1 0 2 3 2 1 2)              87.888
5374       (1 0 2 3 2 1 2)              87.890
5375       (1 0 3 1 2 1 2)              87.893
5376       (1 0 2 3 2 1 2)              87.882
5377       (1 0 1 2 1 1 1)              87.884
5378       (1 0 2 3 2 1 2)              87.886
5379       (0 1 4 6 0 0 1)              87.878
5380       (1 0 1 2 1 1 1)              87.880
5381       (1 0 1 2 1 2 1)              87.869
5382       (1 0 2 3 2 1 2)              87.871
5383       (1 0 2 3 2 1 2)              87.868
5384       (1 0 2 3 2 1 2)              87.865
5385       (1 0 1 2 1 1 1)              87.859
5386       (1 0 2 3 2 1 2)              87.862
5387       (1 0 2 3 2 1 2)              87.861
5388       (1 0 2 3 2 1 2)              87.855
5389       (1 0 1 2 1 1 1)              87.858
5390       (1 0 3 1 2 1 2)              87.860
5391       (1 0 2 3 2 1 2)              87.857
5392       (1 0 4 5 2 2 2)              87.851
5393       (1 0 3 1 2 1 2)              87.843
5394       (1 0 3 1 2 1 2)              87.845
5395       (1 0 2 3 2 1 2)              87.847
5396       (1 0 2 3 2 1 2)              87.850
5397       (1 0 2 3 2 1 2)              87.852
5398       (1 0 2 3 2 1 2)              87.849
5399       (1 0 2 3 2 1 2)              87.846
5400       (1 0 1 2 2 2 1)              87.843
5401       (1 0 3 1 2 1 2)              87.845
5402       (1 0 1 2 1 1 1)              87.847
5403       (1 0 1 2 0 0 0)              87.836
5404       (1 0 3 1 2 1 2)              87.833
5405       (1 0 2 3 2 1 2)              87.835
5406       (0 1 4 6 0 0 1)              87.827
5407       (1 0 2 3 2 1 2)              87.829
5408       (0 0 4 6 1 2 1)              87.821
5409       (0 0 4 5 2 2 1)              87.813
5410       (1 0 1 2 1 1 1)              87.815
5411       (1 0 1 2 1 1 1)              87.817
5412       (1 0 2 3 2 1 2)              87.814
5413       (0 0 1 2 1 1 1)              87.811
5414       (1 0 1 2 1 2 1)              87.813
5415       (1 0 1 2 1 1 1)              87.816
5416       (1 0 3 1 2 1 2)              87.815
5417       (1 0 3 1 2 1 1)              87.815
5418       (1 0 2 3 2 1 2)              87.817
5419       (1 0 3 1 2 1 2)              87.817
5420       (1 0 1 2 1 1 1)              87.819
5421       (1 0 2 3 1 2 1)              87.821
5422       (0 0 1 2 1 1 1)              87.813
5423       (1 0 2 3 2 1 2)              87.812
5424       (1 0 1 2 1 1 1)              87.807
5425       (1 0 2 3 2 2 1)              87.809
5426       (1 0 2 3 2 2 1)              87.811
5427       (1 0 2 3 2 1 2)              87.814
5428       (1 0 3 1 2 1 2)              87.803
5429       (1 0 3 1 2 1 2)              87.802
5430       (1 0 2 3 2 1 2)              87.804
5431       (1 0 2 3 2 1 2)              87.807
5432       (1 0 1 2 1 1 1)              87.809
5433       (1 0 2 3 2 1 2)              87.811
5434       (1 0 2 3 2 1 2)              87.811
5435       (1 0 1 2 1 1 1)              87.800
5436       (1 0 2 3 2 1 2)              87.802
5437       (0 0 1 2 1 1 1)              87.799
5438       (1 0 2 3 1 2 1)              87.799
5439       (1 0 3 1 2 1 2)              87.798
5440       (1 0 3 1 2 1 2)              87.798
5441       (1 0 2 3 2 1 2)              87.800
5442       (1 0 3 1 2 1 2)              87.803
5443       (1 0 2 3 2 1 2)              87.805
5444       (1 0 3 1 2 1 2)              87.802
5445       (1 0 1 2 1 1 1)              87.799
5446       (1 0 2 3 2 1 2)              87.796
5447       (1 0 2 3 2 1 2)              87.793
5448       (1 0 2 3 2 1 2)              87.795
5449       (1 0 1 2 1 2 1)              87.792
5450       (1 0 2 3 2 1 2)              87.789
5451       (1 0 3 1 2 1 2)              87.791
5452       (1 0 2 3 2 1 2)              87.793
5453       (1 0 1 2 1 1 1)              87.796
5454       (1 0 2 3 2 1 2)              87.798
5455       (1 0 2 3 2 1 2)              87.800
5456       (1 0 1 2 1 2 1)              87.800
5457       (1 0 1 2 1 1 1)              87.802
5458       (1 0 1 2 1 1 1)              87.804
5459       (1 0 2 3 2 1 2)              87.806
5460       (1 0 2 3 2 1 2)              87.809
5461       (1 0 2 3 2 1 2)              87.803
5462       (1 0 1 2 1 1 1)              87.805
5463       (1 0 2 3 2 1 2)              87.802
5464       (1 0 1 2 1 1 1)              87.805
5465       (1 0 2 3 2 1 2)              87.807
5466       (1 0 3 1 2 1 2)              87.806
5467       (1 0 3 1 2 1 2)              87.809
5468       (1 0 2 3 2 1 2)              87.811
5469       (1 0 1 2 1 2 1)              87.805
5470       (1 0 3 1 2 1 2)              87.800
5471       (1 0 1 2 1 2 1)              87.802
5472       (1 0 1 2 1 2 1)              87.801
5473       (1 0 1 2 1 2 1)              87.801
5474       (1 0 2 3 2 1 2)              87.803
5475       (1 0 2 3 2 1 2)              87.806
5476       (1 0 3 1 2 1 2)              87.803
5477       (1 0 2 3 2 1 2)              87.805
5478       (1 0 2 3 2 1 2)              87.807
5479       (1 0 3 1 2 1 2)              87.809
5480       (1 0 2 3 2 1 2)              87.812
5481       (1 0 2 3 2 1 2)              87.814
5482       (0 0 1 2 1 1 1)              87.813
5483       (1 0 1 2 1 2 1)              87.813
5484       (1 0 3 1 2 1 2)              87.805
5485       (1 0 1 2 1 1 1)              87.807
5486       (1 0 2 3 2 1 2)              87.809
5487       (1 0 3 1 2 1 2)              87.811
5488       (1 0 2 3 2 1 2)              87.814
5489       (1 0 3 1 2 1 1)              87.813
5490       (1 0 3 1 2 1 2)              87.816
5491       (1 0 2 3 2 1 2)              87.818
5492       (1 0 1 2 1 2 1)              87.812
5493       (1 0 2 3 2 1 2)              87.814
5494       (1 0 3 1 2 1 2)              87.817
5495       (1 0 2 3 2 1 2)              87.819
5496       (1 0 1 2 1 1 1)              87.821
5497       (1 0 2 3 2 1 2)              87.823
5498       (1 0 2 3 2 1 2)              87.825
5499       (1 0 3 1 2 1 2)              87.822
5500       (1 0 3 1 1 1 1)              87.825
5501       (1 0 3 1 2 1 2)              87.827
5502       (1 0 3 1 2 1 2)              87.829
5503       (1 0 2 3 2 1 2)              87.831
5504       (1 0 3 1 2 1 2)              87.834
5505       (1 0 3 1 2 1 2)              87.833
5506       (1 0 1 2 1 2 1)              87.822
5507       (1 0 1 2 1 2 1)              87.817
5508       (1 0 1 2 1 1 1)              87.819
5509       (0 0 1 2 1 1 1)              87.811
5510       (1 0 3 1 2 1 2)              87.813
5511       (1 0 2 3 2 1 2)              87.815
5512       (1 0 2 3 2 1 2)              87.817
5513       (0 0 0 4 1 2 1)              87.804
5514       (1 0 3 1 2 1 2)              87.806
5515       (1 0 2 3 2 1 2)              87.809
5516       (1 0 2 3 2 1 2)              87.811
5517       (1 0 2 3 2 1 2)              87.813
5518       (1 0 3 1 2 1 2)              87.813
5519       (1 0 3 1 2 1 2)              87.815
5520       (1 0 2 3 2 1 1)              87.809
5521       (1 0 3 1 2 1 2)              87.811
5522       (1 0 1 2 1 1 1)              87.811
5523       (1 0 1 2 1 1 1)              87.806
5524       (1 0 1 2 1 1 1)              87.808
5525       (1 0 3 1 2 1 2)              87.807
5526       (1 0 2 3 2 1 2)              87.810
5527       (1 0 3 1 2 1 2)              87.809
5528       (1 0 3 1 2 1 2)              87.811
5529       (1 0 2 3 2 1 1)              87.806
5530       (0 0 1 2 1 1 1)              87.798
5531       (1 0 1 2 1 1 1)              87.800
5532       (1 0 3 1 2 1 2)              87.797
5533       (1 0 2 3 2 1 2)              87.799
5534       (1 0 2 3 2 1 2)              87.801
5535       (1 0 0 0 2 2 1)              87.804
5536       (1 0 3 1 2 1 2)              87.806
5537       (1 0 3 1 2 1 2)              87.808
5538       (1 0 2 3 2 1 2)              87.810
5539       (1 0 3 1 2 1 2)              87.799
5540       (1 0 2 3 1 2 1)              87.802
5541       (1 0 0 0 1 2 0)              87.804
5542       (0 0 1 2 1 1 1)              87.803
5543       (1 0 2 3 2 1 2)              87.806
5544       (1 0 2 3 2 1 2)              87.808
5545       (1 0 3 1 2 1 2)              87.808
5546       (1 0 3 1 2 1 2)              87.810
5547       (1 0 2 3 2 1 2)              87.812
5548       (1 0 3 1 2 1 2)              87.814
5549       (1 0 2 3 1 2 1)              87.814
5550       (1 0 1 2 1 2 1)              87.813
5551       (1 0 2 3 2 1 2)              87.808
5552       (1 0 3 1 2 1 2)              87.805
5553       (1 0 2 3 2 1 2)              87.807
5554       (1 0 3 1 2 1 2)              87.804
5555       (1 0 1 2 1 1 1)              87.806
5556       (1 0 1 2 1 1 1)              87.796
5557       (1 0 2 3 2 1 2)              87.798
5558       (1 0 1 2 1 1 1)              87.800
5559       (1 0 2 3 2 1 2)              87.800
5560       (1 0 2 3 2 1 2)              87.802
5561       (1 0 4 5 2 2 2)              87.796
5562       (1 0 2 3 2 1 2)              87.793
5563       (1 0 2 3 2 1 2)              87.796
5564       (1 0 3 1 2 1 2)              87.795
5565       (1 0 2 3 2 1 2)              87.797
5566       (1 0 3 1 2 1 2)              87.800
5567       (1 0 3 1 2 1 2)              87.802
5568       (1 0 3 1 2 1 2)              87.799
5569       (1 0 1 2 1 1 1)              87.801
5570       (1 0 3 1 2 1 2)              87.801
5571       (1 0 2 3 2 1 2)              87.803
5572       (1 0 2 3 2 1 1)              87.797
5573       (1 0 2 3 2 1 2)              87.800
5574       (1 0 2 3 2 1 2)              87.802
5575       (1 0 2 3 2 1 2)              87.804
5576       (1 0 2 3 2 1 2)              87.806
5577       (1 0 0 0 2 2 1)              87.808
5578       (0 0 4 5 2 1 1)              87.800
5579       (1 0 3 1 2 1 2)              87.802
5580       (1 0 2 3 2 1 2)              87.802
5581       (1 0 1 2 1 2 1)              87.802
5582       (1 0 0 0 2 2 1)              87.804
5583       (1 0 2 3 2 1 2)              87.806
5584       (1 0 1 2 1 1 1)              87.808
5585       (1 0 2 3 2 1 2)              87.810
5586       (1 0 2 3 2 1 2)              87.813
5587       (1 0 2 3 2 1 2)              87.815
5588       (1 0 1 2 1 1 1)              87.817
5589       (1 0 1 2 1 1 1)              87.819
5590       (1 0 2 3 2 1 2)              87.821
5591       (1 0 3 1 2 1 2)              87.821
5592       (1 0 2 3 2 1 2)              87.818
5593       (1 0 3 1 2 1 2)              87.820
5594       (1 0 2 3 2 1 2)              87.822
5595       (1 0 3 1 1 1 1)              87.825
5596       (1 0 3 1 2 1 2)              87.827
5597       (1 0 2 3 2 1 2)              87.829
5598       (1 0 3 1 2 1 2)              87.829
5599       (1 0 2 3 2 1 2)              87.826
5600       (1 0 3 1 2 1 2)              87.825
5601       (1 0 1 2 1 1 1)              87.827
5602       (1 0 2 3 2 1 2)              87.830
5603       (1 0 3 1 2 1 2)              87.822
5604       (0 0 4 6 1 2 2)              87.814
5605       (1 0 3 1 1 1 1)              87.816
5606       (1 0 2 3 1 1 1)              87.818
5607       (1 0 3 1 1 1 1)              87.818
5608       (1 0 2 3 2 1 2)              87.820
5609       (1 0 1 2 1 1 1)              87.822
5610       (1 0 2 3 2 1 2)              87.824
5611       (1 0 1 2 1 1 1)              87.826
5612       (1 0 2 3 1 1 1)              87.828
5613       (1 0 2 3 2 1 2)              87.825
5614       (1 0 2 3 2 1 2)              87.828
5615       (1 0 2 3 2 1 2)              87.830
5616       (1 0 3 1 2 1 2)              87.827
5617       (1 0 2 3 2 1 2)              87.829
5618       (1 0 2 3 2 1 2)              87.831
5619       (1 0 2 3 2 1 2)              87.833
5620       (1 0 2 3 2 1 2)              87.836
5621       (1 0 2 3 2 1 2)              87.838
5622       (1 0 2 3 2 1 2)              87.840
5623       (1 0 1 2 1 1 1)              87.842
5624       (1 0 1 2 1 1 1)              87.844
5625       (1 0 3 1 1 2 1)              87.846
5626       (1 0 3 1 2 1 2)              87.849
5627       (1 0 2 3 2 1 2)              87.846
5628       (0 0 4 5 2 1 1)              87.838
5629       (1 0 1 2 0 0 1)              87.840
5630       (1 0 3 1 2 1 2)              87.842
5631       (1 0 2 3 2 1 2)              87.844
5632       (1 0 3 1 2 1 2)              87.846
5633       (1 0 2 3 2 1 2)              87.848
5634       (1 0 1 2 1 1 1)              87.851
5635       (1 0 1 2 1 2 1)              87.850
5636       (1 0 2 3 2 1 2)              87.852
5637       (1 0 1 2 1 1 1)              87.855
5638       (1 0 1 2 1 1 1)              87.857
5639       (1 0 1 2 1 1 1)              87.859
5640       (1 0 0 0 1 2 0)              87.861
5641       (1 0 2 3 2 1 2)              87.858
5642       (1 0 2 3 2 2 1)              87.860
5643       (1 0 2 3 2 1 2)              87.855
5644       (1 0 2 3 2 1 2)              87.854
5645       (1 0 3 1 2 1 2)              87.857
5646       (1 0 1 2 1 2 1)              87.854
5647       (1 0 1 2 1 1 1)              87.856
5648       (1 0 1 2 1 2 1)              87.850
5649       (1 0 2 3 2 1 2)              87.848
5650       (1 0 2 3 2 1 2)              87.845
5651       (1 0 2 3 2 1 2)              87.847
5652       (1 0 2 3 2 1 2)              87.849
5653       (1 0 2 3 2 1 2)              87.851
5654       (1 0 2 3 2 1 2)              87.853
5655       (1 0 1 2 1 2 0)              87.855
5656       (1 0 1 2 1 1 1)              87.858
5657       (1 0 2 3 2 1 2)              87.860
5658       (1 0 3 1 2 1 2)              87.862
5659       (0 0 4 6 1 2 1)              87.854
5660       (1 0 2 3 2 1 2)              87.856
5661       (1 0 2 3 1 2 1)              87.858
5662       (1 0 2 3 2 1 2)              87.860
5663       (1 0 2 3 2 1 2)              87.860
5664       (1 0 2 3 1 2 1)              87.862
5665       (1 0 3 1 2 1 2)              87.864
5666       (1 0 3 1 2 1 2)              87.866
5667       (1 0 2 3 1 2 1)              87.869
5668       (1 0 2 3 2 1 2)              87.871
5669       (0 0 1 2 1 1 1)              87.870
5670       (1 0 2 3 2 2 1)              87.870
5671       (0 0 4 6 1 2 1)              87.859
5672       (1 0 3 1 2 1 2)              87.859
5673       (1 0 2 3 2 1 2)              87.861
5674       (1 0 1 2 0 0 1)              87.853
5675       (1 0 2 3 2 1 2)              87.855
5676       (1 0 1 2 1 2 1)              87.855
5677       (1 0 3 1 2 1 2)              87.852
5678       (1 0 1 2 1 1 1)              87.854
5679       (1 0 2 3 2 1 2)              87.856
5680       (1 0 1 2 1 2 0)              87.856
5681       (1 0 3 1 2 1 2)              87.858
5682       (0 0 4 6 2 2 1)              87.848
5683       (1 0 3 1 2 1 2)              87.840
5684       (1 0 3 1 2 1 2)              87.842
5685       (1 0 3 1 2 1 2)              87.834
5686       (1 0 1 2 1 1 1)              87.836
5687       (1 0 2 3 2 1 2)              87.838
5688       (1 0 3 1 2 1 2)              87.838
5689       (1 0 1 2 1 1 1)              87.840
5690       (1 0 1 2 0 0 0)              87.830
5691       (1 0 2 3 2 1 2)              87.827
5692       (1 0 2 3 2 1 2)              87.829
5693       (1 0 2 3 2 1 2)              87.828
5694       (1 0 2 3 2 1 2)              87.831
5695       (1 0 2 3 2 1 2)              87.833
5696       (1 0 2 3 2 1 2)              87.835
5697       (1 0 3 1 2 1 2)              87.837
5698       (1 0 3 1 2 1 2)              87.834
5699       (1 0 2 3 2 1 2)              87.836
5700       (1 0 3 1 2 1 2)              87.833
5701       (1 0 3 1 2 1 2)              87.836
5702       (1 0 3 1 2 1 2)              87.833
5703       (1 0 2 3 2 1 2)              87.835
5704       (1 0 1 2 1 1 1)              87.837
5705       (1 0 1 2 1 1 1)              87.839
5706       (1 0 3 1 2 1 2)              87.836
5707       (1 0 3 1 2 1 2)              87.836
5708       (1 0 4 5 2 2 2)              87.830
5709       (1 0 2 3 2 1 2)              87.833
5710       (1 0 2 3 2 1 2)              87.832
5711       (1 0 3 1 2 1 2)              87.834
5712       (1 0 2 3 1 2 1)              87.836
5713       (1 0 3 1 2 1 2)              87.839
5714       (1 0 1 2 1 1 1)              87.841
5715       (1 0 2 3 2 1 2)              87.838
5716       (1 0 1 2 1 1 1)              87.840
5717       (1 0 3 1 2 1 2)              87.842
5718       (1 0 1 2 1 1 1)              87.844
5719       (1 0 3 1 2 1 2)              87.844
5720       (1 0 2 3 2 1 2)              87.846
5721       (1 0 3 1 2 1 2)              87.846
5722       (1 0 2 3 2 1 2)              87.848
5723       (1 0 3 1 2 1 2)              87.850
5724       (1 0 2 3 2 1 2)              87.850
5725       (1 0 2 3 1 2 1)              87.852
5726       (1 0 3 1 2 1 2)              87.854
5727       (1 0 2 3 2 1 2)              87.856
5728       (1 0 3 1 2 1 2)              87.853
5729       (1 0 3 1 2 1 2)              87.850
5730       (1 0 2 3 1 2 0)              87.852
5731       (1 0 2 3 2 1 2)              87.854
5732       (1 0 1 2 1 1 1)              87.857
5733       (1 0 2 3 2 1 2)              87.859
5734       (1 0 1 2 1 1 1)              87.853
5735       (0 0 1 2 1 1 1)              87.845
5736       (1 0 2 3 2 1 1)              87.845
5737       (0 0 2 3 1 2 1)              87.837
5738       (1 0 1 2 1 2 1)              87.834
5739       (1 0 2 3 2 1 2)              87.836
5740       (1 0 2 3 2 1 2)              87.834
5741       (1 0 3 1 1 1 1)              87.836
5742       (1 0 3 1 2 1 2)              87.825
5743       (1 0 3 1 2 1 2)              87.827
5744       (1 0 3 1 2 1 2)              87.817
5745       (0 0 2 3 2 2 0)              87.804
5746       (1 0 2 3 2 1 2)              87.806
5747       (1 0 2 3 2 1 2)              87.809
5748       (1 0 1 2 1 1 1)              87.803
5749       (1 0 1 2 1 2 1)              87.803
5750       (1 0 3 1 2 1 2)              87.805
5751       (0 0 1 2 1 1 1)              87.800
5752       (1 0 2 3 2 1 2)              87.802
5753       (1 0 2 3 2 1 2)              87.804
5754       (1 0 2 3 2 1 2)              87.806
5755       (0 0 1 2 1 1 1)              87.803
5756       (1 0 2 3 2 1 2)              87.805
5757       (1 0 2 3 2 1 2)              87.807
5758       (1 0 3 1 2 1 2)              87.797
5759       (1 0 2 3 2 1 2)              87.799
5760       (1 0 2 3 2 1 2)              87.801
5761       (1 0 3 1 2 1 2)              87.791
5762       (1 0 2 3 2 1 2)              87.793
5763       (1 0 2 3 2 1 2)              87.795
5764       (1 0 3 1 2 1 2)              87.797
5765       (1 0 1 2 1 1 1)              87.799
5766       (1 0 1 2 1 2 1)              87.799
5767       (0 0 2 3 1 2 1)              87.791
5768       (1 0 1 2 1 2 1)              87.788
5769       (1 0 2 3 2 1 2)              87.791
5770       (1 0 4 5 2 2 2)              87.785
5771       (1 0 2 3 2 1 2)              87.787
5772       (1 0 2 3 2 1 2)              87.789
5773       (1 0 2 3 2 1 2)              87.792
5774       (1 0 2 3 2 1 2)              87.794
5775       (1 0 2 3 2 1 2)              87.796
5776       (1 0 3 1 2 1 2)              87.798
5777       (1 0 4 5 2 2 2)              87.793
5778       (1 0 2 3 2 1 2)              87.795
5779       (1 0 2 3 2 1 2)              87.792
5780       (1 0 3 1 2 1 2)              87.794
5781       (1 0 2 3 2 1 2)              87.796
5782       (1 0 3 1 2 1 2)              87.798
5783       (1 0 3 1 2 1 2)              87.800
5784       (1 0 2 3 2 1 2)              87.803
5785       (1 0 2 3 2 1 2)              87.805
5786       (1 0 3 1 2 1 2)              87.807
5787       (1 0 2 3 2 1 2)              87.809
5788       (1 0 3 1 2 1 2)              87.799
5789       (1 0 1 2 0 0 1)              87.801
5790       (1 0 3 1 2 1 2)              87.803
5791       (1 0 3 1 2 1 2)              87.795
5792       (1 0 2 3 2 1 2)              87.797
5793       (1 0 1 2 1 1 1)              87.799
5794       (1 0 3 1 2 1 2)              87.796
5795       (1 0 2 3 2 1 2)              87.799
5796       (1 0 3 1 2 1 2)              87.793
5797       (1 0 2 3 2 1 2)              87.790
5798       (0 0 4 3 2 1 1)              87.783
5799       (1 0 3 1 2 1 2)              87.772
5800       (1 0 2 3 2 1 2)              87.775
5801       (1 0 3 1 2 1 2)              87.777
5802       (1 0 2 3 2 1 2)              87.774
5803       (0 0 1 2 1 1 1)              87.773
5804       (1 0 2 3 2 1 2)              87.776
5805       (1 0 2 3 2 1 2)              87.778
5806       (0 0 2 3 1 2 1)              87.775
5807       (1 0 2 3 2 1 2)              87.777
5808       (1 0 2 3 2 1 2)              87.774
5809       (1 0 2 3 2 1 2)              87.776
5810       (1 0 2 3 2 1 2)              87.773
5811       (1 0 3 1 2 1 2)              87.773
5812       (1 0 2 3 2 1 2)              87.775
5813       (1 0 1 2 1 1 1)              87.777
5814       (1 0 2 3 2 1 2)              87.779
5815       (1 0 2 3 2 1 2)              87.777
5816       (1 0 2 3 2 1 2)              87.779
5817       (1 0 2 3 2 1 2)              87.781
5818       (1 0 2 3 2 1 2)              87.783
5819       (1 0 2 3 2 1 2)              87.780
5820       (1 0 3 1 2 1 2)              87.782
5821       (1 0 2 3 2 1 2)              87.784
5822       (1 0 2 3 1 2 1)              87.786
5823       (1 0 2 3 2 1 2)              87.788
5824       (1 0 1 2 1 1 1)              87.791
5825       (0 0 4 2 1 1 1)              87.783
5826       (1 0 2 3 2 1 2)              87.785
5827       (1 0 3 1 2 1 2)              87.785
5828       (1 0 1 2 1 2 1)              87.787
5829       (1 0 2 3 2 1 2)              87.789
5830       (1 0 2 3 2 1 2)              87.786
5831       (1 0 3 1 2 1 2)              87.778
5832       (1 0 3 1 2 1 2)              87.780
5833       (1 0 2 3 2 1 2)              87.780
5834       (0 0 1 2 1 2 1)              87.777
5835       (1 0 3 1 2 1 2)              87.779
5836       (1 0 1 2 1 1 1)              87.781
5837       (0 0 1 2 1 1 1)              87.781
5838       (1 0 3 1 2 1 2)              87.783
5839       (1 0 2 3 2 1 2)              87.785
5840       (1 0 2 3 2 1 2)              87.787
5841       (1 0 2 3 2 1 2)              87.789
5842       (1 0 2 3 2 1 2)              87.792
5843       (1 0 1 2 1 1 1)              87.794
5844       (1 0 1 2 1 2 1)              87.796
5845       (0 0 1 2 1 1 1)              87.795
5846       (1 0 2 3 2 1 2)              87.797
5847       (1 0 2 3 2 1 2)              87.800
5848       (1 0 2 3 2 1 2)              87.799
5849       (1 0 2 3 2 1 2)              87.801
5850       (1 0 2 3 2 1 2)              87.798
5851       (1 0 3 1 2 1 2)              87.801
5852       (1 0 2 3 2 1 2)              87.803
5853       (1 0 3 1 2 1 2)              87.802
5854       (1 0 2 3 2 1 2)              87.804
5855       (1 0 2 3 2 1 2)              87.806
5856       (1 0 2 3 2 1 2)              87.804
5857       (1 0 2 3 2 1 2)              87.803
5858       (1 0 2 3 2 1 2)              87.798
5859       (1 0 2 3 2 1 2)              87.800
5860       (1 0 2 3 1 2 1)              87.802
5861       (1 0 2 3 2 1 2)              87.804
5862       (1 0 3 1 2 1 2)              87.806
5863       (1 0 2 3 2 1 2)              87.804
5864       (1 0 1 2 1 1 1)              87.806
5865       (1 0 0 0 2 2 1)              87.808
5866       (1 0 1 2 1 1 1)              87.810
5867       (1 0 3 1 2 1 2)              87.810
5868       (1 0 1 2 2 2 1)              87.809
5869       (1 0 2 3 2 1 2)              87.811
5870       (1 0 2 3 2 1 2)              87.813
5871       (0 0 4 5 2 1 1)              87.806
5872       (1 0 2 3 2 1 2)              87.805
5873       (1 0 3 1 2 1 2)              87.807
5874       (1 0 2 3 2 1 2)              87.809
5875       (1 0 2 3 2 1 2)              87.812
5876       (1 0 2 3 2 1 2)              87.814
5877       (1 0 3 1 2 1 2)              87.816
5878       (0 0 2 3 1 2 1)              87.808
5879       (1 0 3 1 2 1 2)              87.810
5880       (1 0 4 5 2 2 2)              87.805
5881       (1 0 2 3 2 1 2)              87.807
5882       (1 0 2 3 2 1 2)              87.809
5883       (1 0 1 2 1 1 1)              87.811
5884       (1 0 3 1 2 1 2)              87.813
5885       (1 0 4 5 2 2 2)              87.808
5886       (1 0 2 3 2 1 2)              87.810
5887       (1 0 2 3 2 1 1)              87.805
5888       (1 0 3 1 2 1 2)              87.802
5889       (1 0 2 3 2 1 2)              87.804
5890       (1 0 2 3 2 1 1)              87.801
5891       (1 0 2 3 2 1 2)              87.803
5892       (1 0 2 3 2 1 2)              87.805
5893       (1 0 2 3 2 1 2)              87.808
5894       (1 0 2 3 2 1 2)              87.810
5895       (1 0 3 1 2 1 2)              87.812
5896       (1 0 2 3 1 1 1)              87.814
5897       (1 0 3 1 2 1 2)              87.816
5898       (1 0 3 1 2 1 2)              87.818
5899       (1 0 2 3 2 1 2)              87.820
5900       (1 0 2 3 2 1 2)              87.822
5901       (1 0 1 2 1 1 1)              87.824
5902       (1 0 1 2 1 1 1)              87.826
5903       (1 0 1 2 1 2 1)              87.823
5904       (1 0 3 1 2 1 2)              87.825
5905       (1 0 1 2 1 2 1)              87.823
5906       (0 0 1 2 2 1 2)              87.817
5907       (1 0 1 2 1 1 1)              87.820
5908       (1 0 0 0 2 2 1)              87.822
5909       (1 0 3 1 2 1 2)              87.821
5910       (1 0 2 3 2 1 2)              87.823
5911       (1 0 3 1 2 1 2)              87.825
5912       (1 0 2 3 2 1 2)              87.827
5913       (0 0 4 5 2 1 1)              87.820
5914       (1 0 2 3 2 1 2)              87.822
5915       (1 0 2 3 2 1 2)              87.824
5916       (1 0 2 3 2 1 2)              87.824
5917       (1 0 2 3 2 1 2)              87.826
5918       (1 0 1 2 1 1 1)              87.828
5919       (1 0 2 3 2 1 2)              87.830
5920       (1 0 2 3 2 1 2)              87.832
5921       (1 0 2 3 1 2 1)              87.834
5922       (1 0 1 2 1 1 1)              87.836
5923       (1 0 3 1 2 1 2)              87.826
5924       (1 0 3 1 2 1 2)              87.826
5925       (1 0 3 1 2 1 2)              87.828
5926       (0 0 1 2 1 1 1)              87.827
5927       (1 0 1 2 1 1 1)              87.829
5928       (1 0 3 1 2 1 2)              87.822
5929       (1 0 2 3 2 1 2)              87.819
5930       (1 0 2 3 2 1 2)              87.821
5931       (1 0 2 3 2 1 2)              87.816
5932       (1 0 2 3 1 2 1)              87.818
5933       (1 0 1 2 1 1 1)              87.818
5934       (1 0 3 1 2 1 2)              87.820
5935       (1 0 2 3 2 1 2)              87.822
5936       (1 0 2 3 2 1 2)              87.824
5937       (1 0 2 3 2 1 2)              87.826
5938       (1 0 2 3 2 1 2)              87.828
5939       (1 0 1 2 2 2 1)              87.825
5940       (0 0 1 2 1 1 1)              87.817
5941       (1 0 2 3 1 2 1)              87.820
5942       (1 0 3 1 2 1 2)              87.819
5943       (1 0 1 2 1 1 1)              87.821
5944       (1 0 2 3 2 1 2)              87.823
5945       (1 0 3 1 2 1 2)              87.825
5946       (1 0 0 0 2 2 1)              87.827
5947       (1 0 2 3 2 1 2)              87.827
5948       (1 0 1 2 1 2 1)              87.824
5949       (1 0 3 1 2 1 2)              87.826
5950       (1 0 1 2 1 1 1)              87.828
5951       (1 0 1 2 1 2 1)              87.828
5952       (1 0 1 2 1 1 1)              87.830
5953       (1 0 2 3 2 1 2)              87.832
5954       (0 0 1 2 1 1 1)              87.827
5955       (1 0 2 3 2 1 2)              87.824
5956       (1 0 3 1 2 1 2)              87.821
5957       (1 0 1 2 1 1 1)              87.823
5958       (1 0 2 3 2 1 2)              87.826
5959       (1 0 2 3 2 1 2)              87.823
5960       (0 0 1 2 1 1 1)              87.822
5961       (1 0 1 2 1 1 1)              87.824
5962       (1 0 2 3 2 1 2)              87.827
5963       (0 0 2 3 1 1 1)              87.824
5964       (1 0 1 2 0 0 0)              87.816
5965       (1 0 1 2 1 1 1)              87.816
5966       (1 0 3 1 2 1 2)              87.818
5967       (1 0 2 3 2 1 2)              87.815
5968       (1 0 1 2 1 1 1)              87.817
5969       (1 0 2 3 2 1 2)              87.814
5970       (1 0 2 3 2 1 2)              87.816
5971       (1 0 1 2 1 1 1)              87.819
5972       (1 0 2 3 2 1 2)              87.821
5973       (0 0 0 4 1 2 0)              87.813
5974       (1 0 2 3 2 1 2)              87.815
5975       (1 0 1 2 1 1 1)              87.817
5976       (1 0 1 2 1 2 1)              87.819
5977       (1 0 3 1 2 1 2)              87.816
5978       (1 0 2 3 2 1 2)              87.818
5979       (0 1 4 6 0 0 1)              87.809
5980       (1 0 2 3 2 1 2)              87.808
5981       (1 0 2 3 2 1 2)              87.810
5982       (1 0 2 3 2 1 2)              87.805
5983       (1 0 1 2 1 2 1)              87.800
5984       (0 0 4 3 2 1 1)              87.792
5985       (1 0 2 3 2 1 2)              87.794
5986       (1 0 2 3 2 1 2)              87.796
5987       (1 0 2 3 2 1 2)              87.799
5988       (1 0 1 2 1 1 1)              87.801
5989       (1 0 1 2 1 1 1)              87.803
5990       (1 0 3 1 2 1 2)              87.805
5991       (1 0 3 1 2 1 2)              87.802
5992       (1 0 2 3 2 1 2)              87.804
5993       (1 0 3 1 2 1 2)              87.796
5994       (1 0 2 3 1 2 1)              87.798
5995       (1 0 2 3 2 1 2)              87.801
5996       (1 0 2 3 2 1 2)              87.803
5997       (1 0 2 3 2 1 2)              87.805
5998       (1 0 1 2 1 1 1)              87.807
5999       (1 0 1 2 1 1 1)              87.809
6000       (1 0 1 2 1 1 1)              87.811
6001       (1 0 2 3 2 1 2)              87.813
6002       (1 0 3 1 2 1 2)              87.812
6003       (1 0 2 3 2 1 2)              87.814
6004       (1 0 2 3 2 1 2)              87.816
6005       (1 0 2 3 2 1 2)              87.816
6006       (1 0 2 3 1 2 1)              87.818
6007       (1 0 1 2 1 2 1)              87.818
6008       (1 0 2 3 2 1 1)              87.817
6009       (1 0 2 3 2 1 2)              87.819
6010       (1 0 3 1 2 1 2)              87.817
6011       (1 0 1 2 1 1 1)              87.819
6012       (1 0 2 3 2 1 2)              87.818
6013       (1 0 2 3 2 1 2)              87.816
6014       (0 0 1 2 1 1 1)              87.811
6015       (1 0 2 3 2 1 2)              87.810
6016       (0 0 1 2 1 1 1)              87.805
6017       (0 0 4 5 2 1 1)              87.798
6018       (1 0 3 1 2 1 2)              87.800
6019       (1 0 3 1 2 1 2)              87.792
6020       (1 0 1 2 1 1 1)              87.794
6021       (1 0 3 1 2 1 2)              87.796
6022       (1 0 2 3 2 1 2)              87.796
6023       (1 0 2 3 2 1 2)              87.798
6024       (1 0 0 0 1 2 0)              87.800
6025       (1 0 2 3 2 1 2)              87.802
6026       (1 0 1 2 1 1 1)              87.804
6027       (0 0 1 2 1 1 1)              87.804
6028       (1 0 2 3 1 2 1)              87.806
6029       (1 0 3 1 2 1 1)              87.805
6030       (1 0 3 1 2 1 2)              87.795
6031       (1 0 2 3 2 1 2)              87.798
6032       (1 0 2 3 2 1 2)              87.800
6033       (1 0 2 3 2 1 2)              87.802
6034       (1 0 2 3 1 2 1)              87.796
6035       (1 0 1 2 1 1 1)              87.799
6036       (1 0 3 1 2 1 2)              87.801
6037       (1 0 3 1 2 1 2)              87.803
6038       (1 0 3 1 2 1 2)              87.805
6039       (1 0 2 3 1 1 1)              87.807
6040       (1 0 2 3 1 2 1)              87.809
6041       (1 0 3 1 2 1 2)              87.808
6042       (1 0 3 1 2 1 2)              87.810
6043       (0 0 0 4 1 2 0)              87.803
6044       (1 0 2 3 2 1 2)              87.805
6045       (1 0 1 2 1 1 1)              87.807
6046       (1 0 1 2 1 1 1)              87.809
6047       (1 0 2 3 2 1 2)              87.811
6048       (0 0 1 2 1 1 1)              87.811
6049       (1 0 3 1 2 1 2)              87.813
6050       (0 0 1 2 1 1 1)              87.808
6051       (1 0 1 2 1 2 0)              87.805
6052       (1 0 3 1 2 1 2)              87.795
6053       (1 0 2 3 2 1 2)              87.797
6054       (1 0 3 1 2 1 2)              87.799
6055       (1 0 2 3 2 1 2)              87.799
6056       (1 0 2 3 2 1 2)              87.801
6057       (1 0 3 1 2 1 2)              87.803
6058       (1 0 3 1 2 1 2)              87.793
6059       (1 0 3 1 2 1 2)              87.795
6060       (1 0 2 3 2 1 2)              87.797
6061       (1 0 3 1 2 1 2)              87.790
6062       (0 0 4 3 2 1 1)              87.782
6063       (1 0 1 2 1 1 1)              87.784
6064       (1 0 2 3 2 1 2)              87.786
6065       (1 0 2 3 2 1 2)              87.788
6066       (1 0 2 3 2 1 2)              87.790
6067       (1 0 2 3 2 1 2)              87.792
6068       (1 0 3 1 2 1 2)              87.782
6069       (1 0 3 1 2 1 2)              87.784
6070       (1 0 3 1 2 1 2)              87.786
6071       (1 0 3 1 2 1 2)              87.788
6072       (1 0 2 3 2 1 2)              87.790
6073       (1 0 1 2 1 1 1)              87.793
6074       (1 0 2 3 2 1 2)              87.795
6075       (1 0 2 3 2 1 2)              87.797
6076       (1 0 1 2 1 1 1)              87.799
6077       (1 0 3 1 2 1 2)              87.801
6078       (1 0 2 3 1 1 1)              87.793
6079       (1 0 3 1 2 1 2)              87.795
6080       (1 0 3 1 2 1 2)              87.797
6081       (1 0 2 3 2 1 2)              87.799
6082       (1 0 1 2 1 1 1)              87.801
6083       (1 0 2 3 2 1 2)              87.803
6084       (1 0 3 1 2 1 2)              87.805
6085       (1 0 2 3 2 1 2)              87.805
6086       (1 0 3 1 2 1 2)              87.805
6087       (1 0 2 3 2 1 2)              87.807
6088       (1 0 3 1 2 1 2)              87.806
6089       (1 0 4 5 2 2 2)              87.801
6090       (1 0 2 3 2 1 2)              87.803
6091       (1 0 2 3 2 1 2)              87.805
6092       (1 0 2 3 2 1 2)              87.807
6093       (1 0 1 2 1 1 1)              87.807
6094       (1 0 3 1 2 1 2)              87.804
6095       (1 0 3 1 2 1 2)              87.806
6096       (1 0 2 3 2 1 2)              87.808
6097       (1 0 2 3 2 1 2)              87.810
6098       (1 0 2 3 2 1 2)              87.812
6099       (1 0 3 1 2 1 2)              87.814
6100       (1 0 3 1 2 1 2)              87.816
6101       (1 0 2 3 2 1 2)              87.818
6102       (0 0 4 3 1 1 1)              87.811
6103       (1 0 0 0 2 2 1)              87.813
6104       (1 0 2 3 2 1 2)              87.810
6105       (1 0 1 2 1 2 1)              87.810
6106       (0 0 1 2 1 2 1)              87.807
6107       (1 0 2 3 2 1 2)              87.809
6108       (1 0 3 1 2 1 2)              87.809
6109       (1 0 2 3 2 1 2)              87.811
6110       (1 0 1 2 1 2 1)              87.808
6111       (1 0 3 1 2 1 2)              87.810
6112       (1 0 3 1 2 1 2)              87.812
6113       (1 0 2 3 2 1 2)              87.812
6114       (1 0 1 2 0 0 1)              87.814
6115       (1 0 2 3 2 1 2)              87.816
6116       (1 0 1 2 1 1 1)              87.818
6117       (1 0 3 1 2 1 2)              87.820
6118       (1 0 1 2 1 1 1)              87.822
6119       (1 0 2 3 2 1 2)              87.821
6120       (1 0 3 1 2 1 2)              87.823
6121       (1 0 2 3 2 1 2)              87.825
6122       (1 0 3 1 1 1 1)              87.827
6123       (1 0 1 2 1 2 1)              87.827
6124       (1 0 3 1 2 1 2)              87.829
6125       (1 0 2 3 1 2 1)              87.831
6126       (1 0 2 3 2 1 2)              87.833
6127       (1 0 3 1 2 1 1)              87.833
6128       (1 0 2 3 2 1 2)              87.835
6129       (1 0 2 3 1 1 1)              87.837
6130       (1 0 1 2 1 2 1)              87.839
6131       (1 0 2 3 2 1 2)              87.836
6132       (1 0 1 2 1 1 1)              87.838
6133       (1 0 3 1 2 1 2)              87.838
6134       (1 0 2 3 2 1 2)              87.840
6135       (1 0 2 3 2 1 2)              87.841
6136       (1 0 2 3 2 1 2)              87.843
6137       (1 0 3 1 2 1 2)              87.845
6138       (1 0 2 3 2 1 2)              87.843
6139       (1 0 2 3 2 1 2)              87.845
6140       (1 0 2 3 2 1 2)              87.847
6141       (1 0 2 3 2 1 2)              87.849
6142       (1 0 2 3 2 1 2)              87.851
6143       (1 0 3 1 2 1 2)              87.846
6144       (1 0 1 2 1 2 1)              87.836
6145       (1 0 2 3 2 1 2)              87.838
6146       (1 0 3 1 2 1 2)              87.831
6147       (1 0 2 3 2 1 2)              87.833
6148       (1 0 2 3 2 1 2)              87.832
6149       (1 0 3 1 2 1 2)              87.830
6150       (1 0 2 3 2 1 2)              87.832
6151       (1 0 2 3 2 1 2)              87.834
6152       (1 0 3 1 2 1 1)              87.833
6153       (1 0 1 2 1 2 1)              87.831
6154       (1 0 3 1 2 1 2)              87.833
6155       (1 0 2 3 2 1 2)              87.835
6156       (1 0 1 2 1 2 1)              87.834
6157       (0 0 1 2 1 1 1)              87.827
6158       (1 0 3 1 2 1 2)              87.829
6159       (1 0 2 3 2 1 2)              87.831
6160       (1 0 3 1 2 1 2)              87.833
6161       (1 0 0 0 2 2 1)              87.835
6162       (1 0 2 3 2 1 2)              87.834
6163       (1 0 2 3 2 1 2)              87.836
6164       (1 0 2 3 2 1 2)              87.838
6165       (1 0 3 1 2 1 2)              87.840
6166       (1 0 2 3 2 1 2)              87.840
6167       (1 0 3 1 2 1 2)              87.842
6168       (1 0 2 3 2 1 2)              87.844
6169       (1 0 1 2 1 1 1)              87.846
6170       (1 0 3 1 2 1 2)              87.846
6171       (1 0 2 3 2 1 2)              87.848
6172       (1 0 1 2 1 1 1)              87.850
6173       (1 0 3 1 2 1 2)              87.849
6174       (1 0 2 3 2 1 2)              87.851
6175       (1 0 2 3 2 1 2)              87.853
6176       (1 0 1 2 1 2 1)              87.853
6177       (1 0 2 3 2 1 2)              87.853
6178       (1 0 3 1 2 1 2)              87.852
6179       (1 0 1 2 1 2 1)              87.854
6180       (1 0 3 1 2 1 2)              87.851
6181       (1 0 2 3 2 1 2)              87.853
6182       (1 0 2 3 1 1 1)              87.853
6183       (1 0 2 3 2 1 2)              87.855
6184       (1 0 2 3 2 1 1)              87.852
6185       (1 0 2 3 2 1 2)              87.854
6186       (1 0 3 1 2 1 2)              87.854
6187       (1 0 2 3 2 1 2)              87.854
6188       (1 0 0 0 2 2 1)              87.856
6189       (1 0 2 3 2 1 2)              87.858
6190       (1 0 1 2 0 0 0)              87.848
6191       (1 0 2 3 2 1 2)              87.845
6192       (1 0 2 3 2 1 2)              87.847
6193       (0 0 4 6 1 2 1)              87.840
6194       (1 0 1 2 1 1 1)              87.842
6195       (1 0 1 2 1 1 1)              87.844
6196       (1 0 2 3 2 1 2)              87.839
6197       (1 0 3 1 2 1 2)              87.836
6198       (1 0 2 3 2 1 2)              87.838
6199       (1 0 2 3 2 1 2)              87.838
6200       (1 0 1 2 1 2 1)              87.838
6201       (1 0 2 3 2 1 2)              87.840
6202       (1 0 2 3 2 1 2)              87.842
6203       (1 0 2 3 2 1 2)              87.844
6204       (1 0 1 2 1 1 1)              87.845
6205       (1 0 3 1 2 1 2)              87.847
6206       (1 0 3 1 2 1 2)              87.847
6207       (1 0 2 3 2 1 2)              87.849
6208       (1 0 2 3 2 1 2)              87.851
6209       (1 0 3 1 1 2 1)              87.853
6210       (1 0 2 3 2 1 2)              87.850
6211       (1 0 2 3 2 1 2)              87.852
6212       (0 0 1 2 2 2 1)              87.850
6213       (1 0 2 3 2 1 2)              87.852
6214       (1 0 2 3 2 1 2)              87.849
6215       (1 0 3 1 2 1 2)              87.846
6216       (1 0 1 2 1 1 1)              87.848
6217       (0 0 1 2 0 0 1)              87.848
6218       (1 0 2 3 2 1 2)              87.850
6219       (1 0 3 1 2 1 2)              87.850
6220       (1 0 3 1 2 1 2)              87.852
6221       (1 0 2 3 2 1 2)              87.847
6222       (1 0 2 3 2 1 2)              87.849
6223       (1 0 1 2 2 2 1)              87.846
6224       (1 0 2 3 2 1 2)              87.848
6225       (1 0 0 0 2 2 1)              87.850
6226       (1 0 3 1 2 1 2)              87.852
6227       (1 0 2 3 2 1 2)              87.851
6228       (1 0 2 3 2 1 2)              87.849
6229       (1 0 1 2 1 1 1)              87.851
6230       (1 0 3 1 2 1 2)              87.848
6231       (1 0 3 1 2 1 2)              87.845
6232       (1 0 2 3 2 1 2)              87.847
6233       (1 0 4 5 2 2 2)              87.842
6234       (1 0 2 3 2 1 1)              87.837
6235       (1 0 2 3 2 1 2)              87.839
6236       (1 0 0 0 2 2 1)              87.841
6237       (1 0 1 2 1 1 1)              87.843
6238       (1 0 2 3 1 2 1)              87.843
6239       (0 0 4 6 1 1 1)              87.838
6240       (0 0 1 2 1 1 1)              87.831
6241       (1 0 2 3 2 1 2)              87.831
6242       (1 0 2 3 2 1 2)              87.832
6243       (1 0 1 2 1 1 1)              87.834
6244       (1 0 2 3 2 1 2)              87.836
6245       (1 0 3 1 2 1 2)              87.838
6246       (1 0 3 1 2 1 2)              87.840
6247       (1 0 1 2 1 1 1)              87.842
6248       (1 0 3 1 1 1 1)              87.844
6249       (1 0 3 1 2 1 2)              87.842
6250       (1 0 2 3 2 1 1)              87.841
6251       (1 0 3 1 2 1 2)              87.841
6252       (1 0 3 1 2 1 2)              87.838
6253       (1 0 2 3 2 1 2)              87.840
6254       (0 0 4 5 2 2 1)              87.835
6255       (1 0 3 1 2 1 2)              87.837
6256       (1 0 2 3 2 1 2)              87.839
6257       (1 0 2 3 1 2 1)              87.841
6258       (1 0 2 3 2 1 2)              87.838
6259       (1 0 2 3 2 1 2)              87.840
6260       (0 0 4 2 1 1 1)              87.838
6261       (1 0 1 2 1 1 1)              87.840
6262       (1 0 3 1 2 1 2)              87.842
6263       (1 0 3 1 2 1 2)              87.844
6264       (1 0 2 3 2 1 2)              87.846
6265       (1 0 1 2 1 1 1)              87.848
6266       (1 0 2 3 2 1 2)              87.845
6267       (1 0 2 3 1 2 1)              87.847
6268       (1 0 2 3 2 1 2)              87.849
6269       (1 0 1 2 1 2 1)              87.848
6270       (1 0 1 2 1 1 1)              87.850
6271       (1 0 2 3 2 1 2)              87.848
6272       (1 0 2 3 2 1 2)              87.845
6273       (1 0 1 2 1 1 1)              87.843
6274       (1 0 3 1 2 1 2)              87.844
6275       (1 0 1 2 1 1 1)              87.846
6276       (1 0 2 3 2 1 2)              87.848
6277       (1 0 2 3 2 1 2)              87.850
6278       (1 0 1 2 1 1 1)              87.852
6279       (1 0 2 3 2 1 2)              87.854
6280       (1 0 3 1 2 1 2)              87.856
6281       (1 0 2 3 1 2 1)              87.858
6282       (1 0 3 1 2 1 2)              87.855
6283       (1 0 2 3 2 1 2)              87.857
6284       (0 0 0 4 1 2 0)              87.846
6285       (1 0 2 3 2 1 2)              87.848
6286       (1 0 2 3 2 1 2)              87.850
6287       (1 0 3 1 2 1 2)              87.847
6288       (1 0 2 3 2 1 2)              87.849
6289       (1 0 3 1 2 1 2)              87.844
6290       (1 0 3 1 2 1 2)              87.837
6291       (1 0 3 1 2 1 2)              87.834
6292       (1 0 1 2 0 0 1)              87.836
6293       (1 0 3 1 2 1 2)              87.838
6294       (1 0 2 3 2 1 2)              87.840
6295       (1 0 3 1 1 1 1)              87.837
6296       (1 0 2 3 1 2 1)              87.837
6297       (1 0 1 2 1 1 1)              87.839
6298       (1 0 3 1 2 1 2)              87.832
6299       (1 0 2 3 2 1 2)              87.829
6300       (1 0 1 2 1 2 1)              87.827
6301       (1 0 3 1 2 1 2)              87.826
6302       (1 0 1 2 1 1 1)              87.828
6303       (0 0 4 6 1 1 1)              87.823
6304       (1 0 2 3 2 1 2)              87.823
6305       (1 0 2 3 2 1 2)              87.823
6306       (0 0 1 2 1 1 1)              87.822
6307       (1 0 2 3 2 1 2)              87.822
6308       (1 0 3 1 2 1 2)              87.813
6309       (1 0 2 3 2 1 2)              87.814
6310       (1 0 2 3 1 2 1)              87.816
6311       (1 0 3 1 2 1 2)              87.809
6312       (1 0 1 2 1 2 1)              87.807
6313       (1 0 2 3 2 1 2)              87.809
6314       (1 0 3 1 2 1 2)              87.811
6315       (1 0 1 2 1 1 1)              87.812
6316       (0 0 4 6 1 2 1)              87.808
6317       (1 0 2 3 2 1 2)              87.807
6318       (0 0 4 6 0 0 1)              87.800
6319       (1 0 2 3 2 1 2)              87.802
6320       (1 0 2 3 1 2 1)              87.804
6321       (1 0 3 1 2 1 2)              87.804
6322       (1 0 3 1 2 1 2)              87.803
6323       (1 0 2 3 2 1 2)              87.805
6324       (1 0 1 2 1 1 1)              87.807
6325       (1 0 2 3 2 1 1)              87.807
6326       (1 0 1 2 1 1 1)              87.809
6327       (1 0 2 3 2 1 2)              87.811
6328       (1 0 1 2 1 1 1)              87.813
6329       (1 0 1 2 1 1 1)              87.810
6330       (1 0 3 1 2 1 2)              87.810
6331       (1 0 2 3 2 1 2)              87.812
6332       (1 0 2 3 2 1 1)              87.811
6333       (1 0 1 2 1 1 1)              87.813
6334       (1 0 2 3 2 1 2)              87.811
6335       (1 0 2 3 2 1 2)              87.813
6336       (1 0 2 3 2 1 2)              87.815
6337       (1 0 2 3 2 1 2)              87.812
6338       (1 0 3 1 2 1 2)              87.812
6339       (1 0 2 3 1 1 1)              87.814
6340       (0 0 1 2 1 1 1)              87.813
6341       (1 0 1 2 1 2 1)              87.813
6342       (1 0 1 2 1 1 1)              87.815
6343       (1 0 3 1 2 1 2)              87.814
6344       (1 0 2 3 2 1 2)              87.814
6345       (1 0 3 1 2 1 2)              87.812
6346       (1 0 2 3 2 1 2)              87.811
6347       (0 0 4 6 1 2 2)              87.804
6348       (1 0 2 3 2 1 2)              87.806
6349       (1 0 2 3 2 1 2)              87.808
6350       (1 0 2 3 2 1 2)              87.810
6351       (1 0 2 3 2 1 2)              87.812
6352       (1 0 2 3 2 1 2)              87.814
6353       (1 0 2 3 1 1 1)              87.811
6354       (1 0 2 3 2 1 2)              87.811
6355       (1 0 3 1 2 1 2)              87.813
6356       (1 0 3 1 2 1 2)              87.815
6357       (1 0 2 3 2 1 2)              87.817
6358       (1 0 1 2 1 1 1)              87.819
6359       (1 0 3 1 2 1 2)              87.816
6360       (1 0 3 1 2 1 2)              87.818
6361       (1 0 3 1 2 1 2)              87.818
6362       (1 0 2 3 2 1 2)              87.819
6363       (1 0 2 3 2 1 2)              87.817
6364       (1 0 2 3 2 1 2)              87.817
6365       (1 0 2 3 2 1 2)              87.816
6366       (1 0 3 1 2 1 2)              87.818
6367       (1 0 2 3 2 1 2)              87.820
6368       (1 0 2 3 2 1 2)              87.822
6369       (1 0 2 3 2 1 2)              87.819
6370       (1 0 1 2 1 1 1)              87.821
6371       (1 0 1 2 0 0 1)              87.819
6372       (1 0 3 1 2 1 2)              87.812
6373       (1 0 3 1 2 1 2)              87.814
6374       (1 0 2 3 2 1 2)              87.815
6375       (1 0 3 1 2 1 2)              87.813
6376       (1 0 2 3 2 1 2)              87.810
6377       (1 0 2 3 2 1 2)              87.812
6378       (1 0 3 1 2 1 2)              87.810
6379       (1 0 2 3 2 1 2)              87.812
6380       (1 0 2 3 1 2 1)              87.813
6381       (1 0 1 2 1 2 1)              87.813
6382       (1 0 2 3 2 1 2)              87.815
6383       (1 0 1 2 1 2 1)              87.817
6384       (1 0 0 0 1 2 0)              87.819
6385       (1 0 2 3 2 1 2)              87.816
6386       (1 0 2 3 2 1 2)              87.818
6387       (1 0 1 2 1 1 1)              87.820
6388       (1 0 2 3 2 1 2)              87.822
6389       (1 0 1 2 1 1 1)              87.824
6390       (1 0 2 3 2 1 2)              87.826
6391       (1 0 3 1 2 1 2)              87.826
6392       (1 0 3 1 2 1 2)              87.818
6393       (1 0 3 1 2 1 2)              87.820
6394       (1 0 2 3 2 1 2)              87.822
6395       (1 0 2 3 2 1 2)              87.824
6396       (1 0 1 2 1 1 1)              87.826
6397       (0 0 1 2 0 0 1)              87.826
6398       (1 0 1 2 1 1 1)              87.828
6399       (1 0 2 3 2 1 2)              87.825
6400       (1 0 2 3 2 1 2)              87.827
6401       (1 0 2 3 2 1 2)              87.829
6402       (1 0 1 2 1 1 1)              87.824
6403       (1 0 3 1 2 1 2)              87.826
6404       (1 0 2 3 2 1 2)              87.828
6405       (1 0 2 3 2 1 2)              87.830
6406       (1 0 3 1 2 1 2)              87.830
6407       (1 0 2 3 2 1 2)              87.831
6408       (1 0 2 3 2 1 2)              87.833
6409       (1 0 2 3 2 1 2)              87.835
6410       (1 0 1 2 1 2 1)              87.833
6411       (1 0 3 1 2 1 2)              87.832
6412       (0 0 1 2 1 1 1)              87.832
6413       (1 0 2 3 2 1 2)              87.823
6414       (1 0 2 3 2 1 2)              87.825
6415       (1 0 2 3 2 1 2)              87.827
6416       (0 0 2 3 1 2 1)              87.820
6417       (1 0 2 3 2 1 2)              87.821
6418       (1 0 1 2 0 0 1)              87.823
6419       (1 0 2 3 2 1 2)              87.825
6420       (1 0 3 1 2 1 2)              87.827
6421       (1 0 3 1 2 1 2)              87.825
6422       (1 0 2 3 2 1 2)              87.826
6423       (1 0 3 1 2 1 2)              87.826
6424       (1 0 2 3 2 1 2)              87.828
6425       (1 0 3 1 2 1 2)              87.828
6426       (1 0 3 1 2 1 2)              87.830
6427       (1 0 2 3 2 1 2)              87.827
6428       (1 0 3 1 2 1 2)              87.829
6429       (1 0 1 2 1 2 1)              87.820
6430       (1 0 2 3 2 1 1)              87.819
6431       (1 0 0 0 1 2 0)              87.821
6432       (1 0 3 1 2 1 2)              87.819
6433       (1 0 3 1 2 1 2)              87.821
6434       (1 0 2 3 2 1 2)              87.823
6435       (1 0 2 3 2 2 1)              87.822
6436       (1 0 2 3 2 1 2)              87.817
6437       (1 0 3 1 2 1 2)              87.819
6438       (1 0 1 2 0 0 1)              87.821
6439       (1 0 1 2 1 2 1)              87.821
6440       (1 0 3 1 2 1 2)              87.818
6441       (1 0 2 3 2 1 2)              87.820
6442       (1 0 2 3 2 1 2)              87.822
6443       (1 0 2 3 2 1 2)              87.820
6444       (0 0 1 2 1 1 1)              87.815
6445       (1 0 4 5 2 2 2)              87.810
6446       (1 0 2 3 2 1 2)              87.812
6447       (1 0 2 3 2 1 2)              87.814
6448       (1 0 2 3 2 1 2)              87.813
6449       (1 0 1 2 1 1 1)              87.804
6450       (1 0 2 3 2 1 2)              87.806
6451       (0 0 4 6 0 0 1)              87.799
6452       (1 0 2 3 2 1 2)              87.801
6453       (0 0 1 2 1 1 1)              87.801
6454       (1 0 1 2 1 2 1)              87.803
6455       (1 0 3 1 2 1 2)              87.796
6456       (1 0 2 3 2 1 2)              87.798
6457       (1 0 3 1 2 1 2)              87.799
6458       (1 0 3 1 2 1 2)              87.801
6459       (1 0 2 3 2 1 2)              87.803
6460       (1 0 1 2 1 1 1)              87.805
6461       (1 0 2 3 2 1 2)              87.807
6462       (1 0 3 1 2 1 2)              87.800
6463       (1 0 3 1 2 1 2)              87.800
6464       (1 0 3 1 2 1 2)              87.802
6465       (1 0 2 3 2 1 2)              87.804
6466       (1 0 2 3 2 1 2)              87.803
6467       (1 0 3 1 2 1 2)              87.805
6468       (1 0 4 5 2 2 2)              87.800
6469       (1 0 2 3 2 1 2)              87.802
6470       (1 0 2 3 2 1 2)              87.804
6471       (1 0 3 1 2 1 2)              87.802
6472       (1 0 2 3 2 1 2)              87.797
6473       (1 0 1 2 1 1 1)              87.799
6474       (1 0 1 2 1 1 1)              87.798
6475       (1 0 2 3 2 1 2)              87.800
6476       (1 0 1 2 1 2 1)              87.800
6477       (1 0 3 1 2 1 2)              87.802
6478       (0 0 2 3 1 1 1)              87.802
6479       (1 0 2 3 2 1 2)              87.803
6480       (1 0 2 3 2 1 2)              87.805
6481       (1 0 2 3 2 1 2)              87.807
6482       (1 0 1 2 1 1 1)              87.809
6483       (1 0 2 3 2 1 2)              87.811
6484       (1 0 1 2 1 1 1)              87.813
6485       (1 0 2 3 2 1 2)              87.815
6486       (1 0 2 3 1 1 1)              87.817
6487       (1 0 2 3 2 1 2)              87.819
6488       (1 0 1 2 1 2 1)              87.818
6489       (1 0 2 3 2 1 2)              87.816
6490       (1 0 3 1 2 1 2)              87.818
6491       (1 0 2 3 2 1 2)              87.819
6492       (1 0 2 3 2 1 2)              87.817
6493       (1 0 1 2 1 1 1)              87.819
6494       (1 0 2 3 2 1 2)              87.821
6495       (1 0 3 1 2 1 2)              87.823
6496       (1 0 1 2 1 1 1)              87.824
6497       (0 0 0 4 1 2 0)              87.815
6498       (1 0 3 1 2 1 2)              87.813
6499       (1 0 2 3 2 1 2)              87.808
6500       (1 0 2 3 2 1 2)              87.810
6501       (1 0 3 1 2 1 2)              87.810
6502       (1 0 2 3 2 1 2)              87.805
6503       (1 0 3 1 2 1 1)              87.805
6504       (1 0 2 3 2 1 2)              87.806
6505       (1 0 2 3 2 1 2)              87.808
6506       (1 0 1 2 1 1 1)              87.810
6507       (1 0 2 3 2 1 2)              87.812
6508       (1 0 1 2 1 1 1)              87.814
6509       (1 0 3 1 2 1 2)              87.814
6510       (1 0 1 2 1 1 1)              87.815
6512       (1 0 3 1 2 1 2)              87.813
6513       (0 0 4 6 1 2 1)              87.808
6514       (1 0 1 2 1 1 1)              87.810
6515       (1 0 2 3 1 2 1)              87.812
6516       (1 0 3 1 2 1 2)              87.814
6517       (1 0 2 3 2 1 2)              87.811
6518       (1 0 3 1 2 1 2)              87.809
6519       (1 0 1 2 1 1 1)              87.811
6520       (1 0 2 3 2 1 2)              87.813
6521       (1 0 2 3 2 1 2)              87.814
6522       (1 0 1 2 1 2 1)              87.814
6523       (1 0 2 3 2 1 2)              87.816
6524       (1 0 2 3 2 1 2)              87.818
6525       (1 0 2 3 2 1 2)              87.820
6526       (1 0 2 3 2 1 2)              87.822
6527       (1 0 3 1 2 1 2)              87.823
6528       (0 0 1 2 1 1 1)              87.823
6529       (1 0 3 1 2 1 2)              87.825
6530       (1 0 3 1 2 1 2)              87.825
6531       (1 0 3 1 2 1 2)              87.822
6532       (1 0 1 2 1 1 1)              87.824
6533       (1 0 2 3 2 1 2)              87.826
6534       (1 0 2 3 2 1 2)              87.823
6535       (1 0 1 2 1 1 1)              87.825
6536       (1 0 2 3 2 1 2)              87.825
6537       (1 0 4 5 2 2 2)              87.820
6538       (1 0 3 1 2 1 2)              87.822
6539       (1 0 1 2 1 1 1)              87.824
6540       (1 0 1 2 1 2 1)              87.824
6541       (1 0 2 3 2 1 2)              87.821
6542       (1 0 2 3 2 1 2)              87.821
6543       (1 0 2 3 2 1 2)              87.818
6544       (1 0 2 3 1 2 1)              87.820
6545       (1 0 3 1 2 1 2)              87.822
6546       (1 0 2 3 2 1 2)              87.824
6547       (1 0 2 3 2 1 2)              87.826
6548       (1 0 2 3 2 1 2)              87.823
6549       (1 0 2 3 2 1 2)              87.819
6550       (1 0 2 3 2 1 2)              87.820
6551       (1 0 3 1 2 1 2)              87.822
6552       (1 0 2 3 2 1 2)              87.822
6553       (0 0 4 5 0 0 1)              87.817
6554       (1 0 3 1 2 1 2)              87.819
6555       (1 0 1 2 1 1 1)              87.817
6556       (1 0 1 2 0 0 1)              87.812
6557       (1 0 2 3 2 1 2)              87.809
6558       (1 0 2 3 2 1 2)              87.811
6559       (1 0 1 2 1 1 1)              87.807
6560       (1 0 2 3 2 1 2)              87.806
6561       (1 0 1 2 1 1 1)              87.808
6562       (1 0 1 2 1 1 1)              87.810
6563       (1 0 2 3 2 1 2)              87.807
6564       (1 0 1 2 1 1 1)              87.809
6565       (1 0 2 3 2 1 2)              87.805
6566       (0 0 4 5 2 2 1)              87.796
6567       (1 0 2 3 2 1 2)              87.797
6568       (1 0 1 2 1 1 1)              87.799
6569       (1 0 2 3 2 1 2)              87.795
6570       (1 0 3 1 2 1 2)              87.797
6571       (1 0 2 3 2 1 2)              87.796
6572       (1 0 1 2 1 1 1)              87.798
6573       (1 0 2 3 2 1 2)              87.793
6574       (1 0 2 3 2 1 2)              87.795
6575       (1 0 3 1 2 1 2)              87.797
6576       (1 0 3 1 2 1 2)              87.795
6577       (1 0 3 1 2 1 2)              87.796
6578       (1 0 2 3 1 1 1)              87.798
6579       (1 0 2 3 2 1 2)              87.800
6580       (1 0 3 1 1 1 1)              87.802
6581       (1 0 1 2 1 1 1)              87.804
6582       (1 0 2 3 1 2 1)              87.804
6583       (1 0 2 3 2 1 2)              87.805
6584       (1 0 2 3 2 1 2)              87.803
6585       (1 0 3 1 2 1 2)              87.803
6586       (1 0 3 1 1 2 1)              87.805
6587       (1 0 3 1 2 1 2)              87.804
6588       (1 0 2 3 1 2 1)              87.806
6589       (1 0 2 3 2 1 2)              87.804
6590       (1 0 3 1 2 1 2)              87.805
6591       (1 0 3 1 2 1 2)              87.807
6592       (1 0 2 3 2 1 2)              87.809
6593       (1 0 2 3 2 1 2)              87.811
6594       (1 0 2 3 2 1 2)              87.808
6595       (1 0 1 2 1 1 1)              87.810
6596       (1 0 2 3 2 1 2)              87.808
6597       (1 0 1 2 2 2 1)              87.808
6598       (1 0 3 1 2 1 2)              87.807
6599       (1 0 2 3 2 1 2)              87.809
6600       (1 0 1 2 1 1 1)              87.811
6601       (1 0 2 3 2 1 2)              87.811
6602       (1 0 0 0 1 2 1)              87.806
6603       (1 0 1 2 1 1 1)              87.808
6604       (1 0 2 3 2 1 2)              87.805
6605       (1 0 2 3 1 2 1)              87.807
6606       (1 0 1 2 1 1 1)              87.809
6607       (1 0 2 3 2 1 2)              87.811
6608       (1 0 1 2 1 1 1)              87.813
6609       (1 0 1 2 1 2 1)              87.812
6610       (1 0 1 2 1 1 1)              87.814
6611       (1 0 1 2 1 1 1)              87.816
6612       (1 0 2 3 2 1 2)              87.818
6613       (1 0 2 3 1 1 1)              87.818
6614       (1 0 3 1 2 1 2)              87.817
6615       (1 0 2 3 2 1 2)              87.819
6616       (1 0 2 3 2 1 2)              87.821
6617       (1 0 1 2 1 1 1)              87.823
6618       (1 0 2 3 2 2 1)              87.825
6619       (1 0 1 2 1 1 1)              87.827
6620       (1 0 2 3 2 1 2)              87.828
6621       (1 0 2 3 2 1 2)              87.828
6622       (1 0 3 1 2 1 2)              87.826
6623       (1 0 2 3 2 1 2)              87.827
6624       (1 0 2 3 2 1 2)              87.829
6625       (1 0 2 3 2 1 2)              87.831
6626       (1 0 3 1 2 1 2)              87.829
6627       (1 0 3 1 2 1 2)              87.830
6628       (1 0 2 3 2 1 2)              87.832
6629       (1 0 2 3 1 1 1)              87.834
6630       (1 0 3 1 2 1 2)              87.834
6631       (1 0 3 1 2 1 2)              87.836
6632       (1 0 1 2 1 1 1)              87.837
6633       (1 0 2 3 2 1 2)              87.837
6634       (1 0 3 1 2 1 2)              87.839
6635       (1 0 2 3 2 1 2)              87.837
6636       (1 0 2 3 1 2 1)              87.838
6637       (1 0 3 1 2 1 2)              87.840
6638       (1 0 1 2 1 2 1)              87.840
6639       (1 0 1 2 1 1 1)              87.842
6640       (1 0 1 2 1 1 1)              87.844
6641       (1 0 3 1 2 1 2)              87.845
6642       (1 0 1 2 1 1 1)              87.847
6643       (1 0 2 3 2 1 2)              87.847
6644       (1 0 2 3 2 1 2)              87.849
6645       (1 0 2 3 2 1 2)              87.846
6646       (1 0 2 3 2 1 2)              87.848
6647       (1 0 2 3 2 1 2)              87.850
6648       (1 0 1 2 1 1 1)              87.852
6649       (1 0 1 2 1 1 1)              87.854
6650       (1 0 1 2 1 1 1)              87.855
6651       (1 0 3 1 2 1 2)              87.857
6652       (1 0 3 1 2 1 2)              87.859
6653       (1 0 2 3 2 1 2)              87.857
6654       (1 0 3 1 2 1 2)              87.858
6655       (1 0 2 3 2 1 2)              87.858
6656       (1 0 2 3 2 1 2)              87.860
6657       (1 0 3 1 2 1 2)              87.860
6658       (1 0 1 2 1 2 1)              87.857
6659       (0 0 4 6 1 2 2)              87.850
6660       (1 0 3 1 2 1 2)              87.852
6661       (1 0 2 3 2 1 2)              87.854
6662       (1 0 1 2 1 1 1)              87.856
6663       (1 0 2 3 2 1 2)              87.858
6664       (1 0 2 3 2 1 2)              87.860
6665       (1 0 2 3 2 1 2)              87.861
6666       (1 0 2 3 2 1 2)              87.863
6667       (1 0 2 3 2 1 2)              87.861
6668       (1 0 1 2 1 2 1)              87.863
6669       (1 0 0 0 2 2 1)              87.864
6670       (0 0 2 3 1 2 1)              87.858
6671       (1 0 3 1 2 1 2)              87.859
6672       (1 0 3 1 2 1 2)              87.857
6673       (1 0 1 2 1 1 1)              87.859
6674       (1 0 1 2 1 2 1)              87.856
6675       (1 0 2 3 2 1 2)              87.854
6676       (1 0 2 3 2 1 2)              87.856
6677       (1 0 3 1 2 1 2)              87.857
6678       (1 0 3 1 2 1 2)              87.859
6679       (1 0 2 3 2 1 2)              87.861
6680       (1 0 3 1 2 1 2)              87.861
6681       (1 0 2 3 2 1 2)              87.863
6682       (1 0 2 3 2 1 2)              87.864
6683       (1 0 3 1 2 1 2)              87.866
6684       (1 0 2 3 2 2 1)              87.868
6685       (1 0 2 3 2 1 2)              87.870
6686       (1 0 2 3 1 2 1)              87.872
6687       (1 0 2 3 1 2 1)              87.874
6688       (1 0 2 3 2 1 2)              87.875
6689       (0 0 1 2 1 1 1)              87.875
6690       (1 0 3 1 2 1 2)              87.877
6691       (0 1 4 6 0 0 1)              87.870
6692       (0 0 4 5 2 2 1)              87.861
6693       (1 0 3 1 2 1 2)              87.863
6694       (1 0 3 1 2 1 2)              87.865
6695       (1 0 3 1 2 1 2)              87.862
6696       (1 0 1 2 1 1 1)              87.864
6697       (1 0 2 3 2 1 2)              87.866
6698       (1 0 1 2 0 0 1)              87.859
6699       (1 0 2 3 2 1 2)              87.855
6700       (0 0 1 2 1 2 1)              87.852
6701       (1 0 0 0 2 2 1)              87.850
6702       (1 0 2 3 2 1 2)              87.852
6703       (0 0 4 6 1 2 1)              87.845
6704       (1 0 2 3 2 1 2)              87.847
6705       (1 0 2 3 2 1 2)              87.848
6706       (1 0 1 2 1 2 1)              87.848
6707       (1 0 1 2 1 2 1)              87.846
6708       (1 0 1 2 1 1 1)              87.841
6709       (1 0 1 2 0 0 1)              87.834
6710       (1 0 2 3 2 1 2)              87.836
6711       (1 0 2 3 2 1 2)              87.834
6712       (1 0 1 2 1 1 1)              87.836
6713       (1 0 3 1 2 1 2)              87.835
6714       (1 0 1 2 0 0 1)              87.837
6715       (1 0 2 3 2 1 2)              87.839
6716       (1 0 3 1 2 1 2)              87.841
6717       (1 0 3 1 2 1 2)              87.843
6718       (1 0 2 3 2 1 2)              87.844
6719       (1 0 0 0 2 2 1)              87.846
6720       (1 0 2 3 2 1 2)              87.848
6721       (1 0 3 1 2 1 2)              87.848
6722       (1 0 3 1 2 1 2)              87.847
6723       (1 0 1 2 1 2 1)              87.847
6724       (1 0 2 3 2 1 2)              87.845
6725       (1 0 3 1 2 1 2)              87.844
6726       (1 0 2 3 2 1 2)              87.846
6727       (1 0 2 3 2 1 2)              87.848
6728       (1 0 2 3 2 1 2)              87.850
6729       (1 0 2 3 2 1 2)              87.852
6730       (1 0 4 5 2 2 2)              87.847
6731       (0 0 1 2 0 0 1)              87.847
6732       (1 0 3 1 2 1 2)              87.848
6733       (0 0 1 2 1 1 1)              87.848
6734       (1 0 1 2 1 2 1)              87.844
6735       (1 0 1 2 1 1 1)              87.845
6736       (1 0 1 2 1 1 1)              87.847
6737       (1 0 3 1 2 1 2)              87.840
6738       (1 0 1 2 1 1 1)              87.842
6739       (1 0 2 3 1 2 1)              87.844
6740       (1 0 3 1 2 1 1)              87.837
6741       (1 0 2 3 2 1 2)              87.839
6742       (1 0 3 1 2 1 2)              87.837
6743       (0 1 4 6 0 0 1)              87.830
6744       (1 0 3 1 2 1 2)              87.832
6745       (1 0 0 0 2 2 1)              87.834
6746       (1 0 2 3 2 1 2)              87.835
6747       (1 0 3 1 2 1 2)              87.837
6748       (1 0 2 3 2 1 2)              87.839
6749       (1 0 2 3 2 1 2)              87.835
6750       (1 0 1 2 1 1 1)              87.836
6751       (1 0 3 1 2 1 2)              87.838
6752       (1 0 2 3 2 1 2)              87.840
6753       (1 0 3 1 2 1 2)              87.842
6754       (1 0 3 1 2 1 2)              87.841
6755       (1 0 3 1 2 1 2)              87.843
6756       (1 0 0 0 1 2 0)              87.845
6757       (1 0 1 2 1 2 1)              87.845
6758       (1 0 1 2 1 1 1)              87.847
6759       (1 0 1 2 1 1 1)              87.842
6760       (1 0 2 3 1 2 1)              87.844
6761       (1 0 2 3 2 1 2)              87.846
6762       (1 0 2 3 2 1 2)              87.847
6763       (1 0 2 3 2 1 2)              87.845
6764       (1 0 2 3 2 1 2)              87.847
6765       (1 0 3 1 2 1 2)              87.844
6766       (1 0 1 2 1 1 1)              87.846
6767       (1 0 1 2 1 1 1)              87.848
6768       (1 0 3 1 2 1 2)              87.850
6769       (1 0 3 1 2 1 2)              87.849
6770       (1 0 1 2 1 2 1)              87.847
6771       (1 0 1 2 1 1 1)              87.849
6772       (1 0 2 3 2 1 2)              87.846
6773       (1 0 3 1 2 1 2)              87.842
6774       (1 0 3 1 2 1 2)              87.844
6775       (1 0 2 3 2 1 2)              87.845
6776       (1 0 2 3 2 1 2)              87.847
6777       (1 0 3 1 2 1 2)              87.847
6778       (1 0 2 3 2 1 2)              87.849
6779       (1 0 1 2 0 0 1)              87.850
6780       (1 0 2 3 2 1 2)              87.852
6781       (1 0 3 1 2 1 2)              87.854
6782       (1 0 2 3 2 1 2)              87.856
6783       (1 0 2 3 2 1 2)              87.858
6784       (0 0 4 6 1 1 1)              87.851
6785       (1 0 1 2 1 2 1)              87.851
6786       (1 0 2 3 2 1 2)              87.848
6787       (1 0 2 3 2 1 2)              87.850
6788       (0 0 4 5 2 2 1)              87.846
6789       (1 0 2 3 2 1 2)              87.847
6790       (1 0 2 3 2 1 2)              87.845
6791       (1 0 1 2 0 0 1)              87.840
6792       (1 0 3 1 2 1 2)              87.842
6793       (1 0 2 3 2 1 2)              87.844
6794       (1 0 2 3 2 1 2)              87.839
6795       (1 0 3 1 2 1 2)              87.837
6796       (1 0 1 2 1 1 1)              87.839
6797       (1 0 3 1 2 1 2)              87.841
6798       (1 0 2 3 2 1 2)              87.842
6799       (1 0 2 3 1 1 1)              87.844
6800       (1 0 3 1 2 1 2)              87.844
6801       (1 0 1 2 1 2 1)              87.844
6802       (0 0 2 3 1 2 1)              87.837
6803       (1 0 2 3 2 1 2)              87.839
6804       (1 0 2 3 2 1 2)              87.841
6805       (1 0 2 3 1 2 1)              87.842
6806       (1 0 2 3 2 1 2)              87.844
6807       (1 0 3 1 2 1 2)              87.844
6808       (1 0 1 2 1 1 1)              87.846
6809       (1 0 2 3 2 1 2)              87.847
6810       (1 0 1 2 1 1 1)              87.849
6811       (1 0 2 3 2 1 2)              87.851
6812       (1 0 2 3 2 1 2)              87.853
6813       (1 0 1 2 1 1 1)              87.855
6814       (1 0 2 3 2 1 2)              87.856
6815       (1 0 2 3 2 1 2)              87.858
6816       (1 0 3 1 2 1 2)              87.858
6817       (1 0 1 2 1 2 1)              87.857
6818       (1 0 2 3 2 1 2)              87.859
6819       (1 0 1 2 1 1 1)              87.861
6820       (1 0 3 1 2 1 2)              87.863
6821       (1 0 2 3 2 1 2)              87.865
6822       (1 0 2 3 1 2 1)              87.866
6823       (1 0 2 3 2 1 2)              87.868
6824       (1 0 2 3 2 1 2)              87.870
6825       (1 0 1 2 1 1 1)              87.872
6826       (1 0 3 1 2 1 2)              87.871
6827       (1 0 1 2 1 1 1)              87.873
6828       (1 0 1 2 1 1 1)              87.875
6829       (1 0 3 1 2 1 2)              87.877
6830       (1 0 1 2 1 1 1)              87.872
6831       (1 0 2 3 2 1 2)              87.870
6832       (1 0 3 1 2 1 2)              87.867
6833       (1 0 2 3 2 1 2)              87.869
6834       (1 0 2 3 2 1 2)              87.869
6835       (1 0 0 0 2 2 1)              87.871
6836       (1 0 3 1 2 1 2)              87.872
6837       (1 0 2 3 2 1 2)              87.874
6838       (1 0 2 3 2 1 2)              87.872
6839       (1 0 2 3 2 1 2)              87.874
6840       (1 0 1 2 1 1 1)              87.875
6841       (1 0 3 1 2 1 2)              87.877
6842       (1 0 3 1 2 1 2)              87.879
6843       (1 0 1 2 1 1 1)              87.877
6844       (1 0 2 3 2 1 2)              87.878
6845       (1 0 2 3 1 2 1)              87.878
6846       (1 0 1 2 1 1 1)              87.880
6847       (1 0 2 3 2 1 2)              87.882
6848       (1 0 0 0 2 2 1)              87.883
6849       (1 0 3 1 2 1 2)              87.885
6850       (1 0 2 3 2 1 2)              87.887
6851       (1 0 3 1 2 1 2)              87.887
6852       (1 0 3 1 2 1 2)              87.884
6853       (1 0 3 1 2 1 2)              87.886
6854       (1 0 3 1 2 1 2)              87.886
6855       (1 0 1 2 1 1 1)              87.887
6856       (1 0 3 1 2 1 2)              87.889
6857       (1 0 2 3 1 1 2)              87.889
6858       (1 0 2 3 2 1 2)              87.891
6859       (1 0 1 2 1 1 1)              87.892
6860       (1 0 3 1 2 1 2)              87.890
6861       (1 0 2 3 1 2 1)              87.892
6862       (1 0 2 3 2 1 2)              87.889
6863       (1 0 2 3 2 1 2)              87.891
6864       (1 0 2 3 2 1 2)              87.893
6865       (1 0 2 3 2 1 2)              87.895
6866       (1 0 3 1 2 1 2)              87.892
6867       (1 0 2 3 1 1 1)              87.894
6868       (1 0 0 0 1 2 0)              87.896
6869       (1 0 2 3 2 1 2)              87.897
6870       (1 0 1 2 1 1 1)              87.899
6871       (1 0 2 3 2 1 2)              87.901
6872       (1 0 2 3 2 1 2)              87.903
6873       (1 0 4 6 0 0 1)              87.898
6874       (1 0 3 1 2 1 2)              87.896
6875       (1 0 3 1 2 1 2)              87.898
6876       (1 0 2 3 2 1 2)              87.899
6877       (1 0 3 1 2 1 2)              87.899
6878       (0 0 4 3 2 1 1)              87.893
6879       (1 0 4 5 2 2 2)              87.888
6880       (0 0 1 2 1 1 1)              87.879
6881       (1 0 2 3 2 1 2)              87.877
6882       (1 0 3 1 2 1 2)              87.879
6883       (1 0 2 3 2 1 2)              87.881
6884       (1 0 3 1 2 1 2)              87.882
6885       (1 0 2 3 2 1 2)              87.884
6886       (1 0 2 3 2 1 2)              87.886
6887       (1 0 2 3 2 1 2)              87.883
6888       (1 0 2 3 2 1 1)              87.879
6889       (1 0 3 1 2 1 2)              87.881
6890       (1 0 2 3 2 1 2)              87.880
6891       (1 0 3 1 2 1 2)              87.882
6892       (1 0 2 3 2 1 2)              87.880
6893       (1 0 3 1 2 1 2)              87.882
6894       (1 0 2 3 2 1 1)              87.877
6895       (1 0 2 3 2 1 2)              87.879
6896       (1 0 2 3 2 1 2)              87.881
6897       (1 0 1 2 1 1 1)              87.882
6898       (1 0 2 3 2 1 2)              87.884
6899       (1 0 1 2 1 1 1)              87.886
6900       (1 0 3 1 2 1 2)              87.888
6901       (1 0 3 1 2 1 2)              87.889
6902       (1 0 2 3 2 1 2)              87.891
6903       (1 0 2 3 2 1 2)              87.891
6904       (1 0 3 1 2 1 2)              87.893
6905       (1 0 2 3 2 1 2)              87.892
6906       (1 0 2 3 2 1 2)              87.894
6907       (0 0 4 6 1 2 2)              87.888
6908       (1 0 3 1 2 1 2)              87.889
6909       (1 0 3 1 2 1 2)              87.891
6910       (1 0 2 3 2 1 2)              87.893
6911       (1 0 2 3 2 1 2)              87.890
6912       (1 0 1 2 1 2 1)              87.892
6913       (1 0 1 2 1 2 1)              87.888
6914       (1 0 1 2 1 1 1)              87.889
6915       (1 0 1 2 1 1 1)              87.891
6916       (1 0 2 3 2 1 2)              87.893
6917       (1 0 2 3 1 2 1)              87.893
6918       (1 0 2 3 2 1 2)              87.894
6919       (1 0 1 2 1 1 1)              87.896
6920       (1 0 2 3 2 1 2)              87.898
6921       (1 0 1 2 0 0 0)              87.891
6922       (0 0 4 6 0 0 1)              87.885
6923       (1 0 0 0 2 2 1)              87.887
6924       (1 0 2 3 2 1 2)              87.888
6925       (1 0 2 3 1 2 1)              87.890
6926       (1 0 2 3 2 1 2)              87.892
6927       (1 0 3 1 2 1 2)              87.894
6928       (1 0 1 2 1 1 1)              87.895
6929       (1 0 1 2 1 2 1)              87.887
6930       (1 0 2 3 2 1 2)              87.889
6931       (1 0 2 3 2 1 2)              87.890
6932       (1 0 2 3 2 1 2)              87.892
6933       (1 0 2 3 2 1 2)              87.894
6934       (1 0 1 2 1 1 1)              87.896
6935       (1 0 2 3 2 1 2)              87.893
6936       (1 0 2 3 2 1 2)              87.891
6937       (1 0 3 1 2 1 2)              87.893
6938       (1 0 3 1 2 1 2)              87.890
6939       (1 0 1 2 1 2 1)              87.888
6940       (1 0 3 1 2 1 2)              87.881
6941       (0 0 4 3 2 1 1)              87.875
6942       (1 0 2 3 2 1 2)              87.877
6943       (1 0 2 3 2 1 2)              87.878
6944       (1 0 2 3 2 1 2)              87.880
6945       (1 0 2 3 2 1 2)              87.882
6946       (1 0 2 3 2 1 2)              87.884
6947       (1 0 2 3 1 2 1)              87.885
6948       (1 0 3 1 2 1 2)              87.885
6949       (1 0 3 1 2 1 2)              87.887
6950       (1 0 1 2 1 1 1)              87.884
6951       (1 0 2 3 2 1 2)              87.882
6952       (1 0 3 1 2 1 2)              87.880
6953       (1 0 3 1 2 1 2)              87.881
6954       (1 0 3 1 2 1 2)              87.883
6955       (1 0 1 2 1 1 1)              87.885
6956       (1 0 3 1 2 1 2)              87.885
6957       (1 0 1 2 1 1 1)              87.886
6958       (1 0 2 3 2 1 2)              87.888
6959       (1 0 2 3 2 1 2)              87.888
6960       (1 0 0 0 1 2 0)              87.889
6961       (1 0 2 3 2 1 2)              87.891
6962       (1 0 1 2 1 1 1)              87.893
6963       (1 0 2 3 2 1 2)              87.895
6964       (1 0 1 2 1 1 1)              87.896
6965       (1 0 2 3 2 1 2)              87.896
6966       (0 0 4 6 0 0 1)              87.888
6967       (1 0 2 3 2 1 2)              87.889
6968       (1 0 1 2 0 0 1)              87.891
6969       (1 0 2 3 2 1 2)              87.893
6970       (1 0 2 3 2 1 2)              87.895
6971       (1 0 2 3 1 2 1)              87.896
6972       (1 0 2 3 2 1 1)              87.892
6973       (1 0 3 1 2 1 2)              87.894
6974       (1 0 1 2 1 2 1)              87.893
6975       (1 0 2 3 2 1 1)              87.893
6976       (1 0 3 1 2 1 2)              87.891
6977       (1 0 1 2 1 1 1)              87.888
6978       (0 0 4 5 2 2 1)              87.884
6979       (1 0 3 1 2 1 2)              87.884
6980       (1 0 3 1 2 1 2)              87.883
6981       (1 0 2 3 2 1 2)              87.885
6982       (1 0 2 3 2 1 2)              87.883
6983       (1 0 3 1 2 1 2)              87.884
6984       (1 0 2 3 2 1 2)              87.882
6985       (1 0 2 3 2 1 2)              87.884
6986       (1 0 2 3 2 1 2)              87.885
6987       (1 0 1 2 1 1 1)              87.887
6988       (1 0 2 3 2 1 2)              87.889
6989       (1 0 3 1 2 1 1)              87.889
6990       (1 0 2 3 2 1 2)              87.890
6991       (1 0 3 1 2 1 2)              87.890
6992       (1 0 2 3 2 1 2)              87.892
6993       (1 0 3 1 2 1 2)              87.893
6994       (1 0 2 3 1 2 1)              87.887
6995       (1 0 3 1 2 1 2)              87.889
6996       (1 0 2 3 2 1 2)              87.888
6997       (1 0 2 3 2 1 2)              87.888
6998       (1 0 1 2 0 0 0)              87.882
6999       (1 0 3 1 2 1 2)              87.883
7000       (1 0 2 3 1 2 1)              87.885
7001       (1 0 3 1 2 1 2)              87.887
7002       (1 0 3 1 2 1 2)              87.889
7003       (0 0 2 3 1 1 1)              87.886
7004       (1 0 2 3 2 2 1)              87.886
7005       (1 0 2 3 1 2 1)              87.888
7006       (1 0 1 2 1 1 1)              87.889
7007       (1 0 1 2 1 1 1)              87.891
7008       (1 0 0 0 2 2 1)              87.889
7009       (1 0 3 1 2 1 2)              87.889
7010       (1 0 3 1 2 1 2)              87.888
7011       (1 0 3 1 2 1 2)              87.888
7012       (1 0 2 3 2 1 2)              87.888
7013       (1 0 3 1 2 1 2)              87.889
7014       (1 0 1 2 1 1 1)              87.891
7015       (0 0 1 2 1 1 1)              87.891
7016       (0 0 1 2 1 1 1)              87.890
7017       (1 0 3 1 2 1 2)              87.892
7018       (1 0 2 3 1 1 1)              87.894
7019       (1 0 2 3 2 1 2)              87.892
7020       (1 0 3 1 2 1 2)              87.889
7021       (1 0 1 2 1 1 1)              87.891
7022       (1 0 2 3 2 1 2)              87.893
7023       (1 0 3 1 2 1 2)              87.894
7024       (1 0 2 3 2 1 2)              87.896
7025       (1 0 2 3 2 1 2)              87.898
7026       (1 0 2 3 2 1 2)              87.900
7027       (1 0 2 3 2 1 2)              87.899
7028       (1 0 3 1 2 1 2)              87.897
7029       (1 0 3 1 2 1 2)              87.895
7030       (1 0 2 3 2 1 2)              87.892
7031       (1 0 3 1 2 1 2)              87.894
7032       (1 0 3 1 2 1 2)              87.896
7033       (1 0 3 1 2 1 2)              87.889
7034       (1 0 2 3 2 1 2)              87.887
7035       (1 0 2 3 2 1 2)              87.889
7036       (1 0 3 1 2 1 2)              87.888
7037       (1 0 2 3 2 1 2)              87.890
7038       (0 0 1 2 1 1 1)              87.890
7039       (1 0 1 2 1 1 1)              87.891
7040       (1 0 3 1 2 1 2)              87.893
7041       (0 0 4 6 1 2 1)              87.887
7042       (1 0 1 2 1 1 1)              87.888
7043       (1 0 2 3 2 1 2)              87.886
7044       (1 0 3 1 2 1 2)              87.878
7045       (1 0 3 1 2 1 2)              87.879
7046       (1 0 3 1 2 1 2)              87.881
7047       (1 0 3 1 2 1 2)              87.879
7048       (1 0 3 1 2 1 2)              87.881
7049       (1 0 2 3 2 1 2)              87.882
7050       (1 0 2 3 2 1 2)              87.884
7051       (1 0 2 3 2 1 2)              87.886
7052       (1 0 2 3 2 1 2)              87.887
7053       (1 0 2 3 2 1 2)              87.885
7054       (1 0 3 1 2 1 2)              87.885
7055       (1 0 3 1 2 1 2)              87.886
7056       (1 0 3 1 2 1 2)              87.888
7057       (1 0 1 2 1 1 1)              87.890
7058       (1 0 1 2 0 0 0)              87.892
7059       (0 0 1 2 1 1 1)              87.891
7060       (1 0 2 3 2 1 2)              87.889
7061       (1 0 2 3 2 1 2)              87.891
7062       (1 0 2 3 2 1 2)              87.892
7063       (1 0 4 5 2 2 2)              87.888
7064       (1 0 2 3 1 1 1)              87.886
7065       (1 0 3 1 2 1 2)              87.887
7066       (1 0 3 1 2 1 2)              87.889
7067       (1 0 3 1 2 1 2)              87.891
7068       (1 0 2 3 2 1 2)              87.893
7069       (1 0 2 3 2 1 2)              87.894
7070       (1 0 2 3 2 1 2)              87.896
7071       (1 0 2 3 2 1 2)              87.898
7072       (1 0 2 3 2 1 2)              87.899
7073       (1 0 2 3 2 1 2)              87.901
7074       (1 0 3 1 2 1 2)              87.901
7075       (1 0 1 2 1 1 1)              87.903
7076       (1 0 2 3 2 1 2)              87.904
7077       (1 0 3 1 2 1 2)              87.904
7078       (0 0 1 2 2 2 1)              87.902
7079       (1 0 3 1 2 1 2)              87.903
7080       (1 0 2 3 2 1 2)              87.905
7081       (1 0 2 3 2 1 2)              87.907
7082       (1 0 2 3 2 2 1)              87.906
7083       (1 0 2 3 1 2 1)              87.908
7084       (1 0 1 2 1 1 1)              87.910
7085       (1 0 2 3 2 1 2)              87.912
7086       (1 0 1 2 1 1 1)              87.913
7087       (1 0 1 2 1 1 1)              87.915
7088       (1 0 2 3 2 1 2)              87.911
7089       (1 0 2 3 2 1 2)              87.908
7090       (1 0 2 3 2 1 2)              87.908
7091       (1 0 3 1 2 1 2)              87.910
7092       (1 0 2 3 2 1 2)              87.911
7093       (1 0 3 1 2 1 2)              87.909
7094       (1 0 2 3 2 1 2)              87.911
7095       (0 0 1 2 1 1 1)              87.911
7096       (1 0 2 3 2 1 2)              87.910
7097       (1 0 2 3 2 1 2)              87.908
7098       (0 0 4 6 0 0 1)              87.904
7099       (1 0 2 3 2 1 2)              87.905
7100       (1 0 3 1 2 1 2)              87.907
7101       (1 0 3 1 2 1 2)              87.909
7102       (1 0 2 3 2 1 2)              87.910
7103       (1 0 2 3 2 1 2)              87.912
7104       (0 0 1 2 0 0 1)              87.912
7105       (1 0 2 3 1 2 1)              87.913
7106       (1 0 2 3 2 1 2)              87.915
7107       (0 0 4 5 2 2 1)              87.911
7108       (1 0 2 3 2 1 2)              87.911
7109       (1 0 1 2 1 1 1)              87.904
7110       (1 0 1 2 1 2 1)              87.900
7111       (1 0 2 3 2 1 2)              87.902
7112       (1 0 1 2 1 1 1)              87.903
7113       (1 0 2 3 2 2 1)              87.905
7114       (1 0 2 3 2 1 2)              87.903
7115       (0 0 4 6 1 2 2)              87.896
7116       (1 0 1 2 0 0 1)              87.898
7117       (1 0 2 3 2 1 2)              87.900
7118       (1 0 3 1 1 1 1)              87.901
7119       (1 0 2 3 0 0 0)              87.897
7120       (1 0 2 3 1 2 1)              87.899
7121       (1 0 2 3 2 1 2)              87.900
7122       (1 0 2 3 2 1 2)              87.902
7123       (1 0 2 3 2 1 2)              87.904
7124       (1 0 3 1 2 1 2)              87.902
7125       (1 0 3 1 2 1 2)              87.899
7126       (0 0 1 2 1 1 1)              87.893
7127       (1 0 1 2 1 1 1)              87.895
7128       (1 0 2 3 2 1 2)              87.896
7129       (1 0 3 1 2 1 2)              87.888
7130       (1 0 1 2 1 1 1)              87.890
7131       (1 0 2 3 2 1 2)              87.887
7132       (1 0 2 3 1 2 1)              87.883
7133       (1 0 2 3 2 1 2)              87.885
7134       (1 0 2 3 2 1 2)              87.882
7135       (1 0 1 2 1 1 1)              87.876
7136       (1 0 3 1 2 1 2)              87.874
7137       (1 0 3 1 2 1 2)              87.876
7138       (1 0 2 3 2 1 2)              87.873
7139       (1 0 2 3 2 1 2)              87.875
7140       (0 0 4 6 1 2 1)              87.869
7141       (1 0 3 1 2 1 2)              87.862
7142       (1 0 2 3 1 2 1)              87.864
7143       (1 0 2 3 2 1 2)              87.862
7144       (1 0 2 3 2 1 2)              87.857
7145       (0 0 4 5 2 2 1)              87.849
7146       (1 0 3 1 2 1 2)              87.847
7147       (1 0 2 3 2 1 2)              87.844
7148       (1 0 1 2 1 1 1)              87.846
7149       (1 0 3 1 2 1 2)              87.848
7150       (1 0 1 2 1 1 1)              87.850
7151       (1 0 1 2 1 2 1)              87.845
7152       (1 0 1 2 1 1 1)              87.847
7153       (0 0 1 2 0 0 1)              87.839
7154       (1 0 3 1 2 1 2)              87.838
7155       (1 0 2 3 2 1 2)              87.840
7156       (1 0 3 1 2 1 2)              87.842
7157       (1 0 2 3 2 1 2)              87.843
7158       (1 0 1 2 1 2 1)              87.845
7159       (1 0 2 3 2 1 2)              87.847
7160       (1 0 2 3 2 1 2)              87.849
7161       (1 0 2 3 2 1 2)              87.846
7162       (1 0 1 2 1 2 1)              87.842
7163       (1 0 3 1 2 1 2)              87.844
7164       (1 0 1 2 1 1 1)              87.845
7165       (1 0 2 3 2 1 2)              87.847
7166       (1 0 1 2 1 1 1)              87.849
7167       (1 0 3 1 2 1 2)              87.846
7168       (1 0 1 2 1 1 1)              87.848
7169       (1 0 2 3 2 1 2)              87.850
7170       (0 0 0 4 1 2 1)              87.844
7171       (1 0 2 3 2 1 2)              87.843
7172       (1 0 2 3 2 1 2)              87.845
7173       (1 0 2 3 2 1 2)              87.847
7174       (0 0 4 6 1 1 1)              87.842
7175       (1 0 2 3 1 2 1)              87.844
7176       (1 0 3 1 2 1 2)              87.844
7177       (1 0 3 1 2 1 2)              87.845
7178       (1 0 3 1 2 1 2)              87.843
7179       (0 0 1 2 1 1 1)              87.843
7180       (1 0 1 2 1 2 1)              87.843
7181       (1 0 1 2 1 1 1)              87.844
7182       (1 0 3 1 2 1 2)              87.846
7183       (1 0 2 3 2 1 2)              87.844
7184       (1 0 1 2 0 0 1)              87.839
7185       (1 0 2 3 2 1 2)              87.837
7186       (1 0 1 2 1 2 1)              87.833
7187       (1 0 2 3 1 2 1)              87.831
7188       (1 0 2 3 2 1 2)              87.832
7189       (1 0 2 3 2 1 2)              87.828
7190       (1 0 3 1 2 1 2)              87.830
7191       (1 0 2 3 2 1 2)              87.831
7192       (1 0 2 3 2 1 2)              87.833
7193       (1 0 2 3 2 1 2)              87.831
7194       (1 0 3 1 2 1 2)              87.832
7195       (0 0 1 2 1 1 1)              87.826
7196       (1 0 2 3 2 1 2)              87.822
7197       (1 0 3 1 2 1 2)              87.820
7198       (1 0 1 2 1 1 1)              87.821
7199       (1 0 3 1 1 2 1)              87.823
7200       (1 0 2 3 2 1 2)              87.825
7201       (1 0 2 3 2 1 2)              87.824
7202       (1 0 3 1 2 1 2)              87.826
7203       (1 0 2 3 2 1 2)              87.826
7204       (1 0 1 2 1 2 1)              87.828
7205       (1 0 3 1 2 1 2)              87.825
7206       (1 0 1 2 1 1 1)              87.827
7207       (1 0 3 1 2 1 2)              87.827
7208       (1 0 2 3 2 1 2)              87.828
7209       (1 0 2 3 2 1 2)              87.830
7210       (1 0 2 3 2 1 2)              87.832
7211       (1 0 3 1 2 1 2)              87.833
7212       (0 0 4 6 0 0 1)              87.829
7213       (1 0 1 2 1 1 1)              87.831
7214       (1 0 3 1 2 1 2)              87.833
7215       (0 0 1 2 1 1 1)              87.832
7216       (1 0 2 3 2 1 2)              87.834
7217       (0 0 1 2 1 1 1)              87.834
7218       (1 0 0 0 1 2 0)              87.835
7219       (0 0 1 2 1 1 1)              87.829
7220       (1 0 3 1 2 1 2)              87.831
7221       (1 0 2 3 2 1 2)              87.830
7222       (1 0 3 1 2 1 2)              87.832
7223       (1 0 2 3 2 1 2)              87.834
7224       (1 0 1 2 1 2 1)              87.832
7225       (1 0 3 1 2 1 2)              87.833
7226       (1 0 2 3 1 2 1)              87.833
7227       (1 0 1 2 1 0 1)              87.829
7228       (1 0 2 3 2 1 2)              87.824
7229       (1 0 2 3 2 1 2)              87.826
7230       (0 0 1 2 1 1 1)              87.820
7231       (1 0 3 1 2 1 2)              87.814
7232       (0 0 1 2 1 2 1)              87.811
7233       (1 0 1 2 1 1 1)              87.813
7234       (0 0 4 6 1 2 1)              87.807
7235       (1 0 2 3 2 1 2)              87.805
7236       (0 0 4 6 1 2 1)              87.798
7237       (1 0 2 3 2 1 2)              87.800
7238       (1 0 2 3 2 1 2)              87.802
7239       (1 0 2 3 2 1 2)              87.803
7240       (1 0 2 3 2 1 1)              87.797
7241       (1 0 3 1 2 1 2)              87.799
7242       (1 0 2 3 2 1 2)              87.797
7243       (1 0 2 3 2 1 2)              87.798
7244       (1 0 2 3 2 1 2)              87.798
7245       (1 0 2 3 2 1 2)              87.800
7246       (1 0 3 1 2 1 2)              87.797
7247       (1 0 2 3 2 1 2)              87.799
7248       (1 0 3 1 2 1 2)              87.801
7249       (1 0 2 3 2 1 2)              87.801
7250       (1 0 2 3 2 1 2)              87.802
7251       (0 0 1 2 1 1 1)              87.802
7252       (1 0 3 1 2 1 2)              87.804
7253       (1 0 1 2 1 1 1)              87.805
7254       (1 0 2 3 2 1 2)              87.807
7255       (1 0 3 1 2 1 2)              87.809
7256       (1 0 2 3 2 1 2)              87.808
7257       (1 0 3 1 2 1 2)              87.810
7258       (1 0 2 3 2 1 2)              87.812
7259       (1 0 2 3 2 1 2)              87.813
7260       (1 0 2 3 2 1 2)              87.815
7261       (0 0 4 2 1 1 1)              87.813
7262       (1 0 3 1 2 1 2)              87.815
7263       (1 0 2 3 2 1 2)              87.816
7264       (1 0 2 3 2 1 2)              87.818
7265       (1 0 2 3 2 1 2)              87.820
7266       (1 0 2 3 2 1 2)              87.821
7267       (1 0 2 3 2 1 2)              87.823
7268       (1 0 2 3 2 1 2)              87.825
7269       (1 0 1 2 1 1 1)              87.826
7270       (1 0 1 2 1 1 1)              87.828
7271       (1 0 1 2 1 2 1)              87.828
7272       (1 0 3 1 2 1 2)              87.825
7273       (1 0 2 3 2 1 2)              87.827
7274       (1 0 2 3 2 1 2)              87.825
7275       (1 0 1 2 1 2 1)              87.827
7276       (1 0 2 3 2 1 2)              87.828
7277       (1 0 2 3 1 1 1)              87.826
7278       (1 0 2 3 2 1 2)              87.824
7279       (1 0 3 1 2 1 2)              87.825
7280       (1 0 3 1 2 1 2)              87.823
7281       (1 0 2 3 2 1 2)              87.823
7282       (1 0 1 2 1 1 1)              87.817
7283       (0 0 4 6 1 2 1)              87.810
7284       (1 0 2 3 2 1 2)              87.812
7285       (0 0 1 2 1 1 1)              87.808
7286       (1 0 2 3 2 1 2)              87.810
7287       (1 0 2 3 2 1 2)              87.811
7288       (1 0 1 2 1 1 1)              87.813
7289       (1 0 2 3 2 1 2)              87.815
7290       (1 0 2 3 2 1 2)              87.816
7291       (1 0 1 2 2 2 1)              87.816
7292       (1 0 2 3 2 1 2)              87.818
7293       (1 0 2 3 2 1 2)              87.819
7294       (1 0 3 1 2 1 2)              87.821
7295       (1 0 2 3 1 2 1)              87.823
7296       (1 0 1 2 1 1 1)              87.824
7297       (1 0 4 5 2 2 2)              87.820
7298       (1 0 2 3 2 1 2)              87.822
7299       (1 0 2 3 2 1 2)              87.820
7300       (1 0 3 1 2 1 2)              87.821
7301       (1 0 3 1 2 1 2)              87.823
7302       (0 0 2 3 1 2 1)              87.817
7303       (1 0 2 3 2 1 2)              87.816
7304       (1 0 2 3 2 1 2)              87.818
7305       (1 0 0 0 2 2 1)              87.820
7306       (1 0 2 3 2 1 2)              87.820
7307       (1 0 1 2 1 2 1)              87.811
7308       (1 0 1 2 1 1 1)              87.813
7309       (1 0 2 3 2 1 2)              87.815
7310       (1 0 3 1 2 1 2)              87.814
7311       (1 0 2 3 2 1 2)              87.816
7312       (0 0 1 2 1 1 1)              87.810
7313       (1 0 1 2 1 1 1)              87.812
7314       (1 0 1 2 1 1 1)              87.813
7315       (1 0 2 3 2 1 2)              87.815
7316       (1 0 1 2 1 1 1)              87.817
7317       (1 0 2 3 2 1 2)              87.812
7318       (1 0 1 2 1 1 1)              87.814
7319       (1 0 2 3 2 1 2)              87.816
7320       (1 0 3 1 2 1 2)              87.808
7321       (1 0 1 2 1 1 1)              87.809
7322       (0 0 4 6 0 0 1)              87.801
7323       (1 0 2 3 2 1 2)              87.803
7324       (1 0 2 3 2 1 2)              87.805
7325       (0 0 1 2 1 1 1)              87.804
7326       (1 0 3 1 2 1 2)              87.806
7327       (1 0 3 1 2 1 2)              87.808
7328       (1 0 1 2 1 1 1)              87.809
7329       (1 0 2 3 2 1 2)              87.811
7330       (1 0 2 3 2 1 2)              87.809
7331       (1 0 2 3 2 1 2)              87.810
7332       (1 0 3 1 2 1 2)              87.808
7333       (1 0 3 1 2 1 2)              87.810
7334       (1 0 2 3 2 1 2)              87.811
7335       (1 0 3 1 2 1 2)              87.813
7336       (0 0 2 3 1 1 1)              87.809
7337       (0 0 2 3 1 2 1)              87.809
7338       (1 0 3 1 2 1 2)              87.810
7339       (1 0 1 2 1 1 1)              87.810
7340       (1 0 2 3 2 1 2)              87.812
7341       (1 0 2 3 2 1 2)              87.813
7342       (1 0 3 1 1 1 1)              87.815
7343       (1 0 2 3 2 1 2)              87.817
7344       (1 0 2 3 2 1 2)              87.818
7345       (1 0 0 0 1 2 0)              87.820
7346       (1 0 2 3 1 2 1)              87.822
7347       (1 0 2 3 2 1 2)              87.823
7348       (1 0 2 3 2 1 2)              87.825
7349       (1 0 3 1 2 1 2)              87.823
7350       (1 0 2 3 2 1 2)              87.824
7351       (1 0 2 3 1 2 1)              87.824
7352       (1 0 2 3 2 1 2)              87.826
7353       (1 0 2 3 2 1 2)              87.824
7354       (1 0 3 1 2 1 2)              87.825
7355       (1 0 3 1 2 1 2)              87.827
7356       (1 0 2 3 2 1 2)              87.829
7357       (1 0 2 3 2 1 2)              87.826
7358       (1 0 2 3 2 1 2)              87.828
7359       (1 0 2 3 2 1 2)              87.830
7360       (1 0 2 3 2 1 2)              87.829
7361       (1 0 2 3 2 1 2)              87.831
7362       (1 0 1 2 1 1 1)              87.833
7363       (1 0 2 3 2 1 2)              87.832
7364       (1 0 1 2 1 1 1)              87.834
7365       (1 0 2 3 2 1 2)              87.836
7366       (1 0 2 3 2 1 1)              87.835
7367       (1 0 3 1 2 1 2)              87.837
7368       (1 0 2 3 2 1 2)              87.839
7369       (1 0 3 1 2 1 2)              87.836
7370       (1 0 2 3 2 1 2)              87.834
7371       (1 0 2 3 2 1 2)              87.836
7372       (1 0 2 3 2 1 2)              87.838
7373       (0 0 1 2 1 1 1)              87.833
7374       (1 0 2 3 2 1 2)              87.835
7375       (1 0 2 3 2 1 2)              87.837
7376       (1 0 1 2 1 1 1)              87.838
7377       (1 0 3 1 2 1 2)              87.836
7378       (1 0 2 3 2 2 1)              87.836
7379       (1 0 2 3 2 1 2)              87.837
7380       (1 0 3 1 2 1 2)              87.837
7381       (1 0 3 1 2 1 2)              87.831
7382       (1 0 1 2 1 1 1)              87.833
7383       (0 0 4 6 1 2 1)              87.827
7384       (1 0 2 3 2 1 2)              87.824
7385       (0 0 1 2 1 1 1)              87.820
7386       (1 0 2 3 2 1 2)              87.822
7387       (0 0 4 6 1 2 1)              87.816
7388       (1 0 2 3 1 2 1)              87.817
7389       (1 0 2 3 2 1 2)              87.819
7390       (1 0 3 1 2 1 2)              87.821
7391       (1 0 2 3 2 1 2)              87.818
7392       (1 0 3 1 2 1 2)              87.810
7393       (1 0 2 3 2 1 2)              87.812
7394       (1 0 3 1 2 1 2)              87.812
7395       (1 0 2 3 2 1 2)              87.813
7396       (1 0 2 3 2 1 2)              87.813
7397       (0 0 2 3 1 1 1)              87.811
7398       (1 0 1 2 1 1 1)              87.813
7399       (1 0 2 3 2 1 2)              87.808
7400       (1 0 2 3 2 1 2)              87.810
7401       (1 0 2 3 2 1 2)              87.812
7402       (1 0 1 2 1 1 1)              87.813
7403       (1 0 2 3 2 1 2)              87.811
7404       (1 0 2 3 2 1 2)              87.809
7405       (1 0 1 2 1 1 1)              87.807
7406       (1 0 2 3 2 1 2)              87.808
7407       (1 0 2 3 2 1 2)              87.806
7408       (1 0 2 3 2 1 2)              87.808
7409       (1 0 3 1 2 1 2)              87.808
7410       (0 0 4 6 0 0 1)              87.800
7411       (1 0 1 2 1 1 1)              87.801
7412       (1 0 3 1 2 1 2)              87.801
7413       (1 0 2 3 2 1 2)              87.803
7414       (1 0 1 2 0 0 1)              87.804
7415       (1 0 3 1 2 1 2)              87.806
7416       (1 0 2 3 2 1 2)              87.806
7417       (0 0 1 2 1 1 1)              87.805
7418       (1 0 2 3 2 1 2)              87.807
7419       (1 0 2 3 1 1 1)              87.801
7420       (1 0 3 1 2 1 2)              87.793
7421       (1 0 1 2 2 2 1)              87.795
7422       (1 0 2 3 2 1 2)              87.796
7423       (1 0 1 2 1 1 1)              87.798
7424       (1 0 2 3 2 1 2)              87.799
7425       (1 0 2 3 2 1 2)              87.801
7426       (1 0 2 3 1 2 1)              87.803
7427       (1 0 3 1 2 1 2)              87.802
7428       (0 1 4 6 0 0 1)              87.796
7429       (1 0 2 3 2 1 2)              87.788
7430       (1 0 0 0 2 2 1)              87.790
7432       (1 0 2 3 1 1 1)              87.792
7433       (1 0 2 3 2 1 2)              87.793
7434       (1 0 2 3 2 1 2)              87.795
7435       (1 0 2 3 2 1 2)              87.797
7436       (1 0 3 1 2 1 2)              87.793
7437       (1 0 2 3 2 1 2)              87.794
7438       (1 0 2 3 2 1 2)              87.796
7439       (1 0 2 3 2 1 2)              87.794
7440       (1 0 2 3 2 1 2)              87.791
7441       (1 0 2 3 2 1 2)              87.793
7442       (1 0 1 2 1 1 1)              87.795
7443       (1 0 2 3 1 2 1)              87.787
7444       (0 0 4 6 0 0 1)              87.779
7445       (1 0 2 3 2 1 2)              87.780
7446       (1 0 2 3 2 1 2)              87.778
7447       (1 0 1 2 1 2 1)              87.778
7448       (1 0 3 1 2 1 2)              87.780
7449       (1 0 3 1 2 1 2)              87.781
7450       (0 0 2 3 1 2 1)              87.775
7451       (1 0 2 3 2 1 2)              87.775
7452       (1 0 3 1 2 1 2)              87.777
7453       (1 0 2 3 2 1 2)              87.774
7454       (1 0 3 1 2 1 2)              87.776
7455       (1 0 3 1 2 1 2)              87.776
7456       (1 0 2 3 2 1 2)              87.777
7457       (1 0 2 3 2 1 2)              87.779
7458       (1 0 2 3 2 1 2)              87.781
7459       (1 0 3 1 2 1 2)              87.782
7460       (1 0 1 2 1 2 1)              87.784
7461       (0 0 4 5 2 2 1)              87.780
7462       (1 0 3 1 2 1 2)              87.774
7463       (1 0 1 2 1 1 1)              87.772
7464       (1 0 3 1 2 1 2)              87.769
7465       (1 0 0 0 2 2 1)              87.763
7466       (1 0 2 3 2 1 2)              87.763
7467       (1 0 1 2 1 1 1)              87.765
7468       (1 0 2 3 2 1 2)              87.766
7469       (1 0 2 3 2 1 2)              87.768
7470       (1 0 3 1 2 1 2)              87.770
7471       (1 0 3 1 2 1 2)              87.771
7472       (1 0 3 1 2 1 2)              87.773
7473       (1 0 2 3 2 1 2)              87.775
7474       (1 0 2 3 2 1 2)              87.776
7475       (1 0 1 2 1 1 1)              87.778
7476       (0 0 2 3 1 2 1)              87.772
7477       (1 0 1 2 1 0 1)              87.772
7478       (1 0 2 3 2 1 2)              87.773
7479       (1 0 3 1 2 1 2)              87.775
7480       (1 0 2 3 2 1 2)              87.776
7481       (0 0 4 6 1 1 1)              87.770
7482       (1 0 1 2 1 1 1)              87.772
7483       (1 0 3 1 2 1 2)              87.774
7484       (1 0 2 3 2 1 2)              87.773
7485       (1 0 1 2 1 1 1)              87.775
7486       (1 0 3 1 2 1 2)              87.777
7487       (1 0 1 2 1 1 1)              87.778
7488       (1 0 3 1 2 1 2)              87.776
7489       (1 0 2 3 2 1 2)              87.778
7490       (0 0 4 6 0 0 1)              87.774
7491       (1 0 3 1 2 1 2)              87.775
7492       (1 0 1 2 1 1 1)              87.777
7493       (1 0 1 2 1 1 1)              87.779
7494       (1 0 2 3 1 0 1)              87.780
7495       (1 0 3 1 2 1 2)              87.782
7496       (1 0 1 2 1 2 1)              87.782
7497       (1 0 2 3 2 1 2)              87.783
7498       (1 0 2 3 2 1 2)              87.785
7499       (1 0 2 3 2 1 2)              87.786
7500       (1 0 1 2 1 1 1)              87.788
7501       (1 0 2 3 2 1 2)              87.790
7502       (1 0 3 1 2 1 2)              87.791
7503       (1 0 2 3 0 0 0)              87.793
7504       (0 0 1 2 0 0 1)              87.787
7505       (0 0 4 5 2 2 1)              87.783
7506       (1 0 2 3 2 1 2)              87.785
7507       (1 0 1 2 1 1 1)              87.786
7508       (1 0 1 2 1 1 1)              87.788
7509       (1 0 3 1 2 1 2)              87.780
7510       (1 0 2 3 2 1 2)              87.772
7511       (1 0 2 3 2 1 2)              87.774
7512       (1 0 3 1 2 1 2)              87.775
7513       (1 0 2 3 2 1 2)              87.773
7514       (1 0 1 2 1 1 1)              87.775
7515       (1 0 1 2 1 1 1)              87.776
7516       (1 0 3 1 2 1 2)              87.778
7517       (1 0 2 3 2 1 2)              87.780
7518       (1 0 2 3 2 1 2)              87.781
7519       (1 0 2 3 2 1 2)              87.783
7520       (1 0 3 1 2 1 2)              87.783
7521       (1 0 1 2 1 1 1)              87.784
7522       (1 0 2 3 2 1 2)              87.786
7523       (1 0 1 2 1 1 1)              87.787
7524       (1 0 2 3 2 1 2)              87.789
7525       (1 0 3 1 2 1 2)              87.791
7526       (1 0 2 3 2 1 2)              87.792
7527       (1 0 2 3 2 1 2)              87.794
7528       (1 0 3 1 2 1 2)              87.796
7529       (1 0 2 3 1 1 1)              87.795
7530       (1 0 1 2 1 1 1)              87.797
7531       (1 0 2 3 2 1 2)              87.799
7532       (1 0 2 3 2 1 2)              87.800
7533       (0 0 1 2 1 1 1)              87.794
7535       (1 0 2 3 2 1 2)              87.796
7536       (1 0 2 3 2 1 2)              87.797
7537       (1 0 3 1 2 1 2)              87.799
7538       (1 0 3 1 2 1 2)              87.801
7539       (1 0 2 3 2 1 2)              87.797
7540       (1 0 2 3 2 1 2)              87.798
7541       (1 0 3 1 2 1 2)              87.800
7542       (1 0 2 3 2 1 2)              87.800
7543       (1 0 2 3 2 1 2)              87.797
7544       (1 0 3 1 2 1 2)              87.799
7545       (1 0 1 2 1 1 1)              87.801
7546       (1 0 4 5 2 2 2)              87.797
7547       (1 0 2 3 2 1 2)              87.794
7548       (1 0 3 1 2 1 2)              87.794
7549       (1 0 3 1 2 1 2)              87.796
7550       (1 0 2 3 2 1 2)              87.795
7551       (1 0 2 3 2 1 2)              87.797
7552       (1 0 1 2 1 1 1)              87.799
7553       (1 0 3 1 2 1 2)              87.800
7554       (1 0 1 2 1 2 1)              87.798
7555       (1 0 3 1 2 1 2)              87.800
7556       (1 0 3 1 2 1 2)              87.801
7557       (1 0 2 3 2 1 2)              87.803
7558       (1 0 1 2 1 1 1)              87.805
7559       (1 0 2 3 2 1 1)              87.802
7560       (1 0 1 2 1 1 1)              87.804
7561       (1 0 2 3 1 2 1)              87.800
7562       (1 0 2 3 2 1 2)              87.798
7563       (0 0 1 2 0 0 1)              87.798
7564       (1 0 1 2 1 1 1)              87.799
7565       (1 0 2 3 2 1 2)              87.797
7566       (1 0 3 1 2 1 2)              87.799
7567       (1 0 2 3 1 2 1)              87.798
7568       (0 0 3 1 1 1 0)              87.796
7569       (1 0 2 3 2 1 2)              87.798
7570       (1 0 2 3 2 1 2)              87.792
7571       (1 0 1 2 1 1 1)              87.786
7572       (1 0 3 1 2 1 2)              87.788
7573       (1 0 2 3 2 1 2)              87.789
7574       (1 0 3 1 1 2 1)              87.791
7575       (0 0 1 2 1 1 1)              87.789
7576       (1 0 2 3 2 1 2)              87.790
7577       (1 0 2 3 1 1 2)              87.790
7578       (1 0 2 3 2 1 2)              87.788
7579       (1 0 1 2 1 1 1)              87.789
7580       (1 0 2 3 2 1 2)              87.791
7581       (1 0 2 3 2 1 2)              87.793
7582       (1 0 2 3 2 1 2)              87.794
7583       (1 0 2 3 2 1 2)              87.796
7584       (1 0 3 1 2 1 2)              87.796
7585       (1 0 2 3 2 1 2)              87.793
7586       (1 0 2 3 2 1 2)              87.795
7587       (1 0 1 2 1 1 1)              87.791
7588       (1 0 2 3 2 1 2)              87.793
7589       (1 0 1 2 1 1 1)              87.794
7590       (1 0 2 3 2 1 2)              87.792
7591       (1 0 2 3 2 1 2)              87.792
7592       (1 0 1 2 1 1 1)              87.793
7593       (1 0 3 1 2 1 2)              87.795
7594       (1 0 2 3 2 1 2)              87.797
7595       (1 0 1 2 1 1 1)              87.793
7596       (1 0 3 1 2 1 2)              87.792
7597       (1 0 2 3 2 1 2)              87.794
7598       (1 0 2 3 2 1 2)              87.795
7599       (1 0 2 3 2 1 2)              87.797
7600       (1 0 2 3 2 1 2)              87.797
7601       (1 0 2 3 2 1 2)              87.795
7602       (1 0 3 1 2 1 2)              87.796
7603       (1 0 1 2 1 1 1)              87.798
7604       (1 0 3 1 2 1 2)              87.800
7605       (1 0 2 3 1 2 0)              87.801
7606       (1 0 1 2 1 2 1)              87.801
7607       (1 0 2 3 2 1 1)              87.801
7608       (1 0 2 3 2 1 2)              87.802
7609       (1 0 3 1 2 1 2)              87.804
7610       (1 0 2 3 2 1 2)              87.802
7611       (1 0 2 3 2 1 2)              87.803
7612       (1 0 2 3 2 2 1)              87.805
7613       (1 0 1 2 1 1 1)              87.806
7614       (1 0 2 3 2 1 2)              87.808
7615       (1 0 2 3 2 2 1)              87.810
7616       (1 0 2 3 1 2 1)              87.811
7617       (1 0 3 1 2 1 2)              87.813
7618       (1 0 2 3 1 2 1)              87.814
7619       (1 0 3 1 2 1 2)              87.812
7620       (1 0 3 1 2 1 2)              87.814
7621       (1 0 2 3 2 1 2)              87.816
7622       (0 0 2 3 1 1 1)              87.813
7623       (0 0 4 5 2 2 1)              87.806
7624       (1 0 2 3 2 1 2)              87.807
7625       (1 0 2 3 2 1 2)              87.809
7626       (1 0 2 3 2 1 2)              87.810
7627       (1 0 2 3 2 1 2)              87.812
7628       (1 0 1 2 1 1 1)              87.814
7629       (1 0 2 3 2 1 2)              87.815
7630       (1 0 3 1 1 2 1)              87.817
7631       (1 0 3 1 2 1 2)              87.818
7632       (1 0 1 2 1 1 1)              87.820
7633       (1 0 3 1 2 1 2)              87.820
7634       (1 0 2 3 2 1 2)              87.818
7635       (1 0 1 2 1 1 1)              87.814
7636       (1 0 3 1 2 1 2)              87.815
7637       (1 0 3 1 2 1 2)              87.815
7638       (1 0 2 3 2 1 2)              87.816
7639       (1 0 2 3 2 1 2)              87.818
7640       (1 0 0 0 2 2 1)              87.816
7641       (1 0 2 3 2 1 2)              87.817
7642       (1 0 3 1 2 1 2)              87.815
7643       (1 0 3 1 1 2 1)              87.817
7644       (1 0 1 2 1 1 1)              87.819
7645       (1 0 2 3 2 1 2)              87.818
7646       (1 0 2 3 1 2 1)              87.820
7647       (1 0 2 3 2 1 2)              87.818
7648       (1 0 2 3 2 1 2)              87.819
7649       (1 0 1 2 1 1 1)              87.821
7650       (1 0 2 3 2 1 2)              87.823
7651       (1 0 3 1 2 1 2)              87.820
7652       (0 0 1 2 1 1 1)              87.820
7653       (1 0 2 3 2 1 2)              87.820
7654       (1 0 3 1 2 1 2)              87.818
7655       (1 0 3 1 2 1 2)              87.810
7656       (1 0 1 2 1 1 1)              87.811
7657       (1 0 3 1 2 1 2)              87.809
7658       (1 0 3 1 2 1 2)              87.807
7659       (1 0 2 3 2 1 2)              87.803
7660       (1 0 1 2 1 1 1)              87.805
7661       (1 0 0 0 1 2 0)              87.806
7662       (1 0 1 2 1 2 1)              87.806
7663       (1 0 3 1 2 1 2)              87.808
7664       (1 0 2 3 2 1 2)              87.809
7665       (1 0 1 2 1 2 1)              87.809
7666       (1 0 2 3 2 1 2)              87.805
7667       (1 0 1 2 1 1 1)              87.807
7668       (1 0 3 1 2 1 2)              87.808
7669       (1 0 2 3 2 1 2)              87.806
7670       (1 0 3 1 2 1 2)              87.808
7671       (1 0 1 2 1 1 1)              87.809
7672       (0 0 4 6 0 0 1)              87.802
7673       (1 0 2 3 1 2 1)              87.803
7674       (1 0 3 1 2 1 2)              87.803
7675       (1 0 2 3 2 1 2)              87.804
7676       (1 0 3 1 2 1 2)              87.797
7677       (1 0 1 2 1 1 1)              87.798
7678       (1 0 2 3 2 1 2)              87.800
7679       (1 0 1 2 1 1 1)              87.801
7680       (1 0 2 3 2 1 2)              87.801
7681       (1 0 1 2 1 1 1)              87.803
7682       (1 0 2 3 2 1 2)              87.804
7683       (1 0 2 3 2 1 2)              87.802
7684       (1 0 2 3 2 1 2)              87.800
7685       (1 0 2 3 2 1 2)              87.802
7686       (1 0 1 2 1 2 1)              87.801
7687       (1 0 1 2 1 1 1)              87.803
7688       (1 0 1 2 1 2 1)              87.805
7689       (1 0 2 3 2 1 2)              87.802
7690       (1 0 3 1 2 1 2)              87.800
7691       (1 0 2 3 2 1 2)              87.800
7692       (1 0 3 1 2 1 2)              87.802
7693       (1 0 2 3 1 1 1)              87.803
7694       (1 0 2 3 2 1 2)              87.801
7695       (1 0 2 3 2 1 2)              87.799
7696       (1 0 3 1 1 1 1)              87.797
7697       (1 0 1 2 1 1 1)              87.798
7698       (1 0 2 3 2 1 2)              87.800
7699       (1 0 2 3 2 1 2)              87.802
7700       (1 0 2 3 2 1 2)              87.803
7701       (1 0 2 3 2 1 2)              87.805
7702       (1 0 2 3 2 1 2)              87.806
7703       (1 0 2 3 2 1 2)              87.808
7704       (1 0 4 5 2 2 2)              87.804
7705       (1 0 2 3 2 1 2)              87.806
7706       (1 0 2 3 2 1 2)              87.807
7707       (1 0 2 3 2 1 2)              87.807
7708       (1 0 3 1 2 1 2)              87.807
7709       (1 0 2 3 2 1 2)              87.808
7710       (1 0 3 1 2 1 2)              87.806
7711       (1 0 1 2 1 1 1)              87.800
7712       (1 0 2 3 2 1 2)              87.802
7713       (0 0 1 2 1 1 1)              87.802
7714       (1 0 3 1 2 1 2)              87.803
7715       (1 0 2 3 2 1 2)              87.805
7716       (1 0 1 2 1 1 1)              87.806
7717       (1 0 2 3 2 1 2)              87.808
7718       (1 0 1 2 0 0 1)              87.809
7719       (1 0 2 3 2 1 2)              87.809
7720       (0 0 2 3 2 2 0)              87.800
7721       (1 0 2 3 2 1 2)              87.801
7722       (1 0 1 2 1 1 1)              87.803
7723       (1 0 1 2 1 1 1)              87.804
7724       (1 0 2 3 2 1 2)              87.806
7725       (1 0 3 1 2 1 2)              87.808
7726       (1 0 3 1 2 1 2)              87.809
7727       (1 0 1 2 1 1 1)              87.811
7728       (1 0 3 1 2 1 2)              87.809
7729       (1 0 1 2 1 2 1)              87.808
7730       (0 0 1 2 1 1 1)              87.808
7731       (1 0 3 1 2 1 2)              87.810
7732       (1 0 3 1 2 1 2)              87.802
7733       (1 0 4 5 2 2 2)              87.798
7734       (1 0 3 1 2 1 2)              87.800
7735       (1 0 2 3 2 1 2)              87.801
7736       (1 0 3 1 2 1 2)              87.803
7737       (1 0 2 3 2 1 2)              87.804
7738       (1 0 2 3 2 1 2)              87.806
7739       (1 0 2 3 2 1 2)              87.804
7740       (1 0 2 3 2 1 2)              87.805
7741       (1 0 3 1 2 1 2)              87.807
7742       (1 0 3 1 2 1 2)              87.805
7743       (1 0 3 1 2 1 2)              87.806
7744       (1 0 2 3 2 1 2)              87.808
7745       (1 0 0 0 2 2 1)              87.810
7746       (1 0 1 2 0 0 1)              87.811
7747       (0 0 4 3 2 1 1)              87.805
7748       (1 0 2 3 2 1 2)              87.807
7749       (1 0 1 2 1 2 1)              87.807
7750       (1 0 3 1 2 1 2)              87.804
7751       (1 0 2 3 2 1 2)              87.806
7752       (1 0 2 3 2 1 2)              87.808
7753       (1 0 0 0 1 2 0)              87.809
7754       (1 0 1 2 1 1 1)              87.811
7755       (0 0 1 2 0 0 1)              87.811
7756       (1 0 3 1 2 1 2)              87.808
7757       (1 0 2 3 2 1 2)              87.810
7758       (1 0 3 1 2 1 2)              87.812
7759       (1 0 3 1 2 1 2)              87.813
7760       (1 0 2 3 2 1 2)              87.815
7761       (1 0 3 1 2 1 2)              87.813
7762       (1 0 4 5 2 2 2)              87.809
7763       (1 0 2 3 2 1 2)              87.810
7764       (1 0 1 2 1 1 1)              87.812
7765       (1 0 1 2 1 1 1)              87.813
7766       (1 0 2 3 1 2 1)              87.815
7767       (1 0 1 2 1 1 1)              87.816
7768       (1 0 3 1 2 1 2)              87.818
7769       (1 0 2 3 1 2 1)              87.820
7770       (0 0 4 6 0 0 1)              87.816
7771       (0 0 4 5 2 1 1)              87.810
7772       (1 0 2 3 2 1 2)              87.808
7773       (1 0 2 3 2 1 2)              87.809
7774       (1 0 2 3 2 1 2)              87.807
7775       (1 0 4 5 2 2 2)              87.803
7776       (1 0 2 3 2 1 2)              87.805
7777       (1 0 2 3 1 2 1)              87.806
7778       (1 0 2 3 2 1 2)              87.808
7779       (1 0 2 3 2 1 2)              87.804
7780       (1 0 3 1 2 1 2)              87.796
7781       (1 0 0 0 1 2 0)              87.798
7782       (1 0 3 1 2 1 2)              87.800
7783       (1 0 2 3 2 1 2)              87.797
7784       (1 0 2 3 2 1 2)              87.799
7785       (1 0 2 3 2 1 2)              87.797
7786       (1 0 3 1 2 1 2)              87.797
7787       (1 0 3 1 2 1 2)              87.798
7788       (1 0 1 2 1 1 1)              87.800
7789       (1 0 1 2 1 1 1)              87.801
7790       (1 0 2 3 2 1 2)              87.803
7792       (1 0 1 2 1 1 1)              87.804
7793       (1 0 3 1 2 1 2)              87.806
7794       (1 0 1 2 1 1 1)              87.808
7795       (1 0 1 2 1 1 1)              87.809
7796       (1 0 2 3 2 1 2)              87.811
7797       (1 0 3 1 2 1 2)              87.807
7798       (1 0 3 1 2 1 2)              87.805
7799       (1 0 1 2 1 2 1)              87.797
7800       (1 0 2 3 2 1 2)              87.789
7801       (1 0 1 2 1 1 1)              87.791
7802       (0 0 1 2 1 1 1)              87.791
7803       (1 0 1 2 1 1 1)              87.792
7804       (1 0 3 1 2 1 2)              87.794
7805       (1 0 2 3 2 1 2)              87.795
7806       (1 0 2 3 2 1 2)              87.797
7807       (1 0 3 1 2 1 2)              87.799
7808       (1 0 3 1 2 1 2)              87.800
7809       (1 0 2 3 2 1 2)              87.802
7810       (1 0 3 1 2 1 2)              87.803
7811       (1 0 2 3 2 1 2)              87.801
7812       (1 0 1 2 1 1 1)              87.803
7813       (1 0 0 0 1 2 0)              87.804
7814       (1 0 1 2 1 2 1)              87.800
7815       (1 0 3 1 1 1 1)              87.802
7816       (1 0 1 2 1 2 1)              87.802
7817       (1 0 2 3 2 1 2)              87.803
7818       (1 0 2 3 2 1 2)              87.805
7819       (1 0 2 3 2 1 2)              87.806
7820       (0 0 1 2 1 1 1)              87.801
7821       (1 0 3 1 2 1 2)              87.795
7822       (1 0 1 2 1 1 1)              87.796
7823       (0 0 1 2 1 1 1)              87.796
7824       (0 1 4 5 1 2 1)              87.789
7825       (1 0 2 3 2 1 2)              87.790
7826       (1 0 2 3 2 1 2)              87.788
7827       (1 0 2 3 2 1 2)              87.790
7828       (1 0 2 3 2 1 2)              87.791
7829       (1 0 2 3 1 2 1)              87.793
7830       (1 0 1 2 1 1 1)              87.794
7831       (1 0 2 3 2 1 2)              87.792
7832       (1 0 2 3 2 1 2)              87.792
7833       (1 0 2 3 2 1 2)              87.794
7834       (1 0 2 3 2 1 2)              87.790
7835       (1 0 2 3 2 1 2)              87.787
7836       (1 0 3 1 2 1 2)              87.780
7837       (1 0 3 1 2 1 2)              87.781
7838       (1 0 3 1 2 1 2)              87.776
7839       (1 0 1 2 1 1 1)              87.770
7840       (0 0 1 2 1 1 1)              87.770
7841       (1 0 2 3 2 1 2)              87.771
7842       (1 0 1 2 2 2 1)              87.769
7843       (1 0 2 3 2 1 2)              87.771
7844       (1 0 2 3 2 1 2)              87.772
7845       (1 0 2 3 2 1 2)              87.774
7846       (1 0 3 1 2 1 2)              87.766
7847       (1 0 2 3 2 1 2)              87.764
7848       (1 0 2 3 2 1 2)              87.766
7849       (1 0 2 3 2 1 2)              87.767
7850       (1 0 3 1 1 2 1)              87.769
7851       (1 0 1 2 1 1 1)              87.770
7852       (1 0 2 3 2 1 2)              87.768
7853       (1 0 2 3 2 1 2)              87.768
7854       (1 0 2 3 2 1 2)              87.770
7855       (1 0 2 3 2 1 2)              87.771
7856       (1 0 3 1 2 1 2)              87.773
7857       (1 0 3 1 2 1 2)              87.774
7858       (1 0 2 3 2 1 2)              87.776
7859       (1 0 2 3 2 1 2)              87.777
7860       (1 0 1 2 1 1 1)              87.779
7861       (1 0 2 3 2 1 2)              87.781
7862       (1 0 2 3 2 1 2)              87.782
7863       (1 0 3 1 2 1 2)              87.780
7864       (1 0 3 1 2 1 2)              87.778
7865       (1 0 3 1 2 1 2)              87.778
7866       (1 0 2 3 2 2 1)              87.779
7867       (1 0 1 2 1 1 1)              87.781
7868       (1 0 2 3 2 1 2)              87.782
7869       (1 0 1 2 1 2 1)              87.784
7870       (1 0 1 2 1 1 1)              87.786
7871       (1 0 2 3 2 1 2)              87.787
7872       (1 0 2 3 2 1 2)              87.785
7873       (0 0 1 2 1 1 1)              87.785
7874       (1 0 2 3 2 1 2)              87.786
7875       (1 0 1 2 1 2 1)              87.786
7876       (1 0 3 1 2 1 2)              87.786
7877       (1 0 1 2 1 1 1)              87.787
7878       (1 0 4 5 2 2 2)              87.783
7879       (1 0 1 2 1 1 1)              87.785
7880       (1 0 2 3 2 1 2)              87.787
7881       (0 0 4 6 0 0 1)              87.783
7882       (1 0 2 3 2 1 2)              87.784
7883       (1 0 2 3 2 1 1)              87.780
7884       (1 0 3 1 2 1 2)              87.782
7885       (1 0 3 1 2 1 2)              87.780
7886       (1 0 2 3 2 1 2)              87.779
7887       (1 0 2 3 2 1 2)              87.777
7888       (1 0 2 3 2 1 2)              87.779
7889       (1 0 2 3 2 1 2)              87.781
7890       (1 0 1 2 1 1 1)              87.782
7891       (1 0 2 3 2 1 2)              87.784
7892       (1 0 2 3 2 1 2)              87.785
7893       (1 0 2 3 2 1 1)              87.783
7894       (1 0 3 1 2 1 2)              87.781
7895       (1 0 3 1 2 1 2)              87.783
7896       (1 0 2 3 2 1 2)              87.784
7897       (1 0 2 3 2 1 2)              87.784
7898       (1 0 3 1 2 1 2)              87.785
7899       (1 0 4 5 2 2 2)              87.782
7900       (1 0 1 2 1 1 1)              87.783
7901       (1 0 3 1 2 1 2)              87.783
7902       (1 0 2 3 2 1 2)              87.784
7903       (1 0 1 2 1 1 1)              87.786
7904       (1 0 2 3 2 1 2)              87.787
7905       (1 0 0 0 1 2 0)              87.789
7906       (0 0 2 3 1 1 1)              87.787
7907       (1 0 2 3 2 1 2)              87.788
7908       (1 0 2 3 2 1 2)              87.790
7909       (1 0 2 3 2 1 2)              87.788
7910       (1 0 2 3 2 2 1)              87.790
7911       (1 0 2 3 2 1 2)              87.791
7912       (1 0 2 3 2 1 2)              87.789
7913       (1 0 2 3 2 1 2)              87.791
7914       (1 0 3 1 2 1 2)              87.792
7915       (0 0 4 3 2 1 1)              87.786
7916       (1 0 1 2 1 1 1)              87.788
7917       (1 0 4 5 2 2 2)              87.784
7918       (1 0 2 3 2 1 2)              87.784
7919       (1 0 3 1 2 1 2)              87.785
7920       (1 0 1 2 0 0 1)              87.787
7921       (1 0 1 2 1 1 1)              87.788
7922       (1 0 3 1 2 1 2)              87.790
7923       (1 0 2 3 1 0 1)              87.792
7924       (1 0 2 3 2 1 1)              87.791
7925       (1 0 2 3 2 1 2)              87.793
7926       (1 0 2 3 2 1 2)              87.794
7927       (1 0 2 3 2 1 2)              87.796
7928       (1 0 2 3 1 1 1)              87.796
7929       (1 0 3 1 2 1 2)              87.797
7930       (1 0 2 3 2 1 2)              87.799
7931       (1 0 2 3 2 1 2)              87.800
7932       (1 0 3 1 2 1 2)              87.802
7933       (1 0 1 2 1 1 1)              87.803
7934       (1 0 1 2 1 1 1)              87.805
7935       (1 0 3 1 2 1 2)              87.806
7936       (1 0 2 3 2 1 2)              87.808
7937       (1 0 2 3 2 1 2)              87.809
7938       (1 0 2 3 2 1 2)              87.811
7939       (1 0 3 1 2 1 2)              87.811
7940       (1 0 2 3 2 1 2)              87.807
7941       (1 0 2 3 2 1 2)              87.808
7942       (1 0 2 3 2 1 2)              87.810
7943       (1 0 2 3 1 2 1)              87.812
7944       (1 0 2 3 2 1 2)              87.813
7945       (1 0 2 3 2 1 2)              87.813
7946       (1 0 2 3 2 1 2)              87.813
7947       (0 0 4 3 2 1 1)              87.807
7948       (1 0 1 2 2 2 1)              87.808
7949       (0 0 1 2 1 1 1)              87.808
7950       (1 0 2 3 2 1 2)              87.810
7951       (1 0 1 2 0 0 0)              87.804
7952       (1 0 1 2 1 1 1)              87.806
7953       (1 0 2 3 2 1 2)              87.807
7954       (1 0 2 3 2 1 2)              87.803
7955       (1 0 1 2 1 1 1)              87.805
7956       (0 0 1 2 2 2 1)              87.801
7957       (1 0 2 3 2 1 2)              87.793
7958       (1 0 2 3 2 1 2)              87.791
7959       (1 0 3 1 2 1 2)              87.791
7960       (1 0 3 1 2 1 2)              87.793
7961       (1 0 2 3 2 1 2)              87.794
7962       (1 0 3 1 2 1 2)              87.792
7963       (1 0 2 3 2 1 2)              87.794
7964       (1 0 2 3 2 1 2)              87.795
7965       (1 0 1 2 1 1 1)              87.797
7966       (1 0 2 3 2 1 2)              87.798
7967       (1 0 2 3 2 1 2)              87.800
7968       (1 0 3 1 2 1 2)              87.801
7969       (1 0 3 1 2 1 2)              87.799
7970       (1 0 1 2 1 1 1)              87.801
7971       (1 0 3 1 2 1 2)              87.799
7972       (1 0 1 2 1 2 1)              87.797
7973       (1 0 2 3 2 1 2)              87.798
7974       (1 0 2 3 2 1 2)              87.800
7975       (1 0 1 2 1 1 1)              87.801
7976       (1 0 2 3 2 1 2)              87.799
7978       (1 0 1 2 1 0 1)              87.795
7979       (1 0 3 1 2 1 2)              87.797
7980       (1 0 3 1 2 1 2)              87.795
7981       (1 0 1 2 1 1 1)              87.796
7982       (1 0 3 1 2 1 2)              87.798
7983       (1 0 3 1 2 1 2)              87.798
7984       (1 0 3 1 2 1 2)              87.799
7985       (1 0 2 3 2 1 2)              87.801
7986       (1 0 3 1 2 1 2)              87.800
7987       (1 0 1 2 1 1 1)              87.802
7988       (1 0 2 3 2 1 2)              87.804
7989       (1 0 2 3 2 1 1)              87.803
7990       (1 0 1 2 1 1 1)              87.805
7991       (1 0 2 3 2 1 2)              87.803
7992       (1 0 3 1 2 1 2)              87.804
7993       (1 0 2 3 1 2 1)              87.806
7994       (1 0 2 3 2 1 2)              87.807
7995       (1 0 2 3 2 1 2)              87.805
7996       (1 0 3 1 2 1 2)              87.801
7997       (1 0 1 2 1 1 1)              87.803
7998       (1 0 3 1 2 1 2)              87.801
7999       (1 0 3 1 2 1 2)              87.802
8000       (1 0 1 2 1 0 1)              87.800
8001       (0 0 4 6 1 2 1)              87.795
8002       (1 0 2 3 2 1 2)              87.796
8003       (0 0 1 2 2 2 1)              87.792
8004       (0 0 4 2 2 2 1)              87.785
8005       (1 0 2 3 2 1 2)              87.787
8006       (1 0 2 3 2 1 2)              87.788
8007       (1 0 3 1 2 1 2)              87.790
8008       (1 0 3 1 2 1 2)              87.782
8009       (1 0 1 2 1 2 1)              87.782
8010       (1 0 3 1 2 1 2)              87.783
8011       (1 0 3 1 2 1 2)              87.781
8012       (1 0 2 3 2 1 2)              87.779
8013       (1 0 1 2 1 1 1)              87.781
8014       (0 0 1 2 1 1 1)              87.779
8015       (1 0 2 3 1 2 1)              87.780
8016       (1 0 3 1 2 1 2)              87.773
8017       (1 0 1 2 1 2 1)              87.773
8018       (0 0 4 5 2 1 1)              87.767
8019       (0 1 4 6 0 0 1)              87.760
8020       (1 0 2 3 2 1 2)              87.759
8021       (1 0 2 3 2 1 2)              87.756
8022       (1 0 2 3 2 1 2)              87.754
8023       (1 0 3 1 2 1 2)              87.755
8024       (1 0 2 3 2 1 2)              87.757
8025       (1 0 1 2 1 2 1)              87.756
8026       (1 0 1 2 1 2 1)              87.756
8027       (1 0 3 1 2 1 2)              87.758
8028       (1 0 0 0 2 2 1)              87.759
8029       (0 0 0 4 1 2 0)              87.750
8030       (1 0 3 1 2 1 2)              87.752
8031       (1 0 1 2 1 1 1)              87.753
8032       (1 0 1 2 1 1 1)              87.755
8033       (1 0 1 2 1 1 1)              87.756
8034       (1 0 2 3 2 1 2)              87.758
8035       (1 0 2 3 2 1 2)              87.759
8036       (1 0 3 1 2 1 2)              87.757
8037       (1 0 1 2 1 2 1)              87.755
8038       (1 0 2 3 2 1 2)              87.757
8039       (1 0 1 2 1 1 1)              87.758
8040       (1 0 2 3 2 1 2)              87.760
8041       (1 0 3 1 2 1 2)              87.761
8042       (1 0 3 1 2 1 2)              87.763
8043       (1 0 2 3 2 1 2)              87.764
8044       (1 0 2 3 2 1 2)              87.766
8045       (1 0 3 1 2 1 2)              87.767
8046       (1 0 4 5 2 2 2)              87.763
8047       (1 0 3 1 2 1 2)              87.765
8048       (1 0 2 3 2 1 2)              87.767
8049       (1 0 2 3 2 1 2)              87.766
8050       (1 0 3 1 2 1 2)              87.768
8051       (1 0 1 2 1 1 1)              87.769
8052       (1 0 2 3 2 1 2)              87.771
8053       (1 0 2 3 2 1 2)              87.772
8054       (1 0 2 3 2 1 2)              87.774
8055       (1 0 3 1 2 1 2)              87.775
8056       (1 0 2 3 2 1 2)              87.777
8057       (1 0 1 2 1 1 1)              87.778
8058       (1 0 2 3 2 1 2)              87.780
8059       (1 0 1 2 1 1 1)              87.782
8060       (1 0 3 1 2 1 2)              87.781
8061       (1 0 3 1 2 1 2)              87.776
8062       (1 0 3 1 2 1 2)              87.774
8063       (1 0 1 2 1 1 1)              87.770
8064       (1 0 3 1 2 1 2)              87.771
8065       (1 0 3 1 2 1 2)              87.769
8066       (1 0 0 0 1 2 0)              87.771
8067       (1 0 1 2 1 2 1)              87.771
8068       (0 0 2 3 1 1 1)              87.769
8069       (1 0 1 2 1 1 1)              87.770
8070       (1 0 2 3 2 1 2)              87.772
8071       (1 0 2 3 2 1 2)              87.773
8072       (1 0 2 3 2 1 2)              87.775
8073       (1 0 2 3 2 1 2)              87.776
8074       (0 0 4 5 2 2 1)              87.769
8075       (1 0 3 1 2 1 2)              87.769
8076       (1 0 2 3 1 2 1)              87.770
8077       (1 0 3 1 2 1 2)              87.770
8078       (1 0 1 2 1 1 1)              87.771
8079       (1 0 3 1 2 1 2)              87.773
8080       (1 0 3 1 2 1 2)              87.774
8081       (1 0 2 3 1 2 1)              87.771
8082       (1 0 2 3 1 2 1)              87.772
8083       (1 0 2 3 2 1 2)              87.774
8084       (1 0 2 3 2 1 2)              87.768
8085       (1 0 2 3 2 1 2)              87.770
8086       (1 0 2 3 2 1 2)              87.771
8087       (1 0 3 1 2 1 2)              87.769
8088       (1 0 3 1 2 1 2)              87.767
8089       (1 0 2 3 2 1 2)              87.769
8090       (1 0 2 3 2 1 2)              87.770
8091       (1 0 1 2 1 1 1)              87.772
8092       (1 0 1 2 1 1 1)              87.773
8093       (0 0 2 3 1 2 1)              87.771
8094       (1 0 2 3 2 1 2)              87.773
8095       (1 0 1 2 1 1 1)              87.774
8096       (1 0 2 3 1 2 1)              87.776
8097       (1 0 1 2 1 1 1)              87.774
8098       (1 0 2 3 2 1 2)              87.775
8099       (1 0 3 1 2 1 2)              87.777
8100       (1 0 2 3 2 1 2)              87.778
8101       (1 0 3 1 2 1 2)              87.780
8102       (1 0 3 1 2 1 2)              87.779
8103       (1 0 3 1 2 1 2)              87.779
8104       (1 0 2 3 2 1 2)              87.781
8105       (1 0 2 3 2 1 2)              87.782
8106       (1 0 2 3 2 1 2)              87.784
8107       (1 0 2 3 2 1 2)              87.785
8108       (1 0 2 3 2 1 2)              87.787
8109       (1 0 3 1 2 1 2)              87.788
8110       (1 0 2 3 2 1 2)              87.790
8111       (1 0 2 3 1 2 1)              87.789
8112       (1 0 3 1 2 1 2)              87.787
8113       (0 0 2 3 2 2 0)              87.778
8114       (1 0 3 1 2 1 2)              87.771
8115       (1 0 3 1 2 1 2)              87.773
8116       (1 0 2 3 2 1 1)              87.770
8117       (1 0 2 3 2 1 2)              87.770
8118       (1 0 2 3 1 1 1)              87.772
8119       (1 0 2 3 2 1 2)              87.771
8120       (1 0 2 3 2 1 2)              87.769
8121       (1 0 3 1 2 1 2)              87.767
8122       (1 0 3 1 2 1 2)              87.767
8123       (1 0 3 1 2 1 2)              87.769
8124       (1 0 3 1 2 1 2)              87.770
8125       (1 0 1 2 1 1 1)              87.772
8126       (1 0 2 3 2 1 2)              87.773
8127       (1 0 2 3 2 1 2)              87.775
8128       (1 0 2 3 2 1 2)              87.774
8129       (1 0 3 1 2 1 2)              87.774
8130       (1 0 2 3 2 1 2)              87.770
8131       (1 0 2 3 2 1 2)              87.768
8132       (1 0 2 3 2 1 2)              87.770
8133       (1 0 2 3 2 1 2)              87.771
8134       (1 0 2 3 1 2 1)              87.773
8135       (1 0 2 3 2 1 2)              87.774
8136       (1 0 2 3 2 1 2)              87.776
8137       (1 0 2 3 2 1 2)              87.777
8138       (1 0 2 3 2 1 2)              87.779
8139       (1 0 1 2 1 1 1)              87.780
8140       (1 0 1 2 1 1 1)              87.775
8141       (1 0 3 1 2 1 2)              87.771
8142       (1 0 3 1 2 1 2)              87.773
8143       (1 0 3 1 2 1 2)              87.772
8144       (1 0 2 3 2 1 2)              87.774
8145       (1 0 2 3 2 1 2)              87.767
8146       (1 0 2 3 2 1 2)              87.768
8147       (1 0 3 1 2 1 2)              87.770
8148       (1 0 1 2 1 1 1)              87.771
8149       (1 0 3 1 2 1 2)              87.764
8150       (1 0 2 3 2 1 2)              87.762
8151       (1 0 1 2 1 1 1)              87.763
8152       (0 0 1 2 1 1 1)              87.763
8153       (1 0 2 3 2 1 2)              87.765
8154       (1 0 2 3 2 1 2)              87.766
8155       (1 0 2 3 2 1 2)              87.768
8156       (1 0 2 3 2 1 2)              87.769
8157       (1 0 2 3 1 2 1)              87.771
8158       (1 0 2 3 2 1 2)              87.772
8159       (1 0 3 1 2 1 2)              87.774
8160       (1 0 2 3 2 1 2)              87.770
8161       (1 0 2 3 2 1 2)              87.770
8162       (1 0 2 3 2 1 1)              87.769
8163       (1 0 2 3 2 1 2)              87.771
8164       (1 0 3 1 2 1 2)              87.771
8165       (1 0 2 3 2 1 2)              87.772
8166       (1 0 2 3 2 1 2)              87.770
8167       (1 0 2 3 2 1 2)              87.772
8168       (1 0 1 2 1 1 1)              87.773
8169       (1 0 1 2 1 2 1)              87.773
8170       (1 0 1 2 1 1 1)              87.774
8171       (1 0 2 3 2 1 2)              87.776
8172       (1 0 1 2 1 2 1)              87.776
8173       (1 0 2 3 2 1 2)              87.777
8174       (1 0 3 1 2 1 2)              87.779
8175       (1 0 1 2 1 1 1)              87.780
8176       (1 0 3 1 2 1 2)              87.778
8177       (1 0 3 1 1 1 1)              87.780
8178       (1 0 1 2 1 1 1)              87.781
8179       (1 0 2 3 2 1 2)              87.783
8180       (1 0 3 1 2 1 2)              87.784
8181       (1 0 3 1 2 1 2)              87.779
8182       (1 0 3 1 2 1 2)              87.780
8183       (1 0 1 2 1 2 1)              87.780
8184       (1 0 3 1 2 1 2)              87.781
8185       (1 0 3 1 2 1 2)              87.783
8186       (1 0 2 3 2 1 2)              87.781
8187       (1 0 2 3 2 1 2)              87.782
8188       (1 0 3 1 2 1 2)              87.777
8189       (1 0 2 3 2 1 2)              87.778
8190       (1 0 2 3 2 1 2)              87.780
8191       (1 0 2 3 2 1 1)              87.781
8192       (1 0 2 3 1 1 1)              87.783
8193       (1 0 0 0 2 2 1)              87.784
8194       (1 0 3 1 2 1 2)              87.786
8195       (1 0 1 2 1 1 1)              87.787
8196       (1 0 2 3 2 1 2)              87.785
8197       (1 0 2 3 2 1 2)              87.787
8198       (1 0 3 1 2 1 2)              87.781
8199       (1 0 0 0 2 2 1)              87.783
8200       (1 0 0 0 0 1 1)              87.783
8201       (1 0 1 2 1 1 1)              87.784
8202       (1 0 2 3 2 1 2)              87.786
8203       (1 0 1 2 1 2 1)              87.784
8204       (1 0 2 3 2 1 2)              87.776
8205       (0 1 4 6 0 0 1)              87.769
8206       (1 0 1 2 0 0 1)              87.771
8207       (1 0 2 3 2 1 2)              87.772
8208       (1 0 1 2 1 1 1)              87.774
8209       (1 0 2 3 2 1 2)              87.775
8210       (1 0 2 3 2 1 2)              87.777
8211       (1 0 2 3 2 1 2)              87.778
8212       (1 0 2 3 2 1 2)              87.780
8213       (1 0 3 1 2 1 2)              87.781
8214       (1 0 3 1 2 1 2)              87.779
8215       (1 0 3 1 2 1 2)              87.774
8216       (1 0 1 2 1 2 1)              87.775
8217       (1 0 3 1 2 1 2)              87.777
8218       (1 0 3 1 2 1 2)              87.769
8219       (1 0 1 2 1 1 1)              87.767
8220       (1 0 2 3 2 1 2)              87.769
8221       (1 0 3 1 2 1 2)              87.770
8222       (1 0 3 1 2 1 2)              87.770
8223       (1 0 2 3 2 1 2)              87.772
8224       (1 0 2 3 2 1 2)              87.773
8225       (1 0 2 3 2 1 2)              87.775
8226       (1 0 2 3 2 1 1)              87.771
8227       (1 0 2 3 2 1 2)              87.764
8228       (1 0 2 3 2 1 2)              87.765
8229       (1 0 3 1 2 1 2)              87.767
8230       (1 0 3 1 2 1 2)              87.763
8231       (1 0 2 3 2 1 2)              87.763
8232       (1 0 3 1 2 1 2)              87.762
8233       (1 0 1 2 1 1 1)              87.757
8234       (1 0 1 2 1 2 1)              87.755
8235       (1 0 3 1 2 1 2)              87.755
8236       (1 0 2 3 2 1 2)              87.756
8237       (1 0 3 1 2 1 2)              87.758
8238       (1 0 2 3 2 1 2)              87.759
8239       (1 0 3 1 2 1 2)              87.757
8240       (1 0 3 1 2 1 2)              87.759
8241       (1 0 1 2 1 1 1)              87.760
8242       (1 0 1 2 1 2 1)              87.756
8243       (1 0 2 3 2 1 2)              87.758
8244       (1 0 3 1 2 1 2)              87.759
8245       (1 0 3 1 2 1 2)              87.759
8246       (0 0 4 3 2 1 1)              87.754
8247       (1 0 2 3 2 1 2)              87.753
8248       (1 0 1 2 1 2 1)              87.746
8249       (0 0 4 6 0 0 1)              87.739
8250       (1 0 1 2 1 1 1)              87.740
8251       (1 0 3 1 2 1 2)              87.735
8252       (1 0 2 3 2 1 2)              87.737
8253       (1 0 2 3 2 1 2)              87.738
8254       (1 0 3 1 2 1 2)              87.736
8255       (1 0 1 2 1 1 1)              87.738
8256       (1 0 2 3 2 1 2)              87.739
8257       (1 0 2 3 2 1 2)              87.740
8258       (1 0 3 1 2 1 2)              87.740
8259       (1 0 1 2 1 1 1)              87.742
8260       (1 0 2 3 2 1 2)              87.743
8261       (1 0 2 3 2 1 2)              87.743
8262       (0 0 1 2 1 1 1)              87.738
8263       (1 0 1 2 1 1 1)              87.739
8264       (1 0 3 1 2 1 2)              87.740
8265       (1 0 2 3 2 1 2)              87.742
8266       (1 0 2 3 2 1 1)              87.742
8267       (1 0 1 2 1 2 1)              87.741
8268       (1 0 2 3 2 1 2)              87.738
8269       (0 0 1 2 1 1 1)              87.738
8270       (1 0 3 1 2 1 2)              87.736
8271       (1 0 3 1 2 1 2)              87.734
8272       (1 0 3 1 2 1 2)              87.735
8273       (0 0 4 6 1 2 1)              87.730
8274       (1 0 2 3 2 1 2)              87.731
8275       (1 0 2 3 2 1 2)              87.733
8276       (1 0 2 3 2 1 2)              87.734
8277       (1 0 2 3 1 2 1)              87.736
8278       (1 0 2 3 2 1 2)              87.737
8279       (1 0 2 3 2 1 2)              87.739
8280       (1 0 3 1 2 1 2)              87.740
8281       (1 0 2 3 2 1 2)              87.742
8282       (1 0 3 1 2 1 2)              87.741
8283       (1 0 3 1 2 1 2)              87.739
8284       (1 0 2 3 2 1 2)              87.736
8285       (1 0 3 1 1 1 1)              87.734
8286       (1 0 1 2 1 1 1)              87.735
8287       (0 0 2 3 1 2 1)              87.730
8288       (0 0 1 2 2 2 1)              87.726
8289       (1 0 3 1 2 1 2)              87.727
8290       (1 0 1 2 1 1 1)              87.729
8291       (1 0 1 2 1 2 1)              87.727
8292       (1 0 2 3 2 1 2)              87.728
8293       (1 0 2 3 2 1 2)              87.728
8294       (1 0 2 3 2 1 2)              87.730
8295       (1 0 1 2 1 2 1)              87.726
8296       (1 0 3 1 1 1 1)              87.727
8297       (0 1 4 6 0 0 1)              87.722
8298       (0 0 1 2 1 1 1)              87.722
8299       (1 0 2 3 2 1 2)              87.723
8300       (1 0 1 2 1 2 1)              87.725
8301       (1 0 1 2 1 1 1)              87.726
8302       (1 0 2 3 2 1 2)              87.728
8303       (1 0 2 3 2 1 2)              87.729
8304       (1 0 1 2 1 1 1)              87.731
8305       (1 0 2 3 2 1 2)              87.732
8306       (1 0 1 2 1 1 1)              87.734
8307       (1 0 3 1 2 1 2)              87.728
8308       (0 0 2 3 2 0 2)              87.719
8309       (1 0 2 3 2 1 2)              87.717
8310       (1 0 1 2 1 2 1)              87.715
8311       (1 0 2 3 2 1 2)              87.717
8312       (1 0 2 3 2 1 2)              87.713
8313       (1 0 3 1 2 1 2)              87.715
8314       (1 0 2 3 2 1 2)              87.716
8315       (1 0 3 1 2 1 2)              87.718
8316       (1 0 3 1 2 1 2)              87.716
8317       (1 0 3 1 2 1 2)              87.714
8318       (1 0 2 3 2 1 2)              87.715
8319       (1 0 2 3 2 1 2)              87.713
8320       (1 0 1 2 1 1 1)              87.715
8321       (1 0 2 3 2 1 2)              87.716
8322       (1 0 2 3 1 2 1)              87.718
8323       (0 0 4 6 0 0 1)              87.714
8324       (1 0 2 3 2 1 2)              87.716
8325       (1 0 2 3 2 1 2)              87.714
8326       (1 0 3 1 2 1 2)              87.713
8327       (0 0 0 4 0 1 0)              87.706
8328       (0 0 4 6 0 0 1)              87.703
8329       (0 0 4 3 2 1 1)              87.697
8330       (1 0 2 3 2 1 2)              87.697
8331       (1 0 3 1 2 1 2)              87.697
8332       (1 0 1 2 1 1 1)              87.698
8333       (1 0 3 1 2 1 2)              87.700
8334       (1 0 3 1 2 1 2)              87.692
8335       (1 0 2 3 2 1 2)              87.694
8336       (1 0 2 3 2 1 2)              87.695
8337       (1 0 2 3 2 1 2)              87.697
8338       (1 0 2 3 2 1 2)              87.698
8339       (0 0 1 2 0 0 1)              87.691
8340       (1 0 3 1 2 1 2)              87.693
8341       (1 0 3 1 2 1 2)              87.693
8342       (1 0 2 3 2 1 2)              87.694
8343       (1 0 3 1 2 1 2)              87.696
8344       (1 0 2 3 2 1 2)              87.694
8345       (1 0 2 3 2 1 2)              87.695
8346       (1 0 2 3 2 1 2)              87.697
8347       (1 0 1 2 1 1 1)              87.698
8348       (1 0 3 1 2 1 2)              87.699
8349       (1 0 2 3 2 1 2)              87.701
8350       (1 0 3 1 2 1 2)              87.702
8351       (1 0 2 3 2 1 2)              87.702
8352       (1 0 2 3 2 1 2)              87.704
8353       (1 0 1 2 1 1 1)              87.705
8354       (1 0 2 3 2 1 2)              87.707
8355       (1 0 1 2 1 1 1)              87.708
8356       (1 0 3 1 2 1 2)              87.703
8357       (1 0 1 2 1 2 1)              87.702
8358       (1 0 2 3 2 1 2)              87.701
8359       (1 0 2 3 2 1 2)              87.702
8360       (1 0 2 3 2 1 2)              87.703
8361       (1 0 2 3 2 1 2)              87.702
8362       (1 0 2 3 2 1 2)              87.698
8363       (1 0 2 3 2 1 2)              87.699
8364       (1 0 1 2 1 1 1)              87.701
8365       (1 0 2 3 2 1 2)              87.697
8366       (1 0 3 1 2 1 2)              87.692
8367       (1 0 2 3 1 2 1)              87.693
8368       (1 0 2 3 2 1 2)              87.695
8369       (1 0 1 2 1 1 1)              87.696
8370       (1 0 3 1 2 1 2)              87.689
8371       (1 0 3 1 2 1 2)              87.691
8372       (1 0 1 2 1 1 1)              87.692
8373       (1 0 1 2 1 2 1)              87.688
8374       (1 0 3 1 2 1 2)              87.690
8375       (1 0 2 3 2 1 2)              87.691
8376       (1 0 3 1 2 1 2)              87.684
8377       (1 0 3 1 2 1 2)              87.684
8378       (1 0 3 1 2 1 2)              87.684
8379       (1 0 2 3 1 1 1)              87.684
8380       (1 0 2 3 2 1 2)              87.682
8381       (1 0 1 2 1 1 1)              87.683
8382       (1 0 3 1 2 1 2)              87.678
8383       (1 0 2 3 2 1 2)              87.679
8384       (1 0 3 1 2 1 2)              87.681
8385       (0 0 4 5 0 0 1)              87.677
8386       (1 0 3 1 2 1 2)              87.677
8387       (1 0 3 1 2 1 2)              87.678
8388       (1 0 1 2 1 1 1)              87.680
8389       (1 0 1 2 1 1 1)              87.681
8390       (1 0 2 3 2 1 2)              87.683
8391       (1 0 1 2 1 1 1)              87.684
8392       (0 0 4 6 1 2 1)              87.679
8393       (1 0 4 5 2 2 2)              87.675
8394       (1 0 1 2 1 1 1)              87.677
8395       (1 0 2 3 2 1 2)              87.678
8396       (1 0 2 3 2 1 2)              87.680
8397       (0 0 1 2 0 0 1)              87.679
8398       (1 0 3 1 2 1 2)              87.681
8399       (1 0 1 2 1 2 1)              87.681
8400       (1 0 3 1 2 1 2)              87.673
8401       (1 0 1 2 1 2 0)              87.673
8402       (1 0 2 3 2 1 2)              87.675
8403       (1 0 2 3 2 1 2)              87.676
8404       (1 0 2 3 2 1 2)              87.674
8405       (1 0 2 3 2 1 2)              87.674
8406       (1 0 2 3 2 1 2)              87.676
8407       (1 0 2 3 2 1 2)              87.677
8408       (1 0 2 3 2 1 2)              87.678
8409       (1 0 3 1 2 1 2)              87.680
8410       (1 0 3 1 2 1 2)              87.681
8411       (1 0 3 1 2 1 2)              87.681
8412       (1 0 1 2 1 1 1)              87.683
8413       (1 0 3 1 2 1 2)              87.682
8414       (1 0 1 2 1 1 1)              87.684
8415       (1 0 3 1 2 1 2)              87.682
8416       (1 0 3 1 2 1 2)              87.680
8417       (1 0 2 3 2 1 2)              87.681
8418       (1 0 3 1 2 1 2)              87.681
8419       (1 0 2 3 2 1 2)              87.683
8420       (1 0 1 2 0 0 1)              87.684
8421       (1 0 2 3 2 1 2)              87.686
8422       (1 0 2 3 2 1 2)              87.687
8423       (0 0 2 3 1 1 1)              87.685
8424       (1 0 2 3 2 1 2)              87.687
8425       (1 0 2 3 2 1 2)              87.688
8426       (1 0 1 2 1 1 1)              87.690
8427       (1 0 2 3 2 1 2)              87.691
8428       (1 0 2 3 2 1 2)              87.692
8429       (1 0 2 3 2 1 2)              87.694
8430       (1 0 2 3 2 1 2)              87.692
8431       (1 0 2 3 2 1 2)              87.693
8432       (1 0 1 2 1 2 1)              87.695
8433       (1 0 3 1 2 1 2)              87.696
8434       (1 0 3 1 2 1 2)              87.698
8435       (1 0 2 3 2 1 2)              87.699
8436       (1 0 2 3 2 1 2)              87.701
8437       (1 0 2 3 2 1 2)              87.702
8438       (1 0 3 1 2 1 2)              87.704
8439       (1 0 2 3 2 1 2)              87.705
8440       (1 0 3 1 2 1 2)              87.707
8441       (0 0 1 2 1 1 1)              87.706
8442       (1 0 1 2 1 1 1)              87.708
8443       (1 0 2 3 2 1 2)              87.706
8444       (1 0 2 3 2 1 2)              87.707
8445       (1 0 3 1 2 1 2)              87.709
8446       (1 0 3 1 2 1 2)              87.707
8447       (1 0 2 3 2 1 1)              87.707
8448       (1 0 2 3 2 1 2)              87.705
8449       (1 0 2 3 2 1 2)              87.706
8450       (1 0 2 3 2 1 2)              87.708
8451       (1 0 1 2 1 2 1)              87.707
8452       (1 0 3 1 2 1 2)              87.707
8453       (1 0 2 3 2 1 2)              87.709
8454       (1 0 3 1 2 1 2)              87.710
8455       (1 0 3 1 2 1 2)              87.712
8456       (1 0 3 1 1 1 1)              87.713
8457       (1 0 3 1 2 1 2)              87.714
8458       (1 0 2 3 1 1 1)              87.716
8459       (1 0 2 3 2 1 2)              87.714
8460       (1 0 2 3 2 1 2)              87.715
8461       (1 0 2 3 2 1 2)              87.717
8462       (1 0 2 3 2 1 2)              87.718
8463       (1 0 1 2 1 1 1)              87.720
8464       (1 0 2 3 2 1 2)              87.721
8465       (1 0 2 3 2 1 2)              87.723
8466       (1 0 3 1 2 1 2)              87.716
8467       (1 0 3 1 2 1 2)              87.717
8468       (1 0 2 3 2 1 2)              87.719
8469       (1 0 2 3 2 1 2)              87.720
8470       (1 0 2 3 2 1 2)              87.722
8471       (1 0 3 1 2 1 2)              87.723
8472       (1 0 3 1 2 1 2)              87.724
8473       (1 0 3 1 1 1 1)              87.726
8474       (1 0 1 2 1 1 1)              87.727
8475       (1 0 1 2 1 1 1)              87.729
8476       (1 0 3 1 2 1 2)              87.730
8477       (1 0 2 3 2 1 2)              87.727
8478       (1 0 2 3 2 1 2)              87.728
8479       (1 0 1 2 1 1 1)              87.730
8480       (1 0 1 2 1 1 1)              87.731
8481       (1 0 1 2 1 1 1)              87.732
8482       (1 0 2 3 2 1 2)              87.734
8483       (1 0 3 1 2 1 2)              87.732
8484       (1 0 2 3 2 1 2)              87.733
8485       (1 0 3 1 2 1 2)              87.731
8486       (1 0 2 3 2 1 2)              87.733
8487       (1 0 0 0 1 2 0)              87.734
8488       (1 0 2 3 2 1 2)              87.736
8489       (1 0 0 0 2 2 1)              87.737
8490       (0 0 1 2 1 1 1)              87.734
8491       (1 0 3 1 2 1 2)              87.733
8492       (1 0 2 3 2 1 2)              87.735
8493       (1 0 3 1 2 1 2)              87.736
8494       (1 0 1 2 1 1 1)              87.738
8495       (1 0 1 2 1 1 1)              87.739
8496       (1 0 1 2 1 1 1)              87.741
8497       (1 0 3 1 2 1 2)              87.742
8498       (1 0 3 1 2 1 2)              87.744
8499       (1 0 1 2 1 1 1)              87.745
8500       (1 0 2 3 2 1 2)              87.746
8501       (1 0 2 3 2 1 2)              87.746
8502       (1 0 2 3 2 1 2)              87.743
8503       (1 0 1 2 1 1 1)              87.744
8504       (1 0 3 1 2 1 2)              87.742
8505       (1 0 2 3 2 1 2)              87.744
8506       (1 0 2 3 2 1 2)              87.745
8507       (1 0 3 1 2 1 2)              87.746
8508       (0 0 1 2 1 1 1)              87.746
8509       (1 0 1 2 1 1 1)              87.748
8510       (1 0 2 3 2 1 2)              87.747
8511       (1 0 1 2 1 2 1)              87.747
8512       (0 0 4 3 2 1 1)              87.742
8513       (1 0 2 3 2 1 1)              87.742
8514       (1 0 1 2 1 1 1)              87.743
8515       (1 0 2 3 2 1 2)              87.745
8516       (1 0 2 3 2 1 2)              87.746
8517       (1 0 2 3 2 1 2)              87.747
8518       (1 0 2 3 2 1 2)              87.749
8519       (1 0 2 3 2 1 2)              87.750
8520       (1 0 2 3 2 1 2)              87.747
8521       (1 0 2 3 2 1 2)              87.748
8522       (1 0 3 1 2 1 2)              87.750
8523       (1 0 1 2 1 1 1)              87.751
8524       (1 0 2 3 2 1 2)              87.752
8525       (0 0 4 3 1 1 1)              87.747
8526       (0 0 1 2 1 1 1)              87.747
8527       (1 0 3 1 2 1 2)              87.748
8528       (1 0 2 3 2 1 2)              87.750
8529       (1 0 3 1 2 1 2)              87.751
8530       (1 0 2 3 2 2 1)              87.753
8531       (1 0 3 1 2 1 2)              87.754
8532       (1 0 2 3 2 1 2)              87.756
8533       (1 0 3 1 2 1 2)              87.754
8534       (1 0 1 2 1 1 1)              87.755
8535       (1 0 2 3 2 1 2)              87.757
8536       (1 0 3 1 2 1 2)              87.756
8537       (1 0 2 3 2 1 2)              87.758
8538       (1 0 3 1 2 1 2)              87.759
8539       (1 0 2 3 2 1 2)              87.761
8540       (1 0 0 0 2 2 1)              87.762
8541       (1 0 2 3 2 1 2)              87.762
8542       (0 0 1 2 1 1 1)              87.757
8543       (0 0 1 2 1 1 1)              87.756
8544       (0 0 4 5 2 2 1)              87.753
8545       (1 0 2 3 2 1 2)              87.754
8546       (1 0 2 3 2 1 2)              87.752
8547       (0 0 4 6 0 0 1)              87.745
8548       (1 0 2 3 2 1 2)              87.747
8549       (1 0 1 2 1 1 1)              87.748
8550       (1 0 2 3 2 1 2)              87.745
8551       (1 0 2 3 2 1 2)              87.746
8552       (1 0 2 3 2 1 2)              87.747
8553       (1 0 1 2 1 1 1)              87.749
8554       (1 0 1 2 1 1 1)              87.750
8555       (1 0 1 2 1 1 1)              87.752
8556       (1 0 3 1 2 1 2)              87.752
8557       (1 0 1 2 1 1 1)              87.753
8558       (1 0 3 1 2 1 2)              87.754
8559       (1 0 2 3 2 1 2)              87.756
8560       (1 0 1 2 1 2 1)              87.756
8561       (1 0 1 2 1 2 1)              87.757
8562       (1 0 2 3 1 2 1)              87.758
8563       (1 0 2 3 2 1 2)              87.757
8564       (1 0 1 2 1 1 1)              87.758
8565       (1 0 2 3 2 1 2)              87.756
8566       (1 0 2 3 2 1 2)              87.757
8567       (1 0 1 2 1 1 1)              87.756
8568       (1 0 2 3 2 1 2)              87.757
8569       (1 0 3 1 2 1 2)              87.758
8570       (1 0 1 2 1 2 1)              87.758
8571       (1 0 1 2 1 1 1)              87.760
8572       (1 0 2 3 2 1 2)              87.756
8573       (1 0 2 3 1 1 2)              87.756
8574       (1 0 3 1 2 1 2)              87.757
8575       (1 0 3 1 2 1 2)              87.755
8576       (1 0 1 2 1 1 1)              87.757
8577       (1 0 2 3 2 1 2)              87.755
8578       (1 0 3 1 2 1 2)              87.756
8579       (1 0 3 1 2 1 2)              87.754
8580       (0 0 4 2 2 2 1)              87.749
8581       (1 0 2 3 2 1 2)              87.749
8582       (1 0 3 1 2 1 2)              87.750
8583       (1 0 2 3 2 1 2)              87.750
8584       (1 0 2 3 2 1 2)              87.752
8585       (0 0 4 6 0 0 1)              87.746
8586       (0 0 1 2 1 1 1)              87.746
8587       (1 0 2 3 1 1 1)              87.747
8588       (1 0 1 2 1 1 1)              87.749
8589       (1 0 2 3 2 1 2)              87.750
8590       (1 0 2 3 2 1 2)              87.752
8591       (1 0 2 3 2 1 2)              87.750
8592       (0 0 2 3 1 2 1)              87.745
8593       (1 0 2 3 1 1 2)              87.744
8594       (1 0 3 1 2 1 2)              87.742
8595       (1 0 2 3 2 1 2)              87.744
8596       (1 0 2 3 2 1 2)              87.745
8597       (1 0 3 1 2 1 2)              87.747
8598       (1 0 2 3 2 1 2)              87.748
8599       (1 0 3 1 2 1 2)              87.750
8600       (1 0 2 3 2 1 2)              87.749
8601       (1 0 2 3 2 1 2)              87.751
8602       (1 0 4 5 2 2 2)              87.747
8603       (0 0 1 2 0 0 1)              87.747
8604       (1 0 2 3 2 1 2)              87.745
8605       (1 0 1 2 1 1 1)              87.747
8606       (1 0 2 3 2 1 2)              87.748
8607       (1 0 2 3 2 1 2)              87.749
8608       (1 0 1 2 1 1 1)              87.751
8609       (1 0 1 2 1 1 1)              87.752
8610       (1 0 2 3 2 1 2)              87.754
8611       (1 0 2 3 2 2 1)              87.753
8612       (1 0 2 3 2 1 2)              87.753
8613       (1 0 3 1 2 1 2)              87.751
8614       (1 0 1 2 1 1 1)              87.753
8615       (1 0 2 3 2 1 2)              87.749
8616       (1 0 3 1 2 1 2)              87.751
8617       (1 0 3 1 2 1 2)              87.750
8618       (1 0 2 3 2 1 2)              87.752
8619       (1 0 1 2 1 1 1)              87.753
8620       (1 0 2 3 2 1 2)              87.755
8621       (1 0 3 1 2 1 2)              87.753
8622       (0 0 4 6 0 0 1)              87.749
8623       (1 0 3 1 2 1 2)              87.746
8624       (1 0 1 2 1 2 1)              87.745
8625       (1 0 2 3 2 1 2)              87.747
8626       (1 0 2 3 1 1 1)              87.748
8627       (1 0 2 3 2 1 2)              87.746
8628       (1 0 2 3 2 1 2)              87.748
8629       (0 0 4 3 2 1 1)              87.741
8630       (1 0 2 3 2 1 2)              87.742
8631       (1 0 1 2 1 1 1)              87.744
8632       (1 0 2 3 2 1 2)              87.745
8633       (1 0 3 1 2 1 2)              87.747
8634       (1 0 1 2 1 1 1)              87.748
8635       (1 0 3 1 2 1 2)              87.749
8636       (1 0 2 3 2 1 2)              87.751
8637       (1 0 3 1 2 1 2)              87.752
8638       (1 0 2 3 2 1 2)              87.754
8639       (1 0 2 3 2 1 2)              87.755
8640       (1 0 1 2 1 2 1)              87.755
8641       (1 0 2 3 2 1 2)              87.755
8642       (1 0 3 1 2 1 2)              87.756
8643       (0 0 4 6 1 2 1)              87.751
8644       (1 0 2 3 2 1 2)              87.749
8645       (1 0 2 3 2 1 2)              87.750
8646       (1 0 2 3 2 1 2)              87.752
8647       (1 0 3 1 2 1 2)              87.752
8648       (1 0 2 3 2 1 2)              87.753
8649       (1 0 3 1 2 1 2)              87.754
8650       (1 0 2 3 2 1 2)              87.756
8651       (1 0 1 2 1 2 1)              87.756
8652       (1 0 2 3 2 1 2)              87.754
8653       (0 0 1 2 0 0 1)              87.753
8654       (1 0 3 1 2 1 2)              87.755
8655       (1 0 0 0 1 2 1)              87.756
8656       (1 0 3 1 2 1 2)              87.758
8657       (1 0 1 2 1 2 1)              87.757
8658       (1 0 2 3 2 1 2)              87.759
8659       (1 0 3 1 2 1 2)              87.760
8660       (1 0 3 1 2 1 2)              87.762
8661       (1 0 3 1 2 1 2)              87.763
8662       (1 0 2 3 2 1 2)              87.765
8663       (0 0 1 2 1 1 1)              87.764
8664       (1 0 2 3 2 1 2)              87.762
8665       (1 0 2 3 2 1 2)              87.762
8666       (1 0 1 2 1 1 1)              87.764
8667       (1 0 1 2 1 2 1)              87.765
8668       (1 0 2 3 2 1 2)              87.765
8669       (0 0 4 5 1 1 1)              87.761
8670       (1 0 1 2 0 0 0)              87.756
8671       (1 0 2 3 2 1 2)              87.757
8672       (1 0 2 3 1 1 1)              87.757
8673       (1 0 2 3 2 1 2)              87.759
8674       (1 0 2 3 2 1 2)              87.757
8675       (1 0 3 1 2 1 2)              87.758
8676       (1 0 2 3 2 1 2)              87.756
8677       (1 0 2 3 2 1 2)              87.758
8678       (1 0 2 3 2 1 2)              87.759
8679       (1 0 3 1 2 1 2)              87.761
8680       (1 0 2 3 2 1 2)              87.762
8681       (1 0 1 2 1 2 1)              87.762
8682       (1 0 2 3 1 1 1)              87.763
8683       (1 0 0 0 2 2 1)              87.761
8684       (1 0 3 1 2 1 2)              87.763
8685       (1 0 2 3 1 2 1)              87.762
8686       (1 0 2 3 2 1 2)              87.759
8687       (1 0 2 3 2 1 2)              87.760
8688       (1 0 1 2 1 1 1)              87.762
8689       (1 0 2 3 2 1 2)              87.763
8690       (1 0 3 1 2 1 2)              87.761
8691       (0 0 1 2 1 1 1)              87.761
8692       (1 0 3 1 2 1 2)              87.762
8693       (1 0 2 3 2 1 2)              87.764
8694       (1 0 2 3 2 1 2)              87.762
8695       (1 0 2 3 2 1 2)              87.760
8696       (1 0 1 2 1 1 1)              87.761
8697       (1 0 2 3 2 1 2)              87.763
8698       (1 0 3 1 2 1 2)              87.756
8699       (1 0 2 3 2 1 2)              87.753
8700       (1 0 2 3 2 1 2)              87.751
8701       (1 0 1 2 1 1 1)              87.752
8702       (1 0 2 3 2 1 2)              87.753
8703       (1 0 2 3 2 2 1)              87.755
8704       (1 0 2 3 2 1 2)              87.756
8705       (1 0 2 3 2 1 2)              87.749
8706       (1 0 3 1 2 1 2)              87.751
8707       (1 0 1 2 1 1 1)              87.752
8708       (1 0 3 1 2 1 2)              87.754
8709       (1 0 2 3 2 1 2)              87.752
8710       (1 0 2 3 2 1 2)              87.753
8711       (1 0 2 3 2 1 2)              87.755
8712       (1 0 0 0 1 2 0)              87.756
8713       (1 0 3 1 2 1 2)              87.756
8714       (1 0 2 3 2 1 2)              87.757
8715       (1 0 2 3 2 1 2)              87.759
8716       (1 0 2 3 2 1 2)              87.760
8717       (1 0 2 3 2 1 1)              87.760
8718       (1 0 3 1 2 1 2)              87.761
8719       (1 0 1 2 1 1 1)              87.763
8720       (0 0 2 3 1 2 1)              87.757
8721       (1 0 1 2 1 1 1)              87.759
8722       (1 0 2 3 2 2 1)              87.759
8723       (1 0 3 1 2 1 2)              87.758
8724       (1 0 3 1 2 1 2)              87.760
8725       (1 0 2 3 1 2 1)              87.761
8726       (1 0 2 3 2 1 2)              87.763
8727       (1 0 1 2 1 2 1)              87.762
8728       (1 0 3 1 2 1 2)              87.759
8729       (1 0 3 1 2 1 2)              87.759
8730       (1 0 2 3 2 1 2)              87.760
8731       (1 0 2 3 2 1 2)              87.761
8732       (1 0 2 3 2 1 2)              87.763
8733       (0 1 4 5 2 2 2)              87.753
8734       (1 0 2 3 2 1 2)              87.749
8735       (1 0 2 3 2 1 2)              87.751
8736       (1 0 2 3 2 1 2)              87.750
8737       (1 0 2 3 2 1 2)              87.749
8738       (1 0 2 3 2 1 2)              87.750
8739       (1 0 2 3 2 1 2)              87.751
8740       (1 0 3 1 2 1 2)              87.753
8741       (1 0 2 3 2 1 2)              87.754
8742       (1 0 3 1 2 1 2)              87.756
8743       (1 0 2 3 2 1 2)              87.755
8744       (1 0 3 1 2 1 2)              87.757
8745       (1 0 2 3 2 1 2)              87.758
8746       (1 0 2 3 2 1 2)              87.758
8747       (1 0 2 3 2 1 2)              87.759
8748       (1 0 1 2 1 1 1)              87.761
8749       (0 0 1 2 1 2 1)              87.759
8750       (1 0 2 3 2 1 2)              87.760
8751       (1 0 3 1 2 1 2)              87.758
8752       (1 0 2 3 2 1 2)              87.758
8753       (1 0 1 2 1 1 1)              87.760
8754       (1 0 2 3 2 1 2)              87.758
8755       (1 0 1 2 1 2 1)              87.756
8756       (1 0 2 3 2 1 2)              87.756
8757       (1 0 3 1 1 1 1)              87.754
8758       (1 0 1 2 1 2 1)              87.752
8759       (1 0 2 3 2 1 2)              87.753
8760       (1 0 2 3 2 1 2)              87.755
8761       (1 0 1 2 1 1 1)              87.756
8762       (1 0 2 3 2 1 1)              87.756
8763       (1 0 1 2 1 1 1)              87.757
8764       (1 0 1 2 1 1 1)              87.759
8765       (1 0 3 1 2 1 2)              87.760
8766       (1 0 3 1 2 1 2)              87.761
8767       (1 0 2 3 2 1 2)              87.760
8768       (1 0 2 3 2 1 2)              87.761
8769       (1 0 3 1 2 1 2)              87.761
8770       (1 0 1 2 1 1 1)              87.762
8771       (1 0 2 3 2 1 2)              87.763
8772       (1 0 2 3 2 1 2)              87.765
8773       (1 0 3 1 2 1 2)              87.766
8774       (1 0 2 3 2 1 2)              87.764
8775       (1 0 3 1 2 1 1)              87.764
8776       (1 0 2 3 2 1 2)              87.766
8777       (1 0 2 3 2 1 2)              87.767
8778       (1 0 2 3 2 1 2)              87.768
8779       (1 0 3 1 2 1 2)              87.770
8780       (1 0 2 3 2 1 1)              87.766
8781       (1 0 3 1 2 1 2)              87.768
8782       (1 0 2 3 2 1 2)              87.769
8783       (1 0 2 3 1 2 1)              87.770
8784       (1 0 3 1 2 1 2)              87.772
8785       (0 0 4 5 2 1 1)              87.767
8786       (1 0 2 3 2 1 2)              87.767
8787       (1 0 3 1 2 1 2)              87.768
8788       (1 0 2 3 2 1 1)              87.764
8789       (1 0 1 2 1 1 1)              87.766
8790       (1 0 2 3 2 1 2)              87.766
8791       (1 0 2 3 2 1 2)              87.762
8792       (1 0 2 3 2 1 2)              87.762
8793       (1 0 1 2 1 2 1)              87.762
8794       (1 0 1 2 1 1 1)              87.763
8795       (1 0 2 3 2 1 1)              87.760
8796       (1 0 2 3 2 1 2)              87.761
8797       (1 0 3 1 2 1 2)              87.759
8798       (1 0 2 3 2 1 2)              87.757
8799       (1 0 3 1 2 1 2)              87.759
8800       (1 0 2 3 2 1 2)              87.760
8801       (0 0 1 2 0 0 1)              87.753
8802       (0 0 1 2 1 1 1)              87.748
8803       (1 0 1 2 1 2 1)              87.748
8804       (1 0 2 3 2 1 2)              87.748
8805       (1 0 1 2 1 1 1)              87.749
8806       (1 0 2 3 2 1 2)              87.750
8807       (1 0 1 2 1 2 1)              87.750
8808       (1 0 2 3 2 2 1)              87.752
8809       (1 0 2 3 2 1 2)              87.753
8810       (1 0 2 3 2 1 2)              87.751
8811       (1 0 2 3 2 1 2)              87.751
8812       (1 0 3 1 2 1 2)              87.752
8813       (1 0 3 1 2 1 2)              87.754
8814       (1 0 2 3 2 1 2)              87.755
8815       (1 0 2 3 2 1 2)              87.756
8816       (1 0 2 3 1 2 1)              87.758
8817       (1 0 1 2 1 1 1)              87.759
8818       (0 0 4 3 2 1 1)              87.754
8819       (1 0 2 3 2 1 2)              87.756
8820       (1 0 1 2 1 1 1)              87.757
8821       (1 0 2 3 1 2 1)              87.753
8822       (1 0 2 3 2 1 2)              87.755
8823       (1 0 3 1 1 1 1)              87.755
8824       (1 0 2 3 2 1 2)              87.756
8825       (1 0 3 1 2 1 2)              87.757
8826       (0 0 4 2 2 2 1)              87.752
8827       (1 0 3 1 2 1 2)              87.752
8828       (1 0 3 1 2 1 2)              87.752
8829       (1 0 3 1 2 1 2)              87.752
8830       (1 0 2 3 2 1 2)              87.748
8831       (1 0 2 3 1 2 1)              87.741
8832       (1 0 3 1 2 1 2)              87.743
8833       (1 0 3 1 2 1 2)              87.744
8834       (0 0 4 5 2 1 1)              87.739
8835       (1 0 2 3 2 1 2)              87.741
8836       (1 0 3 1 2 1 2)              87.742
8837       (1 0 2 3 2 1 2)              87.743
8838       (1 0 3 1 2 1 2)              87.741
8839       (1 0 2 3 2 1 2)              87.743
8840       (1 0 2 3 2 1 2)              87.744
8841       (1 0 2 3 2 1 2)              87.746
8842       (1 0 2 3 2 1 2)              87.745
8843       (0 0 2 3 1 1 1)              87.744
8844       (1 0 2 3 2 1 2)              87.745
8845       (1 0 1 2 1 1 1)              87.746
8846       (1 0 1 2 1 2 1)              87.743
8847       (1 0 1 2 1 2 1)              87.743
8848       (1 0 1 2 1 1 1)              87.744
8849       (1 0 2 3 2 1 2)              87.745
8850       (1 0 1 2 1 1 1)              87.747
8851       (1 0 3 1 2 1 2)              87.747
8852       (0 0 2 3 2 2 0)              87.738
8853       (0 0 1 2 0 0 1)              87.738
8854       (1 0 1 2 1 1 1)              87.739
8855       (0 0 4 5 2 1 1)              87.734
8856       (1 0 2 3 2 1 2)              87.736
8857       (1 0 1 2 1 1 1)              87.737
8858       (1 0 3 1 2 1 2)              87.730
8859       (1 0 3 1 2 1 1)              87.732
8860       (1 0 1 2 1 1 1)              87.733
8861       (1 0 2 3 2 1 2)              87.731
8862       (1 0 2 3 2 1 2)              87.733
8863       (1 0 2 3 2 1 2)              87.734
8864       (1 0 2 3 2 1 2)              87.735
8865       (1 0 2 3 2 1 2)              87.734
8866       (1 0 2 3 2 1 2)              87.730
8867       (1 0 2 3 2 1 2)              87.732
8868       (1 0 1 2 1 1 1)              87.733
8869       (1 0 2 3 2 1 2)              87.734
8870       (1 0 2 3 2 1 2)              87.736
8871       (0 0 4 5 2 2 1)              87.731
8872       (1 0 1 2 1 1 1)              87.732
8873       (1 0 3 1 2 1 2)              87.733
8874       (1 0 3 1 2 1 2)              87.732
8875       (1 0 3 1 2 1 2)              87.727
8876       (1 0 3 1 2 1 2)              87.725
8877       (0 0 2 3 1 2 1)              87.720
8878       (0 0 4 5 2 1 1)              87.715
8879       (1 0 1 2 1 2 1)              87.714
8880       (1 0 0 0 2 2 1)              87.716
8881       (1 0 2 3 2 1 2)              87.714
8882       (1 0 3 1 2 1 2)              87.715
8883       (1 0 2 3 2 1 2)              87.717
8884       (1 0 2 3 2 1 2)              87.715
8885       (1 0 2 3 2 1 2)              87.716
8886       (1 0 2 3 2 1 2)              87.714
8887       (1 0 2 3 2 1 2)              87.716
8888       (1 0 2 3 2 1 2)              87.717
8889       (1 0 3 1 2 1 2)              87.719
8890       (1 0 2 3 2 1 2)              87.720
8891       (1 0 1 2 1 2 1)              87.713
8892       (1 0 1 2 1 1 1)              87.710
8893       (1 0 2 3 2 1 2)              87.711
8894       (1 0 3 1 2 1 2)              87.709
8895       (1 0 2 3 2 1 2)              87.711
8896       (1 0 1 2 1 2 1)              87.710
8897       (1 0 3 1 2 1 2)              87.710
8898       (0 0 4 6 1 1 1)              87.707
8899       (1 0 2 3 2 1 2)              87.708
8900       (1 0 2 3 2 1 2)              87.710
8901       (1 0 2 3 2 1 2)              87.711
8902       (1 0 2 3 2 1 2)              87.708
8903       (1 0 2 3 2 1 2)              87.709
8904       (1 0 2 3 2 1 2)              87.710
8905       (1 0 2 3 2 1 2)              87.710
8906       (1 0 1 2 1 2 1)              87.708
8907       (1 0 2 3 2 1 2)              87.708
8908       (1 0 3 1 2 1 2)              87.709
8909       (1 0 1 2 1 1 1)              87.711
8910       (1 0 2 3 2 1 2)              87.712
8911       (1 0 2 3 2 1 2)              87.714
8912       (1 0 2 3 2 1 2)              87.715
8913       (1 0 2 3 2 1 2)              87.716
8914       (1 0 3 1 2 1 2)              87.714
8915       (1 0 2 3 2 1 2)              87.713
8916       (0 0 4 6 1 2 1)              87.709
8917       (0 0 4 2 2 2 1)              87.703
8918       (1 0 3 1 2 1 2)              87.704
8919       (1 0 2 3 2 1 2)              87.705
8920       (1 0 1 2 1 1 1)              87.707
8921       (1 0 3 1 2 1 2)              87.708
8922       (1 0 2 3 2 1 2)              87.709
8923       (0 0 4 3 2 1 1)              87.704
8924       (1 0 3 1 2 1 2)              87.698
8925       (1 0 0 0 2 2 1)              87.699
8926       (1 0 2 3 2 1 2)              87.699
8927       (1 0 3 1 2 1 2)              87.694
8928       (1 0 3 1 2 1 2)              87.694
8929       (1 0 3 1 2 1 2)              87.687
8930       (1 0 2 3 2 1 2)              87.688
8931       (1 0 1 2 1 1 1)              87.690
8932       (0 0 1 2 0 0 1)              87.690
8933       (0 0 1 2 2 2 1)              87.688
8934       (1 0 2 3 2 1 2)              87.688
8935       (0 0 1 2 1 1 1)              87.686
8936       (0 0 4 3 2 1 1)              87.681
8937       (1 0 2 3 2 1 2)              87.682
8938       (1 0 3 1 2 1 2)              87.682
8939       (0 0 1 2 1 1 1)              87.677
8940       (1 0 2 3 2 1 2)              87.678
8941       (1 0 2 3 2 1 2)              87.680
8942       (1 0 1 2 1 1 1)              87.681
8943       (1 0 2 3 2 1 2)              87.679
8944       (1 0 1 2 1 1 1)              87.681
8945       (1 0 2 3 2 1 2)              87.682
8946       (1 0 1 2 1 1 1)              87.683
8947       (1 0 2 3 2 1 2)              87.681
8948       (1 0 3 1 2 1 2)              87.676
8949       (1 0 3 1 2 1 2)              87.675
8950       (1 0 2 3 2 1 2)              87.676
8951       (1 0 3 1 2 1 2)              87.677
8952       (1 0 1 2 1 1 1)              87.679
8953       (1 0 1 2 1 1 1)              87.680
8954       (1 0 1 2 1 1 1)              87.682
8955       (1 0 2 3 1 0 1)              87.681
8956       (1 0 2 3 2 1 2)              87.683
8957       (1 0 2 3 2 1 2)              87.684
8958       (1 0 2 3 1 1 1)              87.685
8959       (1 0 3 1 2 1 2)              87.685
8960       (0 0 4 6 0 0 1)              87.682
8961       (1 0 2 3 2 1 2)              87.680
8962       (0 0 1 2 2 2 1)              87.677
8963       (1 0 1 2 1 1 1)              87.678
8964       (1 0 2 3 1 2 1)              87.676
8965       (1 0 2 3 2 1 2)              87.676
8966       (1 0 3 1 2 1 1)              87.676
8967       (1 0 3 1 2 1 2)              87.677
8968       (1 0 2 3 2 1 2)              87.678
8969       (1 0 1 2 1 1 1)              87.680
8970       (1 0 2 3 2 1 2)              87.681
8971       (0 0 1 2 1 1 1)              87.681
8972       (1 0 2 3 2 1 2)              87.682
8973       (1 0 1 2 1 1 1)              87.684
8974       (1 0 1 2 1 1 1)              87.685
8975       (1 0 3 1 2 1 2)              87.686
8976       (1 0 3 1 2 1 2)              87.688
8977       (1 0 3 1 2 1 2)              87.689
8978       (1 0 2 3 2 1 2)              87.691
8979       (1 0 2 3 2 1 2)              87.692
8980       (1 0 2 3 2 1 2)              87.693
8981       (1 0 2 3 2 1 2)              87.695
8982       (1 0 3 1 2 1 2)              87.696
8983       (1 0 1 2 1 2 1)              87.694
8984       (1 0 3 1 2 1 2)              87.692
8985       (1 0 1 2 2 2 1)              87.691
8986       (1 0 1 2 1 2 1)              87.692
8987       (1 0 1 2 1 1 1)              87.693
8988       (1 0 2 3 2 1 2)              87.695
8989       (1 0 3 1 2 1 2)              87.696
8990       (1 0 2 3 1 2 1)              87.698
8991       (0 0 4 3 2 1 1)              87.693
8992       (1 0 3 1 1 1 1)              87.694
8993       (1 0 2 3 1 2 1)              87.695
8994       (1 0 2 3 2 1 2)              87.693
8995       (1 0 3 1 2 1 2)              87.695
8996       (0 0 1 2 1 1 1)              87.695
8997       (0 0 4 6 0 0 1)              87.691
8998       (1 0 1 2 1 1 1)              87.693
8999       (1 0 1 2 1 2 1)              87.692
9000       (1 0 2 3 2 1 2)              87.694
9001       (1 0 1 2 1 2 1)              87.694
9002       (1 0 2 3 2 1 2)              87.695
9003       (1 0 3 1 2 1 2)              87.696
9004       (1 0 2 3 2 1 2)              87.698
9005       (1 0 2 3 2 1 2)              87.694
9006       (1 0 1 2 1 1 1)              87.696
9007       (1 0 3 1 2 1 2)              87.697
9008       (0 0 1 2 1 2 1)              87.692
9009       (1 0 3 1 2 1 2)              87.685
9010       (1 0 1 2 1 1 1)              87.687
9011       (1 0 3 1 2 1 2)              87.688
9012       (1 0 1 2 1 1 1)              87.689
9013       (1 0 2 3 2 1 2)              87.691
9014       (1 0 2 3 2 1 2)              87.691
9015       (0 0 2 3 1 1 1)              87.689
9016       (1 0 2 3 2 1 2)              87.690
9017       (1 0 2 3 2 1 2)              87.692
9018       (1 0 1 2 1 2 1)              87.691
9019       (1 0 2 3 2 1 2)              87.690
9020       (1 0 3 1 2 1 2)              87.691
9021       (1 0 3 1 2 1 2)              87.692
9022       (1 0 1 2 1 1 1)              87.694
9023       (1 0 2 3 1 1 1)              87.695
9024       (1 0 2 3 2 1 2)              87.696
9025       (1 0 2 3 2 1 2)              87.695
9026       (1 0 1 2 1 1 1)              87.696
9027       (1 0 1 2 1 2 1)              87.697
9028       (1 0 1 2 1 1 1)              87.699
9029       (1 0 2 3 2 1 2)              87.697
9030       (0 0 4 6 1 2 2)              87.692
9031       (1 0 1 2 1 1 1)              87.693
9032       (1 0 2 3 2 1 2)              87.691
9033       (1 0 2 3 2 1 2)              87.693
9034       (1 0 1 2 1 1 1)              87.694
9035       (1 0 2 3 2 1 2)              87.696
9036       (0 0 1 2 1 1 1)              87.695
9037       (1 0 1 2 1 2 1)              87.695
9038       (1 0 2 3 2 1 2)              87.693
9039       (1 0 2 3 2 1 2)              87.695
9040       (1 0 3 1 2 1 2)              87.696
9041       (1 0 1 2 1 1 1)              87.697
9042       (1 0 2 3 2 1 2)              87.699
9043       (1 0 2 3 2 1 2)              87.700
9044       (1 0 1 2 1 1 1)              87.701
9045       (1 0 3 1 2 1 2)              87.698
9046       (1 0 2 3 2 1 2)              87.696
9047       (1 0 3 1 2 1 2)              87.694
9048       (1 0 2 3 2 1 2)              87.696
9049       (1 0 3 1 2 1 2)              87.697
9050       (1 0 1 2 1 1 1)              87.699
9051       (1 0 2 3 2 1 2)              87.700
9052       (1 0 2 3 2 1 2)              87.701
9053       (1 0 1 2 1 2 1)              87.701
9054       (1 0 3 1 2 1 2)              87.702
9055       (1 0 3 1 2 1 2)              87.704
9056       (1 0 3 1 2 1 2)              87.705
9057       (1 0 2 3 2 1 2)              87.703
9058       (1 0 3 1 2 1 2)              87.705
9059       (1 0 2 3 2 1 2)              87.706
9060       (1 0 3 1 2 1 2)              87.707
9061       (1 0 3 1 2 1 2)              87.709
9062       (1 0 1 2 1 1 1)              87.710
9063       (1 0 2 3 2 1 2)              87.708
9064       (0 0 4 5 2 2 1)              87.702
9065       (1 0 3 1 2 1 2)              87.703
9066       (1 0 2 3 2 1 2)              87.705
9067       (1 0 2 3 2 1 1)              87.701
9068       (1 0 1 2 1 1 1)              87.703
9069       (1 0 2 3 2 1 2)              87.704
9070       (1 0 3 1 2 1 2)              87.705
9071       (1 0 3 1 2 1 2)              87.703
9072       (1 0 1 2 1 2 1)              87.703
9073       (1 0 2 3 2 1 2)              87.705
9074       (1 0 2 3 1 2 1)              87.706
9075       (0 0 4 3 2 1 1)              87.701
9076       (1 0 2 3 2 1 2)              87.699
9077       (1 0 2 3 2 1 2)              87.701
9078       (0 0 4 5 2 1 1)              87.696
9079       (1 0 3 1 1 1 1)              87.694
9080       (1 0 2 3 2 1 2)              87.695
9081       (0 0 1 2 1 1 1)              87.695
9082       (1 0 3 1 2 1 2)              87.696
9083       (1 0 1 2 1 1 1)              87.698
9084       (1 0 1 2 1 1 1)              87.699
9085       (1 0 1 2 1 1 1)              87.700
9086       (1 0 1 2 2 2 1)              87.702
9087       (1 0 3 1 2 1 2)              87.700
9088       (1 0 3 1 2 1 2)              87.701
9089       (1 0 2 3 2 1 2)              87.703
9090       (1 0 3 1 2 1 2)              87.702
9091       (1 0 2 3 2 1 2)              87.704
9092       (1 0 3 1 2 1 2)              87.704
9093       (0 0 1 2 1 1 1)              87.703
9094       (1 0 2 3 2 1 2)              87.705
9095       (1 0 2 3 2 1 2)              87.706
9096       (1 0 1 2 1 1 1)              87.704
9097       (1 0 2 3 2 1 2)              87.702
9098       (1 0 1 2 1 1 1)              87.704
9099       (1 0 3 1 2 1 2)              87.704
9100       (1 0 2 3 2 1 2)              87.705
9101       (1 0 3 1 2 1 2)              87.706
9102       (1 0 2 3 1 2 1)              87.706
9103       (1 0 2 3 2 1 2)              87.707
9104       (1 0 2 3 2 1 2)              87.706
9105       (1 0 1 2 1 1 1)              87.707
9106       (1 0 0 0 1 2 0)              87.708
9107       (1 0 2 3 2 1 2)              87.710
9108       (1 0 2 3 2 1 2)              87.711
9109       (1 0 2 3 2 1 2)              87.711
9110       (1 0 2 3 2 1 2)              87.709
9111       (1 0 2 3 2 1 2)              87.710
9112       (1 0 3 1 2 1 2)              87.710
9113       (1 0 2 3 2 1 2)              87.712
9114       (1 0 3 1 2 1 2)              87.713
9115       (1 0 2 3 2 1 2)              87.714
9116       (0 0 1 2 1 1 1)              87.709
9117       (1 0 2 3 2 1 2)              87.711
9118       (1 0 2 3 2 1 2)              87.712
9119       (1 0 3 1 2 1 2)              87.713
9120       (1 0 0 0 1 2 0)              87.715
9121       (1 0 2 3 2 1 2)              87.716
9122       (1 0 2 3 2 1 2)              87.717
9123       (1 0 2 3 2 1 2)              87.716
9124       (1 0 3 1 2 1 2)              87.709
9125       (1 0 2 3 2 1 2)              87.710
9126       (1 0 1 2 1 2 1)              87.709
9127       (1 0 1 2 1 1 1)              87.710
9128       (1 0 2 3 2 1 2)              87.711
9129       (1 0 2 3 2 1 2)              87.713
9130       (1 0 2 3 2 1 2)              87.714
9131       (1 0 2 3 2 1 2)              87.715
9132       (1 0 2 3 2 1 2)              87.717
9133       (1 0 3 1 2 1 2)              87.717
9134       (1 0 1 2 0 0 1)              87.713
9135       (1 0 2 3 2 1 2)              87.715
9136       (1 0 2 3 2 1 2)              87.716
9137       (1 0 3 1 1 1 1)              87.716
9138       (1 0 2 3 2 1 2)              87.717
9139       (1 0 1 2 1 2 1)              87.718
9140       (1 0 3 1 2 1 2)              87.720
9141       (0 0 1 2 1 2 1)              87.718
9142       (1 0 2 3 2 1 2)              87.719
9143       (1 0 3 1 2 1 2)              87.718
9144       (1 0 2 3 2 1 2)              87.719
9145       (1 0 3 1 1 1 1)              87.717
9146       (1 0 3 1 2 1 2)              87.718
9147       (0 0 1 2 1 1 1)              87.714
9148       (1 0 2 3 2 1 2)              87.715
9149       (1 0 3 1 2 1 2)              87.713
9150       (1 0 3 1 2 1 2)              87.714
9151       (0 0 3 1 1 1 0)              87.713
9152       (1 0 3 1 2 1 2)              87.711
9153       (1 0 2 3 2 1 2)              87.709
9154       (1 0 2 3 2 1 2)              87.710
9155       (1 0 1 2 1 1 1)              87.712
9156       (1 0 1 2 1 2 1)              87.712
9157       (1 0 3 1 2 1 2)              87.711
9158       (1 0 2 3 2 1 2)              87.713
9159       (1 0 2 3 2 1 2)              87.714
9160       (0 0 1 2 1 1 1)              87.714
9161       (1 0 3 1 2 1 2)              87.715
9162       (1 0 3 1 2 1 2)              87.716
9163       (1 0 3 1 2 1 2)              87.718
9164       (1 0 3 1 2 1 2)              87.716
9165       (1 0 1 2 1 1 1)              87.717
9166       (1 0 2 3 2 1 2)              87.712
9167       (1 0 2 3 2 1 2)              87.712
9168       (1 0 3 1 2 1 2)              87.714
9169       (1 0 2 3 2 1 2)              87.713
9170       (1 0 2 3 2 1 2)              87.715
9171       (1 0 1 2 1 1 1)              87.715
9172       (1 0 1 2 1 1 1)              87.716
9173       (1 0 3 1 2 1 2)              87.717
9174       (1 0 2 3 2 1 2)              87.719
9175       (1 0 3 1 2 1 2)              87.720
9176       (1 0 2 3 2 1 2)              87.721
9177       (1 0 2 3 2 1 2)              87.723
9178       (1 0 1 2 1 1 1)              87.719
9179       (1 0 2 3 2 1 2)              87.721
9180       (1 0 2 3 2 1 2)              87.720
9181       (1 0 3 1 2 1 2)              87.719
9182       (1 0 3 1 2 1 2)              87.720
9183       (0 1 4 6 0 0 1)              87.715
9184       (1 0 1 2 1 1 1)              87.716
9185       (1 0 2 3 2 1 2)              87.718
9186       (1 0 1 2 1 1 1)              87.719
9187       (0 0 1 2 2 2 1)              87.716
9188       (1 0 2 3 2 1 2)              87.717
9189       (1 0 2 3 2 1 2)              87.718
9190       (0 0 4 6 1 2 1)              87.713
9191       (1 0 3 1 2 1 2)              87.715
9192       (1 0 3 1 2 1 2)              87.715
9193       (1 0 2 3 2 1 2)              87.713
9194       (1 0 2 3 2 1 2)              87.714
9195       (1 0 1 2 1 1 1)              87.716
9196       (1 0 2 3 2 1 2)              87.717
9197       (1 0 2 3 2 1 2)              87.718
9198       (1 0 1 2 1 1 1)              87.720
9199       (0 0 1 2 1 2 1)              87.718
9200       (1 0 2 3 1 1 1)              87.719
9201       (1 0 2 3 2 1 2)              87.719
9202       (1 0 1 2 1 1 1)              87.720
9203       (1 0 2 3 2 1 2)              87.718
9204       (1 0 3 1 2 1 2)              87.720
9205       (1 0 3 1 2 1 2)              87.721
9206       (1 0 2 3 2 1 2)              87.722
9207       (1 0 2 3 2 1 2)              87.724
9208       (1 0 3 1 2 1 2)              87.725
9209       (1 0 2 3 1 2 1)              87.726
9210       (1 0 1 2 1 2 1)              87.723
9211       (1 0 1 2 1 1 1)              87.724
9212       (1 0 2 3 2 1 2)              87.718
9213       (1 0 2 3 2 1 2)              87.716
9214       (1 0 2 3 1 2 1)              87.718
9215       (1 0 1 2 1 1 1)              87.719
9216       (1 0 2 3 2 1 2)              87.720
9217       (1 0 1 2 1 1 1)              87.722
9218       (1 0 2 3 2 1 2)              87.723
9219       (1 0 2 3 2 1 2)              87.721
9220       (1 0 3 1 2 1 2)              87.722
9221       (1 0 2 3 2 1 2)              87.724
9222       (1 0 3 1 2 1 2)              87.725
9223       (1 0 3 1 2 1 2)              87.726
9224       (1 0 3 1 2 1 2)              87.726
9225       (1 0 2 3 1 2 1)              87.724
9226       (1 0 1 2 1 2 1)              87.724
9227       (1 0 2 3 2 1 2)              87.726
9228       (1 0 3 1 2 1 2)              87.725
9229       (1 0 2 3 2 1 2)              87.727
9230       (1 0 2 3 2 1 2)              87.728
9231       (1 0 3 1 2 1 2)              87.726
9232       (1 0 2 3 2 1 2)              87.728
9233       (1 0 2 3 2 1 2)              87.729
9234       (1 0 3 1 2 1 2)              87.727
9235       (1 0 2 3 1 2 1)              87.729
9236       (1 0 3 1 2 1 2)              87.728
9237       (1 0 2 3 2 1 2)              87.730
9238       (1 0 3 1 2 1 2)              87.731
9239       (0 0 2 3 1 2 1)              87.729
9240       (1 0 1 2 1 2 1)              87.727
9241       (1 0 3 1 2 1 1)              87.727
9242       (1 0 2 3 2 1 2)              87.729
9243       (1 0 1 2 1 1 1)              87.730
9244       (1 0 2 3 2 1 2)              87.731
9245       (0 0 2 3 2 0 2)              87.723
9246       (1 0 1 2 1 1 1)              87.718
9247       (1 0 2 3 2 1 2)              87.720
9248       (1 0 2 3 2 1 2)              87.721
9249       (1 0 3 1 2 1 2)              87.722
9250       (1 0 1 2 1 2 1)              87.722
9251       (1 0 2 3 2 1 2)              87.723
9252       (0 0 1 2 1 1 1)              87.719
9253       (1 0 3 1 2 1 2)              87.718
9254       (1 0 3 1 2 1 2)              87.714
9255       (1 0 2 3 2 1 2)              87.713
9256       (1 0 2 3 2 1 2)              87.715
9257       (1 0 3 1 2 1 2)              87.714
9258       (1 0 3 1 2 1 2)              87.716
9259       (1 0 2 3 2 1 2)              87.714
9260       (0 0 4 5 2 1 1)              87.709
9261       (1 0 2 3 2 1 2)              87.710
9262       (1 0 2 3 2 1 2)              87.712
9263       (1 0 3 1 2 1 2)              87.713
9264       (1 0 2 3 2 1 2)              87.714
9265       (1 0 3 1 2 1 2)              87.716
9266       (1 0 1 2 1 2 1)              87.716
9267       (1 0 2 3 2 1 2)              87.717
9268       (1 0 3 1 2 1 2)              87.717
9269       (0 0 4 6 1 2 1)              87.713
9270       (1 0 2 3 1 1 1)              87.715
9271       (1 0 3 1 2 1 2)              87.716
9272       (1 0 2 3 2 1 2)              87.717
9273       (1 0 2 3 2 1 2)              87.719
9274       (1 0 1 2 1 1 1)              87.720
9275       (1 0 1 2 1 1 1)              87.721
9276       (1 0 2 3 2 1 2)              87.723
9277       (1 0 3 1 2 1 2)              87.724
9278       (1 0 3 1 2 1 2)              87.719
9279       (1 0 0 0 1 2 0)              87.720
9280       (1 0 3 1 2 1 2)              87.722
9281       (1 0 3 1 2 1 2)              87.723
9282       (1 0 2 3 2 1 1)              87.720
9283       (1 0 2 3 2 1 2)              87.721
9284       (0 0 2 3 1 2 1)              87.716
9285       (0 0 1 2 1 1 1)              87.716
9286       (1 0 1 2 1 1 1)              87.717
9287       (1 0 1 2 1 1 1)              87.719
9288       (1 0 3 1 2 1 2)              87.720
9289       (1 0 2 3 2 1 2)              87.718
9290       (1 0 3 1 2 1 2)              87.718
9291       (1 0 3 1 2 1 2)              87.716
9292       (0 0 1 2 1 1 1)              87.713
9293       (1 0 1 2 1 2 1)              87.713
9294       (0 0 1 2 1 1 1)              87.713
9295       (1 0 1 2 1 2 1)              87.712
9296       (1 0 2 3 2 1 2)              87.714
9297       (1 0 3 1 2 1 2)              87.712
9298       (1 0 2 3 2 1 2)              87.713
9299       (1 0 1 2 1 1 1)              87.710
9300       (1 0 2 3 2 1 2)              87.711
9301       (1 0 1 2 1 1 1)              87.713
9302       (1 0 1 2 1 1 1)              87.714
9303       (1 0 1 2 1 1 1)              87.715
9304       (1 0 2 3 2 1 2)              87.717
9305       (1 0 2 3 2 1 2)              87.718
9306       (1 0 2 3 2 1 2)              87.716
9307       (1 0 3 1 2 1 2)              87.718
9308       (1 0 3 1 2 1 2)              87.719
9309       (1 0 3 1 2 1 2)              87.719
9310       (1 0 1 2 1 1 1)              87.720
9311       (1 0 2 3 2 1 2)              87.721
9312       (1 0 3 1 2 1 2)              87.720
9313       (1 0 2 3 2 1 2)              87.721
9314       (1 0 3 1 2 1 2)              87.714
9315       (1 0 2 3 2 1 2)              87.716
9316       (0 0 4 5 2 1 1)              87.708
9317       (1 0 3 1 2 1 2)              87.709
9318       (1 0 2 3 2 1 2)              87.711
9319       (1 0 2 3 1 1 2)              87.710
9320       (0 0 2 3 1 2 1)              87.705
9321       (1 0 1 2 1 1 1)              87.707
9322       (1 0 1 2 1 1 1)              87.708
9323       (1 0 1 2 1 1 1)              87.709
9324       (1 0 2 3 2 1 2)              87.711
9325       (1 0 2 3 2 1 2)              87.712
9326       (1 0 3 1 2 1 2)              87.712
9327       (1 0 3 1 2 1 2)              87.713
9328       (1 0 2 3 2 1 2)              87.715
9329       (1 0 2 3 2 1 2)              87.716
9330       (1 0 2 3 2 1 2)              87.717
9331       (1 0 3 1 2 1 2)              87.718
9332       (1 0 1 2 1 1 1)              87.720
9333       (1 0 2 3 2 1 2)              87.720
9334       (0 0 1 2 2 2 1)              87.716
9335       (1 0 2 3 2 1 2)              87.718
9336       (1 0 2 3 2 1 2)              87.717
9337       (1 0 2 3 2 1 2)              87.719
9338       (1 0 2 3 2 1 2)              87.720
9339       (1 0 1 2 1 2 1)              87.720
9340       (1 0 1 2 1 2 1)              87.720
9341       (1 0 1 2 1 2 1)              87.719
9342       (1 0 2 3 2 1 2)              87.721
9343       (1 0 3 1 1 2 1)              87.722
9344       (1 0 1 2 1 1 1)              87.723
9345       (1 0 2 3 2 1 2)              87.722
9346       (1 0 2 3 2 1 2)              87.720
9347       (1 0 1 2 1 2 1)              87.720
9348       (1 0 2 3 2 1 2)              87.718
9349       (1 0 3 1 2 1 2)              87.719
9350       (1 0 2 3 2 1 2)              87.721
9351       (1 0 1 2 1 1 1)              87.722
9352       (1 0 2 3 2 1 2)              87.720
9353       (1 0 2 3 2 1 2)              87.721
9354       (1 0 1 2 1 1 1)              87.723
9355       (1 0 3 1 2 1 2)              87.724
9356       (1 0 1 2 1 2 1)              87.721
9357       (1 0 3 1 2 1 2)              87.722
9358       (1 0 2 3 2 1 2)              87.723
9359       (1 0 2 3 2 1 2)              87.722
9360       (1 0 2 3 2 1 2)              87.723
9361       (1 0 2 3 2 1 2)              87.718
9362       (0 0 1 2 0 0 1)              87.718
9363       (1 0 2 3 2 1 2)              87.719
9364       (1 0 2 3 2 1 2)              87.718
9365       (1 0 4 5 2 2 2)              87.714
9366       (1 0 2 3 2 1 2)              87.716
9367       (1 0 2 3 2 1 1)              87.712
9368       (0 0 1 2 1 1 1)              87.706
9369       (1 0 2 3 2 1 2)              87.707
9370       (1 0 1 2 1 1 1)              87.709
9371       (0 0 1 2 2 2 1)              87.705
9372       (1 0 2 3 2 1 2)              87.707
9373       (1 0 1 2 1 1 1)              87.708
9374       (1 0 2 3 2 1 2)              87.709
9375       (1 0 1 2 1 1 1)              87.711
9376       (1 0 1 2 1 1 1)              87.712
9377       (1 0 3 1 2 1 2)              87.710
9378       (1 0 1 2 2 2 1)              87.711
9379       (1 0 2 3 2 1 2)              87.708
9380       (0 0 1 2 1 1 1)              87.708
9381       (1 0 2 3 2 1 2)              87.706
9382       (1 0 1 2 1 1 1)              87.708
9383       (1 0 1 2 1 1 1)              87.709
9384       (1 0 2 3 2 1 2)              87.710
9385       (0 0 3 1 1 1 0)              87.708
9386       (1 0 3 1 2 1 2)              87.710
9387       (1 0 1 2 1 1 1)              87.711
9388       (1 0 2 3 2 1 2)              87.711
9389       (1 0 2 3 2 1 2)              87.712
9390       (1 0 3 1 2 1 2)              87.713
9391       (1 0 2 3 1 1 1)              87.715
9392       (1 0 2 3 2 1 2)              87.716
9393       (1 0 1 2 1 1 1)              87.717
9394       (1 0 3 1 2 1 2)              87.719
9395       (1 0 2 3 2 1 2)              87.717
9396       (1 0 2 3 2 1 2)              87.718
9397       (1 0 2 3 2 1 2)              87.720
9398       (1 0 3 1 2 1 2)              87.719
9399       (1 0 3 1 2 1 2)              87.718
9400       (1 0 1 2 1 1 1)              87.719
9401       (0 0 2 3 1 2 1)              87.717
9402       (1 0 2 3 2 1 2)              87.717
9403       (1 0 1 2 1 1 1)              87.718
9404       (1 0 1 2 1 1 1)              87.720
9405       (1 0 1 2 1 2 1)              87.719
9406       (1 0 2 3 2 1 2)              87.721
9407       (1 0 1 2 1 1 1)              87.722
9408       (1 0 2 3 2 1 2)              87.720
9409       (1 0 2 3 2 1 2)              87.719
9410       (1 0 3 1 2 1 2)              87.720
9411       (1 0 2 3 2 1 2)              87.721
9412       (1 0 3 1 2 1 2)              87.723
9413       (1 0 3 1 2 1 2)              87.724
9414       (1 0 3 1 2 1 2)              87.725
9415       (1 0 3 1 2 1 2)              87.725
9416       (1 0 3 1 2 1 2)              87.720
9417       (1 0 2 3 2 1 2)              87.721
9418       (1 0 2 3 2 1 2)              87.723
9419       (1 0 2 3 2 1 2)              87.724
9420       (1 0 3 1 2 1 2)              87.725
9421       (1 0 3 1 2 1 2)              87.725
9422       (1 0 2 3 2 1 2)              87.726
9423       (1 0 3 1 2 1 2)              87.728
9424       (1 0 2 3 2 1 2)              87.729
9425       (1 0 1 2 1 1 1)              87.730
9426       (1 0 2 3 2 1 2)              87.732
9427       (1 0 1 2 1 1 1)              87.733
9428       (1 0 2 3 2 1 2)              87.734
9429       (1 0 2 3 2 1 2)              87.736
9430       (1 0 2 3 2 1 2)              87.735
9431       (1 0 3 1 2 1 2)              87.737
9432       (1 0 2 3 2 1 2)              87.738
9433       (1 0 3 1 2 1 2)              87.735
9434       (1 0 1 2 1 1 1)              87.736
9435       (1 0 2 3 1 2 0)              87.737
9436       (0 0 1 2 1 1 1)              87.737
9437       (1 0 3 1 2 1 2)              87.738
9438       (1 0 3 1 2 1 2)              87.738
9439       (1 0 1 2 1 1 1)              87.739
9440       (1 0 2 3 2 1 2)              87.738
9441       (1 0 2 3 1 1 1)              87.738
9442       (1 0 2 3 2 1 2)              87.739
9443       (0 0 1 2 1 1 1)              87.734
9444       (1 0 2 3 2 1 2)              87.732
9445       (1 0 2 3 2 1 2)              87.734
9446       (1 0 2 3 2 1 2)              87.733
9447       (1 0 3 1 2 1 2)              87.727
9448       (1 0 2 3 2 1 2)              87.725
9449       (1 0 1 2 1 1 1)              87.724
9450       (1 0 3 1 2 1 2)              87.725
9451       (1 0 4 5 2 2 2)              87.722
9452       (1 0 1 2 1 1 1)              87.723
9453       (1 0 0 0 2 2 1)              87.724
9454       (1 0 2 3 2 2 1)              87.724
9455       (1 0 3 1 2 1 2)              87.722
9456       (1 0 1 2 1 1 1)              87.724
9457       (1 0 1 2 1 2 1)              87.724
9458       (1 0 2 3 2 1 2)              87.725
9459       (1 0 2 3 2 1 2)              87.723
9460       (1 0 1 2 1 1 1)              87.724
9461       (1 0 2 3 2 1 2)              87.726
9462       (0 0 4 2 2 2 1)              87.721
9463       (0 0 4 5 2 2 1)              87.718
9464       (1 0 2 3 1 2 1)              87.719
9465       (1 0 1 2 1 1 1)              87.719
9466       (1 0 4 5 2 2 2)              87.716
9467       (1 0 2 3 2 1 2)              87.717
9468       (0 0 2 3 1 2 1)              87.715
9469       (1 0 1 2 1 1 1)              87.716
9470       (1 0 2 3 2 1 2)              87.716
9471       (1 0 3 1 2 1 2)              87.718
9472       (0 0 2 3 1 2 1)              87.713
9473       (1 0 1 2 1 1 1)              87.714
9474       (1 0 3 1 2 1 2)              87.715
9475       (1 0 2 3 2 1 2)              87.717
9476       (1 0 2 3 2 1 2)              87.718
9477       (0 0 4 6 0 0 1)              87.715
9478       (1 0 1 2 1 1 1)              87.716
9479       (1 0 2 3 2 1 2)              87.714
9480       (1 0 3 1 2 1 2)              87.716
9481       (0 0 1 2 1 1 1)              87.715
9482       (1 0 2 3 2 1 2)              87.717
9483       (0 0 4 5 2 2 1)              87.713
9484       (0 0 4 3 2 1 1)              87.709
9485       (1 0 3 1 2 1 2)              87.710
9486       (0 0 1 2 1 1 1)              87.704
9487       (1 0 2 3 2 1 2)              87.702
9488       (1 0 3 1 2 1 2)              87.703
9489       (1 0 2 3 2 1 2)              87.702
9490       (1 0 3 1 2 1 2)              87.697
9491       (1 0 2 3 2 1 2)              87.698
9492       (1 0 0 0 2 2 1)              87.700
9493       (1 0 1 2 1 2 1)              87.699
9494       (1 0 2 3 2 1 2)              87.701
9495       (0 0 1 2 1 1 1)              87.700
9496       (1 0 3 1 2 1 2)              87.699
9497       (1 0 2 3 1 2 1)              87.700
9498       (1 0 3 1 2 1 2)              87.698
9499       (1 0 3 1 2 1 2)              87.700
9500       (1 0 3 1 2 1 2)              87.695
9501       (1 0 2 3 2 1 2)              87.696
9502       (1 0 2 3 2 1 2)              87.697
9503       (1 0 2 3 2 1 2)              87.699
9504       (1 0 2 3 2 1 2)              87.700
9505       (1 0 2 3 2 1 2)              87.698
9506       (1 0 3 1 2 1 2)              87.700
9507       (1 0 3 1 2 1 2)              87.701
9508       (1 0 3 1 2 1 2)              87.701
9509       (1 0 3 1 2 1 2)              87.702
9510       (1 0 3 1 2 1 2)              87.703
9511       (1 0 3 1 2 1 2)              87.702
9512       (1 0 2 3 2 1 1)              87.698
9513       (1 0 1 2 1 1 1)              87.700
9514       (1 0 3 1 2 1 2)              87.695
9515       (1 0 2 3 2 1 2)              87.696
9516       (1 0 2 3 2 1 2)              87.697
9517       (1 0 2 3 2 1 2)              87.699
9518       (0 0 1 2 1 1 1)              87.694
9519       (1 0 2 3 2 1 1)              87.691
9520       (0 0 2 3 1 2 1)              87.689
9521       (1 0 3 1 2 1 2)              87.690
9522       (1 0 2 3 2 1 2)              87.692
9523       (1 0 0 0 2 2 1)              87.693
9524       (1 0 2 3 2 1 2)              87.691
9525       (1 0 3 1 2 1 2)              87.690
9526       (1 0 0 0 2 2 1)              87.691
9527       (1 0 2 3 2 1 2)              87.692
9528       (0 0 4 6 1 2 1)              87.687
9529       (1 0 1 2 1 1 1)              87.689
9530       (1 0 2 3 2 1 2)              87.690
9531       (1 0 2 3 2 1 2)              87.691
9532       (1 0 3 1 2 1 2)              87.693
9533       (1 0 2 3 2 1 2)              87.692
9534       (1 0 2 3 2 1 2)              87.694
9535       (1 0 3 1 2 1 2)              87.689
9536       (1 0 2 3 2 1 2)              87.690
9537       (1 0 2 3 2 1 2)              87.692
9538       (1 0 3 1 2 1 2)              87.693
9539       (1 0 3 1 2 1 2)              87.693
9540       (1 0 2 3 1 1 1)              87.694
9541       (1 0 3 1 2 1 2)              87.695
9542       (1 0 2 3 2 1 2)              87.697
9543       (1 0 1 2 1 1 1)              87.698
9544       (1 0 2 3 2 1 2)              87.699
9545       (1 0 2 3 2 1 2)              87.700
9546       (1 0 2 3 2 1 2)              87.697
9547       (1 0 3 1 2 1 2)              87.699
9548       (1 0 2 3 2 1 2)              87.700
9549       (0 0 1 2 1 1 1)              87.700
9550       (1 0 0 0 1 2 0)              87.701
9551       (1 0 3 1 2 1 2)              87.701
9552       (1 0 1 2 1 1 1)              87.702
9553       (1 0 2 3 2 1 2)              87.700
9554       (1 0 1 2 0 0 1)              87.702
9555       (1 0 2 3 2 1 2)              87.700
9556       (1 0 1 2 1 1 1)              87.701
9557       (0 0 4 6 1 2 1)              87.698
9558       (1 0 1 2 1 1 1)              87.699
9559       (1 0 3 1 2 1 2)              87.701
9560       (1 0 3 1 2 1 2)              87.696
9561       (1 0 0 0 1 2 0)              87.697
9562       (1 0 2 3 2 1 2)              87.698
9563       (1 0 1 2 1 1 1)              87.700
9564       (1 0 2 3 2 1 2)              87.698
9565       (1 0 1 2 1 2 1)              87.698
9566       (1 0 2 3 2 1 2)              87.699
9567       (1 0 3 1 2 1 2)              87.699
9568       (1 0 2 3 2 1 2)              87.700
9569       (1 0 3 1 2 1 2)              87.698
9570       (1 0 1 2 0 0 1)              87.697
9571       (1 0 3 1 2 1 2)              87.692
9572       (1 0 2 3 2 1 2)              87.693
9573       (1 0 3 1 2 1 2)              87.695
9574       (1 0 1 2 1 1 1)              87.696
9575       (1 0 2 3 2 1 2)              87.697
9576       (1 0 2 3 2 1 2)              87.698
9577       (1 0 2 3 1 2 1)              87.692
9578       (1 0 3 1 2 1 2)              87.694
9579       (1 0 2 3 2 1 2)              87.695
9580       (1 0 3 1 2 1 2)              87.696
9581       (1 0 3 1 1 1 1)              87.694
9582       (0 0 4 6 0 0 1)              87.690
9583       (1 0 2 3 1 2 1)              87.691
9584       (1 0 1 2 1 1 1)              87.692
9585       (1 0 1 2 1 1 1)              87.688
9586       (1 0 2 3 2 1 1)              87.687
9587       (1 0 2 3 2 1 2)              87.686
9588       (1 0 2 3 2 1 2)              87.687
9589       (1 0 2 3 2 1 2)              87.688
9590       (1 0 1 2 1 2 1)              87.688
9591       (1 0 2 3 2 1 2)              87.689
9592       (1 0 1 2 1 1 1)              87.691
9593       (1 0 2 3 2 1 2)              87.692
9594       (1 0 3 1 2 1 2)              87.693
9595       (1 0 3 1 2 1 2)              87.695
9596       (1 0 2 3 2 1 2)              87.696
9597       (1 0 3 1 2 1 2)              87.697
9598       (1 0 2 3 2 1 2)              87.698
9599       (1 0 4 5 2 2 2)              87.695
9600       (1 0 2 3 2 1 2)              87.694
9601       (1 0 2 3 2 1 2)              87.693
9602       (1 0 3 1 2 1 2)              87.695
9603       (1 0 1 2 1 1 1)              87.696
9604       (1 0 1 2 1 1 1)              87.697
9605       (0 0 4 6 1 2 1)              87.694
9606       (0 0 1 2 1 1 1)              87.694
9607       (1 0 2 3 2 1 2)              87.695
9608       (1 0 3 1 2 1 2)              87.696
9609       (1 0 2 3 2 1 2)              87.698
9610       (1 0 1 2 1 1 1)              87.699
9611       (1 0 1 2 2 2 1)              87.700
9612       (1 0 2 3 2 1 2)              87.698
9613       (1 0 2 3 2 1 2)              87.700
9614       (1 0 3 1 2 1 2)              87.698
9615       (1 0 1 2 1 2 1)              87.698
9616       (1 0 3 1 2 1 2)              87.696
9617       (1 0 2 3 2 1 2)              87.697
9618       (1 0 2 3 2 1 2)              87.699
9619       (1 0 1 2 1 1 1)              87.700
9620       (0 0 2 3 1 2 1)              87.695
9621       (1 0 2 3 2 1 2)              87.697
9622       (1 0 2 3 2 1 2)              87.698
9623       (1 0 1 2 1 1 1)              87.699
9624       (0 0 4 6 1 2 1)              87.692
9625       (1 0 1 2 1 1 1)              87.693
9626       (1 0 3 1 2 1 2)              87.694
9627       (1 0 1 2 1 2 1)              87.694
9628       (1 0 1 2 1 2 1)              87.692
9629       (1 0 2 3 2 2 1)              87.692
9630       (1 0 2 3 2 1 2)              87.693
9631       (1 0 3 1 2 1 2)              87.695
9632       (1 0 2 3 2 1 2)              87.696
9633       (1 0 1 2 1 2 1)              87.696
9634       (1 0 3 1 2 1 2)              87.697
9635       (1 0 2 3 2 1 2)              87.698
9636       (1 0 2 3 2 1 2)              87.699
9637       (0 0 1 2 1 1 1)              87.699
9638       (1 0 3 1 2 1 2)              87.695
9639       (1 0 2 3 2 1 2)              87.693
9640       (1 0 2 3 2 1 2)              87.694
9641       (1 0 2 3 2 1 2)              87.695
9642       (0 0 4 6 0 0 1)              87.689
9643       (1 0 3 1 2 1 2)              87.688
9644       (1 0 2 3 2 1 2)              87.689
9645       (1 0 2 3 2 1 2)              87.690
9646       (0 0 4 2 2 2 1)              87.686
9647       (1 0 2 3 2 1 2)              87.687
9648       (1 0 2 3 2 1 2)              87.687
9649       (0 0 4 6 0 0 1)              87.680
9650       (1 0 2 3 2 1 2)              87.679
9651       (1 0 0 0 0 1 1)              87.677
9652       (1 0 1 2 0 0 1)              87.678
9653       (1 0 2 3 2 1 2)              87.680
9654       (0 0 4 6 0 0 1)              87.675
9655       (1 0 2 3 2 1 2)              87.676
9656       (1 0 2 3 2 1 2)              87.678
9657       (1 0 2 3 1 2 1)              87.677
9658       (1 0 1 2 1 1 1)              87.679
9659       (1 0 2 3 2 1 2)              87.680
9660       (1 0 3 1 2 1 2)              87.680
9661       (1 0 1 2 1 1 1)              87.681
9662       (1 0 2 3 2 1 2)              87.679
9663       (1 0 2 3 2 1 2)              87.681
9664       (1 0 1 2 1 1 1)              87.679
9665       (1 0 2 3 1 2 1)              87.679
9666       (1 0 1 2 1 2 1)              87.677
9667       (1 0 1 2 1 1 1)              87.677
9668       (1 0 2 3 2 1 2)              87.678
9669       (0 0 2 3 1 2 1)              87.673
9670       (1 0 1 2 1 2 1)              87.670
9671       (1 0 3 1 2 1 2)              87.672
9672       (1 0 3 1 2 1 2)              87.671
9673       (1 0 2 3 2 1 2)              87.673
9674       (1 0 2 3 2 1 2)              87.671
9675       (0 0 4 6 0 0 1)              87.668
9676       (1 0 2 3 2 1 2)              87.666
9677       (1 0 1 2 1 1 1)              87.667
9678       (1 0 2 3 2 1 2)              87.669
9679       (1 0 2 3 2 1 2)              87.670
9680       (1 0 1 2 1 1 1)              87.671
9681       (1 0 3 1 1 1 1)              87.670
9682       (1 0 3 1 2 1 2)              87.666
9683       (1 0 2 3 2 1 2)              87.668
9684       (1 0 3 1 2 1 2)              87.669
9685       (1 0 1 2 1 1 1)              87.670
9686       (0 0 4 5 2 2 1)              87.667
9687       (1 0 2 3 2 1 2)              87.668
9688       (1 0 1 2 1 1 1)              87.668
9689       (1 0 1 2 1 1 1)              87.669
9690       (1 0 2 3 2 1 2)              87.671
9691       (1 0 2 3 2 1 2)              87.672
9692       (1 0 3 1 2 1 2)              87.673
9693       (1 0 1 2 1 1 1)              87.674
9694       (1 0 2 3 2 1 2)              87.676
9695       (1 0 2 3 2 1 2)              87.677
9696       (1 0 2 3 2 1 2)              87.678
9697       (1 0 3 1 2 1 2)              87.677
9698       (1 0 2 3 2 1 2)              87.676
9699       (1 0 2 3 2 1 2)              87.675
9700       (1 0 2 3 2 1 2)              87.676
9701       (1 0 3 1 2 1 2)              87.677
9702       (1 0 2 3 2 1 2)              87.677
9703       (1 0 1 2 1 2 1)              87.677
9704       (1 0 2 3 2 1 2)              87.678
9705       (1 0 2 3 2 1 2)              87.679
9706       (0 0 1 2 0 0 1)              87.679
9707       (1 0 2 3 1 2 1)              87.681
9708       (1 0 2 3 1 1 1)              87.682
9709       (1 0 3 1 2 1 2)              87.683
9710       (1 0 2 3 2 1 2)              87.684
9711       (1 0 2 3 2 1 2)              87.686
9712       (1 0 2 3 2 1 2)              87.687
9713       (1 0 3 1 2 1 2)              87.688
9714       (1 0 1 2 1 2 1)              87.688
9715       (1 0 2 3 2 1 2)              87.689
9716       (1 0 2 3 2 1 2)              87.690
9717       (1 0 2 3 2 1 2)              87.692
9718       (1 0 2 3 2 1 2)              87.693
9719       (1 0 1 2 1 1 1)              87.694
9720       (0 0 4 5 2 2 1)              87.688
9721       (1 0 2 3 2 1 2)              87.689
9722       (1 0 3 1 2 1 2)              87.691
9723       (1 0 2 3 2 1 2)              87.692
9724       (1 0 2 3 2 1 2)              87.690
9725       (1 0 2 3 2 1 2)              87.689
9726       (0 0 1 2 1 1 1)              87.688
9727       (1 0 3 1 2 1 2)              87.687
9728       (1 0 2 3 2 1 2)              87.688
9729       (1 0 2 3 2 1 2)              87.686
9730       (1 0 2 3 2 1 2)              87.688
9731       (1 0 2 3 2 1 2)              87.689
9732       (1 0 2 3 2 1 2)              87.689
9733       (1 0 2 3 1 2 1)              87.690
9734       (1 0 2 3 2 1 2)              87.691
9735       (1 0 2 3 2 1 1)              87.688
9736       (1 0 2 3 2 1 2)              87.686
9737       (1 0 1 2 1 1 1)              87.688
9738       (1 0 2 3 2 1 2)              87.689
9739       (1 0 2 3 2 1 2)              87.686
9740       (1 0 3 1 2 1 2)              87.687
9741       (1 0 1 2 1 1 1)              87.688
9742       (1 0 3 1 2 1 2)              87.690
9743       (1 0 1 2 1 1 1)              87.691
9744       (1 0 2 3 2 1 2)              87.692
9745       (1 0 2 3 2 1 2)              87.693
9746       (0 0 2 3 1 2 1)              87.689
9747       (1 0 3 1 2 1 2)              87.690
9748       (1 0 2 3 2 1 2)              87.691
9749       (1 0 2 3 2 1 2)              87.693
9750       (1 0 1 2 1 1 1)              87.694
9751       (1 0 1 2 1 1 1)              87.691
9752       (0 0 4 2 2 2 1)              87.686
9753       (1 0 1 2 1 1 1)              87.687
9754       (1 0 3 1 2 1 2)              87.689
9755       (1 0 2 3 2 1 1)              87.688
9756       (0 0 1 2 1 1 1)              87.688
9757       (1 0 1 2 1 1 1)              87.689
9758       (1 0 3 1 1 1 1)              87.691
9759       (1 0 2 3 2 1 2)              87.692
9760       (1 0 1 2 1 1 1)              87.693
9761       (1 0 1 2 1 1 1)              87.695
9762       (1 0 1 2 1 2 1)              87.694
9763       (1 0 1 2 1 1 1)              87.696
9764       (1 0 2 3 2 1 2)              87.697
9765       (1 0 3 1 2 1 2)              87.698
9766       (1 0 3 1 2 1 2)              87.699
9767       (1 0 3 1 2 1 2)              87.699
9768       (1 0 2 3 2 1 2)              87.700
9769       (1 0 2 3 2 1 2)              87.702
9770       (1 0 2 3 2 1 2)              87.700
9771       (1 0 2 3 2 1 2)              87.701
9772       (1 0 1 2 1 1 1)              87.703
9773       (1 0 2 3 1 2 1)              87.704
9774       (1 0 2 3 1 2 1)              87.705
9775       (1 0 2 3 2 1 2)              87.706
9776       (1 0 3 1 2 1 2)              87.708
9777       (1 0 1 2 1 2 1)              87.707
9778       (1 0 3 1 2 1 2)              87.709
9779       (1 0 3 1 2 1 2)              87.706
9780       (1 0 3 1 1 1 1)              87.707
9781       (1 0 1 2 1 2 1)              87.708
9782       (1 0 1 2 1 1 1)              87.709
9783       (1 0 2 3 1 1 1)              87.711
9784       (1 0 1 2 1 1 1)              87.712
9785       (1 0 3 1 2 1 2)              87.713
9786       (1 0 2 3 2 1 2)              87.714
9787       (1 0 2 3 2 1 2)              87.713
9788       (1 0 2 3 2 1 2)              87.714
9789       (1 0 2 3 2 1 2)              87.715
9790       (0 0 1 2 1 1 1)              87.712
9791       (1 0 3 1 2 1 2)              87.713
9792       (1 0 2 3 2 1 2)              87.715
9793       (1 0 2 3 2 1 2)              87.716
9794       (1 0 2 3 2 1 2)              87.717
9795       (1 0 2 3 2 1 2)              87.717
9796       (1 0 2 3 1 2 1)              87.718
9797       (1 0 2 3 2 1 2)              87.719
9798       (1 0 3 1 2 1 2)              87.715
9799       (1 0 1 2 1 1 1)              87.716
9800       (1 0 1 2 1 1 1)              87.716
9801       (1 0 2 3 2 1 2)              87.717
9802       (1 0 2 3 2 1 2)              87.718
9803       (1 0 2 3 2 1 2)              87.717
9804       (1 0 2 3 1 2 1)              87.718
9805       (1 0 3 1 2 1 2)              87.716
9806       (1 0 2 3 2 1 2)              87.718
9807       (1 0 3 1 2 1 2)              87.717
9808       (1 0 3 1 2 1 2)              87.719
9809       (1 0 2 3 2 1 2)              87.717
9810       (1 0 2 3 2 1 2)              87.718
9811       (1 0 3 1 2 1 2)              87.719
9812       (1 0 3 1 2 1 2)              87.719
9813       (1 0 1 2 1 1 1)              87.721
9814       (1 0 3 1 2 1 2)              87.716
9815       (1 0 1 2 1 2 1)              87.716
9816       (1 0 3 1 2 1 2)              87.716
9817       (1 0 1 2 1 2 1)              87.717
9818       (1 0 1 2 1 1 1)              87.718
9819       (1 0 3 1 2 1 2)              87.719
9820       (1 0 2 3 2 1 2)              87.721
9821       (1 0 3 1 2 1 2)              87.722
9822       (1 0 1 2 1 2 1)              87.716
9823       (1 0 3 1 2 1 2)              87.716
9824       (1 0 2 3 2 1 2)              87.717
9825       (1 0 1 2 1 2 1)              87.717
9826       (1 0 1 2 1 1 1)              87.718
9827       (1 0 3 1 2 1 2)              87.719
9828       (1 0 1 2 1 2 1)              87.719
9829       (1 0 3 1 2 1 2)              87.717
9830       (1 0 1 2 1 2 1)              87.717
9831       (1 0 2 3 1 1 1)              87.718
9832       (1 0 2 3 2 1 2)              87.720
9833       (1 0 2 3 2 1 2)              87.721
9834       (1 0 1 2 1 1 1)              87.722
9835       (1 0 2 3 2 1 2)              87.723
9836       (1 0 2 3 2 1 2)              87.725
9837       (1 0 2 3 2 1 2)              87.726
9838       (1 0 2 3 2 1 2)              87.727
9839       (1 0 2 3 2 1 2)              87.728
9840       (1 0 3 1 2 1 2)              87.727
9841       (1 0 2 3 2 1 2)              87.728
9842       (0 0 1 2 2 2 1)              87.725
9843       (1 0 2 3 2 1 2)              87.726
9844       (1 0 2 3 2 1 2)              87.727
9845       (1 0 2 3 2 1 2)              87.729
9846       (1 0 2 3 2 1 2)              87.730
9847       (1 0 3 1 2 1 2)              87.725
9848       (1 0 1 2 1 1 1)              87.726
9849       (1 0 2 3 2 1 2)              87.728
9850       (0 0 1 2 1 1 1)              87.723
9851       (1 0 3 1 2 1 2)              87.720
9852       (1 0 3 1 2 1 2)              87.721
9853       (1 0 3 1 2 1 2)              87.721
9854       (1 0 2 3 2 1 2)              87.721
9855       (1 0 2 3 2 1 2)              87.722
9856       (1 0 2 3 2 1 2)              87.723
9857       (1 0 3 1 2 1 2)              87.722
9858       (1 0 2 3 2 1 2)              87.720
9859       (1 0 3 1 2 1 2)              87.720
9860       (1 0 3 1 2 1 2)              87.718
9861       (1 0 2 3 2 1 2)              87.715
9862       (1 0 3 1 2 1 2)              87.716
9863       (1 0 2 3 2 1 2)              87.715
9864       (1 0 3 1 2 1 2)              87.716
9865       (1 0 3 1 2 1 2)              87.717
9866       (1 0 2 3 2 1 2)              87.717
9867       (1 0 2 3 2 1 2)              87.718
9868       (1 0 2 3 2 1 2)              87.718
9869       (1 0 2 3 2 1 2)              87.718
9870       (1 0 2 3 2 1 2)              87.719
9871       (1 0 1 2 1 1 1)              87.720
9872       (1 0 1 2 1 1 1)              87.722
9873       (1 0 2 3 2 1 2)              87.723
9874       (1 0 2 3 2 1 2)              87.724
9875       (1 0 3 1 1 1 1)              87.725
9876       (0 0 4 3 2 1 1)              87.719
9877       (1 0 1 2 1 1 1)              87.721
9878       (1 0 3 1 2 1 2)              87.722
9879       (1 0 2 3 2 1 2)              87.723
9880       (1 0 1 2 1 2 1)              87.724
9881       (1 0 3 1 2 1 2)              87.724
9882       (0 0 0 4 1 2 0)              87.720
9883       (1 0 2 3 2 1 2)              87.721
9884       (0 0 4 6 1 1 1)              87.718
9885       (1 0 3 1 2 1 2)              87.717
9886       (1 0 1 2 1 1 1)              87.719
9887       (1 0 2 3 2 1 2)              87.716
9888       (1 0 1 2 1 2 1)              87.715
9889       (1 0 2 3 2 1 2)              87.715
9890       (1 0 1 2 1 1 1)              87.716
9891       (1 0 0 0 2 2 1)              87.712
9892       (0 0 4 6 1 2 1)              87.707
9893       (1 0 1 2 2 2 1)              87.706
9894       (1 0 2 3 2 1 2)              87.707
9895       (1 0 1 2 1 1 1)              87.708
9896       (1 0 2 3 2 1 2)              87.707
9897       (1 0 3 1 2 1 2)              87.708
9898       (1 0 1 2 1 1 1)              87.703
9899       (1 0 1 2 1 2 1)              87.703
9900       (1 0 2 3 2 1 2)              87.701
9901       (1 0 1 2 1 1 1)              87.703
9902       (1 0 2 3 2 1 2)              87.704
9903       (1 0 2 3 2 1 2)              87.705
9904       (1 0 2 3 2 1 2)              87.703
9905       (1 0 1 2 1 1 1)              87.705
9906       (1 0 2 3 2 1 2)              87.706
9907       (1 0 2 3 2 1 2)              87.707
9908       (0 0 2 3 1 2 1)              87.703
9909       (1 0 3 1 2 1 2)              87.702
9910       (1 0 1 2 1 1 1)              87.704
9911       (1 0 2 3 2 1 2)              87.705
9912       (1 0 0 0 2 2 1)              87.706
9913       (1 0 1 2 1 1 1)              87.707
9914       (1 0 3 1 2 1 2)              87.709
9915       (1 0 3 1 2 1 2)              87.710
9916       (1 0 1 2 1 1 1)              87.711
9917       (1 0 2 3 2 1 2)              87.712
9918       (1 0 2 3 2 1 2)              87.714
9919       (1 0 1 2 1 2 1)              87.713
9920       (1 0 2 3 2 1 2)              87.712
9921       (0 0 1 2 1 2 1)              87.710
9922       (1 0 2 3 2 1 2)              87.709
9923       (1 0 2 3 2 1 2)              87.710
9924       (1 0 3 1 2 1 2)              87.708
9925       (1 0 3 1 2 1 2)              87.708
9926       (1 0 2 3 2 1 2)              87.709
9927       (1 0 1 2 1 1 1)              87.710
9928       (1 0 2 3 2 1 2)              87.710
9929       (1 0 1 2 1 1 1)              87.711
9930       (1 0 3 1 2 1 2)              87.713
9931       (1 0 2 3 2 1 2)              87.714
9932       (1 0 2 3 2 1 2)              87.715
9933       (1 0 1 2 1 2 1)              87.715
9934       (1 0 2 3 2 1 1)              87.715
9935       (1 0 1 2 1 2 1)              87.715
9936       (0 0 1 2 0 0 1)              87.709
9937       (1 0 2 3 2 1 2)              87.710
9938       (1 0 2 3 1 2 1)              87.710
9939       (1 0 2 3 2 1 2)              87.707
9940       (1 0 1 2 1 2 1)              87.706
9941       (1 0 2 3 2 1 2)              87.703
9942       (1 0 2 3 2 1 2)              87.704
9943       (0 0 4 2 1 1 1)              87.703
9944       (1 0 1 2 1 1 1)              87.704
9945       (1 0 3 1 2 1 2)              87.705
9946       (1 0 3 1 2 1 2)              87.707
9947       (1 0 1 2 1 1 1)              87.708
9948       (1 0 2 3 1 2 1)              87.709
9949       (1 0 1 2 1 1 1)              87.710
9950       (1 0 0 0 1 2 0)              87.712
9951       (1 0 3 1 2 1 2)              87.713
9952       (1 0 1 2 1 1 1)              87.714
9953       (1 0 3 1 2 1 2)              87.715
9954       (1 0 3 1 2 1 2)              87.715
9955       (1 0 2 3 2 1 2)              87.716
9956       (1 0 2 3 2 1 2)              87.718
9957       (1 0 2 3 2 1 2)              87.719
9958       (1 0 3 1 2 1 2)              87.719
9959       (1 0 2 3 2 1 2)              87.720
9960       (1 0 3 1 2 1 2)              87.720
9961       (1 0 2 3 2 1 2)              87.718
9962       (1 0 2 3 2 1 2)              87.712
9963       (1 0 3 1 2 1 2)              87.713
9964       (1 0 2 3 2 1 2)              87.714
9965       (1 0 2 3 2 1 2)              87.716
9966       (1 0 1 2 1 1 1)              87.717
9967       (1 0 3 1 1 1 1)              87.717
9968       (0 0 4 6 0 0 1)              87.714
9969       (1 0 2 3 2 1 2)              87.712
9970       (1 0 2 3 2 1 2)              87.713
9971       (1 0 1 2 1 1 1)              87.714
9972       (1 0 2 3 2 1 2)              87.716
9973       (1 0 2 3 2 1 2)              87.717
9974       (1 0 2 3 2 1 2)              87.718
9975       (1 0 2 3 2 1 2)              87.719
9976       (1 0 3 1 2 1 2)              87.721
9977       (1 0 3 1 2 1 2)              87.722
9978       (1 0 1 2 1 1 1)              87.723
9979       (0 0 4 2 1 1 1)              87.721
9980       (1 0 3 1 2 1 2)              87.723
9981       (1 0 1 2 1 2 1)              87.724
9982       (1 0 2 3 2 1 2)              87.725
9983       (1 0 3 1 2 1 2)              87.726
9984       (1 0 2 3 2 1 2)              87.725
9985       (0 0 1 2 1 1 1)              87.725
9986       (1 0 1 2 1 2 1)              87.724
9987       (1 0 2 3 2 1 2)              87.726
9988       (1 0 2 3 2 1 2)              87.727
9989       (1 0 1 2 1 1 1)              87.728
9990       (1 0 2 3 2 1 2)              87.729
9991       (1 0 2 3 2 1 2)              87.731
9992       (1 0 3 1 2 1 2)              87.732
9993       (1 0 3 1 2 1 2)              87.733
9994       (1 0 2 3 2 1 2)              87.734
9995       (1 0 3 1 2 1 2)              87.735
9996       (1 0 2 3 2 1 2)              87.737
9997       (1 0 3 1 2 1 2)              87.734
9998       (1 0 3 1 2 1 2)              87.732
9999       (1 0 1 2 1 1 1)              87.730
10000      (1 0 3 1 2 1 2)              87.732
10001      (1 0 3 1 2 1 2)              87.730
10002      (1 0 2 3 2 1 2)              87.728
10003      (1 0 2 3 2 1 2)              87.730
10004      (1 0 2 3 2 1 2)              87.731
10005      (1 0 2 3 2 1 2)              87.732
10006      (1 0 2 3 1 2 1)              87.729
10007      (0 0 4 6 1 2 1)              87.724
10008      (1 0 2 3 2 1 2)              87.726
10009      (1 0 1 2 1 1 1)              87.727
10010      (1 0 1 2 1 1 1)              87.728
10011      (1 0 3 1 2 1 2)              87.726
10012      (0 0 1 2 1 1 1)              87.726
10013      (1 0 2 3 2 1 1)              87.722
10014      (1 0 3 1 1 1 1)              87.717
10015      (1 0 1 2 1 2 1)              87.716
10016      (1 0 3 1 2 1 2)              87.717
10017      (1 0 1 2 1 1 1)              87.718
10018      (1 0 2 3 1 2 1)              87.719
10019      (1 0 1 2 1 2 1)              87.715
10020      (1 0 2 3 2 1 2)              87.715
10021      (1 0 2 3 2 1 2)              87.716
10022      (1 0 2 3 2 1 2)              87.717
10023      (1 0 2 3 2 1 2)              87.718
10024      (1 0 2 3 2 1 2)              87.717
10025      (1 0 3 1 2 1 2)              87.718
10026      (1 0 1 2 1 2 1)              87.718
10027      (1 0 2 3 2 1 2)              87.718
10028      (1 0 2 3 2 1 2)              87.719
10029      (1 0 3 1 2 1 2)              87.720
10030      (1 0 2 3 2 1 2)              87.720
10031      (1 0 3 1 1 1 1)              87.718
10032      (1 0 1 2 1 1 1)              87.715
10033      (1 0 1 2 1 1 1)              87.716
10034      (1 0 1 2 1 1 1)              87.718
10035      (1 0 2 3 2 1 2)              87.719
10036      (1 0 3 1 2 1 2)              87.720
10037      (1 0 2 3 2 1 2)              87.721
10038      (1 0 3 1 2 1 2)              87.717
10039      (1 0 2 3 2 1 2)              87.715
10040      (1 0 2 3 2 1 2)              87.714
10041      (1 0 0 0 1 2 0)              87.715
10042      (1 0 3 1 2 1 2)              87.716
10043      (1 0 2 3 2 1 2)              87.717
10044      (1 0 2 3 2 1 2)              87.717
10045      (1 0 2 3 2 1 2)              87.717
10046      (1 0 2 3 2 1 2)              87.718
10047      (1 0 2 3 2 1 2)              87.719
10048      (1 0 0 0 1 2 0)              87.720
10049      (1 0 2 3 1 1 1)              87.720
10050      (1 0 2 3 2 1 2)              87.722
10051      (1 0 2 3 2 1 2)              87.723
10052      (1 0 2 3 2 1 2)              87.724
10053      (1 0 2 3 2 1 2)              87.725
10054      (1 0 2 3 2 1 2)              87.725
10055      (1 0 2 3 2 1 2)              87.726
10056      (1 0 2 3 2 1 2)              87.727
10057      (1 0 2 3 1 2 1)              87.729
10058      (1 0 1 2 1 2 1)              87.726
10059      (1 0 1 2 1 1 1)              87.727
10060      (1 0 2 3 2 1 2)              87.728
10061      (1 0 3 1 2 1 2)              87.728
10062      (1 0 2 3 2 1 2)              87.726
10063      (1 0 3 1 2 1 2)              87.727
10064      (1 0 2 3 2 1 2)              87.729
10065      (1 0 3 1 2 1 2)              87.730
10066      (0 0 1 2 1 1 1)              87.730
10067      (1 0 2 3 1 2 1)              87.731
10068      (1 0 1 2 1 2 1)              87.728
10069      (1 0 2 3 2 1 2)              87.728
10070      (1 0 3 1 2 1 2)              87.729
10071      (1 0 2 3 1 2 0)              87.730
10072      (1 0 3 1 2 1 2)              87.730
10073      (1 0 1 2 1 1 1)              87.731
10074      (1 0 2 3 2 1 2)              87.731
10075      (1 0 3 1 2 1 2)              87.729
10076      (1 0 3 1 2 1 2)              87.729
10077      (0 0 1 2 1 1 1)              87.727
10078      (1 0 2 3 2 1 2)              87.729
10079      (1 0 3 1 2 1 2)              87.730
10080      (1 0 1 2 1 1 1)              87.731
10081      (1 0 1 2 1 1 1)              87.732
10082      (1 0 2 3 2 1 2)              87.734
10083      (1 0 3 1 2 1 2)              87.735
10084      (1 0 2 3 2 1 2)              87.736
10085      (1 0 3 1 2 1 2)              87.737
10086      (1 0 2 3 2 1 2)              87.738
10087      (1 0 2 3 2 1 2)              87.740
10088      (1 0 2 3 2 1 2)              87.739
10089      (1 0 1 2 1 1 1)              87.741
10090      (1 0 2 3 1 1 1)              87.742
10091      (1 0 2 3 2 1 2)              87.743
10092      (1 0 2 3 2 1 2)              87.742
10093      (1 0 2 3 2 1 2)              87.743
10094      (0 0 1 2 0 0 1)              87.743
10095      (1 0 1 2 1 1 1)              87.744
10096      (1 0 3 1 2 1 2)              87.745
10097      (1 0 2 3 2 1 2)              87.746
10098      (1 0 1 2 1 1 1)              87.747
10099      (1 0 2 3 1 2 1)              87.749
10100      (1 0 2 3 1 2 1)              87.750
10101      (1 0 2 3 2 1 2)              87.750
10102      (1 0 2 3 2 1 2)              87.751
10103      (1 0 3 1 2 1 2)              87.752
10104      (1 0 3 1 2 1 2)              87.746
10105      (1 0 3 1 2 1 2)              87.747
10106      (1 0 2 3 2 1 2)              87.749
10107      (0 0 1 2 1 1 1)              87.748
10108      (1 0 2 3 2 1 2)              87.750
10109      (1 0 1 2 1 2 1)              87.748
10110      (1 0 3 1 2 1 2)              87.749
10111      (0 0 1 2 1 1 1)              87.749
10112      (1 0 3 1 2 1 2)              87.750
10113      (1 0 2 3 2 1 2)              87.749
10114      (1 0 1 2 1 2 1)              87.746
10115      (1 0 1 2 0 0 1)              87.744
10116      (1 0 3 1 2 1 2)              87.745
10117      (1 0 1 2 1 1 1)              87.746
10118      (1 0 2 3 2 1 2)              87.748
10119      (1 0 2 3 2 1 2)              87.749
10120      (1 0 3 1 2 1 2)              87.747
10121      (1 0 2 3 1 2 1)              87.747
10122      (1 0 1 2 1 1 1)              87.748
10123      (1 0 2 3 2 1 2)              87.749
10124      (1 0 2 3 2 1 2)              87.748
10125      (1 0 3 1 2 1 2)              87.746
10126      (1 0 1 2 1 1 1)              87.747
10127      (0 0 2 3 1 2 1)              87.743
10128      (1 0 3 1 2 1 2)              87.744
10129      (1 0 2 3 2 1 2)              87.745
10130      (1 0 1 2 1 1 1)              87.747
10131      (1 0 2 3 2 1 2)              87.748
10132      (1 0 1 2 1 1 1)              87.749
10133      (1 0 2 3 2 1 2)              87.749
10134      (1 0 1 2 1 1 1)              87.750
10135      (1 0 1 2 1 1 1)              87.751
10136      (1 0 3 1 2 1 2)              87.751
10137      (1 0 2 3 2 1 2)              87.749
10138      (1 0 1 2 1 1 1)              87.751
10139      (1 0 1 2 1 1 1)              87.752
10140      (1 0 3 1 2 1 2)              87.753
10141      (1 0 2 3 2 1 2)              87.754
10142      (1 0 2 3 2 1 2)              87.756
10143      (1 0 1 2 1 2 1)              87.754
10144      (1 0 2 3 2 1 2)              87.755
10145      (1 0 3 1 2 1 2)              87.753
10146      (1 0 2 3 2 1 2)              87.755
10147      (1 0 2 3 2 1 2)              87.756
10148      (1 0 2 3 1 2 1)              87.757
10149      (1 0 3 1 2 1 2)              87.758
10150      (1 0 2 3 2 1 2)              87.760
10151      (1 0 2 3 2 1 2)              87.761
10152      (1 0 3 1 2 1 2)              87.762
10153      (1 0 3 1 2 1 2)              87.758
10154      (1 0 2 3 2 1 2)              87.759
10155      (1 0 1 2 2 2 1)              87.759
10156      (1 0 1 2 1 1 1)              87.758
10157      (1 0 3 1 2 1 2)              87.760
10158      (1 0 1 2 1 1 1)              87.761
10159      (1 0 2 3 2 1 2)              87.762
10160      (1 0 3 1 2 1 2)              87.760
10161      (1 0 1 2 1 1 1)              87.762
10162      (1 0 1 2 1 1 1)              87.763
10163      (1 0 2 3 2 1 2)              87.764
10164      (1 0 1 2 1 2 1)              87.762
10165      (1 0 2 3 2 1 2)              87.764
10166      (1 0 2 3 2 1 2)              87.765
10167      (1 0 2 3 2 1 2)              87.766
10168      (1 0 2 3 2 1 2)              87.764
10169      (1 0 3 1 2 1 2)              87.766
10170      (1 0 3 1 2 1 2)              87.767
10171      (1 0 3 1 2 1 2)              87.768
10172      (1 0 2 3 2 1 2)              87.769
10173      (0 0 1 2 2 2 1)              87.766
10174      (1 0 2 3 2 1 2)              87.765
10175      (1 0 1 2 1 1 1)              87.762
10176      (1 0 3 1 2 1 2)              87.761
10177      (1 0 1 2 1 2 1)              87.761
10178      (1 0 2 3 2 1 2)              87.762
10179      (1 0 2 3 2 1 2)              87.764
10180      (1 0 1 2 1 1 1)              87.765
10181      (1 0 3 1 2 1 2)              87.766
10182      (1 0 2 3 1 2 1)              87.767
10183      (1 0 2 3 1 2 1)              87.767
10184      (1 0 3 1 2 1 2)              87.764
10185      (1 0 3 1 2 1 2)              87.765
10186      (1 0 3 1 2 1 2)              87.766
10187      (1 0 2 3 2 1 2)              87.768
10188      (1 0 2 3 2 1 1)              87.767
10189      (1 0 3 1 2 1 2)              87.769
10190      (1 0 1 2 1 2 1)              87.768
10191      (1 0 2 3 2 1 2)              87.770
10192      (1 0 3 1 2 1 2)              87.771
10193      (1 0 2 3 2 1 2)              87.772
10194      (1 0 2 3 2 1 2)              87.773
10195      (1 0 2 3 2 1 2)              87.773
10196      (1 0 3 1 2 1 2)              87.774
10197      (1 0 2 3 2 1 2)              87.771
10198      (1 0 2 3 2 1 2)              87.768
10199      (1 0 3 1 2 1 2)              87.767
10200      (1 0 3 1 2 1 2)              87.768
10201      (1 0 1 2 1 1 1)              87.769
10202      (1 0 1 2 1 1 1)              87.770
10203      (1 0 1 2 1 0 1)              87.767
10204      (1 0 2 3 2 1 2)              87.768
10205      (1 0 1 2 1 1 1)              87.770
10206      (1 0 2 3 2 1 2)              87.771
10207      (1 0 0 0 1 2 0)              87.772
10208      (1 0 3 1 2 1 2)              87.773
10209      (1 0 3 1 2 1 2)              87.774
10210      (1 0 3 1 2 1 2)              87.776
10211      (1 0 1 2 1 1 1)              87.777
10212      (0 0 4 2 1 1 1)              87.774
10213      (1 0 2 3 2 1 2)              87.771
10214      (1 0 3 1 2 1 2)              87.772
10215      (1 0 2 3 1 2 1)              87.773
10216      (1 0 0 0 2 2 1)              87.774
10217      (1 0 2 3 2 1 2)              87.776
10218      (1 0 2 3 2 1 2)              87.775
10219      (1 0 1 2 1 1 1)              87.777
10220      (1 0 1 2 1 1 1)              87.778
10221      (1 0 1 2 1 1 1)              87.779
10222      (1 0 3 1 2 1 2)              87.777
10223      (1 0 1 2 1 1 1)              87.779
10224      (0 0 3 1 1 1 0)              87.777
10225      (1 0 3 1 2 1 2)              87.773
10226      (1 0 2 3 2 1 2)              87.774
10227      (1 0 3 1 2 1 2)              87.775
10228      (1 0 3 1 2 1 2)              87.776
10229      (1 0 2 3 2 1 2)              87.777
10230      (1 0 3 1 2 1 2)              87.778
10231      (1 0 2 3 2 1 2)              87.780
10232      (1 0 2 3 2 1 2)              87.778
10233      (1 0 1 2 1 1 1)              87.779
10234      (0 0 4 6 1 2 1)              87.776
10235      (0 0 4 3 1 1 1)              87.772
10236      (1 0 3 1 2 1 2)              87.773
10237      (1 0 2 3 2 1 2)              87.774
10238      (1 0 2 3 1 1 1)              87.774
10239      (1 0 3 1 1 1 1)              87.775
10240      (1 0 2 3 2 1 2)              87.774
10241      (1 0 1 2 1 1 1)              87.775
10242      (1 0 2 3 2 1 2)              87.773
10243      (1 0 3 1 2 1 2)              87.769
10244      (1 0 1 2 1 1 1)              87.770
10245      (1 0 2 3 2 1 2)              87.771
10246      (1 0 3 1 2 1 2)              87.772
10247      (1 0 2 3 1 2 1)              87.774
10248      (1 0 2 3 2 1 2)              87.773
10249      (1 0 2 3 2 1 2)              87.775
10250      (1 0 3 1 2 1 2)              87.773
10251      (1 0 2 3 2 1 2)              87.774
10252      (1 0 2 3 2 1 2)              87.773
10253      (1 0 1 2 1 2 1)              87.771
10254      (1 0 2 3 2 1 2)              87.772
10255      (1 0 2 3 2 1 2)              87.773
10256      (1 0 2 3 2 1 2)              87.775
10257      (1 0 3 1 2 1 2)              87.776
10258      (1 0 1 2 1 1 1)              87.777
10259      (1 0 3 1 2 1 2)              87.775
10260      (1 0 3 1 2 1 2)              87.775
10261      (1 0 2 3 2 1 2)              87.776
10262      (1 0 2 3 2 1 2)              87.778
10263      (1 0 3 1 2 1 2)              87.777
10264      (1 0 2 3 2 1 2)              87.776
10265      (1 0 3 1 2 1 2)              87.777
10266      (1 0 3 1 2 1 2)              87.778
10267      (1 0 2 3 2 1 2)              87.778
10268      (1 0 2 3 1 2 1)              87.775
10269      (1 0 2 3 2 1 2)              87.776
10270      (1 0 3 1 2 1 2)              87.777
10271      (1 0 1 2 1 2 1)              87.777
10272      (1 0 2 3 2 1 2)              87.777
10273      (1 0 3 1 2 1 2)              87.778
10274      (1 0 2 3 2 1 2)              87.779
10275      (1 0 1 2 1 1 1)              87.781
10276      (1 0 3 1 2 1 2)              87.782
10277      (1 0 2 3 2 1 2)              87.779
10278      (1 0 2 3 2 1 2)              87.780
10279      (1 0 1 2 1 1 1)              87.781
10280      (1 0 3 1 2 1 2)              87.780
10281      (1 0 2 3 2 1 2)              87.781
10282      (1 0 3 1 2 1 2)              87.782
10283      (1 0 1 2 1 1 1)              87.783
10284      (1 0 0 0 1 2 0)              87.784
10285      (1 0 4 5 2 2 2)              87.781
10286      (1 0 2 3 2 1 2)              87.780
10287      (1 0 2 3 2 1 2)              87.781
10288      (1 0 2 3 2 1 2)              87.782
10289      (1 0 1 2 1 2 1)              87.782
10290      (1 0 3 1 2 1 2)              87.783
10291      (1 0 3 1 2 1 2)              87.782
10292      (1 0 2 3 2 1 2)              87.783
10293      (1 0 3 1 2 1 2)              87.783
10294      (1 0 2 3 2 1 2)              87.784
10295      (1 0 2 3 2 1 2)              87.785
10296      (1 0 3 1 2 1 2)              87.783
10297      (1 0 1 2 1 1 1)              87.784
10298      (0 0 1 2 1 1 1)              87.784
10299      (1 0 2 3 1 2 1)              87.784
10300      (1 0 2 3 2 1 2)              87.785
10301      (1 0 2 3 2 1 2)              87.786
10302      (1 0 3 1 2 1 2)              87.788
10303      (1 0 1 2 1 1 1)              87.789
10304      (1 0 1 2 1 2 1)              87.789
10305      (1 0 2 3 2 1 2)              87.788
10306      (1 0 2 3 2 1 2)              87.788
10307      (1 0 2 3 2 1 2)              87.789
10308      (1 0 2 3 2 1 2)              87.788
10309      (1 0 3 1 2 1 2)              87.789
10310      (1 0 2 3 2 1 2)              87.790
10311      (1 0 3 1 2 1 2)              87.791
10312      (1 0 3 1 2 1 2)              87.790
10313      (1 0 2 3 2 1 2)              87.791
10314      (1 0 3 1 2 1 2)              87.789
10315      (1 0 3 1 1 1 1)              87.791
10316      (1 0 2 3 2 1 2)              87.789
10317      (1 0 1 2 1 2 1)              87.790
10318      (1 0 1 2 1 1 1)              87.791
10319      (1 0 1 2 1 1 1)              87.793
10320      (1 0 2 3 2 1 2)              87.794
10321      (1 0 1 2 1 1 1)              87.795
10322      (1 0 2 3 2 1 2)              87.793
10323      (1 0 2 3 2 1 2)              87.795
10324      (0 0 1 2 0 0 1)              87.792
10325      (1 0 0 0 2 2 1)              87.793
10326      (0 0 1 2 1 1 1)              87.788
10327      (1 0 2 3 1 2 1)              87.788
10328      (1 0 2 3 2 1 2)              87.787
10329      (1 0 2 3 2 1 2)              87.788
10330      (1 0 2 3 2 1 2)              87.789
10331      (1 0 2 3 2 1 2)              87.787
10332      (1 0 2 3 2 1 2)              87.789
10333      (1 0 1 2 1 1 1)              87.790
10334      (1 0 3 1 2 1 2)              87.787
10335      (1 0 3 1 2 1 2)              87.785
10336      (1 0 2 3 2 1 2)              87.786
10337      (1 0 1 2 1 1 1)              87.788
10338      (1 0 2 3 2 1 2)              87.789
10339      (1 0 2 3 2 1 2)              87.790
10340      (1 0 1 2 1 2 1)              87.790
10341      (1 0 2 3 2 1 2)              87.787
10342      (1 0 2 3 2 1 2)              87.788
10343      (1 0 2 3 2 1 2)              87.789
10344      (1 0 3 1 2 1 2)              87.788
10345      (1 0 3 1 2 1 2)              87.789
10346      (1 0 1 2 1 2 1)              87.789
10347      (1 0 2 3 2 1 2)              87.787
10348      (1 0 3 1 2 1 2)              87.785
10349      (0 0 4 5 2 2 1)              87.782
10350      (1 0 1 2 1 2 1)              87.784
10351      (1 0 2 3 2 1 2)              87.785
10352      (1 0 1 2 1 1 1)              87.785
10353      (1 0 2 3 2 1 2)              87.786
10354      (1 0 3 1 2 1 2)              87.781
10355      (1 0 3 1 2 1 2)              87.783
10356      (1 0 2 3 2 1 2)              87.784
10357      (1 0 1 2 1 1 1)              87.785
10358      (1 0 2 3 2 1 2)              87.786
10359      (1 0 3 1 2 1 2)              87.785
10360      (1 0 1 2 1 1 1)              87.786
10361      (1 0 1 2 1 1 1)              87.787
10362      (1 0 1 2 1 1 1)              87.788
10363      (1 0 2 3 2 1 2)              87.789
10364      (1 0 3 1 2 1 2)              87.785
10365      (1 0 3 1 2 1 2)              87.786
10366      (1 0 2 3 2 1 2)              87.787
10367      (1 0 2 3 2 1 2)              87.786
10368      (1 0 2 3 2 1 2)              87.787
10369      (1 0 2 3 2 1 2)              87.788
10370      (1 0 3 1 2 1 2)              87.789
10371      (1 0 2 3 2 1 2)              87.790
10372      (1 0 3 1 2 1 1)              87.790
10373      (1 0 3 1 1 1 1)              87.789
10374      (1 0 2 3 2 1 2)              87.790
10375      (0 0 4 3 2 1 1)              87.785
10376      (1 0 3 1 2 1 2)              87.781
10377      (1 0 2 3 2 1 2)              87.780
10378      (1 0 3 1 2 1 2)              87.778
10379      (1 0 1 2 1 1 1)              87.775
10380      (1 0 3 1 1 1 1)              87.776
10381      (1 0 2 3 2 1 2)              87.777
10382      (1 0 2 3 2 1 2)              87.776
10383      (1 0 1 2 1 1 1)              87.777
10384      (1 0 2 3 2 1 2)              87.774
10385      (1 0 3 1 1 1 1)              87.775
10386      (1 0 3 1 2 1 2)              87.774
10387      (1 0 2 3 2 1 2)              87.775
10388      (1 0 2 3 2 1 2)              87.776
10389      (1 0 2 3 2 1 2)              87.776
10390      (1 0 3 1 2 1 2)              87.777
10391      (1 0 2 3 2 1 2)              87.778
10392      (1 0 2 3 2 1 2)              87.779
10393      (1 0 1 2 1 1 1)              87.780
10394      (1 0 2 3 2 1 2)              87.782
10395      (1 0 3 1 2 1 2)              87.780
10396      (1 0 3 1 2 1 2)              87.781
10397      (1 0 2 3 2 1 2)              87.782
10398      (1 0 3 1 2 1 2)              87.784
10399      (1 0 1 2 1 1 1)              87.778
10400      (1 0 2 3 2 1 2)              87.779
10401      (1 0 2 3 2 1 2)              87.778
10402      (1 0 2 3 2 1 2)              87.779
10403      (1 0 3 1 2 1 2)              87.780
10404      (1 0 2 3 2 1 2)              87.781
10405      (1 0 2 3 2 1 2)              87.782
10406      (1 0 2 3 2 1 2)              87.783
10407      (1 0 3 1 2 1 2)              87.783
10408      (1 0 2 3 2 1 2)              87.784
10409      (1 0 3 1 2 1 2)              87.786
10410      (0 0 1 2 1 1 1)              87.781
10411      (1 0 2 3 2 1 2)              87.782
10412      (1 0 2 3 2 1 2)              87.784
10413      (1 0 2 3 2 1 2)              87.785
10414      (1 0 3 1 2 1 2)              87.786
10415      (1 0 2 3 2 1 2)              87.787
10416      (1 0 1 2 1 1 1)              87.788
10417      (1 0 2 3 2 1 2)              87.789
10418      (1 0 1 2 1 1 1)              87.791
10419      (1 0 1 2 1 1 1)              87.792
10420      (1 0 2 3 2 1 2)              87.793
10421      (1 0 2 3 2 1 2)              87.794
10422      (1 0 2 3 2 1 2)              87.795
10423      (1 0 2 3 2 1 2)              87.794
10424      (1 0 3 1 2 1 2)              87.792
10425      (1 0 3 1 2 1 2)              87.791
10426      (1 0 2 3 2 1 2)              87.792
10427      (1 0 2 3 1 2 1)              87.787
10428      (1 0 2 3 2 1 2)              87.789
10429      (1 0 2 3 2 1 2)              87.790
10430      (1 0 2 3 2 1 2)              87.791
10431      (1 0 0 0 2 2 1)              87.792
10432      (1 0 3 1 2 1 2)              87.788
10433      (1 0 2 3 2 1 2)              87.789
10434      (1 0 2 3 2 1 2)              87.789
10435      (1 0 2 3 2 1 2)              87.790
10436      (1 0 3 1 2 1 2)              87.791
10437      (1 0 2 3 2 1 2)              87.790
10438      (1 0 1 2 1 1 1)              87.791
10439      (1 0 2 3 2 1 2)              87.792
10440      (1 0 3 1 2 1 2)              87.793
10441      (1 0 2 3 2 1 2)              87.794
10442      (1 0 1 2 1 1 1)              87.795
10443      (1 0 3 1 2 1 2)              87.794
10444      (1 0 2 3 2 1 2)              87.795
10445      (1 0 2 3 2 1 2)              87.795
10446      (1 0 1 2 1 2 1)              87.789
10447      (1 0 2 3 2 1 2)              87.790
10448      (1 0 2 3 2 1 2)              87.792
10449      (1 0 2 3 2 1 2)              87.790
10450      (1 0 3 1 2 1 2)              87.791
10451      (1 0 2 3 2 1 2)              87.792
10452      (1 0 2 3 2 1 2)              87.789
10453      (0 0 1 2 1 1 1)              87.786
10454      (1 0 3 1 2 1 2)              87.788
10455      (1 0 2 3 2 1 2)              87.787
10456      (1 0 0 0 1 2 0)              87.789
10457      (1 0 2 3 2 1 2)              87.790
10458      (0 0 4 3 2 1 1)              87.785
10459      (1 0 1 2 1 1 1)              87.787
10460      (1 0 2 3 2 1 1)              87.784
10461      (1 0 2 3 2 1 2)              87.782
10462      (1 0 2 3 2 1 2)              87.783
10463      (1 0 2 3 2 1 2)              87.784
10464      (1 0 2 3 2 1 2)              87.786
10465      (1 0 3 1 2 1 2)              87.787
10466      (1 0 1 2 1 1 1)              87.788
10467      (1 0 1 2 1 2 1)              87.788
10468      (1 0 3 1 2 1 2)              87.789
10469      (1 0 3 1 2 1 2)              87.787
10470      (1 0 2 3 2 1 2)              87.789
10471      (1 0 2 3 2 1 2)              87.790
10472      (1 0 1 2 1 1 1)              87.791
10473      (1 0 3 1 2 1 2)              87.792
10474      (1 0 2 3 2 1 2)              87.792
10475      (1 0 2 3 2 1 2)              87.793
10476      (1 0 1 2 2 2 1)              87.791
10477      (1 0 2 3 2 1 2)              87.793
10478      (1 0 2 3 2 1 2)              87.790
10479      (1 0 2 3 2 1 2)              87.791
10480      (1 0 1 2 1 2 1)              87.792
10481      (1 0 2 3 2 1 2)              87.793
10482      (1 0 2 3 2 1 2)              87.792
10483      (1 0 2 3 2 1 2)              87.793
10484      (1 0 3 1 2 1 2)              87.793
10485      (0 0 2 3 1 2 1)              87.788
10486      (1 0 2 3 2 1 2)              87.789
10487      (1 0 3 1 2 1 2)              87.788
10488      (1 0 2 3 2 1 2)              87.789
10489      (1 0 2 3 2 1 2)              87.790
10490      (1 0 1 2 1 1 1)              87.791
10491      (1 0 3 1 2 1 2)              87.791
10492      (1 0 2 3 2 1 2)              87.792
10493      (1 0 2 3 2 1 2)              87.793
10494      (1 0 2 3 2 1 2)              87.793
10495      (1 0 2 3 2 1 2)              87.794
10496      (1 0 2 3 2 1 2)              87.796
10497      (1 0 3 1 2 1 2)              87.797
10498      (1 0 3 1 2 1 2)              87.795
10499      (1 0 2 3 2 1 2)              87.795
10500      (1 0 1 2 1 1 1)              87.796
10501      (1 0 2 3 1 2 1)              87.797
10502      (1 0 2 3 2 1 1)              87.797
10503      (1 0 2 3 2 1 2)              87.798
10504      (0 0 2 3 2 0 2)              87.791
10505      (1 0 3 1 2 1 2)              87.792
10506      (1 0 1 2 1 1 1)              87.794
10507      (1 0 2 3 2 1 2)              87.792
10508      (1 0 1 2 1 1 1)              87.793
10509      (1 0 3 1 2 1 2)              87.794
10510      (1 0 3 1 2 1 2)              87.796
10511      (1 0 1 2 1 2 1)              87.797
10512      (1 0 2 3 2 1 2)              87.798
10513      (1 0 2 3 2 1 2)              87.799
10514      (1 0 3 1 2 1 2)              87.800
10515      (1 0 2 3 2 1 1)              87.797
10516      (1 0 3 1 2 1 2)              87.796
10517      (1 0 2 3 2 1 2)              87.797
10518      (1 0 2 3 2 1 2)              87.798
10519      (1 0 1 2 1 2 1)              87.795
10520      (1 0 1 2 1 1 1)              87.794
10521      (1 0 2 3 2 1 2)              87.795
10522      (1 0 2 3 2 1 2)              87.796
10523      (1 0 3 1 2 1 2)              87.797
10524      (1 0 2 3 2 1 1)              87.797
10525      (1 0 2 3 2 1 2)              87.798
10526      (1 0 2 3 2 1 2)              87.799
10527      (1 0 1 2 1 1 1)              87.800
10528      (1 0 3 1 2 1 2)              87.802
10529      (1 0 3 1 2 1 2)              87.803
10530      (1 0 3 1 2 1 2)              87.804
10531      (1 0 1 2 1 1 1)              87.805
10532      (1 0 3 1 2 1 2)              87.805
10533      (1 0 1 2 2 2 1)              87.803
10534      (1 0 2 3 2 1 2)              87.800
10535      (1 0 2 3 1 2 1)              87.801
10536      (0 0 4 6 1 2 1)              87.797
10537      (1 0 1 2 1 1 1)              87.798
10538      (1 0 1 2 1 1 1)              87.800
10539      (1 0 2 3 2 1 2)              87.798
10540      (1 0 2 3 2 1 2)              87.799
10541      (1 0 2 3 2 1 2)              87.800
10542      (1 0 2 3 2 1 2)              87.801
10543      (1 0 1 2 1 1 1)              87.803
10544      (1 0 3 1 2 1 2)              87.804
10545      (1 0 2 3 2 1 2)              87.802
10546      (1 0 2 3 2 1 2)              87.803
10547      (1 0 2 3 2 1 2)              87.805
10548      (1 0 2 3 2 1 2)              87.804
10549      (0 0 4 5 2 2 1)              87.801
10550      (1 0 1 2 1 1 1)              87.803
10551      (1 0 3 1 2 1 2)              87.801
10552      (0 0 4 5 2 2 1)              87.795
10553      (1 0 1 2 1 1 1)              87.797
10554      (0 0 2 3 2 2 0)              87.790
10555      (1 0 2 3 2 1 2)              87.788
10556      (1 0 1 2 1 1 1)              87.789
10557      (1 0 1 2 1 1 1)              87.790
10558      (1 0 1 2 1 1 1)              87.792
10559      (1 0 3 1 2 1 2)              87.790
10560      (1 0 3 1 2 1 2)              87.791
10561      (1 0 2 3 2 1 2)              87.792
10562      (1 0 3 1 2 1 2)              87.787
10563      (1 0 2 3 2 1 2)              87.788
10564      (1 0 2 3 2 1 2)              87.786
10565      (1 0 2 3 2 1 2)              87.787
10566      (1 0 2 3 2 1 2)              87.789
10567      (0 0 1 2 0 0 1)              87.788
10568      (1 0 2 3 2 1 2)              87.787
10569      (1 0 3 1 2 1 2)              87.788
10570      (1 0 1 2 1 1 1)              87.789
10571      (1 0 3 1 2 1 2)              87.789
10572      (1 0 2 3 2 1 2)              87.790
10573      (1 0 3 1 2 1 2)              87.790
10574      (1 0 2 3 2 1 2)              87.788
10575      (1 0 3 1 2 1 2)              87.790
10576      (1 0 3 1 2 1 2)              87.791
10577      (1 0 2 3 2 1 2)              87.792
10578      (1 0 4 5 2 2 2)              87.789
10579      (1 0 3 1 2 1 2)              87.790
10580      (1 0 2 3 2 1 2)              87.787
10581      (1 0 2 3 2 1 2)              87.787
10582      (1 0 1 2 1 2 1)              87.788
10583      (1 0 3 1 2 1 2)              87.789
10584      (1 0 3 1 2 1 2)              87.784
10585      (1 0 2 3 2 1 2)              87.785
10586      (1 0 2 3 2 1 2)              87.786
10587      (1 0 2 3 2 1 2)              87.786
10588      (1 0 2 3 2 1 2)              87.787
10589      (1 0 2 3 2 1 2)              87.788
10590      (0 0 4 6 1 2 2)              87.784
10591      (1 0 0 0 2 2 1)              87.780
10592      (1 0 3 1 2 1 2)              87.778
10593      (1 0 1 2 1 1 1)              87.777
10594      (1 0 2 3 2 1 2)              87.778
10595      (1 0 3 1 2 1 2)              87.779
10596      (1 0 2 3 2 1 2)              87.777
10597      (0 0 1 2 1 1 1)              87.773
10598      (1 0 3 1 2 1 2)              87.772
10599      (1 0 0 0 1 2 0)              87.773
10600      (1 0 2 3 2 1 2)              87.774
10601      (1 0 1 2 1 1 1)              87.775
10602      (1 0 2 3 2 1 2)              87.776
10603      (1 0 2 3 2 1 2)              87.771
10604      (1 0 2 3 2 1 2)              87.772
10605      (1 0 1 2 1 2 1)              87.771
10606      (1 0 3 1 2 1 2)              87.773
10607      (1 0 2 3 2 1 2)              87.774
10608      (1 0 2 3 1 2 1)              87.775
10609      (1 0 2 3 2 1 2)              87.776
10610      (1 0 3 1 2 1 2)              87.772
10611      (1 0 1 2 1 1 1)              87.773
10612      (1 0 1 2 1 1 1)              87.774
10613      (1 0 3 1 2 1 2)              87.775
10614      (1 0 2 3 2 1 2)              87.776
10615      (1 0 1 2 1 1 1)              87.778
10616      (1 0 3 1 2 1 2)              87.779
10617      (0 0 1 2 0 0 1)              87.779
10618      (1 0 1 2 1 2 1)              87.780
10619      (1 0 2 3 2 1 2)              87.781
10620      (1 0 2 3 2 2 1)              87.782
10621      (1 0 2 3 2 1 2)              87.783
10622      (1 0 2 3 1 1 1)              87.784
10623      (1 0 2 3 2 1 2)              87.786
10624      (1 0 2 3 1 2 1)              87.787
10625      (1 0 2 3 2 1 2)              87.788
10626      (1 0 2 3 2 1 2)              87.789
10627      (1 0 2 3 2 1 2)              87.790
10628      (1 0 2 3 2 1 2)              87.791
10629      (1 0 1 2 1 1 1)              87.792
10630      (1 0 2 3 2 1 2)              87.794
10631      (1 0 1 2 1 2 1)              87.793
10632      (1 0 2 3 2 1 2)              87.795
10633      (1 0 3 1 2 1 2)              87.796
10634      (1 0 3 1 2 1 2)              87.795
10635      (1 0 2 3 2 1 2)              87.797
10636      (1 0 2 3 2 1 2)              87.798
10637      (1 0 2 3 2 1 2)              87.798
10638      (0 0 4 3 2 1 1)              87.793
10639      (1 0 2 3 2 1 2)              87.795
10640      (1 0 2 3 2 1 2)              87.796
10641      (1 0 1 2 1 1 1)              87.797
10642      (1 0 3 1 2 1 2)              87.797
10643      (1 0 1 2 1 1 1)              87.798
10644      (1 0 0 0 2 2 1)              87.799
10645      (1 0 2 3 1 1 1)              87.799
10646      (1 0 2 3 1 2 1)              87.800
10647      (1 0 2 3 2 1 2)              87.801
10648      (1 0 1 2 1 1 1)              87.802
10649      (1 0 2 3 2 1 2)              87.803
10650      (0 0 1 2 1 1 1)              87.803
10651      (1 0 2 3 2 1 2)              87.804
10652      (0 0 1 2 0 0 1)              87.804
10653      (1 0 2 3 2 1 2)              87.805
10654      (1 0 2 3 2 1 2)              87.806
10655      (1 0 3 1 2 1 2)              87.807
10656      (1 0 2 3 2 1 2)              87.809
10657      (1 0 2 3 1 1 1)              87.810
10658      (1 0 3 1 2 1 2)              87.808
10659      (1 0 1 2 1 1 1)              87.809
10660      (1 0 2 3 2 1 2)              87.811
10661      (1 0 3 1 2 1 2)              87.805
10662      (1 0 3 1 2 1 2)              87.805
10663      (1 0 1 2 1 1 1)              87.806
10664      (1 0 2 3 2 1 2)              87.807
10665      (1 0 2 3 1 2 1)              87.804
10666      (1 0 2 3 2 1 1)              87.805
10667      (1 0 2 3 2 1 2)              87.806
10668      (1 0 2 3 2 1 2)              87.808
10669      (0 0 2 3 1 2 1)              87.806
10670      (1 0 1 2 1 1 1)              87.807
10671      (1 0 2 3 2 1 2)              87.807
10672      (1 0 2 3 2 1 2)              87.805
10673      (1 0 2 3 2 1 2)              87.807
10674      (1 0 2 3 2 1 2)              87.808
10675      (1 0 2 3 2 1 2)              87.808
10676      (1 0 3 1 2 1 2)              87.807
10677      (1 0 2 3 2 1 2)              87.809
10678      (1 0 1 2 1 2 1)              87.807
10679      (1 0 0 0 1 2 0)              87.808
10680      (1 0 2 3 2 1 2)              87.809
10681      (1 0 2 3 2 1 2)              87.809
10682      (1 0 3 1 2 1 2)              87.810
10683      (1 0 2 3 2 1 2)              87.811
10684      (1 0 2 3 1 2 1)              87.813
10685      (1 0 2 3 2 1 2)              87.814
10686      (1 0 2 3 2 1 2)              87.812
10687      (1 0 2 3 2 1 2)              87.811
10688      (1 0 2 3 1 1 1)              87.812
10689      (1 0 2 3 2 1 2)              87.810
10690      (1 0 1 2 1 1 1)              87.811
10691      (1 0 3 1 2 1 2)              87.810
10692      (1 0 1 2 1 2 1)              87.810
10693      (1 0 2 3 2 1 2)              87.811
10694      (1 0 3 1 2 1 2)              87.809
10695      (1 0 2 3 2 1 2)              87.810
10696      (1 0 3 1 2 1 2)              87.812
10697      (1 0 3 1 2 1 2)              87.810
10698      (1 0 2 3 2 1 2)              87.811
10699      (1 0 1 2 1 1 1)              87.812
10700      (1 0 3 1 2 1 2)              87.812
10701      (1 0 1 2 1 2 1)              87.812
10702      (1 0 2 3 2 1 2)              87.813
10703      (1 0 1 2 1 1 1)              87.813
10704      (1 0 2 3 2 1 2)              87.814
10705      (1 0 1 2 1 1 1)              87.815
10706      (1 0 2 3 2 1 2)              87.812
10707      (1 0 2 3 2 1 2)              87.813
10708      (1 0 3 1 2 1 2)              87.812
10709      (1 0 1 2 0 0 1)              87.813
10710      (1 0 2 3 2 1 2)              87.811
10711      (1 0 2 3 2 1 2)              87.810
10712      (1 0 1 2 1 2 1)              87.810
10713      (1 0 1 2 1 1 1)              87.811
10714      (1 0 3 1 2 1 2)              87.812
10715      (1 0 2 3 2 1 2)              87.810
10716      (1 0 2 3 2 1 2)              87.808
10717      (1 0 1 2 2 2 1)              87.806
10718      (1 0 2 3 2 1 2)              87.807
10719      (1 0 2 3 2 1 2)              87.806
10720      (1 0 3 1 2 1 2)              87.805
10721      (1 0 2 3 2 1 2)              87.807
10722      (1 0 3 1 2 1 2)              87.808
10723      (0 0 1 2 2 2 1)              87.806
10724      (0 0 1 2 1 1 1)              87.802
10725      (1 0 2 3 1 2 1)              87.803
10726      (1 0 2 3 2 1 2)              87.804
10727      (1 0 2 3 2 1 2)              87.805
10728      (1 0 2 3 2 1 2)              87.805
10729      (1 0 2 3 2 1 2)              87.806
10730      (1 0 1 2 1 1 1)              87.808
10731      (1 0 2 3 2 1 2)              87.807
10732      (1 0 2 3 2 1 2)              87.808
10733      (0 0 4 5 2 1 1)              87.804
10734      (1 0 3 1 2 1 2)              87.805
10735      (1 0 1 2 1 1 1)              87.807
10736      (1 0 2 3 2 1 2)              87.808
10737      (1 0 3 1 2 1 2)              87.809
10738      (1 0 2 3 1 2 1)              87.810
10739      (1 0 3 1 1 2 1)              87.811
10740      (1 0 3 1 2 1 2)              87.812
10741      (1 0 4 5 2 2 2)              87.809
10742      (1 0 3 1 2 1 2)              87.811
10743      (1 0 3 1 2 1 2)              87.810
10744      (1 0 3 1 2 1 2)              87.809
10745      (1 0 1 2 0 0 1)              87.810
10746      (1 0 2 3 2 1 2)              87.811
10747      (1 0 2 3 2 1 2)              87.812
10748      (1 0 2 3 2 1 2)              87.813
10749      (1 0 3 1 2 1 2)              87.814
10750      (1 0 2 3 2 1 2)              87.816
10751      (1 0 2 3 2 1 2)              87.815
10752      (1 0 2 3 1 2 0)              87.817
10753      (1 0 1 2 1 1 1)              87.818
10754      (1 0 2 3 2 1 2)              87.819
10755      (1 0 1 2 2 2 1)              87.820
10756      (1 0 1 2 1 2 1)              87.818
10757      (1 0 2 3 2 1 2)              87.820
10758      (1 0 2 3 2 1 2)              87.821
10759      (1 0 2 3 2 1 2)              87.819
10760      (1 0 1 2 1 2 1)              87.816
10761      (1 0 3 1 2 1 2)              87.813
10762      (1 0 2 3 2 1 2)              87.815
10763      (1 0 2 3 2 1 2)              87.813
10764      (1 0 2 3 2 1 2)              87.814
10765      (1 0 1 2 1 2 1)              87.813
10766      (1 0 1 2 1 1 1)              87.814
10767      (1 0 2 3 2 1 2)              87.810
10768      (1 0 1 2 1 2 1)              87.804
10769      (1 0 2 3 2 1 2)              87.805
10770      (1 0 2 3 2 1 2)              87.806
10771      (1 0 2 3 2 1 2)              87.806
10772      (1 0 2 3 2 1 2)              87.806
10773      (1 0 3 1 2 1 2)              87.807
10774      (1 0 1 2 2 2 1)              87.807
10775      (1 0 2 3 2 1 2)              87.805
10776      (1 0 2 3 2 1 2)              87.807
10777      (1 0 1 2 1 1 1)              87.808
10778      (1 0 3 1 2 1 2)              87.807
10779      (1 0 3 1 2 1 2)              87.809
10780      (1 0 2 3 2 1 2)              87.807
10781      (1 0 2 3 2 1 2)              87.808
10782      (1 0 2 3 2 1 2)              87.809
10783      (1 0 2 3 2 2 1)              87.810
10784      (1 0 1 2 1 1 1)              87.812
10785      (1 0 2 3 2 1 2)              87.810
10786      (1 0 3 1 2 1 2)              87.809
10787      (1 0 2 3 2 1 2)              87.810
10788      (0 0 1 2 1 1 1)              87.806
10789      (1 0 1 2 1 1 1)              87.807
10790      (1 0 3 1 2 1 2)              87.805
10791      (1 0 2 3 1 2 1)              87.806
10792      (1 0 1 2 1 1 1)              87.807
10793      (1 0 1 2 1 1 1)              87.809
10794      (1 0 2 3 2 1 2)              87.810
10795      (1 0 2 3 2 1 2)              87.809
10796      (1 0 1 2 1 1 1)              87.811
10797      (1 0 2 3 2 1 2)              87.812
10798      (1 0 3 1 2 1 2)              87.806
10799      (1 0 2 3 2 1 1)              87.807
10800      (1 0 2 3 2 1 2)              87.806
10801      (1 0 2 3 2 1 2)              87.807
10802      (1 0 3 1 2 1 2)              87.805
10803      (0 0 4 6 1 2 1)              87.799
10804      (1 0 2 3 2 1 2)              87.800
10805      (1 0 2 3 2 1 2)              87.798
10806      (1 0 1 2 1 1 1)              87.799
10807      (1 0 3 1 2 1 2)              87.801
10808      (1 0 2 3 2 1 2)              87.802
10809      (1 0 2 3 2 1 2)              87.803
10810      (1 0 1 2 1 1 1)              87.804
10811      (1 0 1 2 1 1 1)              87.805
10812      (1 0 2 3 1 1 1)              87.805
10813      (1 0 3 1 1 1 1)              87.803
10814      (0 0 4 6 1 2 1)              87.799
10815      (1 0 3 1 2 1 2)              87.800
10816      (1 0 1 2 0 0 1)              87.801
10817      (1 0 1 2 1 2 1)              87.796
10818      (1 0 2 3 2 1 2)              87.797
10819      (1 0 2 3 2 1 2)              87.798
10820      (0 0 1 2 0 0 1)              87.798
10821      (1 0 2 3 2 1 2)              87.798
10822      (1 0 2 3 2 1 2)              87.799
10823      (1 0 3 1 2 1 2)              87.800
10824      (1 0 2 3 2 1 2)              87.800
10825      (1 0 1 2 1 1 1)              87.801
10826      (1 0 3 1 2 1 2)              87.802
10827      (1 0 3 1 2 1 2)              87.803
10828      (1 0 3 1 2 1 2)              87.804
10829      (1 0 1 2 1 2 1)              87.804
10830      (1 0 1 2 1 2 1)              87.804
10831      (1 0 2 3 2 1 2)              87.805
10832      (1 0 1 2 1 1 1)              87.806
10833      (1 0 3 1 2 1 2)              87.807
10834      (1 0 2 3 2 1 2)              87.809
10835      (1 0 2 3 2 1 2)              87.810
10836      (1 0 2 3 2 1 2)              87.811
10837      (1 0 3 1 2 1 2)              87.811
10838      (0 0 1 2 1 1 1)              87.810
10839      (1 0 2 3 2 1 2)              87.812
10840      (1 0 2 3 2 1 2)              87.813
10841      (1 0 1 2 2 2 1)              87.812
10842      (1 0 3 1 2 1 2)              87.811
10843      (1 0 3 1 2 1 2)              87.809
10844      (1 0 2 3 2 1 2)              87.811
10845      (1 0 2 3 2 1 2)              87.812
10846      (1 0 3 1 2 1 2)              87.806
10847      (1 0 1 2 1 1 1)              87.807
10848      (1 0 2 3 2 1 2)              87.806
10849      (1 0 2 3 2 1 2)              87.807
10850      (1 0 0 0 2 2 1)              87.808
10851      (1 0 2 3 2 1 2)              87.809
10852      (1 0 3 1 2 1 2)              87.805
10853      (1 0 1 2 1 1 1)              87.806
10854      (1 0 3 1 2 1 2)              87.805
10855      (1 0 1 2 1 1 1)              87.802
10856      (0 0 4 6 0 0 1)              87.799
10857      (1 0 2 3 2 1 2)              87.796
10858      (1 0 2 3 2 1 2)              87.797
10859      (1 0 1 2 1 1 1)              87.796
10860      (1 0 2 3 2 1 2)              87.796
10861      (1 0 2 3 2 1 2)              87.795
10862      (1 0 2 3 2 1 2)              87.797
10863      (1 0 2 3 2 1 2)              87.796
10864      (1 0 2 3 2 1 2)              87.797
10865      (1 0 3 1 2 1 2)              87.799
10866      (1 0 2 3 2 1 2)              87.800
10867      (1 0 2 3 2 1 2)              87.801
10868      (1 0 2 3 2 1 2)              87.799
10869      (1 0 2 3 2 1 2)              87.800
10870      (1 0 2 3 2 1 2)              87.802
10871      (0 0 1 2 1 1 1)              87.801
10872      (1 0 2 3 2 1 2)              87.803
10873      (0 0 4 5 2 2 1)              87.800
10874      (1 0 3 1 2 1 2)              87.797
10875      (1 0 3 1 2 1 2)              87.798
10876      (1 0 1 2 1 2 1)              87.799
10877      (0 0 4 5 2 2 1)              87.794
10878      (1 0 2 3 0 0 0)              87.795
10879      (1 0 3 1 2 1 2)              87.795
10880      (1 0 2 3 2 1 2)              87.796
10881      (1 0 2 3 2 1 2)              87.797
10882      (1 0 2 3 2 1 2)              87.798
10883      (1 0 2 3 2 1 2)              87.799
10884      (1 0 2 3 2 1 2)              87.799
10885      (1 0 3 1 2 1 2)              87.800
10886      (1 0 3 1 2 1 2)              87.800
10887      (0 0 4 5 2 1 1)              87.796
10888      (1 0 1 2 1 1 1)              87.797
10889      (1 0 1 2 1 1 1)              87.798
10890      (1 0 3 1 2 1 2)              87.798
10891      (1 0 3 1 2 1 2)              87.799
10892      (1 0 2 3 2 1 2)              87.800
10893      (1 0 4 5 2 2 2)              87.797
10894      (1 0 2 3 2 1 2)              87.798
10895      (1 0 2 3 2 1 2)              87.799
10896      (1 0 3 1 2 1 2)              87.794
10897      (1 0 2 3 2 1 2)              87.792
10898      (1 0 2 3 1 2 1)              87.794
10899      (1 0 2 3 2 1 2)              87.793
10900      (0 0 4 2 1 1 1)              87.788
10901      (0 0 4 6 0 0 1)              87.785
10902      (1 0 3 1 2 1 2)              87.786
10903      (0 0 1 2 1 1 1)              87.783
10904      (1 0 3 1 2 1 2)              87.778
10905      (1 0 2 3 2 1 2)              87.779
10906      (1 0 2 3 2 1 2)              87.780
10907      (1 0 2 3 2 1 2)              87.781
10908      (1 0 1 2 1 2 0)              87.780
10909      (1 0 1 2 2 2 1)              87.781
10910      (1 0 2 3 2 1 2)              87.782
10911      (1 0 3 1 2 1 2)              87.782
10912      (1 0 2 3 2 1 2)              87.783
10913      (1 0 3 1 2 1 2)              87.784
10914      (1 0 1 2 1 2 1)              87.784
10915      (1 0 1 2 1 1 1)              87.785
10916      (1 0 1 2 1 1 1)              87.786
10917      (1 0 2 3 2 1 2)              87.787
10918      (1 0 3 1 2 1 2)              87.783
10919      (0 0 4 6 1 2 1)              87.779
10920      (1 0 3 1 2 1 2)              87.780
10921      (1 0 2 3 2 1 2)              87.781
10922      (1 0 1 2 1 1 1)              87.782
10923      (0 0 1 2 1 1 1)              87.782
10924      (1 0 1 2 1 1 1)              87.783
10925      (1 0 3 1 2 1 2)              87.784
10926      (1 0 2 3 2 1 2)              87.786
10927      (1 0 2 3 2 1 2)              87.787
10928      (1 0 3 1 0 0 1)              87.788
10929      (1 0 1 2 1 2 1)              87.788
10930      (1 0 1 2 1 1 1)              87.789
10931      (1 0 2 3 2 1 2)              87.790
10932      (1 0 2 3 2 1 2)              87.788
10933      (1 0 2 3 2 1 2)              87.790
10934      (1 0 2 3 2 1 2)              87.791
10935      (1 0 3 1 2 1 2)              87.792
10936      (1 0 3 1 2 1 2)              87.792
10937      (1 0 3 1 2 1 2)              87.786
10938      (1 0 3 1 2 1 2)              87.787
10939      (1 0 2 3 2 1 2)              87.788
10940      (0 0 4 6 1 2 1)              87.783
10941      (1 0 3 1 2 1 2)              87.783
10942      (1 0 3 1 2 1 2)              87.781
10943      (1 0 3 1 2 1 2)              87.781
10944      (1 0 0 0 2 2 1)              87.782
10945      (1 0 2 3 1 2 1)              87.783
10946      (1 0 3 1 2 1 2)              87.782
10947      (1 0 1 2 1 2 1)              87.782
10948      (1 0 1 2 1 2 1)              87.781
10949      (1 0 3 1 2 1 2)              87.783
10950      (1 0 2 3 2 1 2)              87.784
10951      (1 0 0 0 1 2 1)              87.785
10952      (1 0 3 1 2 1 2)              87.786
10953      (1 0 2 3 1 2 1)              87.787
10954      (1 0 2 3 1 2 0)              87.788
10955      (1 0 3 1 2 1 2)              87.789
10956      (1 0 2 3 2 1 2)              87.788
10957      (1 0 1 2 1 2 1)              87.789
10958      (1 0 2 3 2 1 2)              87.790
10959      (1 0 2 3 2 1 2)              87.790
10960      (1 0 3 1 2 1 2)              87.786
10961      (0 0 1 2 1 1 1)              87.786
10962      (1 0 2 3 2 1 2)              87.787
10963      (1 0 1 2 1 1 1)              87.788
10964      (1 0 2 3 1 2 1)              87.789
10965      (1 0 2 3 1 2 1)              87.789
10966      (0 0 1 2 1 1 1)              87.788
10967      (1 0 3 1 2 1 2)              87.790
10968      (1 0 2 3 2 1 2)              87.787
10969      (1 0 1 2 1 1 1)              87.788
10970      (1 0 3 1 2 1 2)              87.789
10971      (1 0 3 1 2 1 2)              87.789
10972      (1 0 2 3 2 1 2)              87.790
10973      (0 0 0 4 1 2 0)              87.786
10974      (1 0 2 3 2 1 2)              87.787
10975      (1 0 2 3 2 1 2)              87.788
10976      (0 0 4 5 2 1 1)              87.784
10977      (1 0 2 3 2 1 2)              87.782
10978      (1 0 2 3 2 1 2)              87.784
10979      (1 0 3 1 2 1 2)              87.780
10980      (1 0 3 1 1 0 0)              87.777
10981      (1 0 2 3 2 1 2)              87.778
10982      (1 0 3 1 2 1 2)              87.779
10983      (1 0 2 3 1 1 1)              87.780
10984      (1 0 3 1 2 1 2)              87.777
10985      (1 0 1 2 1 1 1)              87.778
10986      (1 0 3 1 2 1 2)              87.779
10987      (1 0 3 1 2 1 2)              87.781
10988      (1 0 2 3 2 1 2)              87.782
10989      (0 0 4 5 2 2 1)              87.779
10990      (1 0 3 1 2 1 2)              87.780
10991      (1 0 2 3 2 1 2)              87.781
10992      (1 0 2 3 2 1 2)              87.782
10993      (1 0 2 3 2 1 2)              87.783
10994      (1 0 3 1 2 1 2)              87.784
10995      (1 0 2 3 2 1 2)              87.786
10996      (0 0 1 2 1 2 1)              87.784
10997      (1 0 1 2 1 1 1)              87.785
10998      (1 0 2 3 2 1 2)              87.786
10999      (1 0 1 2 1 1 1)              87.787
11000      (1 0 2 3 2 1 1)              87.785
11001      (1 0 2 3 2 1 2)              87.786
11002      (1 0 2 3 2 1 2)              87.787
11003      (1 0 2 3 1 2 1)              87.788
11004      (1 0 2 3 2 1 2)              87.787
11005      (1 0 3 1 2 1 2)              87.788
11006      (0 0 1 2 0 0 1)              87.787
11007      (1 0 2 3 2 1 2)              87.786
11008      (1 0 2 3 2 1 2)              87.787
11009      (1 0 1 2 1 1 1)              87.788
11010      (1 0 2 3 2 1 2)              87.785
11011      (1 0 3 1 2 1 2)              87.785
11012      (1 0 1 2 1 1 1)              87.786
11013      (1 0 3 1 2 1 2)              87.787
11014      (1 0 2 3 2 1 2)              87.789
11015      (1 0 3 1 2 1 2)              87.790
11016      (0 0 0 4 1 2 1)              87.786
11017      (1 0 2 3 2 1 2)              87.787
11018      (1 0 3 1 2 1 2)              87.784
11019      (1 0 3 1 2 1 2)              87.785
11020      (1 0 3 1 2 1 2)              87.786
11021      (1 0 2 3 2 1 2)              87.787
11022      (1 0 3 1 2 1 2)              87.788
11023      (1 0 3 1 2 1 2)              87.789
11024      (1 0 1 2 1 1 1)              87.791
11025      (1 0 2 3 2 1 2)              87.792
11026      (1 0 1 2 1 1 1)              87.793
11027      (1 0 1 2 1 2 1)              87.793
11028      (1 0 2 3 2 1 2)              87.794
11029      (1 0 1 2 1 2 1)              87.791
11030      (1 0 2 3 2 1 2)              87.789
11031      (1 0 3 1 2 1 2)              87.788
11032      (1 0 3 1 2 1 2)              87.784
11033      (1 0 2 3 2 1 2)              87.785
11034      (0 0 4 5 2 2 1)              87.782
11035      (1 0 2 3 2 1 2)              87.781
11036      (0 0 1 2 2 1 2)              87.778
11037      (1 0 1 2 0 0 1)              87.776
11038      (1 0 4 5 2 2 2)              87.774
11039      (0 0 1 2 1 1 1)              87.772
11040      (1 0 1 2 1 1 1)              87.769
11041      (1 0 3 1 2 1 2)              87.764
11042      (0 0 4 2 2 2 1)              87.761
11043      (1 0 4 5 2 2 2)              87.760
11044      (1 0 1 2 1 0 1)              87.757
11045      (0 0 4 2 2 2 1)              87.754
11046      (0 0 4 2 2 2 1)              87.751
11047      (1 0 1 2 1 1 1)              87.747
11048      (0 0 4 2 2 2 1)              87.745
11049      (1 0 2 3 1 2 0)              87.742
11050      (1 0 1 2 1 2 1)              87.740
11051      (1 0 1 2 1 1 1)              87.736
11052      (0 0 1 2 0 0 1)              87.732
11053      (0 0 1 2 1 1 1)              87.726
11054      (0 0 1 2 0 0 1)              87.720
11055      (1 0 3 1 2 1 2)              87.715
11056      (1 0 3 1 2 1 2)              87.711
11057      (0 0 4 2 2 2 1)              87.708
11058      (1 0 2 3 1 0 1)              87.705
11059      (1 0 3 1 2 1 2)              87.701
11060      (1 0 1 2 1 1 1)              87.698
11061      (1 0 3 1 2 1 2)              87.696
11062      (0 0 1 2 0 0 1)              87.692
11063      (1 0 3 1 2 1 2)              87.689
11064      (0 0 1 2 1 1 1)              87.685
11065      (1 0 0 0 1 2 0)              87.683
11066      (1 0 2 3 1 1 1)              87.680
11067      (1 0 1 2 1 2 1)              87.679
11068      (1 0 2 3 2 2 1)              87.679
11069      (1 0 3 1 2 1 2)              87.676
11070      (1 0 1 2 1 1 1)              87.672
11071      (0 0 2 3 1 2 1)              87.669
11072      (1 0 3 1 1 0 0)              87.666
11073      (1 0 1 2 1 1 1)              87.662
11074      (0 0 4 5 2 1 1)              87.658
11075      (0 0 2 3 1 2 1)              87.654
11076      (0 0 4 2 2 2 1)              87.653
11077      (1 0 1 2 1 1 1)              87.650
11078      (1 0 0 0 0 0 0)              87.650
11079      (1 0 1 2 1 2 1)              87.648
11080      (1 0 1 2 1 1 1)              87.646
11081      (1 0 3 1 2 1 2)              87.643
11082      (1 0 1 2 1 1 1)              87.640
11083      (1 0 0 0 0 2 1)              87.639
11084      (1 0 2 3 1 0 1)              87.636
11085      (1 0 3 1 2 1 2)              87.632
11086      (0 0 4 6 0 0 1)              87.629
11087      (0 0 4 3 2 1 1)              87.624
11088      (0 0 4 5 2 1 1)              87.620
11089      (0 0 4 3 1 1 1)              87.618
11090      (1 0 1 2 1 1 1)              87.616
11091      (1 0 3 1 2 1 2)              87.613
11092      (0 0 4 2 1 2 1)              87.609
11093      (1 0 1 2 0 0 0)              87.605
11094      (1 0 2 3 1 0 1)              87.602
11095      (1 0 3 1 2 1 2)              87.597
11096      (0 0 4 3 2 1 1)              87.591
11097      (1 0 2 3 0 0 0)              87.590
11098      (1 0 2 3 1 2 1)              87.591
11099      (1 0 1 2 1 2 1)              87.589
11100      (0 0 1 2 1 1 1)              87.585
11101      (1 0 2 3 1 0 1)              87.583
11102      (1 0 1 2 0 0 1)              87.579
11103      (1 0 1 2 1 1 1)              87.577
11104      (1 0 2 3 2 1 2)              87.572
11105      (0 0 0 4 0 1 0)              87.565
11106      (1 0 1 2 1 1 1)              87.564
11107      (0 0 2 3 1 2 1)              87.561
11108      (1 0 1 2 1 2 1)              87.560
11109      (1 0 1 2 1 1 1)              87.554
11110      (1 0 2 3 2 1 2)              87.550
11111      (0 0 4 2 2 2 1)              87.546
11112      (1 0 3 1 2 1 2)              87.545
11113      (1 0 0 0 1 1 1)              87.542
11114      (1 0 1 2 1 1 1)              87.539
11115      (1 0 1 2 1 1 1)              87.537
11116      (0 0 4 5 2 1 1)              87.531
11117      (0 0 1 2 1 1 1)              87.527
11118      (1 0 1 2 1 0 1)              87.524
11119      (0 0 4 2 2 2 1)              87.520
11120      (0 0 4 5 2 1 1)              87.515
11121      (1 0 2 3 1 1 1)              87.512
11122      (1 0 2 3 1 0 1)              87.511
11123      (0 0 1 2 1 1 1)              87.507
11124      (1 0 1 2 1 2 1)              87.505
11125      (1 0 3 1 2 1 2)              87.501
11126      (0 0 4 6 1 2 1)              87.497
11127      (1 0 1 2 1 1 1)              87.495
11128      (1 0 3 1 2 1 2)              87.489
11129      (0 0 4 2 2 2 1)              87.488
11130      (1 0 1 2 1 1 1)              87.485
11131      (1 0 1 2 1 1 1)              87.482
11132      (0 0 4 2 2 2 1)              87.481
11133      (0 1 0 0 2 2 1)              87.478
11134      (1 0 3 1 2 1 2)              87.477
11135      (0 1 0 0 2 2 1)              87.474
11136      (1 0 1 2 1 1 1)              87.471
11137      (0 0 4 3 2 1 1)              87.465
11138      (1 0 2 3 1 2 0)              87.461
11139      (1 0 1 2 1 2 1)              87.457
11140      (0 0 0 4 2 2 1)              87.453
11141      (1 0 1 2 1 2 1)              87.449
11142      (1 0 3 1 2 1 2)              87.445
11143      (1 0 1 2 1 1 1)              87.441
11144      (1 0 1 2 1 1 1)              87.438
11145      (1 0 2 3 2 1 1)              87.435
11146      (0 1 4 6 0 0 1)              87.431
11147      (0 0 4 2 2 2 1)              87.430
11148      (1 0 1 2 0 0 0)              87.425
11149      (1 0 3 1 2 1 2)              87.419
11150      (1 0 2 3 1 0 1)              87.417
11151      (1 0 2 3 1 0 1)              87.414
11152      (0 0 4 5 2 2 1)              87.411
11153      (0 0 4 2 2 2 1)              87.408
11154      (1 0 2 3 1 2 1)              87.407
11155      (0 0 1 2 0 0 1)              87.404
11156      (0 0 4 2 1 2 1)              87.399
11157      (1 0 1 2 1 1 1)              87.398
11158      (1 0 2 3 1 0 1)              87.396
11159      (1 0 3 1 2 1 2)              87.393
11160      (1 0 1 2 1 1 1)              87.391
11161      (1 0 1 2 1 1 1)              87.388
11162      (0 0 4 2 2 2 1)              87.385
11163      (1 0 3 1 2 1 2)              87.380
11164      (1 0 2 3 1 2 1)              87.379
11165      (0 0 4 5 2 1 1)              87.375
11166      (1 0 3 1 2 1 2)              87.372
11167      (1 0 2 3 1 0 1)              87.370
11168      (1 0 1 2 1 1 1)              87.368
11169      (1 0 2 3 1 2 1)              87.366
11170      (1 0 1 2 0 0 1)              87.364
11171      (1 0 3 1 2 1 2)              87.360
11172      (0 0 4 6 0 0 1)              87.357
11173      (0 0 4 2 2 2 1)              87.354
11174      (0 0 4 6 1 1 1)              87.351
11175      (1 0 1 2 0 0 1)              87.347
11176      (1 0 3 1 2 1 2)              87.343
11177      (1 0 1 2 1 1 1)              87.341
11178      (1 0 1 2 1 1 1)              87.339
11179      (1 0 1 2 1 2 1)              87.338
11180      (1 0 1 2 1 1 1)              87.334
11181      (1 0 2 3 1 0 1)              87.331
11182      (1 0 2 3 1 2 0)              87.328
11183      (0 0 4 3 2 1 1)              87.322
11184      (1 0 2 3 1 2 1)              87.318
11185      (1 0 3 1 2 1 2)              87.315
11186      (1 0 1 2 1 1 1)              87.313
11187      (1 0 1 2 1 1 1)              87.311
11188      (1 0 3 1 2 1 2)              87.307
11189      (1 0 1 2 1 1 1)              87.304
11190      (0 0 4 2 2 2 1)              87.302
11191      (1 0 1 2 0 0 0)              87.298
11192      (1 0 3 1 2 1 2)              87.295
11193      (0 0 4 2 2 2 1)              87.294
11194      (1 0 0 0 1 2 0)              87.292
11195      (1 0 2 3 2 1 2)              87.288
11196      (1 0 0 0 1 2 0)              87.284
11197      (1 0 1 2 1 2 1)              87.282
11198      (1 0 1 2 1 2 1)              87.279
11199      (0 0 4 5 2 1 1)              87.274
11200      (1 0 3 1 2 1 2)              87.271
11201      (0 0 4 2 2 2 1)              87.268
11202      (1 0 1 2 1 2 1)              87.267
11203      (1 0 4 5 2 2 2)              87.265
11204      (1 0 2 3 1 2 1)              87.264
11205      (0 0 4 2 2 2 1)              87.263
11206      (1 0 2 3 2 2 1)              87.259
11207      (1 0 1 2 2 2 1)              87.257
11208      (1 0 3 1 2 1 2)              87.254
11209      (0 0 4 2 2 2 1)              87.252
11210      (1 0 1 2 1 2 1)              87.248
11211      (1 0 1 2 1 2 1)              87.245
11212      (1 0 1 2 1 1 1)              87.242
11213      (0 0 1 2 1 2 1)              87.237
11214      (0 0 0 4 0 1 0)              87.231
11215      (1 0 0 0 0 0 0)              87.229
11216      (0 0 4 2 2 2 1)              87.227
11217      (0 0 1 2 2 2 1)              87.221
11218      (0 0 4 5 2 1 1)              87.216
11219      (1 0 3 1 1 0 0)              87.211
11220      (1 0 1 2 1 1 1)              87.206
11221      (1 0 1 2 1 1 1)              87.202
11222      (1 0 1 2 1 1 1)              87.199
11223      (0 0 4 3 2 1 1)              87.192
11224      (0 0 4 2 2 2 1)              87.190
11225      (1 0 1 2 1 1 1)              87.187
11226      (1 0 1 2 1 1 1)              87.183
11227      (1 0 3 1 2 1 2)              87.179
11228      (1 0 0 0 1 2 1)              87.178
11229      (1 0 3 1 2 1 2)              87.173
11230      (1 0 0 0 1 2 1)              87.170
11231      (1 0 1 2 1 1 1)              87.167
11232      (1 0 1 2 1 1 1)              87.163
11233      (1 0 2 3 0 0 0)              87.162
11234      (1 0 1 2 1 1 1)              87.160
11235      (0 0 4 2 2 2 1)              87.158
11236      (0 0 4 2 2 2 1)              87.155
11237      (1 0 1 2 0 0 0)              87.151
11238      (1 0 2 3 1 0 1)              87.148
11239      (0 1 4 6 0 0 1)              87.142
11240      (1 0 2 3 1 2 0)              87.138
11241      (1 0 1 2 1 1 1)              87.135
11242      (1 0 1 2 1 1 1)              87.133
11243      (1 0 2 3 1 2 1)              87.134
11244      (0 0 4 2 2 2 1)              87.132
11245      (1 0 1 2 1 2 1)              87.130
11246      (0 0 4 2 2 2 1)              87.128
11247      (0 0 4 3 2 1 1)              87.122
11248      (1 0 1 2 1 1 1)              87.119
11249      (0 0 4 3 1 1 1)              87.114
11250      (0 0 1 2 1 2 1)              87.111
11251      (0 0 4 2 2 2 1)              87.109
11252      (0 0 0 0 1 2 1)              87.106
11253      (1 0 3 1 2 1 2)              87.102
11254      (1 0 1 2 0 0 0)              87.097
11255      (0 0 1 2 1 1 1)              87.093
11256      (1 0 1 2 1 2 1)              87.089
11257      (0 0 1 2 0 0 1)              87.084
11258      (1 0 2 3 2 1 1)              87.081
11259      (1 0 2 3 1 0 1)              87.078
11260      (0 0 4 3 2 1 1)              87.072
11261      (0 0 1 2 1 1 1)              87.068
11262      (0 0 4 6 0 0 1)              87.065
11263      (0 0 4 2 2 2 1)              87.063
11264      (1 0 1 2 0 0 1)              87.059
11265      (1 0 0 0 2 2 1)              87.059
11266      (1 0 2 3 1 2 0)              87.055
11267      (0 0 4 2 2 2 1)              87.052
11268      (0 0 2 3 1 2 1)              87.048
11269      (0 0 2 3 1 2 1)              87.048
11270      (1 0 1 2 1 1 1)              87.045
11271      (0 0 1 2 1 1 1)              87.041
11272      (0 0 4 2 2 2 1)              87.039
11273      (1 0 1 2 1 1 1)              87.037
11274      (1 0 0 0 0 0 0)              87.037
11275      (1 0 1 2 1 1 1)              87.035
11276      (0 0 4 2 2 2 1)              87.032
11277      (1 0 2 3 1 0 1)              87.029
11278      (1 0 1 2 1 1 1)              87.027
11279      (0 0 0 4 1 2 1)              87.023
11280      (1 0 1 2 1 2 1)              87.021
11281      (0 0 2 3 1 2 1)              87.019
11282      (1 0 3 1 1 0 0)              87.013
11283      (1 0 1 2 2 2 1)              87.012
11284      (0 0 4 6 1 1 1)              87.009
11285      (1 0 2 3 1 0 1)              87.007
11286      (0 0 4 3 1 1 1)              87.005
11287      (0 0 4 2 2 2 1)              87.001
11288      (0 0 4 2 2 2 1)              87.000
11289      (0 0 4 2 2 2 1)              86.997
11290      (0 0 4 2 1 1 1)              86.995
11291      (0 0 4 2 2 2 1)              86.992
11292      (1 0 3 1 2 1 2)              86.989
11293      (1 0 1 2 1 1 1)              86.987
11294      (0 0 4 6 1 2 1)              86.983
11295      (1 0 2 3 2 1 2)              86.979
11296      (1 0 1 2 1 1 1)              86.976
11297      (1 0 1 2 1 2 1)              86.974
11298      (1 0 2 3 1 0 1)              86.971
11299      (0 0 4 2 2 2 1)              86.970
11300      (0 0 1 2 2 2 1)              86.965
11301      (1 0 1 2 1 1 1)              86.961
11302      (1 0 1 2 1 1 1)              86.958
11303      (0 0 4 6 1 2 1)              86.954
11304      (0 0 4 2 2 2 1)              86.951
11305      (1 0 2 3 1 0 1)              86.949
11306      (1 0 1 2 1 1 1)              86.947
11307      (1 0 1 2 1 1 1)              86.943
11308      (1 0 1 2 1 1 1)              86.942
11309      (1 0 1 2 1 1 1)              86.941
11310      (0 0 4 2 2 2 1)              86.938
11311      (1 0 1 2 0 0 0)              86.934
11312      (1 0 2 3 1 0 1)              86.933
11313      (1 0 1 2 1 2 1)              86.930
11314      (1 0 1 2 1 1 1)              86.929
11315      (1 0 4 5 2 2 2)              86.926
11316      (1 0 1 2 1 1 1)              86.924
11317      (1 0 2 3 1 0 1)              86.922
11318      (1 0 1 2 2 2 1)              86.921
11319      (1 0 3 1 2 1 2)              86.917
11320      (0 0 1 2 0 0 1)              86.912
11321      (1 0 1 2 1 1 1)              86.909
11322      (1 0 1 2 0 0 0)              86.905
11323      (1 0 1 2 0 0 0)              86.901
11324      (1 0 2 3 1 2 1)              86.900
11325      (0 0 4 2 2 2 1)              86.899
11326      (0 0 4 2 2 2 1)              86.896
11327      (0 0 2 3 2 2 0)              86.892
11328      (0 0 4 6 1 1 1)              86.888
11329      (0 0 4 2 2 2 1)              86.887
11330      (1 0 2 3 1 1 1)              86.884
11331      (1 0 3 1 2 1 2)              86.881
11332      (0 0 0 4 0 1 0)              86.880
11333      (1 0 3 1 2 1 2)              86.879
11334      (0 0 2 3 1 2 1)              86.879
11335      (1 0 2 3 2 1 2)              86.875
11336      (1 0 1 2 1 1 1)              86.872
11337      (0 0 1 2 1 1 1)              86.868
11338      (0 0 4 2 2 2 1)              86.867
11339      (0 0 4 2 2 2 1)              86.864
11340      (1 0 1 2 1 1 1)              86.860
11341      (0 0 4 2 2 2 1)              86.858
11342      (1 0 2 3 0 0 0)              86.856
11343      (0 0 4 3 2 1 1)              86.851
11344      (0 0 2 3 1 2 1)              86.849
11345      (0 0 4 5 2 1 1)              86.843
11346      (0 0 1 2 1 1 1)              86.840
11347      (1 0 1 2 1 1 1)              86.837
11348      (1 0 2 3 1 0 1)              86.836
11349      (0 0 4 3 2 1 1)              86.830
11350      (1 0 1 2 0 0 0)              86.827
11351      (0 0 2 3 2 2 0)              86.823
11352      (0 0 0 4 0 1 0)              86.816
11353      (0 0 0 4 1 2 0)              86.815
11354      (0 0 4 2 2 2 1)              86.812
11355      (1 0 1 2 1 1 1)              86.810
11356      (1 0 2 3 0 0 0)              86.808
11357      (1 0 1 2 1 0 1)              86.806
11358      (1 0 1 2 1 1 1)              86.802
11359      (1 0 1 2 1 1 1)              86.799
11360      (1 0 1 2 1 1 1)              86.797
11361      (1 0 1 2 1 1 1)              86.791
11362      (1 0 1 2 1 1 1)              86.789
11363      (1 0 1 2 1 2 1)              86.788
11364      (1 0 1 2 1 1 1)              86.785
11365      (1 0 1 2 1 1 1)              86.782
11366      (1 0 1 2 1 2 1)              86.778
11367      (1 0 1 2 1 2 1)              86.777
11368      (1 0 2 3 1 0 1)              86.774
11369      (0 0 4 3 2 1 1)              86.769
11370      (1 0 2 3 1 0 1)              86.767
11371      (1 0 3 1 2 1 2)              86.763
11372      (1 0 1 2 1 2 1)              86.760
11373      (1 0 2 3 1 2 0)              86.756
11374      (1 0 1 2 1 1 1)              86.754
11375      (1 0 1 2 1 2 1)              86.750
11376      (1 0 1 2 1 1 1)              86.746
11377      (1 0 3 1 2 1 2)              86.743
11378      (0 0 4 2 2 2 1)              86.740
11379      (1 0 1 2 1 2 1)              86.738
11380      (0 0 4 6 1 2 1)              86.737
11381      (1 0 1 2 1 2 1)              86.736
11382      (0 0 1 2 0 0 1)              86.730
11383      (1 0 2 3 1 0 1)              86.728
11384      (1 0 1 2 1 1 1)              86.725
11385      (1 0 3 1 2 1 2)              86.723
11386      (1 0 0 0 1 2 1)              86.721
11387      (0 0 4 2 2 2 1)              86.720
11388      (1 0 1 2 1 2 1)              86.719
11389      (1 0 1 2 1 1 1)              86.716
11390      (1 0 1 2 1 2 1)              86.713
11391      (1 0 3 1 2 1 2)              86.709
11392      (1 0 0 0 1 2 0)              86.706
11393      (1 0 1 2 1 2 1)              86.701
11394      (1 0 3 1 2 1 2)              86.697
11395      (1 0 2 3 1 0 1)              86.694
11396      (1 0 1 2 1 1 1)              86.690
11397      (1 0 2 3 1 0 1)              86.688
11398      (1 0 1 2 1 2 1)              86.686
11399      (1 0 0 0 1 2 0)              86.685
11400      (1 0 1 2 0 0 1)              86.681
11401      (1 0 2 3 2 1 2)              86.676
11402      (0 0 4 2 2 2 1)              86.673
11403      (1 0 1 2 1 1 1)              86.671
11404      (0 0 4 2 2 2 1)              86.668
11405      (1 0 1 2 1 2 1)              86.667
11406      (1 0 2 3 1 2 1)              86.663
11407      (0 0 4 2 2 2 1)              86.660
11408      (1 0 1 2 1 2 1)              86.659
11409      (0 0 4 5 2 1 1)              86.654
11410      (1 0 1 2 1 1 1)              86.653
11411      (1 0 3 1 2 1 2)              86.649
11412      (1 0 4 5 2 2 2)              86.647
11413      (1 0 0 0 2 2 1)              86.644
11414      (0 0 4 3 2 1 1)              86.638
11415      (1 0 3 1 2 1 2)              86.633
11416      (1 0 0 0 1 2 1)              86.632
11417      (0 0 1 2 1 1 1)              86.628
11418      (0 0 4 2 2 2 1)              86.626
11419      (0 0 4 3 2 1 1)              86.619
11420      (0 0 4 3 2 1 1)              86.614
11421      (1 0 1 2 1 2 1)              86.612
11422      (0 0 4 5 2 1 1)              86.607
11423      (1 0 2 3 1 0 1)              86.605
11424      (1 0 1 2 1 1 1)              86.603
11425      (0 0 2 3 1 2 1)              86.603
11426      (1 0 1 2 1 1 1)              86.600
11427      (0 0 4 2 2 2 1)              86.596
11428      (1 0 2 3 1 0 1)              86.594
11429      (1 0 1 2 1 1 1)              86.591
11430      (0 0 4 2 2 2 1)              86.588
11432      (1 0 1 2 1 2 1)              86.586
11433      (0 1 4 6 2 2 2)              86.581
11434      (1 0 3 1 2 1 2)              86.578
11435      (1 0 1 2 1 1 1)              86.573
11436      (1 0 1 2 1 1 1)              86.569
11437      (0 0 2 3 1 2 1)              86.569
11438      (1 0 2 3 1 0 1)              86.568
11439      (1 0 1 2 1 2 1)              86.566
11440      (1 0 1 2 1 1 1)              86.564
11441      (1 0 1 2 1 2 1)              86.563
11442      (1 0 1 2 1 1 1)              86.560
11443      (0 0 4 5 2 2 1)              86.557
11444      (0 0 4 2 2 2 1)              86.555
11445      (1 0 1 2 1 2 1)              86.550
11446      (1 0 2 3 1 0 1)              86.547
11447      (0 0 2 3 1 1 1)              86.542
11448      (0 0 4 2 2 2 1)              86.540
11449      (1 0 1 2 1 1 1)              86.536
11450      (1 0 2 3 2 2 1)              86.536
11451      (1 0 1 2 0 0 0)              86.532
11452      (0 0 1 2 1 1 1)              86.528
11453      (1 0 2 3 1 1 1)              86.524
11454      (1 0 2 3 1 2 1)              86.522
11455      (1 0 3 1 2 1 2)              86.517
11456      (0 0 0 4 0 1 0)              86.515
11457      (1 0 1 2 1 1 1)              86.513
11458      (1 0 1 2 0 0 1)              86.510
11459      (0 0 2 3 1 2 1)              86.506
11460      (0 0 4 2 2 2 1)              86.504
11461      (0 0 1 2 2 2 1)              86.499
11462      (1 0 3 1 2 1 2)              86.496
11463      (0 0 4 5 2 1 1)              86.494
11464      (1 0 2 3 1 0 1)              86.491
11465      (0 0 1 2 0 0 1)              86.486
11466      (0 0 4 5 2 1 1)              86.481
11467      (0 0 2 3 1 2 1)              86.477
11468      (1 0 1 2 1 1 1)              86.474
11469      (1 0 2 3 1 0 1)              86.472
11470      (0 0 4 3 1 1 1)              86.471
11471      (1 0 3 1 2 1 2)              86.468
11472      (1 0 1 2 1 2 1)              86.465
11473      (1 0 1 2 1 2 1)              86.464
11474      (1 0 1 2 1 1 1)              86.462
11475      (1 0 1 2 1 1 1)              86.460
11476      (1 0 1 2 1 2 1)              86.456
11477      (0 0 1 2 1 1 0)              86.450
11478      (1 0 0 0 0 0 0)              86.450
11479      (1 0 2 3 1 2 1)              86.449
11480      (0 0 4 6 1 2 1)              86.449
11481      (1 0 1 2 1 2 1)              86.445
11482      (1 0 1 2 1 2 1)              86.444
11483      (0 0 4 2 2 2 1)              86.441
11484      (1 0 1 2 1 1 1)              86.436
11485      (0 0 1 2 0 0 1)              86.432
11486      (1 0 3 1 2 1 2)              86.430
11487      (0 0 4 2 2 2 1)              86.427
11488      (1 0 3 1 2 1 2)              86.426
11489      (1 0 1 2 1 1 1)              86.423
11490      (1 0 2 3 1 0 1)              86.421
11491      (1 0 3 1 2 1 2)              86.416
11492      (1 0 1 2 1 1 1)              86.411
11493      (1 0 1 2 1 1 1)              86.408
11494      (1 0 0 0 2 2 1)              86.407
11495      (1 0 0 0 2 2 1)              86.405
11496      (1 0 2 3 2 1 2)              86.402
11497      (1 0 3 1 2 1 2)              86.399
11498      (1 0 1 2 1 2 1)              86.397
11499      (1 0 3 1 2 1 2)              86.394
11500      (1 0 1 2 1 1 1)              86.391
11501      (1 0 2 3 2 1 2)              86.388
11502      (0 0 4 2 2 2 1)              86.386
11503      (0 0 2 3 1 2 1)              86.386
11504      (1 0 1 2 1 1 1)              86.384
11505      (0 0 1 2 0 0 1)              86.379
11506      (0 0 1 2 0 0 1)              86.374
11507      (0 0 4 2 2 2 1)              86.371
11508      (1 0 2 3 2 1 2)              86.367
11509      (1 0 1 2 1 0 1)              86.365
11510      (0 0 4 2 2 2 1)              86.362
11511      (1 0 3 1 2 1 2)              86.358
11512      (1 0 2 3 1 0 1)              86.356
11513      (0 0 4 2 2 2 1)              86.353
11514      (0 0 1 2 1 1 1)              86.348
11515      (0 1 4 6 0 0 1)              86.345
11516      (0 0 1 2 1 1 1)              86.341
11517      (0 0 4 2 1 2 1)              86.338
11518      (0 0 4 2 2 2 1)              86.333
11519      (1 0 2 3 1 0 1)              86.331
11520      (0 0 4 2 2 2 1)              86.327
11521      (1 0 1 2 1 1 1)              86.324
11522      (0 0 4 2 2 2 1)              86.322
11523      (1 0 1 2 1 1 1)              86.318
11524      (0 0 1 2 0 0 1)              86.313
11525      (0 0 4 2 2 2 1)              86.312
11526      (0 0 4 6 1 2 1)              86.307
11527      (1 0 1 2 1 1 1)              86.304
11528      (1 0 1 2 2 2 1)              86.303
11529      (0 0 1 2 0 0 1)              86.298
11530      (0 0 4 2 2 2 1)              86.294
11531      (1 0 3 1 2 1 2)              86.292
11532      (1 0 2 3 2 1 2)              86.288
11533      (1 0 1 2 1 1 1)              86.285
11534      (1 0 3 1 2 1 2)              86.283
11535      (1 0 1 2 1 1 1)              86.280
11536      (0 0 4 3 2 1 1)              86.274
11537      (1 0 1 2 1 1 1)              86.269
11538      (1 0 3 1 2 1 2)              86.266
11539      (1 0 1 2 1 1 1)              86.264
11540      (0 0 4 2 2 2 1)              86.261
11541      (1 0 1 2 1 1 1)              86.259
11542      (1 0 1 2 1 1 1)              86.256
11543      (1 0 1 2 1 0 1)              86.255
11544      (0 0 4 2 2 2 1)              86.252
11545      (1 0 3 1 2 1 2)              86.251
11546      (0 0 4 5 2 1 1)              86.246
11547      (1 0 1 2 1 2 1)              86.241
11548      (1 0 1 2 1 1 1)              86.236
11549      (1 0 1 2 1 2 1)              86.234
11550      (0 0 2 3 2 2 2)              86.234
11551      (1 0 2 3 2 1 2)              86.230
11552      (0 0 4 2 2 2 1)              86.227
11553      (1 0 0 0 2 2 1)              86.222
11554      (1 0 1 2 1 1 1)              86.221
11555      (1 0 2 3 2 1 2)              86.221
11556      (0 0 4 6 0 0 1)              86.218
11557      (0 0 4 2 2 2 1)              86.217
11558      (1 0 1 2 0 0 0)              86.212
11559      (1 0 2 3 1 0 1)              86.210
11560      (1 0 4 5 2 2 2)              86.208
11561      (1 0 4 5 2 2 2)              86.207
11562      (1 0 4 5 2 2 2)              86.206
11563      (0 0 4 5 1 1 1)              86.201
11564      (1 0 3 1 2 1 2)              86.198
11565      (1 0 2 3 2 1 2)              86.195
11566      (0 0 1 2 0 0 1)              86.190
11567      (0 0 1 2 1 1 1)              86.185
11568      (1 0 3 1 2 1 2)              86.182
11569      (1 0 2 3 1 2 1)              86.181
11570      (1 0 3 1 2 1 2)              86.176
11571      (0 0 0 4 1 2 0)              86.172
11572      (1 0 1 2 1 2 1)              86.171
11573      (1 0 1 2 1 1 1)              86.168
11574      (1 0 3 1 2 1 2)              86.166
11575      (0 0 1 2 1 1 1)              86.162
11576      (0 0 4 3 2 1 1)              86.157
11577      (1 0 1 2 1 1 1)              86.154
11578      (1 0 2 3 1 0 1)              86.152
11579      (0 0 0 4 1 2 0)              86.148
11580      (1 0 1 2 0 0 1)              86.144
11581      (0 0 1 2 1 1 1)              86.141
11582      (0 0 4 3 2 1 1)              86.136
11583      (1 0 1 2 1 1 1)              86.131
11584      (0 0 4 6 1 1 1)              86.129
11585      (1 0 3 1 2 1 2)              86.126
11586      (1 0 1 2 1 1 1)              86.121
11587      (1 0 1 2 1 1 1)              86.117
11588      (1 0 1 2 1 2 1)              86.115
11589      (1 0 2 3 1 1 1)              86.114
11590      (1 0 1 2 1 1 1)              86.112
11591      (1 0 1 2 1 1 1)              86.108
11592      (1 0 1 2 1 1 1)              86.106
11593      (0 0 4 6 0 0 1)              86.102
11594      (1 0 1 2 1 2 1)              86.101
11595      (1 0 3 1 2 1 2)              86.097
11596      (0 0 2 3 2 0 2)              86.091
11597      (1 0 2 3 1 2 1)              86.090
11598      (1 0 1 2 1 1 1)              86.085
11599      (1 0 1 2 1 1 1)              86.081
11600      (0 0 1 2 0 0 1)              86.076
11601      (1 0 1 2 1 1 1)              86.071
11602      (1 0 2 3 1 2 1)              86.070
11603      (1 0 1 2 1 1 1)              86.067
11604      (0 0 4 2 2 2 1)              86.065
11605      (1 0 3 1 2 1 2)              86.062
11606      (1 0 2 3 1 0 1)              86.060
11607      (1 0 1 2 1 2 1)              86.057
11608      (0 1 0 0 2 2 1)              86.055
11609      (1 0 2 3 1 2 0)              86.052
11610      (0 0 4 2 2 2 1)              86.050
11611      (1 0 3 1 2 1 2)              86.047
11612      (1 0 1 2 1 1 1)              86.045
11613      (0 0 4 2 2 2 1)              86.042
11614      (0 0 4 5 2 1 1)              86.038
11615      (1 0 2 3 1 2 0)              86.035
11616      (1 0 3 1 2 1 2)              86.033
11617      (1 0 2 3 1 0 1)              86.031
11618      (1 0 3 1 2 1 2)              86.028
11619      (1 0 1 2 1 2 1)              86.026
11620      (1 0 1 2 1 2 1)              86.023
11621      (1 0 1 2 1 2 1)              86.022
11622      (1 0 1 2 1 2 1)              86.021
11623      (1 0 1 2 1 1 1)              86.018
11624      (0 0 2 3 2 0 2)              86.017
11625      (1 0 3 1 2 1 2)              86.013
11626      (1 0 1 2 1 1 1)              86.009
11627      (1 0 1 2 1 1 1)              86.007
11628      (1 0 2 3 2 1 2)              86.004
11629      (1 0 1 2 1 1 1)              85.999
11630      (0 0 4 2 2 2 1)              85.996
11631      (1 0 1 2 1 2 1)              85.995
11632      (0 0 4 3 2 1 1)              85.991
11633      (1 0 3 1 2 1 2)              85.989
11634      (0 0 4 2 2 2 1)              85.986
11635      (1 0 2 3 2 1 2)              85.982
11636      (0 0 4 2 2 2 1)              85.978
11637      (1 0 1 2 0 0 1)              85.974
11638      (1 0 1 2 1 1 1)              85.971
11639      (0 0 4 6 1 2 1)              85.971
11640      (1 0 4 5 2 2 2)              85.969
11641      (0 1 0 0 2 2 1)              85.966
11642      (0 0 1 2 1 1 0)              85.960
11643      (0 0 4 2 2 2 1)              85.958
11644      (1 0 1 2 0 0 1)              85.954
11645      (0 0 4 6 1 2 1)              85.950
11646      (1 0 3 1 2 1 2)              85.948
11647      (1 0 1 2 0 0 1)              85.945
11648      (0 0 4 6 0 0 1)              85.943
11649      (1 0 1 2 1 1 1)              85.939
11650      (0 0 4 5 2 1 1)              85.935
11651      (1 0 1 2 0 0 0)              85.932
11652      (0 0 4 6 2 2 1)              85.929
11653      (1 0 1 2 1 2 1)              85.928
11654      (0 0 4 3 2 1 1)              85.923
11655      (1 0 2 3 1 0 1)              85.919
11656      (1 0 3 1 2 1 2)              85.917
11657      (1 0 1 2 1 1 1)              85.914
11658      (0 0 4 2 1 2 1)              85.912
11659      (1 0 3 1 2 1 2)              85.911
11660      (1 0 3 1 2 1 2)              85.908
11661      (0 0 0 4 0 1 0)              85.902
11662      (0 1 0 0 2 2 1)              85.900
11663      (1 0 2 3 1 0 1)              85.897
11664      (0 0 4 3 2 1 1)              85.892
11665      (1 0 1 2 1 1 1)              85.890
11666      (0 0 4 6 1 2 1)              85.885
11667      (0 0 1 2 1 1 1)              85.881
11668      (1 0 1 2 1 1 1)              85.879
11669      (0 0 4 6 1 1 1)              85.876
11670      (1 0 2 3 2 1 2)              85.873
11671      (0 0 4 5 2 1 1)              85.868
11672      (1 0 2 3 1 0 1)              85.865
11673      (1 0 2 3 2 2 1)              85.865
11674      (1 0 2 3 2 1 1)              85.863
11675      (0 0 4 2 2 2 1)              85.858
11676      (1 0 1 2 1 2 1)              85.855
11677      (1 0 1 2 1 1 1)              85.853
11678      (0 0 4 3 2 1 1)              85.848
11679      (0 0 4 2 2 2 1)              85.845
11680      (1 0 2 3 1 0 1)              85.847
11681      (0 0 0 4 1 2 0)              85.842
11682      (1 0 2 3 1 2 0)              85.838
11683      (0 0 1 2 0 0 1)              85.833
11684      (0 0 4 2 2 2 1)              85.831
11685      (1 0 0 0 1 1 1)              85.828
11686      (0 0 4 2 2 2 1)              85.826
11687      (0 0 4 3 2 1 1)              85.821
11688      (0 0 4 2 2 2 1)              85.818
11689      (0 0 4 2 2 2 1)              85.816
11690      (0 0 4 5 2 1 1)              85.812
11691      (0 0 4 5 2 1 1)              85.809
11692      (1 0 0 0 0 0 0)              85.809
11693      (0 0 4 5 2 1 1)              85.804
11694      (1 0 1 2 1 1 1)              85.801
11695      (1 0 3 1 2 1 2)              85.799
11696      (1 0 1 2 1 2 1)              85.798
11697      (1 0 1 2 1 1 1)              85.795
11698      (1 0 1 2 1 2 1)              85.794
11699      (1 0 2 3 2 2 1)              85.794
11700      (0 0 4 2 2 2 1)              85.791
11701      (0 0 4 2 2 2 1)              85.789
11702      (1 0 2 3 2 1 2)              85.785
11703      (1 0 1 2 1 1 1)              85.783
11704      (1 0 0 0 1 0 1)              85.783
11705      (1 0 1 2 1 1 1)              85.780
11706      (1 0 2 3 2 2 1)              85.780
11707      (1 0 1 2 1 2 1)              85.778
11708      (1 0 0 0 1 2 0)              85.774
11709      (1 0 4 5 2 2 2)              85.773
11710      (1 0 2 3 1 0 1)              85.769
11711      (1 0 1 2 0 0 1)              85.766
11712      (1 0 1 2 1 1 1)              85.762
11713      (1 0 1 2 1 1 1)              85.757
11714      (0 0 1 2 0 0 1)              85.752
11715      (0 0 1 2 0 0 1)              85.747
11716      (1 0 3 1 2 1 2)              85.745
11717      (0 0 4 2 2 2 1)              85.742
11718      (1 0 1 2 1 2 1)              85.741
11719      (1 0 2 3 1 2 1)              85.742
11720      (1 0 1 2 1 1 1)              85.739
11721      (1 0 4 5 2 2 2)              85.737
11722      (0 0 1 2 1 1 1)              85.733
11723      (0 0 1 2 1 1 1)              85.729
11724      (1 0 1 2 1 1 1)              85.726
11725      (1 0 2 3 1 2 0)              85.723
11726      (1 0 1 2 1 2 1)              85.722
11727      (0 0 4 6 0 0 1)              85.718
11728      (0 0 4 6 0 0 1)              85.713
11729      (1 0 1 2 1 1 1)              85.712
11730      (1 0 1 2 1 1 1)              85.708
11731      (1 0 2 3 2 2 1)              85.703
11732      (1 0 1 2 1 1 1)              85.701
11733      (0 0 4 2 2 2 1)              85.698
11734      (0 0 4 3 2 1 1)              85.692
11735      (0 0 2 3 1 2 1)              85.687
11736      (1 0 2 3 2 1 2)              85.684
11737      (0 0 4 2 1 2 1)              85.681
11738      (1 0 3 1 2 1 2)              85.676
11739      (1 0 3 1 2 1 2)              85.672
11740      (0 0 1 2 1 1 1)              85.668
11741      (1 0 4 5 2 2 2)              85.667
11742      (0 0 4 6 1 2 1)              85.662
11743      (1 0 2 3 2 1 2)              85.658
11744      (1 0 3 1 2 1 2)              85.653
11745      (1 0 3 1 2 1 2)              85.650
11746      (0 0 4 2 2 2 1)              85.647
11747      (1 0 0 0 2 2 1)              85.645
11748      (1 0 1 2 1 2 1)              85.642
11749      (1 0 2 3 1 0 1)              85.640
11750      (0 0 4 2 1 2 1)              85.636
11751      (1 0 2 3 1 0 1)              85.634
11752      (0 0 2 3 2 0 2)              85.628
11753      (1 0 1 2 1 2 1)              85.625
11754      (1 0 3 1 2 1 2)              85.622
11755      (0 0 4 2 2 2 1)              85.619
11756      (1 0 1 2 1 2 1)              85.617
11757      (0 0 4 6 1 2 1)              85.614
11758      (1 0 2 3 1 0 1)              85.613
11759      (1 0 1 2 1 2 1)              85.610
11760      (0 0 1 2 1 1 1)              85.605
11761      (0 0 1 2 0 0 1)              85.600
11762      (0 0 4 2 2 2 1)              85.597
11763      (1 0 2 3 1 1 1)              85.595
11764      (1 0 2 3 1 2 1)              85.596
11765      (0 0 4 2 2 2 1)              85.594
11766      (1 0 2 3 1 1 1)              85.591
11767      (0 0 4 2 2 2 1)              85.589
11768      (1 0 2 3 1 1 1)              85.589
11769      (0 0 4 2 2 2 1)              85.587
11770      (1 0 2 3 2 2 1)              85.587
11771      (1 0 3 1 2 1 2)              85.584
11772      (1 0 2 3 1 2 1)              85.583
11773      (1 0 1 2 1 2 1)              85.581
11774      (1 0 2 3 2 2 1)              85.581
11775      (1 0 1 2 1 1 1)              85.577
11776      (1 0 2 3 2 1 2)              85.577
11777      (0 0 4 2 2 2 1)              85.575
11778      (1 0 3 1 2 1 2)              85.572
11779      (1 0 1 2 1 1 1)              85.570
11780      (0 0 4 2 2 2 1)              85.567
11781      (0 0 1 2 2 2 1)              85.564
11782      (1 0 1 2 1 2 1)              85.561
11783      (1 0 3 1 2 1 2)              85.559
11784      (1 0 1 2 1 1 1)              85.554
11785      (0 0 4 2 2 2 1)              85.552
11786      (0 0 4 2 2 2 1)              85.549
11787      (1 0 2 3 1 2 0)              85.547
11788      (1 0 1 2 1 2 1)              85.546
11789      (0 0 4 2 2 2 1)              85.542
11790      (1 0 2 3 2 1 2)              85.538
11791      (1 0 3 1 2 1 2)              85.533
11792      (1 0 3 1 2 1 2)              85.531
11793      (1 0 3 1 2 1 2)              85.527
11794      (1 0 3 1 2 1 2)              85.524
11795      (1 0 1 2 1 1 1)              85.521
11796      (0 0 1 2 1 1 1)              85.518
11797      (1 0 1 2 1 2 1)              85.513
11798      (1 0 3 1 2 1 2)              85.510
11799      (1 0 1 2 1 1 1)              85.507
11800      (1 0 3 1 2 1 2)              85.504
11801      (1 0 1 2 1 1 1)              85.502
11802      (1 0 2 3 2 1 2)              85.497
11803      (1 0 1 2 0 0 1)              85.494
11804      (1 0 1 2 1 2 1)              85.492
11805      (0 0 4 3 1 1 1)              85.491
11806      (0 0 4 6 1 2 1)              85.490
11807      (1 0 1 2 1 1 1)              85.488
11808      (1 0 2 3 1 0 1)              85.485
11809      (1 0 0 0 1 2 1)              85.484
11810      (1 0 2 3 1 0 1)              85.482
11811      (1 0 1 2 1 1 1)              85.479
11812      (1 0 3 1 2 1 2)              85.477
11813      (1 0 2 3 2 2 1)              85.477
11814      (0 0 0 4 0 1 0)              85.476
11815      (1 0 3 1 2 1 2)              85.472
11816      (1 0 3 1 2 1 2)              85.470
11817      (1 0 1 2 1 2 1)              85.468
11818      (0 0 4 2 2 2 1)              85.466
11819      (1 0 1 2 0 0 0)              85.462
11820      (1 0 1 2 1 1 1)              85.460
11821      (1 0 1 2 1 2 1)              85.459
11822      (0 0 1 2 0 0 1)              85.454
11823      (1 0 1 2 1 1 1)              85.452
11824      (1 0 2 3 1 1 1)              85.449
11825      (1 0 1 2 1 1 1)              85.447
11826      (0 0 1 2 1 1 1)              85.443
11827      (0 0 4 2 2 2 1)              85.438
11828      (0 1 4 6 2 2 2)              85.434
11829      (0 0 4 2 2 2 1)              85.430
11830      (0 0 2 3 1 2 1)              85.429
11831      (1 0 1 2 1 1 1)              85.426
11832      (1 0 1 2 1 1 1)              85.424
11833      (0 0 4 6 1 2 1)              85.420
11834      (1 0 1 2 1 2 1)              85.417
11835      (0 0 1 2 0 0 1)              85.412
11836      (0 0 4 2 2 2 1)              85.410
11837      (0 0 4 2 2 2 1)              85.407
11838      (1 0 1 2 1 2 1)              85.405
11839      (1 0 1 2 1 1 1)              85.402
11840      (0 0 4 5 2 1 1)              85.398
11841      (1 0 1 2 1 1 1)              85.395
11842      (1 0 2 3 1 0 1)              85.394
11843      (0 0 1 2 0 0 1)              85.389
11844      (0 0 2 3 1 2 1)              85.386
11845      (1 0 2 3 1 0 1)              85.383
11846      (0 0 2 3 2 0 2)              85.382
11847      (1 0 1 2 1 1 1)              85.378
11848      (0 0 4 5 2 1 1)              85.375
11849      (1 0 3 1 2 1 2)              85.370
11850      (1 0 2 3 1 0 1)              85.369
11851      (1 0 4 5 2 2 2)              85.368
11852      (1 0 1 2 1 2 1)              85.363
11853      (1 0 3 1 2 1 2)              85.359
11854      (1 0 1 2 0 0 1)              85.356
11855      (1 0 3 1 2 1 2)              85.352
11856      (0 0 4 2 2 2 1)              85.350
11857      (0 0 1 2 1 2 1)              85.346
11858      (0 0 4 6 0 0 1)              85.344
11859      (0 0 1 2 1 1 1)              85.339
11860      (0 0 4 5 2 1 1)              85.334
11861      (0 0 2 3 1 2 1)              85.333
11862      (1 0 2 3 2 1 2)              85.329
11863      (1 0 2 3 1 0 1)              85.331
11864      (1 0 2 3 1 0 1)              85.328
11865      (1 0 1 2 1 2 1)              85.326
11866      (0 0 1 2 1 1 1)              85.321
11867      (1 0 2 3 1 0 1)              85.319
11868      (1 0 1 2 1 1 1)              85.314
11869      (1 0 4 5 2 2 2)              85.313
11870      (0 0 1 2 0 0 1)              85.309
11871      (1 0 1 2 1 2 1)              85.306
11872      (1 0 1 2 1 1 1)              85.303
11873      (1 0 3 1 2 1 2)              85.300
11874      (1 0 0 0 1 2 0)              85.298
11875      (1 0 1 2 1 2 1)              85.297
11876      (1 0 1 2 1 1 1)              85.294
11877      (0 0 4 2 2 2 1)              85.291
11878      (1 0 1 2 1 2 1)              85.290
11879      (0 0 4 2 2 2 1)              85.288
11880      (1 0 3 1 2 1 2)              85.283
11881      (0 0 4 5 2 1 1)              85.279
11882      (1 0 1 2 0 0 1)              85.276
11883      (1 0 0 0 2 2 1)              85.272
11884      (1 0 1 2 1 2 1)              85.269
11885      (1 0 3 1 2 1 2)              85.264
11886      (1 0 2 3 1 0 1)              85.263
11887      (1 0 1 2 1 1 1)              85.260
11888      (1 0 1 2 1 2 1)              85.256
11889      (1 0 2 3 2 1 1)              85.253
11890      (1 0 2 3 1 0 1)              85.251
11891      (0 0 2 3 1 1 1)              85.251
11892      (1 0 3 1 2 1 2)              85.247
11893      (1 0 2 3 2 1 2)              85.244
11894      (1 0 1 2 1 2 1)              85.241
11895      (1 0 2 3 0 0 0)              85.240
11896      (0 0 4 3 1 1 1)              85.239
11897      (1 0 2 3 1 2 1)              85.240
11898      (1 0 2 3 1 1 1)              85.238
11899      (1 0 3 1 2 1 2)              85.236
11900      (1 0 1 2 1 1 1)              85.231
11901      (1 0 3 1 2 1 2)              85.228
11902      (1 0 1 2 0 0 1)              85.226
11903      (0 0 4 2 2 2 1)              85.224
11904      (1 0 1 2 1 1 1)              85.221
11905      (1 0 2 3 2 1 2)              85.218
11906      (0 0 4 2 2 2 1)              85.215
11907      (1 0 2 3 1 0 1)              85.213
11908      (1 0 1 2 1 1 1)              85.211
11909      (1 0 2 3 2 2 1)              85.211
11910      (1 0 1 2 1 1 1)              85.207
11911      (1 0 2 3 1 2 1)              85.206
11912      (1 0 1 2 1 2 1)              85.204
11913      (1 0 3 1 2 1 2)              85.202
11914      (1 0 1 2 1 1 1)              85.200
11915      (1 0 1 2 1 1 1)              85.199
11916      (0 0 4 2 2 2 1)              85.197
11917      (1 0 3 1 2 1 2)              85.194
11918      (1 0 1 2 1 1 1)              85.192
11919      (1 0 2 3 1 2 1)              85.193
11920      (0 0 4 6 0 0 1)              85.190
11921      (0 0 4 3 1 1 1)              85.186
11922      (1 0 1 2 0 0 1)              85.182
11923      (0 0 1 2 1 1 1)              85.176
11924      (1 0 2 3 1 1 1)              85.174
11925      (0 0 4 3 1 1 1)              85.169
11926      (1 0 2 3 1 0 1)              85.168
11927      (1 0 1 2 1 1 1)              85.167
11928      (1 0 1 2 1 1 1)              85.163
11929      (1 0 2 3 1 0 1)              85.161
11930      (1 0 1 2 1 1 1)              85.159
11931      (1 0 3 1 2 1 2)              85.155
11932      (0 0 4 6 1 2 1)              85.155
11933      (1 0 2 3 2 1 2)              85.155
11934      (1 0 3 1 2 1 2)              85.153
11935      (0 0 4 2 2 2 1)              85.152
11936      (0 0 4 3 1 1 1)              85.151
11937      (0 0 4 2 2 2 1)              85.150
11938      (1 0 1 2 1 2 1)              85.148
11939      (1 0 2 3 2 1 2)              85.145
11940      (1 0 1 2 1 2 1)              85.144
11941      (0 0 4 2 2 2 1)              85.141
11942      (0 0 4 3 2 1 1)              85.137
11943      (1 0 2 3 1 2 0)              85.134
11944      (1 0 1 2 1 1 1)              85.133
11945      (1 0 1 2 1 1 1)              85.131
11946      (1 0 1 2 1 1 1)              85.126
11947      (1 0 3 1 2 1 2)              85.124
11948      (0 0 4 2 2 2 1)              85.121
11949      (1 0 1 2 1 2 1)              85.120
11950      (1 0 1 2 1 2 1)              85.118
11951      (1 0 2 3 2 1 2)              85.114
11952      (1 0 2 3 1 0 1)              85.112
11953      (1 0 1 2 1 2 1)              85.111
11954      (1 0 3 1 2 1 2)              85.108
11955      (1 0 2 3 2 1 2)              85.105
11956      (1 0 2 3 1 0 1)              85.103
11957      (0 0 2 3 2 0 2)              85.098
11958      (1 0 2 3 2 1 2)              85.094
11959      (0 0 4 2 1 2 1)              85.093
11960      (1 0 1 2 1 1 1)              85.091
11961      (1 0 1 2 1 1 1)              85.087
11962      (0 0 4 2 2 2 1)              85.086
11963      (1 0 1 2 0 0 1)              85.084
11964      (1 0 2 3 1 0 1)              85.081
11965      (1 0 1 2 1 1 1)              85.077
11966      (1 0 1 2 1 1 1)              85.074
11967      (0 0 4 2 2 2 1)              85.072
11968      (1 0 1 2 1 1 1)              85.068
11969      (1 0 4 5 2 2 2)              85.067
11970      (0 0 2 3 1 2 1)              85.064
11971      (1 0 1 2 1 1 1)              85.061
11972      (1 0 2 3 1 2 1)              85.063
11973      (1 0 1 2 0 0 0)              85.058
11974      (1 0 1 2 1 1 1)              85.057
11975      (1 0 1 2 0 0 1)              85.053
11976      (0 0 4 2 2 2 1)              85.051
11977      (1 0 1 2 1 1 1)              85.050
11978      (1 0 1 2 1 1 1)              85.046
11979      (1 0 1 2 1 2 1)              85.044
11980      (1 0 1 2 1 1 1)              85.042
11981      (1 0 2 3 2 1 2)              85.038
11982      (1 0 1 2 1 2 1)              85.037
11983      (0 0 4 2 2 2 1)              85.035
11984      (1 0 1 2 1 2 1)              85.030
11985      (1 0 1 2 1 2 1)              85.028
11986      (0 0 4 3 2 1 1)              85.025
11987      (1 0 1 2 1 1 1)              85.023
11988      (1 0 2 3 1 0 1)              85.021
11989      (1 0 1 2 1 2 1)              85.017
11990      (1 0 0 0 1 2 1)              85.016
11991      (0 0 1 2 0 0 1)              85.011
11992      (0 0 1 2 0 0 1)              85.008
11993      (1 0 2 3 1 0 1)              85.005
11994      (0 0 4 2 2 2 1)              85.003
11995      (1 0 3 1 2 1 2)              85.001
11996      (0 0 4 2 2 2 1)              84.998
11997      (1 0 1 2 1 1 1)              84.994
11998      (1 0 1 2 1 1 1)              84.990
11999      (1 0 0 0 0 2 1)              84.988
12000      (1 0 1 2 1 2 1)              84.986
12001      (1 0 1 2 0 0 1)              84.983
12002      (1 0 2 3 1 0 1)              84.982
12003      (0 0 1 2 1 1 1)              84.977
12004      (1 0 2 3 2 1 2)              84.974
12005      (0 0 1 2 1 1 1)              84.970
12006      (1 0 1 2 1 1 1)              84.967
12007      (0 0 4 2 2 2 1)              84.964
12008      (1 0 2 3 1 0 1)              84.962
12009      (1 0 1 2 1 2 1)              84.960
12010      (1 0 2 3 1 0 1)              84.959
12011      (1 0 1 2 0 0 1)              84.955
12012      (1 0 1 2 1 1 1)              84.953
12013      (1 0 1 2 0 0 1)              84.949
12014      (1 0 1 2 1 1 1)              84.947
12015      (0 0 4 6 1 1 1)              84.945
12016      (0 0 4 2 2 2 1)              84.939
12017      (0 0 0 4 1 2 0)              84.938
12018      (1 0 2 3 1 1 1)              84.938
12019      (1 0 1 2 1 1 1)              84.934
12020      (1 0 3 1 2 1 2)              84.931
12021      (0 0 1 2 0 0 1)              84.926
12022      (1 0 1 2 1 1 1)              84.924
12023      (0 0 4 6 0 0 1)              84.921
12024      (1 0 1 2 1 1 1)              84.918
12025      (1 0 2 3 1 0 1)              84.916
12026      (1 0 3 1 2 1 2)              84.912
12027      (1 0 1 2 1 2 1)              84.909
12028      (1 0 3 1 2 1 2)              84.906
12029      (1 0 3 1 2 1 2)              84.905
12030      (1 0 1 2 1 2 1)              84.902
12031      (1 0 2 3 1 0 1)              84.903
12032      (1 0 2 3 1 2 0)              84.901
12033      (1 0 1 2 1 1 1)              84.897
12034      (1 0 1 2 1 1 1)              84.895
12035      (1 0 3 1 2 1 2)              84.891
12036      (0 0 4 3 1 1 1)              84.887
12037      (1 0 2 3 1 2 1)              84.884
12038      (0 0 4 3 2 1 1)              84.880
12039      (1 0 1 2 1 1 1)              84.877
12040      (1 0 1 2 1 2 1)              84.876
12041      (1 0 3 1 2 1 2)              84.872
12042      (0 0 2 3 1 2 1)              84.870
12043      (0 0 4 2 2 2 1)              84.868
12044      (0 0 4 2 2 2 1)              84.867
12045      (1 0 2 3 1 0 1)              84.868
12046      (1 0 1 2 1 2 1)              84.867
12047      (0 0 0 4 0 1 0)              84.861
12048      (0 0 4 2 2 2 1)              84.857
12049      (1 0 1 2 1 0 1)              84.854
12050      (0 0 4 5 2 1 1)              84.851
12051      (1 0 1 2 1 1 1)              84.847
12052      (1 0 1 2 1 2 1)              84.846
12053      (1 0 1 2 1 2 1)              84.843
12054      (1 0 2 3 2 2 1)              84.843
12055      (1 0 1 2 1 2 1)              84.842
12056      (0 0 4 2 2 2 1)              84.839
12057      (1 0 1 2 1 1 1)              84.837
12058      (0 1 0 0 2 2 1)              84.835
12059      (1 0 1 2 1 1 1)              84.832
12060      (1 0 4 5 2 2 2)              84.830
12061      (0 0 4 5 2 1 1)              84.825
12062      (0 0 4 5 2 1 1)              84.821
12063      (1 0 1 2 1 1 1)              84.820
12064      (1 0 3 1 2 1 2)              84.817
12065      (1 0 1 2 1 1 1)              84.815
12066      (0 0 4 2 2 2 1)              84.813
12067      (1 0 1 2 1 1 1)              84.810
12068      (0 0 4 2 2 2 1)              84.808
12069      (1 0 1 2 1 1 1)              84.806
12070      (0 0 4 6 0 0 1)              84.804
12071      (0 0 1 2 1 1 1)              84.800
12072      (1 0 2 3 2 1 2)              84.797
12073      (0 0 4 2 2 2 1)              84.793
12074      (1 0 2 3 1 0 1)              84.792
12075      (1 0 1 2 1 1 1)              84.790
12076      (1 0 0 0 1 1 1)              84.787
12077      (1 0 2 3 2 1 2)              84.788
12078      (0 0 1 2 1 1 1)              84.784
12079      (1 0 1 2 1 1 1)              84.781
12080      (1 0 1 2 0 0 1)              84.777
12081      (1 0 1 2 1 2 1)              84.776
12082      (1 0 1 2 1 2 1)              84.774
12083      (1 0 3 1 2 1 2)              84.770
12084      (1 0 1 2 1 1 1)              84.768
12085      (1 0 1 2 1 2 1)              84.767
12086      (0 0 4 6 1 2 1)              84.762
12087      (1 0 1 2 0 0 1)              84.759
12088      (1 0 1 2 1 1 1)              84.756
12089      (1 0 1 2 1 2 1)              84.754
12090      (1 0 1 2 1 1 1)              84.753
12091      (1 0 1 2 1 1 1)              84.752
12092      (1 0 1 2 1 1 1)              84.748
12093      (0 0 4 6 0 0 1)              84.746
12094      (1 0 1 2 1 1 1)              84.744
12095      (0 0 4 2 2 2 1)              84.743
12096      (1 0 2 3 2 1 2)              84.739
12097      (1 0 3 1 2 1 2)              84.736
12098      (1 0 0 0 1 2 1)              84.735
12099      (1 0 2 3 1 0 1)              84.732
12100      (1 0 1 2 1 1 1)              84.730
12101      (1 0 1 2 1 1 1)              84.728
12102      (0 0 0 4 1 2 0)              84.724
12103      (1 0 3 1 2 1 2)              84.722
12104      (1 0 1 2 1 1 1)              84.720
12105      (1 0 1 2 1 1 1)              84.718
12106      (0 0 2 3 2 0 2)              84.712
12107      (1 0 1 2 0 0 0)              84.707
12108      (0 0 1 2 0 0 1)              84.702
12109      (0 0 4 2 2 2 1)              84.700
12110      (0 0 4 6 1 2 1)              84.698
12111      (1 0 1 2 1 1 1)              84.693
12112      (0 0 4 3 1 1 1)              84.690
12113      (0 0 4 5 1 0 1)              84.685
12114      (1 0 3 1 2 1 2)              84.680
12115      (0 0 2 3 1 2 1)              84.678
12116      (1 0 2 3 2 2 1)              84.678
12117      (0 0 1 2 1 1 1)              84.675
12118      (1 0 1 2 1 2 1)              84.673
12119      (1 0 1 2 1 1 1)              84.670
12120      (0 0 4 2 2 2 1)              84.668
12121      (1 0 2 3 1 2 1)              84.667
12122      (1 0 3 1 2 1 2)              84.663
12123      (0 0 4 6 1 2 1)              84.664
12124      (1 0 1 2 1 1 1)              84.661
12125      (0 0 4 2 2 2 1)              84.659
12126      (1 0 1 2 1 1 1)              84.657
12127      (1 0 1 2 1 2 1)              84.654
12128      (0 0 1 2 1 1 1)              84.651
12129      (0 0 4 2 2 2 1)              84.649
12130      (1 0 1 2 2 2 1)              84.648
12131      (1 0 2 3 1 0 1)              84.645
12132      (1 0 1 2 1 1 1)              84.643
12133      (0 0 4 6 2 1 1)              84.640
12134      (0 0 4 2 2 2 1)              84.637
12135      (1 0 2 3 1 2 0)              84.635
12136      (0 0 4 2 2 2 1)              84.634
12137      (0 0 4 2 2 2 1)              84.632
12138      (0 0 4 3 2 1 1)              84.629
12139      (1 0 4 5 2 2 2)              84.628
12140      (1 0 3 1 2 1 2)              84.626
12141      (0 0 4 4 1 1 1)              84.624
12142      (1 0 2 3 1 0 1)              84.625
12143      (1 0 2 3 2 1 2)              84.622
12144      (0 0 4 6 0 0 1)              84.619
12145      (1 0 1 2 1 1 1)              84.617
12146      (1 0 0 0 0 2 1)              84.616
12147      (1 0 1 2 1 1 1)              84.614
12148      (1 0 1 2 0 0 1)              84.610
12149      (1 0 1 2 1 2 1)              84.609
12150      (1 0 1 2 1 1 1)              84.607
12151      (0 0 4 2 2 2 1)              84.605
12152      (0 0 4 6 1 2 1)              84.605
12153      (1 0 1 2 1 2 1)              84.604
12154      (0 0 4 2 2 2 1)              84.600
12155      (0 0 2 3 1 1 1)              84.596
12156      (1 0 1 2 1 2 1)              84.595
12157      (1 0 1 2 1 1 1)              84.592
12158      (0 0 4 2 2 2 1)              84.590
12159      (1 0 3 1 2 1 2)              84.588
12160      (0 0 4 2 2 2 1)              84.584
12161      (0 0 4 3 2 1 1)              84.580
12162      (1 0 1 2 0 0 1)              84.576
12163      (1 0 4 5 2 2 2)              84.575
12164      (1 0 1 2 1 1 1)              84.573
12165      (0 0 4 5 2 1 1)              84.568
12166      (1 0 1 2 1 2 1)              84.565
12167      (1 0 1 2 1 1 1)              84.563
12168      (1 0 2 3 1 0 1)              84.562
12169      (1 0 2 3 1 0 1)              84.559
12170      (1 0 1 2 1 1 1)              84.557
12171      (1 0 2 3 1 0 1)              84.558
12172      (0 0 2 3 1 2 1)              84.555
12173      (1 0 0 0 0 0 0)              84.555
12174      (1 0 1 2 1 1 1)              84.554
12175      (0 0 4 5 2 1 1)              84.549
12176      (1 0 1 2 1 2 1)              84.547
12177      (1 0 2 3 1 2 0)              84.544
12178      (0 1 4 6 0 0 1)              84.538
12179      (0 0 0 4 0 1 0)              84.532
12180      (0 0 2 3 1 2 1)              84.530
12181      (1 0 0 0 1 0 1)              84.530
12182      (1 0 1 2 1 1 1)              84.526
12183      (0 0 4 2 2 2 1)              84.524
12184      (0 0 4 2 2 2 1)              84.522
12185      (1 0 1 2 1 1 1)              84.519
12186      (0 0 4 2 2 2 1)              84.516
12187      (1 0 0 0 2 2 1)              84.516
12188      (0 0 2 3 1 2 1)              84.516
12189      (0 0 4 6 1 2 1)              84.513
12190      (1 0 1 2 1 2 1)              84.512
12191      (1 0 1 2 1 2 1)              84.509
12192      (0 0 4 2 2 2 1)              84.506
12193      (1 0 1 2 1 1 1)              84.503
12194      (1 0 2 3 1 2 0)              84.499
12195      (1 0 2 3 1 2 0)              84.497
12196      (1 0 1 2 1 1 1)              84.494
12197      (1 0 2 3 1 2 0)              84.490
12198      (0 0 4 2 2 2 1)              84.488
12199      (0 0 2 3 1 2 1)              84.486
12200      (0 0 4 2 2 2 1)              84.484
12201      (0 0 4 6 1 2 1)              84.479
12202      (0 0 4 6 2 2 1)              84.474
12203      (1 0 1 2 1 2 1)              84.473
12204      (1 0 4 5 2 2 2)              84.472
12205      (1 0 3 1 2 1 2)              84.470
12206      (0 0 4 2 2 2 1)              84.468
12207      (1 0 1 2 0 0 0)              84.463
12208      (1 0 1 2 1 2 1)              84.460
12209      (0 0 1 2 1 1 1)              84.455
12210      (1 0 1 2 1 1 1)              84.453
12211      (1 0 1 2 1 1 1)              84.451
12212      (1 0 1 2 1 1 1)              84.449
12213      (1 0 2 3 1 0 1)              84.446
12214      (1 0 1 2 2 2 1)              84.445
12215      (0 0 4 2 1 2 1)              84.443
12216      (1 0 1 2 0 0 0)              84.440
12217      (1 0 0 0 2 2 1)              84.440
12218      (0 0 4 3 1 1 1)              84.439
12219      (1 0 1 2 0 0 0)              84.435
12220      (1 0 1 2 1 1 1)              84.433
12221      (0 0 4 6 2 1 1)              84.430
12222      (1 0 2 3 2 1 2)              84.426
12223      (0 0 4 2 2 2 1)              84.424
12224      (1 0 1 2 0 0 0)              84.420
12225      (1 0 3 1 2 1 2)              84.418
12226      (1 0 1 2 1 1 1)              84.415
12227      (0 0 4 2 2 2 1)              84.413
12228      (1 0 1 2 1 2 1)              84.412
12229      (1 0 1 2 1 1 1)              84.409
12230      (1 0 3 1 2 1 2)              84.407
12231      (1 0 1 2 1 1 1)              84.405
12232      (1 0 3 1 2 1 2)              84.403
12233      (1 0 0 0 1 2 1)              84.402
12234      (1 0 2 3 2 1 2)              84.398
12235      (1 0 1 2 1 1 1)              84.396
12236      (0 0 4 2 2 2 1)              84.394
12237      (0 0 0 4 1 2 0)              84.391
12238      (0 0 4 2 2 2 1)              84.389
12239      (0 0 4 2 2 2 1)              84.386
12240      (0 0 4 5 2 1 1)              84.381
12241      (1 0 1 2 1 1 1)              84.379
12242      (0 0 1 2 1 1 1)              84.374
12243      (0 0 1 2 2 2 1)              84.370
12244      (0 0 1 2 1 1 1)              84.368
12245      (1 0 2 3 0 0 0)              84.364
12246      (1 0 1 2 0 0 1)              84.361
12247      (0 0 4 2 2 2 1)              84.359
12248      (0 0 4 6 2 1 1)              84.354
12249      (1 0 1 2 1 2 1)              84.352
12250      (0 0 1 2 1 1 1)              84.347
12251      (1 0 3 1 2 1 2)              84.343
12252      (1 0 0 0 1 2 0)              84.339
12253      (0 0 4 2 1 2 1)              84.336
12254      (0 0 4 2 2 2 1)              84.334
12255      (0 0 4 2 2 2 1)              84.331
12256      (1 0 1 2 1 2 1)              84.327
12257      (1 0 1 2 1 1 1)              84.324
12258      (1 0 2 3 1 0 1)              84.321
12259      (1 0 2 3 1 1 1)              84.318
12260      (1 0 3 1 2 1 2)              84.315
12261      (1 0 1 2 1 2 1)              84.311
12262      (0 0 4 3 2 1 1)              84.307
12263      (1 0 1 2 1 1 1)              84.302
12264      (1 0 0 0 0 2 1)              84.300
12265      (1 0 1 2 1 2 1)              84.298
12266      (1 0 1 2 1 1 1)              84.293
12267      (1 0 1 2 1 1 1)              84.291
12268      (0 0 4 2 2 2 1)              84.289
12269      (1 0 1 2 1 2 1)              84.286
12270      (1 0 2 3 1 1 1)              84.284
12271      (1 0 1 2 1 1 1)              84.282
12272      (1 0 1 2 1 1 1)              84.280
12273      (1 0 1 2 1 2 1)              84.279
12274      (1 0 1 2 1 2 1)              84.277
12275      (1 0 3 1 2 1 2)              84.274
12276      (1 0 3 1 2 1 2)              84.272
12277      (1 0 1 2 0 0 1)              84.270
12278      (1 0 2 3 1 0 1)              84.268
12279      (0 0 4 2 2 2 1)              84.265
12280      (0 0 4 2 2 2 1)              84.261
12281      (1 0 2 3 1 2 1)              84.260
12282      (1 0 1 2 0 0 1)              84.258
12283      (1 0 1 2 1 2 1)              84.257
12284      (1 0 1 2 1 1 1)              84.252
12285      (0 0 4 2 2 2 1)              84.250
12286      (1 0 2 3 1 0 1)              84.248
12287      (1 0 1 2 1 1 1)              84.243
12288      (1 0 1 2 2 2 1)              84.242
12289      (1 0 3 1 2 1 2)              84.237
12290      (0 0 1 2 1 1 1)              84.234
12291      (1 0 2 3 2 2 1)              84.234
12292      (0 0 0 0 1 1 1)              84.232
12293      (0 0 1 2 1 1 0)              84.226
12294      (0 0 1 2 1 2 1)              84.222
12295      (0 0 4 2 2 2 1)              84.218
12296      (1 0 1 2 1 2 1)              84.215
12297      (0 0 1 2 1 1 1)              84.211
12298      (0 0 1 2 0 0 1)              84.207
12299      (0 0 4 2 2 2 1)              84.204
12300      (0 0 4 5 2 1 1)              84.200
12301      (1 0 1 2 2 2 1)              84.199
12302      (1 0 1 2 1 1 1)              84.197
12303      (0 0 4 3 1 1 1)              84.196
12304      (0 0 4 3 2 1 1)              84.192
12305      (1 0 3 1 2 1 2)              84.188
12306      (1 0 3 1 2 1 2)              84.185
12307      (1 0 1 2 0 0 0)              84.182
12308      (1 0 3 1 2 1 2)              84.178
12309      (1 0 2 3 1 1 1)              84.176
12310      (1 0 1 2 0 0 1)              84.173
12311      (1 0 3 1 2 1 2)              84.172
12312      (1 0 2 3 2 1 2)              84.168
12313      (1 0 3 1 2 1 2)              84.166
12314      (0 0 4 2 2 2 1)              84.164
12315      (1 0 2 3 1 0 1)              84.162
12316      (1 0 1 2 1 1 1)              84.158
12317      (1 0 2 3 2 1 1)              84.155
12318      (0 0 4 6 0 0 1)              84.153
12319      (1 0 2 3 1 0 1)              84.152
12320      (1 0 1 2 1 1 1)              84.147
12321      (0 0 4 6 1 2 1)              84.146
12322      (1 0 1 2 1 2 1)              84.145
12323      (0 0 4 5 2 1 1)              84.142
12324      (1 0 1 2 1 1 1)              84.140
12325      (0 0 4 2 2 2 1)              84.137
12326      (1 0 1 2 1 1 1)              84.135
12327      (1 0 1 2 0 0 0)              84.132
12328      (0 0 4 2 2 2 1)              84.130
12329      (1 0 1 2 1 0 1)              84.127
12330      (1 0 1 2 1 2 1)              84.125
12331      (1 0 1 2 1 2 1)              84.122
12332      (1 0 1 2 1 1 1)              84.120
12333      (1 0 4 5 2 2 2)              84.119
12334      (1 0 1 2 1 2 1)              84.116
12335      (1 0 1 2 1 2 1)              84.112
12336      (1 0 0 0 1 1 1)              84.110
12337      (1 0 4 5 2 2 2)              84.109
12338      (1 0 1 2 1 1 1)              84.106
12339      (1 0 3 1 2 1 2)              84.103
12340      (1 0 0 0 1 2 1)              84.102
12341      (1 0 3 1 2 1 2)              84.100
12342      (0 0 1 2 2 2 1)              84.097
12343      (0 0 4 2 2 2 1)              84.094
12344      (0 0 4 2 2 2 1)              84.092
12345      (1 0 1 2 0 0 1)              84.090
12346      (1 0 1 2 1 1 1)              84.088
12347      (0 1 4 6 2 2 2)              84.084
12348      (0 0 4 5 2 1 1)              84.082
12349      (1 0 1 2 1 1 1)              84.079
12350      (1 0 1 2 1 1 1)              84.077
12351      (1 0 1 2 0 0 1)              84.073
12352      (0 0 0 4 0 1 0)              84.070
12353      (1 0 1 2 1 2 1)              84.068
12354      (1 0 1 2 1 1 1)              84.063
12355      (1 0 1 2 1 2 1)              84.061
12356      (1 0 1 2 0 0 1)              84.058
12357      (1 0 2 3 1 2 1)              84.057
12358      (0 0 4 3 2 1 1)              84.052
12359      (1 0 2 3 2 1 2)              84.049
12360      (0 0 4 5 2 1 1)              84.045
12361      (1 0 2 3 1 1 1)              84.042
12362      (1 0 1 2 1 2 1)              84.040
12363      (1 0 3 1 1 1 1)              84.038
12364      (1 0 1 2 1 1 1)              84.036
12365      (0 0 1 2 1 1 1)              84.031
12366      (1 0 1 2 1 2 1)              84.030
12367      (0 0 4 2 2 2 1)              84.028
12368      (1 0 2 3 1 1 1)              84.026
12369      (0 1 4 6 0 0 1)              84.021
12370      (0 0 4 6 0 0 1)              84.018
12371      (1 0 2 3 2 1 1)              84.016
12372      (1 0 0 0 1 2 0)              84.015
12373      (1 0 1 2 1 1 1)              84.013
12374      (0 0 4 2 2 2 1)              84.011
12375      (1 0 1 2 1 1 1)              84.007
12376      (0 0 4 2 2 2 1)              84.005
12377      (1 0 1 2 1 1 1)              84.002
12378      (0 0 4 3 2 1 1)              83.996
12379      (1 0 4 5 2 2 2)              83.995
12380      (1 0 2 3 2 1 2)              83.992
12381      (0 0 2 3 1 2 1)              83.992
12382      (1 0 3 1 2 1 2)              83.990
12383      (1 0 1 2 1 1 1)              83.988
12384      (1 0 1 2 1 1 1)              83.984
12385      (1 0 2 3 1 2 0)              83.981
12386      (0 0 0 4 2 2 1)              83.980
12387      (1 0 1 2 1 1 1)              83.975
12388      (1 0 2 3 1 2 0)              83.973
12389      (1 0 1 2 1 2 1)              83.972
12390      (0 0 4 2 2 2 1)              83.970
12391      (1 0 1 2 1 2 1)              83.968
12392      (1 0 2 3 1 1 1)              83.966
12393      (1 0 3 1 2 1 2)              83.964
12394      (1 0 2 3 1 0 1)              83.961
12395      (0 0 4 2 2 2 1)              83.959
12396      (0 0 1 2 1 1 1)              83.956
12397      (1 0 2 3 1 0 1)              83.955
12398      (1 0 2 3 2 1 2)              83.952
12399      (0 0 1 2 1 1 1)              83.947
12400      (1 0 2 3 1 0 1)              83.945
12401      (1 0 1 2 1 1 1)              83.943
12402      (1 0 1 2 1 2 1)              83.941
12403      (1 0 3 1 2 1 2)              83.937
12404      (1 0 2 3 1 0 1)              83.935
12405      (1 0 1 2 1 2 1)              83.934
12406      (0 0 4 2 2 2 1)              83.931
12407      (1 0 0 0 0 0 1)              83.930
12408      (1 0 3 1 2 1 2)              83.928
12409      (1 0 2 3 1 0 1)              83.925
12410      (1 0 3 1 2 1 2)              83.922
12411      (0 0 4 6 1 2 1)              83.920
12412      (0 0 4 3 2 1 1)              83.915
12413      (0 0 4 2 2 2 1)              83.913
12414      (0 0 4 5 2 1 1)              83.910
12415      (1 0 1 2 1 2 1)              83.909
12416      (1 0 1 2 1 1 1)              83.907
12417      (1 0 2 3 1 0 1)              83.905
12418      (1 0 0 0 1 0 1)              83.905
12419      (1 0 1 2 2 2 1)              83.904
12420      (1 0 1 2 0 0 1)              83.900
12421      (0 0 4 2 2 2 1)              83.896
12422      (1 0 1 2 1 2 1)              83.895
12423      (1 0 0 0 0 1 1)              83.893
12424      (0 0 1 2 1 1 1)              83.890
12425      (1 0 1 2 1 2 1)              83.887
12426      (1 0 3 1 2 1 2)              83.884
12427      (0 0 4 2 2 2 1)              83.882
12428      (0 0 4 5 2 1 1)              83.879
12429      (1 0 1 2 1 2 1)              83.878
12430      (0 0 4 2 2 2 1)              83.874
12431      (1 0 1 2 0 0 1)              83.871
12432      (1 0 1 2 2 2 1)              83.870
12433      (1 0 1 2 0 0 0)              83.867
12434      (1 0 3 1 2 1 2)              83.863
12435      (1 0 2 3 2 1 1)              83.860
12436      (1 0 1 2 1 2 1)              83.859
12437      (1 0 1 2 1 1 1)              83.857
12438      (0 0 1 2 1 1 1)              83.854
12439      (0 0 4 3 1 1 1)              83.849
12440      (0 0 4 6 2 2 1)              83.847
12441      (1 0 1 2 1 1 1)              83.845
12442      (1 0 1 2 1 1 1)              83.840
12443      (1 0 1 2 1 1 1)              83.837
12444      (1 0 1 2 0 0 1)              83.835
12445      (1 0 1 2 0 0 1)              83.832
12446      (1 0 1 2 1 1 1)              83.830
12447      (1 0 1 2 1 2 1)              83.825
12448      (1 0 3 1 2 1 2)              83.823
12449      (1 0 1 2 1 1 1)              83.821
12450      (0 0 4 6 0 0 1)              83.819
12451      (1 0 2 3 1 2 1)              83.816
12452      (1 0 1 2 1 2 1)              83.816
12453      (1 0 1 2 1 1 1)              83.813
12454      (0 0 4 2 2 2 1)              83.811
12455      (1 0 1 2 1 1 1)              83.809
12456      (0 0 4 2 2 2 1)              83.807
12457      (1 0 1 2 0 0 1)              83.804
12458      (1 0 1 2 1 1 1)              83.801
12459      (1 0 2 3 0 0 0)              83.800
12460      (1 0 1 2 1 1 1)              83.797
12461      (0 0 4 2 2 2 1)              83.795
12462      (0 0 4 5 2 1 1)              83.792
12463      (1 0 1 2 1 1 1)              83.790
12464      (1 0 0 0 1 1 1)              83.787
12465      (1 0 1 2 0 0 0)              83.784
12466      (1 0 1 2 1 2 1)              83.783
12467      (0 0 2 3 1 2 1)              83.781
12468      (1 0 1 2 1 1 1)              83.780
12469      (1 0 1 2 1 1 1)              83.778
12470      (0 0 4 2 2 2 1)              83.777
12471      (1 0 1 2 0 0 0)              83.774
12472      (1 0 1 2 1 2 1)              83.770
12473      (1 0 1 2 1 2 1)              83.768
12474      (1 0 2 3 1 0 1)              83.767
12475      (1 0 3 1 2 1 2)              83.764
12476      (1 0 1 2 1 1 1)              83.762
12477      (1 0 2 3 1 0 1)              83.761
12478      (0 0 4 2 2 2 1)              83.758
12479      (1 0 2 3 1 1 1)              83.754
12480      (0 0 2 3 1 2 1)              83.751
12481      (1 0 1 2 1 2 1)              83.750
12482      (1 0 1 2 0 0 1)              83.747
12483      (0 0 4 2 2 2 1)              83.743
12484      (1 0 3 1 2 1 2)              83.741
12485      (1 0 1 2 1 1 1)              83.740
12486      (0 0 4 2 2 2 1)              83.738
12487      (0 0 1 2 1 1 1)              83.735
12488      (1 0 1 2 0 0 0)              83.730
12489      (1 0 1 2 1 2 1)              83.727
12490      (1 0 1 2 1 1 1)              83.724
12491      (1 0 2 3 0 0 0)              83.723
12492      (1 0 1 2 1 2 1)              83.721
12493      (1 0 2 3 1 1 1)              83.717
12494      (1 0 3 1 2 1 2)              83.713
12495      (0 0 2 3 1 2 1)              83.713
12496      (1 0 2 3 1 2 0)              83.711
12497      (1 0 1 2 1 2 1)              83.710
12498      (0 0 4 2 2 2 1)              83.708
12499      (1 0 1 2 1 1 1)              83.706
12500      (1 0 0 0 2 2 1)              83.706
12501      (0 0 2 3 1 2 1)              83.703
12502      (1 0 1 2 1 1 1)              83.701
12503      (1 0 1 2 1 2 1)              83.700
12504      (0 0 4 5 2 1 1)              83.695
12505      (1 0 1 2 1 1 1)              83.691
12506      (1 0 1 2 1 2 1)              83.690
12507      (0 0 4 6 0 0 1)              83.688
12508      (1 0 2 3 2 1 1)              83.686
12509      (1 0 0 0 2 2 1)              83.686
12510      (1 0 1 2 0 0 0)              83.682
12511      (0 1 0 0 2 2 1)              83.680
12512      (0 0 4 2 2 2 1)              83.679
12513      (1 0 2 3 1 2 1)              83.678
12514      (0 0 2 3 1 1 1)              83.675
12515      (0 0 4 2 2 2 1)              83.673
12516      (1 0 1 2 1 2 1)              83.670
12517      (0 0 4 2 2 2 1)              83.668
12518      (1 0 0 0 2 2 1)              83.668
12519      (1 0 1 2 1 1 1)              83.664
12520      (1 0 2 3 1 0 1)              83.662
12521      (1 0 3 1 2 1 2)              83.658
12522      (1 0 1 2 1 1 1)              83.657
12523      (1 0 0 0 2 2 1)              83.657
12524      (1 0 1 2 1 1 1)              83.655
12525      (1 0 2 3 1 2 1)              83.652
12526      (1 0 1 2 1 1 1)              83.648
12527      (1 0 1 2 1 1 1)              83.646
12528      (1 0 1 2 0 0 1)              83.644
12529      (0 0 1 2 0 0 1)              83.640
12530      (1 0 2 3 2 1 2)              83.637
12531      (1 0 1 2 1 1 1)              83.633
12532      (1 0 1 2 0 0 1)              83.631
12533      (1 0 1 2 1 1 1)              83.629
12534      (1 0 2 3 1 2 1)              83.626
12535      (1 0 1 2 1 2 1)              83.621
12536      (0 0 4 2 1 2 1)              83.619
12537      (1 0 3 1 2 1 2)              83.615
12538      (1 0 1 2 1 1 1)              83.613
12539      (1 0 2 3 2 1 2)              83.610
12540      (1 0 1 2 1 1 1)              83.606
12541      (0 0 4 2 2 2 1)              83.604
12542      (0 0 4 2 2 2 1)              83.602
12543      (1 0 1 2 1 2 1)              83.601
12544      (1 0 1 2 1 1 1)              83.598
12545      (0 0 4 2 2 2 1)              83.596
12546      (1 0 1 2 1 1 1)              83.595
12547      (0 0 4 5 2 1 1)              83.592
12548      (1 0 1 2 1 2 1)              83.591
12549      (1 0 3 1 2 1 2)              83.586
12550      (1 0 1 2 0 0 1)              83.583
12551      (1 0 1 2 0 0 1)              83.580
12552      (0 0 4 2 2 2 1)              83.579
12553      (1 0 2 3 1 0 1)              83.577
12554      (1 0 1 2 1 1 1)              83.574
12555      (0 0 4 2 2 2 1)              83.572
12556      (1 0 4 5 2 2 2)              83.571
12557      (1 0 3 1 2 1 2)              83.569
12558      (1 0 2 3 1 2 1)              83.568
12559      (0 0 4 6 1 2 1)              83.566
12560      (1 0 1 2 1 1 1)              83.562
12561      (1 0 2 3 1 0 1)              83.560
12562      (0 1 4 6 0 0 1)              83.556
12563      (1 0 0 0 1 0 1)              83.557
12564      (1 0 1 2 1 1 1)              83.556
12565      (1 0 1 2 1 2 1)              83.551
12566      (1 0 3 1 2 1 2)              83.549
12567      (0 0 4 6 1 2 1)              83.546
12568      (0 0 4 6 1 2 1)              83.542
12569      (0 0 4 2 2 2 1)              83.539
12570      (0 0 4 6 1 2 1)              83.538
12571      (1 0 2 3 1 0 1)              83.540
12572      (1 0 1 2 1 2 1)              83.539
12573      (1 0 1 2 1 1 1)              83.537
12574      (1 0 4 5 2 2 2)              83.536
12575      (1 0 1 2 1 1 1)              83.534
12576      (0 0 4 3 2 1 1)              83.528
12577      (1 0 3 1 2 1 2)              83.524
12578      (1 0 1 2 1 2 1)              83.523
12579      (0 0 1 2 0 0 1)              83.520
12580      (0 0 4 2 2 2 1)              83.517
12581      (1 0 1 2 1 1 1)              83.513
12582      (0 0 4 2 2 2 1)              83.511
12583      (0 0 4 2 2 2 1)              83.509
12584      (1 0 1 2 1 1 1)              83.506
12585      (1 0 0 0 1 0 1)              83.506
12586      (0 0 4 3 2 1 1)              83.500
12587      (1 0 2 3 1 0 1)              83.498
12588      (0 0 4 6 1 2 1)              83.497
12589      (1 0 1 2 1 1 1)              83.496
12590      (0 0 1 2 1 1 1)              83.493
12591      (0 0 0 4 1 2 1)              83.492
12592      (1 0 0 0 2 2 1)              83.488
12593      (1 0 3 1 2 1 2)              83.486
12594      (1 0 1 2 0 0 1)              83.484
12595      (0 0 4 2 2 2 1)              83.481
12596      (1 0 3 1 2 1 2)              83.479
12597      (1 0 3 1 2 1 2)              83.476
12598      (0 0 4 2 2 2 1)              83.474
12599      (1 0 1 2 1 1 1)              83.472
12600      (1 0 1 2 1 1 1)              83.469
12601      (0 0 1 2 1 1 1)              83.464
12602      (0 0 4 2 2 2 1)              83.462
12603      (1 0 2 3 1 0 1)              83.460
12604      (1 0 2 3 2 1 2)              83.457
12605      (1 0 1 2 1 2 1)              83.456
12606      (1 0 2 3 1 2 1)              83.457
12607      (0 0 4 2 2 2 1)              83.455
12608      (0 0 4 2 2 2 1)              83.452
12609      (1 0 1 2 1 1 1)              83.450
12610      (1 0 1 2 1 1 1)              83.447
12611      (1 0 1 2 1 2 1)              83.446
12612      (1 0 1 2 1 1 1)              83.444
12613      (0 0 4 6 0 0 1)              83.439
12614      (1 0 1 2 1 1 1)              83.435
12615      (0 0 4 2 2 2 1)              83.433
12616      (1 0 1 2 1 1 1)              83.431
12617      (1 0 1 2 1 2 1)              83.430
12618      (1 0 3 1 2 1 2)              83.428
12619      (1 0 1 2 1 1 1)              83.427
12620      (0 0 4 2 2 2 1)              83.425
12621      (0 0 1 2 0 0 1)              83.420
12622      (0 1 0 4 2 2 1)              83.419
12623      (0 0 4 6 1 2 1)              83.417
12624      (0 0 4 2 2 2 1)              83.415
12625      (1 0 2 3 2 1 2)              83.412
12626      (1 0 1 2 1 2 1)              83.410
12627      (0 0 4 2 2 2 1)              83.408
12628      (1 0 1 2 0 0 1)              83.405
12629      (0 0 4 5 2 1 1)              83.402
12630      (1 0 1 2 1 1 1)              83.400
12631      (1 0 2 3 2 1 2)              83.397
12632      (0 0 1 2 1 1 1)              83.393
12633      (1 0 1 2 1 1 1)              83.391
12634      (0 0 1 2 0 0 1)              83.386
12635      (0 0 4 3 2 1 1)              83.383
12636      (1 0 1 2 1 1 1)              83.381
12637      (0 0 0 4 0 1 0)              83.376
12638      (1 0 1 2 1 1 1)              83.374
12639      (0 0 4 6 0 0 1)              83.370
12640      (0 0 1 2 1 1 1)              83.365
12641      (1 0 1 2 1 1 1)              83.363
12642      (1 0 3 1 2 1 2)              83.361
12643      (1 0 1 2 1 1 1)              83.359
12644      (1 0 2 3 0 0 0)              83.355
12645      (1 0 3 1 2 1 2)              83.353
12646      (0 0 4 2 2 2 1)              83.350
12647      (1 0 2 3 1 2 0)              83.348
12648      (1 0 2 3 1 2 1)              83.347
12649      (1 0 2 3 2 1 2)              83.347
12650      (1 0 1 2 1 1 1)              83.346
12651      (0 0 1 2 1 1 1)              83.342
12652      (1 0 2 3 1 0 1)              83.340
12653      (0 0 4 2 2 2 1)              83.337
12654      (1 0 2 3 1 2 0)              83.334
12655      (0 0 0 4 0 1 0)              83.328
12656      (1 0 3 1 2 1 2)              83.326
12657      (0 0 4 2 2 2 1)              83.322
12658      (1 0 2 3 0 0 0)              83.321
12659      (1 0 1 2 1 2 1)              83.320
12660      (1 0 3 1 2 1 2)              83.315
12661      (1 0 1 2 1 2 1)              83.314
12662      (1 0 1 2 1 2 1)              83.314
12663      (1 0 3 1 2 1 2)              83.309
12664      (0 0 4 2 2 2 1)              83.308
12665      (1 0 1 2 1 1 1)              83.306
12666      (1 0 2 3 1 0 1)              83.304
12667      (0 0 4 2 2 2 1)              83.302
12668      (1 0 1 2 0 0 1)              83.299
12669      (0 0 4 2 2 2 1)              83.297
12670      (0 0 4 2 2 2 1)              83.295
12671      (0 0 4 3 2 1 1)              83.292
12672      (1 0 1 2 1 1 1)              83.289
12673      (1 0 2 3 1 1 1)              83.286
12674      (1 0 1 2 1 2 1)              83.285
12675      (0 0 1 2 1 1 1)              83.282
12676      (1 0 3 1 2 1 2)              83.280
12677      (0 0 4 2 2 2 1)              83.277
12678      (0 0 4 2 2 2 1)              83.275
12679      (0 0 0 4 0 1 0)              83.269
12680      (0 0 4 2 2 2 1)              83.267
12681      (1 0 4 5 2 2 2)              83.266
12682      (0 0 4 2 2 2 1)              83.264
12683      (1 0 1 2 1 2 1)              83.263
12684      (1 0 3 1 2 1 2)              83.259
12685      (0 0 4 2 1 2 1)              83.257
12686      (0 0 4 2 2 2 1)              83.255
12687      (1 0 3 1 2 1 2)              83.251
12688      (1 0 1 2 1 2 1)              83.250
12689      (0 0 4 2 2 2 1)              83.248
12690      (1 0 3 1 2 1 2)              83.243
12691      (1 0 3 1 2 1 2)              83.241
12692      (0 0 4 2 2 2 1)              83.239
12693      (1 0 1 2 1 1 1)              83.237
12694      (1 0 2 3 1 1 1)              83.234
12695      (1 0 1 2 1 1 1)              83.231
12696      (1 0 1 2 0 0 1)              83.228
12697      (1 0 2 3 0 0 0)              83.227
12698      (0 0 1 2 2 2 1)              83.222
12699      (1 0 1 2 1 1 1)              83.220
12700      (0 1 0 0 2 2 1)              83.218
12701      (1 0 1 2 1 1 1)              83.216
12702      (1 0 0 0 2 2 1)              83.215
12703      (0 0 4 2 2 2 1)              83.213
12704      (1 0 2 3 1 0 1)              83.214
12705      (1 0 1 2 1 2 1)              83.214
12706      (1 0 1 2 1 1 1)              83.211
12707      (1 0 2 3 1 0 1)              83.213
12708      (1 0 1 2 1 2 1)              83.210
12709      (1 0 1 2 1 1 1)              83.209
12710      (1 0 1 2 1 2 1)              83.204
12711      (0 0 4 6 0 0 1)              83.201
12712      (1 0 3 1 2 1 2)              83.197
12713      (1 0 1 2 1 0 1)              83.195
12714      (1 0 3 1 2 1 2)              83.191
12715      (1 0 1 2 1 1 1)              83.189
12716      (1 0 3 1 2 1 2)              83.186
12717      (1 0 4 5 2 2 2)              83.186
12718      (1 0 1 2 1 1 1)              83.182
12719      (1 0 3 1 2 1 2)              83.180
12720      (0 0 4 2 2 2 1)              83.178
12721      (1 0 2 3 1 0 1)              83.176
12722      (0 0 4 2 2 2 1)              83.175
12723      (0 0 4 5 2 1 1)              83.173
12724      (1 0 1 2 2 2 1)              83.172
12725      (1 0 2 3 2 1 2)              83.169
12726      (1 0 4 5 2 2 2)              83.168
12727      (1 0 1 2 1 1 1)              83.167
12728      (1 0 1 2 1 2 1)              83.164
12729      (1 0 2 3 1 0 1)              83.162
12730      (1 0 2 3 2 1 2)              83.158
12731      (0 0 4 6 0 0 1)              83.155
12732      (1 0 1 2 1 1 1)              83.150
12733      (1 0 3 1 2 1 2)              83.148
12734      (0 0 4 3 2 1 1)              83.145
12735      (1 0 1 2 1 1 1)              83.142
12736      (1 0 1 2 1 2 1)              83.141
12737      (1 0 1 2 1 2 1)              83.138
12738      (1 0 1 2 1 2 1)              83.137
12739      (1 0 2 3 1 2 0)              83.135
12740      (0 0 4 6 1 2 1)              83.131
12741      (0 0 4 6 2 2 1)              83.129
12742      (1 0 1 2 1 2 1)              83.128
12743      (1 0 3 1 2 1 2)              83.126
12744      (1 0 1 2 1 2 1)              83.124
12745      (0 0 0 4 1 2 0)              83.120
12746      (0 0 4 2 2 2 1)              83.118
12747      (0 0 4 2 2 2 1)              83.116
12748      (1 0 2 3 1 0 1)              83.114
12749      (1 0 1 2 1 1 1)              83.112
12750      (1 0 3 1 2 1 2)              83.110
12751      (0 0 4 5 2 1 1)              83.106
12752      (1 0 2 3 1 2 1)              83.105
12753      (1 0 1 2 1 1 1)              83.102
12754      (1 0 3 1 2 1 2)              83.100
12755      (0 0 4 6 2 1 1)              83.097
12756      (1 0 1 2 0 0 1)              83.093
12757      (1 0 1 2 0 0 1)              83.091
12758      (1 0 1 2 1 2 1)              83.090
12759      (0 0 4 2 2 2 1)              83.090
12760      (0 0 4 5 2 1 1)              83.085
12761      (1 0 2 3 2 1 2)              83.082
12762      (1 0 2 3 1 0 1)              83.080
12763      (1 0 1 2 1 1 1)              83.077
12764      (1 0 3 1 2 1 2)              83.074
12765      (1 0 0 0 1 2 0)              83.073
12766      (1 0 3 1 2 1 2)              83.071
12767      (1 0 1 2 1 1 1)              83.069
12768      (0 0 4 2 2 2 1)              83.067
12769      (1 0 3 1 2 1 2)              83.064
12770      (0 0 4 2 2 2 1)              83.062
12771      (1 0 1 2 1 1 1)              83.060
12772      (0 0 4 2 2 2 1)              83.057
12773      (1 0 1 2 1 2 1)              83.053
12774      (1 0 3 1 2 1 2)              83.051
12775      (1 0 1 2 1 1 1)              83.049
12776      (0 0 1 2 0 0 1)              83.045
12777      (1 0 1 2 1 2 1)              83.044
12778      (1 0 1 2 0 0 1)              83.041
12779      (1 0 1 2 0 0 0)              83.037
12780      (1 0 3 1 2 1 2)              83.032
12781      (0 0 4 6 1 2 1)              83.028
12782      (0 1 0 0 2 2 1)              83.026
12783      (1 0 1 2 1 2 1)              83.023
12784      (1 0 1 2 1 2 1)              83.022
12785      (0 0 4 3 2 1 1)              83.018
12786      (0 0 4 3 2 1 1)              83.013
12787      (1 0 1 2 1 2 1)              83.009
12788      (1 0 1 2 0 0 1)              83.006
12789      (1 0 2 3 2 1 2)              83.003
12790      (1 0 1 2 1 1 1)              83.000
12791      (1 0 1 2 1 1 1)              82.998
12792      (1 0 0 0 2 2 1)              82.998
12793      (1 0 1 2 1 2 1)              82.996
12794      (0 0 1 2 2 1 2)              82.992
12795      (1 0 3 1 2 1 2)              82.990
12796      (1 0 1 2 1 2 1)              82.989
12797      (1 0 3 1 2 1 2)              82.984
12798      (0 0 4 2 2 2 1)              82.984
12799      (1 0 1 2 1 1 1)              82.981
12800      (0 0 4 6 0 0 1)              82.978
12801      (0 0 1 2 1 1 1)              82.974
12802      (1 0 1 2 1 2 1)              82.973
12803      (0 0 4 2 2 2 1)              82.971
12804      (1 0 1 2 1 1 1)              82.967
12805      (0 0 1 2 1 1 1)              82.962
12806      (0 0 4 2 2 2 1)              82.960
12807      (1 0 1 2 1 2 1)              82.957
12808      (1 0 3 1 2 1 2)              82.955
12809      (1 0 1 2 1 1 1)              82.952
12810      (1 0 4 5 2 2 2)              82.951
12811      (1 0 3 1 2 1 2)              82.949
12812      (1 0 1 2 0 0 1)              82.947
12813      (1 0 1 2 0 0 1)              82.945
12814      (1 0 1 2 1 1 1)              82.942
12815      (0 0 4 2 2 2 1)              82.939
12816      (0 0 4 6 0 0 1)              82.935
12817      (0 0 1 2 1 1 1)              82.929
12818      (1 0 0 0 1 2 1)              82.929
12819      (0 0 4 6 1 1 1)              82.925
12820      (0 0 4 5 2 1 1)              82.921
12821      (1 0 1 2 1 2 1)              82.920
12822      (0 0 4 5 2 1 1)              82.917
12823      (0 0 4 2 2 2 1)              82.915
12824      (1 0 1 2 2 2 1)              82.914
12825      (0 0 4 2 2 2 1)              82.912
12826      (0 0 4 2 2 2 1)              82.910
12827      (0 0 4 2 2 2 1)              82.907
12828      (0 0 4 2 2 2 1)              82.905
12829      (1 0 1 2 1 1 1)              82.903
12830      (1 0 3 1 2 1 2)              82.901
12831      (1 0 1 2 1 1 1)              82.898
12832      (1 0 2 3 1 2 0)              82.896
12833      (1 0 2 3 1 1 1)              82.893
12834      (0 0 4 3 2 1 1)              82.887
12835      (1 0 3 1 2 1 2)              82.885
12836      (1 0 2 3 1 2 0)              82.882
12837      (0 0 2 3 1 2 1)              82.879
12838      (0 0 4 2 2 2 1)              82.877
12839      (1 0 1 2 1 2 1)              82.875
12840      (1 0 1 2 1 2 1)              82.874
12841      (0 0 4 2 2 2 1)              82.872
12842      (0 0 4 2 2 2 1)              82.870
12843      (1 0 1 2 1 2 1)              82.869
12844      (1 0 3 1 2 1 2)              82.869
12845      (0 0 4 6 1 1 1)              82.865
12846      (1 0 2 3 1 0 1)              82.863
12847      (1 0 3 1 2 1 2)              82.861
12848      (1 0 0 0 1 2 0)              82.860
12849      (0 0 4 3 2 1 1)              82.855
12850      (0 0 4 3 1 1 1)              82.851
12851      (1 0 1 2 1 2 1)              82.849
12852      (1 0 3 1 2 1 2)              82.847
12853      (1 0 1 2 1 1 1)              82.843
12854      (0 0 4 2 2 2 1)              82.841
12855      (0 0 4 2 2 2 1)              82.839
12856      (1 0 2 3 1 0 1)              82.837
12857      (0 0 4 2 2 2 1)              82.835
12858      (1 0 1 2 1 2 1)              82.834
12859      (0 0 4 2 2 2 1)              82.832
12860      (0 0 0 0 1 1 1)              82.830
12861      (1 0 2 3 1 0 1)              82.828
12862      (1 0 3 1 2 1 2)              82.825
12863      (1 0 2 3 2 1 2)              82.820
12864      (0 0 4 6 1 2 1)              82.821
12865      (0 0 4 2 2 2 1)              82.820
12866      (1 0 2 3 1 2 1)              82.821
12867      (1 0 1 2 0 0 0)              82.818
12868      (1 0 2 3 1 0 1)              82.819
12869      (1 0 1 2 1 1 1)              82.816
12870      (1 0 1 2 1 2 1)              82.815
12871      (1 0 1 2 1 1 1)              82.813
12872      (1 0 2 3 2 2 1)              82.814
12873      (1 0 1 2 1 1 1)              82.812
12874      (1 0 2 3 2 1 1)              82.808
12875      (1 0 1 2 1 2 1)              82.808
12876      (0 0 4 3 2 1 1)              82.802
12877      (1 0 1 2 2 2 1)              82.801
12878      (1 0 1 2 1 1 1)              82.798
12879      (1 0 1 2 1 2 1)              82.795
12880      (0 0 1 2 1 1 1)              82.792
12881      (0 0 1 2 0 0 1)              82.788
12882      (0 0 4 3 2 1 1)              82.784
12883      (1 0 1 2 1 2 1)              82.783
12884      (1 0 2 3 1 1 1)              82.781
12885      (0 0 4 3 2 1 1)              82.775
12886      (1 0 3 1 2 1 2)              82.773
12887      (1 0 1 2 1 1 1)              82.770
12888      (1 0 3 1 2 1 2)              82.766
12889      (1 0 1 2 1 2 1)              82.762
12890      (1 0 2 3 1 0 1)              82.763
12891      (1 0 1 2 1 1 1)              82.761
12892      (1 0 3 1 2 1 2)              82.757
12893      (1 0 1 2 0 0 0)              82.754
12894      (1 0 1 2 1 2 1)              82.753
12895      (1 0 3 1 2 1 2)              82.751
12896      (1 0 1 2 1 2 1)              82.750
12897      (1 0 1 2 1 2 1)              82.748
12898      (1 0 2 3 1 0 1)              82.747
12899      (1 0 1 2 0 0 1)              82.744
12900      (1 0 1 2 1 2 1)              82.742
12901      (0 0 1 2 0 0 1)              82.739
12902      (0 0 2 3 1 2 1)              82.736
12903      (1 0 1 2 1 1 1)              82.732
12904      (0 0 1 2 1 1 1)              82.729
12905      (1 0 1 2 1 2 1)              82.728
12906      (1 0 2 3 0 0 0)              82.727
12907      (0 0 1 2 1 1 0)              82.722
12908      (1 0 1 2 1 1 1)              82.719
12909      (1 0 3 1 2 1 2)              82.717
12910      (0 0 1 2 1 1 1)              82.713
12911      (0 0 4 2 2 2 1)              82.711
12912      (0 0 1 2 2 2 1)              82.708
12913      (1 0 1 2 1 1 1)              82.708
12914      (1 0 1 2 1 1 1)              82.706
12915      (1 0 1 2 1 2 1)              82.705
12916      (0 0 4 2 2 2 1)              82.703
12917      (1 0 1 2 0 0 1)              82.701
12918      (1 0 2 3 2 1 2)              82.698
12919      (1 0 3 1 2 1 2)              82.696
12920      (0 0 4 2 2 2 1)              82.694
12921      (0 0 4 2 2 2 1)              82.692
12922      (0 0 4 2 1 2 1)              82.690
12923      (1 0 2 3 1 0 1)              82.688
12924      (1 0 1 2 1 0 1)              82.686
12925      (0 0 4 2 2 2 1)              82.684
12926      (1 0 1 2 1 1 1)              82.681
12927      (1 0 1 2 1 1 1)              82.680
12928      (1 0 1 2 1 1 1)              82.678
12929      (0 0 4 2 2 2 1)              82.676
12930      (1 0 2 3 1 0 1)              82.674
12931      (1 0 1 2 1 1 1)              82.672
12932      (1 0 2 3 1 0 1)              82.671
12933      (0 0 4 2 2 2 1)              82.669
12934      (1 0 3 1 2 1 2)              82.667
12935      (0 0 4 2 2 2 1)              82.665
12936      (1 0 1 2 1 1 1)              82.662
12937      (0 0 4 2 2 2 1)              82.661
12938      (1 0 1 2 1 1 1)              82.658
12939      (0 0 4 2 2 2 1)              82.657
12940      (1 0 0 0 1 2 1)              82.656
12941      (1 0 2 3 2 1 2)              82.653
12942      (1 0 1 2 1 1 1)              82.650
12943      (1 0 4 5 2 2 2)              82.648
12944      (0 0 4 2 2 2 1)              82.647
12945      (1 0 1 2 0 0 0)              82.644
12946      (1 0 1 2 1 2 1)              82.642
12947      (1 0 2 3 2 1 2)              82.638
12948      (1 0 0 0 1 2 1)              82.636
12949      (1 0 2 3 2 1 1)              82.634
12950      (1 0 2 3 1 0 1)              82.632
12951      (1 0 2 3 1 0 1)              82.630
12952      (1 0 3 1 2 1 2)              82.627
12953      (0 0 4 6 1 2 1)              82.625
12954      (1 0 3 1 2 1 2)              82.621
12955      (1 0 2 3 1 1 1)              82.619
12956      (1 0 1 2 0 0 0)              82.615
12957      (1 0 1 2 1 2 1)              82.612
12958      (0 0 4 6 1 2 1)              82.609
12959      (0 0 4 3 2 1 1)              82.604
12960      (0 0 4 5 2 2 1)              82.603
12961      (1 0 1 2 1 2 1)              82.602
12962      (1 0 2 3 1 1 1)              82.599
12963      (0 0 0 4 1 1 1)              82.598
12964      (1 0 2 3 2 1 2)              82.595
12965      (0 0 4 2 2 2 1)              82.593
12966      (0 0 4 2 2 2 1)              82.588
12967      (1 0 1 2 1 2 1)              82.587
12968      (0 0 4 5 2 1 1)              82.585
12969      (0 0 4 6 1 2 1)              82.585
12970      (1 0 2 3 1 2 0)              82.582
12971      (1 0 1 2 0 0 1)              82.580
12972      (0 0 4 3 2 1 1)              82.574
12973      (0 0 4 6 0 0 1)              82.573
12974      (1 0 1 2 0 0 1)              82.569
12975      (1 0 1 2 0 0 0)              82.565
12976      (1 0 1 2 1 1 1)              82.563
12977      (1 0 4 5 2 2 2)              82.562
12978      (1 0 2 3 1 0 1)              82.561
12979      (0 0 1 2 0 0 1)              82.556
12980      (0 0 1 2 1 1 1)              82.553
12981      (0 0 1 2 0 0 1)              82.549
12982      (1 0 1 2 0 0 1)              82.546
12983      (1 0 1 2 1 2 1)              82.545
12984      (1 0 1 2 1 1 1)              82.542
12985      (0 0 1 2 1 1 1)              82.539
12986      (1 0 1 2 1 1 1)              82.537
12987      (0 0 4 3 2 1 1)              82.534
12988      (0 0 4 3 2 1 1)              82.530
12989      (1 0 1 2 1 1 1)              82.528
12990      (1 0 0 0 1 2 0)              82.525
12991      (0 0 4 2 2 2 1)              82.524
12992      (0 0 4 2 1 2 1)              82.522
12993      (1 0 3 1 2 1 2)              82.520
12994      (0 0 4 2 2 2 1)              82.518
12995      (0 0 1 2 1 2 1)              82.514
12996      (1 0 3 1 2 1 2)              82.513
12997      (1 0 2 3 2 1 2)              82.510
12998      (0 0 4 2 2 2 1)              82.508
12999      (1 0 3 1 2 1 2)              82.504
13000      (1 0 1 2 1 1 1)              82.503
13001      (1 0 1 2 1 1 1)              82.501
13002      (1 0 3 1 2 1 2)              82.498
13003      (1 0 3 1 2 1 2)              82.496
13004      (0 0 4 5 2 1 1)              82.492
13005      (0 0 4 2 2 2 1)              82.490
13006      (1 0 1 2 1 1 1)              82.487
13007      (1 0 0 0 1 0 1)              82.487
13008      (0 0 4 6 1 2 1)              82.485
13009      (0 0 4 6 0 0 1)              82.483
13010      (0 0 4 2 2 2 1)              82.479
13011      (1 0 1 2 1 1 1)              82.477
13012      (1 0 2 3 1 0 1)              82.475
13013      (1 0 2 3 2 1 2)              82.472
13014      (1 0 1 2 1 1 1)              82.469
13015      (1 0 2 3 1 0 1)              82.467
13016      (1 0 3 1 2 1 2)              82.464
13017      (1 0 3 1 2 1 2)              82.462
13018      (1 0 1 2 1 1 1)              82.460
13019      (1 0 3 1 2 1 2)              82.457
13020      (1 0 1 2 1 2 1)              82.455
13021      (1 0 1 2 0 0 1)              82.452
13022      (1 0 1 2 0 0 0)              82.448
13023      (1 0 3 1 2 1 2)              82.446
13024      (1 0 1 2 2 2 1)              82.445
13025      (1 0 1 2 1 1 1)              82.443
13026      (0 0 2 3 1 2 1)              82.441
13027      (1 0 1 2 1 1 1)              82.439
13028      (1 0 1 2 0 0 1)              82.438
13029      (1 0 2 3 1 2 1)              82.437
13030      (0 0 0 4 0 1 0)              82.436
13031      (1 0 4 5 2 2 2)              82.435
13032      (0 0 4 2 2 2 1)              82.432
13033      (1 0 1 2 1 1 1)              82.430
13034      (1 0 3 1 2 1 2)              82.427
13035      (1 0 3 1 2 1 2)              82.425
13036      (1 0 2 3 2 1 2)              82.422
13037      (1 0 1 2 1 2 1)              82.421
13038      (1 0 1 2 1 1 1)              82.418
13039      (1 0 1 2 1 1 1)              82.416
13040      (1 0 2 3 2 1 2)              82.413
13041      (1 0 1 2 1 2 1)              82.411
13042      (1 0 1 2 1 2 1)              82.407
13043      (1 0 2 3 0 0 0)              82.408
13044      (1 0 1 2 1 1 1)              82.404
13045      (0 0 4 5 2 1 1)              82.400
13046      (1 0 1 2 1 2 1)              82.397
13047      (0 0 4 6 0 0 1)              82.395
13048      (1 0 1 2 0 0 0)              82.392
13049      (0 0 4 6 0 0 1)              82.390
13050      (0 0 4 6 1 1 1)              82.389
13051      (1 0 1 2 1 1 1)              82.386
13052      (1 0 1 2 2 2 1)              82.385
13053      (1 0 1 2 1 2 1)              82.385
13054      (1 0 2 3 2 1 2)              82.380
13055      (1 0 2 3 1 1 1)              82.379
13056      (0 0 2 3 2 0 2)              82.374
13057      (1 0 1 2 0 0 1)              82.372
13058      (1 0 2 3 2 1 1)              82.369
13059      (1 0 0 0 2 2 1)              82.370
13060      (1 0 1 2 1 1 1)              82.366
13061      (0 0 1 2 1 1 1)              82.363
13062      (0 0 4 2 2 2 1)              82.361
13063      (1 0 1 2 1 1 1)              82.359
13064      (1 0 2 3 2 1 2)              82.359
13065      (1 0 3 1 2 1 2)              82.357
13066      (0 0 1 2 1 1 1)              82.352
13067      (0 0 1 2 0 0 1)              82.348
13068      (1 0 0 0 2 2 1)              82.348
13069      (1 0 1 2 1 1 1)              82.347
13070      (1 0 2 3 1 0 1)              82.346
13071      (0 0 4 2 2 2 1)              82.343
13072      (1 0 3 1 2 1 2)              82.341
13073      (1 0 1 2 0 0 0)              82.337
13074      (1 0 1 2 1 2 1)              82.334
13075      (1 0 2 3 1 0 1)              82.332
13076      (1 0 1 2 1 1 1)              82.330
13077      (0 0 1 2 0 0 1)              82.326
13078      (0 0 4 2 2 2 1)              82.321
13079      (1 0 0 0 0 1 1)              82.319
13080      (1 0 2 3 1 2 1)              82.317
13081      (1 0 1 2 1 2 1)              82.316
13082      (1 0 1 2 1 1 1)              82.314
13083      (1 0 1 2 1 1 1)              82.311
13084      (0 0 4 2 2 2 1)              82.310
13085      (1 0 1 2 1 2 1)              82.310
13086      (1 0 1 2 1 2 1)              82.309
13087      (1 0 3 1 2 1 2)              82.307
13088      (0 0 4 2 2 2 1)              82.304
13089      (0 0 4 2 2 2 1)              82.300
13090      (0 0 4 6 0 0 1)              82.297
13091      (1 0 3 1 2 1 2)              82.294
13092      (0 0 4 2 2 2 1)              82.292
13093      (1 0 1 2 1 2 1)              82.291
13094      (1 0 1 2 1 1 1)              82.288
13095      (1 0 3 1 2 1 2)              82.286
13096      (1 0 0 0 1 2 1)              82.285
13097      (0 0 4 2 2 2 1)              82.283
13098      (1 0 2 3 1 0 1)              82.281
13099      (1 0 2 3 1 0 1)              82.279
13100      (1 0 1 2 0 0 1)              82.276
13101      (1 0 3 1 2 1 2)              82.272
13102      (0 0 4 6 2 2 2)              82.270
13103      (1 0 1 2 1 2 1)              82.268
13104      (0 0 1 2 0 0 1)              82.265
13105      (1 0 1 2 1 2 1)              82.265
13106      (0 0 4 2 2 2 1)              82.263
13107      (1 0 1 2 1 2 1)              82.261
13108      (1 0 1 2 1 2 1)              82.259
13109      (1 0 2 3 1 2 1)              82.258
13110      (1 0 1 2 2 2 1)              82.257
13111      (1 0 1 2 1 1 1)              82.255
13112      (0 0 4 5 2 2 1)              82.253
13113      (1 0 2 3 1 2 1)              82.250
13114      (1 0 2 3 2 2 1)              82.251
13115      (1 0 2 3 1 0 1)              82.250
13116      (1 0 1 2 1 2 1)              82.249
13117      (0 0 4 3 2 1 1)              82.244
13118      (1 0 1 2 1 1 1)              82.242
13119      (1 0 1 2 1 1 1)              82.240
13120      (1 0 4 5 2 2 2)              82.239
13121      (1 0 2 3 2 1 2)              82.236
13122      (0 0 1 2 0 0 1)              82.232
13123      (0 0 1 2 0 0 1)              82.228
13124      (1 0 1 2 1 1 1)              82.226
13125      (1 0 1 2 1 1 1)              82.224
13126      (0 0 4 2 2 2 1)              82.222
13127      (0 0 4 2 2 2 1)              82.220
13128      (0 0 4 2 2 2 1)              82.218
13129      (0 0 1 2 1 2 1)              82.215
13130      (0 0 4 2 2 2 1)              82.213
13131      (0 0 4 2 2 2 1)              82.212
13132      (0 0 2 3 1 2 1)              82.207
13133      (0 0 4 2 2 2 1)              82.206
13134      (1 0 1 2 1 1 1)              82.204
13135      (1 0 1 2 1 2 1)              82.202
13136      (0 0 0 0 1 1 1)              82.200
13137      (0 0 4 2 2 2 1)              82.198
13138      (1 0 4 5 2 2 2)              82.197
13139      (1 0 4 5 2 2 2)              82.196
13140      (0 0 4 5 2 1 1)              82.193
13141      (0 0 4 2 2 2 1)              82.191
13142      (1 0 1 2 1 1 1)              82.190
13143      (0 0 4 6 1 2 1)              82.189
13144      (1 0 1 2 1 1 1)              82.187
13145      (1 0 3 1 2 1 2)              82.185
13146      (1 0 3 1 2 1 2)              82.184
13147      (0 0 1 2 1 1 1)              82.180
13148      (1 0 1 2 1 1 1)              82.179
13149      (0 0 4 2 2 2 1)              82.177
13150      (1 0 2 3 1 1 1)              82.175
13151      (0 0 4 3 2 1 1)              82.171
13152      (1 0 0 0 2 2 1)              82.170
13153      (0 0 4 2 2 2 1)              82.167
13154      (1 0 1 2 1 1 1)              82.165
13155      (1 0 1 2 1 2 1)              82.162
13156      (1 0 1 2 1 1 1)              82.161
13157      (1 0 3 1 2 1 2)              82.158
13158      (0 0 4 2 2 2 1)              82.156
13159      (1 0 2 3 1 2 0)              82.153
13160      (0 0 4 2 2 2 1)              82.147
13161      (1 0 3 1 2 1 2)              82.146
13162      (0 0 1 2 1 1 1)              82.143
13163      (0 0 4 5 2 1 1)              82.140
13164      (0 0 4 2 2 2 1)              82.138
13165      (1 0 1 2 1 0 1)              82.136
13166      (1 0 2 3 1 0 1)              82.135
13167      (1 0 1 2 0 0 0)              82.131
13168      (1 0 1 2 1 1 1)              82.129
13169      (0 0 4 2 2 2 1)              82.127
13170      (1 0 3 1 2 1 2)              82.125
13171      (0 0 1 2 1 1 1)              82.120
13172      (1 0 2 3 1 0 1)              82.119
13173      (1 0 1 2 1 1 1)              82.115
13174      (1 0 3 1 2 1 2)              82.113
13175      (0 0 1 2 0 0 1)              82.110
13176      (1 0 0 0 1 1 1)              82.108
13177      (0 0 1 2 2 1 2)              82.104
13178      (0 0 4 5 2 1 1)              82.101
13179      (1 0 3 1 2 1 2)              82.099
13180      (0 0 4 2 2 2 1)              82.096
13181      (0 0 2 3 1 2 1)              82.093
13182      (1 0 1 2 1 1 1)              82.093
13183      (0 0 4 2 2 2 1)              82.092
13184      (0 0 4 5 2 1 1)              82.090
13185      (1 0 3 1 2 1 2)              82.088
13186      (1 0 3 1 2 1 2)              82.086
13187      (1 0 1 2 1 2 1)              82.085
13188      (1 0 2 3 1 2 0)              82.083
13189      (0 0 4 2 2 2 1)              82.082
13190      (1 0 1 2 1 1 1)              82.080
13191      (1 0 1 2 1 2 1)              82.079
13192      (1 0 4 5 2 2 2)              82.078
13193      (0 0 4 2 2 2 1)              82.076
13194      (1 0 2 3 2 1 2)              82.076
13195      (1 0 1 2 1 2 1)              82.075
13196      (1 0 1 2 1 1 1)              82.073
13197      (0 0 2 3 1 2 1)              82.071
13198      (0 0 4 6 1 2 1)              82.069
13199      (1 0 1 2 1 1 1)              82.067
13200      (1 0 1 2 0 0 0)              82.064
13201      (1 0 1 2 1 2 1)              82.062
13202      (0 0 1 2 1 1 1)              82.057
13203      (1 0 3 1 2 1 2)              82.053
13204      (0 0 4 2 2 2 1)              82.052
13205      (1 0 1 2 1 2 1)              82.051
13206      (0 0 4 2 2 2 1)              82.049
13207      (1 0 3 1 2 1 2)              82.046
13208      (1 0 1 2 1 1 1)              82.045
13209      (0 0 4 2 2 2 1)              82.043
13210      (1 0 2 3 2 1 2)              82.040
13211      (1 0 2 3 1 0 1)              82.039
13212      (0 0 1 2 2 1 2)              82.035
13213      (1 0 1 2 1 1 1)              82.033
13214      (1 0 1 2 1 2 1)              82.032
13215      (1 0 1 2 1 2 1)              82.029
13216      (0 0 2 3 1 2 1)              82.029
13217      (1 0 2 3 1 0 1)              82.028
13218      (0 0 4 3 1 1 1)              82.027
13219      (0 0 4 2 2 2 1)              82.025
13220      (1 0 3 1 2 1 2)              82.023
13221      (1 0 2 3 1 0 1)              82.021
13222      (0 0 4 2 2 2 1)              82.019
13223      (1 0 2 3 1 0 1)              82.017
13224      (1 0 1 2 1 1 1)              82.015
13225      (1 0 1 2 1 2 1)              82.014
13226      (1 0 1 2 1 1 1)              82.012
13227      (1 0 1 2 1 1 1)              82.010
13228      (1 0 1 2 1 2 1)              82.009
13229      (1 0 1 2 0 0 1)              82.006
13230      (1 0 1 2 1 1 1)              82.003
13231      (1 0 2 3 1 2 0)              82.001
13232      (0 0 4 2 2 2 1)              82.000
13233      (0 0 1 2 0 0 1)              81.996
13234      (1 0 2 3 2 2 1)              81.997
13235      (1 0 1 2 1 1 1)              81.993
13236      (0 0 1 2 0 0 1)              81.989
13237      (0 0 4 2 2 2 1)              81.987
13238      (1 0 1 2 1 1 1)              81.985
13239      (1 0 1 2 1 2 1)              81.984
13240      (1 0 2 3 2 1 1)              81.982
13241      (1 0 1 2 1 2 1)              81.980
13242      (1 0 2 3 1 0 1)              81.978
13243      (0 0 4 6 1 2 1)              81.976
13244      (0 0 4 2 2 2 1)              81.973
13245      (0 0 4 6 1 2 1)              81.973
13246      (0 0 0 4 1 2 0)              81.972
13247      (1 0 1 2 1 2 1)              81.971
13248      (1 0 2 3 2 1 1)              81.968
13249      (0 0 4 2 2 2 1)              81.966
13250      (0 0 4 6 1 2 1)              81.964
13251      (1 0 1 2 1 1 1)              81.964
13252      (1 0 1 2 1 1 1)              81.961
13253      (1 0 0 0 2 2 1)              81.961
13254      (1 0 1 2 1 2 1)              81.960
13255      (1 0 1 2 1 2 1)              81.957
13256      (1 0 1 2 1 2 1)              81.954
13257      (0 0 2 3 1 2 1)              81.951
13258      (0 0 1 2 1 1 1)              81.946
13259      (0 0 4 2 2 2 1)              81.945
13260      (0 0 4 2 2 2 1)              81.943
13261      (1 0 2 3 1 0 1)              81.943
13262      (1 0 1 2 1 1 1)              81.941
13263      (1 0 2 3 2 1 1)              81.939
13264      (1 0 2 3 1 2 1)              81.937
13265      (1 0 2 3 1 0 1)              81.936
13266      (1 0 3 1 2 1 2)              81.934
13267      (1 0 2 3 2 2 1)              81.935
13268      (1 0 3 1 2 1 2)              81.933
13269      (1 0 2 3 1 0 1)              81.932
13270      (1 0 1 2 1 1 1)              81.929
13271      (1 0 1 2 1 1 1)              81.927
13272      (1 0 1 2 1 1 1)              81.925
13273      (1 0 3 1 2 1 2)              81.922
13274      (1 0 1 2 1 1 1)              81.921
13275      (1 0 2 3 1 0 1)              81.919
13276      (1 0 1 2 1 1 1)              81.917
13277      (0 0 4 3 2 1 1)              81.913
13278      (0 0 4 6 1 2 1)              81.909
13279      (1 0 2 3 1 2 0)              81.906
13280      (1 0 0 0 1 2 0)              81.905
13281      (1 0 1 2 1 2 1)              81.901
13282      (0 0 4 3 2 1 1)              81.897
13283      (0 0 4 6 0 0 1)              81.896
13284      (0 0 4 2 2 2 1)              81.894
13285      (1 0 1 2 1 2 1)              81.893
13286      (0 0 4 5 2 1 1)              81.889
13287      (1 0 2 3 1 2 0)              81.887
13288      (0 0 1 2 0 0 1)              81.883
13289      (1 0 1 2 1 2 1)              81.880
13290      (0 0 1 2 1 1 1)              81.877
13291      (1 0 1 2 1 1 1)              81.875
13292      (0 0 2 3 1 2 1)              81.871
13293      (0 0 4 2 2 2 1)              81.869
13294      (1 0 3 1 2 1 2)              81.867
13295      (0 0 2 3 1 1 1)              81.864
13296      (1 0 2 3 2 1 2)              81.861
13297      (0 0 4 6 1 2 1)              81.859
13298      (1 0 1 2 0 0 0)              81.856
13299      (1 0 4 5 2 2 2)              81.856
13300      (1 0 1 2 1 1 1)              81.852
13301      (1 0 1 2 1 2 1)              81.850
13302      (1 0 4 5 2 2 2)              81.848
13303      (1 0 1 2 1 2 1)              81.847
13304      (1 0 1 2 1 1 1)              81.845
13305      (1 0 1 2 1 2 1)              81.843
13306      (1 0 2 3 2 1 2)              81.839
13307      (0 0 4 2 2 2 1)              81.837
13308      (1 0 1 2 1 2 1)              81.837
13309      (1 0 2 3 1 0 1)              81.835
13310      (0 0 4 2 2 2 1)              81.833
13311      (0 0 1 2 1 1 1)              81.829
13312      (1 0 1 2 0 0 0)              81.825
13313      (1 0 3 1 2 1 2)              81.821
13314      (1 0 3 1 2 1 2)              81.819
13315      (0 0 1 2 1 1 1)              81.814
13316      (1 0 1 2 1 2 1)              81.811
13317      (1 0 3 1 2 1 2)              81.809
13318      (1 0 3 1 2 1 2)              81.808
13319      (1 0 1 2 1 1 1)              81.805
13320      (0 0 4 6 0 0 1)              81.803
13321      (1 0 1 2 1 1 1)              81.799
13322      (1 0 4 5 2 2 2)              81.797
13323      (1 0 1 2 1 1 1)              81.795
13324      (1 0 3 1 2 1 2)              81.793
13325      (0 0 4 5 2 1 1)              81.791
13326      (0 0 4 2 2 2 1)              81.790
13327      (0 0 1 2 1 2 1)              81.787
13328      (0 0 4 3 2 1 1)              81.783
13329      (0 0 4 2 2 2 1)              81.782
13330      (1 0 2 3 2 1 2)              81.779
13331      (1 0 1 2 1 1 1)              81.777
13332      (1 0 1 2 0 0 1)              81.774
13333      (1 0 0 0 1 2 0)              81.771
13334      (0 0 1 2 1 1 1)              81.766
13335      (1 0 1 2 1 1 1)              81.764
13336      (1 0 2 3 1 1 1)              81.762
13337      (0 0 2 3 1 1 1)              81.758
13338      (0 0 1 2 0 0 1)              81.754
13339      (1 0 1 2 1 1 1)              81.750
13340      (0 0 4 6 1 2 1)              81.748
13341      (1 0 1 2 1 1 1)              81.747
13342      (0 0 4 6 0 0 1)              81.745
13343      (0 0 4 2 2 2 1)              81.744
13344      (1 0 1 2 1 1 1)              81.742
13345      (1 0 1 2 1 1 1)              81.740
13346      (1 0 2 3 1 2 0)              81.738
13347      (1 0 4 5 2 2 2)              81.738
13348      (1 0 1 2 1 2 1)              81.737
13349      (1 0 2 3 1 0 1)              81.735
13350      (0 0 2 3 1 2 1)              81.735
13351      (0 0 4 6 1 2 1)              81.731
13352      (0 0 4 6 0 0 1)              81.728
13353      (1 0 1 2 1 1 1)              81.727
13354      (0 0 4 6 0 0 1)              81.725
13355      (1 0 1 2 1 1 1)              81.722
13356      (0 0 4 3 2 1 1)              81.719
13357      (0 0 4 6 2 2 1)              81.716
13358      (0 0 1 2 0 0 1)              81.712
13359      (0 0 4 2 2 2 1)              81.710
13360      (1 0 0 0 2 2 1)              81.710
13361      (1 0 1 2 1 0 1)              81.709
13362      (1 0 3 1 2 1 2)              81.707
13363      (1 0 2 3 1 0 1)              81.705
13364      (1 0 1 2 1 2 1)              81.704
13365      (0 0 4 2 2 2 1)              81.702
13366      (1 0 3 1 2 1 2)              81.699
13367      (1 0 1 2 1 2 1)              81.699
13368      (1 0 2 3 2 1 2)              81.699
13369      (0 0 1 2 1 1 1)              81.696
13370      (1 0 3 1 2 1 2)              81.694
13371      (1 0 1 2 1 2 1)              81.693
13372      (1 0 3 1 2 1 2)              81.692
13373      (1 0 3 1 2 1 2)              81.690
13374      (0 0 4 6 1 2 1)              81.687
13375      (1 0 1 2 1 1 1)              81.685
13376      (1 0 3 1 2 1 2)              81.681
13377      (1 0 1 2 1 2 1)              81.680
13378      (1 0 1 2 1 1 1)              81.678
13379      (1 0 3 1 2 1 2)              81.675
13380      (1 0 2 3 1 0 1)              81.674
13381      (0 0 4 2 2 2 1)              81.672
13382      (0 0 4 2 2 2 1)              81.669
13383      (1 0 1 2 1 1 1)              81.667
13384      (1 0 1 2 1 2 1)              81.666
13385      (1 0 0 0 1 2 0)              81.665
13386      (1 0 1 2 0 0 1)              81.663
13387      (1 0 3 1 2 1 2)              81.661
13388      (0 0 4 6 1 2 1)              81.659
13389      (0 0 0 4 1 2 1)              81.659
13390      (1 0 1 2 0 0 1)              81.657
13391      (1 0 2 3 2 1 2)              81.658
13392      (0 0 1 2 1 1 1)              81.653
13393      (1 0 2 3 2 2 1)              81.653
13394      (1 0 1 2 1 2 1)              81.651
13395      (1 0 4 5 2 2 2)              81.650
13396      (1 0 4 5 2 2 2)              81.650
13397      (1 0 2 3 1 0 1)              81.648
13398      (1 0 3 1 2 1 2)              81.644
13399      (1 0 1 2 1 2 1)              81.642
13400      (1 0 1 2 1 1 1)              81.640
13401      (1 0 1 2 1 1 1)              81.637
13402      (0 0 4 2 2 2 1)              81.635
13403      (1 0 1 2 1 1 1)              81.631
13404      (1 0 2 3 1 2 1)              81.631
13405      (0 0 1 2 0 0 1)              81.627
13406      (0 0 4 2 2 2 1)              81.625
13407      (1 0 1 2 1 1 1)              81.622
13408      (0 0 4 6 1 2 1)              81.619
13409      (1 0 1 2 1 2 1)              81.618
13410      (1 0 1 2 1 2 1)              81.618
13411      (1 0 1 2 1 1 1)              81.616
13412      (0 0 1 2 1 1 1)              81.611
13413      (0 0 2 3 1 2 1)              81.608
13414      (1 0 0 0 1 0 1)              81.608
13415      (1 0 2 3 1 2 0)              81.606
13416      (1 0 1 2 0 0 0)              81.602
13417      (1 0 3 1 2 1 2)              81.598
13418      (1 0 2 3 2 1 2)              81.595
13419      (1 0 1 2 1 0 1)              81.594
13420      (1 0 0 0 1 2 0)              81.593
13421      (1 0 1 2 1 1 1)              81.591
13422      (1 0 1 2 1 1 1)              81.589
13423      (0 1 0 0 2 2 1)              81.587
13424      (1 0 1 2 1 0 1)              81.586
13425      (1 0 4 5 2 2 2)              81.585
13426      (0 0 4 6 0 0 1)              81.583
13427      (1 0 3 1 2 1 2)              81.579
13428      (0 0 1 2 0 0 1)              81.575
13429      (1 0 1 2 1 2 1)              81.574
13430      (1 0 3 1 2 1 2)              81.570
13431      (1 0 1 2 0 0 0)              81.566
13432      (0 0 4 5 2 1 1)              81.564
13433      (0 0 4 3 2 1 1)              81.560
13434      (1 0 1 2 1 1 1)              81.558
13435      (1 0 3 1 2 1 2)              81.554
13436      (1 0 3 1 2 1 2)              81.552
13437      (1 0 2 3 2 2 1)              81.552
13438      (1 0 2 3 1 2 1)              81.554
13439      (1 0 1 2 1 2 1)              81.552
13440      (1 0 1 2 1 2 1)              81.551
13441      (1 0 1 2 0 0 1)              81.548
13442      (1 0 2 3 2 2 1)              81.549
13443      (1 0 1 2 1 1 1)              81.546
13444      (0 0 1 2 0 0 1)              81.542
13445      (1 0 1 2 0 0 1)              81.539
13446      (0 0 4 5 2 1 1)              81.535
13447      (1 0 1 2 0 0 1)              81.533
13448      (1 0 2 3 2 1 2)              81.530
13449      (1 0 2 3 1 0 1)              81.528
13450      (0 0 4 2 2 2 1)              81.527
13451      (0 0 4 2 2 2 1)              81.526
13452      (0 0 4 2 2 2 1)              81.525
13453      (0 0 1 2 2 2 1)              81.521
13454      (0 0 4 5 2 1 1)              81.518
13455      (1 0 2 3 1 2 1)              81.520
13456      (1 0 1 2 1 1 1)              81.517
13457      (0 0 4 6 1 2 1)              81.513
13458      (1 0 2 3 1 0 1)              81.511
13459      (1 0 1 2 1 1 1)              81.509
13460      (1 0 2 3 1 2 0)              81.506
13461      (1 0 1 2 1 1 1)              81.502
13462      (1 0 2 3 1 0 1)              81.501
13463      (1 0 2 3 2 2 1)              81.501
13464      (1 0 1 2 1 1 1)              81.499
13465      (1 0 3 1 2 1 2)              81.496
13466      (1 0 1 2 1 2 1)              81.493
13467      (0 0 4 2 2 2 1)              81.491
13468      (0 0 4 2 2 2 1)              81.490
13469      (1 0 1 2 1 1 1)              81.488
13470      (1 0 3 1 2 1 2)              81.486
13471      (0 0 4 3 2 1 1)              81.482
13472      (1 0 4 5 2 2 2)              81.480
13473      (1 0 1 2 1 1 1)              81.478
13474      (0 0 2 3 1 2 1)              81.476
13475      (1 0 1 2 1 1 1)              81.473
13476      (1 0 2 3 1 0 1)              81.471
13477      (1 0 3 1 2 1 2)              81.469
13478      (1 0 1 2 0 0 1)              81.466
13479      (0 0 1 2 0 0 1)              81.462
13480      (1 0 1 2 1 2 1)              81.459
13481      (0 0 1 2 1 1 0)              81.454
13482      (1 0 1 2 1 2 1)              81.454
13483      (0 0 4 2 2 2 1)              81.452
13484      (1 0 1 2 1 1 1)              81.449
13485      (0 1 4 6 0 0 1)              81.447
13486      (1 0 1 2 1 2 1)              81.445
13487      (1 0 3 1 2 1 2)              81.444
13488      (0 0 4 3 1 1 1)              81.440
13489      (1 0 2 3 1 0 1)              81.441
13490      (1 0 1 2 1 1 1)              81.439
13491      (0 0 4 2 1 2 1)              81.436
13492      (1 0 2 3 1 0 1)              81.435
13493      (1 0 2 3 1 1 1)              81.432
13494      (1 0 1 2 1 2 1)              81.430
13495      (0 0 1 2 1 1 1)              81.426
13496      (0 0 2 3 1 1 1)              81.422
13497      (1 0 1 2 1 2 1)              81.421
13498      (0 0 4 3 2 1 1)              81.417
13499      (1 0 2 3 1 0 1)              81.416
13500      (1 0 3 1 2 1 2)              81.412
13501      (0 0 4 3 2 1 1)              81.407
13502      (0 0 4 3 2 1 1)              81.403
13503      (1 0 3 1 2 1 2)              81.401
13504      (1 0 1 2 1 1 1)              81.399
13505      (1 0 3 1 2 1 2)              81.397
13506      (1 0 1 2 0 0 0)              81.394
13507      (1 0 3 1 2 1 2)              81.392
13508      (1 0 3 1 2 1 2)              81.388
13509      (1 0 1 2 1 1 1)              81.386
13510      (0 0 1 2 0 0 1)              81.382
13511      (1 0 1 2 1 2 1)              81.381
13512      (1 0 1 2 1 1 1)              81.378
13513      (1 0 1 2 1 2 1)              81.378
13514      (1 0 0 0 1 1 1)              81.376
13515      (0 0 4 2 2 2 1)              81.373
13516      (1 0 3 1 2 1 2)              81.369
13517      (1 0 1 2 1 2 1)              81.367
13518      (1 0 1 2 1 1 1)              81.366
13519      (0 0 1 2 0 0 1)              81.362
13520      (1 0 3 1 2 1 2)              81.360
13521      (0 0 4 2 2 2 1)              81.356
13522      (0 0 4 2 2 2 1)              81.354
13523      (1 0 1 2 1 1 1)              81.352
13524      (0 0 4 2 2 2 1)              81.351
13525      (1 0 1 2 1 2 1)              81.349
13526      (1 0 1 2 1 1 1)              81.347
13527      (1 0 1 2 1 1 1)              81.345
13528      (1 0 1 2 0 0 1)              81.343
13529      (1 0 2 3 1 0 1)              81.342
13530      (0 0 2 3 2 2 0)              81.339
13531      (1 0 1 2 1 1 1)              81.335
13532      (1 0 3 1 2 1 2)              81.331
13533      (0 0 4 2 2 2 1)              81.329
13534      (1 0 0 0 2 2 1)              81.328
13535      (1 0 1 2 1 2 1)              81.327
13536      (1 0 2 3 2 1 2)              81.324
13537      (0 0 4 2 2 2 1)              81.322
13538      (1 0 1 2 1 2 1)              81.321
13539      (1 0 2 3 2 1 2)              81.318
13540      (1 0 1 2 1 0 1)              81.317
13541      (1 0 1 2 1 1 1)              81.313
13542      (1 0 3 1 2 1 2)              81.311
13543      (1 0 1 2 1 2 1)              81.309
13544      (1 0 1 2 1 1 1)              81.306
13545      (1 0 0 0 1 2 1)              81.306
13546      (1 0 1 2 1 2 1)              81.304
13547      (1 0 2 3 2 1 2)              81.301
13548      (1 0 3 1 2 1 2)              81.299
13549      (0 1 0 0 2 2 1)              81.297
13550      (0 0 4 2 2 2 1)              81.296
13551      (1 0 1 2 1 1 1)              81.294
13552      (1 0 2 3 1 1 1)              81.291
13553      (0 0 2 3 1 2 1)              81.288
13554      (1 0 1 2 1 1 1)              81.284
13555      (1 0 0 0 1 2 1)              81.284
13556      (1 0 2 3 1 2 1)              81.283
13557      (1 0 2 3 2 1 2)              81.280
13558      (1 0 1 2 1 2 1)              81.279
13559      (0 0 4 3 1 1 1)              81.275
13560      (1 0 1 2 1 2 1)              81.275
13561      (1 0 2 3 2 2 1)              81.275
13562      (0 0 4 6 2 1 1)              81.272
13563      (0 0 1 2 0 0 1)              81.269
13564      (1 0 0 0 2 2 1)              81.270
13565      (0 0 4 2 2 2 1)              81.268
13566      (1 0 1 2 1 2 1)              81.266
13567      (1 0 2 3 1 1 1)              81.263
13568      (0 0 4 2 2 2 1)              81.261
13569      (0 0 4 6 1 2 1)              81.260
13570      (0 0 1 2 1 1 1)              81.257
13571      (1 0 1 2 1 2 1)              81.254
13572      (1 0 3 1 2 1 2)              81.252
13573      (0 0 4 2 2 2 1)              81.250
13574      (0 0 4 2 2 2 1)              81.249
13575      (1 0 3 1 2 1 2)              81.245
13576      (1 0 1 2 1 1 1)              81.243
13577      (1 0 3 1 2 1 2)              81.241
13578      (1 0 2 3 1 0 1)              81.239
13579      (1 0 1 2 1 1 1)              81.237
13580      (1 0 1 2 1 1 1)              81.235
13581      (1 0 3 1 2 1 2)              81.231
13582      (1 0 1 2 1 1 1)              81.229
13583      (1 0 2 3 1 1 1)              81.226
13584      (1 0 2 3 2 2 1)              81.227
13585      (1 0 1 2 1 2 1)              81.226
13586      (0 0 1 2 1 1 1)              81.223
13587      (0 0 4 5 2 1 1)              81.220
13588      (1 0 3 1 2 1 2)              81.216
13589      (0 0 4 2 2 2 1)              81.215
13590      (1 0 3 1 2 1 2)              81.213
13591      (1 0 1 2 1 2 1)              81.211
13592      (0 0 4 6 1 2 1)              81.208
13593      (1 0 1 2 1 1 1)              81.205
13594      (0 0 4 2 2 2 1)              81.204
13595      (0 0 4 2 2 2 1)              81.202
13596      (1 0 2 3 2 1 2)              81.199
13597      (0 0 4 2 2 2 1)              81.197
13598      (0 0 4 2 2 2 1)              81.195
13599      (1 0 1 2 1 2 1)              81.193
13600      (1 0 1 2 1 2 1)              81.192
13601      (0 0 4 3 2 1 1)              81.189
13602      (1 0 1 2 1 1 1)              81.187
13603      (1 0 1 2 1 2 1)              81.185
13604      (1 0 3 1 2 1 2)              81.183
13605      (1 0 3 1 2 1 2)              81.180
13606      (0 0 4 2 2 2 1)              81.178
13607      (1 0 1 2 2 2 1)              81.177
13608      (0 0 2 3 1 2 1)              81.176
13609      (1 0 2 3 1 2 1)              81.175
13610      (0 0 1 2 1 1 1)              81.170
13611      (1 0 1 2 1 0 1)              81.168
13612      (1 0 1 2 1 1 1)              81.164
13613      (0 0 4 2 2 2 1)              81.163
13614      (1 0 4 5 2 2 2)              81.161
13615      (1 0 2 3 1 2 0)              81.158
13616      (1 0 1 2 1 2 1)              81.157
13617      (1 0 1 2 0 0 1)              81.155
13618      (1 0 1 2 1 1 1)              81.153
13619      (1 0 1 2 1 1 1)              81.151
13620      (1 0 1 2 1 1 1)              81.150
13621      (0 0 4 2 2 2 1)              81.147
13622      (1 0 1 2 1 1 1)              81.146
13623      (1 0 1 2 1 1 1)              81.144
13624      (0 0 2 3 1 1 1)              81.144
13625      (0 0 1 2 0 0 1)              81.140
13626      (0 0 4 2 2 2 1)              81.139
13627      (1 0 3 1 2 1 2)              81.136
13628      (1 0 3 1 2 1 2)              81.133
13629      (0 0 4 2 2 2 1)              81.131
13630      (0 0 4 3 2 1 1)              81.129
13631      (1 0 1 2 1 1 1)              81.126
13632      (0 0 4 2 2 2 1)              81.124
13633      (0 0 4 2 2 2 1)              81.122
13634      (0 0 0 4 1 2 1)              81.121
13635      (1 0 3 1 2 1 2)              81.119
13636      (1 0 1 2 0 0 0)              81.115
13637      (0 0 4 2 2 2 1)              81.113
13638      (1 0 1 2 1 0 1)              81.111
13639      (0 0 4 5 2 1 1)              81.107
13640      (1 0 1 2 1 1 1)              81.105
13641      (1 0 2 3 2 1 2)              81.102
13642      (0 0 4 5 2 1 1)              81.098
13643      (1 0 1 2 1 2 1)              81.097
13644      (0 0 4 2 2 2 1)              81.095
13645      (1 0 0 0 2 2 1)              81.096
13646      (0 0 4 2 2 2 1)              81.093
13647      (0 0 4 2 2 2 1)              81.089
13648      (0 0 4 6 2 1 1)              81.086
13649      (1 0 3 1 2 1 2)              81.082
13650      (0 0 1 2 1 1 1)              81.079
13651      (0 0 0 0 1 1 1)              81.077
13652      (0 0 4 3 2 1 1)              81.073
13653      (0 0 4 2 2 2 1)              81.071
13654      (0 0 4 2 2 2 1)              81.069
13655      (1 0 1 2 1 1 1)              81.069
13656      (1 0 1 2 1 1 1)              81.065
13657      (1 0 0 0 1 2 0)              81.062
13658      (1 0 1 2 1 2 1)              81.061
13659      (0 0 4 2 2 2 1)              81.061
13660      (0 0 1 2 0 0 1)              81.057
13661      (0 0 4 6 0 0 1)              81.054
13662      (1 0 1 2 1 1 1)              81.051
13663      (1 0 0 0 2 2 1)              81.047
13664      (1 0 1 2 0 0 1)              81.046
13665      (0 0 4 6 0 0 1)              81.044
13666      (0 0 1 2 0 0 1)              81.040
13667      (1 0 4 5 2 2 2)              81.039
13668      (1 0 1 2 0 0 1)              81.036
13669      (1 0 2 3 1 0 1)              81.036
13670      (0 0 0 4 1 2 1)              81.035
13671      (0 0 4 6 1 1 1)              81.034
13672      (1 0 0 0 2 2 1)              81.035
13673      (1 0 1 2 1 1 1)              81.033
13674      (1 0 1 2 1 1 1)              81.031
13675      (1 0 4 5 2 2 2)              81.029
13676      (0 0 4 2 2 2 1)              81.028
13677      (0 0 4 5 2 1 1)              81.024
13678      (1 0 1 2 1 2 1)              81.021
13679      (0 0 4 2 2 2 1)              81.019
13680      (1 0 2 3 2 1 2)              81.015
13681      (1 0 1 2 1 1 1)              81.014
13682      (1 0 3 1 2 1 2)              81.012
13683      (1 0 0 0 1 2 0)              81.012
13684      (1 0 1 2 1 1 1)              81.011
13685      (0 0 4 6 1 2 1)              81.009
13686      (0 0 2 3 1 2 1)              81.006
13687      (1 0 2 3 1 0 1)              81.004
13688      (0 0 4 2 2 2 1)              81.003
13689      (1 0 2 3 2 1 2)              81.000
13690      (1 0 1 2 0 0 1)              80.998
13691      (0 0 4 2 2 2 1)              80.997
13692      (1 0 1 2 0 0 0)              80.995
13693      (1 0 3 1 2 1 2)              80.992
13694      (1 0 1 2 0 0 1)              80.989
13695      (1 0 1 2 1 1 1)              80.987
13696      (0 0 4 2 2 2 1)              80.985
13697      (1 0 2 3 1 0 1)              80.984
13698      (0 0 1 2 0 0 1)              80.980
13699      (1 0 3 1 2 1 2)              80.978
13700      (0 0 4 2 2 2 1)              80.976
13701      (1 0 3 1 2 1 2)              80.975
13702      (1 0 1 2 1 1 1)              80.973
13703      (1 0 1 2 1 2 1)              80.971
13704      (1 0 2 3 1 0 1)              80.969
13705      (1 0 1 2 1 1 1)              80.968
13706      (1 0 1 2 1 1 1)              80.966
13707      (0 0 4 6 0 0 1)              80.964
13708      (1 0 2 3 2 1 1)              80.962
13709      (1 0 1 2 1 2 1)              80.962
13710      (0 0 4 5 2 1 1)              80.959
13711      (0 0 4 5 2 1 1)              80.956
13712      (0 0 4 2 2 2 1)              80.954
13713      (1 0 2 3 1 2 1)              80.954
13714      (0 0 4 6 1 2 1)              80.953
13715      (1 0 1 2 0 0 0)              80.950
13716      (1 0 1 2 1 1 1)              80.949
13717      (0 0 4 2 2 2 1)              80.947
13718      (1 0 1 2 1 1 1)              80.945
13719      (1 0 2 3 1 0 1)              80.944
13720      (1 0 1 2 1 1 1)              80.943
13721      (1 0 2 3 1 2 0)              80.940
13722      (1 0 1 2 1 2 1)              80.937
13723      (0 0 4 2 2 2 1)              80.935
13724      (1 0 2 3 1 0 1)              80.935
13725      (1 0 1 2 1 1 1)              80.933
13726      (1 0 2 3 1 0 1)              80.931
13727      (0 0 4 2 2 2 1)              80.928
13728      (1 0 0 0 1 2 0)              80.926
13729      (0 0 1 2 0 0 1)              80.922
13730      (1 0 1 2 1 2 1)              80.919
13731      (0 0 4 3 1 1 1)              80.916
13732      (1 0 1 2 1 2 1)              80.912
13733      (1 0 1 2 0 0 0)              80.910
13734      (0 0 4 2 2 2 1)              80.909
13735      (0 0 1 2 1 1 1)              80.905
13736      (1 0 2 3 1 0 1)              80.903
13737      (0 0 4 2 2 2 1)              80.902
13738      (1 0 1 2 1 2 1)              80.900
13739      (0 0 4 6 1 2 1)              80.896
13740      (0 0 4 2 2 2 1)              80.894
13741      (1 0 1 2 0 0 1)              80.892
13742      (0 0 4 2 2 2 1)              80.890
13743      (1 0 2 3 1 2 1)              80.889
13744      (1 0 1 2 1 1 1)              80.885
13745      (0 0 2 3 1 2 1)              80.882
13746      (0 0 4 2 2 2 1)              80.878
13747      (1 0 1 2 1 2 1)              80.876
13748      (0 0 4 3 2 1 1)              80.871
13749      (1 0 0 0 1 2 0)              80.871
13750      (1 0 2 3 2 1 2)              80.868
13751      (1 0 1 2 1 2 1)              80.866
13752      (0 0 0 4 1 2 1)              80.865
13753      (0 0 4 2 2 2 1)              80.864
13754      (0 0 4 2 2 2 1)              80.862
13755      (1 0 1 2 2 2 1)              80.861
13756      (1 0 1 2 0 0 1)              80.859
13757      (1 0 1 2 1 1 1)              80.858
13758      (1 0 1 2 1 2 1)              80.857
13759      (1 0 3 1 1 0 0)              80.853
13760      (0 0 4 6 1 1 1)              80.850
13761      (0 0 2 3 1 2 1)              80.849
13762      (1 0 2 3 1 2 1)              80.848
13763      (1 0 1 2 0 0 1)              80.846
13764      (0 0 4 2 2 2 1)              80.845
13765      (1 0 2 3 1 2 1)              80.844
13766      (1 0 2 3 2 1 2)              80.840
13767      (0 0 2 3 1 2 1)              80.838
13768      (1 0 3 1 2 1 2)              80.835
13769      (1 0 1 2 1 2 1)              80.832
13770      (1 0 3 1 2 1 2)              80.831
13771      (1 0 3 1 2 1 2)              80.829
13772      (1 0 1 2 1 1 1)              80.827
13773      (0 0 1 2 1 1 1)              80.824
13774      (1 0 2 3 2 1 2)              80.821
13775      (1 0 3 1 2 1 2)              80.819
13776      (1 0 2 3 2 1 2)              80.817
13777      (1 0 2 3 0 0 0)              80.815
13778      (1 0 1 2 1 1 1)              80.813
13779      (1 0 3 1 2 1 2)              80.811
13780      (1 0 2 3 1 0 1)              80.811
13781      (1 0 2 3 1 1 1)              80.809
13782      (1 0 3 1 2 1 2)              80.805
13783      (1 0 1 2 1 2 1)              80.804
13784      (1 0 0 0 2 2 1)              80.804
13785      (1 0 2 3 1 0 1)              80.802
13786      (1 0 4 5 2 2 2)              80.802
13787      (1 0 3 1 2 1 2)              80.800
13788      (1 0 1 2 1 1 1)              80.798
13789      (1 0 3 1 2 1 2)              80.796
13790      (0 0 1 2 0 0 1)              80.794
13791      (1 0 1 2 1 2 1)              80.793
13792      (1 0 1 2 1 2 1)              80.789
13793      (0 0 1 2 1 1 1)              80.787
13794      (0 0 4 2 2 2 1)              80.785
13795      (0 0 4 2 2 2 1)              80.781
13796      (1 0 2 3 1 1 1)              80.778
13797      (1 0 1 2 1 2 1)              80.777
13798      (0 0 4 3 1 1 1)              80.777
13799      (1 0 3 1 2 1 2)              80.773
13800      (0 0 4 2 2 2 1)              80.771
13801      (1 0 1 2 1 1 1)              80.771
13802      (0 0 4 2 2 2 1)              80.769
13803      (1 0 2 3 2 2 1)              80.769
13804      (1 0 2 3 1 0 1)              80.768
13805      (0 0 4 2 2 2 1)              80.766
13806      (1 0 2 3 1 0 1)              80.764
13807      (1 0 1 2 1 2 1)              80.763
13808      (1 0 3 1 2 1 2)              80.760
13809      (0 0 1 2 0 0 1)              80.757
13810      (0 0 1 2 1 1 1)              80.754
13811      (1 0 1 2 1 2 1)              80.750
13812      (1 0 0 0 1 2 0)              80.748
13813      (1 0 1 2 1 1 1)              80.744
13814      (1 0 3 1 1 1 1)              80.741
13815      (0 0 4 2 2 2 1)              80.739
13816      (1 0 3 1 2 1 2)              80.737
13817      (0 0 2 3 1 2 1)              80.734
13818      (0 0 4 2 2 2 1)              80.732
13819      (0 0 1 2 1 1 1)              80.730
13820      (1 0 0 0 2 2 1)              80.731
13821      (0 0 4 2 1 2 1)              80.729
13822      (0 0 4 2 2 2 1)              80.728
13823      (1 0 1 2 2 2 1)              80.728
13824      (0 0 4 6 1 2 1)              80.727
13825      (1 0 1 2 1 1 1)              80.724
13826      (1 0 2 3 2 1 2)              80.723
13827      (0 0 1 2 1 1 1)              80.719
13828      (1 0 1 2 1 2 1)              80.718
13829      (0 0 4 3 2 1 1)              80.715
13830      (1 0 1 2 1 2 1)              80.715
13831      (0 0 4 2 2 2 1)              80.712
13832      (1 0 3 1 2 1 2)              80.708
13833      (1 0 1 2 1 2 1)              80.708
13834      (1 0 1 2 1 2 1)              80.706
13835      (1 0 1 2 1 1 1)              80.704
13836      (1 0 1 2 1 2 1)              80.701
13837      (0 0 4 6 0 0 1)              80.700
13838      (0 0 4 2 2 2 1)              80.698
13839      (0 0 4 2 2 2 1)              80.696
13840      (0 0 2 3 2 2 2)              80.697
13841      (1 0 2 3 1 0 1)              80.695
13842      (1 0 1 2 1 1 1)              80.691
13843      (1 0 1 2 1 1 1)              80.689
13844      (1 0 2 3 1 0 1)              80.688
13845      (1 0 1 2 1 1 1)              80.686
13846      (0 0 4 6 1 1 1)              80.685
13847      (1 0 1 2 1 2 1)              80.684
13848      (1 0 2 3 1 2 1)              80.685
13849      (1 0 2 3 1 0 1)              80.683
13850      (0 0 4 2 2 2 1)              80.682
13851      (1 0 1 2 1 2 1)              80.680
13852      (0 0 4 6 1 2 1)              80.680
13853      (0 0 4 5 2 1 1)              80.677
13854      (1 0 2 3 1 2 1)              80.675
13855      (1 0 1 2 1 2 1)              80.673
13856      (1 0 2 3 1 0 1)              80.671
13857      (1 0 3 1 2 1 2)              80.669
13858      (1 0 2 3 1 1 1)              80.666
13859      (0 0 4 2 2 2 1)              80.664
13860      (1 0 2 3 2 1 2)              80.662
13861      (1 0 0 0 0 2 1)              80.661
13862      (1 0 1 2 1 1 1)              80.659
13863      (1 0 1 2 1 1 1)              80.656
13864      (1 0 1 2 1 2 1)              80.656
13865      (0 0 4 5 2 1 1)              80.653
13866      (1 0 1 2 1 1 1)              80.651
13867      (0 0 4 3 2 1 1)              80.647
13868      (0 0 4 2 2 2 1)              80.645
13869      (1 0 1 2 1 1 1)              80.643
13870      (1 0 1 2 1 2 1)              80.640
13871      (1 0 1 2 1 1 1)              80.639
13872      (1 0 4 5 2 2 2)              80.638
13873      (0 0 1 2 1 1 1)              80.635
13874      (1 0 3 1 2 1 2)              80.634
13875      (1 0 3 1 2 1 2)              80.632
13876      (1 0 1 2 1 2 1)              80.631
13877      (1 0 3 1 2 1 2)              80.630
13878      (1 0 3 1 2 1 2)              80.626
13879      (1 0 1 2 1 2 1)              80.624
13880      (0 0 4 5 2 1 1)              80.620
13881      (0 0 0 4 0 1 0)              80.620
13882      (0 0 1 2 1 1 1)              80.617
13883      (1 0 3 1 2 1 2)              80.615
13884      (1 0 2 3 1 0 1)              80.614
13885      (0 0 4 6 0 0 1)              80.612
13886      (1 0 1 2 0 0 1)              80.609
13887      (0 0 4 2 2 2 1)              80.609
13888      (1 0 1 2 1 2 1)              80.608
13889      (1 0 1 2 1 1 1)              80.604
13890      (0 0 4 2 2 2 1)              80.603
13891      (1 0 1 2 1 1 1)              80.602
13892      (1 0 4 5 2 2 2)              80.600
13893      (1 0 1 2 0 0 1)              80.598
13894      (1 0 1 2 1 2 1)              80.598
13895      (1 0 3 1 2 1 2)              80.596
13896      (0 0 4 2 2 2 1)              80.593
13897      (0 0 1 2 1 1 1)              80.590
13898      (1 0 1 2 1 1 1)              80.588
13899      (0 0 4 2 2 2 1)              80.585
13900      (1 0 2 3 1 0 1)              80.583
13901      (1 0 1 2 1 1 1)              80.583
13902      (1 0 2 3 1 2 1)              80.582
13903      (1 0 1 2 1 1 1)              80.580
13904      (0 0 1 2 1 1 1)              80.577
13905      (0 0 4 6 1 2 1)              80.576
13906      (1 0 2 3 2 2 1)              80.576
13907      (1 0 3 1 2 1 2)              80.574
13908      (1 0 1 2 1 1 1)              80.571
13909      (1 0 2 3 2 1 2)              80.568
13910      (1 0 2 3 1 0 1)              80.567
13911      (1 0 3 1 2 1 2)              80.565
13912      (1 0 2 3 1 1 1)              80.562
13913      (0 0 4 2 2 2 1)              80.559
13914      (1 0 1 2 1 1 1)              80.557
13915      (1 0 3 1 2 1 2)              80.553
13916      (0 0 4 6 0 0 1)              80.550
13917      (1 0 1 2 0 0 1)              80.549
13918      (1 0 3 1 2 1 2)              80.546
13919      (1 0 1 2 1 2 1)              80.545
13920      (1 0 1 2 1 2 1)              80.545
13921      (0 0 4 2 2 2 1)              80.542
13922      (0 0 4 6 1 2 1)              80.538
13923      (1 0 1 2 1 1 1)              80.536
13924      (1 0 1 2 1 1 1)              80.536
13925      (1 0 1 2 1 1 1)              80.532
13926      (1 0 3 1 2 1 2)              80.529
13927      (1 0 1 2 1 1 1)              80.526
13928      (1 0 4 5 2 2 2)              80.524
13929      (0 0 4 3 2 1 1)              80.520
13930      (0 0 4 5 2 1 1)              80.519
13931      (0 0 4 2 2 2 1)              80.517
13932      (1 0 1 2 1 1 1)              80.513
13933      (1 0 2 3 1 0 1)              80.511
13934      (1 0 1 2 0 0 1)              80.510
13935      (1 0 1 2 1 1 1)              80.508
13936      (1 0 3 1 2 1 2)              80.506
13937      (0 0 4 2 2 2 1)              80.505
13938      (1 0 3 1 2 1 2)              80.503
13939      (0 0 2 3 1 2 1)              80.500
13940      (1 0 0 0 1 2 0)              80.500
13941      (1 0 4 5 2 2 2)              80.499
13942      (1 0 1 2 1 1 1)              80.497
13943      (1 0 3 1 2 1 2)              80.496
13944      (1 0 3 1 2 1 2)              80.494
13945      (0 0 4 2 2 2 1)              80.492
13946      (0 0 4 2 2 2 1)              80.491
13947      (1 0 1 2 1 2 1)              80.490
13948      (0 0 4 2 2 2 1)              80.488
13949      (0 0 4 2 2 2 1)              80.486
13950      (1 0 1 2 1 1 1)              80.484
13951      (1 0 1 2 1 1 1)              80.480
13952      (1 0 0 0 2 2 1)              80.481
13953      (1 0 3 1 2 1 2)              80.479
13954      (1 0 1 2 1 1 1)              80.477
13955      (0 0 4 5 2 1 1)              80.476
13956      (1 0 1 2 1 2 1)              80.474
13957      (1 0 0 0 1 2 0)              80.473
13958      (1 0 1 2 1 2 1)              80.473
13959      (1 0 1 2 1 2 1)              80.471
13960      (1 0 1 2 1 1 1)              80.469
13961      (0 0 4 2 2 2 1)              80.468
13962      (1 0 2 3 1 0 1)              80.466
13963      (1 0 1 2 1 2 1)              80.465
13964      (1 0 1 2 1 2 1)              80.465
13965      (1 0 1 2 1 2 1)              80.464
13966      (0 0 1 2 1 1 1)              80.461
13967      (0 0 4 2 2 2 1)              80.460
13968      (1 0 3 1 2 1 2)              80.456
13969      (0 0 1 2 0 0 1)              80.452
13970      (1 0 1 2 1 2 1)              80.450
13971      (1 0 1 2 1 1 1)              80.449
13972      (0 0 4 2 2 2 1)              80.447
13973      (0 0 4 6 1 1 1)              80.446
13974      (1 0 1 2 1 0 1)              80.445
13975      (1 0 3 1 2 1 2)              80.442
13976      (1 0 1 2 2 2 1)              80.441
13977      (1 0 1 2 1 1 1)              80.439
13978      (1 0 3 1 2 1 2)              80.437
13979      (1 0 1 2 1 2 1)              80.436
13980      (1 0 2 3 1 0 1)              80.435
13981      (1 0 3 1 2 1 2)              80.434
13982      (0 0 4 2 2 2 1)              80.432
13983      (0 0 4 6 1 1 1)              80.432
13984      (0 0 4 2 2 2 1)              80.431
13985      (0 0 4 2 2 2 1)              80.430
13986      (0 0 2 3 1 1 1)              80.427
13987      (0 0 1 2 1 1 1)              80.424
13988      (1 0 1 2 1 1 1)              80.422
13989      (1 0 1 2 1 1 1)              80.422
13990      (0 0 1 2 1 1 1)              80.418
13991      (1 0 4 5 2 2 2)              80.417
13992      (1 0 1 2 1 1 1)              80.416
13993      (0 0 4 5 2 1 1)              80.412
13994      (1 0 3 1 2 1 2)              80.409
13995      (0 0 4 6 1 2 1)              80.408
13996      (0 0 1 2 1 1 1)              80.403
13997      (0 0 4 3 1 1 1)              80.399
13998      (1 0 1 2 1 2 1)              80.397
13999      (0 0 4 6 1 2 1)              80.393
14000      (1 0 1 2 1 2 1)              80.392
14001      (1 0 1 2 1 0 1)              80.392
14002      (1 0 2 3 1 0 1)              80.390
14003      (0 0 1 2 0 0 1)              80.387
14004      (1 0 1 2 1 2 1)              80.386
14005      (1 0 0 0 1 2 1)              80.385
14006      (0 0 4 2 2 2 1)              80.383
14007      (1 0 1 2 0 0 1)              80.381
14008      (0 0 4 2 2 2 1)              80.379
14009      (0 0 4 2 2 2 1)              80.376
14010      (0 0 2 3 2 2 2)              80.374
14011      (1 0 3 1 2 1 2)              80.371
14012      (1 0 0 0 1 2 0)              80.370
14013      (0 0 4 6 1 2 1)              80.371
14014      (0 0 4 2 2 2 1)              80.369
14015      (1 0 1 2 1 1 1)              80.368
14016      (0 0 4 2 2 2 1)              80.367
14017      (1 0 1 2 1 1 1)              80.365
14018      (1 0 2 3 2 1 2)              80.361
14019      (0 0 4 2 1 2 1)              80.360
14020      (0 0 4 6 0 0 1)              80.358
14021      (1 0 1 2 0 0 0)              80.354
14022      (1 0 1 2 1 2 1)              80.353
14023      (1 0 2 3 2 1 2)              80.350
14024      (0 0 1 2 0 0 1)              80.346
14025      (1 0 1 2 1 2 1)              80.345
14026      (1 0 1 2 1 2 1)              80.344
14027      (1 0 3 1 2 1 2)              80.340
14028      (0 0 4 3 2 1 1)              80.337
14029      (1 0 1 2 1 1 1)              80.335
14030      (1 0 2 3 1 0 1)              80.333
14031      (1 0 2 3 1 0 1)              80.333
14032      (0 0 4 2 2 2 1)              80.331
14033      (1 0 4 6 0 0 1)              80.330
14034      (1 0 1 2 0 0 0)              80.327
14035      (0 0 4 6 1 2 1)              80.325
14036      (1 0 1 2 1 2 1)              80.323
14037      (0 0 1 2 1 1 1)              80.320
14038      (1 0 2 3 2 2 1)              80.317
14039      (1 0 0 0 2 2 1)              80.317
14040      (1 0 0 0 2 2 1)              80.317
14041      (1 0 1 2 0 0 1)              80.315
14042      (1 0 1 2 1 1 1)              80.313
14043      (1 0 1 2 1 1 1)              80.310
14044      (1 0 1 2 1 2 1)              80.309
14045      (0 0 4 2 2 2 1)              80.307
14046      (0 0 4 2 2 2 1)              80.307
14047      (1 0 1 2 1 1 1)              80.305
14048      (1 0 1 2 1 1 1)              80.303
14049      (1 0 1 2 1 1 1)              80.301
14050      (1 0 2 3 2 1 2)              80.298
14051      (1 0 3 1 2 1 2)              80.297
14052      (1 0 3 1 2 1 2)              80.293
14053      (0 0 4 2 2 2 1)              80.291
14054      (1 0 2 3 1 0 1)              80.290
14055      (1 0 3 1 2 1 2)              80.287
14056      (0 0 4 3 2 1 1)              80.282
14057      (1 0 1 2 1 2 1)              80.281
14058      (1 0 3 1 2 1 2)              80.278
14059      (1 0 1 2 1 1 1)              80.276
14060      (0 0 4 2 2 2 1)              80.275
14061      (0 0 4 6 1 2 1)              80.272
14062      (0 0 4 2 2 2 1)              80.270
14063      (0 0 4 6 1 2 1)              80.268
14064      (1 0 1 2 1 2 1)              80.267
14065      (1 0 3 1 2 1 2)              80.263
14066      (1 0 4 5 2 2 2)              80.263
14067      (1 0 1 2 1 1 1)              80.261
14068      (1 0 3 1 2 1 2)              80.259
14069      (1 0 1 2 1 1 1)              80.257
14070      (1 0 1 2 1 1 1)              80.255
14071      (1 0 3 1 2 1 2)              80.253
14072      (0 0 4 5 2 1 1)              80.251
14073      (0 0 2 3 1 2 1)              80.249
14074      (1 0 1 2 1 1 1)              80.247
14075      (1 0 1 2 1 1 1)              80.247
14076      (1 0 1 2 1 1 1)              80.244
14077      (1 0 2 3 2 2 1)              80.245
14078      (1 0 1 2 1 1 1)              80.243
14079      (1 0 0 0 1 2 0)              80.242
14080      (1 0 1 2 1 2 1)              80.242
14081      (1 0 3 1 2 1 2)              80.240
14082      (1 0 1 2 0 0 1)              80.237
14083      (1 0 3 1 2 1 2)              80.235
14084      (1 0 1 2 1 2 1)              80.234
14085      (1 0 1 2 2 2 1)              80.233
14086      (0 0 4 2 2 2 1)              80.232
14087      (1 0 2 3 1 2 0)              80.229
14088      (0 0 1 2 0 0 1)              80.225
14089      (1 0 1 2 0 0 1)              80.224
14090      (1 0 1 2 0 0 1)              80.221
14091      (1 0 1 2 1 2 1)              80.220
14092      (0 0 4 2 2 2 1)              80.217
14093      (1 0 1 2 1 1 1)              80.214
14094      (0 0 4 2 2 2 1)              80.213
14095      (1 0 1 2 1 1 1)              80.209
14096      (1 0 3 1 2 1 2)              80.207
14097      (1 0 2 3 2 1 2)              80.208
14098      (1 0 1 2 1 1 1)              80.204
14099      (1 0 3 1 2 1 2)              80.201
14100      (1 0 2 3 2 1 2)              80.198
14101      (1 0 0 0 0 2 1)              80.195
14102      (1 0 3 1 2 1 2)              80.194
14103      (0 0 4 5 2 1 1)              80.192
14104      (0 0 4 2 2 2 1)              80.189
14105      (1 0 3 1 2 1 2)              80.187
14106      (1 0 1 2 0 0 1)              80.185
14107      (1 0 1 2 1 1 1)              80.183
14108      (0 0 4 2 1 2 1)              80.182
14109      (1 0 0 0 2 2 1)              80.181
14110      (1 0 1 2 1 1 1)              80.179
14111      (1 0 2 3 1 2 0)              80.178
14112      (0 0 4 2 2 2 1)              80.176
14113      (1 0 1 2 0 0 0)              80.173
14114      (1 0 2 3 1 0 1)              80.172
14115      (1 0 1 2 1 1 1)              80.170
14116      (1 0 1 2 1 2 0)              80.167
14117      (0 0 1 2 0 0 1)              80.164
14118      (0 0 4 3 2 1 1)              80.161
14119      (0 0 1 2 1 1 1)              80.159
14120      (0 0 2 3 1 2 1)              80.156
14121      (1 0 2 3 1 0 1)              80.154
14122      (1 0 1 2 1 2 1)              80.154
14123      (1 0 1 2 1 2 1)              80.152
14124      (1 0 1 2 1 1 1)              80.148
14125      (0 0 4 2 2 2 1)              80.147
14126      (1 0 3 1 2 1 2)              80.145
14127      (1 0 2 3 1 0 1)              80.143
14128      (1 0 2 3 2 1 2)              80.140
14129      (0 0 4 5 2 1 1)              80.136
14130      (1 0 1 2 1 1 1)              80.134
14131      (1 0 2 3 1 2 0)              80.132
14132      (1 0 2 3 1 0 1)              80.130
14133      (0 0 4 2 2 2 1)              80.129
14134      (1 0 1 2 1 2 1)              80.125
14135      (0 0 4 2 2 2 1)              80.123
14136      (1 0 1 2 1 2 1)              80.121
14137      (1 0 3 1 2 1 2)              80.118
14138      (1 0 3 1 2 1 2)              80.116
14139      (1 0 3 1 2 1 2)              80.115
14140      (1 0 2 3 2 1 2)              80.115
14141      (1 0 1 2 1 1 1)              80.113
14142      (1 0 1 2 1 1 1)              80.111
14143      (1 0 1 2 1 1 1)              80.109
14144      (0 0 4 2 2 2 1)              80.108
14145      (1 0 1 2 1 2 1)              80.106
14146      (1 0 1 2 1 2 1)              80.104
14147      (1 0 1 2 1 1 1)              80.101
14148      (0 0 4 3 2 1 1)              80.097
14149      (0 0 4 6 1 2 1)              80.095
14150      (0 0 4 3 2 1 1)              80.092
14151      (1 0 1 2 0 2 0)              80.088
14152      (1 0 2 3 0 0 0)              80.088
14153      (1 0 3 1 2 1 2)              80.086
14154      (0 0 1 2 1 1 1)              80.082
14155      (1 0 2 3 2 1 1)              80.080
14156      (0 0 4 3 2 1 1)              80.076
14157      (1 0 1 2 1 1 1)              80.073
14158      (1 0 1 2 1 2 1)              80.071
14159      (1 0 1 2 1 2 1)              80.070
14160      (0 0 1 2 1 1 1)              80.068
14161      (0 0 4 3 2 1 1)              80.063
14162      (1 0 3 1 2 1 2)              80.059
14163      (1 0 1 2 1 1 1)              80.058
14164      (1 0 1 2 1 1 1)              80.055
14165      (0 0 4 2 2 2 1)              80.053
14166      (0 0 2 3 2 2 0)              80.051
14167      (1 0 2 3 1 0 1)              80.049
14168      (1 0 4 5 2 2 2)              80.047
14169      (1 0 1 2 1 1 1)              80.045
14170      (1 0 1 2 0 0 0)              80.042
14171      (1 0 2 3 1 0 1)              80.041
14172      (1 0 3 1 2 1 2)              80.037
14173      (0 0 4 2 2 2 1)              80.035
14174      (0 0 4 2 2 2 1)              80.034
14175      (1 0 1 2 1 1 1)              80.030
14176      (1 0 1 2 1 2 1)              80.028
14177      (0 0 4 6 1 2 1)              80.026
14178      (0 0 4 3 2 1 1)              80.022
14179      (1 0 1 2 1 1 1)              80.019
14180      (1 0 3 1 2 1 2)              80.017
14181      (0 0 4 2 2 2 1)              80.015
14182      (1 0 2 3 1 0 1)              80.014
14183      (1 0 2 3 1 0 1)              80.012
14184      (1 0 3 1 2 1 2)              80.009
14185      (1 0 1 2 1 2 1)              80.008
14186      (0 0 1 2 1 1 1)              80.005
14187      (0 0 1 2 1 2 1)              80.003
14188      (1 0 1 2 1 2 1)              80.000
14189      (0 0 4 3 2 1 1)              79.996
14190      (1 0 3 1 2 1 2)              79.995
14191      (1 0 4 5 2 2 2)              79.994
14192      (0 0 4 5 2 1 1)              79.991
14193      (1 0 3 1 2 1 2)              79.988
14194      (1 0 1 2 1 1 1)              79.986
14195      (0 0 4 2 2 2 1)              79.985
14196      (0 0 4 2 2 2 1)              79.984
14197      (1 0 2 3 1 0 1)              79.983
14198      (0 0 2 3 1 2 1)              79.984
14199      (1 0 2 3 1 0 1)              79.982
14200      (1 0 3 1 2 1 2)              79.979
14201      (1 0 3 1 2 1 2)              79.975
14202      (0 1 4 6 0 0 1)              79.972
14203      (1 0 1 2 1 2 1)              79.969
14204      (1 0 0 0 0 0 0)              79.969
14205      (1 0 1 2 1 1 1)              79.966
14206      (0 0 4 2 2 2 1)              79.964
14207      (0 0 1 2 1 1 0)              79.959
14208      (1 0 2 3 2 2 1)              79.960
14209      (1 0 1 2 1 1 1)              79.959
14210      (0 0 4 2 2 2 1)              79.958
14211      (1 0 1 2 1 1 1)              79.955
14212      (0 0 4 2 2 2 1)              79.953
14213      (0 0 4 2 2 2 1)              79.952
14214      (1 0 3 1 2 1 2)              79.949
14215      (1 0 1 2 1 1 1)              79.946
14216      (1 0 0 0 2 2 1)              79.946
14217      (0 0 1 2 0 0 1)              79.942
14218      (1 0 2 3 2 1 2)              79.940
14219      (0 0 1 2 1 1 1)              79.936
14220      (1 0 1 2 1 1 1)              79.932
14221      (0 0 4 6 1 2 1)              79.932
14222      (1 0 1 2 1 2 1)              79.931
14223      (1 0 1 2 1 1 1)              79.930
14224      (0 0 4 2 2 2 1)              79.929
14225      (1 0 2 3 2 1 2)              79.926
14226      (1 0 1 2 1 1 1)              79.926
14227      (1 0 3 1 2 1 2)              79.922
14228      (1 0 2 3 2 2 1)              79.923
14229      (0 0 4 6 2 2 1)              79.920
14230      (1 0 2 3 1 2 1)              79.919
14231      (0 0 4 2 2 2 1)              79.918
14232      (0 0 4 2 2 2 1)              79.916
14233      (0 0 4 3 2 1 1)              79.913
14234      (1 0 1 2 1 1 1)              79.911
14235      (1 0 0 0 1 1 1)              79.909
14236      (1 0 2 3 2 1 2)              79.906
14237      (1 0 2 3 1 0 1)              79.907
14238      (0 0 4 5 2 1 1)              79.905
14239      (1 0 1 2 1 1 1)              79.903
14240      (0 0 4 3 2 1 1)              79.899
14241      (0 0 2 3 2 0 2)              79.896
14242      (0 0 4 2 2 2 1)              79.893
14243      (1 0 1 2 1 1 1)              79.890
14244      (0 0 4 6 1 1 1)              79.889
14245      (1 0 2 3 1 2 0)              79.887
14246      (1 0 1 2 1 2 1)              79.887
14247      (1 0 1 2 1 1 1)              79.884
14248      (1 0 1 2 1 1 1)              79.883
14249      (1 0 3 1 2 1 2)              79.880
14250      (1 0 3 1 2 1 2)              79.878
14251      (1 0 1 2 0 0 1)              79.876
14252      (1 0 1 2 1 2 1)              79.875
14253      (0 0 4 3 2 1 1)              79.870
14254      (0 0 4 2 2 2 1)              79.869
14255      (0 0 4 6 1 2 1)              79.865
14256      (0 0 4 2 2 2 1)              79.865
14257      (0 0 4 6 1 2 1)              79.862
14258      (0 0 0 4 1 2 0)              79.858
14259      (0 0 4 2 2 2 1)              79.858
14260      (1 0 2 3 1 0 1)              79.856
14261      (0 0 4 5 2 1 1)              79.854
14262      (0 0 1 2 1 1 1)              79.849
14263      (1 0 1 2 1 2 1)              79.847
14264      (0 0 1 2 0 0 1)              79.843
14265      (1 0 2 3 2 1 2)              79.840
14266      (1 0 1 2 1 1 1)              79.839
14267      (1 0 2 3 1 2 1)              79.837
14268      (1 0 1 2 1 1 1)              79.836
14269      (1 0 1 2 1 2 1)              79.835
14270      (1 0 3 1 2 1 2)              79.833
14271      (0 0 4 6 2 2 1)              79.831
14272      (1 0 1 2 1 2 1)              79.828
14273      (0 0 4 2 2 2 1)              79.828
14274      (0 0 4 6 1 2 1)              79.827
14275      (1 0 1 2 1 1 1)              79.823
14276      (1 0 3 1 2 1 2)              79.822
14277      (1 0 1 2 1 1 1)              79.820
14278      (0 0 4 3 1 1 1)              79.817
14279      (1 0 1 2 0 0 1)              79.814
14280      (0 0 4 6 0 0 1)              79.812
14281      (0 0 4 2 2 2 1)              79.811
14282      (0 0 1 2 0 0 1)              79.807
14283      (1 0 3 1 2 1 2)              79.806
14284      (1 0 2 3 1 0 1)              79.804
14285      (1 0 2 3 1 0 1)              79.803
14286      (1 0 1 2 1 1 1)              79.802
14287      (1 0 2 3 2 1 2)              79.799
14288      (1 0 1 2 1 2 1)              79.797
14289      (0 0 4 2 2 2 1)              79.795
14290      (1 0 1 2 1 1 1)              79.793
14291      (1 0 2 3 1 0 1)              79.791
14292      (0 0 0 4 1 2 0)              79.788
14293      (1 0 1 2 1 1 1)              79.788
14294      (1 0 1 2 1 2 1)              79.786
14295      (1 0 3 1 2 1 2)              79.785
14296      (1 0 1 2 1 2 1)              79.783
14297      (0 0 4 3 2 1 1)              79.779
14298      (1 0 1 2 1 2 1)              79.778
14299      (1 0 1 2 1 1 1)              79.777
14300      (1 0 3 1 2 1 2)              79.774
14301      (0 0 4 2 2 2 1)              79.772
14302      (0 0 0 4 0 1 0)              79.769
14303      (0 0 4 2 2 2 1)              79.768
14304      (1 0 1 2 1 1 1)              79.766
14305      (1 0 1 2 1 2 1)              79.765
14306      (0 1 4 6 0 0 1)              79.762
14307      (1 0 3 1 2 1 2)              79.759
14308      (0 0 1 2 0 0 1)              79.755
14309      (1 0 1 2 1 1 1)              79.753
14310      (0 0 4 2 2 2 1)              79.752
14311      (0 0 4 2 2 2 1)              79.750
14312      (1 0 2 3 1 0 1)              79.749
14313      (0 0 4 3 2 1 1)              79.745
14314      (1 0 3 1 2 1 2)              79.742
14315      (1 0 1 2 0 0 1)              79.740
14316      (0 0 4 3 2 1 1)              79.736
14317      (0 0 4 2 2 2 1)              79.736
14318      (0 0 2 3 2 0 2)              79.731
14319      (0 0 4 2 2 2 1)              79.730
14320      (1 0 1 2 1 2 1)              79.729
14321      (0 0 2 3 1 2 1)              79.729
14322      (0 0 2 3 1 2 1)              79.726
14323      (1 0 3 1 2 1 2)              79.723
14324      (1 0 1 2 0 0 0)              79.721
14325      (1 0 2 3 2 2 1)              79.721
14326      (1 0 1 2 1 2 1)              79.720
14327      (1 0 3 1 2 1 2)              79.718
14328      (1 0 1 2 1 1 1)              79.714
14329      (0 0 4 6 1 2 1)              79.713
14330      (1 0 1 2 1 1 1)              79.711
14331      (1 0 1 2 1 1 1)              79.709
14332      (1 0 1 2 1 1 1)              79.706
14333      (1 0 4 5 2 2 2)              79.706
14334      (1 0 3 1 2 1 2)              79.704
14335      (0 0 1 2 1 1 1)              79.701
14336      (1 0 1 2 1 1 1)              79.700
14337      (0 0 1 2 0 0 1)              79.696
14338      (1 0 1 2 0 0 1)              79.694
14339      (1 0 1 2 1 2 1)              79.693
14340      (0 0 4 3 1 1 1)              79.689
14341      (1 0 2 3 1 0 1)              79.688
14342      (1 0 1 2 1 1 1)              79.685
14343      (1 0 1 2 1 2 1)              79.684
14344      (1 0 1 2 1 1 1)              79.680
14345      (1 0 1 2 2 2 1)              79.680
14346      (0 0 1 2 0 0 1)              79.676
14347      (1 0 1 2 0 0 0)              79.673
14348      (0 0 4 2 2 2 1)              79.672
14349      (1 0 1 2 1 2 1)              79.668
14350      (1 0 1 2 1 1 1)              79.666
14351      (1 0 1 2 0 0 1)              79.664
14352      (0 0 4 6 0 0 1)              79.663
14353      (1 0 1 2 1 2 1)              79.662
14354      (1 0 2 3 1 2 0)              79.659
14355      (1 0 0 0 0 1 1)              79.658
14356      (1 0 3 1 2 1 2)              79.655
14357      (1 0 1 2 1 1 1)              79.653
14358      (1 0 1 2 1 1 1)              79.651
14359      (1 0 2 3 1 2 1)              79.650
14360      (1 0 0 0 2 2 1)              79.649
14361      (0 0 4 2 2 2 1)              79.647
14362      (1 0 1 2 1 0 1)              79.646
14363      (1 0 2 3 1 0 1)              79.644
14364      (1 0 2 3 1 0 1)              79.643
14365      (0 0 4 2 2 2 1)              79.641
14366      (1 0 3 1 2 1 2)              79.640
14367      (1 0 1 2 1 1 1)              79.637
14368      (1 0 1 2 1 2 1)              79.636
14369      (1 0 1 2 1 1 1)              79.633
14370      (1 0 1 2 1 1 1)              79.631
14371      (1 0 1 2 1 2 1)              79.631
14372      (1 0 1 2 1 2 1)              79.629
14373      (0 0 1 2 1 2 1)              79.627
14374      (0 0 1 2 1 2 1)              79.624
14375      (1 0 1 2 0 0 0)              79.621
14376      (1 0 1 2 1 2 1)              79.619
14377      (1 0 1 2 1 1 1)              79.616
14378      (1 0 2 3 2 1 2)              79.613
14379      (0 0 4 6 0 0 1)              79.611
14380      (1 0 1 2 1 1 1)              79.609
14381      (1 0 1 2 1 1 1)              79.606
14382      (0 0 4 2 2 2 1)              79.605
14383      (1 0 1 2 1 2 1)              79.603
14384      (0 0 4 3 2 1 1)              79.601
14385      (1 0 0 0 2 2 1)              79.601
14386      (1 0 3 1 2 1 2)              79.599
14387      (1 0 2 3 2 2 1)              79.600
14388      (1 0 1 2 0 0 1)              79.598
14389      (1 0 1 2 1 1 1)              79.597
14390      (1 0 2 3 2 2 1)              79.597
14391      (1 0 2 3 1 0 1)              79.599
14392      (1 0 3 1 2 1 2)              79.595
14393      (1 0 1 2 0 0 1)              79.592
14394      (1 0 3 1 2 1 2)              79.591
14395      (1 0 1 2 1 2 1)              79.588
14396      (1 0 1 2 2 2 1)              79.588
14397      (0 0 4 2 2 2 1)              79.586
14398      (1 0 0 0 0 0 0)              79.587
14399      (1 0 0 0 1 2 0)              79.587
14400      (1 0 1 2 1 1 1)              79.585
14401      (0 0 1 2 2 1 2)              79.582
14402      (1 0 1 2 1 1 1)              79.580
14403      (1 0 1 2 1 1 1)              79.579
14404      (1 0 1 2 1 2 1)              79.576
14405      (0 0 2 3 1 2 1)              79.577
14406      (1 0 0 0 1 2 0)              79.576
14407      (0 0 2 3 1 2 1)              79.573
14408      (1 0 3 1 2 1 2)              79.571
14409      (0 0 4 2 2 2 1)              79.569
14410      (0 0 4 2 2 2 1)              79.568
14411      (1 0 1 2 1 1 1)              79.564
14412      (1 0 4 5 2 2 2)              79.564
14413      (1 0 1 2 1 1 1)              79.561
14414      (1 0 3 1 2 1 2)              79.558
14415      (0 0 1 2 1 2 1)              79.554
14416      (1 0 1 2 1 2 1)              79.553
14417      (0 0 2 3 1 2 1)              79.549
14418      (1 0 4 5 2 2 2)              79.548
14419      (1 0 1 2 1 2 1)              79.548
14420      (0 0 1 2 0 0 1)              79.544
14421      (1 0 2 3 1 2 0)              79.542
14422      (1 0 2 3 1 0 1)              79.540
14423      (0 0 4 2 2 2 1)              79.539
14424      (0 0 4 6 1 1 1)              79.536
14425      (1 0 1 2 1 2 1)              79.536
14426      (0 0 4 5 2 1 1)              79.532
14427      (1 0 0 0 2 2 1)              79.532
14428      (0 0 4 2 2 2 1)              79.531
14429      (1 0 1 2 1 2 1)              79.529
14430      (0 0 1 2 2 2 1)              79.526
14431      (1 0 2 3 1 0 1)              79.523
14432      (0 0 4 2 2 2 1)              79.521
14433      (1 0 0 0 1 2 1)              79.520
14434      (1 0 1 2 1 1 1)              79.519
14435      (0 0 4 6 1 1 1)              79.517
14436      (0 0 4 2 2 2 1)              79.516
14437      (0 0 1 2 0 0 1)              79.512
14438      (1 0 3 1 2 1 2)              79.509
14439      (1 0 1 2 0 0 1)              79.508
14440      (1 0 1 2 1 1 1)              79.506
14441      (1 0 3 1 2 1 2)              79.505
14442      (1 0 2 3 2 1 2)              79.502
14443      (0 0 1 2 1 1 1)              79.498
14444      (1 0 4 5 2 2 2)              79.496
14445      (0 0 1 2 1 1 1)              79.494
14446      (1 0 3 1 2 1 2)              79.492
14447      (1 0 1 2 1 1 1)              79.491
14448      (0 0 4 2 2 2 1)              79.489
14449      (1 0 1 2 1 1 1)              79.486
14450      (1 0 1 2 0 0 0)              79.483
14451      (1 0 1 2 1 2 1)              79.479
14452      (0 0 4 5 2 1 1)              79.477
14453      (0 0 4 6 0 0 1)              79.475
14454      (1 0 1 2 1 1 1)              79.474
14455      (1 0 1 2 1 2 1)              79.473
14456      (0 0 4 2 2 2 1)              79.472
14457      (0 0 1 2 1 1 1)              79.468
14458      (1 0 1 2 1 1 1)              79.467
14459      (1 0 1 2 1 2 1)              79.465
14460      (0 0 1 2 1 1 1)              79.462
14461      (0 0 2 3 2 2 0)              79.460
14462      (0 0 4 6 1 2 1)              79.458
14463      (1 0 1 2 0 0 0)              79.456
14464      (0 0 1 2 1 1 1)              79.453
14465      (1 0 1 2 0 0 1)              79.451
14466      (0 0 1 2 1 1 1)              79.448
14467      (0 0 4 2 2 2 1)              79.447
14468      (1 0 1 2 1 1 1)              79.445
14469      (1 0 2 3 2 1 1)              79.444
14470      (1 0 1 2 1 1 1)              79.442
14471      (0 0 4 2 2 2 1)              79.441
14472      (0 0 2 3 1 2 1)              79.441
14473      (0 0 4 6 1 2 1)              79.440
14474      (1 0 1 2 1 2 1)              79.439
14475      (0 0 1 2 0 0 1)              79.436
14476      (0 0 2 3 1 2 1)              79.436
14477      (0 0 1 2 0 0 1)              79.432
14478      (1 0 2 3 1 0 1)              79.431
14479      (0 0 4 2 2 2 1)              79.429
14480      (1 0 2 3 1 0 1)              79.429
14481      (1 0 0 0 1 2 0)              79.426
14482      (1 0 1 2 1 2 1)              79.426
14483      (1 0 1 2 1 1 1)              79.423
14484      (1 0 2 3 1 0 1)              79.421
14485      (1 0 0 0 1 2 1)              79.421
14486      (1 0 1 2 1 1 1)              79.418
14487      (0 0 4 6 1 2 1)              79.418
14488      (1 0 2 3 1 0 1)              79.416
14489      (0 0 4 2 2 2 1)              79.416
14490      (1 0 1 2 1 1 1)              79.414
14491      (1 0 1 2 1 2 1)              79.412
14492      (0 0 1 2 1 1 1)              79.409
14493      (1 0 1 2 1 2 1)              79.409
14494      (1 0 3 1 2 1 2)              79.406
14495      (1 0 1 2 0 0 1)              79.405
14496      (1 0 1 2 0 0 0)              79.401
14497      (0 0 4 5 2 1 1)              79.399
14498      (0 0 2 3 1 2 1)              79.396
14499      (0 0 4 3 2 1 1)              79.392
14500      (1 0 3 1 2 1 2)              79.388
14501      (0 0 4 6 0 0 1)              79.386
14502      (0 0 4 2 2 2 1)              79.385
14503      (1 0 1 2 2 2 1)              79.384
14504      (1 0 2 3 2 2 1)              79.385
14505      (1 0 2 3 2 2 1)              79.385
14506      (1 0 1 2 1 1 1)              79.384
14507      (1 0 1 2 1 2 1)              79.380
14508      (0 0 4 5 2 1 1)              79.377
14509      (1 0 1 2 1 1 1)              79.373
14510      (1 0 1 2 1 1 1)              79.371
14511      (0 0 4 2 2 2 1)              79.369
14512      (0 0 4 6 1 1 1)              79.367
14513      (1 0 2 3 1 0 1)              79.365
14514      (1 0 1 2 1 2 1)              79.364
14515      (1 0 2 3 2 2 1)              79.364
14516      (0 0 4 5 2 1 1)              79.360
14517      (1 0 1 2 1 2 1)              79.360
14518      (1 0 1 2 1 2 1)              79.356
14519      (1 0 2 3 1 0 1)              79.356
14520      (0 0 1 2 2 2 1)              79.352
14521      (1 0 1 2 1 1 1)              79.349
14522      (1 0 1 2 0 0 1)              79.347
14523      (1 0 3 1 2 1 2)              79.344
14524      (1 0 1 2 1 2 1)              79.343
14525      (0 0 4 2 2 2 1)              79.341
14526      (1 0 1 2 1 2 1)              79.340
14527      (0 0 2 3 1 2 1)              79.338
14528      (1 0 3 1 2 1 2)              79.336
14529      (1 0 1 2 1 2 1)              79.335
14530      (1 0 2 3 1 0 1)              79.333
14531      (1 0 1 2 1 1 1)              79.332
14532      (1 0 2 3 2 1 2)              79.329
14533      (0 0 1 2 0 0 1)              79.326
14534      (1 0 1 2 1 2 1)              79.324
14535      (0 0 1 2 0 0 1)              79.321
14536      (1 0 1 2 1 1 1)              79.319
14537      (0 0 2 3 2 2 2)              79.319
14538      (1 0 3 1 2 1 2)              79.319
14539      (0 0 2 3 2 2 2)              79.319
14540      (0 0 4 2 2 2 1)              79.318
14541      (1 0 2 3 1 0 1)              79.317
14542      (1 0 4 5 2 2 2)              79.316
14543      (0 0 2 3 1 2 1)              79.313
14544      (1 0 2 3 1 0 1)              79.312
14545      (0 0 4 2 2 2 1)              79.310
14546      (0 0 2 3 1 2 1)              79.311
14547      (1 0 1 2 1 1 1)              79.309
14548      (1 0 1 2 1 1 1)              79.308
14549      (1 0 1 2 1 2 1)              79.307
14550      (1 0 3 1 2 1 2)              79.305
14551      (0 0 4 2 2 2 1)              79.303
14552      (1 0 1 2 0 0 1)              79.301
14553      (1 0 1 2 0 0 1)              79.299
14554      (0 0 0 4 1 2 0)              79.296
14555      (1 0 3 1 2 1 2)              79.295
14556      (1 0 1 2 0 0 1)              79.292
14557      (1 0 4 5 2 2 2)              79.292
14558      (1 0 4 5 2 2 2)              79.291
14559      (1 0 2 3 1 0 1)              79.290
14560      (1 0 2 3 1 2 1)              79.289
14561      (1 0 3 1 2 1 2)              79.288
14562      (1 0 1 2 0 0 1)              79.286
14563      (1 0 3 1 2 1 2)              79.285
14564      (0 0 4 5 2 1 1)              79.283
14565      (0 0 4 2 2 2 1)              79.282
14566      (1 0 4 5 2 2 2)              79.280
14567      (0 0 4 2 2 2 1)              79.279
14568      (1 0 1 2 0 0 1)              79.277
14569      (1 0 1 2 1 1 1)              79.276
14570      (1 0 2 3 2 1 2)              79.273
14571      (1 0 0 0 2 2 1)              79.270
14572      (0 0 4 3 2 1 1)              79.266
14573      (1 0 1 2 1 2 1)              79.265
14574      (1 0 0 0 2 2 1)              79.264
14575      (1 0 1 2 1 1 1)              79.264
14576      (0 0 4 6 1 2 1)              79.262
14577      (0 0 4 6 0 0 1)              79.260
14578      (1 0 2 3 1 2 0)              79.258
14579      (0 0 4 5 2 1 1)              79.255
14580      (1 0 3 1 2 1 2)              79.252
14581      (1 0 1 2 1 1 1)              79.250
14582      (0 0 4 2 2 2 1)              79.248
14583      (1 0 1 2 1 1 1)              79.247
14584      (1 0 2 3 2 1 1)              79.245
14585      (0 0 2 3 1 2 1)              79.242
14586      (1 0 1 2 1 1 1)              79.241
14587      (0 0 1 2 0 0 1)              79.238
14588      (0 0 4 5 2 1 1)              79.235
14589      (1 0 1 2 1 1 1)              79.232
14590      (0 0 2 3 1 2 1)              79.229
14591      (1 0 1 2 0 0 1)              79.227
14592      (1 0 1 2 1 1 1)              79.227
14593      (0 0 4 2 2 2 1)              79.225
14594      (1 0 2 3 2 2 1)              79.226
14595      (1 0 1 2 1 2 1)              79.225
14596      (1 0 3 1 1 2 1)              79.224
14597      (0 0 1 2 1 1 1)              79.219
14598      (0 0 0 4 1 1 1)              79.219
14599      (1 0 0 0 1 1 1)              79.217
14600      (1 0 1 2 2 2 1)              79.217
14601      (1 0 0 0 1 2 1)              79.216
14602      (1 0 1 2 0 0 1)              79.214
14603      (0 0 4 3 2 1 1)              79.210
14604      (0 0 4 5 2 1 1)              79.208
14605      (0 0 4 2 2 2 1)              79.206
14606      (1 0 1 2 1 2 1)              79.206
14607      (1 0 1 2 1 1 1)              79.204
14608      (1 0 1 2 1 1 1)              79.203
14609      (0 0 0 4 0 1 0)              79.198
14610      (1 0 1 2 1 1 1)              79.197
14611      (1 0 3 1 2 1 2)              79.195
14612      (0 0 4 6 1 2 1)              79.193
14613      (1 0 3 1 2 1 2)              79.189
14614      (0 0 1 2 0 0 1)              79.186
14615      (1 0 1 2 1 2 1)              79.184
14616      (1 0 1 2 1 2 1)              79.184
14617      (1 0 4 5 2 2 2)              79.182
14618      (0 0 4 6 1 2 1)              79.182
14619      (0 0 4 2 2 2 1)              79.180
14620      (1 0 2 3 1 2 1)              79.180
14621      (0 0 4 6 2 1 1)              79.177
14622      (1 0 3 1 2 1 2)              79.176
14623      (1 0 1 2 1 2 1)              79.175
14624      (1 0 2 3 2 1 2)              79.173
14625      (0 0 4 3 2 1 1)              79.169
14626      (1 0 2 3 1 0 1)              79.168
14627      (0 0 2 3 1 2 1)              79.167
14628      (1 0 1 2 1 1 1)              79.164
14629      (0 0 4 5 2 1 1)              79.161
14630      (1 0 1 2 1 2 1)              79.159
14631      (1 0 1 2 1 2 1)              79.157
14632      (1 0 1 2 1 1 1)              79.155
14633      (1 0 3 1 2 1 2)              79.153
14634      (1 0 3 1 2 1 2)              79.152
14635      (1 0 0 0 1 2 1)              79.151
14636      (1 0 2 3 1 0 1)              79.150
14637      (1 0 2 3 1 2 0)              79.147
14638      (1 0 3 1 2 1 2)              79.145
14639      (1 0 2 3 1 0 1)              79.144
14640      (0 0 2 3 1 2 1)              79.144
14641      (1 0 3 1 2 1 2)              79.142
14642      (1 0 2 3 2 1 2)              79.140
14643      (1 0 2 3 0 0 0)              79.139
14644      (1 0 1 2 1 2 1)              79.137
14645      (1 0 1 2 1 1 1)              79.135
14646      (0 0 4 3 2 1 1)              79.132
14647      (1 0 1 2 0 0 1)              79.129
14648      (1 0 2 3 2 1 1)              79.128
14649      (1 0 0 0 1 2 1)              79.127
14650      (0 0 4 2 2 2 1)              79.126
14651      (0 0 4 6 1 2 1)              79.122
14652      (1 0 1 2 1 1 1)              79.119
14653      (1 0 1 2 1 2 1)              79.118
14654      (1 0 1 2 1 2 1)              79.117
14655      (0 0 1 2 0 0 1)              79.113
14656      (1 0 1 2 1 2 1)              79.113
14657      (0 0 4 2 2 2 1)              79.111
14658      (1 0 2 3 1 0 1)              79.110
14659      (1 0 1 2 1 2 1)              79.108
14660      (1 0 1 2 1 1 1)              79.107
14661      (1 0 2 3 1 2 1)              79.106
14662      (1 0 3 1 2 1 2)              79.104
14663      (1 0 2 3 1 0 1)              79.102
14664      (0 1 4 6 0 0 1)              79.100
14665      (0 0 1 2 0 0 1)              79.096
14666      (1 0 1 2 1 2 1)              79.096
14667      (0 0 4 6 2 2 1)              79.093
14668      (0 0 4 3 2 1 1)              79.089
14669      (1 0 1 2 0 0 1)              79.086
14670      (1 0 1 2 1 1 1)              79.085
14671      (1 0 1 2 1 2 1)              79.084
14672      (1 0 1 2 1 1 1)              79.083
14673      (1 0 2 3 1 2 0)              79.081
14674      (0 0 4 2 2 2 1)              79.081
14675      (1 0 1 2 1 1 1)              79.079
14676      (0 0 4 2 2 2 1)              79.078
14677      (1 0 1 2 1 2 1)              79.076
14678      (1 0 0 0 2 2 1)              79.077
14679      (1 0 1 2 1 1 1)              79.075
14680      (1 0 1 2 1 1 1)              79.073
14681      (1 0 1 2 1 1 1)              79.071
14682      (1 0 3 1 2 1 2)              79.070
14683      (1 0 1 2 1 1 1)              79.068
14684      (1 0 1 2 1 1 1)              79.067
14685      (1 0 3 1 2 1 2)              79.064
14686      (1 0 3 1 2 1 2)              79.063
14687      (0 0 4 2 2 2 1)              79.062
14688      (0 0 4 2 2 2 1)              79.061
14689      (1 0 3 1 2 1 2)              79.057
14690      (0 0 4 2 2 2 1)              79.056
14691      (0 0 4 2 2 2 1)              79.055
14692      (1 0 1 2 0 0 1)              79.052
14693      (1 0 1 2 1 2 1)              79.051
14694      (1 0 1 2 1 1 1)              79.047
14695      (0 0 4 2 2 2 1)              79.047
14696      (1 0 1 2 1 2 1)              79.046
14697      (0 0 1 2 0 0 1)              79.043
14698      (0 0 4 2 2 2 1)              79.041
14699      (1 0 1 2 1 1 1)              79.039
14700      (0 0 4 3 2 1 1)              79.034
14701      (1 0 3 1 2 1 2)              79.033
14702      (1 0 3 1 2 1 2)              79.031
14703      (0 0 2 3 1 2 1)              79.030
14704      (1 0 1 2 1 1 1)              79.028
14705      (1 0 2 3 2 1 1)              79.027
14706      (0 0 4 2 2 2 1)              79.025
14707      (1 0 1 2 0 0 0)              79.023
14708      (1 0 2 3 1 0 1)              79.021
14709      (1 0 2 3 1 0 1)              79.020
14710      (1 0 2 3 2 1 2)              79.017
14711      (0 0 4 2 2 2 1)              79.016
14712      (1 0 1 2 1 0 1)              79.014
14713      (1 0 1 2 1 1 1)              79.013
14714      (1 0 1 2 1 1 1)              79.010
14715      (1 0 1 2 1 1 1)              79.009
14716      (1 0 1 2 1 2 1)              79.008
14717      (1 0 4 5 2 2 2)              79.008
14718      (1 0 3 1 2 1 2)              79.005
14719      (0 0 4 5 2 1 1)              79.002
14720      (0 0 1 2 1 1 1)              79.000
14721      (1 0 2 3 1 0 1)              78.998
14722      (1 0 1 2 1 1 1)              78.996
14723      (1 0 1 2 1 1 1)              78.994
14724      (1 0 2 3 1 0 1)              78.993
14725      (1 0 1 2 1 1 1)              78.991
14726      (1 0 2 3 1 0 1)              78.990
14727      (0 0 4 2 2 2 1)              78.987
14728      (1 0 1 2 1 0 1)              78.986
14729      (0 0 4 6 0 0 1)              78.982
14730      (0 0 4 3 2 1 1)              78.980
14731      (1 0 3 1 2 1 2)              78.976
14732      (1 0 1 2 1 1 1)              78.975
14733      (1 0 2 3 1 0 1)              78.973
14734      (1 0 0 0 2 2 1)              78.974
14735      (1 0 2 3 1 0 1)              78.973
14736      (0 0 4 2 2 2 1)              78.973
14737      (0 0 4 3 2 1 1)              78.971
14738      (1 0 1 2 1 1 1)              78.970
14739      (1 0 1 2 0 0 0)              78.967
14740      (0 0 4 2 2 2 1)              78.965
14741      (1 0 1 2 1 2 1)              78.964
14742      (1 0 2 3 1 0 1)              78.962
14743      (1 0 1 2 1 2 1)              78.962
14744      (0 0 4 6 0 0 1)              78.960
14745      (1 0 1 2 1 1 1)              78.959
14746      (1 0 2 3 1 2 0)              78.957
14747      (1 0 1 2 0 0 0)              78.955
14748      (1 0 3 1 2 1 2)              78.952
14749      (0 0 1 2 0 0 1)              78.949
14750      (1 0 1 2 0 0 0)              78.946
14751      (1 0 2 3 1 2 0)              78.945
14752      (1 0 2 3 1 1 1)              78.943
14753      (1 0 1 2 1 1 1)              78.943
14754      (1 0 3 1 2 1 2)              78.942
14755      (0 0 4 2 2 2 1)              78.939
14756      (1 0 3 1 2 1 2)              78.937
14757      (1 0 1 2 1 2 1)              78.937
14758      (1 0 2 3 2 2 1)              78.937
14759      (1 0 0 3 1 0 1)              78.938
14760      (1 0 1 2 1 2 1)              78.935
14761      (1 0 4 5 2 2 2)              78.935
14762      (1 0 1 2 0 0 1)              78.933
14763      (1 0 1 2 1 1 1)              78.932
14764      (0 0 1 2 0 0 1)              78.929
14765      (0 0 4 3 2 1 1)              78.925
14766      (0 0 4 2 2 2 1)              78.922
14767      (1 0 4 5 2 2 2)              78.920
14768      (1 0 2 3 2 1 2)              78.918
14769      (1 0 1 2 1 1 1)              78.917
14770      (0 0 4 2 2 2 1)              78.915
14771      (1 0 1 2 1 2 1)              78.912
14772      (0 0 4 2 2 2 1)              78.911
14773      (1 0 1 2 1 2 1)              78.910
14774      (0 0 4 6 1 2 1)              78.909
14775      (0 0 1 2 0 0 1)              78.906
14776      (1 0 1 2 0 0 1)              78.904
14777      (1 0 3 1 2 1 2)              78.901
14778      (0 0 4 2 2 2 1)              78.897
14779      (0 0 1 2 1 2 1)              78.895
14780      (0 0 4 2 2 2 1)              78.893
14781      (1 0 3 1 2 1 2)              78.892
14782      (1 0 3 1 2 1 2)              78.890
14783      (1 0 1 2 1 1 1)              78.889
14784      (1 0 2 3 2 1 2)              78.885
14785      (1 0 1 2 1 1 1)              78.884
14786      (1 0 1 2 1 2 1)              78.884
14787      (0 0 4 2 2 2 1)              78.882
14788      (0 0 2 3 1 2 1)              78.880
14789      (1 0 2 3 2 1 2)              78.877
14790      (1 0 2 3 1 0 1)              78.876
14791      (0 0 4 6 1 2 1)              78.874
14792      (1 0 1 2 1 1 1)              78.873
14793      (0 0 4 3 2 1 1)              78.869
14794      (1 0 1 2 1 1 1)              78.868
14795      (0 0 4 2 2 2 1)              78.866
14796      (1 0 4 5 2 2 2)              78.865
14797      (1 0 1 2 1 1 1)              78.863
14798      (1 0 1 2 1 2 1)              78.863
14799      (1 0 3 1 2 1 2)              78.861
14800      (1 0 1 2 1 2 1)              78.861
14801      (1 0 0 0 1 1 1)              78.860
14802      (0 0 1 2 1 1 1)              78.857
14803      (1 0 1 2 1 1 1)              78.855
14804      (1 0 1 2 1 1 1)              78.853
14805      (0 0 1 2 0 0 1)              78.850
14806      (1 0 1 2 1 1 1)              78.847
14807      (1 0 1 2 1 1 1)              78.846
14808      (0 0 4 2 2 2 1)              78.845
14809      (1 0 1 2 1 1 1)              78.844
14810      (1 0 1 2 1 2 1)              78.841
14811      (1 0 1 2 1 1 1)              78.840
14812      (1 0 4 5 2 2 2)              78.839
14813      (1 0 1 2 1 2 1)              78.839
14814      (1 0 3 1 2 1 2)              78.838
14815      (1 0 1 2 1 2 1)              78.837
14816      (1 0 1 2 1 1 1)              78.835
14817      (1 0 2 3 1 0 1)              78.833
14818      (0 0 4 2 2 2 1)              78.829
14819      (1 0 2 3 1 0 1)              78.827
14820      (1 0 0 0 1 2 0)              78.827
14821      (1 0 2 3 1 0 1)              78.825
14822      (1 0 1 2 1 1 1)              78.824
14823      (1 0 2 3 0 0 0)              78.823
14824      (1 0 0 0 1 2 0)              78.823
14825      (0 0 4 2 2 2 1)              78.821
14826      (0 0 2 3 1 2 1)              78.820
14827      (1 0 3 1 2 1 2)              78.818
14828      (0 0 4 6 0 0 1)              78.816
14829      (1 0 1 2 1 1 1)              78.814
14830      (1 0 3 1 2 1 2)              78.811
14831      (1 0 1 2 1 1 1)              78.810
14832      (0 0 2 3 1 2 1)              78.806
14833      (1 0 3 1 2 1 2)              78.803
14834      (1 0 3 1 2 1 2)              78.801
14835      (1 0 1 2 1 1 1)              78.798
14836      (1 0 1 2 1 1 1)              78.796
14837      (0 0 4 2 2 2 1)              78.794
14838      (1 0 1 2 1 1 1)              78.793
14839      (1 0 1 2 1 2 1)              78.792
14840      (1 0 3 1 2 1 2)              78.791
14841      (1 0 2 3 2 1 2)              78.788
14842      (1 0 3 1 2 1 2)              78.787
14843      (0 0 4 2 2 2 1)              78.785
14844      (0 0 4 2 2 2 1)              78.784
14845      (1 0 2 3 2 2 1)              78.784
14846      (1 0 2 3 2 1 2)              78.782
14847      (0 0 4 3 2 1 1)              78.778
14848      (0 0 4 2 2 2 1)              78.777
14849      (1 0 2 3 2 1 1)              78.776
14850      (0 0 4 2 2 2 1)              78.772
14851      (1 0 1 2 1 2 1)              78.770
14852      (1 0 1 2 1 1 1)              78.768
14853      (0 0 4 2 2 2 1)              78.767
14854      (0 0 4 5 2 1 1)              78.765
14855      (0 0 4 2 2 2 1)              78.764
14856      (0 0 1 2 1 2 1)              78.762
14857      (1 0 1 2 1 2 1)              78.760
14858      (0 0 4 2 2 2 1)              78.759
14859      (0 0 4 2 2 2 1)              78.757
14860      (1 0 1 2 1 1 1)              78.757
14861      (1 0 1 2 1 2 1)              78.756
14862      (0 0 2 3 2 2 0)              78.754
14863      (1 0 3 1 2 1 2)              78.751
14864      (1 0 3 1 2 1 2)              78.750
14865      (0 0 4 6 1 2 1)              78.749
14866      (1 0 1 2 1 1 1)              78.748
14867      (1 0 1 2 1 1 1)              78.747
14868      (0 0 0 4 0 1 0)              78.744
14869      (0 0 4 2 2 2 1)              78.743
14870      (1 0 1 2 1 2 1)              78.741
14871      (1 0 1 2 1 1 1)              78.738
14872      (0 0 4 5 2 1 1)              78.734
14873      (0 0 4 6 1 2 1)              78.731
14874      (1 0 1 2 1 2 1)              78.731
14875      (1 0 3 1 2 1 2)              78.729
14876      (0 0 4 5 2 1 1)              78.726
14877      (1 0 1 2 1 1 1)              78.724
14878      (1 0 2 3 1 0 1)              78.723
14879      (1 0 2 3 1 0 1)              78.721
14880      (1 0 1 2 1 2 1)              78.721
14881      (1 0 1 2 1 1 1)              78.719
14882      (1 0 1 2 1 1 1)              78.718
14883      (1 0 2 3 2 2 1)              78.719
14884      (1 0 2 3 2 1 2)              78.719
14885      (1 0 1 2 1 1 1)              78.717
14886      (1 0 1 2 1 1 1)              78.715
14887      (0 0 4 2 2 2 1)              78.713
14888      (0 1 0 0 2 2 1)              78.711
14889      (0 0 4 6 0 0 1)              78.710
14890      (0 0 4 3 2 1 1)              78.706
14891      (1 0 1 2 1 1 1)              78.705
14892      (1 0 1 2 2 2 1)              78.704
14893      (1 0 2 3 1 2 1)              78.704
14894      (1 0 1 2 1 1 1)              78.701
14895      (0 0 4 5 2 1 1)              78.697
14896      (0 0 4 2 2 2 1)              78.694
14897      (1 0 1 2 1 2 1)              78.693
14898      (0 0 4 2 2 2 1)              78.690
14899      (1 0 3 1 2 1 2)              78.689
14900      (0 0 4 2 2 2 1)              78.687
14901      (0 0 1 2 0 0 1)              78.685
14902      (1 0 1 2 1 2 1)              78.684
14903      (0 0 1 2 1 1 1)              78.682
14904      (0 0 1 2 1 1 1)              78.679
14905      (1 0 3 1 2 1 2)              78.677
14906      (0 0 4 2 2 2 1)              78.676
14907      (1 0 2 3 1 0 1)              78.674
14908      (0 0 4 6 1 1 1)              78.673
14909      (1 0 2 3 2 1 2)              78.670
14910      (1 0 4 5 2 2 2)              78.670
14911      (1 0 1 2 1 2 1)              78.669
14912      (1 0 1 2 1 1 1)              78.668
14913      (0 0 1 2 1 1 1)              78.664
14914      (1 0 1 2 1 1 1)              78.663
14915      (0 0 4 2 2 2 1)              78.662
14916      (1 0 1 2 1 2 1)              78.661
14917      (1 0 1 2 1 1 1)              78.660
14918      (1 0 1 2 1 2 1)              78.657
14919      (1 0 3 1 2 1 2)              78.656
14920      (1 0 2 3 1 2 0)              78.654
14921      (0 0 2 3 1 2 1)              78.652
14922      (0 0 1 2 1 1 1)              78.650
14923      (1 0 2 3 1 0 1)              78.648
14924      (0 0 4 2 2 2 1)              78.647
14925      (0 0 1 2 0 0 1)              78.643
14926      (0 0 0 4 2 2 1)              78.644
14927      (1 0 2 3 1 1 1)              78.641
14928      (0 0 4 5 2 1 1)              78.638
14929      (1 0 0 0 2 2 1)              78.639
14930      (0 0 4 2 2 2 1)              78.637
14931      (1 0 1 2 1 1 1)              78.636
14932      (1 0 2 3 2 2 1)              78.632
14933      (0 0 4 2 2 2 1)              78.631
14934      (0 0 4 3 2 1 1)              78.627
14935      (1 0 1 2 1 1 1)              78.626
14936      (1 0 3 1 2 1 2)              78.625
14937      (0 0 1 2 1 1 1)              78.621
14938      (1 0 2 3 1 1 1)              78.620
14939      (0 0 4 5 2 1 1)              78.616
14940      (1 0 2 3 1 0 1)              78.615
14941      (1 0 4 5 2 2 2)              78.615
14942      (1 0 2 3 1 0 1)              78.614
14943      (0 0 4 2 2 2 1)              78.613
14944      (1 0 0 0 1 0 1)              78.613
14945      (1 0 2 3 1 0 1)              78.613
14946      (0 0 4 4 1 1 1)              78.610
14947      (1 0 1 2 1 1 1)              78.609
14948      (0 0 4 2 2 2 1)              78.607
14949      (1 0 1 2 1 2 1)              78.607
14950      (0 0 4 6 1 1 1)              78.605
14951      (1 0 1 2 1 1 1)              78.602
14952      (0 0 1 2 1 1 1)              78.600
14953      (1 0 0 0 0 2 1)              78.597
14954      (0 0 4 6 2 2 1)              78.595
14955      (1 0 2 3 1 2 0)              78.593
14956      (1 0 3 1 2 1 2)              78.590
14957      (0 0 4 6 1 2 1)              78.589
14958      (0 0 1 2 1 1 1)              78.584
14959      (1 0 0 0 0 2 1)              78.582
14960      (1 0 2 3 2 1 2)              78.582
14961      (1 0 1 2 1 2 1)              78.580
14962      (1 0 1 2 1 1 1)              78.578
14963      (0 0 4 6 0 0 1)              78.575
14964      (0 0 4 2 2 2 1)              78.575
14965      (1 0 3 1 2 1 2)              78.573
14966      (1 0 1 2 1 1 1)              78.573
14967      (1 0 1 2 1 1 1)              78.571
14968      (1 0 1 2 2 2 1)              78.571
14969      (1 0 3 1 2 1 2)              78.568
14970      (1 0 1 2 1 1 1)              78.566
14971      (1 0 1 2 1 2 1)              78.564
14972      (1 0 0 0 0 1 1)              78.562
14973      (0 0 4 6 1 2 1)              78.560
14974      (1 0 0 0 2 2 1)              78.557
14975      (0 0 4 2 2 2 1)              78.555
14976      (0 0 4 2 2 2 1)              78.554
14977      (0 0 4 2 2 2 1)              78.552
14978      (0 0 4 2 2 2 1)              78.551
14979      (0 0 1 2 0 0 1)              78.548
14980      (0 0 4 5 2 1 1)              78.545
14981      (1 0 1 2 1 1 1)              78.544
14982      (0 0 4 2 2 2 1)              78.543
14983      (1 0 3 1 2 1 2)              78.542
14984      (1 0 2 3 1 0 1)              78.540
14985      (1 0 1 2 0 0 1)              78.539
14986      (1 0 1 2 1 2 1)              78.538
14987      (1 0 1 2 0 0 1)              78.536
14988      (1 0 1 2 1 2 1)              78.536
14989      (1 0 1 2 1 1 1)              78.533
14990      (1 0 1 2 1 1 1)              78.532
14991      (1 0 1 2 1 1 1)              78.531
14992      (1 0 2 3 1 2 1)              78.531
14993      (1 0 3 1 2 1 2)              78.529
14994      (1 0 2 3 1 0 1)              78.529
14995      (1 0 2 3 1 0 1)              78.528
14996      (1 0 1 2 0 0 0)              78.524
14997      (1 0 2 3 1 2 1)              78.524
14998      (0 0 1 2 1 1 1)              78.521
14999      (1 0 3 1 2 1 2)              78.518
15000      (0 0 1 2 0 0 1)              78.515
15001      (1 0 1 2 1 2 1)              78.514
15002      (1 0 1 2 1 1 1)              78.513
15003      (1 0 1 2 1 2 1)              78.512
15004      (1 0 2 3 1 0 1)              78.514
15005      (1 0 1 2 1 1 1)              78.512
15006      (0 0 4 2 2 2 1)              78.511
15007      (0 0 4 2 2 2 1)              78.509
15008      (1 0 1 2 1 1 1)              78.508
15009      (0 0 4 2 2 2 1)              78.507
15010      (1 0 1 2 1 2 1)              78.505
15011      (1 0 1 2 1 2 1)              78.504
15012      (1 0 3 1 2 1 2)              78.502
15013      (0 0 4 4 1 1 1)              78.501
15014      (1 0 1 2 1 1 1)              78.499
15015      (1 0 2 3 1 2 1)              78.499
15016      (1 0 1 2 1 2 1)              78.498
15017      (0 0 4 5 2 1 1)              78.495
15018      (0 0 4 2 2 2 1)              78.494
15019      (1 0 1 2 1 1 1)              78.492
15020      (0 0 2 3 1 2 1)              78.491
15021      (1 0 1 2 0 0 1)              78.489
15022      (1 0 1 2 1 1 1)              78.486
15023      (1 0 1 2 1 1 1)              78.486
15024      (1 0 1 2 1 1 1)              78.484
15025      (0 0 4 2 2 2 1)              78.483
15026      (1 0 3 1 2 1 2)              78.481
15027      (0 0 0 4 0 1 0)              78.481
15028      (1 0 2 3 1 2 0)              78.479
15029      (1 0 1 2 1 2 0)              78.476
15030      (1 0 1 2 1 1 1)              78.475
15031      (1 0 3 1 2 1 2)              78.473
15032      (1 0 1 2 1 1 1)              78.471
15033      (0 0 0 4 0 1 0)              78.469
15034      (0 0 1 2 2 2 1)              78.466
15035      (1 0 2 3 1 0 1)              78.465
15036      (1 0 2 3 1 2 1)              78.464
15037      (0 0 4 2 2 2 1)              78.464
15038      (1 0 3 1 2 1 2)              78.462
15039      (1 0 1 2 1 1 1)              78.461
15040      (1 0 3 1 2 1 2)              78.460
15041      (0 0 4 2 2 2 1)              78.459
15042      (1 0 0 0 1 2 1)              78.459
15043      (0 0 2 3 1 1 1)              78.456
15044      (1 0 1 2 0 0 1)              78.454
15045      (0 0 4 2 2 2 1)              78.453
15046      (1 0 2 3 1 0 1)              78.451
15047      (1 0 1 2 1 2 1)              78.449
15048      (1 0 1 2 1 0 1)              78.447
15049      (1 0 2 3 2 1 2)              78.444
15050      (1 0 1 2 0 0 1)              78.442
15051      (1 0 1 2 2 2 1)              78.441
15052      (1 0 1 2 1 1 1)              78.439
15053      (0 0 4 2 2 2 1)              78.437
15054      (1 0 2 3 1 0 1)              78.436
15055      (0 0 1 2 2 1 2)              78.433
15056      (0 0 2 3 1 2 1)              78.432
15057      (1 0 1 2 1 1 1)              78.431
15058      (0 0 4 2 2 2 1)              78.430
15059      (1 0 1 2 0 0 1)              78.429
15060      (1 0 1 2 0 0 1)              78.427
15061      (1 0 3 1 2 1 2)              78.424
15062      (1 0 3 1 2 1 2)              78.422
15063      (0 0 4 3 2 1 1)              78.418
15064      (1 0 0 0 0 0 1)              78.417
15065      (0 0 0 4 1 2 1)              78.418
15066      (0 0 4 6 0 0 1)              78.415
15067      (0 0 4 2 2 2 1)              78.414
15068      (1 0 2 3 1 2 1)              78.413
15069      (1 0 3 1 2 1 2)              78.412
15070      (0 0 4 2 1 2 1)              78.411
15071      (1 0 1 2 1 1 1)              78.409
15072      (1 0 1 2 0 0 1)              78.407
15073      (1 0 1 2 1 2 1)              78.405
15074      (1 0 2 3 1 0 1)              78.404
15075      (1 0 2 3 2 2 1)              78.404
15076      (0 0 1 2 1 1 1)              78.402
15077      (1 0 2 3 1 0 1)              78.401
15078      (1 0 2 3 2 1 2)              78.401
15079      (0 0 4 2 2 2 1)              78.400
15080      (1 0 2 3 1 0 1)              78.398
15081      (1 0 1 2 0 0 1)              78.396
15082      (1 0 1 2 1 2 1)              78.393
15083      (0 0 2 3 1 2 1)              78.390
15084      (0 0 4 6 0 0 1)              78.389
15085      (0 0 1 2 1 1 1)              78.386
15086      (0 0 4 3 2 1 1)              78.383
15087      (1 0 3 1 2 1 2)              78.381
15088      (0 0 1 2 1 1 1)              78.377
15089      (1 0 1 2 1 1 1)              78.375
15090      (1 0 1 2 1 2 1)              78.375
15091      (1 0 2 3 1 0 1)              78.373
15092      (0 0 1 2 1 1 1)              78.370
15093      (0 0 4 2 2 2 1)              78.370
15094      (0 0 4 3 2 1 1)              78.365
15095      (0 0 4 6 1 2 1)              78.364
15096      (0 0 4 6 1 2 1)              78.361
15097      (1 0 1 2 1 1 1)              78.358
15098      (1 0 1 2 1 1 1)              78.358
15099      (1 0 3 1 2 1 2)              78.356
15100      (0 0 4 2 2 2 1)              78.355
15101      (1 0 3 1 2 1 2)              78.354
15102      (1 0 0 0 0 1 1)              78.353
15103      (0 0 4 3 2 1 1)              78.350
15104      (1 0 3 1 2 1 2)              78.346
15105      (1 0 2 3 1 0 1)              78.345
15106      (0 0 4 2 2 2 1)              78.344
15107      (1 0 1 2 2 2 1)              78.343
15108      (1 0 3 1 2 1 2)              78.342
15109      (1 0 0 0 1 2 0)              78.341
15110      (1 0 3 1 2 1 2)              78.338
15111      (1 0 1 2 1 1 1)              78.336
15112      (0 0 4 2 2 2 1)              78.335
15113      (1 0 1 2 1 0 1)              78.334
15114      (0 0 4 6 1 2 1)              78.332
15115      (1 0 1 2 1 1 1)              78.330
15116      (1 0 3 1 2 1 2)              78.327
15117      (1 0 1 2 1 1 1)              78.325
15118      (1 0 3 1 2 1 2)              78.324
15119      (1 0 1 2 0 0 1)              78.322
15120      (0 0 4 2 2 2 1)              78.320
15121      (1 0 3 1 2 1 2)              78.320
15122      (1 0 3 1 2 1 2)              78.318
15123      (1 0 2 3 1 0 1)              78.317
15124      (0 0 1 2 1 1 1)              78.315
15125      (1 0 1 2 0 0 1)              78.312
15126      (0 0 4 3 2 1 1)              78.309
15127      (1 0 1 2 0 0 1)              78.308
15128      (0 0 2 3 1 1 1)              78.305
15129      (1 0 3 1 2 1 2)              78.304
15130      (0 0 0 4 1 2 0)              78.301
15131      (0 0 4 3 1 1 1)              78.300
15132      (0 0 1 2 1 1 1)              78.298
15133      (1 0 1 2 1 2 1)              78.297
15134      (1 0 1 2 1 1 1)              78.297
15135      (1 0 3 1 1 1 1)              78.294
15136      (1 0 3 1 2 1 2)              78.293
15137      (1 0 1 2 1 1 1)              78.291
15138      (0 0 4 2 2 2 1)              78.289
15139      (1 0 1 2 1 1 1)              78.287
15140      (0 0 4 2 2 2 1)              78.285
15141      (1 0 1 2 1 1 1)              78.284
15142      (1 0 1 2 1 2 1)              78.283
15143      (1 0 1 2 0 0 1)              78.281
15144      (1 0 1 2 1 2 1)              78.281
15145      (0 0 1 2 1 1 1)              78.279
15146      (1 0 1 2 0 0 1)              78.276
15147      (1 0 3 1 2 1 2)              78.275
15148      (1 0 1 2 1 1 1)              78.274
15149      (1 0 1 2 1 2 1)              78.273
15150      (1 0 3 1 2 1 2)              78.272
15151      (1 0 1 2 1 0 1)              78.270
15152      (1 0 1 2 0 0 0)              78.267
15153      (1 0 1 2 0 0 1)              78.265
15154      (1 0 2 3 1 0 1)              78.264
15155      (0 0 0 4 1 2 0)              78.262
15156      (1 0 1 2 0 0 1)              78.260
15157      (0 0 4 5 2 1 1)              78.257
15158      (1 0 1 2 1 1 1)              78.256
15159      (1 0 1 2 1 2 1)              78.255
15160      (1 0 1 2 1 1 1)              78.253
15161      (1 0 1 2 1 2 1)              78.251
15162      (0 0 1 2 0 0 1)              78.247
15163      (1 0 2 3 2 1 2)              78.245
15164      (1 0 1 2 1 1 1)              78.242
15165      (1 0 2 3 1 0 1)              78.241
15166      (0 0 1 2 0 0 1)              78.238
15167      (0 0 2 3 1 2 1)              78.237
15168      (1 0 3 1 2 1 2)              78.234
15169      (1 0 1 2 1 2 1)              78.234
15170      (1 0 3 1 2 1 2)              78.232
15171      (1 0 1 2 1 2 1)              78.231
15172      (1 0 1 2 1 2 1)              78.228
15173      (0 0 1 2 0 0 1)              78.224
15174      (1 0 1 2 1 1 1)              78.222
15175      (1 0 3 1 2 1 2)              78.221
15176      (0 0 1 2 1 1 1)              78.217
15177      (0 0 4 2 2 2 1)              78.216
15178      (1 0 1 2 1 1 1)              78.216
15179      (0 0 1 2 1 1 1)              78.213
15180      (1 0 1 2 2 2 1)              78.213
15181      (1 0 2 3 1 0 1)              78.211
15182      (1 0 1 2 1 1 1)              78.208
15183      (0 0 4 2 2 2 1)              78.207
15184      (1 0 2 3 1 0 1)              78.206
15185      (1 0 3 1 2 1 2)              78.203
15186      (1 0 1 2 0 0 0)              78.200
15187      (0 0 1 2 1 1 1)              78.196
15188      (0 0 4 3 2 1 1)              78.193
15189      (1 0 1 2 1 1 1)              78.191
15190      (1 0 1 2 1 2 1)              78.190
15191      (1 0 1 2 1 1 1)              78.190
15192      (1 0 1 2 1 1 1)              78.188
15193      (1 0 3 1 2 1 2)              78.186
15194      (1 0 1 2 1 2 1)              78.185
15195      (0 0 4 2 2 2 1)              78.183
15196      (1 0 1 2 1 2 1)              78.183
15197      (1 0 1 2 0 0 1)              78.182
15198      (0 0 1 2 1 2 1)              78.180
15199      (1 0 1 2 0 0 1)              78.179
15200      (0 0 1 2 1 1 1)              78.175
15201      (0 0 1 2 0 0 1)              78.171
15202      (1 0 2 3 1 1 1)              78.170
15203      (1 0 1 2 1 1 1)              78.168
15204      (0 0 0 4 1 2 1)              78.168
15205      (0 0 1 2 1 1 1)              78.166
15206      (0 0 1 2 0 0 1)              78.163
15207      (0 0 4 6 0 0 1)              78.162
15208      (0 0 1 2 2 1 2)              78.160
15209      (1 0 2 3 1 1 1)              78.158
15210      (0 0 4 3 2 1 1)              78.156
15211      (0 0 4 3 2 1 1)              78.153
15212      (1 0 2 3 2 2 1)              78.153
15213      (0 0 4 2 2 2 1)              78.152
15214      (0 0 1 2 1 1 1)              78.150
15215      (0 0 4 2 2 2 1)              78.148
15216      (1 0 2 3 1 0 1)              78.148
15217      (1 0 1 2 1 1 1)              78.146
15218      (0 0 4 6 0 0 1)              78.144
15219      (1 0 1 2 1 1 1)              78.143
15220      (0 0 4 2 2 2 1)              78.140
15221      (0 0 4 3 1 1 1)              78.137
15222      (0 0 4 5 2 2 1)              78.135
15223      (0 0 1 2 1 1 1)              78.132
15224      (1 0 3 1 2 1 2)              78.128
15225      (1 0 1 2 1 2 1)              78.127
15226      (1 0 1 2 1 1 1)              78.126
15227      (0 0 4 2 2 2 1)              78.124
15228      (0 0 1 2 1 1 1)              78.122
15229      (1 0 1 2 0 0 1)              78.120
15230      (0 0 4 6 0 0 1)              78.118
15231      (1 0 3 1 2 1 2)              78.117
15232      (1 0 1 2 1 0 1)              78.115
15233      (0 0 4 2 2 2 1)              78.114
15234      (0 0 2 3 1 1 1)              78.111
15235      (1 0 1 2 1 2 1)              78.109
15236      (0 0 1 2 0 0 1)              78.106
15237      (0 0 4 3 1 1 1)              78.104
15238      (0 0 4 2 2 2 1)              78.102
15239      (0 0 1 2 0 0 1)              78.099
15240      (0 0 4 3 1 1 1)              78.096
15241      (1 0 2 3 1 1 1)              78.095
15242      (0 0 4 2 2 2 1)              78.093
15243      (1 0 2 3 0 0 0)              78.095
15244      (1 0 2 3 2 2 1)              78.095
15245      (1 0 3 1 2 1 2)              78.093
15246      (1 0 2 3 2 2 1)              78.093
15247      (0 0 1 2 0 0 1)              78.090
15248      (0 0 4 6 1 2 1)              78.090
15249      (1 0 3 1 2 1 2)              78.088
15250      (1 0 1 2 1 1 1)              78.086
15251      (0 0 4 2 2 2 1)              78.085
15252      (1 0 1 2 1 1 1)              78.082
15253      (1 0 1 2 0 0 1)              78.080
15254      (0 0 4 3 2 1 1)              78.076
15255      (1 0 2 3 2 2 1)              78.076
15256      (1 0 0 0 0 0 0)              78.076
15257      (1 0 1 2 1 0 1)              78.074
15258      (1 0 1 2 1 1 1)              78.073
15259      (0 0 4 2 2 2 1)              78.072
15260      (1 0 2 3 2 1 2)              78.069
15261      (0 0 2 3 1 2 1)              78.070
15262      (0 0 4 5 2 1 1)              78.067
15263      (1 0 2 3 1 0 1)              78.068
15264      (1 0 2 3 1 0 1)              78.069
15265      (1 0 1 2 1 2 1)              78.068
15266      (1 0 0 0 1 1 1)              78.067
15267      (0 0 4 2 2 2 1)              78.066
15268      (0 0 1 2 2 1 2)              78.063
15269      (1 0 1 2 1 1 1)              78.062
15270      (1 0 1 2 2 2 1)              78.061
15271      (1 0 1 2 1 2 1)              78.058
15272      (1 0 1 2 1 1 1)              78.057
15273      (0 0 4 2 2 2 1)              78.056
15274      (1 0 1 2 1 1 1)              78.055
15275      (0 0 4 5 2 1 1)              78.052
15276      (1 0 1 2 1 0 1)              78.050
15277      (0 0 1 2 0 0 1)              78.047
15278      (0 0 4 6 1 1 1)              78.045
15279      (0 0 4 6 0 0 1)              78.043
15280      (0 0 2 3 1 2 1)              78.042
15281      (1 0 3 1 2 1 2)              78.039
15282      (1 0 2 3 1 2 0)              78.036
15283      (1 0 3 1 2 1 2)              78.035
15284      (0 0 4 2 2 2 1)              78.034
15285      (1 0 3 1 1 0 0)              78.030
15286      (1 0 1 2 0 0 0)              78.027
15287      (0 0 4 3 2 1 1)              78.026
15288      (0 1 0 0 2 2 1)              78.024
15289      (0 0 0 4 2 2 1)              78.024
15290      (1 0 2 3 0 0 0)              78.025
15291      (1 0 2 3 2 1 2)              78.023
15292      (0 0 2 3 1 2 1)              78.022
15293      (0 0 2 3 1 1 1)              78.019
15294      (0 0 2 3 1 2 1)              78.017
15295      (1 0 2 3 1 0 1)              78.016
15296      (1 0 2 3 1 0 1)              78.014
15297      (1 0 1 2 1 2 1)              78.013
15298      (1 0 1 2 1 1 1)              78.011
15299      (0 0 1 2 1 1 1)              78.008
15300      (0 0 4 3 1 1 1)              78.008
15301      (1 0 1 2 1 2 1)              78.008
15302      (1 0 3 1 2 1 2)              78.005
15303      (0 0 4 2 2 2 1)              78.004
15304      (0 0 1 2 1 1 1)              78.002
15305      (1 0 1 2 1 2 1)              77.998
15306      (1 0 2 3 1 0 1)              77.998
15307      (1 0 1 2 1 1 1)              77.997
15308      (1 0 1 2 1 1 1)              77.995
15309      (0 0 4 2 2 2 1)              77.994
15310      (0 0 4 2 2 2 1)              77.993
15311      (1 0 2 3 1 2 0)              77.990
15312      (1 0 1 2 1 2 1)              77.989
15313      (1 0 3 1 2 1 2)              77.987
15314      (1 0 3 1 2 1 2)              77.985
15315      (1 0 2 3 2 1 2)              77.983
15316      (1 0 1 2 0 0 1)              77.982
15317      (1 0 1 2 1 2 1)              77.981
15318      (1 0 1 2 1 1 1)              77.980
15319      (1 0 1 2 1 1 1)              77.978
15320      (0 0 4 6 1 2 1)              77.976
15321      (1 0 2 3 2 1 2)              77.973
15322      (0 0 4 3 2 1 1)              77.969
15323      (1 0 2 3 2 1 2)              77.966
15324      (1 0 2 3 2 1 2)              77.964
15325      (1 0 2 3 1 2 1)              77.966
15326      (1 0 2 3 1 0 1)              77.965
15327      (1 0 1 2 0 0 1)              77.964
15328      (0 0 4 2 2 2 1)              77.962
15329      (1 0 2 3 2 1 2)              77.960
15330      (0 0 4 2 2 2 1)              77.957
15331      (1 0 3 1 2 1 2)              77.956
15332      (0 0 4 2 2 2 1)              77.954
15333      (0 0 4 2 2 2 1)              77.953
15334      (1 0 1 2 1 1 1)              77.951
15335      (1 0 2 3 1 2 0)              77.949
15336      (1 0 3 1 2 1 2)              77.948
15337      (1 0 3 1 2 1 2)              77.946
15338      (1 0 1 2 1 2 1)              77.946
15339      (1 0 0 0 1 2 0)              77.946
15340      (1 0 2 3 1 0 1)              77.944
15341      (1 0 2 3 2 1 2)              77.942
15342      (1 0 3 1 2 1 2)              77.940
15343      (1 0 1 2 1 2 1)              77.939
15344      (0 0 1 2 2 1 2)              77.936
15345      (1 0 1 2 1 2 1)              77.936
15346      (0 0 4 6 1 2 1)              77.934
15347      (1 0 1 2 1 2 1)              77.933
15348      (0 0 4 2 2 2 1)              77.931
15349      (1 0 2 3 2 1 2)              77.929
15350      (1 0 2 3 1 0 1)              77.929
15351      (1 0 1 2 1 2 1)              77.928
15352      (0 0 1 2 2 1 2)              77.924
15353      (0 0 4 2 2 2 1)              77.923
15354      (1 0 3 1 2 1 2)              77.921
15355      (1 0 1 2 0 0 0)              77.917
15356      (1 0 3 1 2 1 2)              77.916
15357      (1 0 2 3 1 0 1)              77.916
15358      (1 0 1 2 2 2 1)              77.915
15359      (0 0 1 2 2 2 1)              77.913
15360      (0 0 4 6 0 0 1)              77.911
15361      (1 0 1 2 1 1 1)              77.910
15362      (1 0 3 1 2 1 2)              77.909
15363      (0 0 4 2 1 2 1)              77.907
15364      (0 0 4 5 2 1 1)              77.904
15365      (1 0 1 2 1 1 1)              77.903
15366      (1 0 2 3 2 1 2)              77.901
15367      (0 0 0 4 1 2 1)              77.901
15368      (0 0 4 2 2 2 1)              77.899
15369      (1 0 1 2 0 0 1)              77.897
15370      (1 0 3 1 2 1 2)              77.893
15371      (0 0 1 2 1 1 1)              77.890
15372      (1 0 3 1 0 0 1)              77.888
15373      (1 0 0 0 0 2 1)              77.886
15374      (1 0 2 3 2 1 2)              77.882
15375      (1 0 1 2 1 2 1)              77.882
15376      (1 0 3 1 2 1 2)              77.881
15377      (0 1 0 0 2 2 1)              77.880
15378      (1 0 2 3 2 1 2)              77.881
15379      (1 0 1 2 1 2 1)              77.878
15380      (0 0 1 2 1 1 1)              77.875
15381      (0 0 2 3 1 2 1)              77.872
15382      (1 0 2 3 1 2 1)              77.872
15383      (1 0 2 3 1 2 1)              77.873
15384      (0 0 1 2 1 1 1)              77.871
15385      (0 0 4 2 2 2 1)              77.870
15386      (1 0 1 2 1 1 1)              77.869
15387      (1 0 1 2 0 0 0)              77.867
15388      (0 0 4 6 1 2 1)              77.864
15389      (0 0 2 3 1 2 1)              77.864
15390      (0 0 2 3 2 2 0)              77.862
15391      (1 0 2 3 1 2 1)              77.860
15392      (0 0 4 5 2 1 1)              77.858
15393      (0 0 1 2 0 0 1)              77.855
15394      (1 0 1 2 1 1 1)              77.853
15395      (1 0 1 2 1 2 1)              77.851
15396      (1 0 0 0 1 1 1)              77.850
15397      (0 0 4 5 2 1 1)              77.848
15398      (0 0 4 3 2 1 1)              77.844
15399      (1 0 1 2 2 2 1)              77.844
15400      (1 0 1 2 1 2 1)              77.844
15401      (0 0 4 2 2 2 1)              77.843
15402      (0 0 2 3 1 2 1)              77.842
15403      (0 0 4 6 0 0 1)              77.840
15404      (1 0 1 2 1 0 1)              77.839
15405      (1 0 1 2 1 1 1)              77.838
15406      (1 0 1 2 1 1 1)              77.836
15407      (1 0 1 2 1 2 1)              77.835
15408      (1 0 4 5 2 2 2)              77.835
15409      (0 0 2 3 1 2 1)              77.835
15410      (1 0 1 2 1 1 1)              77.834
15411      (1 0 0 0 1 2 0)              77.833
15412      (1 0 2 3 1 0 1)              77.832
15413      (1 0 2 3 1 2 1)              77.831
15414      (1 0 1 2 1 1 1)              77.829
15415      (0 0 4 3 2 1 1)              77.826
15416      (0 0 2 3 1 2 1)              77.824
15417      (1 0 0 0 1 2 0)              77.823
15418      (1 0 1 2 1 2 1)              77.823
15419      (1 0 1 2 0 0 0)              77.821
15420      (1 0 1 2 0 0 1)              77.819
15421      (1 0 1 2 0 0 1)              77.817
15422      (1 0 3 1 2 1 2)              77.816
15423      (1 0 1 2 0 0 0)              77.814
15424      (0 0 4 6 2 1 1)              77.811
15425      (1 0 0 0 1 2 0)              77.811
15426      (1 0 3 1 2 1 2)              77.808
15427      (1 0 3 1 2 1 2)              77.805
15428      (0 0 4 2 2 2 1)              77.804
15429      (1 0 1 2 1 2 1)              77.803
15430      (1 0 1 2 1 2 1)              77.802
15431      (0 0 2 3 1 2 1)              77.802
15432      (1 0 1 2 1 1 1)              77.801
15433      (0 0 4 5 2 1 1)              77.798
15434      (1 0 1 2 1 1 1)              77.797
15435      (0 0 4 6 2 1 1)              77.795
15436      (0 0 4 2 2 2 1)              77.794
15437      (1 0 4 5 2 2 2)              77.793
15438      (0 0 4 2 2 2 1)              77.792
15439      (1 0 2 3 2 2 1)              77.792
15440      (1 0 0 0 2 2 1)              77.792
15441      (0 0 4 6 1 2 1)              77.791
15442      (0 0 4 2 2 2 1)              77.789
15443      (1 0 1 2 1 1 1)              77.788
15444      (1 0 2 3 1 2 1)              77.787
15445      (1 0 4 5 2 2 2)              77.787
15446      (0 0 4 2 2 2 1)              77.785
15447      (1 0 3 1 2 1 2)              77.784
15448      (1 0 3 1 2 1 2)              77.783
15449      (1 0 3 1 2 1 2)              77.780
15450      (1 0 3 1 2 1 2)              77.776
15451      (1 0 4 5 2 2 2)              77.776
15452      (1 0 1 2 1 2 1)              77.776
15453      (1 0 1 2 1 2 1)              77.774
15454      (0 0 4 2 2 2 1)              77.772
15455      (1 0 3 1 2 1 2)              77.770
15456      (0 0 0 4 1 2 0)              77.768
15457      (0 0 4 6 1 2 1)              77.765
15458      (1 0 1 2 1 1 1)              77.764
15459      (0 0 4 2 2 2 1)              77.763
15460      (1 0 3 1 2 1 2)              77.762
15461      (1 0 3 1 2 1 2)              77.761
15462      (1 0 0 0 1 2 1)              77.760
15463      (1 0 2 3 1 0 1)              77.759
15464      (1 0 3 1 2 1 1)              77.758
15465      (0 0 4 2 2 2 1)              77.756
15466      (1 0 1 2 1 1 1)              77.754
15467      (1 0 2 3 1 2 1)              77.753
15468      (1 0 1 2 1 1 1)              77.751
15469      (0 0 4 2 2 2 1)              77.749
15470      (1 0 1 2 1 2 1)              77.749
15471      (0 0 1 2 0 0 1)              77.746
15472      (1 0 2 3 1 0 1)              77.745
15473      (1 0 1 2 1 1 1)              77.744
15474      (1 0 1 2 1 2 1)              77.743
15475      (0 0 4 3 2 1 1)              77.739
15476      (0 0 4 2 2 2 1)              77.738
15477      (1 0 1 2 1 2 1)              77.738
15478      (1 0 2 3 2 1 1)              77.736
15479      (1 0 1 2 1 1 1)              77.735
15480      (0 0 4 2 2 2 1)              77.734
15481      (0 0 4 5 2 1 1)              77.730
15482      (1 0 1 2 1 2 1)              77.730
15483      (1 0 0 0 1 2 0)              77.730
15484      (0 0 4 3 2 1 1)              77.726
15485      (0 0 2 3 1 2 1)              77.724
15486      (1 0 1 2 0 0 1)              77.723
15487      (1 0 2 3 2 1 1)              77.721
15488      (0 0 1 2 1 2 1)              77.717
15489      (1 0 1 2 1 2 1)              77.717
15490      (1 0 2 3 1 0 1)              77.716
15491      (1 0 2 3 1 0 1)              77.714
15492      (0 0 2 3 1 2 1)              77.712
15493      (1 0 1 2 1 1 1)              77.711
15494      (1 0 1 2 0 0 1)              77.709
15495      (1 0 1 2 1 1 1)              77.706
15496      (1 0 4 5 2 2 2)              77.705
15497      (0 0 4 2 2 2 1)              77.704
15498      (1 0 2 3 1 1 1)              77.702
15499      (1 0 2 3 1 2 1)              77.700
15500      (1 0 1 2 1 2 1)              77.700
15501      (1 0 3 1 2 1 2)              77.696
15502      (0 0 4 2 2 2 1)              77.695
15503      (1 0 3 1 2 1 2)              77.694
15504      (1 0 1 2 1 1 1)              77.692
15505      (0 0 1 2 1 1 1)              77.689
15506      (1 0 1 2 1 1 1)              77.688
15507      (1 0 2 3 1 0 1)              77.687
15508      (0 0 2 3 1 2 1)              77.687
15509      (1 0 3 1 2 1 2)              77.684
15510      (1 0 1 2 1 2 1)              77.684
15511      (0 0 4 2 2 2 1)              77.682
15512      (1 0 2 3 2 1 2)              77.680
15513      (1 0 1 2 1 1 1)              77.678
15514      (0 0 4 2 2 2 1)              77.675
15515      (1 0 1 2 0 0 0)              77.671
15516      (0 0 4 2 2 2 1)              77.669
15517      (0 0 1 2 1 1 1)              77.666
15518      (0 0 4 2 2 2 1)              77.665
15519      (0 0 4 3 1 1 1)              77.664
15520      (1 0 1 2 1 1 1)              77.662
15521      (1 0 2 3 1 2 0)              77.661
15522      (1 0 3 1 2 1 2)              77.658
15523      (1 0 1 2 1 1 1)              77.655
15524      (1 0 2 3 1 2 1)              77.655
15525      (1 0 1 2 1 2 1)              77.654
15526      (1 0 1 2 1 1 1)              77.652
15527      (0 0 4 2 2 2 1)              77.648
15528      (1 0 1 2 1 1 1)              77.646
15529      (0 0 4 2 2 2 1)              77.645
15530      (1 0 3 1 2 1 2)              77.641
15531      (0 0 4 6 1 2 1)              77.639
15532      (1 0 2 3 2 1 2)              77.637
15533      (1 0 1 2 1 2 1)              77.634
15534      (1 0 2 3 1 0 1)              77.632
15535      (1 0 1 2 0 0 1)              77.630
15536      (0 0 0 0 1 1 1)              77.629
15537      (1 0 1 2 1 1 1)              77.629
15538      (0 0 4 2 2 2 1)              77.627
15539      (0 0 1 2 0 0 1)              77.624
15540      (1 0 3 1 2 1 2)              77.621
15541      (1 0 2 3 2 1 1)              77.619
15542      (1 0 1 2 1 1 1)              77.616
15543      (1 0 1 2 1 2 1)              77.615
15544      (0 0 1 2 1 1 1)              77.613
15546      (1 0 1 2 1 1 1)              77.612
15547      (0 0 4 2 2 2 1)              77.610
15548      (1 0 0 0 1 1 1)              77.609
15549      (0 0 4 2 2 2 1)              77.608
15550      (1 0 3 1 2 1 2)              77.606
15551      (1 0 1 2 0 0 1)              77.605
15552      (0 0 4 2 2 2 1)              77.603
15553      (1 0 1 2 1 1 1)              77.600
15554      (0 0 4 2 2 2 1)              77.599
15555      (1 0 1 2 0 0 1)              77.598
15556      (0 0 4 2 2 2 1)              77.597
15557      (0 0 4 2 2 2 1)              77.596
15558      (0 0 4 2 2 2 1)              77.594
15559      (1 0 1 2 1 2 1)              77.593
15560      (1 0 3 1 2 1 2)              77.589
15561      (0 0 4 2 2 2 1)              77.588
15562      (1 0 1 2 1 2 1)              77.588
15563      (0 0 4 2 2 2 1)              77.586
15564      (1 0 1 2 1 2 1)              77.586
15565      (1 0 3 1 2 1 2)              77.585
15566      (1 0 1 2 1 2 1)              77.583
15567      (0 0 1 2 1 1 1)              77.581
15568      (1 0 1 2 1 2 1)              77.581
15569      (1 0 2 3 2 2 1)              77.581
15570      (0 0 1 2 0 0 1)              77.578
15571      (1 0 3 1 2 1 2)              77.577
15572      (1 0 1 2 1 2 1)              77.576
15573      (1 0 2 3 1 1 1)              77.575
15574      (0 0 4 2 2 2 1)              77.574
15575      (0 0 4 2 2 2 1)              77.571
15576      (1 0 1 2 0 0 0)              77.567
15577      (0 0 4 2 2 2 1)              77.564
15578      (1 0 3 1 2 1 2)              77.563
15579      (0 0 4 6 0 0 1)              77.562
15580      (1 0 1 2 1 1 1)              77.558
15581      (1 0 2 3 1 1 1)              77.556
15582      (0 0 4 2 2 2 1)              77.555
15583      (1 0 0 0 2 2 1)              77.555
15584      (0 0 4 2 2 2 1)              77.554
15585      (1 0 3 1 2 1 2)              77.554
15586      (1 0 3 1 1 2 1)              77.553
15587      (0 0 4 2 2 2 1)              77.551
15588      (0 0 1 2 1 1 0)              77.547
15589      (1 0 3 1 2 1 2)              77.547
15590      (1 0 1 2 1 1 1)              77.545
15591      (1 0 0 0 2 2 1)              77.545
15592      (1 0 1 2 1 2 1)              77.543
15593      (1 0 1 2 2 2 1)              77.542
15594      (1 0 1 2 1 2 1)              77.540
15595      (1 0 2 3 1 0 1)              77.539
15596      (1 0 1 2 0 0 1)              77.538
15597      (1 0 1 2 1 2 1)              77.537
15598      (0 0 4 2 2 2 1)              77.536
15599      (1 0 3 1 2 1 2)              77.535
15600      (0 0 4 2 2 2 1)              77.533
15601      (1 0 2 3 1 0 1)              77.533
15602      (0 0 4 2 2 2 1)              77.532
15603      (1 0 1 2 0 0 1)              77.530
15604      (0 0 4 6 1 2 1)              77.530
15605      (1 0 1 2 0 0 0)              77.529
15606      (1 0 1 2 2 2 1)              77.529
15607      (1 0 1 2 1 2 1)              77.528
15608      (1 0 1 2 1 2 1)              77.526
15609      (0 0 4 2 2 2 1)              77.526
15610      (1 0 1 2 1 1 1)              77.525
15611      (1 0 1 2 1 2 1)              77.524
15612      (1 0 2 3 1 1 1)              77.523
15613      (0 0 4 5 2 1 1)              77.520
15614      (0 0 1 2 0 0 1)              77.517
15615      (0 0 1 2 1 1 1)              77.515
15616      (1 0 1 2 1 2 1)              77.514
15617      (1 0 1 2 1 1 1)              77.513
15618      (0 1 0 0 2 2 1)              77.511
15619      (1 0 1 2 0 0 1)              77.509
15620      (1 0 3 1 1 1 1)              77.508
15621      (1 0 3 1 2 1 2)              77.507
15622      (1 0 2 3 1 0 1)              77.505
15623      (1 0 1 2 1 2 1)              77.504
15624      (0 0 4 2 1 2 1)              77.503
15625      (1 0 3 1 2 1 2)              77.500
15626      (1 0 1 2 1 2 1)              77.497
15627      (0 0 1 2 1 1 1)              77.495
15628      (1 0 2 3 1 0 1)              77.494
15629      (0 0 4 2 2 2 1)              77.493
15630      (1 0 1 2 1 1 1)              77.491
15631      (1 0 1 2 1 1 1)              77.488
15632      (0 0 4 3 2 1 1)              77.484
15633      (0 0 4 2 2 2 1)              77.483
15634      (1 0 0 0 1 2 0)              77.482
15635      (0 0 4 2 2 2 1)              77.480
15636      (1 0 1 2 1 2 1)              77.480
15637      (0 0 4 2 2 2 1)              77.478
15638      (1 0 3 1 2 1 2)              77.476
15639      (0 0 2 3 2 2 0)              77.474
15640      (1 0 2 3 2 1 2)              77.472
15641      (1 0 1 2 1 2 1)              77.471
15642      (1 0 1 2 1 2 1)              77.470
15643      (1 0 1 2 1 1 1)              77.469
15644      (0 0 4 2 2 2 1)              77.468
15645      (1 0 1 2 0 0 1)              77.465
15646      (1 0 2 3 2 1 2)              77.463
15647      (1 0 3 1 2 1 2)              77.460
15648      (1 0 1 2 1 1 1)              77.458
15649      (0 0 1 2 1 1 1)              77.455
15650      (1 0 2 3 2 1 2)              77.452
15651      (1 0 3 1 2 1 2)              77.450
15652      (0 0 4 2 2 2 1)              77.449
15653      (0 0 1 2 1 2 1)              77.446
15654      (1 0 2 3 2 1 2)              77.443
15655      (1 0 3 1 2 1 2)              77.440
15656      (1 0 3 1 2 1 2)              77.436
15657      (1 0 1 2 0 0 0)              77.433
15658      (0 0 1 2 0 0 1)              77.430
15659      (1 0 3 1 2 1 2)              77.429
15660      (1 0 1 2 1 2 1)              77.428
15661      (1 0 1 2 0 0 1)              77.426
15662      (1 0 0 0 2 2 1)              77.427
15663      (0 0 4 6 1 2 1)              77.426
15664      (0 0 1 2 0 0 1)              77.424
15665      (1 0 1 2 1 2 1)              77.421
15666      (1 0 1 2 1 2 1)              77.421
15667      (1 0 1 2 1 1 1)              77.419
15668      (1 0 1 2 1 2 1)              77.419
15669      (0 0 4 2 2 2 1)              77.419
15670      (1 0 2 3 1 0 1)              77.417
15671      (1 0 1 2 1 1 1)              77.417
15672      (1 0 1 2 0 0 1)              77.415
15673      (1 0 3 1 2 1 2)              77.413
15674      (1 0 1 2 1 2 1)              77.413
15675      (1 0 2 3 1 0 1)              77.413
15676      (1 0 1 2 1 2 1)              77.410
15677      (1 0 1 2 0 0 0)              77.406
15678      (0 0 4 2 2 2 1)              77.405
15679      (1 0 3 1 2 1 2)              77.404
15680      (0 0 4 2 2 2 1)              77.403
15681      (1 0 2 3 1 0 1)              77.401
15682      (1 0 2 3 1 0 1)              77.400
15683      (1 0 3 1 2 1 2)              77.399
15684      (0 1 4 6 0 0 1)              77.396
15685      (0 0 4 2 2 2 1)              77.395
15686      (0 0 4 3 2 1 1)              77.392
15687      (0 0 1 2 1 1 1)              77.390
15688      (0 0 4 2 2 2 1)              77.389
15689      (0 0 4 2 2 2 1)              77.387
15690      (1 0 2 3 1 0 1)              77.386
15691      (0 0 1 2 1 1 1)              77.384
15692      (0 0 1 2 0 0 1)              77.381
15693      (0 0 4 5 2 1 1)              77.378
15694      (0 1 0 0 2 2 1)              77.377
15695      (1 0 1 2 0 0 0)              77.375
15696      (0 0 4 2 2 2 1)              77.374
15697      (1 0 3 1 2 1 2)              77.372
15698      (0 0 2 3 1 2 1)              77.371
15699      (1 0 2 3 1 0 1)              77.371
15700      (1 0 1 2 1 2 1)              77.369
15701      (0 0 0 0 1 1 1)              77.368
15702      (1 0 1 2 1 1 1)              77.365
15703      (1 0 1 2 1 1 1)              77.362
15704      (0 0 4 2 2 2 1)              77.361
15705      (1 0 3 1 2 1 2)              77.357
15706      (1 0 1 2 0 0 1)              77.355
15707      (0 0 4 6 1 1 1)              77.354
15708      (1 0 3 1 2 1 2)              77.353
15709      (1 0 1 2 1 1 1)              77.351
15710      (0 0 0 4 1 2 0)              77.349
15711      (1 0 1 2 1 2 1)              77.349
15712      (1 0 1 2 1 1 1)              77.347
15713      (0 0 4 6 1 2 1)              77.347
15714      (1 0 1 2 1 1 1)              77.345
15715      (1 0 1 2 1 1 1)              77.342
15716      (1 0 2 3 1 1 1)              77.341
15717      (1 0 1 2 1 1 1)              77.339
15718      (0 0 4 2 2 2 1)              77.338
15719      (1 0 1 2 1 1 1)              77.337
15720      (0 0 4 2 2 2 1)              77.335
15721      (1 0 3 1 2 1 2)              77.334
15722      (0 0 4 6 1 2 1)              77.333
15723      (0 1 4 6 0 0 1)              77.331
15724      (1 0 2 3 1 2 0)              77.328
15725      (1 0 1 2 0 0 1)              77.326
15726      (1 0 3 1 2 1 2)              77.324
15727      (0 0 1 2 1 1 1)              77.321
15728      (1 0 3 1 2 1 2)              77.318
15729      (1 0 3 1 2 1 2)              77.316
15730      (0 0 1 2 1 1 1)              77.313
15731      (0 0 4 2 2 2 1)              77.312
15732      (1 0 3 1 1 0 0)              77.309
15733      (1 0 1 2 0 0 1)              77.307
15734      (1 0 2 3 1 0 1)              77.306
15735      (1 0 3 1 2 1 2)              77.304
15736      (1 0 1 2 1 1 1)              77.304
15737      (1 0 1 2 1 1 1)              77.304
15738      (1 0 4 6 0 0 1)              77.303
15739      (0 0 4 2 2 2 1)              77.301
15740      (1 0 4 5 2 2 2)              77.301
15741      (1 0 1 2 1 2 1)              77.300
15742      (1 0 1 2 1 2 1)              77.300
15743      (0 0 4 6 2 1 1)              77.299
15744      (1 0 2 3 0 0 0)              77.298
15745      (0 0 4 2 1 2 1)              77.296
15746      (1 0 1 2 1 1 1)              77.295
15747      (0 0 4 3 2 1 1)              77.292
15748      (0 0 4 2 2 2 1)              77.290
15749      (0 0 2 3 1 2 1)              77.289
15750      (0 0 1 2 0 0 1)              77.286
15751      (0 0 4 3 2 1 1)              77.283
15752      (1 0 1 2 1 2 1)              77.283
15753      (1 0 3 1 2 1 2)              77.280
15754      (0 0 1 2 0 0 1)              77.278
15755      (1 0 1 2 1 1 1)              77.277
15756      (0 0 4 2 1 2 1)              77.276
15757      (0 0 4 2 2 2 1)              77.273
15758      (1 0 0 0 1 2 1)              77.272
15759      (1 0 1 2 1 2 1)              77.272
15760      (1 0 3 1 2 1 2)              77.269
15761      (1 0 1 2 0 0 1)              77.266
15762      (1 0 1 2 1 1 1)              77.263
15763      (1 0 1 2 1 1 1)              77.261
15764      (1 0 1 2 1 2 1)              77.260
15765      (0 0 4 6 0 0 1)              77.258
15766      (1 0 2 3 1 2 1)              77.256
15767      (0 0 4 2 2 2 1)              77.255
15768      (1 0 1 2 1 1 1)              77.252
15769      (0 0 4 2 1 2 1)              77.250
15770      (1 0 1 2 1 1 1)              77.250
15771      (1 0 3 1 2 1 2)              77.248
15772      (1 0 1 2 2 2 1)              77.248
15773      (1 0 2 3 1 0 1)              77.247
15774      (0 0 4 2 2 2 1)              77.245
15775      (0 0 1 2 1 1 1)              77.243
15776      (1 0 1 2 1 1 1)              77.241
15777      (0 0 4 6 1 2 1)              77.239
15778      (1 0 1 2 1 1 1)              77.238
15779      (1 0 1 2 1 1 1)              77.236
15780      (1 0 3 1 2 1 2)              77.234
15781      (0 0 2 3 1 2 1)              77.231
15782      (1 0 3 1 2 1 2)              77.230
15783      (1 0 1 2 1 2 1)              77.228
15784      (0 0 4 5 2 1 1)              77.226
15785      (1 0 3 1 2 1 2)              77.225
15786      (0 0 4 2 2 2 1)              77.224
15787      (1 0 1 2 1 1 1)              77.222
15788      (1 0 1 2 1 2 1)              77.222
15789      (1 0 3 1 2 1 2)              77.220
15790      (1 0 3 1 2 1 2)              77.219
15791      (1 0 1 2 1 1 1)              77.217
15792      (1 0 1 2 0 0 1)              77.215
15793      (1 0 1 2 1 1 1)              77.214
15794      (1 0 1 2 1 2 1)              77.213
15795      (1 0 2 3 1 0 1)              77.211
15797      (0 0 4 3 2 1 1)              77.207
15798      (1 0 0 0 1 2 0)              77.207
15799      (1 0 2 3 1 0 1)              77.207
15800      (1 0 3 1 2 1 2)              77.205
15801      (0 0 1 2 0 0 1)              77.202
15802      (1 0 4 5 2 2 2)              77.202
15803      (1 0 1 2 1 1 1)              77.201
15804      (0 0 1 2 0 0 1)              77.198
15805      (1 0 1 2 1 2 1)              77.197
15806      (1 0 1 2 1 1 1)              77.196
15807      (1 0 1 2 0 0 1)              77.195
15808      (1 0 3 1 2 1 2)              77.192
15809      (1 0 2 3 2 1 1)              77.188
15810      (1 0 2 3 1 0 1)              77.187
15811      (1 0 1 2 1 1 1)              77.186
15812      (1 0 3 1 2 1 2)              77.184
15813      (1 0 3 1 2 1 2)              77.182
15814      (1 0 2 3 1 2 1)              77.180
15815      (1 0 3 1 2 1 2)              77.179
15816      (1 0 3 1 2 1 2)              77.178
15817      (0 0 2 3 2 2 0)              77.176
15818      (1 0 1 2 1 2 1)              77.175
15819      (1 0 3 1 2 1 2)              77.174
15820      (1 0 1 2 1 1 1)              77.173
15821      (0 0 4 2 2 2 1)              77.171
15822      (0 0 2 3 1 2 1)              77.169
15823      (1 0 1 2 1 1 1)              77.168
15824      (1 0 2 3 1 2 1)              77.168
15825      (0 0 4 3 2 1 1)              77.165
15826      (0 0 4 2 2 2 1)              77.163
15827      (1 0 1 2 1 2 1)              77.162
15828      (0 0 4 2 2 2 1)              77.161
15829      (0 0 4 2 2 2 1)              77.159
15830      (0 0 1 2 2 2 1)              77.157
15831      (1 0 2 3 2 1 2)              77.158
15832      (1 0 1 2 1 1 1)              77.157
15833      (0 0 4 2 2 2 1)              77.155
15834      (0 0 4 6 1 2 1)              77.154
15835      (1 0 3 1 2 1 2)              77.151
15836      (0 0 4 2 2 2 1)              77.150
15837      (1 0 0 0 1 2 0)              77.149
15838      (0 0 2 3 1 2 1)              77.147
15839      (0 0 4 2 2 2 1)              77.146
15840      (1 0 3 1 2 1 2)              77.146
15841      (0 0 4 2 2 2 1)              77.143
15842      (0 0 4 2 2 2 1)              77.142
15843      (1 0 1 2 0 0 0)              77.140
15844      (1 0 0 0 1 2 0)              77.140
15845      (0 0 0 4 1 2 0)              77.137
15846      (0 0 2 3 1 2 1)              77.134
15847      (1 0 2 3 2 1 2)              77.132
15848      (1 0 1 2 1 2 1)              77.132
15849      (0 0 4 2 2 2 1)              77.131
15850      (1 0 1 2 1 1 1)              77.129
15851      (0 0 4 2 1 2 1)              77.128
15852      (1 0 1 2 1 1 1)              77.127
15853      (0 0 4 2 2 2 1)              77.126
15854      (1 0 1 2 1 2 1)              77.123
15855      (1 0 2 3 1 1 1)              77.122
15856      (1 0 1 2 1 1 1)              77.122
15857      (1 0 3 1 2 1 2)              77.120
15858      (0 0 1 2 1 1 1)              77.117
15859      (0 0 1 2 1 1 1)              77.114
15860      (1 0 3 1 2 1 2)              77.113
15861      (0 0 1 2 1 1 1)              77.111
15862      (0 0 4 2 2 2 1)              77.110
15863      (1 0 1 2 1 1 1)              77.107
15864      (1 0 1 2 1 2 1)              77.104
15865      (0 1 0 0 2 2 1)              77.102
15866      (0 0 4 5 2 1 1)              77.100
15867      (1 0 1 2 1 1 1)              77.100
15868      (1 0 1 2 1 1 1)              77.098
15869      (1 0 2 3 1 0 1)              77.097
15870      (1 0 2 3 1 2 1)              77.097
15871      (0 0 4 6 1 1 1)              77.095
15872      (0 0 4 3 2 1 1)              77.092
15873      (1 0 1 2 1 1 1)              77.091
15874      (1 0 1 2 1 1 1)              77.090
15875      (1 0 3 1 2 1 2)              77.089
15876      (1 0 3 1 2 1 2)              77.088
15877      (0 0 4 5 2 1 1)              77.085
15878      (0 0 2 3 1 2 1)              77.083
15879      (1 0 2 3 1 0 1)              77.082
15880      (0 0 4 2 2 2 1)              77.080
15881      (1 0 2 3 1 2 1)              77.079
15882      (0 1 4 6 0 0 1)              77.076
15883      (1 0 3 1 2 1 2)              77.073
15884      (1 0 1 2 1 1 1)              77.072
15885      (1 0 3 1 2 1 2)              77.071
15886      (1 0 1 2 1 1 1)              77.068
15887      (0 0 2 3 2 2 0)              77.066
15888      (0 0 4 2 2 2 1)              77.065
15889      (0 0 2 3 2 2 2)              77.061
15890      (0 0 4 3 2 1 1)              77.057
15891      (1 0 1 2 1 1 1)              77.056
15892      (0 0 4 3 2 1 1)              77.053
15893      (1 0 0 0 1 2 0)              77.053
15894      (0 0 4 3 2 1 1)              77.050
15895      (1 0 1 2 1 1 1)              77.047
15896      (1 0 2 3 1 2 1)              77.046
15897      (0 0 4 2 2 2 1)              77.045
15898      (0 0 4 6 0 0 1)              77.044
15899      (1 0 0 0 1 1 1)              77.042
15900      (1 0 1 2 1 2 1)              77.040
15901      (1 0 2 3 1 2 1)              77.040
15902      (1 0 2 3 1 0 1)              77.039
15903      (1 0 1 2 1 2 1)              77.038
15904      (1 0 1 2 1 2 1)              77.038
15905      (1 0 1 2 1 1 1)              77.037
15906      (1 0 1 2 0 0 1)              77.035
15907      (1 0 2 3 1 0 1)              77.034
15908      (1 0 2 3 1 0 1)              77.033
15909      (1 0 1 2 1 2 1)              77.032
15910      (1 0 1 2 1 1 1)              77.030
15911      (0 0 4 2 2 2 1)              77.029
15912      (1 0 1 2 1 1 1)              77.028
15913      (1 0 1 2 1 1 1)              77.027
15914      (1 0 3 1 2 1 2)              77.024
15915      (0 0 2 3 1 2 1)              77.021
15916      (1 0 1 2 1 1 1)              77.018
15917      (0 0 1 2 1 1 1)              77.015
15918      (1 0 1 2 1 2 1)              77.014
15919      (1 0 1 2 1 1 1)              77.013
15920      (0 0 4 6 0 0 1)              77.012
15921      (1 0 1 2 1 2 1)              77.010
15922      (1 0 4 5 2 2 2)              77.009
15923      (0 0 0 4 1 2 0)              77.007
15924      (0 0 4 6 0 0 1)              77.005
15925      (0 0 4 2 2 2 1)              77.004
15926      (1 0 1 2 1 1 1)              77.001
15927      (0 0 4 2 2 2 1)              77.000
15928      (0 0 4 3 2 1 1)              76.997
15929      (1 0 1 2 1 2 1)              76.996
15930      (1 0 1 2 1 2 1)              76.996
15931      (1 0 2 3 2 1 2)              76.993
15932      (1 0 1 2 0 0 1)              76.991
15933      (1 0 4 5 2 2 2)              76.991
15934      (1 0 3 1 2 1 2)              76.991
15935      (0 0 2 3 1 2 1)              76.988
15936      (1 0 1 2 1 2 1)              76.986
15937      (0 0 4 2 2 2 1)              76.985
15938      (1 0 1 2 1 2 1)              76.985
15939      (1 0 1 2 2 2 1)              76.984
15940      (1 0 2 3 1 1 1)              76.983
15941      (0 0 4 6 0 0 1)              76.981
15942      (1 0 1 2 1 1 1)              76.980
15943      (1 0 1 2 1 1 1)              76.978
15944      (1 0 1 2 1 1 1)              76.977
15945      (1 0 1 2 1 1 1)              76.975
15946      (1 0 1 2 1 0 1)              76.975
15947      (1 0 1 2 1 2 1)              76.973
15948      (1 0 2 3 1 0 1)              76.971
15949      (1 0 1 2 1 2 1)              76.971
15950      (1 0 1 2 1 2 1)              76.971
15951      (1 0 1 2 0 0 0)              76.968
15952      (0 0 2 3 1 2 1)              76.965
15953      (1 0 3 1 2 1 2)              76.964
15954      (0 0 4 2 2 2 1)              76.963
15955      (1 0 1 2 1 1 1)              76.962
15956      (0 0 4 5 2 1 1)              76.959
15957      (1 0 1 2 1 2 1)              76.958
15958      (0 0 4 2 2 2 1)              76.957
15959      (1 0 1 2 1 1 1)              76.957
15960      (1 0 1 2 1 1 1)              76.955
15961      (1 0 1 2 0 0 1)              76.953
15962      (1 0 0 0 1 1 1)              76.952
15963      (1 0 1 2 1 1 1)              76.951
15964      (1 0 2 3 1 2 1)              76.951
15965      (0 0 4 2 2 2 1)              76.949
15966      (1 0 1 2 1 1 1)              76.948
15967      (0 0 2 3 1 2 1)              76.945
15968      (0 0 4 6 0 0 1)              76.944
15969      (0 0 4 3 2 1 1)              76.941
15970      (0 0 4 6 0 0 1)              76.939
15971      (0 0 0 4 1 2 0)              76.937
15972      (0 0 4 3 1 1 1)              76.937
15973      (1 0 1 2 1 1 1)              76.935
15974      (1 0 1 2 1 1 1)              76.934
15975      (1 0 1 2 1 2 1)              76.933
15976      (1 0 2 3 1 0 1)              76.935
15977      (1 0 0 0 2 2 1)              76.934
15978      (1 0 1 2 0 0 1)              76.933
15979      (0 0 4 2 2 2 1)              76.933
15980      (1 0 1 2 1 1 1)              76.932
15981      (1 0 1 2 1 1 1)              76.930
15982      (0 0 4 3 1 1 1)              76.929
15983      (1 0 1 2 1 1 1)              76.928
15984      (1 0 2 3 1 0 1)              76.929
15985      (1 0 3 1 2 1 2)              76.926
15986      (0 0 4 6 1 1 1)              76.924
15987      (0 0 4 5 2 1 1)              76.922
15988      (1 0 3 1 2 1 2)              76.921
15989      (0 0 0 4 1 2 0)              76.918
15990      (1 0 1 2 1 1 1)              76.916
15991      (1 0 1 2 1 1 1)              76.913
15992      (0 0 4 3 2 1 1)              76.910
15993      (1 0 1 2 1 1 1)              76.909
15994      (1 0 1 2 1 1 1)              76.908
15995      (1 0 1 2 1 1 1)              76.905
15996      (1 0 2 3 2 1 2)              76.903
15997      (0 0 1 2 0 0 1)              76.900
15998      (1 0 2 3 1 0 1)              76.899
15999      (0 0 4 2 2 2 1)              76.897
16000      (1 0 3 1 2 1 2)              76.894
16001      (0 0 4 2 2 2 1)              76.892
16002      (0 0 1 2 0 0 1)              76.889
16003      (0 0 1 2 0 0 1)              76.886
16004      (0 0 4 5 2 2 1)              76.885
16005      (0 0 1 2 1 1 1)              76.882
16006      (0 0 2 3 1 2 1)              76.880
16007      (0 0 2 3 1 2 1)              76.879
16008      (1 0 1 2 1 2 1)              76.878
16009      (0 0 4 5 2 1 1)              76.876
16010      (1 0 2 3 1 2 0)              76.875
16011      (1 0 1 2 1 1 1)              76.874
16012      (1 0 1 2 1 1 1)              76.872
16013      (0 0 1 2 1 1 1)              76.870
16014      (0 0 4 6 1 2 1)              76.870
16015      (0 0 4 2 2 2 1)              76.869
16016      (1 0 3 1 2 1 2)              76.867
16017      (0 0 4 2 2 2 1)              76.866
16018      (1 0 1 2 0 0 1)              76.864
16019      (0 0 4 2 2 2 1)              76.863
16020      (0 0 4 2 2 2 1)              76.862
16021      (1 0 3 1 2 1 2)              76.861
16022      (1 0 4 5 2 2 2)              76.860
16023      (0 0 4 6 1 2 1)              76.860
16024      (0 0 4 2 2 2 1)              76.858
16025      (1 0 1 2 1 1 1)              76.857
16026      (0 1 0 0 2 2 1)              76.856
16027      (1 0 2 3 2 1 2)              76.854
16028      (1 0 1 2 1 2 1)              76.853
16029      (1 0 2 3 2 1 2)              76.850
16030      (1 0 1 2 1 1 1)              76.847
16031      (1 0 2 3 2 2 1)              76.848
16032      (1 0 3 1 2 1 2)              76.847
16033      (0 0 1 2 1 1 1)              76.845
16034      (1 0 1 2 1 1 1)              76.842
16035      (1 0 2 3 1 1 1)              76.840
16036      (0 0 2 3 1 2 1)              76.838
16037      (1 0 1 2 1 2 1)              76.836
16038      (0 0 4 6 2 2 1)              76.833
16039      (0 0 4 2 2 2 1)              76.833
16040      (1 0 1 2 1 2 1)              76.832
16041      (0 0 4 6 0 0 1)              76.831
16042      (1 0 3 1 2 1 2)              76.830
16043      (0 0 4 5 2 1 1)              76.828
16044      (1 0 3 1 2 1 2)              76.825
16045      (1 0 2 3 1 0 1)              76.824
16046      (1 0 2 3 1 2 1)              76.822
16047      (0 0 4 5 2 1 1)              76.819
16048      (1 0 1 2 1 2 1)              76.817
16049      (0 0 2 3 1 2 1)              76.816
16050      (1 0 2 3 2 1 2)              76.813
16051      (1 0 1 2 0 0 1)              76.811
16052      (1 0 2 3 1 2 0)              76.809
16053      (0 0 4 6 2 1 1)              76.807
16054      (0 0 4 6 0 0 1)              76.805
16055      (0 0 4 2 2 2 1)              76.804
16056      (0 0 4 2 2 2 1)              76.803
16057      (1 0 2 3 2 1 2)              76.801
16058      (0 0 1 2 2 2 1)              76.798
16059      (1 0 3 1 2 1 2)              76.797
16060      (0 0 1 2 2 2 1)              76.795
16061      (1 0 1 2 1 2 1)              76.792
16062      (0 0 2 3 1 2 1)              76.793
16063      (1 0 1 2 1 1 1)              76.791
16064      (1 0 1 2 1 2 1)              76.791
16065      (1 0 2 3 2 1 2)              76.788
16066      (1 0 1 2 1 1 1)              76.787
16067      (0 0 4 2 2 2 1)              76.786
16068      (1 0 3 1 2 1 2)              76.783
16069      (1 0 3 1 2 1 2)              76.780
16070      (0 0 2 3 1 1 1)              76.777
16071      (1 0 1 2 0 0 1)              76.776
16072      (1 0 1 2 1 1 1)              76.773
16073      (1 0 2 3 1 0 1)              76.771
16074      (0 0 2 3 1 2 1)              76.770
16075      (0 0 2 3 1 2 1)              76.769
16076      (1 0 1 2 0 0 1)              76.768
16077      (0 0 1 2 0 0 1)              76.765
16078      (0 0 1 2 1 1 1)              76.763
16079      (1 0 2 3 2 1 2)              76.760
16080      (1 0 1 2 1 1 1)              76.758
16081      (1 0 1 2 0 0 1)              76.756
16082      (1 0 2 3 1 2 1)              76.756
16083      (1 0 4 5 2 2 2)              76.756
16084      (1 0 3 1 2 1 2)              76.754
16085      (1 0 1 2 1 2 1)              76.752
16086      (1 0 1 2 2 2 1)              76.752
16087      (1 0 3 1 2 1 2)              76.749
16088      (1 0 2 3 1 2 1)              76.749
16089      (1 0 1 2 0 0 1)              76.747
16090      (0 0 2 3 1 2 1)              76.744
16091      (1 0 3 1 2 1 2)              76.741
16092      (1 0 3 1 2 1 2)              76.739
16093      (1 0 1 2 1 1 1)              76.737
16094      (1 0 0 0 0 0 0)              76.737
16095      (0 0 4 3 2 1 1)              76.734
16096      (1 0 1 2 1 1 1)              76.733
16097      (1 0 0 0 1 2 0)              76.731
16098      (1 0 1 2 1 1 1)              76.728
16099      (0 0 4 2 2 2 1)              76.726
16100      (1 0 1 2 1 1 1)              76.725
16101      (0 0 4 2 2 2 1)              76.724
16102      (1 0 1 2 1 1 1)              76.723
16103      (1 0 1 2 1 2 1)              76.722
16104      (1 0 4 5 2 2 2)              76.721
16105      (0 0 4 2 2 2 1)              76.720
16106      (0 0 4 2 2 2 1)              76.718
16107      (1 0 0 0 0 2 1)              76.717
16108      (1 0 2 3 1 2 0)              76.715
16109      (0 0 1 2 1 1 1)              76.712
16110      (1 0 2 3 2 1 2)              76.709
16111      (0 0 0 4 1 2 0)              76.707
16112      (1 0 2 3 1 0 1)              76.706
16113      (1 0 2 3 1 0 1)              76.706
16114      (0 0 1 2 0 0 1)              76.703
16115      (1 0 3 1 2 1 2)              76.702
16116      (1 0 1 2 1 2 1)              76.699
16117      (1 0 1 2 1 2 1)              76.698
16118      (1 0 1 2 0 0 0)              76.696
16119      (1 0 2 3 2 1 2)              76.694
16120      (0 1 4 6 0 0 1)              76.692
16121      (1 0 1 2 1 1 1)              76.691
16122      (0 0 4 2 2 2 1)              76.689
16123      (0 0 4 2 2 2 1)              76.688
16124      (1 0 0 0 1 2 0)              76.689
16125      (1 0 1 2 0 0 1)              76.688
16126      (0 0 4 2 2 2 1)              76.686
16127      (1 0 1 2 0 0 1)              76.684
16128      (1 0 2 3 1 1 1)              76.683
16129      (0 0 4 2 2 2 1)              76.680
16130      (1 0 1 2 1 0 1)              76.679
16131      (1 0 2 3 2 1 1)              76.677
16132      (1 0 1 2 1 1 1)              76.674
16133      (0 0 2 3 1 2 1)              76.671
16134      (1 0 2 3 1 0 1)              76.671
16135      (1 0 2 3 1 2 1)              76.669
16136      (0 0 1 2 1 1 1)              76.667
16137      (0 0 4 5 2 1 1)              76.664
16138      (1 0 2 3 1 0 1)              76.664
16139      (0 0 4 2 2 2 1)              76.663
16140      (0 0 4 2 2 2 1)              76.661
16141      (1 0 1 2 1 1 1)              76.660
16142      (0 0 4 6 1 2 1)              76.660
16143      (0 0 4 6 1 2 1)              76.659
16144      (1 0 2 3 1 0 1)              76.658
16145      (0 0 4 2 2 2 1)              76.657
16146      (1 0 2 3 1 0 1)              76.656
16147      (1 0 1 2 1 2 1)              76.655
16148      (0 0 4 2 2 2 1)              76.654
16149      (1 0 1 2 1 2 1)              76.653
16150      (0 0 1 2 1 1 0)              76.652
16151      (1 0 0 0 1 2 0)              76.652
16152      (1 0 1 2 1 1 1)              76.651
16153      (1 0 2 3 2 1 2)              76.648
16154      (1 0 3 1 2 1 2)              76.646
16155      (1 0 1 2 2 2 1)              76.646
16156      (0 0 4 6 1 2 1)              76.644
16157      (1 0 3 1 2 1 2)              76.641
16158      (1 0 1 2 1 1 1)              76.641
16159      (1 0 1 2 1 1 1)              76.639
16160      (1 0 1 2 1 2 1)              76.637
16161      (1 0 3 1 2 1 2)              76.636
16162      (1 0 1 2 0 0 1)              76.634
16163      (1 0 1 2 1 1 1)              76.633
16164      (1 0 1 2 1 1 1)              76.632
16165      (1 0 1 2 1 2 1)              76.631
16166      (0 0 4 3 2 1 1)              76.628
16167      (1 0 1 2 1 1 1)              76.628
16168      (1 0 1 2 1 0 1)              76.628
16169      (0 0 4 2 2 2 1)              76.626
16170      (1 0 1 2 1 1 1)              76.624
16171      (1 0 1 2 1 1 1)              76.623
16172      (1 0 1 2 1 0 1)              76.622
16173      (1 0 3 1 2 1 2)              76.619
16174      (0 0 1 2 0 0 1)              76.617
16175      (0 0 4 2 2 2 1)              76.616
16176      (1 0 1 2 2 2 1)              76.615
16177      (1 0 2 3 2 1 2)              76.613
16178      (1 0 1 2 1 1 1)              76.613
16179      (0 0 4 6 2 2 1)              76.611
16180      (0 0 4 2 2 2 1)              76.610
16181      (1 0 2 3 2 1 2)              76.608
16182      (1 0 2 3 2 1 1)              76.606
16183      (1 0 1 2 1 2 1)              76.606
16184      (1 0 1 2 1 2 1)              76.606
16185      (1 0 1 2 1 1 1)              76.604
16186      (0 0 4 2 2 2 1)              76.603
16187      (1 0 1 2 1 2 1)              76.602
16188      (1 0 3 1 2 1 2)              76.601
16189      (0 0 4 5 2 1 1)              76.599
16190      (1 0 1 2 1 1 1)              76.597
16191      (1 0 4 5 2 2 2)              76.596
16192      (0 0 4 2 2 2 1)              76.595
16193      (1 0 1 2 1 2 1)              76.595
16194      (0 0 0 0 1 1 1)              76.592
16195      (1 0 1 2 1 2 1)              76.592
16196      (1 0 1 2 0 0 1)              76.589
16197      (0 0 2 3 1 2 1)              76.588
16198      (1 0 1 2 0 0 0)              76.585
16199      (0 0 4 3 2 1 1)              76.582
16200      (1 0 2 3 1 0 1)              76.581
16201      (1 0 2 3 1 0 1)              76.580
16202      (1 0 3 1 2 1 2)              76.579
16203      (0 0 2 3 1 2 1)              76.576
16204      (0 0 4 3 1 1 1)              76.575
16205      (1 0 0 0 2 2 1)              76.575
16206      (0 0 4 6 1 2 1)              76.574
16207      (1 0 2 3 2 1 1)              76.571
16208      (1 0 1 2 0 0 1)              76.569
16209      (1 0 1 2 1 1 1)              76.566
16210      (1 0 1 2 2 2 1)              76.566
16211      (0 0 4 5 2 2 1)              76.564
16212      (0 0 1 2 0 0 1)              76.561
16213      (0 0 4 5 2 1 1)              76.559
16214      (1 0 3 1 2 1 2)              76.559
16215      (1 0 2 3 1 0 1)              76.558
16216      (1 0 1 2 1 2 1)              76.558
16217      (1 0 1 2 0 0 1)              76.555
16218      (1 0 1 2 1 1 1)              76.554
16219      (0 1 0 4 2 2 1)              76.554
16220      (1 0 1 2 1 2 1)              76.553
16221      (1 0 1 2 1 1 1)              76.551
16222      (1 0 3 1 2 1 2)              76.549
16223      (1 0 1 2 1 1 1)              76.549
16224      (0 0 1 2 0 0 1)              76.546
16225      (1 0 1 2 1 1 1)              76.545
16226      (1 0 1 2 1 1 1)              76.543
16227      (1 0 1 2 0 0 1)              76.541
16228      (1 0 3 1 2 1 2)              76.540
16229      (1 0 3 1 2 1 2)              76.538
16230      (1 0 3 1 2 1 2)              76.537
16231      (1 0 1 2 1 2 1)              76.537
16232      (1 0 1 2 1 2 1)              76.537
16233      (1 0 2 3 2 1 2)              76.534
16234      (1 0 4 5 2 2 2)              76.533
16235      (1 0 1 2 1 2 1)              76.533
16236      (1 0 3 1 2 1 2)              76.532
16237      (1 0 1 2 1 2 1)              76.531
16238      (1 0 1 2 1 1 1)              76.531
16239      (1 0 2 3 1 0 1)              76.533
16240      (1 0 2 3 1 0 1)              76.531
16241      (1 0 1 2 2 2 1)              76.531
16242      (1 0 4 5 2 2 2)              76.531
16243      (0 0 4 2 2 2 1)              76.530
16244      (0 0 4 3 2 1 1)              76.528
16245      (1 0 1 2 1 1 1)              76.526
16246      (0 0 4 2 2 2 1)              76.525
16247      (1 0 3 1 2 1 2)              76.524
16248      (1 0 1 2 0 0 1)              76.522
16249      (0 0 2 3 1 2 1)              76.522
16250      (0 0 4 2 2 2 1)              76.520
16251      (0 1 4 6 0 0 1)              76.517
16252      (1 0 1 2 1 1 1)              76.515
16253      (1 0 3 1 2 1 2)              76.514
16254      (1 0 1 2 1 1 1)              76.513
16255      (1 0 2 3 1 0 1)              76.512
16256      (0 0 4 2 2 2 1)              76.511
16257      (1 0 1 2 1 1 1)              76.508
16258      (1 0 3 1 2 1 2)              76.506
16259      (1 0 3 1 2 1 2)              76.504
16260      (1 0 0 0 1 0 1)              76.503
16261      (1 0 1 2 1 1 1)              76.502
16262      (1 0 1 2 1 2 1)              76.501
16263      (0 0 4 2 2 2 1)              76.500
16264      (0 0 1 2 1 1 1)              76.497
16265      (1 0 3 1 2 1 2)              76.496
16266      (0 0 4 5 2 1 1)              76.493
16267      (0 0 1 2 0 0 1)              76.490
16268      (1 0 1 2 1 2 1)              76.488
16269      (0 0 1 2 1 1 1)              76.485
16270      (0 0 4 6 1 1 1)              76.483
16271      (1 0 2 3 2 1 2)              76.481
16272      (1 0 1 2 0 0 0)              76.478
16273      (1 0 2 3 1 1 1)              76.476
16274      (1 0 0 0 1 2 1)              76.476
16275      (1 0 1 2 1 1 1)              76.475
16276      (0 0 2 3 1 2 1)              76.473
16277      (1 0 0 0 1 2 1)              76.472
16278      (0 0 4 2 1 2 1)              76.471
16279      (0 0 1 2 0 0 1)              76.468
16280      (1 0 1 2 1 2 1)              76.465
16281      (0 0 4 2 2 2 1)              76.464
16282      (1 0 1 2 1 1 1)              76.464
16283      (0 0 1 2 1 1 1)              76.462
16284      (1 0 1 2 1 2 0)              76.460
16285      (1 0 3 1 2 1 2)              76.457
16286      (0 1 4 5 1 2 1)              76.455
16287      (1 0 1 2 0 0 1)              76.454
16288      (1 0 1 2 1 2 1)              76.454
16289      (0 0 1 2 1 1 1)              76.452
16290      (1 0 1 2 1 1 1)              76.449
16291      (0 0 4 2 2 2 1)              76.448
16292      (1 0 1 2 0 0 0)              76.445
16293      (1 0 1 2 1 1 1)              76.443
16294      (0 0 2 3 1 2 1)              76.440
16295      (1 0 1 2 1 1 1)              76.439
16296      (0 0 4 3 2 1 1)              76.437
16297      (0 0 2 3 1 2 1)              76.434
16298      (1 0 3 1 2 1 2)              76.432
16299      (1 0 1 2 1 1 1)              76.431
16300      (0 1 4 6 0 0 1)              76.429
16301      (1 0 1 2 1 2 1)              76.429
16302      (0 0 1 2 1 1 1)              76.427
16303      (1 0 1 2 1 1 1)              76.425
16304      (0 0 4 3 2 1 1)              76.423
16305      (1 0 1 2 1 1 1)              76.421
16306      (0 0 4 2 2 2 1)              76.419
16307      (0 0 4 2 2 2 1)              76.418
16308      (1 0 3 1 2 1 2)              76.416
16309      (1 0 3 1 2 1 2)              76.415
16310      (1 0 1 2 1 1 1)              76.414
16311      (1 0 1 2 1 1 1)              76.412
16313      (0 0 4 2 2 2 1)              76.410
16314      (1 0 1 2 1 2 1)              76.409
16315      (1 0 1 2 1 1 1)              76.407
16316      (1 0 3 1 2 1 2)              76.406
16317      (0 0 2 3 2 2 2)              76.407
16318      (0 0 2 3 1 2 1)              76.404
16319      (1 0 1 2 1 1 1)              76.403
16320      (1 0 1 2 1 1 1)              76.401
16321      (0 0 4 5 2 1 1)              76.399
16322      (0 0 4 6 0 0 1)              76.398
16323      (1 0 3 1 2 1 2)              76.397
16324      (1 0 2 3 1 0 1)              76.396
16325      (0 0 4 2 2 2 1)              76.395
16326      (1 0 2 3 2 1 1)              76.394
16327      (1 0 2 3 1 0 1)              76.393
16328      (1 0 0 0 1 2 0)              76.393
16329      (1 0 1 2 1 1 1)              76.392
16330      (0 0 4 5 2 1 1)              76.391
16331      (1 0 1 2 1 1 1)              76.389
16332      (0 0 2 3 1 2 1)              76.390
16333      (1 0 2 3 1 0 1)              76.389
16334      (0 0 4 2 2 2 1)              76.388
16335      (1 0 1 2 1 2 1)              76.387
16336      (0 0 1 2 1 1 1)              76.385
16337      (0 0 1 2 1 1 1)              76.383
16338      (1 0 1 2 1 1 1)              76.381
16339      (1 0 3 1 2 1 2)              76.378
16340      (1 0 2 3 1 2 0)              76.376
16341      (1 0 2 3 2 2 1)              76.377
16342      (1 0 4 5 2 2 2)              76.376
16343      (0 0 4 2 2 2 1)              76.375
16344      (1 0 1 2 1 2 1)              76.375
16345      (0 0 4 3 1 1 1)              76.373
16346      (0 0 4 6 1 2 1)              76.373
16347      (1 0 1 2 1 1 1)              76.372
16348      (0 0 1 2 0 0 1)              76.369
16349      (0 0 4 2 2 2 1)              76.368
16350      (0 0 4 2 2 2 1)              76.367
16351      (1 0 1 2 1 2 1)              76.367
16352      (1 0 1 2 1 2 1)              76.365
16353      (1 0 1 2 1 1 1)              76.364
16354      (0 0 1 2 0 0 1)              76.361
16355      (0 0 1 2 1 1 1)              76.358
16356      (1 0 1 2 1 1 1)              76.357
16357      (0 0 4 3 2 1 1)              76.353
16358      (0 0 1 2 0 0 1)              76.351
16359      (1 0 3 1 2 1 2)              76.349
16360      (1 0 3 1 2 1 2)              76.348
16361      (1 0 1 2 1 1 1)              76.347
16362      (1 0 1 2 1 1 1)              76.345
16363      (0 0 4 5 2 1 1)              76.344
16364      (1 0 1 2 1 2 1)              76.342
16365      (1 0 1 2 1 2 1)              76.340
16366      (0 0 4 5 2 1 1)              76.337
16367      (0 0 4 5 2 1 1)              76.334
16368      (1 0 1 2 1 1 1)              76.333
16369      (1 0 2 3 1 0 1)              76.332
16370      (0 0 4 3 2 1 1)              76.329
16371      (1 0 4 5 2 2 2)              76.328
16372      (1 0 1 2 1 1 1)              76.325
16373      (1 0 3 1 2 1 2)              76.324
16374      (0 0 4 6 1 2 1)              76.324
16375      (0 0 4 2 2 2 1)              76.323
16376      (1 0 1 2 1 1 1)              76.322
16377      (1 0 1 2 1 2 1)              76.321
16378      (1 0 2 3 1 0 1)              76.320
16379      (1 0 1 2 1 2 1)              76.319
16380      (1 0 1 2 1 1 1)              76.318
16381      (1 0 1 2 1 1 1)              76.317
16382      (1 0 1 2 1 0 1)              76.316
16383      (1 0 0 0 1 2 0)              76.317
16384      (1 0 1 2 1 0 1)              76.316
16385      (0 0 4 2 2 2 1)              76.313
16386      (1 0 1 2 1 2 1)              76.312
16387      (1 0 3 1 2 1 2)              76.310
16388      (1 0 0 0 1 2 1)              76.310
16389      (1 0 4 5 2 2 2)              76.309
16390      (1 0 2 3 1 1 1)              76.308
16391      (1 0 1 2 1 1 1)              76.306
16392      (1 0 0 0 1 2 1)              76.305
16393      (1 0 1 2 1 1 1)              76.304
16394      (1 0 2 3 2 2 1)              76.305
16395      (1 0 1 2 2 2 1)              76.305
16396      (1 0 1 2 1 1 1)              76.302
16397      (1 0 1 2 1 2 1)              76.302
16398      (1 0 1 2 0 0 1)              76.301
16399      (1 0 1 2 1 1 1)              76.300
16400      (0 0 4 2 2 2 1)              76.299
16401      (1 0 3 1 0 0 1)              76.297
16402      (0 0 4 6 0 0 1)              76.295
16403      (1 0 1 2 1 2 1)              76.293
16404      (0 0 4 2 2 2 1)              76.292
16405      (1 0 3 1 2 1 2)              76.291
16406      (1 0 1 2 0 0 1)              76.289
16407      (1 0 1 2 1 1 1)              76.288
16408      (1 0 1 2 1 1 1)              76.287
16409      (0 0 4 5 2 1 1)              76.286
16410      (0 0 0 0 1 2 1)              76.285
16411      (1 0 1 2 1 2 1)              76.284
16412      (1 0 1 2 1 1 1)              76.283
16413      (0 0 4 3 2 1 1)              76.280
16414      (1 0 1 2 0 0 1)              76.279
16415      (1 0 3 1 2 1 2)              76.278
16416      (1 0 1 2 1 2 1)              76.276
16417      (1 0 1 2 1 2 1)              76.275
16418      (0 0 2 3 1 2 1)              76.274
16419      (1 0 1 2 1 1 1)              76.272
16420      (1 0 2 3 1 0 1)              76.271
16421      (0 0 4 3 2 1 1)              76.268
16422      (0 0 4 6 1 2 1)              76.266
16423      (1 0 2 3 1 0 1)              76.265
16424      (1 0 2 3 1 0 1)              76.264
16425      (0 0 0 4 1 2 0)              76.262
16426      (1 0 1 2 1 2 1)              76.260
16427      (0 0 2 3 1 2 1)              76.259
16428      (0 0 4 6 1 2 1)              76.257
16429      (1 0 3 1 2 1 2)              76.256
16430      (1 0 3 1 1 0 0)              76.253
16431      (0 0 4 6 2 1 1)              76.251
16432      (1 0 1 2 0 0 0)              76.249
16433      (0 0 1 2 0 0 1)              76.246
16434      (0 0 4 3 2 1 1)              76.243
16435      (1 0 2 3 2 1 1)              76.241
16436      (0 0 4 6 1 1 1)              76.241
16437      (0 0 1 2 1 1 1)              76.239
16438      (1 0 1 2 1 1 1)              76.238
16439      (1 0 1 2 1 2 1)              76.237
16440      (0 0 4 2 2 2 1)              76.235
16441      (1 0 3 1 2 1 2)              76.233
16442      (1 0 1 2 1 1 1)              76.231
16443      (1 0 1 2 1 1 1)              76.231
16444      (1 0 1 2 1 2 1)              76.229
16445      (0 0 4 2 2 2 1)              76.228
16446      (1 0 1 2 1 1 1)              76.225
16447      (1 0 1 2 1 1 1)              76.224
16448      (0 0 2 3 1 2 1)              76.224
16449      (1 0 1 2 0 0 0)              76.222
16450      (0 0 4 3 2 1 1)              76.219
16451      (1 0 1 2 0 0 1)              76.217
16452      (1 0 2 3 1 2 0)              76.216
16453      (1 0 3 1 2 1 2)              76.215
16454      (1 0 1 2 1 1 1)              76.214
16455      (1 0 1 2 1 2 1)              76.214
16456      (0 0 4 2 2 2 1)              76.211
16457      (1 0 3 1 2 1 2)              76.209
16458      (1 0 1 2 1 2 1)              76.208
16459      (1 0 1 2 1 1 1)              76.206
16460      (1 0 1 2 1 1 1)              76.205
16461      (1 0 3 1 2 1 2)              76.203
16462      (1 0 1 2 1 1 1)              76.202
16463      (1 0 3 1 2 1 2)              76.199
16464      (1 0 1 2 1 1 1)              76.198
16465      (0 0 4 3 2 1 1)              76.194
16466      (0 0 4 2 2 2 1)              76.193
16467      (1 0 1 2 0 0 1)              76.191
16468      (1 0 1 2 1 0 1)              76.190
16469      (0 0 4 2 2 2 1)              76.189
16470      (1 0 3 1 2 1 2)              76.188
16471      (0 0 4 5 2 1 1)              76.186
16472      (0 0 0 4 0 1 0)              76.183
16473      (1 0 2 3 1 0 1)              76.182
16474      (0 0 4 2 2 2 1)              76.180
16475      (1 0 1 2 1 1 1)              76.178
16476      (0 0 1 2 0 0 1)              76.175
16477      (1 0 3 1 2 1 2)              76.174
16478      (1 0 1 2 0 0 1)              76.173
16479      (1 0 1 2 1 1 1)              76.171
16480      (0 0 4 6 1 2 1)              76.170
16481      (0 0 4 2 2 2 1)              76.169
16482      (0 0 4 2 2 2 1)              76.168
16483      (0 0 1 2 0 0 1)              76.165
16484      (0 0 1 2 1 1 1)              76.164
16485      (1 0 0 0 1 2 0)              76.163
16486      (1 0 4 5 2 2 2)              76.162
16487      (1 0 2 3 2 1 2)              76.160
16488      (1 0 2 3 1 0 1)              76.159
16489      (0 0 4 6 1 1 1)              76.158
16490      (0 0 1 2 2 2 1)              76.156
16491      (1 0 1 2 0 0 1)              76.155
16492      (1 0 1 2 1 2 1)              76.154
16493      (1 0 3 1 2 1 2)              76.152
16494      (0 0 4 6 2 2 1)              76.151
16495      (1 0 1 2 1 1 1)              76.150
16496      (0 0 4 6 1 2 1)              76.150
16497      (1 0 1 2 1 1 1)              76.149
16498      (1 0 1 2 1 1 1)              76.147
16499      (1 0 1 2 1 2 1)              76.145
16500      (1 0 3 1 2 1 2)              76.144
16501      (1 0 1 2 1 1 1)              76.142
16502      (0 0 4 2 2 2 1)              76.141
16503      (0 0 4 2 2 2 1)              76.140
16504      (1 0 1 2 1 2 1)              76.140
16505      (1 0 1 2 1 2 1)              76.139
16506      (1 0 2 3 1 0 1)              76.138
16507      (0 0 2 3 1 2 1)              76.137
16508      (1 0 1 2 0 0 1)              76.135
16509      (1 0 1 2 1 1 1)              76.133
16510      (1 0 1 2 1 2 1)              76.132
16511      (1 0 3 1 2 1 2)              76.131
16512      (0 0 4 2 1 2 1)              76.130
16513      (1 0 1 2 1 2 1)              76.129
16514      (1 0 1 2 1 1 1)              76.127
16515      (0 0 4 6 1 1 1)              76.127
16516      (0 0 4 5 2 1 1)              76.125
16517      (0 0 1 2 1 2 1)              76.122
16518      (0 0 4 2 2 2 1)              76.121
16519      (1 0 1 2 1 1 1)              76.120
16520      (0 0 1 2 1 1 1)              76.118
16521      (1 0 4 5 2 2 2)              76.117
16522      (1 0 3 1 1 1 1)              76.116
16523      (1 0 0 0 2 2 1)              76.114
16524      (1 0 1 2 1 2 1)              76.113
16525      (1 0 1 2 1 2 1)              76.113
16526      (1 0 1 2 1 1 1)              76.111
16527      (1 0 3 1 2 1 2)              76.110
16528      (0 0 4 6 0 0 1)              76.109
16529      (0 0 4 5 2 1 1)              76.107
16530      (1 0 1 2 2 2 1)              76.105
16531      (0 0 4 2 2 2 1)              76.104
16532      (1 0 3 1 2 1 2)              76.103
16533      (0 0 1 2 1 1 1)              76.100
16534      (1 0 2 3 1 2 0)              76.099
16535      (1 0 1 2 1 1 1)              76.099
16536      (0 0 4 2 2 2 1)              76.098
16537      (0 0 4 3 2 1 1)              76.095
16538      (1 0 2 3 2 1 2)              76.093
16539      (1 0 3 1 2 1 2)              76.092
16540      (0 0 2 3 1 2 1)              76.093
16541      (0 0 4 2 2 2 1)              76.092
16542      (0 0 4 2 2 2 1)              76.090
16543      (0 0 1 2 0 0 1)              76.087
16544      (1 0 2 3 2 1 2)              76.084
16545      (0 0 4 3 2 1 1)              76.080
16546      (1 0 1 2 1 2 1)              76.080
16547      (0 0 1 2 1 1 1)              76.077
16548      (0 0 4 6 1 2 1)              76.076
16549      (1 0 1 2 1 2 1)              76.076
16550      (0 0 0 4 1 2 1)              76.075
16551      (1 0 1 2 1 2 1)              76.074
16552      (1 0 3 1 2 1 2)              76.071
16553      (1 0 2 3 1 1 1)              76.069
16554      (1 0 3 1 2 1 2)              76.067
16555      (0 0 4 2 2 2 1)              76.066
16556      (0 0 4 6 2 2 1)              76.064
16557      (0 0 4 6 1 2 1)              76.063
16558      (1 0 3 1 2 1 2)              76.062
16559      (1 0 3 1 2 1 2)              76.061
16560      (1 0 2 3 2 1 1)              76.059
16561      (0 0 4 2 2 2 1)              76.058
16562      (1 0 1 2 1 2 1)              76.057
16563      (1 0 3 1 2 1 2)              76.055
16564      (1 0 1 2 1 1 1)              76.053
16565      (1 0 2 3 2 1 2)              76.051
16566      (0 0 4 5 2 1 1)              76.049
16567      (1 0 1 2 1 2 1)              76.048
16568      (0 0 4 2 2 2 1)              76.047
16569      (0 0 4 6 0 0 1)              76.046
16570      (1 0 3 1 2 1 2)              76.045
16571      (0 0 4 2 2 2 1)              76.045
16572      (1 0 2 3 1 0 1)              76.044
16573      (1 0 1 2 1 2 1)              76.043
16574      (1 0 1 2 1 2 1)              76.043
16575      (0 0 1 2 1 1 1)              76.040
16576      (0 0 1 2 1 1 1)              76.038
16577      (1 0 1 2 1 1 1)              76.037
16578      (0 0 4 3 2 1 1)              76.033
16579      (0 0 4 2 2 2 1)              76.032
16580      (1 0 2 3 0 0 0)              76.033
16581      (1 0 1 2 1 1 1)              76.031
16582      (1 0 3 1 2 1 2)              76.029
16583      (1 0 2 3 1 0 1)              76.028
16584      (0 0 4 2 2 2 1)              76.028
16585      (0 0 4 2 2 2 1)              76.025
16586      (1 0 2 3 1 0 1)              76.024
16587      (0 0 4 2 2 2 1)              76.022
16588      (0 0 4 5 2 1 1)              76.019
16589      (1 0 1 2 1 1 1)              76.018
16590      (1 0 1 2 1 1 1)              76.017
16591      (0 0 4 2 2 2 1)              76.017
16592      (0 0 4 2 2 2 1)              76.015
16593      (1 0 1 2 1 2 1)              76.015
16594      (1 0 3 1 2 1 2)              76.012
16595      (1 0 1 2 1 1 1)              76.011
16596      (1 0 1 2 1 1 1)              76.010
16597      (0 0 4 2 2 2 1)              76.010
16598      (1 0 1 2 0 0 1)              76.008
16599      (0 0 4 2 2 2 1)              76.005
16600      (1 0 1 2 1 1 1)              76.002
16601      (0 0 4 2 2 2 1)              76.002
16602      (0 0 4 6 1 2 1)              76.001
16603      (1 0 2 3 1 0 1)              76.003
16604      (1 0 1 2 1 2 1)              76.003
16605      (0 1 0 0 2 2 1)              76.001
16606      (0 0 4 3 2 1 1)              75.999
16607      (1 0 3 1 2 1 2)              75.997
16608      (1 0 3 1 2 1 2)              75.995
16609      (1 0 3 1 2 1 2)              75.993
16610      (1 0 1 2 1 1 1)              75.991
16611      (0 0 4 2 2 2 1)              75.990
16612      (0 0 4 5 2 1 1)              75.988
16613      (1 0 1 2 0 0 1)              75.986
16614      (1 0 1 2 1 1 1)              75.985
16615      (1 0 2 3 1 0 1)              75.984
16616      (1 0 2 3 1 0 1)              75.984
16617      (0 0 4 6 1 2 1)              75.984
16618      (0 0 4 6 1 2 1)              75.985
16619      (1 0 4 5 2 2 2)              75.985
16620      (1 0 1 2 1 1 1)              75.984
16621      (0 0 1 2 1 1 1)              75.981
16622      (1 0 3 1 2 1 2)              75.979
16623      (1 0 0 0 2 2 1)              75.979
16624      (1 0 1 2 1 1 1)              75.978
16625      (0 0 1 2 1 1 1)              75.974
16626      (1 0 2 3 1 0 1)              75.974
16627      (1 0 1 2 1 2 1)              75.974
16628      (1 0 2 3 1 2 1)              75.972
16629      (0 0 1 2 1 1 1)              75.970
16630      (1 0 1 2 1 1 1)              75.968
16631      (1 0 1 2 1 1 1)              75.967
16632      (0 0 4 2 2 2 1)              75.966
16633      (1 0 1 2 1 1 1)              75.963
16634      (0 0 4 2 2 2 1)              75.963
16635      (1 0 1 2 1 0 1)              75.961
16636      (0 0 2 3 2 2 2)              75.959
16637      (0 0 1 2 1 1 1)              75.957
16638      (1 0 1 2 1 2 1)              75.955
16639      (0 0 4 6 0 0 1)              75.954
16640      (1 0 3 1 2 1 2)              75.953
16641      (1 0 1 2 1 2 1)              75.953
16642      (1 0 1 2 1 1 1)              75.952
16643      (1 0 3 1 2 1 2)              75.951
16644      (1 0 2 3 1 2 1)              75.950
16645      (0 0 2 3 1 1 1)              75.947
16646      (1 0 1 2 0 0 1)              75.946
16647      (0 0 4 6 0 0 1)              75.944
16648      (1 0 1 2 1 1 1)              75.941
16649      (1 0 1 2 1 1 1)              75.940
16650      (0 0 4 2 2 2 1)              75.938
16651      (1 0 1 2 1 2 1)              75.937
16652      (1 0 2 3 2 1 2)              75.935
16653      (0 0 0 4 0 1 0)              75.933
16654      (1 0 2 3 0 0 0)              75.932
16655      (1 0 2 3 1 0 1)              75.931
16656      (1 0 2 3 1 0 1)              75.930
16657      (1 0 2 3 1 0 1)              75.930
16658      (0 0 1 2 1 1 1)              75.928
16659      (1 0 0 0 1 2 0)              75.927
16660      (1 0 2 3 1 2 0)              75.925
16661      (1 0 1 2 1 2 1)              75.923
16662      (0 0 4 3 1 1 1)              75.921
16663      (0 0 1 2 0 0 1)              75.918
16664      (1 0 1 2 1 2 1)              75.915
16665      (0 0 4 2 2 2 1)              75.913
16666      (1 0 0 0 1 2 0)              75.913
16667      (1 0 0 0 1 2 1)              75.911
16668      (1 0 1 2 1 2 1)              75.911
16669      (1 0 1 2 0 0 0)              75.909
16670      (1 0 1 2 1 2 1)              75.907
16671      (1 0 1 2 1 1 1)              75.906
16672      (1 0 1 2 1 1 1)              75.905
16673      (1 0 3 1 2 1 2)              75.904
16674      (1 0 3 1 2 1 2)              75.903
16675      (1 0 1 2 1 2 1)              75.902
16676      (1 0 3 1 2 1 2)              75.900
16677      (1 0 3 1 2 1 2)              75.898
16678      (1 0 3 1 2 1 2)              75.897
16679      (1 0 1 2 1 1 1)              75.894
16680      (0 0 4 2 2 2 1)              75.893
16681      (0 0 4 3 2 1 1)              75.890
16682      (1 0 1 2 1 1 1)              75.889
16683      (1 0 3 1 2 1 2)              75.886
16684      (1 0 3 1 2 1 2)              75.885
16685      (0 0 1 2 1 1 1)              75.882
16686      (1 0 1 2 1 2 1)              75.881
16687      (0 0 1 2 0 0 1)              75.878
16688      (1 0 1 2 1 1 1)              75.877
16689      (1 0 1 2 1 1 1)              75.876
16690      (1 0 1 2 0 0 1)              75.874
16691      (0 0 1 2 0 0 1)              75.871
16692      (0 0 4 5 2 1 1)              75.868
16693      (0 0 4 2 2 2 1)              75.867
16694      (0 0 4 2 2 2 1)              75.866
16695      (0 0 2 3 1 2 1)              75.866
16696      (1 0 2 3 2 2 1)              75.864
16697      (1 0 1 2 0 0 1)              75.863
16698      (0 0 1 2 0 0 1)              75.860
16699      (1 0 1 2 1 1 1)              75.857
16700      (1 0 1 2 1 1 1)              75.855
16701      (1 0 1 2 1 1 1)              75.854
16702      (0 0 2 3 1 2 1)              75.852
16703      (1 0 1 2 1 1 1)              75.850
16704      (1 0 1 2 1 2 1)              75.849
16705      (1 0 2 3 1 0 1)              75.849
16706      (1 0 2 3 1 1 1)              75.847
16707      (0 0 4 2 2 2 1)              75.845
16708      (0 0 4 2 2 2 1)              75.845
16709      (1 0 1 2 1 1 1)              75.843
16710      (1 0 1 2 1 1 1)              75.843
16711      (0 0 1 2 1 1 1)              75.841
16712      (1 0 3 1 2 1 2)              75.838
16713      (1 0 2 3 1 2 0)              75.837
16714      (0 0 4 2 2 2 1)              75.836
16715      (1 0 1 2 1 1 1)              75.834
16716      (0 0 4 2 2 2 1)              75.833
16717      (1 0 1 2 1 1 1)              75.832
16718      (0 0 2 3 1 2 1)              75.830
16719      (0 0 2 3 1 2 1)              75.828
16720      (0 0 4 2 2 2 1)              75.827
16721      (1 0 2 3 1 0 1)              75.829
16722      (0 0 1 2 1 2 1)              75.826
16723      (1 0 2 3 1 0 1)              75.825
16724      (1 0 3 1 2 1 2)              75.823
16725      (0 0 4 6 1 1 1)              75.822
16726      (1 0 1 2 0 0 1)              75.821
16727      (0 0 4 2 1 2 1)              75.820
16728      (0 0 4 2 2 2 1)              75.819
16729      (1 0 0 0 2 2 1)              75.819
16730      (1 0 3 1 2 1 2)              75.816
16731      (1 0 2 3 1 2 0)              75.815
16732      (1 0 1 2 1 1 1)              75.814
16733      (1 0 1 2 1 2 1)              75.813
16734      (0 0 1 2 1 1 1)              75.811
16735      (0 1 0 0 2 2 1)              75.809
16736      (1 0 1 2 1 1 1)              75.809
16737      (1 0 1 2 1 2 1)              75.808
16738      (1 0 1 2 1 2 1)              75.807
16739      (0 0 4 2 2 2 1)              75.806
16740      (1 0 2 3 1 2 1)              75.806
16741      (1 0 3 1 2 1 2)              75.803
16742      (1 0 2 3 1 0 1)              75.802
16743      (0 0 4 3 1 1 1)              75.799
16744      (1 0 2 3 1 2 0)              75.798
16745      (0 0 1 2 2 2 1)              75.794
16746      (1 0 0 0 1 0 1)              75.795
16747      (0 0 4 2 2 2 1)              75.793
16748      (0 0 4 2 2 2 1)              75.792
16749      (1 0 3 1 2 1 2)              75.790
16750      (0 0 4 2 2 2 1)              75.788
16751      (1 0 3 1 2 1 2)              75.786
16752      (1 0 1 2 1 1 1)              75.784
16753      (1 0 1 2 1 1 1)              75.782
16754      (1 0 1 2 0 0 0)              75.780
16755      (0 0 1 2 0 0 1)              75.778
16756      (1 0 1 2 1 1 1)              75.777
16757      (1 0 2 3 2 1 2)              75.777
16758      (1 0 1 2 1 1 1)              75.776
16759      (1 0 1 2 1 1 1)              75.773
16760      (1 0 1 2 1 2 1)              75.770
16761      (1 0 1 2 1 1 1)              75.769
16762      (0 0 4 2 2 2 1)              75.768
16763      (1 0 3 1 2 1 2)              75.767
16764      (0 0 1 2 1 1 1)              75.765
16765      (1 0 1 2 1 2 1)              75.765
16766      (1 0 3 1 2 1 2)              75.764
16767      (1 0 3 1 2 1 2)              75.763
16768      (1 0 1 2 1 2 1)              75.761
16769      (0 0 4 2 2 2 1)              75.759
16770      (0 0 1 2 1 1 1)              75.757
16771      (0 0 1 2 1 1 1)              75.755
16772      (0 0 4 2 2 2 1)              75.754
16773      (1 0 3 1 2 1 2)              75.753
16774      (1 0 1 2 1 2 1)              75.751
16775      (1 0 4 5 2 2 2)              75.750
16776      (1 0 2 3 1 1 1)              75.748
16777      (1 0 2 3 1 0 1)              75.750
16778      (1 0 3 1 2 1 2)              75.748
16779      (0 0 4 2 2 2 1)              75.748
16780      (0 0 4 2 2 2 1)              75.746
16781      (1 0 1 2 1 1 1)              75.745
16782      (1 0 2 3 1 0 1)              75.744
16783      (0 0 4 6 1 2 1)              75.744
16784      (1 0 3 1 2 1 2)              75.742
16785      (1 0 2 3 2 1 2)              75.740
16786      (0 0 2 3 2 0 2)              75.740
16787      (1 0 1 2 1 2 1)              75.740
16788      (1 0 1 2 1 1 1)              75.738
16789      (1 0 3 1 2 1 2)              75.737
16790      (0 0 1 2 0 0 1)              75.735
16791      (1 0 1 2 1 2 1)              75.734
16792      (0 0 1 2 1 1 1)              75.732
16793      (1 0 1 2 1 2 1)              75.732
16794      (1 0 1 2 1 2 1)              75.732
16795      (0 0 4 3 2 1 1)              75.729
16796      (1 0 1 2 1 2 1)              75.729
16797      (1 0 2 3 2 1 2)              75.727
16798      (0 0 2 3 1 1 1)              75.724
16799      (0 0 4 5 2 1 1)              75.722
16800      (1 0 1 2 1 1 1)              75.720
16801      (1 0 3 1 2 1 2)              75.719
16802      (1 0 1 2 1 2 1)              75.718
16803      (0 0 4 2 2 2 1)              75.717
16804      (1 0 1 2 1 2 1)              75.716
16805      (0 0 0 4 1 2 1)              75.715
16806      (1 0 3 1 2 1 2)              75.713
16807      (1 0 2 3 1 0 1)              75.712
16808      (1 0 1 2 1 1 1)              75.710
16809      (0 0 1 2 0 0 1)              75.708
16810      (0 0 1 2 0 0 1)              75.706
16811      (0 0 4 3 2 1 1)              75.703
16812      (1 0 1 2 0 0 1)              75.701
16813      (1 0 3 1 2 1 2)              75.700
16814      (0 0 4 6 1 2 1)              75.699
16815      (1 0 2 3 1 0 1)              75.699
16816      (0 0 4 2 2 2 1)              75.698
16817      (1 0 1 2 0 0 0)              75.695
16818      (0 0 1 2 1 1 1)              75.693
16819      (1 0 3 1 2 1 2)              75.691
16820      (1 0 0 0 2 2 1)              75.690
16821      (0 0 4 2 2 2 1)              75.688
16822      (1 0 1 2 1 1 1)              75.686
16823      (1 0 2 3 2 1 2)              75.684
16824      (1 0 0 0 2 2 1)              75.681
16825      (1 0 2 3 2 1 2)              75.679
16826      (0 0 4 6 1 2 1)              75.679
16827      (1 0 1 2 1 1 1)              75.677
16828      (1 0 2 3 1 0 1)              75.677
16829      (0 0 4 2 2 2 1)              75.677
16830      (1 0 2 3 1 0 1)              75.676
16831      (1 0 1 2 1 1 1)              75.675
16832      (1 0 1 2 2 2 1)              75.675
16833      (0 0 4 2 2 2 1)              75.674
16834      (0 0 4 2 2 2 1)              75.674
16835      (1 0 1 2 1 2 1)              75.674
16836      (1 0 2 3 2 1 2)              75.672
16837      (0 0 4 2 2 2 1)              75.672
16838      (1 0 1 2 1 1 1)              75.670
16839      (0 0 4 6 0 0 1)              75.669
16840      (1 0 1 2 1 1 1)              75.668
16841      (1 0 2 3 1 2 1)              75.668
16842      (1 0 1 2 1 1 1)              75.667
16843      (1 0 1 2 1 0 1)              75.666
16844      (1 0 0 0 0 1 1)              75.665
16845      (1 0 2 3 1 0 1)              75.664
16846      (1 0 1 2 1 1 1)              75.662
16847      (1 0 2 3 2 1 2)              75.660
16848      (1 0 1 2 1 1 1)              75.659
16849      (0 0 4 5 2 1 1)              75.657
16850      (1 0 0 0 1 2 0)              75.656
16851      (1 0 2 3 1 0 1)              75.655
16852      (0 0 4 2 2 2 1)              75.654
16853      (1 0 1 2 1 1 1)              75.652
16854      (1 0 1 2 0 0 0)              75.650
16855      (1 0 0 0 1 2 1)              75.650
16856      (0 0 4 2 2 2 1)              75.649
16857      (1 0 1 2 1 1 1)              75.647
16858      (0 0 4 3 2 1 1)              75.643
16859      (1 0 1 2 1 1 1)              75.642
16860      (0 0 4 6 1 2 1)              75.642
16861      (1 0 2 3 2 1 2)              75.640
16862      (0 0 4 6 0 0 1)              75.638
16863      (1 0 1 2 1 0 1)              75.637
16864      (1 0 1 2 0 0 1)              75.635
16865      (1 0 1 2 1 1 1)              75.634
16866      (1 0 1 2 1 2 1)              75.633
16867      (0 0 4 5 2 1 1)              75.630
16868      (1 0 3 1 2 1 2)              75.629
16869      (0 0 1 2 1 1 1)              75.625
16870      (0 0 4 6 1 1 1)              75.624
16871      (1 0 1 2 1 1 1)              75.621
16872      (1 0 1 2 1 2 1)              75.620
16873      (0 0 4 2 2 2 1)              75.618
16874      (1 0 2 3 2 1 2)              75.616
16875      (0 0 4 2 2 2 1)              75.614
16876      (0 0 2 3 2 0 2)              75.613
16877      (0 0 4 2 2 2 1)              75.611
16878      (1 0 1 2 1 2 1)              75.611
16879      (0 0 4 3 2 1 1)              75.608
16880      (1 0 3 1 2 1 2)              75.606
16881      (1 0 1 2 1 2 1)              75.605
16882      (1 0 2 3 1 0 1)              75.604
16883      (1 0 3 1 2 1 2)              75.603
16884      (0 0 2 3 1 2 1)              75.602
16885      (0 0 4 2 2 2 1)              75.600
16886      (0 0 4 2 2 2 1)              75.600
16887      (0 0 4 2 2 2 1)              75.599
16888      (1 0 2 3 2 1 1)              75.598
16889      (1 0 1 2 1 1 1)              75.597
16890      (0 0 4 6 1 2 1)              75.596
16891      (1 0 3 1 2 1 2)              75.594
16892      (1 0 1 2 1 2 1)              75.594
16893      (1 0 2 3 0 0 0)              75.594
16894      (1 0 4 5 2 2 2)              75.594
16895      (1 0 1 2 1 2 1)              75.592
16896      (0 0 4 2 1 2 1)              75.590
16897      (0 0 4 2 1 1 1)              75.589
16898      (1 0 2 3 1 0 1)              75.588
16899      (1 0 1 2 1 1 1)              75.587
16900      (0 0 4 2 2 2 1)              75.585
16901      (1 0 1 2 1 1 1)              75.583
16902      (1 0 2 3 2 1 2)              75.584
16903      (1 0 2 3 2 1 2)              75.582
16904      (1 0 1 2 1 2 1)              75.582
16905      (1 0 3 1 2 1 2)              75.580
16906      (1 0 1 2 0 0 1)              75.578
16907      (1 0 2 3 2 2 1)              75.579
16908      (1 0 1 2 1 2 1)              75.577
16909      (1 0 1 2 1 1 1)              75.576
16910      (1 0 1 2 1 1 1)              75.573
16911      (1 0 1 2 1 2 1)              75.573
16912      (1 0 0 0 2 2 1)              75.572
16913      (0 0 1 2 1 1 1)              75.570
16914      (0 0 4 2 2 2 1)              75.568
16915      (1 0 1 2 1 1 1)              75.567
16916      (1 0 1 2 0 0 1)              75.565
16917      (0 0 4 2 2 2 1)              75.564
16918      (1 0 1 2 1 1 1)              75.563
16919      (1 0 3 1 2 1 2)              75.562
16920      (1 0 2 3 1 2 1)              75.562
16921      (1 0 1 2 0 0 0)              75.559
16922      (0 0 4 2 2 2 1)              75.558
16923      (1 0 2 3 1 0 1)              75.557
16924      (1 0 1 2 1 1 1)              75.556
16925      (0 0 4 3 2 1 1)              75.553
16926      (1 0 1 2 1 2 1)              75.552
16927      (0 0 4 2 2 2 1)              75.551
16928      (1 0 1 2 1 1 1)              75.550
16929      (1 0 3 1 2 1 2)              75.547
16930      (1 0 1 2 1 1 1)              75.546
16931      (0 0 2 3 1 2 1)              75.544
16932      (1 0 1 2 1 2 1)              75.544
16933      (0 0 4 2 2 2 1)              75.541
16934      (1 0 1 2 1 1 1)              75.540
16935      (1 0 3 1 2 1 2)              75.539
16936      (1 0 1 2 1 1 1)              75.537
16937      (1 0 2 3 1 2 1)              75.537
16938      (1 0 0 0 1 0 1)              75.537
16939      (1 0 1 2 1 2 1)              75.537
16940      (0 0 1 2 1 1 1)              75.535
16941      (1 0 2 3 1 0 1)              75.534
16942      (1 0 3 1 2 1 2)              75.533
16943      (0 0 4 6 1 2 1)              75.533
16944      (1 0 1 2 1 1 1)              75.532
16945      (1 0 1 2 1 1 1)              75.530
16946      (1 0 3 1 2 1 2)              75.529
16947      (0 0 1 2 0 0 1)              75.527
16948      (1 0 1 2 1 1 1)              75.526
16949      (0 0 4 5 2 1 1)              75.524
16950      (1 0 1 2 1 1 1)              75.523
16951      (0 0 2 3 1 2 1)              75.521
16952      (0 0 4 3 1 1 1)              75.520
16953      (1 0 1 2 1 1 1)              75.519
16954      (0 0 2 3 1 1 1)              75.520
16955      (1 0 4 5 2 2 2)              75.520
16956      (1 0 0 0 2 2 1)              75.519
16957      (1 0 1 2 1 2 1)              75.518
16958      (0 0 4 2 2 2 1)              75.517
16959      (1 0 1 2 1 2 1)              75.515
16960      (1 0 1 2 0 0 1)              75.513
16961      (1 0 3 1 2 1 2)              75.512
16962      (0 0 4 5 2 1 1)              75.509
16963      (0 0 4 2 2 2 1)              75.508
16964      (1 0 3 1 2 1 2)              75.506
16965      (1 0 3 1 2 1 2)              75.505
16966      (1 0 2 3 1 0 1)              75.503
16967      (1 0 0 0 0 0 0)              75.503
16968      (0 0 1 2 1 1 1)              75.501
16969      (0 0 4 2 2 2 1)              75.500
16970      (0 0 1 2 1 1 1)              75.498
16971      (1 0 1 2 1 1 1)              75.496
16972      (1 0 2 3 1 0 1)              75.494
16973      (1 0 1 2 1 1 1)              75.492
16974      (0 0 2 3 1 2 1)              75.489
16975      (1 0 1 2 1 1 1)              75.488
16976      (1 0 3 1 2 1 2)              75.487
16977      (0 0 1 2 0 0 1)              75.484
16978      (1 0 1 2 1 1 1)              75.483
16979      (1 0 1 2 0 0 1)              75.481
16980      (1 0 1 2 1 2 1)              75.480
16981      (1 0 4 5 2 2 2)              75.479
16982      (0 0 2 3 1 1 1)              75.476
16983      (1 0 1 2 0 0 1)              75.474
16984      (0 1 0 0 2 2 1)              75.473
16985      (0 0 4 2 2 2 1)              75.472
16986      (1 0 1 2 1 1 1)              75.471
16987      (0 0 4 2 2 2 1)              75.471
16988      (1 0 1 2 1 1 1)              75.468
16989      (0 0 4 2 2 2 1)              75.466
16990      (0 0 1 2 1 1 0)              75.462
16991      (0 0 4 2 2 2 1)              75.461
16992      (1 0 1 2 0 0 1)              75.460
16993      (1 0 3 1 2 1 2)              75.459
16994      (1 0 2 3 1 0 1)              75.458
16995      (1 0 1 2 1 2 1)              75.457
16996      (1 0 0 0 2 2 1)              75.454
16997      (0 0 2 3 1 2 1)              75.454
16998      (1 0 1 2 1 1 1)              75.452
16999      (1 0 1 2 0 0 0)              75.449
17000      (1 0 1 2 1 2 1)              75.449
17001      (1 0 2 3 1 0 1)              75.448
17002      (1 0 2 3 1 2 1)              75.448
17003      (0 0 2 3 1 2 1)              75.447
17004      (1 0 1 2 0 0 1)              75.446
17005      (0 0 2 3 2 2 2)              75.443
17006      (1 0 1 2 1 1 1)              75.442
17007      (0 0 4 2 2 2 1)              75.441
17008      (1 0 3 1 2 1 2)              75.440
17009      (0 0 1 2 1 1 1)              75.438
17010      (1 0 3 1 2 1 2)              75.436
17011      (1 0 2 3 2 2 1)              75.436
17012      (0 0 1 2 1 1 1)              75.434
17013      (1 0 1 2 1 1 1)              75.433
17014      (0 0 4 2 2 2 1)              75.432
17015      (1 0 2 3 1 2 0)              75.431
17016      (0 0 4 2 2 2 1)              75.428
17017      (0 0 4 3 2 1 1)              75.426
17018      (0 0 4 2 2 2 1)              75.424
17019      (0 0 4 2 2 2 1)              75.423
17020      (1 0 0 0 1 2 0)              75.422
17021      (1 0 1 2 1 1 1)              75.421
17022      (1 0 3 1 2 1 2)              75.419
17023      (0 0 4 3 2 1 1)              75.416
17024      (1 0 1 2 1 1 1)              75.416
17025      (1 0 2 3 1 0 1)              75.415
17026      (1 0 1 2 1 1 1)              75.413
17027      (1 0 1 2 1 2 1)              75.412
17028      (1 0 1 2 1 2 1)              75.411
17029      (1 0 1 2 1 2 1)              75.411
17030      (0 0 4 5 2 1 1)              75.410
17031      (1 0 1 2 1 1 1)              75.408
17032      (1 0 1 2 1 2 1)              75.408
17033      (0 0 4 2 2 2 1)              75.407
17034      (1 0 1 2 1 1 1)              75.405
17035      (0 0 4 2 2 2 1)              75.403
17036      (0 0 4 2 2 2 1)              75.402
17037      (0 0 2 3 1 2 1)              75.401
17038      (1 0 2 3 1 1 1)              75.400
17039      (1 0 1 2 1 1 1)              75.399
17040      (1 0 1 2 1 1 1)              75.398
17041      (1 0 2 3 2 1 2)              75.396
17042      (1 0 3 1 2 1 2)              75.395
17043      (1 0 1 2 1 1 1)              75.392
17044      (1 0 1 2 1 1 1)              75.391
17045      (1 0 1 2 1 1 1)              75.388
17046      (1 0 1 2 1 2 1)              75.388
17047      (1 0 1 2 1 1 1)              75.387
17048      (1 0 0 0 1 1 1)              75.386
17049      (1 0 1 2 1 2 1)              75.385
17050      (1 0 4 5 2 2 2)              75.384
17051      (0 0 4 2 2 2 1)              75.383
17052      (0 0 4 2 2 2 1)              75.382
17053      (0 0 4 5 0 0 1)              75.381
17054      (0 0 1 2 0 0 1)              75.379
17055      (1 0 3 1 2 1 2)              75.377
17056      (1 0 1 2 1 2 1)              75.377
17057      (1 0 4 5 2 2 2)              75.376
17058      (0 0 4 3 2 1 1)              75.373
17059      (1 0 1 2 1 2 1)              75.373
17060      (1 0 1 2 1 2 1)              75.373
17061      (1 0 2 3 2 1 2)              75.373
17062      (1 0 2 3 2 1 2)              75.371
17063      (0 0 4 3 1 1 1)              75.370
17064      (0 0 4 2 2 2 1)              75.369
17065      (1 0 1 2 1 1 1)              75.367
17066      (1 0 1 2 1 1 1)              75.366
17067      (1 0 1 2 1 1 1)              75.365
17068      (0 0 0 4 2 2 1)              75.364
17069      (1 0 1 2 1 1 1)              75.364
17070      (0 0 4 3 2 1 1)              75.362
17071      (0 0 4 2 2 2 1)              75.362
17072      (1 0 3 1 2 1 2)              75.361
17073      (1 0 3 1 2 1 2)              75.360
17074      (1 0 3 1 2 1 2)              75.359
17075      (1 0 2 3 1 2 1)              75.358
17076      (0 0 4 2 2 2 1)              75.357
17077      (1 0 4 5 2 2 2)              75.357
17078      (1 0 1 2 1 1 1)              75.356
17079      (0 0 4 5 2 1 1)              75.354
17080      (0 0 4 3 2 1 1)              75.351
17081      (1 0 1 2 0 0 1)              75.350
17082      (1 0 1 2 1 0 1)              75.349
17083      (0 0 4 5 2 1 1)              75.347
17084      (1 0 1 2 1 1 1)              75.346
17085      (1 0 1 2 1 1 1)              75.344
17086      (1 0 1 2 1 1 1)              75.343
17087      (1 0 1 2 1 1 1)              75.342
17088      (1 0 1 2 1 1 1)              75.340
17089      (1 0 0 0 1 1 1)              75.339
17090      (0 0 4 2 2 2 1)              75.337
17091      (1 0 1 2 1 2 1)              75.336
17092      (0 0 4 2 2 2 1)              75.335
17093      (0 0 4 2 2 2 1)              75.334
17094      (1 0 1 2 1 1 1)              75.332
17095      (1 0 2 3 1 0 1)              75.331
17096      (1 0 2 3 2 2 1)              75.329
17097      (0 0 4 2 2 2 1)              75.329
17098      (1 0 2 3 1 2 1)              75.329
17099      (0 0 4 6 1 2 1)              75.327
17100      (0 0 4 2 2 2 1)              75.326
17101      (0 0 1 2 2 1 2)              75.323
17102      (1 0 3 1 2 1 2)              75.322
17103      (0 0 4 2 2 2 1)              75.322
17104      (1 0 1 2 1 1 1)              75.319
17105      (0 0 4 2 1 1 1)              75.318
17106      (1 0 2 3 2 1 2)              75.316
17107      (1 0 3 1 2 1 2)              75.315
17108      (0 0 4 3 2 1 1)              75.312
17109      (0 0 0 4 1 2 1)              75.313
17110      (0 0 4 6 1 2 1)              75.312
17111      (1 0 1 2 1 1 1)              75.311
17112      (0 0 4 6 0 0 1)              75.308
17113      (1 0 1 2 1 1 1)              75.306
17114      (0 0 1 2 0 0 1)              75.303
17115      (1 0 1 2 1 2 1)              75.302
17116      (1 0 1 2 1 1 1)              75.301
17117      (1 0 3 1 2 1 2)              75.300
17118      (0 0 4 5 2 1 1)              75.299
17119      (1 0 1 2 1 2 1)              75.298
17120      (0 0 1 2 0 0 1)              75.295
17121      (0 0 4 2 2 2 1)              75.294
17122      (1 0 2 3 1 2 1)              75.294
17123      (1 0 1 2 1 1 1)              75.293
17124      (0 0 0 4 1 2 0)              75.291
17125      (1 0 3 1 2 1 2)              75.290
17126      (0 0 1 2 1 1 1)              75.288
17127      (1 0 2 3 2 1 2)              75.285
17128      (0 0 4 2 2 2 1)              75.284
17129      (1 0 1 2 0 0 0)              75.283
17130      (0 0 1 2 1 1 1)              75.281
17131      (1 0 1 2 1 1 1)              75.280
17132      (1 0 1 2 1 2 1)              75.279
17133      (1 0 1 2 1 2 1)              75.277
17134      (1 0 3 1 2 1 2)              75.274
17135      (0 0 4 2 2 2 1)              75.274
17136      (1 0 1 2 1 2 1)              75.272
17137      (0 0 4 2 2 2 1)              75.271
17138      (0 0 1 2 1 1 1)              75.269
17139      (1 0 3 1 2 1 2)              75.268
17140      (0 0 4 2 2 2 1)              75.265
17141      (0 0 4 2 2 2 1)              75.264
17142      (1 0 1 2 1 2 1)              75.263
17143      (1 0 1 2 1 1 1)              75.261
17144      (1 0 3 1 2 1 2)              75.260
17145      (1 0 1 2 1 2 1)              75.259
17146      (1 0 1 2 1 1 1)              75.256
17147      (1 0 1 2 1 1 1)              75.254
17148      (0 0 4 2 2 2 1)              75.253
17149      (1 0 2 3 2 2 1)              75.254
17150      (1 0 3 1 2 1 2)              75.253
17151      (0 0 4 3 2 1 1)              75.251
17152      (1 0 3 1 2 1 2)              75.248
17153      (0 0 4 2 2 2 1)              75.247
17154      (1 0 1 2 1 1 1)              75.246
17155      (1 0 1 2 1 1 1)              75.244
17156      (0 0 4 5 2 1 1)              75.241
17157      (1 0 2 3 1 0 1)              75.241
17158      (0 0 4 3 2 1 1)              75.238
17159      (0 0 4 2 2 2 1)              75.237
17160      (1 0 0 0 1 0 1)              75.238
17161      (1 0 1 2 1 2 1)              75.235
17162      (0 0 4 2 2 2 1)              75.233
17163      (1 0 4 5 2 2 2)              75.233
17164      (0 0 4 6 1 2 1)              75.233
17165      (0 0 4 2 2 2 1)              75.232
17166      (0 0 4 2 2 2 1)              75.231
17167      (1 0 2 3 1 0 1)              75.230
17168      (1 0 1 2 1 2 1)              75.229
17169      (0 0 4 2 2 2 1)              75.227
17170      (1 0 2 3 1 2 1)              75.225
17171      (1 0 1 2 1 1 1)              75.223
17172      (1 0 1 2 1 1 1)              75.222
17173      (0 0 4 2 2 2 1)              75.220
17174      (0 0 4 3 2 1 1)              75.217
17175      (1 0 1 2 1 1 1)              75.216
17176      (1 0 2 3 1 1 1)              75.215
17177      (0 0 4 2 2 2 1)              75.214
17178      (1 0 1 2 1 2 1)              75.214
17179      (0 0 4 2 2 2 1)              75.213
17180      (1 0 2 3 1 0 1)              75.213
17181      (0 0 4 2 2 2 1)              75.213
17182      (1 0 3 1 2 1 2)              75.211
17183      (1 0 1 2 0 0 1)              75.209
17184      (1 0 2 3 1 0 1)              75.207
17185      (1 0 1 2 0 0 0)              75.204
17186      (0 0 4 2 2 2 1)              75.203
17187      (1 0 1 2 1 1 1)              75.202
17188      (1 0 1 2 1 2 1)              75.200
17189      (0 0 2 3 1 2 1)              75.197
17190      (0 0 1 2 1 1 1)              75.196
17191      (1 0 1 2 1 0 1)              75.195
17192      (1 0 1 2 1 1 1)              75.193
17193      (1 0 3 1 2 1 2)              75.192
17194      (1 0 1 2 1 2 1)              75.191
17195      (1 0 1 2 1 2 1)              75.190
17196      (1 0 1 2 1 2 1)              75.188
17197      (0 0 4 2 2 2 1)              75.188
17198      (0 0 4 2 2 2 1)              75.186
17199      (0 0 4 6 1 2 1)              75.184
17200      (1 0 1 2 2 2 1)              75.184
17201      (1 0 3 1 2 1 2)              75.183
17202      (1 0 1 2 1 1 1)              75.183
17203      (1 0 4 5 2 2 2)              75.182
17204      (1 0 1 2 1 1 1)              75.181
17205      (0 0 4 2 2 2 1)              75.180
17206      (0 0 4 5 2 1 1)              75.179
17207      (1 0 3 1 2 1 2)              75.177
17208      (0 0 2 3 1 2 1)              75.175
17209      (1 0 1 2 1 2 1)              75.175
17210      (1 0 2 3 1 2 1)              75.174
17211      (1 0 1 2 1 1 1)              75.173
17212      (0 0 4 2 2 2 1)              75.172
17213      (0 0 4 2 2 2 1)              75.171
17214      (1 0 1 2 1 2 1)              75.170
17215      (1 0 3 1 2 1 2)              75.168
17216      (1 0 0 0 2 2 1)              75.168
17217      (1 0 1 2 1 2 1)              75.167
17218      (0 0 4 2 2 2 1)              75.166
17219      (0 0 4 2 2 2 1)              75.165
17220      (0 0 4 2 2 2 1)              75.164
17221      (1 0 2 3 1 2 1)              75.166
17222      (1 0 2 3 1 2 0)              75.164
17223      (0 0 4 2 2 2 1)              75.163
17224      (1 0 2 3 1 2 1)              75.162
17225      (1 0 2 3 1 0 1)              75.162
17226      (1 0 3 1 2 1 2)              75.161
17227      (0 0 4 2 2 2 1)              75.159
17228      (1 0 1 2 1 2 1)              75.159
17229      (1 0 4 5 2 2 2)              75.159
17230      (0 0 4 6 0 0 1)              75.158
17231      (1 0 1 2 1 1 1)              75.157
17232      (1 0 1 2 1 2 1)              75.157
17233      (0 0 0 4 0 1 0)              75.155
17234      (1 0 1 2 1 1 1)              75.152
17235      (1 0 1 2 1 2 1)              75.150
17236      (1 0 1 2 1 2 1)              75.148
17237      (1 0 1 2 0 0 0)              75.146
17238      (1 0 1 2 1 0 1)              75.145
17239      (1 0 0 0 1 0 1)              75.146
17240      (1 0 1 2 1 2 1)              75.146
17241      (1 0 2 3 1 2 0)              75.145
17242      (0 0 4 2 2 2 1)              75.144
17243      (1 0 1 2 1 2 1)              75.143
17244      (0 0 4 3 2 1 1)              75.140
17245      (1 0 2 3 1 0 1)              75.139
17246      (1 0 1 2 1 1 1)              75.136
17247      (1 0 3 1 2 1 2)              75.135
17248      (1 0 2 3 0 0 0)              75.135
17249      (1 0 2 3 1 1 1)              75.134
17250      (1 0 1 2 1 2 1)              75.133
17251      (0 0 4 5 2 1 1)              75.130
17252      (1 0 1 2 1 2 1)              75.130
17253      (0 0 4 5 2 1 1)              75.127
17254      (0 0 2 3 2 2 0)              75.125
17255      (0 0 4 6 1 2 1)              75.123
17256      (1 0 1 2 1 1 1)              75.121
17257      (0 0 4 2 2 2 1)              75.120
17258      (1 0 1 2 1 1 1)              75.119
17259      (0 0 4 6 0 0 1)              75.118
17260      (1 0 4 5 2 2 2)              75.117
17261      (1 0 2 3 1 0 1)              75.116
17262      (1 0 1 2 1 1 1)              75.115
17263      (1 0 1 2 1 2 1)              75.114
17264      (1 0 4 5 2 2 2)              75.114
17265      (0 0 4 2 2 2 1)              75.114
17266      (0 0 4 2 2 2 1)              75.113
17267      (0 0 4 5 2 1 1)              75.110
17268      (0 0 1 2 1 1 1)              75.108
17269      (0 0 4 5 2 1 1)              75.105
17270      (1 0 1 2 1 2 1)              75.105
17271      (1 0 1 2 1 1 1)              75.104
17272      (0 0 4 2 2 2 1)              75.103
17273      (0 0 4 6 1 2 1)              75.103
17274      (1 0 1 2 1 2 1)              75.103
17275      (1 0 1 2 1 1 1)              75.102
17276      (1 0 1 2 0 0 1)              75.101
17277      (1 0 3 1 2 1 2)              75.098
17278      (0 0 4 3 2 1 1)              75.094
17279      (1 0 2 3 1 0 1)              75.093
17280      (1 0 1 2 1 1 1)              75.092
17281      (1 0 2 3 2 2 1)              75.090
17282      (0 0 4 2 2 2 1)              75.088
17283      (1 0 0 0 1 0 1)              75.088
17284      (1 0 1 2 1 1 1)              75.087
17285      (1 0 3 1 2 1 2)              75.085
17286      (1 0 1 2 1 1 1)              75.084
17287      (0 0 4 2 2 2 1)              75.083
17288      (1 0 1 2 1 1 1)              75.080
17289      (1 0 4 5 2 2 2)              75.080
17290      (0 0 4 2 2 2 1)              75.079
17291      (1 0 1 2 1 1 1)              75.077
17292      (1 0 3 1 2 1 2)              75.076
17293      (0 1 4 6 0 0 1)              75.074
17294      (1 0 4 5 2 2 2)              75.074
17295      (1 0 3 1 2 1 2)              75.072
17296      (1 0 1 2 0 0 0)              75.069
17297      (1 0 0 0 1 2 0)              75.069
17298      (1 0 2 3 1 0 1)              75.068
17299      (0 0 1 2 0 0 1)              75.066
17300      (1 0 1 2 1 1 1)              75.066
17301      (1 0 1 2 1 1 1)              75.065
17302      (0 0 4 2 2 2 1)              75.064
17303      (0 0 4 2 2 2 1)              75.063
17304      (1 0 1 2 1 1 1)              75.062
17305      (1 0 1 2 1 1 1)              75.061
17306      (1 0 4 5 2 2 2)              75.060
17307      (0 0 4 2 2 2 1)              75.059
17308      (0 0 4 2 2 2 1)              75.058
17309      (1 0 1 2 0 0 1)              75.056
17310      (0 0 4 5 2 1 1)              75.054
17311      (0 0 4 2 2 2 1)              75.054
17312      (1 0 1 2 1 1 1)              75.052
17313      (1 0 1 2 1 2 1)              75.051
17314      (1 0 2 3 1 0 1)              75.050
17315      (0 0 1 2 1 1 1)              75.049
17316      (0 0 4 2 1 2 1)              75.047
17317      (0 0 4 2 2 2 1)              75.046
17318      (1 0 1 2 1 1 1)              75.045
17319      (1 0 1 2 0 0 0)              75.043
17320      (0 0 4 2 2 2 1)              75.042
17321      (0 0 1 2 1 1 1)              75.040
17322      (1 0 1 2 2 2 1)              75.040
17323      (1 0 2 3 2 2 1)              75.040
17324      (0 0 1 2 1 1 1)              75.038
17325      (1 0 1 2 0 0 1)              75.037
17326      (0 0 2 3 1 2 1)              75.036
17327      (1 0 2 3 2 1 1)              75.034
17328      (0 0 4 5 2 1 1)              75.032
17329      (0 0 4 2 2 2 1)              75.031
17330      (1 0 1 2 1 2 1)              75.031
17331      (0 0 0 4 0 1 0)              75.028
17332      (0 0 4 2 1 1 1)              75.027
17333      (1 0 2 3 1 2 0)              75.025
17334      (0 0 2 3 1 2 1)              75.025
17335      (1 0 2 3 2 1 2)              75.023
17336      (1 0 2 3 0 0 0)              75.023
17337      (0 0 4 2 2 2 1)              75.022
17338      (1 0 3 1 2 1 2)              75.020
17339      (1 0 2 3 2 1 2)              75.018
17340      (1 0 3 1 2 1 2)              75.016
17341      (0 0 4 5 2 1 1)              75.014
17342      (0 0 1 2 1 2 1)              75.012
17343      (0 0 1 2 0 0 1)              75.010
17344      (0 0 4 3 2 1 1)              75.007
17345      (0 0 4 2 2 2 1)              75.006
17346      (0 0 4 6 0 0 1)              75.005
17347      (0 0 0 4 1 2 1)              75.006
17348      (1 0 0 0 0 1 1)              75.005
17349      (0 0 1 2 2 1 2)              75.003
17350      (0 0 4 5 2 1 1)              75.000
17351      (0 0 4 2 2 2 1)              75.000
17352      (1 0 2 3 1 0 1)              74.999
17353      (1 0 1 2 1 1 1)              74.998
17354      (0 0 1 2 0 0 1)              74.995
17355      (0 0 4 2 2 2 1)              74.992
17356      (1 0 1 2 1 1 1)              74.991
17357      (0 0 4 2 2 2 1)              74.990
17358      (1 0 1 2 1 2 1)              74.990
17359      (0 0 2 3 1 2 1)              74.987
17360      (0 0 4 3 2 1 1)              74.986
17361      (1 0 2 3 1 1 1)              74.984
17362      (1 0 3 1 2 1 2)              74.983
17363      (0 0 4 2 2 2 1)              74.982
17364      (0 0 4 2 2 2 1)              74.981
17365      (1 0 3 1 2 1 2)              74.981
17366      (0 0 4 3 2 1 1)              74.979
17367      (1 0 1 2 1 2 1)              74.978
17368      (1 0 2 3 1 2 0)              74.977
17369      (1 0 3 1 2 1 2)              74.975
17370      (0 0 4 5 2 1 1)              74.973
17371      (1 0 1 2 1 1 1)              74.971
17372      (1 0 1 2 1 1 1)              74.970
17373      (1 0 1 2 1 1 1)              74.969
17374      (1 0 1 2 1 1 1)              74.968
17375      (1 0 1 2 1 2 1)              74.968
17376      (1 0 1 2 1 1 1)              74.967
17377      (1 0 1 2 1 1 1)              74.966
17378      (1 0 2 3 1 0 1)              74.965
17379      (1 0 3 1 2 1 2)              74.964
17380      (1 0 2 3 1 0 1)              74.963
17381      (1 0 1 2 1 2 1)              74.961
17382      (1 0 1 2 1 2 1)              74.960
17383      (1 0 2 3 1 0 1)              74.960
17384      (0 0 1 2 1 1 1)              74.957
17385      (0 0 4 2 2 2 1)              74.956
17386      (1 0 2 3 1 0 1)              74.955
17387      (0 0 4 2 2 2 1)              74.954
17388      (1 0 1 2 0 0 0)              74.952
17389      (1 0 0 0 1 2 0)              74.952
17390      (1 0 1 2 1 1 1)              74.950
17391      (0 0 4 3 2 1 1)              74.947
17392      (0 0 4 6 1 2 1)              74.946
17393      (0 0 4 2 2 2 1)              74.945
17394      (1 0 1 2 1 1 1)              74.942
17395      (1 0 1 2 1 1 1)              74.941
17396      (0 0 4 2 2 2 1)              74.940
17397      (0 0 4 2 2 2 1)              74.939
17398      (1 0 2 3 2 1 2)              74.938
17399      (0 0 1 2 1 1 1)              74.935
17400      (0 0 4 5 2 1 1)              74.934
17401      (1 0 3 1 2 1 2)              74.932
17402      (1 0 3 1 2 1 2)              74.932
17403      (0 0 4 2 2 2 1)              74.931
17404      (1 0 2 3 2 2 1)              74.931
17405      (0 0 4 2 2 2 1)              74.930
17406      (1 0 1 2 0 0 0)              74.928
17407      (1 0 1 2 1 1 1)              74.926
17408      (1 0 0 0 1 2 0)              74.926
17409      (1 0 2 3 1 0 1)              74.925
17410      (1 0 3 1 2 1 2)              74.924
17411      (0 0 1 2 0 0 1)              74.922
17412      (1 0 3 1 2 1 2)              74.921
17413      (1 0 3 1 2 1 2)              74.920
17414      (1 0 1 2 1 1 1)              74.918
17415      (0 0 2 3 1 2 1)              74.916
17416      (0 0 4 2 2 2 1)              74.915
17417      (1 0 3 1 2 1 2)              74.913
17418      (1 0 3 1 2 1 2)              74.910
17419      (1 0 4 5 2 2 2)              74.909
17420      (0 0 4 2 2 2 1)              74.908
17421      (1 0 2 3 1 0 1)              74.907
17422      (1 0 1 2 1 1 1)              74.906
17423      (1 0 0 0 2 2 1)              74.905
17424      (1 0 1 2 1 2 1)              74.904
17425      (1 0 1 2 1 2 1)              74.902
17426      (0 1 0 0 2 2 1)              74.901
17427      (0 0 0 4 2 2 1)              74.901
17428      (1 0 1 2 1 1 1)              74.900
17429      (0 0 1 2 1 1 1)              74.898
17430      (0 0 4 3 1 1 1)              74.898
17431      (0 0 4 6 1 2 1)              74.896
17432      (0 0 4 2 2 2 1)              74.895
17433      (1 0 1 2 1 2 1)              74.894
17434      (1 0 1 2 1 2 1)              74.892
17435      (0 0 1 2 1 1 1)              74.890
17436      (1 0 3 1 2 1 2)              74.889
17437      (0 0 1 2 1 1 1)              74.885
17438      (1 0 1 2 1 1 1)              74.883
17439      (1 0 1 2 1 2 1)              74.882
17440      (1 0 1 2 1 1 1)              74.880
17441      (1 0 1 2 1 2 1)              74.878
17442      (1 0 1 2 1 2 1)              74.876
17443      (1 0 1 2 1 2 1)              74.876
17444      (1 0 1 2 1 1 1)              74.875
17445      (1 0 1 2 1 1 1)              74.875
17446      (0 0 4 6 1 2 1)              74.873
17447      (1 0 2 3 2 1 1)              74.871
17448      (0 0 4 2 2 2 1)              74.870
17449      (1 0 1 2 1 2 1)              74.869
17450      (0 0 1 2 0 0 1)              74.867
17451      (0 0 4 6 1 2 1)              74.867
17452      (1 0 2 3 1 0 1)              74.866
17453      (1 0 2 3 1 0 1)              74.865
17454      (0 0 1 2 0 0 1)              74.862
17455      (0 0 4 5 2 1 1)              74.861
17456      (0 0 1 2 1 1 1)              74.859
17457      (1 0 2 3 1 1 1)              74.858
17458      (1 0 1 2 1 2 1)              74.857
17459      (1 0 2 3 2 2 1)              74.858
17460      (0 0 4 2 1 2 1)              74.856
17461      (1 0 2 3 2 1 1)              74.855
17462      (1 0 1 2 1 1 1)              74.854
17463      (1 0 1 2 1 2 1)              74.853
17464      (1 0 2 3 1 0 1)              74.852
17465      (1 0 2 3 1 2 0)              74.851
17466      (1 0 1 2 1 2 1)              74.849
17467      (0 0 4 2 2 2 1)              74.848
17468      (1 0 2 3 1 0 1)              74.848
17469      (0 0 4 2 2 2 1)              74.847
17470      (1 0 1 2 1 1 1)              74.846
17471      (1 0 0 0 1 1 1)              74.845
17472      (0 0 4 5 2 1 1)              74.842
17473      (1 0 3 1 2 1 2)              74.841
17474      (1 0 1 2 1 1 1)              74.840
17475      (0 0 4 2 2 2 1)              74.839
17476      (1 0 1 2 1 2 1)              74.838
17477      (1 0 1 2 1 1 1)              74.836
17478      (1 0 3 1 2 1 2)              74.835
17479      (1 0 0 0 1 0 1)              74.834
17480      (1 0 1 2 1 1 1)              74.833
17481      (1 0 2 3 1 0 1)              74.832
17482      (1 0 1 2 1 2 1)              74.831
17483      (1 0 3 1 2 1 2)              74.830
17484      (1 0 1 2 1 1 1)              74.828
17485      (1 0 2 3 1 0 1)              74.827
17486      (1 0 1 2 1 1 1)              74.826
17487      (1 0 2 3 1 0 1)              74.825
17488      (1 0 1 2 1 1 1)              74.824
17489      (0 0 4 2 2 2 1)              74.823
17490      (0 0 4 2 2 2 1)              74.822
17491      (1 0 1 2 1 2 1)              74.820
17492      (0 0 0 4 0 1 0)              74.817
17493      (1 0 0 0 2 2 1)              74.818
17494      (1 0 1 2 0 0 0)              74.816
17495      (1 0 1 2 1 2 1)              74.816
17496      (0 0 1 2 1 1 1)              74.814
17497      (0 0 4 2 2 2 1)              74.813
17498      (0 0 4 2 2 2 1)              74.812
17499      (0 0 4 2 2 2 1)              74.812
17500      (0 0 4 2 2 2 1)              74.811
17501      (1 0 2 3 2 2 1)              74.811
17502      (0 0 4 2 2 2 1)              74.810
17503      (1 0 2 3 1 0 1)              74.809
17504      (1 0 2 3 1 2 1)              74.811
17505      (1 0 2 3 1 2 0)              74.810
17506      (0 1 0 0 2 2 1)              74.809
17507      (1 0 1 2 0 0 0)              74.807
17508      (1 0 1 2 1 1 1)              74.806
17509      (0 0 4 3 2 1 1)              74.803
17510      (0 0 4 2 1 2 1)              74.802
17511      (1 0 1 2 1 0 1)              74.801
17512      (0 0 4 2 2 2 1)              74.800
17513      (1 0 1 2 1 1 1)              74.798
17514      (1 0 3 1 2 1 2)              74.795
17515      (1 0 2 3 1 0 1)              74.794
17516      (1 0 1 2 2 2 1)              74.794
17517      (1 0 1 2 1 2 1)              74.792
17518      (1 0 3 1 2 1 2)              74.791
17519      (1 0 1 2 1 2 1)              74.790
17520      (1 0 2 3 1 1 1)              74.791
17521      (0 0 4 3 2 1 1)              74.788
17522      (1 0 2 3 1 0 1)              74.787
17523      (1 0 1 2 1 0 1)              74.787
17524      (1 0 0 0 1 2 0)              74.787
17525      (0 0 1 2 1 1 1)              74.783
17526      (1 0 4 5 2 2 2)              74.783
17527      (1 0 2 3 1 2 1)              74.783
17528      (0 0 4 2 2 2 1)              74.782
17529      (0 0 4 2 2 2 1)              74.781
17530      (1 0 1 2 0 0 1)              74.780
17531      (0 0 4 3 1 1 1)              74.780
17532      (0 0 4 2 2 2 1)              74.779
17533      (1 0 1 2 1 2 1)              74.778
17534      (1 0 1 2 1 1 1)              74.777
17535      (1 0 3 1 2 1 2)              74.777
17536      (1 0 4 5 2 2 2)              74.776
17537      (1 0 1 2 1 2 1)              74.776
17538      (1 0 1 2 0 0 1)              74.775
17539      (1 0 1 2 1 1 1)              74.774
17540      (1 0 1 2 1 1 1)              74.772
17541      (1 0 3 1 2 1 2)              74.771
17542      (1 0 4 5 2 2 2)              74.771
17543      (1 0 1 2 1 1 1)              74.770
17544      (0 0 0 4 1 2 1)              74.770
17545      (1 0 2 3 1 2 1)              74.770
17546      (0 0 2 3 1 2 1)              74.768
17547      (0 0 4 6 0 0 1)              74.767
17548      (0 0 2 3 2 2 0)              74.766
17549      (1 0 1 2 1 1 1)              74.765
17550      (1 0 1 2 1 1 1)              74.764
17551      (0 0 4 2 1 1 1)              74.762
17552      (1 0 2 3 1 0 1)              74.762
17553      (1 0 0 0 2 2 1)              74.762
17554      (1 0 1 2 1 0 1)              74.761
17555      (1 0 3 1 2 1 2)              74.759
17556      (0 0 4 3 2 1 1)              74.756
17557      (1 0 1 2 1 2 1)              74.756
17558      (1 0 2 3 1 2 0)              74.755
17559      (1 0 1 2 1 1 1)              74.754
17560      (1 0 3 1 2 1 2)              74.753
17561      (1 0 2 3 2 1 2)              74.751
17562      (1 0 1 2 1 1 1)              74.750
17563      (1 0 2 3 1 2 1)              74.750
17564      (1 0 1 2 1 1 1)              74.749
17565      (1 0 3 1 2 1 2)              74.746
17566      (1 0 1 2 1 2 1)              74.744
17567      (1 0 3 1 2 1 2)              74.742
17568      (1 0 2 3 1 2 0)              74.741
17569      (0 0 0 4 0 1 0)              74.741
17570      (1 0 2 3 1 2 1)              74.740
17571      (0 0 4 5 2 1 1)              74.738
17572      (0 0 4 2 2 2 1)              74.737
17573      (1 0 1 2 1 1 1)              74.736
17574      (0 0 4 2 2 2 1)              74.735
17575      (0 0 1 2 0 0 1)              74.733
17576      (1 0 1 2 1 1 1)              74.733
17577      (1 0 2 3 1 0 1)              74.732
17578      (1 0 1 2 1 2 1)              74.731
17579      (1 0 3 1 2 1 2)              74.730
17580      (1 0 1 2 1 2 1)              74.730
17581      (0 0 4 2 2 2 1)              74.729
17582      (0 0 4 3 2 1 1)              74.726
17583      (1 0 1 2 1 1 1)              74.724
17584      (0 0 1 2 1 1 1)              74.722
17585      (1 0 3 1 2 1 2)              74.720
17586      (1 0 1 2 0 0 1)              74.718
17587      (1 0 1 2 1 2 1)              74.718
17588      (1 0 2 3 1 0 1)              74.719
17589      (1 0 2 3 1 1 1)              74.718
17590      (1 0 1 2 1 1 1)              74.717
17591      (0 1 0 0 2 2 1)              74.716
17592      (1 0 3 1 2 1 2)              74.715
17593      (0 0 4 3 1 1 1)              74.715
17594      (1 0 1 2 1 1 1)              74.714
17595      (1 0 1 2 0 0 1)              74.713
17596      (1 0 1 2 0 0 0)              74.710
17597      (1 0 1 2 1 1 1)              74.708
17598      (0 0 4 2 2 2 1)              74.707
17599      (1 0 1 2 1 2 1)              74.707
17600      (0 0 1 2 1 1 1)              74.705
17601      (1 0 2 3 1 2 1)              74.706
17602      (1 0 1 2 1 2 1)              74.706
17603      (0 0 4 5 2 1 1)              74.705
17604      (1 0 1 2 0 0 1)              74.703
17605      (0 0 4 2 2 2 1)              74.702
17606      (1 0 1 2 1 2 1)              74.700
17607      (1 0 2 3 1 2 1)              74.700
17608      (0 0 4 3 2 1 1)              74.697
17609      (0 0 2 3 2 0 2)              74.694
17610      (1 0 2 3 2 1 1)              74.692
17611      (1 0 3 1 1 0 0)              74.690
17612      (1 0 3 1 2 1 2)              74.690
17613      (1 0 3 1 2 1 2)              74.687
17614      (1 0 2 3 2 2 1)              74.688
17615      (1 0 1 2 1 1 1)              74.687
17616      (0 0 4 3 2 1 1)              74.685
17617      (0 0 4 2 2 2 1)              74.684
17618      (0 0 4 2 2 2 1)              74.683
17619      (1 0 1 2 1 2 1)              74.682
17620      (1 0 3 1 1 0 0)              74.680
17621      (1 0 0 0 2 2 1)              74.679
17622      (0 0 4 2 2 2 1)              74.679
17623      (1 0 2 3 1 0 1)              74.678
17624      (1 0 0 0 1 2 0)              74.678
17625      (0 0 4 2 2 2 1)              74.677
17626      (1 0 3 1 2 1 2)              74.676
17627      (1 0 2 3 1 2 0)              74.674
17628      (1 0 1 2 1 2 1)              74.673
17629      (1 0 3 1 2 1 2)              74.672
17630      (0 0 1 2 1 1 1)              74.670
17631      (1 0 2 3 1 0 1)              74.669
17632      (1 0 2 3 1 2 1)              74.669
17633      (1 0 1 2 0 0 1)              74.667
17634      (0 0 4 3 2 1 1)              74.664
17635      (1 0 3 1 2 1 2)              74.663
17636      (1 0 1 2 1 1 1)              74.662
17637      (1 0 2 3 1 2 0)              74.660
17638      (0 0 1 2 1 1 1)              74.657
17639      (0 0 4 6 1 2 1)              74.654
17640      (1 0 0 0 1 2 0)              74.654
17641      (1 0 3 1 1 1 1)              74.652
17642      (0 0 4 2 2 2 1)              74.651
17643      (1 0 1 2 1 2 1)              74.651
17644      (0 0 4 2 2 2 1)              74.650
17645      (0 0 4 2 2 2 1)              74.649
17646      (1 0 2 3 2 2 1)              74.650
17647      (1 0 1 2 1 0 1)              74.649
17648      (1 0 2 3 1 0 1)              74.648
17649      (1 0 2 3 1 0 1)              74.647
17650      (1 0 1 2 0 0 1)              74.646
17651      (1 0 2 3 1 0 1)              74.645
17652      (1 0 3 1 2 1 2)              74.643
17653      (0 0 2 3 1 2 1)              74.640
17654      (0 0 4 3 2 1 1)              74.638
17655      (1 0 1 2 1 1 1)              74.637
17656      (1 0 1 2 1 2 1)              74.637
17657      (1 0 2 3 1 2 1)              74.635
17658      (1 0 1 2 1 2 1)              74.634
17659      (1 0 1 2 2 2 1)              74.634
17660      (0 0 4 3 2 1 1)              74.631
17661      (0 0 4 2 2 2 1)              74.630
17662      (0 0 1 2 0 0 1)              74.627
17663      (0 0 1 2 1 1 1)              74.625
17664      (0 0 4 2 2 2 1)              74.625
17665      (1 0 1 2 0 0 1)              74.624
17666      (1 0 1 2 1 2 1)              74.623
17667      (1 0 1 2 1 1 1)              74.622
17668      (1 0 1 2 1 1 1)              74.621
17669      (1 0 3 1 2 1 2)              74.618
17670      (1 0 2 3 1 2 1)              74.619
17671      (1 0 4 5 2 2 2)              74.618
17672      (0 0 4 2 2 2 1)              74.617
17673      (1 0 1 2 1 1 1)              74.616
17674      (1 0 1 2 1 1 1)              74.615
17675      (1 0 1 2 1 1 1)              74.614
17676      (0 0 4 2 2 2 1)              74.613
17677      (1 0 1 2 1 1 1)              74.612
17678      (1 0 3 1 2 1 2)              74.609
17679      (0 0 4 6 1 1 1)              74.608
17680      (1 0 1 2 0 0 1)              74.606
17681      (0 0 4 6 1 2 1)              74.605
17682      (1 0 1 2 1 1 1)              74.604
17683      (0 0 4 2 2 2 1)              74.603
17684      (0 0 4 2 2 2 1)              74.602
17685      (0 0 2 3 2 2 0)              74.600
17686      (0 0 4 3 2 1 1)              74.597
17687      (1 0 0 0 1 2 0)              74.596
17688      (0 0 4 2 2 2 1)              74.595
17689      (0 0 1 2 1 1 1)              74.593
17690      (1 0 3 1 2 1 2)              74.591
17691      (1 0 2 3 1 0 1)              74.590
17692      (1 0 1 2 1 2 1)              74.590
17693      (0 0 4 3 2 1 1)              74.588
17694      (0 0 1 2 1 1 1)              74.586
17695      (1 0 1 2 1 2 1)              74.586
17696      (0 0 4 2 2 2 1)              74.585
17697      (0 0 1 2 0 0 1)              74.582
17698      (1 0 2 3 1 2 0)              74.581
17699      (1 0 1 2 1 2 1)              74.580
17700      (0 0 4 3 2 1 1)              74.578
17701      (1 0 1 2 1 1 1)              74.577
17702      (0 0 1 2 1 1 1)              74.574
17703      (1 0 1 2 1 1 1)              74.574
17704      (1 0 4 5 2 2 2)              74.573
17705      (0 0 4 2 2 2 1)              74.572
17706      (0 0 2 3 1 2 1)              74.572
17707      (1 0 1 2 1 1 1)              74.570
17708      (1 0 1 2 1 2 1)              74.568
17709      (1 0 2 3 1 0 1)              74.567
17710      (1 0 2 3 2 1 2)              74.568
17711      (0 0 4 3 2 1 1)              74.565
17712      (1 0 2 3 1 0 1)              74.564
17713      (1 0 2 3 1 0 1)              74.563
17714      (1 0 1 2 1 2 1)              74.563
17715      (1 0 1 2 1 1 1)              74.562
17716      (1 0 3 1 1 0 0)              74.559
17717      (1 0 2 3 2 1 2)              74.560
17718      (0 0 0 4 1 2 1)              74.559
17719      (0 0 4 6 1 2 1)              74.558
17720      (1 0 1 2 1 1 1)              74.556
17721      (1 0 3 1 2 1 2)              74.555
17722      (1 0 1 2 1 1 1)              74.554
17723      (0 0 4 6 0 0 1)              74.553
17724      (1 0 1 2 1 1 1)              74.551
17725      (0 0 4 3 2 1 1)              74.547
17726      (1 0 1 2 1 1 1)              74.546
17727      (1 0 2 3 1 1 1)              74.544
17728      (0 0 4 6 1 2 1)              74.541
17729      (1 0 3 1 2 1 2)              74.539
17730      (0 0 4 2 2 2 1)              74.538
17731      (0 0 4 2 2 2 1)              74.537
17732      (0 0 4 2 2 2 1)              74.536
17733      (1 0 1 2 1 1 1)              74.535
17734      (1 0 1 2 1 2 1)              74.535
17735      (0 0 4 2 2 2 1)              74.534
17736      (1 0 1 2 1 1 1)              74.533
17737      (1 0 2 3 1 2 1)              74.532
17738      (1 0 1 2 1 1 1)              74.531
17739      (1 0 3 1 2 1 2)              74.528
17740      (1 0 1 2 1 1 1)              74.527
17741      (1 0 0 0 1 2 0)              74.527
17742      (1 0 2 3 1 0 1)              74.526
17743      (0 0 2 3 1 2 1)              74.526
17744      (1 0 2 3 1 0 1)              74.526
17745      (1 0 0 0 1 0 1)              74.527
17746      (1 0 1 2 1 2 1)              74.526
17747      (1 0 1 2 1 1 1)              74.525
17748      (0 0 4 3 2 1 1)              74.522
17749      (1 0 2 3 2 1 1)              74.521
17750      (0 0 4 2 2 2 1)              74.520
17751      (1 0 1 2 1 1 1)              74.519
17752      (1 0 0 0 0 2 1)              74.518
17753      (0 0 1 2 1 1 1)              74.515
17754      (1 0 3 1 2 1 2)              74.514
17755      (1 0 1 2 1 1 1)              74.514
17756      (0 0 4 2 2 2 1)              74.511
17757      (0 0 4 2 2 2 1)              74.511
17758      (1 0 2 3 1 0 1)              74.510
17759      (1 0 3 1 1 0 0)              74.508
17760      (0 0 4 2 2 2 1)              74.505
17761      (1 0 3 1 2 1 2)              74.504
17762      (1 0 3 1 2 1 2)              74.502
17763      (0 0 4 2 2 2 1)              74.501
17764      (0 0 4 6 1 2 1)              74.500
17765      (1 0 1 2 1 2 1)              74.500
17766      (1 0 1 2 1 1 1)              74.499
17767      (0 0 4 2 2 2 1)              74.498
17768      (1 0 0 0 1 1 1)              74.497
17769      (1 0 1 2 1 1 1)              74.496
17770      (1 0 0 0 1 2 1)              74.496
17771      (1 0 3 1 2 1 2)              74.493
17772      (1 0 3 1 2 1 2)              74.492
17773      (1 0 1 2 1 1 1)              74.490
17774      (1 0 1 2 1 1 1)              74.488
17775      (1 0 1 2 1 2 1)              74.488
17776      (1 0 1 2 1 2 1)              74.487
17777      (0 0 1 2 0 0 1)              74.484
17778      (1 0 1 2 1 1 1)              74.483
17779      (1 0 2 3 1 0 1)              74.482
17780      (1 0 1 2 1 1 1)              74.481
17781      (1 0 1 2 1 1 1)              74.479
17782      (1 0 1 2 1 1 1)              74.479
17783      (0 0 4 2 2 2 1)              74.478
17784      (0 0 1 2 0 0 1)              74.475
17785      (1 0 3 1 2 1 2)              74.473
17786      (1 0 4 5 2 2 2)              74.473
17787      (0 0 1 2 0 0 1)              74.471
17788      (1 0 1 2 0 0 0)              74.469
17789      (1 0 3 1 2 1 2)              74.467
17790      (1 0 1 2 1 1 1)              74.466
17791      (1 0 2 3 1 0 1)              74.466
17792      (1 0 1 2 1 1 1)              74.463
17793      (0 0 4 2 1 2 1)              74.461
17794      (1 0 1 2 1 1 1)              74.461
17795      (0 0 4 2 2 2 1)              74.459
17796      (0 0 1 2 2 1 2)              74.456
17797      (1 0 2 3 2 1 2)              74.454
17798      (1 0 3 1 2 1 2)              74.453
17799      (1 0 1 2 1 2 1)              74.452
17800      (1 0 3 1 2 1 2)              74.450
17801      (1 0 2 3 2 1 2)              74.447
17802      (1 0 1 2 1 1 1)              74.446
17803      (0 0 0 4 1 2 1)              74.445
17804      (1 0 1 2 1 1 1)              74.443
17805      (1 0 1 2 1 1 1)              74.443
17806      (1 0 2 3 1 1 1)              74.442
17807      (1 0 1 2 1 1 1)              74.441
17808      (0 0 4 3 2 1 1)              74.437
17809      (0 0 4 2 2 2 1)              74.437
17810      (0 0 4 2 2 2 1)              74.436
17811      (0 0 4 6 1 2 1)              74.436
17812      (1 0 2 3 1 1 1)              74.434
17813      (1 0 2 3 2 1 1)              74.432
17814      (1 0 4 5 2 2 2)              74.431
17815      (1 0 3 1 2 1 2)              74.429
17816      (1 0 1 2 1 2 1)              74.428
17817      (1 0 4 5 2 2 2)              74.427
17818      (0 0 1 2 1 1 1)              74.425
17819      (1 0 1 2 1 2 1)              74.424
17820      (0 0 4 2 2 2 1)              74.423
17821      (0 0 1 2 0 0 1)              74.421
17822      (0 0 4 2 2 2 1)              74.420
17823      (0 0 2 3 1 2 1)              74.420
17824      (1 0 1 2 1 1 1)              74.419
17825      (1 0 1 2 1 1 1)              74.418
17826      (1 0 1 2 1 1 1)              74.417
17827      (0 0 4 2 2 2 1)              74.416
17828      (0 0 2 3 1 2 1)              74.414
17829      (0 0 4 6 2 2 1)              74.412
17830      (1 0 1 2 1 2 1)              74.412
17831      (0 0 4 5 2 1 1)              74.410
17832      (0 0 4 5 2 1 1)              74.408
17833      (1 0 1 2 1 2 1)              74.407
17834      (1 0 1 2 1 1 1)              74.405
17835      (1 0 1 2 1 1 1)              74.403
17836      (1 0 3 1 2 1 2)              74.402
17837      (0 0 4 2 2 2 1)              74.401
17838      (1 0 0 0 1 2 0)              74.400
17839      (1 0 1 2 1 2 1)              74.398
17840      (1 0 1 2 1 2 1)              74.397
17841      (1 0 1 2 0 0 0)              74.395
17842      (1 0 0 0 1 0 1)              74.394
17843      (1 0 3 1 2 1 2)              74.393
17844      (1 0 2 3 1 2 0)              74.391
17845      (0 0 4 2 2 2 1)              74.390
17846      (0 0 0 4 0 1 0)              74.387
17847      (1 0 3 1 2 1 2)              74.386
17848      (1 0 3 1 2 1 2)              74.384
17849      (0 0 4 3 2 1 1)              74.381
17850      (1 0 1 2 1 1 1)              74.380
