No         Predictions            Accuracy [%]
0          (1 0 2 3 2 1 2)             100.000
1          (1 0 3 1 2 1 2)             100.000
2          (1 0 3 1 2 1 1)             100.000
3          (1 0 2 3 2 1 2)             100.000
4          (1 0 2 3 2 1 2)             100.000
5          (1 0 3 1 2 1 2)             100.000
6          (1 0 2 3 2 1 1)             100.000
7          (1 0 3 1 2 1 2)             100.000
8          (1 0 0 0 1 2 0)             100.000
9          (1 0 3 1 2 1 2)             100.000
10         (1 0 2 3 2 1 2)             100.000
11         (1 0 2 3 2 1 2)             100.000
12         (1 0 2 3 2 1 2)             100.000
13         (1 0 1 2 1 1 1)             100.000
14         (1 0 1 2 1 2 1)             100.000
15         (1 0 2 3 2 1 2)             100.000
16         (1 0 2 3 2 1 1)             100.000
17         (1 0 2 3 2 1 2)             100.000
18         (1 0 1 2 1 1 1)             100.000
19         (1 0 2 3 2 1 2)             100.000
20         (1 0 2 3 2 1 2)             100.000
21         (1 0 3 1 2 1 2)             100.000
22         (1 0 1 2 1 2 1)              99.379
23         (1 0 2 3 2 1 2)              99.405
24         (1 0 2 3 1 1 1)              99.429
25         (1 0 2 3 2 1 2)              99.451
26         (1 0 2 3 2 1 2)              99.471
27         (1 0 2 3 2 1 2)              99.490
28         (1 0 2 3 1 2 1)              99.507
29         (1 0 1 2 1 1 1)              99.524
30         (1 0 1 2 1 1 1)              99.539
31         (1 0 1 2 1 1 1)              99.554
32         (1 0 2 3 2 1 2)              99.567
33         (1 0 3 1 2 1 2)              99.580
34         (1 0 2 3 2 1 2)              99.592
35         (1 0 2 3 2 1 2)              99.603
36         (1 0 1 2 1 1 1)              99.614
37         (1 0 2 3 2 1 1)              99.624
38         (1 0 1 2 1 1 1)              99.634
39         (1 0 2 3 2 1 2)              99.643
40         (1 0 2 3 1 2 1)              99.652
41         (1 0 1 2 1 1 1)              99.660
42         (1 0 1 2 1 1 1)              99.668
43         (1 0 2 3 2 1 2)              99.675
44         (1 0 3 1 1 2 1)              99.683
45         (1 0 3 1 2 1 2)              99.689
46         (1 0 2 3 2 1 2)              99.696
47         (1 0 2 3 2 1 2)              99.702
48         (1 0 2 3 2 1 2)              99.708
49         (1 0 1 2 1 1 1)              99.714
50         (1 0 2 3 2 1 2)              99.720
51         (1 0 3 1 2 1 2)              99.725
52         (1 0 1 2 0 0 1)              99.730
53         (1 0 3 1 2 1 2)              99.735
54         (1 0 3 1 2 1 2)              99.740
55         (1 0 2 3 2 1 2)              99.745
56         (1 0 1 2 1 2 1)              99.499
57         (1 0 3 1 2 1 2)              99.507
58         (1 0 1 2 0 0 1)              99.516
59         (1 0 2 3 2 1 2)              99.524
60         (1 0 3 1 2 1 2)              99.532
61         (1 0 3 1 2 1 1)              99.539
62         (1 0 2 3 2 1 2)              99.546
63         (1 0 1 2 1 2 1)              99.554
64         (1 0 2 3 2 1 2)              99.560
65         (1 0 3 1 2 1 2)              99.351
66         (1 0 2 3 2 1 2)              99.360
67         (1 0 2 3 2 1 2)              99.370
68         (1 0 2 3 2 1 2)              99.379
69         (1 0 2 3 2 1 2)              99.388
70         (1 0 2 3 1 2 1)              99.396
71         (1 0 1 2 1 1 1)              99.405
72         (1 0 3 1 2 1 2)              99.217
73         (1 0 3 1 1 1 1)              98.842
74         (1 0 1 2 1 1 1)              98.857
75         (1 0 2 3 2 1 1)              98.872
76         (1 0 3 1 1 1 1)              98.887
77         (1 0 0 0 2 2 1)              98.901
78         (1 0 1 2 1 1 1)              98.915
79         (1 0 1 2 1 1 1)              98.929
80         (1 0 2 3 2 1 2)              98.942
81         (1 0 0 0 1 2 0)              98.955
82         (1 0 2 3 1 2 1)              98.967
83         (1 0 3 1 2 1 2)              98.980
84         (1 0 3 1 2 1 2)              98.992
85         (1 0 1 2 1 1 1)              99.003
86         (1 0 3 1 2 1 2)              99.015
87         (1 0 3 1 2 1 2)              99.026
88         (1 0 3 1 2 1 2)              99.037
89         (1 0 2 3 2 1 2)              99.048
90         (1 0 3 1 1 1 1)              99.058
91         (1 0 3 1 2 1 2)              99.068
92         (1 0 2 3 1 1 1)              99.078
93         (1 0 1 2 1 1 1)              99.088
94         (1 0 1 2 1 1 1)              99.098
95         (1 0 1 2 1 1 1)              99.107
96         (1 0 3 1 2 1 2)              99.116
97         (1 0 2 3 2 1 2)              99.125
98         (1 0 2 3 2 1 1)              99.134
99         (1 0 3 1 2 1 2)              99.143
100        (1 0 1 2 1 2 1)              99.151
101        (1 0 2 3 2 1 2)              99.160
102        (1 0 0 0 2 2 1)              99.168
103        (1 0 1 2 1 1 1)              99.176
104        (1 0 2 3 2 1 2)              99.184
105        (1 0 2 3 2 1 2)              99.191
106        (1 0 1 2 1 1 1)              99.199
107        (1 0 3 1 2 1 2)              99.206
108        (1 0 3 1 2 1 2)              99.214
109        (1 0 1 2 0 0 1)              99.221
110        (1 0 1 2 1 1 1)              99.228
111        (1 0 1 2 1 1 1)              99.235
112        (1 0 2 3 2 1 2)              99.241
113        (1 0 3 1 2 1 2)              99.123
114        (1 0 0 0 1 2 1)              99.130
115        (1 0 2 3 2 1 2)              99.138
116        (1 0 1 2 0 0 1)              99.145
117        (1 0 0 0 1 2 0)              99.153
118        (1 0 3 1 2 1 1)              99.040
119        (1 0 3 1 2 1 2)              99.048
120        (1 0 2 3 2 1 2)              99.055
121        (1 0 2 3 2 1 2)              99.063
122        (1 0 3 1 0 1 1)              98.955
123        (1 0 1 2 1 1 1)              98.963
124        (1 0 2 3 1 2 1)              98.971
125        (1 0 1 2 1 1 1)              98.980
126        (1 0 1 2 1 1 1)              98.988
127        (1 0 2 3 2 1 2)              98.996
128        (1 0 0 0 2 2 1)              99.003
129        (1 0 3 1 2 1 2)              98.901
130        (1 0 2 3 2 1 2)              98.909
131        (1 0 2 3 1 2 1)              98.918
132        (1 0 1 2 1 2 1)              98.926
133        (1 0 2 3 2 1 2)              98.934
134        (1 0 3 1 1 1 1)              98.942
135        (1 0 2 3 2 1 2)              98.950
136        (1 0 1 2 1 1 1)              98.957
137        (1 0 2 3 2 1 1)              98.965
138        (1 0 2 3 2 1 2)              98.972
139        (1 0 1 2 0 0 1)              98.980
140        (1 0 3 1 2 1 2)              98.987
141        (1 0 1 2 1 1 1)              98.994
142        (1 0 1 2 1 1 1)              99.001
143        (1 0 2 3 1 2 1)              99.008
144        (1 0 2 3 2 1 2)              99.015
145        (1 0 2 3 2 1 2)              99.022
146        (1 0 3 1 2 1 2)              99.028
147        (1 0 2 3 2 1 1)              99.035
148        (1 0 0 0 2 2 1)              99.041
149        (1 0 1 2 1 1 1)              99.048
150        (1 0 3 1 2 1 2)              99.054
151        (1 0 1 2 1 1 1)              99.060
152        (1 0 3 1 2 1 2)              99.066
153        (1 0 3 1 2 1 2)              98.980
154        (1 0 2 3 2 1 2)              98.986
155        (1 0 2 3 1 2 1)              98.993
156        (1 0 1 2 1 1 1)              98.999
157        (1 0 0 0 2 2 1)              99.005
158        (1 0 1 2 1 1 1)              99.012
159        (1 0 2 3 2 1 2)              99.018
160        (1 0 1 2 2 2 1)              99.024
161        (1 0 3 1 2 1 2)              99.030
162        (1 0 2 3 2 1 1)              99.036
163        (1 0 2 3 2 1 2)              99.042
164        (1 0 2 3 2 1 2)              99.048
165        (1 0 2 3 2 1 2)              99.053
166        (1 0 1 2 1 2 0)              99.059
167        (1 0 2 3 2 1 2)              99.065
168        (1 0 3 1 2 1 2)              99.070
169        (1 0 3 1 2 1 2)              99.076
170        (1 0 0 0 1 2 0)              99.081
171        (1 0 2 3 2 1 2)              99.086
172        (1 0 1 2 1 1 1)              99.092
173        (1 0 2 3 1 2 1)              99.097
174        (1 0 3 1 2 1 2)              99.102
175        (1 0 2 3 2 1 2)              99.107
176        (1 0 2 3 1 1 1)              99.112
177        (1 0 1 2 1 1 1)              99.117
178        (1 0 2 3 2 1 2)              99.122
179        (1 0 1 2 1 1 1)              99.127
180        (1 0 3 1 2 1 2)              99.132
181        (1 0 3 1 2 1 2)              99.137
182        (1 0 3 1 2 1 2)              99.063
183        (1 0 1 2 0 0 1)              99.068
184        (1 0 2 3 2 1 2)              98.919
185        (1 0 1 2 1 1 1)              98.925
186        (1 0 1 2 1 1 1)              98.930
187        (1 0 2 3 2 1 2)              98.936
188        (1 0 2 3 2 1 1)              98.942
189        (1 0 2 3 2 1 2)              98.947
190        (1 0 1 2 1 1 1)              98.953
191        (1 0 2 3 2 1 2)              98.958
192        (1 0 3 1 2 1 1)              98.890
193        (1 0 2 3 2 1 2)              98.895
194        (1 0 0 0 2 2 1)              98.901
195        (1 0 3 1 1 1 1)              98.907
196        (1 0 1 2 1 1 1)              98.912
197        (1 0 2 3 2 1 2)              98.918
198        (1 0 1 2 1 1 1)              98.923
199        (1 0 2 3 2 1 2)              98.929
200        (1 0 2 3 2 1 2)              98.934
201        (1 0 2 3 2 1 2)              98.939
202        (1 0 1 2 1 1 1)              98.944
203        (1 0 1 2 1 1 1)              98.950
204        (1 0 1 2 1 1 1)              98.955
205        (1 0 1 2 1 1 1)              98.960
206        (1 0 2 3 2 1 2)              98.965
207        (1 0 0 0 1 0 1)              98.970
208        (1 0 3 1 2 1 1)              98.975
209        (1 0 0 0 1 2 0)              98.980
210        (1 0 2 3 2 1 2)              98.984
211        (1 0 2 3 2 1 1)              98.989
212        (1 0 3 1 2 1 2)              98.994
213        (1 0 2 3 2 1 2)              98.999
214        (1 0 2 3 2 1 2)              99.003
215        (1 0 3 1 2 1 1)              98.942
216        (1 0 3 1 2 1 2)              98.947
217        (1 0 2 3 2 1 2)              98.952
218        (1 0 1 2 1 1 1)              98.956
219        (1 0 2 3 2 1 2)              98.961
220        (1 0 2 3 2 1 2)              98.966
221        (1 0 2 3 1 2 1)              98.970
222        (1 0 3 1 2 1 2)              98.911
223        (1 0 3 1 2 1 2)              98.916
224        (1 0 3 1 2 1 2)              98.921
225        (1 0 2 3 1 1 1)              98.925
226        (1 0 2 3 1 2 1)              98.930
227        (1 0 2 3 2 1 2)              98.935
228        (1 0 3 1 2 1 2)              98.939
229        (1 0 3 1 2 1 2)              98.944
230        (1 0 2 3 2 1 2)              98.949
231        (1 0 1 2 1 1 1)              98.953
232        (1 0 2 3 2 1 2)              98.958
233        (1 0 3 1 2 1 2)              98.901
234        (1 0 2 3 2 1 2)              98.906
235        (1 0 1 2 1 2 1)              98.910
236        (1 0 2 3 2 1 2)              98.915
237        (1 0 2 3 2 1 2)              98.920
238        (1 0 2 3 2 1 1)              98.924
239        (1 0 2 3 2 1 2)              98.929
240        (1 0 2 3 2 1 2)              98.933
241        (1 0 2 3 0 0 0)              98.819
242        (1 0 1 2 1 1 1)              98.824
243        (1 0 3 1 1 1 1)              98.829
244        (1 0 2 3 2 1 1)              98.834
245        (1 0 3 1 2 1 2)              98.839
246        (1 0 1 2 1 1 1)              98.843
247        (1 0 2 3 2 1 2)              98.848
248        (1 0 2 3 2 1 1)              98.853
249        (1 0 3 1 2 1 2)              98.857
250        (1 0 3 1 2 1 1)              98.862
251        (1 0 3 1 2 1 2)              98.866
252        (1 0 2 3 2 1 2)              98.871
253        (1 0 2 3 2 1 2)              98.875
254        (1 0 1 2 1 1 1)              98.880
255        (1 0 2 3 2 1 2)              98.884
256        (1 0 3 1 2 1 1)              98.888
257        (1 0 3 1 2 1 2)              98.893
258        (1 0 2 3 2 1 2)              98.897
259        (1 0 1 2 1 1 1)              98.901
260        (1 0 3 1 2 1 2)              98.905
261        (1 0 2 3 2 1 2)              98.909
262        (1 0 2 3 2 1 2)              98.914
263        (1 0 2 3 2 1 2)              98.918
264        (1 0 2 3 2 1 2)              98.922
265        (1 0 2 3 1 2 1)              98.926
266        (1 0 3 1 2 1 2)              98.930
267        (1 0 2 3 2 1 2)              98.934
268        (1 0 1 2 1 2 0)              98.938
270        (1 0 3 1 2 1 2)              98.942
271        (1 0 2 3 1 1 1)              98.840
272        (1 0 2 3 2 1 2)              98.845
273        (1 0 3 1 2 1 1)              98.796
274        (1 0 2 3 2 1 2)              98.801
275        (1 0 3 1 2 1 2)              98.805
276        (1 0 3 1 2 1 2)              98.810
277        (1 0 3 1 2 1 2)              98.814
278        (1 0 3 1 2 1 2)              98.767
279        (1 0 3 1 2 1 2)              98.771
280        (1 0 0 0 1 0 1)              98.776
281        (1 0 2 3 2 1 1)              98.729
282        (1 0 2 3 2 1 2)              98.734
283        (1 0 2 3 2 1 2)              98.738
284        (1 0 3 1 2 1 2)              98.742
285        (1 0 3 1 2 1 2)              98.747
286        (1 0 2 3 2 1 2)              98.751
287        (1 0 1 2 1 1 1)              98.756
288        (1 0 1 2 1 1 1)              98.760
289        (1 0 2 3 2 1 2)              98.764
290        (1 0 1 2 1 1 1)              98.768
291        (1 0 3 1 2 1 2)              98.773
292        (1 0 3 1 1 1 1)              98.777
293        (1 0 3 1 2 1 2)              98.781
294        (1 0 1 2 1 1 1)              98.785
295        (1 0 2 3 2 1 2)              98.789
296        (1 0 2 3 2 1 2)              98.793
297        (1 0 1 2 1 1 1)              98.797
298        (1 0 1 2 1 1 1)              98.802
299        (1 0 3 1 2 1 2)              98.806
300        (1 0 1 2 1 1 1)              98.810
301        (1 0 2 3 2 1 2)              98.813
302        (1 0 3 1 2 1 2)              98.817
303        (1 0 2 3 2 1 1)              98.774
304        (1 0 3 1 1 1 1)              98.778
305        (1 0 3 1 2 1 2)              98.735
306        (1 0 1 2 1 1 1)              98.739
307        (1 0 2 3 2 1 2)              98.744
308        (1 0 2 3 2 1 2)              98.748
309        (1 0 3 1 2 1 2)              98.752
310        (1 0 1 2 1 1 1)              98.756
311        (1 0 2 3 2 1 2)              98.760
312        (1 0 1 2 0 0 1)              98.764
313        (1 0 2 3 2 1 2)              98.768
314        (1 0 2 3 2 2 1)              98.772
315        (1 0 2 3 2 1 2)              98.776
316        (1 0 3 1 2 1 2)              98.779
317        (1 0 0 0 2 2 1)              98.783
318        (1 0 2 3 2 1 2)              98.787
319        (1 0 3 1 2 1 2)              98.791
320        (1 0 0 0 1 2 0)              98.795
321        (1 0 2 3 2 1 2)              98.798
322        (1 0 3 1 2 1 2)              98.758
323        (1 0 2 3 2 1 1)              98.717
324        (1 0 2 3 2 1 2)              98.721
325        (1 0 2 3 2 1 2)              98.725
327        (1 0 2 3 2 1 2)              98.729
328        (1 0 1 2 1 1 1)              98.733
329        (1 0 2 3 2 1 2)              98.737
330        (1 0 3 1 2 1 2)              98.697
331        (1 0 3 1 2 1 2)              98.701
332        (1 0 2 3 1 1 1)              98.705
335        (1 0 1 2 1 1 1)              98.709
336        (1 0 2 3 1 2 1)              98.713
337        (1 0 0 0 2 2 1)              98.717
338        (1 0 3 1 2 1 2)              98.721
339        (1 0 2 3 2 1 2)              98.724
340        (1 0 2 3 2 1 2)              98.728
341        (1 0 2 3 2 1 2)              98.732
342        (1 0 2 3 2 1 2)              98.736
343        (1 0 3 1 2 1 1)              98.697
344        (1 0 1 2 1 1 1)              98.701
345        (1 0 2 3 2 1 2)              98.705
346        (1 0 2 3 2 1 2)              98.709
347        (1 0 3 1 2 1 2)              98.713
348        (1 0 2 3 2 1 2)              98.716
349        (1 0 2 3 2 1 2)              98.720
350        (1 0 3 1 2 1 1)              98.683
351        (1 0 3 1 2 1 2)              98.686
352        (1 0 3 1 2 1 2)              98.690
353        (1 0 3 1 2 1 2)              98.694
354        (1 0 2 3 2 1 2)              98.698
355        (1 0 3 1 1 1 1)              98.701
356        (1 0 3 1 2 1 2)              98.705
357        (1 0 3 1 2 1 2)              98.709
358        (1 0 3 1 1 1 1)              98.712
359        (1 0 3 1 2 1 2)              98.716
360        (1 0 2 3 1 2 1)              98.719
361        (1 0 2 3 2 1 2)              98.723
362        (1 0 1 2 1 1 1)              98.727
363        (1 0 2 3 2 1 2)              98.730
364        (1 0 2 3 2 1 1)              98.694
365        (1 0 3 1 1 2 1)              98.698
366        (1 0 2 3 2 1 2)              98.701
367        (1 0 3 1 2 1 2)              98.705
368        (1 0 0 0 2 2 1)              98.708
369        (1 0 1 2 1 1 1)              98.712
370        (1 0 3 1 2 1 2)              98.715
371        (1 0 1 2 1 1 1)              98.719
372        (1 0 2 3 2 1 1)              98.684
373        (1 0 2 3 2 2 1)              98.687
374        (1 0 1 2 1 1 1)              98.691
375        (1 0 2 3 2 1 2)              98.694
376        (1 0 2 3 1 2 1)              98.698
377        (1 0 1 2 1 1 1)              98.701
378        (1 0 2 3 1 1 1)              98.705
379        (1 0 2 3 2 1 2)              98.708
380        (1 0 1 2 1 1 1)              98.712
381        (1 0 2 3 2 1 2)              98.715
382        (1 0 1 2 1 1 1)              98.718
383        (1 0 2 3 2 1 2)              98.722
384        (1 0 2 3 2 1 2)              98.688
385        (1 0 2 3 2 1 2)              98.691
386        (1 0 3 1 2 1 2)              98.695
387        (1 0 2 3 2 1 2)              98.698
388        (1 0 2 3 2 1 2)              98.701
389        (1 0 2 3 2 1 2)              98.705
390        (1 0 2 3 2 1 1)              98.708
391        (1 0 3 1 1 1 1)              98.711
392        (1 0 3 1 1 1 1)              98.715
393        (1 0 3 1 2 1 2)              98.718
394        (1 0 3 1 2 1 2)              98.721
395        (1 0 1 0 1 0 1)              98.615
396        (1 0 2 3 2 1 2)              98.619
397        (1 0 3 1 2 1 2)              98.622
398        (1 0 3 1 2 1 2)              98.590
399        (1 0 3 1 2 1 2)              98.593
400        (1 0 3 1 2 1 2)              98.597
401        (1 0 3 1 2 1 1)              98.600
402        (1 0 2 3 2 1 2)              98.604
403        (1 0 2 3 2 1 2)              98.607
404        (1 0 2 3 2 1 2)              98.611
405        (1 0 3 1 2 1 2)              98.614
406        (1 0 3 1 1 1 1)              98.618
407        (1 0 3 1 2 1 2)              98.621
408        (1 0 2 3 2 1 2)              98.624
409        (1 0 2 3 1 2 1)              98.628
410        (1 0 2 3 2 1 2)              98.631
411        (1 0 2 3 2 1 2)              98.634
412        (1 0 2 3 2 1 2)              98.638
413        (1 0 1 2 1 2 1)              98.641
414        (1 0 3 1 2 1 2)              98.644
415        (1 0 1 2 1 1 1)              98.648
416        (1 0 3 1 2 1 2)              98.651
417        (1 0 2 3 1 2 0)              98.654
418        (1 0 2 3 2 1 2)              98.657
419        (1 0 3 1 2 1 2)              98.661
420        (1 0 3 1 2 1 2)              98.664
421        (1 0 1 2 1 1 1)              98.667
422        (1 0 1 2 1 1 1)              98.670
423        (1 0 2 3 2 1 2)              98.673
424        (1 0 2 3 2 1 2)              98.677
425        (1 0 2 3 2 1 1)              98.680
426        (1 0 3 1 2 1 1)              98.683
427        (1 0 1 2 1 1 1)              98.686
428        (1 0 3 1 2 1 1)              98.689
429        (1 0 1 2 1 1 1)              98.692
430        (1 0 2 3 2 1 1)              98.695
431        (1 0 0 0 2 2 1)              98.698
432        (1 0 1 2 1 1 1)              98.701
433        (1 0 1 2 1 1 1)              98.704
434        (1 0 2 3 2 1 2)              98.707
435        (1 0 2 3 2 1 2)              98.710
436        (1 0 1 2 1 1 1)              98.713
437        (1 0 2 3 2 1 2)              98.716
438        (1 0 2 3 2 1 2)              98.719
439        (1 0 2 3 2 1 2)              98.722
440        (1 0 3 1 1 1 1)              98.725
441        (1 0 2 3 2 1 2)              98.728
442        (1 0 1 2 2 2 1)              98.731
443        (1 0 2 3 1 1 1)              98.734
444        (1 0 3 1 2 1 2)              98.737
445        (1 0 2 3 2 1 2)              98.739
446        (1 0 2 3 1 1 1)              98.742
447        (1 0 2 3 2 1 2)              98.745
448        (1 0 2 3 2 1 1)              98.748
449        (1 0 2 3 2 1 2)              98.751
450        (1 0 2 3 2 1 1)              98.722
451        (1 0 2 3 2 1 2)              98.724
452        (1 0 2 3 2 1 2)              98.727
453        (1 0 1 2 1 2 1)              98.730
455        (1 0 1 2 1 1 1)              98.733
456        (1 0 2 3 1 2 1)              98.704
457        (1 0 2 3 1 1 1)              98.707
458        (1 0 2 3 2 1 2)              98.710
459        (1 0 1 2 1 2 0)              98.713
460        (1 0 2 3 2 1 2)              98.716
461        (1 0 2 3 2 1 2)              98.718
462        (1 0 2 3 2 1 2)              98.721
463        (1 0 2 3 2 1 2)              98.724
464        (1 0 2 3 2 1 2)              98.727
465        (1 0 1 2 1 1 1)              98.729
466        (1 0 2 3 2 1 2)              98.732
467        (1 0 2 3 2 2 1)              98.735
468        (1 0 3 1 2 1 2)              98.738
469        (1 0 2 3 2 1 2)              98.740
470        (1 0 3 1 2 1 2)              98.743
471        (1 0 2 3 2 1 2)              98.746
472        (1 0 1 2 1 1 1)              98.748
473        (1 0 2 3 2 1 1)              98.751
474        (1 0 2 3 2 1 1)              98.754
475        (1 0 3 1 2 1 2)              98.726
476        (1 0 3 1 2 1 2)              98.729
477        (1 0 3 1 2 1 2)              98.732
478        (1 0 3 1 2 1 2)              98.734
479        (1 0 3 1 2 1 2)              98.737
480        (1 0 2 3 2 1 2)              98.739
481        (1 0 2 3 2 1 2)              98.742
482        (1 0 3 1 2 1 2)              98.715
483        (1 0 1 2 1 1 1)              98.718
484        (1 0 2 3 2 1 2)              98.720
485        (1 0 3 1 2 1 2)              98.723
486        (1 0 2 3 1 2 1)              98.726
487        (1 0 3 1 2 1 2)              98.728
488        (1 0 1 2 1 1 1)              98.731
489        (1 0 3 1 1 1 1)              98.733
490        (1 0 2 3 1 1 1)              98.677
491        (1 0 2 3 1 2 1)              98.680
492        (1 0 2 3 1 2 1)              98.683
493        (1 0 2 3 1 1 1)              98.685
494        (1 0 2 3 2 1 2)              98.688
495        (1 0 3 1 2 1 2)              98.691
496        (1 0 2 3 2 1 2)              98.693
497        (1 0 2 3 2 1 1)              98.696
498        (1 0 2 3 1 1 1)              98.641
499        (1 0 1 2 1 1 1)              98.644
500        (1 0 3 1 2 1 2)              98.618
501        (1 0 2 3 2 1 2)              98.620
502        (1 0 0 0 2 2 1)              98.623
503        (1 0 2 3 2 1 2)              98.626
504        (1 0 2 3 1 2 1)              98.629
505        (1 0 2 3 2 1 2)              98.631
506        (1 0 2 3 2 1 2)              98.634
507        (1 0 2 3 2 1 2)              98.637
508        (1 0 3 1 2 1 2)              98.639
509        (1 0 2 3 2 1 2)              98.642
510        (1 0 1 2 1 1 1)              98.645
511        (1 0 2 3 1 2 1)              98.648
512        (1 0 1 2 1 1 1)              98.650
513        (1 0 2 3 2 1 2)              98.653
514        (1 0 3 1 2 1 2)              98.655
515        (1 0 3 1 2 1 2)              98.658
516        (1 0 2 3 2 2 1)              98.661
517        (1 0 3 1 2 1 2)              98.663
518        (1 0 2 3 2 1 2)              98.666
519        (1 0 3 1 2 1 1)              98.669
520        (1 0 3 1 1 1 1)              98.671
521        (1 0 2 3 2 1 2)              98.674
522        (1 0 3 1 1 1 1)              98.676
523        (1 0 3 1 2 1 2)              98.679
524        (1 0 3 1 2 1 1)              98.681
525        (1 0 3 1 2 1 2)              98.684
526        (1 0 3 1 2 1 2)              98.686
527        (1 0 2 3 2 1 2)              98.689
528        (1 0 0 0 2 2 1)              98.691
529        (1 0 1 2 1 1 1)              98.694
530        (1 0 2 3 2 1 2)              98.696
531        (1 0 2 3 2 1 2)              98.699
532        (1 0 1 2 1 1 1)              98.701
533        (1 0 3 1 2 1 2)              98.704
534        (1 0 1 2 1 2 1)              98.679
535        (1 0 2 3 2 1 2)              98.682
536        (1 0 2 3 2 1 2)              98.684
537        (1 0 2 3 1 1 1)              98.687
538        (1 0 1 2 1 1 1)              98.689
539        (1 0 3 1 2 1 2)              98.692
540        (1 0 1 2 1 1 1)              98.694
541        (1 0 3 1 2 1 2)              98.696
542        (1 0 2 3 2 1 1)              98.672
543        (1 0 1 2 0 0 1)              98.675
544        (1 0 2 3 2 1 2)              98.677
545        (1 0 2 3 2 1 2)              98.680
546        (1 0 2 3 2 1 1)              98.682
547        (1 0 2 3 2 1 2)              98.685
548        (1 0 3 1 2 1 2)              98.687
549        (1 0 1 2 0 0 1)              98.689
550        (1 0 3 1 2 1 2)              98.666
551        (1 0 1 2 1 1 1)              98.668
552        (1 0 1 2 1 1 1)              98.670
553        (1 0 2 3 1 0 1)              98.673
554        (1 0 3 1 1 1 1)              98.675
555        (1 0 2 3 2 1 2)              98.678
556        (1 0 1 2 1 2 0)              98.680
557        (1 0 2 3 2 1 2)              98.683
558        (1 0 3 1 2 1 2)              98.685
559        (1 0 2 3 2 1 2)              98.687
560        (1 0 2 3 2 1 2)              98.690
561        (1 0 2 3 2 1 2)              98.692
562        (1 0 1 2 2 1 2)              98.643
563        (1 0 2 3 1 1 1)              98.646
564        (1 0 2 3 2 1 2)              98.648
565        (1 0 2 3 2 1 2)              98.650
566        (1 0 2 3 2 1 2)              98.653
567        (1 0 3 1 2 1 2)              98.655
568        (1 0 3 1 1 1 1)              98.658
569        (1 0 2 3 1 1 1)              98.660
570        (1 0 3 1 2 1 2)              98.662
571        (1 0 1 2 1 1 1)              98.665
572        (1 0 2 3 2 1 2)              98.667
573        (1 0 2 3 2 1 2)              98.669
574        (1 0 2 3 2 1 2)              98.672
575        (1 0 2 3 2 1 2)              98.674
576        (1 0 2 3 2 1 2)              98.676
577        (1 0 1 2 1 1 1)              98.679
578        (1 0 2 3 1 1 1)              98.681
579        (1 0 3 1 2 1 2)              98.683
580        (1 0 3 1 2 1 2)              98.686
581        (1 0 3 1 2 1 2)              98.688
582        (1 0 2 3 2 1 2)              98.690
583        (1 0 2 3 1 2 1)              98.692
584        (1 0 2 3 2 1 2)              98.695
585        (1 0 2 3 2 1 2)              98.697
586        (1 0 2 3 2 1 2)              98.699
587        (1 0 3 1 2 1 2)              98.701
588        (1 0 2 3 2 1 2)              98.704
589        (1 0 2 3 1 2 1)              98.681
590        (1 0 2 3 1 2 1)              98.659
591        (1 0 2 3 2 1 2)              98.661
592        (1 0 3 1 2 1 2)              98.664
593        (1 0 2 3 2 1 2)              98.666
594        (1 0 2 3 2 2 1)              98.668
595        (1 0 3 1 2 1 2)              98.671
596        (1 0 2 3 2 1 2)              98.673
597        (1 0 3 1 2 1 2)              98.675
598        (1 0 3 1 1 1 1)              98.653
599        (1 0 3 1 2 1 2)              98.655
600        (1 0 2 3 1 1 1)              98.658
601        (1 0 2 3 2 1 2)              98.660
602        (1 0 2 3 2 1 2)              98.662
603        (1 0 2 3 2 1 2)              98.664
604        (1 0 1 2 1 1 1)              98.667
605        (1 0 3 1 2 1 2)              98.669
606        (1 0 3 1 2 1 2)              98.671
607        (1 0 1 2 1 1 1)              98.673
608        (1 0 2 3 2 1 2)              98.675
609        (1 0 2 3 2 1 2)              98.678
610        (1 0 2 3 2 1 2)              98.680
611        (1 0 3 1 2 1 2)              98.682
612        (1 0 2 3 2 1 2)              98.684
613        (1 0 2 3 2 1 2)              98.686
614        (1 0 3 1 2 1 2)              98.689
615        (1 0 3 1 2 1 2)              98.667
616        (1 0 1 2 1 2 1)              98.669
617        (1 0 2 3 2 1 2)              98.672
618        (1 0 2 3 2 1 2)              98.674
619        (1 0 2 3 2 1 2)              98.676
620        (1 0 2 3 2 1 2)              98.678
621        (1 0 2 3 1 2 1)              98.680
622        (1 0 1 2 1 1 1)              98.682
623        (1 0 0 0 1 2 0)              98.685
624        (1 0 2 3 1 2 1)              98.687
625        (1 0 3 1 2 1 1)              98.666
626        (1 0 2 3 2 1 2)              98.668
627        (1 0 2 3 2 1 2)              98.670
628        (1 0 2 3 2 1 2)              98.672
629        (1 0 2 3 2 1 2)              98.674
630        (1 0 2 3 2 1 2)              98.676
631        (1 0 3 1 2 1 2)              98.679
632        (1 0 1 2 1 2 1)              98.681
633        (1 0 3 1 2 1 2)              98.683
634        (1 0 1 2 1 1 1)              98.685
635        (1 0 1 2 1 0 1)              98.596
636        (1 0 3 1 1 1 1)              98.553
637        (1 0 2 3 2 1 2)              98.556
638        (1 0 2 3 2 1 2)              98.558
639        (1 0 1 6 0 0 1)              98.515
640        (1 0 1 2 1 1 1)              98.518
641        (1 0 2 3 2 1 2)              98.520
642        (1 0 2 3 2 1 2)              98.522
643        (1 0 2 3 1 2 1)              98.524
644        (1 0 2 3 2 1 2)              98.527
645        (1 0 2 3 2 1 2)              98.529
646        (1 0 2 3 1 2 1)              98.531
647        (1 0 3 1 2 1 2)              98.534
648        (1 0 1 4 1 2 1)              98.447
649        (1 0 3 1 2 1 2)              98.450
650        (1 0 2 3 2 1 2)              98.452
651        (1 0 3 1 2 1 2)              98.454
652        (1 0 2 3 2 1 1)              98.435
653        (1 0 2 3 2 1 2)              98.437
654        (1 0 2 3 2 1 1)              98.440
655        (1 0 2 3 1 1 1)              98.398
656        (1 0 1 2 1 1 1)              98.401
657        (1 0 2 3 2 1 2)              98.403
658        (1 0 2 3 2 1 2)              98.405
659        (1 0 2 3 2 1 2)              98.408
660        (1 0 3 1 2 1 2)              98.410
661        (1 0 2 3 2 1 2)              98.413
662        (1 0 2 3 2 1 2)              98.415
663        (1 0 2 3 2 1 2)              98.418
664        (1 0 1 2 1 1 1)              98.420
665        (1 0 1 2 1 1 1)              98.422
666        (1 0 3 1 1 2 1)              98.425
667        (1 0 1 2 1 1 1)              98.427
668        (1 0 2 3 2 1 2)              98.429
669        (1 0 1 2 1 1 1)              98.432
670        (1 0 1 2 1 1 1)              98.434
671        (1 0 3 1 2 1 2)              98.436
672        (1 0 2 3 2 1 1)              98.439
673        (1 0 1 2 1 2 1)              98.441
674        (1 0 3 1 2 1 1)              98.422
675        (1 0 3 1 2 1 2)              98.425
676        (1 0 1 2 0 0 1)              98.427
677        (1 0 2 3 2 1 2)              98.429
678        (1 0 1 2 1 1 1)              98.432
679        (1 0 0 0 2 2 1)              98.434
680        (1 0 2 3 2 1 2)              98.436
681        (1 0 3 1 2 1 2)              98.438
682        (1 0 1 2 1 1 1)              98.441
683        (1 0 1 2 1 1 1)              98.443
684        (1 0 2 3 1 2 1)              98.445
685        (1 0 3 1 2 1 2)              98.448
686        (1 0 3 1 2 1 2)              98.450
687        (1 0 2 3 1 2 1)              98.452
688        (1 0 3 1 2 1 1)              98.454
689        (1 0 3 1 1 1 1)              98.457
690        (1 0 2 3 2 1 2)              98.459
691        (1 0 3 1 1 2 1)              98.461
692        (1 0 2 3 1 1 1)              98.463
693        (1 0 2 3 2 1 2)              98.466
694        (1 0 2 3 2 1 2)              98.468
695        (1 0 1 2 1 1 1)              98.470
696        (1 0 2 3 2 1 2)              98.472
697        (1 0 2 3 2 1 2)              98.475
698        (1 0 2 3 2 2 1)              98.477
699        (1 0 1 2 1 1 1)              98.479
700        (1 0 2 3 1 2 1)              98.481
701        (1 0 1 2 1 1 1)              98.483
702        (1 0 1 2 1 2 1)              98.485
703        (1 0 3 1 2 1 2)              98.467
704        (1 0 3 1 2 1 2)              98.449
705        (1 0 1 2 1 2 0)              98.451
706        (1 0 3 1 2 1 2)              98.453
707        (1 0 1 2 1 1 1)              98.456
708        (1 0 2 3 2 1 2)              98.458
709        (1 0 2 3 2 1 2)              98.460
710        (1 0 2 3 2 1 2)              98.462
711        (1 0 1 2 1 1 1)              98.464
712        (1 0 2 3 2 1 2)              98.467
713        (1 0 2 3 2 1 2)              98.469
714        (1 0 2 3 2 1 2)              98.471
715        (1 0 1 2 1 1 1)              98.473
716        (1 0 3 1 1 1 1)              98.475
717        (1 0 2 3 2 1 2)              98.477
718        (1 0 0 0 1 2 0)              98.479
719        (1 0 3 1 2 1 1)              98.482
720        (1 0 2 3 2 1 2)              98.484
721        (1 0 1 2 1 1 1)              98.486
722        (1 0 3 1 2 1 2)              98.488
723        (1 0 2 3 2 1 2)              98.490
724        (1 0 0 0 2 2 1)              98.492
725        (1 0 3 1 2 1 2)              98.494
726        (1 0 2 3 2 1 2)              98.496
727        (1 0 3 1 2 1 2)              98.479
728        (1 0 2 3 1 2 1)              98.481
729        (1 0 3 1 0 0 0)              98.443
730        (1 0 3 1 2 1 2)              98.445
731        (1 0 2 3 2 1 2)              98.448
732        (1 0 2 3 2 1 2)              98.450
733        (1 0 2 3 2 1 2)              98.452
734        (1 0 3 1 2 1 2)              98.454
735        (1 0 2 3 2 1 2)              98.456
736        (1 0 2 3 2 1 2)              98.458
737        (1 0 2 3 2 1 2)              98.460
738        (1 0 2 3 2 1 2)              98.462
739        (1 0 1 2 1 1 1)              98.465
740        (1 0 2 3 2 1 2)              98.467
741        (1 0 2 3 2 1 2)              98.469
742        (1 0 2 3 2 1 1)              98.471
743        (1 0 3 1 1 1 1)              98.473
744        (1 0 2 3 2 1 2)              98.475
745        (1 0 2 3 2 1 2)              98.477
746        (1 0 2 3 2 1 2)              98.479
747        (1 0 2 3 2 1 2)              98.481
748        (1 0 2 3 2 1 2)              98.483
749        (1 0 3 1 2 1 2)              98.485
750        (1 0 2 3 1 1 1)              98.449
751        (1 0 3 1 2 1 2)              98.432
752        (1 0 1 2 1 1 1)              98.434
753        (1 0 2 3 2 1 1)              98.436
754        (1 0 2 3 2 1 2)              98.438
755        (1 0 3 1 2 1 1)              98.440
756        (1 0 2 3 1 1 1)              98.442
757        (1 0 3 1 2 1 2)              98.444
758        (1 0 2 3 2 1 2)              98.446
759        (1 0 2 3 2 1 2)              98.448
760        (1 0 1 2 1 2 1)              98.450
761        (1 0 2 3 2 1 2)              98.453
762        (1 0 2 3 2 1 2)              98.455
763        (1 0 2 3 1 2 1)              98.457
764        (1 0 1 2 1 2 1)              98.459
765        (1 0 2 3 2 1 2)              98.461
766        (1 0 2 3 2 1 2)              98.463
767        (1 0 2 3 2 1 2)              98.465
768        (1 0 3 1 2 1 1)              98.467
769        (1 0 2 3 2 1 2)              98.469
770        (1 0 1 2 1 1 1)              98.471
771        (1 0 3 1 2 1 2)              98.473
772        (1 0 2 3 2 1 2)              98.475
773        (1 0 3 1 2 1 2)              98.477
774        (1 0 2 3 2 1 1)              98.479
775        (1 0 2 3 1 1 1)              98.481
776        (1 0 3 1 2 1 2)              98.464
777        (1 0 2 3 2 1 2)              98.466
778        (1 0 1 2 1 2 0)              98.468
779        (1 0 2 3 2 1 1)              98.452
780        (1 0 1 2 1 1 1)              98.454
781        (1 0 3 1 2 1 2)              98.437
782        (1 0 2 3 1 2 1)              98.421
783        (1 0 2 3 2 1 2)              98.423
784        (1 0 1 2 0 0 1)              98.425
785        (1 0 1 2 1 1 1)              98.427
786        (1 0 1 2 1 2 1)              98.429
787        (1 0 3 1 2 1 1)              98.431
789        (1 0 2 3 2 1 2)              98.433
790        (1 0 2 3 2 1 2)              98.435
791        (1 0 2 3 2 1 2)              98.437
792        (1 0 2 3 2 1 2)              98.439
793        (1 0 2 3 2 1 2)              98.441
794        (1 0 2 3 1 2 1)              98.443
795        (1 0 2 3 1 1 1)              98.445
796        (1 0 2 3 2 1 2)              98.447
797        (1 0 1 2 0 0 1)              98.449
798        (1 0 3 1 2 1 2)              98.451
799        (1 0 2 3 2 1 2)              98.453
800        (1 0 2 3 2 1 2)              98.455
801        (1 0 3 1 2 1 2)              98.457
802        (1 0 1 2 1 1 1)              98.459
803        (1 0 1 2 1 1 1)              98.460
804        (1 0 2 3 2 1 2)              98.462
805        (1 0 2 3 2 1 2)              98.464
806        (1 0 0 0 1 2 0)              98.466
807        (1 0 1 2 1 1 1)              98.468
808        (1 0 2 3 2 1 1)              98.470
809        (1 0 1 2 1 1 1)              98.472
810        (1 0 2 3 2 1 2)              98.474
811        (1 0 2 3 2 1 2)              98.476
812        (1 0 2 3 1 2 1)              98.478
813        (1 0 2 3 1 2 1)              98.479
814        (1 0 1 2 1 1 1)              98.481
815        (1 0 3 1 2 1 2)              98.466
816        (1 0 1 2 0 0 1)              98.468
817        (1 0 2 3 2 1 2)              98.469
818        (1 0 2 3 2 1 2)              98.471
819        (1 0 2 3 2 1 2)              98.473
820        (1 0 1 2 1 2 1)              98.457
821        (1 0 2 3 1 2 1)              98.459
822        (1 0 1 2 1 1 1)              98.461
823        (1 0 3 1 1 1 1)              98.463
824        (1 0 3 1 2 1 2)              98.465
825        (1 0 2 3 2 1 2)              98.467
826        (1 0 2 3 1 2 1)              98.469
827        (1 0 3 1 2 1 2)              98.471
828        (1 0 1 2 2 2 1)              98.472
829        (1 0 2 3 1 2 1)              98.474
830        (1 0 2 3 2 1 2)              98.476
831        (1 0 2 3 2 2 1)              98.478
832        (1 0 2 3 2 1 1)              98.480
833        (1 0 2 3 2 1 2)              98.482
834        (1 0 2 3 1 1 1)              98.484
835        (1 0 1 2 1 1 1)              98.485
836        (1 0 2 3 2 1 2)              98.487
837        (1 0 1 2 1 1 1)              98.489
838        (1 0 3 1 2 1 2)              98.474
839        (1 0 2 3 2 1 2)              98.476
840        (1 0 2 3 2 1 2)              98.477
841        (1 0 1 2 1 1 1)              98.479
842        (1 0 2 3 1 2 1)              98.481
843        (1 0 2 3 2 1 2)              98.483
845        (1 0 2 3 1 1 1)              98.485
846        (1 0 1 2 1 1 1)              98.486
847        (1 0 3 1 2 1 2)              98.488
848        (1 0 2 3 2 1 2)              98.490
849        (1 0 2 3 1 1 1)              98.458
850        (1 0 2 3 2 1 2)              98.460
851        (1 0 3 1 2 1 1)              98.445
852        (1 0 2 3 2 1 2)              98.446
853        (1 0 2 3 2 2 1)              98.448
854        (1 0 1 2 1 1 1)              98.450
855        (1 0 1 2 1 1 1)              98.452
856        (1 0 3 1 2 1 2)              98.454
857        (1 0 0 4 0 0 0)              98.422
858        (1 0 1 2 1 1 1)              98.424
859        (1 0 2 3 2 1 1)              98.409
860        (1 0 3 1 2 1 2)              98.411
861        (1 0 1 2 1 1 1)              98.413
862        (1 0 3 1 2 1 2)              98.415
863        (1 0 2 3 2 1 2)              98.416
864        (1 0 1 2 1 1 1)              98.418
865        (1 0 1 1 0 0 1)              98.370
866        (1 0 2 3 2 1 2)              98.372
867        (1 0 2 3 2 1 2)              98.374
868        (1 0 1 2 1 1 1)              98.376
869        (1 0 3 1 1 1 1)              98.378
870        (1 0 3 1 2 1 1)              98.363
871        (1 0 3 1 2 1 2)              98.348
872        (1 0 2 3 2 1 2)              98.350
873        (1 0 1 2 1 1 1)              98.319
874        (1 0 2 3 2 1 2)              98.321
875        (1 0 2 3 2 1 2)              98.323
876        (1 0 2 3 2 1 2)              98.325
877        (1 0 1 2 1 1 1)              98.327
878        (1 0 2 3 1 1 1)              98.329
879        (1 0 3 1 2 1 2)              98.331
880        (1 0 1 2 1 1 1)              98.333
881        (1 0 1 2 1 1 1)              98.335
882        (1 0 3 1 1 1 1)              98.337
883        (1 0 1 2 1 1 1)              98.338
884        (1 0 3 1 1 1 1)              98.340
885        (1 0 1 2 1 1 1)              98.342
886        (1 0 1 2 1 1 1)              98.344
887        (1 0 2 3 2 1 2)              98.346
888        (1 0 2 3 2 1 2)              98.348
889        (1 0 0 0 1 2 0)              98.350
890        (1 0 3 1 2 1 2)              98.352
891        (1 0 2 3 2 1 1)              98.354
892        (1 0 2 3 2 1 2)              98.355
893        (1 0 1 2 1 1 1)              98.357
894        (1 0 2 3 2 1 2)              98.359
895        (1 0 2 3 2 1 1)              98.361
896        (1 0 2 3 2 1 1)              98.363
897        (1 0 3 1 2 1 2)              98.365
898        (1 0 3 1 2 1 1)              98.366
899        (1 0 2 3 2 1 2)              98.368
900        (1 0 3 1 2 1 2)              98.370
901        (1 0 3 1 2 1 2)              98.356
902        (1 0 3 1 2 1 2)              98.358
903        (1 0 1 2 0 0 1)              98.360
904        (1 0 3 1 2 1 2)              98.361
905        (1 0 3 1 2 1 2)              98.363
906        (1 0 1 2 1 2 1)              98.365
907        (1 0 2 3 2 1 2)              98.367
908        (1 0 2 3 2 1 1)              98.369
909        (1 0 1 2 1 1 1)              98.371
910        (1 0 1 2 1 1 1)              98.372
911        (1 0 3 1 1 0 0)              98.374
912        (1 0 2 3 1 2 1)              98.376
913        (1 0 3 1 1 1 1)              98.362
914        (1 0 3 1 2 1 2)              98.364
915        (1 0 1 2 1 1 1)              98.366
916        (1 0 2 3 2 1 2)              98.367
917        (1 0 2 3 2 1 2)              98.369
918        (1 0 2 3 1 1 1)              98.371
919        (1 0 1 2 1 1 1)              98.373
920        (1 0 1 2 1 1 1)              98.374
921        (1 0 1 0 0 0 0)              98.329
922        (1 0 2 3 2 1 1)              98.331
923        (1 0 2 3 1 2 1)              98.333
924        (1 0 2 3 2 1 2)              98.335
925        (1 0 2 3 2 1 2)              98.337
926        (1 0 2 3 2 1 2)              98.339
927        (1 0 2 3 2 1 2)              98.340
928        (1 0 2 3 1 1 1)              98.342
929        (1 0 2 3 2 1 2)              98.344
930        (1 0 1 2 1 2 1)              98.346
931        (1 0 2 3 2 1 2)              98.347
932        (1 0 2 3 2 1 2)              98.349
933        (1 0 3 1 2 1 2)              98.351
934        (1 0 0 0 1 0 1)              98.353
935        (1 0 2 3 2 1 2)              98.355
936        (1 0 3 1 2 1 1)              98.341
937        (1 0 2 3 2 1 1)              98.343
938        (1 0 2 3 1 2 1)              98.345
939        (1 0 2 3 2 1 2)              98.346
940        (1 0 3 1 2 1 2)              98.348
941        (1 0 3 1 2 1 1)              98.350
942        (1 0 1 2 1 1 1)              98.352
943        (1 0 1 2 1 1 1)              98.353
944        (1 0 2 3 2 1 2)              98.355
945        (1 0 1 2 1 1 1)              98.357
946        (1 0 1 2 1 1 1)              98.359
947        (1 0 3 1 2 1 2)              98.360
948        (1 0 1 2 1 1 1)              98.362
949        (1 0 3 1 2 1 2)              98.364
950        (1 0 3 1 2 1 2)              98.366
951        (1 0 2 3 2 1 2)              98.367
952        (1 0 2 3 2 1 2)              98.369
953        (1 0 2 3 1 1 1)              98.371
954        (1 0 2 3 2 1 2)              98.373
955        (1 0 1 2 1 1 1)              98.374
956        (1 0 2 3 2 1 2)              98.376
957        (1 0 1 2 1 1 1)              98.378
958        (1 0 1 2 1 1 1)              98.379
959        (1 0 2 3 1 1 1)              98.366
960        (1 0 0 0 2 2 1)              98.368
961        (1 0 2 3 2 1 2)              98.369
962        (1 0 3 1 2 1 2)              98.356
963        (1 0 1 2 0 0 1)              98.358
964        (1 0 1 2 1 1 1)              98.360
965        (1 0 2 3 1 0 1)              98.361
966        (1 0 2 3 2 1 1)              98.348
967        (1 0 2 3 2 1 2)              98.350
968        (1 0 3 1 1 1 1)              98.322
969        (1 0 3 1 2 1 2)              98.324
970        (1 0 3 1 2 1 2)              98.325
971        (1 0 3 1 2 1 2)              98.327
972        (1 0 2 3 2 1 2)              98.329
973        (1 0 2 3 2 1 1)              98.331
974        (1 0 2 3 2 1 2)              98.332
975        (1 0 2 3 2 1 2)              98.334
976        (1 0 3 1 2 1 2)              98.336
977        (1 0 1 2 1 1 1)              98.338
978        (1 0 3 1 2 1 2)              98.339
979        (1 0 3 1 2 1 2)              98.341
980        (1 0 2 3 2 1 2)              98.343
981        (1 0 1 2 1 1 1)              98.344
982        (1 0 2 3 2 2 1)              98.346
983        (1 0 2 3 2 1 2)              98.348
984        (1 0 1 2 1 1 1)              98.349
985        (1 0 0 0 1 2 0)              98.351
986        (1 0 1 2 1 1 1)              98.353
987        (1 0 3 1 2 1 2)              98.354
988        (1 0 2 3 1 1 1)              98.327
989        (1 0 2 3 2 1 2)              98.329
990        (1 0 3 1 2 1 2)              98.330
991        (1 0 3 1 2 1 2)              98.332
992        (1 0 3 1 2 1 1)              98.334
993        (1 0 2 3 1 1 1)              98.336
994        (1 0 0 0 2 2 1)              98.337
995        (1 0 1 2 1 1 1)              98.339
996        (1 0 1 2 1 1 1)              98.341
997        (1 0 2 3 2 1 2)              98.342
998        (1 0 2 3 2 1 1)              98.344
999        (1 0 3 1 2 1 2)              98.346
1000       (1 0 3 1 2 1 2)              98.347
1001       (1 0 2 3 2 1 2)              98.349
1002       (1 0 3 1 2 1 1)              98.351
1003       (1 0 1 2 1 1 1)              98.352
1004       (1 0 2 3 2 1 2)              98.354
1005       (1 0 1 2 1 1 1)              98.355
1006       (1 0 3 1 2 1 2)              98.357
1007       (1 0 2 3 2 1 2)              98.359
1008       (1 0 2 3 2 1 2)              98.360
1009       (1 0 2 3 2 1 2)              98.362
1010       (1 0 1 2 1 1 1)              98.364
1011       (1 0 2 3 2 1 2)              98.365
1012       (1 0 2 3 1 2 1)              98.367
1013       (1 0 3 0 0 2 1)              98.326
1014       (1 0 2 3 2 1 2)              98.328
1015       (1 0 2 3 2 1 1)              98.315
1016       (1 0 1 2 0 0 1)              98.317
1017       (1 0 1 2 1 1 1)              98.318
1018       (1 0 2 3 2 1 2)              98.320
1019       (1 0 1 2 1 1 1)              98.322
1020       (1 0 3 1 2 1 2)              98.323
1021       (1 0 2 3 2 1 1)              98.325
1022       (1 0 2 3 2 1 2)              98.327
1023       (1 0 2 3 2 1 2)              98.328
1024       (1 0 2 3 2 1 2)              98.330
1025       (1 0 2 3 2 1 2)              98.332
1026       (1 0 2 3 2 2 1)              98.333
1027       (1 0 2 3 1 2 1)              98.335
1028       (1 0 2 3 2 1 2)              98.337
1029       (1 0 2 3 2 1 2)              98.338
1030       (1 0 1 2 1 1 1)              98.340
1031       (1 0 0 0 2 2 1)              98.341
1032       (1 0 2 3 2 1 2)              98.343
1033       (1 0 3 1 2 1 2)              98.345
1034       (1 0 3 1 2 1 2)              98.346
1035       (1 0 0 0 2 2 1)              98.348
1036       (1 0 2 3 2 1 2)              98.350
1037       (1 0 3 1 2 1 2)              98.351
1038       (1 0 2 3 1 2 1)              98.353
1039       (1 0 2 3 2 1 2)              98.354
1040       (1 0 3 1 2 1 2)              98.356
1041       (1 0 2 3 2 1 2)              98.357
1042       (1 0 2 3 2 1 2)              98.359
1043       (1 0 3 1 2 1 2)              98.361
1044       (1 0 2 3 1 1 1)              98.362
1045       (1 0 2 3 1 2 1)              98.364
1046       (1 0 2 3 2 1 2)              98.365
1047       (1 0 3 1 2 1 2)              98.367
1048       (1 0 2 3 2 1 2)              98.369
1049       (1 0 3 6 0 0 0)              98.343
1050       (1 0 2 3 2 1 1)              98.344
1051       (1 0 1 2 0 0 1)              98.346
1052       (1 0 2 3 1 2 1)              98.334
1053       (1 0 2 3 2 1 2)              98.335
1054       (1 0 2 3 2 1 2)              98.337
1055       (1 0 1 2 1 1 1)              98.339
1056       (1 0 1 2 2 2 1)              98.340
1057       (1 0 1 2 1 2 0)              98.342
1058       (1 0 2 3 2 1 2)              98.343
1059       (1 0 1 2 1 1 1)              98.345
1060       (1 0 2 3 2 1 2)              98.346
1061       (1 0 3 1 2 1 2)              98.348
1062       (1 0 3 1 2 1 2)              98.350
1063       (1 0 1 2 1 1 1)              98.351
1064       (1 0 3 1 2 1 2)              98.353
1065       (1 0 2 3 1 2 1)              98.354
1066       (1 0 2 3 2 2 1)              98.356
1067       (1 0 3 1 1 1 1)              98.330
1068       (1 0 1 2 1 1 1)              98.332
1069       (1 0 2 3 2 1 1)              98.334
1070       (1 0 1 2 1 1 1)              98.335
1071       (1 0 3 1 1 1 1)              98.337
1072       (1 0 1 2 1 2 0)              98.338
1073       (1 0 3 1 1 1 1)              98.340
1074       (1 0 3 1 2 1 2)              98.328
1075       (1 0 2 3 1 1 1)              98.330
1076       (1 0 2 3 2 1 2)              98.331
1077       (1 0 1 2 1 1 1)              98.333
1078       (1 0 2 3 1 1 1)              98.334
1079       (1 0 2 3 2 1 2)              98.336
1080       (1 0 2 3 2 1 2)              98.337
1081       (1 0 1 2 1 2 1)              98.339
1082       (1 0 1 2 1 1 1)              98.340
1083       (1 0 3 1 2 1 2)              98.342
1084       (1 0 2 3 1 1 1)              98.343
1085       (1 0 2 3 2 1 2)              98.345
1086       (1 0 1 2 1 1 1)              98.347
1087       (1 0 2 3 2 1 2)              98.348
1088       (1 0 3 1 2 1 2)              98.350
1089       (1 0 2 3 1 1 1)              98.325
1090       (1 0 2 3 2 1 2)              98.326
1091       (1 0 3 1 2 1 2)              98.328
1092       (1 0 2 3 2 1 2)              98.329
1093       (1 0 2 3 2 1 2)              98.331
1094       (1 0 2 3 1 1 1)              98.319
1095       (1 0 0 0 1 2 0)              98.321
1096       (1 0 2 3 2 1 1)              98.322
1097       (1 0 3 1 2 1 2)              98.324
1098       (1 0 1 2 1 1 1)              98.325
1099       (1 0 2 3 2 1 2)              98.327
1100       (1 0 2 3 2 1 2)              98.329
1101       (1 0 2 3 1 1 1)              98.330
1102       (1 0 2 3 1 2 1)              98.332
1103       (1 0 4 2 1 1 1)              98.320
1104       (1 0 0 0 2 2 1)              98.322
1105       (1 0 0 0 2 2 1)              98.323
1106       (1 0 2 3 2 1 2)              98.325
1107       (1 0 3 1 2 1 2)              98.326
1108       (1 0 2 3 1 2 1)              98.328
1109       (1 0 2 3 2 1 2)              98.329
1110       (1 0 3 1 2 1 2)              98.331
1111       (1 0 2 3 2 1 2)              98.332
1112       (1 0 1 2 0 0 1)              98.334
1113       (1 0 3 1 2 1 2)              98.335
1114       (1 0 3 1 2 1 2)              98.337
1115       (1 0 2 3 2 1 2)              98.338
1116       (1 0 1 2 1 1 1)              98.340
1117       (1 0 1 2 1 1 1)              98.341
1118       (1 0 3 1 2 1 2)              98.343
1119       (1 0 1 2 0 0 1)              98.344
1120       (1 0 2 3 1 2 1)              98.346
1121       (1 0 3 1 2 1 2)              98.347
1122       (1 0 3 1 2 1 1)              98.349
1123       (1 0 3 1 2 1 1)              98.337
1124       (1 0 2 3 2 1 2)              98.339
1125       (1 0 3 1 1 1 1)              98.340
1126       (1 0 3 1 2 1 2)              98.342
1127       (1 0 2 3 2 1 2)              98.343
1128       (1 0 1 2 0 0 1)              98.345
1129       (1 0 2 3 1 2 1)              98.346
1130       (1 0 1 2 1 1 1)              98.348
1131       (1 0 2 3 2 1 2)              98.349
1132       (1 0 2 3 2 1 2)              98.351
1133       (1 0 1 2 1 1 1)              98.352
1134       (1 0 3 1 2 1 2)              98.354
1135       (1 0 3 1 2 1 2)              98.355
1136       (1 0 2 3 2 1 2)              98.357
1137       (1 0 1 2 1 2 1)              98.358
1138       (1 0 2 3 1 2 1)              98.359
1139       (1 0 1 2 1 2 1)              98.361
1140       (1 0 2 3 2 1 1)              98.362
1141       (1 0 3 1 2 1 2)              98.364
1142       (1 0 0 0 0 2 0)              98.365
1143       (1 0 2 3 2 1 2)              98.367
1144       (1 0 0 0 1 0 1)              98.368
1145       (1 0 3 1 2 1 2)              98.369
1146       (1 0 3 1 2 1 2)              98.371
1147       (1 0 3 1 2 1 2)              98.360
1148       (1 0 3 1 2 1 2)              98.361
1149       (1 0 2 3 2 1 2)              98.363
1150       (1 0 3 1 2 1 2)              98.352
1151       (1 0 3 1 2 1 2)              98.353
1152       (1 0 2 3 1 2 1)              98.355
1153       (1 0 3 1 1 1 1)              98.356
1154       (1 0 2 3 2 1 2)              98.357
1155       (1 0 1 2 1 1 1)              98.359
1156       (1 0 2 3 2 1 2)              98.360
1157       (1 0 3 1 2 1 2)              98.362
1158       (1 0 3 1 2 1 2)              98.363
1159       (1 0 2 3 2 1 2)              98.365
1160       (1 0 2 3 2 1 2)              98.366
1161       (1 0 3 1 2 1 2)              98.367
1162       (1 0 2 3 2 1 2)              98.344
1163       (1 0 2 3 2 1 2)              98.345
1164       (1 0 2 3 1 2 0)              98.347
1165       (1 0 2 3 1 2 1)              98.348
1166       (1 0 2 3 1 1 1)              98.350
1167       (1 0 1 2 1 1 1)              98.351
1168       (1 0 2 3 2 1 2)              98.353
1169       (1 0 1 2 1 2 0)              98.354
1170       (1 0 3 1 1 1 1)              98.355
1171       (1 0 2 3 2 1 2)              98.357
1172       (1 0 2 3 2 1 2)              98.358
1173       (1 0 3 1 2 1 2)              98.360
1174       (1 0 2 3 1 2 1)              98.361
1175       (1 0 3 1 2 1 2)              98.362
1176       (1 0 2 3 2 2 1)              98.364
1177       (1 0 2 3 2 1 2)              98.365
1178       (1 0 0 0 1 0 1)              98.367
1179       (1 0 2 3 2 1 2)              98.368
1180       (1 0 2 3 2 1 2)              98.369
1181       (1 0 3 1 2 1 2)              98.371
1182       (1 0 2 3 2 1 2)              98.372
1183       (1 0 3 1 2 1 2)              98.374
1184       (1 0 2 3 1 0 1)              98.375
1185       (1 0 3 1 2 1 2)              98.376
1187       (1 0 2 3 1 1 1)              98.378
1188       (1 0 3 1 2 1 2)              98.379
1189       (1 0 2 3 2 1 2)              98.380
1190       (1 0 2 3 2 1 1)              98.382
1191       (1 0 1 2 1 0 1)              98.359
1192       (1 0 3 1 2 1 1)              98.360
1193       (1 0 3 1 2 1 2)              98.362
1194       (1 0 3 1 2 1 2)              98.363
1195       (1 0 2 3 2 1 2)              98.365
1196       (1 0 2 3 2 1 1)              98.366
1197       (1 0 2 3 2 1 2)              98.367
1198       (1 0 2 3 2 1 2)              98.369
1199       (1 0 3 1 2 1 1)              98.358
1200       (1 0 2 3 2 1 2)              98.359
1201       (1 0 3 1 1 1 1)              98.361
1202       (1 0 3 1 2 1 2)              98.362
1203       (1 0 1 2 1 1 1)              98.364
1204       (1 0 2 3 2 1 1)              98.365
1205       (1 0 1 2 1 1 1)              98.366
1206       (1 0 2 3 2 1 2)              98.368
1207       (1 0 2 3 2 1 1)              98.369
1208       (1 0 2 3 2 1 1)              98.359
1209       (1 0 2 3 2 1 2)              98.360
1210       (1 0 2 3 2 1 1)              98.361
1211       (1 0 2 3 1 1 1)              98.363
1212       (1 0 2 3 2 1 2)              98.364
1213       (1 0 3 1 2 1 2)              98.365
1214       (1 0 2 3 1 2 1)              98.367
1215       (1 0 3 1 2 1 2)              98.368
1216       (1 0 2 3 2 1 2)              98.369
1217       (1 0 3 1 2 1 2)              98.371
1218       (1 0 1 2 1 1 1)              98.372
1219       (1 0 2 3 2 1 2)              98.362
1220       (1 0 2 3 2 1 2)              98.363
1221       (1 0 2 3 2 1 2)              98.364
1222       (1 0 2 3 2 1 2)              98.366
1223       (1 0 1 2 1 1 1)              98.367
1224       (1 0 2 3 2 1 1)              98.368
1225       (1 0 1 2 1 1 1)              98.370
1226       (1 0 1 2 1 1 1)              98.371
1227       (1 0 2 3 2 1 1)              98.372
1228       (1 0 2 3 2 1 2)              98.374
1229       (1 0 2 3 2 1 1)              98.375
1230       (1 0 1 2 1 1 1)              98.376
1231       (1 0 3 1 2 1 2)              98.378
1232       (1 0 3 1 2 1 2)              98.379
1233       (1 0 1 2 1 1 1)              98.380
1234       (1 0 3 1 2 1 2)              98.382
1235       (1 0 2 3 2 1 2)              98.383
1236       (1 0 2 3 2 1 2)              98.384
1237       (1 0 2 3 2 1 2)              98.386
1238       (1 0 2 3 2 1 2)              98.387
1239       (1 0 1 2 1 1 1)              98.388
1240       (1 0 2 3 1 2 1)              98.378
1241       (1 0 3 1 2 1 2)              98.379
1242       (1 0 2 3 2 1 2)              98.381
1243       (1 0 0 0 1 2 0)              98.382
1244       (1 0 1 2 1 1 1)              98.383
1245       (1 0 3 1 2 1 2)              98.384
1246       (1 0 3 1 2 1 2)              98.386
1247       (1 0 2 3 2 1 2)              98.387
1248       (1 0 3 1 2 1 2)              98.388
1249       (1 0 2 3 2 1 2)              98.390
1250       (1 0 2 3 2 1 2)              98.391
1251       (1 0 1 2 1 1 1)              98.392
1252       (1 0 1 2 1 1 1)              98.394
1253       (1 0 2 3 2 2 1)              98.395
1254       (1 0 3 1 2 1 2)              98.396
1255       (1 0 4 1 1 1 1)              98.386
1256       (1 0 1 2 0 0 1)              98.387
1257       (1 0 1 2 1 1 1)              98.389
1258       (1 0 2 3 2 1 1)              98.378
1259       (1 0 2 3 2 1 2)              98.380
1260       (1 0 2 3 2 1 2)              98.381
1261       (1 0 2 3 2 1 2)              98.382
1262       (1 0 2 3 2 1 2)              98.384
1263       (1 0 3 1 2 1 2)              98.385
1264       (1 0 1 2 1 2 1)              98.386
1265       (1 0 2 3 1 1 1)              98.387
1266       (1 0 1 2 0 0 1)              98.389
1267       (1 0 3 1 2 1 2)              98.390
1268       (1 0 1 2 1 1 1)              98.391
1269       (1 0 2 3 1 1 1)              98.370
1270       (1 0 2 3 0 0 0)              98.371
1271       (1 0 1 2 1 1 1)              98.373
1272       (1 0 0 0 1 2 0)              98.374
1273       (1 0 3 1 2 1 2)              98.375
1274       (1 0 2 3 2 1 2)              98.376
1275       (1 0 2 3 1 2 1)              98.378
1276       (1 0 1 2 1 1 1)              98.379
1277       (1 0 3 1 2 1 2)              98.380
1278       (1 0 2 1 1 1 1)              98.370
1280       (1 0 1 2 1 1 1)              98.372
1281       (1 0 2 3 2 1 2)              98.373
1282       (1 0 2 3 2 1 2)              98.374
1283       (1 0 1 2 1 1 1)              98.375
1284       (1 0 2 3 2 1 1)              98.377
1286       (1 0 2 3 2 1 2)              98.378
1287       (1 0 1 2 1 1 1)              98.379
1288       (1 0 2 3 2 1 2)              98.380
1289       (1 0 2 3 1 2 1)              98.382
1290       (1 0 2 3 1 2 1)              98.383
1291       (1 0 1 2 1 1 1)              98.384
1292       (1 0 1 2 1 1 1)              98.385
1293       (1 0 3 1 2 1 2)              98.376
1294       (1 0 1 2 1 1 1)              98.377
1295       (1 0 2 3 2 1 2)              98.378
1296       (1 0 3 1 2 1 2)              98.379
1297       (1 0 1 2 1 2 1)              98.381
1298       (1 0 2 3 2 1 2)              98.382
1299       (1 0 2 3 2 1 2)              98.383
1300       (1 0 1 2 1 1 1)              98.384
1301       (1 0 2 3 2 1 2)              98.386
1302       (1 0 2 3 2 1 2)              98.387
1303       (1 0 2 3 2 1 2)              98.388
1304       (1 0 2 3 2 1 1)              98.389
1305       (1 0 2 3 2 1 1)              98.391
1306       (1 0 3 1 2 1 2)              98.381
1307       (1 0 1 2 1 2 0)              98.382
1308       (1 0 2 3 2 1 2)              98.383
1309       (1 0 2 3 2 1 2)              98.385
1310       (1 0 3 1 1 1 1)              98.386
1311       (1 0 2 3 2 1 2)              98.387
1312       (1 0 2 3 2 1 2)              98.388
1313       (1 0 3 1 2 1 1)              98.390
1314       (1 0 0 0 1 2 0)              98.391
1315       (1 0 2 3 2 1 2)              98.392
1316       (1 0 3 1 2 1 2)              98.382
1317       (1 0 3 1 2 1 1)              98.384
1318       (1 0 2 3 2 1 2)              98.385
1319       (1 0 3 1 2 1 2)              98.386
1320       (1 0 2 3 1 1 1)              98.387
1321       (1 0 3 1 2 1 2)              98.389
1322       (1 0 1 2 1 1 1)              98.390
1323       (1 0 2 3 2 1 2)              98.391
1324       (1 0 2 3 2 1 1)              98.392
1325       (1 0 2 3 2 2 1)              98.393
1326       (1 0 3 1 2 1 2)              98.395
1327       (1 0 1 2 1 1 1)              98.396
1328       (1 0 3 1 1 1 1)              98.397
1329       (1 0 2 3 2 1 1)              98.398
1330       (1 0 0 0 1 2 0)              98.399
1331       (1 0 3 1 2 1 1)              98.401
1332       (1 0 3 1 2 1 2)              98.402
1333       (1 0 1 2 1 1 1)              98.403
1334       (1 0 0 6 0 1 1)              98.372
1335       (1 0 3 1 2 1 1)              98.362
1336       (1 0 2 3 2 1 2)              98.364
1337       (1 0 1 2 1 1 1)              98.365
1338       (1 0 3 1 2 1 2)              98.366
1339       (1 0 3 1 2 1 2)              98.367
1340       (1 0 3 1 1 1 1)              98.369
1341       (1 0 3 1 2 1 2)              98.370
1342       (1 0 2 3 2 1 2)              98.371
1343       (1 0 2 3 1 2 0)              98.372
1344       (1 0 3 1 2 1 2)              98.373
1345       (1 0 3 1 2 1 1)              98.375
1346       (1 0 3 1 2 1 2)              98.376
1347       (1 0 0 0 2 2 1)              98.377
1348       (1 0 3 1 2 1 2)              98.378
1349       (1 0 3 1 2 1 2)              98.380
1350       (1 0 2 3 2 1 2)              98.381
1351       (1 0 2 3 2 1 2)              98.382
1352       (1 0 3 1 2 1 2)              98.383
1353       (1 0 3 1 2 1 2)              98.384
1354       (1 0 2 3 2 1 2)              98.386
1355       (1 0 3 1 2 1 2)              98.376
1356       (1 0 2 3 1 2 1)              98.377
1357       (1 0 2 3 2 1 2)              98.379
1358       (1 0 2 3 2 1 2)              98.380
1359       (1 0 2 3 2 1 2)              98.381
1360       (1 0 2 3 1 2 1)              98.382
1361       (1 0 1 2 1 1 1)              98.383
1362       (1 0 2 3 2 1 2)              98.385
1363       (1 0 2 3 1 1 0)              98.375
1364       (1 0 3 1 2 1 1)              98.376
1365       (1 0 2 3 2 1 2)              98.378
1366       (1 0 2 3 1 2 1)              98.379
1367       (1 0 1 2 1 1 1)              98.380
1368       (1 0 3 1 2 1 2)              98.381
1369       (1 0 1 2 1 1 1)              98.382
1370       (1 0 3 1 2 1 2)              98.373
1371       (1 0 2 3 2 1 2)              98.374
1372       (1 0 3 1 2 1 2)              98.375
1373       (1 0 3 1 2 1 2)              98.366
1374       (1 0 1 2 1 1 1)              98.367
1375       (1 0 2 3 2 1 2)              98.369
1376       (1 0 1 2 0 0 1)              98.370
1377       (1 0 3 1 1 1 1)              98.371
1378       (1 0 3 1 2 1 1)              98.372
1379       (1 0 3 1 2 1 2)              98.373
1380       (1 0 1 2 1 1 1)              98.374
1381       (1 0 2 3 2 1 2)              98.376
1382       (1 0 1 2 1 1 1)              98.377
1383       (1 0 3 1 2 1 2)              98.378
1384       (1 0 2 3 2 1 2)              98.379
1385       (1 0 1 1 0 0 1)              98.360
1386       (1 0 2 3 2 1 2)              98.361
1387       (1 0 2 3 2 1 2)              98.362
1388       (1 0 3 1 2 1 2)              98.363
1389       (1 0 3 1 2 1 2)              98.364
1390       (1 0 3 1 2 1 2)              98.355
1391       (1 0 1 2 1 1 1)              98.356
1392       (1 0 2 3 2 1 2)              98.358
1393       (1 0 1 2 1 1 1)              98.359
1394       (1 0 3 1 2 1 1)              98.360
1395       (1 0 3 1 2 1 2)              98.361
1396       (1 0 3 1 2 1 2)              98.362
1397       (1 0 3 1 2 1 2)              98.364
1398       (1 0 3 1 2 1 2)              98.365
1399       (1 0 2 3 2 1 2)              98.366
1400       (1 0 3 1 2 1 2)              98.367
1401       (1 0 2 3 2 1 2)              98.368
1402       (1 0 3 1 2 1 2)              98.359
1403       (1 0 2 3 1 2 1)              98.360
1404       (1 0 3 1 2 1 2)              98.361
1405       (1 0 3 1 2 1 2)              98.363
1406       (1 0 2 3 1 2 1)              98.364
1407       (1 0 3 1 2 1 1)              98.365
1408       (1 0 2 3 1 1 1)              98.366
1409       (1 0 2 3 2 1 2)              98.367
1410       (1 0 3 1 2 1 2)              98.369
1411       (1 0 3 1 2 1 2)              98.349
1412       (1 0 2 3 2 1 2)              98.350
1413       (1 0 3 1 2 1 1)              98.352
1414       (1 0 2 3 2 1 1)              98.353
1415       (1 0 2 3 2 1 2)              98.354
1416       (1 0 2 3 1 1 1)              98.355
1417       (1 0 2 3 2 1 2)              98.356
1418       (1 0 2 3 2 1 2)              98.357
1419       (1 0 1 2 1 1 1)              98.359
1420       (1 0 1 2 1 1 1)              98.360
1421       (1 0 2 3 2 1 1)              98.361
1422       (1 0 2 3 2 1 2)              98.362
1423       (1 0 2 3 2 1 2)              98.363
1424       (1 0 3 1 2 1 2)              98.364
1425       (1 0 2 3 2 1 2)              98.356
1426       (1 0 2 3 2 2 1)              98.357
1427       (1 0 2 3 2 1 2)              98.358
1428       (1 0 3 1 2 1 1)              98.359
1429       (1 0 2 3 2 1 1)              98.360
1430       (1 0 1 2 1 1 1)              98.361
1431       (1 0 3 1 2 1 2)              98.362
1432       (1 0 1 2 1 1 1)              98.364
1433       (1 0 3 1 2 1 2)              98.365
1434       (1 0 2 3 1 2 1)              98.366
1435       (1 0 2 3 2 1 2)              98.367
1436       (1 0 1 2 1 1 1)              98.368
1437       (1 0 2 3 2 1 2)              98.369
1438       (1 0 2 3 2 1 2)              98.370
1439       (1 0 2 3 2 1 2)              98.372
1440       (1 0 1 2 1 1 1)              98.373
1441       (1 0 2 3 2 1 2)              98.374
1442       (1 0 3 1 2 1 2)              98.365
1443       (1 0 1 2 1 1 1)              98.366
1444       (1 0 1 2 1 1 1)              98.367
1445       (1 0 2 3 2 1 2)              98.368
1446       (1 0 2 3 1 1 1)              98.350
1447       (1 0 2 3 2 1 2)              98.351
1448       (1 0 1 2 1 1 1)              98.352
1449       (1 0 2 3 2 1 2)              98.353
1450       (1 0 2 3 2 1 2)              98.354
1451       (1 0 2 3 2 1 1)              98.355
1452       (1 0 1 2 1 1 1)              98.357
1453       (1 0 2 3 2 1 2)              98.358
1454       (1 0 2 3 2 1 2)              98.359
1455       (1 0 2 3 2 2 1)              98.360
1456       (1 0 2 3 2 1 2)              98.351
1457       (1 0 1 2 1 1 1)              98.333
1458       (1 0 2 3 1 1 1)              98.324
1459       (1 0 2 3 2 1 2)              98.325
1460       (1 0 3 1 2 1 2)              98.316
1461       (1 0 3 1 2 1 2)              98.318
1462       (1 0 1 2 0 0 1)              98.319
1463       (1 0 1 2 1 1 1)              98.320
1464       (1 0 2 3 2 1 2)              98.321
1465       (1 0 3 1 2 1 2)              98.322
1466       (1 0 2 3 1 1 1)              98.314
1467       (1 0 2 3 2 1 2)              98.315
1468       (1 0 2 3 2 1 2)              98.316
1469       (1 0 3 1 2 1 2)              98.317
1470       (1 0 3 1 2 1 2)              98.318
1471       (1 0 1 2 1 1 1)              98.319
1472       (1 0 0 0 1 2 0)              98.320
1473       (1 0 1 2 1 1 1)              98.322
1474       (1 0 2 3 2 1 2)              98.323
1475       (1 0 2 3 1 2 1)              98.324
1476       (1 0 1 2 1 2 1)              98.325
1477       (1 0 1 2 1 1 1)              98.326
1478       (1 0 2 3 2 1 2)              98.327
1479       (1 0 1 2 1 1 1)              98.328
1480       (1 0 1 2 1 1 1)              98.330
1481       (1 0 3 1 2 1 2)              98.331
1482       (1 0 3 1 2 1 2)              98.332
1483       (1 0 3 1 2 1 2)              98.333
1484       (1 0 2 3 2 1 1)              98.334
1485       (1 0 2 3 2 1 2)              98.335
1486       (1 0 1 2 2 2 1)              98.336
1487       (1 0 0 0 0 2 0)              98.338
1488       (1 0 0 0 0 0 0)              98.319
1489       (1 0 2 3 2 1 2)              98.311
1490       (1 0 2 3 1 1 1)              98.312
1491       (1 0 2 3 2 1 1)              98.303
1492       (1 0 2 3 2 1 2)              98.305
1493       (1 0 1 2 1 1 1)              98.306
1494       (1 0 2 3 2 1 1)              98.307
1495       (1 0 2 3 2 1 2)              98.308
1496       (1 0 3 1 2 1 1)              98.309
1497       (1 0 2 3 2 1 2)              98.310
1498       (1 0 1 2 1 1 1)              98.311
1500       (1 0 2 3 2 1 2)              98.313
1501       (1 0 2 3 1 2 1)              98.314
1502       (1 0 2 3 2 1 2)              98.315
1503       (1 0 2 3 2 1 2)              98.316
1504       (1 0 2 3 2 1 2)              98.317
1505       (1 0 2 3 1 1 1)              98.299
1506       (1 0 2 3 2 2 1)              98.300
1507       (1 0 3 1 1 1 1)              98.301
1508       (1 0 2 3 2 1 2)              98.302
1509       (1 0 2 3 1 2 1)              98.304
1510       (1 0 0 0 2 2 1)              98.305
1511       (1 0 3 1 2 1 2)              98.306
1512       (1 0 2 3 1 2 1)              98.307
1513       (1 0 1 2 1 1 1)              98.308
1514       (1 0 1 2 1 1 1)              98.309
1515       (1 0 1 2 1 1 1)              98.310
1516       (1 0 2 3 2 1 2)              98.312
1517       (1 0 2 3 2 1 2)              98.313
1518       (1 0 1 2 1 1 1)              98.314
1519       (1 0 1 2 1 1 1)              98.315
1520       (1 0 1 2 1 2 1)              98.307
1521       (1 0 2 3 2 1 2)              98.308
1522       (1 0 2 3 1 2 1)              98.309
1523       (1 0 2 3 2 2 1)              98.310
1524       (1 0 1 2 1 1 1)              98.311
1525       (1 0 2 3 2 1 2)              98.312
1526       (1 0 1 2 1 2 1)              98.313
1527       (1 0 2 3 2 1 2)              98.314
1528       (1 0 3 1 2 1 2)              98.315
1529       (1 0 1 2 2 2 1)              98.317
1530       (1 0 2 3 2 1 2)              98.308
1531       (1 0 1 2 1 1 1)              98.309
1532       (1 0 3 1 2 1 1)              98.310
1533       (1 0 2 3 2 1 2)              98.312
1534       (1 0 2 3 2 1 2)              98.313
1535       (1 0 3 1 1 1 1)              98.304
1536       (1 0 1 2 1 1 1)              98.306
1537       (1 0 3 1 2 1 2)              98.307
1538       (1 0 3 1 2 1 2)              98.308
1539       (1 0 2 3 1 2 1)              98.309
1540       (1 0 3 1 2 1 2)              98.310
1541       (1 0 1 2 1 1 1)              98.311
1542       (1 0 2 3 2 1 2)              98.312
1543       (1 0 3 1 2 1 2)              98.304
1544       (1 0 2 3 2 1 2)              98.305
1545       (1 0 3 1 1 1 1)              98.306
1546       (1 0 2 3 2 1 2)              98.307
1547       (1 0 1 2 1 1 1)              98.308
1548       (1 0 3 1 1 1 1)              98.309
1549       (1 0 1 2 1 1 1)              98.311
1550       (1 0 3 1 2 1 2)              98.312
1551       (1 0 2 3 2 1 2)              98.313
1552       (1 0 1 2 1 1 1)              98.314
1553       (1 0 1 2 2 2 1)              98.315
1554       (1 0 2 3 2 1 2)              98.316
1555       (1 0 2 3 2 1 2)              98.317
1556       (1 0 2 3 2 1 2)              98.318
1557       (1 0 3 1 2 1 2)              98.310
1558       (1 0 1 2 1 1 1)              98.311
1559       (1 0 1 2 0 0 1)              98.312
1560       (1 0 1 2 1 1 1)              98.313
1561       (1 0 1 2 1 1 1)              98.314
1562       (1 0 1 2 1 1 1)              98.316
1563       (1 0 1 2 1 2 1)              98.317
1564       (1 0 2 3 2 1 1)              98.318
1566       (1 0 3 1 2 1 1)              98.319
1567       (1 0 2 3 2 1 2)              98.320
1568       (1 0 2 3 2 1 2)              98.321
1569       (1 0 2 3 1 1 1)              98.304
1570       (1 0 2 3 1 2 1)              98.305
1571       (1 0 1 2 1 1 1)              98.306
1572       (1 0 3 1 1 1 1)              98.307
1573       (1 0 0 0 0 2 0)              98.308
1574       (1 0 2 3 2 1 2)              98.309
1575       (1 0 3 1 2 1 2)              98.310
1576       (1 0 1 2 0 0 1)              98.311
1577       (1 0 2 3 2 1 2)              98.312
1578       (1 0 2 3 2 1 2)              98.313
1579       (1 0 3 1 2 1 2)              98.305
1580       (1 0 2 3 2 1 2)              98.306
1581       (1 0 2 3 1 2 1)              98.308
1582       (1 0 1 2 1 1 1)              98.309
1583       (1 0 3 1 2 1 2)              98.301
1584       (1 0 1 2 1 1 1)              98.302
1585       (1 0 2 3 1 1 1)              98.303
1586       (1 0 0 0 2 2 1)              98.304
1587       (1 0 1 2 1 1 1)              98.305
1588       (1 0 2 3 1 1 1)              98.306
1589       (1 0 2 3 2 1 2)              98.307
1590       (1 0 4 0 0 0 0)              98.299
1592       (1 0 1 2 1 1 1)              98.300
1593       (1 0 1 2 1 1 1)              98.301
1594       (1 0 1 2 1 1 1)              98.302
1595       (1 0 3 1 2 1 2)              98.294
1596       (1 0 1 2 1 1 1)              98.295
1597       (1 0 2 3 2 1 2)              98.297
1598       (1 0 3 1 2 1 1)              98.298
1599       (1 0 1 2 1 2 0)              98.299
1600       (1 0 3 1 2 1 2)              98.300
1601       (1 0 2 3 2 1 2)              98.301
1602       (1 0 3 1 1 1 1)              98.302
1603       (1 0 3 1 2 1 2)              98.303
1604       (1 0 2 3 2 1 1)              98.304
1605       (1 0 2 3 1 2 1)              98.305
1606       (1 0 3 1 2 1 2)              98.306
1607       (1 0 1 2 1 1 1)              98.307
1608       (1 0 2 3 1 1 1)              98.308
1609       (1 0 3 1 2 1 2)              98.309
1610       (1 0 2 3 2 1 2)              98.310
1611       (1 0 2 3 2 1 2)              98.311
1612       (1 0 3 1 1 1 1)              98.304
1613       (1 0 2 3 1 2 1)              98.305
1614       (1 0 2 3 2 1 1)              98.306
1615       (1 0 1 2 1 1 1)              98.307
1616       (1 0 2 3 2 1 2)              98.308
1617       (1 0 3 1 2 1 1)              98.309
1618       (1 0 1 2 1 1 1)              98.310
1619       (1 0 1 2 1 1 1)              98.311
1620       (1 0 2 3 2 1 2)              98.312
1621       (1 0 3 1 2 1 2)              98.304
1622       (1 0 3 1 2 1 2)              98.305
1623       (1 0 2 3 2 1 1)              98.306
1624       (1 0 2 3 2 1 2)              98.307
1625       (1 0 3 1 2 1 2)              98.308
1626       (1 0 1 2 1 1 1)              98.309
1627       (1 0 3 1 2 1 2)              98.310
1628       (1 0 2 3 2 1 2)              98.312
1629       (1 0 1 2 1 2 1)              98.304
1630       (1 0 2 3 2 1 1)              98.305
1631       (1 0 0 0 2 2 1)              98.306
1632       (1 0 2 3 2 1 2)              98.307
1633       (1 0 2 3 2 1 2)              98.308
1634       (1 0 2 3 2 1 2)              98.309
1635       (1 0 3 1 2 1 2)              98.310
1636       (1 0 2 3 2 1 2)              98.311
1637       (1 0 2 3 2 1 2)              98.312
1638       (1 0 2 3 2 1 2)              98.313
1639       (1 0 2 3 2 1 1)              98.314
1640       (1 0 1 2 0 0 1)              98.315
1641       (1 0 2 3 2 1 2)              98.316
1642       (1 0 2 3 2 1 2)              98.317
1643       (1 0 2 3 1 1 1)              98.318
1644       (1 0 2 3 2 1 1)              98.311
1645       (1 0 2 3 1 2 1)              98.312
1646       (1 0 1 2 1 1 1)              98.313
1647       (1 0 2 3 2 1 2)              98.314
1648       (1 0 2 3 2 1 2)              98.315
1649       (1 0 1 2 1 1 1)              98.316
1650       (1 0 1 2 1 1 1)              98.317
1651       (1 0 2 3 2 1 2)              98.309
1652       (1 0 2 3 2 1 2)              98.310
1653       (1 0 2 3 2 1 2)              98.311
1654       (1 0 2 3 2 1 2)              98.312
1655       (1 0 2 3 2 1 2)              98.313
1656       (1 0 2 3 2 1 2)              98.314
1657       (1 0 1 2 1 2 1)              98.315
1658       (1 0 2 3 1 1 1)              98.316
1659       (1 0 1 2 1 1 1)              98.317
1660       (1 0 3 1 2 1 2)              98.318
1661       (1 0 1 2 1 1 1)              98.319
1662       (1 0 3 1 2 1 2)              98.320
1663       (1 0 3 1 2 1 1)              98.313
1664       (1 0 1 2 1 2 1)              98.314
1665       (1 0 0 0 2 2 1)              98.315
1666       (1 0 3 1 2 1 2)              98.316
1667       (1 0 1 2 1 1 1)              98.317
1668       (1 0 3 1 2 1 2)              98.318
1669       (1 0 1 2 1 1 1)              98.319
1670       (1 0 1 2 1 1 1)              98.320
1671       (1 0 1 2 1 1 1)              98.321
1672       (1 0 2 3 1 2 1)              98.322
1673       (1 0 3 1 2 1 2)              98.323
1674       (1 0 1 2 1 1 1)              98.324
1675       (1 0 3 1 2 1 2)              98.325
1676       (1 0 2 3 2 1 1)              98.326
1677       (1 0 1 2 1 1 1)              98.327
1678       (1 0 1 2 1 1 1)              98.328
1679       (1 0 2 3 2 1 1)              98.329
1680       (1 0 1 2 1 1 1)              98.330
1681       (1 0 3 1 2 1 2)              98.331
1682       (1 0 2 3 2 1 2)              98.332
1683       (1 0 1 2 1 1 1)              98.333
1684       (1 0 0 0 1 2 0)              98.334
1685       (1 0 1 2 1 1 1)              98.335
1686       (1 0 1 2 1 2 1)              98.336
1687       (1 0 2 3 2 1 2)              98.337
1688       (1 0 2 3 2 1 2)              98.338
1689       (1 0 2 3 2 1 1)              98.330
1690       (1 0 2 3 2 1 2)              98.331
1691       (1 0 2 3 2 1 2)              98.332
1692       (1 0 1 2 1 1 1)              98.333
1693       (1 0 3 1 2 1 1)              98.334
1694       (1 0 1 2 1 2 0)              98.335
1695       (1 0 3 1 2 1 2)              98.328
1696       (1 0 1 2 1 1 1)              98.329
1697       (1 0 1 2 1 1 1)              98.330
1698       (1 0 1 2 1 1 1)              98.331
1699       (1 0 0 0 1 2 0)              98.332
1700       (1 0 1 2 1 1 1)              98.333
1701       (1 0 2 3 2 1 2)              98.334
1702       (1 0 2 3 2 1 2)              98.335
1703       (1 0 2 3 2 2 1)              98.336
1704       (1 0 2 3 1 1 1)              98.337
1705       (1 0 2 3 2 1 2)              98.338
1706       (1 0 2 3 2 1 2)              98.339
1707       (1 0 1 2 1 2 1)              98.340
1708       (1 0 3 1 2 1 2)              98.341
1709       (1 0 2 3 2 1 2)              98.342
1710       (1 0 3 1 2 1 2)              98.343
1711       (1 0 1 2 1 1 1)              98.344
1712       (1 0 3 1 2 1 2)              98.345
1713       (1 0 3 1 2 1 1)              98.346
1714       (1 0 2 3 2 1 1)              98.346
1715       (1 0 2 3 2 1 2)              98.347
1716       (1 0 0 0 2 2 1)              98.348
1717       (1 0 2 3 2 1 2)              98.349
1718       (1 0 1 2 1 2 0)              98.350
1719       (1 0 1 2 0 0 1)              98.351
1720       (1 0 2 3 2 1 2)              98.352
1721       (1 0 2 3 2 1 1)              98.345
1722       (1 0 3 1 2 1 2)              98.346
1723       (1 0 1 2 1 1 1)              98.347
1724       (1 0 2 3 1 1 1)              98.331
1725       (1 0 2 3 2 1 2)              98.332
1726       (1 0 2 3 2 1 2)              98.333
1727       (1 0 2 3 1 1 1)              98.334
1728       (1 0 0 0 1 2 0)              98.335
1729       (1 0 0 0 1 2 0)              98.336
1730       (1 0 3 1 2 1 2)              98.337
1731       (1 0 2 3 2 1 2)              98.338
1732       (1 0 1 2 1 1 1)              98.339
1733       (1 0 3 1 1 1 1)              98.340
1734       (1 0 3 1 2 1 2)              98.341
1735       (1 0 1 2 1 1 1)              98.342
1736       (1 0 3 1 2 1 1)              98.343
1737       (1 0 2 3 1 1 1)              98.327
1738       (1 0 2 3 2 1 2)              98.328
1739       (1 0 3 1 2 1 2)              98.329
1740       (1 0 3 1 2 1 2)              98.322
1741       (1 0 3 1 0 1 1)              98.323
1742       (1 0 3 1 2 1 2)              98.324
1743       (1 0 3 1 2 1 2)              98.325
1744       (1 0 3 1 1 1 1)              98.326
1745       (1 0 3 1 2 1 2)              98.327
1746       (1 0 1 2 1 1 1)              98.328
1747       (1 0 2 3 1 1 1)              98.329
1748       (1 0 1 2 1 1 1)              98.329
1749       (1 0 2 3 2 1 2)              98.330
1750       (1 0 3 1 2 1 2)              98.331
1751       (1 0 2 3 2 1 2)              98.332
1752       (1 0 2 3 2 1 1)              98.325
1753       (1 0 3 1 2 1 2)              98.326
1754       (1 0 1 2 0 0 1)              98.327
1755       (1 0 1 2 0 0 1)              98.328
1756       (1 0 1 2 1 1 1)              98.329
1757       (1 0 2 3 2 1 1)              98.330
1758       (1 0 2 3 2 1 1)              98.323
1759       (1 0 3 1 2 1 2)              98.324
1760       (1 0 1 2 1 1 1)              98.325
1761       (1 0 2 3 2 1 2)              98.326
1762       (1 0 2 3 2 1 2)              98.327
1763       (1 0 2 3 2 1 2)              98.327
1764       (1 0 2 3 2 1 2)              98.328
1765       (1 0 3 1 2 1 1)              98.329
1766       (1 0 1 2 1 1 1)              98.330
1767       (1 0 2 3 2 1 2)              98.331
1768       (1 0 2 3 2 1 2)              98.332
1769       (1 0 2 3 2 1 2)              98.333
1770       (1 0 2 3 2 1 2)              98.334
1771       (1 0 2 3 2 1 2)              98.335
1772       (1 0 3 1 2 1 2)              98.336
1773       (1 0 3 1 2 1 2)              98.337
1774       (1 0 2 3 2 1 2)              98.338
1775       (1 0 1 2 1 1 1)              98.339
1776       (1 0 2 3 1 1 1)              98.340
1777       (1 0 1 2 1 1 1)              98.341
1778       (1 0 2 3 2 2 1)              98.342
1779       (1 0 2 3 2 1 2)              98.343
1780       (1 0 2 3 2 1 2)              98.335
1781       (1 0 1 2 1 1 1)              98.336
1782       (1 0 1 2 1 2 1)              98.337
1783       (1 0 3 1 2 1 2)              98.338
1784       (1 0 3 1 2 1 2)              98.339
1785       (1 0 3 1 1 1 1)              98.340
1786       (1 0 2 3 2 1 2)              98.341
1787       (1 0 3 1 2 1 2)              98.342
1788       (1 0 3 1 2 1 2)              98.335
1789       (1 0 2 3 2 1 2)              98.336
1790       (1 0 2 3 2 1 2)              98.337
1791       (1 0 1 2 1 1 1)              98.338
1792       (1 0 2 3 2 1 2)              98.339
1793       (1 0 3 1 2 1 2)              98.340
1794       (1 0 0 0 1 2 0)              98.341
1795       (1 0 2 3 2 1 2)              98.341
1796       (1 0 2 3 2 1 2)              98.342
1797       (1 0 3 1 2 1 2)              98.335
1798       (1 0 3 1 2 1 2)              98.328
1799       (1 0 2 3 2 1 2)              98.329
1800       (1 0 1 2 1 1 1)              98.330
1801       (1 0 2 3 2 1 2)              98.331
1802       (1 0 2 3 2 1 2)              98.332
1803       (1 0 3 1 2 1 2)              98.333
1804       (1 0 3 1 2 1 2)              98.334
1805       (1 0 1 2 2 2 1)              98.335
1806       (1 0 3 1 2 1 1)              98.336
1807       (1 0 1 2 1 1 1)              98.337
1808       (1 0 2 3 2 1 2)              98.338
1809       (1 0 2 3 1 2 1)              98.339
1810       (1 0 0 0 1 0 1)              98.339
1811       (1 0 2 3 2 1 2)              98.340
1812       (1 0 2 3 2 1 1)              98.333
1813       (1 0 3 1 2 1 2)              98.334
1814       (1 0 3 1 2 1 1)              98.335
1815       (1 0 0 0 1 2 0)              98.336
1816       (1 0 2 3 2 1 2)              98.321
1817       (1 0 0 0 1 2 0)              98.322
1818       (1 0 2 3 2 1 2)              98.323
1819       (1 0 3 1 2 1 2)              98.324
1820       (1 0 2 3 1 2 1)              98.325
1821       (1 0 1 2 1 1 1)              98.326
1822       (1 0 1 2 1 1 1)              98.327
1823       (1 0 2 3 2 1 2)              98.328
1824       (1 0 1 2 1 1 1)              98.329
1825       (1 0 2 3 1 1 1)              98.330
1826       (1 0 3 1 2 1 2)              98.330
1827       (1 0 1 2 1 1 1)              98.331
1828       (1 0 1 2 1 1 1)              98.332
1829       (1 0 2 3 2 1 1)              98.333
1830       (1 0 2 3 2 1 2)              98.334
1831       (1 0 2 3 2 1 2)              98.335
1832       (1 0 3 1 2 1 2)              98.336
1833       (1 0 0 0 2 2 1)              98.337
1834       (1 0 3 1 2 1 2)              98.338
1835       (1 0 2 3 2 1 2)              98.339
1836       (1 0 1 2 1 1 1)              98.340
1837       (1 0 3 1 2 1 1)              98.341
1838       (1 0 2 3 1 2 1)              98.341
1839       (1 0 2 3 2 1 2)              98.342
1840       (1 0 2 3 2 1 2)              98.343
1841       (1 0 1 2 1 1 1)              98.344
1842       (1 0 3 1 2 1 1)              98.345
1843       (1 0 2 3 2 1 2)              98.346
1844       (1 0 2 3 2 1 2)              98.347
1845       (1 0 2 3 2 1 2)              98.348
1846       (1 0 1 2 1 1 1)              98.349
1847       (1 0 1 2 1 1 1)              98.350
1848       (1 0 2 3 2 1 2)              98.350
1849       (1 0 0 0 2 2 1)              98.351
1850       (1 0 2 3 2 1 2)              98.352
1851       (1 0 2 3 2 1 1)              98.353
1852       (1 0 2 3 2 1 2)              98.354
1853       (1 0 1 2 1 2 1)              98.347
1854       (1 0 1 2 0 0 1)              98.348
1855       (1 0 2 3 2 1 2)              98.349
1856       (1 0 2 3 2 1 1)              98.350
1857       (1 0 3 1 2 1 2)              98.351
1858       (1 0 3 1 2 1 2)              98.352
1859       (1 0 2 3 2 1 2)              98.353
1860       (1 0 3 1 2 1 2)              98.346
1861       (1 0 2 3 2 1 2)              98.347
1862       (1 0 0 0 1 2 0)              98.347
1863       (1 0 2 3 2 1 2)              98.348
1864       (1 0 3 1 2 1 2)              98.349
1865       (1 0 2 3 1 2 1)              98.350
1866       (1 0 3 1 2 1 1)              98.351
1867       (1 0 1 2 1 1 1)              98.352
1868       (1 0 2 3 2 1 2)              98.353
1869       (1 0 3 1 2 1 1)              98.354
1870       (1 0 2 3 2 1 2)              98.355
1871       (1 0 3 1 2 1 2)              98.355
1872       (1 0 3 1 2 1 2)              98.356
1873       (1 0 0 0 1 2 0)              98.357
1874       (1 0 3 1 2 1 1)              98.358
1875       (1 0 2 3 1 1 1)              98.351
1876       (1 0 2 3 2 1 2)              98.352
1877       (1 0 2 3 2 1 2)              98.353
1878       (1 0 2 3 1 2 1)              98.354
1879       (1 0 2 3 2 1 2)              98.355
1880       (1 0 3 1 2 1 2)              98.356
1881       (1 0 1 2 1 1 1)              98.357
1882       (1 0 2 3 1 2 1)              98.358
1883       (1 0 2 3 1 1 1)              98.358
1884       (1 0 2 3 2 1 2)              98.359
1885       (1 0 2 3 2 1 2)              98.360
1886       (1 0 1 2 1 1 1)              98.361
1887       (1 0 2 3 2 2 1)              98.362
1888       (1 0 3 1 2 1 2)              98.363
1889       (1 0 1 2 1 1 1)              98.364
1890       (1 0 2 3 2 1 1)              98.365
1891       (1 0 1 2 1 1 1)              98.365
1892       (1 0 2 3 2 1 1)              98.366
1893       (1 0 3 1 2 1 2)              98.367
1894       (1 0 0 0 1 2 1)              98.360
1895       (1 0 2 3 1 2 1)              98.361
1896       (1 0 3 1 2 1 2)              98.362
1897       (1 0 1 2 0 0 1)              98.363
1898       (1 0 1 2 1 1 1)              98.364
1899       (1 0 2 3 2 1 1)              98.365
1900       (1 0 1 2 1 1 1)              98.366
1901       (1 0 2 3 2 1 1)              98.366
1902       (1 0 3 1 2 1 2)              98.367
1903       (1 0 0 0 1 2 1)              98.368
1904       (1 0 2 3 2 1 2)              98.369
1905       (1 0 3 1 2 1 2)              98.370
1906       (1 0 2 3 2 1 1)              98.371
1907       (1 0 3 1 1 1 1)              98.372
1908       (1 0 1 2 1 1 1)              98.373
1909       (1 0 1 2 1 1 1)              98.373
1910       (1 0 2 3 2 1 2)              98.374
1911       (1 0 2 3 2 1 2)              98.375
1912       (1 0 1 2 1 1 1)              98.376
1913       (1 0 1 2 1 1 1)              98.377
1914       (1 0 2 3 1 2 1)              98.378
1915       (1 0 1 2 1 2 1)              98.379
1916       (1 0 2 3 2 1 1)              98.379
1917       (1 0 2 3 2 1 2)              98.380
1918       (1 0 1 2 1 1 1)              98.381
1919       (1 0 3 1 2 1 2)              98.382
1920       (1 0 2 3 2 1 1)              98.383
1921       (1 0 3 1 2 1 2)              98.384
1922       (1 0 2 3 2 1 2)              98.384
1923       (1 0 3 1 2 1 2)              98.378
1924       (1 0 1 2 1 1 1)              98.379
1925       (1 0 1 2 1 1 1)              98.380
1926       (1 0 1 2 1 1 1)              98.380
1927       (1 0 1 2 1 1 1)              98.381
1928       (1 0 3 1 2 1 2)              98.382
1929       (1 0 1 2 1 1 1)              98.383
1930       (1 0 2 3 2 1 2)              98.384
1931       (1 0 2 3 1 1 1)              98.385
1932       (1 0 2 3 2 1 2)              98.385
1933       (1 0 2 3 1 2 1)              98.386
1934       (1 0 2 3 2 1 2)              98.387
1935       (1 0 2 3 2 1 1)              98.388
1936       (1 0 3 1 1 1 1)              98.389
1937       (1 0 0 0 2 2 1)              98.390
1938       (1 0 2 3 2 1 2)              98.390
1939       (1 0 3 1 2 1 2)              98.391
1940       (1 0 2 3 2 1 2)              98.392
1941       (1 0 1 2 1 1 1)              98.386
1942       (1 0 1 2 1 1 1)              98.386
1943       (1 0 1 2 1 1 1)              98.387
1944       (1 0 3 1 2 1 2)              98.388
1945       (1 0 3 1 2 1 2)              98.381
1946       (1 0 1 2 1 1 1)              98.382
1947       (1 0 2 3 2 1 2)              98.383
1948       (1 0 2 3 2 1 2)              98.384
1949       (1 0 2 3 1 2 1)              98.385
1950       (1 0 3 1 1 1 1)              98.371
1951       (1 0 1 2 1 2 1)              98.372
1952       (1 0 1 2 1 1 1)              98.373
1953       (1 0 2 3 2 1 2)              98.373
1954       (1 0 2 3 2 1 2)              98.374
1955       (1 0 1 2 1 1 1)              98.375
1956       (1 0 2 3 1 1 1)              98.376
1957       (1 0 2 3 2 1 2)              98.377
1958       (1 0 2 3 2 1 2)              98.378
1959       (1 0 2 3 1 2 1)              98.378
1960       (1 0 3 1 2 1 1)              98.379
1961       (1 0 2 3 2 1 2)              98.380
1962       (1 0 2 3 2 1 2)              98.381
1963       (1 0 2 3 1 0 1)              98.382
1964       (1 0 1 2 1 1 1)              98.383
1965       (1 0 3 1 2 1 2)              98.383
1966       (1 0 2 3 1 2 1)              98.384
1967       (1 0 2 3 2 1 2)              98.385
1968       (1 0 2 3 2 1 2)              98.386
1969       (1 0 1 2 1 1 1)              98.387
1970       (1 0 2 3 1 1 1)              98.388
1971       (1 0 3 1 2 1 2)              98.388
1972       (1 0 2 3 2 1 2)              98.389
1973       (1 0 3 1 1 1 1)              98.390
1974       (1 0 1 2 1 1 1)              98.391
1975       (1 0 2 3 2 1 2)              98.392
1976       (1 0 2 3 2 1 2)              98.392
1977       (1 0 3 1 2 1 2)              98.393
1978       (1 0 2 3 2 1 2)              98.394
1979       (1 0 1 2 1 1 1)              98.395
1980       (1 0 2 3 2 1 2)              98.396
1981       (1 0 3 1 2 1 1)              98.389
1982       (1 0 2 3 2 1 2)              98.390
1983       (1 0 3 1 2 2 1)              98.376
1984       (1 0 2 3 2 1 2)              98.377
1985       (1 0 2 3 2 1 2)              98.378
1986       (1 0 3 1 2 1 2)              98.379
1987       (1 0 2 3 1 1 1)              98.380
1988       (1 0 2 3 2 1 2)              98.381
1989       (1 0 3 1 2 1 2)              98.367
1990       (1 0 2 3 2 1 2)              98.368
1991       (1 0 2 3 2 1 2)              98.369
1992       (1 0 1 2 1 1 1)              98.369
1993       (1 0 1 2 1 1 1)              98.370
1994       (1 0 3 1 1 1 1)              98.357
1995       (1 0 3 1 2 1 2)              98.357
1996       (1 0 2 3 2 1 2)              98.358
1997       (1 0 2 3 1 2 1)              98.352
1998       (1 0 3 1 2 1 2)              98.353
1999       (1 0 2 3 2 1 2)              98.354
2000       (1 0 3 1 2 1 2)              98.354
2001       (1 0 1 2 1 2 1)              98.355
2002       (1 0 2 3 2 1 2)              98.356
2003       (1 0 3 1 2 1 2)              98.357
2004       (1 0 2 3 2 1 2)              98.358
2005       (1 0 2 3 2 1 1)              98.359
2006       (1 0 2 3 2 1 2)              98.359
2007       (1 0 1 2 1 1 1)              98.360
2008       (1 0 1 2 1 1 1)              98.361
2009       (1 0 2 3 2 1 2)              98.362
2010       (1 0 1 2 1 1 1)              98.363
2011       (1 0 2 3 1 2 1)              98.363
2012       (1 0 3 1 1 1 1)              98.364
2013       (1 0 2 3 2 1 2)              98.365
2014       (1 0 1 2 1 1 1)              98.366
2015       (1 0 2 3 2 1 2)              98.367
2016       (1 0 2 3 2 1 2)              98.368
2017       (1 0 2 3 2 1 2)              98.368
2018       (1 0 2 3 2 1 2)              98.355
2019       (1 0 1 2 1 1 1)              98.356
2020       (1 0 2 3 1 2 1)              98.357
2021       (1 0 2 3 2 1 2)              98.350
2022       (1 0 1 2 1 1 1)              98.351
2023       (1 0 1 2 1 1 1)              98.352
2024       (1 0 2 3 1 2 0)              98.353
2025       (1 0 2 3 2 1 2)              98.354
2026       (1 0 1 2 1 1 1)              98.354
2027       (1 0 2 3 2 1 1)              98.348
2028       (1 0 2 3 1 1 1)              98.349
2029       (1 0 2 3 2 1 2)              98.350
2030       (1 0 3 1 2 1 2)              98.351
2031       (1 0 1 2 1 1 1)              98.351
2032       (1 0 3 1 2 1 2)              98.352
2033       (1 0 2 3 1 2 0)              98.353
2034       (1 0 3 1 2 1 2)              98.347
2035       (1 0 2 3 2 1 1)              98.348
2036       (1 0 1 2 1 1 1)              98.348
2037       (1 0 1 2 1 1 1)              98.349
2038       (1 0 3 1 2 1 1)              98.350
2039       (1 0 2 3 2 1 1)              98.351
2040       (1 0 2 3 2 1 2)              98.352
2041       (1 0 2 3 2 1 1)              98.352
2042       (1 0 1 2 1 1 1)              98.353
2043       (1 0 1 2 0 0 1)              98.354
2044       (1 0 2 3 2 1 2)              98.355
2045       (1 0 2 3 2 1 2)              98.356
2046       (1 0 0 0 2 2 1)              98.357
2047       (1 0 3 1 2 1 2)              98.357
2048       (1 0 1 2 1 1 1)              98.358
2049       (1 0 3 1 2 1 2)              98.359
2050       (1 0 2 3 2 1 2)              98.360
2051       (1 0 3 1 2 1 2)              98.354
2052       (1 0 1 2 1 1 1)              98.354
2053       (1 0 3 1 2 1 2)              98.355
2054       (1 0 2 3 2 1 2)              98.356
2055       (1 0 2 3 1 2 1)              98.357
2056       (1 0 3 1 2 1 2)              98.358
2057       (1 0 2 3 1 1 1)              98.358
2058       (1 0 2 3 2 1 2)              98.359
2059       (1 0 2 3 2 1 2)              98.360
2060       (1 0 2 3 1 2 1)              98.361
2061       (1 0 3 1 2 1 2)              98.362
2062       (1 0 2 3 2 1 2)              98.362
2063       (1 0 1 2 1 1 1)              98.363
2064       (1 0 2 3 2 1 2)              98.364
2065       (1 0 1 2 1 1 1)              98.365
2066       (1 0 0 0 2 2 1)              98.366
2067       (1 0 3 1 2 1 2)              98.366
2068       (1 0 2 3 2 1 2)              98.367
2069       (1 0 2 3 2 1 2)              98.368
2070       (1 0 2 3 2 1 2)              98.369
2071       (1 0 3 1 2 1 2)              98.370
2072       (1 0 0 0 1 2 0)              98.370
2073       (1 0 2 3 2 1 2)              98.371
2074       (1 0 1 2 1 1 1)              98.372
2075       (1 0 3 1 2 1 2)              98.373
2076       (1 0 2 3 2 1 2)              98.373
2077       (1 0 1 2 1 1 1)              98.374
2078       (1 0 2 3 2 1 2)              98.375
2079       (1 0 3 1 2 1 2)              98.376
2080       (1 0 0 0 1 2 0)              98.377
2081       (1 0 2 3 1 2 1)              98.377
2082       (1 0 3 1 2 1 2)              98.378
2083       (1 0 1 2 1 1 1)              98.379
2084       (1 0 2 3 2 1 2)              98.380
2085       (1 0 2 3 2 2 1)              98.381
2086       (1 0 1 2 1 1 1)              98.381
2087       (1 0 1 2 1 1 1)              98.382
2088       (1 0 2 3 2 1 2)              98.383
2089       (1 0 3 1 2 1 1)              98.384
2090       (1 0 2 3 2 1 2)              98.384
2091       (1 0 3 1 1 2 1)              98.385
2092       (1 0 2 3 2 1 2)              98.386
2093       (1 0 3 1 2 1 2)              98.387
2094       (1 0 2 3 2 1 2)              98.388
2095       (1 0 3 1 2 1 2)              98.388
2096       (1 0 2 3 2 1 2)              98.389
2097       (1 0 2 3 2 1 2)              98.390
2098       (1 0 2 3 2 1 2)              98.391
2099       (1 0 2 3 2 1 2)              98.391
2100       (1 0 1 2 1 1 1)              98.392
2101       (1 0 2 3 2 1 2)              98.393
2102       (1 0 1 2 0 0 1)              98.394
2103       (1 0 1 2 1 1 1)              98.394
2104       (1 0 1 2 2 2 1)              98.395
2105       (1 0 3 1 2 1 2)              98.396
2106       (1 0 2 3 2 1 2)              98.390
2107       (1 0 2 3 2 1 2)              98.391
2108       (1 0 1 2 1 2 1)              98.385
2109       (1 0 2 3 2 1 1)              98.385
2110       (1 0 2 3 2 1 1)              98.386
2111       (1 0 3 1 2 1 1)              98.387
2112       (1 0 1 2 1 1 1)              98.388
2113       (1 0 2 3 2 1 2)              98.389
2114       (1 0 3 1 2 1 2)              98.389
2115       (1 0 3 1 2 1 1)              98.390
2116       (1 0 2 3 1 2 1)              98.391
2117       (1 0 2 3 2 1 2)              98.392
2118       (1 0 3 1 2 1 2)              98.392
2119       (1 0 3 1 2 1 2)              98.393
2120       (1 0 1 2 2 2 1)              98.394
2121       (1 0 3 1 1 1 1)              98.395
2122       (1 0 1 2 1 1 1)              98.395
2123       (1 0 2 3 2 1 2)              98.396
2124       (1 0 2 3 2 1 2)              98.397
2125       (1 0 1 2 1 2 1)              98.391
2126       (1 0 1 2 1 1 1)              98.392
2127       (1 0 3 1 2 1 2)              98.392
2128       (1 0 2 6 0 0 1)              98.380
2129       (1 0 3 1 2 1 2)              98.380
2130       (1 0 2 3 2 1 2)              98.381
2131       (1 0 1 2 1 1 1)              98.382
2132       (1 0 2 3 2 1 2)              98.383
2133       (1 0 1 2 1 1 1)              98.384
2134       (1 0 2 3 1 1 1)              98.384
2135       (1 0 3 1 2 1 2)              98.385
2136       (1 0 2 3 2 1 2)              98.386
2137       (1 0 2 3 2 1 1)              98.387
2138       (1 0 2 3 1 2 1)              98.387
2139       (1 0 3 1 2 1 2)              98.388
2140       (1 0 1 2 1 1 1)              98.389
2141       (1 0 2 3 2 1 2)              98.390
2142       (1 0 2 3 2 1 1)              98.390
2143       (1 0 2 3 1 2 1)              98.391
2144       (1 0 1 2 1 1 1)              98.392
2145       (1 0 1 2 1 1 1)              98.393
2146       (1 0 1 2 1 1 1)              98.393
2147       (1 0 1 2 1 2 1)              98.394
2148       (1 0 3 1 2 1 2)              98.388
2149       (1 0 2 3 2 1 2)              98.389
2150       (1 0 2 3 1 2 1)              98.390
2151       (1 0 3 1 2 1 2)              98.390
2152       (1 0 2 3 2 1 2)              98.391
2153       (1 0 1 2 1 1 1)              98.392
2154       (1 0 1 2 1 1 1)              98.393
2155       (1 0 3 1 2 1 2)              98.387
2156       (1 0 1 2 1 1 1)              98.388
2157       (1 0 2 3 2 1 2)              98.388
2158       (1 0 2 3 2 1 2)              98.389
2159       (1 0 2 3 2 1 2)              98.390
2160       (1 0 2 3 2 1 2)              98.391
2161       (1 0 2 3 2 1 2)              98.391
2162       (1 0 2 3 2 1 2)              98.392
2163       (1 0 2 3 2 1 1)              98.386
2164       (1 0 1 2 1 1 1)              98.387
2165       (1 0 1 2 1 1 1)              98.388
2166       (1 0 2 3 2 1 2)              98.388
2167       (1 0 3 1 2 1 2)              98.389
2168       (1 0 2 3 1 2 1)              98.390
2169       (1 0 2 3 2 1 1)              98.384
2170       (1 0 2 3 2 1 2)              98.385
2171       (1 0 1 2 0 0 1)              98.385
2172       (1 0 3 1 2 1 1)              98.386
2173       (1 0 2 3 1 2 1)              98.387
2174       (1 0 1 2 1 1 1)              98.388
2175       (1 0 3 1 2 1 2)              98.382
2176       (1 0 2 3 2 1 2)              98.383
2177       (1 0 0 0 1 2 0)              98.383
2178       (1 0 2 3 2 1 2)              98.384
2179       (1 0 2 3 2 1 2)              98.385
2180       (1 0 2 3 1 2 1)              98.386
2181       (1 0 3 1 2 1 2)              98.386
2182       (1 0 1 2 1 2 0)              98.387
2183       (1 0 2 3 2 1 2)              98.388
2184       (1 0 1 2 1 1 1)              98.389
2185       (1 0 2 3 2 1 2)              98.389
2186       (1 0 2 3 2 2 1)              98.390
2187       (1 0 3 1 2 1 2)              98.391
2188       (1 0 2 3 1 1 1)              98.392
2189       (1 0 2 3 2 1 2)              98.392
2190       (1 0 2 3 1 2 1)              98.393
2191       (1 0 3 1 2 1 2)              98.394
2192       (1 0 3 1 2 1 2)              98.394
2193       (1 0 2 3 2 1 2)              98.395
2194       (1 0 2 3 1 2 1)              98.396
2195       (1 0 2 3 2 1 2)              98.397
2196       (1 0 2 3 2 2 1)              98.397
2197       (1 0 1 2 1 1 1)              98.398
2198       (1 0 1 2 1 1 1)              98.399
2199       (1 0 3 1 2 1 2)              98.400
2200       (1 0 3 1 2 1 2)              98.400
2201       (1 0 3 1 2 1 2)              98.401
2202       (1 0 2 3 1 1 1)              98.402
2203       (1 0 2 3 1 2 1)              98.403
2204       (1 0 3 1 2 1 2)              98.403
2205       (1 0 1 2 1 1 1)              98.404
2206       (1 0 2 3 2 1 2)              98.405
2207       (1 0 1 2 1 1 1)              98.405
2208       (1 0 0 0 0 2 0)              98.406
2209       (1 0 2 3 1 1 1)              98.407
2210       (1 0 2 3 1 1 1)              98.408
2211       (1 0 1 2 1 1 1)              98.408
2212       (1 0 3 1 2 1 2)              98.409
2213       (1 0 3 1 2 1 2)              98.410
2214       (1 0 2 3 1 1 1)              98.411
2215       (1 0 1 2 1 1 1)              98.411
2216       (1 0 1 2 1 1 1)              98.412
2217       (1 0 2 3 2 1 2)              98.413
2218       (1 0 1 2 1 1 1)              98.413
2219       (1 0 3 1 2 1 2)              98.414
2220       (1 0 3 1 1 1 1)              98.415
2221       (1 0 1 2 1 1 1)              98.416
2222       (1 0 3 1 2 1 2)              98.416
2223       (1 0 3 1 2 1 2)              98.411
2224       (1 0 0 0 1 2 0)              98.411
2225       (1 0 0 0 2 2 1)              98.412
2226       (1 0 3 1 2 1 1)              98.413
2227       (1 0 1 2 1 1 1)              98.413
2228       (1 0 1 2 1 1 1)              98.414
2229       (1 0 3 1 2 1 2)              98.415
2230       (1 0 2 3 2 1 1)              98.416
2231       (1 0 2 3 1 2 1)              98.416
2232       (1 0 2 3 2 1 2)              98.417
2233       (1 0 2 3 2 1 2)              98.418
2234       (1 0 2 3 2 1 2)              98.418
2235       (1 0 1 2 1 1 1)              98.419
2236       (1 0 2 3 2 1 2)              98.420
2237       (1 0 3 1 2 1 2)              98.421
2238       (1 0 2 3 2 1 2)              98.421
2239       (1 0 2 3 2 1 2)              98.422
2240       (1 0 1 2 1 1 1)              98.423
2241       (1 0 1 2 1 1 1)              98.423
2242       (1 0 1 2 1 1 1)              98.424
2243       (1 0 2 3 2 1 2)              98.425
2244       (1 0 2 3 2 1 2)              98.425
2245       (1 0 3 1 1 1 1)              98.426
2246       (1 0 3 1 2 1 2)              98.427
2247       (1 0 1 2 1 2 1)              98.421
2248       (1 0 2 3 2 1 2)              98.422
2249       (1 0 3 1 2 1 2)              98.423
2250       (1 0 2 3 1 2 1)              98.423
2251       (1 0 2 3 2 1 2)              98.424
2252       (1 0 0 0 2 2 1)              98.425
2253       (1 0 3 1 2 1 2)              98.419
2254       (1 0 1 2 2 2 1)              98.420
2255       (1 0 3 1 2 1 2)              98.420
2256       (1 0 2 3 2 1 2)              98.421
2257       (1 0 2 3 2 1 2)              98.422
2258       (1 0 2 3 2 1 2)              98.423
2259       (1 0 2 3 2 1 2)              98.423
2260       (1 0 2 3 2 1 2)              98.424
2261       (1 0 1 2 1 1 1)              98.425
2262       (1 0 3 1 2 1 2)              98.425
2263       (1 0 1 2 1 2 1)              98.426
2264       (1 0 3 1 2 1 2)              98.427
2265       (1 0 2 3 2 1 2)              98.427
2266       (1 0 3 1 2 1 2)              98.428
2267       (1 0 2 3 2 1 2)              98.429
2268       (1 0 2 3 2 1 1)              98.430
2269       (1 0 2 3 2 1 2)              98.430
2270       (1 0 1 2 1 1 1)              98.431
2271       (1 0 2 3 2 1 2)              98.432
2272       (1 0 3 1 2 1 2)              98.432
2273       (1 0 2 3 1 2 1)              98.427
2274       (1 0 3 1 2 1 2)              98.421
2275       (1 0 1 2 1 1 1)              98.422
2276       (1 0 1 2 1 1 1)              98.423
2277       (1 0 2 3 2 1 2)              98.423
2278       (1 0 2 3 1 1 1)              98.424
2279       (1 0 3 1 2 1 1)              98.425
2280       (1 0 2 3 2 1 2)              98.425
2281       (1 0 3 1 2 1 2)              98.426
2282       (1 0 2 3 2 1 2)              98.427
2283       (1 0 3 1 2 1 1)              98.427
2284       (1 0 2 3 2 1 2)              98.428
2285       (1 0 2 3 2 1 2)              98.429
2286       (1 0 0 0 1 2 0)              98.429
2287       (1 0 0 3 0 0 0)              98.424
2288       (1 0 2 3 2 1 1)              98.425
2289       (1 0 3 1 2 1 2)              98.425
2290       (1 0 2 3 2 1 2)              98.426
2291       (1 0 1 2 1 1 1)              98.427
2292       (1 0 2 3 2 1 2)              98.427
2293       (1 0 2 3 2 1 2)              98.428
2294       (1 0 3 1 1 1 1)              98.429
2295       (1 0 3 1 2 1 2)              98.429
2296       (1 0 3 1 2 1 2)              98.430
2297       (1 0 2 3 2 1 2)              98.431
2298       (1 0 0 0 2 2 1)              98.431
2299       (1 0 2 3 2 1 2)              98.432
2300       (1 0 2 3 2 1 2)              98.433
2301       (1 0 1 2 1 1 1)              98.434
2302       (1 0 2 3 2 1 2)              98.434
2303       (1 0 2 3 2 1 2)              98.435
2304       (1 0 3 1 2 1 2)              98.436
2305       (1 0 3 1 2 1 2)              98.436
2306       (1 0 2 3 2 1 2)              98.437
2307       (1 0 2 3 2 1 2)              98.438
2308       (1 0 2 3 2 1 1)              98.438
2309       (1 0 2 3 2 1 2)              98.439
2310       (1 0 1 2 1 1 1)              98.440
2311       (1 0 1 2 1 1 1)              98.440
2312       (1 0 2 3 2 1 2)              98.441
2313       (1 0 2 3 1 1 1)              98.442
2314       (1 0 1 2 1 1 1)              98.442
2315       (1 0 1 2 2 2 1)              98.443
2316       (1 0 2 3 2 1 2)              98.444
2317       (1 0 1 2 1 1 1)              98.444
2318       (1 0 2 3 2 1 2)              98.445
2319       (1 0 3 1 2 1 2)              98.446
2320       (1 0 2 3 2 1 2)              98.446
2321       (1 0 2 3 2 1 2)              98.447
2322       (1 0 1 2 1 1 1)              98.448
2323       (1 0 3 1 2 1 2)              98.448
2324       (1 0 1 2 1 1 1)              98.449
2325       (1 0 2 3 2 1 2)              98.450
2326       (1 0 2 3 2 1 2)              98.450
2327       (1 0 3 1 2 1 2)              98.451
2328       (1 0 3 1 2 1 2)              98.452
2329       (1 0 2 3 2 1 2)              98.452
2330       (1 0 2 3 2 1 2)              98.453
2331       (1 0 3 1 1 1 1)              98.454
2332       (1 0 3 1 2 1 2)              98.454
2333       (1 0 2 3 2 1 2)              98.455
2334       (1 0 3 1 2 1 2)              98.456
2335       (1 0 3 1 2 1 2)              98.456
2336       (1 0 3 1 2 1 2)              98.457
2337       (1 0 2 3 2 1 2)              98.458
2338       (1 0 2 3 2 1 2)              98.458
2339       (1 0 2 3 2 1 2)              98.459
2340       (1 0 1 2 1 1 1)              98.460
2341       (1 0 3 1 2 1 2)              98.460
2342       (1 0 2 3 2 1 2)              98.461
2343       (1 0 2 3 1 2 1)              98.462
2344       (1 0 3 1 2 1 2)              98.462
2345       (1 0 3 1 2 1 2)              98.463
2346       (1 0 2 3 2 1 2)              98.464
2347       (1 0 2 3 2 1 2)              98.464
2348       (1 0 2 3 2 1 2)              98.465
2349       (1 0 3 1 2 1 2)              98.466
2350       (1 0 3 1 2 1 2)              98.466
2351       (1 0 3 1 2 1 1)              98.467
2352       (1 0 2 3 2 1 2)              98.468
2353       (1 0 2 3 1 2 1)              98.468
2354       (1 0 3 1 2 1 2)              98.469
2355       (1 0 2 3 2 1 2)              98.470
2356       (1 0 3 1 2 1 2)              98.470
2357       (1 0 2 3 1 2 1)              98.471
2358       (1 0 2 3 2 1 2)              98.472
2359       (1 0 2 3 2 1 2)              98.472
2360       (1 0 2 3 2 1 1)              98.473
2361       (1 0 1 2 1 1 1)              98.474
2362       (1 0 1 2 1 1 1)              98.474
2363       (1 0 3 1 2 1 2)              98.475
2364       (1 0 0 0 1 2 0)              98.475
2365       (1 0 2 3 2 1 1)              98.476
2366       (1 0 2 3 2 1 2)              98.477
2367       (1 0 2 3 2 1 2)              98.477
2368       (1 0 2 3 2 1 2)              98.478
2369       (1 0 2 3 2 1 1)              98.473
2370       (1 0 3 1 2 1 2)              98.473
2371       (1 0 2 3 2 1 2)              98.474
2372       (1 0 2 3 2 1 1)              98.475
2373       (1 0 3 1 2 1 2)              98.475
2374       (1 0 3 1 2 1 2)              98.476
2375       (1 0 2 3 2 1 2)              98.477
2376       (1 0 3 1 2 1 2)              98.477
2377       (1 0 3 1 1 1 1)              98.478
2378       (1 0 1 2 1 1 1)              98.478
2379       (1 0 1 2 1 1 1)              98.479
2380       (1 0 2 3 2 1 2)              98.480
2381       (1 0 2 3 2 1 2)              98.480
2382       (1 0 2 3 2 1 2)              98.481
2383       (1 0 2 3 2 1 2)              98.482
2384       (1 0 2 3 1 0 1)              98.476
2385       (1 0 2 3 2 1 2)              98.477
2386       (1 0 2 3 2 1 2)              98.478
2387       (1 0 2 3 1 1 1)              98.478
2388       (1 0 1 2 1 1 1)              98.479
2389       (1 0 2 3 2 1 2)              98.479
2390       (1 0 1 2 1 1 1)              98.480
2391       (1 0 2 3 1 1 1)              98.475
2392       (1 0 1 2 1 1 1)              98.475
2393       (1 0 3 1 2 1 1)              98.476
2394       (1 0 1 2 1 1 1)              98.477
2395       (1 0 2 3 1 2 1)              98.477
2396       (1 0 1 2 1 1 1)              98.478
2397       (1 0 0 0 2 2 1)              98.479
2398       (1 0 3 1 2 1 2)              98.479
2399       (1 0 1 2 1 1 1)              98.480
2400       (1 0 2 3 2 1 1)              98.480
2401       (1 0 3 1 2 1 2)              98.481
2402       (1 0 1 2 1 1 1)              98.482
2403       (1 0 2 3 2 1 2)              98.482
2404       (1 0 3 1 2 1 2)              98.483
2405       (1 0 2 3 2 1 1)              98.484
2406       (1 0 1 2 1 1 1)              98.484
2407       (1 0 2 3 1 1 1)              98.485
2408       (1 0 2 3 2 1 2)              98.486
2409       (1 0 2 3 1 2 1)              98.486
2410       (1 0 3 1 2 1 1)              98.487
2411       (1 0 2 3 2 1 2)              98.487
2412       (1 0 3 1 2 1 1)              98.488
2413       (1 0 2 3 2 1 2)              98.489
2414       (1 0 2 3 2 1 2)              98.489
2415       (1 0 2 3 2 1 1)              98.490
2416       (1 0 2 3 2 1 2)              98.491
2417       (1 0 1 2 1 1 1)              98.491
2418       (1 0 3 1 2 1 2)              98.492
2419       (1 0 2 3 2 1 2)              98.492
2420       (1 0 2 3 2 1 2)              98.493
2421       (1 0 2 3 2 1 2)              98.494
2422       (1 0 3 1 2 1 2)              98.488
2423       (1 0 3 1 2 1 2)              98.489
2424       (1 0 3 1 2 1 2)              98.490
2425       (1 0 3 1 2 1 2)              98.490
2426       (1 0 2 3 1 1 1)              98.491
2427       (1 0 2 3 2 1 2)              98.492
2428       (1 0 1 2 1 1 1)              98.492
2429       (1 0 3 1 2 1 2)              98.493
2430       (1 0 1 2 1 1 1)              98.493
2431       (1 0 2 3 2 1 1)              98.494
2432       (1 0 3 1 2 1 1)              98.495
2433       (1 0 2 3 2 1 1)              98.495
2434       (1 0 1 2 1 1 1)              98.496
2435       (1 0 2 3 2 1 2)              98.497
2436       (1 0 1 2 1 1 1)              98.497
2437       (1 0 1 2 1 1 1)              98.498
2438       (1 0 3 1 1 1 1)              98.498
2439       (1 0 2 3 2 1 2)              98.499
2440       (1 0 2 3 2 1 1)              98.500
2441       (1 0 3 1 2 1 2)              98.500
2442       (1 0 1 2 1 1 1)              98.501
2443       (1 0 1 2 1 1 1)              98.501
2444       (1 0 1 2 1 1 1)              98.502
2445       (1 0 2 3 2 1 2)              98.503
2446       (1 0 0 0 1 2 0)              98.503
2447       (1 0 2 3 2 1 1)              98.498
2448       (1 0 0 0 2 2 1)              98.499
2449       (1 0 3 1 2 1 2)              98.499
2450       (1 0 1 2 1 1 1)              98.500
2451       (1 0 2 3 2 1 2)              98.501
2452       (1 0 2 3 2 1 2)              98.501
2453       (1 0 1 2 1 1 1)              98.502
2454       (1 0 2 3 2 1 2)              98.502
2455       (1 0 2 3 2 1 2)              98.503
2456       (1 0 0 0 2 2 1)              98.504
2457       (1 0 3 1 2 1 2)              98.498
2458       (1 0 2 3 2 1 2)              98.499
2459       (1 0 2 3 2 1 2)              98.500
2460       (1 0 2 3 2 1 2)              98.500
2461       (1 0 3 1 2 1 2)              98.501
2462       (1 0 2 3 2 1 2)              98.501
2463       (1 0 2 3 2 1 2)              98.502
2464       (1 0 2 3 2 1 2)              98.503
2465       (1 0 3 1 2 1 2)              98.503
2466       (1 0 3 1 2 1 2)              98.504
2467       (1 0 2 3 2 1 2)              98.505
2468       (1 0 2 3 2 1 2)              98.505
2469       (1 0 1 2 1 1 1)              98.506
2470       (1 0 2 3 2 1 1)              98.506
2471       (1 0 2 3 2 1 2)              98.507
2472       (1 0 2 3 2 1 2)              98.508
2473       (1 0 2 3 2 1 2)              98.508
2474       (1 0 2 3 2 1 2)              98.509
2475       (1 0 1 2 1 1 1)              98.509
2476       (1 0 2 3 2 1 2)              98.510
2477       (1 0 1 2 1 1 1)              98.511
2478       (1 0 2 3 1 2 1)              98.511
2479       (1 0 2 3 2 1 2)              98.512
2480       (1 0 1 1 0 0 1)              98.501
2481       (1 0 2 3 2 1 2)              98.501
2482       (1 0 2 3 2 1 2)              98.502
2483       (1 0 2 3 1 2 1)              98.503
2484       (1 0 2 3 2 1 2)              98.503
2485       (1 0 1 2 1 1 1)              98.504
2486       (1 0 2 3 2 1 1)              98.504
2487       (1 0 2 3 1 0 1)              98.499
2488       (1 0 2 3 1 2 1)              98.500
2489       (1 0 1 2 1 1 1)              98.500
2490       (1 0 3 1 2 1 2)              98.501
2491       (1 0 2 3 2 1 2)              98.502
2492       (1 0 3 1 1 1 1)              98.502
2493       (1 0 1 2 1 1 1)              98.503
2494       (1 0 1 2 1 1 1)              98.504
2495       (1 0 2 3 2 1 2)              98.504
2496       (1 0 3 1 2 1 2)              98.505
2497       (1 0 2 3 2 1 2)              98.505
2498       (1 0 1 2 0 0 1)              98.506
2499       (1 0 2 3 2 1 2)              98.507
2500       (1 0 2 3 2 1 2)              98.507
2501       (1 0 1 2 1 1 1)              98.508
2502       (1 0 1 2 1 1 1)              98.508
2503       (1 0 2 3 2 1 2)              98.509
2504       (1 0 2 3 2 1 2)              98.510
2505       (1 0 2 3 2 1 2)              98.510
2506       (0 0 0 1 1 0 1)              98.488
2507       (1 0 3 1 2 1 2)              98.483
2508       (1 0 2 3 2 1 2)              98.483
2509       (1 0 1 2 2 2 1)              98.484
2510       (1 0 2 3 2 1 1)              98.479
2511       (1 0 1 2 1 1 1)              98.479
2512       (1 0 1 2 1 2 0)              98.480
2513       (1 0 1 2 0 0 1)              98.481
2514       (1 0 2 3 2 1 2)              98.481
2515       (1 0 1 2 1 1 1)              98.482
2516       (1 0 2 3 2 1 2)              98.482
2517       (1 0 0 0 2 2 1)              98.483
2518       (1 0 2 3 2 1 2)              98.484
2519       (1 0 3 1 2 1 2)              98.484
2520       (1 0 2 3 2 1 2)              98.485
2521       (1 0 2 3 2 1 2)              98.485
2522       (1 0 1 2 1 1 1)              98.486
2523       (1 0 2 3 2 1 2)              98.487
2524       (1 0 2 3 2 1 2)              98.487
2525       (1 0 2 3 2 1 2)              98.488
2526       (1 0 2 3 2 1 2)              98.488
2527       (1 0 2 3 2 1 2)              98.489
2528       (1 0 2 3 2 1 2)              98.490
2529       (1 0 2 3 2 1 2)              98.490
2530       (1 0 3 1 2 1 2)              98.485
2531       (1 0 2 3 1 2 1)              98.486
2532       (1 0 1 2 1 1 1)              98.486
2533       (1 0 2 3 2 1 2)              98.487
2534       (1 0 3 1 2 1 2)              98.488
2535       (1 0 0 0 1 2 0)              98.488
2536       (1 0 2 3 2 1 2)              98.489
2537       (1 0 2 3 2 1 2)              98.489
2538       (1 0 3 1 2 1 2)              98.490
2539       (1 0 2 3 2 1 1)              98.491
2540       (1 0 2 3 2 1 2)              98.491
2541       (1 0 2 3 1 1 1)              98.492
2542       (1 0 3 1 2 1 2)              98.487
2543       (1 0 2 3 1 1 1)              98.487
2544       (1 0 1 2 1 1 1)              98.488
2545       (1 0 2 3 2 1 2)              98.489
2546       (1 0 2 3 2 1 2)              98.489
2547       (1 0 2 3 2 1 2)              98.490
2548       (1 0 2 3 2 1 1)              98.485
2549       (1 0 2 3 2 1 2)              98.485
2550       (1 0 3 1 2 1 2)              98.486
2551       (1 0 1 2 1 2 1)              98.486
2552       (1 0 1 2 1 1 1)              98.487
2553       (1 0 2 3 2 1 2)              98.488
2554       (1 0 1 2 1 1 1)              98.488
2555       (1 0 1 2 0 0 1)              98.489
2556       (1 0 2 3 2 1 2)              98.489
2557       (1 0 3 1 2 1 2)              98.490
2558       (1 0 3 1 2 1 2)              98.491
2559       (1 0 1 2 1 1 1)              98.491
2560       (1 0 1 2 1 1 1)              98.492
2561       (1 0 3 1 2 1 2)              98.492
2562       (1 0 3 1 2 1 2)              98.493
2563       (1 0 1 2 1 1 1)              98.494
2564       (1 0 2 3 2 1 2)              98.494
2565       (1 0 1 2 1 1 1)              98.495
2566       (1 0 2 3 2 1 2)              98.495
2567       (1 0 1 2 0 0 1)              98.496
2568       (1 0 3 1 1 1 1)              98.485
2569       (1 0 3 1 2 1 1)              98.486
2570       (1 0 3 1 2 1 2)              98.487
2571       (1 0 2 3 2 1 2)              98.487
2572       (1 0 2 3 2 1 2)              98.488
2573       (1 0 3 1 2 1 2)              98.488
2574       (1 0 3 1 2 1 2)              98.489
2575       (1 0 2 3 1 2 1)              98.489
2576       (1 0 1 2 1 1 1)              98.490
2577       (1 0 1 2 1 1 1)              98.491
2578       (1 0 1 2 1 1 1)              98.491
2579       (1 0 3 1 1 1 1)              98.481
2580       (1 0 2 3 1 2 1)              98.481
2581       (1 0 2 3 2 1 2)              98.482
2582       (1 0 2 3 2 1 2)              98.482
2583       (1 0 1 2 1 1 1)              98.483
2584       (1 0 2 3 2 1 2)              98.484
2585       (1 0 2 3 2 1 2)              98.484
2586       (1 0 3 1 2 1 2)              98.485
2587       (1 0 1 2 1 2 1)              98.485
2588       (1 0 3 1 2 1 2)              98.486
2589       (1 0 1 2 1 1 1)              98.487
2590       (1 0 2 3 2 1 2)              98.487
2591       (1 0 2 3 2 1 2)              98.488
2592       (1 0 1 2 1 1 1)              98.488
2593       (1 0 1 2 1 1 1)              98.489
2594       (1 0 2 3 1 1 1)              98.490
2595       (1 0 2 3 2 1 2)              98.490
2596       (1 0 3 1 2 1 2)              98.491
2597       (1 0 1 2 1 1 1)              98.491
2598       (1 0 2 3 2 1 2)              98.492
2599       (1 0 3 1 2 1 2)              98.492
2600       (1 0 2 3 2 1 2)              98.493
2601       (1 0 2 3 2 1 1)              98.494
2602       (1 0 2 3 2 1 1)              98.489
2603       (1 0 2 3 1 2 1)              98.489
2604       (1 0 2 3 1 1 1)              98.490
2605       (1 0 2 3 2 1 2)              98.490
2606       (1 0 3 1 1 1 1)              98.480
2607       (1 0 1 2 1 1 1)              98.481
2608       (1 0 3 1 2 1 2)              98.481
2609       (1 0 1 2 1 1 1)              98.482
2610       (1 0 2 3 2 1 2)              98.482
2611       (1 0 1 2 1 1 1)              98.483
2612       (1 0 2 3 2 1 2)              98.484
2613       (1 0 1 2 1 1 1)              98.484
2614       (1 0 3 1 2 1 2)              98.485
2615       (1 0 2 3 1 2 1)              98.480
2616       (1 0 2 3 2 1 2)              98.480
2617       (1 0 2 3 2 1 2)              98.481
2618       (1 0 3 1 1 1 1)              98.482
2619       (1 0 2 3 2 1 2)              98.482
2620       (1 0 1 2 2 2 1)              98.483
2621       (1 0 3 1 2 1 2)              98.483
2622       (1 0 1 2 1 1 1)              98.484
2623       (1 0 1 2 1 1 1)              98.484
2624       (1 0 2 3 2 1 2)              98.485
2625       (1 0 3 1 2 1 2)              98.486
2626       (1 0 3 1 1 1 1)              98.486
2627       (1 0 2 3 2 1 2)              98.487
2628       (1 0 2 3 2 1 2)              98.487
2629       (1 0 3 1 2 1 2)              98.482
2630       (1 0 3 1 2 1 2)              98.483
2631       (1 0 3 1 2 1 2)              98.484
2632       (1 0 2 3 1 1 1)              98.484
2633       (1 0 2 3 1 0 1)              98.485
2634       (1 0 0 0 0 2 0)              98.485
2635       (1 0 2 3 2 1 2)              98.486
2636       (1 0 3 1 2 1 2)              98.486
2637       (1 0 1 2 1 2 1)              98.487
2638       (1 0 3 1 2 1 2)              98.488
2639       (1 0 2 3 2 1 2)              98.488
2640       (1 0 3 1 2 1 2)              98.489
2641       (1 0 2 3 2 1 2)              98.489
2642       (1 0 1 2 1 1 1)              98.490
2643       (1 0 3 1 2 1 2)              98.491
2644       (1 0 2 3 1 2 1)              98.491
2645       (1 0 3 1 2 1 2)              98.492
2646       (1 0 0 0 1 2 0)              98.492
2647       (1 0 2 3 2 1 2)              98.482
2648       (1 0 2 3 2 1 2)              98.483
2649       (1 0 3 1 2 1 2)              98.483
2650       (1 0 2 3 2 1 2)              98.484
2651       (1 0 3 1 0 1 1)              98.484
2652       (1 0 3 1 2 1 2)              98.485
2653       (1 0 0 0 1 2 0)              98.485
2654       (1 0 2 3 2 1 1)              98.486
2655       (1 0 3 1 2 1 2)              98.487
2656       (1 0 2 3 1 1 1)              98.487
2657       (1 0 3 1 2 1 2)              98.477
2658       (1 0 3 1 2 1 2)              98.477
2659       (1 0 2 3 2 1 1)              98.478
2660       (1 0 2 3 1 2 1)              98.479
2661       (1 0 2 3 1 1 1)              98.479
2662       (1 0 2 6 0 0 1)              98.464
2663       (1 0 3 1 2 1 2)              98.464
2664       (1 0 3 1 1 1 1)              98.465
2665       (1 0 3 1 2 1 2)              98.465
2666       (1 0 2 3 1 1 1)              98.466
2667       (1 0 1 2 1 1 1)              98.467
2668       (1 0 0 0 2 2 1)              98.467
2669       (1 0 3 1 2 1 1)              98.468
2670       (1 0 3 1 2 1 2)              98.468
2671       (1 0 1 2 1 1 1)              98.469
2672       (1 0 3 1 1 1 1)              98.469
2673       (1 0 3 1 2 1 2)              98.470
2674       (1 0 2 3 2 1 2)              98.471
2675       (1 0 2 3 2 1 2)              98.471
2676       (1 0 3 1 2 1 2)              98.472
2677       (1 0 0 1 0 1 1)              98.462
2678       (1 0 2 3 2 1 1)              98.462
2679       (1 0 2 3 2 1 2)              98.463
2680       (1 0 2 3 2 1 2)              98.463
2681       (1 0 2 3 1 0 1)              98.464
2682       (1 0 0 0 1 2 0)              98.464
2683       (1 0 2 3 2 1 2)              98.465
2684       (1 0 2 3 2 1 2)              98.466
2685       (1 0 1 2 1 1 1)              98.466
2686       (1 0 2 3 1 1 1)              98.467
2687       (1 0 1 2 2 2 1)              98.467
2688       (1 0 3 1 2 1 2)              98.468
2689       (1 0 2 3 2 1 2)              98.468
2690       (1 0 2 3 2 1 2)              98.469
2691       (1 0 1 2 1 1 1)              98.470
2692       (1 0 1 2 1 0 1)              98.465
2693       (1 0 0 0 2 2 1)              98.465
2694       (1 0 2 3 2 1 2)              98.466
2695       (1 0 3 1 2 1 2)              98.467
2696       (1 0 2 3 2 1 2)              98.467
2697       (1 0 1 2 1 1 1)              98.468
2698       (1 0 2 3 2 1 2)              98.468
2699       (1 0 2 3 2 1 2)              98.469
2700       (1 0 1 2 0 0 1)              98.469
2701       (1 0 2 3 2 1 2)              98.470
2702       (1 0 2 3 0 0 0)              98.455
2703       (1 0 3 1 2 1 1)              98.455
2704       (1 0 1 2 1 2 1)              98.456
2705       (1 0 3 1 1 1 1)              98.456
2706       (1 0 3 1 2 1 2)              98.457
2707       (1 0 2 3 2 1 1)              98.457
2708       (1 0 3 1 2 1 2)              98.458
2709       (1 0 1 2 1 1 1)              98.459
2710       (1 0 2 3 1 1 1)              98.459
2711       (1 0 2 3 2 1 2)              98.460
2712       (1 0 1 2 1 1 1)              98.460
2713       (1 0 3 1 2 1 2)              98.461
2714       (1 0 2 3 2 1 1)              98.456
2715       (1 0 2 3 1 2 1)              98.457
2716       (1 0 0 0 1 0 1)              98.457
2717       (1 0 2 3 2 1 2)              98.458
2718       (1 0 2 3 2 1 2)              98.458
2719       (1 0 2 3 1 2 1)              98.459
2720       (1 0 3 1 2 1 2)              98.460
2721       (1 0 2 3 2 1 2)              98.460
2722       (1 0 3 1 2 1 2)              98.461
2723       (1 0 3 1 2 1 2)              98.456
2724       (1 0 1 2 1 1 1)              98.457
2725       (1 0 2 3 2 1 2)              98.457
2726       (1 0 2 3 2 1 2)              98.458
2727       (1 0 2 3 2 1 2)              98.458
2728       (1 0 2 3 2 1 2)              98.459
2729       (1 0 3 1 2 1 2)              98.459
2730       (1 0 3 1 1 1 1)              98.460
2731       (1 0 2 3 2 1 2)              98.461
2732       (1 0 3 1 2 1 1)              98.461
2733       (1 0 1 2 1 1 1)              98.462
2734       (1 0 2 3 2 1 2)              98.462
2735       (1 0 3 1 2 1 2)              98.463
2736       (1 0 3 1 2 1 2)              98.463
2737       (1 0 1 2 0 0 1)              98.464
2738       (1 0 1 2 1 1 1)              98.465
2739       (1 0 1 2 1 2 1)              98.460
2740       (1 0 2 3 2 1 1)              98.460
2741       (1 0 3 1 2 1 2)              98.461
2742       (1 0 2 3 2 1 2)              98.462
2743       (1 0 2 3 1 2 1)              98.462
2744       (1 0 2 3 2 1 2)              98.463
2745       (1 0 1 2 0 0 1)              98.463
2746       (1 0 1 2 1 1 1)              98.464
2747       (1 0 3 1 2 1 2)              98.464
2748       (1 0 3 1 2 1 2)              98.465
2749       (1 0 3 1 2 1 2)              98.465
2750       (1 0 3 1 2 1 2)              98.461
2751       (1 0 0 0 2 2 1)              98.461
2752       (1 0 2 3 2 1 2)              98.462
2753       (1 0 2 3 2 1 2)              98.463
2754       (1 0 3 1 2 1 2)              98.463
2755       (1 0 1 2 1 1 1)              98.464
2756       (1 0 2 3 2 1 2)              98.464
2757       (1 0 2 3 2 1 2)              98.465
2758       (1 0 1 2 1 1 1)              98.465
2759       (1 0 2 3 2 1 2)              98.466
2760       (1 0 2 3 2 1 2)              98.466
2761       (1 0 2 3 2 1 2)              98.467
2762       (1 0 3 1 2 1 2)              98.468
2763       (1 0 2 3 2 1 2)              98.468
2764       (1 0 0 0 1 2 0)              98.469
2765       (1 0 2 3 2 1 2)              98.469
2766       (1 0 2 3 2 1 2)              98.470
2767       (1 0 2 3 2 1 1)              98.470
2768       (1 0 1 2 1 1 1)              98.471
2769       (1 0 2 3 2 1 2)              98.471
2770       (1 0 2 3 2 1 2)              98.472
2771       (1 0 1 2 1 1 1)              98.473
2772       (1 0 3 1 2 1 1)              98.473
2773       (1 0 3 1 2 1 2)              98.474
2774       (1 0 3 1 1 1 1)              98.474
2775       (1 0 2 3 1 2 1)              98.475
2776       (1 0 2 3 2 1 1)              98.475
2777       (1 0 2 3 2 1 1)              98.476
2778       (1 0 1 2 1 1 1)              98.476
2779       (1 0 2 3 2 1 2)              98.477
2780       (1 0 2 3 2 1 2)              98.477
2781       (1 0 2 3 2 1 2)              98.478
2782       (1 0 2 3 2 1 2)              98.479
2783       (1 0 2 3 1 1 1)              98.479
2784       (1 0 2 3 2 1 2)              98.480
2785       (1 0 1 2 1 1 1)              98.480
2786       (1 0 3 1 2 1 2)              98.481
2787       (1 0 3 1 2 1 1)              98.476
2788       (1 0 3 1 2 1 2)              98.472
2789       (1 0 1 2 1 1 1)              98.472
2790       (1 0 3 1 2 1 2)              98.473
2791       (1 0 1 2 0 0 1)              98.473
2792       (1 0 2 3 2 1 1)              98.474
2793       (1 0 2 3 2 1 2)              98.474
2794       (1 0 2 3 2 1 2)              98.475
2795       (1 0 2 3 2 1 2)              98.475
2796       (1 0 1 2 1 1 1)              98.476
2797       (1 0 2 3 2 1 2)              98.477
2798       (1 0 1 2 1 1 1)              98.477
2799       (1 0 1 2 1 1 1)              98.478
2800       (1 0 1 2 1 1 1)              98.478
2801       (1 0 1 1 1 1 1)              98.463
2802       (1 0 3 1 2 1 1)              98.464
2803       (1 0 2 3 2 1 2)              98.464
2804       (1 0 2 3 2 1 2)              98.465
2805       (1 0 3 1 2 1 2)              98.466
2806       (1 0 2 3 1 2 1)              98.466
2807       (1 0 1 2 1 1 1)              98.467
2808       (1 0 2 3 2 1 2)              98.467
2809       (1 0 2 3 2 1 2)              98.468
2810       (1 0 1 2 2 2 1)              98.468
2811       (1 0 2 3 2 1 2)              98.469
2812       (1 0 1 2 2 2 1)              98.469
2813       (1 0 2 3 2 1 1)              98.470
2814       (1 0 2 3 2 1 2)              98.470
2815       (1 0 2 3 2 1 1)              98.471
2816       (1 0 2 3 2 1 2)              98.472
2817       (1 0 1 2 1 1 1)              98.472
2818       (1 0 2 3 1 2 1)              98.473
2819       (1 0 2 3 2 1 2)              98.473
2820       (1 0 0 4 0 0 0)              98.464
2821       (1 0 2 3 2 1 2)              98.464
2822       (1 0 2 3 2 1 2)              98.465
2823       (1 0 2 3 2 1 2)              98.465
2824       (1 0 1 2 1 2 1)              98.466
2825       (1 0 2 3 2 1 2)              98.466
2826       (1 0 1 2 1 1 1)              98.467
2827       (1 0 1 2 1 1 1)              98.467
2828       (1 0 2 3 2 1 2)              98.468
2829       (1 0 2 3 2 1 2)              98.468
2830       (1 0 2 3 2 1 2)              98.469
2831       (1 0 2 3 2 1 2)              98.470
2832       (1 0 3 1 1 1 1)              98.470
2833       (1 0 1 2 1 1 1)              98.471
2834       (1 0 1 2 1 2 1)              98.471
2835       (1 0 3 1 2 1 2)              98.472
2836       (1 0 2 3 2 1 2)              98.472
2837       (1 0 2 3 2 1 2)              98.473
2838       (1 0 2 3 2 1 2)              98.473
2839       (1 0 0 0 1 2 0)              98.474
2840       (1 0 3 1 1 1 1)              98.474
2841       (1 0 3 1 2 1 2)              98.475
2842       (1 0 3 1 2 1 1)              98.476
2843       (1 0 2 3 2 1 2)              98.476
2844       (1 0 3 1 1 1 1)              98.477
2845       (1 0 2 3 2 1 2)              98.477
2846       (1 0 2 3 2 1 1)              98.478
2847       (1 0 3 1 2 1 2)              98.478
2848       (1 0 1 2 1 1 1)              98.479
2849       (1 0 2 3 2 1 2)              98.479
2850       (1 0 2 3 2 1 2)              98.480
2851       (1 0 1 2 1 1 1)              98.480
2852       (1 0 0 0 1 2 0)              98.481
2853       (1 0 2 3 1 1 1)              98.481
2854       (1 0 2 3 2 1 2)              98.482
2855       (1 0 2 3 1 2 1)              98.482
2856       (1 0 3 1 2 1 2)              98.483
2857       (1 0 2 3 1 2 1)              98.484
2858       (1 0 1 2 1 1 1)              98.484
2859       (1 0 3 1 2 1 2)              98.485
2860       (1 0 2 3 2 1 2)              98.485
2861       (1 0 1 2 2 2 1)              98.486
2862       (1 0 3 1 2 1 2)              98.486
2863       (1 0 2 3 1 1 1)              98.487
2864       (1 0 2 3 2 1 2)              98.487
2865       (1 0 2 3 2 1 1)              98.488
2866       (1 0 2 3 2 1 2)              98.488
2867       (1 0 2 3 2 1 2)              98.489
2868       (1 0 2 3 1 2 1)              98.489
2869       (1 0 2 3 1 1 1)              98.490
2870       (1 0 3 1 1 1 1)              98.490
2871       (1 0 2 3 1 1 1)              98.491
2872       (1 0 1 2 1 1 1)              98.492
2873       (1 0 2 3 2 1 2)              98.492
2874       (1 0 1 2 1 1 1)              98.493
2875       (1 0 2 3 2 1 2)              98.493
2876       (1 0 0 0 0 0 0)              98.484
2877       (1 0 3 1 2 1 2)              98.484
2878       (1 0 3 1 2 1 2)              98.480
2879       (1 0 2 3 2 1 2)              98.480
2880       (1 0 3 1 2 1 2)              98.481
2881       (1 0 2 3 2 2 1)              98.481
2882       (1 0 2 3 2 1 2)              98.482
2883       (1 0 1 2 1 1 1)              98.482
2884       (1 0 3 1 2 1 2)              98.483
2885       (1 0 2 3 2 1 2)              98.483
2886       (1 0 1 2 1 1 1)              98.484
2887       (1 0 2 3 2 1 2)              98.484
2888       (1 0 2 3 2 1 2)              98.485
2889       (1 0 2 3 1 2 1)              98.486
2890       (1 0 1 2 1 1 1)              98.486
2891       (1 0 3 1 2 1 2)              98.487
2892       (1 0 1 2 2 2 1)              98.487
2893       (1 0 3 1 2 1 1)              98.483
2894       (1 0 2 3 2 1 1)              98.483
2895       (1 0 2 3 2 1 2)              98.484
2896       (1 0 3 1 2 1 2)              98.484
2897       (1 0 2 3 2 1 2)              98.485
2898       (1 0 2 3 1 1 1)              98.485
2899       (1 0 3 1 1 1 1)              98.486
2900       (1 0 2 3 2 1 2)              98.486
2901       (1 0 2 3 2 1 1)              98.487
2902       (1 0 3 1 2 1 2)              98.487
2903       (1 0 2 3 2 1 2)              98.488
2904       (1 0 3 1 2 1 2)              98.488
2905       (1 0 2 3 2 1 2)              98.489
2906       (1 0 2 3 1 1 1)              98.489
2907       (1 0 2 3 2 1 2)              98.490
2908       (1 0 2 3 2 1 2)              98.491
2909       (1 0 2 3 2 1 2)              98.491
2910       (1 0 2 3 2 1 2)              98.492
2911       (1 0 2 3 2 1 1)              98.492
2912       (1 0 1 2 1 1 1)              98.493
2913       (1 0 2 3 2 1 2)              98.493
2914       (1 0 3 1 2 1 2)              98.489
2915       (1 0 2 3 2 1 2)              98.489
2916       (1 0 3 1 2 1 2)              98.485
2917       (1 0 2 3 2 1 2)              98.480
2918       (1 0 2 3 1 2 1)              98.476
2919       (1 0 2 3 2 1 2)              98.477
2920       (1 0 2 3 2 1 2)              98.477
2921       (1 0 1 2 1 2 0)              98.478
2922       (1 0 2 3 1 2 1)              98.478
2923       (1 0 2 3 2 1 2)              98.474
2924       (1 0 1 2 1 1 1)              98.474
2925       (1 0 1 2 1 1 1)              98.475
2926       (1 0 1 2 1 1 1)              98.475
2927       (1 0 2 3 2 1 1)              98.476
2928       (1 0 2 3 2 1 2)              98.476
2929       (1 0 1 2 1 1 1)              98.477
2930       (1 0 3 1 2 1 1)              98.477
2931       (1 0 0 0 1 2 0)              98.478
2932       (1 0 3 1 2 1 2)              98.478
2933       (1 0 3 1 2 1 2)              98.479
2934       (1 0 3 1 2 1 2)              98.480
2935       (1 0 0 0 2 2 1)              98.480
2936       (1 0 2 3 2 1 2)              98.481
2937       (1 0 2 3 2 1 2)              98.481
2938       (1 0 2 3 2 1 2)              98.482
2939       (1 0 1 2 1 1 1)              98.482
2940       (1 0 3 1 2 1 2)              98.478
2941       (1 0 2 3 2 2 1)              98.478
2942       (1 0 2 3 2 1 2)              98.479
2943       (1 0 3 1 2 1 2)              98.479
2944       (1 0 0 0 1 2 0)              98.480
2945       (1 0 2 3 2 1 2)              98.480
2946       (1 0 3 1 2 1 2)              98.481
2947       (1 0 2 3 1 1 1)              98.481
2948       (1 0 2 3 2 1 2)              98.482
2949       (1 0 3 1 2 1 2)              98.482
2950       (1 0 3 1 2 1 2)              98.483
2951       (1 0 2 3 2 1 2)              98.483
2952       (1 0 3 1 2 1 2)              98.484
2953       (1 0 2 3 2 1 2)              98.484
2954       (1 0 2 3 2 1 2)              98.485
2955       (1 0 3 1 2 1 2)              98.486
2956       (1 0 3 1 2 1 2)              98.486
2957       (1 0 1 2 1 1 1)              98.487
2958       (1 0 3 1 2 1 2)              98.487
2959       (1 0 2 3 2 1 2)              98.488
2960       (1 0 2 3 1 2 1)              98.488
2961       (1 0 3 1 2 1 2)              98.489
2962       (1 0 2 3 1 2 1)              98.489
2963       (1 0 1 2 1 2 0)              98.490
2964       (1 0 2 3 2 1 2)              98.490
2965       (1 0 3 1 2 1 2)              98.491
2966       (1 0 1 2 1 1 1)              98.491
2967       (1 0 1 2 1 1 1)              98.492
2968       (1 0 1 2 1 1 1)              98.492
2969       (1 0 3 1 2 1 2)              98.493
2970       (1 0 1 2 1 1 1)              98.493
2971       (1 0 1 2 1 2 1)              98.494
2972       (1 0 1 2 1 1 1)              98.494
2973       (1 0 2 3 2 1 2)              98.495
2974       (1 0 1 2 1 1 1)              98.495
2975       (1 0 2 3 2 1 1)              98.496
2976       (1 0 3 1 2 1 2)              98.496
2977       (1 0 3 1 2 1 2)              98.497
2978       (1 0 3 1 2 1 2)              98.497
2979       (1 0 2 3 2 1 2)              98.498
2980       (1 0 1 2 1 2 1)              98.498
2981       (1 0 2 3 1 2 1)              98.499
2982       (1 0 1 2 1 1 1)              98.499
2983       (1 0 1 2 0 0 1)              98.500
2984       (1 0 3 1 2 1 1)              98.500
2985       (1 0 3 1 2 1 1)              98.501
2986       (1 0 2 3 2 1 2)              98.501
2987       (1 0 3 1 2 1 2)              98.502
2988       (1 0 2 3 2 1 1)              98.498
2989       (1 0 2 3 2 1 2)              98.498
2990       (1 0 1 2 1 1 1)              98.499
2991       (1 0 2 3 2 1 2)              98.499
2992       (1 0 3 1 2 1 2)              98.500
2993       (1 0 2 3 1 2 1)              98.500
2994       (1 0 2 3 2 1 2)              98.501
2995       (1 0 2 3 2 1 2)              98.501
2996       (1 0 2 3 2 1 1)              98.502
2997       (1 0 1 2 1 1 1)              98.502
2998       (1 0 2 3 1 2 1)              98.503
2999       (1 0 3 1 2 1 2)              98.503
3000       (1 0 1 2 1 1 1)              98.504
3001       (1 0 1 2 1 1 1)              98.504
3003       (1 0 3 1 2 1 2)              98.505
3004       (1 0 2 3 1 1 1)              98.505
3005       (1 0 2 3 2 1 2)              98.506
3006       (1 0 2 3 2 1 2)              98.506
3007       (1 0 3 1 2 1 2)              98.507
3008       (1 0 2 3 2 1 2)              98.507
3009       (1 0 3 1 2 1 2)              98.508
3010       (1 0 3 1 2 1 2)              98.503
3011       (1 0 2 3 2 2 1)              98.504
3012       (1 0 3 1 2 1 2)              98.504
3013       (1 0 1 2 1 1 1)              98.505
3014       (1 0 3 1 2 1 2)              98.505
3015       (1 0 2 3 1 1 1)              98.496
3016       (1 0 2 3 2 1 2)              98.497
3017       (1 0 1 2 1 1 1)              98.497
3018       (1 0 2 3 1 2 1)              98.498
3019       (1 0 1 1 0 1 1)              98.489
3020       (1 0 0 0 2 2 1)              98.489
3021       (1 0 1 2 1 1 1)              98.490
3022       (1 0 2 3 2 1 2)              98.490
3023       (1 0 3 1 2 1 2)              98.491
3024       (1 0 1 2 1 1 1)              98.491
3025       (1 0 3 1 2 1 2)              98.492
3026       (1 0 2 3 2 1 2)              98.492
3027       (1 0 1 2 1 2 1)              98.493
3028       (1 0 0 0 1 2 0)              98.493
3029       (1 0 1 2 1 1 1)              98.494
3030       (1 0 2 3 2 1 2)              98.494
3031       (1 0 2 3 1 1 1)              98.495
3032       (1 0 1 2 1 1 1)              98.495
3033       (1 0 0 0 0 0 0)              98.496
3034       (1 0 3 1 2 1 2)              98.496
3035       (1 0 3 1 2 1 2)              98.497
3036       (1 0 2 3 2 1 2)              98.497
3037       (1 0 1 2 1 1 1)              98.498
3038       (1 0 2 3 2 1 1)              98.494
3039       (1 0 3 1 2 1 2)              98.494
3040       (1 0 1 2 1 1 1)              98.495
3041       (1 0 1 1 0 0 1)              98.481
3042       (1 0 2 3 1 2 1)              98.481
3043       (1 0 3 1 2 1 2)              98.482
3044       (1 0 3 1 2 1 2)              98.482
3045       (1 0 1 2 1 1 1)              98.483
3046       (1 0 2 3 2 1 2)              98.483
3047       (1 0 3 1 2 1 2)              98.484
3048       (1 0 1 2 1 1 1)              98.484
3049       (1 0 2 3 2 1 2)              98.485
3050       (1 0 1 2 1 1 1)              98.485
3051       (1 0 2 3 2 1 2)              98.486
3052       (1 0 2 3 2 1 1)              98.482
3053       (1 0 2 3 2 1 2)              98.482
3054       (1 0 1 2 1 1 1)              98.483
3055       (1 0 3 1 2 1 2)              98.483
3056       (1 0 2 3 2 1 2)              98.484
3057       (1 0 1 2 1 1 1)              98.484
3058       (1 0 0 0 2 2 1)              98.485
3059       (1 0 2 3 2 1 2)              98.485
3060       (1 0 2 3 2 1 2)              98.486
3061       (1 0 1 2 1 1 1)              98.486
3062       (1 0 2 3 2 1 1)              98.487
3063       (1 0 2 3 2 1 2)              98.487
3064       (1 0 3 1 2 1 2)              98.488
3065       (1 0 1 2 1 2 1)              98.488
3066       (1 0 0 0 0 2 0)              98.489
3067       (1 0 3 1 2 1 2)              98.489
3068       (1 0 2 3 2 1 2)              98.490
3069       (1 0 2 3 2 1 2)              98.490
3070       (1 0 3 1 2 1 2)              98.491
3071       (1 0 2 3 2 1 2)              98.491
3072       (1 0 1 2 1 1 1)              98.492
3073       (1 0 2 3 2 1 2)              98.492
3074       (1 0 3 1 2 1 2)              98.493
3075       (1 0 3 1 2 1 2)              98.488
3076       (1 0 2 3 1 2 1)              98.489
3077       (1 0 3 1 2 1 1)              98.489
3078       (1 0 3 1 1 1 1)              98.490
3079       (1 0 2 3 2 1 1)              98.490
3080       (1 0 2 3 2 1 2)              98.491
3081       (1 0 2 3 2 1 2)              98.491
3082       (1 0 2 3 2 1 2)              98.492
3083       (1 0 2 3 0 0 0)              98.492
3084       (1 0 1 2 0 0 1)              98.493
3085       (1 0 1 2 1 1 1)              98.493
3086       (1 0 3 1 2 1 2)              98.494
3087       (1 0 2 3 1 1 1)              98.494
3088       (1 0 2 3 1 1 1)              98.495
3089       (1 0 3 1 2 1 2)              98.495
3090       (1 0 0 0 1 0 1)              98.496
3091       (1 0 3 1 2 1 2)              98.496
3092       (1 0 1 2 1 1 1)              98.497
3093       (1 0 3 1 2 1 2)              98.497
3094       (1 0 3 1 2 1 2)              98.498
3095       (1 0 2 3 1 2 1)              98.498
3096       (1 0 3 1 1 1 1)              98.499
3097       (1 0 1 2 1 1 1)              98.499
3098       (1 0 2 3 2 1 2)              98.500
3099       (1 0 1 2 1 1 1)              98.500
3100       (1 0 1 2 1 1 1)              98.501
3101       (1 0 3 1 2 1 2)              98.501
3102       (1 0 2 3 2 1 2)              98.502
3103       (1 0 2 3 2 1 2)              98.502
3104       (1 0 3 1 2 1 2)              98.503
3105       (1 0 1 2 1 2 1)              98.498
3106       (1 0 2 3 2 1 2)              98.499
3107       (1 0 1 2 1 1 1)              98.499
3108       (1 0 1 2 1 1 1)              98.500
3109       (1 0 2 3 1 1 1)              98.500
3110       (1 0 3 1 2 1 1)              98.501
3111       (1 0 1 2 1 1 1)              98.501
3112       (1 0 2 3 1 1 1)              98.502
3113       (1 0 1 2 1 1 1)              98.502
3114       (1 0 3 1 2 1 2)              98.503
3115       (1 0 1 2 1 0 1)              98.489
3116       (1 0 3 1 2 1 2)              98.485
3117       (1 0 2 3 2 1 2)              98.486
3118       (1 0 3 1 2 1 2)              98.486
3119       (1 0 3 1 2 1 2)              98.482
3120       (1 0 1 2 0 0 1)              98.483
3121       (1 0 3 1 2 1 2)              98.483
3122       (1 0 1 2 1 1 1)              98.484
3123       (1 0 2 3 2 1 2)              98.484
3124       (1 0 1 2 2 2 1)              98.485
3125       (1 0 3 1 2 1 1)              98.481
3126       (1 0 2 3 2 1 1)              98.481
3127       (1 0 2 3 1 2 1)              98.482
3128       (1 0 1 2 1 1 1)              98.482
3129       (1 0 1 2 1 1 1)              98.482
3130       (1 0 0 0 1 2 0)              98.483
3131       (1 0 2 3 2 1 2)              98.483
3132       (1 0 3 1 2 1 2)              98.484
3133       (1 0 2 3 1 1 1)              98.484
3134       (1 0 3 1 2 1 1)              98.480
3135       (1 0 3 1 2 1 2)              98.481
3136       (1 0 3 1 2 1 2)              98.481
3137       (1 0 1 2 1 1 1)              98.482
3138       (1 0 1 2 1 1 1)              98.482
3139       (1 0 0 1 2 2 1)              98.469
3140       (1 0 2 3 2 1 2)              98.470
3141       (1 0 3 1 2 1 1)              98.470
3142       (1 0 2 3 2 1 2)              98.471
3143       (1 0 1 2 1 1 1)              98.471
3144       (1 0 2 3 2 1 2)              98.472
3145       (1 0 2 3 1 1 1)              98.472
3146       (1 0 3 1 2 1 2)              98.472
3147       (1 0 3 1 2 1 2)              98.473
3148       (1 0 2 3 2 1 1)              98.473
3149       (1 0 2 3 2 1 2)              98.474
3150       (1 0 2 3 2 1 2)              98.474
3151       (1 0 3 1 2 1 2)              98.475
3152       (1 0 3 1 1 1 1)              98.475
3153       (1 0 2 3 2 1 2)              98.476
3154       (1 0 2 3 2 1 2)              98.476
3155       (1 0 3 1 2 1 1)              98.477
3156       (1 0 2 3 1 1 1)              98.473
3157       (1 0 3 1 2 1 2)              98.473
3158       (1 0 1 2 1 1 1)              98.469
3159       (1 0 2 3 2 1 2)              98.470
3160       (1 0 1 2 1 1 1)              98.470
3161       (1 0 3 1 2 1 2)              98.471
3162       (1 0 1 2 1 1 1)              98.471
3163       (1 0 2 3 2 1 2)              98.472
3164       (1 0 2 3 2 1 2)              98.472
3165       (1 0 2 3 2 1 2)              98.473
3166       (1 0 2 3 2 1 2)              98.473
3167       (1 0 0 0 2 2 1)              98.474
3168       (1 0 2 3 2 1 2)              98.474
3169       (1 0 1 2 1 1 1)              98.475
3170       (1 0 2 3 1 1 1)              98.475
3171       (1 0 2 3 2 1 2)              98.476
3172       (1 0 2 3 2 1 2)              98.476
3173       (1 0 2 3 2 1 2)              98.476
3174       (1 0 2 3 2 1 2)              98.477
3175       (1 0 2 3 2 1 2)              98.477
3176       (1 0 2 3 1 2 1)              98.478
3177       (1 0 2 3 2 1 2)              98.478
3178       (1 0 1 2 1 2 0)              98.479
3179       (1 0 2 3 2 1 2)              98.479
3180       (1 0 3 1 2 1 2)              98.480
3181       (1 0 3 1 2 1 2)              98.480
3182       (1 0 3 1 2 1 2)              98.472
3183       (1 0 2 3 2 1 2)              98.472
3184       (1 0 2 3 2 1 2)              98.473
3185       (1 0 2 3 2 1 2)              98.469
3186       (1 0 3 1 2 1 2)              98.469
3187       (1 0 3 1 2 1 2)              98.470
3188       (1 0 3 1 2 1 2)              98.470
3189       (1 0 2 3 2 1 2)              98.471
3190       (1 0 2 3 2 1 2)              98.471
3191       (1 0 3 1 2 1 2)              98.472
3192       (1 0 2 3 1 2 1)              98.472
3193       (1 0 2 3 2 1 2)              98.473
3194       (1 0 3 1 1 1 1)              98.473
3195       (1 0 1 2 0 0 1)              98.474
3196       (1 0 3 1 2 1 2)              98.474
3197       (1 0 2 3 1 2 1)              98.475
3198       (1 0 2 3 2 1 2)              98.475
3199       (1 0 3 1 2 1 2)              98.475
3200       (1 0 2 3 2 1 2)              98.476
3201       (1 0 2 3 2 1 2)              98.476
3202       (1 0 2 3 1 2 1)              98.477
3203       (1 0 1 2 1 1 1)              98.477
3204       (1 0 3 1 1 2 1)              98.478
3205       (1 0 1 2 1 1 1)              98.478
3206       (1 0 3 1 2 1 2)              98.479
3207       (1 0 3 1 2 1 2)              98.479
3209       (1 0 3 1 2 1 2)              98.480
3210       (1 0 1 2 1 1 1)              98.480
3211       (1 0 2 3 2 1 2)              98.481
3212       (1 0 3 1 2 1 2)              98.481
3214       (1 0 1 2 1 1 1)              98.482
3215       (1 0 2 3 2 1 2)              98.482
3216       (1 0 2 3 1 1 1)              98.474
3217       (1 0 3 1 2 1 2)              98.474
3218       (1 0 1 2 1 1 1)              98.475
3219       (1 0 1 2 1 1 1)              98.475
3220       (1 0 2 3 2 1 2)              98.476
3221       (1 0 1 2 1 1 1)              98.476
3222       (1 0 3 1 2 1 2)              98.477
3223       (1 0 2 3 2 1 1)              98.477
3224       (1 0 2 3 1 2 1)              98.473
3225       (1 0 1 2 1 1 1)              98.474
3226       (1 0 2 3 2 1 2)              98.474
3227       (1 0 3 1 2 1 2)              98.474
3228       (1 0 2 1 2 1 1)              98.466
3229       (1 0 3 1 2 1 2)              98.462
3230       (1 0 2 3 2 1 2)              98.463
3231       (1 0 3 1 2 1 2)              98.463
3232       (1 0 3 1 2 1 2)              98.464
3233       (1 0 3 1 2 1 2)              98.464
3234       (1 0 3 1 2 1 1)              98.464
3235       (1 0 0 0 0 2 0)              98.465
3236       (1 0 3 1 2 1 1)              98.461
3237       (1 0 2 3 2 1 2)              98.461
3238       (1 0 2 3 1 1 1)              98.462
3239       (1 0 1 2 1 1 1)              98.462
3240       (1 0 2 3 2 1 2)              98.463
3241       (1 0 1 2 1 1 1)              98.463
3242       (1 0 2 3 2 1 2)              98.464
3243       (1 0 3 1 2 1 2)              98.460
3244       (1 0 2 3 2 1 2)              98.460
3245       (1 0 2 3 2 1 2)              98.461
3246       (1 0 2 3 2 1 2)              98.461
3247       (1 0 2 3 2 1 2)              98.462
3248       (1 0 1 2 1 1 1)              98.462
3249       (1 0 2 3 1 2 1)              98.463
3250       (1 0 3 1 2 1 1)              98.463
3251       (1 0 2 3 2 1 2)              98.464
3252       (1 0 2 3 2 1 2)              98.464
3253       (1 0 2 3 2 1 1)              98.460
3254       (1 0 2 3 1 0 1)              98.456
3255       (1 0 2 3 2 1 2)              98.457
3256       (1 0 1 2 1 1 1)              98.457
3257       (1 0 3 1 2 1 2)              98.453
3258       (1 0 0 0 2 2 1)              98.454
3259       (1 0 2 3 2 1 2)              98.454
3260       (1 0 2 3 1 2 1)              98.455
3261       (1 0 1 2 1 1 1)              98.455
3262       (1 0 3 1 2 1 2)              98.456
3263       (1 0 2 3 2 1 2)              98.456
3264       (1 0 3 1 2 1 2)              98.457
3265       (1 0 1 2 0 0 1)              98.457
3266       (1 0 1 2 1 1 1)              98.458
3267       (1 0 3 1 2 1 2)              98.458
3268       (1 0 0 0 1 2 0)              98.459
3269       (1 0 2 3 2 1 2)              98.459
3270       (1 0 3 1 2 1 2)              98.455
3271       (1 0 2 3 2 1 2)              98.456
3272       (1 0 2 3 2 1 2)              98.456
3273       (1 0 1 2 1 1 1)              98.457
3274       (1 0 3 1 2 1 2)              98.457
3275       (1 0 1 2 1 1 1)              98.457
3276       (1 0 2 3 2 1 2)              98.458
3277       (1 0 2 3 2 1 2)              98.458
3278       (1 0 1 2 1 1 1)              98.459
3279       (1 0 2 3 2 1 2)              98.459
3280       (1 0 3 1 2 1 2)              98.460
3281       (1 0 1 2 1 1 1)              98.460
3282       (1 0 3 1 2 1 2)              98.461
3283       (1 0 2 3 1 2 1)              98.461
3284       (1 0 2 3 2 1 2)              98.462
3285       (1 0 2 3 2 1 2)              98.462
3286       (1 0 3 1 2 1 2)              98.463
3287       (1 0 1 2 1 1 1)              98.463
3288       (1 0 2 3 2 1 2)              98.464
3289       (1 0 1 2 1 1 1)              98.464
3290       (1 0 2 3 2 1 2)              98.465
3291       (1 0 2 3 2 1 1)              98.461
3292       (1 0 2 3 2 1 2)              98.461
3293       (1 0 2 3 2 1 2)              98.462
3294       (1 0 2 3 2 1 2)              98.462
3295       (1 0 2 3 1 2 1)              98.463
3296       (1 0 1 2 1 1 1)              98.463
3297       (1 0 1 2 1 1 1)              98.463
3298       (1 0 1 2 1 1 1)              98.464
3299       (1 0 2 3 2 1 2)              98.464
3300       (1 0 3 1 2 1 2)              98.465
3301       (1 0 2 3 2 1 2)              98.465
3302       (1 0 1 2 1 1 1)              98.466
3303       (1 0 0 0 2 2 1)              98.466
3304       (1 0 2 3 2 1 2)              98.467
3305       (1 0 2 3 2 1 2)              98.467
3306       (1 0 3 1 2 1 2)              98.468
3307       (1 0 1 2 1 1 1)              98.468
3308       (1 0 1 2 1 2 1)              98.464
3309       (1 0 1 2 1 1 1)              98.465
3310       (1 0 1 2 1 1 1)              98.465
3311       (1 0 2 3 2 1 1)              98.466
3312       (1 0 0 0 2 2 1)              98.466
3313       (1 0 2 3 1 1 1)              98.467
3314       (1 0 1 2 0 1 0)              98.458
3315       (1 0 1 2 1 1 1)              98.459
3316       (1 0 3 1 1 1 1)              98.459
3317       (1 0 3 1 2 1 2)              98.460
3318       (1 0 2 3 2 1 1)              98.460
3319       (1 0 3 1 2 1 2)              98.456
3320       (1 0 0 0 2 2 1)              98.457
3321       (1 0 3 1 2 1 2)              98.457
3322       (1 0 2 3 2 1 2)              98.458
3323       (1 0 2 3 2 1 2)              98.458
3324       (1 0 2 3 2 1 1)              98.459
3325       (1 0 2 3 2 1 2)              98.459
3326       (1 0 2 3 2 1 2)              98.460
3327       (1 0 2 3 2 1 2)              98.460
3328       (1 0 2 3 1 1 1)              98.461
3329       (1 0 3 1 2 1 2)              98.457
3330       (1 0 2 3 2 1 1)              98.457
3331       (1 0 3 1 2 1 1)              98.458
3332       (1 0 1 2 2 2 1)              98.458
3333       (1 0 3 1 2 1 2)              98.459
3334       (1 0 2 3 2 1 2)              98.459
3335       (1 0 1 2 1 1 1)              98.460
3336       (1 0 2 3 2 2 1)              98.460
3337       (1 0 3 1 2 1 2)              98.460
3338       (1 0 2 3 2 1 2)              98.461
3339       (1 0 2 3 2 1 2)              98.461
3340       (1 0 3 1 2 1 2)              98.462
3341       (1 0 1 2 1 1 1)              98.462
3342       (1 0 2 3 2 1 1)              98.463
3343       (1 0 2 3 1 1 0)              98.459
3344       (1 0 3 1 2 1 2)              98.459
3345       (1 0 2 3 2 1 2)              98.460
3346       (1 0 3 1 2 1 2)              98.460
3347       (1 0 2 3 2 1 2)              98.461
3348       (1 0 3 1 2 1 2)              98.457
3349       (1 0 2 3 1 1 1)              98.449
3350       (1 0 1 2 1 1 1)              98.449
3351       (1 0 2 3 2 1 2)              98.450
3352       (1 0 2 3 1 2 1)              98.450
3353       (1 0 2 3 2 1 2)              98.451
3354       (1 0 2 3 1 2 1)              98.451
3355       (1 0 3 1 2 1 1)              98.452
3356       (1 0 2 3 2 1 2)              98.452
3357       (1 0 2 3 2 1 2)              98.453
3358       (1 0 2 3 2 1 2)              98.453
3359       (1 0 1 2 1 2 1)              98.454
3360       (1 0 3 1 2 1 2)              98.454
3361       (1 0 2 3 1 2 1)              98.454
3362       (1 0 3 1 2 1 1)              98.455
3363       (1 0 1 2 1 1 1)              98.455
3364       (1 0 3 1 2 1 2)              98.456
3365       (1 0 2 3 2 1 2)              98.456
3366       (1 0 3 1 2 1 2)              98.457
3367       (1 0 2 3 2 1 1)              98.457
3368       (1 0 2 3 2 1 2)              98.458
3369       (1 0 2 3 2 1 2)              98.458
3370       (1 0 1 2 0 0 1)              98.459
3371       (1 0 3 1 2 1 2)              98.459
3372       (1 0 2 3 2 1 1)              98.460
3373       (1 0 2 3 2 1 2)              98.460
3374       (1 0 3 1 2 1 2)              98.460
3375       (1 0 2 3 2 1 2)              98.461
3376       (1 0 3 1 2 1 1)              98.457
3377       (1 0 2 3 2 1 2)              98.458
3378       (1 0 0 0 1 2 0)              98.458
3379       (1 0 3 1 2 1 2)              98.454
3380       (1 0 3 1 2 1 2)              98.455
3381       (1 0 2 3 2 1 2)              98.455
3382       (1 0 2 3 2 1 2)              98.456
3383       (1 0 2 3 2 1 2)              98.456
3384       (1 0 2 3 2 1 2)              98.457
3385       (1 0 1 2 1 2 0)              98.457
3386       (1 0 2 3 2 1 2)              98.457
3387       (1 0 2 3 2 1 2)              98.458
3388       (1 0 2 3 2 1 2)              98.458
3389       (1 0 2 3 2 1 2)              98.459
3390       (1 0 2 3 1 2 1)              98.459
3391       (1 0 2 3 2 1 2)              98.460
3392       (1 0 2 3 2 1 2)              98.460
3393       (1 0 2 3 2 1 1)              98.456
3394       (1 0 2 3 2 1 2)              98.457
3395       (1 0 1 2 1 1 1)              98.457
3396       (1 0 2 3 2 1 2)              98.458
3397       (1 0 1 2 0 0 1)              98.458
3398       (1 0 1 2 1 1 1)              98.459
3399       (1 0 3 1 1 1 1)              98.459
3400       (1 0 3 1 2 1 2)              98.460
3401       (1 0 2 3 2 1 2)              98.460
3402       (1 0 2 3 1 2 1)              98.461
3403       (1 0 2 3 2 1 2)              98.461
3404       (1 0 3 1 2 1 1)              98.461
3405       (1 0 3 1 1 1 1)              98.462
3406       (1 0 3 1 2 1 2)              98.462
3407       (1 0 3 1 2 1 2)              98.463
3408       (1 0 2 3 2 1 2)              98.463
3409       (1 0 3 1 2 1 2)              98.464
3410       (1 0 1 2 1 1 1)              98.464
3411       (1 0 2 3 2 1 2)              98.465
3412       (1 0 2 3 2 1 2)              98.465
3413       (1 0 3 1 2 1 2)              98.465
3414       (1 0 2 3 2 1 2)              98.466
3415       (1 0 1 2 1 1 1)              98.466
3416       (1 0 2 3 2 1 2)              98.467
3417       (1 0 1 2 1 1 1)              98.467
3418       (1 0 2 3 2 1 2)              98.468
3419       (1 0 2 3 2 1 2)              98.468
3420       (1 0 2 3 2 1 2)              98.469
3421       (1 0 2 3 2 1 2)              98.469
3422       (1 0 2 3 1 1 1)              98.470
3423       (1 0 2 3 2 1 2)              98.470
3424       (1 0 3 1 2 1 2)              98.470
3425       (1 0 2 3 1 2 1)              98.471
3426       (1 0 1 2 1 1 1)              98.471
3427       (1 0 2 3 1 1 1)              98.472
3428       (1 0 3 1 2 1 2)              98.472
3429       (1 0 1 2 1 1 1)              98.473
3430       (1 0 2 3 2 1 2)              98.473
3431       (1 0 2 3 1 1 1)              98.474
3432       (1 0 1 2 1 1 1)              98.474
3433       (1 0 1 2 1 1 1)              98.474
3434       (1 0 1 2 1 1 1)              98.475
3435       (1 0 2 3 2 1 2)              98.475
3436       (1 0 2 3 2 1 2)              98.476
3437       (1 0 2 3 2 1 2)              98.476
3438       (1 0 2 3 2 1 1)              98.473
3439       (1 0 3 1 2 1 2)              98.473
3440       (1 0 2 3 2 1 2)              98.473
3441       (1 0 2 3 2 1 2)              98.474
3442       (1 0 3 1 2 1 1)              98.474
3443       (1 0 2 3 1 2 1)              98.471
3444       (1 0 1 2 2 2 1)              98.471
3445       (1 0 3 1 2 1 2)              98.471
3446       (1 0 1 2 1 1 1)              98.472
3447       (1 0 2 3 2 1 2)              98.472
3448       (1 0 1 2 1 1 1)              98.473
3449       (1 0 2 3 2 1 2)              98.473
3450       (1 0 3 1 2 1 2)              98.474
3451       (1 0 3 1 2 1 2)              98.474
3452       (1 0 2 3 1 2 1)              98.475
3453       (1 0 3 1 2 1 2)              98.471
3454       (1 0 1 2 1 1 1)              98.471
3455       (1 0 2 3 2 1 2)              98.472
3456       (1 0 1 2 1 1 1)              98.472
3457       (1 0 2 3 2 1 2)              98.473
3458       (1 0 3 1 2 1 2)              98.473
3459       (1 0 3 1 2 1 2)              98.474
3460       (1 0 1 2 1 1 1)              98.474
3461       (1 0 2 3 2 1 2)              98.474
3462       (1 0 2 3 2 1 2)              98.475
3463       (1 0 3 1 2 1 2)              98.475
3464       (1 0 3 1 2 1 2)              98.476
3465       (1 0 0 0 0 2 0)              98.476
3466       (1 0 3 1 2 1 1)              98.477
3467       (1 0 3 1 2 1 2)              98.477
3468       (1 0 3 1 2 1 2)              98.478
3469       (1 0 2 3 1 2 1)              98.478
3470       (1 0 3 1 1 1 1)              98.478
3471       (1 0 3 1 2 1 2)              98.479
3472       (1 0 2 3 2 1 2)              98.479
3473       (1 0 2 3 2 1 1)              98.480
3474       (1 0 3 1 2 1 2)              98.480
3475       (1 0 3 1 2 1 2)              98.481
3476       (1 0 1 2 1 1 1)              98.481
3477       (1 0 3 1 2 1 2)              98.481
3478       (1 0 0 0 1 2 0)              98.482
3479       (1 0 3 1 2 1 2)              98.482
3480       (1 0 3 1 2 1 2)              98.483
3481       (1 0 2 3 2 1 2)              98.483
3482       (1 0 3 1 2 1 2)              98.480
3483       (1 0 2 3 2 1 2)              98.480
3484       (1 0 2 3 2 1 2)              98.480
3485       (1 0 3 1 2 1 2)              98.481
3486       (1 0 3 1 2 1 2)              98.481
3487       (1 0 2 3 2 1 2)              98.482
3488       (1 0 3 1 2 1 2)              98.482
3489       (1 0 2 3 2 1 2)              98.483
3490       (1 0 3 1 1 2 1)              98.483
3491       (1 0 3 1 2 1 2)              98.483
3492       (1 0 3 1 2 1 2)              98.484
3493       (1 0 1 2 1 1 1)              98.484
3494       (1 0 1 2 1 1 1)              98.485
3495       (1 0 2 3 2 1 2)              98.485
3496       (1 0 2 3 2 1 2)              98.486
3497       (1 0 2 3 2 1 2)              98.486
3498       (1 0 2 3 2 1 2)              98.487
3499       (1 0 1 2 1 2 1)              98.487
3500       (1 0 1 2 1 1 1)              98.487
3501       (1 0 0 0 1 2 0)              98.488
3502       (1 0 1 2 1 1 1)              98.488
3503       (1 0 1 2 1 1 1)              98.489
3504       (1 0 3 1 2 1 2)              98.489
3505       (1 0 2 3 2 1 2)              98.490
3506       (1 0 2 3 2 1 2)              98.490
3507       (1 0 1 2 1 1 1)              98.490
3508       (1 0 2 3 2 1 2)              98.491
3509       (1 0 2 3 2 1 1)              98.491
3510       (1 0 3 1 2 1 2)              98.492
3511       (1 0 3 1 2 1 2)              98.492
3512       (1 0 2 3 2 1 2)              98.493
3513       (1 0 1 1 0 0 1)              98.485
3514       (1 0 1 2 1 1 1)              98.485
3515       (1 0 2 3 2 1 2)              98.486
3516       (1 0 3 1 2 1 2)              98.486
3517       (1 0 2 3 2 1 2)              98.487
3518       (1 0 3 1 2 1 2)              98.487
3519       (1 0 2 3 2 1 2)              98.487
3520       (1 0 2 3 1 1 1)              98.488
3521       (1 0 2 3 1 1 1)              98.488
3522       (1 0 2 3 1 1 1)              98.489
3523       (1 0 2 3 2 1 2)              98.489
3524       (1 0 1 2 1 1 1)              98.490
3525       (1 0 2 3 2 1 2)              98.490
3526       (1 0 2 3 2 1 2)              98.490
3527       (1 0 3 1 2 1 2)              98.487
3528       (1 0 2 3 2 1 2)              98.487
3529       (1 0 2 3 2 1 2)              98.488
3530       (1 0 2 3 1 2 0)              98.488
3531       (1 0 2 3 2 1 2)              98.489
3532       (1 0 3 1 2 1 2)              98.489
3533       (1 0 1 2 1 2 1)              98.489
3534       (1 0 2 3 2 1 2)              98.490
3536       (1 0 2 3 1 1 1)              98.490
3537       (1 0 0 0 1 2 0)              98.491
3538       (1 0 1 2 1 1 1)              98.491
3539       (1 0 3 1 2 1 2)              98.492
3540       (1 0 3 1 2 1 2)              98.488
3541       (1 0 1 2 1 1 1)              98.488
3542       (1 0 1 2 1 1 1)              98.489
3543       (1 0 2 3 2 1 2)              98.489
3544       (1 0 2 3 2 1 2)              98.490
3545       (1 0 2 3 2 1 2)              98.490
3546       (1 0 2 3 2 1 2)              98.490
3547       (1 0 2 3 2 1 2)              98.491
3548       (1 0 2 3 2 1 2)              98.491
3549       (1 0 1 2 1 1 1)              98.492
3550       (1 0 2 3 2 1 2)              98.492
3551       (1 0 2 3 2 1 2)              98.493
3552       (1 0 2 3 2 1 2)              98.493
3553       (1 0 2 3 2 1 1)              98.493
3554       (1 0 2 3 2 1 2)              98.494
3555       (1 0 2 3 2 1 2)              98.494
3556       (1 0 1 2 1 1 1)              98.495
3557       (1 0 3 1 2 1 2)              98.495
3558       (1 0 2 3 2 1 2)              98.496
3559       (1 0 3 1 1 1 1)              98.496
3560       (1 0 2 3 1 2 1)              98.496
3561       (1 0 2 3 2 1 2)              98.497
3562       (1 0 3 1 2 1 2)              98.497
3563       (1 0 3 1 2 1 2)              98.498
3564       (1 0 2 3 2 1 1)              98.498
3565       (1 0 1 2 1 1 1)              98.499
3566       (1 0 1 2 1 1 1)              98.499
3567       (1 0 1 2 1 1 1)              98.499
3568       (1 0 2 3 1 2 1)              98.500
3569       (1 0 3 1 2 1 2)              98.500
3570       (1 0 3 1 2 1 2)              98.501
3571       (1 0 2 3 2 1 1)              98.501
3572       (1 0 3 1 2 1 2)              98.498
3573       (1 0 2 3 2 1 2)              98.498
3574       (1 0 2 3 2 2 1)              98.498
3575       (1 0 2 3 2 1 2)              98.499
3576       (1 0 2 3 2 1 2)              98.499
3577       (1 0 2 3 2 1 2)              98.500
3578       (1 0 1 2 1 1 1)              98.500
3579       (1 0 1 2 0 0 1)              98.500
3580       (1 0 1 2 1 1 1)              98.501
3581       (1 0 2 3 2 1 1)              98.501
3582       (1 0 1 2 1 1 1)              98.502
3583       (1 0 3 1 2 1 2)              98.502
3584       (1 0 2 3 2 1 2)              98.503
3585       (1 0 3 1 2 1 2)              98.503
3586       (1 0 3 1 1 1 1)              98.495
3587       (1 0 2 3 2 1 2)              98.496
3588       (1 0 2 3 1 2 1)              98.496
3589       (1 0 2 3 2 1 2)              98.497
3590       (1 0 3 1 2 1 2)              98.497
3591       (1 0 2 3 2 1 2)              98.498
3592       (1 0 1 2 1 2 0)              98.498
3593       (1 0 3 1 2 1 2)              98.498
3594       (1 0 2 3 2 1 2)              98.499
3595       (1 0 3 1 2 1 2)              98.499
3596       (1 0 1 2 1 1 1)              98.500
3597       (1 0 2 3 2 1 2)              98.500
3598       (1 0 2 3 2 1 2)              98.500
3599       (1 0 2 3 2 1 2)              98.501
3600       (1 0 2 3 1 2 0)              98.497
3601       (1 0 2 3 2 1 1)              98.498
3602       (1 0 1 2 1 2 1)              98.494
3603       (1 0 2 3 2 1 2)              98.495
3604       (1 0 2 3 2 1 2)              98.495
3605       (1 0 3 1 2 1 2)              98.491
3606       (1 0 1 2 1 1 1)              98.492
3607       (1 0 2 1 2 1 2)              98.480
3608       (1 0 3 1 1 1 1)              98.481
3609       (1 0 1 2 1 2 0)              98.481
3610       (1 0 2 3 2 1 2)              98.482
3611       (1 0 1 2 1 1 1)              98.482
3612       (1 0 2 3 2 1 2)              98.482
3613       (1 0 2 3 2 1 2)              98.483
3614       (1 0 1 2 1 1 1)              98.483
3615       (1 0 2 3 1 1 1)              98.484
3616       (1 0 3 1 2 1 2)              98.484
3617       (1 0 2 3 2 1 2)              98.485
3618       (1 0 2 3 1 1 1)              98.481
3619       (1 0 2 3 2 1 2)              98.481
3620       (1 0 3 1 2 1 2)              98.482
3621       (1 0 2 3 2 1 1)              98.478
3622       (1 0 3 1 2 1 2)              98.479
3623       (1 0 1 2 1 1 1)              98.479
3624       (1 0 2 3 2 1 2)              98.480
3625       (1 0 2 3 2 1 2)              98.480
3626       (1 0 0 3 0 0 0)              98.476
3627       (1 0 3 1 2 1 2)              98.477
3628       (1 0 2 3 2 1 2)              98.477
3629       (1 0 2 3 2 1 2)              98.478
3630       (1 0 1 2 1 1 1)              98.478
3631       (1 0 3 1 2 1 2)              98.479
3632       (1 0 3 1 2 1 2)              98.479
3633       (1 0 1 2 2 2 1)              98.479
3634       (1 0 2 3 2 1 2)              98.480
3635       (1 0 2 3 2 1 2)              98.480
3636       (1 0 1 2 0 0 1)              98.481
3637       (1 0 1 2 1 1 1)              98.481
3638       (1 0 2 3 2 1 2)              98.482
3639       (1 0 2 3 1 2 1)              98.482
3640       (1 0 2 3 1 1 1)              98.482
3641       (1 0 2 3 2 1 2)              98.483
3642       (1 0 2 3 1 1 1)              98.483
3643       (1 0 2 3 2 1 2)              98.484
3644       (1 0 3 1 2 1 2)              98.480
3645       (1 0 2 3 2 1 2)              98.480
3646       (1 0 2 3 2 1 2)              98.481
3647       (1 0 1 2 1 1 1)              98.481
3648       (1 0 2 3 2 1 2)              98.482
3649       (1 0 1 2 1 2 1)              98.478
3650       (1 0 1 2 1 1 1)              98.479
3651       (1 0 2 3 2 1 2)              98.479
3652       (1 0 3 1 2 1 1)              98.479
3653       (1 0 2 3 2 1 2)              98.480
3654       (1 0 3 1 2 1 2)              98.480
3655       (1 0 2 3 2 1 2)              98.481
3656       (1 0 1 2 1 1 1)              98.481
3657       (1 0 3 1 2 1 2)              98.482
3658       (1 0 2 3 1 2 1)              98.482
3659       (1 0 2 3 2 1 2)              98.482
3660       (1 0 2 3 1 2 1)              98.483
3661       (1 0 1 2 1 1 1)              98.483
3662       (1 0 2 3 2 1 2)              98.484
3663       (1 0 2 3 1 2 1)              98.484
3664       (1 0 2 3 1 1 1)              98.484
3665       (1 0 1 2 1 1 1)              98.485
3666       (1 0 2 3 2 1 2)              98.485
3667       (1 0 3 1 1 2 0)              98.478
3668       (1 0 2 3 1 2 1)              98.478
3669       (1 0 2 3 2 1 2)              98.479
3670       (1 0 2 3 2 1 2)              98.479
3671       (1 0 1 2 1 1 1)              98.480
3672       (1 0 3 1 2 1 2)              98.480
3673       (1 0 2 3 1 1 1)              98.477
3674       (1 0 3 1 2 1 2)              98.477
3675       (1 0 2 3 1 1 1)              98.477
3676       (1 0 2 3 2 1 2)              98.478
3677       (1 0 3 1 2 1 2)              98.478
3678       (1 0 2 3 2 1 2)              98.479
3679       (1 0 1 2 1 1 1)              98.479
3680       (1 0 2 3 2 1 2)              98.479
3681       (1 0 1 2 1 1 1)              98.480
3682       (1 0 3 1 2 1 2)              98.480
3683       (1 0 1 2 1 1 1)              98.481
3684       (1 0 3 1 2 1 2)              98.481
3685       (1 0 0 0 1 2 0)              98.481
3686       (1 0 2 3 2 1 2)              98.482
3687       (1 0 1 2 1 1 1)              98.482
3688       (1 0 1 2 1 1 1)              98.483
3689       (1 0 1 2 1 1 1)              98.483
3690       (1 0 3 1 2 1 2)              98.484
3691       (1 0 1 2 1 1 1)              98.484
3692       (1 0 2 3 2 1 2)              98.484
3693       (1 0 3 1 2 1 1)              98.485
3694       (1 0 3 1 2 1 2)              98.485
3695       (1 0 2 3 2 1 2)              98.486
3696       (1 0 2 3 2 1 1)              98.482
3697       (1 0 2 3 2 1 1)              98.483
3698       (1 0 2 3 2 1 2)              98.483
3699       (1 0 2 3 2 1 2)              98.483
3700       (1 0 1 2 0 0 1)              98.484
3701       (1 0 3 1 2 1 2)              98.484
3702       (1 0 1 2 1 1 1)              98.485
3703       (1 0 2 3 2 1 2)              98.485
3704       (1 0 3 1 2 1 2)              98.482
3705       (1 0 2 3 2 1 2)              98.482
3706       (1 0 1 2 1 1 1)              98.482
3707       (1 0 3 1 1 1 1)              98.483
3708       (1 0 2 3 1 1 1)              98.483
3709       (1 0 2 3 1 2 1)              98.480
3710       (1 0 1 2 1 1 1)              98.480
3711       (1 0 2 3 2 1 2)              98.481
3712       (1 0 1 2 1 1 1)              98.481
3713       (1 0 2 3 2 1 2)              98.481
3714       (1 0 2 3 2 1 2)              98.482
3715       (1 0 2 3 2 1 2)              98.482
3716       (1 0 2 3 2 1 2)              98.483
3717       (1 0 2 3 2 1 2)              98.483
3718       (1 0 2 3 2 1 2)              98.483
3719       (1 0 3 1 2 1 2)              98.484
3720       (1 0 2 3 1 2 1)              98.484
3721       (1 0 2 3 1 1 1)              98.485
3722       (1 0 2 3 1 2 1)              98.485
3723       (1 0 3 1 2 1 2)              98.485
3724       (1 0 1 2 1 1 1)              98.486
3725       (1 0 0 0 1 2 0)              98.486
3726       (1 0 2 3 2 1 2)              98.487
3727       (1 0 2 3 2 1 2)              98.487
3728       (1 0 1 2 2 2 1)              98.488
3729       (1 0 2 3 2 1 2)              98.488
3730       (1 0 1 2 1 1 1)              98.488
3731       (1 0 1 2 1 2 1)              98.485
3732       (1 0 2 1 2 1 1)              98.478
3733       (1 0 3 1 2 1 2)              98.474
3734       (1 0 3 1 2 1 2)              98.475
3735       (1 0 2 3 1 1 1)              98.475
3736       (1 0 2 3 2 1 2)              98.475
3737       (1 0 3 1 2 1 2)              98.476
3738       (1 0 3 1 2 1 2)              98.476
3739       (1 0 2 3 2 1 2)              98.477
3740       (1 0 2 3 1 2 1)              98.477
3741       (1 0 1 2 1 1 1)              98.477
3742       (1 0 2 3 2 1 2)              98.478
3743       (1 0 3 1 1 1 1)              98.478
3744       (1 0 2 3 2 1 2)              98.479
3745       (1 0 1 2 1 1 1)              98.479
3746       (1 0 2 3 1 2 1)              98.480
3747       (1 0 3 0 0 0 0)              98.468
3748       (1 0 3 1 2 1 2)              98.469
3749       (1 0 3 1 2 1 2)              98.469
3750       (1 0 2 3 2 1 2)              98.470
3751       (1 0 2 3 2 1 2)              98.470
3752       (1 0 3 1 2 1 2)              98.470
3753       (1 0 3 1 2 1 2)              98.471
3754       (1 0 1 2 2 2 1)              98.471
3755       (1 0 2 3 2 1 2)              98.472
3756       (1 0 2 3 1 2 1)              98.472
3757       (1 0 3 1 2 1 2)              98.473
3758       (1 0 2 3 2 1 2)              98.473
3759       (1 0 2 3 2 1 2)              98.473
3760       (1 0 3 1 2 1 2)              98.474
3761       (1 0 2 3 1 2 0)              98.470
3762       (1 0 2 3 2 1 2)              98.471
3763       (1 0 1 2 1 1 1)              98.471
3764       (1 0 2 3 2 1 2)              98.472
3765       (1 0 0 0 1 2 0)              98.472
3766       (1 0 2 3 2 1 2)              98.472
3767       (1 0 2 3 2 1 2)              98.473
3768       (1 0 3 1 2 1 2)              98.473
3769       (1 0 3 1 2 1 2)              98.474
3770       (1 0 1 2 1 1 1)              98.474
3771       (1 0 2 3 2 1 2)              98.474
3772       (1 0 3 1 2 1 2)              98.475
3773       (1 0 2 3 2 1 2)              98.475
3774       (1 0 2 3 2 1 1)              98.476
3775       (1 0 2 3 2 1 2)              98.476
3776       (1 0 2 3 2 1 2)              98.476
3777       (1 0 2 3 1 1 1)              98.477
3778       (1 0 1 2 1 1 1)              98.477
3779       (1 0 1 2 1 1 1)              98.478
3780       (1 0 1 2 1 1 1)              98.478
3781       (1 0 3 1 2 1 2)              98.475
3782       (1 0 2 3 2 1 2)              98.475
3783       (1 0 2 3 1 1 1)              98.475
3784       (1 0 2 3 2 1 2)              98.468
3785       (1 0 2 3 1 2 0)              98.465
3786       (1 0 2 3 2 1 2)              98.465
3787       (1 0 1 2 1 1 1)              98.466
3788       (1 0 1 2 1 1 1)              98.466
3789       (1 0 1 2 1 1 1)              98.467
3790       (1 0 2 3 2 1 1)              98.463
3791       (1 0 1 2 1 1 1)              98.464
3792       (1 0 3 1 2 1 2)              98.464
3793       (1 0 3 1 1 1 1)              98.464
3794       (1 0 1 2 1 1 1)              98.465
3795       (1 0 1 2 1 1 1)              98.465
3796       (1 0 2 3 2 1 2)              98.466
3797       (1 0 1 2 1 2 1)              98.466
3798       (1 0 1 2 2 2 1)              98.466
3799       (1 0 3 1 2 1 2)              98.467
3800       (1 0 3 1 2 1 2)              98.467
3801       (1 0 2 3 2 1 2)              98.468
3802       (1 0 2 3 2 1 2)              98.468
3803       (1 0 2 3 2 1 2)              98.468
3804       (1 0 2 3 2 1 2)              98.469
3805       (1 0 2 3 1 2 1)              98.469
3806       (1 0 1 2 1 1 1)              98.470
3807       (1 0 3 1 2 1 2)              98.470
3808       (1 0 3 1 2 1 2)              98.467
3809       (1 0 2 3 2 1 2)              98.467
3810       (1 0 1 2 1 1 1)              98.468
3811       (1 0 2 3 2 1 1)              98.468
3812       (1 0 1 2 1 1 1)              98.468
3813       (1 0 2 3 2 1 2)              98.469
3814       (1 0 1 2 1 1 1)              98.469
3815       (1 0 3 1 2 1 2)              98.470
3816       (1 0 1 0 1 0 1)              98.466
3817       (1 0 2 3 2 1 1)              98.467
3818       (1 0 2 3 2 1 1)              98.467
3819       (1 0 3 1 2 1 2)              98.467
3820       (1 0 2 3 2 1 2)              98.468
3821       (1 0 2 3 2 1 1)              98.468
3822       (1 0 1 2 1 1 1)              98.469
3823       (1 0 2 3 2 1 2)              98.469
3824       (1 0 2 3 1 1 1)              98.469
3825       (1 0 2 3 1 2 1)              98.470
3826       (1 0 1 2 1 1 1)              98.470
3827       (1 0 2 3 2 1 2)              98.471
3828       (1 0 1 2 1 1 1)              98.471
3829       (1 0 2 3 2 1 2)              98.471
3830       (1 0 3 1 2 1 2)              98.472
3831       (1 0 3 1 2 1 2)              98.472
3832       (1 0 3 1 2 1 2)              98.473
3833       (1 0 2 3 2 1 2)              98.473
3834       (1 0 2 3 2 1 2)              98.473
3835       (1 0 2 3 1 2 1)              98.474
3836       (1 0 3 1 2 1 1)              98.474
3837       (1 0 2 3 2 1 2)              98.471
3838       (1 0 1 2 1 1 1)              98.471
3839       (1 0 2 3 1 2 1)              98.472
3840       (1 0 2 3 1 1 1)              98.472
3841       (1 0 2 3 2 1 2)              98.472
3842       (1 0 3 1 2 1 2)              98.469
3843       (1 0 2 3 2 1 2)              98.470
3844       (1 0 3 1 2 1 1)              98.466
3845       (1 0 2 3 2 1 2)              98.467
3846       (1 0 2 3 2 1 2)              98.467
3847       (1 0 1 2 1 1 1)              98.467
3848       (1 0 1 2 1 2 1)              98.464
3849       (1 0 2 3 2 1 2)              98.464
3850       (1 0 2 3 2 1 2)              98.465
3851       (1 0 1 2 1 1 1)              98.465
3852       (1 0 3 1 2 1 2)              98.462
3853       (1 0 3 1 2 1 2)              98.459
3854       (1 0 1 2 1 1 1)              98.459
3855       (1 0 2 3 2 1 2)              98.459
3856       (1 0 2 3 1 1 1)              98.452
3857       (1 0 2 3 2 1 2)              98.453
3858       (1 0 2 3 2 1 2)              98.453
3859       (1 0 2 3 2 1 2)              98.454
3860       (1 0 0 0 1 2 0)              98.454
3861       (1 0 2 3 1 2 1)              98.454
3862       (1 0 1 2 1 1 1)              98.455
3863       (1 0 2 3 2 1 2)              98.455
3864       (1 0 1 2 1 1 1)              98.456
3865       (1 0 2 3 1 2 1)              98.456
3866       (1 0 2 3 2 1 2)              98.456
3867       (1 0 1 2 1 1 1)              98.457
3868       (1 0 2 3 2 1 2)              98.457
3869       (1 0 1 2 1 2 1)              98.458
3870       (1 0 2 3 1 2 1)              98.458
3871       (1 0 3 1 2 1 2)              98.458
3872       (1 0 2 3 2 1 2)              98.459
3873       (1 0 3 1 2 1 2)              98.455
3874       (1 0 3 1 2 1 2)              98.456
3875       (1 0 3 1 2 1 2)              98.456
3876       (1 0 2 3 2 1 2)              98.457
3877       (1 0 3 1 2 1 1)              98.457
3878       (1 0 2 3 1 2 1)              98.457
3879       (1 0 1 2 1 1 1)              98.458
3880       (1 0 1 2 1 1 1)              98.458
3881       (1 0 2 3 1 1 1)              98.459
3882       (1 0 2 3 2 1 2)              98.459
3883       (1 0 2 3 2 1 2)              98.459
3884       (1 0 2 3 2 1 1)              98.460
3885       (1 0 2 3 2 1 2)              98.460
3886       (1 0 3 1 2 1 2)              98.461
3887       (1 0 1 2 1 1 1)              98.461
3888       (1 0 0 0 1 2 0)              98.461
3889       (1 0 2 3 2 1 2)              98.462
3890       (1 0 2 3 2 1 1)              98.462
3891       (1 0 3 1 2 1 2)              98.463
3892       (1 0 3 1 2 1 2)              98.463
3893       (1 0 2 3 1 1 1)              98.456
3894       (1 0 2 3 2 1 2)              98.456
3895       (1 0 2 3 1 2 1)              98.457
3896       (1 0 1 2 1 1 1)              98.457
3897       (1 0 2 3 2 1 2)              98.458
3898       (1 0 2 3 2 1 2)              98.458
3899       (1 0 2 3 2 1 1)              98.455
3900       (1 0 2 3 1 2 1)              98.455
3901       (1 0 2 3 2 1 2)              98.456
3902       (1 0 3 1 2 1 2)              98.456
3903       (1 0 1 2 2 1 2)              98.449
3904       (1 0 2 3 1 1 1)              98.449
3905       (1 0 2 3 1 1 1)              98.450
3906       (1 0 2 3 2 1 2)              98.450
3907       (1 0 2 3 2 1 2)              98.451
3908       (1 0 2 3 2 1 2)              98.451
3909       (1 0 1 2 1 2 1)              98.451
3910       (1 0 3 1 2 1 2)              98.452
3911       (1 0 2 3 2 1 2)              98.452
3912       (1 0 1 2 1 1 1)              98.453
3913       (1 0 2 3 2 1 2)              98.453
3914       (1 0 2 3 1 1 1)              98.453
3915       (1 0 2 3 2 1 2)              98.454
3916       (1 0 3 1 2 1 2)              98.454
3917       (1 0 3 1 2 1 2)              98.455
3918       (1 0 2 3 2 1 2)              98.455
3919       (1 0 3 1 2 1 1)              98.455
3920       (1 0 2 3 1 1 1)              98.452
3921       (1 0 1 2 1 2 1)              98.449
3922       (1 0 2 3 2 1 1)              98.449
3923       (1 0 1 2 0 0 1)              98.450
3924       (1 0 1 2 1 1 1)              98.450
3925       (1 0 2 3 2 1 2)              98.450
3926       (1 0 3 1 2 1 2)              98.451
3927       (1 0 3 1 2 1 2)              98.448
3928       (1 0 2 3 2 1 2)              98.448
3929       (1 0 3 1 2 1 2)              98.448
3930       (1 0 2 3 2 1 2)              98.449
3931       (1 0 2 3 1 2 1)              98.449
3932       (1 0 1 2 1 2 1)              98.450
3933       (1 0 2 3 2 1 2)              98.450
3934       (1 0 1 2 1 1 1)              98.450
3935       (1 0 1 2 1 1 1)              98.443
3936       (1 0 2 3 1 0 1)              98.440
3937       (1 0 2 3 2 1 2)              98.441
3938       (1 0 2 3 2 1 2)              98.441
3939       (1 0 2 3 2 1 2)              98.441
3940       (1 0 2 3 1 1 1)              98.442
3941       (1 0 2 3 2 1 2)              98.442
3942       (1 0 2 3 2 1 2)              98.443
3943       (1 0 2 3 2 1 2)              98.443
3944       (1 0 2 3 2 1 2)              98.443
3945       (1 0 2 3 2 1 2)              98.444
3946       (1 0 2 3 2 1 2)              98.444
3947       (1 0 2 3 2 1 2)              98.445
3948       (1 0 3 1 2 1 2)              98.445
3949       (1 0 3 1 2 1 2)              98.445
3950       (1 0 3 1 2 1 2)              98.446
3951       (1 0 1 2 1 1 1)              98.446
3952       (1 0 3 1 2 1 2)              98.447
3953       (1 0 3 1 2 1 2)              98.447
3954       (1 0 3 1 2 1 2)              98.447
3955       (1 0 2 3 2 1 2)              98.448
3956       (1 0 3 1 2 1 1)              98.448
3957       (1 0 2 3 2 1 2)              98.449
3958       (1 0 2 3 2 1 2)              98.449
3959       (1 0 0 0 1 0 1)              98.449
3960       (1 0 2 3 2 1 2)              98.450
3961       (1 0 3 1 2 1 2)              98.446
3962       (1 0 1 2 1 1 1)              98.447
3963       (1 0 3 1 2 1 2)              98.447
3964       (1 0 3 1 2 1 2)              98.448
3965       (1 0 3 1 2 1 2)              98.448
3966       (1 0 3 1 2 1 2)              98.448
3967       (1 0 2 3 2 1 2)              98.449
3968       (1 0 2 3 1 2 1)              98.449
3969       (1 0 2 3 2 1 2)              98.450
3970       (1 0 3 1 2 1 2)              98.450
3971       (1 0 2 3 1 1 1)              98.450
3972       (1 0 2 3 2 1 2)              98.451
3973       (1 0 2 3 2 1 2)              98.451
3974       (1 0 2 3 2 1 2)              98.452
3975       (1 0 2 3 2 1 2)              98.452
3976       (1 0 3 1 2 1 2)              98.452
3977       (1 0 2 3 2 1 2)              98.453
3978       (1 0 1 2 1 1 1)              98.453
3979       (1 0 1 2 1 2 1)              98.454
3980       (1 0 2 3 2 1 2)              98.454
3981       (1 0 2 3 1 1 1)              98.447
3982       (1 0 3 1 2 1 2)              98.448
3983       (1 0 3 1 2 1 2)              98.448
3984       (1 0 1 2 1 1 1)              98.448
3985       (1 0 2 3 2 1 2)              98.449
3986       (1 0 0 0 2 2 1)              98.449
3987       (1 0 2 3 2 1 1)              98.446
3988       (1 0 1 2 1 1 1)              98.446
3989       (1 0 1 2 1 1 1)              98.447
3990       (1 0 1 2 0 0 1)              98.447
3991       (1 0 0 0 0 2 0)              98.447
3992       (1 0 3 1 1 1 1)              98.448
3993       (1 0 0 0 2 2 1)              98.448
3994       (1 0 2 3 2 1 2)              98.449
3995       (1 0 2 3 2 1 2)              98.449
3996       (1 0 3 1 0 1 1)              98.449
3997       (1 0 3 1 1 1 1)              98.450
3998       (1 0 3 1 2 1 2)              98.450
3999       (1 0 2 3 2 1 2)              98.451
4000       (1 0 1 2 1 1 1)              98.451
4001       (1 0 3 1 2 1 2)              98.451
4002       (1 0 2 3 2 1 2)              98.452
4003       (1 0 3 1 2 1 2)              98.452
4004       (1 0 2 3 2 1 2)              98.453
4005       (1 0 3 1 2 1 2)              98.453
4006       (1 0 3 1 2 1 2)              98.453
4007       (1 0 2 3 2 1 2)              98.454
4008       (1 0 2 3 2 1 2)              98.454
4009       (1 0 1 2 1 1 1)              98.454
4010       (1 0 3 1 2 1 2)              98.451
4011       (1 0 2 3 2 1 2)              98.452
4012       (1 0 1 2 1 1 1)              98.452
4013       (1 0 2 3 2 1 2)              98.452
4014       (1 0 2 3 2 1 2)              98.453
4015       (1 0 3 1 2 1 2)              98.453
4016       (1 0 2 3 2 1 2)              98.454
4017       (1 0 2 3 2 1 2)              98.447
4018       (1 0 1 2 1 1 1)              98.447
4019       (1 0 2 3 1 2 1)              98.448
4020       (1 0 3 1 2 1 2)              98.448
4021       (1 0 1 2 1 1 1)              98.448
4022       (1 0 2 3 2 1 1)              98.449
4023       (1 0 3 1 2 1 2)              98.449
4024       (1 0 2 3 1 1 1)              98.450
4025       (1 0 2 3 2 1 2)              98.450
4026       (1 0 2 3 1 1 1)              98.450
4027       (1 0 2 3 2 1 1)              98.447
4028       (1 0 2 3 2 1 2)              98.448
4029       (1 0 2 3 2 1 2)              98.448
4030       (1 0 2 3 1 2 1)              98.448
4031       (1 0 2 3 2 1 2)              98.449
4032       (1 0 2 3 2 1 1)              98.446
4033       (1 0 2 3 2 1 2)              98.446
4034       (1 0 3 1 2 1 2)              98.446
4035       (1 0 0 0 1 2 0)              98.447
4036       (1 0 1 2 1 2 0)              98.447
4037       (1 0 2 3 2 1 2)              98.447
4038       (1 0 2 3 2 1 2)              98.448
4039       (1 0 1 2 1 1 1)              98.448
4040       (1 0 3 1 2 1 2)              98.445
4041       (1 0 2 3 2 1 2)              98.445
4042       (1 0 2 3 2 1 2)              98.446
4043       (1 0 3 1 2 1 2)              98.446
4044       (1 0 2 3 1 2 1)              98.447
4045       (1 0 2 3 1 2 1)              98.447
4046       (1 0 2 3 2 1 2)              98.447
4047       (1 0 1 2 1 1 1)              98.448
4048       (1 0 1 2 1 1 1)              98.448
4049       (1 0 3 1 2 1 2)              98.449
4050       (1 0 2 3 2 1 2)              98.449
4051       (1 0 2 3 2 1 2)              98.449
4052       (1 0 2 3 2 1 2)              98.450
4053       (1 0 3 1 2 1 2)              98.450
4054       (1 0 1 2 1 1 1)              98.450
4055       (1 0 3 1 1 2 1)              98.451
4056       (1 0 1 2 1 1 1)              98.451
4057       (1 0 2 3 2 1 2)              98.452
4058       (1 0 3 1 2 1 2)              98.452
4059       (1 0 2 3 2 1 2)              98.452
4060       (1 0 1 2 2 2 1)              98.453
4061       (1 0 2 3 2 1 1)              98.453
4062       (1 0 2 3 2 1 1)              98.453
4063       (1 0 2 3 2 1 2)              98.454
4064       (1 0 1 2 1 1 1)              98.454
4065       (1 0 2 3 2 1 2)              98.448
4066       (1 0 2 3 1 2 1)              98.448
4067       (1 0 3 1 2 1 2)              98.448
4068       (1 0 2 3 2 1 2)              98.449
4069       (1 0 1 2 1 1 1)              98.449
4070       (1 0 2 3 2 1 2)              98.450
4071       (1 0 3 1 2 1 2)              98.450
4072       (1 0 3 1 2 1 2)              98.450
4073       (1 0 1 2 1 1 1)              98.451
4074       (1 0 1 2 1 1 1)              98.451
4075       (1 0 2 3 1 2 1)              98.451
4076       (1 0 2 3 2 1 2)              98.452
4077       (1 0 3 1 2 1 2)              98.449
4078       (1 0 1 2 1 1 1)              98.449
4079       (1 0 1 2 1 1 1)              98.449
4080       (1 0 2 3 2 1 2)              98.450
4081       (1 0 2 3 2 1 1)              98.450
4082       (1 0 2 3 2 1 2)              98.451
4083       (1 0 1 2 1 1 1)              98.451
4084       (1 0 2 3 2 1 2)              98.451
4085       (1 0 1 2 1 1 1)              98.452
4086       (1 0 2 3 2 1 2)              98.452
4087       (1 0 3 1 2 1 2)              98.452
4088       (1 0 1 2 1 1 1)              98.453
4090       (1 0 3 1 2 1 2)              98.453
4091       (1 0 2 3 1 1 1)              98.447
4092       (1 0 1 2 1 1 1)              98.447
4093       (1 0 2 3 2 1 2)              98.447
4094       (1 0 2 3 2 1 2)              98.448
4095       (1 0 1 2 2 2 1)              98.448
4096       (1 0 3 1 2 1 2)              98.448
4097       (1 0 2 3 2 1 2)              98.449
4098       (1 0 3 1 2 1 2)              98.449
4099       (1 0 3 1 2 1 2)              98.450
4100       (1 0 3 1 2 1 1)              98.450
4101       (1 0 2 3 2 1 2)              98.450
4102       (1 0 3 1 2 1 2)              98.451
4103       (1 0 0 0 0 2 1)              98.451
4104       (1 0 1 2 1 1 1)              98.452
4105       (1 0 2 3 1 1 1)              98.448
4106       (1 0 2 3 2 1 2)              98.449
4107       (1 0 3 1 2 1 2)              98.449
4108       (1 0 2 3 2 1 2)              98.450
4109       (1 0 2 3 2 1 2)              98.450
4110       (1 0 1 2 1 1 1)              98.450
4111       (1 0 2 3 2 1 1)              98.451
4112       (1 0 2 3 2 1 1)              98.451
4113       (1 0 2 3 2 1 2)              98.451
4114       (1 0 2 3 1 2 1)              98.452
4115       (1 0 1 2 1 1 1)              98.452
4116       (1 0 2 3 2 1 2)              98.453
4117       (1 0 1 2 1 2 1)              98.453
4118       (1 0 2 3 1 1 1)              98.453
4119       (1 0 1 2 0 0 1)              98.454
4120       (1 0 2 3 1 1 1)              98.454
4121       (1 0 2 3 1 1 1)              98.454
4122       (1 0 2 3 2 1 2)              98.455
4123       (1 0 2 3 2 1 2)              98.455
4124       (1 0 2 3 2 1 2)              98.456
4125       (1 0 2 3 2 1 1)              98.452
4126       (1 0 3 1 2 1 2)              98.449
4127       (1 0 2 3 2 1 2)              98.450
4128       (1 0 2 3 2 1 2)              98.450
4129       (1 0 2 3 2 1 2)              98.451
4130       (1 0 3 1 2 1 2)              98.451
4131       (1 0 2 3 1 1 1)              98.451
4132       (1 0 2 3 2 1 2)              98.452
4133       (1 0 0 0 1 2 0)              98.452
4134       (1 0 3 1 2 1 2)              98.452
4135       (1 0 3 1 2 1 2)              98.449
4136       (1 0 3 1 1 1 1)              98.443
4137       (1 0 2 3 2 1 2)              98.443
4138       (1 0 3 1 1 1 1)              98.444
4139       (1 0 3 1 2 1 2)              98.444
4140       (1 0 2 3 2 1 2)              98.444
4141       (1 0 3 1 2 1 2)              98.445
4142       (1 0 1 2 1 1 1)              98.445
4143       (1 0 2 3 2 1 2)              98.445
4144       (1 0 2 3 2 1 2)              98.446
4145       (1 0 2 3 1 2 1)              98.443
4146       (1 0 3 1 2 1 2)              98.443
4147       (1 0 1 2 1 1 1)              98.443
4148       (1 0 3 1 2 1 2)              98.444
4149       (1 0 3 1 2 1 2)              98.444
4150       (1 0 1 2 1 1 1)              98.445
4151       (1 0 2 3 1 2 1)              98.445
4152       (1 0 3 1 2 1 2)              98.445
4153       (1 0 1 2 1 1 1)              98.446
4154       (1 0 2 3 2 1 2)              98.446
4155       (1 0 2 3 2 1 2)              98.446
4156       (1 0 3 1 2 1 2)              98.447
4157       (1 0 2 3 2 1 2)              98.447
4158       (1 0 3 1 2 1 2)              98.444
4159       (1 0 2 3 2 1 1)              98.445
4160       (1 0 2 3 2 1 2)              98.445
4161       (1 0 2 3 2 1 2)              98.445
4162       (1 0 2 3 1 2 1)              98.442
4163       (1 0 2 3 2 2 1)              98.443
4164       (1 0 2 3 2 1 2)              98.443
4165       (1 0 3 1 2 1 2)              98.443
4166       (1 0 2 3 2 1 2)              98.444
4167       (1 0 3 1 2 1 2)              98.441
4168       (1 0 2 3 2 2 1)              98.441
4169       (1 0 2 3 2 1 2)              98.441
4170       (1 0 1 2 1 1 1)              98.442
4171       (1 0 2 3 2 1 1)              98.442
4172       (1 0 1 2 1 1 1)              98.442
4173       (1 0 1 2 1 1 1)              98.443
4174       (1 0 3 1 1 1 1)              98.443
4175       (1 0 2 3 2 1 2)              98.444
4176       (1 0 3 1 2 1 2)              98.444
4177       (1 0 1 2 1 1 1)              98.444
4178       (1 0 3 1 2 1 1)              98.445
4179       (1 0 2 3 2 1 2)              98.445
4180       (1 0 2 3 2 1 2)              98.445
4181       (1 0 1 2 1 1 1)              98.446
4182       (1 0 1 2 1 1 1)              98.446
4183       (1 0 2 3 2 1 2)              98.447
4184       (1 0 2 3 2 1 2)              98.447
4185       (1 0 2 3 2 1 2)              98.447
4186       (1 0 1 2 1 1 1)              98.448
4187       (1 0 3 1 1 1 1)              98.448
4188       (1 0 2 3 2 1 2)              98.448
4189       (1 0 3 1 2 1 2)              98.449
4190       (1 0 2 3 1 2 1)              98.449
4191       (1 0 0 0 1 2 0)              98.450
4192       (1 0 1 2 1 1 1)              98.450
4193       (1 0 3 1 2 1 1)              98.450
4194       (1 0 2 3 2 1 2)              98.451
4195       (1 0 3 1 2 1 2)              98.451
4196       (1 0 3 1 2 1 2)              98.451
4197       (1 0 2 3 2 1 2)              98.452
4198       (1 0 3 1 2 1 2)              98.452
4199       (1 0 3 1 2 1 1)              98.453
4200       (1 0 2 3 2 1 2)              98.453
4201       (1 0 1 2 1 1 1)              98.453
4202       (1 0 1 2 1 1 1)              98.454
4203       (1 0 1 2 1 1 1)              98.454
4204       (1 0 2 3 2 1 2)              98.454
4205       (1 0 3 1 1 1 1)              98.455
4206       (1 0 1 2 1 1 1)              98.455
4207       (1 0 1 2 1 1 1)              98.456
4208       (1 0 1 2 0 0 1)              98.456
4209       (1 0 3 1 2 1 2)              98.456
4210       (1 0 2 3 2 1 2)              98.457
4211       (1 0 2 3 2 1 2)              98.457
4212       (1 0 3 1 2 1 2)              98.457
4213       (1 0 0 0 2 2 1)              98.458
4214       (1 0 2 3 1 2 1)              98.458
4215       (1 0 1 2 1 1 1)              98.458
4216       (1 0 1 2 1 2 0)              98.455
4217       (1 0 3 1 2 1 2)              98.456
4218       (1 0 2 3 2 1 2)              98.456
4219       (1 0 2 3 2 1 2)              98.457
4220       (1 0 1 2 1 1 1)              98.457
4221       (1 0 2 3 2 1 2)              98.457
4222       (1 0 2 3 1 2 1)              98.458
4223       (1 0 1 2 1 1 1)              98.458
4224       (1 0 2 3 1 1 1)              98.458
4225       (1 0 2 3 2 1 2)              98.459
4226       (1 0 2 3 2 1 2)              98.459
4227       (1 0 2 3 2 1 2)              98.453
4228       (1 0 1 2 1 1 1)              98.453
4229       (1 0 3 1 2 1 1)              98.450
4230       (1 0 0 0 2 2 1)              98.450
4231       (1 0 3 1 2 1 2)              98.451
4232       (1 0 2 3 1 1 1)              98.451
4233       (1 0 2 3 2 1 1)              98.451
4234       (1 0 2 3 1 2 1)              98.452
4235       (1 0 3 1 2 1 2)              98.452
4236       (1 0 2 3 2 1 2)              98.453
4237       (1 0 1 2 1 1 1)              98.453
4238       (1 0 2 3 2 1 2)              98.453
4239       (1 0 2 3 2 1 2)              98.454
4240       (1 0 2 3 2 1 2)              98.454
4241       (1 0 2 3 1 2 1)              98.454
4242       (1 0 2 3 2 1 2)              98.455
4243       (1 0 3 1 2 1 2)              98.455
4244       (1 0 3 1 2 1 2)              98.452
4245       (1 0 3 1 2 1 1)              98.452
4246       (1 0 3 1 2 1 2)              98.453
4247       (1 0 1 2 1 1 1)              98.453
4248       (1 0 2 3 1 1 1)              98.454
4249       (1 0 1 2 0 0 1)              98.454
4250       (1 0 0 0 2 2 1)              98.454
4251       (1 0 3 1 2 1 2)              98.455
4252       (1 0 2 3 2 1 2)              98.455
4253       (1 0 1 2 1 1 1)              98.455
4254       (1 0 2 3 2 1 1)              98.456
4255       (1 0 2 3 2 1 2)              98.456
4256       (1 0 1 2 1 1 1)              98.457
4257       (1 0 2 3 1 2 0)              98.457
4258       (1 0 2 3 2 1 2)              98.457
4259       (1 0 2 3 2 1 2)              98.458
4260       (1 0 2 3 2 1 2)              98.458
4261       (1 0 3 1 2 1 1)              98.458
4262       (1 0 2 3 1 1 1)              98.459
4263       (1 0 2 3 2 1 2)              98.459
4264       (1 0 1 2 1 1 1)              98.459
4265       (1 0 1 2 1 2 0)              98.460
4266       (1 0 3 1 2 1 2)              98.460
4267       (1 0 3 1 2 1 2)              98.461
4268       (1 0 1 2 1 1 1)              98.461
4269       (1 0 2 3 2 1 2)              98.461
4270       (1 0 3 1 2 1 2)              98.462
4271       (1 0 2 3 2 1 2)              98.462
4272       (1 0 2 3 2 1 2)              98.462
4273       (1 0 2 3 2 1 2)              98.463
4274       (1 0 2 3 2 1 2)              98.463
4275       (1 0 3 1 2 1 2)              98.463
4276       (1 0 3 1 2 1 2)              98.464
4277       (1 0 2 3 2 1 2)              98.464
4278       (1 0 1 2 1 1 1)              98.464
4279       (1 0 2 3 1 1 1)              98.458
4280       (1 0 3 1 2 1 2)              98.458
4281       (1 0 3 1 2 1 2)              98.459
4282       (1 0 1 2 2 2 1)              98.459
4283       (1 0 2 3 1 1 1)              98.460
4284       (1 0 2 3 2 1 2)              98.460
4285       (1 0 2 3 2 1 2)              98.460
4286       (1 0 2 3 2 1 2)              98.461
4287       (1 0 1 2 1 1 1)              98.461
4288       (1 0 2 3 2 1 2)              98.461
4289       (1 0 3 1 2 1 2)              98.462
4290       (1 0 0 0 1 2 0)              98.462
4291       (1 0 2 3 2 1 2)              98.462
4292       (1 0 2 3 1 2 1)              98.463
4293       (1 0 2 3 2 1 2)              98.463
4294       (1 0 2 3 1 1 1)              98.464
4295       (1 0 2 3 1 2 1)              98.464
4296       (1 0 1 2 1 1 1)              98.464
4297       (1 0 2 3 2 1 2)              98.465
4298       (1 0 1 2 1 1 1)              98.465
4299       (1 0 2 3 2 1 2)              98.465
4300       (1 0 2 3 2 1 2)              98.466
4301       (1 0 2 3 1 1 1)              98.459
4302       (1 0 1 2 1 1 1)              98.460
4303       (1 0 2 3 2 1 2)              98.460
4304       (1 0 3 1 2 1 2)              98.460
4305       (1 0 3 1 1 1 1)              98.461
4306       (1 0 3 1 2 1 2)              98.461
4307       (1 0 3 1 2 1 2)              98.462
4308       (1 0 2 3 2 1 1)              98.462
4309       (1 0 2 3 2 1 2)              98.462
4310       (1 0 2 3 1 2 1)              98.463
4311       (1 0 2 3 2 1 2)              98.463
4312       (1 0 2 3 1 1 1)              98.463
4313       (1 0 1 2 1 1 1)              98.464
4314       (1 0 2 3 2 1 2)              98.464
4315       (1 0 3 1 1 1 1)              98.464
4316       (1 0 2 3 2 1 2)              98.465
4317       (1 0 1 2 1 1 1)              98.465
4318       (1 0 2 3 2 1 2)              98.465
4319       (1 0 3 1 2 1 2)              98.466
4320       (1 0 2 3 2 1 2)              98.466
4321       (1 0 2 3 2 1 2)              98.467
4322       (1 0 1 2 1 1 1)              98.467
4323       (1 0 3 1 2 1 2)              98.467
4324       (1 0 3 1 2 1 2)              98.468
4325       (1 0 1 2 1 1 1)              98.468
4326       (1 0 2 3 2 1 2)              98.468
4327       (1 0 2 3 2 1 1)              98.465
4328       (1 0 2 3 2 1 2)              98.466
4329       (1 0 2 3 2 1 2)              98.466
4330       (1 0 3 1 2 1 2)              98.466
4331       (1 0 1 2 1 1 1)              98.467
4332       (1 0 2 3 2 1 2)              98.467
4333       (1 0 3 1 2 1 2)              98.467
4334       (1 0 1 2 1 1 1)              98.468
4335       (1 0 3 1 2 1 2)              98.468
4336       (1 0 2 3 2 1 2)              98.469
4337       (1 0 2 3 2 1 2)              98.469
4338       (1 0 2 3 2 1 1)              98.466
4339       (1 0 1 2 1 2 1)              98.466
4340       (1 0 2 3 1 2 1)              98.467
4341       (1 0 2 3 2 1 2)              98.467
4342       (1 0 2 3 2 1 2)              98.467
4343       (1 0 1 2 1 1 1)              98.468
4344       (1 0 3 1 2 1 1)              98.465
4345       (1 0 2 3 2 1 2)              98.465
4346       (1 0 2 3 2 1 2)              98.465
4347       (1 0 2 3 2 1 2)              98.466
4348       (1 0 1 2 1 1 1)              98.466
4349       (1 0 2 3 2 1 2)              98.467
4350       (1 0 2 3 2 1 2)              98.467
4351       (1 0 2 3 2 2 1)              98.467
4352       (1 0 2 3 2 1 2)              98.468
4353       (1 0 2 3 2 1 2)              98.468
4354       (1 0 2 3 2 1 2)              98.468
4355       (1 0 2 3 2 1 2)              98.469
4356       (1 0 3 1 2 1 2)              98.469
4357       (1 0 2 3 2 1 2)              98.469
4358       (1 0 2 3 2 1 2)              98.470
4359       (1 0 2 3 2 1 1)              98.470
4360       (1 0 2 3 2 1 2)              98.470
4361       (1 0 2 3 1 1 1)              98.471
4362       (1 0 3 1 1 1 1)              98.468
4363       (1 0 3 1 2 1 2)              98.468
4364       (1 0 2 3 1 1 1)              98.469
4365       (1 0 1 2 1 1 1)              98.469
4366       (1 0 2 3 1 1 1)              98.469
4367       (1 0 1 2 1 1 1)              98.470
4368       (1 0 2 3 2 1 2)              98.470
4369       (1 0 2 3 2 1 2)              98.470
4370       (1 0 2 3 2 1 2)              98.471
4371       (1 0 2 3 1 1 1)              98.468
4372       (1 0 2 3 2 1 2)              98.468
4373       (1 0 3 1 2 1 1)              98.468
4374       (1 0 2 3 2 1 2)              98.469
4375       (1 0 2 3 2 1 2)              98.469
4376       (1 0 2 3 2 1 2)              98.470
4377       (1 0 2 3 2 1 2)              98.470
4378       (1 0 1 2 1 1 1)              98.470
4379       (1 0 2 3 2 1 2)              98.471
4380       (1 0 1 2 1 1 1)              98.471
4381       (1 0 2 3 2 1 2)              98.471
4382       (1 0 2 3 2 1 2)              98.472
4383       (1 0 3 1 2 1 2)              98.472
4384       (1 0 2 3 2 1 2)              98.472
4385       (1 0 1 2 1 1 1)              98.473
4386       (1 0 2 3 2 1 2)              98.466
4387       (0 0 0 4 0 0 0)              98.454
4388       (1 0 2 3 2 1 2)              98.454
4389       (1 0 3 1 2 1 2)              98.451
4390       (1 0 2 3 2 1 2)              98.452
4391       (1 0 2 3 2 1 1)              98.452
4392       (1 0 2 3 1 1 1)              98.452
4393       (1 0 2 3 2 1 1)              98.453
4394       (1 0 2 3 2 1 2)              98.453
4395       (1 0 2 3 1 2 1)              98.453
4396       (1 0 3 1 1 1 1)              98.454
4397       (1 0 1 2 1 1 1)              98.454
4398       (1 0 1 2 1 1 1)              98.454
4399       (1 0 2 3 1 2 1)              98.455
4400       (1 0 3 1 2 1 2)              98.455
4401       (1 0 3 1 1 1 1)              98.455
4402       (1 0 2 3 2 1 2)              98.456
4403       (1 0 2 3 2 1 2)              98.456
4404       (1 0 2 3 2 1 2)              98.456
4405       (1 0 1 2 1 2 1)              98.457
4406       (1 0 2 3 1 2 1)              98.457
4407       (1 0 2 3 2 1 2)              98.458
4408       (1 0 0 0 2 2 1)              98.458
4409       (1 0 1 2 1 1 1)              98.458
4410       (1 0 2 3 2 1 2)              98.459
4411       (1 0 3 1 2 1 1)              98.459
4412       (1 0 3 1 2 1 2)              98.456
4413       (1 0 0 0 1 2 1)              98.456
4414       (1 0 2 3 1 2 1)              98.453
4415       (1 0 2 3 2 1 2)              98.454
4416       (1 0 1 2 1 1 1)              98.454
4417       (1 0 0 0 2 2 1)              98.455
4418       (1 0 2 3 2 1 2)              98.455
4419       (1 0 2 3 2 1 2)              98.455
4420       (1 0 2 3 1 1 1)              98.456
4421       (1 0 0 0 2 2 1)              98.456
4422       (1 0 2 3 2 1 2)              98.456
4423       (1 0 1 2 1 2 0)              98.457
4424       (1 0 2 3 1 2 1)              98.457
4425       (1 0 1 2 1 1 1)              98.457
4426       (1 0 3 1 1 1 1)              98.458
4427       (1 0 2 3 1 2 1)              98.458
4428       (1 0 1 2 1 1 1)              98.458
4429       (1 0 3 6 0 0 1)              98.456
4430       (1 0 2 3 2 1 1)              98.456
4431       (1 0 2 3 2 1 2)              98.456
4432       (1 0 2 3 2 1 2)              98.457
4433       (1 0 2 3 2 1 2)              98.457
4434       (1 0 1 2 1 1 1)              98.457
4435       (1 0 2 3 2 1 2)              98.458
4436       (1 0 2 3 1 1 1)              98.451
4437       (1 0 2 3 2 1 2)              98.452
4438       (1 0 1 2 1 1 1)              98.452
4439       (1 0 1 2 1 1 1)              98.453
4440       (1 0 2 3 2 1 2)              98.453
4441       (1 0 1 2 1 1 1)              98.453
4442       (1 0 2 3 2 1 1)              98.454
4443       (1 0 1 2 2 2 1)              98.454
4444       (1 0 2 3 2 1 2)              98.454
4445       (1 0 2 3 2 1 2)              98.455
4446       (1 0 3 1 1 1 1)              98.455
4447       (1 0 1 2 0 0 1)              98.455
4448       (1 0 1 2 1 2 1)              98.456
4449       (1 0 2 3 2 1 2)              98.456
4450       (1 0 2 3 1 2 1)              98.456
4451       (1 0 2 3 2 1 2)              98.457
4452       (1 0 2 3 1 2 1)              98.454
4453       (1 0 2 3 2 1 2)              98.454
4454       (1 0 1 2 1 2 1)              98.455
4455       (1 0 1 2 0 0 1)              98.455
4456       (1 0 2 3 2 1 2)              98.455
4457       (1 0 2 3 2 1 2)              98.456
4458       (1 0 2 3 2 1 2)              98.456
4459       (1 0 3 1 2 1 2)              98.456
4460       (1 0 1 2 1 1 1)              98.457
4461       (1 0 2 3 1 2 1)              98.457
4462       (1 0 2 3 1 2 1)              98.457
4463       (1 0 3 1 2 1 2)              98.458
4464       (1 0 2 3 1 1 1)              98.452
4465       (1 0 2 3 2 1 2)              98.446
4466       (1 0 2 3 2 1 2)              98.446
4467       (1 0 1 2 1 1 1)              98.446
4468       (1 0 2 3 2 1 2)              98.447
4469       (1 0 3 1 2 1 2)              98.447
4470       (1 0 1 2 1 1 1)              98.447
4471       (1 0 1 2 1 1 1)              98.448
4472       (1 0 3 1 2 1 1)              98.448
4473       (1 0 3 1 2 1 2)              98.448
4474       (1 0 3 1 2 1 2)              98.449
4475       (1 0 1 2 1 1 1)              98.449
4476       (1 0 2 3 2 1 2)              98.449
4477       (1 0 2 3 2 1 1)              98.450
4478       (1 0 2 3 2 1 2)              98.447
4479       (1 0 3 1 2 1 2)              98.447
4480       (1 0 3 1 2 1 2)              98.448
4481       (1 0 1 2 1 1 1)              98.448
4482       (1 0 3 1 2 1 2)              98.448
4483       (1 0 2 3 2 1 2)              98.449
4484       (1 0 3 1 2 1 2)              98.449
4485       (1 0 2 3 1 2 1)              98.449
4486       (1 0 2 3 1 1 1)              98.450
4487       (1 0 2 3 1 2 1)              98.450
4488       (1 0 1 2 1 2 1)              98.447
4489       (1 0 3 1 2 1 2)              98.447
4490       (1 0 2 3 2 1 1)              98.448
4491       (1 0 2 3 2 1 2)              98.448
4492       (1 0 3 1 2 1 2)              98.449
4493       (1 0 1 2 1 1 1)              98.449
4494       (1 0 3 1 2 1 1)              98.449
4495       (1 0 0 0 1 2 1)              98.446
4496       (1 0 0 6 0 1 1)              98.437
4497       (1 0 2 3 2 1 2)              98.438
4498       (1 0 3 1 2 1 2)              98.435
4499       (1 0 1 2 1 1 1)              98.435
4500       (1 0 3 1 2 1 2)              98.435
4501       (1 0 2 3 2 1 1)              98.436
4502       (1 0 2 3 2 1 2)              98.436
4503       (1 0 2 3 2 1 2)              98.436
4504       (1 0 1 2 1 1 1)              98.437
4505       (1 0 1 2 1 1 1)              98.437
4506       (1 0 1 2 0 0 1)              98.437
4507       (1 0 2 3 2 1 2)              98.438
4508       (1 0 2 3 1 1 1)              98.438
4509       (1 0 0 0 1 0 1)              98.438
4510       (1 0 3 1 1 1 1)              98.439
4511       (1 0 3 1 2 1 2)              98.439
4512       (1 0 1 2 0 0 1)              98.440
4513       (1 0 2 3 2 1 2)              98.440
4514       (1 0 2 3 2 1 2)              98.440
4515       (1 0 1 1 0 1 1)              98.428
4516       (1 0 3 1 2 1 2)              98.428
4517       (1 0 2 3 2 1 2)              98.429
4518       (1 0 2 3 2 1 1)              98.429
4519       (1 0 3 1 2 1 2)              98.429
4520       (1 0 1 2 1 1 1)              98.430
4521       (1 0 2 3 2 1 2)              98.430
4522       (1 0 2 3 2 1 2)              98.430
4523       (1 0 1 2 1 1 1)              98.431
4524       (1 0 2 3 2 1 2)              98.431
4525       (1 0 1 2 0 0 1)              98.431
4526       (1 0 2 3 1 2 1)              98.432
4527       (1 0 3 1 2 1 2)              98.432
4528       (1 0 2 3 2 1 2)              98.432
4529       (1 0 2 3 0 0 0)              98.433
4530       (1 0 2 3 1 2 1)              98.433
4531       (1 0 2 3 2 1 1)              98.433
4532       (1 0 2 3 2 1 2)              98.434
4533       (1 0 2 3 2 1 2)              98.434
4534       (1 0 1 2 1 1 1)              98.434
4535       (1 0 1 2 1 1 1)              98.435
4536       (1 0 2 3 1 2 1)              98.435
4537       (1 0 1 2 1 1 1)              98.436
4538       (1 0 3 1 2 1 2)              98.436
4539       (1 0 2 3 2 1 2)              98.436
4540       (1 0 1 2 1 1 1)              98.437
4541       (1 0 2 3 2 1 2)              98.437
4542       (1 0 0 0 2 2 1)              98.437
4543       (1 0 3 1 2 1 2)              98.438
4544       (1 0 1 2 1 1 1)              98.438
4545       (1 0 1 2 1 2 1)              98.438
4546       (1 0 2 3 2 1 2)              98.439
4547       (1 0 2 3 2 1 2)              98.439
4548       (1 0 1 2 1 2 1)              98.439
4549       (1 0 1 2 1 1 1)              98.440
4550       (1 0 2 3 2 2 1)              98.440
4551       (1 0 2 3 2 1 2)              98.440
4552       (1 0 3 1 2 1 2)              98.441
4553       (1 0 2 3 2 1 2)              98.441
4554       (1 0 2 3 2 1 2)              98.441
4555       (1 0 1 2 1 1 1)              98.442
4556       (1 0 3 1 2 1 2)              98.442
4557       (1 0 2 3 2 1 1)              98.439
4558       (1 0 2 3 2 1 2)              98.440
4559       (1 0 2 3 2 1 2)              98.440
4560       (1 0 3 1 2 1 2)              98.440
4561       (1 0 1 2 1 1 1)              98.441
4562       (1 0 1 2 1 1 1)              98.441
4563       (1 0 1 2 1 1 1)              98.441
4564       (1 0 2 3 2 2 1)              98.442
4565       (1 0 3 1 2 1 2)              98.442
4566       (1 0 2 3 2 1 2)              98.442
4567       (1 0 3 1 2 1 2)              98.443
4568       (1 0 1 2 1 1 1)              98.443
4569       (1 0 2 3 2 2 1)              98.443
4570       (1 0 2 3 2 1 2)              98.444
4571       (1 0 2 3 2 1 2)              98.444
4572       (1 0 1 2 1 1 1)              98.444
4573       (1 0 2 3 1 1 1)              98.445
4574       (1 0 2 3 1 1 1)              98.445
4575       (1 0 2 3 2 1 2)              98.445
4576       (1 0 2 3 1 1 1)              98.446
4577       (1 0 1 2 1 1 1)              98.446
4578       (1 0 1 2 1 1 1)              98.446
4579       (1 0 0 0 2 2 1)              98.447
4580       (1 0 3 1 2 1 2)              98.447
4581       (1 0 1 2 1 1 1)              98.447
4582       (1 0 1 2 1 1 1)              98.448
4583       (1 0 2 3 1 2 1)              98.448
4584       (1 0 2 3 1 2 1)              98.448
4585       (1 0 2 3 2 1 2)              98.449
4586       (1 0 3 1 2 1 1)              98.449
4587       (1 0 1 2 0 0 1)              98.450
4588       (1 0 3 1 2 1 2)              98.450
4589       (1 0 3 1 1 1 1)              98.444
4590       (1 0 1 2 1 1 1)              98.444
4591       (1 0 3 1 1 1 1)              98.445
4592       (1 0 2 3 2 1 2)              98.445
4593       (1 0 1 2 1 1 1)              98.445
4594       (1 0 3 1 2 1 2)              98.446
4595       (1 0 2 3 2 1 2)              98.446
4596       (1 0 2 3 2 1 2)              98.446
4597       (1 0 2 3 2 1 2)              98.447
4598       (1 0 2 3 2 1 2)              98.447
4599       (1 0 0 0 2 2 1)              98.435
4600       (1 0 1 2 1 1 1)              98.435
4601       (1 0 3 1 1 1 1)              98.436
4602       (1 0 3 1 2 1 2)              98.436
4603       (1 0 3 1 2 1 2)              98.436
4604       (1 0 2 3 2 1 2)              98.437
4605       (1 0 3 1 1 1 1)              98.437
4606       (1 0 2 3 2 1 2)              98.437
4607       (1 0 1 2 1 1 1)              98.438
4608       (1 0 2 3 2 1 2)              98.438
4609       (1 0 3 1 2 1 2)              98.438
4610       (1 0 0 0 1 2 0)              98.439
4611       (1 0 3 1 2 1 2)              98.439
4612       (1 0 2 3 2 1 1)              98.436
4613       (1 0 3 1 2 1 2)              98.437
4614       (1 0 2 3 2 1 2)              98.437
4615       (1 0 3 1 2 1 2)              98.437
4616       (1 0 2 3 2 1 2)              98.438
4617       (1 0 0 0 0 2 1)              98.438
4618       (1 0 1 2 1 1 1)              98.438
4619       (1 0 2 3 2 1 2)              98.439
4620       (1 0 2 3 2 1 2)              98.439
4621       (1 0 2 3 2 1 2)              98.439
4622       (1 0 2 3 1 2 1)              98.440
4623       (1 0 2 3 1 0 1)              98.437
4624       (1 0 3 1 2 1 2)              98.437
4625       (1 0 2 3 1 1 1)              98.438
4626       (1 0 2 3 2 1 2)              98.438
4627       (1 0 2 3 2 1 2)              98.438
4628       (1 0 2 3 2 1 2)              98.439
4629       (1 0 1 2 1 1 1)              98.439
4630       (1 0 2 3 2 1 1)              98.439
4631       (1 0 3 1 2 1 2)              98.440
4632       (1 0 1 2 1 1 1)              98.440
4633       (1 0 2 3 1 2 1)              98.440
4634       (1 0 3 1 2 1 2)              98.441
4635       (1 0 2 3 2 1 2)              98.441
4636       (1 0 3 1 1 1 1)              98.441
4637       (1 0 1 2 1 1 1)              98.442
4638       (1 0 2 3 2 1 2)              98.442
4639       (1 0 2 3 2 1 2)              98.442
4640       (1 0 1 2 1 1 1)              98.443
4641       (1 0 3 1 2 1 1)              98.443
4642       (1 0 1 2 1 1 1)              98.443
4643       (1 0 3 1 2 1 2)              98.444
4644       (1 0 2 3 2 1 2)              98.444
4645       (1 0 3 1 2 1 2)              98.444
4646       (1 0 3 1 2 1 2)              98.442
4647       (1 0 2 3 2 1 2)              98.442
4648       (1 0 1 2 2 2 1)              98.442
4649       (1 0 1 2 1 1 1)              98.443
4650       (1 0 3 1 2 1 2)              98.443
4651       (1 0 3 1 2 1 2)              98.443
4652       (1 0 3 1 0 1 1)              98.434
4653       (1 0 2 3 2 1 2)              98.435
4654       (1 0 3 1 2 1 2)              98.435
4655       (1 0 3 1 2 1 2)              98.435
4656       (1 0 3 1 2 1 2)              98.436
4657       (1 0 2 3 2 1 1)              98.436
4658       (1 0 2 3 2 1 2)              98.436
4659       (1 0 3 1 2 1 1)              98.434
4660       (1 0 1 2 1 1 1)              98.434
4661       (1 0 2 3 2 1 2)              98.434
4662       (1 0 3 1 2 1 2)              98.435
4663       (1 0 3 1 2 1 2)              98.435
4664       (1 0 2 3 1 0 1)              98.435
4665       (1 0 2 3 2 1 2)              98.436
4666       (1 0 2 3 2 1 2)              98.436
4667       (1 0 1 2 0 0 1)              98.436
4668       (1 0 1 2 1 1 1)              98.437
4669       (1 0 2 3 2 1 2)              98.437
4670       (1 0 1 2 1 1 1)              98.437
4671       (1 0 1 2 1 1 1)              98.438
4672       (1 0 1 2 0 0 1)              98.438
4673       (1 0 3 1 2 1 2)              98.438
4674       (1 0 1 2 1 1 1)              98.439
4675       (1 0 0 0 0 0 0)              98.433
4676       (1 0 3 1 1 1 1)              98.433
4677       (1 0 2 3 2 1 2)              98.433
4678       (1 0 2 3 1 1 1)              98.431
4679       (1 0 0 0 1 2 0)              98.431
4680       (1 0 2 3 2 1 2)              98.431
4681       (1 0 2 3 2 1 1)              98.429
4682       (1 0 3 1 2 1 2)              98.429
4683       (1 0 3 1 2 1 2)              98.429
4684       (1 0 3 1 2 1 2)              98.430
4685       (1 0 3 1 2 1 2)              98.430
4686       (1 0 0 0 1 2 0)              98.430
4687       (1 0 1 2 1 1 1)              98.431
4688       (1 0 2 3 1 2 1)              98.431
4689       (1 0 3 1 1 1 1)              98.431
4690       (1 0 0 0 2 2 1)              98.432
4691       (1 0 2 3 2 1 2)              98.432
4692       (1 0 3 1 2 1 2)              98.432
4693       (1 0 1 2 1 1 1)              98.433
4694       (1 0 2 3 2 1 2)              98.433
4695       (1 0 2 3 2 1 2)              98.433
4696       (1 0 1 2 1 1 1)              98.434
4697       (1 0 2 3 2 1 2)              98.434
4698       (1 0 2 3 1 2 1)              98.434
4699       (1 0 2 3 1 2 1)              98.435
4700       (1 0 3 1 2 1 2)              98.435
4701       (1 0 3 1 2 1 2)              98.435
4702       (1 0 3 1 2 1 2)              98.433
4703       (1 0 3 1 2 1 2)              98.433
4704       (1 0 3 1 2 1 2)              98.433
4705       (1 0 3 1 2 1 2)              98.434
4706       (1 0 2 3 2 1 2)              98.434
4707       (1 0 3 1 2 1 2)              98.434
4708       (1 0 2 3 2 1 2)              98.435
4709       (1 0 2 3 2 1 2)              98.435
4710       (1 0 3 1 2 1 2)              98.435
4711       (1 0 3 1 2 1 2)              98.436
4712       (1 0 2 3 2 1 2)              98.436
4713       (1 0 2 3 2 1 2)              98.436
4714       (1 0 3 1 2 1 2)              98.437
4715       (1 0 2 3 2 1 2)              98.437
4716       (1 0 1 2 0 0 1)              98.437
4717       (1 0 3 1 2 1 2)              98.438
4718       (1 0 2 3 2 1 2)              98.438
4719       (1 0 3 1 2 1 2)              98.435
4720       (1 0 2 3 2 1 2)              98.436
4721       (1 0 1 2 1 1 1)              98.436
4722       (1 0 2 3 1 0 2)              98.436
4723       (1 0 3 1 2 1 2)              98.437
4724       (1 0 3 1 2 1 2)              98.437
4725       (1 0 1 2 1 1 1)              98.437
4726       (1 0 2 3 2 1 1)              98.438
4727       (1 0 2 3 1 2 1)              98.438
4728       (1 0 2 3 2 1 2)              98.438
4729       (1 0 3 1 2 1 2)              98.439
4730       (1 0 2 3 2 1 2)              98.439
4731       (1 0 2 3 1 2 1)              98.439
4732       (1 0 0 0 1 2 1)              98.440
4733       (1 0 3 1 2 1 1)              98.440
4734       (1 0 2 3 2 1 2)              98.440
4735       (1 0 3 1 2 1 2)              98.441
4736       (1 0 2 3 1 2 1)              98.441
4737       (1 0 2 3 2 1 2)              98.441
4738       (1 0 3 1 2 1 2)              98.439
4739       (1 0 2 3 2 1 2)              98.439
4740       (1 0 1 2 1 1 1)              98.439
4741       (1 0 0 0 1 2 0)              98.440
4742       (1 0 2 3 2 1 2)              98.440
4743       (1 0 1 2 1 1 1)              98.440
4744       (1 0 3 1 2 1 2)              98.441
4745       (1 0 1 2 1 1 1)              98.441
4746       (1 0 3 1 2 1 2)              98.438
4747       (1 0 1 2 1 1 1)              98.439
4748       (1 0 0 0 2 2 1)              98.439
4749       (1 0 2 3 1 2 1)              98.439
4750       (1 0 3 1 2 1 2)              98.440
4751       (1 0 3 1 1 1 1)              98.440
4752       (1 0 2 3 2 1 2)              98.434
4753       (1 0 1 2 1 1 1)              98.434
4754       (1 0 2 3 2 1 2)              98.435
4755       (1 0 3 1 2 1 2)              98.435
4756       (1 0 2 3 2 1 2)              98.435
4757       (1 0 3 1 2 1 2)              98.436
4758       (1 0 3 1 2 1 2)              98.433
4759       (1 0 1 2 1 1 1)              98.433
4760       (1 0 2 3 2 1 2)              98.434
4761       (1 0 1 2 1 1 1)              98.434
4762       (1 0 1 2 1 1 1)              98.434
4763       (1 0 2 3 2 1 2)              98.435
4764       (1 0 2 3 2 1 2)              98.435
4765       (1 0 2 3 2 1 2)              98.435
4766       (1 0 2 3 2 1 1)              98.436
4767       (1 0 2 3 2 1 2)              98.436
4768       (1 0 2 3 2 1 2)              98.436
4769       (1 0 2 3 2 1 2)              98.437
4770       (1 0 2 3 2 1 2)              98.437
4771       (1 0 1 2 1 1 1)              98.437
4772       (1 0 2 3 2 1 2)              98.438
4773       (1 0 2 3 2 1 2)              98.438
4774       (1 0 3 1 2 1 2)              98.438
4775       (1 0 2 3 2 1 2)              98.439
4776       (1 0 3 1 2 1 2)              98.436
4777       (1 0 2 3 2 1 2)              98.436
4778       (1 0 2 3 2 1 2)              98.437
4779       (1 0 3 1 2 1 2)              98.437
4780       (1 0 2 3 2 1 2)              98.437
4781       (1 0 1 2 1 1 1)              98.438
4782       (1 0 2 3 1 2 1)              98.438
4783       (1 0 1 2 0 0 1)              98.438
4784       (1 0 2 3 2 1 2)              98.439
4785       (1 0 2 3 2 1 2)              98.439
4786       (1 0 3 1 2 1 2)              98.436
4787       (1 0 0 0 1 2 0)              98.437
4788       (1 0 3 1 2 1 2)              98.434
4789       (1 0 1 2 1 1 1)              98.434
4790       (1 0 3 1 2 1 2)              98.432
4791       (1 0 2 3 2 1 2)              98.432
4792       (1 0 2 3 2 1 2)              98.432
4793       (1 0 1 2 2 2 1)              98.433
4794       (1 0 2 3 2 1 2)              98.433
4795       (1 0 3 1 2 1 2)              98.433
4796       (1 0 3 1 2 1 2)              98.431
4797       (1 0 3 1 2 1 2)              98.431
4798       (1 0 1 2 1 1 1)              98.431
4799       (1 0 2 3 2 1 2)              98.432
4800       (1 0 2 3 2 1 2)              98.432
4801       (1 0 3 1 1 1 1)              98.432
4802       (1 0 2 3 2 1 2)              98.433
4803       (1 0 3 1 2 1 2)              98.433
4804       (1 0 2 3 2 1 1)              98.433
4805       (1 0 3 1 2 1 2)              98.434
4806       (1 0 2 3 2 1 2)              98.434
4807       (1 0 2 3 2 1 2)              98.434
4808       (1 0 0 0 1 2 0)              98.435
4809       (1 0 2 3 2 1 2)              98.435
4810       (1 0 2 3 1 2 1)              98.435
4811       (1 0 1 2 1 1 1)              98.436
4812       (1 0 2 3 2 1 2)              98.436
4813       (1 0 2 3 2 1 2)              98.436
4814       (1 0 3 1 2 1 2)              98.437
4815       (1 0 2 3 2 1 2)              98.437
4816       (1 0 2 3 2 1 1)              98.437
4817       (1 0 3 1 2 1 1)              98.438
4818       (1 0 2 3 1 1 1)              98.438
4819       (1 0 3 1 2 2 1)              98.432
4820       (1 0 2 3 2 1 2)              98.433
4821       (1 0 3 1 2 1 2)              98.433
4822       (1 0 3 1 2 1 2)              98.433
4823       (1 0 0 0 1 2 0)              98.434
4824       (1 0 2 3 1 1 1)              98.434
4825       (1 0 3 1 1 2 1)              98.434
4826       (1 0 2 3 1 1 1)              98.432
4827       (1 0 1 2 1 2 0)              98.432
4828       (1 0 1 2 1 1 1)              98.432
4829       (1 0 2 3 2 1 2)              98.432
4830       (1 0 1 2 1 1 1)              98.433
4831       (1 0 1 2 2 2 1)              98.433
4832       (1 0 2 3 2 1 2)              98.433
4833       (1 0 1 2 1 1 1)              98.434
4834       (1 0 2 3 2 1 1)              98.434
4835       (1 0 2 3 2 1 2)              98.434
4836       (1 0 2 3 2 1 2)              98.435
4837       (1 0 2 3 2 1 2)              98.435
4838       (1 0 2 3 2 1 1)              98.435
4839       (1 0 1 2 1 1 1)              98.436
4840       (1 0 1 2 1 1 1)              98.436
4841       (1 0 3 1 2 1 2)              98.433
4842       (1 0 2 3 2 1 2)              98.434
4843       (1 0 3 1 2 1 2)              98.434
4844       (1 0 3 1 2 1 2)              98.434
4845       (1 0 3 1 1 1 1)              98.435
4846       (1 0 1 2 1 1 1)              98.435
4847       (1 0 2 3 1 1 1)              98.435
4848       (1 0 2 3 2 1 2)              98.436
4849       (1 0 2 3 2 1 2)              98.436
4850       (1 0 1 2 1 1 1)              98.436
4851       (1 0 1 2 1 1 1)              98.437
4852       (1 0 2 3 2 1 2)              98.437
4853       (1 0 3 1 1 2 1)              98.437
4854       (1 0 3 1 2 1 2)              98.438
4855       (1 0 2 3 2 1 2)              98.438
4856       (1 0 2 3 2 1 2)              98.438
4857       (1 0 3 1 2 1 2)              98.439
4858       (1 0 2 3 2 1 2)              98.433
4859       (1 0 1 2 1 1 1)              98.433
4860       (1 0 2 3 2 1 1)              98.434
4861       (1 0 1 2 1 2 0)              98.434
4862       (1 0 1 2 1 1 1)              98.434
4863       (1 0 2 3 2 1 2)              98.435
4864       (1 0 2 3 2 1 2)              98.435
4865       (1 0 1 2 1 1 1)              98.435
4866       (1 0 2 3 1 1 1)              98.436
4867       (1 0 3 1 2 1 2)              98.436
4868       (1 0 0 6 0 0 1)              98.430
4869       (1 0 1 2 1 1 1)              98.431
4870       (1 0 2 3 2 1 2)              98.431
4871       (1 0 2 3 2 1 2)              98.431
4872       (1 0 2 3 2 1 2)              98.432
4873       (1 0 2 3 2 1 2)              98.432
4874       (1 0 3 1 2 1 2)              98.432
4875       (1 0 2 3 2 1 2)              98.433
4876       (1 0 2 3 2 1 2)              98.433
4877       (1 0 3 1 2 1 2)              98.433
4878       (1 0 1 2 1 1 1)              98.434
4879       (1 0 0 0 2 2 1)              98.434
4880       (1 0 1 2 0 0 1)              98.434
4881       (1 0 2 3 2 1 2)              98.435
4882       (1 0 2 3 1 2 1)              98.435
4883       (1 0 2 3 1 2 1)              98.435
4884       (1 0 1 2 1 1 1)              98.436
4885       (1 0 1 2 1 1 1)              98.436
4886       (1 0 3 1 2 1 1)              98.436
4887       (1 0 1 2 1 1 1)              98.436
4888       (1 0 1 2 1 2 0)              98.437
4889       (1 0 2 3 2 1 2)              98.437
4890       (1 0 2 3 2 1 2)              98.437
4891       (1 0 2 3 2 1 1)              98.438
4892       (1 0 2 3 2 1 2)              98.438
4893       (1 0 3 1 2 1 2)              98.438
4894       (1 0 3 1 2 1 2)              98.439
4895       (1 0 3 1 2 1 2)              98.439
4896       (1 0 3 1 2 1 2)              98.439
4897       (1 0 2 3 2 1 1)              98.440
4898       (1 0 3 1 2 1 2)              98.440
4899       (1 0 2 3 1 2 1)              98.440
4900       (1 0 2 3 1 2 1)              98.441
4901       (1 0 3 1 2 1 2)              98.441
4902       (1 0 3 1 2 1 1)              98.441
4903       (1 0 2 3 2 1 2)              98.442
4904       (1 0 2 3 2 1 2)              98.442
4905       (1 0 1 2 1 1 1)              98.442
4906       (1 0 1 2 0 0 1)              98.443
4907       (1 0 2 3 2 1 2)              98.443
4908       (1 0 3 1 2 1 2)              98.440
4909       (1 0 2 3 2 1 2)              98.438
4910       (1 0 1 2 1 1 1)              98.438
4911       (1 0 3 1 2 1 2)              98.438
4912       (1 0 2 3 2 1 2)              98.439
4913       (1 0 1 2 1 1 1)              98.439
4914       (1 0 2 3 2 1 2)              98.439
4915       (1 0 3 1 2 1 2)              98.440
4916       (1 0 3 1 1 1 1)              98.440
4917       (1 0 2 3 2 1 2)              98.440
4918       (1 0 1 2 1 1 1)              98.441
4919       (1 0 2 3 1 2 1)              98.441
4920       (1 0 3 1 2 1 2)              98.441
4921       (1 0 3 1 2 1 2)              98.442
4922       (1 0 3 1 2 1 2)              98.442
4923       (1 0 3 1 2 1 1)              98.442
4924       (1 0 2 3 2 1 2)              98.442
4925       (1 0 1 2 1 0 1)              98.431
4926       (1 0 2 3 1 1 1)              98.431
4927       (1 0 2 3 2 1 2)              98.432
4928       (1 0 1 2 1 2 0)              98.432
4929       (1 0 3 1 2 1 2)              98.432
4930       (1 0 2 3 1 2 1)              98.430
4931       (1 0 1 2 1 1 1)              98.430
4932       (1 0 1 2 1 1 1)              98.430
4933       (1 0 1 2 1 1 1)              98.431
4934       (1 0 3 1 2 1 1)              98.431
4935       (1 0 1 2 1 1 1)              98.431
4936       (1 0 2 3 2 1 2)              98.432
4937       (1 0 3 1 2 1 2)              98.432
4938       (1 0 2 3 2 1 2)              98.432
4939       (1 0 1 2 1 1 1)              98.433
4940       (1 0 2 3 2 1 2)              98.433
4941       (1 0 1 2 1 1 1)              98.433
4942       (1 0 3 1 2 1 2)              98.434
4943       (1 0 3 1 2 1 2)              98.434
4944       (1 0 2 3 2 1 2)              98.434
4945       (1 0 2 3 1 2 1)              98.435
4946       (1 0 2 3 1 2 1)              98.432
4947       (1 0 3 1 2 1 2)              98.429
4948       (1 0 2 3 2 1 2)              98.430
4949       (1 0 1 2 1 1 1)              98.430
4950       (1 0 1 2 0 0 1)              98.430
4951       (1 0 3 1 2 1 2)              98.431
4952       (1 0 2 3 2 1 2)              98.431
4953       (1 0 1 2 1 1 1)              98.431
4954       (1 0 2 3 1 1 1)              98.432
4955       (1 0 2 3 2 1 1)              98.432
4956       (1 0 2 3 2 1 2)              98.432
4957       (1 0 0 0 1 2 0)              98.433
4958       (1 0 1 2 1 1 1)              98.433
4959       (1 0 1 2 1 1 1)              98.433
4960       (1 0 1 2 1 1 1)              98.434
4961       (1 0 3 1 2 1 2)              98.434
4962       (1 0 1 2 1 1 1)              98.434
4963       (1 0 3 1 2 1 2)              98.435
4964       (1 0 1 2 1 1 1)              98.435
4965       (1 0 1 2 1 1 1)              98.435
4966       (1 0 1 2 1 2 1)              98.435
4967       (1 0 0 0 1 0 1)              98.436
4968       (1 0 2 3 2 2 1)              98.436
4969       (1 0 1 2 1 1 1)              98.436
4970       (1 0 1 2 1 1 1)              98.437
4971       (1 0 1 2 1 1 1)              98.437
4972       (1 0 3 1 2 1 2)              98.437
4973       (1 0 3 1 2 1 2)              98.438
4974       (1 0 2 3 2 1 2)              98.438
4975       (1 0 3 1 2 1 2)              98.435
4976       (1 0 2 3 1 2 1)              98.436
4977       (1 0 3 1 2 1 2)              98.436
4978       (1 0 1 2 1 2 1)              98.436
4979       (1 0 2 3 1 1 1)              98.437
4980       (1 0 1 2 1 1 1)              98.437
4981       (1 0 2 3 2 1 2)              98.437
4982       (1 0 2 3 1 1 1)              98.438
4983       (1 0 1 2 0 0 1)              98.438
4984       (1 0 1 2 1 1 1)              98.438
4985       (1 0 2 3 2 1 2)              98.439
4986       (1 0 2 3 2 1 2)              98.439
4987       (1 0 2 3 2 1 2)              98.439
4988       (1 0 3 1 2 1 2)              98.440
4989       (1 0 2 3 1 1 1)              98.437
4990       (1 0 2 3 2 1 2)              98.437
4991       (1 0 2 3 2 1 2)              98.438
4992       (1 0 1 2 1 1 1)              98.438
4993       (1 0 2 3 2 1 2)              98.438
4994       (1 0 2 3 2 1 2)              98.439
4995       (1 0 3 1 1 1 1)              98.439
4996       (1 0 2 3 2 1 2)              98.439
4997       (1 0 3 1 2 1 2)              98.439
4998       (1 0 3 1 1 1 1)              98.440
4999       (1 0 1 2 0 0 1)              98.440
5000       (1 0 2 3 2 1 1)              98.440
5001       (1 0 3 1 2 1 2)              98.441
5002       (1 0 3 1 2 1 1)              98.438
5003       (1 0 3 1 2 1 2)              98.436
5004       (1 0 2 3 2 1 1)              98.433
5005       (1 0 3 1 2 1 2)              98.433
5006       (1 0 2 3 2 1 2)              98.434
5007       (1 0 3 1 2 1 2)              98.434
5008       (1 0 2 3 2 1 2)              98.434
5009       (1 0 1 2 1 1 1)              98.435
5010       (1 0 3 1 2 1 2)              98.435
5011       (1 0 2 3 2 1 2)              98.435
5012       (1 0 3 1 2 1 2)              98.436
5013       (1 0 2 3 2 1 2)              98.436
5014       (1 0 2 3 1 1 1)              98.436
5015       (1 0 2 3 1 1 1)              98.434
5016       (1 0 1 2 0 0 1)              98.434
5017       (1 0 1 2 1 1 1)              98.434
5018       (1 0 1 2 0 0 1)              98.435
5019       (1 0 2 3 1 0 1)              98.435
5020       (1 0 2 3 2 1 2)              98.435
5021       (1 0 2 3 2 1 1)              98.436
5022       (1 0 1 2 1 1 1)              98.436
5023       (1 0 2 3 1 1 1)              98.436
5024       (1 0 1 2 1 1 1)              98.436
5025       (1 0 3 1 2 1 2)              98.437
5026       (1 0 2 3 2 1 2)              98.437
5027       (1 0 2 3 1 2 1)              98.437
5028       (1 0 2 3 2 1 1)              98.435
5029       (1 0 0 0 1 2 0)              98.435
5030       (1 0 1 2 1 1 1)              98.435
5031       (1 0 2 3 1 0 1)              98.436
5032       (1 0 2 3 2 1 2)              98.436
5033       (1 0 1 2 1 1 1)              98.436
5034       (1 0 1 2 1 1 1)              98.437
5035       (1 0 3 1 2 1 2)              98.434
5036       (1 0 2 3 2 1 2)              98.435
5037       (1 0 3 1 2 1 1)              98.435
5038       (1 0 2 3 2 1 2)              98.435
5039       (1 0 1 2 1 1 1)              98.435
5040       (1 0 2 3 2 1 2)              98.436
5041       (1 0 3 1 2 1 2)              98.433
5042       (1 0 2 3 2 1 2)              98.434
5043       (1 0 1 2 1 1 1)              98.434
5044       (1 0 2 3 2 1 2)              98.434
5045       (1 0 2 3 2 1 2)              98.434
5046       (1 0 1 2 1 1 1)              98.435
5047       (1 0 2 3 2 1 2)              98.435
5048       (1 0 1 2 1 1 1)              98.435
5049       (1 0 1 2 0 0 1)              98.436
5050       (1 0 3 1 2 1 2)              98.436
5051       (1 0 1 2 1 1 1)              98.436
5052       (1 0 2 3 1 2 1)              98.437
5053       (1 0 1 2 1 1 1)              98.437
5054       (1 0 1 2 2 2 1)              98.437
5055       (1 0 3 1 2 1 2)              98.438
5056       (1 0 2 3 2 1 2)              98.438
5057       (1 0 2 3 1 1 1)              98.438
5058       (1 0 3 1 2 1 2)              98.436
5059       (1 0 2 3 2 1 2)              98.436
5060       (1 0 3 1 2 1 2)              98.436
5061       (1 0 2 3 2 1 1)              98.437
5062       (1 0 3 1 2 1 2)              98.437
5063       (1 0 1 2 1 2 1)              98.437
5064       (1 0 3 1 2 1 1)              98.438
5065       (1 0 2 3 1 2 1)              98.438
5066       (1 0 2 3 2 1 2)              98.438
5067       (1 0 1 2 1 2 1)              98.438
5068       (1 0 2 3 2 1 2)              98.439
5069       (1 0 3 1 2 1 2)              98.439
5070       (1 0 3 1 2 1 2)              98.439
5071       (1 0 2 3 2 1 2)              98.440
5072       (1 0 2 3 2 1 2)              98.440
5073       (1 0 1 2 1 2 1)              98.438
5074       (1 0 1 2 1 2 1)              98.438
5075       (1 0 2 3 2 1 2)              98.438
5076       (1 0 2 3 2 1 2)              98.438
5077       (1 0 2 3 2 1 2)              98.439
5078       (1 0 3 1 2 1 2)              98.439
5079       (1 0 1 2 1 1 1)              98.439
5080       (1 0 1 2 1 1 1)              98.440
5081       (1 0 2 3 1 1 1)              98.440
5082       (1 0 2 3 2 1 2)              98.440
5083       (1 0 3 1 2 1 2)              98.441
5084       (1 0 2 3 1 2 1)              98.441
5085       (1 0 3 1 2 1 2)              98.441
5086       (1 0 3 1 2 1 2)              98.442
5087       (1 0 2 3 1 1 1)              98.442
5088       (1 0 2 3 2 1 1)              98.442
5089       (1 0 2 3 2 1 1)              98.442
5090       (1 0 2 3 1 1 1)              98.443
5091       (1 0 2 3 2 1 2)              98.443
5092       (1 0 1 2 1 1 1)              98.443
5093       (1 0 2 3 2 1 2)              98.444
5094       (1 0 1 2 1 1 1)              98.444
5095       (1 0 1 2 1 1 1)              98.444
5096       (1 0 3 1 2 1 2)              98.445
5097       (1 0 3 1 2 1 2)              98.445
5098       (1 0 2 3 2 1 2)              98.445
5099       (1 0 0 0 2 2 1)              98.445
5100       (1 0 2 3 1 2 1)              98.446
5101       (1 0 3 1 2 1 2)              98.446
5102       (1 0 1 2 1 1 1)              98.446
5103       (1 0 3 1 2 1 2)              98.444
5104       (1 0 2 3 2 1 2)              98.444
5105       (1 0 3 1 2 1 2)              98.442
5106       (1 0 2 3 2 1 2)              98.442
5107       (1 0 3 1 2 1 2)              98.440
5108       (1 0 1 2 1 1 1)              98.440
5109       (1 0 1 2 1 2 1)              98.440
5110       (1 0 2 3 2 1 2)              98.440
5111       (1 0 2 3 2 1 2)              98.441
5112       (1 0 3 1 1 1 1)              98.441
5113       (1 0 3 1 2 1 2)              98.441
5114       (1 0 1 2 1 1 1)              98.442
5115       (1 0 2 3 2 1 2)              98.442
5116       (1 0 2 3 2 1 2)              98.442
5117       (1 0 0 0 1 2 0)              98.443
5118       (1 0 1 2 1 1 1)              98.443
5119       (1 0 1 2 1 1 1)              98.443
5120       (1 0 2 3 2 1 2)              98.443
5121       (1 0 3 1 2 1 2)              98.444
5122       (1 0 3 1 2 1 1)              98.441
5123       (1 0 2 3 2 1 2)              98.442
5124       (1 0 2 3 2 1 2)              98.442
5125       (1 0 1 2 1 1 1)              98.442
5126       (1 0 2 3 2 1 1)              98.443
5127       (1 0 2 3 2 1 2)              98.443
5128       (1 0 1 2 1 1 1)              98.443
5129       (1 0 1 2 1 1 1)              98.443
5130       (1 0 2 3 2 1 2)              98.444
5131       (1 0 2 3 2 1 2)              98.444
5132       (1 0 2 3 2 1 2)              98.444
5133       (1 0 1 2 1 1 1)              98.445
5134       (1 0 2 3 2 1 2)              98.445
5135       (1 0 3 1 2 1 2)              98.445
5136       (1 0 3 1 2 1 1)              98.443
5137       (1 0 2 3 1 1 1)              98.443
5138       (1 0 2 3 2 1 2)              98.443
5139       (1 0 2 3 2 1 2)              98.444
5140       (1 0 1 2 1 1 1)              98.444
5141       (1 0 2 3 2 1 2)              98.444
5142       (1 0 3 1 2 1 2)              98.445
5143       (1 0 2 3 2 1 1)              98.445
5144       (1 0 2 3 2 1 2)              98.445
5145       (1 0 2 3 2 1 2)              98.446
5146       (1 0 3 1 2 1 2)              98.446
5147       (1 0 3 1 2 1 2)              98.446
5148       (1 0 2 3 1 1 1)              98.441
5149       (1 0 2 3 2 1 2)              98.441
5150       (1 0 2 3 1 2 1)              98.441
5151       (1 0 1 2 1 1 1)              98.442
5152       (1 0 1 2 1 1 1)              98.442
5153       (1 0 2 3 1 1 1)              98.442
5154       (1 0 3 1 2 1 2)              98.443
5155       (1 0 3 1 2 1 2)              98.443
5156       (1 0 3 1 2 1 2)              98.443
5157       (1 0 2 3 2 1 2)              98.444
5158       (1 0 2 3 2 1 2)              98.444
5159       (1 0 3 1 2 1 2)              98.444
5160       (1 0 2 3 2 1 2)              98.444
5161       (1 0 2 3 2 1 2)              98.445
5162       (1 0 1 2 1 1 1)              98.445
5163       (1 0 2 3 1 1 1)              98.445
5164       (1 0 2 3 2 1 1)              98.446
5165       (1 0 3 1 2 1 2)              98.446
5166       (1 0 3 1 2 1 2)              98.441
5167       (1 0 1 2 1 1 1)              98.441
5168       (1 0 2 3 1 2 1)              98.433
5169       (1 0 2 3 1 2 1)              98.433
5170       (1 0 1 2 1 1 1)              98.434
5171       (1 0 3 1 2 1 2)              98.434
5172       (1 0 1 2 1 1 1)              98.434
5173       (1 0 2 3 1 2 1)              98.435
5174       (1 0 2 3 1 1 1)              98.435
5175       (1 0 1 2 1 1 1)              98.435
5176       (1 0 3 1 2 1 2)              98.435
5177       (1 0 1 2 1 1 1)              98.436
5178       (1 0 2 3 2 1 2)              98.436
5179       (1 0 3 1 2 1 2)              98.436
5180       (1 0 2 3 2 1 2)              98.437
5181       (1 0 2 3 2 1 2)              98.437
5182       (1 0 2 3 2 1 2)              98.437
5183       (1 0 2 3 2 1 2)              98.438
5184       (1 0 1 2 1 2 1)              98.435
5185       (1 0 3 1 2 1 2)              98.435
5186       (1 0 2 3 2 1 1)              98.436
5187       (1 0 2 3 2 1 2)              98.436
5188       (1 0 2 3 2 1 2)              98.436
5189       (1 0 1 2 1 1 1)              98.437
5190       (1 0 2 3 2 1 2)              98.437
5191       (1 0 3 1 2 1 2)              98.437
5192       (1 0 1 2 1 1 1)              98.438
5193       (1 0 2 3 2 1 2)              98.438
5194       (1 0 1 2 1 1 1)              98.438
5195       (1 0 2 3 2 1 2)              98.438
5196       (1 0 2 3 2 1 2)              98.439
5197       (1 0 2 3 1 2 1)              98.439
5198       (1 0 1 2 1 1 1)              98.439
5199       (1 0 0 0 1 2 1)              98.440
5200       (1 0 2 3 2 1 2)              98.440
5201       (1 0 3 1 2 1 2)              98.440
5202       (1 0 2 3 2 1 2)              98.441
5203       (1 0 2 3 2 1 2)              98.441
5204       (1 0 2 3 1 1 1)              98.441
5205       (1 0 0 0 2 2 1)              98.441
5206       (1 0 3 1 2 1 2)              98.442
5207       (1 0 3 1 2 1 1)              98.442
5208       (1 0 1 2 1 1 1)              98.442
5209       (1 0 2 3 2 2 1)              98.443
5210       (1 0 2 3 1 1 1)              98.440
5211       (1 0 3 1 2 1 2)              98.441
5212       (1 0 3 1 2 1 2)              98.441
5213       (1 0 3 1 2 1 2)              98.438
5214       (1 0 1 2 0 0 1)              98.439
5215       (1 0 2 3 2 1 2)              98.439
5216       (1 0 2 3 2 1 1)              98.437
5217       (1 0 1 2 1 1 1)              98.437
5218       (1 0 2 3 2 1 2)              98.437
5219       (1 0 2 3 2 1 2)              98.437
5220       (1 0 2 3 2 1 2)              98.438
5221       (1 0 2 3 2 1 2)              98.438
5222       (1 0 2 3 2 1 2)              98.438
5223       (1 0 1 2 1 1 1)              98.439
5224       (1 0 1 2 1 1 1)              98.439
5225       (1 0 3 1 2 1 2)              98.436
5226       (1 0 1 2 1 1 1)              98.437
5227       (1 0 2 3 1 1 1)              98.437
5228       (1 0 3 1 2 1 1)              98.435
5229       (1 0 1 2 1 1 1)              98.435
5230       (1 0 1 2 1 1 1)              98.435
5231       (1 0 1 2 1 1 1)              98.436
5232       (1 0 1 2 1 1 1)              98.436
5233       (1 0 2 3 2 1 2)              98.436
5234       (1 0 2 3 2 1 2)              98.436
5235       (1 0 0 0 2 2 1)              98.437
5236       (1 0 2 3 1 0 1)              98.437
5237       (1 0 2 3 2 1 2)              98.437
5238       (1 0 3 1 2 1 2)              98.438
5239       (1 0 2 3 2 1 2)              98.438
5240       (1 0 1 2 1 1 1)              98.438
5241       (1 0 2 3 1 2 1)              98.439
5242       (1 0 1 1 0 1 1)              98.436
5243       (1 0 2 3 2 1 1)              98.434
5244       (1 0 1 2 1 1 1)              98.434
5245       (1 0 3 1 2 1 2)              98.434
5246       (1 0 2 3 2 1 2)              98.435
5247       (1 0 2 3 2 1 2)              98.435
5248       (1 0 2 3 2 1 2)              98.435
5249       (1 0 2 3 1 0 1)              98.435
5250       (1 0 3 1 2 1 2)              98.436
5251       (1 0 2 3 2 1 2)              98.436
5252       (1 0 3 1 1 1 1)              98.436
5253       (1 0 1 2 0 1 0)              98.437
5254       (1 0 2 3 1 1 1)              98.431
5255       (1 0 1 2 1 2 1)              98.432
5256       (1 0 2 3 2 1 2)              98.432
5257       (1 0 3 1 2 1 2)              98.432
5258       (1 0 0 0 2 2 1)              98.433
5259       (1 0 3 1 2 1 2)              98.433
5260       (1 0 3 1 2 1 2)              98.431
5261       (1 0 1 2 1 1 1)              98.431
5262       (1 0 1 2 1 1 1)              98.431
5263       (1 0 3 1 2 1 2)              98.429
5264       (1 0 3 1 2 1 2)              98.429
5265       (1 0 2 3 2 1 2)              98.429
5266       (1 0 2 3 2 1 2)              98.430
5267       (1 0 2 3 2 1 2)              98.430
5268       (1 0 2 3 2 1 2)              98.430
5269       (1 0 2 3 2 1 2)              98.431
5270       (1 0 3 1 1 2 1)              98.431
5271       (1 0 2 3 2 1 2)              98.431
5272       (1 0 2 3 1 1 1)              98.429
5273       (1 0 2 3 2 1 2)              98.429
5274       (1 0 2 3 2 1 2)              98.429
5275       (1 0 3 1 2 1 2)              98.430
5276       (1 0 2 3 2 1 2)              98.430
5277       (1 0 3 1 2 1 2)              98.430
5278       (1 0 2 3 2 1 2)              98.430
5279       (1 0 2 3 2 1 2)              98.431
5280       (1 0 2 3 2 1 2)              98.431
5281       (1 0 3 1 2 1 1)              98.431
5282       (1 0 2 3 2 1 1)              98.432
5283       (1 0 1 2 1 1 1)              98.432
5284       (1 0 2 3 1 1 1)              98.432
5285       (1 0 1 2 1 2 0)              98.433
5286       (1 0 3 1 2 1 2)              98.433
5287       (1 0 2 3 2 1 2)              98.433
5288       (1 0 3 1 2 1 2)              98.433
5289       (1 0 2 3 1 0 1)              98.434
5290       (1 0 2 3 1 1 1)              98.434
5291       (1 0 2 3 2 1 2)              98.434
5292       (1 0 2 3 2 1 2)              98.435
5293       (1 0 2 3 2 1 2)              98.435
5294       (1 0 2 3 2 1 2)              98.435
5295       (1 0 1 2 1 1 1)              98.436
5296       (1 0 3 1 2 1 2)              98.436
5297       (1 0 3 1 2 1 1)              98.436
5298       (1 0 2 3 2 1 2)              98.436
5299       (1 0 2 3 2 1 2)              98.437
5300       (1 0 3 1 2 1 2)              98.437
5301       (1 0 2 3 2 1 2)              98.437
5302       (1 0 3 1 2 1 2)              98.438
5303       (1 0 1 2 1 2 1)              98.438
5304       (1 0 2 3 2 1 2)              98.438
5305       (1 0 3 1 2 1 2)              98.436
5306       (1 0 3 1 2 1 2)              98.436
5307       (1 0 2 3 2 1 2)              98.436
5308       (1 0 2 3 1 1 1)              98.437
5309       (1 0 3 1 2 1 2)              98.437
5310       (1 0 3 1 2 1 2)              98.437
5311       (1 0 3 1 2 1 2)              98.438
5312       (1 0 0 0 1 2 0)              98.438
5313       (1 0 2 3 2 1 2)              98.438
5314       (1 0 2 3 2 1 2)              98.438
5315       (1 0 3 1 2 1 2)              98.439
5316       (1 0 2 3 2 1 2)              98.439
5317       (1 0 3 1 2 1 1)              98.439
5318       (1 0 2 3 2 1 2)              98.440
5319       (1 0 1 2 1 1 1)              98.440
5320       (1 0 2 3 2 1 2)              98.440
5321       (1 0 1 2 1 1 1)              98.441
5322       (1 0 3 1 2 1 2)              98.441
5323       (1 0 1 2 1 1 1)              98.441
5324       (1 0 1 2 0 0 1)              98.441
5325       (1 0 2 3 2 1 2)              98.442
5326       (1 0 2 3 2 1 2)              98.442
5327       (1 0 2 3 2 1 2)              98.442
5328       (1 0 2 3 1 1 1)              98.443
5329       (1 0 1 2 1 1 1)              98.443
5330       (1 0 2 3 2 1 2)              98.443
5331       (1 0 3 1 2 1 2)              98.443
5332       (1 0 3 1 1 1 1)              98.444
5333       (1 0 3 1 2 1 1)              98.444
5334       (1 0 3 1 2 1 2)              98.444
5335       (1 0 2 3 2 1 2)              98.445
5336       (1 0 1 2 1 1 1)              98.445
5337       (1 0 3 1 2 1 1)              98.445
5338       (1 0 2 3 2 1 2)              98.446
5339       (1 0 3 1 1 2 1)              98.446
5340       (1 0 1 2 2 2 1)              98.446
5341       (1 0 3 1 2 1 2)              98.446
5342       (1 0 1 2 1 2 1)              98.447
5343       (1 0 2 3 2 1 2)              98.447
5344       (1 0 2 3 2 1 2)              98.447
5345       (1 0 1 2 1 1 1)              98.448
5346       (1 0 1 2 1 1 1)              98.448
5347       (1 0 1 2 1 1 1)              98.448
5348       (1 0 2 3 2 1 2)              98.448
5349       (1 0 1 2 1 1 1)              98.449
5350       (1 0 1 2 1 1 1)              98.449
5351       (1 0 3 1 2 1 1)              98.449
5352       (1 0 1 2 0 0 1)              98.450
5353       (1 0 3 1 2 2 1)              98.445
5354       (1 0 2 3 2 1 2)              98.445
5355       (1 0 2 3 2 1 2)              98.445
5356       (1 0 2 3 2 1 2)              98.445
5357       (1 0 2 3 2 1 2)              98.446
5358       (1 0 1 2 1 1 1)              98.446
5359       (1 0 1 2 1 1 1)              98.446
5360       (1 0 2 3 2 1 2)              98.447
5361       (1 0 2 3 2 1 2)              98.447
5362       (1 0 2 3 1 1 1)              98.447
5363       (1 0 2 3 2 1 2)              98.442
5364       (1 0 2 3 2 2 1)              98.442
5365       (1 0 2 3 2 1 2)              98.443
5366       (1 0 3 1 2 1 2)              98.443
5367       (1 0 2 3 2 1 2)              98.443
5368       (1 0 2 3 2 1 2)              98.444
5369       (1 0 1 2 0 0 1)              98.444
5370       (1 0 2 3 1 2 1)              98.444
5371       (1 0 2 3 2 1 2)              98.444
5372       (1 0 1 2 1 1 1)              98.445
5373       (1 0 2 3 2 1 2)              98.445
5374       (1 0 2 3 2 1 2)              98.445
5375       (1 0 3 1 2 1 2)              98.446
5376       (1 0 1 2 1 2 1)              98.446
5377       (1 0 1 2 1 1 1)              98.446
5378       (1 0 2 3 2 1 2)              98.446
5379       (1 0 1 2 0 0 1)              98.447
5380       (1 0 1 2 1 1 1)              98.447
5381       (1 0 2 3 0 0 0)              98.447
5382       (1 0 2 3 2 1 2)              98.448
5383       (1 0 3 1 2 1 2)              98.448
5384       (1 0 3 1 2 1 2)              98.448
5385       (1 0 2 3 1 2 1)              98.448
5386       (1 0 2 3 2 1 2)              98.449
5387       (1 0 2 3 2 1 1)              98.449
5388       (1 0 3 1 2 1 1)              98.449
5389       (1 0 1 2 1 1 1)              98.450
5390       (1 0 3 1 2 1 2)              98.450
5391       (1 0 3 1 2 1 2)              98.450
5392       (1 0 2 3 2 1 2)              98.450
5393       (1 0 1 2 1 1 1)              98.451
5394       (1 0 3 1 2 1 2)              98.451
5395       (1 0 2 3 2 1 2)              98.451
5396       (1 0 2 3 2 1 2)              98.452
5397       (1 0 2 3 2 1 2)              98.452
5398       (1 0 3 1 2 1 2)              98.452
5399       (1 0 3 1 2 1 2)              98.453
5400       (1 0 1 2 1 2 0)              98.453
5401       (1 0 3 1 2 1 2)              98.453
5402       (1 0 1 2 1 1 1)              98.453
5403       (1 0 3 1 1 2 1)              98.454
5404       (1 0 2 3 1 1 1)              98.449
5405       (1 0 2 3 2 1 2)              98.449
5406       (1 0 1 1 0 0 1)              98.447
5407       (1 0 2 3 2 1 2)              98.447
5408       (1 0 0 0 1 2 0)              98.447
5409       (1 0 1 2 1 2 1)              98.447
5410       (1 0 1 2 1 1 1)              98.448
5411       (1 0 1 2 1 1 1)              98.448
5412       (1 0 3 1 2 1 2)              98.448
5413       (1 0 1 2 1 2 1)              98.449
5414       (1 0 1 2 1 2 0)              98.446
5415       (1 0 1 2 1 1 1)              98.447
5416       (1 0 3 1 2 1 2)              98.444
5417       (1 0 3 1 2 1 2)              98.444
5418       (1 0 2 3 2 1 2)              98.445
5419       (1 0 3 1 2 1 2)              98.442
5420       (1 0 1 2 1 1 1)              98.443
5421       (1 0 2 3 1 2 1)              98.443
5422       (1 0 2 3 1 2 1)              98.443
5423       (1 0 2 3 2 1 1)              98.444
5424       (1 0 2 3 1 2 1)              98.444
5425       (1 0 2 3 2 2 1)              98.444
5426       (1 0 2 3 2 2 1)              98.444
5427       (1 0 2 3 2 1 2)              98.445
5428       (1 0 2 3 1 2 1)              98.445
5429       (1 0 3 1 2 1 2)              98.443
5430       (1 0 2 3 2 1 2)              98.443
5431       (1 0 2 3 2 1 2)              98.443
5432       (1 0 1 2 1 1 1)              98.443
5433       (1 0 2 3 2 1 2)              98.444
5434       (1 0 2 3 2 1 1)              98.444
5435       (1 0 0 4 1 2 0)              98.439
5436       (1 0 2 3 2 1 2)              98.439
5437       (1 0 1 2 1 1 1)              98.437
5438       (1 0 2 3 1 1 1)              98.437
5439       (1 0 3 1 2 1 1)              98.438
5440       (1 0 3 1 2 1 1)              98.438
5441       (1 0 2 3 2 1 2)              98.438
5442       (1 0 3 1 2 1 2)              98.438
5443       (1 0 2 3 2 1 2)              98.439
5444       (1 0 2 3 2 1 2)              98.439
5445       (1 0 2 3 1 0 1)              98.437
5446       (1 0 3 1 2 1 2)              98.437
5447       (1 0 3 1 2 1 2)              98.437
5448       (1 0 2 3 2 1 2)              98.438
5449       (1 0 2 3 1 2 1)              98.438
5450       (1 0 3 1 2 1 2)              98.438
5451       (1 0 3 1 1 1 1)              98.433
5452       (1 0 2 3 2 1 2)              98.433
5453       (1 0 1 2 1 1 1)              98.434
5454       (1 0 2 3 2 1 2)              98.434
5455       (1 0 2 3 2 1 2)              98.434
5456       (1 0 1 2 1 2 0)              98.435
5457       (1 0 1 2 1 1 1)              98.435
5458       (1 0 1 2 1 1 1)              98.435
5459       (1 0 2 3 2 1 2)              98.435
5460       (1 0 2 3 2 1 2)              98.436
5461       (1 0 3 1 2 1 2)              98.433
5462       (1 0 1 2 1 1 1)              98.434
5463       (1 0 3 1 2 1 2)              98.434
5464       (1 0 1 2 1 2 1)              98.432
5465       (1 0 2 3 2 1 2)              98.432
5466       (1 0 3 1 2 1 1)              98.432
5467       (1 0 3 1 2 1 2)              98.433
5468       (1 0 2 3 2 1 2)              98.433
5469       (1 0 0 0 2 2 1)              98.433
5470       (1 0 2 3 2 1 1)              98.433
5471       (1 0 1 2 1 2 1)              98.434
5472       (1 0 1 2 1 1 1)              98.434
5473       (1 0 1 2 1 1 1)              98.434
5474       (1 0 2 3 2 1 2)              98.435
5475       (1 0 2 3 2 1 2)              98.435
5476       (1 0 3 1 1 1 1)              98.435
5477       (1 0 2 3 2 1 2)              98.435
5478       (1 0 2 3 2 1 2)              98.436
5479       (1 0 3 1 2 1 2)              98.436
5480       (1 0 2 3 2 1 2)              98.436
5481       (1 0 2 3 2 1 2)              98.437
5482       (1 0 1 2 1 1 1)              98.437
5483       (1 0 1 2 1 2 0)              98.437
5484       (1 0 1 2 1 1 1)              98.437
5485       (1 0 1 2 1 1 1)              98.438
5486       (1 0 2 3 2 1 2)              98.438
5487       (1 0 3 1 2 1 2)              98.438
5488       (1 0 2 3 2 1 2)              98.439
5489       (1 0 3 1 2 1 2)              98.439
5490       (1 0 3 1 2 1 2)              98.439
5491       (1 0 2 3 2 1 1)              98.437
5492       (1 0 2 3 1 1 1)              98.437
5493       (1 0 2 3 2 1 2)              98.437
5494       (1 0 3 1 2 1 1)              98.435
5495       (1 0 2 3 2 1 2)              98.435
5496       (1 0 1 2 1 1 1)              98.436
5497       (1 0 2 3 2 1 2)              98.436
5498       (1 0 2 3 2 1 2)              98.436
5499       (1 0 3 1 1 1 1)              98.436
5500       (1 0 3 1 1 1 1)              98.437
5501       (1 0 3 1 2 1 2)              98.437
5502       (1 0 3 1 2 1 2)              98.437
5503       (1 0 2 3 2 1 2)              98.438
5504       (1 0 3 1 2 1 2)              98.438
5505       (1 0 3 1 2 1 1)              98.438
5506       (1 0 2 3 2 1 2)              98.438
5507       (1 0 2 3 1 2 1)              98.436
5508       (1 0 1 2 1 1 1)              98.436
5509       (1 0 2 3 1 2 1)              98.437
5510       (1 0 3 1 2 1 2)              98.437
5511       (1 0 2 3 2 1 2)              98.437
5512       (1 0 2 3 2 1 2)              98.438
5513       (1 0 3 1 2 1 2)              98.438
5514       (1 0 3 1 2 1 2)              98.438
5515       (1 0 2 3 2 1 2)              98.438
5516       (1 0 2 3 2 1 2)              98.439
5517       (1 0 2 3 2 1 2)              98.439
5518       (1 0 3 1 2 1 1)              98.439
5519       (1 0 3 1 2 1 2)              98.440
5520       (1 0 3 1 2 1 2)              98.440
5521       (1 0 3 1 2 1 2)              98.440
5522       (1 0 1 2 1 2 1)              98.440
5523       (1 0 2 3 1 2 1)              98.441
5524       (1 0 1 2 1 1 1)              98.441
5525       (1 0 3 1 2 1 1)              98.441
5526       (1 0 2 3 2 1 2)              98.442
5527       (1 0 3 1 2 1 1)              98.442
5528       (1 0 3 1 2 1 2)              98.442
5529       (1 0 3 1 2 1 2)              98.442
5530       (1 0 2 3 1 2 1)              98.443
5531       (1 0 1 2 1 1 1)              98.443
5532       (1 0 2 3 2 1 2)              98.443
5533       (1 0 2 3 2 1 2)              98.443
5534       (1 0 2 3 2 1 2)              98.444
5535       (1 0 0 0 2 2 1)              98.444
5536       (1 0 3 1 2 1 2)              98.444
5537       (1 0 3 1 2 1 2)              98.445
5538       (1 0 2 3 2 1 2)              98.445
5539       (1 0 2 3 1 2 1)              98.445
5540       (1 0 2 3 1 2 1)              98.445
5541       (1 0 0 0 1 2 0)              98.446
5542       (1 0 1 2 1 1 1)              98.446
5543       (1 0 2 3 2 1 2)              98.446
5544       (1 0 2 3 2 1 2)              98.447
5545       (1 0 3 1 2 1 1)              98.447
5546       (1 0 3 1 2 1 2)              98.447
5547       (1 0 2 3 2 1 2)              98.447
5548       (1 0 3 1 2 1 2)              98.448
5549       (1 0 2 3 2 2 1)              98.448
5550       (1 0 1 2 1 1 1)              98.448
5551       (1 0 3 1 2 1 2)              98.446
5552       (1 0 2 3 2 1 2)              98.446
5553       (1 0 2 3 2 1 2)              98.447
5554       (1 0 3 1 1 1 1)              98.447
5555       (1 0 1 2 1 1 1)              98.447
5556       (1 0 1 0 0 2 0)              98.445
5557       (1 0 2 3 2 1 2)              98.445
5558       (1 0 1 2 1 1 1)              98.445
5559       (1 0 2 3 2 1 1)              98.446
5560       (1 0 2 3 2 1 2)              98.446
5561       (1 0 2 3 2 1 2)              98.446
5562       (1 0 3 1 2 1 2)              98.446
5563       (1 0 2 3 2 1 2)              98.447
5564       (1 0 3 1 2 1 1)              98.447
5565       (1 0 2 3 2 1 2)              98.447
5566       (1 0 3 1 2 1 2)              98.448
5567       (1 0 3 1 2 1 2)              98.448
5568       (1 0 2 3 2 1 2)              98.448
5569       (1 0 1 2 1 1 1)              98.448
5570       (1 0 3 1 2 1 1)              98.449
5571       (1 0 2 3 2 1 2)              98.449
5572       (1 0 3 1 2 1 2)              98.449
5573       (1 0 2 3 2 1 2)              98.450
5574       (1 0 2 3 2 1 2)              98.450
5575       (1 0 2 3 2 1 2)              98.450
5576       (1 0 2 3 2 1 2)              98.450
5577       (1 0 0 0 2 2 1)              98.451
5578       (1 0 1 2 1 1 1)              98.451
5579       (1 0 3 1 2 1 2)              98.451
5580       (1 0 2 3 2 1 1)              98.452
5581       (1 0 1 2 1 1 1)              98.452
5582       (1 0 0 0 2 2 1)              98.452
5583       (1 0 2 3 2 1 2)              98.452
5584       (1 0 1 2 1 1 1)              98.453
5585       (1 0 2 3 2 1 2)              98.453
5586       (1 0 2 3 2 1 2)              98.453
5587       (1 0 2 3 2 1 2)              98.453
5588       (1 0 1 2 1 1 1)              98.454
5589       (1 0 1 2 1 1 1)              98.454
5590       (1 0 2 3 2 1 2)              98.454
5591       (1 0 3 1 2 1 2)              98.452
5592       (1 0 2 3 1 1 1)              98.452
5593       (1 0 3 1 1 1 1)              98.447
5594       (1 0 2 3 2 1 2)              98.448
5595       (1 0 3 1 2 2 1)              98.443
5596       (1 0 3 1 2 1 2)              98.443
5597       (1 0 2 3 1 1 1)              98.438
5598       (1 0 3 1 2 1 1)              98.439
5599       (1 0 3 1 2 1 2)              98.439
5600       (1 0 3 1 2 1 2)              98.437
5601       (1 0 1 2 1 1 1)              98.437
5602       (1 0 2 3 2 1 2)              98.437
5603       (1 0 1 2 1 1 1)              98.437
5604       (1 0 0 0 1 2 0)              98.438
5605       (1 0 3 1 1 1 1)              98.438
5606       (1 0 2 3 1 1 1)              98.438
5607       (1 0 3 1 2 1 1)              98.439
5608       (1 0 2 3 2 1 2)              98.439
5609       (1 0 1 2 1 2 1)              98.437
5610       (1 0 2 3 2 1 2)              98.437
5611       (1 0 1 2 1 1 1)              98.437
5612       (1 0 2 3 1 1 1)              98.437
5613       (1 0 3 1 2 1 2)              98.438
5614       (1 0 2 3 2 1 2)              98.438
5615       (1 0 2 3 2 1 2)              98.438
5616       (1 0 2 3 2 1 2)              98.438
5617       (1 0 2 3 2 1 2)              98.439
5618       (1 0 2 3 2 1 2)              98.439
5619       (1 0 2 3 2 1 2)              98.439
5620       (1 0 2 3 2 1 2)              98.440
5621       (1 0 2 3 2 1 2)              98.440
5622       (1 0 2 3 2 1 2)              98.440
5623       (1 0 1 2 1 1 1)              98.440
5624       (1 0 1 2 1 1 1)              98.441
5625       (1 0 3 1 1 2 1)              98.441
5626       (1 0 3 1 2 1 2)              98.441
5627       (1 0 3 1 2 1 2)              98.442
5628       (1 0 1 2 1 1 1)              98.442
5629       (1 0 1 2 0 0 1)              98.442
5630       (1 0 3 1 2 1 2)              98.442
5631       (1 0 2 3 2 1 2)              98.443
5632       (1 0 3 1 2 1 2)              98.443
5633       (1 0 2 3 2 1 2)              98.443
5634       (1 0 1 2 1 1 1)              98.444
5635       (1 0 1 2 1 2 0)              98.444
5636       (1 0 2 3 2 1 2)              98.444
5637       (1 0 1 2 1 1 1)              98.444
5638       (1 0 1 2 1 1 1)              98.445
5639       (1 0 1 2 1 1 1)              98.445
5640       (1 0 0 0 1 2 0)              98.445
5641       (1 0 3 1 2 1 2)              98.445
5642       (1 0 2 3 2 2 1)              98.446
5643       (1 0 3 1 2 1 1)              98.446
5644       (1 0 2 3 2 1 1)              98.446
5645       (1 0 3 1 2 1 2)              98.447
5646       (1 0 1 2 0 0 1)              98.447
5647       (1 0 1 2 1 1 1)              98.447
5648       (1 0 2 3 1 0 1)              98.445
5649       (1 0 3 1 2 1 2)              98.445
5650       (1 0 3 1 2 1 2)              98.445
5651       (1 0 2 3 2 1 2)              98.446
5652       (1 0 2 3 2 1 2)              98.446
5653       (1 0 2 3 2 1 2)              98.446
5654       (1 0 2 3 2 1 2)              98.446
5655       (1 0 1 2 1 2 0)              98.447
5656       (1 0 1 2 1 1 1)              98.447
5657       (1 0 2 3 2 1 2)              98.447
5658       (1 0 3 1 2 1 2)              98.448
5659       (1 0 0 0 1 2 0)              98.448
5660       (1 0 2 3 2 1 2)              98.448
5661       (1 0 2 3 1 2 1)              98.448
5662       (1 0 2 3 2 1 2)              98.449
5663       (1 0 2 3 2 1 1)              98.449
5664       (1 0 2 3 1 2 1)              98.449
5665       (1 0 3 1 2 1 2)              98.450
5666       (1 0 3 1 2 1 2)              98.450
5667       (1 0 2 3 1 2 1)              98.450
5668       (1 0 2 3 2 1 2)              98.450
5669       (1 0 1 2 1 1 1)              98.451
5670       (1 0 2 3 1 2 1)              98.451
5671       (1 0 3 1 1 1 1)              98.446
5672       (1 0 3 1 2 1 2)              98.444
5673       (1 0 2 3 2 1 2)              98.444
5674       (1 0 2 3 1 1 1)              98.439
5675       (1 0 2 3 2 1 2)              98.440
5676       (1 0 1 2 1 2 1)              98.437
5677       (1 0 2 3 2 1 2)              98.438
5678       (1 0 1 2 1 1 1)              98.438
5679       (1 0 2 3 2 1 2)              98.438
5680       (1 0 1 2 1 2 1)              98.438
5681       (1 0 3 1 2 1 2)              98.439
5682       (1 0 1 2 1 1 1)              98.439
5683       (1 0 2 3 1 1 1)              98.439
5684       (1 0 3 1 2 1 2)              98.440
5685       (1 0 1 2 1 1 1)              98.440
5686       (1 0 1 2 1 1 1)              98.440
5687       (1 0 2 3 2 1 1)              98.438
5688       (1 0 3 1 2 1 1)              98.438
5689       (1 0 1 2 1 1 1)              98.438
5690       (1 0 2 3 1 0 2)              98.434
5691       (1 0 2 3 1 1 1)              98.434
5692       (1 0 2 3 2 1 2)              98.434
5693       (1 0 2 3 2 1 1)              98.435
5694       (1 0 2 3 2 1 2)              98.435
5695       (1 0 2 3 2 1 2)              98.435
5696       (1 0 2 3 2 1 2)              98.435
5697       (1 0 3 1 2 1 1)              98.433
5698       (1 0 2 3 2 1 2)              98.433
5699       (1 0 2 3 2 1 2)              98.434
5700       (1 0 3 1 1 1 1)              98.434
5701       (1 0 3 1 2 1 2)              98.434
5702       (1 0 3 1 1 1 1)              98.434
5703       (1 0 2 3 2 1 2)              98.435
5704       (1 0 1 2 1 1 1)              98.435
5705       (1 0 1 2 1 1 1)              98.435
5706       (1 0 2 3 2 1 2)              98.436
5707       (1 0 3 1 2 1 2)              98.433
5708       (1 0 2 3 2 1 2)              98.434
5709       (1 0 2 3 2 1 2)              98.434
5710       (1 0 2 3 2 1 1)              98.434
5711       (1 0 3 1 2 1 2)              98.434
5712       (1 0 2 3 1 2 1)              98.435
5713       (1 0 3 1 2 1 2)              98.435
5714       (1 0 1 2 1 1 1)              98.435
5715       (1 0 3 1 2 1 2)              98.436
5716       (1 0 1 2 1 1 1)              98.436
5717       (1 0 3 1 2 1 2)              98.436
5718       (1 0 1 2 1 1 1)              98.436
5719       (1 0 3 1 2 1 2)              98.434
5720       (1 0 2 3 2 1 2)              98.434
5721       (1 0 3 1 2 1 1)              98.435
5722       (1 0 2 3 2 1 2)              98.435
5723       (1 0 3 1 2 1 2)              98.435
5724       (1 0 2 3 2 1 1)              98.436
5725       (1 0 2 3 1 2 1)              98.436
5726       (1 0 3 1 2 1 2)              98.436
5727       (1 0 2 3 2 1 2)              98.436
5728       (1 0 3 1 1 1 1)              98.437
5729       (1 0 2 3 2 1 2)              98.437
5730       (1 0 2 3 1 2 0)              98.437
5731       (1 0 2 3 2 1 2)              98.437
5732       (1 0 1 2 1 1 1)              98.438
5733       (1 0 2 3 2 1 2)              98.438
5734       (1 0 2 3 1 2 1)              98.438
5735       (1 0 2 3 1 2 1)              98.439
5736       (1 0 2 3 2 1 2)              98.439
5737       (1 0 2 3 2 1 2)              98.439
5738       (1 0 2 3 1 2 1)              98.439
5739       (1 0 2 3 2 1 2)              98.440
5740       (1 0 3 1 2 1 2)              98.440
5741       (1 0 3 1 1 1 1)              98.440
5742       (1 0 0 0 1 2 1)              98.438
5743       (1 0 3 1 2 1 2)              98.438
5744       (1 0 2 3 1 2 1)              98.438
5745       (1 0 1 2 1 1 1)              98.439
5746       (1 0 2 3 1 1 1)              98.434
5747       (1 0 2 3 2 1 2)              98.434
5748       (1 0 2 3 1 2 1)              98.435
5749       (1 0 1 2 1 1 1)              98.435
5750       (1 0 3 1 2 1 2)              98.435
5751       (1 0 2 3 1 1 1)              98.435
5752       (1 0 2 3 2 1 2)              98.436
5753       (1 0 2 3 2 1 2)              98.436
5754       (1 0 2 3 2 1 2)              98.436
5755       (1 0 1 2 1 2 1)              98.436
5756       (1 0 2 3 2 1 2)              98.437
5757       (1 0 2 3 2 1 2)              98.437
5758       (1 0 2 3 1 2 1)              98.437
5759       (1 0 2 3 2 1 2)              98.438
5760       (1 0 2 3 2 1 2)              98.438
5761       (1 0 2 3 1 2 1)              98.438
5762       (1 0 2 3 2 1 2)              98.438
5763       (1 0 2 3 2 1 2)              98.439
5764       (1 0 3 1 2 1 2)              98.439
5765       (1 0 1 2 1 1 1)              98.439
5766       (1 0 1 2 1 1 1)              98.439
5767       (1 0 0 0 1 0 1)              98.440
5768       (1 0 2 3 1 2 1)              98.440
5769       (1 0 2 3 2 1 2)              98.440
5770       (1 0 2 3 2 1 2)              98.441
5771       (1 0 2 3 2 1 1)              98.438
5772       (1 0 2 3 2 1 2)              98.439
5773       (1 0 2 3 2 1 2)              98.439
5774       (1 0 2 3 2 1 2)              98.439
5775       (1 0 2 3 2 1 2)              98.439
5776       (1 0 3 1 2 1 2)              98.440
5777       (1 0 2 3 2 1 2)              98.440
5778       (1 0 2 3 2 1 2)              98.440
5779       (1 0 3 1 2 1 2)              98.441
5780       (1 0 3 1 2 1 1)              98.438
5781       (1 0 2 3 2 1 2)              98.439
5782       (1 0 3 1 2 1 2)              98.439
5783       (1 0 3 1 2 1 2)              98.439
5784       (1 0 2 3 2 1 2)              98.439
5785       (1 0 2 3 2 1 2)              98.440
5786       (1 0 3 1 2 1 2)              98.440
5787       (1 0 2 3 2 1 2)              98.440
5788       (1 0 0 0 1 2 1)              98.438
5789       (1 0 1 2 0 0 1)              98.438
5790       (1 0 3 1 2 1 2)              98.439
5791       (1 0 1 2 1 1 1)              98.439
5792       (1 0 2 3 2 1 2)              98.439
5793       (1 0 1 2 1 1 1)              98.439
5794       (1 0 2 3 2 1 2)              98.440
5795       (1 0 2 3 2 1 2)              98.440
5796       (1 0 2 3 2 1 1)              98.440
5797       (1 0 2 3 1 1 1)              98.440
5798       (1 0 1 2 1 1 1)              98.441
5799       (1 0 2 3 1 2 1)              98.441
5800       (1 0 2 3 2 1 2)              98.441
5801       (1 0 3 1 2 1 2)              98.442
5802       (1 0 2 3 1 1 1)              98.442
5803       (1 0 1 2 1 1 1)              98.442
5804       (1 0 2 3 2 1 2)              98.442
5805       (1 0 2 3 2 1 2)              98.443
5806       (1 0 2 3 2 2 1)              98.443
5807       (1 0 2 3 2 1 2)              98.443
5808       (1 0 3 1 2 1 2)              98.443
5809       (1 0 2 3 2 1 2)              98.444
5810       (1 0 2 3 2 1 2)              98.439
5811       (1 0 3 1 2 1 2)              98.437
5812       (1 0 2 3 2 1 1)              98.435
5813       (1 0 1 2 1 1 1)              98.435
5814       (1 0 2 3 2 1 2)              98.435
5815       (1 0 2 3 1 1 1)              98.435
5816       (1 0 2 3 2 1 2)              98.436
5817       (1 0 2 3 2 1 2)              98.436
5818       (1 0 2 3 2 1 2)              98.436
5819       (1 0 3 1 2 1 2)              98.436
5820       (1 0 3 1 2 1 2)              98.437
5821       (1 0 2 3 2 1 2)              98.437
5822       (1 0 2 3 1 2 1)              98.437
5823       (1 0 2 3 1 1 1)              98.433
5824       (1 0 1 2 1 1 1)              98.433
5825       (1 0 2 3 1 2 1)              98.433
5826       (1 0 2 3 2 1 2)              98.433
5827       (1 0 3 1 2 1 1)              98.434
5828       (1 0 1 2 1 2 1)              98.434
5829       (1 0 2 3 2 1 2)              98.434
5830       (1 0 2 3 1 1 1)              98.435
5831       (1 0 1 2 1 1 1)              98.435
5832       (1 0 3 1 2 1 2)              98.435
5833       (1 0 2 3 1 1 1)              98.433
5834       (1 0 1 2 1 1 1)              98.433
5835       (1 0 3 1 2 1 2)              98.433
5836       (1 0 1 2 1 1 1)              98.434
5837       (1 0 1 2 1 1 1)              98.434
5838       (1 0 3 1 2 1 2)              98.434
5839       (1 0 2 3 2 1 2)              98.435
5840       (1 0 2 3 2 1 2)              98.435
5841       (1 0 2 3 2 1 2)              98.435
5842       (1 0 2 3 2 1 2)              98.435
5843       (1 0 1 2 1 1 1)              98.436
5844       (1 0 1 2 1 2 1)              98.436
5845       (1 0 1 2 1 1 1)              98.436
5846       (1 0 2 3 2 1 2)              98.436
5847       (1 0 2 3 2 1 2)              98.437
5848       (1 0 2 3 2 1 1)              98.437
5850       (1 0 3 1 2 1 2)              98.437
5851       (1 0 3 1 2 1 2)              98.437
5852       (1 0 2 3 2 1 2)              98.438
5853       (1 0 3 1 2 1 2)              98.436
5854       (1 0 2 3 2 1 2)              98.436
5855       (1 0 2 3 2 1 2)              98.436
5856       (1 0 3 1 2 1 2)              98.436
5857       (1 0 2 3 2 1 1)              98.437
5858       (1 0 2 3 1 2 1)              98.437
5859       (1 0 2 3 2 1 2)              98.437
5860       (1 0 2 3 1 2 1)              98.437
5861       (1 0 2 3 2 1 2)              98.438
5862       (1 0 3 1 2 1 2)              98.438
5863       (1 0 2 3 1 1 1)              98.438
5864       (1 0 1 2 1 1 1)              98.438
5865       (1 0 0 0 2 2 1)              98.439
5866       (1 0 1 2 1 1 1)              98.439
5867       (1 0 3 1 2 1 2)              98.437
5868       (1 0 1 2 1 2 1)              98.437
5869       (1 0 2 3 2 1 2)              98.437
5870       (1 0 2 3 2 1 2)              98.438
5871       (1 0 1 2 1 1 1)              98.438
5872       (1 0 2 3 2 1 1)              98.438
5873       (1 0 3 1 2 1 2)              98.438
5874       (1 0 2 3 2 1 2)              98.439
5875       (1 0 2 3 2 1 1)              98.437
5876       (1 0 2 3 2 1 2)              98.437
5877       (1 0 3 1 2 1 2)              98.437
5878       (1 0 2 3 2 1 2)              98.437
5879       (1 0 3 1 2 1 2)              98.438
5880       (1 0 2 3 2 1 2)              98.438
5881       (1 0 2 3 2 1 2)              98.438
5882       (1 0 2 3 2 1 2)              98.438
5883       (1 0 1 2 1 1 1)              98.439
5884       (1 0 3 1 2 1 2)              98.439
5885       (1 0 2 3 2 1 2)              98.439
5886       (1 0 2 3 2 1 2)              98.439
5887       (1 0 3 1 2 1 2)              98.440
5888       (1 0 3 1 1 1 1)              98.440
5889       (1 0 2 3 2 1 2)              98.440
5890       (1 0 3 1 2 1 2)              98.438
5891       (1 0 2 3 2 1 2)              98.438
5892       (1 0 2 3 2 1 2)              98.439
5893       (1 0 2 3 2 1 2)              98.439
5894       (1 0 2 3 2 1 2)              98.439
5895       (1 0 3 1 2 1 2)              98.439
5896       (1 0 2 3 1 1 1)              98.440
5897       (1 0 3 1 2 1 2)              98.440
5898       (1 0 3 1 2 1 2)              98.440
5899       (1 0 2 3 2 1 2)              98.440
5900       (1 0 2 3 2 1 2)              98.441
5901       (1 0 1 2 1 1 1)              98.441
5902       (1 0 1 2 1 1 1)              98.441
5903       (1 0 2 3 1 2 1)              98.442
5904       (1 0 3 1 2 1 2)              98.442
5905       (1 0 2 3 1 2 1)              98.442
5906       (1 0 1 2 1 1 1)              98.442
5907       (1 0 1 2 1 1 1)              98.443
5908       (1 0 0 0 2 2 1)              98.443
5909       (1 0 3 1 2 1 1)              98.443
5910       (1 0 2 3 2 1 2)              98.443
5911       (1 0 3 1 2 1 2)              98.444
5912       (1 0 2 3 2 1 2)              98.444
5913       (1 0 1 2 1 1 1)              98.444
5914       (1 0 2 3 2 1 2)              98.444
5915       (1 0 2 3 2 1 2)              98.445
5916       (1 0 2 3 2 1 1)              98.445
5917       (1 0 2 3 2 1 2)              98.445
5918       (1 0 1 2 1 1 1)              98.446
5919       (1 0 2 3 2 1 2)              98.446
5920       (1 0 2 3 2 1 2)              98.446
5921       (1 0 2 3 1 2 1)              98.446
5922       (1 0 1 2 1 1 1)              98.447
5923       (1 0 1 2 1 2 1)              98.447
5924       (1 0 3 1 2 1 2)              98.445
5925       (1 0 3 1 2 1 2)              98.445
5926       (1 0 1 2 1 1 1)              98.445
5927       (1 0 1 2 1 1 1)              98.445
5928       (1 0 1 2 1 1 1)              98.446
5929       (1 0 2 3 1 1 1)              98.446
5930       (1 0 2 3 2 1 2)              98.446
5931       (1 0 2 3 1 2 1)              98.447
5932       (1 0 2 3 1 2 1)              98.447
5933       (1 0 1 2 1 2 1)              98.447
5934       (1 0 3 1 2 1 2)              98.447
5935       (1 0 2 3 2 1 2)              98.448
5936       (1 0 2 3 2 1 2)              98.448
5937       (1 0 2 3 2 1 2)              98.448
5938       (1 0 2 3 2 1 2)              98.448
5939       (1 0 0 0 2 2 1)              98.449
5940       (1 0 2 3 1 2 1)              98.449
5941       (1 0 2 3 1 2 1)              98.449
5942       (1 0 3 1 2 1 2)              98.447
5943       (1 0 1 2 1 1 1)              98.447
5944       (1 0 2 3 2 1 2)              98.448
5945       (1 0 3 1 2 1 2)              98.448
5946       (1 0 0 0 2 2 1)              98.448
5947       (1 0 2 3 2 1 1)              98.448
5948       (1 0 2 3 1 2 1)              98.449
5949       (1 0 3 1 2 1 2)              98.449
5950       (1 0 1 2 1 1 1)              98.449
5951       (1 0 1 2 1 2 0)              98.449
5952       (1 0 1 2 1 1 1)              98.450
5953       (1 0 2 3 2 1 2)              98.450
5954       (1 0 1 2 1 2 0)              98.450
5955       (1 0 2 3 1 1 1)              98.450
5956       (1 0 2 3 2 1 2)              98.451
5957       (1 0 1 2 1 1 1)              98.451
5958       (1 0 2 3 2 1 2)              98.451
5959       (1 0 3 1 2 1 2)              98.451
5960       (1 0 1 2 1 1 1)              98.452
5961       (1 0 1 2 1 1 1)              98.452
5962       (1 0 2 3 2 1 2)              98.452
5963       (1 0 2 3 1 2 1)              98.452
5964       (1 0 2 3 1 0 1)              98.453
5965       (1 0 1 2 1 1 1)              98.451
5966       (1 0 3 1 2 1 2)              98.451
5967       (1 0 3 1 2 1 2)              98.451
5968       (1 0 1 2 1 1 1)              98.451
5969       (1 0 3 1 2 1 2)              98.452
5970       (1 0 2 3 2 1 2)              98.452
5971       (1 0 1 2 1 1 1)              98.452
5972       (1 0 2 3 2 1 2)              98.452
5973       (1 0 3 1 1 2 1)              98.453
5974       (1 0 2 3 2 1 2)              98.453
5975       (1 0 1 2 1 1 1)              98.453
5976       (1 0 1 2 1 2 1)              98.453
5977       (1 0 3 1 1 1 1)              98.454
5978       (1 0 2 3 2 1 2)              98.454
5979       (1 0 3 0 1 0 1)              98.452
5980       (1 0 2 3 2 1 1)              98.452
5981       (1 0 2 3 2 1 2)              98.452
5982       (1 0 2 3 1 2 1)              98.453
5983       (1 0 2 3 1 1 1)              98.453
5984       (1 0 1 2 1 1 1)              98.453
5985       (1 0 2 3 2 1 2)              98.453
5986       (1 0 2 3 2 1 2)              98.454
5987       (1 0 2 3 2 1 2)              98.454
5988       (1 0 1 2 1 1 1)              98.454
5989       (1 0 1 2 1 1 1)              98.454
5990       (1 0 3 1 2 1 2)              98.455
5991       (1 0 2 3 2 1 2)              98.455
5992       (1 0 2 3 2 1 2)              98.455
5993       (1 0 1 2 1 1 1)              98.455
5994       (1 0 2 3 1 2 1)              98.456
5995       (1 0 2 3 2 1 1)              98.454
5996       (1 0 2 3 2 1 2)              98.454
5997       (1 0 2 3 2 1 2)              98.454
5998       (1 0 1 2 1 1 1)              98.454
5999       (1 0 1 2 1 1 1)              98.455
6000       (1 0 1 2 1 1 1)              98.455
6001       (1 0 2 3 2 1 2)              98.455
6002       (1 0 3 1 2 1 1)              98.455
6003       (1 0 2 3 2 1 2)              98.456
6004       (1 0 2 3 2 1 2)              98.456
6005       (1 0 2 3 2 1 1)              98.456
6006       (1 0 2 3 1 2 1)              98.456
6007       (1 0 1 2 1 2 1)              98.454
6008       (1 0 2 3 2 1 2)              98.455
6009       (1 0 2 3 2 1 2)              98.455
6010       (1 0 2 3 2 1 2)              98.455
6011       (1 0 1 2 1 1 1)              98.455
6012       (1 0 2 3 2 1 1)              98.456
6013       (1 0 2 3 1 1 1)              98.456
6014       (1 0 2 3 1 1 1)              98.456
6015       (1 0 2 3 2 1 1)              98.456
6016       (1 0 1 2 2 2 1)              98.457
6017       (1 0 1 2 1 1 1)              98.457
6018       (1 0 3 1 2 1 2)              98.457
6019       (1 0 1 2 1 1 1)              98.457
6020       (1 0 1 2 1 1 1)              98.458
6021       (1 0 3 1 2 1 1)              98.456
6022       (1 0 2 3 2 1 1)              98.456
6023       (1 0 2 3 1 1 1)              98.451
6024       (1 0 0 0 1 2 0)              98.452
6025       (1 0 2 3 2 1 2)              98.452
6026       (1 0 1 2 1 2 1)              98.450
6027       (1 0 1 2 1 1 1)              98.450
6028       (1 0 2 3 1 2 1)              98.450
6029       (1 0 3 1 1 1 1)              98.446
6030       (1 0 2 3 1 2 1)              98.446
6031       (1 0 2 3 2 1 2)              98.446
6032       (1 0 2 3 2 1 2)              98.446
6033       (1 0 2 3 2 1 2)              98.447
6034       (1 0 2 3 2 1 2)              98.447
6035       (1 0 1 2 1 1 1)              98.447
6036       (1 0 3 1 2 1 2)              98.448
6037       (1 0 3 1 2 1 2)              98.448
6038       (1 0 3 1 2 1 2)              98.448
6039       (1 0 2 3 1 1 1)              98.448
6040       (1 0 2 3 1 1 1)              98.446
6041       (1 0 3 1 2 1 2)              98.444
6042       (1 0 3 1 2 1 2)              98.444
6043       (1 0 3 1 1 2 1)              98.445
6044       (1 0 2 3 2 1 2)              98.445
6045       (1 0 1 2 1 1 1)              98.445
6046       (1 0 1 2 1 1 1)              98.445
6047       (1 0 2 3 2 1 2)              98.446
6048       (1 0 1 2 1 1 1)              98.446
6049       (1 0 3 1 2 1 2)              98.446
6050       (1 0 2 3 1 1 1)              98.446
6051       (1 0 1 2 1 1 1)              98.447
6052       (1 0 2 3 1 2 1)              98.447
6053       (1 0 2 3 2 1 2)              98.447
6054       (1 0 3 1 2 1 2)              98.447
6055       (1 0 2 3 2 1 1)              98.448
6056       (1 0 2 3 2 1 2)              98.448
6057       (1 0 3 1 2 1 2)              98.448
6058       (1 0 2 3 1 2 1)              98.448
6059       (1 0 3 1 2 1 2)              98.449
6060       (1 0 2 3 2 1 2)              98.449
6061       (1 0 1 2 1 1 1)              98.449
6062       (1 0 1 2 1 1 1)              98.449
6063       (1 0 1 2 1 1 1)              98.450
6064       (1 0 2 3 2 1 2)              98.450
6065       (1 0 2 3 2 1 1)              98.448
6066       (1 0 2 3 2 1 2)              98.448
6067       (1 0 2 3 2 1 2)              98.448
6068       (1 0 0 0 1 2 0)              98.449
6069       (1 0 3 1 2 1 2)              98.449
6070       (1 0 3 1 2 1 2)              98.449
6071       (1 0 3 1 2 1 2)              98.449
6072       (1 0 2 3 2 1 2)              98.450
6073       (1 0 1 2 1 1 1)              98.450
6074       (1 0 2 3 2 1 2)              98.450
6075       (1 0 2 3 2 1 2)              98.450
6076       (1 0 1 2 1 1 1)              98.451
6077       (1 0 3 1 2 1 2)              98.451
6078       (1 0 3 1 2 1 2)              98.451
6079       (1 0 3 1 2 1 2)              98.451
6080       (1 0 3 1 2 1 2)              98.452
6081       (1 0 2 3 2 1 2)              98.452
6082       (1 0 1 2 1 1 1)              98.452
6083       (1 0 2 3 2 1 2)              98.452
6084       (1 0 3 1 2 1 2)              98.453
6085       (1 0 2 3 2 1 1)              98.453
6086       (1 0 3 1 2 1 2)              98.451
6087       (1 0 2 3 2 1 2)              98.451
6088       (1 0 3 1 2 1 2)              98.449
6089       (1 0 2 3 2 1 2)              98.449
6090       (1 0 2 3 2 1 2)              98.450
6091       (1 0 2 3 2 1 2)              98.450
6092       (1 0 2 3 2 1 2)              98.450
6093       (1 0 1 2 1 2 1)              98.450
6094       (1 0 2 3 2 1 2)              98.451
6095       (1 0 3 1 2 1 2)              98.451
6096       (1 0 2 3 2 1 2)              98.451
6097       (1 0 2 3 2 1 2)              98.451
6098       (1 0 2 3 2 1 2)              98.452
6099       (1 0 3 1 2 1 2)              98.452
6100       (1 0 3 1 2 1 2)              98.452
6101       (1 0 2 3 2 1 2)              98.452
6102       (1 0 0 0 1 0 1)              98.453
6103       (1 0 0 0 2 2 1)              98.453
6104       (1 0 3 1 2 1 2)              98.453
6105       (1 0 1 2 1 1 1)              98.453
6106       (1 0 1 2 1 1 1)              98.454
6107       (1 0 2 3 2 1 2)              98.454
6108       (1 0 3 1 2 1 1)              98.454
6109       (1 0 2 3 2 1 2)              98.454
6110       (1 0 2 3 1 2 1)              98.455
6111       (1 0 3 1 2 1 2)              98.455
6112       (1 0 3 1 2 1 2)              98.455
6113       (1 0 2 3 2 1 1)              98.455
6114       (1 0 1 2 0 0 1)              98.456
6115       (1 0 2 3 2 1 2)              98.456
6116       (1 0 1 2 1 1 1)              98.456
6117       (1 0 3 1 2 1 2)              98.456
6118       (1 0 1 2 1 1 1)              98.457
6119       (1 0 2 3 2 1 2)              98.455
6120       (1 0 3 1 2 1 2)              98.455
6121       (1 0 2 3 2 1 2)              98.455
6122       (1 0 3 1 1 1 1)              98.455
6123       (1 0 1 2 1 1 1)              98.456
6124       (1 0 3 1 2 1 2)              98.456
6125       (1 0 2 3 1 2 1)              98.456
6126       (1 0 2 3 2 1 2)              98.456
6127       (1 0 3 1 2 1 2)              98.457
6128       (1 0 2 3 2 1 2)              98.457
6129       (1 0 2 3 1 1 1)              98.457
6130       (1 0 1 2 1 2 1)              98.457
6131       (1 0 3 1 2 1 2)              98.458
6132       (1 0 1 2 1 1 1)              98.458
6133       (1 0 3 1 2 1 2)              98.456
6134       (1 0 2 3 2 1 2)              98.456
6135       (1 0 2 3 2 1 2)              98.456
6136       (1 0 2 3 2 1 2)              98.457
6137       (1 0 3 1 2 1 2)              98.457
6138       (1 0 2 3 2 1 2)              98.452
6139       (1 0 2 3 2 1 2)              98.453
6140       (1 0 2 3 2 1 2)              98.453
6141       (1 0 2 3 2 1 2)              98.453
6142       (1 0 2 3 2 1 2)              98.453
6143       (1 0 2 3 2 1 1)              98.454
6144       (1 0 2 3 0 0 0)              98.454
6145       (1 0 2 3 2 1 2)              98.454
6146       (1 0 2 3 1 1 1)              98.454
6147       (1 0 2 3 2 1 2)              98.455
6148       (1 0 2 3 2 1 1)              98.455
6149       (1 0 3 1 1 1 1)              98.455
6150       (1 0 2 3 2 1 2)              98.455
6151       (1 0 2 3 2 1 2)              98.456
6152       (1 0 3 1 1 1 1)              98.456
6153       (1 0 2 3 1 2 1)              98.456
6154       (1 0 3 1 2 1 2)              98.456
6155       (1 0 2 3 2 1 2)              98.457
6156       (1 0 1 2 2 2 1)              98.457
6157       (1 0 2 3 1 2 1)              98.457
6158       (1 0 3 1 2 1 2)              98.457
6159       (1 0 2 3 2 1 2)              98.458
6160       (1 0 3 1 2 1 2)              98.458
6161       (1 0 0 0 2 2 1)              98.458
6162       (1 0 2 3 2 1 1)              98.458
6163       (1 0 2 3 2 1 2)              98.459
6164       (1 0 2 3 2 1 2)              98.459
6165       (1 0 3 1 2 1 2)              98.459
6166       (1 0 2 3 2 1 1)              98.459
6167       (1 0 3 1 2 1 2)              98.460
6168       (1 0 2 3 2 1 2)              98.460
6169       (1 0 1 2 1 1 1)              98.460
6170       (1 0 3 1 2 1 2)              98.458
6171       (1 0 2 3 2 1 2)              98.458
6172       (1 0 1 2 1 1 1)              98.459
6173       (1 0 3 1 2 1 2)              98.457
6174       (1 0 2 3 2 1 2)              98.457
6175       (1 0 2 3 2 1 2)              98.457
6176       (1 0 1 2 1 1 1)              98.457
6177       (1 0 2 3 2 1 1)              98.458
6178       (1 0 3 1 2 1 2)              98.455
6179       (1 0 1 2 1 2 1)              98.456
6180       (1 0 2 3 2 1 2)              98.456
6181       (1 0 2 3 2 1 2)              98.456
6182       (1 0 2 3 1 2 1)              98.456
6183       (1 0 2 3 2 1 2)              98.457
6184       (1 0 3 1 2 1 2)              98.455
6185       (1 0 2 3 2 1 2)              98.455
6186       (1 0 3 1 2 1 1)              98.455
6187       (1 0 2 3 2 1 1)              98.455
6188       (1 0 0 0 2 2 1)              98.456
6189       (1 0 2 3 2 1 2)              98.456
6190       (1 0 3 1 1 2 1)              98.456
6191       (1 0 3 1 2 1 2)              98.456
6192       (1 0 2 3 2 1 2)              98.457
6193       (1 0 1 2 1 1 1)              98.457
6194       (1 0 1 2 1 1 1)              98.457
6195       (1 0 1 2 1 1 1)              98.457
6196       (1 0 3 1 2 1 2)              98.455
6197       (1 0 2 3 2 1 2)              98.456
6198       (1 0 2 3 2 1 2)              98.456
6199       (1 0 2 3 2 1 2)              98.454
6200       (1 0 1 2 1 1 1)              98.454
6201       (1 0 2 3 2 1 2)              98.454
6202       (1 0 2 3 2 1 2)              98.455
6203       (1 0 2 3 2 1 2)              98.455
6204       (1 0 1 2 1 1 1)              98.455
6205       (1 0 3 1 2 1 2)              98.455
6206       (1 0 3 1 2 1 1)              98.456
6207       (1 0 2 3 2 1 2)              98.456
6208       (1 0 2 3 2 1 2)              98.456
6209       (1 0 3 1 1 2 1)              98.456
6210       (1 0 3 1 2 1 2)              98.457
6211       (1 0 2 3 2 1 2)              98.457
6212       (1 0 1 2 1 2 1)              98.457
6213       (1 0 2 3 2 1 2)              98.457
6214       (1 0 3 1 2 1 2)              98.458
6215       (1 0 2 3 2 1 2)              98.458
6216       (1 0 1 2 1 1 1)              98.458
6217       (1 0 1 2 0 0 1)              98.458
6218       (1 0 2 3 2 1 2)              98.459
6219       (1 0 3 1 2 1 1)              98.459
6220       (1 0 3 1 2 1 2)              98.459
6221       (1 0 2 3 1 2 1)              98.459
6222       (1 0 2 3 2 1 2)              98.460
6223       (1 0 0 0 2 2 1)              98.460
6224       (1 0 2 3 2 1 2)              98.460
6225       (1 0 0 0 2 2 1)              98.460
6226       (1 0 3 1 2 1 2)              98.461
6227       (1 0 2 3 2 1 1)              98.461
6228       (1 0 2 3 1 1 1)              98.461
6229       (1 0 1 2 1 1 1)              98.461
6230       (1 0 2 3 2 1 2)              98.462
6231       (1 0 2 3 2 1 2)              98.462
6232       (1 0 2 3 2 1 2)              98.462
6233       (1 0 2 3 2 1 2)              98.462
6234       (1 0 1 2 1 1 1)              98.462
6235       (1 0 2 3 2 1 2)              98.463
6236       (1 0 0 0 2 2 1)              98.463
6237       (1 0 1 2 1 1 1)              98.463
6238       (1 0 2 3 1 1 1)              98.463
6239       (1 0 1 2 1 1 1)              98.464
6240       (1 0 2 3 1 2 1)              98.464
6241       (1 0 2 3 2 1 1)              98.464
6242       (1 0 2 3 2 1 2)              98.464
6243       (1 0 1 2 1 1 1)              98.465
6244       (1 0 2 3 2 1 2)              98.465
6245       (1 0 3 1 2 1 1)              98.463
6246       (1 0 3 1 2 1 2)              98.463
6247       (1 0 1 2 1 1 1)              98.463
6248       (1 0 3 1 1 1 1)              98.464
6249       (1 0 2 3 2 1 2)              98.464
6250       (1 0 2 3 2 1 2)              98.464
6251       (1 0 3 1 2 1 1)              98.464
6252       (1 0 2 3 2 1 2)              98.465
6253       (1 0 2 3 2 1 2)              98.465
6254       (1 0 0 0 2 2 1)              98.465
6255       (1 0 3 1 2 1 2)              98.465
6256       (1 0 2 3 2 1 2)              98.466
6257       (1 0 2 3 1 2 1)              98.466
6258       (1 0 3 1 2 1 2)              98.466
6259       (1 0 2 3 2 1 2)              98.466
6260       (1 0 1 2 1 1 1)              98.467
6261       (1 0 1 2 1 1 1)              98.467
6262       (1 0 3 1 2 1 2)              98.467
6263       (1 0 3 1 2 1 2)              98.467
6264       (1 0 2 3 2 1 2)              98.468
6265       (1 0 1 2 1 1 1)              98.468
6266       (1 0 3 1 2 1 2)              98.468
6267       (1 0 2 3 1 2 1)              98.468
6268       (1 0 2 3 2 1 2)              98.469
6269       (1 0 1 2 1 1 1)              98.469
6270       (1 0 1 2 1 1 1)              98.469
6271       (1 0 3 1 2 1 2)              98.469
6272       (1 0 3 1 2 1 2)              98.470
6273       (1 0 3 1 1 1 1)              98.470
6274       (1 0 3 1 2 1 2)              98.470
6275       (1 0 1 2 1 1 1)              98.470
6276       (1 0 2 3 2 1 2)              98.471
6277       (1 0 2 3 2 1 2)              98.471
6278       (1 0 1 2 1 1 1)              98.471
6279       (1 0 2 3 2 1 2)              98.471
6280       (1 0 3 1 2 1 2)              98.472
6281       (1 0 2 3 1 2 1)              98.472
6282       (1 0 3 1 1 1 1)              98.472
6283       (1 0 2 3 2 1 2)              98.472
6284       (1 0 3 1 0 1 1)              98.472
6285       (1 0 2 3 2 1 2)              98.473
6286       (1 0 2 3 2 1 2)              98.473
6287       (1 0 2 3 2 1 2)              98.473
6288       (1 0 2 3 2 1 2)              98.473
6289       (1 0 2 3 2 1 1)              98.474
6290       (1 0 1 2 1 1 1)              98.474
6291       (1 0 2 3 2 1 2)              98.474
6292       (1 0 1 2 0 0 1)              98.474
6293       (1 0 3 1 2 1 2)              98.475
6294       (1 0 2 3 2 1 2)              98.475
6295       (1 0 3 1 2 1 2)              98.475
6296       (1 0 2 3 1 1 1)              98.475
6297       (1 0 1 2 1 1 1)              98.476
6298       (1 0 1 2 1 1 1)              98.476
6299       (1 0 3 1 2 1 2)              98.476
6300       (1 0 2 3 1 2 1)              98.476
6301       (1 0 3 1 2 1 1)              98.477
6302       (1 0 1 2 1 1 1)              98.477
6303       (1 0 2 3 1 2 1)              98.475
6304       (1 0 2 3 2 1 1)              98.475
6305       (1 0 2 3 2 1 1)              98.475
6306       (1 0 1 2 1 1 1)              98.476
6307       (1 0 2 3 2 1 1)              98.476
6308       (1 0 2 3 1 2 1)              98.476
6309       (1 0 2 3 2 1 2)              98.476
6310       (1 0 2 3 1 2 1)              98.477
6311       (1 0 2 3 1 1 1)              98.477
6312       (1 0 2 3 1 2 1)              98.477
6313       (1 0 2 3 2 1 2)              98.477
6314       (1 0 3 1 2 1 1)              98.475
6315       (1 0 1 2 1 1 1)              98.475
6316       (1 0 2 3 1 2 1)              98.476
6317       (1 0 2 3 2 1 1)              98.476
6318       (1 0 3 1 1 0 1)              98.472
6319       (1 0 2 3 2 1 2)              98.472
6320       (1 0 2 3 1 2 1)              98.472
6321       (1 0 3 1 2 1 2)              98.470
6322       (1 0 3 1 2 1 2)              98.468
6323       (1 0 2 3 2 1 2)              98.468
6324       (1 0 1 2 1 1 1)              98.469
6325       (1 0 2 3 2 1 2)              98.469
6326       (1 0 1 2 1 1 1)              98.469
6327       (1 0 2 3 2 1 2)              98.469
6328       (1 0 1 2 1 1 1)              98.470
6329       (1 0 2 3 1 1 0)              98.468
6330       (1 0 3 1 2 1 1)              98.468
6331       (1 0 2 3 2 1 2)              98.468
6332       (1 0 2 3 2 1 2)              98.468
6333       (1 0 1 2 1 1 1)              98.468
6334       (1 0 3 1 2 1 2)              98.469
6335       (1 0 2 3 2 1 2)              98.469
6336       (1 0 2 3 2 1 1)              98.467
6337       (1 0 2 3 1 1 1)              98.467
6338       (1 0 3 1 2 1 2)              98.465
6339       (1 0 2 3 1 1 1)              98.465
6340       (1 0 1 2 1 1 1)              98.466
6341       (1 0 1 2 1 1 1)              98.466
6342       (1 0 1 2 1 1 1)              98.466
6343       (1 0 3 1 2 1 2)              98.464
6344       (1 0 2 3 2 1 1)              98.464
6345       (1 0 2 3 2 1 2)              98.465
6346       (1 0 2 3 2 1 1)              98.465
6347       (1 0 0 0 1 2 0)              98.465
6348       (1 0 2 3 2 1 2)              98.465
6349       (1 0 2 3 2 1 2)              98.466
6350       (1 0 2 3 2 1 2)              98.466
6351       (1 0 2 3 2 1 2)              98.466
6352       (1 0 2 3 2 1 2)              98.466
6353       (1 0 1 2 1 2 1)              98.464
6354       (1 0 2 3 2 1 1)              98.465
6355       (1 0 3 1 2 1 2)              98.465
6356       (1 0 3 1 2 1 2)              98.465
6357       (1 0 2 3 2 1 2)              98.465
6358       (1 0 1 2 1 1 1)              98.466
6359       (1 0 3 1 1 1 1)              98.466
6360       (1 0 3 1 2 1 2)              98.466
6361       (1 0 3 1 2 1 1)              98.466
6362       (1 0 2 3 2 1 2)              98.466
6363       (1 0 2 3 2 1 2)              98.462
6364       (1 0 2 3 2 1 2)              98.460
6365       (1 0 2 3 1 1 1)              98.458
6366       (1 0 3 1 2 1 2)              98.458
6367       (1 0 2 3 2 1 2)              98.459
6368       (1 0 2 3 2 1 2)              98.459
6369       (1 0 3 1 2 1 2)              98.459
6370       (1 0 1 2 1 1 1)              98.459
6371       (1 0 2 1 0 2 1)              98.455
6372       (1 0 1 2 1 1 1)              98.455
6373       (1 0 3 1 2 1 2)              98.456
6374       (1 0 2 3 2 1 2)              98.456
6375       (1 0 2 3 2 1 2)              98.456
6376       (1 0 3 1 2 1 2)              98.456
6377       (1 0 2 3 2 1 2)              98.457
6378       (1 0 2 3 2 1 2)              98.457
6379       (1 0 2 3 2 1 2)              98.457
6380       (1 0 2 3 1 2 1)              98.457
6381       (1 0 1 2 1 1 1)              98.458
6382       (1 0 2 3 2 1 2)              98.458
6383       (1 0 1 2 1 2 1)              98.458
6384       (1 0 0 0 1 2 0)              98.458
6385       (1 0 3 1 2 1 2)              98.459
6386       (1 0 2 3 2 1 2)              98.459
6387       (1 0 1 2 1 1 1)              98.459
6388       (1 0 2 3 2 1 2)              98.459
6389       (1 0 1 2 1 1 1)              98.460
6390       (1 0 2 3 2 1 2)              98.460
6391       (1 0 3 1 2 1 2)              98.458
6392       (1 0 1 2 1 1 1)              98.458
6393       (1 0 3 1 2 1 2)              98.458
6394       (1 0 2 3 2 1 2)              98.459
6395       (1 0 2 3 2 1 2)              98.459
6396       (1 0 1 2 1 1 1)              98.459
6397       (1 0 1 2 0 0 1)              98.459
6398       (1 0 1 2 1 1 1)              98.459
6399       (1 0 3 1 2 1 2)              98.460
6400       (1 0 2 3 2 1 2)              98.460
6401       (1 0 2 3 2 1 2)              98.460
6402       (1 0 2 3 2 1 1)              98.460
6403       (1 0 3 1 2 1 2)              98.461
6404       (1 0 2 3 2 1 2)              98.461
6405       (1 0 2 3 2 1 2)              98.461
6406       (1 0 3 1 2 1 2)              98.459
6407       (1 0 2 3 2 1 2)              98.459
6408       (1 0 2 3 2 1 2)              98.460
6409       (1 0 2 3 2 1 2)              98.460
6410       (1 0 2 3 1 2 1)              98.460
6411       (1 0 3 1 2 1 2)              98.458
6412       (1 0 1 2 1 1 1)              98.458
6413       (1 0 0 0 1 2 0)              98.459
6414       (1 0 2 3 2 1 2)              98.459
6415       (1 0 2 3 2 1 2)              98.459
6416       (1 0 2 3 2 1 2)              98.459
6417       (1 0 2 3 2 1 2)              98.460
6418       (1 0 1 2 0 0 1)              98.460
6419       (1 0 2 3 2 1 2)              98.460
6420       (1 0 3 1 2 1 2)              98.460
6421       (1 0 3 1 1 1 1)              98.461
6422       (1 0 2 3 2 1 2)              98.461
6423       (1 0 3 1 2 1 2)              98.459
6424       (1 0 2 3 2 1 2)              98.459
6425       (1 0 3 1 2 1 1)              98.459
6426       (1 0 3 1 2 1 2)              98.460
6427       (1 0 2 3 1 1 1)              98.460
6428       (1 0 3 1 2 1 1)              98.458
6429       (1 0 2 3 2 1 2)              98.458
6430       (1 0 2 3 2 1 2)              98.458
6431       (1 0 0 0 1 2 0)              98.458
6432       (1 0 2 3 2 1 2)              98.459
6433       (1 0 3 1 2 1 2)              98.459
6434       (1 0 2 3 2 1 2)              98.459
6435       (1 0 2 3 1 2 1)              98.459
6436       (1 0 3 1 2 1 1)              98.460
6437       (1 0 3 1 2 1 1)              98.458
6438       (1 0 1 2 0 0 1)              98.458
6439       (1 0 1 2 1 1 1)              98.458
6440       (1 0 2 3 2 1 2)              98.458
6441       (1 0 2 3 2 1 2)              98.459
6442       (1 0 2 3 2 1 2)              98.459
6443       (1 0 3 1 2 1 2)              98.459
6444       (1 0 1 2 1 2 0)              98.459
6445       (1 0 2 3 2 1 2)              98.460
6446       (1 0 2 3 2 1 2)              98.460
6447       (1 0 2 3 2 1 2)              98.460
6448       (1 0 2 3 2 1 1)              98.460
6449       (1 0 1 0 0 2 0)              98.458
6450       (1 0 2 3 2 1 2)              98.459
6451       (1 0 3 1 0 1 1)              98.459
6452       (1 0 2 3 2 1 2)              98.459
6453       (1 0 1 2 1 1 1)              98.459
6454       (1 0 1 2 1 2 1)              98.460
6455       (1 0 1 2 1 1 1)              98.460
6456       (1 0 2 3 2 1 2)              98.460
6457       (1 0 3 1 2 1 2)              98.460
6458       (1 0 3 1 2 1 2)              98.461
6459       (1 0 2 3 2 1 2)              98.461
6460       (1 0 1 2 1 1 1)              98.461
6461       (1 0 2 3 2 1 2)              98.461
6462       (1 0 1 2 1 1 1)              98.461
6463       (1 0 3 1 2 1 2)              98.459
6464       (1 0 3 1 2 1 2)              98.460
6465       (1 0 2 3 2 1 2)              98.460
6466       (1 0 2 3 2 1 1)              98.460
6467       (1 0 3 1 2 1 2)              98.460
6468       (1 0 2 3 2 1 2)              98.461
6469       (1 0 2 3 2 1 2)              98.461
6470       (1 0 2 3 2 1 2)              98.461
6471       (1 0 2 3 2 1 2)              98.461
6472       (1 0 3 1 2 1 2)              98.459
6473       (1 0 1 2 1 1 1)              98.460
6474       (1 0 1 2 0 0 0)              98.453
6475       (1 0 2 3 2 1 2)              98.454
6476       (1 0 1 2 1 1 1)              98.454
6477       (1 0 3 1 2 1 2)              98.454
6478       (1 0 2 3 1 1 1)              98.454
6479       (1 0 2 3 2 1 2)              98.454
6480       (1 0 2 3 2 1 2)              98.455
6481       (1 0 2 3 2 1 2)              98.455
6482       (1 0 1 2 1 1 1)              98.455
6483       (1 0 2 3 2 1 2)              98.455
6484       (1 0 1 2 1 1 1)              98.456
6485       (1 0 2 3 2 1 2)              98.456
6486       (1 0 2 3 1 1 1)              98.456
6487       (1 0 2 3 2 1 2)              98.456
6488       (1 0 1 2 2 2 1)              98.457
6489       (1 0 3 1 2 1 2)              98.457
6490       (1 0 3 1 2 1 2)              98.457
6491       (1 0 2 3 2 1 2)              98.457
6492       (1 0 2 3 1 1 1)              98.458
6493       (1 0 1 2 1 1 1)              98.458
6494       (1 0 2 3 2 1 2)              98.458
6495       (1 0 3 1 2 1 2)              98.458
6496       (1 0 1 2 1 1 1)              98.459
6497       (1 0 2 3 1 0 1)              98.459
6498       (1 0 2 3 2 1 2)              98.459
6499       (1 0 2 3 2 2 1)              98.457
6500       (1 0 2 3 2 1 2)              98.457
6501       (1 0 3 1 2 1 2)              98.455
6502       (1 0 3 1 2 1 1)              98.456
6503       (1 0 0 1 2 2 1)              98.449
6504       (1 0 2 3 2 1 2)              98.449
6505       (1 0 2 3 2 1 2)              98.450
6506       (1 0 1 2 1 1 1)              98.450
6507       (1 0 2 3 2 1 2)              98.450
6508       (1 0 1 2 1 1 1)              98.450
6509       (1 0 3 1 2 1 1)              98.451
6510       (1 0 1 2 1 1 1)              98.451
6511       (1 0 0 0 2 2 1)              98.451
6512       (1 0 2 3 2 1 2)              98.451
6513       (1 0 2 3 1 2 1)              98.452
6514       (1 0 1 2 1 1 1)              98.452
6515       (1 0 2 3 1 2 1)              98.452
6516       (1 0 3 1 2 1 1)              98.450
6517       (1 0 3 1 2 1 2)              98.450
6518       (1 0 2 3 2 1 2)              98.451
6519       (1 0 1 2 1 1 1)              98.451
6520       (1 0 2 3 2 1 2)              98.451
6521       (1 0 2 3 2 1 2)              98.451
6522       (1 0 1 2 1 1 1)              98.452
6523       (1 0 2 3 2 1 2)              98.452
6524       (1 0 2 3 2 1 2)              98.452
6525       (1 0 2 3 2 1 2)              98.452
6526       (1 0 2 3 2 1 2)              98.452
6527       (1 0 3 1 2 1 2)              98.453
6528       (1 0 1 2 1 1 1)              98.453
6529       (1 0 3 1 2 1 2)              98.453
6530       (1 0 3 1 2 1 2)              98.451
6531       (1 0 2 3 2 1 2)              98.451
6532       (1 0 1 2 1 1 1)              98.452
6533       (1 0 2 3 2 1 2)              98.452
6534       (1 0 2 3 1 1 1)              98.452
6535       (1 0 1 2 1 1 1)              98.452
6536       (1 0 2 3 2 1 1)              98.453
6537       (1 0 2 3 2 1 2)              98.453
6538       (1 0 3 1 2 1 2)              98.453
6539       (1 0 1 2 1 1 1)              98.453
6540       (1 0 1 2 1 1 1)              98.454
6541       (1 0 2 3 1 1 1)              98.454
6542       (1 0 2 3 2 1 1)              98.454
6543       (1 0 3 1 2 1 2)              98.454
6544       (1 0 2 3 1 2 1)              98.455
6545       (1 0 3 1 2 1 2)              98.455
6546       (1 0 2 3 2 1 2)              98.455
6547       (1 0 2 3 2 1 2)              98.455
6548       (1 0 2 3 1 1 1)              98.455
6549       (1 0 2 3 1 2 1)              98.456
6550       (1 0 2 3 2 1 2)              98.456
6551       (1 0 3 1 2 1 2)              98.456
6552       (1 0 2 3 2 1 1)              98.456
6553       (1 0 1 2 0 0 1)              98.457
6554       (1 0 3 1 2 1 2)              98.457
6555       (1 0 1 2 0 1 0)              98.457
6556       (1 0 2 3 1 0 1)              98.457
6557       (1 0 2 3 1 1 1)              98.458
6558       (1 0 2 3 2 1 2)              98.458
6559       (1 0 2 3 1 2 1)              98.458
6560       (1 0 2 3 2 1 1)              98.458
6561       (1 0 1 2 1 1 1)              98.459
6562       (1 0 1 2 1 1 1)              98.459
6563       (1 0 3 1 2 1 2)              98.459
6564       (1 0 1 2 1 1 1)              98.459
6565       (1 0 2 3 1 2 1)              98.459
6566       (1 0 1 2 1 1 1)              98.460
6567       (1 0 2 3 2 1 2)              98.460
6568       (1 0 1 2 1 1 1)              98.460
6569       (1 0 2 3 1 1 1)              98.458
6570       (1 0 3 1 2 1 2)              98.458
6571       (1 0 2 3 2 1 1)              98.459
6572       (1 0 1 2 1 1 1)              98.459
6573       (1 0 3 1 2 1 1)              98.459
6574       (1 0 2 3 2 1 2)              98.459
6575       (1 0 3 1 2 1 2)              98.460
6576       (1 0 2 3 2 1 2)              98.460
6577       (1 0 3 1 2 1 2)              98.460
6578       (1 0 2 3 1 1 1)              98.460
6579       (1 0 2 3 2 1 2)              98.461
6580       (1 0 3 1 1 1 1)              98.461
6581       (1 0 1 2 1 1 1)              98.461
6582       (1 0 2 3 1 1 0)              98.459
6583       (1 0 2 3 2 1 2)              98.459
6584       (1 0 3 1 2 1 2)              98.460
6585       (1 0 3 1 2 1 1)              98.460
6586       (1 0 3 1 1 2 1)              98.460
6587       (1 0 3 1 2 1 1)              98.460
6588       (1 0 2 3 1 2 1)              98.461
6589       (1 0 2 3 2 1 1)              98.459
6590       (1 0 3 1 2 1 2)              98.459
6591       (1 0 3 1 2 1 2)              98.459
6592       (1 0 2 3 2 1 2)              98.459
6593       (1 0 2 3 2 1 2)              98.460
6594       (1 0 2 3 1 1 1)              98.460
6595       (1 0 1 2 1 1 1)              98.460
6596       (1 0 2 3 1 1 1)              98.460
6597       (1 0 1 2 1 2 1)              98.460
6598       (1 0 3 1 2 1 2)              98.459
6599       (1 0 2 3 2 1 2)              98.459
6600       (1 0 1 2 1 1 1)              98.459
6601       (1 0 2 3 2 1 1)              98.459
6602       (1 0 2 3 1 1 1)              98.459
6603       (1 0 1 2 1 1 1)              98.460
6604       (1 0 3 1 2 1 2)              98.460
6605       (1 0 2 3 1 2 1)              98.460
6606       (1 0 1 2 1 1 1)              98.460
6607       (1 0 2 3 2 1 2)              98.461
6608       (1 0 1 2 1 1 1)              98.461
6609       (1 0 1 2 1 1 1)              98.461
6610       (1 0 1 2 1 1 1)              98.461
6611       (1 0 1 2 1 1 1)              98.462
6612       (1 0 2 3 2 1 2)              98.462
6613       (1 0 2 3 1 2 1)              98.462
6614       (1 0 3 1 2 1 2)              98.460
6615       (1 0 2 3 2 1 2)              98.460
6616       (1 0 2 3 2 1 2)              98.461
6617       (1 0 1 2 1 1 1)              98.461
6618       (1 0 2 3 2 2 1)              98.461
6619       (1 0 1 2 1 1 1)              98.461
6620       (1 0 2 3 2 1 2)              98.462
6621       (1 0 2 3 2 1 1)              98.462
6622       (1 0 2 3 2 1 2)              98.462
6623       (1 0 2 3 2 1 2)              98.462
6624       (1 0 2 3 2 1 2)              98.462
6625       (1 0 2 3 2 1 2)              98.463
6626       (1 0 3 1 1 1 1)              98.463
6627       (1 0 3 1 2 1 2)              98.463
6628       (1 0 2 3 2 1 2)              98.463
6629       (1 0 2 3 1 1 1)              98.464
6630       (1 0 3 1 2 1 2)              98.462
6631       (1 0 3 1 2 1 2)              98.462
6632       (1 0 1 2 1 1 1)              98.462
6633       (1 0 2 3 2 1 1)              98.462
6634       (1 0 3 1 2 1 2)              98.463
6635       (1 0 3 1 2 1 2)              98.463
6636       (1 0 2 3 1 2 1)              98.463
6637       (1 0 3 1 2 1 2)              98.463
6638       (1 0 1 2 1 1 1)              98.464
6639       (1 0 1 2 1 1 1)              98.464
6640       (1 0 1 2 1 1 1)              98.464
6641       (1 0 3 1 2 1 2)              98.464
6642       (1 0 1 2 1 1 1)              98.464
6643       (1 0 2 3 2 1 1)              98.465
6644       (1 0 2 3 2 1 2)              98.465
6645       (1 0 3 1 2 1 2)              98.465
6646       (1 0 2 3 2 1 2)              98.465
6647       (1 0 2 3 2 1 2)              98.466
6648       (1 0 1 2 1 1 1)              98.466
6649       (1 0 1 2 1 1 1)              98.466
6650       (1 0 1 2 1 1 1)              98.466
6651       (1 0 3 1 2 1 2)              98.467
6652       (1 0 3 1 2 1 2)              98.467
6653       (1 0 2 3 1 1 1)              98.467
6654       (1 0 3 1 2 1 2)              98.467
6655       (1 0 2 3 2 1 1)              98.467
6656       (1 0 2 3 2 1 2)              98.468
6657       (1 0 3 1 2 1 1)              98.468
6658       (1 0 2 3 1 2 1)              98.468
6659       (1 0 0 0 1 2 0)              98.468
6660       (1 0 3 1 2 1 2)              98.469
6661       (1 0 2 3 2 1 2)              98.469
6662       (1 0 1 2 1 1 1)              98.469
6663       (1 0 2 3 2 1 2)              98.469
6664       (1 0 2 3 2 1 2)              98.470
6665       (1 0 2 3 2 1 2)              98.470
6666       (1 0 2 3 2 1 2)              98.470
6667       (1 0 3 1 2 1 2)              98.470
6668       (1 0 1 2 1 2 1)              98.470
6669       (1 0 0 0 2 2 1)              98.471
6670       (1 0 1 2 1 1 1)              98.471
6671       (1 0 3 1 2 1 1)              98.469
6672       (1 0 3 1 1 1 1)              98.469
6673       (1 0 1 2 1 1 1)              98.469
6674       (1 0 2 3 1 2 1)              98.470
6675       (1 0 2 3 1 1 1)              98.470
6676       (1 0 2 3 2 1 2)              98.470
6677       (1 0 3 1 2 1 2)              98.470
6678       (1 0 3 1 2 1 2)              98.471
6679       (1 0 2 3 2 1 2)              98.471
6680       (1 0 3 1 2 1 2)              98.469
6681       (1 0 2 3 2 1 2)              98.469
6682       (1 0 2 3 2 1 2)              98.469
6683       (1 0 3 1 2 1 2)              98.470
6684       (1 0 2 3 2 2 1)              98.470
6685       (1 0 2 3 2 1 2)              98.470
6686       (1 0 2 3 1 2 1)              98.470
6687       (1 0 2 3 1 2 1)              98.471
6688       (1 0 2 3 2 1 2)              98.471
6689       (1 0 1 2 1 1 1)              98.471
6690       (1 0 3 1 2 1 2)              98.471
6691       (1 0 1 0 0 1 1)              98.465
6692       (1 0 1 2 1 1 1)              98.465
6693       (1 0 3 1 2 1 2)              98.465
6694       (1 0 3 1 2 1 2)              98.466
6695       (1 0 3 1 1 1 1)              98.466
6696       (1 0 1 2 1 1 1)              98.466
6697       (1 0 2 3 2 1 2)              98.466
6698       (1 0 3 1 1 2 1)              98.467
6699       (1 0 2 3 1 1 1)              98.465
6700       (1 0 1 2 1 1 1)              98.465
6701       (1 0 0 4 1 2 0)              98.461
6702       (1 0 2 3 2 1 2)              98.461
6703       (1 0 2 3 1 1 1)              98.461
6704       (1 0 2 3 2 1 2)              98.462
6705       (1 0 2 3 2 1 2)              98.462
6706       (1 0 1 2 1 1 1)              98.462
6707       (1 0 2 3 1 2 1)              98.462
6708       (1 0 2 3 1 2 1)              98.463
6709       (1 0 2 3 1 1 1)              98.458
6710       (1 0 2 3 2 1 2)              98.459
6711       (1 0 3 1 2 1 2)              98.459
6712       (1 0 1 2 1 1 1)              98.459
6713       (1 0 3 1 2 1 2)              98.457
6714       (1 0 1 2 0 0 1)              98.458
6715       (1 0 2 3 2 1 2)              98.458
6716       (1 0 3 1 2 1 2)              98.458
6717       (1 0 3 1 2 1 2)              98.458
6718       (1 0 2 3 2 1 2)              98.458
6719       (1 0 0 0 2 2 1)              98.459
6720       (1 0 2 3 2 1 2)              98.459
6721       (1 0 3 1 2 1 2)              98.457
6722       (1 0 3 1 1 1 1)              98.455
6723       (1 0 1 2 1 2 0)              98.455
6724       (1 0 3 1 2 1 2)              98.456
6725       (1 0 3 1 2 1 1)              98.456
6726       (1 0 2 3 2 1 2)              98.456
6727       (1 0 2 3 2 1 2)              98.456
6728       (1 0 2 3 2 1 2)              98.456
6729       (1 0 2 3 2 1 2)              98.457
6730       (1 0 2 3 2 1 2)              98.457
6731       (1 0 1 2 0 0 1)              98.457
6732       (1 0 3 1 2 1 2)              98.457
6733       (1 0 1 2 1 1 1)              98.458
6734       (1 0 2 3 1 2 0)              98.458
6735       (1 0 1 2 1 1 1)              98.458
6736       (1 0 1 2 1 1 1)              98.458
6738       (1 0 1 2 1 1 1)              98.459
6739       (1 0 2 3 1 2 1)              98.459
6740       (1 0 1 2 1 2 0)              98.455
6741       (1 0 2 3 2 1 2)              98.455
6742       (1 0 2 3 2 1 2)              98.455
6743       (1 0 1 2 0 0 1)              98.455
6744       (1 0 3 1 2 1 2)              98.456
6745       (1 0 0 0 2 2 1)              98.456
6746       (1 0 2 3 2 1 2)              98.456
6747       (1 0 3 1 2 1 2)              98.456
6748       (1 0 2 3 2 1 2)              98.457
6749       (1 0 3 1 2 1 1)              98.457
6750       (1 0 1 2 1 1 1)              98.457
6751       (1 0 3 1 1 1 1)              98.453
6752       (1 0 2 3 2 1 2)              98.453
6753       (1 0 3 1 2 1 2)              98.453
6754       (1 0 3 1 2 1 1)              98.454
6755       (1 0 3 1 2 1 2)              98.454
6756       (1 0 0 0 1 2 0)              98.454
6757       (1 0 1 2 1 2 0)              98.454
6758       (1 0 1 2 1 1 1)              98.455
6759       (1 0 2 3 1 2 1)              98.455
6760       (1 0 2 3 1 2 1)              98.455
6761       (1 0 2 3 2 1 2)              98.455
6762       (1 0 2 3 2 1 1)              98.453
6763       (1 0 3 1 2 1 2)              98.454
6764       (1 0 2 3 2 1 2)              98.454
6765       (1 0 2 3 1 1 1)              98.450
6766       (1 0 1 2 1 1 1)              98.450
6767       (1 0 1 2 1 1 1)              98.450
6768       (1 0 3 1 2 1 2)              98.451
6769       (1 0 3 1 2 1 1)              98.451
6770       (1 0 2 3 1 2 1)              98.451
6771       (1 0 1 2 1 1 1)              98.451
6772       (1 0 3 1 2 1 2)              98.451
6773       (1 0 2 3 2 1 1)              98.452
6774       (1 0 3 1 2 1 2)              98.452
6775       (1 0 2 3 2 1 2)              98.452
6776       (1 0 2 3 2 1 2)              98.452
6777       (1 0 3 1 2 1 1)              98.453
6778       (1 0 2 3 2 1 2)              98.453
6779       (1 0 1 2 0 0 1)              98.453
6780       (1 0 2 3 2 1 2)              98.453
6781       (1 0 3 1 2 1 2)              98.454
6782       (1 0 2 3 2 1 2)              98.454
6783       (1 0 2 3 2 1 2)              98.454
6784       (1 0 2 3 1 2 1)              98.454
6785       (1 0 1 2 1 1 1)              98.454
6786       (1 0 2 3 1 1 1)              98.455
6787       (1 0 2 3 2 1 2)              98.455
6788       (1 0 0 0 2 2 1)              98.455
6789       (1 0 2 3 2 1 2)              98.455
6790       (1 0 3 1 2 1 2)              98.456
6791       (1 0 2 3 1 0 1)              98.456
6792       (1 0 3 1 2 1 2)              98.456
6793       (1 0 2 3 2 1 2)              98.456
6794       (1 0 2 3 1 2 1)              98.457
6795       (1 0 2 3 2 1 2)              98.457
6796       (1 0 1 2 1 1 1)              98.457
6797       (1 0 3 1 2 1 2)              98.457
6798       (1 0 2 3 2 1 2)              98.457
6799       (1 0 2 3 1 1 1)              98.458
6800       (1 0 3 1 2 1 1)              98.458
6801       (1 0 1 2 1 1 1)              98.458
6802       (1 0 2 3 2 1 2)              98.458
6803       (1 0 2 3 2 1 2)              98.459
6804       (1 0 2 3 2 1 2)              98.459
6805       (1 0 2 3 1 2 1)              98.459
6806       (1 0 2 3 2 1 2)              98.459
6807       (1 0 3 1 2 1 1)              98.459
6808       (1 0 1 2 1 1 1)              98.460
6809       (1 0 2 3 2 1 2)              98.460
6810       (1 0 1 2 1 1 1)              98.460
6811       (1 0 2 3 2 1 2)              98.460
6812       (1 0 2 3 2 1 2)              98.461
6813       (1 0 1 2 1 1 1)              98.461
6814       (1 0 2 3 2 1 2)              98.461
6815       (1 0 2 3 2 1 2)              98.461
6816       (1 0 3 1 2 1 2)              98.459
6817       (1 0 1 2 1 1 1)              98.460
6818       (1 0 2 3 2 1 2)              98.460
6819       (1 0 1 2 1 1 1)              98.460
6820       (1 0 3 1 2 1 2)              98.460
6821       (1 0 2 3 2 1 2)              98.461
6822       (1 0 2 3 1 2 1)              98.461
6823       (1 0 2 3 2 1 2)              98.461
6824       (1 0 2 3 2 1 1)              98.459
6825       (1 0 1 2 1 1 1)              98.459
6826       (1 0 3 1 2 1 1)              98.460
6827       (1 0 1 2 1 1 1)              98.460
6828       (1 0 1 2 1 1 1)              98.460
6829       (1 0 3 1 1 1 1)              98.456
6830       (1 0 2 3 1 2 1)              98.456
6831       (1 0 3 1 2 1 2)              98.457
6832       (1 0 2 3 2 1 2)              98.457
6833       (1 0 2 3 2 1 2)              98.457
6834       (1 0 2 3 2 1 1)              98.457
6835       (1 0 0 0 2 2 1)              98.457
6836       (1 0 3 1 2 1 2)              98.458
6837       (1 0 2 3 2 1 2)              98.458
6838       (1 0 3 1 2 1 2)              98.458
6839       (1 0 2 3 2 1 2)              98.458
6840       (1 0 1 2 1 1 1)              98.459
6841       (1 0 3 1 2 1 2)              98.459
6842       (1 0 3 1 2 1 2)              98.459
6843       (1 0 2 3 1 1 1)              98.459
6844       (1 0 2 3 2 1 2)              98.459
6845       (1 0 2 3 1 2 1)              98.458
6846       (1 0 1 2 1 1 1)              98.458
6847       (1 0 2 3 2 1 2)              98.458
6848       (1 0 0 0 2 2 1)              98.458
6849       (1 0 3 1 2 1 2)              98.458
6850       (1 0 2 3 2 1 2)              98.459
6851       (1 0 3 1 2 1 2)              98.457
6852       (1 0 2 3 2 1 2)              98.457
6853       (1 0 3 1 2 1 2)              98.457
6854       (1 0 3 1 2 1 2)              98.455
6855       (1 0 1 2 1 1 1)              98.456
6856       (1 0 3 1 2 1 2)              98.456
6857       (1 0 2 3 2 1 2)              98.456
6858       (1 0 2 3 2 1 2)              98.456
6859       (1 0 1 2 1 1 1)              98.457
6860       (1 0 2 3 2 1 2)              98.457
6861       (1 0 2 3 1 2 1)              98.457
6862       (1 0 3 1 2 1 2)              98.457
6863       (1 0 2 3 2 1 2)              98.457
6864       (1 0 2 3 2 1 2)              98.458
6865       (1 0 2 3 2 1 2)              98.458
6866       (1 0 2 3 2 1 2)              98.458
6867       (1 0 2 3 1 1 1)              98.458
6868       (1 0 0 0 1 2 0)              98.459
6869       (1 0 2 3 2 1 2)              98.459
6870       (1 0 1 2 1 2 1)              98.457
6871       (1 0 2 3 2 1 2)              98.457
6872       (1 0 2 3 2 1 2)              98.457
6873       (1 0 1 2 0 0 0)              98.458
6874       (1 0 2 3 2 1 2)              98.458
6875       (1 0 3 1 2 1 2)              98.458
6876       (1 0 2 3 2 1 2)              98.458
6877       (1 0 3 1 2 1 2)              98.456
6878       (1 0 1 2 1 1 1)              98.457
6879       (1 0 2 3 2 1 2)              98.457
6880       (1 0 2 3 2 1 2)              98.457
6881       (1 0 2 3 1 1 1)              98.457
6882       (1 0 3 1 2 1 2)              98.458
6883       (1 0 2 3 2 1 2)              98.458
6884       (1 0 3 1 2 1 2)              98.458
6885       (1 0 2 3 1 1 1)              98.454
6886       (1 0 2 3 2 1 2)              98.454
6887       (1 0 2 3 1 1 1)              98.455
6888       (1 0 3 1 2 1 2)              98.455
6889       (1 0 3 1 2 1 2)              98.455
6890       (1 0 2 3 2 1 1)              98.455
6891       (1 0 3 1 2 1 2)              98.455
6892       (1 0 3 1 2 1 2)              98.456
6893       (1 0 3 1 2 1 2)              98.456
6894       (1 0 3 1 2 1 2)              98.456
6895       (1 0 2 3 2 1 2)              98.456
6896       (1 0 2 3 2 1 2)              98.457
6897       (1 0 1 2 1 1 1)              98.457
6898       (1 0 2 3 2 1 2)              98.457
6899       (1 0 1 2 1 1 1)              98.457
6900       (1 0 3 1 2 1 2)              98.457
6901       (1 0 3 1 2 1 2)              98.458
6902       (1 0 2 3 2 1 2)              98.458
6903       (1 0 2 3 2 1 1)              98.458
6904       (1 0 3 1 2 1 2)              98.458
6905       (1 0 2 3 2 1 1)              98.459
6906       (1 0 2 3 2 1 2)              98.459
6907       (1 0 0 0 1 2 0)              98.459
6908       (1 0 3 1 2 1 2)              98.459
6909       (1 0 3 1 2 1 2)              98.459
6910       (1 0 2 3 2 1 2)              98.460
6911       (1 0 2 3 1 1 1)              98.460
6912       (1 0 1 2 1 2 1)              98.460
6913       (1 0 2 3 1 2 1)              98.458
6914       (1 0 1 2 1 1 1)              98.459
6915       (1 0 1 2 1 1 1)              98.459
6916       (1 0 2 3 2 1 2)              98.459
6917       (1 0 2 3 2 2 1)              98.459
6918       (1 0 2 3 2 1 2)              98.459
6919       (1 0 1 2 1 2 1)              98.458
6920       (1 0 2 3 2 1 2)              98.458
6921       (1 0 2 3 1 0 2)              98.456
6922       (1 0 2 3 1 0 1)              98.456
6923       (1 0 0 0 2 2 1)              98.456
6924       (1 0 2 3 2 1 2)              98.457
6925       (1 0 2 3 1 2 1)              98.457
6926       (1 0 2 3 2 1 2)              98.457
6927       (1 0 3 1 2 1 2)              98.457
6928       (1 0 1 2 1 1 1)              98.457
6929       (1 0 2 3 2 1 2)              98.458
6930       (1 0 2 3 2 1 2)              98.458
6931       (1 0 2 3 2 1 2)              98.458
6932       (1 0 2 3 2 1 2)              98.458
6933       (1 0 2 3 2 1 2)              98.459
6934       (1 0 1 2 1 1 1)              98.459
6935       (1 0 3 1 2 1 2)              98.459
6936       (1 0 3 1 2 1 2)              98.459
6937       (1 0 3 1 2 1 2)              98.460
6938       (1 0 2 3 2 1 2)              98.460
6939       (1 0 2 3 1 2 1)              98.460
6940       (1 0 1 2 1 1 1)              98.460
6941       (1 0 1 2 1 1 1)              98.460
6942       (1 0 2 3 2 1 2)              98.461
6943       (1 0 2 3 2 1 2)              98.461
6944       (1 0 2 3 2 1 2)              98.461
6945       (1 0 2 3 2 1 2)              98.461
6946       (1 0 2 3 2 1 2)              98.462
6947       (1 0 2 3 1 2 1)              98.462
6948       (1 0 3 1 2 1 2)              98.460
6949       (1 0 3 1 2 1 2)              98.460
6950       (1 0 1 2 1 2 0)              98.460
6951       (1 0 3 1 2 1 2)              98.461
6952       (1 0 2 3 2 1 2)              98.461
6953       (1 0 3 1 2 1 2)              98.461
6954       (1 0 3 1 2 1 2)              98.461
6955       (1 0 1 2 1 1 1)              98.461
6956       (1 0 3 1 2 1 2)              98.460
6957       (1 0 1 2 1 1 1)              98.460
6958       (1 0 2 3 2 1 2)              98.460
6959       (1 0 2 3 2 1 1)              98.460
6960       (1 0 0 0 1 2 0)              98.460
6961       (1 0 2 3 2 1 2)              98.461
6962       (1 0 1 2 1 1 1)              98.461
6963       (1 0 2 3 2 1 2)              98.461
6964       (1 0 1 2 1 1 1)              98.461
6965       (1 0 2 3 2 1 1)              98.462
6966       (1 0 3 1 1 2 1)              98.462
6967       (1 0 2 3 2 1 2)              98.462
6968       (1 0 1 2 0 0 1)              98.462
6969       (1 0 2 3 2 1 2)              98.462
6970       (1 0 2 3 2 1 2)              98.463
6971       (1 0 2 3 1 2 1)              98.463
6972       (1 0 3 1 2 1 2)              98.463
6973       (1 0 3 1 2 1 1)              98.461
6974       (1 0 1 2 2 2 1)              98.462
6975       (1 0 2 3 2 1 1)              98.460
6976       (1 0 3 1 1 1 1)              98.460
6977       (1 0 3 1 1 1 1)              98.460
6978       (1 0 0 0 2 2 1)              98.460
6979       (1 0 3 1 2 1 1)              98.461
6980       (1 0 3 1 2 1 2)              98.459
6981       (1 0 2 3 2 1 2)              98.459
6982       (1 0 2 3 1 1 1)              98.459
6983       (1 0 3 1 2 1 2)              98.459
6984       (1 0 2 3 1 1 1)              98.460
6985       (1 0 2 3 2 1 2)              98.460
6986       (1 0 2 3 2 1 2)              98.460
6987       (1 0 1 2 1 1 1)              98.460
6988       (1 0 2 3 2 1 2)              98.461
6989       (1 0 3 1 1 1 1)              98.461
6990       (1 0 2 3 2 1 2)              98.461
6991       (1 0 3 1 2 1 1)              98.461
6992       (1 0 2 3 2 1 2)              98.461
6993       (1 0 3 1 2 1 2)              98.462
6994       (1 0 0 0 0 2 0)              98.462
6995       (1 0 3 1 2 1 2)              98.462
6996       (1 0 2 3 2 1 1)              98.462
6997       (1 0 2 3 2 1 1)              98.463
6998       (1 0 2 3 1 0 2)              98.463
6999       (1 0 3 1 2 1 2)              98.463
7000       (1 0 2 3 1 2 1)              98.463
7001       (1 0 3 1 2 1 2)              98.463
7002       (1 0 3 1 2 1 2)              98.464
7003       (1 0 2 3 1 2 1)              98.464
7004       (1 0 2 3 1 2 1)              98.464
7005       (1 0 2 3 1 2 1)              98.464
7006       (1 0 1 2 1 1 1)              98.464
7007       (1 0 1 2 1 1 1)              98.465
7008       (1 0 0 4 1 2 0)              98.461
7009       (1 0 3 1 2 1 2)              98.459
7010       (1 0 3 1 2 1 2)              98.457
7011       (1 0 3 1 2 1 2)              98.455
7012       (1 0 2 3 2 1 1)              98.456
7013       (1 0 3 1 2 1 2)              98.456
7014       (1 0 1 2 1 1 1)              98.456
7015       (1 0 1 2 1 1 1)              98.456
7016       (1 0 1 2 1 1 1)              98.456
7017       (1 0 3 1 2 1 2)              98.457
7018       (1 0 2 3 2 1 2)              98.453
7019       (1 0 2 3 1 1 1)              98.453
7020       (1 0 2 3 2 1 2)              98.453
7021       (1 0 1 2 1 1 1)              98.454
7022       (1 0 2 3 2 1 2)              98.454
7023       (1 0 3 1 2 1 1)              98.452
7024       (1 0 2 3 2 1 2)              98.452
7025       (1 0 2 3 2 1 2)              98.452
7026       (1 0 2 3 2 1 2)              98.453
7027       (1 0 2 3 2 1 1)              98.453
7028       (1 0 2 3 2 1 2)              98.453
7029       (1 0 3 1 1 1 1)              98.453
7030       (1 0 3 1 2 1 2)              98.453
7031       (1 0 3 1 2 1 2)              98.454
7032       (1 0 3 1 2 1 2)              98.454
7033       (1 0 1 2 1 1 1)              98.454
7034       (1 0 3 1 2 1 2)              98.454
7035       (1 0 2 3 2 1 2)              98.455
7036       (1 0 3 1 2 1 1)              98.455
7037       (1 0 2 3 2 1 2)              98.455
7038       (1 0 1 2 1 1 1)              98.455
7039       (1 0 1 2 1 2 1)              98.453
7040       (1 0 3 1 2 1 2)              98.454
7041       (1 0 1 2 1 1 1)              98.454
7042       (1 0 1 2 1 1 1)              98.454
7043       (1 0 2 3 1 1 1)              98.454
7044       (1 0 2 3 1 2 1)              98.454
7046       (1 0 3 1 2 1 2)              98.455
7047       (1 0 3 1 1 1 1)              98.455
7048       (1 0 3 1 2 1 2)              98.455
7049       (1 0 2 3 2 1 2)              98.455
7050       (1 0 2 3 2 1 2)              98.456
7052       (1 0 2 3 2 1 2)              98.456
7053       (1 0 3 1 2 1 2)              98.456
7054       (1 0 3 1 2 1 1)              98.456
7055       (1 0 3 1 2 1 2)              98.456
7057       (1 0 1 2 1 1 1)              98.457
7058       (1 0 1 6 0 2 0)              98.453
7059       (1 0 1 2 1 1 1)              98.453
7060       (1 0 2 3 1 1 1)              98.453
7061       (1 0 2 3 2 1 2)              98.454
7062       (1 0 2 3 2 1 2)              98.454
7063       (1 0 2 3 2 1 2)              98.454
7064       (1 0 1 2 1 1 1)              98.454
7065       (1 0 3 1 2 1 2)              98.454
7066       (1 0 3 1 2 1 2)              98.455
7067       (1 0 3 1 2 1 1)              98.453
7068       (1 0 2 3 2 1 2)              98.453
7069       (1 0 2 3 2 1 2)              98.453
7070       (1 0 2 3 2 1 2)              98.453
7071       (1 0 2 3 2 1 2)              98.454
7072       (1 0 2 3 2 1 2)              98.454
7073       (1 0 2 3 2 1 2)              98.454
7074       (1 0 3 1 2 1 1)              98.454
7075       (1 0 1 2 1 1 1)              98.455
7076       (1 0 2 3 2 1 2)              98.455
7077       (1 0 3 1 2 1 2)              98.453
7078       (1 0 1 2 1 2 1)              98.453
7079       (1 0 3 1 2 1 2)              98.453
7080       (1 0 2 3 2 1 2)              98.454
7081       (1 0 2 3 2 1 2)              98.454
7082       (1 0 2 3 1 2 1)              98.454
7083       (1 0 2 3 1 2 1)              98.454
7084       (1 0 1 2 1 1 1)              98.455
7085       (1 0 2 3 2 1 2)              98.455
7086       (1 0 1 2 1 1 1)              98.455
7087       (1 0 1 2 1 1 1)              98.455
7088       (1 0 3 1 2 1 1)              98.455
7089       (1 0 3 1 2 1 2)              98.456
7090       (1 0 2 3 2 1 1)              98.456
7091       (1 0 3 1 2 1 2)              98.456
7092       (1 0 2 3 2 1 2)              98.456
7093       (1 0 2 3 2 1 2)              98.456
7094       (1 0 2 3 2 1 2)              98.457
7095       (1 0 1 2 1 1 1)              98.457
7096       (1 0 2 3 2 1 1)              98.457
7097       (1 0 3 1 2 1 2)              98.457
7098       (1 0 1 2 0 0 1)              98.458
7099       (1 0 2 3 2 1 2)              98.458
7100       (1 0 3 1 2 1 2)              98.458
7101       (1 0 3 1 2 1 2)              98.458
7102       (1 0 2 3 2 1 2)              98.458
7103       (1 0 2 3 2 1 2)              98.459
7104       (1 0 1 2 0 0 1)              98.459
7105       (1 0 2 3 1 2 1)              98.459
7106       (1 0 2 3 2 1 2)              98.459
7107       (1 0 0 0 2 2 1)              98.460
7108       (1 0 2 3 2 1 1)              98.460
7109       (1 0 2 3 1 2 1)              98.458
7110       (1 0 2 3 1 2 0)              98.458
7111       (1 0 2 3 2 1 2)              98.458
7112       (1 0 1 2 1 1 1)              98.459
7113       (1 0 2 3 2 2 1)              98.459
7114       (1 0 3 1 2 1 2)              98.459
7115       (1 0 0 0 1 2 0)              98.459
7116       (1 0 1 2 0 0 1)              98.459
7117       (1 0 2 3 2 1 2)              98.460
7118       (1 0 3 1 1 1 1)              98.460
7119       (1 0 4 0 2 2 1)              98.452
7120       (1 0 2 3 1 2 1)              98.452
7121       (1 0 2 3 2 1 2)              98.452
7122       (1 0 2 3 2 1 2)              98.453
7123       (1 0 2 3 2 1 2)              98.453
7124       (1 0 3 1 1 1 1)              98.453
7125       (1 0 2 3 2 1 1)              98.451
7126       (1 0 2 3 1 2 1)              98.452
7127       (1 0 1 2 1 1 1)              98.452
7128       (1 0 2 3 2 1 2)              98.452
7129       (1 0 1 2 1 2 0)              98.452
7130       (1 0 1 2 1 1 1)              98.452
7131       (1 0 2 3 1 1 1)              98.453
7132       (1 0 2 3 2 1 2)              98.453
7133       (1 0 2 3 2 1 2)              98.453
7134       (1 0 3 1 2 1 2)              98.453
7135       (1 0 2 3 2 1 2)              98.454
7136       (1 0 2 3 2 1 2)              98.454
7137       (1 0 3 1 2 1 2)              98.454
7138       (1 0 3 1 2 1 2)              98.454
7139       (1 0 2 3 2 1 2)              98.454
7140       (1 0 0 0 1 2 0)              98.455
7141       (1 0 1 2 1 1 1)              98.455
7142       (1 0 2 3 1 2 1)              98.455
7143       (1 0 3 1 2 1 2)              98.455
7144       (1 0 2 3 1 2 1)              98.455
7145       (1 0 1 2 1 1 1)              98.456
7146       (1 0 2 3 2 1 2)              98.456
7147       (1 0 3 1 2 1 2)              98.456
7148       (1 0 1 2 1 1 1)              98.456
7149       (1 0 3 1 2 1 2)              98.457
7150       (1 0 1 2 1 1 1)              98.457
7151       (1 0 2 3 1 1 1)              98.457
7152       (1 0 1 2 1 1 1)              98.457
7153       (1 0 2 3 1 1 1)              98.453
7154       (1 0 3 1 2 1 1)              98.454
7155       (1 0 2 3 2 1 2)              98.454
7156       (1 0 3 1 2 1 2)              98.454
7157       (1 0 2 3 2 1 2)              98.454
7158       (1 0 1 2 1 2 1)              98.455
7159       (1 0 2 3 2 1 2)              98.455
7160       (1 0 2 3 2 1 2)              98.455
7161       (1 0 2 3 1 1 1)              98.455
7162       (1 0 2 3 1 1 1)              98.455
7163       (1 0 3 1 2 1 2)              98.456
7164       (1 0 1 2 1 1 1)              98.456
7165       (1 0 2 3 2 1 2)              98.456
7166       (1 0 1 2 1 1 1)              98.456
7167       (1 0 2 3 2 1 2)              98.456
7168       (1 0 1 2 1 1 1)              98.457
7169       (1 0 2 3 2 1 2)              98.457
7170       (1 0 1 2 1 1 1)              98.457
7171       (1 0 2 3 2 1 1)              98.457
7172       (1 0 2 3 2 1 2)              98.458
7173       (1 0 2 3 2 1 2)              98.458
7174       (1 0 2 3 1 2 1)              98.456
7176       (1 0 3 1 2 1 2)              98.454
7177       (1 0 3 1 2 1 2)              98.454
7178       (1 0 3 1 1 1 1)              98.455
7179       (1 0 1 2 1 1 1)              98.455
7180       (1 0 1 2 1 1 1)              98.455
7181       (1 0 1 2 1 1 1)              98.455
7182       (1 0 3 1 2 1 2)              98.455
7183       (1 0 3 1 2 1 2)              98.456
7184       (1 0 0 0 0 0 1)              98.454
7185       (1 0 3 1 2 1 2)              98.454
7186       (1 0 0 0 2 2 1)              98.454
7187       (1 0 1 2 1 2 1)              98.455
7188       (1 0 2 3 2 1 2)              98.455
7189       (1 0 3 1 2 1 1)              98.455
7190       (1 0 3 1 2 1 2)              98.455
7191       (1 0 2 3 2 1 2)              98.455
7192       (1 0 2 3 2 1 2)              98.456
7193       (1 0 2 3 1 1 1)              98.456
7194       (1 0 3 1 2 1 2)              98.456
7195       (1 0 2 3 1 2 1)              98.456
7196       (1 0 3 1 2 1 1)              98.457
7197       (1 0 3 1 1 1 1)              98.457
7198       (1 0 1 2 1 1 1)              98.457
7199       (1 0 3 1 1 2 1)              98.457
7200       (1 0 2 3 2 1 2)              98.457
7201       (1 0 2 3 2 1 2)              98.456
7202       (1 0 3 1 2 1 2)              98.456
7203       (1 0 2 3 2 1 1)              98.456
7204       (1 0 1 2 1 2 1)              98.456
7205       (1 0 2 3 2 1 2)              98.456
7206       (1 0 1 2 1 1 1)              98.457
7207       (1 0 3 1 2 1 1)              98.457
7208       (1 0 2 3 2 1 2)              98.457
7209       (1 0 2 3 2 1 2)              98.457
7210       (1 0 2 3 1 1 1)              98.454
7211       (1 0 3 1 2 1 2)              98.454
7213       (1 0 1 2 1 1 1)              98.454
7214       (1 0 3 1 2 1 2)              98.454
7215       (1 0 1 2 1 1 1)              98.454
7216       (1 0 2 3 2 1 2)              98.455
7217       (1 0 1 2 1 1 1)              98.455
7218       (1 0 0 0 1 2 0)              98.455
7219       (1 0 2 3 1 2 1)              98.455
7220       (1 0 3 1 2 1 2)              98.455
7221       (1 0 2 3 2 1 1)              98.456
7222       (1 0 3 1 2 1 2)              98.456
7223       (1 0 2 3 2 1 2)              98.456
7224       (1 0 2 3 1 2 1)              98.456
7225       (1 0 3 1 2 1 2)              98.457
7226       (1 0 2 3 1 1 1)              98.457
7227       (1 0 3 1 1 2 1)              98.457
7228       (1 0 3 1 2 1 1)              98.457
7229       (1 0 2 3 2 1 2)              98.457
7230       (1 0 2 3 1 2 1)              98.458
7231       (1 0 1 2 1 1 1)              98.458
7232       (1 0 1 2 1 1 1)              98.458
7233       (1 0 1 2 1 1 1)              98.458
7234       (1 0 1 2 1 2 1)              98.457
7235       (1 0 3 1 2 1 2)              98.457
7236       (1 0 0 0 1 2 0)              98.457
7237       (1 0 2 3 2 1 2)              98.457
7238       (1 0 2 3 2 1 2)              98.457
7239       (1 0 2 3 2 1 1)              98.456
7240       (0 0 0 0 1 2 1)              98.452
7241       (1 0 3 1 2 1 2)              98.452
7242       (1 0 3 1 2 1 2)              98.452
7243       (1 0 2 3 2 1 2)              98.452
7244       (1 0 2 3 2 1 1)              98.453
7245       (1 0 2 3 2 1 2)              98.453
7246       (1 0 2 3 1 1 1)              98.449
7247       (1 0 2 3 2 1 2)              98.449
7248       (1 0 3 1 2 1 2)              98.450
7249       (1 0 2 3 2 1 1)              98.450
7250       (1 0 2 3 2 1 2)              98.450
7251       (1 0 1 2 1 1 1)              98.450
7252       (1 0 3 1 2 1 2)              98.450
7253       (1 0 1 2 1 1 1)              98.451
7254       (1 0 2 3 2 1 2)              98.451
7255       (1 0 3 1 2 1 2)              98.451
7256       (1 0 2 3 2 1 1)              98.451
7257       (1 0 3 1 2 1 2)              98.452
7258       (1 0 2 3 2 1 2)              98.452
7259       (1 0 2 3 2 1 2)              98.452
7260       (1 0 2 3 2 1 2)              98.452
7261       (1 0 1 2 1 1 1)              98.452
7262       (1 0 3 1 2 1 2)              98.453
7263       (1 0 2 3 2 1 2)              98.453
7264       (1 0 2 3 2 1 2)              98.453
7265       (1 0 2 3 2 1 2)              98.453
7266       (1 0 2 3 2 1 2)              98.453
7267       (1 0 2 3 2 1 2)              98.454
7268       (1 0 2 3 2 1 2)              98.454
7269       (1 0 1 2 1 1 1)              98.454
7270       (1 0 1 2 1 1 1)              98.454
7271       (1 0 1 2 1 2 1)              98.453
7272       (1 0 3 1 1 1 1)              98.453
7273       (1 0 2 3 2 1 2)              98.453
7274       (1 0 3 1 2 1 2)              98.453
7275       (1 0 1 2 1 2 1)              98.453
7276       (1 0 2 3 2 1 2)              98.454
7277       (1 0 1 2 1 1 1)              98.454
7278       (1 0 3 1 2 1 2)              98.454
7279       (1 0 3 1 2 1 2)              98.454
7280       (1 0 3 1 1 1 1)              98.454
7281       (1 0 2 3 2 1 1)              98.455
7282       (1 0 2 3 1 1 1)              98.451
7283       (1 0 1 2 1 2 1)              98.449
7284       (1 0 2 3 2 1 2)              98.449
7285       (1 0 2 3 1 1 1)              98.450
7286       (1 0 2 3 2 1 2)              98.450
7287       (1 0 2 3 2 1 2)              98.450
7288       (1 0 1 2 1 1 1)              98.450
7289       (1 0 2 3 2 1 2)              98.450
7290       (1 0 2 3 2 1 2)              98.451
7291       (1 0 1 2 1 2 1)              98.451
7292       (1 0 2 3 1 1 1)              98.447
7293       (1 0 2 3 2 1 2)              98.447
7294       (1 0 3 1 2 1 2)              98.448
7295       (1 0 2 3 1 2 1)              98.448
7296       (1 0 1 2 1 1 1)              98.448
7297       (1 0 2 3 2 1 2)              98.448
7298       (1 0 2 3 2 1 2)              98.448
7299       (1 0 3 1 2 1 2)              98.449
7300       (1 0 3 1 2 1 2)              98.449
7301       (1 0 3 1 2 1 2)              98.449
7302       (1 0 0 0 1 0 1)              98.449
7303       (1 0 2 3 2 1 1)              98.450
7304       (1 0 2 3 2 1 2)              98.450
7305       (1 0 0 0 2 2 1)              98.450
7306       (1 0 2 3 2 1 1)              98.450
7307       (1 0 2 3 0 0 0)              98.450
7308       (1 0 1 2 1 1 1)              98.451
7309       (1 0 2 3 2 1 2)              98.451
7310       (1 0 3 1 2 1 2)              98.449
7311       (1 0 2 3 2 1 2)              98.449
7312       (1 0 2 3 1 1 1)              98.448
7313       (1 0 1 2 1 1 1)              98.448
7314       (1 0 1 2 1 1 1)              98.448
7315       (1 0 2 3 2 1 2)              98.448
7316       (1 0 1 2 1 1 1)              98.448
7317       (1 0 3 1 2 1 2)              98.447
7318       (1 0 1 2 1 1 1)              98.447
7319       (1 0 2 3 2 1 2)              98.447
7320       (1 0 0 0 0 2 0)              98.447
7321       (1 0 1 2 1 1 1)              98.448
7322       (1 0 3 1 1 2 0)              98.444
7323       (1 0 2 3 2 1 2)              98.444
7324       (1 0 2 3 2 1 2)              98.444
7325       (1 0 1 2 1 1 1)              98.444
7326       (1 0 3 1 2 1 2)              98.445
7327       (1 0 3 1 2 1 2)              98.445
7328       (1 0 1 2 1 1 1)              98.445
7329       (1 0 2 3 2 1 2)              98.445
7330       (1 0 2 3 1 1 1)              98.446
7331       (1 0 2 3 2 1 2)              98.446
7332       (1 0 2 3 2 1 2)              98.446
7333       (1 0 3 1 2 1 2)              98.446
7334       (1 0 2 3 2 1 2)              98.446
7335       (1 0 3 1 2 1 2)              98.447
7336       (1 0 1 2 0 1 0)              98.443
7337       (1 0 2 3 1 2 1)              98.443
7338       (1 0 3 1 2 1 2)              98.443
7339       (1 0 1 2 1 2 1)              98.444
7340       (1 0 2 3 2 1 2)              98.444
7341       (1 0 2 3 2 1 2)              98.444
7342       (1 0 3 1 1 1 1)              98.444
7343       (1 0 2 3 2 1 2)              98.444
7344       (1 0 2 3 2 1 2)              98.445
7345       (1 0 0 0 1 2 0)              98.445
7346       (1 0 2 3 1 2 1)              98.445
7347       (1 0 2 3 2 1 2)              98.445
7348       (1 0 2 3 2 1 2)              98.445
7349       (1 0 2 3 2 1 2)              98.446
7350       (1 0 2 3 2 1 2)              98.446
7351       (1 0 2 3 1 1 1)              98.446
7352       (1 0 2 3 2 1 2)              98.446
7353       (1 0 2 3 1 1 1)              98.446
7354       (1 0 3 1 2 1 2)              98.447
7355       (1 0 3 1 2 1 2)              98.447
7356       (1 0 2 3 2 1 2)              98.447
7357       (1 0 3 1 2 1 2)              98.447
7358       (1 0 2 3 2 1 2)              98.448
7359       (1 0 2 3 2 1 2)              98.448
7360       (1 0 2 3 2 1 1)              98.448
7361       (1 0 2 3 2 1 2)              98.448
7362       (1 0 1 2 1 1 1)              98.448
7363       (1 0 2 3 2 1 1)              98.449
7364       (1 0 1 2 1 1 1)              98.449
7365       (1 0 2 3 2 1 2)              98.449
7366       (1 0 2 3 2 1 2)              98.449
7367       (1 0 3 1 2 1 2)              98.449
7368       (1 0 2 3 2 1 2)              98.450
7369       (1 0 2 3 2 1 2)              98.450
7370       (1 0 3 1 2 1 2)              98.450
7371       (1 0 2 3 2 1 2)              98.450
7372       (1 0 2 3 2 1 2)              98.451
7373       (1 0 1 2 2 2 1)              98.451
7374       (1 0 2 3 2 1 2)              98.451
7375       (1 0 2 3 2 1 2)              98.451
7376       (1 0 1 2 1 1 1)              98.451
7377       (1 0 3 1 1 1 1)              98.452
7378       (1 0 2 3 1 2 1)              98.452
7379       (1 0 2 3 2 1 2)              98.452
7380       (1 0 3 1 2 1 1)              98.452
7381       (1 0 2 3 1 1 1)              98.452
7382       (1 0 1 2 1 1 1)              98.453
7383       (1 0 1 2 2 2 1)              98.453
7384       (1 0 3 1 2 1 2)              98.453
7385       (1 0 2 3 1 1 1)              98.453
7386       (1 0 2 3 2 1 2)              98.453
7387       (1 0 0 0 1 2 0)              98.454
7388       (1 0 2 3 1 2 1)              98.454
7389       (1 0 2 3 2 1 2)              98.454
7390       (1 0 3 1 1 1 1)              98.450
7391       (1 0 3 1 2 1 2)              98.451
7392       (1 0 2 3 1 2 1)              98.451
7393       (1 0 2 3 2 1 2)              98.451
7394       (1 0 3 1 2 1 2)              98.449
7395       (1 0 2 3 2 1 2)              98.450
7396       (1 0 2 3 2 1 2)              98.448
7397       (1 0 2 3 1 2 1)              98.448
7398       (1 0 1 2 1 1 1)              98.448
7399       (1 0 3 1 2 1 2)              98.446
7400       (1 0 2 3 2 1 2)              98.447
7401       (1 0 2 3 2 1 2)              98.447
7402       (1 0 1 2 1 1 1)              98.447
7403       (1 0 3 1 2 1 2)              98.447
7404       (1 0 3 1 2 1 2)              98.448
7405       (1 0 2 3 1 1 0)              98.446
7406       (1 0 2 3 2 1 2)              98.446
7407       (1 0 3 1 2 1 2)              98.446
7408       (1 0 2 3 2 1 2)              98.446
7409       (1 0 3 1 2 1 2)              98.445
7410       (1 0 3 1 1 2 0)              98.441
7411       (1 0 1 2 1 1 1)              98.441
7412       (1 0 3 1 2 1 2)              98.440
7413       (1 0 2 3 2 1 2)              98.440
7414       (1 0 1 2 0 0 1)              98.440
7415       (1 0 3 1 2 1 2)              98.440
7416       (1 0 2 3 2 1 1)              98.440
7417       (1 0 1 2 1 1 1)              98.441
7418       (1 0 2 3 2 1 2)              98.441
7419       (1 0 0 0 1 2 0)              98.441
7420       (1 0 0 0 1 2 0)              98.441
7421       (1 0 1 2 2 2 1)              98.441
7422       (1 0 2 3 2 1 2)              98.442
7423       (1 0 1 2 1 1 1)              98.442
7424       (1 0 2 3 2 1 2)              98.442
7425       (1 0 2 3 2 1 2)              98.442
7426       (1 0 2 3 1 2 1)              98.443
7427       (1 0 3 1 2 1 1)              98.443
7428       (1 0 1 2 0 0 1)              98.443
7429       (1 0 3 1 1 0 0)              98.443
7430       (1 0 0 0 2 2 1)              98.443
7431       (1 0 3 1 2 1 2)              98.444
7432       (1 0 2 3 1 1 1)              98.444
7433       (1 0 2 3 2 1 2)              98.444
7434       (1 0 2 3 2 1 2)              98.444
7435       (1 0 2 3 2 1 2)              98.444
7436       (1 0 2 3 2 1 1)              98.445
7437       (1 0 2 3 2 1 2)              98.445
7438       (1 0 2 3 2 1 2)              98.445
7439       (1 0 2 3 1 1 1)              98.445
7440       (1 0 3 1 2 1 2)              98.445
7441       (1 0 2 3 2 1 2)              98.446
7442       (1 0 1 2 1 1 1)              98.446
7443       (1 0 3 1 2 1 1)              98.444
7444       (1 0 3 1 1 2 1)              98.444
7445       (1 0 2 3 2 1 2)              98.445
7446       (1 0 2 3 1 1 1)              98.445
7447       (1 0 1 2 1 1 1)              98.445
7448       (1 0 3 1 2 1 2)              98.445
7449       (1 0 3 1 2 1 2)              98.445
7450       (1 0 1 2 1 1 1)              98.446
7451       (1 0 2 3 2 1 1)              98.446
7452       (1 0 3 1 2 1 2)              98.446
7453       (1 0 3 1 2 1 2)              98.446
7454       (1 0 3 1 2 1 2)              98.446
7455       (1 0 3 1 2 1 1)              98.447
7456       (1 0 2 3 2 1 2)              98.447
7457       (1 0 2 3 2 1 2)              98.447
7458       (1 0 2 3 2 1 2)              98.447
7459       (1 0 3 1 2 1 2)              98.447
7460       (1 0 1 2 1 2 1)              98.448
7461       (1 0 0 0 2 2 1)              98.448
7462       (1 0 1 2 1 1 1)              98.448
7463       (1 0 1 2 2 2 1)              98.448
7464       (1 0 3 1 1 1 1)              98.449
7465       (1 0 3 1 1 1 1)              98.449
7466       (1 0 2 3 1 1 1)              98.447
7467       (1 0 1 2 1 1 1)              98.447
7468       (1 0 2 3 2 1 2)              98.447
7469       (1 0 2 3 2 1 2)              98.448
7470       (1 0 3 1 2 1 2)              98.448
7471       (1 0 3 1 2 1 2)              98.448
7472       (1 0 3 1 2 1 1)              98.446
7473       (1 0 2 3 2 1 2)              98.447
7474       (1 0 2 3 2 1 2)              98.447
7475       (1 0 1 2 1 1 1)              98.447
7476       (1 0 2 3 2 1 2)              98.447
7477       (1 0 1 2 0 0 1)              98.447
7478       (1 0 2 3 2 1 2)              98.448
7479       (1 0 3 1 2 1 2)              98.448
7480       (1 0 2 3 2 1 2)              98.448
7481       (1 0 2 3 1 2 1)              98.448
7482       (1 0 1 2 1 1 1)              98.448
7483       (1 0 3 1 2 1 2)              98.449
7484       (1 0 2 3 2 1 1)              98.449
7485       (1 0 1 2 1 1 1)              98.449
7486       (1 0 3 1 2 1 2)              98.449
7487       (1 0 1 2 1 1 1)              98.449
7488       (1 0 2 3 2 1 2)              98.450
7489       (1 0 2 3 2 1 2)              98.450
7490       (1 0 1 2 0 0 1)              98.450
7491       (1 0 3 1 2 1 2)              98.450
7492       (1 0 1 2 1 1 1)              98.451
7493       (1 0 1 2 1 1 1)              98.451
7494       (1 0 2 3 1 0 1)              98.451
7495       (1 0 3 1 2 1 2)              98.451
7496       (1 0 1 2 1 1 1)              98.451
7497       (1 0 2 3 2 1 2)              98.452
7498       (1 0 2 3 2 1 2)              98.452
7499       (1 0 2 3 2 1 2)              98.452
7500       (1 0 1 2 1 1 1)              98.452
7501       (1 0 2 3 2 1 2)              98.452
7502       (1 0 3 1 2 1 2)              98.453
7503       (1 0 2 2 0 0 1)              98.449
7504       (1 0 2 3 1 0 1)              98.449
7505       (1 0 0 0 2 2 1)              98.449
7506       (1 0 2 3 2 1 2)              98.450
7507       (1 0 1 2 1 1 1)              98.450
7508       (1 0 1 2 1 1 1)              98.450
7509       (1 0 1 2 1 2 1)              98.450
7510       (1 0 1 2 1 1 1)              98.447
7511       (1 0 2 3 2 1 2)              98.447
7512       (1 0 3 1 2 1 2)              98.447
7513       (1 0 2 3 1 1 1)              98.447
7514       (1 0 1 2 1 1 1)              98.447
7515       (1 0 1 2 1 1 1)              98.448
7516       (1 0 3 1 2 1 2)              98.448
7517       (1 0 2 3 2 1 2)              98.448
7518       (1 0 2 3 2 1 2)              98.448
7519       (1 0 2 3 2 1 2)              98.448
7520       (1 0 3 1 2 1 1)              98.449
7521       (1 0 1 2 1 1 1)              98.449
7522       (1 0 2 3 2 1 2)              98.449
7523       (1 0 1 2 1 1 1)              98.449
7524       (1 0 2 3 2 1 2)              98.450
7525       (1 0 3 1 2 1 2)              98.450
7526       (1 0 2 3 2 1 2)              98.450
7527       (1 0 2 3 2 1 2)              98.450
7528       (1 0 3 1 2 1 2)              98.450
7529       (1 0 2 3 1 2 1)              98.451
7530       (1 0 1 2 1 1 1)              98.451
7531       (1 0 2 3 2 1 2)              98.451
7532       (1 0 2 3 2 1 2)              98.451
7533       (1 0 2 3 1 1 1)              98.449
7534       (1 0 2 3 2 1 1)              98.450
7535       (1 0 2 3 2 1 2)              98.450
7536       (1 0 2 3 2 1 2)              98.450
7537       (1 0 3 1 2 1 2)              98.450
7538       (1 0 3 1 2 1 2)              98.451
7539       (1 0 3 1 2 1 2)              98.449
7540       (1 0 2 3 2 1 2)              98.449
7541       (1 0 3 1 2 1 2)              98.449
7542       (1 0 2 3 2 1 1)              98.449
7543       (1 0 3 1 2 1 2)              98.450
7544       (1 0 3 1 2 1 2)              98.450
7545       (1 0 1 2 1 1 1)              98.450
7546       (1 0 2 3 2 1 2)              98.450
7547       (1 0 2 3 1 1 1)              98.450
7548       (1 0 3 1 2 1 2)              98.449
7549       (1 0 3 1 2 1 2)              98.449
7550       (1 0 2 3 2 1 1)              98.449
7551       (1 0 2 3 2 1 2)              98.449
7552       (1 0 1 2 1 1 1)              98.450
7553       (1 0 3 1 2 1 2)              98.450
7554       (1 0 2 3 1 1 1)              98.448
7555       (1 0 3 1 2 1 2)              98.448
7556       (1 0 3 1 2 1 2)              98.449
7557       (1 0 2 3 2 1 2)              98.449
7558       (1 0 1 2 1 1 1)              98.449
7559       (1 0 3 1 2 1 2)              98.447
7560       (1 0 1 2 1 1 1)              98.447
7561       (1 0 2 3 2 1 2)              98.448
7562       (1 0 3 1 2 1 2)              98.448
7563       (1 0 1 2 0 0 1)              98.448
7564       (1 0 1 2 1 1 1)              98.448
7565       (1 0 2 3 2 1 2)              98.445
7566       (1 0 3 1 2 1 2)              98.445
7567       (1 0 2 3 1 1 0)              98.443
7568       (1 0 3 1 1 1 1)              98.443
7569       (1 0 2 3 2 1 2)              98.444
7570       (1 0 3 1 1 1 1)              98.444
7571       (1 0 2 3 2 1 2)              98.444
7572       (1 0 3 1 2 1 2)              98.444
7573       (1 0 2 3 2 1 2)              98.444
7574       (1 0 3 1 1 2 1)              98.445
7575       (1 0 1 2 1 2 1)              98.445
7576       (1 0 2 3 2 1 2)              98.445
7577       (1 0 2 3 2 1 1)              98.443
7578       (1 0 2 3 2 1 2)              98.440
7579       (1 0 1 2 1 1 1)              98.440
7580       (1 0 2 3 2 1 2)              98.440
7581       (1 0 2 3 2 1 2)              98.440
7582       (1 0 2 3 1 1 1)              98.437
7583       (1 0 2 3 2 1 2)              98.437
7584       (1 0 3 1 2 1 1)              98.437
7585       (1 0 3 1 2 1 2)              98.437
7586       (1 0 2 3 2 1 2)              98.438
7587       (1 0 2 3 1 2 0)              98.436
7588       (1 0 2 3 2 1 2)              98.436
7589       (1 0 1 2 1 1 1)              98.436
7590       (1 0 3 1 2 1 2)              98.437
7591       (1 0 2 3 2 1 1)              98.437
7592       (1 0 1 2 1 1 1)              98.437
7593       (1 0 3 1 2 1 2)              98.437
7594       (1 0 2 3 2 1 2)              98.437
7595       (1 0 0 0 1 0 1)              98.438
7596       (1 0 3 1 2 1 1)              98.438
7597       (1 0 2 3 2 1 2)              98.438
7598       (1 0 2 3 2 1 2)              98.438
7599       (1 0 2 3 2 1 2)              98.438
7600       (1 0 2 3 2 1 1)              98.439
7601       (1 0 2 3 2 1 2)              98.435
7602       (1 0 3 1 2 1 2)              98.435
7603       (1 0 1 2 1 1 1)              98.436
7604       (1 0 3 1 2 1 2)              98.436
7605       (1 0 2 3 1 2 0)              98.436
7606       (1 0 1 2 2 2 1)              98.436
7607       (1 0 2 3 2 1 2)              98.436
7608       (1 0 2 3 2 1 2)              98.437
7609       (1 0 3 1 2 1 2)              98.437
7610       (1 0 2 3 1 1 1)              98.437
7611       (1 0 2 3 2 1 2)              98.437
7612       (1 0 2 3 2 2 1)              98.437
7613       (1 0 1 2 1 1 1)              98.438
7614       (1 0 2 3 2 1 2)              98.438
7615       (1 0 2 3 2 2 1)              98.438
7616       (1 0 2 3 1 2 0)              98.436
7617       (1 0 3 1 2 1 2)              98.437
7618       (1 0 2 3 1 2 1)              98.437
7619       (1 0 2 3 2 1 2)              98.437
7620       (1 0 3 1 2 1 2)              98.437
7621       (1 0 2 3 2 1 2)              98.437
7622       (1 0 2 3 1 2 1)              98.438
7623       (1 0 1 2 1 1 1)              98.438
7624       (1 0 2 3 2 1 2)              98.438
7625       (1 0 2 3 2 1 2)              98.438
7626       (1 0 2 3 2 1 2)              98.438
7627       (1 0 2 3 2 1 2)              98.439
7628       (1 0 1 2 1 1 1)              98.439
7629       (1 0 2 3 2 1 2)              98.439
7630       (1 0 3 1 1 2 1)              98.439
7631       (1 0 3 1 2 1 2)              98.439
7632       (1 0 1 2 1 1 1)              98.440
7633       (1 0 3 1 2 1 1)              98.440
7634       (1 0 3 1 2 1 2)              98.440
7635       (1 0 0 0 1 0 1)              98.440
7636       (1 0 3 1 2 1 2)              98.440
7637       (1 0 3 1 2 1 2)              98.439
7638       (1 0 2 3 2 1 2)              98.439
7639       (1 0 2 3 2 1 2)              98.439
7640       (1 0 0 4 1 2 0)              98.436
7641       (1 0 2 3 2 1 2)              98.436
7642       (1 0 2 3 2 1 2)              98.436
7643       (1 0 3 1 1 2 1)              98.436
7644       (1 0 1 2 1 1 1)              98.436
7645       (1 0 2 3 2 1 2)              98.435
7646       (1 0 2 3 1 2 1)              98.435
7647       (1 0 2 3 2 1 2)              98.431
7648       (1 0 2 3 2 1 2)              98.432
7649       (1 0 1 2 1 1 1)              98.432
7650       (1 0 2 3 1 1 1)              98.428
7651       (1 0 2 3 2 1 2)              98.429
7652       (1 0 1 2 1 1 1)              98.429
7653       (1 0 2 3 2 1 2)              98.427
7654       (1 0 2 3 2 1 2)              98.427
7655       (1 0 2 3 1 2 1)              98.427
7656       (1 0 1 2 1 1 1)              98.428
7657       (1 0 2 3 2 1 2)              98.428
7658       (1 0 3 1 1 1 1)              98.428
7659       (1 0 3 1 2 1 2)              98.426
7660       (1 0 1 2 1 1 1)              98.427
7661       (1 0 0 0 1 2 0)              98.427
7662       (1 0 1 2 1 1 1)              98.427
7663       (1 0 3 1 2 1 2)              98.427
7664       (1 0 2 3 2 1 2)              98.427
7665       (1 0 1 2 1 2 0)              98.428
7666       (1 0 2 3 1 1 1)              98.426
7667       (1 0 1 2 1 1 1)              98.426
7668       (1 0 3 1 2 1 2)              98.426
7669       (1 0 3 1 2 1 2)              98.427
7670       (1 0 3 1 2 1 2)              98.427
7671       (1 0 1 2 1 1 1)              98.427
7672       (1 0 3 1 1 2 1)              98.427
7673       (1 0 2 3 1 2 1)              98.427
7674       (1 0 3 1 2 1 2)              98.426
7675       (1 0 2 3 2 1 2)              98.426
7676       (1 0 2 3 1 2 1)              98.426
7677       (1 0 1 2 1 1 1)              98.426
7678       (1 0 2 3 2 1 2)              98.427
7679       (1 0 1 2 1 1 1)              98.427
7680       (1 0 2 3 2 1 1)              98.427
7681       (1 0 1 2 1 1 1)              98.427
7682       (1 0 2 3 2 1 2)              98.427
7683       (1 0 2 3 1 1 1)              98.428
7684       (1 0 3 1 2 1 2)              98.428
7685       (1 0 2 3 2 1 2)              98.428
7686       (1 0 1 2 1 2 1)              98.426
7687       (1 0 1 2 1 1 1)              98.427
7688       (1 0 1 2 1 2 1)              98.427
7689       (1 0 3 1 2 1 2)              98.427
7690       (1 0 2 3 2 1 2)              98.427
7691       (1 0 2 3 2 1 1)              98.427
7692       (1 0 3 1 2 1 2)              98.428
7693       (1 0 2 3 1 1 1)              98.428
7694       (1 0 3 1 2 1 2)              98.428
7695       (1 0 3 1 2 1 2)              98.428
7697       (1 0 1 2 1 1 1)              98.428
7698       (1 0 2 3 2 1 2)              98.429
7699       (1 0 2 3 2 1 1)              98.427
7701       (1 0 2 3 2 1 2)              98.427
7702       (1 0 2 3 2 1 2)              98.427
7703       (1 0 2 3 2 1 2)              98.428
7704       (1 0 2 3 2 1 2)              98.428
7705       (1 0 2 3 2 1 1)              98.426
7706       (1 0 2 3 2 1 2)              98.426
7707       (1 0 2 3 2 1 2)              98.425
7708       (1 0 3 1 2 1 2)              98.423
7709       (1 0 2 3 2 1 2)              98.423
7710       (1 0 2 3 2 1 2)              98.423
7711       (1 0 2 3 1 2 1)              98.422
7712       (1 0 2 3 2 1 2)              98.422
7713       (1 0 1 2 1 1 1)              98.422
7715       (1 0 2 3 2 1 2)              98.422
7716       (1 0 1 2 1 1 1)              98.423
7717       (1 0 2 3 2 1 2)              98.423
7718       (1 0 1 2 0 0 1)              98.423
7719       (1 0 2 3 2 1 1)              98.423
7720       (1 0 1 2 1 1 1)              98.423
7721       (1 0 2 3 2 1 2)              98.424
7722       (1 0 1 2 1 1 1)              98.424
7723       (1 0 1 2 1 1 1)              98.424
7724       (1 0 2 3 2 1 2)              98.424
7725       (1 0 3 1 2 1 2)              98.424
7726       (1 0 3 1 2 1 2)              98.425
7727       (1 0 1 2 1 1 1)              98.425
7728       (1 0 3 1 1 1 1)              98.425
7729       (1 0 1 2 1 1 1)              98.425
7730       (1 0 1 2 1 1 1)              98.425
7731       (1 0 3 1 2 1 2)              98.426
7732       (1 0 2 3 1 2 1)              98.426
7733       (1 0 2 3 2 1 2)              98.426
7734       (1 0 3 1 2 1 2)              98.426
7735       (1 0 2 3 2 1 2)              98.426
7736       (1 0 3 1 2 1 2)              98.427
7737       (1 0 2 3 2 1 2)              98.427
7738       (1 0 2 3 2 1 2)              98.427
7739       (1 0 2 3 1 1 1)              98.427
7740       (1 0 2 3 2 1 2)              98.428
7741       (1 0 3 1 2 1 2)              98.428
7742       (1 0 3 1 1 1 1)              98.428
7743       (1 0 3 1 2 1 2)              98.428
7744       (1 0 2 3 2 1 1)              98.426
7745       (1 0 0 0 2 2 1)              98.427
7746       (1 0 1 2 0 0 1)              98.427
7747       (1 0 1 2 1 1 1)              98.427
7748       (1 0 2 3 2 1 2)              98.427
7749       (1 0 1 2 1 2 0)              98.427
7750       (1 0 2 3 2 1 2)              98.428
7751       (1 0 2 3 2 1 2)              98.428
7752       (1 0 2 3 2 1 2)              98.428
7753       (1 0 0 0 1 2 0)              98.428
7754       (1 0 1 2 1 1 1)              98.429
7755       (1 0 1 2 0 0 1)              98.429
7756       (1 0 2 3 2 1 2)              98.429
7757       (1 0 2 3 2 1 2)              98.429
7758       (1 0 3 1 2 1 2)              98.429
7759       (1 0 3 1 2 1 2)              98.430
7760       (1 0 2 3 2 1 2)              98.430
7761       (1 0 2 3 2 1 2)              98.430
7762       (1 0 2 3 2 1 2)              98.430
7763       (1 0 2 3 2 1 2)              98.430
7764       (1 0 1 2 1 1 1)              98.431
7766       (1 0 2 3 1 2 1)              98.431
7767       (1 0 1 2 1 1 1)              98.431
7768       (1 0 3 1 2 1 2)              98.431
7769       (1 0 2 3 1 2 1)              98.431
7770       (1 0 4 1 1 2 1)              98.426
7771       (1 0 1 2 1 1 1)              98.426
7772       (1 0 3 1 2 1 2)              98.426
7773       (1 0 2 3 2 1 2)              98.427
7774       (1 0 3 1 2 1 2)              98.427
7775       (1 0 2 3 2 1 2)              98.427
7776       (1 0 2 3 2 1 2)              98.427
7777       (1 0 2 3 1 2 1)              98.427
7778       (1 0 2 3 2 1 2)              98.428
7779       (1 0 2 3 1 2 1)              98.428
7780       (1 0 2 3 1 2 1)              98.428
7781       (1 0 0 0 1 2 0)              98.428
7782       (1 0 3 1 2 1 2)              98.428
7783       (1 0 2 3 1 1 1)              98.429
7784       (1 0 2 3 2 1 2)              98.429
7785       (1 0 3 1 2 1 2)              98.429
7786       (1 0 3 1 2 1 1)              98.429
7787       (1 0 3 1 2 1 2)              98.429
7788       (1 0 1 2 1 1 1)              98.430
7789       (1 0 1 2 1 1 1)              98.430
7790       (1 0 2 3 2 1 2)              98.430
7791       (1 0 2 3 2 1 2)              98.430
7792       (1 0 1 2 1 1 1)              98.430
7793       (1 0 3 1 2 1 2)              98.431
7794       (1 0 1 2 1 1 1)              98.431
7795       (1 0 1 2 1 1 1)              98.431
7796       (1 0 2 3 2 1 2)              98.431
7797       (1 0 2 3 2 1 1)              98.431
7798       (1 0 3 1 1 1 1)              98.432
7799       (1 0 2 3 2 1 2)              98.432
7800       (1 0 1 2 1 2 1)              98.432
7801       (1 0 1 2 1 1 1)              98.432
7802       (1 0 1 2 1 1 1)              98.433
7803       (1 0 1 2 1 1 1)              98.433
7804       (1 0 3 1 2 1 2)              98.433
7805       (1 0 2 3 2 1 2)              98.433
7806       (1 0 2 3 2 1 2)              98.433
7807       (1 0 3 1 2 1 2)              98.434
7808       (1 0 3 1 2 1 2)              98.434
7809       (1 0 2 3 2 1 2)              98.434
7810       (1 0 3 1 2 1 2)              98.434
7811       (1 0 3 1 2 1 2)              98.434
7812       (1 0 1 2 1 1 1)              98.435
7813       (1 0 0 0 1 2 0)              98.435
7814       (1 0 1 2 1 1 1)              98.431
7815       (1 0 3 1 1 1 1)              98.431
7816       (1 0 1 2 1 1 1)              98.432
7817       (1 0 2 3 2 1 1)              98.430
7818       (1 0 2 3 2 1 2)              98.430
7819       (1 0 2 3 2 1 2)              98.430
7820       (1 0 2 3 1 2 1)              98.431
7821       (1 0 2 3 1 1 1)              98.431
7822       (1 0 1 2 1 1 1)              98.431
7823       (1 0 1 2 1 1 1)              98.431
7824       (1 0 1 2 1 2 0)              98.431
7825       (1 0 2 3 2 1 2)              98.432
7826       (1 0 2 3 1 1 1)              98.432
7827       (1 0 2 3 2 1 2)              98.432
7828       (1 0 2 3 2 1 2)              98.432
7829       (1 0 2 3 1 2 1)              98.432
7830       (1 0 1 2 1 1 1)              98.433
7831       (1 0 2 3 1 1 1)              98.433
7832       (1 0 2 3 2 1 1)              98.433
7833       (1 0 2 3 2 1 2)              98.433
7834       (1 0 3 1 2 1 1)              98.433
7835       (1 0 2 3 1 1 1)              98.434
7836       (1 0 0 0 1 2 0)              98.434
7837       (1 0 3 1 1 1 1)              98.430
7838       (1 0 1 2 1 1 1)              98.431
7839       (1 0 2 3 2 1 2)              98.431
7840       (1 0 1 2 1 1 1)              98.431
7841       (1 0 2 3 2 1 2)              98.431
7842       (1 0 1 2 1 1 1)              98.431
7843       (1 0 2 3 2 1 1)              98.430
7844       (1 0 2 3 2 1 2)              98.430
7845       (1 0 2 3 2 1 2)              98.430
7846       (1 0 2 3 1 2 1)              98.430
7847       (1 0 3 1 2 1 2)              98.431
7848       (1 0 2 3 2 1 2)              98.431
7849       (1 0 2 3 2 1 2)              98.431
7850       (1 0 3 1 1 2 1)              98.431
7851       (1 0 1 2 1 1 1)              98.431
7852       (1 0 2 3 1 1 1)              98.432
7853       (1 0 2 3 2 1 1)              98.432
7854       (1 0 2 3 2 1 2)              98.432
7855       (1 0 2 3 2 1 2)              98.432
7856       (1 0 3 1 2 1 2)              98.432
7857       (1 0 3 1 2 1 2)              98.433
7858       (1 0 2 3 2 1 2)              98.433
7859       (1 0 2 3 2 1 2)              98.433
7860       (1 0 1 2 1 1 1)              98.433
7861       (1 0 2 3 2 1 2)              98.433
7862       (1 0 2 3 2 1 2)              98.434
7863       (1 0 2 3 2 1 2)              98.434
7864       (1 0 2 3 2 1 2)              98.434
7865       (1 0 3 1 2 1 2)              98.432
7866       (1 0 2 3 2 2 1)              98.433
7867       (1 0 1 2 1 1 1)              98.433
7868       (1 0 2 3 2 1 2)              98.433
7869       (1 0 1 2 1 2 1)              98.433
7870       (1 0 1 2 1 1 1)              98.433
7871       (1 0 2 3 2 1 2)              98.434
7872       (1 0 2 3 1 1 1)              98.434
7873       (1 0 1 2 1 1 1)              98.434
7874       (1 0 2 3 2 1 2)              98.434
7875       (1 0 1 2 1 2 0)              98.434
7876       (1 0 3 1 2 1 1)              98.435
7877       (1 0 1 2 1 1 1)              98.435
7878       (1 0 2 3 2 1 2)              98.435
7879       (1 0 1 2 1 1 1)              98.435
7880       (1 0 2 3 2 1 2)              98.435
7881       (1 0 2 1 1 2 1)              98.430
7882       (1 0 2 3 2 1 2)              98.430
7883       (1 0 3 1 2 1 2)              98.427
7884       (1 0 3 1 2 1 2)              98.427
7885       (1 0 2 3 2 1 2)              98.427
7886       (1 0 2 3 2 1 1)              98.427
7887       (1 0 3 1 2 1 2)              98.428
7888       (1 0 2 3 2 1 2)              98.428
7889       (1 0 2 3 2 1 1)              98.426
7890       (1 0 1 2 1 1 1)              98.426
7891       (1 0 2 3 2 1 2)              98.427
7892       (1 0 2 3 2 1 2)              98.427
7893       (1 0 2 3 1 2 1)              98.427
7894       (1 0 2 3 2 1 2)              98.427
7895       (1 0 3 1 2 1 2)              98.427
7896       (1 0 2 3 2 1 2)              98.428
7897       (1 0 2 3 2 1 1)              98.428
7898       (1 0 3 1 2 1 2)              98.428
7899       (1 0 2 3 2 1 2)              98.428
7900       (1 0 1 2 1 1 1)              98.428
7901       (1 0 3 1 2 1 1)              98.429
7902       (1 0 2 3 2 1 1)              98.427
7903       (1 0 1 2 1 1 1)              98.427
7904       (1 0 2 3 2 1 2)              98.427
7905       (1 0 0 0 1 2 0)              98.428
7906       (1 0 2 3 1 2 1)              98.428
7907       (1 0 2 3 2 1 2)              98.428
7908       (1 0 2 3 2 1 2)              98.428
7909       (1 0 3 1 2 1 2)              98.428
7910       (1 0 2 3 2 2 1)              98.429
7911       (1 0 2 3 2 1 2)              98.429
7912       (1 0 3 1 2 1 2)              98.429
7913       (1 0 2 3 2 1 2)              98.429
7914       (1 0 3 1 2 1 2)              98.429
7916       (1 0 1 2 1 1 1)              98.430
7917       (1 0 2 3 2 1 2)              98.430
7918       (1 0 2 3 2 1 1)              98.430
7919       (1 0 3 1 2 1 2)              98.430
7920       (1 0 1 2 0 0 1)              98.430
7921       (1 0 1 2 1 1 1)              98.431
7922       (1 0 3 1 2 1 2)              98.431
7923       (1 0 2 3 1 0 2)              98.429
7924       (1 0 2 3 1 1 1)              98.426
7925       (1 0 2 3 2 1 2)              98.426
7926       (1 0 2 3 2 1 2)              98.426
7927       (1 0 2 3 2 1 2)              98.426
7928       (1 0 2 3 1 2 1)              98.427
7929       (1 0 3 1 2 1 2)              98.427
7930       (1 0 2 3 2 1 2)              98.427
7931       (1 0 2 3 2 1 2)              98.427
7932       (1 0 3 1 2 1 2)              98.427
7933       (1 0 1 2 1 1 1)              98.428
7934       (1 0 1 2 1 1 1)              98.428
7935       (1 0 3 1 2 1 2)              98.428
7936       (1 0 2 3 2 1 2)              98.428
7937       (1 0 2 3 2 1 2)              98.428
7938       (1 0 2 3 2 1 2)              98.429
7939       (1 0 3 1 2 1 2)              98.427
7940       (1 0 3 1 2 1 2)              98.425
7941       (1 0 2 3 2 1 2)              98.426
7942       (1 0 2 3 2 1 2)              98.426
7943       (1 0 2 3 1 2 1)              98.426
7944       (1 0 2 3 2 1 2)              98.426
7945       (1 0 2 3 2 1 1)              98.426
7946       (1 0 2 3 2 1 1)              98.427
7947       (1 0 1 2 1 1 1)              98.427
7948       (1 0 1 2 2 2 1)              98.427
7949       (1 0 1 2 1 1 1)              98.427
7950       (1 0 2 3 2 1 2)              98.427
7951       (1 0 2 3 1 0 2)              98.428
7952       (1 0 1 2 1 1 1)              98.428
7953       (1 0 2 3 2 1 2)              98.428
7954       (1 0 2 3 1 1 1)              98.426
7955       (1 0 1 2 1 1 1)              98.427
7956       (1 0 1 2 1 1 1)              98.427
7957       (1 0 0 0 1 2 1)              98.427
7958       (1 0 3 1 2 1 2)              98.427
7959       (1 0 3 1 2 1 2)              98.426
7960       (1 0 3 1 2 1 2)              98.426
7961       (1 0 2 3 2 1 2)              98.426
7962       (1 0 3 1 1 1 1)              98.426
7963       (1 0 2 3 2 1 2)              98.426
7964       (1 0 2 3 2 1 2)              98.427
7965       (1 0 1 2 1 1 1)              98.427
7966       (1 0 2 3 2 1 2)              98.427
7967       (1 0 2 3 2 1 2)              98.427
7968       (1 0 3 1 2 1 2)              98.427
7969       (1 0 3 1 1 1 1)              98.427
7970       (1 0 1 2 1 2 1)              98.426
7971       (1 0 2 3 2 1 2)              98.426
7972       (1 0 2 3 1 1 1)              98.424
7973       (1 0 2 3 2 1 2)              98.425
7974       (1 0 2 3 2 1 2)              98.425
7975       (1 0 1 2 1 1 1)              98.425
7976       (1 0 3 1 2 1 2)              98.425
7977       (1 0 1 2 1 1 1)              98.425
7978       (1 0 3 1 1 2 1)              98.426
7979       (1 0 3 1 2 1 2)              98.426
7980       (1 0 2 3 2 1 2)              98.426
7981       (1 0 1 2 1 1 1)              98.426
7982       (1 0 3 1 2 1 2)              98.426
7983       (1 0 3 1 2 1 1)              98.427
7984       (1 0 3 1 2 1 2)              98.427
7985       (1 0 2 3 2 1 2)              98.427
7986       (1 0 3 1 2 1 2)              98.425
7987       (1 0 1 2 1 1 1)              98.426
7988       (1 0 2 3 2 1 2)              98.426
7989       (1 0 2 3 2 1 2)              98.426
7990       (1 0 1 2 1 1 1)              98.426
7991       (1 0 2 3 1 1 1)              98.426
7992       (1 0 3 1 2 1 2)              98.427
7993       (1 0 2 3 1 2 1)              98.427
7994       (1 0 2 3 2 1 2)              98.427
7995       (1 0 3 1 2 1 2)              98.427
7996       (1 0 2 3 2 1 1)              98.427
7997       (1 0 1 2 1 1 1)              98.428
7998       (1 0 2 3 2 1 2)              98.428
7999       (1 0 3 1 2 1 2)              98.428
8000       (1 0 3 1 0 0 1)              98.423
8001       (1 0 1 2 1 1 1)              98.423
8002       (1 0 2 3 2 1 2)              98.423
8003       (1 0 1 2 1 1 1)              98.423
8004       (1 0 2 3 2 1 2)              98.424
8005       (1 0 2 3 2 1 2)              98.424
8006       (1 0 2 3 2 1 2)              98.424
8007       (1 0 3 1 2 1 2)              98.424
8008       (1 0 2 3 1 2 1)              98.424
8009       (1 0 1 2 1 1 1)              98.425
8010       (1 0 3 1 2 1 2)              98.425
8011       (1 0 2 3 2 1 2)              98.425
8012       (1 0 3 1 2 1 2)              98.425
8013       (1 0 1 2 1 1 1)              98.425
8014       (1 0 1 2 1 2 1)              98.426
8015       (1 0 2 3 1 2 1)              98.426
8016       (1 0 2 3 1 2 1)              98.426
8017       (1 0 1 2 1 2 0)              98.426
8018       (1 0 1 2 1 1 1)              98.426
8019       (1 0 1 1 0 0 1)              98.423
8020       (1 0 2 3 2 1 1)              98.423
8021       (1 0 3 1 2 1 2)              98.422
8022       (1 0 3 1 2 1 2)              98.422
8023       (1 0 3 1 2 1 2)              98.422
8024       (1 0 2 3 2 1 2)              98.422
8025       (1 0 1 2 1 1 1)              98.422
8026       (1 0 1 2 2 2 1)              98.423
8027       (1 0 3 1 2 1 2)              98.423
8028       (1 0 0 0 2 2 1)              98.423
8029       (1 0 3 1 1 0 1)              98.420
8030       (1 0 3 1 2 1 2)              98.420
8031       (1 0 1 2 1 1 1)              98.420
8032       (1 0 1 2 1 1 1)              98.420
8033       (1 0 1 2 1 1 1)              98.420
8034       (1 0 2 3 2 1 2)              98.421
8035       (1 0 2 3 2 1 2)              98.421
8036       (1 0 2 3 2 1 2)              98.421
8037       (1 0 2 3 1 2 1)              98.421
8038       (1 0 2 3 1 1 1)              98.418
8039       (1 0 1 2 1 1 1)              98.418
8040       (1 0 2 3 2 1 2)              98.418
8041       (1 0 3 1 2 1 2)              98.418
8042       (1 0 3 1 2 1 2)              98.419
8043       (1 0 2 3 2 1 2)              98.419
8044       (1 0 2 3 2 1 2)              98.419
8045       (1 0 3 1 2 1 2)              98.419
8046       (1 0 2 3 2 1 2)              98.419
8047       (1 0 3 1 2 1 2)              98.420
8048       (1 0 2 3 2 1 2)              98.420
8049       (1 0 2 3 2 1 1)              98.420
8050       (1 0 3 1 2 1 2)              98.420
8051       (1 0 1 2 1 1 1)              98.420
8052       (1 0 2 3 2 1 2)              98.421
8053       (1 0 2 3 2 1 2)              98.421
8054       (1 0 2 3 2 1 2)              98.421
8055       (1 0 3 1 2 1 2)              98.421
8056       (1 0 2 3 2 1 2)              98.421
8057       (1 0 1 2 1 1 1)              98.422
8058       (1 0 2 3 2 1 2)              98.422
8059       (1 0 1 2 1 1 1)              98.422
8060       (1 0 3 1 2 1 2)              98.420
8061       (1 0 1 2 1 1 1)              98.421
8062       (1 0 2 3 2 1 2)              98.421
8063       (1 0 2 3 1 2 1)              98.421
8064       (1 0 3 1 2 1 2)              98.421
8065       (1 0 2 3 2 1 2)              98.421
8066       (1 0 0 0 1 2 0)              98.422
8067       (1 0 1 2 1 1 1)              98.422
8068       (1 0 2 3 1 2 1)              98.422
8069       (1 0 1 2 1 1 1)              98.422
8070       (1 0 2 3 2 1 2)              98.422
8071       (1 0 2 3 2 1 2)              98.423
8072       (1 0 2 3 2 1 2)              98.423
8073       (1 0 2 3 2 1 2)              98.423
8074       (1 0 1 2 1 1 1)              98.423
8075       (1 0 3 1 2 1 1)              98.423
8076       (1 0 2 3 1 2 1)              98.424
8077       (1 0 3 1 2 1 2)              98.422
8078       (1 0 1 2 1 1 1)              98.422
8079       (1 0 3 1 2 1 2)              98.422
8080       (1 0 3 1 2 1 2)              98.423
8081       (1 0 1 2 1 1 1)              98.423
8082       (1 0 2 3 1 2 1)              98.423
8083       (1 0 2 3 2 1 2)              98.423
8084       (1 0 3 1 1 1 1)              98.423
8085       (1 0 2 3 2 1 2)              98.424
8086       (1 0 2 3 2 1 2)              98.424
8087       (1 0 2 3 2 1 2)              98.424
8088       (1 0 2 3 2 1 2)              98.424
8089       (1 0 2 3 2 1 2)              98.424
8090       (1 0 2 3 2 1 2)              98.425
8091       (1 0 1 2 1 1 1)              98.425
8092       (1 0 1 2 1 1 1)              98.425
8093       (1 0 2 3 2 2 1)              98.425
8094       (1 0 2 3 2 1 2)              98.425
8095       (1 0 1 2 1 1 1)              98.425
8096       (1 0 2 3 1 2 1)              98.426
8097       (1 0 2 3 1 0 1)              98.424
8098       (1 0 2 3 2 1 2)              98.424
8099       (1 0 3 1 2 1 2)              98.424
8100       (1 0 2 3 2 1 2)              98.425
8101       (1 0 3 1 2 1 2)              98.425
8102       (1 0 3 1 2 1 1)              98.425
8103       (1 0 3 1 2 1 1)              98.425
8104       (1 0 2 3 2 1 2)              98.425
8105       (1 0 2 3 2 1 2)              98.426
8106       (1 0 2 3 2 1 2)              98.426
8107       (1 0 2 3 2 1 2)              98.426
8108       (1 0 2 3 2 1 2)              98.426
8109       (1 0 3 1 2 1 2)              98.426
8110       (1 0 2 3 2 1 2)              98.427
8111       (1 0 2 3 1 1 1)              98.427
8112       (1 0 2 3 2 1 2)              98.427
8113       (1 0 1 2 1 2 1)              98.425
8114       (1 0 2 3 1 2 1)              98.426
8115       (1 0 3 1 2 1 2)              98.426
8116       (1 0 3 1 2 1 2)              98.424
8117       (1 0 2 3 2 1 1)              98.424
8118       (1 0 2 3 1 1 1)              98.425
8119       (1 0 2 3 2 1 1)              98.425
8120       (1 0 3 1 2 1 2)              98.425
8121       (1 0 2 3 1 1 1)              98.422
8122       (1 0 3 1 2 1 1)              98.422
8123       (1 0 3 1 2 1 2)              98.422
8124       (1 0 3 1 2 1 2)              98.422
8125       (1 0 1 2 1 1 1)              98.423
8126       (1 0 2 3 2 1 2)              98.423
8127       (1 0 2 3 2 1 2)              98.423
8128       (1 0 2 3 2 1 1)              98.423
8129       (1 0 3 1 2 1 1)              98.423
8130       (1 0 3 1 2 1 1)              98.423
8131       (1 0 3 1 2 1 2)              98.424
8132       (1 0 2 3 2 1 2)              98.424
8133       (1 0 2 3 2 1 2)              98.424
8134       (1 0 2 3 1 2 1)              98.424
8135       (1 0 2 3 2 1 2)              98.424
8136       (1 0 2 3 2 1 2)              98.425
8137       (1 0 2 3 2 1 2)              98.425
8138       (1 0 2 3 2 1 2)              98.425
8139       (1 0 1 2 1 1 1)              98.425
8140       (1 0 2 3 1 1 0)              98.424
8141       (1 0 2 3 2 1 1)              98.424
8142       (1 0 3 1 2 1 2)              98.424
8143       (1 0 3 1 2 1 2)              98.422
8144       (1 0 2 3 2 1 2)              98.423
8145       (1 0 0 0 1 2 0)              98.423
8146       (1 0 2 3 2 1 2)              98.423
8147       (1 0 3 1 2 1 2)              98.423
8148       (1 0 1 2 1 1 1)              98.423
8149       (1 0 2 3 1 2 1)              98.424
8150       (1 0 2 3 1 1 1)              98.424
8151       (1 0 1 2 1 1 1)              98.424
8152       (1 0 1 2 1 1 1)              98.424
8153       (1 0 2 3 2 1 2)              98.424
8154       (1 0 2 3 2 1 2)              98.425
8155       (1 0 2 3 2 1 2)              98.425
8156       (1 0 2 3 2 1 2)              98.425
8157       (1 0 2 3 1 2 1)              98.425
8158       (1 0 2 3 2 1 2)              98.425
8159       (1 0 3 1 2 1 2)              98.426
8160       (1 0 2 3 1 2 1)              98.426
8161       (1 0 2 3 2 1 1)              98.426
8162       (1 0 2 3 1 1 1)              98.423
8163       (1 0 2 3 2 1 2)              98.423
8164       (1 0 3 1 2 1 2)              98.421
8165       (1 0 2 3 2 1 2)              98.421
8166       (1 0 3 1 2 1 2)              98.422
8167       (1 0 2 3 2 1 2)              98.422
8168       (1 0 1 2 1 1 1)              98.422
8169       (1 0 1 2 1 1 1)              98.422
8170       (1 0 1 2 1 1 1)              98.422
8171       (1 0 2 3 2 1 2)              98.423
8172       (1 0 1 2 1 1 1)              98.423
8173       (1 0 2 3 2 1 2)              98.423
8174       (1 0 3 1 2 1 2)              98.423
8175       (1 0 1 2 1 1 1)              98.423
8176       (1 0 2 3 2 1 2)              98.424
8177       (1 0 3 1 1 1 1)              98.424
8178       (1 0 1 2 1 1 1)              98.424
8179       (1 0 2 3 2 1 2)              98.424
8180       (1 0 3 1 2 1 2)              98.424
8181       (1 0 2 3 1 1 1)              98.425
8182       (1 0 3 1 2 1 2)              98.425
8183       (1 0 1 2 1 2 1)              98.423
8184       (1 0 3 1 2 1 2)              98.423
8185       (1 0 3 1 2 1 2)              98.424
8186       (1 0 3 1 2 1 2)              98.424
8187       (1 0 2 3 2 1 2)              98.424
8188       (1 0 1 2 1 1 1)              98.424
8189       (1 0 2 3 2 1 2)              98.424
8190       (1 0 2 3 2 1 2)              98.425
8191       (1 0 2 3 2 1 2)              98.423
8192       (1 0 2 3 1 1 1)              98.423
8193       (1 0 0 0 2 2 1)              98.423
8194       (1 0 3 1 2 1 2)              98.424
8195       (1 0 1 2 1 1 1)              98.424
8196       (1 0 3 1 2 1 2)              98.424
8197       (1 0 2 3 2 1 2)              98.424
8198       (1 0 1 2 1 1 1)              98.424
8199       (1 0 0 0 2 2 1)              98.425
8200       (1 0 0 0 0 0 0)              98.421
8201       (1 0 1 2 1 1 1)              98.421
8202       (1 0 2 3 2 1 2)              98.422
8203       (1 0 1 2 0 0 1)              98.422
8204       (1 0 0 0 1 2 1)              98.422
8205       (1 0 1 2 0 2 1)              98.415
8206       (1 0 1 2 0 0 1)              98.415
8207       (1 0 2 3 2 1 2)              98.416
8208       (1 0 1 2 1 1 1)              98.416
8209       (1 0 2 3 2 1 2)              98.416
8210       (1 0 2 3 2 1 2)              98.416
8211       (1 0 2 3 2 1 2)              98.416
8212       (1 0 2 3 2 1 2)              98.417
8213       (1 0 3 1 2 1 2)              98.417
8214       (1 0 2 3 2 1 2)              98.417
8215       (1 0 1 2 1 1 1)              98.417
8216       (1 0 1 2 1 2 1)              98.417
8217       (1 0 3 1 2 1 2)              98.418
8218       (1 0 0 0 1 2 0)              98.418
8219       (1 0 3 1 1 1 1)              98.418
8220       (1 0 2 3 2 1 1)              98.416
8221       (1 0 3 1 2 1 2)              98.417
8222       (1 0 3 1 2 1 2)              98.415
8223       (1 0 2 3 2 1 2)              98.415
8224       (1 0 2 3 2 1 2)              98.415
8225       (1 0 2 3 2 1 2)              98.416
8226       (1 0 1 2 1 1 1)              98.416
8227       (1 0 0 0 1 2 1)              98.416
8228       (1 0 2 3 2 1 2)              98.416
8229       (1 0 3 1 2 1 2)              98.416
8230       (1 0 2 3 2 1 1)              98.417
8231       (1 0 2 3 2 1 1)              98.417
8232       (1 0 3 1 1 1 1)              98.415
8233       (1 0 2 3 1 2 1)              98.414
8234       (1 0 2 3 1 2 1)              98.414
8235       (1 0 3 1 2 1 2)              98.412
8236       (1 0 2 3 2 1 2)              98.413
8237       (1 0 3 1 2 1 2)              98.413
8238       (1 0 2 3 2 1 2)              98.413
8239       (1 0 2 3 2 1 2)              98.413
8240       (1 0 3 1 2 1 2)              98.413
8241       (1 0 1 2 1 1 1)              98.413
8242       (1 0 2 3 1 2 0)              98.414
8243       (1 0 2 3 2 1 2)              98.414
8244       (1 0 3 1 2 1 2)              98.414
8245       (1 0 3 1 2 1 2)              98.413
8246       (1 0 1 2 1 1 1)              98.413
8247       (1 0 2 3 2 1 1)              98.413
8248       (1 0 2 0 0 0 0)              98.411
8249       (1 0 3 1 1 2 1)              98.412
8250       (1 0 1 2 1 1 1)              98.412
8251       (1 0 1 2 1 1 1)              98.412
8252       (1 0 2 3 2 1 2)              98.412
8253       (1 0 2 3 2 1 2)              98.412
8254       (1 0 2 3 2 1 2)              98.413
8255       (1 0 1 2 1 1 1)              98.413
8256       (1 0 2 3 2 1 2)              98.413
8257       (1 0 2 3 2 1 2)              98.413
8258       (1 0 3 1 2 1 2)              98.412
8259       (1 0 1 2 1 1 1)              98.412
8260       (1 0 2 3 1 1 1)              98.408
8261       (1 0 2 3 2 1 1)              98.409
8262       (1 0 2 3 1 2 1)              98.409
8263       (1 0 1 2 1 1 1)              98.409
8264       (1 0 3 1 2 1 2)              98.409
8265       (1 0 2 3 2 1 2)              98.409
8266       (1 0 2 3 2 1 2)              98.406
8267       (1 0 1 2 1 1 1)              98.406
8268       (1 0 3 1 2 1 1)              98.407
8269       (1 0 1 2 1 1 1)              98.407
8270       (1 0 3 1 1 1 1)              98.407
8271       (1 0 3 1 1 1 1)              98.407
8272       (1 0 3 1 2 1 2)              98.407
8273       (1 0 1 2 1 2 1)              98.406
8274       (1 0 2 3 2 1 2)              98.406
8275       (1 0 2 3 2 1 2)              98.406
8276       (1 0 2 3 2 1 2)              98.406
8277       (1 0 2 3 1 2 1)              98.407
8278       (1 0 2 3 2 1 2)              98.407
8279       (1 0 2 3 2 1 2)              98.407
8280       (1 0 3 1 2 1 2)              98.407
8281       (1 0 2 3 2 1 2)              98.407
8282       (1 0 3 1 2 1 1)              98.408
8283       (1 0 2 3 2 1 2)              98.408
8284       (1 0 2 3 1 2 1)              98.408
8285       (1 0 3 1 2 1 2)              98.408
8286       (1 0 1 2 1 1 1)              98.408
8287       (1 0 1 2 1 1 1)              98.408
8288       (1 0 1 2 1 1 1)              98.409
8289       (1 0 3 1 2 1 2)              98.409
8290       (1 0 1 2 1 1 1)              98.409
8291       (1 0 2 3 1 2 1)              98.409
8292       (1 0 2 3 2 1 2)              98.409
8293       (1 0 2 3 2 1 1)              98.410
8294       (1 0 2 3 2 1 2)              98.410
8295       (1 0 2 3 1 2 1)              98.408
8296       (1 0 3 1 1 1 1)              98.408
8297       (1 0 1 2 0 0 1)              98.409
8298       (1 0 1 2 1 1 1)              98.409
8299       (1 0 2 3 2 1 2)              98.409
8300       (1 0 1 2 1 2 1)              98.409
8301       (1 0 1 2 1 1 1)              98.409
8302       (1 0 2 3 2 1 2)              98.410
8303       (1 0 2 3 2 1 2)              98.410
8304       (1 0 1 2 1 2 1)              98.408
8305       (1 0 2 3 2 1 2)              98.408
8306       (1 0 1 2 1 1 1)              98.409
8307       (1 0 1 2 1 1 1)              98.409
8308       (1 0 1 2 1 1 1)              98.409
8309       (1 0 3 1 2 1 2)              98.409
8310       (1 0 2 3 1 2 1)              98.409
8311       (1 0 2 3 2 1 2)              98.410
8312       (1 0 2 3 1 2 1)              98.410
8313       (1 0 3 1 2 1 2)              98.410
8314       (1 0 2 3 2 1 2)              98.410
8315       (1 0 3 1 2 1 2)              98.410
8316       (1 0 2 3 2 1 2)              98.411
8317       (1 0 2 3 2 1 2)              98.411
8318       (1 0 2 3 2 1 2)              98.411
8319       (1 0 3 1 2 1 2)              98.411
8320       (1 0 1 2 1 1 1)              98.411
8321       (1 0 2 3 2 1 2)              98.412
8322       (1 0 2 3 1 2 1)              98.412
8323       (1 0 3 6 0 0 1)              98.410
8324       (1 0 2 3 2 1 2)              98.410
8325       (1 0 3 1 2 1 2)              98.411
8326       (1 0 3 1 2 1 1)              98.411
8327       (1 0 1 0 0 0 0)              98.406
8328       (1 0 1 1 0 0 1)              98.404
8329       (1 0 1 2 1 1 1)              98.404
8330       (1 0 2 3 2 1 1)              98.405
8331       (1 0 3 1 2 1 1)              98.405
8332       (1 0 1 2 1 1 1)              98.405
8333       (1 0 3 1 2 1 2)              98.405
8334       (1 0 2 3 1 2 1)              98.405
8335       (1 0 2 3 2 1 2)              98.406
8336       (1 0 2 3 2 1 2)              98.406
8337       (1 0 2 3 2 1 2)              98.406
8338       (1 0 2 3 2 1 2)              98.406
8339       (1 0 2 3 1 1 1)              98.403
8340       (1 0 3 1 2 1 2)              98.403
8341       (1 0 3 1 2 1 1)              98.403
8342       (1 0 2 3 2 1 2)              98.404
8343       (1 0 3 1 2 1 2)              98.404
8344       (1 0 2 3 1 1 1)              98.404
8345       (1 0 2 3 2 1 2)              98.404
8346       (1 0 2 3 2 1 2)              98.404
8347       (1 0 1 2 1 1 1)              98.404
8348       (1 0 3 1 2 1 2)              98.405
8349       (1 0 2 3 2 1 2)              98.405
8350       (1 0 3 1 2 1 2)              98.405
8351       (1 0 2 3 2 1 1)              98.405
8352       (1 0 2 3 2 1 2)              98.405
8353       (1 0 1 2 1 1 1)              98.406
8354       (1 0 2 3 2 1 2)              98.406
8355       (1 0 1 2 1 1 1)              98.406
8356       (1 0 2 3 1 1 1)              98.406
8357       (1 0 1 2 1 2 0)              98.406
8358       (1 0 3 1 2 1 2)              98.407
8359       (1 0 2 3 2 1 1)              98.405
8360       (1 0 2 3 2 1 2)              98.405
8361       (1 0 3 1 2 1 2)              98.405
8362       (1 0 3 1 2 1 1)              98.406
8363       (1 0 2 3 2 1 2)              98.406
8364       (1 0 1 2 1 1 1)              98.406
8365       (1 0 3 1 2 1 2)              98.405
8366       (1 0 1 2 1 1 1)              98.405
8367       (1 0 2 3 1 2 1)              98.405
8368       (1 0 2 3 2 1 2)              98.405
8369       (1 0 1 2 1 1 1)              98.405
8370       (1 0 2 3 1 2 1)              98.405
8371       (1 0 3 1 2 1 2)              98.406
8372       (1 0 1 2 1 1 1)              98.406
8373       (1 0 2 3 1 2 1)              98.404
8374       (1 0 3 1 2 1 2)              98.405
8375       (1 0 2 3 2 1 2)              98.405
8376       (1 0 2 3 1 2 1)              98.405
8377       (1 0 3 1 2 1 1)              98.405
8378       (1 0 3 1 2 1 2)              98.404
8379       (1 0 2 3 1 2 1)              98.404
8380       (1 0 3 1 2 1 2)              98.404
8381       (1 0 1 2 1 1 1)              98.404
8382       (1 0 1 2 1 1 1)              98.404
8383       (1 0 2 3 2 1 2)              98.405
8384       (1 0 3 1 2 1 2)              98.405
8385       (1 0 1 2 0 0 1)              98.405
8386       (1 0 3 1 2 1 1)              98.405
8387       (1 0 3 1 2 1 2)              98.405
8388       (1 0 1 2 1 1 1)              98.405
8389       (1 0 1 2 1 1 1)              98.406
8391       (1 0 1 2 1 1 1)              98.406
8392       (1 0 1 2 1 2 1)              98.404
8393       (1 0 2 3 2 1 2)              98.405
8394       (1 0 1 2 1 1 1)              98.405
8395       (1 0 2 3 2 1 2)              98.405
8396       (1 0 2 3 2 1 2)              98.405
8397       (1 0 1 2 0 0 1)              98.405
8398       (1 0 3 1 2 1 2)              98.405
8399       (1 0 1 2 1 1 1)              98.406
8400       (1 0 2 3 1 2 1)              98.406
8401       (1 0 1 2 1 2 1)              98.406
8402       (1 0 2 3 2 1 2)              98.406
8403       (1 0 2 3 2 1 2)              98.406
8404       (1 0 3 1 2 1 2)              98.407
8405       (1 0 2 3 1 1 1)              98.405
8406       (1 0 2 3 2 1 2)              98.405
8407       (1 0 2 3 2 1 2)              98.405
8408       (1 0 2 3 2 1 2)              98.406
8409       (1 0 3 1 2 1 2)              98.406
8410       (1 0 3 1 2 1 2)              98.406
8411       (1 0 3 1 2 1 1)              98.406
8412       (1 0 1 2 1 1 1)              98.406
8413       (1 0 3 1 2 1 1)              98.407
8414       (1 0 1 2 1 1 1)              98.407
8415       (1 0 2 3 2 1 2)              98.407
8416       (1 0 2 3 2 1 2)              98.407
8417       (1 0 2 3 2 1 2)              98.407
8418       (1 0 3 1 2 1 2)              98.406
8419       (1 0 2 3 2 1 2)              98.406
8420       (1 0 1 2 0 0 1)              98.406
8421       (1 0 2 3 2 1 2)              98.406
8422       (1 0 2 3 2 1 2)              98.407
8423       (1 0 2 3 1 2 1)              98.407
8424       (1 0 2 3 2 1 2)              98.407
8425       (1 0 2 3 2 1 2)              98.407
8426       (1 0 1 2 1 1 1)              98.407
8427       (1 0 2 3 2 1 2)              98.408
8428       (1 0 2 3 2 1 2)              98.408
8429       (1 0 2 3 2 1 2)              98.408
8430       (1 0 3 1 2 1 2)              98.408
8431       (1 0 2 3 2 1 2)              98.408
8432       (1 0 1 2 1 2 1)              98.409
8433       (1 0 3 1 2 1 2)              98.409
8434       (1 0 3 1 2 1 2)              98.409
8435       (1 0 2 3 2 1 2)              98.409
8436       (1 0 2 3 2 1 2)              98.409
8437       (1 0 2 3 2 1 2)              98.409
8438       (1 0 3 1 2 1 2)              98.410
8439       (1 0 2 3 2 1 2)              98.410
8440       (1 0 3 1 2 1 2)              98.410
8441       (1 0 1 2 1 1 1)              98.410
8442       (1 0 1 2 1 1 1)              98.410
8443       (1 0 3 1 2 1 2)              98.411
8444       (1 0 2 3 2 1 2)              98.411
8445       (1 0 3 1 2 1 2)              98.411
8446       (1 0 2 3 2 1 2)              98.411
8447       (1 0 2 3 2 1 2)              98.411
8448       (1 0 2 3 1 1 1)              98.412
8449       (1 0 2 3 2 1 2)              98.412
8450       (1 0 2 3 2 1 2)              98.412
8451       (1 0 1 2 1 2 0)              98.412
8452       (1 0 3 1 2 1 2)              98.411
8453       (1 0 2 3 2 1 2)              98.411
8454       (1 0 3 1 2 1 2)              98.411
8455       (1 0 3 1 2 1 2)              98.411
8456       (1 0 3 1 1 1 1)              98.411
8457       (1 0 3 1 2 1 2)              98.412
8458       (1 0 2 3 1 1 1)              98.412
8459       (1 0 2 3 1 1 1)              98.412
8460       (1 0 2 3 2 1 2)              98.412
8461       (1 0 2 3 2 1 2)              98.412
8462       (1 0 2 3 2 1 2)              98.413
8463       (1 0 1 2 1 1 1)              98.413
8464       (1 0 2 3 2 1 2)              98.413
8465       (1 0 2 3 2 1 2)              98.413
8466       (1 0 0 0 1 0 1)              98.413
8467       (1 0 3 1 2 1 2)              98.413
8468       (1 0 2 3 2 1 2)              98.414
8469       (1 0 2 3 2 1 2)              98.414
8470       (1 0 2 3 2 1 2)              98.414
8471       (1 0 3 1 2 1 2)              98.414
8472       (1 0 3 1 2 1 2)              98.414
8473       (1 0 3 1 1 1 1)              98.415
8474       (1 0 1 2 1 1 1)              98.415
8476       (1 0 3 1 2 1 2)              98.415
8477       (1 0 3 1 2 1 1)              98.415
8478       (1 0 2 3 2 1 2)              98.415
8479       (1 0 1 2 1 1 1)              98.416
8480       (1 0 1 2 1 1 1)              98.416
8481       (1 0 1 2 1 1 1)              98.416
8482       (1 0 2 3 2 1 2)              98.416
8483       (1 0 2 3 2 1 2)              98.416
8484       (1 0 2 3 2 1 2)              98.416
8485       (1 0 2 3 2 1 2)              98.417
8486       (1 0 2 3 2 1 2)              98.417
8487       (1 0 0 0 1 2 0)              98.417
8488       (1 0 2 3 2 1 2)              98.417
8489       (1 0 0 0 2 2 1)              98.417
8490       (1 0 2 3 1 0 1)              98.416
8491       (1 0 3 1 2 1 2)              98.414
8492       (1 0 2 3 2 1 2)              98.415
8493       (1 0 3 1 2 1 1)              98.413
8494       (1 0 1 2 1 1 1)              98.413
8495       (1 0 1 2 1 1 1)              98.413
8496       (1 0 1 2 1 2 1)              98.412
8497       (1 0 3 1 2 1 2)              98.412
8498       (1 0 3 1 2 1 2)              98.412
8499       (1 0 1 2 1 1 1)              98.413
8500       (1 0 2 3 2 1 2)              98.413
8501       (1 0 2 3 2 1 1)              98.413
8502       (1 0 3 1 2 1 2)              98.411
8503       (1 0 1 2 1 1 1)              98.412
8504       (1 0 2 3 2 1 2)              98.412
8505       (1 0 2 3 2 1 2)              98.412
8506       (1 0 2 3 2 1 2)              98.412
8507       (1 0 3 1 2 1 2)              98.412
8508       (1 0 1 2 1 1 1)              98.413
8509       (1 0 1 2 1 1 1)              98.413
8510       (1 0 2 3 2 1 1)              98.413
8511       (1 0 1 2 1 2 0)              98.413
8512       (1 0 1 2 1 1 1)              98.413
8513       (1 0 2 3 2 1 2)              98.413
8514       (1 0 1 2 1 1 1)              98.414
8515       (1 0 2 3 2 1 2)              98.414
8516       (1 0 2 3 2 1 2)              98.414
8517       (1 0 2 3 2 1 2)              98.414
8518       (1 0 2 3 2 1 2)              98.414
8519       (1 0 2 3 2 1 2)              98.415
8520       (1 0 3 1 2 1 2)              98.413
8521       (1 0 2 3 2 1 2)              98.413
8522       (1 0 3 1 2 1 2)              98.413
8523       (1 0 1 2 1 1 1)              98.414
8524       (1 0 2 3 2 1 2)              98.414
8525       (1 0 0 0 1 0 1)              98.414
8526       (1 0 1 2 1 1 1)              98.414
8527       (1 0 3 1 2 1 2)              98.414
8528       (1 0 2 3 2 1 2)              98.415
8529       (1 0 3 1 2 1 2)              98.415
8530       (1 0 2 3 2 2 1)              98.415
8531       (1 0 3 1 2 1 2)              98.415
8532       (1 0 2 3 2 1 2)              98.415
8533       (1 0 2 3 2 1 2)              98.415
8534       (1 0 1 2 1 1 1)              98.416
8535       (1 0 2 3 2 1 2)              98.416
8536       (1 0 3 1 2 1 1)              98.416
8537       (1 0 2 3 2 1 2)              98.416
8538       (1 0 3 1 2 1 2)              98.416
8539       (1 0 2 3 2 1 2)              98.417
8540       (1 0 0 0 2 2 1)              98.417
8541       (1 0 2 3 2 1 1)              98.417
8542       (1 0 3 1 2 1 2)              98.415
8543       (1 0 1 2 1 1 1)              98.416
8544       (1 0 0 0 2 2 1)              98.416
8545       (1 0 2 3 2 1 2)              98.416
8546       (1 0 3 1 2 1 2)              98.416
8547       (1 0 2 3 1 1 1)              98.416
8548       (1 0 2 3 2 1 2)              98.417
8549       (1 0 1 2 1 1 1)              98.417
8550       (1 0 2 3 1 2 1)              98.417
8551       (1 0 2 3 2 1 2)              98.417
8552       (1 0 2 3 2 1 2)              98.417
8553       (1 0 1 2 1 1 1)              98.418
8554       (1 0 1 2 1 1 1)              98.418
8555       (1 0 1 2 1 1 1)              98.418
8556       (1 0 3 1 2 1 2)              98.416
8557       (1 0 1 2 1 1 1)              98.417
8558       (1 0 3 1 2 1 2)              98.417
8559       (1 0 2 3 2 1 2)              98.417
8560       (1 0 1 2 1 2 0)              98.417
8561       (1 0 1 2 1 2 1)              98.417
8562       (1 0 2 3 1 2 1)              98.418
8563       (1 0 3 1 2 1 2)              98.418
8564       (1 0 1 2 1 1 1)              98.418
8565       (1 0 2 3 1 1 1)              98.418
8566       (1 0 2 3 2 1 2)              98.418
8567       (1 0 3 1 1 1 1)              98.418
8568       (1 0 2 3 2 1 2)              98.419
8569       (1 0 3 1 2 1 2)              98.419
8570       (1 0 1 2 2 2 1)              98.419
8571       (1 0 1 2 1 1 1)              98.419
8572       (1 0 2 3 1 2 1)              98.419
8573       (1 0 2 3 2 1 2)              98.420
8574       (1 0 3 1 2 1 2)              98.420
8575       (1 0 3 1 1 1 1)              98.420
8576       (1 0 1 2 1 1 1)              98.420
8577       (1 0 2 3 1 1 1)              98.420
8578       (1 0 3 1 2 1 2)              98.420
8579       (1 0 2 3 2 1 2)              98.421
8580       (1 0 2 3 1 2 1)              98.421
8581       (1 0 2 3 2 1 1)              98.421
8582       (1 0 3 1 2 1 2)              98.421
8583       (1 0 2 3 2 1 1)              98.421
8584       (1 0 2 3 2 1 2)              98.422
8585       (1 0 1 1 0 0 1)              98.418
8586       (1 0 1 2 1 1 1)              98.419
8587       (1 0 2 3 1 1 1)              98.419
8588       (1 0 1 2 1 1 1)              98.419
8589       (1 0 2 3 2 1 2)              98.419
8590       (1 0 2 3 2 1 2)              98.419
8591       (1 0 3 1 2 1 2)              98.420
8592       (1 0 2 3 2 1 2)              98.420
8593       (1 0 2 3 2 1 2)              98.420
8594       (1 0 2 3 2 1 2)              98.420
8595       (1 0 2 3 2 1 2)              98.420
8596       (1 0 2 3 2 1 2)              98.420
8597       (1 0 3 1 2 1 2)              98.421
8598       (1 0 2 3 2 1 2)              98.421
8599       (1 0 3 1 2 1 2)              98.421
8600       (1 0 2 3 2 1 1)              98.421
8601       (1 0 2 3 2 1 2)              98.421
8602       (1 0 2 3 2 1 2)              98.422
8603       (1 0 1 2 1 0 1)              98.420
8604       (1 0 2 3 2 1 2)              98.417
8605       (1 0 1 2 1 1 1)              98.417
8606       (1 0 2 3 2 1 2)              98.417
8607       (1 0 2 3 2 1 2)              98.418
8608       (1 0 1 2 1 1 1)              98.418
8609       (1 0 1 2 1 1 1)              98.418
8610       (1 0 2 3 2 1 2)              98.418
8611       (1 0 2 3 1 2 1)              98.418
8612       (1 0 2 3 2 1 1)              98.418
8613       (1 0 3 1 1 1 1)              98.419
8614       (1 0 1 2 1 1 1)              98.419
8615       (1 0 3 1 2 1 2)              98.417
8616       (1 0 3 1 2 1 2)              98.418
8617       (1 0 3 1 2 1 2)              98.416
8618       (1 0 2 3 2 1 2)              98.416
8619       (1 0 1 2 1 1 1)              98.416
8620       (1 0 2 3 2 1 2)              98.417
8621       (1 0 2 3 2 1 2)              98.417
8622       (1 0 1 2 0 2 1)              98.412
8623       (1 0 2 3 2 1 1)              98.412
8624       (1 0 1 2 1 1 1)              98.412
8625       (1 0 2 3 2 1 2)              98.413
8626       (1 0 2 3 1 1 1)              98.413
8627       (1 0 2 3 1 1 1)              98.413
8628       (1 0 2 3 2 1 2)              98.413
8629       (1 0 1 2 1 2 0)              98.412
8630       (1 0 2 3 2 1 2)              98.412
8631       (1 0 1 2 1 1 1)              98.412
8632       (1 0 2 3 2 1 2)              98.412
8633       (1 0 3 1 2 1 2)              98.412
8634       (1 0 1 2 1 1 1)              98.413
8635       (1 0 3 1 2 1 2)              98.413
8636       (1 0 2 3 2 1 2)              98.413
8637       (1 0 3 1 2 1 2)              98.413
8638       (1 0 2 3 2 1 2)              98.413
8639       (1 0 2 3 2 1 2)              98.413
8640       (1 0 1 2 1 1 1)              98.414
8641       (1 0 2 3 2 1 1)              98.414
8642       (1 0 3 1 2 1 2)              98.414
8643       (1 0 0 0 1 2 0)              98.414
8644       (1 0 2 3 1 1 1)              98.414
8645       (1 0 2 3 2 1 2)              98.415
8646       (1 0 2 3 2 1 2)              98.415
8647       (1 0 3 1 2 1 1)              98.415
8648       (1 0 2 3 2 1 2)              98.415
8649       (1 0 3 1 2 1 2)              98.415
8650       (1 0 2 3 2 1 2)              98.415
8651       (1 0 1 2 1 2 0)              98.416
8652       (1 0 3 1 2 1 2)              98.416
8653       (1 0 1 2 0 0 1)              98.416
8654       (1 0 3 1 2 1 2)              98.416
8655       (1 0 0 0 1 2 1)              98.416
8656       (1 0 3 1 2 1 2)              98.417
8657       (1 0 1 2 1 1 1)              98.417
8658       (1 0 2 3 2 1 2)              98.417
8659       (1 0 3 1 2 1 2)              98.417
8660       (1 0 3 1 2 1 2)              98.417
8661       (1 0 3 1 2 1 2)              98.417
8662       (1 0 2 3 2 1 2)              98.418
8663       (1 0 1 2 1 1 1)              98.418
8664       (1 0 3 1 2 1 2)              98.418
8665       (1 0 2 3 2 1 2)              98.417
8666       (1 0 1 2 1 1 1)              98.417
8667       (1 0 1 2 1 2 1)              98.417
8668       (1 0 2 3 2 1 1)              98.417
8669       (1 0 1 2 1 1 1)              98.417
8670       (1 0 2 3 1 0 1)              98.417
8671       (1 0 2 3 2 1 2)              98.418
8672       (1 0 2 3 1 2 1)              98.418
8673       (1 0 2 3 2 1 2)              98.418
8674       (1 0 3 1 2 1 2)              98.418
8675       (1 0 3 1 2 1 2)              98.418
8676       (1 0 2 3 1 1 1)              98.419
8677       (1 0 2 3 2 1 2)              98.419
8678       (1 0 2 3 2 1 2)              98.419
8679       (1 0 3 1 2 1 2)              98.419
8680       (1 0 2 3 2 1 2)              98.419
8681       (1 0 1 2 1 1 1)              98.419
8682       (1 0 2 3 1 1 1)              98.420
8683       (1 0 0 0 0 2 0)              98.420
8684       (1 0 3 1 2 1 2)              98.420
8685       (1 0 2 3 1 1 1)              98.420
8686       (1 0 3 1 2 1 1)              98.420
8687       (1 0 2 3 2 1 2)              98.421
8688       (1 0 1 2 1 1 1)              98.421
8689       (1 0 2 3 2 1 2)              98.421
8690       (1 0 2 3 2 1 2)              98.421
8691       (1 0 1 2 1 1 1)              98.421
8692       (1 0 3 1 2 1 2)              98.421
8693       (1 0 2 3 2 1 2)              98.422
8694       (1 0 3 1 2 1 2)              98.422
8695       (1 0 3 1 2 1 2)              98.422
8696       (1 0 1 2 1 1 1)              98.422
8697       (1 0 2 3 2 1 2)              98.422
8698       (1 0 2 3 1 2 1)              98.423
8699       (1 0 3 1 2 1 2)              98.421
8700       (1 0 2 3 1 1 1)              98.421
8701       (1 0 1 2 1 1 1)              98.421
8702       (1 0 2 3 2 1 2)              98.422
8703       (1 0 2 3 2 2 1)              98.422
8704       (1 0 2 3 2 1 2)              98.422
8705       (1 0 1 2 1 2 1)              98.422
8706       (1 0 3 1 2 1 2)              98.422
8707       (1 0 1 2 1 1 1)              98.423
8708       (1 0 3 1 2 1 2)              98.423
8709       (1 0 2 3 1 1 1)              98.423
8710       (1 0 2 3 2 1 2)              98.423
8711       (1 0 2 3 2 1 2)              98.423
8712       (1 0 0 0 1 2 0)              98.423
8713       (1 0 3 1 2 1 2)              98.422
8714       (1 0 2 3 2 1 2)              98.422
8715       (1 0 2 3 2 1 2)              98.422
8716       (1 0 2 3 2 1 2)              98.423
8717       (1 0 2 3 2 1 2)              98.419
8718       (1 0 3 1 2 1 2)              98.420
8719       (1 0 1 2 1 1 1)              98.420
8720       (1 0 2 3 2 1 2)              98.420
8721       (1 0 1 2 1 1 1)              98.420
8722       (1 0 2 3 1 2 1)              98.420
8723       (1 0 3 1 2 1 2)              98.419
8724       (1 0 3 1 2 1 2)              98.419
8725       (1 0 2 3 1 2 1)              98.419
8726       (1 0 2 3 2 1 2)              98.419
8727       (1 0 1 2 1 2 1)              98.418
8728       (1 0 2 3 2 1 1)              98.418
8729       (1 0 3 1 2 1 2)              98.417
8730       (1 0 2 3 2 1 2)              98.417
8731       (1 0 2 3 2 1 2)              98.417
8732       (1 0 2 3 2 1 2)              98.417
8733       (1 0 1 2 1 1 1)              98.417
8734       (1 0 3 1 2 1 1)              98.418
8735       (1 0 2 3 2 1 2)              98.418
8736       (1 0 2 3 2 1 2)              98.416
8737       (1 0 3 1 2 1 2)              98.417
8738       (1 0 2 3 2 1 2)              98.417
8739       (1 0 2 3 2 1 2)              98.417
8740       (1 0 3 1 2 1 2)              98.417
8741       (1 0 2 3 2 1 2)              98.417
8742       (1 0 3 1 2 1 2)              98.417
8743       (1 0 2 3 2 1 2)              98.416
8744       (1 0 3 1 2 1 2)              98.416
8745       (1 0 2 3 2 1 2)              98.416
8746       (1 0 2 3 2 1 1)              98.417
8747       (1 0 2 3 2 1 2)              98.417
8748       (1 0 1 2 1 1 1)              98.417
8749       (1 0 1 2 1 1 1)              98.417
8750       (1 0 2 3 2 1 2)              98.417
8751       (1 0 2 3 2 1 2)              98.417
8752       (1 0 2 3 2 1 1)              98.418
8753       (1 0 1 2 1 1 1)              98.418
8754       (1 0 2 3 1 1 1)              98.418
8755       (1 0 2 3 1 2 1)              98.418
8756       (1 0 2 3 2 1 1)              98.418
8757       (1 0 3 1 2 1 2)              98.419
8758       (1 0 2 3 1 2 1)              98.419
8759       (1 0 2 3 2 1 2)              98.419
8760       (1 0 2 3 2 1 2)              98.419
8761       (1 0 1 2 1 1 1)              98.419
8762       (1 0 2 3 2 1 2)              98.419
8763       (1 0 1 2 1 1 1)              98.420
8764       (1 0 1 2 1 1 1)              98.420
8765       (1 0 3 1 2 1 2)              98.420
8766       (1 0 3 1 2 1 2)              98.420
8767       (1 0 3 1 2 1 2)              98.420
8768       (1 0 2 3 2 1 2)              98.421
8769       (1 0 3 1 2 1 1)              98.421
8770       (1 0 1 2 1 1 1)              98.421
8771       (1 0 2 3 2 1 2)              98.421
8772       (1 0 2 3 2 1 2)              98.421
8773       (1 0 3 1 2 1 1)              98.420
8774       (1 0 3 1 2 1 2)              98.420
8775       (1 0 3 1 2 1 2)              98.420
8776       (1 0 2 3 2 1 2)              98.420
8777       (1 0 2 3 2 1 2)              98.421
8778       (1 0 2 3 2 1 2)              98.421
8779       (1 0 3 1 2 1 2)              98.421
8780       (1 0 3 1 2 1 2)              98.421
8781       (1 0 3 1 2 1 2)              98.421
8782       (1 0 2 3 2 1 2)              98.421
8783       (1 0 2 3 1 2 1)              98.422
8784       (1 0 3 1 2 1 2)              98.422
8785       (1 0 1 2 1 1 1)              98.422
8786       (1 0 2 3 2 1 1)              98.422
8787       (1 0 3 1 2 1 2)              98.422
8788       (1 0 3 1 2 1 2)              98.422
8789       (1 0 1 2 1 1 1)              98.423
8790       (1 0 2 3 1 1 1)              98.421
8791       (1 0 3 1 2 1 1)              98.421
8792       (1 0 2 3 2 1 1)              98.422
8793       (1 0 1 2 2 2 1)              98.422
8794       (1 0 1 2 1 1 1)              98.422
8795       (1 0 3 1 2 1 2)              98.422
8796       (1 0 2 3 2 1 2)              98.422
8797       (1 0 2 3 2 1 2)              98.422
8798       (1 0 3 1 2 1 2)              98.423
8799       (1 0 3 1 2 1 2)              98.423
8800       (1 0 2 3 2 1 2)              98.423
8801       (1 0 2 3 1 0 2)              98.423
8802       (1 0 2 3 1 2 1)              98.423
8803       (1 0 1 2 1 1 1)              98.424
8804       (1 0 2 3 2 1 2)              98.422
8805       (1 0 1 2 1 1 1)              98.422
8806       (1 0 2 3 2 1 2)              98.422
8807       (1 0 1 2 1 1 1)              98.423
8808       (1 0 2 3 2 2 1)              98.423
8809       (1 0 2 3 2 1 2)              98.423
8810       (1 0 2 3 1 1 1)              98.423
8811       (1 0 2 3 2 1 1)              98.423
8812       (1 0 3 1 2 1 2)              98.424
8813       (1 0 3 1 2 1 2)              98.424
8814       (1 0 2 3 2 1 2)              98.424
8815       (1 0 2 3 2 1 2)              98.424
8816       (1 0 2 3 1 2 1)              98.424
8817       (1 0 1 2 1 1 1)              98.424
8818       (1 0 1 2 1 1 1)              98.425
8819       (1 0 2 3 2 1 2)              98.425
8820       (1 0 1 2 1 1 1)              98.425
8821       (1 0 2 3 2 1 2)              98.425
8822       (1 0 2 3 2 1 2)              98.425
8823       (1 0 3 1 2 1 2)              98.424
8824       (1 0 2 3 2 1 1)              98.422
8825       (1 0 3 1 2 1 2)              98.423
8826       (1 0 2 3 1 2 1)              98.423
8827       (1 0 3 1 2 1 2)              98.421
8828       (1 0 3 1 2 1 2)              98.420
8829       (1 0 3 1 2 1 2)              98.418
8830       (1 0 2 3 1 2 1)              98.419
8831       (1 0 3 1 2 1 2)              98.419
8832       (1 0 3 1 2 1 2)              98.419
8833       (1 0 3 1 2 1 2)              98.419
8834       (1 0 1 2 1 1 1)              98.419
8835       (1 0 2 3 2 1 1)              98.418
8836       (1 0 3 1 2 1 2)              98.418
8837       (1 0 2 3 2 1 2)              98.418
8838       (1 0 2 3 2 1 2)              98.418
8839       (1 0 2 3 2 1 2)              98.419
8840       (1 0 2 3 2 1 2)              98.419
8841       (1 0 2 3 2 1 2)              98.419
8842       (1 0 2 3 2 1 1)              98.419
8843       (1 0 2 3 1 2 1)              98.419
8844       (1 0 2 3 2 1 2)              98.420
8845       (1 0 1 2 1 1 1)              98.420
8846       (1 0 2 3 1 2 0)              98.420
8847       (1 0 1 2 1 1 1)              98.420
8848       (1 0 1 2 1 1 1)              98.420
8849       (1 0 2 3 2 1 2)              98.420
8850       (1 0 1 2 1 1 1)              98.421
8851       (1 0 3 1 2 1 2)              98.419
8852       (1 0 1 2 1 1 1)              98.419
8853       (1 0 1 2 0 0 1)              98.420
8854       (1 0 1 2 1 1 1)              98.420
8855       (1 0 1 2 1 1 1)              98.420
8856       (1 0 2 3 2 1 2)              98.420
8857       (1 0 1 2 1 1 1)              98.420
8858       (1 0 2 3 1 2 1)              98.420
8859       (1 0 3 1 2 1 2)              98.419
8860       (1 0 1 2 1 1 1)              98.419
8861       (1 0 3 1 2 1 2)              98.419
8862       (1 0 2 3 2 1 1)              98.418
8863       (1 0 2 3 2 1 2)              98.418
8864       (1 0 2 3 2 1 2)              98.418
8865       (1 0 2 3 1 1 1)              98.418
8866       (1 0 2 3 1 2 1)              98.419
8867       (1 0 2 3 2 1 2)              98.419
8868       (1 0 1 2 1 1 1)              98.419
8869       (1 0 2 3 2 1 2)              98.419
8870       (1 0 2 3 2 1 2)              98.419
8871       (1 0 1 2 1 2 1)              98.420
8872       (1 0 1 2 1 1 1)              98.420
8873       (1 0 3 1 2 1 2)              98.420
8874       (1 0 2 3 2 1 2)              98.420
8875       (1 0 1 2 1 1 1)              98.420
8876       (1 0 3 1 1 1 1)              98.420
8877       (1 0 1 2 1 2 1)              98.419
8878       (1 0 1 2 1 1 1)              98.419
8879       (1 0 1 2 2 2 1)              98.419
8880       (1 0 0 0 2 2 1)              98.420
8881       (1 0 3 1 2 1 2)              98.420
8882       (1 0 3 1 2 1 2)              98.420
8883       (1 0 2 3 2 1 2)              98.420
8884       (1 0 2 3 1 1 1)              98.420
8885       (1 0 2 3 2 1 2)              98.420
8886       (1 0 3 1 2 1 2)              98.421
8887       (1 0 2 3 2 1 2)              98.421
8888       (1 0 2 3 2 1 2)              98.421
8889       (1 0 3 1 2 1 2)              98.421
8890       (1 0 2 3 2 1 2)              98.421
8891       (1 0 0 0 0 0 0)              98.418
8892       (1 0 2 3 1 2 0)              98.417
8893       (1 0 2 3 2 1 2)              98.417
8894       (1 0 2 3 2 1 2)              98.417
8895       (1 0 2 3 2 1 2)              98.417
8896       (1 0 1 2 1 2 1)              98.416
8897       (1 0 3 1 2 1 2)              98.414
8898       (1 0 1 2 1 1 1)              98.415
8899       (1 0 2 3 2 1 2)              98.415
8900       (1 0 2 3 2 1 2)              98.415
8901       (1 0 2 3 2 1 2)              98.415
8902       (1 0 3 1 2 1 1)              98.415
8903       (1 0 2 3 2 1 2)              98.416
8904       (1 0 2 3 2 1 2)              98.416
8905       (1 0 2 3 2 1 1)              98.416
8906       (1 0 2 3 1 2 1)              98.416
8907       (1 0 2 3 2 1 1)              98.416
8908       (1 0 3 1 2 1 2)              98.416
8909       (1 0 1 2 1 1 1)              98.417
8910       (1 0 2 3 2 1 2)              98.417
8911       (1 0 2 3 2 1 2)              98.417
8912       (1 0 2 3 2 1 2)              98.417
8913       (1 0 2 3 2 1 2)              98.417
8914       (1 0 2 3 2 1 2)              98.418
8915       (1 0 2 3 1 1 1)              98.418
8916       (1 0 2 3 1 2 1)              98.418
8917       (1 0 2 3 2 1 2)              98.418
8918       (1 0 3 1 2 1 2)              98.418
8919       (1 0 2 3 2 1 2)              98.418
8920       (1 0 1 2 1 1 1)              98.419
8921       (1 0 3 1 2 1 2)              98.419
8922       (1 0 2 3 2 1 2)              98.419
8923       (1 0 1 2 1 1 1)              98.419
8924       (1 0 1 2 1 2 0)              98.419
8925       (1 0 0 0 2 2 1)              98.419
8926       (1 0 2 3 2 1 1)              98.420
8927       (1 0 1 2 1 1 1)              98.420
8928       (1 0 3 1 2 1 1)              98.420
8929       (1 0 2 3 1 2 1)              98.420
8930       (1 0 2 3 2 1 1)              98.419
8931       (1 0 1 2 1 1 1)              98.419
8932       (1 0 1 2 0 0 1)              98.419
8933       (1 0 1 2 1 2 1)              98.419
8934       (1 0 2 3 2 1 1)              98.419
8935       (1 0 1 2 1 1 1)              98.418
8936       (1 0 1 2 1 1 1)              98.418
8937       (1 0 2 3 2 1 2)              98.418
8938       (1 0 3 1 2 1 2)              98.417
8939       (1 0 2 3 1 1 1)              98.416
8940       (1 0 2 3 2 1 2)              98.416
8941       (1 0 2 3 2 1 2)              98.416
8942       (1 0 1 2 1 1 1)              98.416
8943       (1 0 3 1 2 1 2)              98.416
8944       (1 0 1 2 1 1 1)              98.416
8945       (1 0 2 3 2 1 2)              98.417
8946       (1 0 1 2 1 1 1)              98.417
8947       (1 0 3 1 2 1 2)              98.417
8948       (1 0 1 2 1 1 1)              98.417
8949       (1 0 2 3 2 1 2)              98.417
8950       (1 0 2 3 2 1 2)              98.418
8951       (1 0 3 1 2 1 2)              98.418
8952       (1 0 1 2 1 1 1)              98.418
8953       (1 0 1 2 1 1 1)              98.418
8954       (1 0 1 2 1 1 1)              98.418
8955       (1 0 2 3 1 0 2)              98.418
8956       (1 0 2 3 2 1 2)              98.419
8957       (1 0 2 3 2 1 2)              98.419
8958       (1 0 2 3 1 1 1)              98.419
8959       (1 0 3 1 2 1 2)              98.417
8960       (1 0 1 6 1 0 1)              98.413
8961       (1 0 3 1 2 1 2)              98.413
8962       (1 0 1 2 1 1 1)              98.413
8963       (1 0 1 2 1 1 1)              98.413
8964       (1 0 1 2 1 2 1)              98.414
8965       (1 0 2 3 2 1 1)              98.414
8966       (1 0 3 1 2 1 2)              98.414
8967       (1 0 3 1 2 1 2)              98.414
8968       (1 0 2 3 2 1 2)              98.414
8969       (1 0 1 2 1 1 1)              98.414
8970       (1 0 2 3 2 1 2)              98.415
8971       (1 0 1 2 1 1 1)              98.415
8972       (1 0 2 3 2 1 2)              98.415
8973       (1 0 1 2 1 1 1)              98.415
8974       (1 0 1 2 1 1 1)              98.415
8975       (1 0 3 1 2 1 2)              98.416
8976       (1 0 3 1 2 1 2)              98.416
8977       (1 0 3 1 2 1 2)              98.416
8978       (1 0 2 3 2 1 2)              98.416
8979       (1 0 2 3 2 1 2)              98.416
8980       (1 0 2 3 2 1 2)              98.416
8981       (1 0 2 3 2 1 2)              98.417
8982       (1 0 3 1 2 1 2)              98.417
8983       (1 0 2 3 1 2 1)              98.417
8984       (1 0 2 3 2 1 2)              98.417
8985       (1 0 1 2 1 2 0)              98.417
8986       (1 0 1 2 1 2 1)              98.417
8987       (1 0 1 2 1 1 1)              98.418
8988       (1 0 2 3 2 1 2)              98.418
8989       (1 0 3 1 2 1 2)              98.418
8990       (1 0 2 3 1 2 1)              98.418
8991       (1 0 1 2 1 1 1)              98.418
8992       (1 0 3 1 1 1 1)              98.419
8993       (1 0 2 3 1 2 1)              98.419
8994       (1 0 2 3 1 1 1)              98.419
8995       (1 0 3 1 2 1 2)              98.419
8996       (1 0 1 2 1 1 1)              98.419
8997       (1 0 1 2 0 2 1)              98.415
8998       (1 0 1 2 1 1 1)              98.415
8999       (1 0 1 2 1 1 1)              98.415
9000       (1 0 2 3 2 1 2)              98.415
9001       (1 0 1 2 1 1 1)              98.415
9002       (1 0 2 3 2 1 2)              98.416
9003       (1 0 3 1 2 1 2)              98.416
9004       (1 0 2 3 2 1 2)              98.416
9005       (1 0 3 1 2 1 2)              98.414
9006       (1 0 1 2 1 1 1)              98.415
9007       (1 0 3 1 2 1 2)              98.415
9008       (1 0 2 3 1 2 0)              98.415
9009       (1 0 0 0 1 2 0)              98.415
9010       (1 0 1 2 1 1 1)              98.415
9011       (1 0 3 1 2 1 2)              98.416
9012       (1 0 1 2 1 1 1)              98.416
9013       (1 0 2 3 2 1 1)              98.414
9014       (1 0 2 3 2 1 1)              98.414
9015       (1 0 2 3 1 1 1)              98.413
9016       (1 0 2 3 2 1 2)              98.413
9017       (1 0 2 3 2 1 2)              98.413
9018       (1 0 1 2 1 1 1)              98.414
9019       (1 0 3 1 2 1 2)              98.414
9020       (1 0 3 1 2 1 2)              98.414
9021       (1 0 3 1 2 1 1)              98.413
9022       (1 0 1 2 1 1 1)              98.413
9023       (1 0 2 3 1 1 1)              98.413
9024       (1 0 2 3 2 1 2)              98.413
9025       (1 0 3 1 2 1 2)              98.413
9026       (1 0 1 2 1 1 1)              98.413
9027       (1 0 1 2 1 2 1)              98.414
9028       (1 0 1 2 1 1 1)              98.414
9029       (1 0 3 1 2 1 2)              98.414
9030       (1 0 0 0 1 2 0)              98.414
9031       (1 0 1 2 1 1 1)              98.414
9032       (1 0 3 1 2 1 2)              98.414
9033       (1 0 2 3 2 1 2)              98.415
9034       (1 0 1 2 1 1 1)              98.415
9035       (1 0 2 3 2 1 2)              98.415
9036       (1 0 1 2 1 1 1)              98.415
9037       (1 0 1 2 1 1 1)              98.415
9038       (1 0 3 1 2 1 2)              98.416
9039       (1 0 2 3 2 1 2)              98.416
9040       (1 0 3 1 2 1 2)              98.416
9041       (1 0 1 2 1 1 1)              98.416
9042       (1 0 2 3 2 1 2)              98.416
9043       (1 0 2 3 2 1 2)              98.416
9044       (1 0 1 2 1 1 1)              98.417
9045       (1 0 2 3 2 1 1)              98.417
9046       (1 0 3 1 2 1 2)              98.417
9047       (1 0 2 3 2 1 2)              98.417
9048       (1 0 2 3 2 1 2)              98.417
9049       (1 0 3 1 2 1 2)              98.417
9050       (1 0 1 2 1 1 1)              98.418
9051       (1 0 2 3 2 1 2)              98.418
9052       (1 0 2 3 2 1 2)              98.418
9053       (1 0 1 2 1 1 1)              98.418
9054       (1 0 3 1 2 1 2)              98.418
9055       (1 0 3 1 2 1 2)              98.419
9056       (1 0 3 1 2 1 2)              98.419
9057       (1 0 3 1 2 1 2)              98.419
9058       (1 0 3 1 2 1 2)              98.419
9059       (1 0 2 3 2 1 2)              98.419
9060       (1 0 3 1 2 1 2)              98.419
9061       (1 0 3 1 2 1 2)              98.420
9062       (1 0 1 2 1 1 1)              98.420
9063       (1 0 3 1 2 1 2)              98.420
9064       (1 0 1 2 1 1 1)              98.420
9065       (1 0 3 1 1 1 1)              98.417
9066       (1 0 2 3 2 1 2)              98.417
9067       (1 0 1 2 1 1 1)              98.417
9068       (1 0 1 2 1 1 1)              98.418
9069       (1 0 2 3 2 1 2)              98.418
9070       (1 0 3 1 2 1 1)              98.416
9071       (1 0 2 3 2 1 2)              98.417
9072       (1 0 1 2 1 1 1)              98.417
9073       (1 0 2 3 2 1 2)              98.417
9074       (1 0 2 3 1 2 1)              98.417
9075       (1 0 1 2 1 1 1)              98.417
9076       (1 0 2 3 1 1 1)              98.417
9077       (1 0 2 3 2 1 2)              98.418
9078       (1 0 1 2 1 1 1)              98.418
9079       (1 0 3 1 2 1 2)              98.418
9080       (1 0 2 3 2 1 2)              98.418
9081       (1 0 1 2 1 1 1)              98.418
9082       (1 0 3 1 2 1 2)              98.418
9083       (1 0 1 2 1 1 1)              98.419
9084       (1 0 1 2 1 1 1)              98.419
9085       (1 0 1 2 1 1 1)              98.419
9086       (1 0 1 2 2 2 1)              98.419
9087       (1 0 3 1 1 1 1)              98.419
9088       (1 0 3 1 2 1 2)              98.420
9089       (1 0 2 3 2 1 2)              98.420
9090       (1 0 3 1 2 1 1)              98.420
9091       (1 0 2 3 2 1 2)              98.420
9092       (1 0 3 1 2 1 1)              98.420
9093       (1 0 1 2 1 1 1)              98.420
9094       (1 0 2 3 1 1 1)              98.417
9095       (1 0 2 3 2 1 2)              98.418
9096       (1 0 2 3 1 2 1)              98.416
9097       (1 0 3 1 2 1 2)              98.416
9098       (1 0 1 2 1 1 1)              98.417
9099       (1 0 3 1 2 1 1)              98.417
9100       (1 0 2 3 2 1 2)              98.417
9101       (1 0 3 1 2 1 2)              98.417
9102       (1 0 2 3 2 2 1)              98.417
9103       (1 0 2 3 2 1 2)              98.417
9104       (1 0 2 3 1 1 1)              98.418
9105       (1 0 1 2 1 1 1)              98.418
9106       (1 0 0 0 1 2 0)              98.418
9107       (1 0 2 3 2 1 2)              98.418
9108       (1 0 2 3 2 1 2)              98.418
9109       (1 0 2 3 2 1 1)              98.418
9110       (1 0 2 3 1 1 1)              98.419
9111       (1 0 2 3 2 1 2)              98.419
9112       (1 0 3 1 2 1 1)              98.419
9113       (1 0 2 3 2 1 2)              98.419
9114       (1 0 3 1 2 1 2)              98.419
9115       (1 0 2 3 2 1 2)              98.420
9116       (1 0 2 3 1 2 1)              98.420
9117       (1 0 2 3 2 1 2)              98.420
9118       (1 0 2 3 2 1 2)              98.420
9119       (1 0 3 1 2 1 2)              98.420
9120       (1 0 0 0 1 2 0)              98.420
9121       (1 0 2 3 2 1 2)              98.421
9122       (1 0 2 3 2 1 2)              98.421
9123       (1 0 3 1 2 1 2)              98.421
9124       (1 0 2 3 1 2 1)              98.421
9125       (1 0 2 3 2 1 2)              98.421
9126       (1 0 2 3 1 1 1)              98.420
9127       (1 0 1 2 1 1 1)              98.420
9128       (1 0 2 3 2 1 2)              98.420
9129       (1 0 2 3 2 1 2)              98.420
9130       (1 0 2 3 2 1 2)              98.421
9131       (1 0 2 3 2 1 2)              98.421
9132       (1 0 2 3 2 1 2)              98.421
9133       (1 0 3 1 2 1 2)              98.419
9134       (1 0 3 1 0 0 0)              98.417
9135       (1 0 2 3 2 1 2)              98.417
9136       (1 0 2 3 2 1 2)              98.417
9137       (1 0 3 1 2 1 1)              98.417
9138       (1 0 2 3 2 1 2)              98.417
9139       (1 0 1 2 1 2 1)              98.417
9140       (1 0 3 1 2 1 2)              98.418
9141       (1 0 1 2 1 1 1)              98.418
9142       (1 0 2 3 2 1 2)              98.418
9143       (1 0 2 3 2 1 2)              98.418
9144       (1 0 2 3 2 1 2)              98.418
9145       (1 0 3 1 2 1 1)              98.417
9146       (1 0 3 1 2 1 2)              98.417
9147       (1 0 2 3 1 2 1)              98.417
9148       (1 0 2 3 2 1 2)              98.417
9149       (1 0 3 1 1 1 1)              98.418
9150       (1 0 3 1 2 1 2)              98.418
9151       (1 0 3 1 1 1 1)              98.418
9152       (1 0 2 3 2 1 2)              98.418
9153       (1 0 3 1 2 1 2)              98.418
9154       (1 0 2 3 2 1 2)              98.418
9155       (1 0 1 2 1 1 1)              98.419
9156       (1 0 1 2 1 1 1)              98.419
9157       (1 0 3 1 2 1 1)              98.419
9158       (1 0 2 3 2 1 1)              98.418
9159       (1 0 2 3 2 1 2)              98.418
9160       (1 0 1 2 1 1 1)              98.418
9161       (1 0 3 1 2 1 2)              98.418
9162       (1 0 3 1 2 1 2)              98.418
9163       (1 0 3 1 2 1 2)              98.418
9164       (1 0 3 1 1 1 1)              98.419
9165       (1 0 1 2 1 1 1)              98.419
9166       (1 0 3 1 1 1 1)              98.419
9167       (1 0 2 3 2 1 1)              98.419
9168       (1 0 3 1 2 1 1)              98.418
9169       (1 0 2 3 2 1 1)              98.418
9170       (1 0 2 3 2 1 2)              98.418
9171       (1 0 1 2 1 2 1)              98.418
9172       (1 0 1 2 1 1 1)              98.418
9173       (1 0 3 1 2 1 2)              98.419
9174       (1 0 2 3 2 1 2)              98.419
9175       (1 0 3 1 2 1 2)              98.419
9176       (1 0 2 3 2 1 2)              98.419
9177       (1 0 2 3 2 1 2)              98.419
9178       (1 0 2 3 1 2 1)              98.419
9179       (1 0 2 3 2 1 2)              98.420
9180       (1 0 2 3 2 1 1)              98.420
9181       (1 0 2 3 2 1 2)              98.420
9182       (1 0 3 1 2 1 2)              98.420
9183       (1 0 1 2 0 0 1)              98.420
9184       (1 0 1 2 1 1 1)              98.421
9185       (1 0 2 3 2 1 2)              98.421
9186       (1 0 1 2 1 1 1)              98.421
9187       (1 0 1 2 1 2 0)              98.421
9188       (1 0 2 3 2 1 2)              98.421
9189       (1 0 2 3 2 1 2)              98.421
9190       (1 0 1 2 1 1 1)              98.422
9191       (1 0 3 1 2 1 2)              98.422
9192       (1 0 3 1 2 1 1)              98.422
9193       (1 0 2 3 1 1 1)              98.422
9194       (1 0 2 3 2 1 2)              98.422
9195       (1 0 1 2 1 1 1)              98.422
9196       (1 0 2 3 2 1 2)              98.423
9197       (1 0 2 3 2 1 2)              98.423
9198       (1 0 1 2 1 1 1)              98.423
9199       (1 0 1 2 1 1 1)              98.423
9200       (1 0 2 3 1 1 1)              98.423
9201       (1 0 2 3 2 1 1)              98.423
9202       (1 0 1 2 1 1 1)              98.424
9203       (1 0 3 1 2 1 2)              98.424
9204       (1 0 3 1 2 1 2)              98.424
9205       (1 0 3 1 2 1 2)              98.424
9206       (1 0 2 3 2 1 2)              98.424
9207       (1 0 2 3 2 1 2)              98.424
9208       (1 0 3 1 2 1 2)              98.425
9209       (1 0 2 3 1 2 1)              98.425
9210       (1 0 2 3 1 2 1)              98.423
9211       (1 0 1 2 1 1 1)              98.424
9212       (1 0 1 2 1 1 1)              98.421
9213       (1 0 2 3 2 1 2)              98.418
9214       (1 0 2 3 1 2 1)              98.418
9215       (1 0 1 2 1 2 1)              98.417
9216       (1 0 2 3 2 1 2)              98.417
9217       (1 0 1 2 1 1 1)              98.417
9218       (1 0 2 3 2 1 2)              98.417
9219       (1 0 3 1 2 1 2)              98.417
9220       (1 0 3 1 2 1 2)              98.417
9221       (1 0 2 3 2 1 2)              98.418
9222       (1 0 3 1 2 1 2)              98.418
9223       (1 0 3 1 2 1 2)              98.418
9224       (1 0 3 1 2 1 1)              98.418
9225       (1 0 1 2 1 2 1)              98.418
9226       (1 0 1 2 1 1 1)              98.418
9227       (1 0 2 3 2 1 2)              98.419
9228       (1 0 3 1 2 1 1)              98.419
9229       (1 0 2 3 2 1 2)              98.419
9230       (1 0 2 3 2 1 2)              98.419
9231       (1 0 2 3 2 1 2)              98.419
9232       (1 0 2 3 2 1 2)              98.419
9233       (1 0 2 3 1 1 1)              98.416
9234       (1 0 3 1 1 1 1)              98.417
9235       (1 0 2 3 1 2 1)              98.417
9236       (1 0 3 1 2 1 2)              98.415
9237       (1 0 2 3 2 1 2)              98.416
9238       (1 0 3 1 2 1 2)              98.416
9239       (1 0 2 3 2 2 1)              98.416
9240       (1 0 2 3 1 2 1)              98.416
9241       (1 0 3 1 2 1 2)              98.416
9242       (1 0 2 3 2 1 1)              98.415
9243       (1 0 1 2 1 1 1)              98.415
9244       (1 0 2 3 2 1 2)              98.415
9245       (1 0 1 2 1 1 1)              98.415
9246       (1 0 2 3 1 1 0)              98.414
9247       (1 0 2 3 2 1 2)              98.414
9248       (1 0 2 3 2 1 2)              98.414
9249       (1 0 3 1 2 1 2)              98.415
9250       (1 0 1 2 1 1 1)              98.412
9251       (1 0 2 3 2 1 2)              98.412
9252       (1 0 2 3 1 2 1)              98.412
9253       (1 0 3 1 2 1 1)              98.412
9254       (1 0 1 2 1 1 1)              98.412
9255       (1 0 2 3 2 1 1)              98.413
9256       (1 0 2 3 2 1 2)              98.413
9257       (1 0 3 1 2 1 2)              98.411
9258       (1 0 3 1 2 1 2)              98.411
9259       (1 0 3 1 2 1 2)              98.412
9260       (1 0 1 2 1 1 1)              98.412
9261       (1 0 2 3 2 1 2)              98.412
9262       (1 0 2 3 2 1 2)              98.412
9263       (1 0 3 1 2 1 2)              98.412
9264       (1 0 2 3 2 1 2)              98.413
9265       (1 0 3 1 2 1 2)              98.413
9266       (1 0 1 2 1 2 0)              98.413
9267       (1 0 2 3 2 1 1)              98.411
9268       (1 0 3 1 2 1 2)              98.410
9269       (1 0 2 3 1 2 1)              98.410
9270       (1 0 2 3 1 1 1)              98.410
9271       (1 0 3 1 2 1 2)              98.411
9272       (1 0 2 3 2 1 2)              98.411
9273       (1 0 2 3 2 1 2)              98.411
9274       (1 0 1 2 1 1 1)              98.411
9275       (1 0 1 2 1 1 1)              98.411
9276       (1 0 2 3 2 1 2)              98.411
9277       (1 0 3 1 2 1 2)              98.412
9278       (1 0 2 3 1 1 1)              98.412
9279       (1 0 0 0 1 2 0)              98.412
9280       (1 0 3 1 2 1 2)              98.412
9281       (1 0 3 1 2 1 2)              98.412
9282       (1 0 3 1 2 1 2)              98.413
9283       (1 0 2 3 2 1 2)              98.413
9284       (1 0 1 2 1 1 1)              98.413
9285       (1 0 1 2 1 1 1)              98.413
9286       (1 0 1 2 1 1 1)              98.413
9287       (1 0 1 2 1 1 1)              98.413
9288       (1 0 3 1 2 1 2)              98.414
9289       (1 0 2 3 1 1 1)              98.414
9290       (1 0 3 1 2 1 1)              98.414
9291       (1 0 2 3 2 1 2)              98.414
9292       (1 0 1 2 2 2 1)              98.414
9293       (1 0 1 2 1 1 1)              98.414
9294       (1 0 1 2 1 1 1)              98.415
9295       (1 0 1 2 1 2 0)              98.415
9296       (1 0 2 3 2 1 2)              98.415
9297       (1 0 3 1 1 1 1)              98.415
9298       (1 0 2 3 2 1 2)              98.415
9299       (1 0 0 0 1 0 1)              98.415
9300       (1 0 2 3 2 1 2)              98.416
9301       (1 0 1 2 1 1 1)              98.416
9302       (1 0 1 2 1 1 1)              98.416
9303       (1 0 1 2 1 1 1)              98.416
9304       (1 0 2 3 2 1 2)              98.416
9305       (1 0 2 3 2 1 2)              98.416
9306       (1 0 3 1 2 1 2)              98.417
9307       (1 0 3 1 2 1 2)              98.417
9308       (1 0 3 1 2 1 2)              98.417
9309       (1 0 3 1 2 1 2)              98.416
9310       (1 0 1 2 1 1 1)              98.416
9311       (1 0 2 3 2 1 2)              98.416
9312       (1 0 2 3 2 1 2)              98.416
9313       (1 0 2 3 2 1 2)              98.416
9314       (1 0 2 3 1 2 1)              98.416
9315       (1 0 2 3 2 1 2)              98.417
9316       (1 0 0 0 0 2 0)              98.417
9317       (1 0 3 1 2 1 2)              98.417
9318       (1 0 2 3 2 1 2)              98.417
9319       (1 0 2 3 1 1 1)              98.417
9320       (1 0 2 3 2 1 2)              98.417
9321       (1 0 1 2 1 1 1)              98.418
9322       (1 0 1 2 1 1 1)              98.418
9323       (1 0 1 2 1 1 1)              98.418
9324       (1 0 2 3 2 1 2)              98.418
9325       (1 0 2 3 2 1 2)              98.418
9326       (1 0 3 1 2 1 1)              98.419
9327       (1 0 3 1 2 1 2)              98.419
9328       (1 0 2 3 2 1 2)              98.419
9329       (1 0 2 3 2 1 2)              98.419
9330       (1 0 2 3 2 1 2)              98.419
9331       (1 0 3 1 2 1 2)              98.419
9332       (1 0 1 2 1 2 1)              98.418
9333       (1 0 2 3 2 1 1)              98.418
9334       (1 0 1 2 1 1 1)              98.418
9335       (1 0 2 3 2 1 2)              98.418
9336       (1 0 2 3 2 1 1)              98.419
9337       (1 0 2 3 2 1 2)              98.419
9338       (1 0 2 3 2 1 2)              98.419
9339       (1 0 1 2 1 2 0)              98.419
9340       (1 0 1 2 1 1 1)              98.419
9341       (1 0 1 2 2 2 1)              98.420
9342       (1 0 2 3 2 1 2)              98.420
9343       (1 0 3 1 1 2 1)              98.420
9344       (1 0 1 2 1 1 1)              98.420
9345       (1 0 2 3 1 1 1)              98.420
9346       (1 0 2 3 1 1 1)              98.420
9347       (1 0 1 2 1 2 0)              98.421
9348       (1 0 3 1 2 1 2)              98.421
9349       (1 0 3 1 2 1 2)              98.421
9350       (1 0 2 3 2 1 2)              98.421
9351       (1 0 1 2 1 1 1)              98.421
9352       (1 0 3 1 2 1 2)              98.421
9353       (1 0 2 3 2 1 2)              98.422
9354       (1 0 1 2 1 1 1)              98.422
9355       (1 0 3 1 2 1 2)              98.422
9356       (1 0 2 3 2 2 1)              98.422
9357       (1 0 3 1 2 1 2)              98.422
9358       (1 0 2 3 2 1 2)              98.422
9359       (1 0 2 3 1 1 1)              98.423
9360       (1 0 2 3 2 1 2)              98.423
9361       (1 0 3 1 1 1 1)              98.423
9362       (1 0 1 2 0 0 1)              98.423
9363       (1 0 2 3 2 1 2)              98.423
9364       (1 0 3 1 2 1 2)              98.423
9365       (1 0 2 3 2 1 2)              98.424
9366       (1 0 2 3 2 1 2)              98.424
9367       (1 0 1 2 1 1 1)              98.424
9368       (1 0 2 3 2 1 2)              98.424
9369       (1 0 2 3 2 1 2)              98.424
9370       (1 0 1 2 1 1 1)              98.424
9371       (1 0 1 2 1 1 1)              98.425
9372       (1 0 2 3 2 1 2)              98.425
9373       (1 0 1 2 1 1 1)              98.425
9374       (1 0 2 3 2 1 2)              98.425
9375       (1 0 1 2 1 1 1)              98.425
9376       (1 0 1 2 1 1 1)              98.425
9377       (1 0 2 3 2 1 2)              98.426
9378       (1 0 1 2 2 2 1)              98.426
9379       (1 0 2 3 1 2 1)              98.426
9380       (1 0 1 2 1 1 1)              98.426
9381       (1 0 2 3 1 1 1)              98.426
9382       (1 0 1 2 1 1 1)              98.426
9383       (1 0 1 2 1 1 1)              98.427
9384       (1 0 2 3 2 1 2)              98.427
9385       (1 0 3 1 1 1 1)              98.427
9386       (1 0 3 1 2 1 2)              98.427
9387       (1 0 1 2 1 1 1)              98.427
9388       (1 0 2 3 2 1 1)              98.427
9389       (1 0 2 3 2 1 2)              98.428
9390       (1 0 3 1 2 1 1)              98.426
9391       (1 0 2 3 1 1 1)              98.426
9392       (1 0 2 3 2 1 2)              98.427
9393       (1 0 1 2 1 1 1)              98.427
9394       (1 0 3 1 2 1 2)              98.427
9395       (1 0 3 1 2 1 2)              98.427
9396       (1 0 2 3 2 1 1)              98.426
9397       (1 0 2 3 2 1 2)              98.426
9398       (1 0 3 1 2 1 2)              98.425
9399       (1 0 3 1 1 1 1)              98.425
9400       (1 0 1 2 1 1 1)              98.425
9401       (1 0 2 3 2 2 1)              98.425
9402       (1 0 2 3 2 1 1)              98.425
9403       (1 0 1 2 1 1 1)              98.425
9404       (1 0 1 2 1 1 1)              98.426
9405       (1 0 1 2 1 1 1)              98.426
9406       (1 0 2 3 2 1 2)              98.426
9407       (1 0 1 2 1 1 1)              98.426
9408       (1 0 3 1 2 1 2)              98.426
9409       (1 0 2 3 1 1 1)              98.426
9410       (1 0 3 1 2 1 2)              98.427
9411       (1 0 2 3 2 1 2)              98.427
9412       (1 0 3 1 2 1 2)              98.427
9413       (1 0 3 1 2 1 2)              98.427
9414       (1 0 3 1 2 1 2)              98.427
9415       (1 0 3 1 2 1 2)              98.426
9416       (1 0 1 2 1 1 1)              98.426
9417       (1 0 2 3 2 1 2)              98.426
9418       (1 0 2 3 2 1 2)              98.426
9419       (1 0 2 3 2 1 2)              98.427
9420       (1 0 3 1 2 1 2)              98.427
9421       (1 0 3 1 2 1 2)              98.425
9422       (1 0 2 3 2 1 2)              98.426
9423       (1 0 3 1 2 1 2)              98.426
9424       (1 0 2 3 2 1 2)              98.426
9425       (1 0 1 2 1 1 1)              98.426
9426       (1 0 2 3 2 1 2)              98.426
9427       (1 0 1 2 1 1 1)              98.426
9428       (1 0 2 3 1 1 1)              98.424
9429       (1 0 2 3 2 1 2)              98.424
9430       (1 0 2 3 2 1 1)              98.424
9431       (1 0 3 1 2 1 2)              98.424
9432       (1 0 2 3 2 1 2)              98.424
9433       (1 0 2 3 2 1 2)              98.423
9434       (1 0 1 2 1 1 1)              98.423
9435       (1 0 2 3 1 2 0)              98.423
9436       (1 0 1 2 1 1 1)              98.423
9437       (1 0 3 1 2 1 2)              98.423
9438       (1 0 3 1 2 1 2)              98.422
9439       (1 0 1 2 1 1 1)              98.422
9440       (1 0 2 3 1 1 1)              98.422
9441       (1 0 2 3 1 2 1)              98.423
9442       (1 0 2 3 2 1 2)              98.423
9443       (1 0 2 3 1 2 1)              98.423
9444       (1 0 3 1 2 1 2)              98.423
9445       (1 0 2 3 2 1 2)              98.423
9446       (1 0 2 3 2 1 1)              98.423
9447       (1 0 2 3 1 2 1)              98.424
9448       (1 0 3 1 2 1 2)              98.424
9449       (1 0 1 2 1 1 1)              98.421
9450       (1 0 3 1 2 1 2)              98.421
9451       (1 0 2 3 2 1 2)              98.421
9452       (1 0 1 2 1 1 1)              98.421
9453       (1 0 0 0 2 2 1)              98.422
9454       (1 0 2 3 1 2 1)              98.422
9455       (1 0 3 1 2 1 2)              98.419
9456       (1 0 1 2 1 1 1)              98.419
9457       (1 0 1 2 1 1 1)              98.419
9458       (1 0 2 3 2 1 2)              98.419
9459       (1 0 3 1 2 1 2)              98.420
9460       (1 0 1 2 1 1 1)              98.420
9461       (1 0 2 3 2 1 2)              98.420
9462       (1 0 1 2 1 1 1)              98.420
9463       (1 0 0 0 2 2 1)              98.420
9464       (1 0 2 3 1 2 1)              98.420
9465       (1 0 1 2 1 2 1)              98.421
9466       (1 0 2 3 2 1 2)              98.421
9467       (1 0 2 3 2 1 2)              98.421
9468       (1 0 2 3 2 2 1)              98.421
9469       (1 0 1 2 1 1 1)              98.421
9470       (1 0 2 3 2 1 1)              98.421
9471       (1 0 3 1 2 1 2)              98.422
9472       (1 0 1 2 1 1 1)              98.422
9473       (1 0 1 2 1 1 1)              98.422
9474       (1 0 3 1 2 1 2)              98.422
9475       (1 0 2 3 2 1 2)              98.422
9476       (1 0 2 3 2 1 2)              98.422
9477       (1 0 1 1 0 0 0)              98.420
9478       (1 0 1 2 1 1 1)              98.420
9479       (1 0 2 3 2 1 2)              98.417
9480       (1 0 3 1 2 1 2)              98.417
9481       (1 0 1 2 1 1 1)              98.417
9482       (1 0 2 3 2 1 2)              98.417
9483       (1 0 0 0 2 2 1)              98.418
9484       (1 0 1 2 1 1 1)              98.418
9485       (1 0 3 1 2 1 2)              98.418
9486       (1 0 3 1 2 1 2)              98.418
9487       (1 0 2 3 1 1 1)              98.418
9488       (1 0 3 1 2 1 2)              98.418
9489       (1 0 2 3 2 1 2)              98.416
9490       (1 0 1 2 1 1 1)              98.416
9491       (1 0 2 3 2 1 2)              98.416
9492       (1 0 0 0 2 2 1)              98.416
9493       (1 0 1 2 1 2 1)              98.415
9494       (1 0 2 3 2 1 2)              98.415
9495       (1 0 1 2 1 1 1)              98.415
9496       (1 0 2 3 2 1 2)              98.415
9497       (1 0 2 3 1 2 1)              98.415
9498       (1 0 2 3 2 1 2)              98.416
9499       (1 0 3 1 2 1 2)              98.416
9500       (1 0 1 2 1 1 1)              98.416
9501       (1 0 2 3 2 1 2)              98.416
9502       (1 0 2 3 2 1 2)              98.416
9503       (1 0 2 3 2 1 2)              98.416
9504       (1 0 2 3 2 1 2)              98.417
9505       (1 0 3 1 2 1 2)              98.417
9506       (1 0 3 1 2 1 2)              98.417
9507       (1 0 3 1 2 1 2)              98.417
9508       (1 0 3 1 2 1 2)              98.416
9509       (1 0 3 1 2 1 2)              98.416
9510       (1 0 3 1 2 1 2)              98.416
9511       (1 0 2 3 2 1 1)              98.415
9512       (1 0 3 1 2 1 2)              98.415
9513       (1 0 1 2 1 1 1)              98.415
9514       (1 0 1 2 1 1 1)              98.415
9515       (1 0 2 3 2 1 2)              98.415
9516       (1 0 2 3 2 1 2)              98.416
9517       (1 0 2 3 2 1 2)              98.416
9518       (1 0 2 3 1 2 1)              98.416
9519       (1 0 2 1 1 1 1)              98.415
9520       (1 0 2 3 1 0 1)              98.413
9521       (1 0 3 1 2 1 2)              98.413
9522       (1 0 2 3 2 1 2)              98.414
9523       (1 0 0 0 2 2 1)              98.414
9524       (1 0 3 1 2 1 2)              98.414
9525       (1 0 2 3 2 1 2)              98.414
9526       (1 0 0 0 2 2 1)              98.414
9527       (1 0 2 3 2 1 2)              98.414
9528       (1 0 1 2 1 2 0)              98.415
9529       (1 0 1 2 1 1 1)              98.415
9530       (1 0 2 3 2 1 1)              98.413
9531       (1 0 2 3 2 1 2)              98.414
9532       (1 0 3 1 2 1 2)              98.414
9533       (1 0 2 3 2 1 1)              98.414
9534       (1 0 2 3 2 1 2)              98.414
9535       (1 0 1 2 1 1 1)              98.414
9536       (1 0 2 3 2 1 2)              98.414
9537       (1 0 2 3 2 1 2)              98.415
9538       (1 0 3 1 2 1 2)              98.415
9539       (1 0 3 1 2 1 2)              98.413
9540       (1 0 2 3 1 1 1)              98.414
9541       (1 0 3 1 2 1 2)              98.414
9542       (1 0 2 3 2 1 2)              98.414
9543       (1 0 1 2 1 1 1)              98.414
9544       (1 0 2 3 2 1 2)              98.414
9545       (1 0 2 3 2 1 2)              98.414
9546       (1 0 2 3 1 2 1)              98.415
9547       (1 0 3 1 2 1 2)              98.415
9548       (1 0 2 3 2 1 2)              98.415
9549       (1 0 1 2 1 1 1)              98.415
9550       (1 0 0 0 1 2 0)              98.415
9551       (1 0 3 1 2 1 2)              98.414
9552       (1 0 1 2 1 1 1)              98.414
9553       (1 0 3 1 2 1 2)              98.414
9554       (1 0 1 2 0 0 1)              98.414
9555       (1 0 3 1 2 1 2)              98.415
9556       (1 0 1 2 1 1 1)              98.415
9557       (1 0 1 2 1 2 1)              98.415
9558       (1 0 1 2 1 1 1)              98.415
9559       (1 0 3 1 2 1 2)              98.415
9560       (1 0 1 2 1 1 1)              98.415
9561       (1 0 0 0 1 2 0)              98.416
9562       (1 0 2 3 2 1 2)              98.416
9563       (1 0 1 2 1 1 1)              98.416
9564       (1 0 2 3 1 1 1)              98.416
9565       (1 0 1 2 1 2 0)              98.416
9566       (1 0 2 3 2 1 2)              98.416
9567       (1 0 3 1 2 1 1)              98.417
9568       (1 0 2 3 2 1 2)              98.417
9569       (1 0 2 3 2 1 2)              98.417
9570       (1 0 1 1 0 0 1)              98.416
9571       (1 0 1 2 1 1 1)              98.416
9572       (1 0 2 3 2 1 2)              98.416
9573       (1 0 3 1 2 1 2)              98.416
9574       (1 0 1 2 1 1 1)              98.416
9575       (1 0 2 3 2 1 2)              98.416
9576       (1 0 2 3 2 1 2)              98.417
9577       (1 0 3 1 2 1 2)              98.417
9578       (1 0 3 1 2 1 2)              98.417
9579       (1 0 2 3 2 1 2)              98.417
9580       (1 0 3 1 2 1 2)              98.417
9581       (1 0 3 1 2 1 2)              98.417
9582       (1 0 3 1 0 2 1)              98.418
9583       (1 0 2 3 1 2 1)              98.418
9584       (1 0 1 2 1 1 1)              98.418
9585       (1 0 2 3 1 2 0)              98.418
9586       (1 0 2 3 2 1 2)              98.418
9587       (1 0 3 1 2 1 2)              98.418
9588       (1 0 2 3 2 1 2)              98.419
9589       (1 0 2 3 2 1 2)              98.419
9590       (1 0 1 2 1 1 1)              98.419
9591       (1 0 2 3 2 1 2)              98.419
9592       (1 0 1 2 1 1 1)              98.419
9593       (1 0 2 3 2 1 2)              98.419
9594       (1 0 3 1 2 1 2)              98.420
9595       (1 0 3 1 2 1 2)              98.420
9596       (1 0 2 3 2 1 2)              98.420
9597       (1 0 3 1 2 1 2)              98.420
9598       (1 0 2 3 2 1 2)              98.420
9599       (1 0 2 3 2 1 2)              98.420
9600       (1 0 3 1 2 1 2)              98.420
9601       (1 0 2 3 2 1 1)              98.421
9602       (1 0 3 1 2 1 2)              98.421
9603       (1 0 1 2 1 1 1)              98.421
9604       (1 0 1 2 1 1 1)              98.421
9605       (1 0 1 2 1 2 1)              98.421
9606       (1 0 1 2 1 1 1)              98.421
9607       (1 0 2 3 2 1 2)              98.422
9608       (1 0 3 1 2 1 2)              98.422
9609       (1 0 2 3 2 1 2)              98.422
9610       (1 0 1 2 1 1 1)              98.422
9611       (1 0 1 2 2 2 1)              98.422
9612       (1 0 2 3 2 1 2)              98.419
9613       (1 0 2 3 2 1 2)              98.420
9614       (1 0 2 3 2 1 2)              98.420
9615       (1 0 1 2 1 1 1)              98.420
9616       (1 0 3 1 1 1 1)              98.420
9617       (1 0 2 3 2 1 2)              98.420
9618       (1 0 2 3 2 1 2)              98.420
9619       (1 0 1 2 1 1 1)              98.421
9620       (1 0 2 3 2 1 2)              98.421
9621       (1 0 2 3 1 1 1)              98.418
9622       (1 0 2 3 2 1 2)              98.418
9623       (1 0 1 2 1 1 1)              98.418
9624       (1 0 3 1 2 1 2)              98.418
9625       (1 0 1 2 1 1 1)              98.419
9626       (1 0 3 1 2 1 2)              98.419
9627       (1 0 1 2 1 2 0)              98.419
9628       (1 0 2 3 1 2 1)              98.419
9629       (1 0 2 3 1 2 1)              98.419
9630       (1 0 2 3 2 1 2)              98.419
9631       (1 0 3 1 2 1 2)              98.420
9632       (1 0 2 3 2 1 1)              98.418
9633       (1 0 1 2 2 2 1)              98.418
9634       (1 0 3 1 2 1 2)              98.419
9635       (1 0 2 3 2 1 2)              98.419
9636       (1 0 2 3 2 1 2)              98.419
9637       (1 0 1 2 1 1 1)              98.419
9638       (1 0 1 2 1 1 1)              98.419
9639       (1 0 3 1 2 1 2)              98.419
9640       (1 0 2 3 2 1 2)              98.420
9641       (1 0 2 3 2 1 2)              98.420
9642       (1 0 3 1 1 2 1)              98.420
9643       (1 0 2 3 2 1 2)              98.420
9644       (1 0 2 3 2 1 2)              98.420
9645       (1 0 2 3 2 1 2)              98.420
9646       (1 0 2 3 1 2 1)              98.421
9647       (1 0 2 3 2 1 2)              98.421
9648       (1 0 2 3 2 1 1)              98.421
9649       (1 0 3 1 1 1 1)              98.421
9650       (1 0 3 1 2 1 2)              98.421
9651       (1 0 3 1 0 1 1)              98.421
9652       (1 0 1 2 0 0 1)              98.422
9653       (1 0 2 3 2 1 2)              98.422
9654       (1 0 1 2 1 0 1)              98.416
9655       (1 0 2 3 2 1 2)              98.416
9656       (1 0 2 3 2 1 2)              98.416
9657       (1 0 2 3 1 1 1)              98.416
9658       (1 0 1 2 1 1 1)              98.417
9659       (1 0 2 3 2 1 2)              98.417
9660       (1 0 3 1 2 1 2)              98.416
9661       (1 0 1 2 1 1 1)              98.416
9662       (1 0 2 3 1 1 1)              98.416
9663       (1 0 2 3 2 1 2)              98.416
9664       (1 0 2 3 1 0 1)              98.415
9665       (1 0 2 3 2 2 1)              98.415
9666       (1 0 2 3 1 2 1)              98.415
9667       (1 0 1 2 1 2 1)              98.415
9668       (1 0 2 3 2 1 2)              98.415
9669       (1 0 2 3 2 1 2)              98.415
9670       (1 0 2 3 1 2 1)              98.414
9671       (1 0 3 1 2 1 2)              98.414
9672       (1 0 3 1 2 1 1)              98.415
9673       (1 0 2 3 2 1 2)              98.415
9674       (1 0 3 1 2 1 2)              98.415
9675       (1 0 3 1 1 2 0)              98.411
9676       (1 0 3 1 2 1 2)              98.411
9677       (1 0 1 2 1 1 1)              98.411
9678       (1 0 2 3 2 1 2)              98.411
9679       (1 0 2 3 2 1 2)              98.411
9680       (1 0 1 2 1 1 1)              98.411
9681       (1 0 3 1 2 1 2)              98.412
9682       (1 0 2 3 2 1 1)              98.412
9683       (1 0 2 3 2 1 2)              98.412
9684       (1 0 3 1 2 1 2)              98.412
9685       (1 0 1 2 1 1 1)              98.412
9686       (1 0 0 0 2 2 1)              98.412
9687       (1 0 2 3 2 1 2)              98.413
9688       (1 0 1 2 1 2 1)              98.413
9689       (1 0 1 2 1 1 1)              98.413
9690       (1 0 2 3 2 1 2)              98.413
9691       (1 0 2 3 2 1 2)              98.413
9692       (1 0 3 1 2 1 2)              98.413
9693       (1 0 1 2 1 1 1)              98.414
9694       (1 0 2 3 2 1 2)              98.414
9695       (1 0 2 3 2 1 2)              98.414
9696       (1 0 2 3 2 1 2)              98.414
9697       (1 0 2 3 2 1 2)              98.414
9698       (1 0 2 3 2 1 1)              98.414
9699       (1 0 2 3 1 1 1)              98.415
9700       (1 0 2 3 2 1 2)              98.415
9701       (1 0 3 1 2 1 2)              98.415
9702       (1 0 2 3 2 1 2)              98.414
9703       (1 0 1 2 1 1 1)              98.414
9704       (1 0 2 3 2 1 2)              98.414
9705       (1 0 2 3 2 1 2)              98.414
9706       (1 0 1 2 0 0 1)              98.414
9707       (1 0 2 3 1 2 1)              98.414
9708       (1 0 2 3 1 1 1)              98.415
9709       (1 0 3 1 2 1 2)              98.415
9710       (1 0 2 3 2 1 2)              98.415
9711       (1 0 2 3 2 1 1)              98.414
9712       (1 0 2 3 2 1 2)              98.414
9713       (1 0 3 1 2 1 1)              98.412
9714       (1 0 1 2 1 1 1)              98.413
9715       (1 0 2 3 2 1 2)              98.413
9716       (1 0 2 3 2 1 2)              98.413
9717       (1 0 2 3 2 1 2)              98.413
9718       (1 0 2 3 2 1 2)              98.413
9719       (1 0 1 2 1 1 1)              98.413
9720       (1 0 1 2 1 1 1)              98.414
9721       (1 0 2 3 2 1 2)              98.414
9722       (1 0 3 1 2 1 2)              98.414
9723       (1 0 2 3 2 1 2)              98.414
9724       (1 0 2 3 1 1 1)              98.414
9725       (1 0 3 1 2 1 2)              98.414
9726       (1 0 1 2 1 1 1)              98.414
9727       (1 0 3 1 1 1 1)              98.415
9728       (1 0 2 3 2 1 2)              98.415
9729       (1 0 2 3 1 1 1)              98.415
9730       (1 0 2 3 2 1 2)              98.415
9731       (1 0 2 3 2 1 2)              98.415
9732       (1 0 2 3 2 1 1)              98.415
9733       (1 0 2 3 1 2 1)              98.416
9734       (1 0 2 3 2 1 2)              98.416
9735       (1 0 3 1 2 1 2)              98.413
9736       (1 0 3 1 2 1 2)              98.413
9737       (1 0 1 2 1 1 1)              98.413
9738       (1 0 2 3 2 1 2)              98.414
9739       (1 0 2 3 1 2 1)              98.414
9740       (1 0 3 1 2 1 2)              98.414
9741       (1 0 1 2 1 1 1)              98.414
9742       (1 0 3 1 2 1 2)              98.414
9743       (1 0 1 2 1 1 1)              98.414
9744       (1 0 2 3 2 1 2)              98.414
9745       (1 0 2 3 2 1 2)              98.415
9746       (1 0 2 3 2 1 2)              98.415
9747       (1 0 3 1 2 1 2)              98.415
9748       (1 0 2 3 2 1 2)              98.415
9749       (1 0 2 3 2 1 2)              98.415
9750       (1 0 1 2 1 1 1)              98.415
9751       (1 0 2 3 1 2 0)              98.414
9752       (1 0 1 2 1 1 1)              98.414
9753       (1 0 1 2 1 1 1)              98.414
9754       (1 0 3 1 2 1 2)              98.415
9755       (1 0 2 3 2 1 2)              98.415
9756       (1 0 1 2 1 1 1)              98.415
9757       (1 0 1 2 1 1 1)              98.415
9758       (1 0 3 1 1 1 1)              98.415
9759       (1 0 2 3 2 1 1)              98.414
9760       (1 0 1 2 1 1 1)              98.414
9761       (1 0 1 2 1 1 1)              98.414
9762       (1 0 1 2 2 2 1)              98.414
9763       (1 0 1 2 1 1 1)              98.415
9764       (1 0 2 3 2 1 1)              98.413
9765       (1 0 3 1 2 1 2)              98.414
9766       (1 0 3 1 2 1 2)              98.414
9768       (1 0 2 3 2 1 1)              98.412
9769       (1 0 2 3 2 1 2)              98.413
9770       (1 0 3 1 2 1 2)              98.413
9771       (1 0 2 3 2 1 2)              98.413
9772       (1 0 1 2 1 1 1)              98.413
9773       (1 0 2 3 1 2 1)              98.413
9774       (1 0 2 3 1 2 1)              98.413
9775       (1 0 2 3 2 1 2)              98.414
9776       (1 0 3 1 2 1 2)              98.414
9777       (1 0 1 2 1 2 0)              98.414
9778       (1 0 3 1 2 1 2)              98.414
9779       (1 0 2 3 2 1 1)              98.414
9780       (1 0 3 1 1 1 1)              98.414
9781       (1 0 1 2 1 2 1)              98.414
9782       (1 0 1 2 1 1 1)              98.415
9783       (1 0 2 3 1 1 1)              98.415
9784       (1 0 1 2 1 1 1)              98.415
9785       (1 0 3 1 2 1 2)              98.415
9786       (1 0 2 3 2 1 2)              98.415
9787       (1 0 2 3 1 1 1)              98.415
9788       (1 0 2 3 2 1 2)              98.416
9789       (1 0 2 3 2 1 2)              98.416
9790       (1 0 1 2 1 2 0)              98.416
9791       (1 0 3 1 2 1 2)              98.416
9792       (1 0 2 3 2 1 2)              98.416
9793       (1 0 2 3 2 1 2)              98.416
9794       (1 0 2 3 2 1 2)              98.417
9795       (1 0 2 3 2 1 1)              98.417
9796       (1 0 2 3 1 2 1)              98.417
9797       (1 0 2 3 2 1 2)              98.417
9798       (1 0 1 2 1 1 1)              98.417
9799       (1 0 1 2 1 1 1)              98.417
9800       (1 0 1 2 1 2 1)              98.418
9801       (1 0 2 3 2 1 2)              98.418
9802       (1 0 2 3 2 1 2)              98.418
9803       (1 0 3 1 2 1 2)              98.418
9804       (1 0 2 3 1 2 1)              98.418
9805       (1 0 2 3 2 1 2)              98.418
9806       (1 0 2 3 2 1 2)              98.419
9807       (1 0 3 1 2 1 1)              98.419
9808       (1 0 3 1 2 1 2)              98.419
9809       (1 0 2 3 1 2 1)              98.418
9810       (1 0 2 3 2 1 2)              98.418
9811       (1 0 3 1 2 1 2)              98.418
9812       (1 0 3 1 2 1 2)              98.417
9813       (1 0 1 2 1 1 1)              98.417
9814       (1 0 1 2 1 1 1)              98.417
9815       (1 0 1 2 1 1 1)              98.417
9816       (1 0 3 1 2 1 1)              98.417
9817       (1 0 1 2 1 2 1)              98.417
9818       (1 0 1 2 1 1 1)              98.418
9819       (1 0 3 1 2 1 2)              98.418
9820       (1 0 2 3 2 1 2)              98.418
9821       (1 0 3 1 2 1 2)              98.418
9822       (1 0 2 3 2 1 2)              98.418
9823       (1 0 3 1 2 1 1)              98.418
9824       (1 0 2 3 2 1 2)              98.419
9825       (1 0 1 2 2 2 1)              98.419
9826       (1 0 1 2 1 1 1)              98.419
9827       (1 0 3 1 2 1 2)              98.419
9828       (1 0 1 2 2 2 1)              98.419
9829       (1 0 3 1 1 1 1)              98.419
9830       (1 0 1 2 1 1 1)              98.420
9831       (1 0 2 3 1 1 1)              98.420
9832       (1 0 2 3 2 1 2)              98.420
9833       (1 0 2 3 2 1 2)              98.420
9834       (1 0 1 2 1 1 1)              98.420
9835       (1 0 2 3 2 1 2)              98.420
9836       (1 0 2 3 2 1 2)              98.420
9837       (1 0 2 3 2 1 2)              98.421
9838       (1 0 2 3 2 1 2)              98.421
9839       (1 0 2 3 2 1 2)              98.421
9840       (1 0 2 3 2 1 2)              98.421
9841       (1 0 2 3 2 1 2)              98.421
9842       (1 0 1 2 1 2 0)              98.421
9843       (1 0 2 3 2 1 2)              98.422
9844       (1 0 2 3 2 1 2)              98.422
9845       (1 0 2 3 2 1 2)              98.422
9846       (1 0 2 3 2 1 2)              98.422
9847       (1 0 1 2 1 1 1)              98.422
9848       (1 0 1 2 1 1 1)              98.422
9849       (1 0 2 3 2 1 2)              98.423
9850       (1 0 2 3 1 2 1)              98.423
9851       (1 0 2 3 2 1 1)              98.423
9852       (1 0 3 1 2 1 2)              98.423
9853       (1 0 3 1 2 1 1)              98.423
9854       (1 0 2 3 2 1 2)              98.422
9855       (1 0 2 3 2 1 2)              98.422
9856       (1 0 2 3 2 1 2)              98.422
9857       (1 0 3 1 1 1 1)              98.422
9858       (1 0 2 3 1 1 1)              98.423
9859       (1 0 3 1 2 1 2)              98.421
9860       (1 0 3 1 1 1 1)              98.421
9861       (1 0 3 1 2 1 1)              98.422
9862       (1 0 3 1 2 1 2)              98.422
9863       (1 0 3 1 2 1 2)              98.422
9864       (1 0 3 1 2 1 2)              98.422
9865       (1 0 3 1 2 1 2)              98.422
9866       (1 0 2 3 2 1 1)              98.422
9867       (1 0 2 3 2 1 2)              98.423
9868       (1 0 2 3 2 1 1)              98.423
9869       (1 0 2 3 2 1 1)              98.423
9870       (1 0 2 3 2 1 2)              98.423
9871       (1 0 1 2 1 1 1)              98.423
9872       (1 0 1 2 1 1 1)              98.423
9873       (1 0 2 3 2 1 2)              98.424
9874       (1 0 2 3 2 1 2)              98.424
9875       (1 0 3 1 1 1 1)              98.424
9876       (1 0 1 2 1 2 1)              98.424
9877       (1 0 1 2 1 1 1)              98.424
9878       (1 0 3 1 2 1 2)              98.424
9879       (1 0 2 3 2 1 2)              98.424
9880       (1 0 1 2 1 2 1)              98.425
9881       (1 0 3 1 1 1 1)              98.423
9882       (1 0 3 1 1 2 1)              98.423
9883       (1 0 2 3 2 1 2)              98.424
9884       (1 0 1 2 1 1 1)              98.424
9885       (1 0 3 1 2 1 2)              98.423
9886       (1 0 1 2 1 1 1)              98.423
9887       (1 0 2 3 2 2 1)              98.421
9888       (1 0 1 2 1 1 1)              98.422
9889       (1 0 2 3 2 1 1)              98.422
9890       (1 0 1 2 1 1 1)              98.422
9891       (1 0 3 1 1 1 1)              98.422
9892       (1 0 1 2 1 1 1)              98.422
9893       (1 0 1 2 1 1 1)              98.422
9894       (1 0 2 3 2 1 2)              98.423
9895       (1 0 1 2 1 2 1)              98.421
9896       (1 0 3 1 2 1 2)              98.421
9897       (1 0 3 1 2 1 2)              98.422
9898       (1 0 2 3 1 1 1)              98.419
9899       (1 0 1 2 1 2 1)              98.418
9900       (1 0 3 1 2 1 2)              98.418
9901       (1 0 1 2 1 1 1)              98.418
9902       (1 0 2 3 2 1 2)              98.418
9903       (1 0 2 3 2 1 2)              98.418
9904       (1 0 2 3 1 1 1)              98.418
9905       (1 0 1 2 1 1 1)              98.418
9906       (1 0 2 3 2 1 2)              98.419
9907       (1 0 2 3 2 1 2)              98.419
9908       (1 0 2 3 2 1 2)              98.419
9909       (1 0 3 1 2 1 2)              98.418
9910       (1 0 1 2 1 1 1)              98.418
9911       (1 0 2 3 2 1 2)              98.418
9912       (1 0 0 0 2 2 1)              98.418
9913       (1 0 1 2 1 1 1)              98.418
9914       (1 0 3 1 2 1 2)              98.418
9915       (1 0 3 1 2 1 2)              98.419
9916       (1 0 1 2 1 2 1)              98.417
9917       (1 0 2 3 2 1 2)              98.418
9918       (1 0 2 3 2 1 1)              98.416
9919       (1 0 1 2 1 1 1)              98.416
9920       (1 0 2 3 1 1 1)              98.417
9921       (1 0 1 2 1 1 1)              98.417
9922       (1 0 2 3 1 1 1)              98.417
9923       (1 0 2 3 2 1 2)              98.417
9924       (1 0 2 3 2 1 2)              98.417
9925       (1 0 3 1 1 1 1)              98.416
9926       (1 0 2 3 2 1 2)              98.416
9927       (1 0 1 2 1 1 1)              98.416
9928       (1 0 2 3 1 1 1)              98.415
9929       (1 0 1 2 1 2 1)              98.414
9930       (1 0 3 1 2 1 1)              98.412
9931       (1 0 2 3 2 1 2)              98.413
9933       (1 0 1 2 1 1 1)              98.413
9934       (1 0 2 3 1 1 1)              98.413
9935       (1 0 1 2 1 1 1)              98.413
9936       (1 0 2 3 1 1 1)              98.413
9937       (1 0 2 3 2 1 2)              98.413
9938       (1 0 2 3 1 2 1)              98.412
9939       (1 0 2 3 1 2 1)              98.412
9940       (1 0 1 2 1 1 1)              98.412
9941       (1 0 3 1 2 1 1)              98.413
9942       (1 0 2 3 2 1 2)              98.413
9943       (1 0 1 2 1 1 1)              98.413
9944       (1 0 1 2 1 1 1)              98.413
9945       (1 0 3 1 2 1 1)              98.412
9946       (1 0 3 1 2 1 2)              98.412
9947       (1 0 1 2 1 1 1)              98.412
9948       (1 0 2 3 1 2 1)              98.412
9949       (1 0 1 2 1 1 1)              98.412
9950       (1 0 0 0 1 2 0)              98.413
9951       (1 0 3 1 2 1 2)              98.413
9952       (1 0 1 2 1 1 1)              98.413
9953       (1 0 3 1 2 1 2)              98.413
9954       (1 0 3 1 2 1 2)              98.412
9955       (1 0 2 3 2 1 2)              98.412
9956       (1 0 2 3 2 1 2)              98.412
9957       (1 0 2 3 2 1 2)              98.412
9958       (1 0 3 1 2 1 1)              98.412
9959       (1 0 2 3 2 1 2)              98.413
9960       (1 0 3 1 2 1 2)              98.411
9961       (1 0 3 1 2 1 2)              98.411
9962       (1 0 0 0 1 2 0)              98.412
9963       (1 0 3 1 2 1 1)              98.410
9964       (1 0 2 3 2 1 2)              98.410
9965       (1 0 2 3 2 1 2)              98.411
9966       (1 0 1 2 1 1 1)              98.411
9967       (1 0 3 1 2 1 2)              98.410
9968       (1 0 3 1 0 1 1)              98.408
9969       (1 0 3 1 2 1 2)              98.408
9970       (1 0 2 3 2 1 2)              98.409
9971       (1 0 1 2 1 1 1)              98.409
9972       (1 0 2 3 2 1 2)              98.409
9973       (1 0 2 3 2 1 2)              98.409
9974       (1 0 2 3 2 1 2)              98.409
9975       (1 0 2 3 2 1 2)              98.409
9976       (1 0 3 1 2 1 2)              98.410
9977       (1 0 3 1 2 1 2)              98.410
9978       (1 0 1 2 1 1 1)              98.410
9979       (1 0 1 2 1 1 1)              98.410
9980       (1 0 3 1 2 1 2)              98.410
9981       (1 0 1 2 1 2 1)              98.410
9982       (1 0 2 3 2 1 2)              98.410
9983       (1 0 3 1 2 1 2)              98.411
9984       (1 0 3 1 2 1 2)              98.411
9985       (1 0 1 2 1 1 1)              98.411
9986       (1 0 1 2 2 2 1)              98.411
9987       (1 0 2 3 2 1 2)              98.411
9988       (1 0 2 3 2 1 2)              98.411
9989       (1 0 1 2 1 1 1)              98.412
9990       (1 0 2 3 2 1 2)              98.412
9991       (1 0 2 3 2 1 2)              98.412
9992       (1 0 3 1 2 1 2)              98.412
9993       (1 0 3 1 2 1 2)              98.412
9994       (1 0 2 3 2 1 2)              98.412
9995       (1 0 3 1 2 1 2)              98.413
9996       (1 0 2 3 2 1 2)              98.413
9997       (1 0 2 3 2 1 1)              98.413
9998       (1 0 3 1 1 1 1)              98.413
9999       (1 0 3 1 1 1 1)              98.413
10000      (1 0 3 1 2 1 2)              98.413
10001      (1 0 2 3 2 1 2)              98.413
10002      (1 0 3 1 2 1 2)              98.414
10003      (1 0 2 3 2 1 2)              98.414
10004      (1 0 2 3 2 1 2)              98.414
10005      (1 0 2 3 2 1 2)              98.414
10006      (1 0 2 3 2 1 2)              98.414
10007      (1 0 1 2 1 1 1)              98.414
10008      (1 0 2 3 2 1 2)              98.415
10009      (1 0 1 2 1 1 1)              98.415
10010      (1 0 1 2 1 1 1)              98.415
10011      (1 0 3 1 1 1 1)              98.415
10012      (1 0 1 2 1 1 1)              98.415
10013      (1 0 4 2 1 2 1)              98.414
10014      (1 0 1 2 1 2 0)              98.411
10015      (1 0 1 2 0 0 1)              98.411
10016      (1 0 3 1 2 1 2)              98.412
10017      (1 0 1 2 1 1 1)              98.412
10018      (1 0 2 3 1 2 1)              98.412
10019      (1 0 3 1 0 1 1)              98.411
10020      (1 0 2 3 2 1 1)              98.411
10021      (1 0 2 3 2 1 2)              98.411
10022      (1 0 2 3 2 1 2)              98.411
10023      (1 0 2 3 2 1 2)              98.411
10024      (1 0 3 1 2 1 2)              98.411
10025      (1 0 3 1 2 1 2)              98.412
10026      (1 0 1 2 1 1 1)              98.412
10027      (1 0 2 3 2 1 1)              98.412
10028      (1 0 2 3 2 1 2)              98.412
10029      (1 0 3 1 2 1 2)              98.412
10030      (1 0 2 3 2 1 1)              98.412
10031      (1 0 3 1 1 1 1)              98.410
10032      (1 0 0 0 1 1 1)              98.408
10033      (1 0 1 2 1 1 1)              98.409
10034      (1 0 1 2 1 1 1)              98.409
10035      (1 0 2 3 2 1 2)              98.409
10036      (1 0 3 1 2 1 2)              98.409
10037      (1 0 2 3 2 1 2)              98.409
10038      (1 0 2 3 1 1 1)              98.409
10039      (1 0 3 1 2 1 2)              98.410
10040      (1 0 3 1 2 1 2)              98.410
10041      (1 0 0 0 1 2 0)              98.410
10042      (1 0 3 1 2 1 2)              98.410
10043      (1 0 2 3 2 1 2)              98.410
10044      (1 0 2 3 2 1 1)              98.410
10045      (1 0 2 3 2 1 1)              98.410
10046      (1 0 2 3 2 1 2)              98.411
10047      (1 0 2 3 2 1 2)              98.411
10048      (1 0 0 0 1 2 0)              98.411
10049      (1 0 2 3 1 2 1)              98.411
10050      (1 0 2 3 2 1 2)              98.411
10051      (1 0 2 3 2 1 2)              98.411
10052      (1 0 2 3 2 1 2)              98.412
10053      (1 0 2 3 2 1 2)              98.412
10054      (1 0 2 3 2 1 1)              98.412
10055      (1 0 2 3 2 1 2)              98.412
10056      (1 0 2 3 2 1 2)              98.412
10057      (1 0 2 3 1 2 1)              98.412
10058      (1 0 2 3 1 2 1)              98.411
10059      (1 0 1 2 1 1 1)              98.411
10060      (1 0 2 3 2 1 2)              98.411
10061      (1 0 3 1 2 1 1)              98.412
10062      (1 0 2 3 1 1 1)              98.412
10063      (1 0 3 1 2 1 2)              98.412
10064      (1 0 2 3 2 1 2)              98.412
10065      (1 0 3 1 2 1 2)              98.412
10066      (1 0 1 2 1 1 1)              98.412
10067      (1 0 2 3 1 2 1)              98.413
10068      (1 0 2 3 1 2 1)              98.411
10069      (1 0 2 3 2 1 1)              98.411
10070      (1 0 3 1 1 1 1)              98.409
10071      (1 0 2 3 1 2 0)              98.409
10072      (1 0 3 1 2 1 2)              98.408
10073      (1 0 1 2 1 1 1)              98.408
10074      (1 0 2 3 2 1 1)              98.408
10075      (1 0 3 1 1 1 1)              98.408
10076      (1 0 3 1 2 1 1)              98.408
10077      (1 0 1 2 1 1 1)              98.407
10078      (1 0 2 3 2 1 2)              98.407
10079      (1 0 3 1 2 1 2)              98.407
10080      (1 0 1 2 1 1 1)              98.407
10081      (1 0 1 2 1 1 1)              98.408
10082      (1 0 2 3 2 1 2)              98.408
10083      (1 0 3 1 2 1 2)              98.408
10084      (1 0 2 3 2 1 2)              98.408
10085      (1 0 3 1 2 1 2)              98.408
10086      (1 0 2 3 2 1 2)              98.408
10087      (1 0 2 3 2 1 2)              98.409
10088      (1 0 2 3 2 1 1)              98.409
10089      (1 0 1 2 1 1 1)              98.409
10090      (1 0 2 3 2 1 2)              98.406
10091      (1 0 2 3 2 1 2)              98.406
10092      (1 0 2 3 1 1 1)              98.407
10093      (1 0 2 3 2 1 2)              98.407
10094      (1 0 1 2 0 0 1)              98.407
10095      (1 0 1 2 1 1 1)              98.407
10096      (1 0 3 1 2 1 2)              98.407
10097      (1 0 2 3 2 1 2)              98.407
10098      (1 0 1 2 1 1 1)              98.407
10099      (1 0 2 3 1 2 1)              98.408
10100      (1 0 2 3 1 2 1)              98.408
10101      (1 0 2 3 2 1 1)              98.408
10102      (1 0 2 3 2 1 2)              98.408
10103      (1 0 3 1 2 1 2)              98.408
10104      (1 0 2 3 1 2 1)              98.408
10105      (1 0 3 1 2 1 2)              98.409
10106      (1 0 2 3 2 1 2)              98.409
10107      (1 0 1 2 1 1 1)              98.409
10108      (1 0 2 3 2 1 2)              98.409
10109      (1 0 2 3 1 2 1)              98.409
10110      (1 0 3 1 2 1 2)              98.409
10111      (1 0 1 2 1 1 1)              98.410
10112      (1 0 3 1 2 1 2)              98.410
10113      (1 0 3 1 2 1 2)              98.410
10114      (1 0 2 3 1 1 1)              98.410
10115      (1 0 1 1 0 1 1)              98.407
10116      (1 0 3 1 2 1 2)              98.408
10117      (1 0 1 2 1 1 1)              98.408
10118      (1 0 2 3 2 1 2)              98.408
10119      (1 0 2 3 2 1 2)              98.408
10120      (1 0 3 1 1 1 1)              98.408
10121      (1 0 2 3 1 1 1)              98.408
10122      (1 0 1 2 1 1 1)              98.408
10123      (1 0 2 3 2 1 2)              98.409
10124      (1 0 2 3 1 1 1)              98.409
10125      (1 0 2 3 2 1 2)              98.409
10126      (1 0 1 2 1 1 1)              98.409
10127      (1 0 1 2 1 1 1)              98.409
10128      (1 0 3 1 2 1 2)              98.409
10129      (1 0 2 3 2 1 2)              98.410
10130      (1 0 1 2 1 1 1)              98.410
10131      (1 0 2 3 2 1 2)              98.410
10132      (1 0 1 2 1 1 1)              98.410
10133      (1 0 2 3 2 1 1)              98.410
10134      (1 0 1 2 1 1 1)              98.410
10135      (1 0 1 2 1 1 1)              98.410
10136      (1 0 3 1 2 1 2)              98.409
10137      (1 0 2 3 1 1 1)              98.409
10138      (1 0 1 2 1 1 1)              98.410
10139      (1 0 1 2 1 1 1)              98.410
10140      (1 0 3 1 2 1 2)              98.410
10141      (1 0 2 3 2 1 2)              98.410
10142      (1 0 2 3 2 1 2)              98.410
10143      (1 0 2 3 1 2 1)              98.410
10144      (1 0 2 3 2 1 2)              98.411
10145      (1 0 2 3 2 1 2)              98.411
10146      (1 0 2 3 2 1 2)              98.411
10147      (1 0 2 3 2 1 2)              98.411
10148      (1 0 2 3 1 2 1)              98.411
10149      (1 0 3 1 2 1 2)              98.411
10150      (1 0 2 3 2 1 2)              98.411
10151      (1 0 2 3 2 1 2)              98.412
10152      (1 0 3 1 2 1 2)              98.412
10153      (1 0 1 2 1 1 1)              98.412
10154      (1 0 2 3 2 1 2)              98.412
10155      (1 0 1 2 1 2 1)              98.412
10156      (1 0 1 2 1 2 1)              98.412
10157      (1 0 3 1 2 1 2)              98.413
10158      (1 0 1 2 1 1 1)              98.413
10159      (1 0 2 3 2 1 2)              98.413
10160      (1 0 2 3 2 1 2)              98.413
10161      (1 0 1 2 1 1 1)              98.413
10162      (1 0 1 2 1 1 1)              98.413
10163      (1 0 2 3 1 1 1)              98.411
10164      (1 0 2 3 1 2 1)              98.411
10165      (1 0 2 3 2 1 2)              98.411
10166      (1 0 2 3 2 1 2)              98.411
10167      (1 0 2 3 2 1 2)              98.411
10168      (1 0 3 1 2 1 2)              98.411
10169      (1 0 3 1 2 1 2)              98.412
10170      (1 0 3 1 1 1 1)              98.409
10171      (1 0 3 1 2 1 2)              98.409
10172      (1 0 2 3 2 1 2)              98.409
10173      (1 0 1 2 1 1 1)              98.409
10174      (1 0 3 1 2 1 2)              98.410
10175      (1 0 2 3 1 2 1)              98.410
10176      (1 0 3 1 2 1 1)              98.410
10177      (1 0 1 2 2 2 1)              98.410
10178      (1 0 2 3 2 1 2)              98.410
10179      (1 0 2 3 2 1 2)              98.410
10180      (1 0 1 2 1 1 1)              98.411
10181      (1 0 3 1 2 1 2)              98.411
10182      (1 0 2 3 1 2 1)              98.411
10183      (1 0 2 3 1 1 1)              98.411
10184      (1 0 2 3 2 1 1)              98.411
10185      (1 0 3 1 2 1 2)              98.411
10186      (1 0 3 1 2 1 2)              98.411
10187      (1 0 2 3 2 1 2)              98.412
10188      (1 0 2 3 2 1 2)              98.412
10189      (1 0 3 1 2 1 2)              98.412
10190      (1 0 1 2 2 2 1)              98.412
10191      (1 0 2 3 2 1 2)              98.412
10192      (1 0 3 1 2 1 2)              98.412
10193      (1 0 2 3 2 1 2)              98.413
10194      (1 0 2 3 2 1 2)              98.413
10195      (1 0 2 3 2 1 1)              98.413
10196      (1 0 3 1 2 1 1)              98.412
10197      (1 0 3 1 2 1 1)              98.412
10198      (1 0 2 3 1 1 1)              98.411
10199      (1 0 3 1 1 1 1)              98.411
10200      (1 0 3 1 2 1 2)              98.411
10201      (1 0 1 2 1 1 1)              98.411
10202      (1 0 1 2 1 1 1)              98.411
10203      (1 0 3 1 0 0 1)              98.408
10204      (1 0 2 3 2 1 2)              98.409
10205      (1 0 1 2 1 1 1)              98.409
10206      (1 0 2 3 2 1 2)              98.409
10207      (1 0 0 0 1 2 0)              98.409
10208      (1 0 3 1 2 1 2)              98.409
10209      (1 0 3 1 2 1 2)              98.409
10210      (1 0 3 1 2 1 2)              98.410
10211      (1 0 1 2 1 1 1)              98.410
10212      (1 0 1 2 1 2 1)              98.410
10213      (1 0 3 1 2 1 1)              98.410
10214      (1 0 3 1 2 1 2)              98.410
10215      (1 0 2 3 1 2 1)              98.410
10216      (1 0 0 0 2 2 1)              98.411
10217      (1 0 2 3 2 1 2)              98.411
10218      (1 0 2 3 2 1 1)              98.411
10219      (1 0 1 2 1 1 1)              98.411
10220      (1 0 1 2 1 1 1)              98.411
10221      (1 0 1 2 1 1 1)              98.411
10222      (1 0 2 3 2 1 2)              98.411
10223      (1 0 1 2 1 1 1)              98.412
10224      (1 0 3 1 1 1 1)              98.412
10225      (1 0 1 2 1 1 1)              98.412
10226      (1 0 2 3 2 1 2)              98.412
10227      (1 0 3 1 2 1 2)              98.412
10228      (1 0 3 1 2 1 2)              98.412
10229      (1 0 2 3 2 1 2)              98.413
10230      (1 0 3 1 2 1 2)              98.413
10231      (1 0 2 3 2 1 2)              98.413
10232      (1 0 3 1 2 1 2)              98.413
10233      (1 0 1 2 1 1 1)              98.413
10234      (1 0 2 3 1 2 1)              98.413
10235      (1 0 2 3 2 1 2)              98.413
10236      (1 0 3 1 2 1 2)              98.414
10237      (1 0 2 3 2 1 2)              98.414
10238      (1 0 2 3 1 2 1)              98.414
10239      (1 0 3 1 1 1 1)              98.414
10240      (1 0 2 3 1 1 1)              98.414
10241      (1 0 1 2 1 1 1)              98.414
10242      (1 0 2 3 1 1 1)              98.415
10243      (1 0 2 3 1 1 1)              98.415
10244      (1 0 1 2 0 0 0)              98.411
10245      (1 0 2 3 2 1 2)              98.411
10246      (1 0 3 1 1 1 1)              98.408
10247      (1 0 2 3 1 2 1)              98.408
10248      (1 0 2 3 2 1 1)              98.409
10249      (1 0 2 3 2 1 2)              98.409
10250      (1 0 3 1 1 1 1)              98.409
10251      (1 0 2 3 2 1 2)              98.409
10252      (1 0 3 1 2 1 2)              98.409
10253      (1 0 2 3 1 2 1)              98.409
10254      (1 0 2 3 2 1 2)              98.409
10255      (1 0 2 3 2 1 2)              98.410
10256      (1 0 2 3 2 1 2)              98.410
10257      (1 0 3 1 2 1 2)              98.410
10258      (1 0 1 2 1 1 1)              98.410
10259      (1 0 3 1 1 1 1)              98.410
10260      (1 0 3 1 2 1 2)              98.409
10261      (1 0 2 3 2 1 2)              98.409
10262      (1 0 2 3 2 1 2)              98.409
10263      (1 0 3 1 2 1 1)              98.409
10264      (1 0 3 1 2 1 2)              98.410
10265      (1 0 3 1 2 1 2)              98.410
10266      (1 0 3 1 2 1 2)              98.410
10267      (1 0 2 3 2 1 1)              98.410
10268      (1 0 2 3 2 1 2)              98.410
10269      (1 0 2 3 2 1 2)              98.410
10270      (1 0 3 1 2 1 2)              98.411
10271      (1 0 1 2 2 2 1)              98.411
10272      (1 0 2 3 2 1 1)              98.411
10273      (1 0 3 1 2 1 2)              98.411
10274      (1 0 2 3 2 1 2)              98.411
10275      (1 0 1 2 1 1 1)              98.411
10276      (1 0 3 1 2 1 2)              98.411
10277      (1 0 0 3 1 2 1)              98.410
10278      (1 0 2 3 2 1 2)              98.410
10279      (1 0 1 2 1 1 1)              98.411
10280      (1 0 2 3 2 1 2)              98.411
10281      (1 0 2 3 2 1 2)              98.411
10282      (1 0 3 1 2 1 2)              98.411
10283      (1 0 1 2 1 1 1)              98.411
10284      (1 0 0 0 1 2 0)              98.411
10285      (1 0 2 3 2 1 2)              98.411
10286      (1 0 3 1 2 1 2)              98.412
10287      (1 0 2 3 2 1 2)              98.412
10288      (1 0 2 3 2 1 2)              98.412
10289      (1 0 1 2 1 2 0)              98.412
10290      (1 0 3 1 2 1 2)              98.412
10291      (1 0 3 1 1 1 1)              98.412
10292      (1 0 2 3 2 1 2)              98.413
10293      (1 0 3 1 2 1 2)              98.411
10294      (1 0 2 3 2 1 2)              98.411
10295      (1 0 2 3 2 1 2)              98.412
10296      (1 0 2 3 2 1 2)              98.412
10297      (1 0 1 2 1 1 1)              98.412
10298      (1 0 1 2 1 1 1)              98.412
10299      (1 0 2 3 2 2 1)              98.412
10300      (1 0 2 3 2 1 2)              98.412
10301      (1 0 2 3 2 1 2)              98.413
10302      (1 0 3 1 2 1 2)              98.413
10303      (1 0 1 2 1 1 1)              98.413
10304      (1 0 1 2 1 1 1)              98.413
10305      (1 0 2 3 2 1 1)              98.413
10306      (1 0 2 3 2 1 1)              98.413
10307      (1 0 2 3 2 1 2)              98.413
10308      (1 0 3 1 2 1 2)              98.414
10309      (1 0 3 1 2 1 2)              98.414
10310      (1 0 2 3 2 1 2)              98.414
10311      (1 0 3 1 2 1 2)              98.414
10312      (1 0 2 3 2 1 2)              98.414
10313      (1 0 2 3 2 1 2)              98.414
10314      (1 0 3 1 1 1 1)              98.415
10315      (1 0 3 1 1 1 1)              98.415
10316      (1 0 3 1 2 1 2)              98.415
10317      (1 0 1 2 1 2 1)              98.415
10318      (1 0 1 2 1 1 1)              98.415
10319      (1 0 1 2 1 1 1)              98.415
10320      (1 0 2 3 2 1 1)              98.414
10321      (1 0 1 2 1 1 1)              98.414
10322      (1 0 2 3 1 1 1)              98.414
10323      (1 0 2 3 2 1 2)              98.415
10324      (1 0 0 0 1 0 1)              98.411
10325      (1 0 0 0 2 2 1)              98.411
10326      (1 0 2 3 1 2 1)              98.411
10327      (1 0 2 3 1 1 1)              98.411
10328      (1 0 3 1 2 1 2)              98.411
10329      (1 0 2 3 2 1 2)              98.411
10330      (1 0 2 3 2 1 2)              98.411
10331      (1 0 2 3 1 1 1)              98.412
10332      (1 0 2 3 2 1 2)              98.412
10333      (1 0 1 2 1 1 1)              98.412
10334      (1 0 3 1 1 1 1)              98.409
10335      (1 0 2 3 2 1 2)              98.409
10336      (1 0 2 3 2 1 2)              98.410
10337      (1 0 1 2 1 1 1)              98.410
10338      (1 0 2 3 2 1 2)              98.410
10339      (1 0 2 3 2 1 2)              98.410
10340      (1 0 1 2 1 1 1)              98.410
10341      (1 0 2 3 1 2 1)              98.410
10342      (1 0 2 3 2 1 2)              98.411
10343      (1 0 2 3 2 1 2)              98.411
10344      (1 0 2 3 2 1 2)              98.411
10345      (1 0 3 1 2 1 2)              98.411
10346      (1 0 1 2 1 1 1)              98.411
10347      (1 0 2 3 1 1 1)              98.411
10348      (1 0 2 3 2 1 2)              98.411
10349      (1 0 0 0 2 2 1)              98.412
10350      (1 0 1 2 1 2 1)              98.412
10351      (1 0 2 3 2 1 2)              98.412
10352      (1 0 1 2 1 2 1)              98.412
10353      (1 0 2 3 2 1 2)              98.412
10354      (1 0 1 2 1 1 1)              98.412
10355      (1 0 3 1 2 1 2)              98.413
10356      (1 0 2 3 2 1 2)              98.413
10357      (1 0 1 2 1 1 1)              98.413
10358      (1 0 2 3 2 1 2)              98.413
10359      (1 0 3 1 1 1 1)              98.413
10360      (1 0 1 2 1 1 1)              98.413
10361      (1 0 1 2 1 1 1)              98.413
10362      (1 0 1 2 1 1 1)              98.414
10363      (1 0 2 3 2 1 2)              98.414
10364      (1 0 1 2 1 1 1)              98.414
10365      (1 0 3 1 2 1 2)              98.414
10366      (1 0 2 3 2 1 2)              98.414
10367      (1 0 2 3 2 1 2)              98.412
10368      (1 0 2 3 2 1 2)              98.412
10369      (1 0 2 3 2 1 2)              98.412
10370      (1 0 3 1 2 1 2)              98.412
10371      (1 0 2 3 2 1 2)              98.412
10372      (1 0 3 1 2 1 2)              98.412
10373      (1 0 3 1 2 1 2)              98.413
10374      (1 0 2 3 2 1 2)              98.413
10375      (1 0 1 2 1 1 1)              98.413
10376      (1 0 2 3 1 1 1)              98.413
10377      (1 0 3 1 2 1 2)              98.413
10378      (1 0 3 1 1 1 1)              98.413
10379      (1 0 2 3 2 1 1)              98.413
10380      (1 0 3 1 1 1 1)              98.414
10381      (1 0 2 3 2 1 2)              98.414
10382      (1 0 2 3 1 1 1)              98.414
10383      (1 0 1 2 1 1 1)              98.414
10384      (1 0 3 1 2 1 2)              98.413
10385      (1 0 3 1 1 1 1)              98.413
10386      (1 0 2 3 2 1 2)              98.413
10387      (1 0 2 3 2 1 2)              98.413
10388      (1 0 2 3 2 1 2)              98.413
10389      (1 0 2 3 2 1 1)              98.414
10390      (1 0 3 1 2 1 2)              98.414
10391      (1 0 2 3 2 1 2)              98.414
10392      (1 0 2 3 2 1 2)              98.414
10393      (1 0 1 2 1 1 1)              98.414
10394      (1 0 2 3 2 1 2)              98.414
10395      (1 0 3 1 1 1 1)              98.415
10396      (1 0 3 1 2 1 2)              98.415
10397      (1 0 2 3 2 1 2)              98.415
10398      (1 0 3 1 2 1 2)              98.415
10399      (1 0 1 0 0 2 0)              98.414
10400      (1 0 2 3 2 1 2)              98.414
10401      (1 0 3 1 2 1 2)              98.414
10402      (1 0 2 3 2 1 2)              98.414
10403      (1 0 3 1 2 1 2)              98.414
10404      (1 0 2 3 2 1 2)              98.415
10405      (1 0 2 3 2 1 2)              98.415
10406      (1 0 2 3 2 1 2)              98.415
10407      (1 0 3 1 2 1 1)              98.415
10408      (1 0 2 3 2 1 2)              98.415
10409      (1 0 3 1 2 1 2)              98.415
10410      (1 0 2 3 1 2 1)              98.415
10411      (1 0 2 3 2 1 2)              98.416
10412      (1 0 2 3 2 1 2)              98.416
10413      (1 0 2 3 2 1 2)              98.416
10414      (1 0 3 1 2 1 2)              98.416
10415      (1 0 2 3 2 1 2)              98.416
10416      (1 0 1 2 1 1 1)              98.416
10417      (1 0 2 3 2 1 2)              98.417
10418      (1 0 1 2 1 1 1)              98.417
10419      (1 0 1 2 1 1 1)              98.417
10420      (1 0 2 3 2 1 2)              98.417
10421      (1 0 2 3 2 1 2)              98.417
10422      (1 0 2 3 2 1 2)              98.417
10423      (1 0 2 3 1 1 1)              98.417
10424      (1 0 2 3 2 1 2)              98.418
10425      (1 0 2 3 2 1 2)              98.418
10426      (1 0 2 3 2 1 2)              98.418
10427      (1 0 3 1 2 1 2)              98.417
10428      (1 0 2 3 2 1 2)              98.417
10429      (1 0 2 3 2 1 2)              98.417
10430      (1 0 2 3 2 1 2)              98.417
10431      (1 0 0 0 2 2 1)              98.417
10432      (1 0 1 2 1 1 1)              98.417
10433      (1 0 2 3 2 1 2)              98.418
10434      (1 0 2 3 2 1 1)              98.418
10435      (1 0 2 3 2 1 2)              98.418
10436      (1 0 3 1 2 1 2)              98.418
10437      (1 0 3 1 2 1 2)              98.418
10438      (1 0 1 2 1 1 1)              98.418
10439      (1 0 2 3 2 1 2)              98.418
10440      (1 0 3 1 2 1 2)              98.419
10441      (1 0 2 3 2 1 2)              98.419
10442      (1 0 1 2 1 1 1)              98.419
10443      (1 0 2 3 2 1 2)              98.419
10444      (1 0 2 3 2 1 2)              98.419
10445      (1 0 2 3 2 1 1)              98.419
10446      (1 0 2 3 0 0 0)              98.420
10447      (1 0 2 3 2 1 2)              98.420
10448      (1 0 2 3 2 1 2)              98.420
10449      (1 0 3 1 2 1 2)              98.420
10450      (1 0 3 1 2 1 2)              98.420
10451      (1 0 2 3 2 1 2)              98.420
10452      (1 0 3 1 1 1 1)              98.419
10453      (1 0 1 2 1 2 0)              98.419
10454      (1 0 3 1 2 1 2)              98.419
10455      (1 0 2 3 2 1 1)              98.420
10456      (1 0 0 0 1 2 0)              98.420
10457      (1 0 2 3 2 1 2)              98.420
10458      (1 0 1 2 1 1 1)              98.420
10459      (1 0 1 2 1 1 1)              98.420
10460      (1 0 3 1 2 1 2)              98.420
10461      (1 0 3 1 2 1 2)              98.420
10462      (1 0 2 3 2 1 2)              98.421
10463      (1 0 2 3 2 1 2)              98.421
10464      (1 0 2 3 1 1 1)              98.418
10465      (1 0 3 1 2 1 2)              98.418
10466      (1 0 1 2 1 1 1)              98.418
10467      (1 0 1 2 1 1 1)              98.419
10468      (1 0 3 1 2 1 2)              98.419
10469      (1 0 2 3 2 1 2)              98.419
10470      (1 0 2 3 2 1 2)              98.419
10471      (1 0 2 3 2 1 2)              98.419
10472      (1 0 1 2 1 1 1)              98.419
10473      (1 0 3 1 2 1 2)              98.420
10474      (1 0 2 3 2 1 1)              98.420
10475      (1 0 2 3 2 1 2)              98.420
10476      (1 0 0 0 2 2 1)              98.420
10477      (1 0 2 3 2 1 2)              98.420
10478      (1 0 3 1 2 1 1)              98.420
10479      (1 0 2 3 2 1 1)              98.419
10480      (1 0 1 2 1 2 1)              98.419
10481      (1 0 2 3 2 1 2)              98.419
10482      (1 0 3 1 2 1 2)              98.420
10483      (1 0 2 3 2 1 2)              98.420
10484      (1 0 3 1 2 1 1)              98.420
10485      (1 0 2 3 2 1 2)              98.420
10486      (1 0 2 3 2 1 2)              98.420
10487      (1 0 2 3 2 1 2)              98.420
10488      (1 0 2 3 2 1 1)              98.419
10489      (1 0 2 3 2 1 2)              98.419
10490      (1 0 1 2 1 1 1)              98.419
10491      (1 0 3 1 2 1 1)              98.420
10492      (1 0 2 3 2 1 2)              98.420
10493      (1 0 2 3 2 1 2)              98.420
10494      (1 0 2 3 2 1 1)              98.420
10495      (1 0 2 3 2 1 2)              98.420
10496      (1 0 2 3 2 1 2)              98.420
10497      (1 0 3 1 2 1 2)              98.420
10498      (1 0 2 3 2 1 2)              98.421
10499      (1 0 2 3 2 1 1)              98.421
10500      (1 0 1 2 1 1 1)              98.421
10501      (1 0 2 3 1 2 1)              98.421
10502      (1 0 2 3 1 1 1)              98.421
10503      (1 0 2 3 2 1 2)              98.421
10504      (1 0 1 2 1 1 1)              98.421
10505      (1 0 3 1 2 1 2)              98.422
10506      (1 0 1 2 1 1 1)              98.422
10507      (1 0 3 1 2 1 2)              98.422
10508      (1 0 1 2 1 1 1)              98.422
10509      (1 0 3 1 2 1 2)              98.422
10510      (1 0 3 1 2 1 1)              98.421
10511      (1 0 1 2 1 2 1)              98.421
10512      (1 0 2 3 2 1 2)              98.421
10513      (1 0 2 3 2 1 2)              98.421
10514      (1 0 3 1 2 1 2)              98.422
10515      (1 0 3 1 2 1 2)              98.422
10516      (1 0 2 3 2 1 2)              98.422
10517      (1 0 2 3 2 1 2)              98.422
10518      (1 0 2 3 2 1 2)              98.422
10519      (1 0 2 3 2 2 1)              98.422
10520      (1 0 2 3 1 1 0)              98.421
10521      (1 0 2 3 2 1 2)              98.421
10522      (1 0 2 3 2 1 2)              98.421
10523      (1 0 3 1 2 1 2)              98.422
10524      (1 0 2 3 2 1 2)              98.422
10525      (1 0 2 3 2 1 2)              98.422
10526      (1 0 2 3 2 1 2)              98.422
10527      (1 0 1 2 1 1 1)              98.422
10528      (1 0 3 1 2 1 2)              98.422
10529      (1 0 3 1 2 1 2)              98.423
10530      (1 0 3 1 2 1 2)              98.423
10531      (1 0 1 2 1 1 1)              98.423
10532      (1 0 3 1 2 1 2)              98.422
10533      (1 0 1 2 1 2 0)              98.422
10534      (1 0 3 1 2 1 1)              98.422
10535      (1 0 2 3 1 2 1)              98.422
10536      (1 0 1 2 1 1 1)              98.422
10537      (1 0 1 2 1 1 1)              98.422
10538      (1 0 1 2 1 1 1)              98.423
10539      (1 0 3 1 2 1 2)              98.423
10540      (1 0 2 3 2 1 2)              98.423
10541      (1 0 2 3 2 1 2)              98.423
10542      (1 0 2 3 2 1 2)              98.423
10543      (1 0 1 2 1 1 1)              98.423
10544      (1 0 3 1 2 1 2)              98.423
10545      (1 0 2 3 1 1 1)              98.424
10546      (1 0 2 3 2 1 2)              98.424
10547      (1 0 2 3 2 1 2)              98.424
10548      (1 0 2 3 2 1 1)              98.424
10549      (1 0 0 0 2 2 1)              98.424
10550      (1 0 1 2 1 1 1)              98.424
10551      (1 0 3 1 1 1 1)              98.424
10552      (1 0 1 2 1 1 1)              98.425
10553      (1 0 1 2 1 1 1)              98.425
10554      (1 0 1 2 1 1 1)              98.425
10555      (1 0 3 1 2 1 2)              98.425
10556      (1 0 1 2 1 1 1)              98.425
10557      (1 0 1 2 1 1 1)              98.425
10558      (1 0 1 2 1 1 1)              98.426
10559      (1 0 3 1 1 1 1)              98.426
10560      (1 0 3 1 2 1 2)              98.426
10561      (1 0 2 3 2 1 2)              98.426
10562      (1 0 2 3 1 2 1)              98.426
10563      (1 0 2 3 2 1 2)              98.426
10564      (1 0 2 3 1 1 1)              98.426
10565      (1 0 2 3 2 1 2)              98.427
10566      (1 0 2 3 2 1 2)              98.427
10567      (1 0 1 2 0 0 1)              98.427
10568      (1 0 2 3 1 1 1)              98.427
10569      (1 0 3 1 2 1 2)              98.427
10570      (1 0 1 2 1 1 1)              98.427
10571      (1 0 3 1 2 1 2)              98.426
10572      (1 0 2 3 2 1 2)              98.426
10573      (1 0 3 1 2 1 2)              98.425
10574      (1 0 3 1 2 1 2)              98.425
10575      (1 0 3 1 2 1 2)              98.425
10576      (1 0 3 1 2 1 2)              98.425
10577      (1 0 2 3 2 1 2)              98.426
10578      (1 0 2 3 2 1 2)              98.426
10579      (1 0 3 1 2 1 2)              98.426
10580      (1 0 3 1 2 1 1)              98.426
10581      (1 0 2 3 2 1 1)              98.426
10582      (1 0 1 2 1 2 1)              98.426
10583      (1 0 3 1 2 1 2)              98.427
10584      (1 0 1 2 1 2 0)              98.427
10585      (1 0 2 3 2 1 2)              98.427
10586      (1 0 2 3 2 1 2)              98.427
10587      (1 0 2 3 2 1 1)              98.427
10588      (1 0 2 3 2 1 2)              98.427
10589      (1 0 2 3 2 1 2)              98.427
10590      (1 0 0 0 1 2 0)              98.428
10591      (1 0 3 1 1 1 1)              98.428
10592      (1 0 2 3 2 1 2)              98.428
10593      (1 0 3 1 2 1 2)              98.425
10594      (1 0 2 3 2 1 2)              98.425
10595      (1 0 3 1 2 1 2)              98.426
10596      (1 0 3 1 2 1 2)              98.426
10597      (1 0 2 3 1 2 1)              98.426
10598      (1 0 3 1 1 1 1)              98.426
10599      (1 0 0 0 1 2 0)              98.426
10600      (1 0 2 3 2 1 2)              98.426
10601      (1 0 1 2 1 1 1)              98.427
10602      (1 0 2 3 2 1 2)              98.427
10603      (1 0 1 2 1 2 1)              98.427
10604      (1 0 2 3 2 1 2)              98.427
10605      (1 0 1 2 1 1 1)              98.427
10606      (1 0 3 1 2 1 2)              98.427
10607      (1 0 2 3 2 1 2)              98.427
10608      (1 0 2 3 1 2 1)              98.428
10609      (1 0 2 3 2 1 2)              98.428
10610      (1 0 1 2 1 1 1)              98.428
10611      (1 0 1 2 1 1 1)              98.428
10612      (1 0 1 2 1 1 1)              98.428
10613      (1 0 3 1 2 1 2)              98.428
10614      (1 0 2 3 2 1 2)              98.428
10615      (1 0 1 2 1 1 1)              98.429
10616      (1 0 3 1 2 1 2)              98.429
10617      (1 0 1 2 0 0 1)              98.429
10618      (1 0 1 2 1 2 1)              98.429
10619      (1 0 2 3 2 1 2)              98.429
10620      (1 0 2 3 2 2 1)              98.429
10621      (1 0 2 3 2 1 2)              98.429
10622      (1 0 2 3 1 1 1)              98.430
10623      (1 0 2 3 2 1 2)              98.430
10624      (1 0 2 3 1 2 1)              98.430
10625      (1 0 2 3 2 1 2)              98.430
10626      (1 0 2 3 2 1 2)              98.430
10627      (1 0 2 3 2 1 2)              98.430
10628      (1 0 2 3 2 1 2)              98.431
10629      (1 0 1 2 1 1 1)              98.431
10630      (1 0 2 3 2 1 2)              98.431
10631      (1 0 1 2 2 2 1)              98.431
10632      (1 0 2 3 2 1 2)              98.431
10633      (1 0 3 1 2 1 2)              98.431
10634      (1 0 3 1 2 1 2)              98.430
10635      (1 0 2 3 2 1 2)              98.430
10636      (1 0 2 3 2 1 2)              98.430
10637      (1 0 2 3 2 1 1)              98.431
10638      (1 0 1 2 1 1 1)              98.431
10639      (1 0 2 3 2 1 2)              98.431
10640      (1 0 2 3 2 1 2)              98.431
10641      (1 0 1 2 1 1 1)              98.431
10642      (1 0 3 1 2 1 2)              98.430
10643      (1 0 1 2 1 1 1)              98.430
10644      (1 0 0 0 2 2 1)              98.430
10645      (1 0 2 3 1 2 1)              98.430
10646      (1 0 2 3 1 2 1)              98.430
10647      (1 0 2 3 2 1 2)              98.431
10648      (1 0 1 2 1 1 1)              98.431
10649      (1 0 2 3 2 1 1)              98.430
10650      (1 0 1 2 1 1 1)              98.430
10651      (1 0 2 3 2 1 2)              98.430
10652      (1 0 1 2 0 0 1)              98.430
10653      (1 0 2 3 2 1 2)              98.430
10654      (1 0 2 3 2 1 2)              98.430
10655      (1 0 3 1 2 1 2)              98.430
10656      (1 0 2 3 2 1 1)              98.429
10657      (1 0 2 3 1 1 1)              98.429
10658      (1 0 2 3 2 1 2)              98.430
10659      (1 0 1 2 1 1 1)              98.430
10660      (1 0 2 3 2 1 2)              98.430
10661      (1 0 2 3 1 2 1)              98.430
10662      (1 0 3 1 2 1 2)              98.429
10663      (1 0 1 2 1 1 1)              98.429
10664      (1 0 2 3 2 1 2)              98.429
10665      (1 0 1 2 1 2 1)              98.428
10666      (1 0 2 3 2 1 1)              98.428
10667      (1 0 2 3 2 1 2)              98.428
10668      (1 0 2 3 2 1 2)              98.428
10669      (1 0 2 3 2 2 1)              98.429
10670      (1 0 1 2 1 1 1)              98.429
10671      (1 0 2 3 2 1 1)              98.429
10672      (1 0 3 1 2 1 2)              98.429
10673      (1 0 2 3 2 1 2)              98.429
10674      (1 0 2 3 2 1 2)              98.429
10675      (1 0 2 3 2 1 1)              98.429
10676      (1 0 3 1 2 1 1)              98.430
10677      (1 0 2 3 2 1 2)              98.430
10678      (1 0 2 3 1 2 1)              98.430
10679      (1 0 0 0 1 2 0)              98.430
10680      (1 0 2 3 2 1 2)              98.430
10681      (1 0 2 3 2 1 1)              98.430
10682      (1 0 3 1 2 1 2)              98.430
10683      (1 0 2 3 2 1 2)              98.431
10684      (1 0 2 3 1 2 1)              98.431
10685      (1 0 2 3 2 1 2)              98.431
10686      (1 0 3 1 2 1 2)              98.431
10687      (1 0 3 1 2 1 2)              98.431
10688      (1 0 2 3 1 1 1)              98.431
10689      (1 0 3 1 2 1 2)              98.431
10690      (1 0 1 2 1 1 1)              98.432
10691      (1 0 3 1 1 1 1)              98.432
10692      (1 0 1 2 1 1 1)              98.432
10693      (1 0 2 3 2 1 2)              98.432
10694      (1 0 2 3 2 1 1)              98.431
10695      (1 0 2 3 2 1 2)              98.431
10696      (1 0 3 1 2 1 1)              98.430
10697      (1 0 2 3 2 1 2)              98.430
10698      (1 0 2 3 2 1 2)              98.430
10699      (1 0 1 2 1 1 1)              98.430
10700      (1 0 3 1 2 1 2)              98.429
10701      (1 0 1 2 1 1 1)              98.429
10702      (1 0 2 3 2 1 2)              98.429
10703      (1 0 1 2 1 2 1)              98.430
10704      (1 0 2 3 2 1 2)              98.430
10705      (1 0 1 2 1 2 1)              98.428
10706      (1 0 3 1 2 1 1)              98.429
10707      (1 0 2 3 2 1 2)              98.429
10708      (1 0 3 1 2 1 2)              98.426
10709      (1 0 1 2 0 0 1)              98.426
10710      (1 0 3 1 2 1 2)              98.427
10711      (1 0 3 1 2 1 2)              98.427
10712      (1 0 1 2 1 1 1)              98.427
10713      (1 0 1 2 1 1 1)              98.427
10714      (1 0 3 1 2 1 2)              98.427
10715      (1 0 3 1 2 1 2)              98.427
10716      (1 0 3 1 2 1 2)              98.426
10717      (1 0 1 2 1 2 0)              98.426
10718      (1 0 2 3 2 1 2)              98.426
10719      (1 0 3 1 2 1 2)              98.427
10720      (1 0 3 1 2 1 2)              98.425
10721      (1 0 2 3 2 1 2)              98.425
10722      (1 0 3 1 2 1 2)              98.426
10723      (1 0 1 2 1 2 1)              98.426
10724      (1 0 2 3 1 1 1)              98.425
10725      (1 0 2 3 1 2 1)              98.425
10726      (1 0 2 3 2 1 2)              98.425
10727      (1 0 2 3 2 1 2)              98.425
10728      (1 0 2 3 2 1 1)              98.425
10729      (1 0 2 3 2 1 2)              98.425
10730      (1 0 1 2 1 1 1)              98.425
10731      (1 0 2 3 2 1 1)              98.426
10732      (1 0 2 3 2 1 2)              98.426
10733      (1 0 1 2 1 1 1)              98.426
10734      (1 0 3 1 2 1 2)              98.426
10735      (1 0 1 2 1 1 1)              98.426
10736      (1 0 2 3 2 1 2)              98.426
10737      (1 0 3 1 2 1 2)              98.426
10738      (1 0 2 3 1 2 1)              98.427
10739      (1 0 3 1 1 2 1)              98.427
10740      (1 0 3 1 2 1 2)              98.427
10741      (1 0 2 3 2 1 2)              98.427
10742      (1 0 3 1 2 1 1)              98.426
10743      (1 0 3 1 2 1 2)              98.425
10744      (1 0 2 3 2 1 2)              98.425
10745      (1 0 1 2 0 0 1)              98.425
10746      (1 0 2 3 2 1 2)              98.425
10747      (1 0 2 3 2 1 1)              98.424
10748      (1 0 2 3 2 1 2)              98.424
10749      (1 0 3 1 2 1 2)              98.424
10750      (1 0 2 3 2 1 2)              98.424
10751      (1 0 2 3 2 1 1)              98.425
10752      (1 0 2 3 1 2 0)              98.425
10753      (1 0 1 2 1 1 1)              98.425
10754      (1 0 2 3 2 1 2)              98.425
10755      (1 0 1 2 2 2 1)              98.425
10756      (1 0 2 3 1 2 1)              98.425
10757      (1 0 2 3 2 1 2)              98.425
10758      (1 0 2 3 2 1 2)              98.426
10759      (1 0 2 3 1 1 1)              98.426
10760      (1 0 0 0 0 0 0)              98.423
10761      (1 0 2 3 2 1 1)              98.423
10762      (1 0 2 3 2 1 2)              98.423
10763      (1 0 3 1 2 1 2)              98.424
10764      (1 0 2 3 2 1 2)              98.424
10765      (1 0 2 3 1 2 1)              98.424
10766      (1 0 1 2 1 1 1)              98.424
10767      (1 0 3 1 1 1 1)              98.424
10768      (1 0 2 3 0 0 0)              98.424
10769      (1 0 2 3 2 1 2)              98.425
10770      (1 0 2 3 2 1 2)              98.425
10771      (1 0 2 3 2 1 1)              98.425
10772      (1 0 2 3 2 1 1)              98.425
10773      (1 0 3 1 2 1 2)              98.425
10774      (1 0 1 2 1 2 1)              98.425
10775      (1 0 3 1 2 1 2)              98.425
10776      (1 0 2 3 2 1 2)              98.426
10777      (1 0 1 2 1 1 1)              98.426
10778      (1 0 3 1 2 1 2)              98.425
10779      (1 0 3 1 2 1 2)              98.425
10780      (1 0 3 1 2 1 2)              98.425
10781      (1 0 2 3 2 1 2)              98.425
10782      (1 0 2 3 2 1 2)              98.425
10783      (1 0 2 3 2 2 1)              98.425
10784      (1 0 1 2 1 1 1)              98.425
10785      (1 0 2 3 1 1 1)              98.426
10786      (1 0 3 1 1 1 1)              98.426
10787      (1 0 2 3 2 1 2)              98.426
10788      (1 0 2 3 1 2 1)              98.426
10789      (1 0 1 2 1 1 1)              98.426
10790      (1 0 2 3 2 1 2)              98.426
10791      (1 0 2 3 1 2 1)              98.426
10792      (1 0 1 2 1 1 1)              98.427
10793      (1 0 1 2 1 1 1)              98.427
10794      (1 0 2 3 2 1 2)              98.427
10795      (1 0 2 3 2 1 1)              98.427
10796      (1 0 1 2 1 1 1)              98.427
10797      (1 0 2 3 2 1 2)              98.427
10798      (1 0 2 3 1 2 1)              98.427
10799      (1 0 2 3 2 1 1)              98.428
10800      (1 0 2 3 1 1 1)              98.428
10801      (1 0 2 3 2 1 2)              98.428
10802      (1 0 2 3 2 1 2)              98.428
10803      (1 0 3 1 2 1 2)              98.428
10804      (1 0 2 3 2 1 2)              98.428
10805      (1 0 3 1 2 1 2)              98.428
10806      (1 0 1 2 1 1 1)              98.429
10807      (1 0 3 1 2 1 2)              98.429
10808      (1 0 2 3 2 1 2)              98.429
10809      (1 0 2 3 2 1 2)              98.429
10810      (1 0 1 2 1 1 1)              98.429
10811      (1 0 1 2 1 1 1)              98.429
10812      (1 0 2 3 1 2 1)              98.429
10813      (1 0 3 1 1 1 1)              98.427
10814      (1 0 0 0 1 2 0)              98.427
10815      (1 0 3 1 2 1 2)              98.427
10816      (1 0 1 2 0 0 1)              98.427
10817      (1 0 2 3 2 1 2)              98.428
10818      (1 0 2 3 2 1 2)              98.428
10819      (1 0 2 3 2 1 2)              98.428
10820      (1 0 1 2 0 0 1)              98.428
10821      (1 0 2 3 2 1 1)              98.428
10822      (1 0 2 3 2 1 2)              98.428
10823      (1 0 3 1 2 1 2)              98.428
10824      (1 0 2 3 2 1 1)              98.429
10825      (1 0 1 2 1 1 1)              98.429
10826      (1 0 3 1 2 1 2)              98.429
10827      (1 0 3 1 2 1 2)              98.429
10828      (1 0 3 1 2 1 2)              98.429
10829      (1 0 1 2 1 1 1)              98.429
10830      (1 0 1 2 1 2 0)              98.429
10831      (1 0 2 3 2 1 2)              98.430
10832      (1 0 1 2 1 1 1)              98.430
10833      (1 0 3 1 2 1 2)              98.430
10834      (1 0 2 3 2 1 2)              98.430
10835      (1 0 2 3 2 1 2)              98.430
10836      (1 0 2 3 2 1 2)              98.430
10837      (1 0 3 1 2 1 2)              98.429
10838      (1 0 1 2 1 1 1)              98.429
10839      (1 0 2 3 2 1 2)              98.429
10840      (1 0 2 3 2 1 2)              98.430
10841      (1 0 1 2 1 2 1)              98.430
10842      (1 0 2 3 2 1 2)              98.430
10843      (1 0 2 3 2 1 2)              98.430
10844      (1 0 2 3 2 1 2)              98.430
10845      (1 0 2 3 2 1 2)              98.430
10846      (1 0 2 3 1 2 1)              98.430
10847      (1 0 1 2 1 1 1)              98.431
10848      (1 0 2 3 1 1 1)              98.431
10849      (1 0 2 3 2 1 2)              98.431
10850      (1 0 0 0 2 2 1)              98.431
10851      (1 0 2 3 2 1 2)              98.431
10852      (1 0 2 3 1 1 1)              98.431
10853      (1 0 1 2 1 1 1)              98.431
10854      (1 0 2 3 2 1 2)              98.432
10855      (1 0 2 3 1 2 1)              98.432
10856      (1 0 1 2 0 0 1)              98.432
10857      (1 0 3 1 2 1 2)              98.431
10858      (1 0 2 3 2 1 2)              98.431
10859      (1 0 2 3 1 1 0)              98.430
10860      (1 0 2 3 2 1 1)              98.430
10861      (1 0 2 3 2 1 1)              98.430
10862      (1 0 2 3 2 1 2)              98.430
10863      (1 0 2 3 2 1 1)              98.430
10864      (1 0 2 3 2 1 2)              98.430
10865      (1 0 3 1 2 1 2)              98.431
10866      (1 0 2 3 2 1 2)              98.431
10867      (1 0 2 3 2 1 2)              98.431
10868      (1 0 3 1 2 1 2)              98.431
10869      (1 0 2 3 2 1 2)              98.431
10870      (1 0 2 3 2 1 2)              98.431
10871      (1 0 1 2 1 1 1)              98.431
10872      (1 0 2 3 2 1 2)              98.432
10873      (1 0 0 0 2 2 1)              98.432
10874      (1 0 2 3 2 1 1)              98.432
10875      (1 0 3 1 2 1 2)              98.432
10876      (1 0 1 2 1 2 1)              98.432
10877      (1 0 1 2 1 1 1)              98.432
10878      (1 0 2 2 0 0 1)              98.430
10879      (1 0 3 1 2 1 2)              98.429
10880      (1 0 2 3 2 1 2)              98.429
10881      (1 0 2 3 2 1 2)              98.429
10882      (1 0 2 3 2 1 2)              98.429
10883      (1 0 2 3 2 1 2)              98.429
10884      (1 0 2 3 2 1 1)              98.429
10885      (1 0 3 1 2 1 2)              98.430
10886      (1 0 3 1 2 1 1)              98.430
10887      (1 0 1 2 1 1 1)              98.430
10888      (1 0 1 2 1 1 1)              98.430
10889      (1 0 1 2 1 1 1)              98.430
10890      (1 0 3 1 2 1 2)              98.429
10891      (1 0 3 1 2 1 2)              98.429
10892      (1 0 2 3 2 1 2)              98.429
10893      (1 0 2 3 2 1 2)              98.429
10894      (1 0 2 3 2 1 2)              98.430
10895      (1 0 2 3 2 1 2)              98.430
10896      (1 0 2 3 1 2 1)              98.430
10897      (1 0 3 1 2 1 2)              98.430
10898      (1 0 2 3 1 2 1)              98.430
10899      (1 0 2 3 2 1 1)              98.430
10900      (1 0 2 3 2 1 2)              98.430
10901      (1 0 1 2 0 0 1)              98.431
10902      (1 0 3 1 2 1 2)              98.431
10903      (1 0 1 2 1 2 0)              98.431
10904      (1 0 1 2 1 2 1)              98.431
10905      (1 0 2 3 2 1 2)              98.431
10906      (1 0 2 3 2 1 2)              98.431
10907      (1 0 2 3 2 1 2)              98.431
10908      (1 0 1 2 1 1 1)              98.432
10909      (1 0 1 2 2 2 1)              98.432
10910      (1 0 2 3 2 1 2)              98.432
10911      (1 0 3 1 2 1 1)              98.432
10912      (1 0 2 3 2 1 2)              98.432
10913      (1 0 3 1 2 1 2)              98.432
10914      (1 0 1 2 1 1 1)              98.432
10915      (1 0 1 2 1 1 1)              98.433
10916      (1 0 1 2 1 1 1)              98.433
10917      (1 0 2 3 2 1 2)              98.433
10918      (1 0 2 3 1 1 1)              98.433
10919      (1 0 1 2 1 1 1)              98.433
10920      (1 0 3 1 2 1 2)              98.433
10921      (1 0 2 3 2 1 2)              98.433
10922      (1 0 1 2 1 1 1)              98.434
10923      (1 0 1 2 1 1 1)              98.434
10924      (1 0 1 2 1 1 1)              98.434
10925      (1 0 3 1 2 1 2)              98.434
10926      (1 0 2 3 2 1 2)              98.434
10927      (1 0 2 3 2 1 1)              98.433
10928      (1 0 3 2 0 0 1)              98.432
10929      (1 0 1 2 1 1 1)              98.432
10930      (1 0 1 2 1 1 1)              98.432
10931      (1 0 2 3 2 1 2)              98.432
10932      (1 0 3 1 2 1 2)              98.432
10933      (1 0 2 3 2 1 2)              98.433
10934      (1 0 2 3 2 1 2)              98.433
10935      (1 0 3 1 2 1 2)              98.433
10936      (1 0 3 1 2 1 2)              98.432
10937      (1 0 2 3 1 2 1)              98.432
10938      (1 0 3 1 2 1 2)              98.432
10939      (1 0 2 3 2 1 2)              98.432
10940      (1 0 3 1 2 1 1)              98.432
10941      (1 0 3 1 2 1 2)              98.431
10942      (1 0 3 1 1 1 1)              98.431
10943      (1 0 3 1 2 1 1)              98.431
10944      (1 0 0 0 2 2 1)              98.431
10945      (1 0 2 3 1 2 1)              98.432
10946      (1 0 2 3 2 1 2)              98.432
10947      (1 0 1 2 1 1 1)              98.432
10948      (1 0 1 2 1 1 1)              98.432
10949      (1 0 3 1 2 1 2)              98.432
10950      (1 0 2 3 2 1 2)              98.432
10951      (1 0 0 0 1 2 1)              98.432
10952      (1 0 3 1 2 1 2)              98.433
10953      (1 0 2 3 1 2 1)              98.433
10954      (1 0 2 3 1 2 0)              98.433
10955      (1 0 3 1 2 1 2)              98.433
10956      (1 0 3 1 2 1 2)              98.433
10957      (1 0 1 2 1 2 1)              98.433
10958      (1 0 2 3 2 1 2)              98.433
10959      (1 0 2 3 2 1 1)              98.434
10960      (1 0 1 2 1 1 1)              98.434
10961      (1 0 1 2 1 1 1)              98.434
10962      (1 0 2 3 2 1 2)              98.434
10963      (1 0 1 2 1 1 1)              98.434
10964      (1 0 2 3 1 2 1)              98.434
10965      (1 0 2 3 2 2 1)              98.434
10966      (1 0 1 2 1 1 1)              98.435
10967      (1 0 3 1 2 1 2)              98.435
10968      (1 0 3 1 2 1 1)              98.435
10969      (1 0 1 2 1 1 1)              98.435
10970      (1 0 3 1 2 1 2)              98.435
10971      (1 0 3 1 2 1 1)              98.435
10972      (1 0 2 3 2 1 2)              98.435
10973      (1 0 0 0 1 0 1)              98.433
10974      (1 0 2 3 2 1 2)              98.433
10975      (1 0 2 3 2 1 2)              98.433
10976      (1 0 1 2 1 1 1)              98.433
10977      (1 0 2 3 1 1 1)              98.434
10978      (1 0 2 3 2 1 2)              98.434
10979      (1 0 1 2 1 1 1)              98.434
10980      (1 0 3 1 2 1 2)              98.434
10981      (1 0 2 3 2 1 2)              98.434
10982      (1 0 3 1 2 1 2)              98.434
10983      (1 0 2 3 1 1 1)              98.434
10984      (1 0 2 3 2 1 1)              98.435
10985      (1 0 1 2 1 1 1)              98.435
10986      (1 0 3 1 2 1 2)              98.435
10987      (1 0 3 1 2 1 2)              98.435
10988      (1 0 2 3 2 1 2)              98.435
10989      (1 0 0 0 2 2 1)              98.435
10990      (1 0 3 1 2 1 2)              98.435
10991      (1 0 2 3 2 1 2)              98.436
10992      (1 0 2 3 2 1 2)              98.436
10993      (1 0 2 3 2 1 2)              98.436
10994      (1 0 3 1 2 1 2)              98.436
10995      (1 0 2 3 2 1 2)              98.436
10996      (1 0 1 2 1 1 1)              98.436
10997      (1 0 1 2 1 1 1)              98.436
10998      (1 0 2 3 2 1 2)              98.437
10999      (1 0 1 2 1 1 1)              98.437
11000      (1 0 1 2 1 1 1)              98.437
11001      (1 0 2 3 2 1 2)              98.437
11002      (1 0 2 3 2 1 2)              98.437
11003      (1 0 2 3 1 2 1)              98.437
11004      (1 0 3 1 2 1 2)              98.437
11005      (1 0 3 1 2 1 2)              98.438
11006      (1 0 1 2 0 0 1)              98.438
11007      (1 0 3 1 2 1 2)              98.438
11008      (1 0 2 3 2 1 2)              98.438
11009      (1 0 1 2 1 1 1)              98.438
11010      (1 0 3 1 2 1 2)              98.437
11011      (1 0 3 1 2 1 2)              98.436
11012      (1 0 1 2 1 1 1)              98.436
11013      (1 0 3 1 2 1 2)              98.436
11014      (1 0 2 3 1 1 1)              98.434
11015      (1 0 3 1 2 1 2)              98.434
11016      (1 0 1 2 1 1 1)              98.434
11017      (1 0 2 3 2 1 2)              98.434
11018      (1 0 2 3 2 1 1)              98.434
11019      (1 0 3 1 2 1 2)              98.434
11020      (1 0 3 1 2 1 2)              98.435
11021      (1 0 2 3 2 1 2)              98.435
11022      (1 0 3 1 2 1 2)              98.435
11023      (1 0 3 1 2 1 2)              98.435
11024      (1 0 1 2 1 2 1)              98.434
11025      (1 0 2 3 2 1 2)              98.434
11026      (1 0 1 2 1 1 1)              98.434
11027      (1 0 1 2 1 1 1)              98.434
11028      (1 0 2 3 2 1 2)              98.434
11029      (1 0 2 3 1 2 1)              98.433
11030      (1 0 2 3 1 1 1)              98.433
11031      (1 0 2 3 2 1 2)              98.433
11032      (1 0 1 2 1 1 1)              98.434
11033      (1 0 2 3 2 1 2)              98.434
11034      (1 0 0 0 2 2 1)              98.434
11035      (1 0 2 3 1 1 1)              98.434
11036      (1 0 1 2 1 1 1)              98.434
11037      (1 0 1 1 0 0 1)              98.433
11038      (1 0 2 3 2 1 2)              98.433
11039      (1 0 1 2 1 2 1)              98.433
11040      (1 0 3 3 1 1 1)              98.430
11041      (1 0 4 4 0 2 0)              98.426
11042      (1 0 4 2 1 2 1)              98.422
11043      (1 0 2 3 2 0 2)              98.421
11044      (1 0 1 3 1 0 1)              98.417
11045      (1 0 2 6 1 2 1)              98.413
11046      (1 0 2 6 1 2 1)              98.410
11047      (1 0 0 0 0 0 0)              98.405
11048      (1 0 2 6 1 2 1)              98.401
11049      (1 0 0 0 2 2 1)              98.398
11050      (1 0 2 3 1 2 1)              98.396
11051      (1 0 1 5 1 1 1)              98.391
11052      (1 0 1 3 1 0 1)              98.388
11053      (1 0 2 0 2 1 2)              98.383
11054      (1 0 2 3 1 1 1)              98.378
11055      (1 0 1 0 1 0 1)              98.376
11056      (1 0 1 3 1 0 1)              98.371
11057      (1 0 2 6 1 2 1)              98.367
11058      (1 0 2 2 1 0 1)              98.363
11059      (1 0 1 5 1 1 1)              98.361
11060      (1 0 2 3 1 1 1)              98.357
11061      (1 0 1 5 2 2 2)              98.355
11062      (1 0 2 3 1 0 1)              98.352
11063      (1 0 1 5 1 1 1)              98.346
11064      (1 0 2 3 1 2 1)              98.346
11065      (1 0 0 0 1 2 0)              98.344
11066      (1 0 2 3 1 0 1)              98.340
11067      (1 0 2 3 1 1 1)              98.336
11068      (1 0 2 3 2 2 2)              98.334
11069      (1 0 1 5 1 1 1)              98.328
11070      (0 1 4 6 1 0 1)              98.320
11071      (1 0 1 2 0 0 0)              98.314
11072      (1 0 2 4 0 0 0)              98.310
11073      (1 0 2 3 1 1 1)              98.305
11074      (1 0 2 3 1 1 1)              98.302
11075      (1 0 2 3 1 2 1)              98.299
11076      (1 0 2 6 1 2 1)              98.296
11077      (1 0 2 3 1 2 1)              98.294
11078      (1 0 0 3 2 2 1)              98.289
11079      (1 0 2 3 1 2 1)              98.286
11080      (1 0 2 3 0 2 0)              98.281
11081      (1 0 1 5 1 1 1)              98.275
11082      (1 0 2 3 1 2 1)              98.273
11083      (1 0 3 2 0 0 1)              98.268
11084      (1 0 2 3 1 0 1)              98.264
11085      (1 0 1 5 1 1 1)              98.261
11086      (1 0 2 3 1 0 1)              98.258
11087      (1 0 4 0 2 2 1)              98.251
11088      (1 0 4 2 0 0 0)              98.245
11089      (1 0 4 2 1 1 1)              98.244
11090      (1 0 2 5 1 2 1)              98.243
11091      (1 0 1 5 1 2 1)              98.238
11092      (1 0 4 6 1 1 1)              98.234
11093      (1 0 2 3 1 2 1)              98.229
11094      (1 0 2 3 1 1 1)              98.225
11095      (1 0 4 4 0 2 0)              98.222
11096      (1 0 0 5 0 2 0)              98.218
11097      (1 0 2 3 0 0 0)              98.216
11098      (1 0 2 6 1 1 1)              98.213
11099      (1 0 3 2 2 2 1)              98.209
11100      (1 0 0 0 2 2 2)              98.204
11101      (1 0 2 6 1 1 1)              98.202
11102      (1 0 1 3 1 0 1)              98.198
11103      (1 0 1 5 1 1 1)              98.196
11104      (1 0 0 0 1 0 1)              98.192
11105      (1 0 2 3 1 0 1)              98.188
11106      (1 0 2 3 1 2 1)              98.187
11107      (1 0 0 3 1 1 1)              98.185
11108      (1 0 4 2 1 2 1)              98.184
11109      (1 0 2 3 1 2 1)              98.180
11110      (1 0 3 2 1 1 1)              98.175
11111      (1 0 2 3 2 1 2)              98.174
11112      (1 0 1 5 1 2 1)              98.168
11113      (1 0 0 0 1 2 1)              98.165
11114      (1 0 2 2 1 2 1)              98.163
11115      (1 0 2 2 1 2 0)              98.160
11116      (1 0 2 3 1 2 1)              98.158
11117      (1 0 2 3 2 1 2)              98.152
11118      (1 0 2 3 1 0 1)              98.148
11119      (1 0 2 3 2 1 2)              98.147
11120      (1 0 0 3 1 1 1)              98.145
11121      (1 0 1 2 1 2 1)              98.142
11122      (1 0 2 3 1 0 1)              98.140
11123      (1 0 2 3 1 2 1)              98.137
11124      (1 0 2 3 1 2 1)              98.135
11125      (1 0 1 5 1 1 1)              98.133
11126      (1 0 4 3 1 1 1)              98.128
11127      (1 0 2 3 1 2 1)              98.125
11128      (1 0 1 1 2 1 2)              98.119
11129      (1 0 4 6 1 2 1)              98.118
11130      (1 0 0 0 0 0 0)              98.111
11131      (0 0 0 5 1 2 0)              98.108
11132      (1 0 2 6 1 2 1)              98.105
11133      (1 0 0 0 1 2 1)              98.103
11134      (1 0 1 5 2 2 2)              98.099
11135      (1 0 3 2 1 2 1)              98.096
11136      (1 0 2 3 1 2 1)              98.093
11137      (1 0 2 3 2 1 2)              98.087
11138      (1 0 4 5 1 2 0)              98.082
11139      (1 0 4 6 1 1 1)              98.078
11140      (1 0 2 3 1 2 1)              98.076
11141      (1 0 3 0 1 1 1)              98.072
11142      (1 0 1 5 1 1 1)              98.070
11143      (1 0 2 2 1 2 0)              98.067
11144      (1 0 2 2 1 2 0)              98.065
11145      (1 0 1 5 1 1 1)              98.063
11146      (1 0 2 3 0 0 0)              98.060
11147      (1 0 2 6 1 2 1)              98.058
11148      (1 0 1 3 1 2 1)              98.054
11149      (1 0 0 0 1 2 0)              98.052
11150      (1 0 2 3 1 1 1)              98.048
11151      (1 0 2 3 1 1 1)              98.044
11152      (1 0 4 3 1 0 1)              98.039
11153      (1 0 4 2 1 2 1)              98.036
11154      (1 0 2 2 1 2 1)              98.033
11155      (1 0 1 1 0 1 1)              98.030
11156      (1 0 2 6 1 2 1)              98.025
11157      (1 0 2 3 1 2 1)              98.024
11158      (1 0 2 6 1 0 1)              98.022
11159      (1 0 1 5 1 2 1)              98.018
11160      (1 0 0 0 1 1 1)              98.015
11161      (1 0 0 0 1 0 1)              98.013
11162      (1 0 2 6 1 2 1)              98.009
11163      (1 0 4 4 0 2 0)              98.007
11164      (1 0 2 3 0 2 0)              98.002
11165      (1 0 2 3 1 1 1)              97.999
11166      (1 0 1 5 1 1 1)              97.993
11167      (1 0 2 3 0 0 1)              97.989
11168      (1 0 0 0 1 0 1)              97.987
11169      (1 0 2 6 1 1 0)              97.983
11170      (1 0 0 3 0 0 0)              97.981
11171      (1 0 1 5 1 1 1)              97.976
11172      (1 0 3 3 1 0 1)              97.972
11173      (1 0 2 6 1 2 1)              97.969
11174      (1 0 2 3 1 2 1)              97.966
11175      (1 0 1 5 1 2 1)              97.964
11176      (1 0 1 5 1 2 1)              97.960
11177      (1 0 2 5 1 2 1)              97.959
11178      (1 0 1 5 1 1 1)              97.957
11179      (1 0 2 3 1 1 1)              97.953
11180      (1 1 0 6 0 2 0)              97.948
11181      (1 0 2 4 0 0 1)              97.943
11182      (1 0 0 0 2 2 1)              97.941
11183      (1 0 2 3 2 1 2)              97.935
11184      (1 0 4 0 1 2 1)              97.930
11185      (1 0 1 5 1 2 1)              97.925
11186      (1 0 2 3 1 0 1)              97.921
11187      (1 0 2 2 1 1 1)              97.919
11188      (1 0 1 5 1 2 1)              97.915
11189      (1 0 2 3 2 2 1)              97.911
11190      (1 0 2 6 1 2 1)              97.908
11191      (1 0 2 3 1 2 1)              97.904
11192      (1 0 1 5 1 1 1)              97.898
11193      (1 0 2 6 1 2 1)              97.896
11194      (1 0 4 0 1 2 1)              97.891
11195      (1 0 3 2 1 2 1)              97.887
11196      (1 0 2 3 1 2 1)              97.885
11197      (1 0 4 3 1 0 1)              97.880
11198      (1 0 2 6 1 1 1)              97.876
11199      (1 0 2 3 1 1 1)              97.872
11200      (1 0 1 5 2 2 2)              97.870
11201      (1 0 2 6 1 2 1)              97.866
11202      (1 0 2 3 1 1 1)              97.863
11203      (1 0 2 3 2 1 2)              97.862
11204      (1 0 0 0 2 2 1)              97.859
11205      (1 0 2 6 1 2 1)              97.857
11206      (1 0 2 4 1 1 1)              97.852
11207      (1 0 2 5 1 0 1)              97.848
11208      (1 0 1 5 1 1 1)              97.842
11209      (1 0 4 6 1 2 1)              97.840
11210      (1 0 0 0 2 2 2)              97.835
11211      (1 0 1 0 1 1 1)              97.830
11212      (1 0 0 0 0 0 0)              97.824
11213      (1 0 2 0 2 1 2)              97.819
11214      (1 0 2 3 1 0 1)              97.816
11215      (1 0 0 0 0 0 0)              97.814
11216      (1 0 2 6 1 2 1)              97.810
11217      (1 0 2 4 0 0 0)              97.807
11218      (1 0 2 3 1 2 1)              97.804
11219      (1 0 2 3 1 2 1)              97.802
11220      (1 0 1 5 1 1 1)              97.796
11221      (1 0 0 3 0 0 0)              97.791
11222      (1 0 2 3 1 1 1)              97.787
11223      (1 0 2 3 2 1 2)              97.781
11224      (1 0 2 6 1 2 1)              97.778
11225      (1 0 3 3 2 1 2)              97.771
11226      (1 0 1 5 1 2 1)              97.768
11227      (1 0 1 5 1 1 1)              97.763
11228      (1 0 0 0 1 1 1)              97.759
11229      (1 0 0 0 1 2 0)              97.757
11230      (1 0 2 3 1 0 1)              97.753
11231      (1 0 4 3 0 2 0)              97.750
11232      (1 0 0 0 0 0 0)              97.745
11233      (1 0 2 6 0 0 1)              97.742
11234      (1 0 2 3 1 2 1)              97.741
11235      (1 0 4 6 1 2 1)              97.739
11236      (1 0 2 6 1 2 1)              97.735
11237      (1 0 2 3 1 2 1)              97.730
11238      (1 0 2 3 1 0 1)              97.727
11239      (1 0 4 0 0 0 0)              97.723
11240      (1 0 4 5 1 2 0)              97.718
11241      (1 0 2 2 1 2 0)              97.716
11242      (1 0 2 3 1 2 1)              97.714
11243      (1 0 2 3 2 2 2)              97.711
11244      (1 0 2 6 1 2 1)              97.709
11245      (1 0 2 3 1 0 1)              97.705
11246      (1 0 4 6 1 2 1)              97.704
11247      (1 0 2 3 2 1 2)              97.698
11248      (1 0 2 3 1 2 1)              97.696
11249      (1 0 4 6 1 1 1)              97.692
11250      (1 0 2 3 1 2 1)              97.690
11251      (1 0 4 6 1 2 1)              97.687
11252      (1 0 1 2 0 0 0)              97.681
11253      (1 0 1 5 1 2 1)              97.678
11254      (1 0 2 3 1 0 1)              97.674
11255      (1 0 2 3 1 2 1)              97.672
11256      (0 0 3 6 0 0 0)              97.666
11257      (1 0 2 3 1 0 1)              97.662
11258      (1 0 1 5 1 2 1)              97.658
11259      (1 0 2 3 1 1 1)              97.655
11260      (1 0 2 3 2 1 2)              97.649
11261      (1 0 2 3 2 1 2)              97.642
11262      (1 0 2 3 1 0 1)              97.639
11263      (1 0 2 6 1 2 1)              97.635
11264      (1 0 2 3 1 0 1)              97.632
11265      (1 0 4 2 0 0 0)              97.625
11266      (1 0 4 5 1 2 0)              97.621
11267      (1 0 4 2 1 2 1)              97.617
11268      (1 0 2 3 1 0 1)              97.612
11269      (1 0 2 3 2 2 2)              97.610
11270      (1 0 2 3 1 2 1)              97.607
11271      (1 0 0 0 1 2 0)              97.605
11272      (1 0 2 5 2 1 1)              97.601
11273      (1 0 1 5 1 1 1)              97.599
11274      (1 0 3 2 1 0 1)              97.594
11275      (1 0 2 3 1 2 1)              97.592
11276      (1 0 4 2 1 2 1)              97.588
11277      (1 0 2 3 1 1 1)              97.586
11278      (1 0 0 0 0 0 0)              97.580
11279      (1 0 2 3 1 1 1)              97.575
11280      (1 0 2 3 1 2 1)              97.573
11281      (1 0 0 0 0 2 0)              97.568
11282      (1 0 2 3 1 2 1)              97.565
11283      (1 0 2 5 1 0 1)              97.562
11284      (1 0 2 3 1 2 1)              97.560
11285      (1 0 2 3 0 0 0)              97.553
11286      (1 0 4 6 1 1 1)              97.554
11287      (1 0 2 6 1 2 1)              97.549
11288      (1 0 4 6 1 2 1)              97.548
11289      (1 0 4 6 1 2 1)              97.545
11290      (1 0 2 3 1 2 1)              97.543
11291      (1 0 2 6 1 2 1)              97.540
11292      (1 0 1 5 1 1 1)              97.533
11293      (1 0 0 0 0 0 0)              97.527
11294      (1 0 1 0 1 1 1)              97.522
11295      (1 0 3 2 1 1 1)              97.518
11296      (1 0 0 0 0 0 0)              97.511
11297      (1 0 4 2 1 1 1)              97.510
11298      (1 0 2 2 1 0 1)              97.507
11299      (1 0 2 6 1 2 1)              97.505
11300      (1 0 2 4 0 0 0)              97.501
11301      (1 0 2 2 1 1 0)              97.497
11302      (1 0 2 3 0 2 0)              97.492
11303      (1 0 4 3 1 0 1)              97.488
11304      (1 0 2 6 1 2 1)              97.484
11305      (1 0 2 2 1 0 1)              97.480
11306      (1 0 2 3 1 2 1)              97.479
11307      (1 0 2 3 1 0 1)              97.475
11308      (0 0 1 5 1 2 0)              97.468
11309      (1 0 1 5 1 2 1)              97.465
11310      (1 0 2 5 2 1 1)              97.461
11311      (1 0 2 3 1 2 1)              97.458
11312      (1 0 2 3 1 0 2)              97.454
11313      (1 0 1 0 1 1 1)              97.449
11314      (1 0 2 3 1 2 1)              97.448
11315      (1 0 2 3 1 0 1)              97.446
11316      (1 0 4 6 0 2 0)              97.441
11317      (1 0 2 6 1 1 1)              97.438
11318      (1 0 2 5 1 0 1)              97.434
11319      (1 0 1 5 2 2 2)              97.430
11320      (1 0 2 3 1 1 1)              97.427
11321      (1 0 2 5 0 2 0)              97.423
11322      (1 0 2 3 1 0 2)              97.420
11323      (1 0 2 3 1 2 1)              97.415
11324      (1 0 2 3 1 2 1)              97.413
11325      (1 0 4 6 1 2 1)              97.412
11326      (1 0 2 6 1 2 1)              97.408
11327      (1 0 4 3 1 1 1)              97.403
11328      (1 0 2 3 2 1 2)              97.397
11329      (1 0 4 6 1 2 1)              97.396
11330      (1 0 2 3 1 0 1)              97.392
11331      (1 0 1 5 1 1 1)              97.386
11332      (1 0 0 0 0 0 0)              97.385
11333      (1 0 1 5 1 2 1)              97.379
11334      (1 0 2 3 2 2 2)              97.377
11335      (1 0 0 0 1 2 0)              97.375
11336      (1 0 4 3 1 2 1)              97.374
11337      (1 0 2 3 1 2 1)              97.371
11338      (1 0 4 6 1 2 1)              97.370
11339      (1 0 2 6 1 2 1)              97.367
11340      (1 0 0 3 0 0 0)              97.362
11341      (1 0 2 6 1 2 1)              97.358
11342      (1 0 2 3 0 0 0)              97.356
11343      (1 0 0 0 1 2 0)              97.354
11344      (1 0 2 3 2 1 2)              97.353
11345      (1 0 4 0 1 2 1)              97.348
11346      (1 0 2 3 1 2 1)              97.346
11347      (1 0 4 6 0 1 0)              97.340
11348      (1 0 2 6 1 1 1)              97.336
11349      (1 0 2 0 2 1 2)              97.331
11350      (1 0 2 3 1 0 2)              97.328
11351      (1 0 4 3 2 1 1)              97.324
11352      (1 0 2 3 1 1 1)              97.321
11353      (1 0 3 2 2 2 1)              97.317
11354      (1 0 4 2 1 2 1)              97.313
11355      (1 0 4 3 1 1 1)              97.311
11356      (1 0 2 6 1 0 1)              97.308
11357      (1 0 2 3 1 0 1)              97.304
11358      (1 0 2 3 1 1 1)              97.299
11359      (1 0 4 6 1 2 1)              97.298
11360      (1 0 2 5 1 2 1)              97.297
11361      (1 0 2 2 1 2 0)              97.294
11362      (1 0 3 3 2 1 2)              97.288
11363      (1 0 2 3 2 1 2)              97.282
11364      (1 0 2 3 0 2 0)              97.277
11365      (1 0 2 3 1 2 1)              97.274
11366      (1 0 2 3 2 1 1)              97.272
11367      (1 0 2 3 2 2 2)              97.270
11368      (1 0 2 3 1 0 1)              97.266
11369      (1 0 0 5 0 2 0)              97.263
11370      (1 0 2 3 1 1 1)              97.259
11371      (1 0 1 3 1 0 1)              97.254
11372      (1 0 2 6 1 1 1)              97.253
11373      (1 0 4 2 0 0 0)              97.247
11374      (1 0 2 3 1 1 1)              97.244
11375      (1 0 2 3 2 1 1)              97.242
11376      (1 0 0 0 0 0 0)              97.237
11377      (1 0 1 5 1 1 1)              97.231
11378      (1 0 2 6 1 2 1)              97.226
11379      (1 0 2 3 1 1 1)              97.222
11380      (1 0 2 3 1 2 1)              97.220
11381      (1 0 2 3 1 1 1)              97.217
11382      (1 0 2 3 1 0 1)              97.213
11383      (1 0 2 3 1 0 1)              97.210
11384      (1 0 0 0 1 0 1)              97.207
11385      (1 0 1 5 1 1 1)              97.201
11386      (1 0 0 3 0 0 0)              97.196
11387      (1 0 2 6 1 2 1)              97.194
11388      (1 0 2 3 1 1 1)              97.191
11389      (1 0 2 3 1 2 1)              97.188
11390      (1 0 4 3 1 0 1)              97.184
11391      (1 0 1 5 1 1 1)              97.181
11392      (1 0 2 3 1 2 1)              97.179
11393      (1 0 2 3 1 1 1)              97.174
11394      (1 0 1 5 1 1 1)              97.172
11395      (1 0 2 3 1 0 1)              97.169
11396      (1 0 2 3 1 2 1)              97.165
11397      (1 0 2 2 1 0 1)              97.161
11398      (1 0 0 0 0 2 0)              97.157
11399      (1 0 0 0 1 2 0)              97.154
11400      (1 0 2 3 1 0 1)              97.151
11401      (1 0 2 4 1 1 1)              97.146
11402      (1 0 2 6 1 2 1)              97.143
11403      (1 0 2 2 1 2 0)              97.140
11404      (1 0 4 2 1 2 1)              97.137
11405      (1 0 2 3 1 2 1)              97.135
11406      (1 0 4 0 1 2 1)              97.130
11407      (1 0 4 6 1 2 1)              97.128
11408      (1 0 2 3 1 1 1)              97.124
11409      (1 0 0 3 2 1 1)              97.121
11410      (1 0 1 5 1 1 1)              97.118
11411      (1 0 1 5 1 1 1)              97.116
11412      (1 0 2 3 2 0 2)              97.115
11413      (1 0 0 6 0 1 0)              97.113
11414      (1 0 4 0 2 2 1)              97.107
11415      (1 0 4 2 2 2 1)              97.104
11416      (1 0 0 0 1 2 1)              97.102
11417      (1 0 0 3 1 1 1)              97.100
11418      (1 0 2 6 1 2 1)              97.096
11419      (1 0 2 3 2 1 2)              97.090
11420      (1 0 0 5 0 2 0)              97.087
11421      (1 0 2 3 2 1 2)              97.085
11422      (1 0 2 3 1 2 1)              97.082
11423      (1 0 2 3 1 0 1)              97.080
11424      (1 0 2 3 1 1 1)              97.077
11425      (1 0 2 3 2 2 2)              97.074
11426      (1 0 2 2 1 2 1)              97.072
11427      (1 0 2 6 1 2 1)              97.067
11428      (1 0 2 3 1 0 1)              97.064
11429      (1 0 2 5 1 2 1)              97.063
11430      (1 0 4 2 1 2 1)              97.059
11431      (1 0 1 5 1 1 1)              97.055
11432      (1 0 1 6 2 2 1)              97.051
11433      (1 0 2 3 2 1 2)              97.049
11434      (1 0 1 5 1 1 1)              97.043
11435      (1 0 2 3 1 2 1)              97.041
11436      (1 0 2 0 2 2 1)              97.035
11437      (1 0 2 3 2 2 2)              97.032
11438      (1 0 2 6 1 1 1)              97.029
11439      (1 0 2 3 2 1 2)              97.023
11440      (1 0 2 3 0 2 0)              97.018
11441      (1 0 2 3 1 2 1)              97.016
11442      (1 0 2 6 1 1 0)              97.011
11443      (1 0 4 3 1 0 1)              97.006
11444      (1 0 4 2 1 2 1)              97.003
11445      (1 0 2 3 1 1 1)              96.998
11446      (1 0 2 3 1 0 2)              96.996
11447      (1 0 0 0 1 1 1)              96.992
11448      (1 0 4 2 1 2 1)              96.989
11449      (1 0 4 3 1 2 1)              96.984
11450      (1 0 2 3 2 2 2)              96.982
11451      (1 0 1 3 1 2 1)              96.977
11452      (1 0 2 3 1 2 1)              96.975
11453      (1 0 0 0 1 0 1)              96.971
11454      (1 0 4 2 0 0 0)              96.965
11455      (1 0 0 0 1 2 0)              96.963
11456      (1 0 0 0 0 0 0)              96.962
11457      (1 0 2 5 0 2 0)              96.959
11458      (1 0 2 3 1 0 1)              96.959
11459      (1 0 4 4 2 1 1)              96.957
11460      (1 0 2 5 2 1 1)              96.953
11461      (1 0 2 3 0 0 0)              96.950
11462      (1 0 1 5 1 2 1)              96.945
11463      (1 0 3 1 1 1 1)              96.942
11464      (1 0 2 2 1 0 1)              96.938
11465      (1 0 2 3 1 0 1)              96.935
11466      (1 0 0 0 1 0 1)              96.934
11467      (1 0 2 3 1 1 1)              96.929
11468      (1 0 4 6 0 1 0)              96.924
11469      (1 0 2 3 1 0 2)              96.920
11470      (1 0 2 6 1 1 1)              96.919
11471      (1 0 1 5 1 1 1)              96.913
11472      (1 0 4 4 2 1 1)              96.910
11473      (1 0 2 3 1 2 1)              96.908
11474      (1 0 2 3 1 2 0)              96.905
11475      (1 0 2 3 1 2 1)              96.904
11476      (1 0 2 3 1 1 1)              96.900
11477      (1 0 4 3 1 1 1)              96.895
11478      (1 0 0 3 0 0 0)              96.894
11479      (1 0 2 3 1 2 0)              96.891
11480      (1 0 4 4 0 2 0)              96.888
11481      (1 0 4 0 1 1 0)              96.885
11482      (1 0 2 3 1 2 1)              96.883
11483      (1 0 4 6 1 2 1)              96.881
11484      (1 0 1 5 1 1 1)              96.875
11485      (1 0 2 3 1 0 1)              96.873
11486      (1 0 1 5 1 2 1)              96.868
11487      (1 0 2 6 1 2 1)              96.864
11488      (1 0 1 5 1 2 1)              96.859
11489      (1 0 0 0 0 0 0)              96.853
11490      (1 0 2 3 1 0 1)              96.849
11491      (1 0 1 0 1 0 1)              96.847
11492      (1 0 2 4 1 1 1)              96.842
11493      (1 0 2 3 1 2 0)              96.839
11494      (1 0 0 0 2 2 1)              96.836
11495      (1 0 0 0 2 2 1)              96.834
11496      (1 0 3 2 1 1 1)              96.830
11497      (1 0 1 5 1 1 1)              96.824
11498      (1 0 4 3 1 2 0)              96.823
11499      (1 0 1 5 1 2 1)              96.818
11500      (1 0 0 0 0 0 0)              96.812
11501      (1 0 3 2 1 1 1)              96.807
11502      (1 0 2 6 1 2 1)              96.805
11503      (1 0 2 3 2 2 2)              96.803
11504      (1 0 2 3 1 1 1)              96.799
11505      (1 0 2 3 1 0 1)              96.796
11506      (1 0 2 3 1 0 1)              96.792
11507      (1 0 2 6 1 2 1)              96.789
11508      (1 0 3 2 1 2 1)              96.786
11509      (1 0 2 3 0 0 1)              96.781
11510      (1 0 2 6 1 2 1)              96.777
11511      (1 0 1 5 1 1 1)              96.775
11512      (1 0 2 3 1 0 1)              96.772
11513      (1 0 2 6 1 2 1)              96.768
11514      (1 0 1 0 1 1 1)              96.764
11515      (1 0 2 3 0 0 0)              96.761
11516      (1 0 2 3 1 2 1)              96.759
11517      (1 0 2 6 1 1 1)              96.758
11518      (1 0 1 0 1 1 1)              96.754
11519      (1 0 2 2 1 0 1)              96.750
11520      (1 0 2 3 1 0 1)              96.747
11521      (1 0 2 3 1 2 1)              96.744
11522      (1 0 4 2 1 2 1)              96.741
11523      (1 0 2 3 1 2 1)              96.738
11524      (1 0 2 3 1 1 1)              96.734
11525      (1 0 4 6 1 2 1)              96.733
11526      (1 0 2 0 2 1 2)              96.728
11527      (1 0 0 0 0 0 0)              96.723
11528      (1 0 2 5 1 0 1)              96.719
11529      (1 0 2 3 1 1 1)              96.716
11530      (1 0 2 6 1 2 1)              96.711
11531      (1 0 1 5 1 1 1)              96.705
11532      (1 0 3 2 1 2 0)              96.700
11533      (1 0 0 0 0 0 0)              96.694
11534      (1 0 1 5 1 2 1)              96.690
11535      (1 0 2 5 1 2 1)              96.689
11536      (1 0 2 3 2 1 2)              96.683
11537      (1 0 2 4 1 1 1)              96.678
11538      (1 0 1 5 1 1 1)              96.672
11539      (1 0 3 3 1 1 1)              96.669
11540      (1 0 4 6 1 2 1)              96.667
11541      (1 0 2 3 1 1 0)              96.662
11542      (1 0 2 3 1 2 1)              96.660
11543      (1 0 2 3 1 0 1)              96.658
11544      (1 0 2 6 1 2 1)              96.654
11545      (1 0 1 5 1 2 1)              96.648
11546      (1 0 4 0 1 2 1)              96.644
11547      (1 0 2 3 1 1 1)              96.639
11548      (1 0 2 4 1 1 1)              96.634
11549      (1 0 2 3 1 2 1)              96.633
11550      (1 0 2 3 1 1 1)              96.630
11551      (1 0 0 0 1 2 1)              96.628
11552      (1 0 2 6 1 2 1)              96.624
11553      (1 0 2 3 0 0 0)              96.622
11554      (1 0 2 3 1 2 1)              96.621
11555      (1 0 2 3 1 2 1)              96.619
11556      (1 0 2 3 1 1 1)              96.615
11557      (1 0 2 6 1 2 1)              96.613
11558      (1 0 2 3 1 2 1)              96.610
11559      (1 0 2 3 1 0 1)              96.606
11560      (1 0 2 3 2 1 2)              96.605
11561      (1 0 2 3 2 1 2)              96.605
11562      (1 0 2 3 2 1 2)              96.604
11563      (1 0 4 3 1 1 1)              96.599
11564      (1 0 1 5 1 1 1)              96.593
11565      (1 0 0 0 1 2 1)              96.591
11566      (1 0 2 3 1 0 1)              96.587
11567      (1 0 2 4 0 0 0)              96.584
11568      (1 0 1 5 1 1 1)              96.578
11569      (1 0 4 6 0 1 0)              96.573
11570      (1 0 0 0 1 2 0)              96.571
11571      (1 0 2 3 1 1 1)              96.568
11572      (1 0 0 0 1 0 1)              96.566
11573      (1 0 2 3 1 1 0)              96.561
11574      (1 0 1 5 1 1 1)              96.555
11575      (1 0 2 3 1 2 1)              96.553
11576      (1 0 2 3 2 1 2)              96.547
11577      (1 0 0 0 1 0 1)              96.545
11578      (1 0 2 3 1 0 1)              96.541
11579      (1 0 2 3 1 0 1)              96.538
11580      (1 0 2 3 1 0 1)              96.535
11581      (1 0 2 3 1 1 1)              96.531
11582      (1 0 0 5 0 2 0)              96.528
11583      (1 0 2 4 1 1 1)              96.523
11584      (1 0 2 3 1 1 1)              96.520
11585      (1 0 1 5 1 1 1)              96.518
11586      (1 0 2 3 1 1 1)              96.514
11587      (1 1 4 0 0 2 0)              96.511
11588      (1 0 2 3 1 1 1)              96.506
11589      (1 0 2 6 1 1 1)              96.504
11590      (1 0 0 0 1 0 1)              96.502
11591      (1 0 0 0 0 0 0)              96.497
11592      (1 0 2 3 0 2 0)              96.493
11593      (1 0 0 0 0 2 1)              96.492
11594      (1 0 2 3 1 2 1)              96.489
11595      (1 0 1 5 1 2 1)              96.486
11596      (1 0 0 5 0 2 0)              96.483
11597      (1 0 2 3 2 2 1)              96.479
11598      (1 0 2 3 1 2 1)              96.477
11599      (1 0 1 5 1 1 1)              96.472
11600      (1 0 2 3 1 0 1)              96.469
11601      (1 0 2 4 1 1 1)              96.464
11602      (1 0 2 3 1 2 1)              96.462
11603      (1 0 3 2 2 2 1)              96.459
11604      (1 0 2 6 1 2 1)              96.455
11605      (1 0 1 5 1 1 1)              96.450
11606      (1 0 2 3 1 1 1)              96.445
11607      (1 0 2 6 1 1 1)              96.444
11608      (1 0 0 0 1 2 1)              96.442
11609      (1 0 0 6 0 1 0)              96.440
11610      (1 0 4 2 1 2 1)              96.436
11611      (1 0 1 5 1 1 1)              96.430
11612      (1 0 2 3 1 1 1)              96.427
11613      (1 0 2 6 1 2 1)              96.424
11614      (1 0 2 3 1 1 1)              96.421
11615      (1 0 4 5 1 2 0)              96.417
11616      (1 0 1 5 1 2 1)              96.411
11617      (1 0 2 3 1 0 1)              96.408
11618      (1 0 1 5 1 1 1)              96.402
11619      (1 0 2 3 2 1 2)              96.400
11620      (1 0 4 3 1 2 0)              96.399
11621      (1 0 2 3 2 2 2)              96.397
11622      (1 0 0 0 0 2 0)              96.392
11623      (1 0 2 3 0 2 0)              96.387
11624      (1 0 2 3 2 1 1)              96.385
11625      (1 0 1 5 1 1 1)              96.383
11626      (1 0 2 4 1 1 1)              96.378
11627      (1 0 1 5 1 2 1)              96.375
11628      (1 0 3 2 1 2 1)              96.372
11629      (1 0 2 4 1 1 1)              96.367
11630      (1 0 2 6 1 2 1)              96.364
11631      (1 0 2 3 1 1 1)              96.360
11632      (1 0 1 5 0 2 0)              96.354
11633      (1 0 1 5 2 2 2)              96.352
11634      (1 0 2 6 1 2 1)              96.349
11635      (1 0 3 2 1 2 0)              96.344
11636      (1 0 2 3 2 1 2)              96.342
11637      (1 0 1 3 1 0 1)              96.339
11638      (1 0 4 6 1 1 1)              96.337
11639      (1 0 2 3 1 1 1)              96.333
11640      (1 0 2 3 1 0 1)              96.331
11641      (1 0 0 0 1 2 1)              96.329
11642      (1 0 4 3 1 1 1)              96.324
11643      (1 0 4 2 1 2 1)              96.321
11644      (1 0 1 3 1 0 1)              96.318
11645      (1 0 2 4 0 0 0)              96.314
11646      (1 0 1 5 1 2 1)              96.310
11647      (1 0 2 3 1 0 1)              96.307
11648      (1 0 2 3 1 0 1)              96.305
11649      (1 0 0 3 0 0 0)              96.301
11650      (1 0 2 3 1 2 1)              96.300
11651      (1 0 2 3 1 2 1)              96.296
11652      (1 0 4 2 0 0 0)              96.291
11653      (1 0 2 3 1 2 1)              96.288
11654      (1 0 0 0 1 2 0)              96.286
11655      (1 0 0 2 2 2 1)              96.282
11656      (1 0 1 5 1 1 1)              96.276
11657      (1 0 2 3 1 2 1)              96.274
11658      (1 0 2 6 1 1 1)              96.270
11659      (1 0 1 5 1 2 1)              96.265
11660      (1 0 1 5 1 1 1)              96.259
11661      (1 0 2 3 1 0 1)              96.255
11662      (1 0 0 0 1 2 1)              96.253
11663      (1 0 2 2 1 0 1)              96.250
11664      (1 0 2 3 2 1 2)              96.244
11665      (1 0 0 0 1 1 1)              96.242
11666      (1 0 0 5 0 2 0)              96.239
11667      (0 0 3 6 0 0 0)              96.233
11668      (1 0 2 5 1 2 1)              96.232
11669      (1 0 2 3 1 2 1)              96.230
11670      (1 0 0 0 1 2 1)              96.228
11671      (1 0 2 3 1 2 1)              96.225
11672      (1 0 2 2 1 0 1)              96.222
11673      (1 0 2 3 2 2 2)              96.220
11674      (1 0 1 5 1 1 1)              96.218
11675      (1 0 2 3 2 1 2)              96.216
11676      (1 0 0 0 1 0 1)              96.215
11677      (1 0 3 3 1 1 1)              96.211
11678      (1 0 0 0 1 2 0)              96.209
11679      (1 0 4 2 1 2 1)              96.206
11680      (1 0 2 2 1 2 1)              96.204
11681      (1 0 2 3 1 0 1)              96.202
11682      (1 0 4 5 1 2 0)              96.197
11683      (1 0 2 3 1 0 1)              96.194
11684      (1 0 2 6 1 2 1)              96.190
11685      (1 0 3 2 1 2 1)              96.187
11686      (1 0 4 2 1 2 1)              96.184
11687      (1 0 0 5 1 0 0)              96.182
11688      (1 0 2 6 1 2 1)              96.178
11689      (1 0 4 2 1 2 1)              96.175
11690      (1 0 2 3 1 1 1)              96.173
11691      (1 0 2 3 1 1 1)              96.171
11692      (1 0 0 0 1 0 1)              96.167
11693      (1 0 0 3 1 1 1)              96.165
11694      (1 0 3 6 2 2 2)              96.161
11695      (1 0 1 5 1 1 1)              96.155
11696      (1 0 2 3 1 2 1)              96.153
11697      (1 0 2 3 1 1 0)              96.148
11698      (1 0 2 3 1 1 1)              96.145
11699      (1 0 2 3 2 2 2)              96.143
11700      (1 0 4 2 1 2 1)              96.139
11701      (1 0 2 6 1 2 1)              96.136
11702      (1 0 3 2 1 1 1)              96.131
11703      (1 0 2 6 1 1 0)              96.127
11704      (1 0 0 0 1 0 1)              96.126
11705      (1 0 3 3 1 1 1)              96.123
11706      (1 0 2 3 2 2 2)              96.120
11707      (1 0 4 3 1 0 1)              96.116
11708      (1 0 2 3 1 2 1)              96.114
11709      (1 0 2 3 2 0 2)              96.113
11710      (1 0 2 3 0 0 0)              96.111
11711      (1 0 1 3 1 0 1)              96.107
11712      (1 0 2 2 2 2 1)              96.104
11713      (1 0 2 3 1 2 1)              96.102
11714      (1 0 2 3 1 0 1)              96.099
11715      (1 0 2 3 1 0 1)              96.095
11716      (1 0 1 5 1 2 1)              96.091
11717      (1 0 2 5 2 1 1)              96.087
11718      (1 0 2 3 1 2 1)              96.085
11719      (1 0 4 6 0 2 0)              96.081
11720      (1 0 2 2 1 1 0)              96.077
11721      (1 0 2 3 2 0 2)              96.077
11722      (1 0 4 3 1 0 1)              96.072
11723      (1 0 2 3 1 1 1)              96.069
11724      (1 0 0 0 0 0 0)              96.063
11725      (1 0 4 5 1 2 0)              96.058
11726      (1 0 2 3 1 2 1)              96.056
11727      (1 0 0 0 1 0 1)              96.055
11728      (1 0 3 2 0 0 1)              96.051
11729      (1 0 1 5 1 2 1)              96.047
11730      (1 0 2 5 2 2 1)              96.043
11731      (1 0 4 0 1 2 1)              96.038
11732      (1 0 2 3 1 2 1)              96.036
11733      (1 0 2 6 1 2 1)              96.033
11734      (1 0 2 3 2 1 2)              96.027
11735      (1 0 4 2 2 1 2)              96.025
11736      (1 0 3 2 1 1 1)              96.021
11737      (1 0 4 2 1 1 1)              96.020
11738      (1 0 4 4 0 2 0)              96.018
11739      (1 0 4 4 0 2 0)              96.014
11740      (1 0 4 0 1 1 0)              96.012
11741      (1 0 2 3 2 0 2)              96.011
11742      (1 0 2 0 2 1 2)              96.007
11743      (1 0 3 2 1 1 1)              96.002
11744      (1 0 4 4 0 2 0)              95.999
11745      (1 0 1 5 1 1 1)              95.994
11746      (1 0 4 2 1 2 1)              95.991
11747      (1 0 2 5 0 1 0)              95.986
11748      (1 0 2 3 2 1 2)              95.984
11749      (1 0 2 3 1 0 1)              95.981
11750      (1 0 4 2 1 1 1)              95.977
11751      (1 0 2 3 1 1 1)              95.973
11752      (1 0 0 5 0 2 0)              95.970
11753      (1 0 4 3 1 0 1)              95.965
11754      (1 0 1 3 0 1 0)              95.960
11755      (1 0 2 6 1 2 1)              95.956
11756      (1 0 2 3 1 1 1)              95.952
11757      (1 0 1 5 1 1 1)              95.946
11758      (1 0 2 6 0 0 1)              95.943
11759      (1 0 4 2 1 1 1)              95.938
11760      (1 0 2 4 0 0 0)              95.935
11761      (1 0 2 3 1 1 1)              95.932
11762      (1 0 4 2 2 1 1)              95.928
11763      (1 0 1 2 1 2 1)              95.926
11764      (1 0 2 3 2 2 2)              95.924
11765      (1 0 2 5 2 1 1)              95.921
11766      (1 0 4 3 1 1 1)              95.919
11767      (1 0 2 6 1 2 1)              95.915
11768      (1 0 2 2 1 1 1)              95.913
11769      (1 0 4 2 1 2 1)              95.910
11770      (1 0 2 3 2 2 2)              95.908
11771      (1 0 1 5 1 1 1)              95.902
11772      (1 0 2 3 1 2 1)              95.900
11773      (1 0 3 1 1 1 1)              95.897
11774      (1 0 2 3 2 2 2)              95.895
11775      (1 0 2 3 1 0 1)              95.890
11776      (1 0 2 3 1 2 1)              95.888
11777      (1 0 4 6 1 2 1)              95.886
11778      (1 0 1 5 1 1 1)              95.880
11779      (1 0 2 3 1 2 1)              95.878
11780      (1 0 4 2 1 2 1)              95.875
11781      (1 0 2 3 1 2 1)              95.873
11782      (1 0 2 6 1 1 1)              95.872
11783      (1 0 1 5 1 1 1)              95.866
11784      (1 0 2 4 1 1 1)              95.862
11785      (1 0 4 2 1 2 1)              95.858
11786      (1 0 2 6 1 2 1)              95.855
11787      (1 0 0 0 1 2 0)              95.853
11788      (1 0 2 3 1 2 1)              95.851
11789      (1 0 2 3 1 0 1)              95.848
11790      (1 0 3 2 2 2 1)              95.846
11791      (1 0 4 4 0 2 0)              95.842
11792      (1 0 1 5 1 1 1)              95.837
11793      (1 0 1 3 0 1 0)              95.831
11794      (1 0 1 5 1 2 1)              95.828
11795      (1 0 0 0 1 0 1)              95.826
11796      (1 0 2 3 1 2 1)              95.823
11797      (1 0 2 3 1 2 1)              95.820
11798      (1 0 1 5 1 1 1)              95.814
11799      (1 1 0 6 0 2 0)              95.810
11800      (1 0 1 5 1 1 1)              95.804
11801      (1 0 0 0 1 0 1)              95.802
11802      (1 0 0 0 1 0 1)              95.799
11803      (1 0 1 3 1 0 1)              95.796
11804      (1 0 2 3 1 1 1)              95.792
11805      (1 0 2 3 2 1 2)              95.790
11806      (1 0 2 3 1 1 1)              95.787
11807      (1 0 0 5 1 1 1)              95.785
11808      (1 0 2 3 1 1 1)              95.783
11809      (1 0 0 0 1 2 1)              95.781
11810      (1 0 2 3 1 0 1)              95.777
11811      (1 0 4 6 0 1 0)              95.773
11812      (1 0 1 5 1 1 1)              95.767
11813      (1 0 2 3 2 2 2)              95.765
11814      (1 0 0 0 0 0 0)              95.764
11815      (1 0 1 3 1 0 1)              95.760
11816      (1 0 1 5 1 1 1)              95.754
11817      (1 0 2 3 2 2 2)              95.752
11818      (1 0 2 6 1 2 1)              95.749
11819      (1 0 2 3 1 0 2)              95.746
11820      (1 0 0 0 0 0 0)              95.740
11821      (1 0 2 3 2 1 2)              95.734
11822      (1 0 2 3 1 1 1)              95.731
11823      (1 0 0 0 1 0 1)              95.729
11824      (1 0 2 3 1 0 1)              95.726
11825      (1 0 2 5 0 2 0)              95.722
11826      (0 0 3 6 0 0 0)              95.717
11827      (1 0 2 3 2 1 2)              95.715
11828      (1 0 2 3 2 1 2)              95.712
11829      (1 0 2 6 1 2 1)              95.708
11830      (1 0 2 3 1 1 1)              95.706
11831      (1 0 2 3 1 2 1)              95.704
11832      (1 0 2 3 1 2 1)              95.702
11833      (1 0 2 4 0 0 0)              95.699
11834      (1 0 2 3 2 1 2)              95.698
11835      (1 0 2 3 1 0 1)              95.694
11836      (1 0 2 5 2 1 1)              95.691
11837      (1 0 2 6 1 2 1)              95.688
11838      (1 0 4 3 1 2 0)              95.687
11839      (1 0 4 6 0 2 0)              95.683
11840      (1 0 0 3 1 1 1)              95.681
11841      (1 0 0 0 1 0 1)              95.678
11842      (1 0 2 3 1 0 1)              95.676
11843      (1 0 2 2 1 0 1)              95.673
11844      (1 0 2 3 1 2 1)              95.670
11845      (1 0 2 2 1 0 1)              95.667
11846      (1 0 2 3 1 2 1)              95.665
11847      (1 0 2 3 2 1 2)              95.663
11848      (1 0 4 3 1 1 1)              95.658
11849      (1 0 4 4 0 2 0)              95.656
11850      (1 0 2 6 1 1 1)              95.653
11851      (1 0 2 3 2 0 2)              95.652
11852      (1 0 2 3 0 0 0)              95.652
11853      (1 0 1 5 1 2 1)              95.649
11854      (1 0 2 3 1 0 1)              95.646
11855      (1 0 1 5 1 2 1)              95.643
11856      (1 0 4 2 1 2 1)              95.639
11857      (1 0 4 3 1 0 1)              95.635
11858      (1 0 2 3 1 1 1)              95.632
11859      (1 0 4 6 1 2 1)              95.631
11860      (1 0 2 3 1 1 1)              95.627
11861      (1 0 2 3 1 1 1)              95.625
11862      (1 0 3 2 1 1 1)              95.621
11863      (1 0 2 2 1 2 1)              95.619
11864      (1 0 2 2 1 0 1)              95.616
11865      (1 0 1 0 1 1 1)              95.611
11866      (1 0 2 4 0 0 0)              95.608
11867      (1 0 2 3 1 0 1)              95.605
11868      (1 0 2 4 1 1 1)              95.600
11869      (1 0 2 3 2 1 2)              95.599
11870      (1 0 1 1 0 0 1)              95.596
11871      (1 0 2 3 2 1 2)              95.595
11872      (1 0 2 5 1 2 1)              95.594
11873      (1 0 1 3 0 1 0)              95.589
11874      (1 0 0 0 1 2 0)              95.587
11875      (1 0 0 0 0 2 0)              95.582
11876      (0 1 4 6 1 0 1)              95.575
11877      (1 0 4 2 1 2 1)              95.572
11878      (1 0 2 3 2 1 2)              95.567
11879      (1 0 2 6 1 2 1)              95.563
11880      (1 0 4 4 0 2 0)              95.561
11881      (1 0 4 3 1 1 1)              95.557
11882      (1 0 1 3 1 0 1)              95.554
11883      (1 0 0 6 0 1 0)              95.552
11884      (0 0 3 6 0 0 0)              95.546
11885      (1 0 0 0 1 2 0)              95.544
11886      (1 0 2 5 1 0 1)              95.543
11887      (1 0 2 3 2 2 1)              95.540
11888      (1 0 2 3 1 1 1)              95.535
11889      (1 0 1 5 1 1 1)              95.533
11890      (1 0 2 2 1 0 1)              95.530
11891      (1 0 2 3 1 2 1)              95.529
11892      (1 0 1 3 0 1 0)              95.524
11893      (1 0 3 2 1 2 1)              95.520
11894      (1 0 0 0 0 0 0)              95.517
11895      (1 0 2 2 0 0 1)              95.514
11896      (1 0 2 6 1 1 1)              95.513
11897      (1 0 2 2 1 2 0)              95.511
11898      (1 0 2 3 1 1 1)              95.508
11899      (1 0 1 5 1 2 1)              95.503
11900      (1 0 2 4 1 1 1)              95.499
11901      (1 0 1 5 1 1 1)              95.493
11902      (1 0 3 0 2 2 1)              95.488
11903      (1 0 4 2 1 2 1)              95.484
11904      (1 0 2 3 1 2 1)              95.482
11905      (1 0 3 2 1 2 1)              95.479
11906      (1 0 2 6 1 2 1)              95.476
11907      (1 0 2 6 0 0 1)              95.471
11908      (1 0 2 3 1 2 1)              95.469
11909      (1 0 2 3 2 2 2)              95.467
11910      (1 0 4 6 1 2 0)              95.463
11911      (1 0 2 3 1 2 1)              95.461
11912      (1 0 3 1 1 1 1)              95.458
11913      (1 0 1 5 1 2 1)              95.452
11914      (1 0 2 3 0 2 0)              95.448
11915      (1 0 1 5 1 1 1)              95.446
11916      (1 0 2 6 1 2 1)              95.442
11917      (1 0 1 5 1 2 1)              95.438
11918      (1 0 0 5 1 0 0)              95.436
11919      (1 0 2 3 2 2 2)              95.434
11920      (1 0 2 3 1 0 1)              95.431
11921      (1 0 1 2 0 0 0)              95.428
11922      (1 0 2 3 1 0 1)              95.424
11923      (1 0 2 6 1 1 1)              95.420
11924      (1 0 0 0 1 2 0)              95.418
11925      (1 0 4 2 1 1 1)              95.413
11926      (1 0 2 3 1 0 2)              95.410
11927      (1 0 2 6 1 1 1)              95.409
11928      (1 0 2 3 1 2 1)              95.406
11929      (1 0 2 3 1 0 1)              95.403
11930      (1 0 2 3 2 2 1)              95.400
11931      (1 0 1 5 1 2 1)              95.397
11932      (1 0 2 3 1 1 1)              95.393
11933      (1 0 2 3 1 2 1)              95.391
11934      (1 0 1 5 1 1 1)              95.386
11935      (1 0 4 6 1 2 1)              95.385
11936      (1 0 2 6 1 1 1)              95.384
11937      (1 0 4 6 1 2 1)              95.383
11938      (1 0 2 3 1 1 1)              95.380
11939      (1 0 3 2 1 2 1)              95.377
11940      (1 0 2 3 1 2 1)              95.377
11941      (1 0 2 6 1 2 1)              95.374
11942      (1 0 0 5 0 2 0)              95.371
11943      (1 0 0 6 0 1 0)              95.369
11944      (1 0 1 5 1 1 1)              95.367
11945      (1 0 4 2 2 2 1)              95.365
11946      (1 0 2 3 1 2 1)              95.363
11947      (1 0 1 5 1 2 1)              95.358
11948      (1 0 4 2 1 2 1)              95.355
11949      (1 0 1 5 1 2 1)              95.353
11950      (1 0 1 3 1 2 1)              95.350
11951      (1 0 0 0 1 2 1)              95.348
11952      (1 0 2 6 1 1 1)              95.346
11953      (1 0 2 3 1 2 1)              95.344
11954      (1 0 1 5 1 2 1)              95.340
11955      (1 0 4 2 0 0 0)              95.334
11956      (1 0 2 3 1 0 2)              95.330
11957      (1 0 4 5 1 2 0)              95.325
11958      (1 0 4 0 2 2 1)              95.320
11959      (1 0 2 3 1 2 1)              95.318
11960      (1 0 2 3 0 2 0)              95.313
11961      (1 0 0 0 0 0 0)              95.309
11962      (1 0 4 6 1 2 1)              95.308
11963      (1 0 2 3 0 0 0)              95.306
11964      (1 0 2 3 1 0 1)              95.303
11965      (1 0 2 4 1 1 1)              95.298
11966      (1 0 2 3 1 2 1)              95.296
11967      (1 0 2 6 1 2 1)              95.293
11968      (1 0 2 2 1 2 0)              95.291
11969      (1 0 2 3 2 1 2)              95.290
11970      (1 0 4 4 2 1 1)              95.288
11971      (1 0 4 6 0 1 0)              95.284
11972      (1 0 2 3 2 2 2)              95.282
11973      (1 0 2 3 1 2 1)              95.279
11974      (1 0 2 3 1 2 1)              95.278
11975      (1 0 3 3 1 0 1)              95.275
11976      (1 0 2 6 1 2 1)              95.272
11977      (1 0 1 5 1 1 1)              95.270
11978      (1 0 2 3 1 1 1)              95.265
11979      (1 0 2 3 1 2 1)              95.264
11980      (1 0 4 5 2 1 2)              95.261
11981      (1 0 3 2 1 2 1)              95.258
11982      (1 0 4 2 2 2 1)              95.256
11983      (1 0 2 6 1 2 1)              95.253
11984      (1 0 4 3 1 2 0)              95.250
11985      (1 0 2 3 2 1 2)              95.248
11986      (1 0 2 3 2 1 2)              95.246
11987      (1 0 0 0 1 0 1)              95.244
11988      (1 0 2 3 0 0 0)              95.238
11989      (1 0 2 6 1 1 1)              95.234
11990      (1 0 3 0 0 0 0)              95.229
11991      (1 0 2 3 1 0 1)              95.226
11992      (1 0 2 3 1 0 1)              95.224
11993      (1 0 2 2 1 0 1)              95.221
11994      (1 0 2 6 1 2 1)              95.218
11995      (1 0 1 5 1 1 1)              95.212
11996      (1 0 4 2 1 2 1)              95.209
11997      (1 0 2 4 1 1 1)              95.205
11998      (0 1 4 6 1 0 1)              95.198
11999      (1 0 0 0 1 0 1)              95.197
12000      (1 0 2 3 2 1 2)              95.192
12001      (1 0 2 3 1 0 1)              95.192
12002      (1 0 2 5 1 0 2)              95.190
12003      (1 0 2 4 0 0 0)              95.187
12004      (1 0 3 2 1 1 1)              95.182
12005      (1 0 2 3 1 1 1)              95.179
12006      (1 1 0 6 0 2 0)              95.175
12007      (1 0 4 2 1 2 1)              95.172
12008      (1 0 2 6 1 1 1)              95.170
12009      (1 0 2 3 2 1 2)              95.168
12010      (1 0 2 3 1 0 1)              95.166
12011      (1 0 1 5 1 2 1)              95.164
12012      (1 0 1 0 0 2 0)              95.159
12013      (1 0 2 3 1 0 1)              95.156
12014      (1 0 2 3 0 2 0)              95.152
12015      (1 0 2 3 1 1 1)              95.147
12016      (1 0 0 5 1 0 0)              95.146
12017      (1 0 0 3 1 1 1)              95.144
12018      (1 0 2 6 1 1 1)              95.142
12019      (1 0 0 3 0 0 0)              95.137
12020      (1 0 1 5 1 1 1)              95.133
12021      (1 0 2 3 1 0 1)              95.130
12022      (1 0 4 1 1 1 1)              95.128
12023      (1 0 2 2 0 0 1)              95.125
12024      (1 0 2 3 1 1 1)              95.120
12025      (1 0 2 2 1 0 1)              95.117
12026      (1 0 1 5 1 1 1)              95.113
12027      (1 0 4 6 1 1 1)              95.109
12028      (1 0 1 5 1 1 1)              95.104
12029      (1 0 1 5 1 2 1)              95.098
12030      (1 0 4 6 0 0 0)              95.095
12031      (1 0 2 2 1 2 1)              95.093
12032      (1 0 0 0 2 2 1)              95.091
12033      (1 0 0 0 0 0 0)              95.087
12034      (1 0 0 0 1 0 1)              95.085
12035      (1 0 1 5 1 2 1)              95.082
12036      (1 0 2 6 1 1 1)              95.077
12037      (1 0 0 0 1 0 1)              95.074
12038      (1 0 4 0 2 2 1)              95.069
12039      (1 0 2 3 1 2 1)              95.067
12040      (1 0 2 3 1 2 1)              95.067
12041      (1 0 1 1 2 1 2)              95.062
12042      (1 0 2 3 1 1 1)              95.060
12043      (1 0 4 2 1 2 1)              95.057
12044      (1 0 4 6 1 2 1)              95.056
12045      (1 0 2 2 0 0 0)              95.053
12046      (1 0 2 3 1 1 1)              95.049
12047      (1 0 2 3 1 0 1)              95.046
12048      (1 0 1 0 1 1 1)              95.042
12049      (1 0 2 3 1 0 1)              95.039
12050      (1 0 2 3 1 2 1)              95.038
12051      (1 0 4 3 1 2 1)              95.034
12052      (1 0 2 3 1 2 1)              95.032
12053      (1 0 4 0 1 1 0)              95.030
12054      (1 0 2 3 2 2 2)              95.028
12055      (1 0 2 3 1 1 1)              95.025
12056      (1 0 4 6 1 2 1)              95.023
12057      (1 0 2 3 1 1 1)              95.019
12058      (1 0 0 0 1 2 1)              95.018
12059      (1 0 0 0 0 2 0)              95.013
12060      (1 0 2 3 1 0 1)              95.011
12061      (1 0 4 0 2 2 1)              95.006
12062      (1 0 2 3 1 2 1)              95.004
12063      (1 0 1 5 1 1 1)              95.002
12064      (1 0 1 5 1 1 1)              94.996
12065      (1 0 3 6 2 1 2)              94.992
12066      (1 0 2 6 1 2 1)              94.989
12067      (1 0 0 0 0 0 0)              94.983
12068      (1 0 4 2 1 2 1)              94.980
12069      (1 0 2 3 1 2 1)              94.978
12070      (1 0 2 3 1 0 1)              94.975
12071      (1 0 0 0 1 2 0)              94.973
12072      (1 0 0 0 1 2 1)              94.971
12073      (1 0 2 6 1 2 1)              94.967
12074      (1 0 2 2 0 0 0)              94.962
12075      (1 0 2 3 1 2 0)              94.959
12076      (1 0 0 0 1 2 1)              94.957
12077      (1 0 2 3 1 2 1)              94.955
12078      (1 0 2 3 2 1 2)              94.950
12079      (1 0 2 3 1 1 0)              94.947
12080      (1 0 1 3 1 0 1)              94.944
12081      (1 0 2 3 1 2 1)              94.942
12082      (1 0 4 3 1 0 1)              94.937
12083      (1 0 1 5 1 1 1)              94.935
12084      (1 0 2 3 1 2 1)              94.936
12085      (1 0 2 3 1 2 1)              94.934
12086      (1 0 2 0 2 1 2)              94.930
12087      (1 0 2 3 1 0 1)              94.926
12088      (1 0 2 3 1 2 1)              94.924
12089      (1 0 2 3 1 1 1)              94.923
12090      (1 0 2 6 1 1 1)              94.922
12091      (1 0 2 6 1 1 1)              94.921
12092      (1 0 1 5 1 2 1)              94.915
12093      (1 0 1 3 1 0 1)              94.912
12094      (1 0 4 6 0 2 0)              94.908
12095      (1 0 4 6 1 2 1)              94.907
12096      (1 0 0 0 1 2 1)              94.905
12097      (1 0 1 5 1 1 1)              94.903
12098      (1 0 0 0 1 1 1)              94.900
12099      (1 0 2 3 1 0 1)              94.897
12100      (1 0 2 3 1 2 0)              94.894
12101      (1 0 2 3 1 1 1)              94.891
12102      (1 0 2 3 1 0 1)              94.888
12103      (1 0 1 5 1 1 1)              94.882
12104      (1 0 2 3 0 2 0)              94.878
12105      (1 0 2 3 2 2 1)              94.875
12106      (1 0 0 5 0 2 0)              94.872
12107      (1 0 2 3 1 0 2)              94.867
12108      (1 0 2 3 1 1 1)              94.864
12109      (1 0 4 2 1 2 1)              94.861
12110      (1 0 0 0 1 2 0)              94.859
12111      (1 0 1 5 1 1 1)              94.854
12112      (1 0 4 6 1 1 1)              94.852
12113      (1 0 4 3 1 1 1)              94.847
12114      (1 0 4 4 0 2 0)              94.844
12115      (1 0 2 3 1 2 1)              94.842
12116      (1 0 2 3 2 2 2)              94.840
12117      (1 0 2 3 1 1 1)              94.837
12118      (1 0 4 6 1 1 1)              94.838
12119      (1 0 4 6 0 1 0)              94.833
12120      (1 0 4 6 1 2 1)              94.832
12121      (1 0 2 6 1 1 0)              94.828
12122      (1 0 4 2 0 0 0)              94.823
12123      (1 0 2 3 1 1 1)              94.820
12124      (1 0 2 5 0 2 0)              94.817
12125      (1 0 4 2 1 2 1)              94.814
12126      (1 0 4 6 0 2 0)              94.809
12127      (1 0 2 3 2 1 2)              94.807
12128      (1 0 2 3 1 1 1)              94.804
12129      (1 0 2 6 1 2 1)              94.801
12130      (1 0 2 5 1 0 1)              94.798
12131      (1 0 2 3 1 1 1)              94.795
12132      (1 0 2 3 1 2 0)              94.792
12133      (1 0 3 1 1 1 1)              94.789
12134      (1 0 2 6 1 2 1)              94.786
12135      (1 0 0 0 2 2 1)              94.784
12136      (1 0 2 3 2 0 2)              94.779
12137      (1 0 2 5 2 1 1)              94.776
12138      (1 0 2 3 2 1 2)              94.774
12139      (1 0 2 3 2 1 2)              94.774
12140      (1 0 1 5 1 1 1)              94.768
12141      (1 0 0 0 1 0 1)              94.767
12142      (1 0 0 3 1 1 1)              94.765
12143      (1 0 2 6 1 2 0)              94.763
12144      (1 0 2 5 1 1 1)              94.762
12145      (1 0 2 6 1 1 0)              94.757
12146      (1 0 3 2 0 0 1)              94.753
12147      (1 0 2 5 1 2 1)              94.752
12148      (1 0 4 1 0 2 1)              94.749
12149      (1 0 2 3 1 2 1)              94.747
12150      (1 0 4 3 1 1 1)              94.745
12151      (1 0 2 6 1 2 1)              94.742
12152      (1 0 2 3 1 2 1)              94.740
12153      (1 0 2 3 2 1 2)              94.735
12154      (1 0 2 3 1 0 1)              94.732
12155      (1 0 4 3 1 0 1)              94.727
12156      (1 0 4 2 1 2 1)              94.727
12157      (1 0 4 5 2 1 2)              94.724
12158      (1 0 2 3 1 1 1)              94.722
12159      (1 0 1 5 1 1 1)              94.716
12160      (1 0 2 6 1 2 1)              94.712
12161      (1 0 0 5 1 0 0)              94.710
12162      (1 0 1 5 1 2 1)              94.708
12163      (1 0 2 3 2 0 2)              94.707
12164      (1 0 3 3 2 1 2)              94.702
12165      (1 0 2 3 1 1 1)              94.699
12166      (1 0 4 2 2 1 2)              94.697
12167      (1 0 0 0 1 0 1)              94.695
12168      (1 0 4 6 1 0 1)              94.694
12169      (1 0 2 3 1 0 1)              94.691
12170      (1 0 0 5 1 1 1)              94.689
12171      (1 0 2 2 1 2 1)              94.687
12172      (1 0 2 3 1 0 1)              94.683
12173      (1 0 0 0 0 0 0)              94.682
12174      (1 0 1 5 1 2 1)              94.679
12175      (1 0 4 0 2 2 1)              94.674
12176      (1 0 4 3 1 0 1)              94.669
12177      (1 0 4 5 1 2 0)              94.665
12178      (1 0 0 0 0 0 0)              94.661
12179      (1 0 2 3 1 1 1)              94.658
12180      (1 0 1 2 0 0 0)              94.652
12181      (1 0 0 0 1 0 1)              94.652
12182      (1 0 3 2 2 2 1)              94.646
12183      (1 0 2 6 1 2 1)              94.643
12184      (1 0 4 6 1 2 1)              94.641
12185      (1 0 2 2 1 1 0)              94.638
12186      (1 0 4 2 1 2 1)              94.635
12187      (1 0 4 2 0 0 0)              94.630
12188      (1 0 2 3 2 2 2)              94.628
12189      (1 0 1 5 0 2 0)              94.622
12190      (1 0 2 3 1 2 1)              94.620
12191      (0 0 3 6 0 0 0)              94.615
12192      (1 0 2 6 1 2 1)              94.612
12193      (1 0 2 3 1 2 1)              94.609
12194      (1 0 4 5 1 2 0)              94.605
12195      (1 0 0 0 2 2 1)              94.603
12196      (1 0 0 0 0 0 0)              94.598
12197      (1 0 4 2 0 0 0)              94.593
12198      (1 0 2 6 1 2 1)              94.590
12199      (1 0 1 2 0 0 0)              94.584
12200      (1 0 4 2 1 2 1)              94.581
12201      (1 0 0 5 0 2 0)              94.578
12202      (1 0 2 3 0 0 0)              94.575
12203      (1 0 2 3 1 2 1)              94.576
12204      (1 0 2 3 2 1 2)              94.575
12205      (1 0 1 5 1 1 1)              94.570
12206      (1 0 4 2 1 2 1)              94.566
12207      (1 0 2 3 1 2 1)              94.563
12208      (1 0 4 2 2 1 2)              94.561
12209      (1 0 2 4 0 0 0)              94.558
12210      (1 0 2 3 0 2 0)              94.554
12211      (1 0 2 6 1 1 0)              94.550
12212      (1 0 2 6 1 1 0)              94.546
12213      (1 0 2 2 1 0 1)              94.543
12214      (1 0 2 5 1 0 1)              94.540
12215      (1 0 2 6 1 1 1)              94.539
12216      (1 0 2 3 1 0 2)              94.537
12217      (1 0 4 2 0 0 0)              94.531
12218      (1 0 2 6 1 1 1)              94.531
12219      (1 0 2 3 1 0 2)              94.528
12220      (1 0 2 3 1 2 0)              94.525
12221      (1 0 3 1 1 1 1)              94.522
12222      (1 0 3 2 1 2 0)              94.517
12223      (1 0 4 6 1 2 1)              94.515
12224      (1 0 2 3 1 0 2)              94.512
12225      (1 0 1 5 1 1 1)              94.507
12226      (1 0 1 4 1 1 1)              94.503
12227      (1 0 2 6 1 2 1)              94.500
12228      (1 0 2 3 1 1 1)              94.497
12229      (1 0 2 3 0 2 0)              94.492
12230      (1 0 1 5 1 1 1)              94.487
12231      (1 0 2 5 0 2 0)              94.484
12232      (1 0 1 5 1 1 1)              94.478
12233      (1 0 0 0 1 2 1)              94.477
12234      (1 0 3 2 1 2 1)              94.474
12235      (1 0 0 0 1 0 1)              94.472
12236      (1 0 4 2 1 2 1)              94.469
12237      (1 0 0 0 1 0 1)              94.466
12238      (1 0 4 2 1 2 1)              94.462
12239      (1 0 2 6 1 2 1)              94.458
12240      (1 0 4 0 1 2 1)              94.454
12241      (1 0 2 3 1 2 0)              94.451
12242      (1 0 1 0 1 1 1)              94.447
12243      (1 0 2 4 0 0 0)              94.444
12244      (1 0 1 5 0 2 0)              94.438
12245      (1 0 0 1 1 2 1)              94.436
12246      (1 0 2 3 1 0 1)              94.433
12247      (1 0 4 6 1 2 1)              94.431
12248      (1 0 0 5 1 0 0)              94.430
12249      (1 0 4 3 1 2 0)              94.429
12250      (1 0 1 0 1 1 1)              94.425
12251      (1 0 0 0 1 2 0)              94.423
12252      (1 0 2 3 1 2 1)              94.421
12253      (1 0 2 6 1 2 1)              94.418
12254      (1 0 4 6 1 2 1)              94.416
12255      (1 0 4 6 1 2 1)              94.414
12256      (1 0 1 1 0 0 0)              94.412
12257      (1 0 2 5 0 2 0)              94.410
12258      (1 0 2 3 1 0 1)              94.407
12259      (1 0 0 3 0 0 0)              94.403
12260      (1 0 1 5 1 1 1)              94.399
12261      (1 0 4 2 2 1 2)              94.397
12262      (1 0 4 0 2 2 1)              94.392
12263      (1 0 2 4 1 1 1)              94.387
12264      (1 0 3 2 1 0 1)              94.383
12265      (1 0 4 3 1 2 0)              94.382
12266      (1 0 2 4 1 1 1)              94.378
12267      (1 0 2 3 2 2 1)              94.375
12268      (1 0 4 6 1 2 1)              94.373
12269      (1 0 1 0 0 0 0)              94.369
12270      (1 0 2 2 1 2 1)              94.367
12271      (1 0 2 3 1 1 1)              94.364
12272      (1 0 2 3 1 2 0)              94.361
12273      (1 0 2 3 1 1 1)              94.358
12274      (1 0 4 3 1 0 1)              94.354
12275      (1 0 1 5 1 1 1)              94.348
12276      (1 0 1 5 1 1 1)              94.343
12277      (1 0 2 3 0 0 0)              94.341
12278      (1 0 2 3 1 0 1)              94.338
12279      (1 0 4 2 1 2 1)              94.335
12280      (1 0 2 3 2 1 2)              94.333
12281      (1 0 2 3 0 2 0)              94.329
12282      (0 0 0 1 2 2 1)              94.324
12283      (1 0 2 3 1 2 1)              94.322
12284      (1 0 2 4 1 1 1)              94.318
12285      (1 0 2 6 1 2 1)              94.315
12286      (1 0 2 3 1 0 1)              94.312
12287      (1 0 1 5 1 2 1)              94.307
12288      (1 0 2 5 1 0 1)              94.304
12289      (1 0 4 4 0 2 0)              94.302
12290      (1 0 2 3 1 2 1)              94.301
12291      (1 0 2 3 2 2 2)              94.299
12292      (1 0 0 0 1 2 0)              94.297
12293      (1 0 4 3 1 1 1)              94.293
12294      (1 0 2 0 2 1 2)              94.289
12295      (1 0 2 6 1 2 1)              94.284
12296      (1 0 3 0 1 1 1)              94.281
12297      (1 0 2 4 0 0 0)              94.278
12298      (1 0 1 2 1 1 1)              94.275
12299      (1 0 2 3 1 0 1)              94.272
12300      (1 0 2 3 1 1 1)              94.270
12301      (1 0 2 5 1 0 1)              94.267
12302      (1 0 2 3 1 1 1)              94.264
12303      (1 0 2 6 1 1 1)              94.264
12304      (1 0 0 5 0 2 0)              94.261
12305      (1 0 1 5 1 1 1)              94.259
12306      (1 0 1 5 1 1 1)              94.255
12307      (1 0 2 3 1 2 1)              94.250
12308      (1 0 1 5 1 1 1)              94.248
12309      (1 0 2 3 1 1 1)              94.245
12310      (1 0 2 3 1 0 1)              94.242
12311      (1 0 1 5 1 2 1)              94.237
12312      (1 0 3 2 1 2 1)              94.234
12313      (1 0 1 5 1 1 1)              94.229
12314      (1 0 4 2 1 2 1)              94.226
12315      (1 0 2 3 1 1 1)              94.224
12316      (1 0 2 3 1 2 1)              94.218
12317      (1 0 0 1 2 1 2)              94.213
12318      (1 0 2 3 1 1 1)              94.210
12319      (1 0 4 6 0 0 1)              94.208
12320      (1 0 2 3 1 2 1)              94.206
12321      (1 0 2 3 1 1 1)              94.202
12322      (1 0 2 3 1 2 1)              94.200
12323      (1 0 2 3 1 1 1)              94.199
12324      (1 0 3 3 1 1 1)              94.196
12325      (1 0 2 6 1 2 1)              94.193
12326      (1 0 2 6 1 1 0)              94.188
12327      (1 0 0 3 1 0 2)              94.186
12328      (1 0 2 6 1 2 1)              94.183
12329      (1 0 2 3 1 1 1)              94.180
12330      (1 0 4 3 1 0 1)              94.176
12331      (1 0 0 0 2 2 2)              94.172
12332      (1 0 2 3 1 2 0)              94.169
12333      (1 0 2 3 2 0 2)              94.168
12334      (1 0 2 3 2 1 2)              94.167
12335      (1 0 2 3 0 0 0)              94.167
12336      (1 0 3 2 1 2 1)              94.164
12337      (1 0 2 3 2 1 2)              94.163
12338      (1 0 0 5 1 1 1)              94.161
12339      (1 0 1 3 2 1 1)              94.158
12340      (1 0 0 0 1 2 1)              94.157
12341      (1 0 1 5 1 1 1)              94.151
12342      (1 0 2 0 2 1 2)              94.147
12343      (1 0 2 6 1 2 1)              94.144
12344      (1 0 4 2 1 2 1)              94.141
12345      (1 0 2 0 0 0 0)              94.139
12346      (1 0 2 3 1 2 1)              94.137
12347      (1 0 1 3 1 0 1)              94.133
12348      (1 0 1 2 0 0 0)              94.128
12349      (1 0 2 3 2 1 2)              94.126
12350      (1 0 0 0 1 0 1)              94.124
12351      (1 0 2 3 1 0 1)              94.121
12352      (1 0 1 2 0 0 0)              94.117
12353      (1 0 1 6 2 2 1)              94.114
12354      (1 0 1 5 1 1 1)              94.109
12355      (1 0 2 3 1 1 1)              94.105
12356      (1 0 2 3 1 0 1)              94.102
12357      (1 0 2 3 0 2 0)              94.097
12358      (1 0 0 5 0 2 0)              94.094
12359      (1 0 0 0 1 2 1)              94.093
12360      (1 0 4 0 1 2 1)              94.088
12361      (1 0 2 3 1 0 1)              94.085
12362      (1 0 4 3 1 0 1)              94.081
12363      (1 0 0 0 0 0 0)              94.078
12364      (1 0 4 3 1 2 1)              94.078
12365      (1 0 2 4 0 0 0)              94.075
12366      (1 0 2 3 1 1 1)              94.072
12367      (1 0 4 2 1 2 1)              94.069
12368      (1 0 2 3 1 1 1)              94.066
12369      (1 0 2 0 0 0 0)              94.064
12370      (1 0 2 3 1 0 1)              94.061
12371      (1 0 1 5 1 2 1)              94.058
12372      (1 0 4 0 1 2 1)              94.054
12373      (1 0 2 6 1 1 0)              94.050
12374      (1 0 2 6 1 2 1)              94.047
12375      (1 0 2 0 2 2 1)              94.041
12376      (1 0 4 2 1 2 1)              94.038
12377      (0 1 4 6 1 1 0)              94.034
12378      (1 0 2 3 2 1 2)              94.029
12379      (1 0 2 3 2 1 2)              94.028
12380      (1 0 3 2 1 2 1)              94.025
12381      (1 0 2 3 2 2 2)              94.023
12382      (1 0 1 5 1 2 1)              94.019
12383      (1 0 2 3 2 2 1)              94.016
12384      (1 0 0 0 1 2 1)              94.014
12385      (1 0 4 5 1 2 0)              94.010
12386      (1 0 0 3 1 1 1)              94.008
12387      (1 0 2 3 1 2 1)              94.007
12388      (1 0 0 0 2 2 1)              94.005
12389      (1 0 2 3 1 2 1)              94.003
12390      (1 0 2 6 1 2 1)              94.000
12391      (1 0 3 1 1 1 1)              93.997
12392      (1 0 0 1 1 2 1)              93.995
12393      (1 0 1 5 1 1 1)              93.990
12394      (1 0 2 3 1 1 1)              93.988
12395      (1 0 4 2 1 2 1)              93.985
12396      (1 0 3 1 1 1 1)              93.982
12397      (1 0 2 6 1 1 1)              93.979
12398      (1 0 3 2 1 2 1)              93.976
12399      (1 0 4 3 1 1 1)              93.972
12400      (1 0 2 3 1 0 1)              93.969
12401      (1 0 2 3 2 2 1)              93.966
12402      (1 0 4 4 2 1 1)              93.964
12403      (1 0 1 3 0 1 0)              93.959
12404      (1 0 2 3 1 0 1)              93.956
12405      (1 0 3 1 1 1 1)              93.953
12406      (1 0 2 6 1 2 1)              93.949
12407      (1 0 3 0 0 0 0)              93.945
12408      (1 0 1 5 1 1 1)              93.939
12409      (1 0 2 3 1 0 2)              93.935
12410      (1 0 4 2 0 0 0)              93.930
12411      (1 0 2 6 1 1 1)              93.926
12412      (1 0 0 5 1 0 0)              93.924
12413      (1 0 2 6 1 2 1)              93.921
12414      (1 0 2 3 1 2 1)              93.920
12415      (1 0 2 3 1 2 1)              93.919
12416      (1 0 2 3 0 2 0)              93.914
12417      (1 0 2 3 1 0 1)              93.911
12418      (1 0 0 0 1 0 1)              93.911
12419      (1 0 2 5 1 0 1)              93.908
12420      (1 0 1 3 1 0 1)              93.905
12421      (1 0 2 3 2 1 2)              93.903
12422      (1 0 2 3 2 1 2)              93.898
12423      (1 0 1 6 2 2 1)              93.895
12424      (1 0 2 3 2 1 2)              93.890
12425      (1 0 2 3 2 1 2)              93.888
12426      (1 0 1 5 1 2 1)              93.885
12427      (1 0 4 6 1 2 1)              93.883
12428      (1 0 2 3 1 2 1)              93.882
12429      (1 0 2 3 1 1 1)              93.879
12430      (1 0 2 6 1 2 1)              93.875
12431      (1 0 2 3 1 0 1)              93.872
12432      (1 0 2 5 1 0 1)              93.869
12433      (1 0 2 3 1 0 2)              93.866
12434      (1 0 1 5 1 1 1)              93.862
12435      (1 0 1 5 1 1 1)              93.857
12436      (1 0 2 3 1 2 1)              93.855
12437      (1 0 4 3 0 2 0)              93.852
12438      (1 0 2 3 2 1 2)              93.847
12439      (1 0 4 2 1 1 1)              93.843
12440      (1 0 4 5 1 2 0)              93.839
12441      (1 0 2 3 0 2 0)              93.835
12442      (1 0 2 3 1 2 1)              93.833
12443      (1 1 4 0 0 2 0)              93.830
12444      (1 0 0 3 0 0 0)              93.828
12445      (1 0 2 3 1 0 1)              93.825
12446      (1 0 2 2 1 2 1)              93.823
12447      (1 0 3 2 2 2 1)              93.818
12448      (1 0 1 5 1 1 1)              93.813
12449      (1 0 2 3 0 2 0)              93.809
12450      (1 0 2 3 1 1 1)              93.806
12451      (1 0 1 0 1 0 1)              93.804
12452      (1 0 2 3 1 1 1)              93.801
12453      (1 0 4 6 1 1 1)              93.799
12454      (1 0 4 2 1 2 1)              93.796
12455      (1 0 0 0 0 0 0)              93.791
12456      (1 0 4 6 1 2 1)              93.789
12457      (1 0 3 3 1 0 1)              93.786
12458      (1 0 3 3 2 1 2)              93.781
12459      (1 0 2 6 0 0 1)              93.779
12460      (0 1 4 6 2 1 1)              93.774
12461      (1 0 4 2 1 2 1)              93.771
12462      (1 0 4 3 1 1 1)              93.767
12463      (1 0 2 3 0 2 0)              93.763
12464      (1 0 0 0 1 2 1)              93.761
12465      (1 0 3 3 1 0 1)              93.758
12466      (1 0 3 2 2 2 1)              93.755
12467      (1 0 0 0 0 2 0)              93.751
12468      (1 0 2 6 1 1 1)              93.750
12469      (1 0 0 0 1 1 1)              93.749
12470      (1 0 4 6 1 2 1)              93.748
12471      (1 0 2 3 1 0 2)              93.746
12472      (1 0 4 2 1 1 1)              93.742
12473      (1 0 2 3 1 0 1)              93.739
12474      (1 0 2 2 1 0 1)              93.737
12475      (1 0 1 5 1 1 1)              93.733
12476      (1 0 2 3 1 2 1)              93.731
12477      (1 0 2 3 1 0 1)              93.730
12478      (1 0 2 6 1 2 1)              93.726
12479      (1 0 0 0 1 0 1)              93.723
12480      (1 0 2 3 1 1 1)              93.719
12481      (1 0 2 3 1 2 1)              93.719
12482      (1 0 0 3 1 1 1)              93.717
12483      (1 0 2 6 1 2 1)              93.713
12484      (1 0 1 5 1 2 1)              93.709
12485      (1 0 1 5 1 1 1)              93.707
12486      (1 0 4 2 1 2 1)              93.704
12487      (1 0 2 3 1 1 1)              93.701
12488      (1 0 2 3 1 0 1)              93.698
12489      (1 0 2 6 1 1 1)              93.694
12490      (1 0 2 2 1 1 0)              93.691
12491      (1 0 2 3 0 0 0)              93.690
12492      (1 0 4 4 2 1 2)              93.684
12493      (1 0 0 3 0 0 0)              93.680
12494      (1 0 4 4 0 2 0)              93.679
12495      (1 0 2 3 2 2 2)              93.677
12496      (1 0 0 6 0 1 0)              93.675
12497      (1 0 2 3 1 2 1)              93.673
12498      (1 0 2 6 1 2 1)              93.670
12499      (1 0 0 5 1 1 1)              93.668
12500      (1 0 4 2 0 0 0)              93.663
12501      (1 0 2 3 1 0 1)              93.659
12502      (1 0 3 3 1 1 1)              93.656
12503      (1 0 2 3 1 2 1)              93.654
12504      (1 0 2 3 1 1 1)              93.652
12505      (1 0 2 2 1 2 0)              93.649
12506      (1 0 2 3 1 2 1)              93.647
12507      (1 0 2 3 1 0 1)              93.644
12508      (1 0 1 5 1 1 1)              93.642
12509      (1 0 4 2 0 0 0)              93.637
12510      (1 0 2 3 1 2 1)              93.634
12511      (1 0 0 0 1 2 1)              93.632
12512      (1 0 4 6 1 2 1)              93.632
12513      (1 0 2 3 1 2 1)              93.630
12514      (1 0 2 3 1 2 1)              93.628
12515      (1 0 2 6 1 2 1)              93.625
12516      (1 0 4 2 2 1 2)              93.623
12517      (1 0 4 2 1 2 1)              93.620
12518      (1 0 4 2 0 0 0)              93.615
12519      (1 0 4 3 1 2 1)              93.611
12520      (1 0 2 3 1 0 1)              93.608
12521      (1 0 4 4 0 2 0)              93.605
12522      (1 0 2 3 1 2 1)              93.605
12523      (1 0 4 2 0 0 0)              93.599
12524      (1 0 2 3 0 2 0)              93.595
12525      (1 0 4 0 1 2 1)              93.591
12526      (1 0 0 0 0 0 0)              93.587
12527      (1 0 0 0 1 1 1)              93.585
12528      (1 0 2 0 0 0 0)              93.584
12529      (1 0 2 3 1 0 1)              93.581
12530      (1 0 3 2 1 1 1)              93.577
12531      (1 0 2 2 2 2 1)              93.574
12532      (1 0 2 3 1 0 1)              93.572
12533      (1 0 3 3 2 1 2)              93.567
12534      (1 0 4 0 1 2 1)              93.563
12535      (1 0 2 3 1 1 1)              93.559
12536      (1 0 2 6 1 1 1)              93.558
12537      (1 0 0 0 1 2 0)              93.556
12538      (1 0 2 3 2 2 1)              93.553
12539      (1 0 0 0 1 2 1)              93.552
12540      (1 0 2 3 1 1 1)              93.548
12541      (1 0 4 2 1 2 1)              93.545
12542      (1 0 2 6 1 2 1)              93.542
12543      (1 0 2 5 1 1 1)              93.540
12544      (1 0 2 6 1 1 1)              93.537
12545      (1 0 2 6 1 2 1)              93.534
12546      (1 0 1 5 1 2 1)              93.531
12547      (1 0 4 3 1 1 1)              93.527
12548      (1 0 2 3 1 2 1)              93.525
12549      (1 0 0 0 1 2 0)              93.524
12550      (1 0 2 3 1 0 1)              93.521
12551      (1 0 2 3 1 0 1)              93.518
12552      (1 0 2 3 2 0 2)              93.514
12553      (1 0 2 3 0 0 0)              93.509
12554      (1 0 4 2 2 1 1)              93.506
12555      (1 0 4 2 1 2 1)              93.503
12556      (1 0 2 3 2 0 2)              93.502
12557      (1 0 1 5 1 1 1)              93.497
12558      (1 0 2 3 1 2 1)              93.495
12559      (1 0 0 3 1 1 1)              93.494
12560      (1 0 2 4 1 1 1)              93.489
12561      (1 0 2 2 1 0 1)              93.487
12562      (1 0 2 3 0 0 0)              93.485
12563      (1 0 0 0 1 0 1)              93.484
12564      (1 0 1 5 1 1 1)              93.482
12565      (1 0 4 3 1 2 0)              93.480
12566      (1 0 1 5 2 2 2)              93.478
12567      (1 0 4 3 1 1 1)              93.474
12568      (1 0 4 0 2 2 1)              93.469
12569      (1 0 2 6 1 2 1)              93.466
12570      (1 0 4 6 1 1 1)              93.464
12571      (1 0 2 2 1 2 1)              93.462
12572      (1 0 2 3 1 2 1)              93.460
12573      (1 0 2 3 1 1 1)              93.458
12574      (1 0 2 3 2 0 2)              93.457
12575      (1 0 2 6 1 1 0)              93.454
12576      (1 0 1 0 1 1 1)              93.450
12577      (1 0 4 4 0 2 0)              93.447
12578      (1 0 2 3 1 2 1)              93.445
12579      (1 0 4 6 0 0 1)              93.444
12580      (1 0 2 6 1 2 1)              93.441
12581      (1 0 2 3 1 1 1)              93.438
12582      (1 0 2 6 1 2 1)              93.435
12583      (1 0 2 6 1 2 1)              93.432
12584      (1 0 2 3 1 2 1)              93.429
12585      (1 0 0 0 1 0 1)              93.428
12586      (1 0 2 3 2 1 2)              93.423
12587      (1 0 2 3 0 0 0)              93.418
12588      (1 0 2 3 1 0 1)              93.414
12589      (1 0 2 6 1 1 1)              93.414
12590      (1 0 2 3 1 1 1)              93.411
12591      (1 0 4 3 1 1 1)              93.407
12592      (1 0 2 3 0 0 0)              93.405
12593      (1 0 1 5 1 1 1)              93.400
12594      (1 0 0 3 1 1 1)              93.398
12595      (1 0 4 6 1 2 1)              93.396
12596      (1 0 1 5 1 1 1)              93.391
12597      (1 0 1 5 1 1 1)              93.389
12598      (1 0 2 6 1 2 1)              93.386
12599      (1 0 0 0 1 0 1)              93.385
12600      (1 0 2 3 1 2 1)              93.382
12601      (1 0 2 4 0 0 0)              93.379
12602      (1 0 2 6 1 2 1)              93.376
12603      (1 0 2 3 0 0 1)              93.372
12604      (1 0 0 0 1 2 1)              93.370
12605      (1 0 2 3 1 1 1)              93.367
12606      (1 0 2 3 2 2 2)              93.366
12607      (1 0 4 2 1 2 1)              93.363
12608      (1 0 2 6 1 2 1)              93.359
12609      (1 0 2 1 1 1 1)              93.356
12610      (1 0 0 0 0 0 0)              93.352
12611      (1 0 2 3 1 2 1)              93.352
12612      (1 0 2 2 1 2 1)              93.351
12613      (1 0 3 2 2 2 1)              93.348
12614      (1 0 2 4 1 1 1)              93.344
12615      (1 0 4 6 1 2 1)              93.342
12616      (1 0 1 0 1 1 1)              93.339
12617      (1 0 2 3 1 1 1)              93.336
12618      (1 0 1 5 1 1 1)              93.331
12619      (1 0 1 5 1 1 1)              93.329
12620      (1 0 2 6 1 2 1)              93.326
12621      (1 0 2 3 1 0 1)              93.324
12622      (1 0 0 3 0 0 0)              93.320
12623      (1 0 0 3 1 1 1)              93.318
12624      (1 0 4 2 1 2 1)              93.315
12625      (1 0 3 2 1 1 1)              93.311
12626      (1 0 0 0 0 0 0)              93.308
12627      (1 0 2 6 1 2 1)              93.305
12628      (1 0 2 3 1 0 1)              93.302
12629      (1 0 3 1 1 1 1)              93.299
12630      (1 0 2 2 1 2 1)              93.298
12631      (1 0 3 2 1 1 1)              93.294
12632      (1 0 2 3 1 1 1)              93.290
12633      (1 0 2 3 1 2 0)              93.287
12634      (1 0 2 3 1 1 1)              93.284
12635      (1 0 2 3 2 1 1)              93.282
12636      (1 0 4 3 1 2 1)              93.282
12637      (1 0 2 3 1 0 1)              93.279
12638      (1 0 2 6 1 1 0)              93.276
12639      (1 0 2 2 0 0 0)              93.273
12640      (1 0 0 4 0 0 0)              93.272
12641      (1 0 0 0 0 0 0)              93.267
12642      (1 0 1 5 1 1 1)              93.262
12643      (1 0 2 6 1 1 0)              93.259
12644      (1 0 0 1 1 2 1)              93.258
12645      (1 0 1 5 1 1 1)              93.252
12646      (1 0 2 3 1 0 1)              93.250
12647      (1 0 0 0 2 2 1)              93.248
12648      (1 0 2 3 0 2 0)              93.244
12649      (1 0 2 3 1 2 1)              93.242
12650      (1 0 2 3 1 2 1)              93.242
12651      (1 0 1 0 1 1 1)              93.238
12652      (1 0 2 3 0 0 0)              93.232
12653      (1 0 2 3 2 1 1)              93.231
12654      (1 0 4 5 1 2 0)              93.227
12655      (1 0 2 3 1 0 1)              93.224
12656      (1 0 1 5 1 1 1)              93.219
12657      (1 0 2 3 2 1 2)              93.217
12658      (1 0 2 2 0 0 1)              93.214
12659      (1 0 2 3 1 2 1)              93.212
12660      (1 0 4 4 0 2 0)              93.211
12661      (1 0 3 2 2 2 1)              93.208
12662      (1 0 2 3 1 2 1)              93.206
12663      (1 0 4 4 0 2 0)              93.204
12664      (1 0 2 6 1 2 1)              93.203
12665      (1 0 4 6 0 1 0)              93.199
12666      (1 0 2 3 1 1 1)              93.196
12667      (1 0 2 6 1 2 1)              93.193
12668      (1 0 2 3 1 0 1)              93.190
12669      (1 0 2 6 1 2 1)              93.187
12670      (1 0 4 2 1 2 1)              93.184
12671      (1 0 2 3 0 0 0)              93.182
12672      (1 0 3 6 2 2 2)              93.178
12673      (1 0 0 0 1 0 1)              93.175
12674      (1 0 2 3 2 2 2)              93.173
12675      (1 0 2 3 1 2 1)              93.171
12676      (1 0 1 5 1 1 1)              93.166
12677      (1 0 2 6 1 2 1)              93.162
12678      (1 0 4 2 1 2 1)              93.159
12679      (1 0 2 3 1 1 1)              93.157
12680      (1 0 4 2 1 2 1)              93.154
12681      (1 0 2 3 2 0 2)              93.153
12682      (1 0 2 6 1 2 1)              93.150
12683      (1 0 2 3 2 2 2)              93.149
12684      (1 0 4 4 0 2 0)              93.147
12685      (1 0 2 6 1 1 1)              93.146
12686      (1 0 4 2 1 2 1)              93.143
12687      (1 0 4 4 0 2 0)              93.141
12688      (1 0 2 3 1 0 1)              93.138
12689      (1 0 2 6 1 2 1)              93.135
12690      (1 0 4 4 0 2 0)              93.132
12691      (1 0 1 5 1 1 1)              93.127
12692      (1 0 2 6 1 2 1)              93.124
12693      (1 0 3 3 2 1 2)              93.119
12694      (1 0 3 2 1 2 0)              93.115
12695      (1 0 0 3 0 0 0)              93.111
12696      (1 0 1 3 1 0 1)              93.108
12697      (1 0 2 2 0 0 1)              93.105
12698      (1 0 2 4 0 0 0)              93.102
12699      (1 0 2 3 1 2 0)              93.100
12700      (1 0 0 0 1 2 1)              93.098
12701      (1 0 2 6 1 1 0)              93.095
12702      (1 0 0 0 2 2 1)              93.093
12703      (1 0 4 2 1 2 1)              93.091
12704      (1 0 2 2 1 2 1)              93.089
12705      (1 0 2 3 1 2 1)              93.087
12706      (1 0 2 3 1 2 1)              93.085
12707      (1 0 2 3 1 1 1)              93.085
12708      (1 0 4 0 1 1 0)              93.083
12709      (1 0 2 2 1 1 1)              93.081
12710      (1 0 1 6 0 0 0)              93.080
12711      (1 0 2 6 0 0 1)              93.076
12712      (1 0 4 4 0 2 0)              93.073
12713      (1 0 2 3 1 1 1)              93.070
12714      (1 0 0 0 0 2 0)              93.069
12715      (1 0 2 3 2 2 1)              93.067
12716      (1 0 1 5 1 2 1)              93.063
12717      (1 0 2 3 2 1 2)              93.062
12718      (1 0 2 6 1 1 1)              93.059
12719      (1 0 1 5 1 1 1)              93.054
12720      (1 0 2 6 1 2 1)              93.051
12721      (1 0 2 3 1 0 1)              93.049
12722      (1 0 4 6 1 2 1)              93.048
12723      (1 0 3 1 1 1 1)              93.045
12724      (1 0 2 5 1 0 1)              93.042
12725      (1 0 3 2 1 2 1)              93.039
12726      (1 0 2 3 2 0 2)              93.039
12727      (1 0 2 3 1 2 1)              93.038
12728      (1 0 0 1 1 2 1)              93.036
12729      (1 0 2 2 1 0 2)              93.034
12730      (1 0 0 0 1 0 1)              93.031
12731      (1 0 1 0 0 0 0)              93.027
12732      (1 0 2 4 1 1 1)              93.023
12733      (1 0 1 5 1 1 1)              93.018
12734      (1 0 1 5 0 2 0)              93.013
12735      (1 0 2 3 2 1 2)              93.011
12736      (1 0 2 3 1 0 1)              93.008
12737      (1 0 2 6 1 2 1)              93.006
12738      (1 0 2 3 1 2 1)              93.004
12739      (1 0 0 0 2 2 1)              93.002
12740      (1 0 0 5 0 2 0)              92.999
12741      (1 0 4 2 0 0 0)              92.994
12742      (1 0 2 3 1 1 1)              92.991
12743      (1 0 1 5 1 1 1)              92.986
12744      (1 0 2 3 1 1 1)              92.982
12745      (1 0 2 3 1 0 1)              92.980
12746      (1 0 2 6 1 2 1)              92.977
12747      (1 0 2 6 1 2 1)              92.974
12748      (1 0 2 3 1 0 1)              92.971
12749      (1 0 2 3 0 2 0)              92.967
12750      (1 0 1 5 1 1 1)              92.962
12751      (1 0 2 3 1 1 1)              92.959
12752      (1 0 2 5 1 2 1)              92.959
12753      (1 0 0 0 0 0 0)              92.955
12754      (1 0 1 5 1 1 1)              92.950
12755      (1 0 3 1 1 1 1)              92.947
12756      (1 0 2 3 1 1 1)              92.944
12757      (1 0 2 3 1 0 1)              92.945
12758      (1 0 2 3 1 2 1)              92.943
12759      (1 0 4 6 1 2 1)              92.942
12760      (1 0 2 3 1 1 1)              92.940
12761      (1 0 3 2 1 1 1)              92.936
12762      (1 0 2 3 1 1 1)              92.933
12763      (1 0 2 3 1 2 1)              92.930
12764      (1 0 1 5 1 1 1)              92.926
12765      (1 0 0 0 1 2 0)              92.924
12766      (1 0 1 5 1 1 1)              92.919
12767      (1 0 2 3 1 0 1)              92.917
12768      (1 0 4 2 1 2 1)              92.914
12769      (1 0 1 5 1 2 1)              92.911
12770      (1 0 2 6 1 2 1)              92.908
12771      (1 0 0 0 0 0 0)              92.903
12772      (1 0 2 6 1 2 1)              92.900
12773      (1 0 2 6 1 2 1)              92.896
12774      (1 0 1 5 1 1 1)              92.891
12775      (1 0 0 0 1 1 1)              92.890
12776      (1 0 2 3 1 0 1)              92.887
12777      (1 0 2 3 1 2 1)              92.885
12778      (1 0 2 3 0 0 1)              92.881
12779      (1 0 2 3 1 2 1)              92.878
12780      (1 0 4 4 0 2 0)              92.877
12781      (1 0 4 0 2 2 1)              92.872
12782      (1 0 3 2 1 2 1)              92.869
12783      (1 0 0 0 2 2 2)              92.865
12784      (1 0 2 3 1 2 1)              92.863
12785      (1 0 0 5 0 2 0)              92.861
12786      (1 0 0 5 0 2 0)              92.858
12787      (1 0 2 3 1 2 1)              92.855
12788      (1 0 2 3 1 0 1)              92.852
12789      (1 0 3 2 1 1 1)              92.848
12790      (1 0 2 6 0 2 0)              92.845
12791      (1 0 0 0 1 0 1)              92.844
12792      (1 0 4 5 1 2 0)              92.840
12793      (1 0 2 3 2 1 2)              92.838
12794      (1 0 0 0 1 2 1)              92.836
12795      (1 0 1 5 1 1 1)              92.831
12796      (1 0 2 3 1 2 1)              92.832
12797      (1 0 4 4 0 2 0)              92.830
12798      (1 0 4 6 1 2 1)              92.830
12799      (1 0 4 6 0 2 0)              92.826
12800      (1 0 3 0 0 2 1)              92.822
12801      (1 0 2 3 1 1 1)              92.818
12802      (1 0 2 3 1 2 1)              92.816
12803      (1 0 4 2 1 2 1)              92.814
12804      (1 0 2 4 1 1 1)              92.810
12805      (1 0 4 2 2 1 2)              92.808
12806      (1 0 2 6 1 2 1)              92.805
12807      (1 0 3 5 0 2 0)              92.801
12808      (1 0 1 5 1 1 1)              92.796
12809      (1 0 0 5 1 2 1)              92.791
12810      (1 0 2 3 2 1 2)              92.791
12811      (1 0 1 5 1 1 1)              92.786
12812      (1 0 2 3 1 0 1)              92.784
12813      (1 0 2 3 0 0 0)              92.782
12814      (1 0 2 2 2 2 1)              92.779
12815      (1 0 2 3 1 0 1)              92.777
12816      (1 0 1 2 2 2 1)              92.774
12817      (1 0 2 0 2 1 2)              92.770
12818      (1 0 0 0 1 1 1)              92.767
12819      (1 0 2 3 2 1 2)              92.762
12820      (1 0 2 3 1 2 1)              92.761
12821      (1 0 3 1 1 1 1)              92.758
12822      (1 0 2 3 1 1 1)              92.756
12823      (1 0 2 6 1 2 1)              92.753
12824      (1 0 2 5 1 0 1)              92.750
12825      (1 0 2 6 1 2 1)              92.748
12826      (1 0 4 2 1 2 1)              92.745
12827      (1 0 2 6 1 2 1)              92.741
12828      (1 0 2 6 1 2 1)              92.738
12829      (1 0 0 0 0 0 0)              92.733
12830      (1 0 1 5 1 1 1)              92.728
12831      (1 0 0 3 0 0 0)              92.724
12832      (1 0 0 0 2 2 1)              92.723
12833      (1 0 0 0 1 0 1)              92.720
12834      (1 0 2 3 2 1 2)              92.715
12835      (1 0 1 5 1 1 1)              92.710
12836      (1 0 4 5 1 2 0)              92.706
12837      (1 0 4 4 2 1 1)              92.704
12838      (1 0 2 6 1 2 1)              92.702
12839      (1 0 1 0 1 1 1)              92.698
12840      (1 0 2 3 1 2 1)              92.696
12841      (1 0 2 6 1 2 1)              92.693
12842      (1 0 2 5 2 1 1)              92.690
12843      (1 0 2 3 1 2 1)              92.689
12844      (1 0 1 5 1 2 1)              92.684
12845      (1 0 2 3 2 1 2)              92.679
12846      (1 0 2 3 1 0 1)              92.676
12847      (1 0 1 5 1 1 1)              92.671
12848      (1 0 0 0 1 2 0)              92.669
12849      (1 0 2 3 2 1 2)              92.664
12850      (1 0 2 5 0 1 0)              92.660
12851      (1 0 4 3 1 0 1)              92.657
12852      (1 0 1 5 1 2 1)              92.653
12853      (1 0 2 3 1 2 1)              92.651
12854      (1 0 2 6 1 2 1)              92.648
12855      (1 0 4 2 1 2 1)              92.645
12856      (1 0 2 2 1 0 1)              92.643
12857      (1 0 2 6 1 2 1)              92.640
12858      (1 0 2 3 1 2 1)              92.640
12859      (1 0 2 5 2 1 1)              92.638
12860      (1 0 0 0 1 2 0)              92.636
12861      (1 0 2 4 1 0 1)              92.633
12862      (1 0 1 5 1 1 1)              92.632
12863      (1 0 2 4 1 1 1)              92.628
12864      (1 0 2 3 1 1 1)              92.625
12865      (1 0 2 3 2 0 2)              92.621
12866      (1 0 2 3 2 2 2)              92.619
12867      (1 0 1 3 1 2 1)              92.617
12868      (1 0 2 2 1 2 1)              92.615
12869      (1 1 0 6 0 2 0)              92.611
12870      (1 0 2 3 1 2 1)              92.610
12871      (1 0 2 3 1 2 1)              92.608
12872      (1 0 2 3 1 2 1)              92.608
12873      (1 0 4 6 0 1 0)              92.605
12874      (1 0 1 5 1 1 1)              92.600
12875      (1 0 2 3 1 2 1)              92.598
12876      (1 0 2 3 2 1 2)              92.593
12877      (1 0 2 5 1 0 1)              92.590
12878      (1 0 4 6 1 1 1)              92.589
12879      (1 0 4 0 1 1 0)              92.587
12880      (1 0 2 3 1 2 1)              92.585
12881      (1 0 2 3 1 1 1)              92.583
12882      (1 0 4 0 2 2 1)              92.578
12883      (1 0 2 3 1 1 1)              92.575
12884      (1 0 0 0 1 2 0)              92.573
12885      (1 0 2 3 2 1 2)              92.568
12886      (1 0 1 5 1 1 1)              92.563
12887      (1 0 2 3 1 2 1)              92.560
12888      (1 0 4 4 0 2 0)              92.559
12889      (1 0 4 0 2 2 1)              92.555
12890      (1 0 2 2 0 0 0)              92.552
12891      (1 0 2 3 2 1 2)              92.547
12892      (1 0 4 4 0 2 0)              92.546
12893      (1 0 2 3 1 2 1)              92.543
12894      (1 0 2 3 1 2 1)              92.541
12895      (1 0 1 5 1 1 1)              92.536
12896      (1 0 2 3 2 1 2)              92.531
12897      (1 0 2 3 1 1 1)              92.527
12898      (1 0 2 3 0 0 1)              92.525
12899      (1 0 2 3 1 0 1)              92.522
12900      (1 0 1 3 1 2 1)              92.519
12901      (1 0 2 3 1 0 1)              92.517
12902      (1 0 4 4 2 1 1)              92.516
12903      (1 0 2 3 1 1 1)              92.513
12904      (1 0 2 3 1 1 1)              92.510
12905      (1 0 2 3 1 1 1)              92.508
12906      (1 0 2 3 0 0 0)              92.506
12907      (1 0 4 3 1 1 1)              92.502
12908      (1 0 2 3 2 1 2)              92.500
12909      (1 0 1 5 1 1 1)              92.495
12910      (1 0 2 3 2 1 2)              92.490
12911      (1 0 2 6 1 2 1)              92.488
12912      (1 0 2 3 1 1 1)              92.485
12913      (1 0 4 2 1 1 1)              92.484
12914      (1 0 4 3 1 2 1)              92.484
12915      (1 0 2 3 1 0 1)              92.481
12916      (1 0 2 6 1 2 1)              92.478
12917      (1 0 2 3 0 0 0)              92.477
12918      (1 0 3 2 1 2 1)              92.474
12919      (1 0 1 5 1 1 1)              92.469
12920      (1 0 2 6 1 2 1)              92.466
12921      (1 0 4 2 1 2 1)              92.464
12922      (1 0 2 6 1 1 1)              92.463
12923      (1 0 2 2 1 0 1)              92.460
12924      (1 0 2 3 1 0 1)              92.458
12925      (1 0 2 5 2 1 1)              92.455
12926      (1 0 0 0 0 0 0)              92.451
12927      (1 0 2 3 1 2 1)              92.451
12928      (1 0 3 2 2 2 1)              92.448
12929      (1 0 2 6 1 2 1)              92.445
12930      (1 0 2 3 1 0 1)              92.442
12931      (1 0 3 3 2 1 2)              92.437
12932      (1 0 2 6 1 1 1)              92.435
12933      (1 0 2 6 1 2 1)              92.432
12934      (1 0 1 5 1 1 1)              92.427
12935      (1 0 2 6 1 2 1)              92.424
12936      (1 0 2 3 2 1 2)              92.423
12937      (1 0 2 6 1 2 1)              92.421
12938      (1 0 0 0 0 0 0)              92.417
12939      (1 0 4 6 1 2 1)              92.417
12940      (1 0 0 0 1 2 1)              92.415
12941      (1 0 3 2 1 1 1)              92.411
12942      (1 0 0 0 1 2 1)              92.410
12943      (1 0 2 3 2 1 2)              92.408
12944      (1 0 4 6 1 2 1)              92.407
12945      (1 0 2 3 2 0 2)              92.404
12946      (1 0 2 3 0 0 0)              92.401
12947      (1 0 2 4 1 1 1)              92.397
12948      (1 0 2 6 0 0 1)              92.394
12949      (1 0 1 5 1 1 1)              92.393
12950      (1 0 2 3 1 0 2)              92.389
12951      (1 0 2 3 1 0 1)              92.386
12952      (1 0 1 5 1 2 1)              92.383
12953      (1 0 1 5 1 2 1)              92.379
12954      (1 0 4 4 0 2 0)              92.377
12955      (1 0 2 3 1 0 1)              92.374
12956      (1 0 2 3 1 0 1)              92.371
12957      (1 0 2 3 2 1 1)              92.370
12958      (1 0 4 3 1 1 1)              92.366
12959      (1 0 0 5 1 0 0)              92.364
12960      (1 0 4 3 1 0 1)              92.360
12961      (1 0 2 3 2 1 2)              92.355
12962      (1 0 0 3 0 0 0)              92.352
12963      (1 0 0 3 1 1 1)              92.350
12964      (1 0 3 2 1 1 1)              92.346
12965      (1 0 2 6 1 2 1)              92.343
12966      (1 0 1 0 1 1 1)              92.340
12967      (1 0 2 3 1 1 1)              92.336
12968      (1 0 3 1 1 1 1)              92.333
12969      (1 0 2 3 1 1 1)              92.330
12970      (1 0 4 2 0 0 0)              92.325
12971      (1 0 2 2 0 1 1)              92.322
12972      (1 0 2 3 2 1 2)              92.317
12973      (1 0 2 3 1 0 1)              92.314
12974      (1 0 1 1 1 2 1)              92.312
12975      (1 0 2 3 1 2 1)              92.310
12976      (1 0 0 0 0 0 0)              92.305
12977      (1 0 2 3 2 0 2)              92.304
12978      (1 0 2 2 1 0 1)              92.301
12979      (1 0 2 2 1 0 1)              92.299
12980      (1 0 2 3 1 2 1)              92.297
12981      (1 0 2 3 1 0 1)              92.294
12982      (1 0 2 3 0 0 0)              92.290
12983      (1 0 3 2 2 2 1)              92.287
12984      (1 1 0 6 0 2 0)              92.283
12985      (1 0 2 3 1 2 1)              92.281
12986      (1 0 1 2 0 0 0)              92.276
12987      (1 0 2 3 2 1 2)              92.276
12988      (1 0 0 0 1 2 0)              92.274
12989      (1 0 3 3 1 1 1)              92.272
12990      (1 0 2 3 1 2 1)              92.270
12991      (1 0 2 6 1 2 1)              92.268
12992      (1 0 2 6 1 1 1)              92.268
12993      (1 0 1 5 1 2 1)              92.264
12994      (1 0 2 5 2 1 1)              92.261
12995      (1 0 2 0 2 1 2)              92.258
12996      (1 0 1 5 1 2 1)              92.253
12997      (1 0 3 2 1 1 1)              92.249
12998      (1 0 2 6 1 2 1)              92.246
12999      (1 0 0 0 1 2 0)              92.245
13000      (1 0 2 3 1 2 1)              92.244
13001      (1 0 3 6 2 2 2)              92.240
13002      (1 0 1 3 0 1 0)              92.235
13003      (1 0 1 5 1 1 1)              92.230
13004      (1 0 0 3 1 1 1)              92.229
13005      (1 0 4 2 1 2 1)              92.226
13006      (1 0 0 0 0 0 0)              92.222
13007      (1 0 0 0 1 0 1)              92.222
13008      (1 0 0 0 1 2 0)              92.220
13009      (1 0 2 3 1 1 1)              92.218
13010      (1 0 2 3 2 1 2)              92.216
13011      (1 0 0 0 0 0 0)              92.211
13012      (1 0 2 2 1 0 1)              92.208
13013      (1 0 3 2 1 1 1)              92.204
13014      (1 0 0 0 0 0 0)              92.201
13015      (1 0 2 3 1 0 1)              92.198
13016      (1 0 1 5 1 1 1)              92.194
13017      (1 0 1 5 1 1 1)              92.189
13018      (1 0 0 0 1 1 1)              92.188
13019      (1 0 1 3 0 1 0)              92.183
13020      (1 0 4 4 2 1 1)              92.181
13021      (1 0 1 3 1 0 1)              92.178
13022      (1 0 2 3 1 0 1)              92.176
13023      (1 0 1 5 1 1 1)              92.171
13024      (1 0 2 5 1 0 1)              92.168
13025      (1 0 0 5 1 0 0)              92.167
13026      (1 0 0 0 0 2 0)              92.163
13027      (1 0 2 5 1 2 1)              92.162
13028      (1 0 1 1 0 0 0)              92.161
13029      (1 0 2 3 1 2 0)              92.158
13030      (1 0 4 0 0 2 0)              92.155
13031      (1 0 2 3 2 1 2)              92.155
13032      (1 0 2 6 1 2 1)              92.151
13033      (1 0 2 3 2 2 1)              92.148
13034      (1 0 1 5 1 2 1)              92.146
13035      (1 0 1 5 1 1 1)              92.141
13036      (1 0 0 0 1 2 1)              92.139
13037      (1 0 2 3 1 1 1)              92.136
13038      (1 0 2 3 1 2 1)              92.134
13039      (1 0 2 3 2 2 1)              92.131
13040      (1 0 3 2 1 2 0)              92.127
13041      (1 0 4 6 1 1 1)              92.126
13042      (1 0 2 6 1 1 1)              92.123
13043      (1 0 2 3 0 0 0)              92.124
13044      (1 0 2 6 1 1 1)              92.120
13045      (1 0 2 3 1 2 1)              92.118
13046      (1 0 4 2 2 1 2)              92.117
13047      (1 0 1 3 1 0 1)              92.115
13048      (1 0 2 3 1 2 1)              92.112
13049      (1 0 2 3 1 0 1)              92.110
13050      (1 0 2 3 1 1 1)              92.107
13051      (0 1 4 6 1 0 1)              92.101
13052      (1 0 2 5 1 0 1)              92.098
13053      (1 0 2 3 1 2 1)              92.097
13054      (1 0 2 4 1 1 1)              92.093
13055      (1 0 0 0 1 2 0)              92.091
13056      (1 0 4 3 1 0 1)              92.088
13057      (1 0 0 0 0 0 0)              92.086
13058      (1 0 1 5 1 1 1)              92.081
13059      (1 0 4 5 1 2 0)              92.077
13060      (1 0 2 3 1 1 1)              92.075
13061      (1 0 0 0 1 2 0)              92.073
13062      (1 0 2 6 1 2 1)              92.070
13063      (1 0 2 3 2 2 1)              92.068
13064      (1 0 2 3 1 2 1)              92.066
13065      (1 0 1 5 1 1 1)              92.061
13066      (1 0 2 3 1 2 1)              92.060
13067      (1 0 2 3 1 0 1)              92.057
13068      (1 0 4 5 1 2 0)              92.053
13069      (1 0 1 5 1 2 1)              92.051
13070      (1 0 4 6 0 0 1)              92.049
13071      (1 0 2 6 1 2 1)              92.045
13072      (1 0 1 5 1 1 1)              92.040
13073      (1 0 3 3 1 0 1)              92.038
13074      (1 0 4 2 2 1 2)              92.036
13075      (1 0 2 3 1 0 2)              92.035
13076      (1 0 4 6 0 1 0)              92.031
13077      (1 0 2 3 1 1 1)              92.028
13078      (1 0 0 5 1 0 0)              92.027
13079      (1 0 0 3 2 2 1)              92.023
13080      (1 0 0 0 1 0 1)              92.020
13081      (1 0 2 3 1 2 1)              92.018
13082      (1 0 2 3 0 2 0)              92.015
13083      (1 0 2 3 1 2 1)              92.012
13084      (1 0 4 6 1 2 1)              92.012
13085      (1 0 2 3 1 2 1)              92.010
13086      (1 0 2 3 1 2 1)              92.011
13087      (1 0 1 5 1 1 1)              92.006
13088      (1 0 2 6 1 2 1)              92.002
13089      (1 0 1 0 1 1 1)              91.998
13090      (1 0 3 0 0 0 0)              91.994
13091      (1 0 1 5 1 1 1)              91.993
13092      (1 0 4 2 1 2 1)              91.990
13093      (1 0 2 3 1 2 1)              91.989
13094      (1 0 2 3 2 1 2)              91.987
13095      (1 0 1 5 1 1 1)              91.982
13096      (1 0 0 0 1 2 1)              91.981
13097      (1 0 2 6 1 2 1)              91.978
13098      (1 0 2 2 1 0 1)              91.975
13099      (1 0 2 3 1 0 1)              91.973
13100      (1 0 1 3 1 0 1)              91.970
13101      (1 0 4 4 0 2 0)              91.967
13102      (1 0 2 3 1 2 1)              91.966
13103      (1 0 2 6 1 1 1)              91.965
13104      (1 0 2 3 1 1 1)              91.963
13105      (1 0 0 0 1 0 1)              91.961
13106      (1 0 2 6 1 2 1)              91.958
13107      (1 0 2 3 1 1 1)              91.955
13108      (1 0 2 3 2 1 2)              91.953
13109      (1 0 2 3 1 1 0)              91.949
13110      (1 0 2 5 1 0 1)              91.947
13111      (1 0 2 3 1 2 0)              91.944
13112      (1 0 4 3 1 0 1)              91.940
13113      (1 0 0 0 0 2 0)              91.940
13114      (1 0 2 3 2 2 2)              91.938
13115      (1 0 2 3 1 0 1)              91.937
13116      (1 0 1 0 0 2 0)              91.933
13117      (1 0 2 3 2 1 2)              91.928
13118      (1 0 4 6 0 1 0)              91.924
13119      (1 0 4 6 0 1 0)              91.920
13120      (1 0 2 3 2 1 2)              91.920
13121      (1 0 0 0 1 2 1)              91.918
13122      (1 0 2 3 1 0 1)              91.916
13123      (1 0 2 3 1 0 1)              91.913
13124      (1 0 2 5 0 2 0)              91.910
13125      (1 0 2 3 0 2 0)              91.907
13126      (1 0 2 5 2 1 1)              91.904
13127      (1 0 4 6 1 2 1)              91.903
13128      (1 0 4 2 1 2 1)              91.900
13129      (1 0 4 3 1 0 1)              91.896
13130      (1 0 2 5 2 1 1)              91.893
13131      (1 0 2 6 1 2 1)              91.891
13132      (1 0 4 2 2 1 2)              91.889
13133      (1 0 2 6 1 2 1)              91.887
13134      (1 0 0 0 0 0 0)              91.882
13135      (1 0 4 4 2 1 1)              91.880
13136      (1 0 0 0 1 2 0)              91.879
13137      (1 0 4 2 1 2 1)              91.876
13138      (1 0 2 3 2 1 2)              91.876
13139      (1 0 2 3 2 1 2)              91.875
13140      (1 0 2 3 1 1 1)              91.873
13141      (1 0 4 2 1 2 1)              91.871
13142      (1 0 1 5 1 2 1)              91.868
13143      (1 0 1 5 1 1 1)              91.863
13144      (1 0 2 5 1 2 1)              91.863
13145      (1 0 1 5 1 1 1)              91.858
13146      (1 0 1 5 1 2 1)              91.853
13147      (1 0 2 4 0 0 0)              91.851
13148      (1 0 2 6 1 1 1)              91.850
13149      (1 0 2 6 1 2 1)              91.847
13150      (1 0 2 3 1 2 1)              91.846
13151      (1 0 4 0 2 2 1)              91.841
13152      (1 0 0 0 2 2 1)              91.840
13153      (1 0 2 3 1 0 1)              91.837
13154      (1 0 3 3 2 1 2)              91.832
13155      (1 0 2 6 1 2 1)              91.829
13156      (1 0 2 3 0 2 0)              91.826
13157      (1 0 1 5 1 2 1)              91.823
13158      (1 0 4 2 2 1 1)              91.820
13159      (1 0 4 2 0 0 0)              91.816
13160      (1 0 0 5 1 0 0)              91.814
13161      (1 0 1 5 1 2 1)              91.810
13162      (1 0 2 3 2 1 2)              91.805
13163      (1 0 4 3 2 1 1)              91.803
13164      (1 0 2 6 1 2 1)              91.800
13165      (1 0 2 3 0 0 0)              91.795
13166      (1 0 2 6 0 0 1)              91.793
13167      (1 0 2 3 1 0 1)              91.790
13168      (1 0 0 0 1 1 1)              91.789
13169      (1 0 2 6 1 2 1)              91.786
13170      (1 0 1 5 1 2 1)              91.782
13171      (1 0 4 2 1 2 1)              91.780
13172      (1 0 2 2 1 0 2)              91.777
13173      (1 0 4 2 1 1 1)              91.773
13174      (1 0 1 5 1 1 1)              91.768
13175      (1 0 4 6 0 0 1)              91.767
13176      (1 0 3 2 1 2 1)              91.764
13177      (1 0 1 5 0 2 0)              91.759
13178      (1 0 2 3 1 1 1)              91.758
13179      (1 0 1 5 1 1 1)              91.753
13180      (1 0 2 3 1 0 1)              91.750
13181      (1 0 2 3 1 1 1)              91.747
13182      (1 0 1 5 1 1 1)              91.745
13183      (1 0 2 6 1 2 1)              91.744
13184      (1 0 3 1 1 1 1)              91.741
13185      (1 0 1 5 1 1 1)              91.736
13186      (1 0 1 5 1 1 1)              91.731
13187      (1 0 2 3 1 1 1)              91.729
13188      (1 0 0 0 2 2 1)              91.727
13189      (1 0 4 2 1 2 1)              91.725
13190      (1 0 0 0 1 0 1)              91.723
13191      (1 0 2 3 1 2 1)              91.721
13192      (1 0 2 3 2 1 2)              91.721
13193      (1 0 2 5 2 1 1)              91.718
13194      (1 0 2 3 1 2 1)              91.717
13195      (1 0 4 4 2 1 1)              91.715
13196      (1 0 2 6 1 1 0)              91.712
13197      (1 0 0 3 1 1 1)              91.710
13198      (1 0 1 5 1 2 1)              91.706
13199      (1 0 2 3 1 2 1)              91.705
13200      (1 0 2 3 1 0 2)              91.702
13201      (1 0 2 3 2 1 2)              91.701
13202      (1 0 2 6 1 2 1)              91.698
13203      (1 0 0 0 1 2 0)              91.696
13204      (1 0 2 6 1 2 1)              91.695
13205      (1 0 2 3 1 1 1)              91.692
13206      (1 0 2 3 1 1 1)              91.691
13207      (1 0 1 5 1 2 1)              91.688
13208      (1 0 2 3 1 1 1)              91.686
13209      (1 0 2 6 1 2 1)              91.683
13210      (1 0 3 2 1 1 1)              91.679
13211      (1 0 2 5 1 0 1)              91.679
13212      (1 0 0 5 0 2 0)              91.676
13213      (1 0 2 3 1 2 1)              91.675
13214      (1 0 2 3 1 2 1)              91.673
13215      (1 0 4 0 1 1 0)              91.672
13216      (1 0 2 3 2 2 2)              91.670
13217      (1 0 2 2 1 0 1)              91.667
13218      (1 0 2 6 1 1 1)              91.667
13219      (1 0 2 6 1 2 1)              91.664
13220      (1 0 1 5 1 1 1)              91.660
13221      (1 0 2 3 1 1 1)              91.658
13222      (1 0 2 6 1 2 1)              91.655
13223      (1 0 2 2 1 0 1)              91.653
13224      (1 0 0 0 1 0 1)              91.651
13225      (1 0 4 3 1 0 1)              91.648
13226      (1 0 2 3 1 1 1)              91.645
13227      (1 0 2 3 1 1 1)              91.642
13228      (1 0 2 3 1 2 1)              91.641
13229      (1 0 2 3 1 1 1)              91.638
13230      (1 0 0 0 0 0 0)              91.634
13231      (1 0 0 0 2 2 1)              91.633
13232      (1 0 2 6 1 2 1)              91.631
13233      (1 0 2 3 1 1 1)              91.629
13234      (1 0 2 3 2 2 2)              91.627
13235      (1 0 2 3 2 1 1)              91.626
13236      (1 0 1 3 1 0 1)              91.623
13237      (1 0 2 6 1 2 1)              91.621
13238      (1 0 2 6 1 1 0)              91.617
13239      (1 0 2 3 2 2 2)              91.615
13240      (1 0 1 5 1 1 1)              91.614
13241      (1 0 4 4 2 1 2)              91.609
13242      (1 0 2 3 0 0 0)              91.604
13243      (1 0 0 3 1 1 1)              91.603
13244      (1 0 2 6 1 2 1)              91.599
13245      (1 0 4 2 2 2 1)              91.597
13246      (1 0 0 3 1 1 1)              91.596
13247      (1 0 2 3 1 1 1)              91.593
13248      (1 0 1 5 1 1 1)              91.589
13249      (1 0 2 6 1 2 1)              91.586
13250      (1 0 1 5 1 1 1)              91.581
13251      (1 0 2 6 1 1 1)              91.581
13252      (1 0 0 3 0 0 0)              91.577
13253      (1 0 4 2 0 0 0)              91.572
13254      (1 0 2 3 2 1 2)              91.568
13255      (1 0 2 3 2 1 1)              91.566
13256      (1 0 4 2 2 1 2)              91.564
13257      (1 0 2 3 1 2 1)              91.562
13258      (1 0 2 0 2 1 2)              91.558
13259      (1 0 2 6 1 2 1)              91.557
13260      (1 0 4 6 1 2 1)              91.555
13261      (1 0 2 6 1 1 1)              91.553
13262      (1 0 3 3 1 1 1)              91.550
13263      (1 0 1 5 1 1 1)              91.548
13264      (1 0 0 0 1 0 1)              91.546
13265      (1 0 2 6 1 1 1)              91.543
13266      (1 0 1 5 1 1 1)              91.538
13267      (1 0 2 3 2 2 2)              91.537
13268      (1 0 1 5 1 1 1)              91.532
13269      (1 0 2 2 0 0 0)              91.529
13270      (1 0 0 3 0 0 0)              91.525
13271      (0 0 4 6 1 2 0)              91.521
13272      (1 0 2 3 0 2 0)              91.517
13273      (1 0 1 5 1 1 1)              91.516
13274      (1 0 2 3 0 2 0)              91.512
13275      (1 0 2 3 1 1 1)              91.511
13276      (1 0 2 2 1 2 1)              91.509
13277      (1 0 0 5 0 2 0)              91.507
13278      (1 0 4 0 1 1 0)              91.505
13279      (1 0 4 2 0 0 0)              91.500
13280      (1 0 4 0 1 2 1)              91.497
13281      (1 0 2 3 1 2 1)              91.492
13282      (1 0 4 0 2 2 1)              91.487
13283      (1 0 2 3 1 0 1)              91.486
13284      (1 0 2 5 2 1 1)              91.483
13285      (1 0 2 3 1 1 1)              91.481
13286      (1 0 0 3 1 1 1)              91.479
13287      (1 0 4 5 1 2 0)              91.475
13288      (1 0 2 3 1 1 1)              91.473
13289      (1 0 4 2 2 1 2)              91.471
13290      (1 0 2 3 1 1 1)              91.469
13291      (1 0 0 5 1 1 1)              91.467
13292      (1 0 4 2 2 1 2)              91.466
13293      (1 0 4 2 1 2 1)              91.463
13294      (1 0 1 5 1 1 1)              91.458
13295      (1 0 2 3 1 2 1)              91.457
13296      (1 0 3 2 1 1 1)              91.453
13297      (1 0 4 4 2 1 1)              91.452
13298      (1 0 2 3 1 2 1)              91.448
13299      (1 0 2 3 2 0 2)              91.448
13300      (1 0 2 3 2 1 2)              91.447
13301      (1 0 4 3 1 2 0)              91.447
13302      (1 0 2 3 1 0 1)              91.445
13303      (1 0 2 3 1 2 1)              91.444
13304      (1 0 2 3 1 1 0)              91.440
13305      (1 0 2 3 2 1 2)              91.435
13306      (1 0 0 0 1 0 1)              91.433
13307      (1 0 4 2 1 2 1)              91.430
13308      (1 0 2 3 1 1 1)              91.427
13309      (1 0 2 3 1 1 1)              91.426
13310      (1 0 2 6 1 2 1)              91.423
13311      (1 0 1 6 2 2 1)              91.421
13312      (1 0 2 3 1 2 1)              91.418
13314      (1 0 1 5 1 1 1)              91.414
13315      (1 0 2 6 1 2 1)              91.411
13316      (1 0 2 3 1 2 1)              91.409
13317      (1 0 1 5 1 1 1)              91.405
13318      (1 0 1 5 1 2 1)              91.400
13319      (1 0 1 4 1 1 1)              91.396
13320      (1 0 0 0 1 0 1)              91.396
13321      (1 0 2 3 1 2 1)              91.394
13322      (1 0 2 3 1 0 1)              91.393
13323      (1 0 2 5 1 2 1)              91.392
13324      (1 0 1 5 1 1 1)              91.388
13325      (1 0 3 1 1 1 1)              91.385
13326      (1 0 4 6 1 2 1)              91.385
13327      (1 0 2 4 0 0 0)              91.382
13328      (1 0 4 0 2 2 1)              91.377
13329      (1 0 4 2 1 2 1)              91.375
13330      (1 0 0 0 1 2 1)              91.373
13331      (1 0 2 3 1 2 1)              91.372
13332      (1 0 2 3 1 0 1)              91.369
13333      (1 0 2 3 1 2 1)              91.368
13334      (1 0 2 6 1 2 1)              91.365
13335      (1 0 4 6 1 2 1)              91.365
13336      (1 0 2 3 1 2 1)              91.363
13337      (1 0 0 0 1 1 1)              91.361
13338      (1 0 2 3 1 0 1)              91.358
13339      (1 0 2 4 1 1 1)              91.354
13340      (1 0 0 0 1 2 0)              91.353
13341      (1 0 0 0 0 0 0)              91.348
13342      (1 0 2 3 1 0 1)              91.346
13343      (1 0 2 6 1 2 1)              91.344
13344      (1 0 2 6 1 1 0)              91.342
13345      (1 0 2 3 1 2 1)              91.342
13346      (1 0 0 0 2 2 1)              91.341
13347      (1 0 2 3 2 0 2)              91.340
13348      (1 0 2 3 1 2 1)              91.341
13349      (1 0 2 3 1 1 1)              91.340
13350      (1 0 2 3 2 2 2)              91.338
13351      (1 0 2 0 2 1 2)              91.334
13352      (1 0 3 0 0 0 0)              91.331
13353      (1 0 2 3 0 2 0)              91.327
13354      (1 0 2 3 1 0 1)              91.326
13355      (1 0 0 0 0 0 0)              91.322
13356      (1 0 1 5 0 2 0)              91.317
13357      (1 0 2 3 2 1 1)              91.316
13358      (1 0 2 3 1 0 1)              91.313
13359      (1 0 4 6 1 2 1)              91.312
13360      (1 0 4 5 1 2 0)              91.308
13361      (1 0 0 2 1 0 1)              91.307
13362      (1 0 1 5 1 1 1)              91.302
13363      (1 0 2 2 1 0 1)              91.299
13364      (1 0 2 3 1 2 1)              91.298
13365      (1 0 4 2 1 2 1)              91.295
13366      (1 0 1 5 1 1 1)              91.294
13367      (1 0 2 3 2 1 2)              91.289
13368      (1 0 2 3 1 2 1)              91.288
13369      (1 0 2 3 1 2 1)              91.286
13370      (1 0 1 5 1 1 1)              91.281
13371      (1 0 2 3 1 1 1)              91.279
13372      (1 0 1 5 1 1 1)              91.274
13373      (1 0 1 5 1 2 1)              91.270
13374      (1 0 2 4 0 0 0)              91.268
13375      (1 0 0 0 0 0 0)              91.263
13376      (1 0 0 0 1 2 0)              91.262
13377      (1 0 2 3 1 2 1)              91.260
13378      (1 0 2 3 1 2 1)              91.259
13379      (1 0 1 3 0 1 0)              91.254
13380      (1 0 2 3 0 0 0)              91.249
13381      (1 0 2 6 1 2 1)              91.247
13382      (1 0 2 6 1 2 1)              91.243
13383      (1 0 4 6 0 2 0)              91.240
13384      (1 0 3 2 2 2 1)              91.237
13385      (1 0 0 0 1 2 0)              91.236
13386      (1 0 2 3 1 0 1)              91.233
13387      (1 0 1 5 1 1 1)              91.228
13388      (1 0 1 5 1 1 1)              91.224
13389      (1 0 0 3 1 1 1)              91.222
13390      (1 0 2 3 1 0 1)              91.221
13391      (1 0 2 3 1 2 1)              91.219
13392      (1 0 4 6 1 2 1)              91.218
13393      (1 0 2 3 2 2 2)              91.216
13394      (1 0 2 5 0 0 0)              91.213
13395      (1 0 2 3 2 1 2)              91.212
13396      (1 0 2 3 2 1 2)              91.212
13397      (1 0 2 3 1 0 1)              91.209
13398      (1 0 0 0 1 2 0)              91.208
13399      (1 0 4 6 1 1 1)              91.206
13400      (1 0 2 3 1 2 1)              91.205
13401      (1 0 0 3 0 0 0)              91.201
13402      (1 0 4 2 1 2 1)              91.199
13403      (1 0 2 3 1 2 1)              91.197
13404      (1 0 2 3 1 1 1)              91.195
13405      (1 0 2 3 1 1 1)              91.191
13406      (1 0 2 5 2 1 1)              91.188
13407      (1 0 2 3 2 1 2)              91.187
13408      (1 0 4 3 1 0 1)              91.183
13409      (1 0 2 3 1 1 1)              91.181
13410      (1 0 2 3 2 2 2)              91.179
13411      (1 0 2 6 1 1 0)              91.176
13412      (1 0 4 2 1 2 1)              91.173
13413      (1 0 4 4 2 1 1)              91.172
13414      (1 0 0 0 1 0 1)              91.171
13415      (1 0 0 0 2 2 1)              91.170
13416      (1 0 2 3 1 0 2)              91.166
13417      (1 0 4 4 0 2 0)              91.165
13418      (1 0 0 5 1 1 1)              91.162
13419      (1 0 2 3 1 0 1)              91.160
13420      (1 0 4 0 1 2 1)              91.156
13421      (1 0 2 3 1 1 1)              91.153
13422      (1 0 0 0 1 0 1)              91.152
13423      (1 0 0 0 1 2 1)              91.151
13424      (1 0 2 3 0 0 1)              91.147
13425      (1 0 2 3 2 1 2)              91.147
13426      (1 0 2 3 1 0 1)              91.144
13427      (1 0 4 4 0 2 0)              91.141
13428      (1 0 2 3 1 1 1)              91.139
13429      (1 0 2 3 2 1 2)              91.134
13430      (1 0 4 4 0 2 0)              91.133
13431      (1 0 0 3 1 0 2)              91.129
13432      (1 0 2 3 1 1 1)              91.128
13433      (1 0 4 0 2 2 1)              91.123
13434      (1 0 3 3 1 1 1)              91.120
13435      (1 0 4 2 2 2 1)              91.119
13436      (1 0 1 5 1 2 1)              91.115
13437      (1 0 2 3 2 2 2)              91.114
13438      (1 0 2 3 2 2 2)              91.112
13439      (1 0 2 3 2 1 2)              91.111
13440      (1 0 2 3 1 1 1)              91.108
13441      (1 0 2 3 1 0 1)              91.106
13442      (1 0 2 3 1 2 1)              91.107
13443      (1 0 0 3 0 0 0)              91.103
13444      (1 0 2 3 1 0 1)              91.100
13445      (1 0 3 1 1 2 1)              91.099
13446      (1 0 2 3 1 1 1)              91.096
13447      (1 0 2 3 1 0 1)              91.095
13448      (1 0 3 2 1 2 1)              91.092
13449      (1 0 2 3 1 0 2)              91.089
13450      (1 0 2 6 1 2 1)              91.086
13451      (1 0 2 6 1 2 1)              91.085
13452      (1 0 2 6 1 2 1)              91.083
13453      (1 0 2 4 0 0 0)              91.081
13454      (1 0 2 3 2 1 2)              91.079
13455      (1 0 2 6 1 1 0)              91.077
13456      (1 0 0 0 0 0 0)              91.073
13457      (1 0 2 3 2 1 2)              91.073
13458      (1 0 2 2 1 0 1)              91.070
13459      (1 0 2 3 1 2 1)              91.069
13460      (1 0 4 2 0 0 0)              91.064
13461      (1 0 1 5 1 1 1)              91.060
13462      (1 0 2 3 1 1 1)              91.057
13463      (1 0 2 3 2 2 2)              91.056
13464      (1 0 3 3 2 1 2)              91.051
13465      (1 0 1 5 1 2 1)              91.048
13466      (1 0 2 3 2 1 2)              91.048
13467      (1 0 4 6 1 2 1)              91.047
13468      (1 0 2 6 1 2 1)              91.044
13469      (1 0 2 2 1 2 0)              91.043
13470      (1 0 1 5 1 1 1)              91.038
13471      (1 0 0 5 1 0 0)              91.036
13472      (1 0 2 3 1 0 1)              91.035
13473      (1 0 2 5 1 2 1)              91.035
13474      (0 0 2 6 1 1 1)              91.031
13475      (0 1 4 6 2 1 1)              91.026
13476      (1 0 2 3 1 0 1)              91.024
13477      (1 0 1 5 1 1 1)              91.019
13478      (1 0 2 3 1 1 1)              91.018
13479      (1 0 2 3 1 0 1)              91.015
13480      (1 0 2 3 2 1 1)              91.014
13481      (1 0 4 3 2 1 1)              91.011
13482      (1 0 2 3 1 2 1)              91.010
13483      (1 0 2 5 2 1 1)              91.007
13484      (1 0 0 3 0 0 0)              91.004
13485      (1 0 2 3 0 0 0)              91.002
13486      (1 0 2 3 1 1 1)              90.999
13487      (1 0 1 5 1 1 1)              90.994
13488      (1 0 2 6 1 1 1)              90.990
13489      (1 0 2 2 1 2 1)              90.989
13490      (1 0 2 5 0 2 0)              90.986
13491      (1 0 2 6 1 1 1)              90.983
13492      (1 0 2 2 1 0 1)              90.980
13493      (1 0 0 0 1 0 1)              90.978
13494      (1 0 2 6 1 1 1)              90.977
13495      (1 0 1 0 1 1 1)              90.974
13496      (1 0 0 0 1 1 1)              90.971
13497      (1 0 2 3 1 2 1)              90.970
13498      (1 0 0 0 1 2 0)              90.969
13499      (1 0 2 3 0 0 0)              90.964
13500      (1 0 4 2 2 2 1)              90.962
13501      (1 0 2 3 2 1 2)              90.958
13502      (1 0 0 5 1 0 0)              90.956
13503      (1 0 1 5 1 1 1)              90.952
13504      (1 0 0 0 2 2 2)              90.948
13505      (1 0 1 5 1 1 1)              90.944
13506      (1 0 2 3 1 0 1)              90.941
13507      (1 0 1 5 1 1 1)              90.936
13508      (1 0 4 4 0 2 0)              90.935
13509      (1 0 1 0 0 2 0)              90.931
13510      (1 0 2 3 1 0 1)              90.929
13511      (1 0 2 3 1 1 1)              90.926
13512      (1 0 2 3 1 1 1)              90.923
13513      (1 0 2 3 1 1 1)              90.920
13514      (1 0 0 0 1 2 1)              90.919
13515      (1 0 2 3 1 0 1)              90.916
13516      (1 0 4 4 0 2 0)              90.914
13517      (1 0 4 4 2 1 1)              90.912
13518      (1 0 2 3 1 2 1)              90.911
13519      (1 0 2 3 1 0 1)              90.908
13520      (1 0 1 5 1 1 1)              90.904
13521      (1 0 1 0 1 1 1)              90.900
13522      (1 0 2 5 2 1 1)              90.898
13523      (1 0 0 5 1 1 1)              90.896
13524      (1 0 4 2 1 2 1)              90.894
13525      (1 0 2 3 2 1 2)              90.892
13526      (1 0 2 3 1 2 1)              90.891
13527      (1 0 2 6 1 1 0)              90.887
13528      (1 0 4 6 0 0 1)              90.886
13529      (1 0 2 3 1 0 1)              90.883
13530      (1 0 4 3 1 1 1)              90.880
13531      (1 0 1 5 1 1 1)              90.875
13532      (1 0 0 0 1 2 0)              90.874
13533      (1 0 4 2 1 2 1)              90.871
13534      (1 0 0 0 2 2 1)              90.870
13535      (1 0 2 3 1 2 1)              90.869
13536      (1 0 3 2 1 1 1)              90.866
13537      (1 0 2 6 1 2 1)              90.863
13538      (1 0 2 3 1 1 1)              90.861
13539      (1 0 3 2 1 1 1)              90.857
13540      (1 0 2 3 0 0 0)              90.853
13541      (1 0 2 4 1 1 1)              90.849
13542      (1 0 1 5 1 2 1)              90.846
13543      (1 0 1 2 1 2 1)              90.843
13544      (1 0 2 2 1 1 0)              90.841
13545      (1 0 0 0 1 2 1)              90.839
13546      (1 0 4 4 2 1 1)              90.838
13547      (1 0 3 2 1 1 1)              90.834
13548      (1 0 1 5 1 1 1)              90.830
13549      (1 0 0 0 1 2 1)              90.828
13550      (1 0 4 2 1 2 1)              90.826
13551      (1 0 2 3 1 1 0)              90.822
13552      (1 0 0 0 1 0 1)              90.820
13553      (1 0 4 4 2 1 1)              90.818
13554      (1 0 1 5 1 1 1)              90.814
13555      (1 0 0 0 1 2 1)              90.812
13556      (1 0 2 3 2 2 1)              90.810
13557      (1 0 3 2 1 1 1)              90.806
13558      (1 0 2 3 1 2 1)              90.805
13559      (1 0 4 2 1 1 1)              90.801
13560      (1 0 2 3 2 1 2)              90.797
13561      (1 0 2 3 2 2 2)              90.795
13562      (1 0 3 1 1 1 1)              90.793
13563      (1 0 2 3 1 0 1)              90.791
13564      (1 0 4 5 1 2 0)              90.788
13565      (1 0 2 6 1 2 1)              90.785
13566      (1 0 2 3 1 1 1)              90.782
13567      (1 0 0 0 1 0 1)              90.779
13568      (1 0 4 2 1 2 1)              90.777
13569      (1 0 0 0 1 2 0)              90.775
13570      (1 0 0 0 1 0 1)              90.774
13571      (0 0 3 6 0 0 0)              90.769
13572      (1 0 1 5 1 1 1)              90.765
13573      (1 0 4 2 1 2 1)              90.762
13574      (1 0 2 6 1 2 1)              90.760
13575      (1 0 4 4 0 2 0)              90.757
13576      (1 0 2 3 0 2 0)              90.754
13577      (1 0 1 5 1 2 1)              90.750
13578      (1 0 2 3 0 0 1)              90.747
13579      (1 0 1 5 1 2 1)              90.742
13580      (1 0 4 3 0 2 0)              90.739
13581      (1 0 4 4 0 2 0)              90.738
13582      (1 0 3 3 1 1 1)              90.736
13583      (1 0 0 0 1 0 1)              90.733
13584      (1 0 2 3 2 2 2)              90.732
13585      (1 0 2 3 1 1 1)              90.729
13586      (1 0 2 3 2 1 2)              90.725
13587      (1 0 4 3 1 1 1)              90.721
13588      (1 0 0 0 1 2 0)              90.720
13589      (1 0 2 6 1 2 1)              90.717
13590      (1 0 1 5 2 2 2)              90.716
13591      (1 0 4 3 1 0 1)              90.712
13592      (1 0 4 3 1 0 1)              90.709
13593      (1 0 0 0 0 0 0)              90.705
13594      (1 0 4 2 1 2 1)              90.703
13595      (1 0 4 2 1 2 1)              90.700
13596      (1 0 3 2 1 2 1)              90.698
13597      (1 0 2 6 1 2 1)              90.695
13598      (1 0 2 5 2 1 1)              90.693
13599      (1 0 4 2 1 1 1)              90.689
13600      (1 0 2 3 1 2 1)              90.688
13601      (1 0 2 3 2 1 2)              90.687
13602      (1 0 0 0 1 1 1)              90.686
13603      (0 0 3 6 0 0 0)              90.681
13604      (1 0 1 5 1 1 1)              90.677
13605      (1 0 1 5 1 1 1)              90.675
13606      (1 0 4 6 1 2 1)              90.674
13607      (1 0 2 5 1 0 1)              90.672
13608      (1 0 0 3 1 1 1)              90.670
13609      (1 0 2 3 0 2 0)              90.667
13610      (0 0 1 4 2 2 1)              90.663
13611      (1 0 2 3 1 0 1)              90.661
13612      (1 0 2 4 1 1 1)              90.657
13613      (1 0 4 2 1 2 1)              90.655
13614      (1 0 2 3 1 0 1)              90.653
13615      (1 0 4 5 1 2 0)              90.650
13616      (1 0 2 3 1 1 1)              90.647
13617      (1 0 2 3 1 0 1)              90.645
13618      (1 0 2 5 1 2 1)              90.644
13619      (1 0 3 3 1 1 1)              90.642
13620      (1 0 2 3 1 2 1)              90.642
13621      (1 0 2 6 1 2 1)              90.638
13622      (1 0 0 5 1 1 1)              90.637
13623      (1 0 3 3 1 1 1)              90.634
13624      (1 0 2 3 1 2 1)              90.634
13625      (1 0 2 3 1 1 1)              90.631
13626      (1 0 2 6 1 2 1)              90.629
13627      (1 0 1 5 1 2 1)              90.626
13628      (1 0 1 5 1 1 1)              90.623
13629      (1 0 4 2 1 2 1)              90.621
13630      (1 0 2 3 0 0 0)              90.618
13631      (1 0 1 5 1 1 1)              90.613
13632      (1 0 2 6 1 2 1)              90.611
13633      (1 0 2 5 2 1 1)              90.609
13634      (1 0 4 3 1 1 1)              90.605
13635      (1 0 1 5 1 2 1)              90.603
13636      (1 0 2 3 1 2 1)              90.600
13637      (1 0 2 6 1 2 1)              90.598
13638      (1 0 2 3 1 1 1)              90.595
13639      (1 0 4 0 1 2 1)              90.592
13640      (1 0 2 2 1 1 0)              90.589
13641      (1 0 0 3 0 0 0)              90.586
13642      (1 0 4 0 1 2 1)              90.582
13643      (1 0 2 3 1 1 1)              90.580
13644      (1 0 2 6 1 2 1)              90.577
13645      (1 0 4 2 0 0 0)              90.573
13646      (1 0 2 6 1 2 1)              90.569
13647      (1 0 2 3 2 1 2)              90.568
13648      (1 0 3 1 1 1 1)              90.565
13649      (1 0 0 1 1 1 1)              90.563
13650      (1 0 2 4 0 0 0)              90.560
13651      (1 0 0 0 1 2 0)              90.559
13652      (1 0 4 0 2 2 1)              90.555
13653      (1 0 4 2 1 2 1)              90.552
13654      (1 0 2 6 1 2 1)              90.550
13655      (1 0 1 5 1 1 1)              90.548
13656      (1 0 2 4 1 1 1)              90.545
13657      (1 0 2 3 1 2 1)              90.543
13658      (1 0 2 3 1 1 1)              90.541
13659      (1 0 2 6 1 2 1)              90.539
13660      (1 0 2 3 1 0 1)              90.537
13661      (1 0 0 0 0 2 1)              90.537
13662      (0 1 4 6 1 0 1)              90.531
13663      (1 0 2 3 0 0 0)              90.530
13664      (1 0 2 3 1 0 1)              90.528
13665      (1 0 2 3 1 0 1)              90.526
13666      (1 0 2 3 1 0 1)              90.523
13667      (1 0 2 3 2 1 2)              90.523
13668      (1 0 1 3 1 0 1)              90.521
13669      (1 0 0 0 0 0 0)              90.518
13670      (1 0 4 3 1 1 1)              90.515
13671      (1 0 2 3 1 1 1)              90.512
13672      (1 0 4 5 1 2 0)              90.509
13673      (1 0 2 3 2 2 1)              90.506
13674      (1 0 2 3 0 2 0)              90.503
13675      (1 0 2 3 1 0 1)              90.501
13676      (1 0 2 5 2 1 1)              90.499
13677      (1 0 0 0 1 2 0)              90.497
13678      (1 0 2 3 2 1 2)              90.497
13679      (1 0 4 2 1 2 1)              90.495
13680      (1 0 0 0 1 0 1)              90.492
13681      (1 0 2 3 0 2 0)              90.489
13682      (1 0 1 5 2 2 2)              90.487
13683      (1 0 0 0 1 0 1)              90.485
13684      (1 0 3 3 2 1 2)              90.480
13685      (1 0 0 0 1 2 0)              90.479
13686      (1 0 4 3 1 1 1)              90.475
13687      (1 0 2 3 1 0 1)              90.473
13688      (1 0 4 2 1 2 1)              90.471
13689      (1 0 0 0 1 2 1)              90.469
13690      (1 0 0 3 0 0 0)              90.468
13691      (1 0 2 3 2 0 2)              90.464
13692      (1 0 2 3 1 0 2)              90.462
13693      (1 0 1 5 1 2 1)              90.459
13694      (1 0 1 3 1 0 1)              90.457
13695      (1 0 2 3 1 2 0)              90.455
13696      (1 0 4 2 1 2 1)              90.452
13697      (1 0 2 3 1 0 1)              90.450
13698      (1 0 2 3 1 1 1)              90.447
13699      (1 0 1 5 1 1 1)              90.443
13700      (1 0 4 2 1 2 1)              90.440
13701      (1 0 1 5 1 1 1)              90.436
13702      (1 0 2 3 0 2 0)              90.432
13703      (1 0 2 6 1 1 1)              90.432
13704      (1 0 2 3 1 0 1)              90.430
13705      (1 0 2 3 1 1 0)              90.426
13706      (1 0 0 0 1 0 1)              90.425
13707      (1 0 2 6 0 0 1)              90.422
13708      (1 0 1 5 1 1 1)              90.421
13709      (1 0 2 3 1 2 1)              90.419
13710      (1 0 4 2 0 0 0)              90.415
13711      (1 0 4 3 1 1 1)              90.411
13712      (1 0 2 6 1 2 1)              90.409
13713      (1 0 2 3 2 2 1)              90.407
13714      (1 0 2 3 1 2 1)              90.405
13715      (1 0 2 3 1 0 2)              90.405
13716      (1 0 0 5 1 0 0)              90.403
13717      (1 0 4 2 1 2 1)              90.401
13718      (1 0 4 3 0 2 0)              90.399
13719      (1 0 2 5 1 1 1)              90.397
13720      (1 0 2 6 1 1 0)              90.395
13721      (1 0 4 2 0 0 0)              90.390
13722      (1 0 2 6 1 1 1)              90.387
13723      (1 0 4 2 1 2 1)              90.384
13724      (1 0 2 6 1 0 2)              90.383
13725      (1 0 0 5 1 1 1)              90.382
13726      (1 0 2 3 1 0 1)              90.379
13727      (1 0 4 6 1 1 1)              90.380
13728      (1 0 2 5 0 1 0)              90.376
13729      (1 0 2 3 1 0 1)              90.374
13730      (1 0 2 3 2 1 2)              90.374
13731      (1 0 2 6 1 1 1)              90.371
13732      (1 0 2 3 1 2 1)              90.369
13733      (1 0 2 3 2 0 2)              90.367
13734      (1 0 2 6 1 2 1)              90.366
13735      (1 0 2 3 1 1 1)              90.363
13736      (1 0 2 3 1 1 1)              90.359
13737      (1 0 2 6 1 2 1)              90.357
13738      (1 0 2 6 1 1 1)              90.356
13739      (1 0 2 3 2 1 1)              90.355
13740      (1 0 2 6 1 2 1)              90.353
13741      (1 0 2 3 1 0 1)              90.350
13742      (1 0 4 2 1 2 1)              90.348
13743      (1 0 2 3 1 2 1)              90.346
13744      (1 0 2 4 1 1 1)              90.343
13745      (1 0 4 2 2 1 2)              90.341
13746      (1 0 1 0 1 1 1)              90.338
13747      (1 0 4 1 0 2 1)              90.335
13748      (1 0 2 3 2 1 2)              90.330
13749      (1 0 4 0 1 2 1)              90.327
13750      (1 0 3 2 1 2 1)              90.324
13751      (1 0 2 3 1 1 1)              90.321
13752      (1 0 4 2 0 0 0)              90.316
13753      (1 0 4 2 1 2 1)              90.314
13754      (1 0 4 2 1 2 1)              90.311
13755      (1 0 2 5 1 0 1)              90.309
13756      (1 0 1 6 0 0 0)              90.308
13757      (1 0 0 0 1 1 1)              90.306
13758      (1 0 2 3 1 1 1)              90.304
13759      (1 0 2 3 1 2 1)              90.302
13760      (1 0 2 3 1 2 1)              90.303
13761      (1 0 0 0 0 2 0)              90.300
13762      (1 0 2 2 1 2 1)              90.298
13763      (1 0 2 0 0 0 0)              90.297
13764      (1 0 2 5 2 1 1)              90.294
13765      (1 0 2 3 2 2 1)              90.292
13766      (1 0 0 0 1 0 1)              90.290
13767      (1 0 0 3 1 1 1)              90.288
13768      (1 0 0 0 1 2 0)              90.287
13769      (1 0 2 3 2 1 2)              90.287
13770      (1 0 1 5 1 2 1)              90.282
13771      (1 0 1 5 1 1 1)              90.278
13772      (1 0 1 5 1 2 1)              90.273
13773      (1 0 2 3 1 2 1)              90.272
13774      (1 0 3 2 1 2 1)              90.269
13775      (1 0 1 5 1 1 1)              90.265
13776      (1 0 0 3 0 0 0)              90.261
13777      (1 0 0 4 1 2 1)              90.260
13778      (1 0 4 3 1 2 1)              90.260
13779      (1 0 1 5 1 1 1)              90.255
13780      (1 0 2 3 1 0 1)              90.254
13781      (1 0 4 6 1 1 1)              90.252
13782      (1 0 4 2 0 2 0)              90.251
13783      (1 0 1 0 1 1 1)              90.248
13784      (1 0 4 5 1 2 0)              90.244
13785      (1 0 2 3 1 0 1)              90.242
13786      (1 0 2 3 2 0 2)              90.241
13787      (1 0 1 5 1 1 1)              90.237
13788      (1 0 2 2 1 2 0)              90.236
13789      (1 0 1 5 1 1 1)              90.231
13790      (1 0 2 3 1 0 1)              90.230
13791      (1 0 2 3 1 1 1)              90.227
13792      (1 0 2 6 1 2 1)              90.224
13793      (1 0 2 3 1 2 1)              90.224
13794      (1 0 2 6 1 2 1)              90.220
13795      (1 0 2 3 2 1 2)              90.219
13796      (1 0 0 0 1 0 1)              90.216
13797      (1 0 2 3 1 1 1)              90.214
13798      (1 0 2 6 1 1 1)              90.214
13799      (1 0 4 2 2 2 1)              90.212
13800      (1 0 4 6 1 2 1)              90.211
13801      (1 0 1 5 1 1 1)              90.210
13802      (1 0 2 6 1 2 1)              90.207
13803      (1 0 2 3 2 2 2)              90.206
13804      (1 0 2 3 1 0 1)              90.203
13805      (1 0 2 5 2 1 1)              90.201
13806      (1 0 2 3 1 0 1)              90.199
13807      (1 0 2 3 2 1 2)              90.194
13808      (1 0 4 4 0 2 0)              90.193
13809      (1 0 1 2 1 1 1)              90.190
13810      (1 0 2 3 1 1 1)              90.188
13811      (1 0 2 3 1 1 1)              90.184
13812      (1 0 2 3 1 2 1)              90.183
13813      (1 0 2 4 1 1 1)              90.180
13814      (1 0 4 4 0 2 0)              90.178
13815      (1 0 2 6 1 2 1)              90.176
13816      (1 0 1 5 1 2 1)              90.174
13817      (1 0 4 4 2 1 1)              90.172
13818      (1 0 2 6 1 2 1)              90.170
13819      (1 0 1 5 0 2 0)              90.165
13820      (1 0 4 5 1 2 0)              90.162
13821      (1 0 2 6 1 1 1)              90.162
13822      (1 0 4 6 1 2 1)              90.161
13823      (1 0 2 5 1 0 1)              90.159
13824      (1 0 2 3 1 1 1)              90.155
13825      (1 0 0 0 0 0 0)              90.152
13826      (1 0 2 3 1 2 1)              90.150
13827      (1 0 2 4 0 0 0)              90.147
13828      (1 0 2 3 1 2 1)              90.146
13829      (1 0 2 3 2 1 2)              90.145
13830      (1 0 2 3 1 2 1)              90.144
13831      (1 0 2 6 1 2 1)              90.141
13832      (1 0 4 4 0 2 0)              90.139
13833      (1 0 2 3 1 1 1)              90.137
13834      (1 0 4 4 2 1 1)              90.136
13835      (1 0 2 3 1 2 1)              90.134
13836      (1 0 4 0 1 1 0)              90.133
13837      (1 0 2 3 1 0 1)              90.132
13838      (1 0 2 6 1 2 1)              90.129
13839      (1 0 2 6 1 2 1)              90.127
13840      (1 0 2 3 0 0 0)              90.124
13841      (1 0 2 3 1 0 1)              90.122
13842      (1 0 2 3 1 2 1)              90.121
13843      (1 0 0 0 1 1 1)              90.119
13844      (1 0 2 3 0 0 1)              90.116
13845      (1 0 2 3 1 2 1)              90.115
13846      (1 0 2 3 1 1 1)              90.112
13847      (1 0 2 3 1 1 1)              90.109
13848      (1 0 2 3 2 2 2)              90.107
13849      (1 0 2 2 1 0 1)              90.105
13850      (1 0 2 6 1 2 1)              90.103
13851      (1 0 2 3 1 0 1)              90.103
13852      (1 0 2 3 1 1 1)              90.101
13853      (1 0 2 3 1 2 1)              90.100
13854      (1 0 4 2 0 0 0)              90.095
13855      (1 0 4 4 2 1 1)              90.094
13856      (1 0 2 3 1 0 1)              90.091
13857      (1 0 1 5 1 1 1)              90.090
13858      (1 0 0 0 1 0 1)              90.088
13859      (1 0 4 2 1 2 1)              90.085
13860      (1 0 3 2 1 2 1)              90.083
13861      (1 0 0 2 2 2 1)              90.080
13862      (1 0 3 3 1 1 1)              90.078
13863      (1 0 0 3 0 0 0)              90.075
13864      (1 0 2 3 1 2 1)              90.073
13865      (1 0 4 3 1 1 1)              90.070
13866      (1 0 2 3 1 2 1)              90.069
13867      (1 0 2 3 2 1 2)              90.064
13868      (1 0 2 6 1 2 1)              90.062
13869      (1 0 2 3 1 2 1)              90.060
13870      (1 0 2 3 2 1 2)              90.060
13871      (1 0 2 3 1 1 1)              90.058
13872      (1 0 2 3 2 0 2)              90.057
13873      (1 0 2 3 1 1 1)              90.055
13874      (1 0 1 5 1 1 1)              90.051
13875      (1 0 1 5 1 1 1)              90.046
13876      (1 0 2 3 1 1 1)              90.044
13877      (1 0 1 5 1 1 1)              90.039
13878      (1 0 0 0 1 2 0)              90.038
13879      (1 0 2 3 1 1 1)              90.035
13880      (1 0 0 3 1 1 1)              90.033
13881      (1 0 0 0 0 0 1)              90.032
13882      (1 0 2 3 1 2 1)              90.031
13883      (1 0 1 5 1 1 1)              90.026
13884      (1 0 2 3 0 0 0)              90.022
13885      (1 0 2 3 0 0 0)              90.020
13886      (1 0 1 3 1 0 1)              90.018
13887      (1 0 4 6 1 2 1)              90.018
13888      (1 0 2 3 1 2 1)              90.016
13889      (1 0 2 4 1 1 1)              90.013
13890      (1 0 2 3 2 0 2)              90.009
13891      (1 0 2 3 2 2 1)              90.007
13892      (1 0 2 3 1 0 1)              90.006
13893      (1 0 2 3 0 0 0)              90.004
13894      (1 0 2 3 1 1 1)              90.002
13895      (1 0 1 5 1 2 1)              89.999
13896      (1 0 2 6 1 2 1)              89.995
13897      (1 0 4 3 1 0 1)              89.992
13898      (1 0 2 3 0 2 0)              89.988
13899      (1 0 2 6 1 2 1)              89.985
13900      (1 0 2 2 1 0 1)              89.983
13901      (1 0 2 3 1 2 1)              89.982
13902      (1 0 2 3 1 2 0)              89.980
13903      (1 0 2 3 1 2 1)              89.979
13904      (1 0 4 3 1 1 1)              89.975
13905      (1 0 2 3 1 1 1)              89.973
13906      (1 0 2 3 2 2 2)              89.972
13907      (1 0 1 5 1 2 1)              89.969
13908      (1 0 2 3 2 1 2)              89.968
13909      (1 0 0 0 1 2 1)              89.967
13910      (1 0 2 3 1 1 1)              89.965
13911      (1 0 1 5 1 2 1)              89.962
13912      (1 0 3 2 2 1 1)              89.959
13913      (1 0 2 3 1 0 1)              89.957
13914      (1 0 0 0 0 2 0)              89.955
13915      (1 0 4 2 2 2 1)              89.953
13916      (1 0 2 3 1 0 1)              89.951
13917      (1 0 0 0 0 0 1)              89.950
13918      (1 0 1 5 1 1 1)              89.946
13919      (1 0 2 3 1 1 1)              89.944
13920      (1 0 2 3 1 2 1)              89.943
13921      (1 0 2 3 1 0 1)              89.940
13922      (1 0 4 0 2 2 1)              89.936
13923      (1 0 2 3 2 2 1)              89.933
13924      (1 0 1 5 1 1 1)              89.932
13925      (1 0 1 5 1 2 1)              89.929
13926      (1 0 1 5 1 1 1)              89.925
13927      (1 0 2 6 1 2 1)              89.923
13928      (1 0 2 3 1 0 1)              89.922
13929      (1 0 4 0 2 2 1)              89.917
13930      (1 0 3 1 1 1 1)              89.915
13931      (1 0 4 2 1 2 1)              89.913
13932      (1 0 2 3 1 2 1)              89.911
13933      (1 0 2 3 1 1 1)              89.909
13934      (1 0 2 3 0 0 0)              89.908
13935      (1 0 0 0 0 0 0)              89.903
13936      (1 0 1 5 1 1 1)              89.899
13937      (1 0 2 6 1 2 1)              89.896
13938      (1 0 1 5 1 1 1)              89.892
13939      (1 0 0 0 1 0 1)              89.892
13940      (1 0 4 0 1 2 1)              89.888
13941      (1 0 2 3 2 0 2)              89.888
13942      (1 0 2 3 1 2 1)              89.887
13943      (1 0 1 5 1 1 1)              89.882
13944      (1 0 1 5 1 2 1)              89.879
13945      (1 0 4 6 1 2 1)              89.877
13946      (1 0 4 2 1 2 1)              89.875
13947      (1 0 2 3 1 1 1)              89.873
13948      (1 0 2 6 1 2 1)              89.870
13949      (1 0 2 3 1 0 1)              89.868
13950      (1 0 0 0 1 1 1)              89.867
13951      (1 0 1 5 1 1 1)              89.862
13952      (1 0 4 2 0 0 0)              89.858
13953      (1 0 1 5 1 1 1)              89.854
13954      (1 0 0 5 1 1 1)              89.852
13955      (1 0 3 1 1 1 1)              89.850
13956      (1 0 1 0 1 1 1)              89.846
13957      (1 0 4 0 1 2 1)              89.843
13958      (1 0 2 3 2 2 2)              89.842
13959      (1 0 4 3 1 0 1)              89.838
13960      (1 0 2 3 1 1 1)              89.836
13961      (1 0 2 6 1 2 1)              89.834
13962      (1 0 2 2 1 0 1)              89.831
13963      (1 0 2 3 1 2 1)              89.832
13964      (1 0 2 3 1 2 1)              89.831
13965      (1 0 2 3 2 1 2)              89.826
13966      (1 0 2 3 1 2 1)              89.825
13967      (1 0 2 6 1 2 1)              89.823
13968      (1 0 4 4 0 2 0)              89.821
13969      (1 0 2 3 1 0 1)              89.819
13970      (1 0 2 3 2 1 2)              89.818
13971      (1 0 2 3 1 2 1)              89.816
13972      (1 0 4 2 1 2 1)              89.814
13973      (1 0 2 3 1 2 1)              89.813
13974      (1 0 2 3 0 0 1)              89.809
13975      (1 0 1 5 1 1 1)              89.808
13976      (1 0 2 5 1 0 1)              89.806
13977      (1 0 2 6 1 2 1)              89.802
13978      (1 0 1 5 1 1 1)              89.798
13979      (1 0 2 3 1 1 1)              89.796
13980      (1 0 2 2 1 0 1)              89.793
13981      (1 0 1 5 1 2 1)              89.789
13982      (1 0 2 6 1 2 1)              89.787
13983      (1 0 2 3 1 1 1)              89.784
13984      (1 0 4 6 1 2 1)              89.784
13985      (1 0 4 2 1 2 1)              89.782
13986      (1 0 2 3 1 2 1)              89.780
13987      (1 0 0 0 2 2 2)              89.777
13988      (1 0 3 3 2 1 2)              89.773
13989      (1 0 1 5 1 1 1)              89.771
13990      (1 0 4 3 1 0 1)              89.768
13991      (1 0 2 3 2 1 2)              89.768
13992      (1 0 0 0 0 0 0)              89.763
13993      (1 0 0 0 1 2 0)              89.762
13994      (1 0 1 3 0 1 0)              89.757
13995      (1 0 1 5 1 1 1)              89.753
13996      (1 0 2 0 2 1 2)              89.750
13997      (1 0 2 6 1 1 1)              89.746
13998      (1 0 2 3 2 1 2)              89.746
13999      (1 0 2 0 2 1 2)              89.743
14000      (1 0 2 3 1 2 1)              89.741
14001      (1 0 0 0 0 1 1)              89.739
14002      (1 0 2 3 1 1 1)              89.737
14003      (1 0 1 3 1 0 1)              89.735
14004      (1 0 4 4 2 1 2)              89.731
14005      (1 0 0 0 1 2 1)              89.730
14006      (1 0 2 6 1 2 1)              89.727
14007      (1 0 0 3 1 1 1)              89.726
14008      (1 0 4 6 1 2 1)              89.725
14009      (1 0 2 6 1 2 1)              89.721
14010      (1 0 2 3 1 2 1)              89.721
14011      (1 0 1 5 1 2 1)              89.719
14012      (1 0 0 0 1 2 0)              89.718
14013      (1 0 2 3 1 1 1)              89.715
14014      (1 0 2 6 1 2 1)              89.713
14015      (1 0 1 5 1 1 1)              89.712
14016      (1 0 4 2 1 2 1)              89.709
14017      (1 0 4 0 1 1 0)              89.708
14018      (1 0 0 0 1 0 1)              89.706
14019      (1 0 4 6 1 1 1)              89.706
14020      (1 0 2 3 1 0 1)              89.704
14021      (1 0 2 3 1 0 1)              89.702
14022      (1 0 1 3 1 2 1)              89.699
14023      (1 0 3 2 1 2 1)              89.697
14024      (1 0 2 3 1 1 1)              89.695
14025      (1 0 1 6 2 2 1)              89.692
14026      (1 0 4 2 1 2 1)              89.692
14027      (1 0 4 4 0 2 0)              89.690
14028      (1 0 0 5 0 2 0)              89.687
14029      (1 0 2 3 1 1 1)              89.685
14030      (1 0 2 3 0 0 1)              89.682
14031      (1 0 4 6 1 0 1)              89.681
14032      (1 0 2 6 1 2 1)              89.679
14033      (1 0 1 2 1 2 1)              89.677
14034      (1 0 2 3 1 2 1)              89.674
14035      (1 0 2 3 1 2 1)              89.675
14036      (1 0 4 4 2 1 2)              89.671
14037      (1 0 1 6 2 2 1)              89.669
14038      (1 0 4 2 0 0 0)              89.664
14039      (1 0 4 5 1 2 0)              89.661
14040      (1 0 0 0 2 2 1)              89.660
14041      (1 0 0 0 0 0 0)              89.658
14042      (1 0 2 3 2 2 1)              89.656
14043      (1 0 2 4 1 1 1)              89.653
14044      (1 0 2 3 1 2 1)              89.651
14045      (1 0 4 2 1 2 1)              89.649
14046      (1 0 4 6 1 2 1)              89.649
14047      (1 0 2 3 0 2 0)              89.645
14048      (1 0 2 3 1 2 1)              89.643
14049      (1 0 0 0 0 0 0)              89.639
14050      (1 0 3 2 1 1 1)              89.635
14051      (1 0 1 5 2 2 2)              89.634
14052      (1 0 4 4 0 2 0)              89.633
14053      (1 0 2 6 1 2 1)              89.630
14054      (1 0 2 3 1 0 1)              89.628
14055      (1 0 1 3 0 1 0)              89.624
14056      (1 0 2 3 2 1 2)              89.619
14057      (1 0 4 4 2 1 1)              89.618
14058      (1 0 1 5 1 1 1)              89.615
14059      (1 0 2 3 1 1 0)              89.611
14060      (1 0 2 6 1 2 1)              89.609
14061      (1 0 4 3 1 1 1)              89.606
14062      (1 0 2 6 1 2 1)              89.603
14063      (1 0 2 4 0 0 0)              89.601
14064      (1 0 2 3 1 2 1)              89.600
14065      (1 0 4 4 0 2 0)              89.599
14066      (1 0 2 3 2 1 2)              89.598
14067      (1 0 2 3 0 2 0)              89.595
14068      (1 0 1 5 1 1 1)              89.591
14069      (1 0 2 3 2 1 2)              89.589
14070      (1 0 2 3 1 2 1)              89.588
14071      (1 0 1 5 1 1 1)              89.584
14072      (1 0 2 3 1 1 1)              89.582
14073      (1 0 0 3 1 1 1)              89.581
14074      (1 0 2 3 2 2 1)              89.579
14075      (1 0 2 3 1 2 1)              89.578
14076      (1 0 2 2 2 2 1)              89.576
14077      (1 0 2 3 2 2 2)              89.575
14078      (1 0 2 2 1 2 0)              89.574
14079      (1 0 0 0 1 2 0)              89.572
14080      (1 0 2 3 1 2 1)              89.571
14081      (1 0 1 5 1 1 1)              89.567
14082      (1 0 2 3 1 0 1)              89.564
14083      (1 0 1 3 1 0 1)              89.561
14084      (1 0 4 2 1 2 1)              89.561
14085      (1 0 2 5 1 0 1)              89.558
14086      (1 0 2 6 1 2 1)              89.556
14087      (1 0 4 5 1 2 0)              89.553
14088      (1 0 1 3 1 0 1)              89.551
14089      (1 0 2 3 1 0 1)              89.549
14090      (1 0 1 3 1 0 1)              89.547
14091      (1 0 4 3 1 2 0)              89.547
14092      (1 0 2 6 1 2 1)              89.543
14093      (1 0 2 6 1 1 0)              89.542
14094      (1 0 2 6 1 2 1)              89.540
14095      (1 0 2 3 1 2 1)              89.538
14096      (1 0 1 5 1 1 1)              89.534
14097      (1 0 2 3 1 2 1)              89.533
14098      (1 0 2 4 1 1 1)              89.529
14099      (1 0 1 5 1 2 1)              89.527
14100      (1 0 4 5 2 1 2)              89.525
14101      (1 0 2 3 1 0 1)              89.523
14102      (1 0 1 5 1 2 1)              89.518
14103      (1 0 2 3 1 2 1)              89.518
14104      (1 0 2 3 1 0 1)              89.516
14105      (1 0 1 5 2 2 2)              89.514
14106      (1 0 1 3 1 0 1)              89.512
14107      (1 0 3 3 1 1 1)              89.510
14108      (1 0 2 6 1 1 1)              89.510
14109      (1 0 0 0 2 2 1)              89.508
14110      (1 0 3 3 1 1 1)              89.506
14111      (1 0 0 6 0 1 0)              89.505
14112      (1 0 2 5 2 1 1)              89.502
14113      (1 0 2 3 1 0 1)              89.500
14114      (1 0 2 2 1 0 1)              89.498
14115      (1 0 2 3 0 2 0)              89.494
14116      (1 0 3 0 0 0 0)              89.491
14117      (1 0 2 3 1 0 1)              89.489
14118      (1 0 2 3 2 1 2)              89.489
14119      (1 0 2 2 0 1 0)              89.484
14120      (1 0 4 4 2 1 1)              89.483
14121      (1 0 2 3 1 1 1)              89.482
14122      (1 0 2 3 1 0 1)              89.479
14123      (1 0 4 4 2 1 1)              89.478
14124      (1 0 2 3 1 2 1)              89.477
14125      (1 0 2 6 1 2 1)              89.475
14126      (1 0 1 5 1 2 1)              89.471
14127      (1 0 2 3 1 0 1)              89.469
14128      (1 0 0 0 1 0 1)              89.467
14129      (1 0 4 0 2 2 1)              89.462
14130      (1 0 0 0 0 0 0)              89.458
14131      (1 0 4 2 0 0 0)              89.454
14132      (1 0 2 3 1 0 1)              89.451
14133      (1 0 2 6 1 2 1)              89.449
14134      (1 0 2 3 1 2 1)              89.447
14135      (1 0 2 6 1 2 1)              89.445
14136      (1 0 2 6 1 1 1)              89.441
14137      (1 0 1 5 1 1 1)              89.440
14138      (1 0 1 5 1 1 1)              89.436
14139      (1 0 1 5 1 1 1)              89.431
14140      (1 0 2 3 1 2 1)              89.430
14141      (1 1 0 6 0 2 0)              89.427
14142      (1 0 0 0 0 0 0)              89.422
14143      (1 0 2 6 1 1 0)              89.419
14144      (1 0 4 2 1 2 1)              89.417
14145      (1 0 4 3 1 0 1)              89.414
14146      (1 0 2 6 1 1 1)              89.413
14147      (1 0 2 4 1 1 1)              89.410
14148      (1 0 0 0 1 2 0)              89.409
14149      (1 0 0 3 1 1 1)              89.407
14150      (1 0 4 0 2 2 1)              89.403
14151      (1 0 0 0 1 0 1)              89.403
14152      (1 0 2 2 0 0 1)              89.401
14153      (1 0 1 5 1 2 1)              89.397
14154      (1 0 2 6 1 2 1)              89.396
14155      (1 0 1 5 1 2 1)              89.393
14156      (1 0 0 0 1 2 0)              89.391
14157      (1 0 2 3 1 2 1)              89.387
14158      (1 0 2 0 2 1 2)              89.384
14159      (1 0 2 3 1 1 1)              89.382
14160      (1 0 2 3 1 1 1)              89.379
14161      (1 0 2 3 2 1 2)              89.375
14162      (1 0 4 4 0 2 0)              89.373
14163      (1 0 2 2 1 2 1)              89.371
14164      (0 1 4 6 1 0 1)              89.366
14165      (1 0 2 6 1 2 1)              89.364
14166      (1 0 4 3 1 1 1)              89.361
14167      (1 0 2 2 1 0 1)              89.358
14168      (1 0 2 3 1 0 1)              89.357
14169      (1 0 0 0 0 0 0)              89.354
14170      (1 0 2 3 1 0 2)              89.352
14171      (1 0 2 3 0 0 1)              89.349
14172      (1 0 4 4 0 2 0)              89.348
14173      (1 0 4 2 1 2 1)              89.346
14174      (1 0 2 5 2 1 1)              89.343
14175      (1 0 1 5 1 1 1)              89.339
14176      (1 0 4 4 2 1 1)              89.338
14177      (1 0 4 3 2 1 1)              89.335
14178      (1 0 0 5 0 2 0)              89.333
14179      (1 0 2 4 1 1 1)              89.330
14180      (1 0 1 5 1 1 1)              89.326
14181      (1 0 2 5 2 1 1)              89.323
14182      (1 0 2 3 1 0 1)              89.321
14183      (1 0 2 3 1 0 1)              89.319
14184      (1 0 1 5 1 2 1)              89.317
14185      (1 0 4 4 2 1 2)              89.312
14186      (1 0 2 3 2 1 2)              89.308
14187      (1 0 2 4 0 0 0)              89.306
14188      (1 0 2 0 2 1 2)              89.302
14189      (1 0 0 5 0 2 0)              89.300
14190      (1 0 1 5 1 2 1)              89.297
14191      (1 0 2 3 2 0 2)              89.297
14192      (1 0 4 0 2 2 1)              89.292
14193      (1 0 1 5 1 2 1)              89.290
14194      (1 0 2 3 0 2 0)              89.287
14195      (1 0 4 2 1 2 1)              89.284
14196      (1 0 2 6 1 2 1)              89.283
14197      (1 0 2 6 0 0 1)              89.281
14198      (1 0 2 3 2 2 2)              89.280
14199      (1 0 2 3 1 0 1)              89.277
14200      (1 0 4 4 0 2 0)              89.276
14201      (1 0 4 4 0 2 0)              89.275
14202      (1 0 2 3 0 0 0)              89.274
14203      (1 0 4 0 2 2 1)              89.270
14204      (1 0 0 1 2 2 1)              89.267
14205      (1 0 2 4 1 1 1)              89.264
14206      (1 0 2 6 1 2 1)              89.262
14207      (1 0 4 3 1 1 1)              89.258
14208      (1 0 2 3 2 2 2)              89.257
14209      (1 0 1 5 1 1 1)              89.256
14210      (1 0 2 6 1 2 1)              89.253
14211      (1 0 2 3 1 2 1)              89.251
14212      (1 0 2 6 1 2 1)              89.249
14213      (1 0 2 6 1 2 1)              89.247
14214      (1 0 1 5 1 2 1)              89.244
14215      (1 0 0 0 0 0 0)              89.241
14216      (1 0 0 0 2 2 1)              89.240
14217      (1 0 2 3 1 0 1)              89.238
14218      (1 0 0 3 0 0 0)              89.234
14219      (1 0 1 0 1 1 1)              89.231
14220      (1 0 2 4 1 1 1)              89.228
14221      (1 0 3 2 2 2 1)              89.226
14222      (1 0 0 0 0 2 0)              89.222
14223      (0 0 0 5 1 0 0)              89.220
14224      (1 0 2 6 1 2 1)              89.219
14225      (1 0 0 0 1 2 1)              89.218
14226      (1 0 2 3 1 2 1)              89.217
14227      (1 0 4 4 0 2 0)              89.215
14228      (1 0 2 3 2 2 2)              89.214
14229      (1 0 0 3 1 1 1)              89.212
14230      (1 0 2 3 0 2 0)              89.209
14231      (1 0 2 5 2 1 1)              89.207
14232      (1 0 2 5 2 1 1)              89.205
14233      (1 0 4 0 2 2 1)              89.200
14234      (1 0 3 3 2 1 2)              89.196
14235      (1 0 0 0 1 2 1)              89.195
14236      (1 0 0 0 1 0 1)              89.193
14237      (1 0 2 2 1 2 1)              89.191
14238      (1 0 4 3 1 1 1)              89.188
14239      (1 0 3 3 1 1 1)              89.186
14240      (1 0 0 5 0 2 0)              89.184
14241      (1 0 4 2 0 0 0)              89.179
14242      (1 0 2 3 1 0 1)              89.177
14243      (1 0 2 2 1 2 0)              89.176
14244      (1 0 2 3 1 2 1)              89.175
14245      (1 0 0 0 2 2 1)              89.173
14246      (1 0 2 3 1 2 1)              89.172
14247      (1 0 0 3 0 0 0)              89.169
14248      (0 0 2 6 1 1 1)              89.166
14249      (1 0 1 5 1 2 1)              89.163
14250      (1 0 1 5 1 2 1)              89.160
14251      (1 0 1 3 1 0 1)              89.158
14252      (1 0 2 3 1 2 1)              89.157
14253      (1 0 2 3 2 1 2)              89.152
14254      (1 0 4 2 1 2 1)              89.150
14255      (1 0 4 0 2 2 1)              89.146
14256      (1 0 4 6 1 2 1)              89.146
14257      (1 0 2 4 0 0 0)              89.143
14258      (1 0 2 3 1 0 1)              89.142
14259      (1 0 2 3 2 0 2)              89.139
14260      (1 0 2 6 1 0 2)              89.139
14261      (1 0 4 2 0 0 0)              89.134
14262      (1 0 2 3 1 1 1)              89.132
14263      (1 0 2 3 1 2 1)              89.131
14264      (1 0 2 3 1 0 1)              89.129
14265      (1 0 3 2 1 2 1)              89.126
14266      (1 0 0 0 0 0 0)              89.122
14267      (1 0 0 0 1 0 1)              89.120
14268      (1 0 3 3 1 1 1)              89.118
14269      (1 0 2 3 1 2 1)              89.116
14270      (1 0 1 5 1 1 1)              89.112
14271      (1 0 2 3 2 1 2)              89.112
14272      (1 0 2 6 1 1 1)              89.109
14273      (1 0 4 6 1 2 1)              89.108
14274      (1 0 0 0 0 2 0)              89.105
14275      (1 0 2 4 1 1 1)              89.102
14276      (1 0 1 5 1 1 1)              89.098
14277      (1 0 2 3 1 2 0)              89.095
14278      (1 0 2 6 1 1 1)              89.092
14279      (1 0 1 3 1 0 1)              89.090
14280      (1 0 2 3 1 0 1)              89.088
14281      (1 0 2 6 1 2 1)              89.085
14282      (1 0 2 3 1 1 1)              89.083
14283      (1 0 1 5 1 1 1)              89.079
14284      (1 0 2 2 1 0 1)              89.077
14285      (1 0 2 3 0 0 0)              89.073
14286      (1 0 2 2 1 2 1)              89.072
14287      (1 0 3 2 1 1 1)              89.069
14288      (1 0 2 3 2 1 1)              89.068
14289      (1 0 2 6 1 2 1)              89.065
14290      (1 0 0 0 0 0 0)              89.062
14291      (1 0 2 3 1 2 1)              89.060
14292      (1 0 2 3 1 1 1)              89.058
14293      (1 0 1 5 1 1 1)              89.057
14294      (1 0 2 3 1 0 1)              89.055
14295      (1 0 1 5 1 1 1)              89.051
14296      (1 0 1 3 1 2 1)              89.049
14297      (1 0 0 0 1 2 0)              89.048
14298      (1 0 2 3 1 2 1)              89.047
14299      (1 0 1 5 1 1 1)              89.046
14300      (1 0 0 0 1 2 0)              89.045
14301      (1 0 4 2 1 2 1)              89.043
14302      (1 0 4 0 0 0 0)              89.039
14303      (1 0 2 6 1 2 1)              89.037
14304      (1 0 2 5 1 2 1)              89.037
14305      (1 0 4 3 1 2 0)              89.037
14306      (1 0 0 3 0 0 0)              89.035
14307      (1 0 4 4 0 2 0)              89.033
14308      (1 0 2 6 0 0 1)              89.030
14309      (1 0 2 6 1 1 0)              89.028
14310      (1 0 2 5 2 1 1)              89.026
14311      (1 0 4 2 1 2 1)              89.023
14312      (1 0 2 3 1 1 1)              89.021
14313      (1 0 0 0 1 2 0)              89.020
14314      (1 0 1 5 1 1 1)              89.019
14315      (1 0 2 3 1 0 1)              89.016
14316      (1 0 0 5 0 2 0)              89.014
14317      (1 0 4 6 1 2 1)              89.014
14318      (1 0 0 0 1 2 0)              89.013
14319      (1 0 2 6 1 2 1)              89.010
14320      (1 0 2 3 1 0 1)              89.008
14321      (1 0 2 3 2 2 2)              89.007
14322      (1 0 4 2 2 1 2)              89.006
14323      (1 0 1 5 1 1 1)              89.005
14324      (1 0 2 3 1 1 1)              89.002
14325      (1 0 2 3 2 2 2)              89.001
14326      (1 0 4 3 1 2 0)              89.001
14327      (1 0 1 5 2 2 2)              89.000
14328      (1 0 2 6 1 1 1)              88.996
14329      (1 0 2 2 1 1 1)              88.995
14330      (1 0 0 5 1 1 1)              88.994
14331      (1 0 2 3 1 1 1)              88.991
14332      (1 0 2 0 2 2 1)              88.986
14333      (1 0 2 3 2 1 2)              88.986
14334      (1 0 1 5 1 1 1)              88.982
14335      (1 0 2 3 1 2 1)              88.981
14336      (1 0 0 0 1 0 1)              88.980
14337      (1 0 2 3 1 0 1)              88.977
14338      (1 0 2 3 1 1 1)              88.975
14339      (1 0 2 3 1 2 1)              88.976
14340      (1 0 4 2 1 1 1)              88.973
14341      (1 0 2 3 1 0 1)              88.970
14342      (1 0 0 0 0 0 0)              88.967
14343      (1 0 2 3 1 1 1)              88.966
14344      (1 0 1 5 1 1 1)              88.962
14345      (1 0 2 5 1 0 1)              88.960
14346      (1 0 2 3 1 1 1)              88.957
14347      (1 0 2 3 1 0 2)              88.957
14348      (1 0 4 2 1 2 1)              88.955
14349      (1 0 2 3 1 1 1)              88.952
14350      (1 0 2 6 0 1 0)              88.950
14351      (1 0 2 3 1 0 1)              88.949
14352      (1 0 2 3 1 0 1)              88.948
14353      (1 0 2 3 1 2 1)              88.947
14354      (1 0 4 5 1 2 0)              88.944
14355      (1 0 0 0 1 0 1)              88.943
14356      (1 0 1 3 1 0 1)              88.940
14357      (1 0 2 3 1 2 1)              88.938
14358      (1 0 2 3 2 2 1)              88.936
14359      (1 0 4 2 0 0 0)              88.931
14360      (1 0 0 0 2 2 1)              88.930
14361      (1 0 4 2 1 2 1)              88.928
14362      (1 0 2 3 1 1 1)              88.926
14363      (1 0 2 3 0 0 1)              88.923
14364      (1 0 2 2 1 0 1)              88.920
14365      (1 0 4 2 1 2 1)              88.918
14366      (1 0 1 5 1 1 1)              88.914
14367      (1 0 2 3 1 0 1)              88.911
14368      (1 0 1 1 1 0 1)              88.909
14369      (1 0 2 5 2 2 1)              88.906
14370      (1 0 3 3 2 1 2)              88.902
14371      (1 0 2 3 1 1 1)              88.900
14372      (1 0 4 4 2 1 1)              88.899
14373      (1 0 2 4 0 0 0)              88.896
14374      (1 0 2 4 0 0 0)              88.894
14375      (1 0 3 3 1 0 1)              88.892
14376      (1 0 2 6 1 1 1)              88.892
14377      (1 0 2 2 1 1 0)              88.890
14378      (1 0 4 6 1 2 1)              88.889
14379      (1 0 2 3 1 0 1)              88.887
14380      (1 0 1 6 2 2 1)              88.885
14381      (1 0 2 3 1 2 1)              88.883
14382      (1 0 2 6 1 2 1)              88.880
14383      (1 0 4 4 2 1 2)              88.876
14385      (1 0 4 2 0 0 0)              88.872
14386      (1 0 1 5 1 1 1)              88.868
14387      (1 0 2 3 2 2 2)              88.867
14388      (1 0 2 3 1 0 1)              88.867
14390      (1 0 2 3 2 2 2)              88.866
14391      (1 0 2 2 1 2 1)              88.865
14392      (1 0 4 4 0 2 0)              88.863
14393      (1 0 3 3 1 0 1)              88.861
14394      (1 0 1 5 1 1 1)              88.856
14395      (1 0 2 3 2 1 2)              88.856
14396      (1 0 2 5 1 0 1)              88.854
14397      (1 0 2 6 1 2 1)              88.852
14398      (1 0 0 0 1 0 1)              88.850
14399      (1 0 2 4 0 0 0)              88.847
14400      (1 0 2 2 1 2 1)              88.846
14401      (1 0 0 3 0 0 0)              88.843
14402      (1 0 3 3 2 1 2)              88.839
14403      (1 0 0 5 1 0 0)              88.838
14404      (1 0 2 6 1 1 1)              88.834
14405      (1 0 2 3 2 2 2)              88.833
14406      (1 0 4 0 1 2 1)              88.830
14407      (1 0 4 2 2 1 2)              88.829
14408      (1 0 1 5 1 1 1)              88.825
14409      (1 0 4 2 1 2 1)              88.822
14410      (1 0 2 6 1 2 1)              88.820
14411      (1 0 2 4 1 1 1)              88.817
14412      (1 0 2 3 2 0 2)              88.817
14413      (1 0 0 3 0 0 0)              88.813
14414      (1 0 4 4 0 2 0)              88.812
14415      (1 0 2 0 2 1 2)              88.809
14416      (1 0 4 6 1 1 1)              88.810
14417      (1 0 4 2 2 1 2)              88.809
14418      (1 0 2 3 2 1 2)              88.808
14419      (1 0 2 3 1 1 1)              88.806
14420      (1 0 2 3 1 0 1)              88.804
14421      (1 0 4 5 1 2 0)              88.801
14422      (1 0 2 2 1 0 1)              88.799
14423      (1 0 2 6 1 2 1)              88.796
14424      (1 0 2 3 2 1 2)              88.792
14425      (1 0 2 3 1 2 1)              88.791
14426      (1 0 4 0 1 2 1)              88.788
14427      (1 0 4 2 0 0 0)              88.784
14428      (1 0 4 2 1 2 1)              88.781
14429      (1 0 3 5 0 2 0)              88.778
14430      (1 0 2 3 1 2 1)              88.778
14431      (1 0 2 2 0 0 1)              88.776
14432      (1 0 2 6 1 2 1)              88.773
14433      (1 0 0 0 1 1 1)              88.770
14434      (1 0 2 3 1 0 1)              88.768
14435      (1 0 2 3 1 2 1)              88.767
14436      (1 0 4 2 1 2 1)              88.765
14437      (1 0 2 3 1 0 1)              88.763
14438      (1 0 1 5 1 1 1)              88.761
14439      (1 0 2 3 1 0 1)              88.760
14440      (1 0 4 3 1 2 1)              88.760
14441      (1 0 1 5 1 1 1)              88.756
14442      (1 0 0 0 1 2 1)              88.755
14443      (1 0 2 0 2 1 2)              88.751
14444      (1 0 2 3 1 0 1)              88.750
14445      (1 0 2 3 1 2 1)              88.749
14446      (1 0 1 5 1 1 1)              88.745
14447      (1 0 3 3 2 1 2)              88.741
14448      (1 0 4 2 1 2 1)              88.739
14449      (1 0 0 0 0 0 0)              88.735
14450      (1 0 2 3 1 0 2)              88.732
14451      (1 0 0 0 0 2 0)              88.730
14452      (1 0 2 3 1 1 1)              88.729
14453      (1 0 2 3 1 0 1)              88.727
14454      (1 0 0 0 0 0 0)              88.722
14455      (1 0 2 3 1 1 1)              88.720
14456      (1 0 4 2 1 2 1)              88.718
14457      (1 0 4 3 1 0 1)              88.715
14458      (1 0 2 6 1 1 0)              88.713
14459      (1 0 4 4 2 1 1)              88.711
14460      (1 0 2 3 1 1 1)              88.709
14461      (1 0 4 3 1 1 1)              88.706
14462      (1 0 2 3 1 2 1)              88.707
14463      (1 0 2 3 1 2 1)              88.705
14464      (1 0 3 2 2 2 1)              88.703
14465      (1 0 2 3 1 0 1)              88.700
14466      (1 0 2 3 1 2 1)              88.699
14467      (1 0 2 6 1 2 1)              88.697
14468      (1 0 0 0 1 0 1)              88.696
14469      (1 0 1 5 1 1 1)              88.695
14470      (1 0 3 3 2 1 2)              88.690
14471      (1 0 2 6 1 2 1)              88.688
14472      (1 0 2 3 2 2 2)              88.687
14473      (1 0 2 3 1 2 1)              88.686
14474      (1 0 4 2 1 1 1)              88.686
14475      (1 0 2 2 0 0 0)              88.683
14476      (1 0 2 3 1 1 1)              88.682
14477      (1 0 2 3 1 0 1)              88.680
14478      (1 0 2 4 0 0 1)              88.677
14479      (1 0 2 3 1 1 1)              88.676
14480      (1 0 2 3 1 0 1)              88.674
14481      (1 0 3 2 1 2 0)              88.671
14482      (1 0 2 3 1 1 1)              88.669
14483      (1 0 0 3 0 0 0)              88.666
14484      (1 0 2 3 1 0 1)              88.664
14485      (1 0 0 0 1 1 1)              88.662
14486      (1 0 0 3 0 0 0)              88.658
14487      (1 0 2 3 1 2 1)              88.657
14488      (1 0 2 2 1 0 1)              88.655
14489      (1 0 4 6 1 2 1)              88.655
14490      (1 0 2 3 2 2 1)              88.653
14491      (1 0 4 2 2 1 2)              88.651
14492      (1 0 2 3 1 2 1)              88.652
14493      (1 0 2 3 1 1 1)              88.650
14494      (1 0 1 5 1 1 1)              88.649
14495      (1 0 2 3 1 0 1)              88.650
14496      (1 0 2 3 1 0 1)              88.648
14497      (1 0 2 3 1 1 1)              88.646
14498      (1 0 4 4 2 1 1)              88.645
14499      (1 0 2 3 2 1 2)              88.641
14500      (1 0 4 4 0 2 0)              88.639
14501      (1 0 2 3 1 0 1)              88.637
14502      (1 0 4 2 1 2 1)              88.634
14503      (1 0 2 5 1 0 1)              88.632
14504      (1 0 2 3 2 2 2)              88.631
14505      (1 0 2 3 2 2 2)              88.630
14506      (1 0 0 0 0 0 0)              88.626
14507      (1 0 2 3 1 1 1)              88.623
14508      (1 0 4 0 1 2 1)              88.619
14509      (1 0 2 4 1 1 1)              88.616
14510      (1 0 1 2 0 0 0)              88.614
14511      (1 0 2 6 1 2 1)              88.612
14512      (1 0 2 3 1 2 1)              88.613
14513      (1 0 2 2 1 0 1)              88.611
14514      (1 0 4 3 1 0 1)              88.607
14515      (1 0 2 3 2 2 2)              88.606
14516      (1 0 2 3 1 2 1)              88.605
14517      (1 0 2 3 1 2 1)              88.604
14518      (1 0 2 3 0 0 0)              88.605
14519      (1 0 2 2 1 0 1)              88.603
14520      (1 0 2 4 0 0 0)              88.601
14521      (1 0 2 4 1 1 1)              88.598
14522      (1 0 2 3 1 0 1)              88.597
14523      (1 0 4 4 0 2 0)              88.595
14524      (1 0 2 3 1 2 1)              88.594
14525      (1 0 2 6 1 2 1)              88.590
14526      (1 0 3 2 2 2 1)              88.588
14527      (1 0 4 3 1 1 1)              88.585
14528      (1 0 1 5 1 2 1)              88.582
14529      (1 0 2 3 1 1 1)              88.579
14530      (1 0 2 3 1 0 1)              88.577
14531      (1 0 0 0 0 0 0)              88.572
14532      (1 0 3 2 1 2 1)              88.570
14533      (1 0 2 3 1 1 1)              88.568
14534      (1 0 2 6 1 1 1)              88.568
14535      (1 0 2 3 1 0 1)              88.566
14536      (1 0 2 3 1 1 1)              88.564
14537      (1 0 2 3 1 2 1)              88.562
14538      (1 0 1 5 1 2 1)              88.558
14539      (1 0 2 3 1 2 1)              88.557
14540      (1 0 4 2 1 2 1)              88.555
14541      (1 0 2 6 1 0 1)              88.555
14542      (1 0 2 3 1 0 1)              88.554
14543      (1 0 4 4 2 1 1)              88.552
14544      (1 0 2 3 1 1 1)              88.550
14545      (1 0 2 6 1 2 1)              88.548
14546      (1 0 2 3 2 2 2)              88.547
14547      (1 0 0 0 1 0 1)              88.546
14548      (1 0 2 3 1 2 0)              88.543
14549      (1 0 2 3 1 2 1)              88.542
14550      (1 0 1 5 1 1 1)              88.539
14551      (1 0 4 6 1 2 1)              88.538
14552      (1 0 2 3 1 0 1)              88.536
14553      (1 0 2 3 0 0 0)              88.535
14554      (1 0 2 3 1 1 1)              88.532
14555      (1 0 1 5 1 1 1)              88.528
14556      (1 0 2 3 1 0 1)              88.526
14557      (1 0 2 3 2 1 2)              88.526
14558      (1 0 2 3 2 1 2)              88.526
14559      (1 0 2 3 1 0 1)              88.524
14560      (1 0 2 3 1 1 1)              88.521
14561      (1 0 1 5 1 1 1)              88.517
14562      (1 0 2 3 0 0 0)              88.516
14563      (1 0 1 5 1 1 1)              88.512
14564      (1 0 3 1 1 1 1)              88.510
14565      (1 0 4 2 1 2 1)              88.508
14566      (1 0 2 3 1 0 1)              88.507
14567      (1 0 2 6 1 2 1)              88.504
14568      (1 0 3 2 0 0 1)              88.502
14569      (1 0 0 0 1 1 1)              88.501
14570      (1 0 0 0 1 2 1)              88.500
14571      (1 0 0 3 0 0 0)              88.499
14572      (1 0 0 5 1 0 0)              88.498
14573      (1 0 2 3 1 0 1)              88.495
14574      (1 0 0 0 2 2 1)              88.494
14575      (1 0 1 5 1 1 1)              88.493
14576      (1 0 1 5 1 1 1)              88.489
14577      (1 0 2 3 1 0 1)              88.488
14578      (1 0 4 2 0 0 0)              88.484
14579      (1 0 4 3 1 1 1)              88.480
14580      (1 0 4 4 0 2 0)              88.478
14581      (1 0 0 0 0 0 0)              88.475
14582      (1 0 2 6 1 2 1)              88.473
14583      (1 0 1 5 1 2 1)              88.471
14584      (1 0 4 0 1 0 1)              88.470
14585      (1 0 4 4 2 1 1)              88.469
14586      (1 0 4 6 0 1 0)              88.465
14587      (1 0 2 3 1 0 1)              88.464
14588      (1 0 0 3 1 1 1)              88.463
14589      (0 1 4 6 2 1 1)              88.459
14590      (1 0 4 2 2 1 2)              88.458
14591      (1 0 2 3 1 0 1)              88.457
14592      (1 0 1 5 1 1 1)              88.455
14593      (1 0 2 6 1 2 1)              88.453
14594      (1 0 2 3 2 2 2)              88.452
14595      (1 0 2 3 1 2 1)              88.451
14596      (1 0 0 0 1 0 1)              88.451
14597      (0 0 1 4 2 2 1)              88.448
14598      (1 0 0 3 1 1 1)              88.446
14599      (1 0 3 2 1 2 1)              88.444
14600      (1 0 2 5 1 0 1)              88.442
14601      (1 0 0 0 1 1 1)              88.440
14602      (1 0 1 3 1 0 1)              88.438
14603      (1 0 0 5 0 2 0)              88.436
14604      (1 0 4 3 1 1 1)              88.433
14605      (1 0 4 2 1 2 1)              88.430
14606      (1 0 2 3 1 2 1)              88.429
14607      (1 0 2 3 1 1 0)              88.426
14608      (1 0 4 6 1 2 1)              88.426
14609      (1 0 2 3 1 0 1)              88.424
14610      (1 0 0 0 1 0 1)              88.423
14611      (1 0 1 5 1 1 1)              88.419
14612      (1 0 4 3 1 1 1)              88.415
14613      (1 0 4 4 0 2 0)              88.413
14614      (1 0 2 3 1 0 1)              88.411
14615      (1 0 2 6 1 1 1)              88.411
14616      (1 0 2 3 1 2 1)              88.410
14617      (1 0 2 3 1 0 1)              88.409
14618      (1 0 2 3 1 2 1)              88.407
14619      (1 0 4 6 1 2 1)              88.406
14620      (1 0 2 3 1 2 1)              88.405
14621      (1 0 3 1 1 1 1)              88.403
14622      (1 0 1 5 1 1 1)              88.399
14623      (1 0 2 3 1 2 1)              88.398
14624      (1 0 3 2 1 1 1)              88.395
14625      (1 0 0 5 1 0 0)              88.393
14626      (1 0 2 3 1 0 1)              88.391
14627      (1 0 2 3 1 1 1)              88.390
14628      (1 0 2 4 1 1 1)              88.387
14629      (1 0 2 3 1 1 1)              88.386
14630      (1 0 4 2 2 1 2)              88.385
14631      (1 0 1 6 2 2 1)              88.383
14632      (1 0 2 3 2 1 2)              88.381
14633      (1 0 1 5 1 1 1)              88.377
14634      (1 0 1 5 1 1 1)              88.373
14635      (1 0 0 0 1 2 1)              88.372
14636      (1 0 2 3 1 0 1)              88.370
14637      (1 0 4 5 1 2 0)              88.367
14638      (1 0 1 5 1 2 1)              88.365
14639      (1 0 2 3 1 0 1)              88.363
14640      (1 0 2 3 1 1 1)              88.362
14641      (1 0 2 3 1 2 1)              88.361
14642      (1 0 3 2 1 1 1)              88.358
14643      (1 0 2 3 0 0 0)              88.357
14644      (1 0 2 6 1 1 1)              88.354
14645      (1 0 3 3 1 1 1)              88.352
14646      (1 0 0 0 1 2 0)              88.350
14647      (1 0 2 3 1 0 1)              88.348
14648      (1 0 1 5 1 1 1)              88.347
14649      (1 0 0 0 1 1 1)              88.345
14650      (1 0 4 2 1 2 1)              88.343
14651      (1 0 4 0 2 2 1)              88.339
14652      (1 0 2 3 1 2 1)              88.338
14653      (1 0 3 2 0 0 1)              88.335
14654      (1 0 2 3 1 0 1)              88.333
14655      (1 0 2 3 1 0 1)              88.331
14656      (1 0 3 2 2 2 1)              88.329
14657      (1 0 4 2 1 2 1)              88.327
14658      (1 0 2 2 1 0 1)              88.325
14659      (1 0 4 4 2 1 2)              88.321
14660      (1 0 2 3 2 2 1)              88.319
14661      (1 0 2 3 1 2 1)              88.317
14662      (1 0 1 3 1 1 1)              88.314
14663      (1 0 2 3 1 0 1)              88.312
14664      (1 0 1 2 1 2 1)              88.310
14665      (1 0 2 3 1 1 1)              88.308
14666      (1 0 2 3 1 2 1)              88.307
14667      (1 0 2 3 2 1 2)              88.307
14668      (1 0 2 3 2 1 2)              88.303
14671      (1 0 2 3 1 1 1)              88.300
14672      (1 0 3 3 1 1 1)              88.298
14673      (1 0 0 0 1 2 0)              88.297
14674      (1 0 4 6 1 2 1)              88.297
14675      (1 0 2 6 1 1 0)              88.294
14676      (1 0 2 6 1 2 1)              88.292
14677      (1 0 4 2 1 1 1)              88.292
14678      (1 0 4 2 0 0 0)              88.287
14679      (1 0 2 3 1 2 1)              88.286
14680      (1 1 0 6 0 2 0)              88.283
14681      (1 0 2 5 1 2 1)              88.283
14682      (1 0 1 5 1 1 1)              88.279
14683      (1 0 2 3 0 2 0)              88.276
14684      (1 0 0 0 1 0 1)              88.275
14685      (1 0 0 5 1 2 1)              88.271
14686      (1 0 1 5 1 1 1)              88.267
14687      (1 0 2 6 1 2 1)              88.265
14688      (1 0 4 2 1 2 1)              88.263
14689      (1 0 4 4 0 2 0)              88.261
14690      (1 0 2 6 1 2 1)              88.259
14691      (1 0 2 6 1 2 1)              88.257
14692      (1 0 1 3 1 0 1)              88.255
14693      (1 0 4 6 1 1 1)              88.256
14694      (1 0 2 4 1 1 1)              88.252
14695      (1 0 4 6 1 2 1)              88.252
14696      (1 0 2 3 1 1 1)              88.250
14697      (1 0 2 3 1 0 1)              88.248
14698      (1 0 2 6 1 2 1)              88.246
14699      (1 0 2 3 1 0 1)              88.243
14700      (1 0 2 3 2 1 2)              88.239
14701      (1 0 1 5 1 1 1)              88.235
14702      (1 0 1 5 1 1 1)              88.231
14703      (1 0 0 3 1 1 1)              88.230
14704      (1 0 2 3 1 2 0)              88.227
14705      (1 0 1 5 1 1 1)              88.226
14706      (1 0 2 6 1 2 1)              88.224
14707      (1 0 2 3 1 0 2)              88.222
14708      (1 0 2 2 1 0 1)              88.220
14709      (1 0 2 3 1 0 1)              88.218
14710      (1 0 3 2 1 2 1)              88.216
14711      (1 0 2 6 1 2 1)              88.214
14712      (1 0 1 2 2 2 1)              88.211
14713      (1 0 2 5 1 2 1)              88.211
14714      (1 0 2 3 1 2 1)              88.209
14715      (1 0 2 5 1 2 1)              88.209
14716      (1 0 2 3 1 1 1)              88.207
14717      (1 0 2 3 2 0 2)              88.207
14718      (1 0 4 4 0 2 0)              88.206
14719      (1 0 4 2 0 0 0)              88.201
14720      (1 0 2 3 2 1 2)              88.197
14721      (1 0 2 3 0 0 1)              88.194
14722      (1 0 2 3 1 2 1)              88.192
14723      (1 0 0 5 1 1 1)              88.191
14724      (1 0 2 3 1 0 1)              88.189
14725      (1 0 0 0 1 0 1)              88.188
14726      (1 0 2 6 0 0 1)              88.185
14727      (1 0 2 3 2 1 2)              88.185
14728      (1 0 2 3 1 1 1)              88.182
14729      (1 0 1 1 1 2 1)              88.181
14730      (1 0 4 3 1 0 1)              88.178
14731      (1 0 0 0 1 2 0)              88.177
14732      (1 0 2 3 1 2 1)              88.176
14733      (1 0 2 2 1 0 1)              88.174
14734      (1 0 4 2 0 0 0)              88.170
14735      (1 0 2 6 1 1 1)              88.168
14736      (1 0 2 6 1 2 1)              88.167
14737      (1 0 2 3 2 1 2)              88.165
14738      (1 0 2 2 1 2 1)              88.164
14739      (1 0 0 3 1 0 2)              88.163
14740      (1 0 2 3 2 1 2)              88.163
14741      (1 0 4 2 1 1 1)              88.163
14742      (1 0 2 2 1 0 1)              88.161
14743      (1 0 3 1 1 1 1)              88.159
14744      (1 0 2 5 1 1 1)              88.157
14745      (1 0 2 3 0 0 0)              88.153
14746      (1 0 0 0 2 2 1)              88.152
14747      (1 0 2 3 1 2 1)              88.150
14748      (1 0 1 5 1 2 1)              88.148
14749      (1 0 1 3 1 0 1)              88.146
14750      (1 0 2 3 1 2 1)              88.143
14751      (1 0 0 0 2 2 1)              88.142
14752      (1 0 2 2 1 2 1)              88.141
14753      (1 0 1 5 1 1 1)              88.139
14754      (1 0 1 5 1 2 1)              88.135
14755      (1 0 2 3 2 1 2)              88.134
14756      (1 0 1 5 1 1 1)              88.130
14757      (1 0 2 3 1 2 1)              88.129
14758      (1 0 2 3 2 2 2)              88.128
14759      (1 0 1 0 1 0 1)              88.127
14760      (1 0 4 2 2 1 2)              88.126
14761      (1 0 2 3 2 1 2)              88.125
14762      (1 0 2 3 0 0 0)              88.124
14763      (1 0 2 3 0 1 0)              88.120
14764      (1 0 2 3 1 0 1)              88.118
14765      (1 0 4 0 2 2 1)              88.114
14766      (1 0 2 3 2 1 2)              88.113
14767      (1 0 2 3 1 0 1)              88.112
14768      (1 0 0 0 1 2 1)              88.111
14769      (1 0 1 5 1 1 1)              88.110
14770      (1 0 2 3 2 1 2)              88.109
14771      (1 0 1 2 0 0 0)              88.107
14772      (1 0 2 6 1 2 1)              88.105
14773      (1 0 2 3 1 2 1)              88.104
14774      (1 0 4 4 0 2 0)              88.103
14775      (1 0 1 1 1 2 1)              88.102
14776      (1 0 2 3 1 0 1)              88.101
14777      (1 0 4 4 0 2 0)              88.099
14778      (1 0 2 3 2 1 2)              88.097
14779      (1 0 2 4 0 0 0)              88.095
14780      (1 0 2 6 1 2 1)              88.093
14781      (1 0 1 5 1 1 1)              88.089
14782      (1 0 1 5 1 1 1)              88.085
14783      (1 0 4 3 1 1 1)              88.084
14784      (1 0 2 4 1 1 1)              88.081
14785      (1 0 2 5 1 2 1)              88.081
14786      (1 0 2 3 2 1 2)              88.077
14787      (1 0 2 3 1 1 1)              88.076
14788      (1 0 4 4 2 1 1)              88.075
14789      (1 0 3 2 1 2 1)              88.072
14790      (1 0 2 3 1 0 1)              88.070
14791      (1 0 1 5 1 1 1)              88.066
14792      (1 0 2 3 1 2 1)              88.065
14793      (1 0 2 0 2 1 2)              88.062
14794      (1 0 2 3 1 2 1)              88.061
14795      (1 0 2 6 1 2 1)              88.059
14796      (1 0 2 3 1 0 1)              88.058
14797      (1 0 2 3 1 2 1)              88.057
14798      (1 0 2 3 1 2 1)              88.057
14799      (1 0 1 5 1 1 1)              88.053
14800      (1 0 2 3 1 2 1)              88.052
14801      (1 0 0 0 1 2 1)              88.051
14802      (1 0 2 3 1 2 1)              88.050
14803      (0 1 4 6 0 2 0)              88.047
14804      (1 0 2 3 1 2 1)              88.046
14805      (1 0 2 3 1 1 1)              88.044
14806      (1 0 2 2 1 2 0)              88.043
14807      (1 0 2 3 0 2 0)              88.040
14808      (1 0 2 6 1 2 1)              88.038
14809      (1 0 3 3 2 1 2)              88.034
14810      (1 0 0 0 2 2 2)              88.031
14811      (1 0 0 0 0 0 0)              88.027
14812      (1 0 2 3 2 0 2)              88.027
14813      (1 0 2 3 1 2 1)              88.026
14814      (1 0 1 5 1 1 1)              88.022
14815      (1 0 2 3 1 2 1)              88.021
14816      (1 0 0 3 0 0 0)              88.018
14817      (1 0 2 3 1 0 1)              88.016
14818      (1 0 0 5 1 0 0)              88.015
14819      (1 0 2 4 1 0 1)              88.013
14820      (1 0 4 0 1 2 1)              88.010
14821      (1 0 2 3 1 1 1)              88.007
14822      (1 0 0 0 0 0 0)              88.003
14823      (1 0 2 2 0 0 1)              88.001
14824      (1 0 0 0 1 2 0)              88.000
14825      (1 0 4 2 1 2 1)              87.998
14826      (1 0 0 3 1 1 1)              87.997
14827      (1 0 1 5 1 1 1)              87.993
14828      (1 0 1 0 0 0 0)              87.990
14829      (1 0 0 3 0 0 0)              87.987
14830      (1 0 1 5 1 1 1)              87.986
14831      (1 0 2 3 1 2 1)              87.985
14832      (1 0 4 2 2 1 2)              87.984
14833      (1 0 4 4 0 2 0)              87.981
14834      (1 0 1 5 1 1 1)              87.980
14835      (1 0 2 3 1 0 1)              87.977
14836      (1 0 2 2 2 2 1)              87.975
14837      (1 0 2 6 1 2 1)              87.973
14838      (1 0 2 3 0 2 0)              87.970
14839      (1 0 2 3 1 1 1)              87.968
14840      (1 0 1 5 1 1 1)              87.964
14841      (1 0 0 0 1 2 1)              87.963
14842      (1 0 1 5 1 1 1)              87.959
14843      (1 0 2 6 1 2 1)              87.957
14844      (1 0 4 2 1 2 1)              87.955
14845      (1 0 2 3 2 2 2)              87.954
14846      (1 0 2 6 1 2 0)              87.952
14847      (1 0 2 3 2 1 2)              87.948
14848      (1 0 2 6 1 2 1)              87.947
14849      (1 0 1 5 1 2 1)              87.945
14850      (1 0 2 3 2 1 2)              87.944
14851      (1 0 4 2 2 1 2)              87.943
14852      (1 0 2 3 0 2 0)              87.940
14853      (1 0 4 2 1 2 1)              87.938
14854      (1 0 2 3 1 2 1)              87.938
14855      (1 0 2 6 1 2 1)              87.937
14856      (1 0 2 4 0 0 0)              87.935
14857      (1 0 3 5 0 2 0)              87.932
14858      (1 0 4 2 1 2 1)              87.929
14859      (1 0 4 2 1 2 1)              87.927
14860      (1 0 2 3 1 2 1)              87.927
14861      (1 0 4 2 1 2 1)              87.927
14862      (1 0 4 3 1 1 1)              87.924
14863      (1 0 1 5 1 2 1)              87.922
14864      (1 0 1 5 1 1 1)              87.918
14865      (1 0 0 3 1 1 1)              87.917
14866      (1 0 4 2 1 1 1)              87.917
14867      (1 0 4 3 1 2 1)              87.917
14868      (1 0 3 0 0 0 0)              87.913
14869      (1 0 2 6 1 2 1)              87.911
14870      (1 0 4 2 1 1 1)              87.911
14871      (1 0 2 3 1 2 1)              87.910
14872      (1 0 4 0 1 2 1)              87.907
14873      (1 0 2 0 2 1 2)              87.904
14874      (1 0 0 0 0 2 0)              87.901
14875      (1 0 1 5 1 1 1)              87.897
14876      (1 0 2 3 1 2 1)              87.896
14877      (1 0 2 3 2 2 1)              87.894
14878      (1 0 2 3 0 0 0)              87.890
14879      (1 0 2 3 1 0 1)              87.888
14880      (1 0 2 3 1 1 1)              87.886
14881      (1 0 2 6 1 1 0)              87.884
14882      (1 0 3 3 1 1 1)              87.882
14883      (1 0 2 3 1 2 1)              87.882
14884      (1 0 2 3 1 2 1)              87.881
14885      (0 1 4 6 1 0 1)              87.876
14886      (1 0 2 3 1 1 1)              87.874
14887      (1 0 2 3 2 1 2)              87.874
14888      (1 0 0 0 1 2 1)              87.873
14889      (1 0 2 3 1 1 1)              87.871
14890      (1 0 0 5 1 0 0)              87.870
14891      (1 0 0 0 1 0 1)              87.869
14892      (1 0 2 5 1 0 1)              87.867
14893      (1 0 2 3 1 2 0)              87.865
14894      (1 0 4 6 1 1 1)              87.863
14895      (1 0 2 3 1 2 1)              87.861
14896      (1 0 1 0 1 1 1)              87.858
14897      (1 0 2 3 1 1 1)              87.856
14898      (1 0 1 0 1 1 1)              87.853
14899      (1 0 1 5 1 1 1)              87.849
14900      (1 0 4 2 1 2 1)              87.847
14901      (1 0 1 2 1 1 1)              87.845
14902      (1 0 0 0 1 0 1)              87.844
14903      (1 0 4 0 1 1 0)              87.843
14904      (1 0 0 5 1 0 0)              87.842
14905      (1 0 1 5 1 2 1)              87.840
14906      (1 0 2 6 1 2 1)              87.838
14907      (1 0 2 3 1 1 1)              87.837
14908      (1 0 2 3 1 1 1)              87.835
14909      (1 0 3 2 1 1 1)              87.832
14910      (1 0 2 3 2 0 2)              87.831
14911      (1 0 2 3 1 2 1)              87.832
14912      (1 0 0 0 0 0 0)              87.828
14913      (1 0 2 4 0 0 0)              87.826
14914      (1 0 2 3 1 2 1)              87.825
14915      (1 0 4 2 1 2 1)              87.823
14916      (1 0 2 3 1 1 1)              87.821
14917      (1 0 2 3 1 2 1)              87.820
14918      (1 0 4 0 1 1 0)              87.819
14919      (1 0 1 5 1 1 1)              87.815
14920      (1 0 0 0 2 2 1)              87.814
14921      (1 0 4 4 2 1 1)              87.813
14922      (1 0 2 3 1 1 1)              87.810
14923      (1 0 2 3 1 0 1)              87.808
14924      (1 0 4 2 1 2 1)              87.806
14925      (1 0 2 3 1 0 1)              87.804
14926      (1 0 4 3 1 1 1)              87.801
14927      (1 0 0 3 0 0 0)              87.798
14928      (1 0 0 3 1 1 1)              87.797
14929      (1 0 4 2 0 0 0)              87.793
14930      (1 0 2 6 1 2 1)              87.791
14931      (1 0 2 3 0 2 0)              87.788
14932      (1 0 2 6 1 2 0)              87.787
14933      (1 0 2 6 1 2 1)              87.785
14934      (1 0 0 5 0 2 0)              87.783
14935      (1 0 2 3 1 2 1)              87.782
14936      (1 0 1 5 1 1 1)              87.778
14937      (1 0 4 3 1 0 1)              87.775
14938      (1 0 0 0 1 2 0)              87.774
14939      (1 0 2 3 1 2 1)              87.773
14940      (1 0 2 2 1 0 1)              87.771
14941      (1 0 2 3 2 0 2)              87.770
14942      (1 0 2 3 1 0 2)              87.768
14943      (1 0 2 6 1 2 1)              87.766
14944      (1 0 0 0 0 0 0)              87.764
14945      (1 0 2 3 1 0 1)              87.763
14946      (1 0 4 3 1 1 1)              87.760
14947      (1 0 2 3 2 2 1)              87.758
14948      (1 0 2 6 1 2 1)              87.756
14949      (1 0 2 3 1 1 1)              87.754
14950      (1 0 2 3 1 2 1)              87.753
14951      (1 0 2 3 1 1 1)              87.751
14952      (1 0 2 3 1 2 1)              87.750
14953      (1 0 3 3 1 0 1)              87.748
14954      (1 0 2 3 2 1 2)              87.748
14955      (1 0 0 6 0 1 0)              87.746
14956      (1 0 4 2 2 2 1)              87.745
14957      (1 0 3 5 0 2 0)              87.742
14958      (1 0 2 0 2 1 2)              87.739
14959      (1 0 2 3 1 0 1)              87.737
14960      (1 0 2 3 1 2 1)              87.736
14961      (1 0 4 2 1 1 1)              87.733
14962      (1 0 2 3 1 2 1)              87.731
14963      (1 0 2 4 0 0 1)              87.728
14964      (1 0 2 6 1 2 1)              87.727
14965      (1 0 1 5 1 1 1)              87.723
14966      (1 0 1 5 1 1 1)              87.722
14967      (1 0 2 3 1 2 1)              87.721
14968      (1 0 2 5 1 0 1)              87.719
14969      (1 0 1 0 1 0 1)              87.718
14970      (1 0 2 3 1 2 1)              87.717
14971      (1 0 2 3 2 1 1)              87.716
14972      (1 0 1 2 2 2 1)              87.714
14973      (1 0 2 4 0 0 0)              87.712
14974      (1 0 0 3 0 0 0)              87.710
14975      (1 0 2 5 2 1 1)              87.708
14976      (1 0 4 2 1 2 1)              87.706
14977      (1 0 2 6 1 2 1)              87.704
14978      (1 0 4 2 1 2 1)              87.702
14979      (1 0 2 3 1 0 1)              87.700
14980      (1 0 4 3 1 1 1)              87.697
14981      (1 0 2 6 1 1 0)              87.694
14982      (1 0 2 6 1 2 1)              87.693
14983      (1 0 1 5 1 1 1)              87.689
14984      (1 0 2 2 1 0 1)              87.687
14985      (1 0 2 3 0 0 0)              87.686
14986      (1 0 2 3 1 1 1)              87.684
14987      (1 0 2 3 1 0 1)              87.682
14988      (1 0 2 3 1 1 1)              87.680
14989      (1 0 1 3 1 2 1)              87.678
14990      (1 0 4 6 0 2 0)              87.675
14991      (1 0 3 5 0 2 0)              87.672
14992      (1 0 2 3 1 2 1)              87.671
14993      (1 0 1 5 1 1 1)              87.667
14994      (1 0 2 3 0 0 1)              87.665
14995      (1 0 2 3 1 0 1)              87.663
14996      (1 0 2 3 1 2 1)              87.661
14997      (1 0 0 0 2 2 1)              87.660
14998      (1 0 2 3 1 2 1)              87.659
14999      (1 0 4 4 0 2 0)              87.656
15000      (1 0 2 3 1 1 1)              87.654
15001      (1 0 2 3 1 2 1)              87.653
15002      (1 0 3 3 2 1 2)              87.649
15003      (1 0 2 3 1 1 1)              87.647
15004      (1 0 2 2 1 2 1)              87.646
15005      (1 0 2 3 0 2 0)              87.643
15006      (1 0 2 6 1 2 1)              87.641
15007      (1 0 4 2 1 2 1)              87.639
15008      (1 0 2 3 1 1 0)              87.636
15009      (1 0 2 6 1 2 1)              87.634
15010      (1 0 4 3 1 0 1)              87.631
15011      (1 0 4 2 1 1 1)              87.631
15012      (1 0 1 5 1 1 1)              87.627
15013      (1 0 0 3 1 1 1)              87.626
15014      (1 0 2 3 1 2 1)              87.625
15015      (1 0 2 3 1 2 1)              87.624
15016      (1 0 2 3 0 0 0)              87.622
15017      (1 0 4 2 0 0 0)              87.618
15018      (1 0 2 6 1 2 1)              87.616
15019      (1 0 2 3 1 1 1)              87.614
15020      (1 0 2 3 1 2 1)              87.613
15021      (1 0 1 3 1 0 1)              87.611
15022      (0 1 4 6 1 0 1)              87.606
15023      (1 0 2 3 1 2 1)              87.606
15024      (1 0 2 2 1 2 1)              87.605
15025      (1 0 4 2 1 2 1)              87.603
15026      (1 0 1 5 1 1 1)              87.599
15027      (1 0 0 0 0 0 0)              87.599
15028      (1 0 4 5 1 2 0)              87.596
15029      (1 0 1 2 1 2 1)              87.594
15030      (1 0 0 0 0 0 0)              87.590
15031      (1 0 1 5 1 1 1)              87.586
15032      (1 0 0 3 0 0 0)              87.583
15033      (1 0 1 0 0 0 0)              87.580
15034      (1 0 2 0 2 1 2)              87.577
15035      (1 0 2 6 1 1 1)              87.576
15036      (1 0 2 5 0 2 0)              87.574
15037      (1 0 2 6 1 2 1)              87.573
15038      (1 0 1 5 1 1 1)              87.569
15039      (1 0 4 6 1 2 1)              87.568
15040      (1 0 1 5 1 2 1)              87.565
15041      (1 0 4 6 1 2 1)              87.565
15042      (1 0 0 0 1 2 1)              87.564
15043      (1 0 4 0 2 2 1)              87.560
15044      (1 0 2 3 1 0 1)              87.558
15045      (1 0 4 6 1 2 1)              87.557
15046      (1 0 2 3 1 0 1)              87.555
15047      (1 0 2 3 1 2 1)              87.554
15048      (1 0 2 3 1 0 1)              87.552
15049      (1 0 0 0 1 0 1)              87.550
15050      (1 0 2 3 1 0 1)              87.548
15051      (1 0 2 5 1 0 1)              87.546
15052      (1 0 2 3 1 2 1)              87.544
15053      (1 0 4 6 1 2 1)              87.543
15054      (1 0 2 2 1 0 1)              87.541
15055      (1 0 0 0 1 2 1)              87.540
15056      (1 0 2 3 1 1 1)              87.539
15057      (1 0 4 3 0 1 0)              87.536
15058      (1 0 2 6 1 2 1)              87.535
15059      (1 0 2 3 0 0 0)              87.534
15060      (1 0 2 3 1 1 1)              87.532
15061      (1 0 1 3 1 0 1)              87.529
15062      (1 0 1 3 1 0 1)              87.526
15063      (1 0 2 3 2 1 2)              87.522
15064      (1 0 4 0 0 0 0)              87.519
15065      (1 0 0 3 1 1 1)              87.518
15066      (1 0 3 0 0 2 1)              87.515
15067      (1 0 2 6 1 2 1)              87.513
15068      (1 0 2 3 2 2 1)              87.511
15069      (1 0 1 5 1 1 1)              87.507
15070      (1 0 2 6 1 1 1)              87.507
15071      (1 0 3 3 1 1 1)              87.505
15072      (1 0 0 0 1 0 1)              87.504
15073      (1 0 2 6 1 1 1)              87.503
15074      (1 0 2 3 1 1 1)              87.500
15075      (1 0 2 3 2 2 2)              87.499
15076      (1 0 0 5 1 0 0)              87.498
15077      (1 0 2 2 1 0 1)              87.496
15078      (1 0 2 3 1 2 1)              87.495
15079      (1 0 2 6 1 2 1)              87.493
15080      (1 0 2 3 1 0 1)              87.491
15081      (1 0 2 3 1 0 1)              87.489
15082      (1 0 3 2 2 2 1)              87.485
15083      (1 0 2 3 1 1 1)              87.482
15084      (1 0 2 3 1 0 1)              87.480
15085      (1 0 2 3 1 2 1)              87.479
15086      (1 0 2 0 2 1 2)              87.476
15087      (1 0 1 5 1 1 1)              87.473
15088      (1 0 0 4 0 0 0)              87.473
15089      (1 0 1 0 1 0 1)              87.472
15090      (1 0 2 2 1 1 1)              87.471
15091      (1 0 2 6 1 1 1)              87.470
15092      (1 0 1 0 1 1 1)              87.467
15093      (1 0 4 6 1 2 1)              87.467
15094      (1 0 2 3 2 1 2)              87.463
15095      (1 0 0 0 1 2 0)              87.462
15096      (1 0 2 4 0 0 0)              87.460
15097      (1 0 2 3 1 2 1)              87.459
15098      (1 0 1 5 1 1 1)              87.458
15099      (1 0 1 5 2 2 2)              87.457
15100      (1 0 4 2 1 2 1)              87.455
15101      (1 0 1 5 1 1 1)              87.451
15102      (1 0 0 0 0 0 0)              87.449
15103      (1 0 0 0 1 2 0)              87.448
15104      (1 0 4 4 0 2 0)              87.446
15105      (1 0 2 3 0 0 0)              87.442
15106      (1 0 2 6 1 2 1)              87.440
15107      (1 0 2 5 1 0 1)              87.438
15108      (1 0 1 5 1 1 1)              87.434
15109      (1 0 4 0 1 2 1)              87.431
15110      (1 0 1 1 2 1 2)              87.427
15111      (1 0 1 4 1 1 1)              87.424
15112      (1 0 2 6 1 2 1)              87.423
15113      (1 0 2 3 1 0 1)              87.421
15114      (1 0 4 4 0 2 0)              87.420
15115      (1 0 2 3 1 0 1)              87.417
15116      (1 0 4 4 0 2 0)              87.416
15117      (1 0 2 3 1 2 0)              87.414
15118      (1 0 1 5 1 1 1)              87.410
15119      (1 0 1 3 1 0 1)              87.408
15120      (1 0 4 2 1 2 1)              87.406
15121      (1 0 1 5 1 2 1)              87.402
15122      (1 0 1 5 1 1 1)              87.398
15123      (1 0 2 3 1 0 1)              87.396
15124      (1 0 2 3 1 1 1)              87.394
15125      (1 0 2 3 1 0 1)              87.392
15126      (1 0 4 0 2 2 1)              87.388
15127      (1 0 1 2 1 2 1)              87.386
15128      (1 0 2 3 1 1 1)              87.384
15129      (1 0 1 5 1 1 1)              87.380
15130      (1 0 2 3 1 0 1)              87.378
15131      (1 0 4 2 0 0 0)              87.374
15132      (1 0 0 0 2 2 2)              87.372
15133      (1 0 2 3 1 2 1)              87.372
15134      (1 0 2 3 2 1 2)              87.371
15135      (1 0 4 2 0 0 0)              87.367
15136      (1 0 1 5 1 1 1)              87.364
15137      (1 0 0 0 0 0 0)              87.361
15138      (1 0 4 2 1 2 1)              87.359
15139      (1 0 0 3 0 0 0)              87.356
15140      (1 0 2 3 1 0 1)              87.354
15141      (1 0 1 5 1 1 1)              87.353
15142      (1 0 4 3 1 0 1)              87.350
15143      (1 0 1 6 0 0 0)              87.349
15144      (1 0 2 3 1 2 1)              87.348
15145      (1 0 2 3 1 2 1)              87.346
15146      (1 0 2 3 1 1 1)              87.344
15147      (1 0 1 5 1 1 1)              87.341
15148      (1 0 2 3 1 2 1)              87.340
15149      (1 0 4 3 1 0 1)              87.338
15150      (1 0 1 5 1 2 1)              87.335
15151      (1 0 2 3 1 1 1)              87.333
15152      (1 0 2 3 1 0 1)              87.331
15153      (1 0 2 3 1 0 1)              87.329
15154      (1 0 2 6 1 1 1)              87.327
15155      (1 0 2 3 1 1 1)              87.325
15156      (1 0 4 1 0 2 1)              87.322
15157      (1 0 2 3 1 2 1)              87.321
15158      (1 0 0 0 0 0 0)              87.317
15159      (1 0 2 3 2 1 2)              87.313
15160      (0 0 4 6 1 2 0)              87.310
15161      (1 0 2 3 2 1 2)              87.310
15162      (1 0 2 3 1 1 1)              87.308
15163      (1 0 3 2 1 2 1)              87.306
15164      (1 0 4 2 1 1 1)              87.303
15165      (1 0 2 3 1 0 1)              87.302
15166      (1 0 2 3 1 0 1)              87.300
15167      (1 0 0 3 1 1 1)              87.299
15168      (1 0 1 5 1 2 1)              87.297
15169      (1 0 2 3 1 2 1)              87.296
15170      (1 0 1 5 1 1 1)              87.292
15171      (1 0 4 3 1 2 0)              87.292
15172      (1 0 2 3 1 1 1)              87.289
15173      (1 0 2 3 1 0 1)              87.287
15174      (1 0 1 4 2 1 1)              87.285
15175      (1 0 1 5 1 1 1)              87.281
15176      (1 0 1 0 1 1 1)              87.278
15177      (1 0 2 5 2 1 1)              87.276
15178      (1 0 2 3 1 2 1)              87.276
15179      (1 0 2 3 1 1 1)              87.274
15180      (1 0 2 5 1 0 1)              87.272
15181      (1 0 2 3 1 0 1)              87.270
15182      (1 0 2 3 1 2 1)              87.268
15183      (1 0 4 2 1 2 1)              87.266
15184      (1 0 2 2 1 0 1)              87.265
15185      (1 0 4 2 2 2 1)              87.264
15186      (1 0 2 3 1 0 1)              87.262
15187      (1 0 1 0 1 1 1)              87.259
15188      (1 0 0 5 1 0 0)              87.258
15189      (1 0 2 3 1 2 1)              87.256
15190      (1 0 2 3 1 2 1)              87.257
15191      (1 0 1 5 1 1 1)              87.256
15192      (1 0 2 3 1 2 1)              87.254
15193      (1 0 1 5 1 1 1)              87.250
15194      (1 0 2 6 1 1 1)              87.250
15195      (1 0 2 6 1 2 1)              87.248
15196      (1 0 2 3 1 1 1)              87.246
15197      (1 0 2 3 0 0 0)              87.247
15198      (1 0 2 3 1 2 1)              87.246
15199      (1 0 2 3 1 0 1)              87.246
15200      (1 0 2 3 1 2 1)              87.245
15201      (1 0 1 5 1 2 1)              87.244
15202      (1 0 2 3 1 1 1)              87.242
15203      (1 0 2 4 0 0 0)              87.240
15204      (1 0 0 3 1 1 0)              87.238
15205      (1 0 2 3 1 2 1)              87.239
15206      (1 0 2 3 1 0 1)              87.237
15207      (1 0 1 3 1 0 1)              87.236
15208      (1 0 2 5 2 1 1)              87.234
15209      (1 0 2 3 1 1 1)              87.232
15210      (1 0 2 3 2 1 2)              87.232
15211      (1 0 4 0 1 1 0)              87.231
15212      (1 0 2 3 2 2 2)              87.230
15213      (1 0 4 6 1 2 1)              87.229
15214      (1 0 2 3 1 2 1)              87.228
15215      (1 0 4 2 1 2 1)              87.226
15216      (1 0 2 6 0 0 1)              87.224
15217      (1 1 0 6 0 2 0)              87.221
15218      (1 0 2 3 1 1 1)              87.219
15219      (1 0 2 3 0 2 0)              87.216
15220      (1 0 2 6 1 2 1)              87.213
15221      (1 0 2 6 1 2 1)              87.211
15222      (1 0 0 3 1 1 1)              87.210
15223      (1 0 1 0 1 1 1)              87.207
15224      (1 0 4 4 0 2 0)              87.206
15225      (1 0 2 6 1 1 1)              87.206
15226      (1 0 0 5 1 1 1)              87.205
15227      (1 0 4 2 1 2 1)              87.203
15228      (1 0 2 3 1 2 1)              87.202
15229      (1 0 3 1 1 2 1)              87.201
15230      (1 0 2 3 1 1 1)              87.199
15231      (1 0 1 5 1 1 1)              87.195
15232      (1 0 2 3 1 1 1)              87.193
15233      (1 0 4 2 1 2 1)              87.191
15234      (1 0 0 0 1 1 1)              87.189
15235      (1 0 2 3 2 1 2)              87.188
15236      (1 0 2 3 1 0 1)              87.186
15237      (1 0 0 0 1 0 1)              87.186
15238      (1 0 2 6 1 2 1)              87.184
15239      (1 0 2 3 1 0 1)              87.182
15240      (1 0 2 3 2 1 2)              87.182
15241      (1 0 2 5 1 1 1)              87.181
15242      (1 0 4 2 1 2 1)              87.179
15243      (1 0 2 3 0 0 0)              87.180
15244      (1 0 2 3 2 2 2)              87.179
15245      (1 0 1 3 0 1 0)              87.175
15246      (1 0 2 3 2 2 2)              87.174
15247      (1 0 2 3 1 1 1)              87.172
15248      (1 0 2 6 1 1 1)              87.170
15249      (1 0 1 5 1 1 1)              87.166
15250      (1 0 2 6 1 1 0)              87.165
15251      (1 0 2 6 1 2 1)              87.163
15252      (1 0 0 0 0 0 0)              87.160
15253      (1 0 2 3 1 0 1)              87.158
15254      (1 0 2 3 2 1 2)              87.154
15255      (1 0 2 3 2 2 2)              87.153
15256      (1 0 0 0 0 0 0)              87.152
15257      (1 0 2 3 0 0 0)              87.149
15258      (1 0 0 0 1 0 1)              87.148
15259      (1 0 2 6 1 2 1)              87.146
15260      (1 0 3 2 1 1 1)              87.143
15261      (1 0 2 3 2 2 2)              87.142
15262      (1 0 2 3 1 2 1)              87.141
15263      (1 0 2 6 1 1 1)              87.140
15264      (1 0 2 2 0 0 0)              87.138
15265      (1 0 4 3 1 2 0)              87.138
15266      (1 0 3 2 1 2 1)              87.136
15267      (1 0 2 6 1 2 1)              87.135
15268      (1 0 0 0 1 1 1)              87.133
15269      (1 0 0 0 1 1 1)              87.132
15270      (1 0 2 5 1 0 1)              87.130
15271      (1 0 0 0 1 0 1)              87.128
15272      (1 0 2 5 1 2 1)              87.127
15273      (1 0 2 6 1 2 1)              87.126
15274      (1 0 2 3 0 2 0)              87.124
15275      (1 0 4 0 1 2 1)              87.121
15276      (1 0 2 3 0 0 0)              87.117
15277      (1 0 2 3 1 0 1)              87.115
15278      (1 0 2 3 2 1 2)              87.111
15279      (1 0 2 3 1 0 1)              87.110
15280      (1 0 0 3 2 1 1)              87.108
15281      (1 0 4 2 2 2 1)              87.107
15282      (1 0 4 5 1 2 0)              87.104
15283      (1 0 1 5 1 1 1)              87.100
15284      (1 0 2 6 1 2 1)              87.098
15285      (1 0 3 2 1 2 0)              87.095
15286      (1 0 3 3 1 0 1)              87.093
15287      (1 0 2 3 2 1 2)              87.092
15288      (1 0 0 0 1 2 1)              87.091
15289      (1 0 0 3 1 1 1)              87.090
15290      (1 0 2 3 0 0 0)              87.091
15291      (1 0 3 2 1 1 1)              87.088
15292      (1 0 1 2 0 0 0)              87.084
15293      (1 0 0 0 0 2 0)              87.082
15294      (1 0 4 3 1 1 1)              87.079
15295      (1 0 2 4 1 0 1)              87.077
15296      (1 0 2 3 1 1 1)              87.075
15297      (1 0 2 3 2 1 2)              87.074
15298      (1 0 4 3 1 2 1)              87.071
15299      (1 0 3 1 1 1 1)              87.069
15300      (1 0 2 6 1 1 1)              87.069
15301      (1 0 2 3 1 2 1)              87.068
15302      (1 0 1 5 1 1 1)              87.065
15303      (1 0 4 2 1 2 1)              87.063
15304      (1 0 2 3 1 2 1)              87.062
15305      (1 0 2 3 1 1 1)              87.059
15306      (1 0 2 6 1 1 1)              87.057
15307      (1 0 2 3 0 2 0)              87.054
15308      (1 0 2 3 2 2 1)              87.052
15309      (1 0 2 6 1 2 1)              87.050
15310      (1 0 2 6 1 2 1)              87.048
15311      (1 0 4 5 1 2 0)              87.045
15312      (1 0 1 0 1 1 1)              87.042
15313      (1 0 1 5 1 2 1)              87.040
15314      (1 0 1 5 1 1 1)              87.038
15315      (1 0 3 2 1 2 1)              87.037
15316      (1 0 2 3 0 0 0)              87.036
15317      (1 0 2 3 1 0 1)              87.034
15318      (1 0 2 3 0 2 0)              87.031
15319      (1 0 4 6 0 1 0)              87.028
15320      (1 0 2 4 0 0 0)              87.026
15321      (1 0 2 4 1 1 1)              87.023
15322      (1 0 2 3 2 1 2)              87.019
15323      (1 0 3 2 1 2 1)              87.017
15324      (1 0 2 6 1 2 0)              87.016
15325      (1 0 2 2 1 2 0)              87.015
15326      (1 0 2 3 1 0 1)              87.014
15327      (1 0 1 1 1 0 1)              87.013
15328      (1 0 2 6 1 2 1)              87.011
15329      (1 0 3 2 1 2 1)              87.009
15330      (1 0 2 3 2 1 2)              87.008
15331      (1 0 1 5 1 1 1)              87.004
15332      (1 0 4 2 1 2 1)              87.002
15333      (1 0 2 6 1 2 1)              87.000
15334      (1 0 2 3 0 1 0)              86.997
15335      (1 0 4 5 1 2 0)              86.994
15336      (1 0 1 5 1 2 1)              86.991
15337      (1 0 1 5 1 1 1)              86.987
15338      (1 0 2 3 1 1 1)              86.985
15339      (1 0 0 0 1 2 0)              86.984
15340      (1 0 2 3 0 0 0)              86.980
15341      (1 0 3 2 1 1 1)              86.977
15342      (1 0 1 5 1 1 1)              86.974
15343      (1 0 2 3 1 2 1)              86.973
15344      (1 0 0 0 1 1 1)              86.971
15345      (1 0 2 3 1 1 1)              86.970
15346      (1 0 0 3 1 1 1)              86.969
15347      (1 0 1 0 1 1 1)              86.966
15348      (1 0 2 6 1 2 1)              86.964
15349      (1 0 3 2 1 2 1)              86.962
15350      (1 0 2 3 1 0 1)              86.961
15351      (1 0 2 3 1 1 1)              86.959
15352      (1 0 2 3 1 1 1)              86.957
15353      (1 0 2 6 1 2 1)              86.955
15354      (1 0 1 3 1 1 1)              86.952
15355      (1 0 2 3 1 0 1)              86.950
15356      (1 0 1 5 1 1 1)              86.946
15357      (1 0 2 6 1 1 1)              86.944
15358      (1 0 2 5 1 0 1)              86.942
15359      (1 0 2 3 1 2 1)              86.941
15360      (1 0 2 3 1 0 1)              86.939
15361      (1 0 3 3 1 1 1)              86.937
15362      (1 0 1 5 1 1 1)              86.934
15363      (1 0 2 6 1 1 1)              86.931
15364      (1 0 4 2 0 0 0)              86.927
15365      (1 0 4 3 0 2 0)              86.925
15366      (1 0 3 2 1 1 1)              86.922
15367      (1 0 0 3 1 1 1)              86.921
15368      (1 0 2 6 1 2 1)              86.918
15369      (1 0 2 3 1 0 1)              86.916
15370      (1 0 0 1 1 1 1)              86.914
15371      (1 0 1 0 1 1 1)              86.912
15372      (1 0 2 3 1 0 1)              86.910
15373      (1 0 2 3 1 0 1)              86.908
15374      (1 0 0 0 1 0 1)              86.906
15375      (1 0 2 3 1 2 1)              86.905
15376      (1 0 1 5 1 2 1)              86.901
15377      (1 0 0 0 1 2 1)              86.900
15378      (1 0 2 3 1 2 1)              86.899
15379      (1 0 2 6 1 1 1)              86.896
15380      (1 0 1 0 1 1 1)              86.893
15381      (1 0 4 2 2 1 2)              86.892
15382      (1 0 2 3 2 2 1)              86.890
15383      (1 0 2 6 1 1 0)              86.888
15384      (1 0 2 3 2 1 2)              86.884
15385      (1 0 2 3 2 0 2)              86.882
15386      (1 0 2 3 1 2 0)              86.880
15387      (1 0 2 3 1 0 2)              86.880
15388      (1 0 4 3 1 0 1)              86.877
15389      (1 0 2 3 1 1 1)              86.876
15390      (1 0 4 3 2 1 1)              86.874
15391      (1 0 0 0 1 0 1)              86.872
15392      (1 0 2 3 1 2 1)              86.872
15393      (1 0 2 3 1 0 1)              86.870
15394      (1 0 2 2 2 2 1)              86.868
15395      (1 0 4 3 1 0 1)              86.865
15396      (1 0 3 2 1 2 1)              86.863
15397      (1 0 4 2 0 0 0)              86.859
15398      (1 0 0 5 1 0 0)              86.858
15399      (1 0 2 5 1 0 1)              86.856
15400      (1 0 2 3 1 2 1)              86.855
15401      (1 0 4 6 1 2 1)              86.855
15402      (1 0 0 3 1 1 0)              86.853
15403      (1 0 2 3 1 0 1)              86.852
15404      (1 0 2 3 1 1 1)              86.850
15405      (1 0 3 3 1 1 1)              86.848
15406      (1 0 2 5 1 2 1)              86.848
15407      (1 0 2 3 1 1 1)              86.846
15408      (1 0 2 3 2 1 2)              86.845
15409      (1 0 2 3 2 2 2)              86.844
15410      (1 0 0 0 1 0 1)              86.843
15411      (1 0 0 0 1 2 0)              86.842
15412      (1 0 2 3 1 0 1)              86.840
15413      (1 0 2 3 1 2 1)              86.839
15414      (1 0 0 0 0 0 0)              86.835
15415      (1 0 2 0 2 1 2)              86.832
15416      (1 0 4 4 2 1 1)              86.831
15417      (1 0 0 0 1 2 0)              86.830
15418      (1 0 2 3 1 1 1)              86.828
15419      (1 0 2 3 1 2 1)              86.826
15420      (1 0 2 3 1 0 1)              86.825
15421      (1 0 1 3 1 0 1)              86.823
15422      (1 0 1 5 1 1 1)              86.819
15423      (1 0 2 3 1 2 1)              86.817
15424      (1 0 3 1 1 1 1)              86.815
15425      (1 0 0 0 1 2 0)              86.814
15426      (1 0 1 0 1 0 1)              86.813
15427      (1 0 3 2 1 1 1)              86.811
15428      (1 0 4 2 1 2 1)              86.809
15429      (1 0 2 3 1 2 1)              86.809
15430      (1 0 2 3 1 1 1)              86.807
15431      (1 0 2 3 1 1 1)              86.806
15432      (1 0 2 3 1 2 1)              86.805
15433      (1 0 2 3 1 1 1)              86.804
15434      (1 0 2 3 0 2 0)              86.801
15435      (1 0 3 1 1 1 1)              86.799
15436      (1 0 2 3 2 0 2)              86.796
15437      (1 0 2 3 1 0 1)              86.795
15438      (1 0 2 6 1 2 1)              86.793
15439      (1 0 2 3 2 2 2)              86.792
15440      (1 0 0 0 2 2 1)              86.791
15441      (1 0 2 3 1 2 1)              86.790
15442      (1 0 2 3 2 1 2)              86.790
15443      (1 0 2 3 0 2 0)              86.787
15444      (1 0 2 5 1 2 1)              86.787
15445      (1 0 2 3 2 0 2)              86.787
15446      (1 0 4 6 1 2 1)              86.786
15447      (1 0 1 5 1 1 1)              86.782
15448      (1 0 1 5 1 2 1)              86.779
15449      (1 0 0 0 1 2 0)              86.778
15450      (1 0 4 4 0 2 0)              86.777
15451      (1 0 2 3 2 0 2)              86.777
15452      (1 0 2 3 1 2 1)              86.776
15453      (1 0 2 6 1 1 1)              86.776
15454      (1 0 2 3 1 0 1)              86.774
15455      (1 0 1 5 1 2 1)              86.772
15456      (1 0 4 3 1 1 1)              86.770
15457      (1 0 2 0 2 1 2)              86.767
15458      (1 0 0 0 0 0 0)              86.763
15459      (1 0 4 2 1 2 1)              86.761
15460      (1 0 1 5 1 2 1)              86.757
15461      (1 0 1 5 1 1 1)              86.754
15462      (1 0 0 0 1 1 1)              86.752
15463      (1 0 2 3 0 0 0)              86.748
15464      (1 0 4 5 1 2 0)              86.745
15465      (1 0 4 2 1 2 1)              86.743
15466      (1 0 2 3 2 1 2)              86.742
15467      (1 0 4 2 0 0 0)              86.738
15468      (1 0 2 3 1 2 1)              86.736
15469      (1 0 2 6 1 2 1)              86.734
15470      (1 0 2 3 1 0 1)              86.733
15471      (1 0 3 3 1 0 1)              86.731
15472      (1 0 2 6 1 0 1)              86.731
15473      (1 0 2 3 1 1 1)              86.729
15474      (1 0 2 3 2 1 2)              86.725
15475      (1 0 2 3 2 1 2)              86.721
15476      (1 0 2 6 1 2 1)              86.719
15477      (1 0 2 3 1 1 1)              86.717
15478      (1 0 1 5 1 1 1)              86.716
15479      (1 0 0 5 1 1 1)              86.715
15480      (1 0 2 6 1 2 1)              86.713
15481      (1 0 4 0 2 2 1)              86.710
15482      (1 0 2 3 1 2 1)              86.709
15483      (1 0 0 0 1 2 0)              86.708
15484      (1 0 2 3 2 1 2)              86.704
15485      (1 0 0 3 1 1 1)              86.703
15486      (1 0 2 3 1 0 1)              86.702
15487      (1 0 1 5 1 1 1)              86.698
15488      (1 0 2 0 2 1 2)              86.695
15489      (1 0 3 2 2 2 1)              86.693
15490      (1 0 2 3 1 0 1)              86.692
15491      (1 0 2 3 1 1 1)              86.691
15492      (1 0 2 3 1 1 1)              86.688
15493      (1 0 2 3 0 2 0)              86.685
15494      (1 0 2 3 1 0 1)              86.684
15495      (1 0 2 4 1 1 1)              86.681
15496      (1 0 2 3 1 0 1)              86.680
15497      (1 0 4 2 1 2 1)              86.678
15498      (1 0 2 3 1 0 1)              86.676
15499      (1 0 4 0 1 2 1)              86.673
15500      (1 0 2 3 2 2 2)              86.672
15501      (1 0 0 1 1 1 1)              86.670
15502      (1 0 4 2 1 2 1)              86.669
15503      (1 0 1 5 1 1 1)              86.665
15504      (1 0 2 3 1 2 0)              86.663
15505      (1 0 1 0 1 1 1)              86.660
15506      (1 0 2 3 1 2 1)              86.659
15507      (1 0 2 3 1 0 2)              86.656
15508      (1 0 2 3 2 2 2)              86.655
15509      (1 0 4 4 0 2 0)              86.653
15510      (1 0 2 3 1 1 1)              86.651
15511      (1 0 2 6 1 2 1)              86.650
15512      (1 0 0 0 1 2 1)              86.649
15513      (1 0 0 3 0 0 0)              86.646
15514      (1 0 2 3 2 1 2)              86.645
15515      (1 0 2 3 1 2 1)              86.643
15516      (1 0 2 3 1 0 1)              86.641
15517      (1 0 2 3 1 1 1)              86.638
15518      (1 0 2 6 1 2 1)              86.636
15519      (1 0 2 6 1 1 1)              86.636
15520      (1 1 0 6 0 2 0)              86.633
15521      (1 0 0 0 1 2 0)              86.632
15522      (1 0 4 4 0 2 0)              86.630
15523      (1 0 0 5 1 1 1)              86.629
15524      (1 0 2 3 1 2 1)              86.628
15525      (1 0 2 3 1 1 1)              86.626
15526      (1 0 0 3 0 0 0)              86.623
15527      (1 0 0 5 0 2 0)              86.621
15528      (1 0 0 0 0 0 0)              86.618
15529      (1 0 4 6 1 2 1)              86.617
15530      (1 0 4 2 2 2 1)              86.616
15531      (1 0 4 3 1 0 1)              86.613
15532      (1 0 3 2 1 2 1)              86.611
15533      (1 0 2 3 1 1 1)              86.609
15534      (1 0 2 2 1 0 1)              86.607
15535      (1 0 2 3 1 0 1)              86.605
15536      (1 0 0 0 1 2 0)              86.604
15537      (1 0 1 5 1 1 1)              86.603
15538      (1 0 4 2 1 2 1)              86.601
15539      (1 0 2 3 1 0 1)              86.599
15540      (1 0 4 4 0 2 0)              86.598
15541      (1 0 4 1 2 1 2)              86.595
15542      (1 0 2 3 0 2 0)              86.593
15543      (1 0 4 3 1 0 1)              86.591
15544      (1 0 2 3 1 2 1)              86.590
15545      (1 0 2 3 2 2 2)              86.589
15546      (1 0 4 3 1 2 1)              86.588
15547      (1 0 4 2 1 2 1)              86.587
15548      (1 0 3 2 1 2 1)              86.585
15549      (1 0 2 6 1 2 1)              86.583
15550      (1 0 1 5 1 1 1)              86.579
15551      (1 0 2 3 1 0 1)              86.580
15552      (1 0 2 6 1 2 1)              86.577
15553      (1 0 1 3 0 1 0)              86.573
15554      (1 0 4 2 1 2 1)              86.571
15555      (1 0 2 3 1 0 1)              86.572
15556      (1 0 4 6 1 2 1)              86.572
15557      (1 0 4 6 1 2 1)              86.571
15558      (1 0 2 3 1 0 1)              86.569
15559      (1 0 4 4 2 1 2)              86.566
15560      (1 0 1 1 2 1 2)              86.562
15561      (1 0 4 2 1 2 1)              86.560
15562      (1 0 2 3 1 2 1)              86.559
15563      (1 0 2 6 1 2 1)              86.557
15564      (1 0 2 3 1 2 1)              86.556
15565      (1 0 1 5 1 1 1)              86.552
15566      (1 0 1 3 1 1 1)              86.550
15567      (1 0 4 0 2 2 1)              86.546
15568      (1 0 2 3 1 1 1)              86.544
15569      (1 0 2 3 2 2 2)              86.543
15570      (1 0 2 3 1 0 1)              86.541
15571      (1 0 1 5 1 1 1)              86.537
15572      (1 0 2 3 1 1 1)              86.536
15573      (1 0 4 6 1 1 1)              86.535
15574      (1 0 2 6 1 2 1)              86.533
15575      (1 0 2 3 2 1 2)              86.532
15576      (1 0 2 3 1 2 1)              86.530
15577      (1 0 1 0 1 1 1)              86.527
15578      (1 0 1 5 1 1 1)              86.523
15579      (1 0 2 3 1 0 1)              86.521
15580      (1 0 2 3 1 2 1)              86.520
15581      (1 0 0 0 1 0 1)              86.519
15582      (1 0 2 6 1 2 1)              86.517
15583      (1 0 4 2 0 0 0)              86.513
15584      (1 0 4 2 1 2 1)              86.511
15585      (1 0 1 5 1 2 1)              86.507
15586      (1 0 1 2 2 2 1)              86.505
15587      (1 0 2 6 1 2 1)              86.503
15588      (1 0 4 3 1 1 1)              86.500
15589      (1 0 1 5 1 2 1)              86.496
15590      (1 0 2 3 1 2 1)              86.495
15591      (1 0 0 0 2 2 1)              86.494
15592      (1 0 4 2 2 1 2)              86.493
15593      (1 0 2 5 1 0 1)              86.491
15594      (1 0 2 3 1 2 1)              86.490
15595      (1 0 2 3 1 0 1)              86.488
15596      (1 0 0 3 1 1 1)              86.487
15597      (1 0 2 3 1 2 1)              86.486
15598      (1 0 4 2 1 2 1)              86.485
15599      (1 0 1 5 1 1 1)              86.481
15600      (1 0 2 6 1 2 1)              86.479
15601      (1 0 2 6 1 1 1)              86.477
15602      (1 0 4 6 1 2 1)              86.477
15603      (1 0 1 3 1 0 1)              86.475
15604      (1 0 2 3 1 2 1)              86.474
15605      (1 0 3 0 2 2 1)              86.470
15606      (1 0 2 5 1 0 1)              86.469
15607      (1 0 1 6 2 2 1)              86.467
15608      (1 0 2 6 1 1 1)              86.467
15609      (1 0 2 6 1 2 1)              86.466
15610      (1 0 2 3 1 2 1)              86.465
15611      (1 0 2 3 1 2 1)              86.464
15612      (1 0 4 3 1 1 1)              86.463
15613      (1 0 0 3 1 1 1)              86.462
15614      (1 0 2 3 1 0 1)              86.460
15615      (1 0 2 3 1 1 1)              86.458
15616      (1 0 1 0 0 2 0)              86.455
15617      (1 0 2 3 2 1 2)              86.452
15618      (1 0 3 2 1 2 1)              86.450
15619      (1 0 2 3 1 0 1)              86.448
15620      (1 0 4 0 1 2 1)              86.445
15621      (1 0 1 5 1 1 1)              86.441
15622      (1 0 2 3 1 1 1)              86.440
15623      (1 0 4 4 2 1 1)              86.439
15624      (1 0 4 6 1 1 1)              86.438
15625      (1 0 4 4 0 2 0)              86.437
15626      (0 0 3 6 0 0 0)              86.434
15627      (1 0 3 2 2 2 1)              86.432
15628      (1 0 2 3 1 0 1)              86.430
15629      (1 0 4 2 1 2 1)              86.428
15630      (1 0 2 3 1 2 1)              86.427
15631      (1 0 1 5 1 1 1)              86.423
15632      (1 0 2 3 2 1 2)              86.420
15633      (1 0 4 2 1 2 1)              86.418
15634      (1 0 0 0 1 2 0)              86.417
15637      (1 0 2 6 1 2 1)              86.415
15638      (1 0 1 3 1 1 1)              86.412
15639      (1 0 4 3 1 1 1)              86.409
15640      (1 0 3 2 1 1 1)              86.407
15641      (1 0 0 0 0 2 1)              86.407
15642      (1 0 3 1 1 1 1)              86.405
15643      (1 0 0 0 0 0 0)              86.401
15644      (1 0 2 5 2 1 1)              86.399
15645      (1 0 1 3 1 0 1)              86.397
15646      (1 0 3 2 1 2 1)              86.395
15647      (1 0 4 4 0 2 0)              86.393
15648      (1 0 2 2 2 2 1)              86.392
15649      (1 0 1 0 1 1 1)              86.389
15650      (1 0 0 0 1 2 1)              86.388
15651      (1 0 1 5 1 2 1)              86.386
15652      (1 0 4 2 1 2 1)              86.384
15653      (1 0 4 0 1 1 0)              86.383
15654      (1 0 2 4 1 1 1)              86.380
15655      (1 0 4 4 0 2 0)              86.378
15656      (1 0 4 4 0 2 0)              86.377
15657      (1 0 2 3 1 0 2)              86.374
15658      (1 0 2 3 1 0 1)              86.372
15659      (1 0 1 5 1 1 1)              86.368
15660      (1 0 2 3 1 2 1)              86.367
15661      (1 0 2 3 1 1 1)              86.365
15662      (1 0 4 2 0 0 0)              86.362
15663      (1 0 4 2 2 2 1)              86.361
15664      (1 0 2 3 1 0 1)              86.360
15665      (1 0 2 3 0 0 0)              86.361
15666      (1 0 2 3 1 2 1)              86.360
15667      (1 0 4 3 0 2 0)              86.358
15668      (1 0 2 3 1 2 1)              86.357
15669      (1 0 2 6 1 2 1)              86.356
15670      (1 0 2 2 1 0 1)              86.354
15671      (1 0 1 5 1 1 1)              86.353
15672      (1 0 2 3 1 0 1)              86.351
15673      (1 0 1 5 1 1 1)              86.348
15674      (1 0 2 3 1 1 1)              86.346
15675      (1 0 4 6 1 0 1)              86.346
15676      (1 0 2 3 1 1 1)              86.343
15677      (1 0 2 3 1 0 1)              86.341
15678      (1 0 2 6 1 2 1)              86.339
15679      (1 0 1 5 1 1 1)              86.335
15680      (1 0 4 2 1 2 1)              86.334
15681      (1 0 2 2 1 0 1)              86.332
15682      (1 0 2 3 1 0 1)              86.330
15683      (1 0 1 5 1 1 1)              86.326
15684      (1 0 2 3 0 0 0)              86.325
15685      (1 0 4 2 1 2 1)              86.323
15686      (1 0 0 0 1 2 0)              86.322
15687      (1 0 2 3 1 2 1)              86.323
15688      (1 0 2 6 1 2 1)              86.321
15689      (1 0 2 6 1 2 1)              86.320
15690      (1 0 2 3 1 0 1)              86.318
15691      (1 0 2 3 1 2 1)              86.317
15692      (1 0 2 3 1 0 1)              86.315
15693      (1 0 4 3 1 1 1)              86.312
15694      (1 0 0 0 1 2 1)              86.311
15695      (1 0 2 3 2 0 2)              86.308
15696      (1 0 2 6 1 2 1)              86.306
15697      (1 0 1 5 1 2 1)              86.304
15698      (1 0 0 0 0 2 0)              86.301
15699      (1 0 4 6 0 0 1)              86.300
15700      (1 0 2 3 2 1 2)              86.299
15701      (1 0 0 0 1 2 0)              86.298
15702      (1 0 2 4 1 1 1)              86.295
15703      (1 0 1 5 1 1 1)              86.292
15704      (1 0 2 6 1 2 1)              86.290
15705      (1 0 4 4 0 2 0)              86.289
15706      (1 0 2 3 1 0 1)              86.287
15707      (1 0 2 3 1 1 1)              86.285
15708      (1 0 1 5 1 2 1)              86.282
15709      (1 0 2 3 0 2 0)              86.280
15710      (1 0 2 3 1 0 1)              86.278
15711      (1 0 2 3 1 2 1)              86.277
15712      (1 0 0 3 0 0 0)              86.274
15713      (1 0 2 3 1 2 1)              86.273
15714      (1 0 2 3 1 0 1)              86.270
15715      (1 0 2 3 1 2 1)              86.269
15716      (1 0 2 3 1 0 1)              86.267
15717      (1 0 2 6 1 1 0)              86.266
15718      (1 0 2 6 1 2 1)              86.264
15719      (1 0 2 3 2 2 1)              86.262
15720      (1 0 2 6 1 2 1)              86.260
15721      (1 0 1 5 1 1 1)              86.256
15722      (1 0 0 0 1 2 0)              86.255
15723      (1 0 0 3 0 0 0)              86.254
15724      (1 0 4 2 0 0 0)              86.251
15725      (1 0 2 3 1 1 1)              86.249
15726      (1 0 1 5 1 1 1)              86.246
15727      (1 0 2 6 1 2 1)              86.243
15728      (1 0 4 4 0 2 0)              86.242
15729      (1 0 1 5 1 1 1)              86.241
15730      (1 0 2 3 1 2 1)              86.240
15731      (1 0 4 2 1 2 1)              86.238
15732      (1 0 2 3 1 2 1)              86.237
15733      (1 0 1 3 1 0 1)              86.235
15734      (1 0 2 3 1 0 1)              86.233
15735      (1 0 1 5 1 1 1)              86.229
15736      (1 0 1 5 1 2 1)              86.228
15737      (1 0 1 5 1 1 1)              86.227
15738      (1 0 1 2 1 2 1)              86.225
15739      (1 0 2 3 1 0 1)              86.223
15740      (1 0 2 3 2 1 2)              86.223
15741      (1 0 2 3 1 1 1)              86.221
15742      (1 0 2 3 1 2 1)              86.220
15743      (1 0 3 1 1 0 0)              86.218
15744      (1 0 2 6 0 0 1)              86.216
15745      (1 0 4 2 1 1 1)              86.214
15746      (1 0 3 6 2 2 2)              86.211
15747      (1 0 4 0 2 2 1)              86.207
15748      (1 0 2 6 1 2 1)              86.205
15749      (1 0 1 2 0 0 0)              86.202
15750      (1 0 0 3 1 1 1)              86.199
15751      (1 0 4 0 2 2 1)              86.195
15752      (1 0 2 3 1 1 1)              86.193
15753      (1 0 1 3 0 1 0)              86.190
15754      (1 0 2 2 1 0 1)              86.189
15755      (1 0 2 3 1 2 1)              86.188
15756      (1 0 4 2 1 1 1)              86.188
15757      (1 0 2 3 2 1 2)              86.187
15758      (1 0 0 0 1 1 1)              86.185
15759      (1 0 2 3 1 1 1)              86.183
15760      (1 0 4 4 0 2 0)              86.182
15761      (1 0 3 1 1 2 1)              86.181
15762      (1 0 2 4 1 1 1)              86.179
15763      (1 0 2 5 2 2 1)              86.176
15764      (1 0 1 0 1 1 1)              86.173
15765      (1 0 2 4 0 0 1)              86.170
15766      (1 0 4 2 0 0 0)              86.167
15767      (1 0 2 6 1 2 1)              86.165
15768      (1 0 1 5 1 1 1)              86.161
15769      (1 0 2 6 1 1 1)              86.158
15770      (1 0 1 5 1 1 1)              86.157
15771      (1 0 1 5 1 2 1)              86.155
15772      (1 0 2 5 1 0 1)              86.153
15773      (1 0 2 4 1 0 1)              86.151
15774      (1 0 4 2 1 2 1)              86.149
15775      (1 0 2 3 1 1 1)              86.147
15776      (1 0 2 3 1 1 1)              86.145
15777      (1 0 4 3 1 1 1)              86.142
15778      (1 0 2 3 1 2 1)              86.141
15779      (1 0 2 3 0 2 0)              86.138
15780      (1 0 1 3 0 1 0)              86.135
15781      (1 0 4 2 2 1 2)              86.134
15782      (1 0 1 5 1 1 1)              86.130
15783      (1 0 4 4 2 1 2)              86.126
15784      (1 0 2 3 1 1 1)              86.125
15785      (1 0 1 5 1 1 1)              86.122
15786      (1 0 2 3 1 1 1)              86.120
15787      (1 0 2 3 1 2 1)              86.119
15788      (1 0 2 3 2 1 2)              86.115
15789      (1 0 1 5 1 2 1)              86.113
15790      (1 0 1 5 1 1 1)              86.110
15791      (1 0 2 5 0 2 0)              86.108
15792      (1 0 2 3 1 1 1)              86.106
15793      (1 0 3 6 2 1 2)              86.103
15794      (1 0 4 3 1 2 0)              86.103
15795      (1 0 2 2 1 0 1)              86.101
15796      (1 0 2 3 1 2 1)              86.100
15797      (1 0 2 3 2 1 2)              86.096
15798      (1 0 4 0 1 2 1)              86.093
15799      (1 0 2 3 1 1 1)              86.091
15800      (1 0 1 5 2 2 2)              86.090
15801      (1 0 2 3 1 0 1)              86.089
15802      (1 0 2 3 2 1 2)              86.089
15803      (1 0 2 2 1 2 0)              86.088
15804      (1 0 0 3 1 1 1)              86.087
15805      (1 0 2 3 1 2 1)              86.086
15806      (1 0 0 0 1 1 1)              86.085
15807      (1 0 1 3 1 0 1)              86.084
15808      (1 0 4 4 0 2 0)              86.082
15809      (1 0 1 0 2 1 1)              86.078
15810      (1 0 2 3 1 0 1)              86.077
15811      (1 0 2 3 1 1 1)              86.075
15812      (1 0 1 5 2 2 2)              86.073
15813      (1 0 1 5 1 1 1)              86.069
15814      (1 0 0 0 0 2 0)              86.069
15815      (1 0 1 5 1 1 1)              86.066
15816      (1 0 1 5 1 1 1)              86.062
15817      (1 0 4 3 1 1 1)              86.059
15818      (1 0 2 3 2 1 2)              86.056
15819      (1 0 1 5 1 2 1)              86.053
15820      (1 0 2 2 1 2 1)              86.052
15821      (1 0 4 2 1 2 1)              86.050
15822      (1 0 4 4 2 1 1)              86.049
15823      (1 0 0 0 1 0 1)              86.048
15824      (1 0 2 3 2 2 1)              86.046
15825      (1 0 0 5 1 0 0)              86.046
15826      (1 0 2 6 1 2 1)              86.044
15827      (1 0 4 6 1 1 1)              86.045
15828      (1 0 2 6 1 2 1)              86.043
15829      (1 0 4 2 1 2 1)              86.041
15830      (1 0 2 0 2 1 2)              86.038
15831      (1 0 2 3 1 2 1)              86.037
15832      (1 0 2 3 1 2 1)              86.036
15833      (1 0 2 5 2 1 1)              86.034
15834      (1 0 0 0 1 2 0)              86.034
15835      (1 0 1 0 1 0 1)              86.033
15836      (1 0 4 2 1 2 1)              86.031
15837      (1 0 0 0 1 2 0)              86.030
15838      (1 0 4 4 2 1 1)              86.029
15839      (1 0 4 2 1 2 1)              86.027
15840      (1 0 1 5 1 2 1)              86.024
15841      (1 0 2 6 1 2 1)              86.021
15842      (1 0 4 2 1 2 1)              86.019
15843      (1 0 2 3 1 0 2)              86.017
15844      (1 0 0 4 0 0 0)              86.017
15845      (1 0 2 3 1 0 1)              86.018
15846      (1 0 2 3 1 1 1)              86.015
15847      (1 0 3 2 1 2 0)              86.013
15848      (1 0 2 3 1 2 1)              86.012
15849      (1 0 4 2 1 2 1)              86.010
15850      (1 0 2 3 1 2 1)              86.009
15851      (1 0 4 2 1 1 1)              86.009
15852      (1 0 0 0 0 0 0)              86.005
15853      (1 0 4 2 1 2 1)              86.003
15854      (1 0 2 3 2 1 2)              86.003
15855      (1 0 0 0 1 2 0)              86.002
15856      (1 0 1 5 1 1 1)              86.002
15857      (1 0 1 5 1 2 1)              85.998
15858      (1 0 0 0 0 2 0)              85.995
15859      (1 0 2 3 1 1 1)              85.992
15860      (1 0 1 5 1 1 1)              85.989
15861      (1 0 2 3 1 1 1)              85.987
15862      (1 0 4 2 1 2 1)              85.985
15863      (1 0 1 5 1 1 1)              85.982
15864      (1 0 4 0 2 2 1)              85.979
15865      (1 0 0 0 1 2 1)              85.978
15866      (1 0 4 3 1 1 1)              85.975
15867      (1 0 2 6 1 1 1)              85.975
15868      (1 0 2 3 1 1 1)              85.973
15869      (1 0 2 3 1 0 1)              85.971
15870      (1 0 2 3 1 2 0)              85.970
15871      (0 0 3 6 0 0 0)              85.966
15872      (1 0 4 0 2 2 1)              85.962
15873      (1 0 2 6 1 1 1)              85.962
15874      (1 0 2 5 0 2 0)              85.961
15875      (1 0 1 5 1 1 1)              85.957
15876      (1 0 1 5 1 1 1)              85.953
15877      (1 0 2 3 2 1 2)              85.952
15878      (1 0 4 4 2 1 1)              85.952
15879      (1 0 2 4 0 0 1)              85.949
15880      (1 0 2 3 1 0 1)              85.947
15881      (1 0 2 3 1 2 0)              85.945
15882      (1 0 0 2 0 2 0)              85.942
15883      (1 0 4 4 0 2 0)              85.942
15884      (1 0 2 3 1 2 1)              85.941
15885      (1 0 1 5 1 1 1)              85.937
15886      (1 0 2 4 1 1 1)              85.934
15887      (1 0 4 3 1 1 1)              85.932
15888      (1 0 2 6 1 2 1)              85.931
15889      (0 0 2 6 1 1 1)              85.928
15890      (1 0 2 3 2 1 2)              85.924
15891      (1 0 2 3 1 2 0)              85.922
15892      (1 0 0 5 0 2 0)              85.921
15893      (1 0 4 0 1 2 1)              85.918
15894      (1 0 2 0 2 1 2)              85.915
15895      (1 0 1 5 1 2 1)              85.913
15896      (1 0 2 5 1 2 1)              85.912
15897      (1 0 4 2 1 2 1)              85.911
15898      (1 0 2 3 1 0 1)              85.909
15899      (1 0 3 2 1 2 1)              85.907
15900      (1 0 2 3 2 1 2)              85.907
15901      (1 0 2 3 0 2 0)              85.904
15902      (1 0 2 3 1 0 2)              85.902
15903      (1 0 1 0 0 2 0)              85.899
15904      (1 0 4 2 1 2 1)              85.899
15905      (1 0 2 3 1 1 0)              85.896
15906      (1 0 2 3 1 0 1)              85.895
15907      (1 0 2 3 1 0 2)              85.893
15908      (1 0 2 2 1 0 1)              85.891
15909      (1 0 2 3 1 1 1)              85.888
15910      (1 0 4 6 0 2 0)              85.885
15911      (1 0 2 6 1 2 1)              85.884
15912      (1 0 0 5 1 1 1)              85.883
15913      (1 0 0 5 1 1 1)              85.882
15914      (1 0 4 4 0 2 0)              85.881
15915      (1 0 4 0 2 2 1)              85.877
15916      (1 0 2 3 1 2 1)              85.877
15917      (1 0 2 3 1 1 1)              85.874
15918      (1 0 2 3 1 0 1)              85.874
15919      (1 0 2 3 1 2 0)              85.872
15920      (1 0 2 6 1 1 1)              85.870
15921      (1 0 1 0 1 1 1)              85.867
15922      (1 0 2 3 1 0 1)              85.866
15923      (1 0 2 3 1 0 1)              85.864
15924      (1 0 2 3 1 0 1)              85.865
15925      (1 0 2 6 1 2 1)              85.864
15926      (1 0 0 0 1 2 1)              85.863
15927      (1 0 4 2 1 2 1)              85.861
15928      (1 0 4 0 2 2 1)              85.857
15929      (1 0 2 6 1 1 1)              85.857
15930      (1 0 2 3 1 2 1)              85.856
15931      (1 0 0 2 1 2 0)              85.854
15932      (1 0 2 3 1 0 1)              85.852
15933      (1 0 2 3 2 0 2)              85.852
15934      (1 0 1 5 1 2 1)              85.848
15935      (1 0 4 2 2 1 2)              85.847
15936      (1 0 4 4 2 1 1)              85.846
15937      (1 0 4 2 1 2 1)              85.845
15938      (1 0 2 3 1 2 1)              85.844
15939      (1 0 2 5 1 0 1)              85.842
15940      (1 0 2 3 1 0 1)              85.840
15941      (1 0 0 0 0 0 0)              85.840
15942      (1 0 3 3 1 1 1)              85.838
15943      (1 0 0 0 0 0 0)              85.835
15944      (1 0 2 3 0 2 0)              85.832
15945      (0 1 4 6 2 1 1)              85.828
15946      (1 0 2 3 1 0 1)              85.827
15947      (1 0 2 3 0 0 0)              85.826
15948      (1 0 2 2 1 0 1)              85.824
15949      (1 0 2 3 1 1 1)              85.822
15950      (1 0 2 3 1 2 1)              85.821
15951      (1 0 3 3 1 0 1)              85.819
15952      (1 0 0 0 1 0 1)              85.819
15953      (1 0 1 5 1 1 1)              85.816
15954      (1 0 4 6 1 2 1)              85.815
15955      (1 0 3 3 1 1 1)              85.813
15956      (1 0 2 3 1 2 1)              85.812
15957      (1 0 3 2 2 2 1)              85.810
15958      (1 0 4 2 1 2 1)              85.809
15959      (1 0 4 2 1 1 1)              85.809
15960      (1 0 3 6 2 1 2)              85.806
15961      (1 0 2 3 1 0 1)              85.804
15962      (1 0 3 2 1 2 1)              85.802
15963      (1 0 2 3 1 2 1)              85.801
15964      (1 0 2 5 1 2 1)              85.801
15965      (1 0 4 2 1 2 1)              85.800
15966      (1 0 2 3 1 2 1)              85.799
15967      (1 0 4 2 2 1 2)              85.798
15968      (1 0 2 3 1 0 1)              85.797
15969      (1 0 2 0 2 1 2)              85.794
15970      (1 0 2 3 1 0 1)              85.792
15971      (1 0 2 3 1 0 1)              85.791
15972      (1 0 2 6 1 1 1)              85.791
15973      (1 0 2 2 1 1 0)              85.789
15974      (1 0 4 3 1 2 1)              85.789
15975      (1 0 2 3 1 1 1)              85.787
15976      (1 0 2 2 1 2 1)              85.786
15977      (1 0 0 0 2 2 1)              85.785
15978      (1 0 0 3 0 0 0)              85.784
15979      (1 0 4 6 1 2 1)              85.784
15980      (1 0 2 3 1 1 0)              85.782
15981      (1 0 2 3 1 2 1)              85.781
15982      (1 0 1 2 0 0 0)              85.777
15983      (1 0 4 6 1 2 1)              85.777
15984      (1 0 2 3 1 0 1)              85.778
15985      (1 0 4 4 0 2 0)              85.776
15986      (1 0 2 3 1 2 1)              85.777
15987      (1 0 4 3 1 1 1)              85.774
15988      (1 0 1 5 1 1 1)              85.771
15989      (1 0 2 3 1 0 1)              85.772
15990      (1 0 0 0 0 0 0)              85.769
15991      (1 0 2 3 2 1 2)              85.768
15992      (1 0 0 0 1 2 0)              85.767
15993      (1 0 1 0 1 0 1)              85.766
15994      (1 0 2 3 1 2 1)              85.765
15995      (1 0 2 6 1 1 1)              85.763
15996      (1 0 2 6 1 2 0)              85.762
15997      (1 0 2 3 1 1 1)              85.760
15998      (1 0 2 3 1 0 1)              85.758
15999      (1 0 4 6 1 2 1)              85.757
16000      (1 0 4 4 0 2 0)              85.755
16001      (1 0 2 6 1 2 1)              85.753
16002      (1 0 2 3 1 0 1)              85.751
16003      (1 0 2 3 1 1 1)              85.749
16004      (1 0 4 3 1 0 1)              85.747
16005      (1 0 1 0 1 1 1)              85.744
16006      (1 0 4 4 2 1 1)              85.743
16007      (1 0 2 3 1 1 1)              85.742
16008      (1 0 1 3 1 2 1)              85.740
16009      (1 0 2 3 1 2 1)              85.740
16010      (1 0 0 0 2 2 1)              85.739
16011      (1 0 0 5 1 1 1)              85.738
16013      (1 0 2 3 1 2 1)              85.739
16014      (1 0 2 3 1 1 1)              85.738
16015      (1 0 2 6 1 2 1)              85.736
16016      (1 0 1 5 1 1 1)              85.732
16017      (1 0 2 6 1 2 1)              85.730
16018      (1 0 2 3 1 0 1)              85.729
16019      (1 0 2 6 1 2 1)              85.727
16020      (1 0 4 6 1 2 1)              85.727
16021      (1 0 1 5 1 2 1)              85.724
16022      (1 0 2 3 1 0 1)              85.723
16023      (1 0 2 3 1 2 1)              85.722
16024      (1 0 4 2 1 2 1)              85.721
16025      (1 0 2 3 0 2 0)              85.718
16027      (1 0 3 2 1 1 1)              85.715
16028      (1 0 2 3 1 1 1)              85.712
16029      (1 0 0 0 1 0 1)              85.711
16030      (0 1 4 6 0 2 0)              85.708
16031      (1 0 2 3 2 2 2)              85.707
16032      (1 0 1 5 1 1 1)              85.704
16033      (1 0 2 3 1 2 1)              85.703
16034      (1 0 0 0 1 2 1)              85.702
16035      (1 0 0 0 1 0 1)              85.700
16036      (1 0 2 3 1 0 1)              85.697
16037      (1 0 4 2 1 1 1)              85.695
16038      (1 0 2 3 2 1 2)              85.694
16039      (1 0 4 6 1 2 1)              85.694
16040      (1 0 2 3 1 1 1)              85.692
16041      (1 0 2 3 1 0 1)              85.690
16042      (1 0 1 5 1 1 1)              85.687
16043      (1 0 2 3 1 1 1)              85.686
16044      (1 0 4 4 0 2 0)              85.685
16045      (1 0 2 3 0 0 1)              85.682
16046      (1 0 0 0 1 0 1)              85.680
16047      (1 0 2 3 1 2 1)              85.679
16048      (1 0 2 0 2 1 2)              85.677
16049      (1 0 2 2 0 1 0)              85.673
16050      (1 0 0 0 1 0 1)              85.671
16051      (1 0 2 3 1 0 1)              85.670
16052      (1 0 4 2 0 0 0)              85.666
16053      (1 0 3 1 1 1 1)              85.664
16054      (1 0 2 3 1 0 1)              85.663
16055      (1 0 2 6 1 2 1)              85.661
16056      (1 0 2 6 1 2 1)              85.659
16057      (1 0 0 0 1 2 1)              85.658
16058      (1 0 2 4 0 0 0)              85.656
16059      (1 0 1 5 1 1 1)              85.653
16060      (1 0 2 3 2 1 1)              85.652
16061      (1 0 2 3 1 2 1)              85.651
16062      (1 0 2 3 2 2 2)              85.650
16063      (1 0 0 0 0 0 0)              85.647
16064      (1 0 2 3 1 2 1)              85.647
16065      (1 0 0 0 1 2 1)              85.646
16066      (1 0 2 3 1 2 1)              85.645
16067      (1 0 2 6 1 2 1)              85.643
16068      (1 0 4 4 0 2 0)              85.641
16069      (1 0 0 0 1 2 0)              85.640
16070      (1 0 0 0 1 1 1)              85.639
16071      (1 0 2 0 0 0 0)              85.638
16072      (1 0 2 6 1 1 1)              85.635
16073      (1 0 2 4 1 0 1)              85.633
16074      (1 0 2 3 2 1 2)              85.633
16075      (1 0 0 3 1 1 1)              85.632
16076      (1 0 2 3 1 0 1)              85.631
16077      (1 0 2 3 1 0 1)              85.630
16078      (1 0 2 3 1 1 1)              85.628
16079      (1 0 0 0 1 0 1)              85.626
16080      (1 0 0 5 1 1 1)              85.625
16081      (1 0 2 3 1 0 1)              85.623
16082      (1 0 2 3 1 1 0)              85.621
16083      (1 0 2 3 2 0 2)              85.621
16084      (1 0 1 5 1 1 1)              85.617
16085      (1 0 2 3 2 1 2)              85.617
16086      (1 0 2 5 1 0 1)              85.615
16087      (1 0 4 4 0 2 0)              85.615
16088      (1 0 0 0 1 0 1)              85.614
16089      (1 0 2 3 1 0 1)              85.612
16090      (1 0 4 2 2 1 2)              85.611
16091      (1 0 1 5 1 1 1)              85.610
16092      (1 0 1 5 1 1 1)              85.609
16093      (1 0 0 0 0 0 0)              85.607
16094      (1 0 0 2 2 2 1)              85.605
16095      (1 0 0 5 1 0 0)              85.604
16096      (1 0 2 3 1 1 1)              85.602
16097      (0 0 2 6 1 1 1)              85.600
16098      (1 0 2 4 1 1 1)              85.597
16099      (1 0 4 2 1 2 1)              85.595
16100      (1 0 2 3 1 2 1)              85.594
16101      (1 0 2 6 1 2 1)              85.592
16102      (1 0 0 5 1 1 1)              85.592
16103      (1 0 1 6 2 2 1)              85.590
16104      (1 0 2 3 2 0 2)              85.590
16105      (1 0 4 6 1 2 1)              85.589
16106      (1 0 2 6 1 2 1)              85.586
16107      (1 0 2 3 1 0 1)              85.584
16108      (1 0 4 5 1 2 0)              85.582
16109      (1 0 0 5 1 0 0)              85.581
16110      (1 0 3 3 1 1 1)              85.579
16111      (1 0 2 3 1 0 1)              85.577
16112      (1 0 2 3 0 0 0)              85.574
16113      (1 0 2 6 1 1 1)              85.572
16114      (1 0 2 3 1 0 1)              85.570
16115      (1 0 1 5 1 1 1)              85.567
16116      (1 0 4 2 2 1 2)              85.566
16117      (1 0 2 3 1 1 1)              85.563
16118      (1 0 2 3 2 0 2)              85.561
16119      (1 0 3 2 1 2 1)              85.559
16120      (1 0 2 3 0 0 0)              85.558
16121      (1 0 2 3 1 2 1)              85.557
16122      (1 0 2 6 1 2 1)              85.554
16123      (1 0 4 6 1 2 1)              85.554
16124      (1 0 0 0 1 0 1)              85.553
16125      (1 0 2 3 0 0 0)              85.552
16126      (1 0 2 6 1 2 1)              85.550
16127      (1 0 1 3 1 0 1)              85.548
16128      (1 0 2 3 1 0 1)              85.546
16129      (1 0 1 0 1 1 1)              85.544
16130      (1 0 2 3 1 1 1)              85.543
16131      (1 0 1 5 1 2 1)              85.540
16132      (1 0 1 5 1 1 1)              85.537
16133      (1 0 4 2 2 1 2)              85.536
16134      (1 0 0 0 0 0 0)              85.534
16135      (1 0 1 0 1 0 1)              85.533
16136      (1 0 4 0 2 2 1)              85.530
16137      (1 0 4 0 2 2 1)              85.526
16138      (1 0 2 3 1 0 1)              85.525
16139      (1 0 2 6 1 2 1)              85.523
16140      (1 0 2 6 1 2 1)              85.522
16141      (1 0 2 3 2 2 1)              85.520
16142      (1 0 2 3 1 2 1)              85.519
16143      (1 0 2 3 1 2 1)              85.520
16144      (1 0 2 3 1 0 1)              85.518
16145      (1 0 4 6 1 2 1)              85.518
16146      (1 0 2 3 1 0 1)              85.516
16147      (1 0 4 3 1 0 1)              85.514
16148      (1 0 4 6 1 2 1)              85.513
16149      (1 0 2 3 1 2 1)              85.514
16150      (1 0 4 0 2 2 1)              85.510
16151      (1 0 0 0 1 2 0)              85.509
16152      (1 0 0 0 1 0 1)              85.509
16153      (1 0 0 3 0 0 0)              85.506
16154      (1 0 1 5 1 2 1)              85.504
16155      (1 0 2 5 1 0 1)              85.502
16156      (1 0 2 4 0 0 0)              85.501
16157      (1 0 1 0 1 0 1)              85.500
16158      (1 0 2 6 1 1 1)              85.500
16159      (1 0 2 3 1 2 0)              85.498
16160      (1 0 2 3 2 1 1)              85.497
16161      (1 0 1 5 1 1 1)              85.494
16162      (1 0 2 3 1 0 1)              85.492
16163      (1 0 3 3 1 1 1)              85.490
16164      (1 0 2 3 1 2 1)              85.489
16165      (1 0 2 3 1 0 1)              85.487
16166      (1 0 0 0 1 2 0)              85.487
16167      (1 0 3 5 0 2 0)              85.484
16168      (1 0 2 3 1 0 1)              85.483
16169      (1 0 2 6 1 2 1)              85.480
16170      (1 0 2 3 0 2 0)              85.478
16171      (1 0 2 3 1 2 1)              85.477
16172      (1 0 1 3 1 0 1)              85.475
16173      (1 0 0 0 1 2 0)              85.474
16174      (1 0 1 2 1 1 1)              85.473
16175      (1 0 4 2 1 2 1)              85.471
16176      (1 0 2 5 1 0 1)              85.469
16177      (1 0 0 0 1 2 1)              85.468
16178      (1 0 1 5 1 1 1)              85.467
16179      (1 0 2 3 0 0 0)              85.466
16180      (1 0 2 6 1 2 1)              85.464
16181      (1 0 0 0 1 2 1)              85.463
16182      (1 0 1 5 1 1 1)              85.462
16183      (1 0 2 3 2 1 2)              85.459
16184      (1 0 2 3 1 2 1)              85.458
16185      (1 0 2 5 1 2 1)              85.458
16186      (1 0 2 6 1 2 1)              85.456
16187      (1 0 2 3 2 1 2)              85.455
16188      (1 0 1 5 1 2 1)              85.452
16189      (1 0 2 3 1 1 1)              85.452
16190      (1 0 2 3 0 1 0)              85.451
16191      (1 0 2 3 2 0 2)              85.451
16192      (1 0 2 6 1 2 1)              85.449
16193      (1 0 2 3 1 2 1)              85.448
16194      (1 0 1 3 1 0 1)              85.445
16195      (1 0 2 3 1 1 1)              85.444
16196      (1 0 2 3 1 0 1)              85.442
16197      (1 0 0 0 0 2 0)              85.439
16198      (1 0 2 3 1 0 2)              85.437
16199      (1 0 0 5 1 0 0)              85.436
16200      (1 0 2 2 1 0 1)              85.434
16201      (1 0 2 3 1 0 2)              85.431
16202      (1 0 1 5 1 1 1)              85.428
16203      (1 0 4 2 2 1 2)              85.427
16204      (1 0 4 6 1 1 1)              85.428
16205      (1 0 0 0 2 2 1)              85.427
16206      (1 0 2 3 1 2 1)              85.428
16207      (1 0 1 0 2 1 1)              85.424
16208      (1 0 2 3 1 0 1)              85.423
16209      (1 0 2 3 1 2 1)              85.422
16210      (1 0 2 5 1 0 1)              85.420
16211      (1 0 4 3 1 0 1)              85.417
16212      (1 0 2 3 1 0 1)              85.416
16213      (1 0 2 3 1 1 1)              85.415
16214      (1 0 1 5 1 2 1)              85.411
16215      (1 0 2 3 1 0 1)              85.410
16216      (1 0 2 3 1 2 1)              85.409
16217      (1 0 2 3 1 0 1)              85.407
16218      (1 0 2 3 2 2 1)              85.405
16219      (1 0 0 3 0 0 0)              85.403
16220      (1 0 2 3 1 1 1)              85.400
16221      (1 0 0 0 0 0 0)              85.397
16222      (1 0 1 5 1 1 1)              85.394
16223      (1 0 2 6 1 1 1)              85.394
16224      (1 0 2 3 1 1 1)              85.392
16225      (1 0 2 5 1 2 1)              85.392
16226      (1 0 2 3 1 1 1)              85.389
16227      (1 0 2 3 1 0 1)              85.388
16228      (1 0 1 5 1 2 1)              85.385
16229      (1 0 1 5 1 2 1)              85.382
16230      (1 0 1 5 1 1 1)              85.379
16231      (1 0 2 3 1 2 1)              85.380
16232      (1 0 2 3 1 2 1)              85.379
16233      (1 0 0 5 1 1 1)              85.378
16234      (1 0 2 3 2 0 2)              85.378
16235      (1 0 2 3 1 2 1)              85.379
16236      (1 0 1 5 1 2 1)              85.376
16237      (1 0 2 3 1 1 1)              85.375
16238      (1 0 1 5 1 1 1)              85.374
16239      (1 0 2 6 1 1 1)              85.373
16240      (1 0 2 3 1 0 1)              85.371
16241      (1 0 2 5 1 0 1)              85.369
16242      (1 0 2 3 2 0 2)              85.369
16243      (1 0 2 6 1 2 1)              85.368
16244      (1 0 1 5 0 2 0)              85.364
16245      (1 0 2 3 0 1 0)              85.361
16246      (1 0 4 2 1 2 1)              85.359
16247      (1 0 1 5 1 1 1)              85.355
16248      (1 0 2 3 1 0 1)              85.354
16249      (1 0 2 3 1 1 1)              85.353
16250      (1 0 2 5 2 1 1)              85.351
16251      (1 0 4 0 0 0 0)              85.349
16252      (1 0 4 6 1 2 1)              85.349
16253      (1 0 1 5 1 1 1)              85.346
16254      (1 0 2 3 2 2 1)              85.344
16255      (1 0 2 3 1 1 1)              85.342
16256      (1 0 4 2 1 2 1)              85.341
16257      (1 0 2 3 1 2 1)              85.339
16258      (1 0 4 4 0 2 0)              85.338
16259      (1 0 1 5 1 1 1)              85.335
16260      (1 0 0 3 1 1 1)              85.334
16261      (1 0 2 5 1 2 1)              85.334
16262      (1 0 2 6 1 1 1)              85.334
16263      (1 0 4 2 1 2 1)              85.332
16264      (1 0 0 0 2 2 2)              85.329
16265      (1 0 1 5 1 1 1)              85.326
16266      (1 0 4 0 2 2 1)              85.322
16267      (1 0 2 3 1 0 1)              85.321
16268      (0 0 3 6 0 0 0)              85.317
16269      (1 0 4 3 1 1 1)              85.315
16270      (1 0 2 3 2 1 2)              85.311
16271      (1 0 0 0 1 2 1)              85.310
16272      (1 0 2 3 1 0 2)              85.308
16273      (1 0 0 0 1 0 1)              85.306
16274      (1 0 0 0 1 2 1)              85.305
16275      (1 0 0 0 0 0 0)              85.302
16276      (1 0 4 4 2 1 1)              85.301
16277      (1 0 0 3 0 0 0)              85.298
16278      (1 0 2 6 1 1 1)              85.298
16279      (1 0 2 3 1 0 1)              85.296
16280      (1 0 2 6 1 2 1)              85.294
16281      (1 0 4 2 1 2 1)              85.292
16282      (1 0 1 5 1 1 1)              85.291
16283      (1 0 2 3 1 2 1)              85.292
16284      (1 0 0 0 0 0 0)              85.292
16285      (1 0 4 2 2 2 1)              85.291
16286      (1 0 2 3 1 1 1)              85.290
16287      (1 0 0 3 0 0 0)              85.289
16288      (1 0 3 2 2 2 1)              85.287
16289      (1 0 2 3 1 1 1)              85.285
16290      (1 0 2 3 1 2 1)              85.283
16291      (1 0 4 2 1 2 1)              85.282
16292      (1 0 2 3 1 0 1)              85.280
16293      (1 0 2 2 1 2 0)              85.279
16294      (1 0 4 2 2 1 2)              85.278
16295      (1 0 2 3 0 2 0)              85.276
16296      (1 0 4 3 1 0 1)              85.273
16297      (1 0 4 2 2 1 2)              85.272
16298      (1 0 1 5 1 1 1)              85.269
16299      (1 0 2 3 1 2 0)              85.267
16300      (1 0 0 3 0 0 0)              85.266
16301      (1 0 2 3 1 2 1)              85.265
16302      (1 0 4 0 1 1 0)              85.264
16303      (1 0 2 3 1 2 1)              85.261
16304      (1 0 2 3 2 1 2)              85.261
16305      (1 1 0 6 0 2 0)              85.258
16306      (1 0 2 6 1 2 1)              85.257
16307      (1 0 4 2 1 2 1)              85.255
16308      (1 0 1 3 1 1 1)              85.252
16309      (1 0 1 5 1 1 1)              85.249
16310      (1 0 2 3 2 2 1)              85.247
16311      (1 0 2 3 1 2 1)              85.245
16312      (1 0 3 3 1 1 1)              85.244
16313      (1 0 2 6 1 2 1)              85.241
16314      (1 0 3 2 2 2 1)              85.239
16315      (1 0 4 6 1 2 0)              85.237
16316      (1 0 1 5 1 1 1)              85.233
16317      (1 0 2 3 2 1 1)              85.232
16318      (1 0 4 2 2 1 2)              85.232
16319      (1 0 2 6 1 1 0)              85.230
16320      (1 0 2 3 1 1 0)              85.227
16321      (1 0 2 3 1 1 1)              85.226
16322      (1 0 2 5 1 1 1)              85.226
16323      (1 0 1 5 1 1 1)              85.222
16324      (1 0 2 3 1 0 1)              85.220
16325      (1 0 4 6 1 2 1)              85.219
16326      (1 0 1 5 1 1 1)              85.217
16327      (1 0 2 6 1 1 1)              85.215
16328      (1 0 0 0 1 2 0)              85.214
16329      (1 0 0 0 2 2 2)              85.212
16330      (1 0 3 1 1 1 1)              85.210
16331      (1 0 3 6 2 2 2)              85.207
16332      (1 0 2 3 2 2 2)              85.207
16333      (1 0 2 3 0 0 0)              85.203
16334      (1 0 2 6 1 2 1)              85.201
16335      (1 0 2 3 1 2 1)              85.200
16336      (1 0 2 3 2 1 2)              85.197
16337      (1 0 0 0 1 2 0)              85.196
16338      (1 0 2 4 0 0 0)              85.194
16339      (1 0 0 1 1 1 1)              85.193
16340      (1 0 4 5 1 2 0)              85.190
16341      (1 0 2 3 2 2 2)              85.189
16342      (1 0 2 3 2 0 2)              85.189
16343      (1 0 2 6 1 2 1)              85.188
16344      (1 0 2 3 1 2 1)              85.187
16345      (1 0 2 6 1 2 1)              85.184
16346      (1 0 2 3 1 1 1)              85.182
16347      (1 0 2 3 0 2 0)              85.180
16348      (1 0 2 3 1 0 1)              85.178
16349      (1 0 2 6 1 2 1)              85.176
16350      (1 0 2 6 1 2 1)              85.175
16351      (1 0 2 3 1 2 1)              85.174
16352      (1 0 4 3 1 0 1)              85.171
16353      (1 0 2 3 1 2 1)              85.170
16354      (1 0 2 3 1 0 1)              85.169
16355      (1 0 2 0 2 1 2)              85.166
16356      (1 0 4 6 1 1 1)              85.167
16357      (1 0 2 3 2 1 2)              85.164
16358      (1 0 3 2 0 0 1)              85.162
16359      (1 0 1 3 1 1 1)              85.159
16360      (1 0 1 5 1 1 1)              85.156
16361      (1 0 0 0 0 0 0)              85.152
16362      (1 0 2 3 1 1 1)              85.150
16363      (1 0 3 1 1 1 1)              85.148
16364      (1 0 4 2 2 1 2)              85.147
16365      (1 0 4 1 0 2 1)              85.145
16366      (1 0 2 3 1 2 1)              85.145
16367      (1 0 2 3 1 2 1)              85.144
16368      (1 0 2 3 1 2 1)              85.143
16369      (1 0 2 3 1 0 1)              85.141
16370      (1 0 4 0 2 2 1)              85.138
16371      (1 0 2 3 2 0 2)              85.138
16372      (1 0 2 3 1 2 1)              85.137
16373      (1 0 1 5 1 2 1)              85.134
16374      (1 0 2 3 1 1 1)              85.132
16375      (1 0 4 6 1 2 1)              85.131
16376      (1 0 3 2 2 2 1)              85.129
16378      (1 0 2 3 0 0 0)              85.126
16379      (1 0 4 4 2 1 1)              85.125
16380      (1 0 0 0 0 0 0)              85.121
16381      (1 0 3 3 2 1 2)              85.118
16382      (1 0 2 3 1 0 1)              85.117
16383      (1 0 2 4 0 0 0)              85.115
16384      (1 0 2 3 1 1 1)              85.114
16385      (1 0 2 3 2 1 2)              85.113
16386      (1 0 4 4 2 1 2)              85.109
16387      (1 0 1 5 1 2 1)              85.107
16388      (1 0 0 0 1 2 1)              85.106
16389      (1 0 2 3 1 0 1)              85.105
16390      (1 0 2 3 1 0 1)              85.103
16391      (1 0 2 3 1 2 1)              85.102
16392      (1 0 0 0 1 1 1)              85.100
16393      (1 0 2 3 0 2 0)              85.097
16394      (1 0 2 3 2 2 2)              85.097
16395      (1 0 2 5 1 0 1)              85.095
16396      (1 0 4 3 1 2 1)              85.092
16397      (1 0 2 3 1 2 1)              85.091
16398      (1 0 3 0 2 2 1)              85.088
16399      (1 0 1 0 1 0 1)              85.087
16400      (1 0 2 6 1 2 1)              85.085
16401      (1 0 1 6 2 2 1)              85.084
16402      (1 0 1 3 1 0 1)              85.082
16403      (1 0 2 3 2 1 2)              85.082
16404      (1 0 2 6 1 2 1)              85.080
16405      (1 0 1 5 1 1 1)              85.077
16406      (1 0 1 3 1 0 1)              85.075
16407      (1 0 2 3 2 2 1)              85.074
16408      (1 0 2 3 1 2 1)              85.073
16409      (1 0 3 1 1 1 1)              85.071
16410      (1 0 0 3 1 1 1)              85.070
16411      (1 0 2 3 1 1 1)              85.068
16412      (1 0 0 0 0 0 0)              85.064
16413      (1 0 2 0 2 1 2)              85.062
16414      (1 0 2 3 0 0 0)              85.061
16415      (1 0 1 5 1 1 1)              85.057
16416      (1 0 4 4 2 1 1)              85.056
16417      (1 0 4 3 1 0 1)              85.054
16418      (1 0 0 3 1 1 1)              85.053
16419      (1 0 1 5 1 2 1)              85.051
16420      (1 0 2 3 1 0 1)              85.050
16421      (1 0 0 5 1 0 0)              85.049
16422      (1 0 2 4 0 0 0)              85.047
16423      (1 0 2 3 1 0 1)              85.045
16424      (1 0 2 3 1 0 1)              85.044
16425      (1 0 2 3 1 0 1)              85.042
16426      (1 0 4 4 2 1 1)              85.041
16427      (1 0 1 2 0 0 0)              85.038
16428      (1 0 1 5 1 2 1)              85.034
16429      (1 0 1 5 1 1 1)              85.031
16430      (1 0 2 3 1 2 1)              85.030
16431      (1 0 3 1 1 1 1)              85.028
16432      (1 0 2 3 1 0 2)              85.027
16433      (1 0 2 3 1 0 1)              85.025
16434      (1 0 2 0 2 1 2)              85.022
16435      (1 0 4 2 2 2 1)              85.021
16436      (1 0 2 3 1 2 1)              85.021
16437      (1 0 2 3 1 2 1)              85.020
16438      (1 0 2 3 0 2 0)              85.017
16439      (1 0 4 3 1 2 0)              85.017
16440      (1 0 2 6 1 2 1)              85.016
16441      (1 0 0 0 1 2 0)              85.015
16442      (1 0 0 5 1 1 1)              85.014
16443      (1 0 2 3 1 2 1)              85.014
16444      (1 0 4 2 2 1 2)              85.013
16445      (1 0 2 6 1 2 1)              85.011
16446      (1 0 2 3 1 2 1)              85.011
16447      (1 0 0 0 0 0 0)              85.007
16448      (1 0 2 3 1 1 1)              85.006
16449      (1 0 2 3 1 0 1)              85.005
16450      (1 0 0 5 1 0 0)              85.004
16451      (1 0 2 3 1 0 1)              85.003
16452      (1 0 0 0 2 2 1)              85.002
16453      (1 0 1 5 1 1 1)              84.999
16454      (1 0 3 3 1 1 1)              84.997
16455      (1 0 3 2 2 2 1)              84.995
16456      (1 0 2 3 2 1 2)              84.994
16457      (1 0 1 3 0 1 0)              84.991
16458      (1 0 2 3 1 2 1)              84.990
16459      (1 0 0 0 0 0 0)              84.988
16460      (1 0 2 3 1 2 1)              84.987
16461      (1 0 1 3 0 1 0)              84.983
16462      (1 0 0 0 1 0 1)              84.983
16463      (1 0 4 4 0 2 0)              84.982
16464      (1 0 3 3 1 1 1)              84.980
16465      (1 0 2 3 2 1 2)              84.977
16466      (1 0 2 6 1 2 1)              84.975
16467      (1 0 2 3 1 0 1)              84.973
16468      (1 0 2 3 1 1 1)              84.972
16469      (1 0 2 6 1 2 1)              84.970
16470      (1 0 1 5 1 1 1)              84.966
16471      (1 0 3 1 1 1 1)              84.965
16472      (1 0 2 3 1 0 1)              84.963
16473      (1 0 2 3 1 0 1)              84.961
16474      (1 0 2 6 1 2 1)              84.960
16475      (1 0 0 0 0 2 0)              84.958
16476      (1 0 2 3 1 1 1)              84.956
16477      (1 0 1 5 1 2 1)              84.954
16478      (1 0 2 3 1 0 1)              84.953
16479      (1 0 2 3 1 2 1)              84.949
16480      (1 0 1 5 1 1 1)              84.946
16481      (1 0 2 6 1 2 1)              84.944
16482      (1 0 4 2 1 2 1)              84.943
16483      (1 0 2 3 1 0 1)              84.941
16484      (1 0 1 5 0 2 0)              84.937
16485      (1 0 0 0 1 2 0)              84.937
16486      (1 0 2 3 1 0 1)              84.936
16487      (1 0 0 0 1 2 1)              84.935
16488      (1 0 2 2 1 0 1)              84.933
16489      (1 0 2 3 1 1 1)              84.932
16490      (1 0 2 3 0 0 0)              84.930
16491      (1 0 2 3 0 0 0)              84.931
16492      (1 0 2 3 1 2 1)              84.930
16493      (1 0 1 5 1 2 1)              84.928
16494      (1 0 4 3 1 0 1)              84.926
16495      (1 0 3 3 2 1 2)              84.922
16496      (1 0 2 3 1 2 1)              84.922
16497      (1 0 2 3 1 2 1)              84.921
16498      (1 0 2 3 1 2 1)              84.919
16499      (1 0 2 3 1 2 1)              84.919
16500      (1 0 1 5 1 1 1)              84.916
16501      (1 0 0 0 0 0 0)              84.913
16502      (1 0 2 6 1 2 1)              84.911
16503      (1 0 4 2 1 2 1)              84.910
16504      (1 0 2 3 1 2 1)              84.909
16505      (1 0 2 3 1 2 1)              84.910
16506      (1 0 2 2 1 0 1)              84.908
16507      (1 0 0 3 1 1 1)              84.907
16508      (1 0 2 3 1 0 1)              84.906
16509      (1 0 0 0 0 0 0)              84.903
16510      (1 0 4 3 1 0 1)              84.901
16511      (1 0 1 5 1 2 1)              84.898
16512      (1 0 2 6 1 1 1)              84.898
16513      (1 0 2 3 1 2 1)              84.897
16514      (1 0 0 0 0 0 0)              84.895
16515      (1 0 2 3 1 2 1)              84.894
16516      (1 0 2 3 1 1 1)              84.893
16517      (1 0 2 0 2 1 2)              84.890
16518      (1 0 4 2 1 2 1)              84.889
16519      (1 0 3 3 1 1 1)              84.887
16520      (1 0 0 0 1 2 0)              84.886
16521      (1 0 2 3 2 0 2)              84.886
16522      (1 0 4 0 1 2 1)              84.884
16523      (1 0 0 0 1 2 0)              84.883
16524      (1 0 2 3 2 1 2)              84.882
16525      (1 0 2 3 1 1 1)              84.880
16526      (1 0 2 3 1 2 1)              84.879
16527      (1 0 1 5 1 1 1)              84.875
16528      (1 0 2 3 1 0 1)              84.875
16529      (1 0 2 3 1 2 1)              84.875
16530      (1 0 0 0 1 2 0)              84.874
16531      (1 0 2 6 1 2 1)              84.872
16532      (1 0 1 5 1 2 1)              84.870
16533      (1 0 4 3 1 0 1)              84.867
16534      (1 0 0 0 1 2 0)              84.866
16535      (1 0 1 5 1 1 1)              84.865
16536      (1 0 2 6 1 2 1)              84.864
16537      (1 0 0 0 1 2 0)              84.863
16538      (1 0 0 0 1 2 1)              84.862
16539      (1 0 1 5 1 2 1)              84.859
16540      (1 0 2 3 2 2 2)              84.858
16541      (1 0 2 6 1 2 1)              84.856
16542      (1 0 2 6 1 2 1)              84.854
16543      (1 0 2 3 1 1 1)              84.852
16544      (1 0 0 0 1 0 1)              84.850
16545      (1 0 2 3 2 1 2)              84.847
16546      (1 0 2 3 1 1 1)              84.845
16547      (1 0 2 4 0 0 0)              84.844
16548      (1 0 2 6 1 1 1)              84.841
16549      (1 0 2 3 1 1 1)              84.839
16550      (1 0 4 3 1 1 1)              84.837
16551      (1 0 2 3 1 1 1)              84.834
16552      (1 0 0 0 0 2 0)              84.834
16553      (1 0 0 0 1 0 1)              84.833
16554      (1 0 1 5 1 1 1)              84.832
16555      (1 0 2 6 1 2 1)              84.830
16556      (1 0 2 3 2 1 2)              84.830
16557      (1 0 2 6 1 2 1)              84.828
16558      (1 0 1 5 1 1 1)              84.825
16559      (1 0 1 5 1 1 1)              84.822
16560      (1 0 1 5 1 1 1)              84.818
16561      (1 0 4 2 1 2 1)              84.817
16562      (1 0 2 3 2 1 2)              84.816
16563      (1 0 1 5 1 1 1)              84.812
16564      (1 0 2 4 1 1 1)              84.810
16565      (1 0 0 3 0 0 0)              84.807
16566      (1 0 4 2 0 0 0)              84.804
16567      (1 0 2 3 1 2 1)              84.803
16568      (1 0 2 6 1 2 1)              84.801
16569      (1 0 2 3 1 0 1)              84.801
16570      (1 0 1 5 1 1 1)              84.797
16571      (1 0 4 6 1 2 1)              84.797
16572      (1 0 2 2 0 0 0)              84.795
16573      (1 0 2 3 2 1 2)              84.794
16574      (1 0 2 3 1 2 1)              84.793
16575      (1 0 1 0 1 1 1)              84.791
16576      (1 0 2 3 1 2 1)              84.790
16577      (1 0 2 3 1 2 0)              84.788
16578      (1 0 2 3 2 1 2)              84.785
16579      (1 0 2 6 1 2 1)              84.783
16580      (1 0 2 3 0 0 0)              84.784
16581      (0 1 4 6 1 0 1)              84.780
16582      (1 0 1 3 1 0 1)              84.777
16583      (1 0 2 2 1 0 1)              84.775
16584      (1 0 2 6 1 2 1)              84.775
16585      (1 0 2 3 2 1 2)              84.774
16586      (1 0 2 3 1 0 1)              84.772
16587      (1 0 2 6 1 2 1)              84.770
16588      (1 0 4 0 2 2 1)              84.766
16589      (1 0 2 3 1 1 1)              84.765
16590      (1 0 3 3 1 1 1)              84.763
16591      (1 0 4 6 1 2 1)              84.763
16592      (1 0 4 2 1 2 1)              84.761
16593      (1 0 0 0 0 2 0)              84.759
16594      (1 0 4 4 0 2 0)              84.758
16595      (1 0 2 5 1 2 1)              84.758
16596      (1 0 2 3 1 1 1)              84.756
16597      (1 0 4 6 1 2 1)              84.756
16598      (1 0 2 3 1 1 1)              84.755
16599      (1 0 2 3 2 1 2)              84.754
16600      (1 0 2 4 1 1 1)              84.751
16601      (1 0 2 6 1 2 1)              84.751
16602      (1 0 2 3 1 2 1)              84.750
16603      (1 0 2 2 0 0 0)              84.748
16604      (1 0 2 3 1 2 1)              84.749
16605      (1 0 0 0 1 2 1)              84.748
16606      (1 0 2 0 2 1 2)              84.746
16607      (1 0 1 3 2 1 1)              84.744
16608      (1 0 1 5 1 1 1)              84.741
16609      (1 0 0 1 1 1 1)              84.739
16610      (1 0 2 5 1 2 1)              84.739
16611      (1 0 4 2 1 2 1)              84.737
16612      (1 0 2 3 1 1 1)              84.737
16613      (1 0 1 3 1 0 1)              84.735
16614      (1 0 0 0 1 0 1)              84.734
16615      (1 0 2 2 1 0 1)              84.732
16616      (1 0 2 2 1 0 1)              84.732
16617      (1 0 2 3 1 2 1)              84.731
16618      (1 0 2 3 1 2 1)              84.730
16619      (1 0 2 3 2 1 2)              84.730
16620      (1 0 2 3 1 2 1)              84.729
16621      (1 0 1 0 1 1 1)              84.727
16622      (1 0 1 5 1 1 1)              84.726
16623      (1 0 4 2 0 0 0)              84.723
16624      (1 0 0 5 1 1 1)              84.722
16625      (1 0 4 2 1 1 1)              84.719
16626      (1 0 2 6 1 1 1)              84.718
16627      (1 0 2 3 1 1 1)              84.716
16628      (1 0 4 0 1 2 1)              84.713
16629      (1 0 2 3 1 1 1)              84.712
16630      (1 0 4 0 2 2 1)              84.709
16631      (1 0 0 0 0 2 0)              84.707
16632      (1 0 2 6 1 2 1)              84.705
16633      (1 0 2 4 1 1 1)              84.702
16634      (1 0 4 6 1 2 1)              84.703
16635      (1 0 2 3 1 0 1)              84.701
16636      (1 0 2 3 0 0 0)              84.699
16637      (1 0 2 3 1 1 1)              84.698
16638      (1 0 2 3 1 2 1)              84.697
16639      (1 0 2 3 1 0 1)              84.696
16640      (1 0 1 5 1 1 1)              84.693
16641      (1 0 2 3 1 2 1)              84.692
16642      (1 0 2 3 0 2 0)              84.689
16643      (1 0 1 5 1 1 1)              84.686
16644      (1 0 2 3 1 2 1)              84.685
16645      (1 0 0 0 1 1 1)              84.683
16646      (1 0 2 3 1 1 1)              84.682
16647      (1 0 2 3 1 0 1)              84.680
16648      (1 0 2 4 1 1 1)              84.678
16649      (1 0 2 3 1 2 1)              84.677
16650      (1 0 2 6 1 2 1)              84.675
16651      (1 0 2 6 1 1 1)              84.673
16652      (1 0 4 0 1 2 1)              84.671
16653      (1 0 3 0 0 2 1)              84.668
16654      (1 0 0 4 1 2 1)              84.668
16655      (1 0 2 3 1 0 1)              84.666
16656      (1 0 2 3 1 1 1)              84.664
16657      (1 0 2 6 1 0 1)              84.664
16658      (1 0 2 3 1 1 1)              84.662
16659      (1 0 0 0 1 2 0)              84.661
16660      (1 0 4 5 1 2 0)              84.659
16661      (0 0 3 6 0 0 0)              84.655
16662      (1 0 2 6 1 1 1)              84.653
16663      (1 0 2 3 1 0 1)              84.651
16664      (1 0 0 0 0 2 0)              84.649
16665      (1 0 2 3 1 0 1)              84.648
16666      (1 0 0 0 1 2 0)              84.647
16667      (1 0 2 3 1 1 1)              84.646
16668      (1 0 2 3 1 1 1)              84.644
16669      (1 0 2 3 1 0 2)              84.645
16670      (1 0 4 2 2 1 2)              84.644
16671      (1 0 2 3 0 2 0)              84.641
16672      (1 0 2 2 1 2 0)              84.640
16673      (1 0 1 5 1 1 1)              84.637
16674      (1 0 1 5 1 1 1)              84.634
16675      (1 0 2 3 2 1 2)              84.633
16676      (1 0 1 5 1 1 1)              84.630
16677      (1 0 0 0 1 2 0)              84.629
16678      (1 0 1 5 1 1 1)              84.625
16679      (1 0 1 5 1 2 1)              84.623
16680      (1 0 2 6 1 2 1)              84.621
16681      (1 0 2 3 2 1 2)              84.618
16682      (1 0 2 3 2 2 1)              84.616
16683      (1 0 4 4 0 2 0)              84.615
16684      (1 0 1 5 1 1 1)              84.611
16685      (1 0 2 4 0 0 0)              84.610
16686      (1 0 4 4 2 1 1)              84.609
16687      (1 0 2 3 1 0 1)              84.607
16688      (1 0 2 3 1 2 1)              84.606
16689      (1 0 2 5 0 1 0)              84.604
16690      (1 0 2 3 1 0 1)              84.602
16691      (1 0 2 3 1 0 1)              84.600
16692      (1 0 2 3 1 2 1)              84.600
16693      (1 0 2 6 1 2 1)              84.598
16694      (1 0 4 6 1 2 1)              84.597
16695      (1 0 2 3 2 2 2)              84.596
16696      (1 0 4 2 0 0 0)              84.593
16697      (1 0 2 3 0 0 0)              84.592
16698      (1 0 2 3 1 0 1)              84.591
16699      (1 0 2 3 1 1 1)              84.589
16700      (0 0 4 6 1 2 0)              84.586
16701      (0 1 4 6 1 0 1)              84.582
16702      (1 0 2 3 1 0 1)              84.580
16703      (1 0 2 3 1 2 1)              84.579
16704      (1 0 2 3 1 1 1)              84.576
16705      (1 0 2 6 1 1 1)              84.575
16706      (1 0 0 0 1 0 1)              84.573
16707      (1 0 2 6 1 2 1)              84.571
16708      (1 0 2 6 1 2 1)              84.570
16709      (1 0 2 3 1 1 1)              84.567
16710      (1 0 1 5 1 1 1)              84.567
16711      (1 0 2 2 0 1 0)              84.563
16712      (1 0 4 4 0 2 0)              84.562
16713      (1 0 0 0 2 2 1)              84.562
16714      (1 0 4 6 1 2 1)              84.561
16715      (1 0 3 3 1 1 1)              84.559
16716      (1 0 4 2 1 2 1)              84.558
16717      (1 0 4 3 0 2 0)              84.556
16718      (1 0 2 3 1 2 1)              84.554
16719      (1 0 4 4 2 1 1)              84.554
16720      (1 0 2 5 2 1 1)              84.552
16721      (1 0 2 6 1 0 1)              84.552
16722      (1 0 4 0 2 2 1)              84.549
16723      (1 0 2 3 1 1 1)              84.548
16724      (1 0 1 5 1 1 1)              84.544
16725      (1 0 2 3 1 2 1)              84.544
16726      (1 0 2 2 0 0 0)              84.541
16727      (1 0 2 6 1 1 1)              84.541
16728      (1 0 4 2 1 2 1)              84.540
16729      (1 0 0 0 2 2 1)              84.539
16730      (1 0 4 4 0 2 0)              84.538
16731      (1 0 0 0 2 2 1)              84.537
16732      (1 0 2 3 1 1 1)              84.536
16733      (1 0 2 3 1 2 1)              84.535
16734      (1 0 1 0 1 1 1)              84.532
16735      (1 0 0 0 1 2 1)              84.532
16736      (1 0 1 5 1 1 1)              84.531
16737      (1 0 3 1 1 1 1)              84.529
16738      (1 0 1 0 1 1 1)              84.527
16739      (1 0 2 6 1 2 1)              84.525
16740      (1 0 2 3 2 2 1)              84.523
16741      (1 0 4 4 0 2 0)              84.522
16742      (1 0 2 2 1 0 1)              84.520
16743      (1 0 2 3 2 1 2)              84.520
16744      (1 0 0 0 1 2 0)              84.519
16745      (1 0 4 0 1 1 0)              84.519
16746      (1 0 0 0 1 0 1)              84.519
16747      (1 0 2 6 1 2 1)              84.517
16748      (1 0 2 6 1 2 1)              84.515
16749      (1 0 1 3 1 1 1)              84.513
16750      (1 0 2 6 1 2 1)              84.510
16751      (1 0 4 2 0 2 0)              84.510
16752      (1 0 0 0 1 2 1)              84.509
16753      (0 1 4 6 1 0 1)              84.505
16754      (1 0 2 3 1 2 1)              84.503
16755      (1 0 2 3 1 0 1)              84.502
16756      (1 0 2 6 1 1 0)              84.500
16757      (1 0 2 3 1 2 1)              84.499
16758      (1 0 2 3 2 2 1)              84.497
16759      (1 0 2 3 1 2 1)              84.496
16760      (1 0 2 3 1 1 1)              84.494
16761      (1 0 4 3 0 2 0)              84.492
16762      (1 0 4 6 1 2 1)              84.492
16763      (1 0 1 5 1 1 1)              84.488
16764      (1 0 2 3 1 2 1)              84.487
16765      (1 0 2 3 1 1 1)              84.486
16766      (1 0 1 5 1 1 1)              84.482
16767      (1 0 1 5 1 1 1)              84.479
16768      (1 0 4 2 2 1 2)              84.478
16769      (1 0 2 3 1 0 1)              84.477
16770      (1 0 2 3 1 1 1)              84.475
16771      (1 0 2 3 1 2 1)              84.474
16772      (1 0 2 6 1 2 1)              84.473
16773      (1 0 1 5 1 1 1)              84.469
16774      (1 0 1 0 1 1 1)              84.467
16775      (1 0 2 3 1 0 1)              84.466
16776      (1 0 2 2 1 0 1)              84.464
16777      (1 0 2 2 1 2 1)              84.464
16778      (1 0 1 5 1 1 1)              84.461
16779      (1 0 2 6 1 2 1)              84.460
16780      (1 0 2 6 1 2 1)              84.458
16781      (1 0 4 6 1 2 1)              84.458
16782      (1 0 2 6 1 1 1)              84.456
16783      (1 0 1 5 1 1 1)              84.454
16784      (1 0 1 5 1 1 1)              84.453
16785      (1 0 2 2 1 1 1)              84.452
16786      (1 0 2 3 0 0 0)              84.451
16787      (1 0 2 3 1 1 1)              84.449
16788      (1 0 2 3 1 1 0)              84.447
16789      (1 0 1 5 1 1 1)              84.443
16790      (1 0 2 3 1 0 1)              84.442
16791      (1 0 2 3 1 2 1)              84.441
16792      (1 0 0 5 0 2 0)              84.439
16793      (1 0 2 3 1 1 1)              84.438
16794      (1 0 2 3 1 2 1)              84.438
16795      (1 0 0 5 1 0 0)              84.438
16796      (1 0 2 3 1 2 1)              84.437
16797      (1 0 3 2 1 1 1)              84.434
16798      (1 0 0 0 1 1 1)              84.433
16799      (1 0 2 3 1 2 1)              84.433
16800      (1 0 0 0 0 0 0)              84.430
16801      (1 0 1 5 1 1 1)              84.427
16802      (1 0 2 3 2 1 2)              84.426
16803      (1 0 2 5 2 1 1)              84.425
16804      (1 0 2 3 2 1 2)              84.424
16805      (1 0 4 2 2 2 1)              84.423
16806      (1 0 1 5 1 2 1)              84.421
16807      (1 0 2 3 1 0 1)              84.419
16808      (1 0 2 3 1 2 1)              84.416
16809      (1 0 2 2 0 0 0)              84.414
16810      (1 0 3 3 1 0 1)              84.412
16811      (1 0 0 5 1 0 0)              84.412
16812      (1 0 2 3 1 0 1)              84.410
16813      (1 0 1 5 1 2 1)              84.408
16814      (1 0 2 3 1 1 1)              84.406
16815      (1 0 2 6 0 0 1)              84.404
16816      (1 0 2 6 1 2 1)              84.403
16817      (1 0 2 3 1 0 1)              84.401
16818      (1 0 2 3 1 2 1)              84.402
16819      (1 0 1 3 1 1 1)              84.399
16820      (1 0 0 0 1 0 1)              84.398
16821      (1 0 2 6 1 2 1)              84.395
16822      (1 0 2 3 1 2 1)              84.394
16823      (1 0 0 0 1 0 1)              84.392
16824      (1 0 2 3 0 0 0)              84.391
16825      (1 0 0 3 0 0 0)              84.389
16826      (1 0 2 3 1 1 1)              84.387
16827      (1 0 3 0 1 1 1)              84.386
16828      (1 0 2 3 1 0 1)              84.385
16829      (1 0 4 6 1 2 1)              84.385
16830      (1 0 2 3 1 0 1)              84.383
16831      (1 0 4 6 0 1 0)              84.381
16832      (1 0 2 5 1 0 1)              84.379
16833      (1 0 2 6 1 2 1)              84.378
16834      (1 0 4 6 1 2 1)              84.379
16835      (1 0 2 3 1 2 1)              84.378
16836      (1 0 0 0 1 2 1)              84.377
16837      (1 0 2 6 1 2 1)              84.376
16838      (1 0 0 0 0 0 0)              84.373
16839      (1 0 2 3 0 0 0)              84.370
16840      (1 0 2 3 0 2 0)              84.367
16841      (1 0 4 3 0 2 0)              84.365
16842      (1 0 2 2 1 2 1)              84.365
16843      (1 0 2 3 1 0 1)              84.363
16844      (1 0 1 6 2 2 1)              84.361
16845      (1 0 2 3 1 0 1)              84.360
16846      (1 0 2 5 0 1 0)              84.360
16847      (1 0 3 2 1 1 1)              84.357
16848      (1 0 2 3 0 2 0)              84.355
16849      (1 0 2 3 1 1 1)              84.354
16850      (1 0 0 0 1 2 0)              84.353
16851      (1 0 2 3 1 0 1)              84.352
16852      (1 0 2 6 1 2 1)              84.350
16853      (1 0 0 3 0 0 0)              84.348
16854      (1 0 1 3 1 2 1)              84.346
16855      (1 0 0 0 1 1 1)              84.345
16856      (1 0 2 6 1 2 1)              84.343
16857      (1 0 0 0 0 0 0)              84.340
16858      (1 0 1 0 1 1 1)              84.338
16859      (1 0 2 3 1 2 1)              84.337
16860      (1 0 1 5 1 2 1)              84.336
16861      (1 0 3 2 1 1 1)              84.333
16862      (1 0 3 2 0 0 1)              84.331
16863      (1 0 2 3 0 0 1)              84.329
16864      (1 0 2 3 1 0 1)              84.327
16865      (1 0 2 6 1 1 0)              84.325
16866      (1 0 3 1 1 0 0)              84.323
16867      (1 0 4 0 2 2 1)              84.320
16868      (1 0 1 5 1 1 1)              84.317
16869      (1 0 2 0 2 1 2)              84.314
16870      (1 0 2 3 1 2 1)              84.313
16871      (1 0 2 4 1 1 1)              84.311
16872      (1 0 2 6 1 1 1)              84.311
16873      (1 0 2 3 2 1 2)              84.310
16874      (1 0 3 2 1 1 1)              84.308
16875      (1 0 2 6 1 2 1)              84.306
16876      (1 0 2 3 0 0 0)              84.305
16877      (1 0 2 6 1 2 1)              84.303
16878      (1 0 3 2 2 2 1)              84.301
16879      (1 0 4 0 2 2 1)              84.298
16880      (1 0 1 5 1 2 1)              84.296
16881      (1 0 1 0 1 1 1)              84.294
16882      (1 0 2 2 1 0 1)              84.292
16883      (1 0 1 5 1 1 1)              84.289
16884      (1 0 2 3 2 1 2)              84.289
16885      (1 0 2 6 1 2 1)              84.287
16886      (1 0 2 6 1 2 1)              84.286
16887      (1 0 4 6 1 2 1)              84.285
16888      (1 0 1 5 1 1 1)              84.284
16889      (1 0 2 5 0 2 0)              84.283
16890      (1 0 0 0 1 2 0)              84.282
16891      (1 0 1 5 1 1 1)              84.279
16892      (1 0 1 6 2 2 1)              84.277
16893      (1 0 2 2 0 0 1)              84.276
16894      (1 0 2 3 2 0 2)              84.276
16895      (1 0 4 2 2 1 2)              84.275
16896      (1 0 4 2 1 1 1)              84.272
16897      (1 0 3 1 1 0 0)              84.271
16898      (1 0 2 3 1 0 1)              84.269
16899      (1 0 2 3 1 2 0)              84.268
16900      (1 0 4 2 1 2 1)              84.266
16901      (1 0 0 3 0 0 0)              84.264
16902      (1 0 2 3 1 2 1)              84.263
16903      (1 0 3 2 1 1 1)              84.260
16904      (1 0 2 3 1 2 1)              84.260
16905      (1 0 1 5 1 1 1)              84.257
16906      (1 0 2 3 1 0 1)              84.255
16907      (1 0 2 3 2 2 2)              84.255
16908      (1 0 4 2 1 1 1)              84.252
16909      (1 0 2 3 2 2 1)              84.251
16910      (1 0 2 4 1 1 1)              84.248
16911      (1 0 2 3 1 1 1)              84.247
16912      (1 0 0 0 2 2 1)              84.246
16913      (1 0 4 2 1 2 1)              84.246
16914      (1 0 2 3 1 0 1)              84.244
16915      (1 0 0 0 0 0 0)              84.242
16916      (1 0 2 3 1 0 1)              84.243
16917      (1 0 2 6 1 2 1)              84.241
16918      (1 0 2 3 2 2 1)              84.240
16919      (1 0 1 5 1 2 1)              84.237
16920      (1 0 2 5 0 2 0)              84.236
16921      (1 0 2 3 1 0 2)              84.233
16922      (1 0 4 6 1 2 1)              84.232
16923      (1 0 2 3 0 0 1)              84.230
16924      (1 0 4 6 0 1 0)              84.227
16925      (1 0 0 5 1 0 0)              84.227
16926      (1 0 4 3 1 0 1)              84.224
16927      (1 0 4 2 1 2 1)              84.223
16928      (1 0 2 3 2 2 1)              84.221
16929      (1 0 4 2 2 2 1)              84.220
16930      (1 0 0 0 0 0 0)              84.217
16931      (1 0 4 4 2 1 1)              84.216
16932      (1 0 2 3 1 1 1)              84.215
16933      (1 0 2 3 2 1 2)              84.214
16934      (1 0 2 3 1 2 1)              84.213
16935      (1 0 1 5 1 1 1)              84.210
16936      (1 0 2 3 1 2 1)              84.206
16937      (1 0 2 3 0 2 0)              84.204
16938      (1 0 0 0 1 0 1)              84.204
16939      (1 0 1 0 0 2 0)              84.202
16940      (1 0 2 3 1 2 1)              84.201
16941      (1 0 2 3 1 0 1)              84.199
16942      (1 0 1 5 1 1 1)              84.196
16943      (1 0 2 3 1 1 1)              84.194
16944      (0 0 3 6 0 0 0)              84.191
16945      (1 0 2 3 1 2 1)              84.190
16946      (1 0 1 5 1 1 1)              84.187
16947      (1 0 1 1 1 2 1)              84.186
16948      (1 0 1 5 1 1 1)              84.186
16949      (1 0 2 3 1 1 1)              84.184
16950      (1 0 2 3 0 2 0)              84.182
16951      (1 0 2 3 1 0 1)              84.179
16952      (1 0 4 2 1 1 1)              84.179
16953      (1 0 2 3 1 1 1)              84.178
16954      (1 0 2 3 1 2 1)              84.178
16955      (1 0 2 3 2 1 2)              84.178
16956      (1 0 0 0 2 2 1)              84.177
16957      (1 0 2 6 1 1 1)              84.177
16958      (1 0 2 6 1 2 1)              84.175
16959      (1 0 4 2 2 1 2)              84.175
16960      (1 0 2 3 1 1 1)              84.173
16961      (1 0 1 5 1 2 1)              84.171
16962      (1 0 2 3 1 2 1)              84.170
16963      (1 0 2 5 2 1 1)              84.168
16964      (1 0 1 5 1 1 1)              84.168
16965      (1 0 1 5 1 1 1)              84.165
16966      (1 0 2 3 1 0 1)              84.164
16967      (1 0 0 4 1 2 1)              84.163
16968      (1 0 2 3 1 2 1)              84.162
16969      (1 0 4 6 1 2 1)              84.161
16970      (1 0 2 3 1 2 1)              84.161
16971      (1 0 1 5 1 1 1)              84.157
16972      (1 0 2 2 1 0 1)              84.156
16973      (1 0 2 4 1 1 1)              84.153
16974      (1 0 4 2 2 1 2)              84.152
16975      (1 0 2 5 0 2 0)              84.151
16976      (1 0 1 5 1 1 1)              84.148
16977      (1 0 2 3 1 0 1)              84.146
16978      (1 0 2 3 0 2 0)              84.144
16979      (1 0 0 0 0 0 0)              84.141
16980      (1 0 4 4 2 1 2)              84.138
16981      (1 0 2 3 1 0 1)              84.137
16982      (1 0 0 0 1 1 1)              84.136
16983      (1 0 1 5 1 2 1)              84.135
16984      (1 0 0 0 1 2 1)              84.134
16985      (1 0 4 2 1 2 1)              84.132
16986      (1 0 0 0 1 0 1)              84.132
16987      (1 0 4 6 1 2 1)              84.132
16988      (1 0 2 4 1 1 1)              84.129
16989      (1 0 2 6 1 2 1)              84.127
16990      (1 0 4 3 1 1 1)              84.124
16991      (1 0 4 2 1 2 1)              84.123
16992      (1 0 0 0 0 0 0)              84.122
16993      (1 0 1 5 1 1 1)              84.119
16994      (1 0 2 3 1 0 1)              84.117
16995      (1 0 1 0 1 1 1)              84.115
16996      (1 0 2 3 0 0 0)              84.114
16997      (1 0 2 3 1 1 1)              84.113
16998      (1 0 0 0 0 0 0)              84.111
16999      (1 0 2 3 1 0 1)              84.109
17000      (1 0 2 3 1 2 1)              84.109
17001      (1 0 2 3 1 1 1)              84.107
17002      (1 0 2 5 0 2 0)              84.105
17003      (1 0 0 3 1 1 1)              84.105
17004      (1 0 2 3 0 0 0)              84.106
17005      (1 0 2 3 1 2 1)              84.105
17006      (1 0 2 3 1 2 1)              84.104
17007      (1 0 2 6 1 2 1)              84.102
17008      (1 0 1 5 1 1 1)              84.099
17009      (1 0 2 3 1 1 1)              84.098
17010      (1 0 1 3 2 1 1)              84.096
17011      (1 0 2 3 2 2 2)              84.095
17012      (1 0 4 0 2 2 1)              84.092
17013      (1 0 4 6 0 2 0)              84.090
17014      (1 0 2 6 1 2 1)              84.088
17015      (1 0 0 0 1 2 0)              84.087
17016      (1 0 1 0 1 1 1)              84.085
17017      (1 0 4 0 2 2 1)              84.082
17018      (1 0 2 3 0 0 0)              84.080
17019      (1 0 4 2 1 2 1)              84.078
17020      (1 0 4 0 1 2 1)              84.076
17021      (1 0 2 4 0 0 0)              84.074
17022      (1 0 1 5 1 1 1)              84.071
17023      (1 0 2 3 2 1 2)              84.068
17024      (1 0 2 3 1 2 1)              84.068
17025      (1 0 2 2 1 0 1)              84.066
17026      (1 0 2 6 1 1 0)              84.066
17027      (1 0 2 3 1 2 1)              84.065
17028      (1 0 2 3 1 1 1)              84.062
17029      (1 0 2 3 1 2 1)              84.062
17030      (1 0 3 1 1 1 1)              84.060
17031      (1 0 2 2 1 2 0)              84.059
17032      (1 0 2 3 1 1 1)              84.058
17033      (1 0 2 5 2 1 1)              84.056
17034      (1 0 0 0 0 0 0)              84.054
17035      (1 0 2 6 1 2 1)              84.051
17036      (1 0 4 2 1 2 1)              84.050
17037      (1 0 0 3 1 1 1)              84.049
17038      (1 0 2 3 1 1 1)              84.047
17039      (1 0 2 3 1 1 1)              84.046
17040      (1 0 0 0 0 0 0)              84.043
17041      (1 0 3 2 1 1 1)              84.040
17042      (1 0 1 5 1 1 1)              84.037
17043      (1 0 2 4 1 1 1)              84.034
17044      (1 0 2 3 2 1 2)              84.031
17045      (1 0 2 3 1 2 1)              84.030
17046      (1 0 2 3 1 2 1)              84.030
17047      (1 0 2 6 1 1 0)              84.028
17048      (1 0 0 0 1 2 1)              84.027
17049      (1 0 0 0 0 2 1)              84.027
17050      (1 0 2 3 2 0 2)              84.028
17051      (1 0 2 6 1 2 1)              84.026
17052      (1 0 4 2 1 2 1)              84.024
17053      (1 0 2 3 1 0 1)              84.024
17054      (1 0 2 3 1 0 1)              84.025
17055      (1 0 1 5 1 2 1)              84.023
17056      (1 0 2 3 1 2 1)              84.022
17057      (1 0 2 3 1 0 1)              84.022
17058      (1 0 2 0 2 1 2)              84.019
17059      (1 0 2 3 1 2 1)              84.018
17060      (1 0 2 3 2 1 2)              84.015
17061      (1 0 2 3 1 2 1)              84.014
17062      (1 0 3 2 1 2 1)              84.013
17063      (1 0 2 5 0 0 0)              84.010
17064      (1 0 2 5 2 1 1)              84.009
17065      (1 0 2 3 1 2 1)              84.008
17066      (1 0 2 3 1 2 1)              84.007
17067      (1 0 2 3 1 2 1)              84.007
17068      (1 0 2 3 1 2 1)              84.005
17069      (1 0 2 3 1 2 1)              84.005
17070      (1 0 4 3 1 0 1)              84.003
17071      (1 0 2 6 1 2 1)              84.002
17072      (1 0 1 5 1 1 1)              83.999
17073      (1 0 1 5 1 1 1)              83.995
17074      (1 0 1 5 1 1 1)              83.992
17075      (1 0 2 6 1 1 0)              83.990
17076      (1 0 2 6 1 2 1)              83.988
17077      (1 0 2 3 2 0 2)              83.988
17078      (1 0 2 6 1 1 0)              83.987
17079      (1 0 4 2 0 0 0)              83.983
17080      (1 0 0 0 1 2 0)              83.983
17081      (1 0 2 3 1 0 1)              83.982
17082      (1 0 2 3 1 1 1)              83.980
17083      (1 0 2 3 1 2 1)              83.981
17084      (1 0 2 2 0 1 0)              83.977
17085      (1 0 2 3 1 1 0)              83.976
17086      (1 0 2 3 1 2 0)              83.974
17087      (1 0 0 0 1 0 1)              83.973
17088      (0 1 4 6 1 0 1)              83.969
17089      (1 0 3 2 1 2 1)              83.968
17090      (1 0 2 3 2 1 2)              83.967
17091      (1 0 2 3 1 2 1)              83.966
17092      (1 0 2 6 1 2 1)              83.965
17093      (1 0 4 2 1 2 1)              83.963
17094      (1 0 4 3 1 2 0)              83.962
17095      (1 0 2 2 1 0 1)              83.960
17096      (1 0 4 2 0 0 0)              83.957
17097      (1 0 2 6 1 2 1)              83.956
17098      (1 0 2 3 0 2 0)              83.954
17099      (1 0 2 4 0 0 0)              83.952
17100      (1 0 2 6 1 2 1)              83.950
17101      (1 0 0 3 0 0 0)              83.948
17102      (1 0 1 5 1 1 1)              83.945
17103      (1 0 4 6 1 2 1)              83.945
17104      (1 0 2 4 1 1 1)              83.942
17105      (1 0 4 2 1 2 1)              83.943
17106      (1 0 3 2 1 2 1)              83.941
17107      (1 0 1 5 1 1 1)              83.938
17108      (1 0 2 0 2 1 2)              83.935
17109      (1 0 0 3 1 1 1)              83.935
17110      (1 0 2 3 2 1 2)              83.931
17111      (1 0 2 3 0 2 0)              83.929
17112      (1 0 1 5 1 2 1)              83.928
17113      (1 0 0 0 0 0 0)              83.926
17114      (1 0 2 3 1 1 1)              83.924
17115      (1 0 4 4 2 1 1)              83.924
17116      (1 0 4 6 0 1 0)              83.921
17117      (1 0 1 5 1 1 1)              83.918
17118      (1 0 3 1 1 1 1)              83.916
17119      (1 0 4 4 2 1 1)              83.916
17120      (1 0 2 3 1 1 1)              83.914
17121      (1 0 2 6 1 2 1)              83.912
17122      (1 0 2 3 1 2 1)              83.912
17123      (1 0 0 5 1 1 1)              83.911
17124      (1 0 2 3 1 1 1)              83.909
17125      (1 0 1 5 1 2 1)              83.907
17126      (1 0 2 3 1 2 1)              83.906
17127      (1 0 0 0 1 0 1)              83.905
17128      (1 0 4 6 1 2 1)              83.904
17129      (1 0 2 3 1 0 2)              83.903
17130      (1 0 0 0 1 0 1)              83.903
17131      (1 0 2 3 1 2 1)              83.902
17132      (1 0 2 3 2 1 2)              83.901
17133      (1 0 2 3 1 1 1)              83.900
17134      (1 0 4 4 0 2 0)              83.899
17135      (1 0 2 6 1 2 1)              83.898
17136      (1 0 2 6 1 1 1)              83.896
17137      (1 0 4 2 1 2 1)              83.894
17138      (1 0 2 3 1 2 1)              83.893
17139      (1 0 1 5 1 1 1)              83.890
17140      (1 0 1 0 1 1 1)              83.888
17141      (1 0 2 6 1 2 1)              83.886
17142      (1 0 2 6 1 1 1)              83.886
17143      (1 0 2 0 2 2 1)              83.883
17144      (1 0 1 5 1 1 1)              83.880
17145      (1 0 1 0 1 1 1)              83.877
17146      (1 0 2 3 1 2 1)              83.877
17147      (1 0 0 3 0 0 0)              83.874
17148      (1 0 4 2 1 2 1)              83.873
17149      (1 0 2 3 2 2 2)              83.872
17150      (1 0 1 5 1 1 1)              83.869
17151      (1 0 1 5 0 2 0)              83.866
17152      (1 0 4 4 0 2 0)              83.864
17153      (1 0 2 6 1 2 1)              83.862
17154      (1 0 4 5 2 1 2)              83.861
17155      (1 0 2 5 0 2 0)              83.860
17156      (1 0 4 0 1 2 1)              83.858
17157      (1 0 2 5 1 1 1)              83.857
17158      (1 0 2 3 2 1 2)              83.854
17159      (1 0 2 6 1 2 1)              83.853
17160      (1 0 0 0 1 0 1)              83.853
17161      (1 0 2 3 1 2 1)              83.850
17162      (1 0 2 6 1 2 1)              83.848
17163      (1 0 2 3 2 1 2)              83.848
17164      (1 0 2 3 1 2 1)              83.847
17165      (1 0 2 6 1 2 1)              83.845
17166      (1 0 4 2 1 2 1)              83.844
17167      (1 0 2 2 1 0 1)              83.842
17168      (1 0 2 3 1 1 1)              83.840
17169      (1 0 2 6 1 2 1)              83.837
17170      (1 0 4 2 0 2 0)              83.837
17171      (1 0 0 0 0 0 0)              83.834
17172      (1 0 4 5 2 1 2)              83.833
17173      (1 0 2 3 1 0 1)              83.831
17174      (1 0 2 3 2 1 2)              83.828
17175      (1 0 2 3 2 2 1)              83.826
17176      (1 0 0 1 1 2 1)              83.826
17177      (1 0 2 6 1 2 1)              83.824
17178      (1 0 2 3 1 1 1)              83.823
17179      (1 0 2 5 2 1 1)              83.821
17180      (1 0 2 2 1 0 2)              83.819
17181      (1 0 2 6 1 2 1)              83.819
17182      (1 0 1 5 1 1 1)              83.816
17183      (1 0 1 3 1 0 1)              83.815
17184      (1 0 0 2 2 2 1)              83.812
17185      (1 0 2 3 1 2 1)              83.811
17186      (1 0 4 2 1 2 1)              83.809
17187      (1 0 2 3 1 2 1)              83.809
17188      (1 0 0 0 2 2 2)              83.806
17189      (1 0 4 2 2 1 2)              83.805
17190      (1 0 0 5 1 0 0)              83.805
17191      (1 0 2 3 1 1 1)              83.803
17192      (1 0 0 0 0 0 0)              83.801
17193      (1 0 1 5 1 1 1)              83.798
17194      (1 0 2 3 1 2 1)              83.797
17195      (1 0 4 2 2 1 2)              83.796
17196      (1 0 4 3 1 0 1)              83.794
17197      (1 0 2 6 1 2 1)              83.793
17198      (1 0 2 6 1 2 1)              83.791
17199      (1 0 2 3 2 1 2)              83.790
17200      (1 0 2 5 1 0 1)              83.788
17201      (1 0 1 5 1 1 1)              83.785
17202      (1 0 1 5 1 1 1)              83.784
17203      (1 0 2 3 1 0 1)              83.784
17204      (1 0 0 5 1 1 1)              83.783
17205      (1 0 4 2 1 2 1)              83.781
17206      (1 0 3 1 1 1 1)              83.780
17207      (1 0 1 5 1 1 1)              83.778
17208      (1 0 4 4 2 1 1)              83.777
17209      (1 0 2 3 1 2 1)              83.778
17210      (1 0 2 3 1 2 1)              83.776
17211      (1 0 2 3 1 2 1)              83.775
17212      (1 0 2 6 1 2 1)              83.774
17213      (1 0 2 6 1 2 1)              83.772
17214      (1 0 2 2 0 1 0)              83.769
17215      (1 0 4 4 0 2 0)              83.768
17216      (1 0 4 2 0 0 0)              83.764
17217      (1 0 1 0 1 1 1)              83.762
17218      (1 0 4 2 1 2 1)              83.760
17219      (1 0 4 6 1 2 1)              83.760
17220      (1 0 2 6 1 2 1)              83.758
17221      (1 0 4 6 0 2 0)              83.756
17222      (1 0 4 5 1 2 0)              83.753
17223      (1 0 2 6 1 2 1)              83.752
17224      (1 0 2 3 1 1 0)              83.749
17225      (1 0 2 3 1 0 1)              83.749
17226      (1 0 1 5 1 1 1)              83.746
17227      (1 0 2 6 1 2 1)              83.743
17228      (1 0 3 2 2 2 1)              83.742
17229      (1 0 2 3 2 1 2)              83.742
17230      (1 0 2 3 1 0 1)              83.740
17231      (1 0 0 0 0 0 0)              83.737
17232      (1 0 1 2 1 2 1)              83.736
17233      (1 0 3 0 0 0 0)              83.734
17234      (1 0 2 4 1 1 1)              83.732
17235      (1 0 3 0 1 1 1)              83.730
17236      (1 0 2 6 1 1 1)              83.728
17237      (1 0 1 3 1 2 1)              83.725
17238      (1 0 2 3 0 0 0)              83.722
17239      (1 0 0 0 0 0 0)              83.720
17240      (1 0 0 0 0 2 0)              83.718
17241      (1 0 0 0 2 2 1)              83.717
17242      (1 0 4 6 1 2 1)              83.717
17243      (1 0 2 3 1 2 1)              83.716
17244      (1 0 2 3 2 1 2)              83.713
17245      (1 0 2 3 0 0 0)              83.710
17246      (1 0 2 4 1 1 1)              83.707
17247      (1 0 1 5 1 2 1)              83.705
17248      (1 0 2 3 0 0 0)              83.704
17249      (1 0 0 0 1 2 0)              83.703
17250      (1 0 1 0 1 1 1)              83.701
17251      (1 0 4 0 2 2 1)              83.698
17252      (1 0 2 3 1 2 1)              83.697
17253      (1 0 2 3 1 1 1)              83.696
17254      (1 0 4 3 1 1 1)              83.693
17255      (1 0 2 6 1 2 1)              83.691
17256      (1 0 2 2 2 2 1)              83.689
17257      (1 0 2 6 1 2 1)              83.688
17258      (1 0 2 2 1 2 0)              83.687
17259      (1 0 2 3 1 0 1)              83.685
17260      (1 0 2 3 1 0 1)              83.685
17261      (1 0 2 3 1 0 1)              83.683
17262      (1 0 0 0 1 0 1)              83.682
17263      (1 0 4 4 2 1 1)              83.682
17264      (1 0 2 3 2 0 2)              83.682
17266      (1 0 2 6 1 2 1)              83.680
17267      (1 0 2 3 1 1 1)              83.679
17268      (1 0 2 3 1 1 1)              83.677
17269      (1 0 2 3 1 2 1)              83.677
17270      (1 0 2 3 2 1 2)              83.673
17271      (1 0 3 3 1 1 1)              83.672
17272      (1 0 2 6 1 2 1)              83.670
17273      (1 0 1 0 0 2 0)              83.668
17274      (1 0 2 3 1 1 1)              83.666
17275      (1 0 2 3 1 2 1)              83.666
17276      (1 0 2 0 0 0 0)              83.665
17277      (1 0 4 4 0 2 0)              83.664
17278      (1 0 2 3 2 1 2)              83.661
17279      (1 0 2 3 1 0 2)              83.660
17280      (1 0 0 0 0 0 0)              83.657
17281      (1 0 4 0 1 2 1)              83.655
17282      (1 0 2 6 1 2 1)              83.652
17283      (1 0 0 0 1 0 1)              83.653
17284      (1 0 2 5 1 2 1)              83.653
17285      (1 0 0 0 1 2 0)              83.652
17286      (1 0 3 3 1 1 1)              83.650
17287      (1 0 4 2 1 2 1)              83.649
17288      (1 0 2 3 1 2 1)              83.648
17289      (1 0 2 3 2 1 2)              83.648
17290      (1 0 4 2 1 2 1)              83.647
17291      (1 0 4 3 1 1 1)              83.645
17292      (1 0 1 5 1 2 1)              83.643
17293      (1 0 2 3 0 0 0)              83.642
17294      (1 0 2 3 2 1 2)              83.642
17295      (1 0 1 5 1 1 1)              83.640
17296      (1 0 2 3 1 0 1)              83.638
17297      (1 0 0 0 1 2 0)              83.638
17298      (1 0 2 2 1 0 1)              83.636
17299      (1 0 0 0 1 0 1)              83.636
17300      (1 0 4 6 1 1 1)              83.637
17301      (1 0 2 3 1 2 1)              83.636
17302      (1 0 2 6 1 2 1)              83.635
17303      (1 0 4 2 1 2 1)              83.633
17304      (1 0 2 3 1 2 1)              83.633
17305      (1 0 2 3 1 1 1)              83.631
17306      (1 0 2 3 2 1 2)              83.631
17307      (1 0 2 6 1 2 1)              83.630
17308      (1 0 2 5 2 1 1)              83.628
17309      (1 0 4 6 0 0 0)              83.627
17310      (1 0 0 3 1 1 1)              83.626
17311      (1 0 2 6 1 2 1)              83.625
17312      (1 0 0 0 1 0 1)              83.625
17313      (1 0 2 6 1 1 1)              83.625
17314      (1 0 2 3 1 0 1)              83.623
17315      (1 0 2 3 1 1 1)              83.622
17316      (1 0 2 6 1 1 1)              83.619
17317      (1 0 4 6 1 2 1)              83.619
17318      (1 0 3 3 2 1 2)              83.616
17319      (1 0 2 3 1 0 1)              83.615
17320      (1 0 2 6 1 2 1)              83.613
17321      (1 0 2 3 1 2 1)              83.612
17322      (1 0 2 5 1 0 1)              83.611
17323      (1 0 2 3 2 2 2)              83.610
17324      (1 0 2 3 1 2 1)              83.609
17325      (1 0 2 3 1 0 1)              83.609
17326      (1 0 2 3 1 0 1)              83.606
17327      (1 0 1 5 1 2 1)              83.603
17328      (1 0 2 3 1 1 1)              83.602
17329      (1 0 4 6 1 2 1)              83.601
17330      (1 0 2 3 1 1 1)              83.599
17331      (1 0 2 3 1 0 1)              83.598
17332      (1 0 3 1 1 1 1)              83.596
17333      (1 0 4 5 1 2 0)              83.594
17334      (1 0 2 3 1 1 1)              83.593
17335      (1 0 3 2 1 1 1)              83.591
17336      (1 0 2 3 0 0 0)              83.590
17337      (1 0 4 6 1 2 1)              83.590
17338      (1 0 4 2 2 2 1)              83.590
17339      (1 0 3 2 1 1 1)              83.587
17340      (1 0 1 3 0 1 0)              83.584
17341      (1 0 2 3 1 1 1)              83.583
17342      (1 0 2 4 0 0 0)              83.582
17343      (1 0 2 3 1 0 1)              83.580
17344      (1 0 0 5 1 0 0)              83.580
17345      (1 0 4 6 1 2 1)              83.579
17346      (1 0 2 3 1 0 2)              83.577
17347      (1 0 0 3 1 1 1)              83.577
17348      (1 0 0 0 0 0 0)              83.575
17349      (1 0 0 0 1 2 1)              83.575
17350      (1 0 2 3 1 2 1)              83.574
17351      (1 0 4 6 1 2 1)              83.574
17352      (1 0 2 4 0 0 1)              83.572
17353      (1 0 2 3 1 2 1)              83.571
17354      (1 0 1 5 1 2 1)              83.570
17355      (1 0 1 0 1 1 1)              83.568
17356      (1 0 1 1 2 1 2)              83.565
17357      (1 0 2 6 1 2 1)              83.563
17358      (1 0 2 3 1 2 1)              83.564
17359      (1 0 4 2 2 1 2)              83.563
17360      (1 0 1 5 0 2 0)              83.560
17361      (1 0 0 0 1 0 1)              83.559
17362      (1 0 1 5 1 1 1)              83.556
17363      (1 0 2 6 1 2 1)              83.555
17364      (1 0 4 2 1 2 1)              83.553
17365      (1 0 1 5 1 2 1)              83.550
17366      (1 0 1 5 0 2 0)              83.547
17367      (1 0 4 2 1 1 1)              83.545
17368      (1 0 0 0 2 2 1)              83.544
17369      (1 0 1 5 1 1 1)              83.541
17370      (1 0 4 0 1 2 1)              83.538
17371      (1 0 0 0 0 0 0)              83.536
17372      (1 0 2 3 1 2 1)              83.535
17373      (1 0 2 3 0 2 0)              83.533
17374      (1 0 0 5 1 0 0)              83.532
17375      (1 0 2 3 1 2 1)              83.532
17376      (1 0 2 3 1 2 1)              83.531
17377      (1 0 3 3 1 1 1)              83.529
17378      (1 0 2 3 1 0 1)              83.528
17379      (1 0 1 5 1 1 1)              83.525
17380      (1 0 2 2 1 0 1)              83.523
17381      (1 0 4 2 2 1 2)              83.522
17382      (1 0 2 3 1 1 1)              83.521
17383      (1 0 2 5 1 0 2)              83.520
17384      (1 0 2 6 1 2 1)              83.519
17385      (1 0 2 6 1 2 1)              83.517
17386      (1 0 2 3 1 1 1)              83.516
17387      (1 0 4 2 1 2 1)              83.514
17388      (1 0 2 3 1 2 1)              83.513
17389      (1 0 0 0 1 2 0)              83.512
17390      (1 0 0 0 0 0 0)              83.510
17391      (1 0 2 0 2 1 2)              83.507
17392      (1 0 2 3 2 1 2)              83.504
17393      (1 0 2 6 1 2 1)              83.503
17394      (1 0 2 3 1 2 1)              83.502
17395      (1 0 2 5 1 2 1)              83.502
17396      (1 0 4 2 1 2 1)              83.500
17397      (1 0 4 6 1 2 1)              83.500
17398      (1 0 0 6 0 1 0)              83.499
17399      (1 0 2 4 0 0 0)              83.498
17400      (1 0 3 1 1 1 1)              83.496
17401      (1 0 4 2 0 0 0)              83.493
17402      (1 0 1 5 1 2 1)              83.490
17403      (1 0 2 6 1 2 1)              83.488
17404      (1 0 2 3 2 2 2)              83.487
17405      (1 0 2 6 1 2 1)              83.486
17406      (1 0 2 3 1 2 1)              83.484
17407      (1 0 0 0 1 2 1)              83.484
17408      (0 0 1 4 2 2 1)              83.481
17409      (1 0 2 3 0 0 0)              83.479
17410      (1 0 1 5 1 1 1)              83.478
17411      (1 0 1 3 1 0 1)              83.478
17412      (1 0 1 5 1 1 1)              83.475
17413      (1 0 1 5 1 1 1)              83.471
17414      (1 0 0 3 0 0 0)              83.469
17415      (1 0 2 3 1 1 1)              83.467
17416      (1 0 4 2 1 2 1)              83.465
17417      (1 0 1 3 1 1 1)              83.463
17418      (1 0 4 4 0 2 0)              83.462
17419      (1 0 2 3 1 0 1)              83.461
17420      (1 0 2 6 1 2 1)              83.459
17421      (1 0 2 2 1 0 1)              83.458
17422      (1 0 2 3 1 2 1)              83.457
17423      (1 0 0 0 2 2 1)              83.456
17424      (1 0 2 3 1 2 1)              83.456
17425      (1 0 2 3 2 1 2)              83.456
17426      (1 0 0 0 1 2 1)              83.455
17427      (1 0 4 3 1 1 1)              83.453
17428      (1 0 2 3 1 2 1)              83.452
17429      (1 0 3 2 2 2 1)              83.450
17430      (1 0 4 2 1 1 1)              83.451
17431      (1 0 1 0 1 1 1)              83.448
17432      (1 0 2 6 1 2 1)              83.447
17433      (1 0 2 3 2 1 2)              83.446
17434      (1 0 2 3 1 1 1)              83.444
17435      (1 0 2 3 1 2 1)              83.443
17436      (1 0 1 5 1 1 1)              83.440
17437      (1 0 4 2 1 2 1)              83.438
17438      (1 0 4 2 1 1 1)              83.436
17439      (1 0 2 3 1 2 1)              83.435
17440      (1 0 2 3 1 2 1)              83.435
17441      (1 0 4 2 1 1 1)              83.432
17442      (1 0 4 0 1 1 0)              83.432
17443      (1 0 2 3 1 1 1)              83.430
17444      (1 0 2 3 1 1 1)              83.429
17445      (1 0 1 5 1 1 1)              83.428
17446      (1 0 2 4 0 0 0)              83.426
17447      (1 0 1 5 1 1 1)              83.423
17448      (1 0 2 5 2 1 1)              83.422
17449      (1 0 2 6 1 1 1)              83.422
17450      (1 0 2 3 1 0 1)              83.421
17451      (1 0 2 3 1 1 1)              83.420
17452      (1 0 2 3 1 0 1)              83.418
17453      (1 0 2 3 0 0 0)              83.415
17454      (1 0 2 3 1 1 1)              83.413
17455      (1 0 3 1 1 1 1)              83.412
17456      (1 0 2 4 0 0 0)              83.410
17457      (1 0 2 5 1 1 1)              83.410
17458      (1 0 2 3 1 2 1)              83.409
17459      (1 0 2 3 2 2 2)              83.408
17460      (1 0 2 6 1 1 1)              83.406
17461      (1 0 4 3 0 1 0)              83.404
17462      (1 0 4 3 0 1 0)              83.401
17463      (1 0 2 3 1 1 1)              83.399
17464      (1 0 2 2 1 0 1)              83.398
17465      (1 0 0 0 1 2 0)              83.397
17466      (1 0 2 6 1 1 1)              83.395
17467      (1 0 2 6 1 2 1)              83.393
17468      (1 0 2 6 0 0 1)              83.392
17469      (1 0 4 2 1 2 1)              83.390
17470      (1 0 3 3 1 1 1)              83.389
17471      (1 0 3 2 1 2 1)              83.387
17472      (1 0 0 0 1 2 0)              83.386
17473      (1 0 1 5 1 1 1)              83.383
17474      (0 1 4 6 2 1 1)              83.380
17475      (1 0 4 6 1 2 1)              83.379
17476      (1 0 2 3 1 2 1)              83.379
17477      (1 0 2 5 2 2 1)              83.376
17478      (1 0 1 3 2 1 1)              83.375
17479      (1 0 2 3 1 1 1)              83.373
17480      (1 0 2 3 0 2 0)              83.371
17481      (1 0 2 3 1 0 1)              83.370
17482      (1 0 2 3 1 1 1)              83.368
17483      (1 0 1 5 1 1 1)              83.365
17484      (1 0 2 4 1 1 1)              83.363
17485      (1 0 2 3 1 0 1)              83.361
17486      (1 0 1 2 0 0 0)              83.358
17487      (1 0 2 3 1 1 1)              83.356
17488      (1 0 4 6 0 1 0)              83.354
17489      (1 0 4 2 1 2 1)              83.353
17490      (1 0 2 3 1 1 1)              83.352
17491      (1 0 4 2 2 1 2)              83.351
17492      (1 0 2 3 1 1 1)              83.351
17493      (1 0 4 5 1 2 0)              83.348
17494      (1 0 2 3 1 0 2)              83.348
17495      (1 0 2 3 1 1 1)              83.346
17496      (1 0 2 3 1 1 1)              83.345
17497      (1 0 2 6 1 2 1)              83.343
17498      (1 0 2 6 1 2 1)              83.342
17499      (1 0 4 6 1 2 1)              83.342
17500      (1 0 4 2 1 2 1)              83.340
17501      (1 0 2 3 2 2 2)              83.339
17502      (1 0 2 5 2 1 1)              83.338
17503      (1 0 2 3 1 1 1)              83.336
17504      (1 0 2 6 1 1 0)              83.335
17505      (1 0 0 0 2 2 1)              83.334
17506      (1 0 3 2 1 2 1)              83.333
17507      (1 0 2 3 1 0 1)              83.332
17508      (1 0 4 3 1 2 1)              83.332
17509      (1 0 2 0 2 1 2)              83.330
17510      (1 0 4 6 1 1 1)              83.331
17511      (1 0 2 3 0 0 0)              83.328
17512      (1 0 2 5 2 1 1)              83.326
17513      (1 0 1 5 1 1 1)              83.323
17514      (1 0 4 4 0 2 0)              83.322
17515      (1 0 2 3 1 0 1)              83.320
17516      (1 0 2 5 1 0 1)              83.319
17517      (1 0 4 2 2 1 2)              83.318
17518      (1 0 1 5 1 2 1)              83.316
17519      (1 0 4 3 1 0 1)              83.313
17520      (1 0 2 2 1 1 1)              83.313
17521      (1 0 0 5 0 2 0)              83.311
17522      (1 0 2 3 0 0 0)              83.308
17523      (1 0 3 1 0 1 1)              83.306
17524      (1 0 4 0 1 2 1)              83.303
17525      (1 0 2 0 2 1 2)              83.301
17526      (1 0 2 3 2 1 2)              83.301
17527      (1 0 4 2 2 2 1)              83.301
17528      (1 0 4 6 1 2 1)              83.301
17529      (1 0 2 6 1 2 1)              83.299
17530      (1 0 2 3 1 0 1)              83.298
17531      (1 0 2 6 1 1 1)              83.299
17532      (1 0 4 2 1 2 1)              83.297
17533      (1 0 4 4 2 1 1)              83.296
17534      (1 0 4 5 2 1 2)              83.295
17535      (1 0 1 5 1 2 1)              83.292
17536      (1 0 2 3 1 0 1)              83.291
17537      (1 0 1 0 0 2 0)              83.289
17538      (1 0 2 3 1 0 1)              83.288
17539      (1 0 2 3 1 2 1)              83.287
17540      (1 0 0 3 0 0 0)              83.285
17541      (1 0 1 5 1 2 1)              83.283
17542      (1 0 2 3 2 1 2)              83.283
17543      (1 0 0 0 1 0 1)              83.282
17544      (1 0 0 3 1 1 1)              83.282
17545      (1 0 2 3 0 2 0)              83.279
17546      (1 0 4 4 2 1 1)              83.279
17547      (1 0 2 3 0 0 0)              83.278
17548      (1 0 4 3 1 1 1)              83.276
17549      (1 0 0 0 1 0 1)              83.275
17550      (1 0 2 3 1 2 1)              83.274
17551      (1 0 2 3 1 2 1)              83.275
17552      (1 0 2 6 0 0 1)              83.274
17553      (1 0 4 2 0 0 0)              83.271
17554      (1 0 2 3 1 1 1)              83.269
17555      (1 0 4 4 0 2 0)              83.268
17556      (1 0 4 0 2 2 1)              83.265
17557      (1 0 3 1 1 2 1)              83.264
17558      (1 0 0 0 2 2 1)              83.263
17559      (1 0 2 3 1 2 1)              83.263
17560      (1 0 1 5 1 2 1)              83.260
17561      (1 0 3 2 1 1 1)              83.258
17562      (1 0 2 3 1 2 1)              83.257
17563      (1 0 4 6 0 1 0)              83.255
17564      (1 0 2 3 1 2 1)              83.254
17565      (1 0 1 0 1 0 1)              83.254
17566      (1 0 2 3 2 1 1)              83.253
17567      (1 0 1 3 0 1 0)              83.250
17568      (1 0 0 6 0 1 0)              83.249
17569      (1 0 0 0 0 0 0)              83.249
17570      (1 0 0 0 1 0 1)              83.248
17571      (1 0 4 0 2 2 1)              83.245
17572      (1 0 2 6 1 2 1)              83.243
17573      (1 0 2 3 2 2 1)              83.242
17574      (1 0 2 6 1 2 1)              83.240
17575      (1 0 2 3 1 0 1)              83.239
17576      (1 0 2 6 1 1 1)              83.240
17577      (1 0 2 5 1 0 2)              83.239
17578      (1 0 4 3 1 0 1)              83.237
17579      (1 0 1 5 1 2 1)              83.234
17580      (1 0 2 3 2 1 2)              83.231
17581      (1 0 2 6 1 2 1)              83.230
17582      (1 0 2 3 2 1 2)              83.227
17583      (0 1 4 6 1 1 0)              83.224
17584      (1 0 2 3 1 2 1)              83.225
17585      (1 0 4 4 0 2 0)              83.224
17587      (1 0 2 3 1 2 1)              83.223
17588      (1 0 2 3 1 0 1)              83.224
17589      (1 0 0 0 1 2 0)              83.223
17590      (1 0 3 3 1 1 1)              83.222
17591      (1 0 0 0 1 2 1)              83.221
17592      (1 0 1 5 1 1 1)              83.218
17593      (1 0 2 6 1 1 1)              83.218
17594      (1 0 0 5 1 1 1)              83.218
17595      (1 0 2 3 1 0 1)              83.219
17596      (1 0 3 3 1 0 1)              83.217
17597      (1 0 0 0 1 2 1)              83.216
17598      (1 0 4 6 1 2 1)              83.216
17599      (1 0 2 3 1 2 1)              83.217
17600      (1 0 4 3 1 0 1)              83.214
17601      (1 0 2 3 2 2 2)              83.214
17602      (1 0 2 3 1 2 1)              83.213
17603      (1 0 3 1 1 1 1)              83.212
17604      (1 0 2 3 1 0 1)              83.210
17605      (1 0 2 6 1 2 1)              83.209
17606      (1 0 4 2 2 1 2)              83.208
17607      (1 0 2 3 0 2 0)              83.206
17608      (1 0 4 0 2 2 1)              83.203
17609      (1 0 0 5 0 2 0)              83.201
17610      (1 0 1 5 1 1 1)              83.198
17611      (1 0 0 0 1 2 0)              83.197
17612      (1 0 1 5 1 2 1)              83.194
17613      (1 0 4 2 2 2 1)              83.193
17614      (1 0 2 3 2 2 2)              83.193
17615      (1 0 2 6 1 1 0)              83.191
17616      (1 0 1 5 0 2 0)              83.188
17617      (1 0 2 6 1 2 1)              83.187
17618      (1 0 4 2 1 2 1)              83.185
17619      (1 0 2 3 2 1 2)              83.185
17620      (1 0 2 3 1 2 1)              83.184
17621      (1 0 0 0 2 2 1)              83.183
17622      (1 0 2 6 1 2 1)              83.183
17624      (1 0 4 0 1 2 1)              83.180
17625      (1 0 4 2 1 2 1)              83.179
17626      (1 0 1 5 1 1 1)              83.176
17627      (1 0 4 5 1 2 0)              83.173
17628      (1 0 4 4 2 1 1)              83.173
17629      (1 0 1 5 1 1 1)              83.170
17630      (1 0 2 4 0 0 0)              83.168
17631      (1 0 2 3 0 0 0)              83.165
17632      (1 0 2 2 1 2 1)              83.164
17633      (1 0 4 1 0 2 1)              83.163
17634      (1 0 4 0 2 2 1)              83.160
17635      (1 0 1 5 1 1 1)              83.157
17636      (1 0 2 3 0 2 0)              83.154
17637      (1 0 4 2 0 0 0)              83.151
17638      (1 0 2 0 2 1 2)              83.149
17639      (1 0 0 5 0 2 0)              83.148
17640      (1 0 0 0 1 2 0)              83.147
17641      (1 0 4 2 0 0 0)              83.144
17642      (1 0 4 2 1 2 1)              83.142
17643      (1 0 2 3 1 1 1)              83.141
17644      (1 0 2 6 1 2 1)              83.139
17645      (1 0 4 2 1 2 1)              83.138
17646      (1 0 2 3 2 2 2)              83.137
17647      (1 0 2 3 1 1 1)              83.136
17648      (1 0 2 3 1 0 1)              83.134
17649      (1 0 2 2 1 0 1)              83.133
17650      (1 0 2 3 0 0 0)              83.132
17651      (1 0 2 3 0 0 1)              83.130
17652      (1 0 1 5 1 1 1)              83.128
17653      (1 0 4 2 2 1 2)              83.127
17654      (1 0 0 5 1 0 0)              83.126
17655      (1 0 1 1 2 1 2)              83.123
17656      (1 0 0 0 0 2 0)              83.121
17657      (1 0 4 2 0 2 0)              83.120
17658      (1 0 2 3 1 1 1)              83.119
17659      (1 0 2 5 1 0 1)              83.118
17660      (1 0 0 0 1 2 0)              83.117
17661      (1 0 2 6 1 2 1)              83.116
17662      (1 0 2 3 1 0 1)              83.114
17663      (1 0 2 4 0 0 0)              83.113
17664      (1 0 4 6 1 2 1)              83.113
17665      (1 0 2 3 0 0 0)              83.114
17666      (1 0 2 3 2 1 2)              83.113
17667      (1 0 2 6 1 1 0)              83.112
17668      (1 0 2 3 2 2 1)              83.110
17669      (1 0 4 4 0 2 0)              83.110
17670      (1 0 2 3 2 2 2)              83.109
17671      (1 0 2 3 1 0 1)              83.108
17672      (1 0 2 6 1 2 1)              83.107
17673      (1 0 4 6 1 2 1)              83.107
17674      (1 0 0 0 0 0 0)              83.105
17675      (1 0 4 3 0 2 0)              83.103
17676      (1 0 4 2 1 2 1)              83.102
17677      (1 0 2 3 1 2 1)              83.101
17678      (1 0 0 0 1 2 0)              83.101
17679      (1 0 2 3 1 2 1)              83.100
17680      (1 0 1 5 1 2 1)              83.099
17681      (1 0 1 0 1 1 1)              83.097
17682      (1 0 4 2 1 2 1)              83.097
17683      (1 0 2 6 1 2 1)              83.096
17684      (1 0 4 2 1 2 1)              83.094
17685      (1 0 4 3 1 1 1)              83.092
17686      (1 0 0 5 0 2 0)              83.090
17687      (1 0 4 6 1 2 1)              83.091
17688      (1 0 4 2 1 2 1)              83.089
17689      (1 0 2 3 1 1 1)              83.087
17690      (1 0 1 5 1 1 1)              83.086
17691      (1 0 2 3 1 0 1)              83.085
17692      (1 0 3 1 1 1 1)              83.083
17693      (1 0 2 3 2 1 2)              83.083
17694      (1 0 2 3 1 2 1)              83.083
17695      (1 0 2 3 1 2 1)              83.084
17696      (1 0 2 6 1 2 1)              83.082
17697      (1 0 2 3 1 0 1)              83.081
17698      (1 0 0 0 2 2 1)              83.080
17699      (1 0 2 3 1 1 1)              83.078
17700      (1 0 2 0 2 1 2)              83.075
17701      (1 0 2 3 2 2 1)              83.074
17702      (1 0 1 0 1 1 1)              83.072
17703      (1 0 1 5 1 1 1)              83.071
17704      (1 0 2 3 1 0 1)              83.070
17705      (1 0 2 6 1 2 1)              83.069
17706      (1 0 2 3 1 1 1)              83.068
17707      (1 0 0 3 0 0 0)              83.066
17708      (1 0 2 3 0 0 0)              83.065
17709      (1 0 2 3 1 0 1)              83.063
17710      (1 0 2 3 1 2 1)              83.062
17711      (1 0 0 5 1 0 0)              83.062
17712      (1 0 2 3 1 1 1)              83.060
17713      (1 0 2 3 1 0 1)              83.059
17714      (1 0 2 3 1 2 1)              83.058
17715      (1 0 2 3 1 1 1)              83.057
17716      (1 0 2 3 1 2 1)              83.056
17717      (1 0 2 3 1 2 1)              83.055
17718      (1 0 1 2 0 0 0)              83.052
17719      (1 0 1 5 1 1 1)              83.049
17720      (1 0 2 6 1 1 0)              83.049
17721      (1 0 1 5 1 1 1)              83.046
17722      (1 0 2 3 1 2 1)              83.046
17723      (1 0 2 2 0 0 1)              83.044
17724      (1 0 2 2 1 2 0)              83.043
17725      (1 0 2 3 2 1 2)              83.040
17726      (1 0 3 2 2 2 1)              83.037
17727      (1 0 0 3 0 0 0)              83.034
17728      (1 0 4 0 2 2 1)              83.031
17729      (1 0 1 5 1 2 1)              83.030
17730      (1 0 2 6 1 2 1)              83.028
17731      (1 0 4 2 1 2 1)              83.027
17732      (1 0 2 6 1 2 1)              83.025
17733      (1 0 2 3 1 2 1)              83.025
17734      (1 0 2 3 1 1 1)              83.023
17735      (1 0 4 6 1 2 1)              83.023
17736      (1 0 3 3 1 1 1)              83.021
17737      (0 0 2 6 1 1 1)              83.019
17738      (1 0 0 0 0 0 0)              83.017
17739      (1 0 4 4 0 2 0)              83.015
17740      (1 0 2 3 1 2 1)              83.014
17741      (1 0 4 0 1 2 1)              83.012
17742      (1 0 2 6 0 0 1)              83.010
17743      (1 0 2 3 2 2 2)              83.009
17744      (1 0 2 6 1 1 1)              83.008
17745      (1 0 0 0 1 0 1)              83.008
17746      (1 0 4 4 2 1 2)              83.005
17747      (1 0 2 3 1 0 1)              83.003
17748      (1 0 2 3 2 1 2)              83.000
17749      (1 0 1 5 1 2 1)              82.999
17750      (1 0 2 6 1 2 1)              82.998
17751      (1 0 1 3 1 0 1)              82.996
17752      (1 0 0 0 1 0 1)              82.995
17753      (1 0 1 0 1 1 1)              82.993
17754      (1 0 1 5 1 1 1)              82.990
17755      (1 0 2 3 1 2 1)              82.990
17756      (1 0 2 3 0 0 0)              82.989
17757      (1 0 4 6 1 2 1)              82.989
17758      (1 0 2 3 1 0 1)              82.987
17759      (1 0 2 3 1 2 1)              82.987
17760      (1 0 2 3 2 1 2)              82.986
17761      (1 0 1 5 1 1 1)              82.983
17762      (1 0 1 5 1 1 1)              82.982
17763      (1 0 2 5 2 1 1)              82.981
17764      (1 0 2 3 1 2 1)              82.982
17765      (1 0 2 3 2 1 2)              82.979
17766      (1 0 2 5 1 2 1)              82.979
17767      (1 0 2 6 1 2 1)              82.977
17768      (1 0 3 2 1 2 1)              82.976
17769      (1 0 3 3 1 1 1)              82.975
17770      (1 0 0 0 1 1 1)              82.973
17771      (1 0 4 4 0 2 0)              82.972
17772      (1 0 1 5 1 1 1)              82.970
17773      (1 0 0 3 0 0 0)              82.968
17774      (1 0 0 3 0 0 0)              82.966
17775      (1 0 2 3 2 1 2)              82.963
17776      (1 0 4 3 1 0 1)              82.960
17777      (1 0 2 3 1 1 1)              82.959
17778      (0 1 4 6 2 1 1)              82.956
17779      (1 0 2 3 1 0 1)              82.954
17780      (1 0 2 3 2 2 1)              82.953
17781      (1 0 2 6 1 1 0)              82.952
17782      (1 0 2 3 1 2 1)              82.952
17783      (1 0 4 2 1 2 1)              82.951
17784      (1 0 2 3 1 0 1)              82.949
17785      (1 0 1 5 1 1 1)              82.949
17786      (1 0 2 3 2 0 2)              82.949
17787      (1 0 2 3 1 0 1)              82.947
17788      (1 0 2 3 1 2 1)              82.945
17789      (1 0 1 3 0 1 0)              82.942
17790      (1 0 3 3 1 1 1)              82.941
17791      (1 0 2 5 1 0 2)              82.940
17792      (1 0 2 2 2 1 2)              82.939
17793      (1 0 4 2 1 1 1)              82.936
17794      (1 0 2 3 1 2 1)              82.937
17795      (1 0 2 3 2 1 2)              82.936
17796      (1 0 0 3 0 0 0)              82.934
17797      (1 0 3 2 1 2 0)              82.931
17798      (1 0 1 5 1 1 1)              82.931
17799      (1 0 2 3 1 1 1)              82.929
17800      (1 0 4 4 0 2 0)              82.928
17801      (1 0 0 0 1 0 1)              82.926
17802      (1 0 2 3 1 2 1)              82.926
17803      (1 0 2 3 1 2 1)              82.924
17804      (1 0 2 3 1 2 1)              82.923
17805      (1 0 1 5 1 1 1)              82.922
17806      (1 0 0 0 1 2 0)              82.921
17807      (1 0 2 3 1 2 1)              82.921
17808      (1 0 2 3 2 1 2)              82.918
17809      (1 0 2 6 1 2 1)              82.917
17810      (1 0 4 2 1 2 1)              82.916
17811      (1 0 4 5 2 1 2)              82.914
17812      (1 0 0 0 1 0 1)              82.913
17813      (1 0 1 5 1 1 1)              82.910
17814      (1 0 2 3 1 0 1)              82.909
17815      (1 0 4 2 2 2 1)              82.908
17816      (1 0 2 3 1 2 1)              82.909
17817      (1 0 2 3 1 0 1)              82.908
17818      (1 0 0 3 1 1 1)              82.907
17819      (1 0 4 4 2 1 2)              82.904
17820      (1 0 4 2 1 2 1)              82.903
17821      (1 0 2 3 1 0 1)              82.901
17822      (1 0 2 3 1 1 1)              82.901
17823      (1 0 2 3 2 2 2)              82.900
17824      (1 0 0 0 1 0 1)              82.899
17825      (1 0 2 2 1 2 0)              82.899
17826      (1 0 0 0 1 0 1)              82.898
17827      (1 0 2 6 1 2 1)              82.897
17828      (1 0 2 3 1 2 1)              82.895
17829      (1 0 2 3 2 1 2)              82.895
17830      (1 0 2 3 1 2 1)              82.895
17831      (1 0 2 3 1 1 1)              82.894
17832      (1 0 0 3 1 1 1)              82.893
17833      (1 0 2 3 2 1 2)              82.890
17834      (1 0 2 4 1 1 1)              82.888
17835      (1 0 0 0 0 0 0)              82.886
17836      (1 0 1 5 1 1 1)              82.883
17837      (1 0 2 5 2 1 1)              82.881
17838      (1 0 0 5 1 1 1)              82.881
17839      (1 0 2 6 1 2 1)              82.878
17840      (1 0 2 6 1 1 1)              82.879
17841      (1 0 2 3 2 0 2)              82.876
17842      (1 0 1 2 1 2 1)              82.876
17843      (1 0 1 5 1 1 1)              82.873
17844      (1 0 4 5 1 2 0)              82.870
17845      (1 0 4 6 1 2 1)              82.870
17846      (1 0 2 3 1 0 1)              82.868
17847      (1 0 1 5 1 1 1)              82.865
17848      (1 0 1 5 1 1 1)              82.863
17849      (1 0 2 3 2 1 2)              82.860
17850      (1 0 3 3 1 1 1)              82.859
