sample_id,pred_word,pred_task1,pred_task2,pred_task3,pred_task4,pred_task5,pred_task6,pred_task7,label_task1,label_task2,label_task3,label_task4,label_task5,label_task6,label_task7,packet_accuracy
0,37784,1,0,2,3,2,1,2,1,0,2,3,2,1,2,100.0
1,39320,1,0,3,1,2,1,2,1,0,3,1,2,1,2,100.0
2,39316,1,0,3,1,2,1,1,1,0,3,1,2,1,1,100.0
3,37784,1,0,2,3,2,1,2,1,0,2,3,2,1,2,100.0
4,37784,1,0,2,3,2,1,2,1,0,2,3,2,1,2,100.0
5,39320,1,0,3,1,2,1,2,1,0,3,1,2,1,2,100.0
6,37780,1,0,2,3,2,1,1,1,0,2,3,2,1,1,100.0
7,39320,1,0,3,1,2,1,2,1,0,3,1,2,1,2,100.0
8,32864,1,0,0,0,1,2,0,1,0,0,0,1,2,0,100.0
9,39320,1,0,3,1,2,1,2,1,0,3,1,2,1,2,100.0
11,37784,1,0,2,3,2,1,2,1,0,2,3,2,1,2,100.0
12,37784,1,0,2,3,2,1,2,1,0,2,3,2,1,2,100.0
13,35412,1,0,1,2,1,1,1,1,0,1,2,1,1,1,100.0
14,35428,1,0,1,2,1,2,1,1,0,1,2,1,2,1,100.0
15,37784,1,0,2,3,2,1,2,1,0,2,3,2,1,2,100.0
16,37780,1,0,2,3,2,1,1,1,0,2,3,2,1,1,100.0
17,37784,1,0,2,3,2,1,2,1,0,2,3,2,1,2,100.0
18,35412,1,0,1,2,1,1,1,1,0,1,2,1,1,1,100.0
19,37784,1,0,2,3,2,1,2,1,0,2,3,2,1,2,100.0
20,37784,1,0,2,3,2,1,2,1,0,2,3,2,1,2,100.0
21,39320,1,0,3,1,2,1,2,1,0,3,1,2,1,2,100.0
22,35428,1,0,1,2,1,2,1,1,0,1,2,1,1,1,85.71428571428571
23,37784,1,0,2,3,2,1,2,1,0,2,3,2,1,2,100.0
24,37716,1,0,2,3,1,1,1,1,0,2,3,1,1,1,100.0
25,37784,1,0,2,3,2,1,2,1,0,2,3,2,1,2,100.0
26,37784,1,0,2,3,2,1,2,1,0,2,3,2,1,2,100.0
27,37784,1,0,2,3,2,1,2,1,0,2,3,2,1,2,100.0
28,37732,1,0,2,3,1,2,1,1,0,2,3,1,2,1,100.0
29,35412,1,0,1,2,1,1,1,1,0,1,2,1,1,1,100.0
30,35412,1,0,1,2,1,1,1,1,0,1,2,1,1,1,100.0
31,35412,1,0,1,2,1,1,1,1,0,1,2,1,1,1,100.0
32,37784,1,0,2,3,2,1,2,1,0,2,3,2,1,2,100.0
33,39320,1,0,3,1,2,1,2,1,0,3,1,2,1,2,100.0
34,37784,1,0,2,3,2,1,2,1,0,2,3,2,1,2,100.0
35,37784,1,0,2,3,2,1,2,1,0,2,3,2,1,2,100.0
36,35412,1,0,1,2,1,1,1,1,0,1,2,1,1,1,100.0
37,37780,1,0,2,3,2,1,1,1,0,2,3,2,1,1,100.0
38,35412,1,0,1,2,1,1,1,1,0,1,2,1,1,1,100.0
39,37784,1,0,2,3,2,1,2,1,0,2,3,2,1,2,100.0
40,37732,1,0,2,3,1,2,1,1,0,2,3,1,2,1,100.0
41,35412,1,0,1,2,1,1,1,1,0,1,2,1,1,1,100.0
42,35412,1,0,1,2,1,1,1,1,0,1,2,1,1,1,100.0
43,37784,1,0,2,3,2,1,2,1,0,2,3,2,1,2,100.0
44,39268,1,0,3,1,1,2,1,1,0,3,1,1,2,1,100.0
45,39320,1,0,3,1,2,1,2,1,0,3,1,2,1,2,100.0
46,37784,1,0,2,3,2,1,2,1,0,2,3,2,1,2,100.0
47,37784,1,0,2,3,2,1,2,1,0,2,3,2,1,2,100.0
48,37784,1,0,2,3,2,1,2,1,0,2,3,2,1,2,100.0
49,35412,1,0,1,2,1,1,1,1,0,1,2,1,1,1,100.0
50,37784,1,0,2,3,2,1,2,1,0,2,3,2,1,2,100.0
51,39320,1,0,3,1,2,1,2,1,0,3,1,2,1,2,100.0
52,35332,1,0,1,2,0,0,1,1,0,1,2,0,0,1,100.0
53,39320,1,0,3,1,2,1,2,1,0,3,1,2,1,2,100.0
54,39320,1,0,3,1,2,1,2,1,0,3,1,2,1,2,100.0
55,37784,1,0,2,3,2,1,2,1,0,2,3,2,1,2,100.0
56,35428,1,0,1,2,1,2,1,1,0,1,2,1,1,1,85.71428571428571
57,39320,1,0,3,1,2,1,2,1,0,3,1,2,1,2,100.0
58,35332,1,0,1,2,0,0,1,1,0,1,2,0,0,1,100.0
59,37784,1,0,2,3,2,1,2,1,0,2,3,2,1,2,100.0
60,39320,1,0,3,1,2,1,2,1,0,3,1,2,1,2,100.0
61,39316,1,0,3,1,2,1,1,1,0,3,1,2,1,1,100.0
62,37784,1,0,2,3,2,1,2,1,0,2,3,2,1,2,100.0
63,35428,1,0,1,2,1,2,1,1,0,1,2,1,2,1,100.0
64,37784,1,0,2,3,2,1,2,1,0,2,3,2,1,2,100.0
65,39320,1,0,3,1,2,1,2,1,0,3,1,2,1,1,85.71428571428571
66,37784,1,0,2,3,2,1,2,1,0,2,3,2,1,2,100.0
67,37784,1,0,2,3,2,1,2,1,0,2,3,2,1,2,100.0
68,37784,1,0,2,3,2,1,2,1,0,2,3,2,1,2,100.0
69,37784,1,0,2,3,2,1,2,1,0,2,3,2,1,2,100.0
70,37732,1,0,2,3,1,2,1,1,0,2,3,1,2,1,100.0
71,35412,1,0,1,2,1,1,1,1,0,1,2,1,1,1,100.0
72,39320,1,0,3,1,2,1,2,1,0,3,1,2,1,1,85.71428571428571
73,39252,1,0,3,1,1,1,1,1,0,3,1,2,1,2,71.42857142857143
74,35412,1,0,1,2,1,1,1,1,0,1,2,1,1,1,100.0
75,37780,1,0,2,3,2,1,1,1,0,2,3,2,1,1,100.0
76,39252,1,0,3,1,1,1,1,1,0,3,1,1,1,1,100.0
77,32932,1,0,0,0,2,2,1,1,0,0,0,2,2,1,100.0
78,35412,1,0,1,2,1,1,1,1,0,1,2,1,1,1,100.0
79,35412,1,0,1,2,1,1,1,1,0,1,2,1,1,1,100.0
80,37784,1,0,2,3,2,1,2,1,0,2,3,2,1,2,100.0
81,32864,1,0,0,0,1,2,0,1,0,0,0,1,2,0,100.0
82,37732,1,0,2,3,1,2,1,1,0,2,3,1,2,1,100.0
83,39320,1,0,3,1,2,1,2,1,0,3,1,2,1,2,100.0
84,39320,1,0,3,1,2,1,2,1,0,3,1,2,1,2,100.0
85,35412,1,0,1,2,1,1,1,1,0,1,2,1,1,1,100.0
86,39320,1,0,3,1,2,1,2,1,0,3,1,2,1,2,100.0
87,39320,1,0,3,1,2,1,2,1,0,3,1,2,1,2,100.0
88,39320,1,0,3,1,2,1,2,1,0,3,1,2,1,2,100.0
89,37784,1,0,2,3,2,1,2,1,0,2,3,2,1,2,100.0
90,39252,1,0,3,1,1,1,1,1,0,3,1,1,1,1,100.0
91,39320,1,0,3,1,2,1,2,1,0,3,1,2,1,2,100.0
92,37716,1,0,2,3,1,1,1,1,0,2,3,1,1,1,100.0
93,35412,1,0,1,2,1,1,1,1,0,1,2,1,1,1,100.0
94,35412,1,0,1,2,1,1,1,1,0,1,2,1,1,1,100.0
95,35412,1,0,1,2,1,1,1,1,0,1,2,1,1,1,100.0
96,39320,1,0,3,1,2,1,2,1,0,3,1,2,1,2,100.0
97,37784,1,0,2,3,2,1,2,1,0,2,3,2,1,2,100.0
98,37780,1,0,2,3,2,1,1,1,0,2,3,2,1,1,100.0
99,39320,1,0,3,1,2,1,2,1,0,3,1,2,1,2,100.0
100,35428,1,0,1,2,1,2,1,1,0,1,2,1,2,1,100.0
101,37784,1,0,2,3,2,1,2,1,0,2,3,2,1,2,100.0
102,32932,1,0,0,0,2,2,1,1,0,0,0,2,2,1,100.0
103,35412,1,0,1,2,1,1,1,1,0,1,2,1,1,1,100.0
104,37784,1,0,2,3,2,1,2,1,0,2,3,2,1,2,100.0
105,37784,1,0,2,3,2,1,2,1,0,2,3,2,1,2,100.0
106,35412,1,0,1,2,1,1,1,1,0,1,2,1,1,1,100.0
107,39320,1,0,3,1,2,1,2,1,0,3,1,2,1,2,100.0
108,39320,1,0,3,1,2,1,2,1,0,3,1,2,1,2,100.0
109,35332,1,0,1,2,0,0,1,1,0,1,2,0,0,1,100.0
110,35412,1,0,1,2,1,1,1,1,0,1,2,1,1,1,100.0
111,35412,1,0,1,2,1,1,1,1,0,1,2,1,1,1,100.0
112,37784,1,0,2,3,2,1,2,1,0,2,3,2,1,2,100.0
113,39320,1,0,3,1,2,1,2,1,0,3,1,2,1,1,85.71428571428571
114,32868,1,0,0,0,1,2,1,1,0,0,0,1,2,1,100.0
115,37784,1,0,2,3,2,1,2,1,0,2,3,2,1,2,100.0
116,35332,1,0,1,2,0,0,1,1,0,1,2,0,0,1,100.0
117,32864,1,0,0,0,1,2,0,1,0,0,0,1,2,0,100.0
118,39316,1,0,3,1,2,1,1,1,0,3,1,2,1,2,85.71428571428571
119,39320,1,0,3,1,2,1,2,1,0,3,1,2,1,2,100.0
120,37784,1,0,2,3,2,1,2,1,0,2,3,2,1,2,100.0
121,37784,1,0,2,3,2,1,2,1,0,2,3,2,1,2,100.0
122,39188,1,0,3,1,0,1,1,1,0,3,1,0,0,1,85.71428571428571
123,35412,1,0,1,2,1,1,1,1,0,1,2,1,1,1,100.0
124,37732,1,0,2,3,1,2,1,1,0,2,3,1,2,1,100.0
125,35412,1,0,1,2,1,1,1,1,0,1,2,1,1,1,100.0
126,35412,1,0,1,2,1,1,1,1,0,1,2,1,1,1,100.0
127,37784,1,0,2,3,2,1,2,1,0,2,3,2,1,2,100.0
128,32932,1,0,0,0,2,2,1,1,0,0,0,2,2,1,100.0
129,39320,1,0,3,1,2,1,2,1,0,3,1,2,1,1,85.71428571428571
130,37784,1,0,2,3,2,1,2,1,0,2,3,2,1,2,100.0
131,37732,1,0,2,3,1,2,1,1,0,2,3,1,2,1,100.0
132,35428,1,0,1,2,1,2,1,1,0,1,2,1,2,1,100.0
133,37784,1,0,2,3,2,1,2,1,0,2,3,2,1,2,100.0
134,39252,1,0,3,1,1,1,1,1,0,3,1,1,1,1,100.0
135,37784,1,0,2,3,2,1,2,1,0,2,3,2,1,2,100.0
136,35412,1,0,1,2,1,1,1,1,0,1,2,1,1,1,100.0
137,37780,1,0,2,3,2,1,1,1,0,2,3,2,1,1,100.0
138,37784,1,0,2,3,2,1,2,1,0,2,3,2,1,2,100.0
139,35332,1,0,1,2,0,0,1,1,0,1,2,0,0,1,100.0
140,39320,1,0,3,1,2,1,2,1,0,3,1,2,1,2,100.0
141,35412,1,0,1,2,1,1,1,1,0,1,2,1,1,1,100.0
142,35412,1,0,1,2,1,1,1,1,0,1,2,1,1,1,100.0
143,37732,1,0,2,3,1,2,1,1,0,2,3,1,2,1,100.0
144,37784,1,0,2,3,2,1,2,1,0,2,3,2,1,2,100.0
145,37784,1,0,2,3,2,1,2,1,0,2,3,2,1,2,100.0
146,39320,1,0,3,1,2,1,2,1,0,3,1,2,1,2,100.0
147,37780,1,0,2,3,2,1,1,1,0,2,3,2,1,1,100.0
148,32932,1,0,0,0,2,2,1,1,0,0,0,2,2,1,100.0
149,35412,1,0,1,2,1,1,1,1,0,1,2,1,1,1,100.0
150,39320,1,0,3,1,2,1,2,1,0,3,1,2,1,2,100.0
151,35412,1,0,1,2,1,1,1,1,0,1,2,1,1,1,100.0
152,39320,1,0,3,1,2,1,2,1,0,3,1,2,1,2,100.0
153,39320,1,0,3,1,2,1,2,1,0,3,1,2,1,1,85.71428571428571
154,37784,1,0,2,3,2,1,2,1,0,2,3,2,1,2,100.0
155,37732,1,0,2,3,1,2,1,1,0,2,3,1,2,1,100.0
156,35412,1,0,1,2,1,1,1,1,0,1,2,1,1,1,100.0
157,32932,1,0,0,0,2,2,1,1,0,0,0,2,2,1,100.0
158,35412,1,0,1,2,1,1,1,1,0,1,2,1,1,1,100.0
159,37784,1,0,2,3,2,1,2,1,0,2,3,2,1,2,100.0
160,35492,1,0,1,2,2,2,1,1,0,1,2,2,2,1,100.0
161,39320,1,0,3,1,2,1,2,1,0,3,1,2,1,2,100.0
162,37780,1,0,2,3,2,1,1,1,0,2,3,2,1,1,100.0
163,37784,1,0,2,3,2,1,2,1,0,2,3,2,1,2,100.0
164,37784,1,0,2,3,2,1,2,1,0,2,3,2,1,2,100.0
165,37784,1,0,2,3,2,1,2,1,0,2,3,2,1,2,100.0
166,35424,1,0,1,2,1,2,0,1,0,1,2,1,2,0,100.0
167,37784,1,0,2,3,2,1,2,1,0,2,3,2,1,2,100.0
168,39320,1,0,3,1,2,1,2,1,0,3,1,2,1,2,100.0
169,39320,1,0,3,1,2,1,2,1,0,3,1,2,1,2,100.0
170,32864,1,0,0,0,1,2,0,1,0,0,0,1,2,0,100.0
171,37784,1,0,2,3,2,1,2,1,0,2,3,2,1,2,100.0
172,35412,1,0,1,2,1,1,1,1,0,1,2,1,1,1,100.0
173,37732,1,0,2,3,1,2,1,1,0,2,3,1,2,1,100.0
174,39320,1,0,3,1,2,1,2,1,0,3,1,2,1,2,100.0
175,37784,1,0,2,3,2,1,2,1,0,2,3,2,1,2,100.0
176,37716,1,0,2,3,1,1,1,1,0,2,3,1,1,1,100.0
177,35412,1,0,1,2,1,1,1,1,0,1,2,1,1,1,100.0
178,37784,1,0,2,3,2,1,2,1,0,2,3,2,1,2,100.0
179,35412,1,0,1,2,1,1,1,1,0,1,2,1,1,1,100.0
180,39320,1,0,3,1,2,1,2,1,0,3,1,2,1,2,100.0
181,39320,1,0,3,1,2,1,2,1,0,3,1,2,1,2,100.0
182,39320,1,0,3,1,2,1,2,1,0,3,1,2,1,1,85.71428571428571
183,35332,1,0,1,2,0,0,1,1,0,1,2,0,0,1,100.0
184,37784,1,0,2,3,2,1,2,1,0,2,3,1,1,1,71.42857142857143
185,35412,1,0,1,2,1,1,1,1,0,1,2,1,1,1,100.0
186,35412,1,0,1,2,1,1,1,1,0,1,2,1,1,1,100.0
187,37784,1,0,2,3,2,1,2,1,0,2,3,2,1,2,100.0
188,37780,1,0,2,3,2,1,1,1,0,2,3,2,1,1,100.0
189,37784,1,0,2,3,2,1,2,1,0,2,3,2,1,2,100.0
190,35412,1,0,1,2,1,1,1,1,0,1,2,1,1,1,100.0
191,37784,1,0,2,3,2,1,2,1,0,2,3,2,1,2,100.0
192,39316,1,0,3,1,2,1,1,1,0,3,1,2,1,2,85.71428571428571
193,37784,1,0,2,3,2,1,2,1,0,2,3,2,1,2,100.0
194,32932,1,0,0,0,2,2,1,1,0,0,0,2,2,1,100.0
195,39252,1,0,3,1,1,1,1,1,0,3,1,1,1,1,100.0
196,35412,1,0,1,2,1,1,1,1,0,1,2,1,1,1,100.0
197,37784,1,0,2,3,2,1,2,1,0,2,3,2,1,2,100.0
198,35412,1,0,1,2,1,1,1,1,0,1,2,1,1,1,100.0
199,37784,1,0,2,3,2,1,2,1,0,2,3,2,1,2,100.0
200,37784,1,0,2,3,2,1,2,1,0,2,3,2,1,2,100.0
201,37784,1,0,2,3,2,1,2,1,0,2,3,2,1,2,100.0
202,35412,1,0,1,2,1,1,1,1,0,1,2,1,1,1,100.0
203,35412,1,0,1,2,1,1,1,1,0,1,2,1,1,1,100.0
204,35412,1,0,1,2,1,1,1,1,0,1,2,1,1,1,100.0
205,35412,1,0,1,2,1,1,1,1,0,1,2,1,1,1,100.0
206,37784,1,0,2,3,2,1,2,1,0,2,3,2,1,2,100.0
207,32836,1,0,0,0,1,0,1,1,0,0,0,1,0,1,100.0
208,39316,1,0,3,1,2,1,1,1,0,3,1,2,1,1,100.0
209,32864,1,0,0,0,1,2,0,1,0,0,0,1,2,0,100.0
210,37784,1,0,2,3,2,1,2,1,0,2,3,2,1,2,100.0
211,37780,1,0,2,3,2,1,1,1,0,2,3,2,1,1,100.0
212,39320,1,0,3,1,2,1,2,1,0,3,1,2,1,2,100.0
216,39320,1,0,3,1,2,1,2,1,0,3,1,2,1,2,100.0
217,37784,1,0,2,3,2,1,2,1,0,2,3,2,1,2,100.0
218,35412,1,0,1,2,1,1,1,1,0,1,2,1,1,1,100.0
219,37784,1,0,2,3,2,1,2,1,0,2,3,2,1,2,100.0
220,37784,1,0,2,3,2,1,2,1,0,2,3,2,1,2,100.0
221,37732,1,0,2,3,1,2,1,1,0,2,3,1,2,1,100.0
222,39320,1,0,3,1,2,1,2,1,0,3,1,2,1,1,85.71428571428571
223,39320,1,0,3,1,2,1,2,1,0,3,1,2,1,2,100.0
224,39320,1,0,3,1,2,1,2,1,0,3,1,2,1,2,100.0
225,37716,1,0,2,3,1,1,1,1,0,2,3,1,1,1,100.0
226,37732,1,0,2,3,1,2,1,1,0,2,3,1,2,1,100.0
227,37784,1,0,2,3,2,1,2,1,0,2,3,2,1,2,100.0
228,39320,1,0,3,1,2,1,2,1,0,3,1,2,1,2,100.0
229,39320,1,0,3,1,2,1,2,1,0,3,1,2,1,2,100.0
230,37784,1,0,2,3,2,1,2,1,0,2,3,2,1,2,100.0
231,35412,1,0,1,2,1,1,1,1,0,1,2,1,1,1,100.0
232,37784,1,0,2,3,2,1,2,1,0,2,3,2,1,2,100.0
233,39320,1,0,3,1,2,1,2,1,0,3,1,2,1,1,85.71428571428571
234,37784,1,0,2,3,2,1,2,1,0,2,3,2,1,2,100.0
235,35428,1,0,1,2,1,2,1,1,0,1,2,1,2,1,100.0
236,37784,1,0,2,3,2,1,2,1,0,2,3,2,1,2,100.0
237,37784,1,0,2,3,2,1,2,1,0,2,3,2,1,2,100.0
238,37780,1,0,2,3,2,1,1,1,0,2,3,2,1,1,100.0
239,37784,1,0,2,3,2,1,2,1,0,2,3,2,1,2,100.0
240,37784,1,0,2,3,2,1,2,1,0,2,3,2,1,2,100.0
241,37632,1,0,2,3,0,0,0,1,0,2,3,1,0,2,71.42857142857143
242,35412,1,0,1,2,1,1,1,1,0,1,2,1,1,1,100.0
243,39252,1,0,3,1,1,1,1,1,0,3,1,1,1,1,100.0
244,37780,1,0,2,3,2,1,1,1,0,2,3,2,1,1,100.0
245,39320,1,0,3,1,2,1,2,1,0,3,1,2,1,2,100.0
246,35412,1,0,1,2,1,1,1,1,0,1,2,1,1,1,100.0
247,37784,1,0,2,3,2,1,2,1,0,2,3,2,1,2,100.0
248,37780,1,0,2,3,2,1,1,1,0,2,3,2,1,1,100.0
249,39320,1,0,3,1,2,1,2,1,0,3,1,2,1,2,100.0
250,39316,1,0,3,1,2,1,1,1,0,3,1,2,1,1,100.0
251,39320,1,0,3,1,2,1,2,1,0,3,1,2,1,2,100.0
252,37784,1,0,2,3,2,1,2,1,0,2,3,2,1,2,100.0
253,37784,1,0,2,3,2,1,2,1,0,2,3,2,1,2,100.0
254,35412,1,0,1,2,1,1,1,1,0,1,2,1,1,1,100.0
256,39316,1,0,3,1,2,1,1,1,0,3,1,2,1,1,100.0
257,39320,1,0,3,1,2,1,2,1,0,3,1,2,1,2,100.0
258,37784,1,0,2,3,2,1,2,1,0,2,3,2,1,2,100.0
259,35412,1,0,1,2,1,1,1,1,0,1,2,1,1,1,100.0
260,39320,1,0,3,1,2,1,2,1,0,3,1,2,1,2,100.0
261,37784,1,0,2,3,2,1,2,1,0,2,3,2,1,2,100.0
263,37784,1,0,2,3,2,1,2,1,0,2,3,2,1,2,100.0
265,37732,1,0,2,3,1,2,1,1,0,2,3,1,2,1,100.0
266,39320,1,0,3,1,2,1,2,1,0,3,1,2,1,2,100.0
267,37784,1,0,2,3,2,1,2,1,0,2,3,2,1,2,100.0
268,35424,1,0,1,2,1,2,0,1,0,1,2,1,2,0,100.0
270,39320,1,0,3,1,2,1,2,1,0,3,1,2,1,2,100.0
271,37716,1,0,2,3,1,1,1,1,0,2,3,1,0,2,71.42857142857143
272,37784,1,0,2,3,2,1,2,1,0,2,3,2,1,2,100.0
273,39316,1,0,3,1,2,1,1,1,0,3,1,2,1,2,85.71428571428571
274,37784,1,0,2,3,2,1,2,1,0,2,3,2,1,2,100.0
275,39320,1,0,3,1,2,1,2,1,0,3,1,2,1,2,100.0
276,39320,1,0,3,1,2,1,2,1,0,3,1,2,1,2,100.0
277,39320,1,0,3,1,2,1,2,1,0,3,1,2,1,2,100.0
278,39320,1,0,3,1,2,1,2,1,0,3,1,2,1,1,85.71428571428571
279,39320,1,0,3,1,2,1,2,1,0,3,1,2,1,2,100.0
280,32836,1,0,0,0,1,0,1,1,0,0,0,1,0,1,100.0
281,37780,1,0,2,3,2,1,1,1,0,2,3,2,1,2,85.71428571428571
282,37784,1,0,2,3,2,1,2,1,0,2,3,2,1,2,100.0
283,37784,1,0,2,3,2,1,2,1,0,2,3,2,1,2,100.0
284,39320,1,0,3,1,2,1,2,1,0,3,1,2,1,2,100.0
285,39320,1,0,3,1,2,1,2,1,0,3,1,2,1,2,100.0
286,37784,1,0,2,3,2,1,2,1,0,2,3,2,1,2,100.0
287,35412,1,0,1,2,1,1,1,1,0,1,2,1,1,1,100.0
288,35412,1,0,1,2,1,1,1,1,0,1,2,1,1,1,100.0
289,37784,1,0,2,3,2,1,2,1,0,2,3,2,1,2,100.0
290,35412,1,0,1,2,1,1,1,1,0,1,2,1,1,1,100.0
291,39320,1,0,3,1,2,1,2,1,0,3,1,2,1,2,100.0
292,39252,1,0,3,1,1,1,1,1,0,3,1,1,1,1,100.0
293,39320,1,0,3,1,2,1,2,1,0,3,1,2,1,2,100.0
294,35412,1,0,1,2,1,1,1,1,0,1,2,1,1,1,100.0
295,37784,1,0,2,3,2,1,2,1,0,2,3,2,1,2,100.0
296,37784,1,0,2,3,2,1,2,1,0,2,3,2,1,2,100.0
297,35412,1,0,1,2,1,1,1,1,0,1,2,1,1,1,100.0
298,35412,1,0,1,2,1,1,1,1,0,1,2,1,1,1,100.0
299,39320,1,0,3,1,2,1,2,1,0,3,1,2,1,2,100.0
300,35412,1,0,1,2,1,1,1,1,0,1,2,1,1,1,100.0
301,37784,1,0,2,3,2,1,2,1,0,2,3,2,1,2,100.0
302,39320,1,0,3,1,2,1,2,1,0,3,1,2,1,2,100.0
303,37780,1,0,2,3,2,1,1,1,0,2,3,2,1,2,85.71428571428571
304,39252,1,0,3,1,1,1,1,1,0,3,1,1,1,1,100.0
305,39320,1,0,3,1,2,1,2,1,0,3,1,2,1,1,85.71428571428571
306,35412,1,0,1,2,1,1,1,1,0,1,2,1,1,1,100.0
307,37784,1,0,2,3,2,1,2,1,0,2,3,2,1,2,100.0
308,37784,1,0,2,3,2,1,2,1,0,2,3,2,1,2,100.0
309,39320,1,0,3,1,2,1,2,1,0,3,1,2,1,2,100.0
310,35412,1,0,1,2,1,1,1,1,0,1,2,1,1,1,100.0
311,37784,1,0,2,3,2,1,2,1,0,2,3,2,1,2,100.0
312,35332,1,0,1,2,0,0,1,1,0,1,2,0,0,1,100.0
313,37784,1,0,2,3,2,1,2,1,0,2,3,2,1,2,100.0
314,37796,1,0,2,3,2,2,1,1,0,2,3,2,2,1,100.0
315,37784,1,0,2,3,2,1,2,1,0,2,3,2,1,2,100.0
316,39320,1,0,3,1,2,1,2,1,0,3,1,2,1,2,100.0
317,32932,1,0,0,0,2,2,1,1,0,0,0,2,2,1,100.0
318,37784,1,0,2,3,2,1,2,1,0,2,3,2,1,2,100.0
319,39320,1,0,3,1,2,1,2,1,0,3,1,2,1,2,100.0
320,32864,1,0,0,0,1,2,0,1,0,0,0,1,2,0,100.0
321,37784,1,0,2,3,2,1,2,1,0,2,3,2,1,2,100.0
322,39320,1,0,3,1,2,1,2,1,0,3,1,2,1,1,85.71428571428571
323,37780,1,0,2,3,2,1,1,1,0,2,3,2,1,2,85.71428571428571
324,37784,1,0,2,3,2,1,2,1,0,2,3,2,1,2,100.0
325,37784,1,0,2,3,2,1,2,1,0,2,3,2,1,2,100.0
326,37780,1,0,2,3,2,1,1,1,0,2,3,2,1,1,100.0
327,37784,1,0,2,3,2,1,2,1,0,2,3,2,1,2,100.0
328,35412,1,0,1,2,1,1,1,1,0,1,2,1,1,1,100.0
329,37784,1,0,2,3,2,1,2,1,0,2,3,2,1,2,100.0
330,39320,1,0,3,1,2,1,2,1,0,3,1,2,1,1,85.71428571428571
331,39320,1,0,3,1,2,1,2,1,0,3,1,2,1,2,100.0
332,37716,1,0,2,3,1,1,1,1,0,2,3,1,1,1,100.0
333,35428,1,0,1,2,1,2,1,1,0,1,2,1,2,1,100.0
334,37784,1,0,2,3,2,1,2,1,0,2,3,2,1,2,100.0
335,35412,1,0,1,2,1,1,1,1,0,1,2,1,1,1,100.0
336,37732,1,0,2,3,1,2,1,1,0,2,3,1,2,1,100.0
337,32932,1,0,0,0,2,2,1,1,0,0,0,2,2,1,100.0
338,39320,1,0,3,1,2,1,2,1,0,3,1,2,1,2,100.0
339,37784,1,0,2,3,2,1,2,1,0,2,3,2,1,2,100.0
340,37784,1,0,2,3,2,1,2,1,0,2,3,2,1,2,100.0
341,37784,1,0,2,3,2,1,2,1,0,2,3,2,1,2,100.0
342,37784,1,0,2,3,2,1,2,1,0,2,3,2,1,2,100.0
343,39316,1,0,3,1,2,1,1,1,0,3,1,2,1,2,85.71428571428571
344,35412,1,0,1,2,1,1,1,1,0,1,2,1,1,1,100.0
345,37784,1,0,2,3,2,1,2,1,0,2,3,2,1,2,100.0
346,37784,1,0,2,3,2,1,2,1,0,2,3,2,1,2,100.0
347,39320,1,0,3,1,2,1,2,1,0,3,1,2,1,2,100.0
348,37784,1,0,2,3,2,1,2,1,0,2,3,2,1,2,100.0
349,37784,1,0,2,3,2,1,2,1,0,2,3,2,1,2,100.0
350,39316,1,0,3,1,2,1,1,1,0,3,1,2,1,2,85.71428571428571
351,39320,1,0,3,1,2,1,2,1,0,3,1,2,1,2,100.0
352,39320,1,0,3,1,2,1,2,1,0,3,1,2,1,2,100.0
353,39320,1,0,3,1,2,1,2,1,0,3,1,2,1,2,100.0
354,37784,1,0,2,3,2,1,2,1,0,2,3,2,1,2,100.0
355,39252,1,0,3,1,1,1,1,1,0,3,1,1,1,1,100.0
356,39320,1,0,3,1,2,1,2,1,0,3,1,2,1,2,100.0
357,39320,1,0,3,1,2,1,2,1,0,3,1,2,1,2,100.0
358,39252,1,0,3,1,1,1,1,1,0,3,1,1,1,1,100.0
359,39320,1,0,3,1,2,1,2,1,0,3,1,2,1,2,100.0
360,37732,1,0,2,3,1,2,1,1,0,2,3,1,2,1,100.0
361,37784,1,0,2,3,2,1,2,1,0,2,3,2,1,2,100.0
362,35412,1,0,1,2,1,1,1,1,0,1,2,1,1,1,100.0
363,37784,1,0,2,3,2,1,2,1,0,2,3,2,1,2,100.0
364,37780,1,0,2,3,2,1,1,1,0,2,3,2,1,2,85.71428571428571
365,39268,1,0,3,1,1,2,1,1,0,3,1,1,2,1,100.0
366,37784,1,0,2,3,2,1,2,1,0,2,3,2,1,2,100.0
367,39320,1,0,3,1,2,1,2,1,0,3,1,2,1,2,100.0
368,32932,1,0,0,0,2,2,1,1,0,0,0,2,2,1,100.0
369,35412,1,0,1,2,1,1,1,1,0,1,2,1,1,1,100.0
370,39320,1,0,3,1,2,1,2,1,0,3,1,2,1,2,100.0
371,35412,1,0,1,2,1,1,1,1,0,1,2,1,1,1,100.0
372,37780,1,0,2,3,2,1,1,1,0,2,3,2,1,2,85.71428571428571
373,37796,1,0,2,3,2,2,1,1,0,2,3,2,2,1,100.0
374,35412,1,0,1,2,1,1,1,1,0,1,2,1,1,1,100.0
375,37784,1,0,2,3,2,1,2,1,0,2,3,2,1,2,100.0
376,37732,1,0,2,3,1,2,1,1,0,2,3,1,2,1,100.0
377,35412,1,0,1,2,1,1,1,1,0,1,2,1,1,1,100.0
378,37716,1,0,2,3,1,1,1,1,0,2,3,1,1,1,100.0
379,37784,1,0,2,3,2,1,2,1,0,2,3,2,1,2,100.0
380,35412,1,0,1,2,1,1,1,1,0,1,2,1,1,1,100.0
381,37784,1,0,2,3,2,1,2,1,0,2,3,2,1,2,100.0
382,35412,1,0,1,2,1,1,1,1,0,1,2,1,1,1,100.0
383,37784,1,0,2,3,2,1,2,1,0,2,3,2,1,2,100.0
384,37784,1,0,2,3,2,1,2,1,0,2,3,2,1,1,85.71428571428571
385,37784,1,0,2,3,2,1,2,1,0,2,3,2,1,2,100.0
386,39320,1,0,3,1,2,1,2,1,0,3,1,2,1,2,100.0
387,37784,1,0,2,3,2,1,2,1,0,2,3,2,1,2,100.0
388,37784,1,0,2,3,2,1,2,1,0,2,3,2,1,2,100.0
389,37784,1,0,2,3,2,1,2,1,0,2,3,2,1,2,100.0
390,37780,1,0,2,3,2,1,1,1,0,2,3,2,1,1,100.0
391,39252,1,0,3,1,1,1,1,1,0,3,1,1,1,1,100.0
392,39252,1,0,3,1,1,1,1,1,0,3,1,1,1,1,100.0
393,39320,1,0,3,1,2,1,2,1,0,3,1,2,1,2,100.0
394,39320,1,0,3,1,2,1,2,1,0,3,1,2,1,2,100.0
395,34884,1,0,1,0,1,0,1,1,0,3,1,0,0,1,57.142857142857146
396,37784,1,0,2,3,2,1,2,1,0,2,3,2,1,2,100.0
397,39320,1,0,3,1,2,1,2,1,0,3,1,2,1,2,100.0
398,39320,1,0,3,1,2,1,2,1,0,3,1,2,1,1,85.71428571428571
399,39320,1,0,3,1,2,1,2,1,0,3,1,2,1,2,100.0
400,39320,1,0,3,1,2,1,2,1,0,3,1,2,1,2,100.0
401,39316,1,0,3,1,2,1,1,1,0,3,1,2,1,1,100.0
402,37784,1,0,2,3,2,1,2,1,0,2,3,2,1,2,100.0
403,37784,1,0,2,3,2,1,2,1,0,2,3,2,1,2,100.0
404,37784,1,0,2,3,2,1,2,1,0,2,3,2,1,2,100.0
405,39320,1,0,3,1,2,1,2,1,0,3,1,2,1,2,100.0
406,39252,1,0,3,1,1,1,1,1,0,3,1,1,1,1,100.0
407,39320,1,0,3,1,2,1,2,1,0,3,1,2,1,2,100.0
408,37784,1,0,2,3,2,1,2,1,0,2,3,2,1,2,100.0
409,37732,1,0,2,3,1,2,1,1,0,2,3,1,2,1,100.0
410,37784,1,0,2,3,2,1,2,1,0,2,3,2,1,2,100.0
411,37784,1,0,2,3,2,1,2,1,0,2,3,2,1,2,100.0
412,37784,1,0,2,3,2,1,2,1,0,2,3,2,1,2,100.0
413,35428,1,0,1,2,1,2,1,1,0,1,2,1,2,1,100.0
414,39320,1,0,3,1,2,1,2,1,0,3,1,2,1,2,100.0
415,35412,1,0,1,2,1,1,1,1,0,1,2,1,1,1,100.0
416,39320,1,0,3,1,2,1,2,1,0,3,1,2,1,2,100.0
417,37728,1,0,2,3,1,2,0,1,0,2,3,1,2,0,100.0
418,37784,1,0,2,3,2,1,2,1,0,2,3,2,1,2,100.0
419,39320,1,0,3,1,2,1,2,1,0,3,1,2,1,2,100.0
420,39320,1,0,3,1,2,1,2,1,0,3,1,2,1,2,100.0
421,35412,1,0,1,2,1,1,1,1,0,1,2,1,1,1,100.0
422,35412,1,0,1,2,1,1,1,1,0,1,2,1,1,1,100.0
423,37784,1,0,2,3,2,1,2,1,0,2,3,2,1,2,100.0
424,37784,1,0,2,3,2,1,2,1,0,2,3,2,1,2,100.0
425,37780,1,0,2,3,2,1,1,1,0,2,3,2,1,1,100.0
426,39316,1,0,3,1,2,1,1,1,0,3,1,2,1,1,100.0
427,35412,1,0,1,2,1,1,1,1,0,1,2,1,1,1,100.0
428,39316,1,0,3,1,2,1,1,1,0,3,1,2,1,1,100.0
429,35412,1,0,1,2,1,1,1,1,0,1,2,1,1,1,100.0
430,37780,1,0,2,3,2,1,1,1,0,2,3,2,1,1,100.0
431,32932,1,0,0,0,2,2,1,1,0,0,0,2,2,1,100.0
432,35412,1,0,1,2,1,1,1,1,0,1,2,1,1,1,100.0
433,35412,1,0,1,2,1,1,1,1,0,1,2,1,1,1,100.0
434,37784,1,0,2,3,2,1,2,1,0,2,3,2,1,2,100.0
435,37784,1,0,2,3,2,1,2,1,0,2,3,2,1,2,100.0
436,35412,1,0,1,2,1,1,1,1,0,1,2,1,1,1,100.0
437,37784,1,0,2,3,2,1,2,1,0,2,3,2,1,2,100.0
438,37784,1,0,2,3,2,1,2,1,0,2,3,2,1,2,100.0
439,37784,1,0,2,3,2,1,2,1,0,2,3,2,1,2,100.0
440,39252,1,0,3,1,1,1,1,1,0,3,1,1,1,1,100.0
441,37784,1,0,2,3,2,1,2,1,0,2,3,2,1,2,100.0
442,35492,1,0,1,2,2,2,1,1,0,1,2,2,2,1,100.0
443,37716,1,0,2,3,1,1,1,1,0,2,3,1,1,1,100.0
444,39320,1,0,3,1,2,1,2,1,0,3,1,2,1,2,100.0
445,37784,1,0,2,3,2,1,2,1,0,2,3,2,1,2,100.0
446,37716,1,0,2,3,1,1,1,1,0,2,3,1,1,1,100.0
447,37784,1,0,2,3,2,1,2,1,0,2,3,2,1,2,100.0
448,37780,1,0,2,3,2,1,1,1,0,2,3,2,1,1,100.0
449,37784,1,0,2,3,2,1,2,1,0,2,3,2,1,2,100.0
450,37780,1,0,2,3,2,1,1,1,0,2,3,2,1,2,85.71428571428571
451,37784,1,0,2,3,2,1,2,1,0,2,3,2,1,2,100.0
452,37784,1,0,2,3,2,1,2,1,0,2,3,2,1,2,100.0
453,35428,1,0,1,2,1,2,1,1,0,1,2,1,2,1,100.0
454,35412,1,0,1,2,1,1,1,1,0,1,2,1,1,1,100.0
455,35412,1,0,1,2,1,1,1,1,0,1,2,1,1,1,100.0
456,37732,1,0,2,3,1,2,1,1,0,2,3,1,2,0,85.71428571428571
457,37716,1,0,2,3,1,1,1,1,0,2,3,1,1,1,100.0
458,37784,1,0,2,3,2,1,2,1,0,2,3,2,1,2,100.0
459,35424,1,0,1,2,1,2,0,1,0,1,2,1,2,0,100.0
460,37784,1,0,2,3,2,1,2,1,0,2,3,2,1,2,100.0
461,37784,1,0,2,3,2,1,2,1,0,2,3,2,1,2,100.0
462,37784,1,0,2,3,2,1,2,1,0,2,3,2,1,2,100.0
463,37784,1,0,2,3,2,1,2,1,0,2,3,2,1,2,100.0
464,37784,1,0,2,3,2,1,2,1,0,2,3,2,1,2,100.0
465,35412,1,0,1,2,1,1,1,1,0,1,2,1,1,1,100.0
466,37784,1,0,2,3,2,1,2,1,0,2,3,2,1,2,100.0
467,37796,1,0,2,3,2,2,1,1,0,2,3,2,2,1,100.0
468,39320,1,0,3,1,2,1,2,1,0,3,1,2,1,2,100.0
469,37784,1,0,2,3,2,1,2,1,0,2,3,2,1,2,100.0
470,39320,1,0,3,1,2,1,2,1,0,3,1,2,1,2,100.0
471,37784,1,0,2,3,2,1,2,1,0,2,3,2,1,2,100.0
472,35412,1,0,1,2,1,1,1,1,0,1,2,1,1,1,100.0
473,37780,1,0,2,3,2,1,1,1,0,2,3,2,1,1,100.0
474,37780,1,0,2,3,2,1,1,1,0,2,3,2,1,1,100.0
475,39320,1,0,3,1,2,1,2,1,0,3,1,2,1,1,85.71428571428571
476,39320,1,0,3,1,2,1,2,1,0,3,1,2,1,2,100.0
477,39320,1,0,3,1,2,1,2,1,0,3,1,2,1,2,100.0
478,39320,1,0,3,1,2,1,2,1,0,3,1,2,1,2,100.0
479,39320,1,0,3,1,2,1,2,1,0,3,1,2,1,2,100.0
480,37784,1,0,2,3,2,1,2,1,0,2,3,2,1,2,100.0
481,37784,1,0,2,3,2,1,2,1,0,2,3,2,1,2,100.0
482,39320,1,0,3,1,2,1,2,1,0,3,1,2,1,1,85.71428571428571
483,35412,1,0,1,2,1,1,1,1,0,1,2,1,1,1,100.0
484,37784,1,0,2,3,2,1,2,1,0,2,3,2,1,2,100.0
485,39320,1,0,3,1,2,1,2,1,0,3,1,2,1,2,100.0
486,37732,1,0,2,3,1,2,1,1,0,2,3,1,2,1,100.0
487,39320,1,0,3,1,2,1,2,1,0,3,1,2,1,2,100.0
488,35412,1,0,1,2,1,1,1,1,0,1,2,1,1,1,100.0
489,39252,1,0,3,1,1,1,1,1,0,3,1,1,1,1,100.0
490,37716,1,0,2,3,1,1,1,1,0,2,3,2,1,2,71.42857142857143
491,37732,1,0,2,3,1,2,1,1,0,2,3,1,2,1,100.0
492,37732,1,0,2,3,1,2,1,1,0,2,3,1,2,1,100.0
493,37716,1,0,2,3,1,1,1,1,0,2,3,1,1,1,100.0
494,37784,1,0,2,3,2,1,2,1,0,2,3,2,1,2,100.0
495,39320,1,0,3,1,2,1,2,1,0,3,1,2,1,2,100.0
496,37784,1,0,2,3,2,1,2,1,0,2,3,2,1,2,100.0
497,37780,1,0,2,3,2,1,1,1,0,2,3,2,1,1,100.0
498,37716,1,0,2,3,1,1,1,1,0,2,3,1,2,0,71.42857142857143
499,35412,1,0,1,2,1,1,1,1,0,1,2,1,1,1,100.0
500,39320,1,0,3,1,2,1,2,1,0,3,1,2,1,1,85.71428571428571
501,37784,1,0,2,3,2,1,2,1,0,2,3,2,1,2,100.0
502,32932,1,0,0,0,2,2,1,1,0,0,0,2,2,1,100.0
503,37784,1,0,2,3,2,1,2,1,0,2,3,2,1,2,100.0
504,37732,1,0,2,3,1,2,1,1,0,2,3,1,2,1,100.0
505,37784,1,0,2,3,2,1,2,1,0,2,3,2,1,2,100.0
506,37784,1,0,2,3,2,1,2,1,0,2,3,2,1,2,100.0
507,37784,1,0,2,3,2,1,2,1,0,2,3,2,1,2,100.0
508,39320,1,0,3,1,2,1,2,1,0,3,1,2,1,2,100.0
509,37784,1,0,2,3,2,1,2,1,0,2,3,2,1,2,100.0
510,35412,1,0,1,2,1,1,1,1,0,1,2,1,1,1,100.0
511,37732,1,0,2,3,1,2,1,1,0,2,3,1,2,1,100.0
512,35412,1,0,1,2,1,1,1,1,0,1,2,1,1,1,100.0
513,37784,1,0,2,3,2,1,2,1,0,2,3,2,1,2,100.0
514,39320,1,0,3,1,2,1,2,1,0,3,1,2,1,2,100.0
515,39320,1,0,3,1,2,1,2,1,0,3,1,2,1,2,100.0
516,37796,1,0,2,3,2,2,1,1,0,2,3,2,2,1,100.0
517,39320,1,0,3,1,2,1,2,1,0,3,1,2,1,2,100.0
518,37784,1,0,2,3,2,1,2,1,0,2,3,2,1,2,100.0
519,39316,1,0,3,1,2,1,1,1,0,3,1,2,1,1,100.0
520,39252,1,0,3,1,1,1,1,1,0,3,1,1,1,1,100.0
521,37784,1,0,2,3,2,1,2,1,0,2,3,2,1,2,100.0
522,39252,1,0,3,1,1,1,1,1,0,3,1,1,1,1,100.0
523,39320,1,0,3,1,2,1,2,1,0,3,1,2,1,2,100.0
524,39316,1,0,3,1,2,1,1,1,0,3,1,2,1,1,100.0
525,39320,1,0,3,1,2,1,2,1,0,3,1,2,1,2,100.0
526,39320,1,0,3,1,2,1,2,1,0,3,1,2,1,2,100.0
527,37784,1,0,2,3,2,1,2,1,0,2,3,2,1,2,100.0
528,32932,1,0,0,0,2,2,1,1,0,0,0,2,2,1,100.0
529,35412,1,0,1,2,1,1,1,1,0,1,2,1,1,1,100.0
530,37784,1,0,2,3,2,1,2,1,0,2,3,2,1,2,100.0
531,37784,1,0,2,3,2,1,2,1,0,2,3,2,1,2,100.0
532,35412,1,0,1,2,1,1,1,1,0,1,2,1,1,1,100.0
533,39320,1,0,3,1,2,1,2,1,0,3,1,2,1,2,100.0
534,35428,1,0,1,2,1,2,1,1,0,1,2,1,1,1,85.71428571428571
535,37784,1,0,2,3,2,1,2,1,0,2,3,2,1,2,100.0
536,37784,1,0,2,3,2,1,2,1,0,2,3,2,1,2,100.0
537,37716,1,0,2,3,1,1,1,1,0,2,3,1,1,1,100.0
538,35412,1,0,1,2,1,1,1,1,0,1,2,1,1,1,100.0
539,39320,1,0,3,1,2,1,2,1,0,3,1,2,1,2,100.0
540,35412,1,0,1,2,1,1,1,1,0,1,2,1,1,1,100.0
541,39320,1,0,3,1,2,1,2,1,0,3,1,2,1,2,100.0
542,37780,1,0,2,3,2,1,1,1,0,2,3,2,1,2,85.71428571428571
543,35332,1,0,1,2,0,0,1,1,0,1,2,0,0,1,100.0
544,37784,1,0,2,3,2,1,2,1,0,2,3,2,1,2,100.0
545,37784,1,0,2,3,2,1,2,1,0,2,3,2,1,2,100.0
546,37780,1,0,2,3,2,1,1,1,0,2,3,2,1,1,100.0
547,37784,1,0,2,3,2,1,2,1,0,2,3,2,1,2,100.0
548,39320,1,0,3,1,2,1,2,1,0,3,1,2,1,2,100.0
549,35332,1,0,1,2,0,0,1,1,0,1,2,0,0,1,100.0
550,39320,1,0,3,1,2,1,2,1,0,3,1,2,1,1,85.71428571428571
551,35412,1,0,1,2,1,1,1,1,0,1,2,1,1,1,100.0
552,35412,1,0,1,2,1,1,1,1,0,1,2,1,1,1,100.0
553,37700,1,0,2,3,1,0,1,1,0,2,3,1,0,1,100.0
554,39252,1,0,3,1,1,1,1,1,0,3,1,1,1,1,100.0
555,37784,1,0,2,3,2,1,2,1,0,2,3,2,1,2,100.0
556,35424,1,0,1,2,1,2,0,1,0,1,2,1,2,0,100.0
557,37784,1,0,2,3,2,1,2,1,0,2,3,2,1,2,100.0
558,39320,1,0,3,1,2,1,2,1,0,3,1,2,1,2,100.0
559,37784,1,0,2,3,2,1,2,1,0,2,3,2,1,2,100.0
560,37784,1,0,2,3,2,1,2,1,0,2,3,2,1,2,100.0
561,37784,1,0,2,3,2,1,2,1,0,2,3,2,1,2,100.0
562,35480,1,0,1,2,2,1,2,1,0,1,2,1,1,1,71.42857142857143
563,37716,1,0,2,3,1,1,1,1,0,2,3,1,1,1,100.0
564,37784,1,0,2,3,2,1,2,1,0,2,3,2,1,2,100.0
565,37784,1,0,2,3,2,1,2,1,0,2,3,2,1,2,100.0
566,37784,1,0,2,3,2,1,2,1,0,2,3,2,1,2,100.0
567,39320,1,0,3,1,2,1,2,1,0,3,1,2,1,2,100.0
568,39252,1,0,3,1,1,1,1,1,0,3,1,1,1,1,100.0
569,37716,1,0,2,3,1,1,1,1,0,2,3,1,1,1,100.0
570,39320,1,0,3,1,2,1,2,1,0,3,1,2,1,2,100.0
571,35412,1,0,1,2,1,1,1,1,0,1,2,1,1,1,100.0
572,37784,1,0,2,3,2,1,2,1,0,2,3,2,1,2,100.0
573,37784,1,0,2,3,2,1,2,1,0,2,3,2,1,2,100.0
574,37784,1,0,2,3,2,1,2,1,0,2,3,2,1,2,100.0
575,37784,1,0,2,3,2,1,2,1,0,2,3,2,1,2,100.0
576,37784,1,0,2,3,2,1,2,1,0,2,3,2,1,2,100.0
577,35412,1,0,1,2,1,1,1,1,0,1,2,1,1,1,100.0
578,37716,1,0,2,3,1,1,1,1,0,2,3,1,1,1,100.0
579,39320,1,0,3,1,2,1,2,1,0,3,1,2,1,2,100.0
580,39320,1,0,3,1,2,1,2,1,0,3,1,2,1,2,100.0
581,39320,1,0,3,1,2,1,2,1,0,3,1,2,1,2,100.0
582,37784,1,0,2,3,2,1,2,1,0,2,3,2,1,2,100.0
583,37732,1,0,2,3,1,2,1,1,0,2,3,1,2,1,100.0
584,37784,1,0,2,3,2,1,2,1,0,2,3,2,1,2,100.0
585,37784,1,0,2,3,2,1,2,1,0,2,3,2,1,2,100.0
586,37784,1,0,2,3,2,1,2,1,0,2,3,2,1,2,100.0
587,39320,1,0,3,1,2,1,2,1,0,3,1,2,1,2,100.0
588,37784,1,0,2,3,2,1,2,1,0,2,3,2,1,2,100.0
589,37732,1,0,2,3,1,2,1,1,0,2,3,1,0,1,85.71428571428571
590,37732,1,0,2,3,1,2,1,1,0,2,3,1,2,0,85.71428571428571
591,37784,1,0,2,3,2,1,2,1,0,2,3,2,1,2,100.0
592,39320,1,0,3,1,2,1,2,1,0,3,1,2,1,2,100.0
593,37784,1,0,2,3,2,1,2,1,0,2,3,2,1,2,100.0
594,37796,1,0,2,3,2,2,1,1,0,2,3,2,2,1,100.0
595,39320,1,0,3,1,2,1,2,1,0,3,1,2,1,2,100.0
596,37784,1,0,2,3,2,1,2,1,0,2,3,2,1,2,100.0
597,39320,1,0,3,1,2,1,2,1,0,3,1,2,1,2,100.0
598,39252,1,0,3,1,1,1,1,1,0,3,1,2,1,1,85.71428571428571
599,39320,1,0,3,1,2,1,2,1,0,3,1,2,1,2,100.0
600,37716,1,0,2,3,1,1,1,1,0,2,3,1,1,1,100.0
601,37784,1,0,2,3,2,1,2,1,0,2,3,2,1,2,100.0
602,37784,1,0,2,3,2,1,2,1,0,2,3,2,1,2,100.0
603,37784,1,0,2,3,2,1,2,1,0,2,3,2,1,2,100.0
604,35412,1,0,1,2,1,1,1,1,0,1,2,1,1,1,100.0
605,39320,1,0,3,1,2,1,2,1,0,3,1,2,1,2,100.0
606,39320,1,0,3,1,2,1,2,1,0,3,1,2,1,2,100.0
607,35412,1,0,1,2,1,1,1,1,0,1,2,1,1,1,100.0
608,37784,1,0,2,3,2,1,2,1,0,2,3,2,1,2,100.0
609,37784,1,0,2,3,2,1,2,1,0,2,3,2,1,2,100.0
610,37784,1,0,2,3,2,1,2,1,0,2,3,2,1,2,100.0
611,39320,1,0,3,1,2,1,2,1,0,3,1,2,1,2,100.0
612,37784,1,0,2,3,2,1,2,1,0,2,3,2,1,2,100.0
613,37784,1,0,2,3,2,1,2,1,0,2,3,2,1,2,100.0
614,39320,1,0,3,1,2,1,2,1,0,3,1,2,1,2,100.0
615,39320,1,0,3,1,2,1,2,1,0,3,1,2,1,1,85.71428571428571
616,35428,1,0,1,2,1,2,1,1,0,1,2,1,2,1,100.0
617,37784,1,0,2,3,2,1,2,1,0,2,3,2,1,2,100.0
618,37784,1,0,2,3,2,1,2,1,0,2,3,2,1,2,100.0
619,37784,1,0,2,3,2,1,2,1,0,2,3,2,1,2,100.0
620,37784,1,0,2,3,2,1,2,1,0,2,3,2,1,2,100.0
621,37732,1,0,2,3,1,2,1,1,0,2,3,1,2,1,100.0
622,35412,1,0,1,2,1,1,1,1,0,1,2,1,1,1,100.0
623,32864,1,0,0,0,1,2,0,1,0,0,0,1,2,0,100.0
624,37732,1,0,2,3,1,2,1,1,0,2,3,1,2,1,100.0
625,39316,1,0,3,1,2,1,1,1,0,3,1,2,1,2,85.71428571428571
626,37784,1,0,2,3,2,1,2,1,0,2,3,2,1,2,100.0
627,37784,1,0,2,3,2,1,2,1,0,2,3,2,1,2,100.0
628,37784,1,0,2,3,2,1,2,1,0,2,3,2,1,2,100.0
629,37784,1,0,2,3,2,1,2,1,0,2,3,2,1,2,100.0
630,37784,1,0,2,3,2,1,2,1,0,2,3,2,1,2,100.0
631,39320,1,0,3,1,2,1,2,1,0,3,1,2,1,2,100.0
632,35428,1,0,1,2,1,2,1,1,0,1,2,1,2,1,100.0
633,39320,1,0,3,1,2,1,2,1,0,3,1,2,1,2,100.0
634,35412,1,0,1,2,1,1,1,1,0,1,2,1,1,1,100.0
635,35396,1,0,1,2,1,0,1,1,0,3,1,0,1,1,42.857142857142854
636,39252,1,0,3,1,1,1,1,1,0,3,1,2,1,2,71.42857142857143
637,37784,1,0,2,3,2,1,2,1,0,2,3,2,1,2,100.0
638,37784,1,0,2,3,2,1,2,1,0,2,3,2,1,2,100.0
639,36356,1,0,1,6,0,0,1,1,0,3,1,0,0,1,71.42857142857143
640,35412,1,0,1,2,1,1,1,1,0,1,2,1,1,1,100.0
641,37784,1,0,2,3,2,1,2,1,0,2,3,2,1,2,100.0
642,37784,1,0,2,3,2,1,2,1,0,2,3,2,1,2,100.0
643,37732,1,0,2,3,1,2,1,1,0,2,3,1,2,1,100.0
644,37784,1,0,2,3,2,1,2,1,0,2,3,2,1,2,100.0
645,37784,1,0,2,3,2,1,2,1,0,2,3,2,1,2,100.0
646,37732,1,0,2,3,1,2,1,1,0,2,3,1,2,1,100.0
647,39320,1,0,3,1,2,1,2,1,0,3,1,2,1,2,100.0
648,35940,1,0,1,4,1,2,1,1,0,3,1,0,0,1,42.857142857142854
649,39320,1,0,3,1,2,1,2,1,0,3,1,2,1,2,100.0
650,37784,1,0,2,3,2,1,2,1,0,2,3,2,1,2,100.0
651,39320,1,0,3,1,2,1,2,1,0,3,1,2,1,2,100.0
652,37780,1,0,2,3,2,1,1,1,0,2,3,2,1,2,85.71428571428571
653,37784,1,0,2,3,2,1,2,1,0,2,3,2,1,2,100.0
654,37780,1,0,2,3,2,1,1,1,0,2,3,2,1,1,100.0
655,37716,1,0,2,3,1,1,1,1,0,2,3,2,1,2,71.42857142857143
656,35412,1,0,1,2,1,1,1,1,0,1,2,1,1,1,100.0
657,37784,1,0,2,3,2,1,2,1,0,2,3,2,1,2,100.0
658,37784,1,0,2,3,2,1,2,1,0,2,3,2,1,2,100.0
659,37784,1,0,2,3,2,1,2,1,0,2,3,2,1,2,100.0
660,39320,1,0,3,1,2,1,2,1,0,3,1,2,1,2,100.0
661,37784,1,0,2,3,2,1,2,1,0,2,3,2,1,2,100.0
662,37784,1,0,2,3,2,1,2,1,0,2,3,2,1,2,100.0
663,37784,1,0,2,3,2,1,2,1,0,2,3,2,1,2,100.0
664,35412,1,0,1,2,1,1,1,1,0,1,2,1,1,1,100.0
665,35412,1,0,1,2,1,1,1,1,0,1,2,1,1,1,100.0
666,39268,1,0,3,1,1,2,1,1,0,3,1,1,2,1,100.0
667,35412,1,0,1,2,1,1,1,1,0,1,2,1,1,1,100.0
668,37784,1,0,2,3,2,1,2,1,0,2,3,2,1,2,100.0
669,35412,1,0,1,2,1,1,1,1,0,1,2,1,1,1,100.0
670,35412,1,0,1,2,1,1,1,1,0,1,2,1,1,1,100.0
671,39320,1,0,3,1,2,1,2,1,0,3,1,2,1,2,100.0
672,37780,1,0,2,3,2,1,1,1,0,2,3,2,1,1,100.0
673,35428,1,0,1,2,1,2,1,1,0,1,2,1,2,1,100.0
674,39316,1,0,3,1,2,1,1,1,0,3,1,2,1,2,85.71428571428571
675,39320,1,0,3,1,2,1,2,1,0,3,1,2,1,2,100.0
676,35332,1,0,1,2,0,0,1,1,0,1,2,0,0,1,100.0
677,37784,1,0,2,3,2,1,2,1,0,2,3,2,1,2,100.0
678,35412,1,0,1,2,1,1,1,1,0,1,2,1,1,1,100.0
679,32932,1,0,0,0,2,2,1,1,0,0,0,2,2,1,100.0
680,37784,1,0,2,3,2,1,2,1,0,2,3,2,1,2,100.0
681,39320,1,0,3,1,2,1,2,1,0,3,1,2,1,2,100.0
682,35412,1,0,1,2,1,1,1,1,0,1,2,1,1,1,100.0
683,35412,1,0,1,2,1,1,1,1,0,1,2,1,1,1,100.0
684,37732,1,0,2,3,1,2,1,1,0,2,3,1,2,1,100.0
685,39320,1,0,3,1,2,1,2,1,0,3,1,2,1,2,100.0
686,39320,1,0,3,1,2,1,2,1,0,3,1,2,1,2,100.0
687,37732,1,0,2,3,1,2,1,1,0,2,3,1,2,1,100.0
688,39316,1,0,3,1,2,1,1,1,0,3,1,2,1,1,100.0
689,39252,1,0,3,1,1,1,1,1,0,3,1,1,1,1,100.0
690,37784,1,0,2,3,2,1,2,1,0,2,3,2,1,2,100.0
691,39268,1,0,3,1,1,2,1,1,0,3,1,1,2,1,100.0
692,37716,1,0,2,3,1,1,1,1,0,2,3,1,1,1,100.0
693,37784,1,0,2,3,2,1,2,1,0,2,3,2,1,2,100.0
694,37784,1,0,2,3,2,1,2,1,0,2,3,2,1,2,100.0
695,35412,1,0,1,2,1,1,1,1,0,1,2,1,1,1,100.0
696,37784,1,0,2,3,2,1,2,1,0,2,3,2,1,2,100.0
697,37784,1,0,2,3,2,1,2,1,0,2,3,2,1,2,100.0
698,37796,1,0,2,3,2,2,1,1,0,2,3,2,2,1,100.0
699,35412,1,0,1,2,1,1,1,1,0,1,2,1,1,1,100.0
700,37732,1,0,2,3,1,2,1,1,0,2,3,1,2,1,100.0
701,35412,1,0,1,2,1,1,1,1,0,1,2,1,1,1,100.0
702,35428,1,0,1,2,1,2,1,1,0,1,2,1,2,1,100.0
703,39320,1,0,3,1,2,1,2,1,0,3,1,2,1,1,85.71428571428571
704,39320,1,0,3,1,2,1,2,1,0,3,1,2,1,1,85.71428571428571
705,35424,1,0,1,2,1,2,0,1,0,1,2,1,2,0,100.0
706,39320,1,0,3,1,2,1,2,1,0,3,1,2,1,2,100.0
708,37784,1,0,2,3,2,1,2,1,0,2,3,2,1,2,100.0
709,37784,1,0,2,3,2,1,2,1,0,2,3,2,1,2,100.0
710,37784,1,0,2,3,2,1,2,1,0,2,3,2,1,2,100.0
711,35412,1,0,1,2,1,1,1,1,0,1,2,1,1,1,100.0
712,37784,1,0,2,3,2,1,2,1,0,2,3,2,1,2,100.0
713,37784,1,0,2,3,2,1,2,1,0,2,3,2,1,2,100.0
714,37784,1,0,2,3,2,1,2,1,0,2,3,2,1,2,100.0
715,35412,1,0,1,2,1,1,1,1,0,1,2,1,1,1,100.0
716,39252,1,0,3,1,1,1,1,1,0,3,1,1,1,1,100.0
717,37784,1,0,2,3,2,1,2,1,0,2,3,2,1,2,100.0
718,32864,1,0,0,0,1,2,0,1,0,0,0,1,2,0,100.0
719,39316,1,0,3,1,2,1,1,1,0,3,1,2,1,1,100.0
720,37784,1,0,2,3,2,1,2,1,0,2,3,2,1,2,100.0
721,35412,1,0,1,2,1,1,1,1,0,1,2,1,1,1,100.0
722,39320,1,0,3,1,2,1,2,1,0,3,1,2,1,2,100.0
723,37784,1,0,2,3,2,1,2,1,0,2,3,2,1,2,100.0
724,32932,1,0,0,0,2,2,1,1,0,0,0,2,2,1,100.0
725,39320,1,0,3,1,2,1,2,1,0,3,1,2,1,2,100.0
726,37784,1,0,2,3,2,1,2,1,0,2,3,2,1,2,100.0
727,39320,1,0,3,1,2,1,2,1,0,3,1,2,1,1,85.71428571428571
728,37732,1,0,2,3,1,2,1,1,0,2,3,1,2,1,100.0
729,39168,1,0,3,1,0,0,0,1,0,3,1,0,1,1,71.42857142857143
730,39320,1,0,3,1,2,1,2,1,0,3,1,2,1,2,100.0
731,37784,1,0,2,3,2,1,2,1,0,2,3,2,1,2,100.0
732,37784,1,0,2,3,2,1,2,1,0,2,3,2,1,2,100.0
733,37784,1,0,2,3,2,1,2,1,0,2,3,2,1,2,100.0
734,39320,1,0,3,1,2,1,2,1,0,3,1,2,1,2,100.0
735,37784,1,0,2,3,2,1,2,1,0,2,3,2,1,2,100.0
736,37784,1,0,2,3,2,1,2,1,0,2,3,2,1,2,100.0
737,37784,1,0,2,3,2,1,2,1,0,2,3,2,1,2,100.0
738,37784,1,0,2,3,2,1,2,1,0,2,3,2,1,2,100.0
739,35412,1,0,1,2,1,1,1,1,0,1,2,1,1,1,100.0
740,37784,1,0,2,3,2,1,2,1,0,2,3,2,1,2,100.0
741,37784,1,0,2,3,2,1,2,1,0,2,3,2,1,2,100.0
742,37780,1,0,2,3,2,1,1,1,0,2,3,2,1,1,100.0
743,39252,1,0,3,1,1,1,1,1,0,3,1,1,1,1,100.0
744,37784,1,0,2,3,2,1,2,1,0,2,3,2,1,2,100.0
745,37784,1,0,2,3,2,1,2,1,0,2,3,2,1,2,100.0
746,37784,1,0,2,3,2,1,2,1,0,2,3,2,1,2,100.0
747,37784,1,0,2,3,2,1,2,1,0,2,3,2,1,2,100.0
748,37784,1,0,2,3,2,1,2,1,0,2,3,2,1,2,100.0
749,39320,1,0,3,1,2,1,2,1,0,3,1,2,1,2,100.0
750,37716,1,0,2,3,1,1,1,1,0,2,3,2,1,2,71.42857142857143
751,39320,1,0,3,1,2,1,2,1,0,3,1,2,1,1,85.71428571428571
752,35412,1,0,1,2,1,1,1,1,0,1,2,1,1,1,100.0
753,37780,1,0,2,3,2,1,1,1,0,2,3,2,1,1,100.0
754,37784,1,0,2,3,2,1,2,1,0,2,3,2,1,2,100.0
755,39316,1,0,3,1,2,1,1,1,0,3,1,2,1,1,100.0
756,37716,1,0,2,3,1,1,1,1,0,2,3,1,1,1,100.0
757,39320,1,0,3,1,2,1,2,1,0,3,1,2,1,2,100.0
758,37784,1,0,2,3,2,1,2,1,0,2,3,2,1,2,100.0
759,37784,1,0,2,3,2,1,2,1,0,2,3,2,1,2,100.0
760,35428,1,0,1,2,1,2,1,1,0,1,2,1,2,1,100.0
761,37784,1,0,2,3,2,1,2,1,0,2,3,2,1,2,100.0
762,37784,1,0,2,3,2,1,2,1,0,2,3,2,1,2,100.0
763,37732,1,0,2,3,1,2,1,1,0,2,3,1,2,1,100.0
764,35428,1,0,1,2,1,2,1,1,0,1,2,1,2,1,100.0
765,37784,1,0,2,3,2,1,2,1,0,2,3,2,1,2,100.0
766,37784,1,0,2,3,2,1,2,1,0,2,3,2,1,2,100.0
767,37784,1,0,2,3,2,1,2,1,0,2,3,2,1,2,100.0
768,39316,1,0,3,1,2,1,1,1,0,3,1,2,1,1,100.0
769,37784,1,0,2,3,2,1,2,1,0,2,3,2,1,2,100.0
770,35412,1,0,1,2,1,1,1,1,0,1,2,1,1,1,100.0
771,39320,1,0,3,1,2,1,2,1,0,3,1,2,1,2,100.0
772,37784,1,0,2,3,2,1,2,1,0,2,3,2,1,2,100.0
773,39320,1,0,3,1,2,1,2,1,0,3,1,2,1,2,100.0
774,37780,1,0,2,3,2,1,1,1,0,2,3,2,1,1,100.0
775,37716,1,0,2,3,1,1,1,1,0,2,3,1,1,1,100.0
776,39320,1,0,3,1,2,1,2,1,0,3,1,2,1,1,85.71428571428571
777,37784,1,0,2,3,2,1,2,1,0,2,3,2,1,2,100.0
778,35424,1,0,1,2,1,2,0,1,0,1,2,1,2,0,100.0
779,37780,1,0,2,3,2,1,1,1,0,2,3,1,1,1,85.71428571428571
780,35412,1,0,1,2,1,1,1,1,0,1,2,1,1,1,100.0
781,39320,1,0,3,1,2,1,2,1,0,3,1,2,1,1,85.71428571428571
782,37732,1,0,2,3,1,2,1,1,0,2,3,1,1,1,85.71428571428571
783,37784,1,0,2,3,2,1,2,1,0,2,3,2,1,2,100.0
784,35332,1,0,1,2,0,0,1,1,0,1,2,0,0,1,100.0
785,35412,1,0,1,2,1,1,1,1,0,1,2,1,1,1,100.0
786,35428,1,0,1,2,1,2,1,1,0,1,2,1,2,1,100.0
787,39316,1,0,3,1,2,1,1,1,0,3,1,2,1,1,100.0
788,37784,1,0,2,3,2,1,2,1,0,2,3,2,1,2,100.0
789,37784,1,0,2,3,2,1,2,1,0,2,3,2,1,2,100.0
790,37784,1,0,2,3,2,1,2,1,0,2,3,2,1,2,100.0
791,37784,1,0,2,3,2,1,2,1,0,2,3,2,1,2,100.0
792,37784,1,0,2,3,2,1,2,1,0,2,3,2,1,2,100.0
793,37784,1,0,2,3,2,1,2,1,0,2,3,2,1,2,100.0
794,37732,1,0,2,3,1,2,1,1,0,2,3,1,2,1,100.0
795,37716,1,0,2,3,1,1,1,1,0,2,3,1,1,1,100.0
796,37784,1,0,2,3,2,1,2,1,0,2,3,2,1,2,100.0
797,35332,1,0,1,2,0,0,1,1,0,1,2,0,0,1,100.0
798,39320,1,0,3,1,2,1,2,1,0,3,1,2,1,2,100.0
799,37784,1,0,2,3,2,1,2,1,0,2,3,2,1,2,100.0
800,37784,1,0,2,3,2,1,2,1,0,2,3,2,1,2,100.0
801,39320,1,0,3,1,2,1,2,1,0,3,1,2,1,2,100.0
802,35412,1,0,1,2,1,1,1,1,0,1,2,1,1,1,100.0
803,35412,1,0,1,2,1,1,1,1,0,1,2,1,1,1,100.0
804,37784,1,0,2,3,2,1,2,1,0,2,3,2,1,2,100.0
805,37784,1,0,2,3,2,1,2,1,0,2,3,2,1,2,100.0
806,32864,1,0,0,0,1,2,0,1,0,0,0,1,2,0,100.0
807,35412,1,0,1,2,1,1,1,1,0,1,2,1,1,1,100.0
808,37780,1,0,2,3,2,1,1,1,0,2,3,2,1,1,100.0
809,35412,1,0,1,2,1,1,1,1,0,1,2,1,1,1,100.0
810,37784,1,0,2,3,2,1,2,1,0,2,3,2,1,2,100.0
811,37784,1,0,2,3,2,1,2,1,0,2,3,2,1,2,100.0
812,37732,1,0,2,3,1,2,1,1,0,2,3,1,2,1,100.0
813,37732,1,0,2,3,1,2,1,1,0,2,3,1,2,1,100.0
814,35412,1,0,1,2,1,1,1,1,0,1,2,1,1,1,100.0
815,39320,1,0,3,1,2,1,2,1,0,3,1,2,1,1,85.71428571428571
816,35332,1,0,1,2,0,0,1,1,0,1,2,0,0,1,100.0
817,37784,1,0,2,3,2,1,2,1,0,2,3,2,1,2,100.0
818,37784,1,0,2,3,2,1,2,1,0,2,3,2,1,2,100.0
819,37784,1,0,2,3,2,1,2,1,0,2,3,2,1,2,100.0
820,35428,1,0,1,2,1,2,1,1,0,1,2,1,1,1,85.71428571428571
821,37732,1,0,2,3,1,2,1,1,0,2,3,1,2,1,100.0
822,35412,1,0,1,2,1,1,1,1,0,1,2,1,1,1,100.0
823,39252,1,0,3,1,1,1,1,1,0,3,1,1,1,1,100.0
824,39320,1,0,3,1,2,1,2,1,0,3,1,2,1,2,100.0
825,37784,1,0,2,3,2,1,2,1,0,2,3,2,1,2,100.0
826,37732,1,0,2,3,1,2,1,1,0,2,3,1,2,1,100.0
827,39320,1,0,3,1,2,1,2,1,0,3,1,2,1,2,100.0
828,35492,1,0,1,2,2,2,1,1,0,1,2,2,2,1,100.0
829,37732,1,0,2,3,1,2,1,1,0,2,3,1,2,1,100.0
830,37784,1,0,2,3,2,1,2,1,0,2,3,2,1,2,100.0
831,37796,1,0,2,3,2,2,1,1,0,2,3,2,2,1,100.0
832,37780,1,0,2,3,2,1,1,1,0,2,3,2,1,1,100.0
833,37784,1,0,2,3,2,1,2,1,0,2,3,2,1,2,100.0
834,37716,1,0,2,3,1,1,1,1,0,2,3,1,1,1,100.0
835,35412,1,0,1,2,1,1,1,1,0,1,2,1,1,1,100.0
836,37784,1,0,2,3,2,1,2,1,0,2,3,2,1,2,100.0
837,35412,1,0,1,2,1,1,1,1,0,1,2,1,1,1,100.0
838,39320,1,0,3,1,2,1,2,1,0,3,1,2,1,1,85.71428571428571
839,37784,1,0,2,3,2,1,2,1,0,2,3,2,1,2,100.0
840,37784,1,0,2,3,2,1,2,1,0,2,3,2,1,2,100.0
841,35412,1,0,1,2,1,1,1,1,0,1,2,1,1,1,100.0
842,37732,1,0,2,3,1,2,1,1,0,2,3,1,2,1,100.0
843,37784,1,0,2,3,2,1,2,1,0,2,3,2,1,2,100.0
844,32864,1,0,0,0,1,2,0,1,0,0,0,1,2,0,100.0
845,37716,1,0,2,3,1,1,1,1,0,2,3,1,1,1,100.0
846,35412,1,0,1,2,1,1,1,1,0,1,2,1,1,1,100.0
847,39320,1,0,3,1,2,1,2,1,0,3,1,2,1,2,100.0
848,37784,1,0,2,3,2,1,2,1,0,2,3,2,1,2,100.0
849,37716,1,0,2,3,1,1,1,1,0,2,3,2,1,2,71.42857142857143
850,37784,1,0,2,3,2,1,2,1,0,2,3,2,1,2,100.0
851,39316,1,0,3,1,2,1,1,1,0,3,1,2,1,2,85.71428571428571
852,37784,1,0,2,3,2,1,2,1,0,2,3,2,1,2,100.0
853,37796,1,0,2,3,2,2,1,1,0,2,3,2,2,1,100.0
854,35412,1,0,1,2,1,1,1,1,0,1,2,1,1,1,100.0
855,35412,1,0,1,2,1,1,1,1,0,1,2,1,1,1,100.0
856,39320,1,0,3,1,2,1,2,1,0,3,1,2,1,2,100.0
857,33792,1,0,0,4,0,0,0,1,0,0,0,0,2,0,71.42857142857143
858,35412,1,0,1,2,1,1,1,1,0,1,2,1,1,1,100.0
859,37780,1,0,2,3,2,1,1,1,0,2,3,2,1,2,85.71428571428571
860,39320,1,0,3,1,2,1,2,1,0,3,1,2,1,2,100.0
861,35412,1,0,1,2,1,1,1,1,0,1,2,1,1,1,100.0
862,39320,1,0,3,1,2,1,2,1,0,3,1,2,1,2,100.0
863,37784,1,0,2,3,2,1,2,1,0,2,3,2,1,2,100.0
864,35412,1,0,1,2,1,1,1,1,0,1,2,1,1,1,100.0
865,35076,1,0,1,1,0,0,1,1,0,0,0,1,0,1,57.142857142857146
866,37784,1,0,2,3,2,1,2,1,0,2,3,2,1,2,100.0
867,37784,1,0,2,3,2,1,2,1,0,2,3,2,1,2,100.0
868,35412,1,0,1,2,1,1,1,1,0,1,2,1,1,1,100.0
869,39252,1,0,3,1,1,1,1,1,0,3,1,1,1,1,100.0
870,39316,1,0,3,1,2,1,1,1,0,3,1,2,1,2,85.71428571428571
871,39320,1,0,3,1,2,1,2,1,0,3,1,2,1,1,85.71428571428571
872,37784,1,0,2,3,2,1,2,1,0,2,3,2,1,2,100.0
873,35412,1,0,1,2,1,1,1,1,0,1,2,0,1,0,71.42857142857143
874,37784,1,0,2,3,2,1,2,1,0,2,3,2,1,2,100.0
875,37784,1,0,2,3,2,1,2,1,0,2,3,2,1,2,100.0
876,37784,1,0,2,3,2,1,2,1,0,2,3,2,1,2,100.0
877,35412,1,0,1,2,1,1,1,1,0,1,2,1,1,1,100.0
878,37716,1,0,2,3,1,1,1,1,0,2,3,1,1,1,100.0
879,39320,1,0,3,1,2,1,2,1,0,3,1,2,1,2,100.0
880,35412,1,0,1,2,1,1,1,1,0,1,2,1,1,1,100.0
881,35412,1,0,1,2,1,1,1,1,0,1,2,1,1,1,100.0
882,39252,1,0,3,1,1,1,1,1,0,3,1,1,1,1,100.0
883,35412,1,0,1,2,1,1,1,1,0,1,2,1,1,1,100.0
884,39252,1,0,3,1,1,1,1,1,0,3,1,1,1,1,100.0
885,35412,1,0,1,2,1,1,1,1,0,1,2,1,1,1,100.0
886,35412,1,0,1,2,1,1,1,1,0,1,2,1,1,1,100.0
887,37784,1,0,2,3,2,1,2,1,0,2,3,2,1,2,100.0
888,37784,1,0,2,3,2,1,2,1,0,2,3,2,1,2,100.0
889,32864,1,0,0,0,1,2,0,1,0,0,0,1,2,0,100.0
890,39320,1,0,3,1,2,1,2,1,0,3,1,2,1,2,100.0
891,37780,1,0,2,3,2,1,1,1,0,2,3,2,1,1,100.0
892,37784,1,0,2,3,2,1,2,1,0,2,3,2,1,2,100.0
893,35412,1,0,1,2,1,1,1,1,0,1,2,1,1,1,100.0
894,37784,1,0,2,3,2,1,2,1,0,2,3,2,1,2,100.0
895,37780,1,0,2,3,2,1,1,1,0,2,3,2,1,1,100.0
896,37780,1,0,2,3,2,1,1,1,0,2,3,2,1,1,100.0
897,39320,1,0,3,1,2,1,2,1,0,3,1,2,1,2,100.0
898,39316,1,0,3,1,2,1,1,1,0,3,1,2,1,1,100.0
899,37784,1,0,2,3,2,1,2,1,0,2,3,2,1,2,100.0
900,39320,1,0,3,1,2,1,2,1,0,3,1,2,1,2,100.0
901,39320,1,0,3,1,2,1,2,1,0,3,1,2,1,1,85.71428571428571
902,39320,1,0,3,1,2,1,2,1,0,3,1,2,1,2,100.0
903,35332,1,0,1,2,0,0,1,1,0,1,2,0,0,1,100.0
904,39320,1,0,3,1,2,1,2,1,0,3,1,2,1,2,100.0
905,39320,1,0,3,1,2,1,2,1,0,3,1,2,1,2,100.0
906,35428,1,0,1,2,1,2,1,1,0,1,2,1,2,1,100.0
907,37784,1,0,2,3,2,1,2,1,0,2,3,2,1,2,100.0
908,37780,1,0,2,3,2,1,1,1,0,2,3,2,1,1,100.0
909,35412,1,0,1,2,1,1,1,1,0,1,2,1,1,1,100.0
910,35412,1,0,1,2,1,1,1,1,0,1,2,1,1,1,100.0
911,39232,1,0,3,1,1,0,0,1,0,3,1,1,0,0,100.0
912,37732,1,0,2,3,1,2,1,1,0,2,3,1,2,1,100.0
913,39252,1,0,3,1,1,1,1,1,0,3,1,2,1,1,85.71428571428571
914,39320,1,0,3,1,2,1,2,1,0,3,1,2,1,2,100.0
915,35412,1,0,1,2,1,1,1,1,0,1,2,1,1,1,100.0
916,37784,1,0,2,3,2,1,2,1,0,2,3,2,1,2,100.0
917,37784,1,0,2,3,2,1,2,1,0,2,3,2,1,2,100.0
918,37716,1,0,2,3,1,1,1,1,0,2,3,1,1,1,100.0
919,35412,1,0,1,2,1,1,1,1,0,1,2,1,1,1,100.0
920,35412,1,0,1,2,1,1,1,1,0,1,2,1,1,1,100.0
921,34816,1,0,1,0,0,0,0,1,0,0,0,1,0,1,57.142857142857146
922,37780,1,0,2,3,2,1,1,1,0,2,3,2,1,1,100.0
923,37732,1,0,2,3,1,2,1,1,0,2,3,1,2,1,100.0
924,37784,1,0,2,3,2,1,2,1,0,2,3,2,1,2,100.0
925,37784,1,0,2,3,2,1,2,1,0,2,3,2,1,2,100.0
926,37784,1,0,2,3,2,1,2,1,0,2,3,2,1,2,100.0
927,37784,1,0,2,3,2,1,2,1,0,2,3,2,1,2,100.0
928,37716,1,0,2,3,1,1,1,1,0,2,3,1,1,1,100.0
929,37784,1,0,2,3,2,1,2,1,0,2,3,2,1,2,100.0
930,35428,1,0,1,2,1,2,1,1,0,1,2,1,2,1,100.0
931,37784,1,0,2,3,2,1,2,1,0,2,3,2,1,2,100.0
932,37784,1,0,2,3,2,1,2,1,0,2,3,2,1,2,100.0
933,39320,1,0,3,1,2,1,2,1,0,3,1,2,1,2,100.0
934,32836,1,0,0,0,1,0,1,1,0,0,0,1,0,1,100.0
935,37784,1,0,2,3,2,1,2,1,0,2,3,2,1,2,100.0
936,39316,1,0,3,1,2,1,1,1,0,3,1,1,1,1,85.71428571428571
937,37780,1,0,2,3,2,1,1,1,0,2,3,2,1,1,100.0
938,37732,1,0,2,3,1,2,1,1,0,2,3,1,2,1,100.0
939,37784,1,0,2,3,2,1,2,1,0,2,3,2,1,2,100.0
940,39320,1,0,3,1,2,1,2,1,0,3,1,2,1,2,100.0
941,39316,1,0,3,1,2,1,1,1,0,3,1,2,1,1,100.0
942,35412,1,0,1,2,1,1,1,1,0,1,2,1,1,1,100.0
943,35412,1,0,1,2,1,1,1,1,0,1,2,1,1,1,100.0
944,37784,1,0,2,3,2,1,2,1,0,2,3,2,1,2,100.0
945,35412,1,0,1,2,1,1,1,1,0,1,2,1,1,1,100.0
946,35412,1,0,1,2,1,1,1,1,0,1,2,1,1,1,100.0
947,39320,1,0,3,1,2,1,2,1,0,3,1,2,1,2,100.0
948,35412,1,0,1,2,1,1,1,1,0,1,2,1,1,1,100.0
949,39320,1,0,3,1,2,1,2,1,0,3,1,2,1,2,100.0
950,39320,1,0,3,1,2,1,2,1,0,3,1,2,1,2,100.0
951,37784,1,0,2,3,2,1,2,1,0,2,3,2,1,2,100.0
952,37784,1,0,2,3,2,1,2,1,0,2,3,2,1,2,100.0
953,37716,1,0,2,3,1,1,1,1,0,2,3,1,1,1,100.0
954,37784,1,0,2,3,2,1,2,1,0,2,3,2,1,2,100.0
955,35412,1,0,1,2,1,1,1,1,0,1,2,1,1,1,100.0
956,37784,1,0,2,3,2,1,2,1,0,2,3,2,1,2,100.0
957,35412,1,0,1,2,1,1,1,1,0,1,2,1,1,1,100.0
958,35412,1,0,1,2,1,1,1,1,0,1,2,1,1,1,100.0
959,37716,1,0,2,3,1,1,1,1,0,2,3,1,2,1,85.71428571428571
960,32932,1,0,0,0,2,2,1,1,0,0,0,2,2,1,100.0
961,37784,1,0,2,3,2,1,2,1,0,2,3,2,1,2,100.0
962,39320,1,0,3,1,2,1,2,1,0,3,1,2,1,1,85.71428571428571
963,35332,1,0,1,2,0,0,1,1,0,1,2,0,0,1,100.0
964,35412,1,0,1,2,1,1,1,1,0,1,2,1,1,1,100.0
965,37700,1,0,2,3,1,0,1,1,0,2,3,1,0,1,100.0
966,37780,1,0,2,3,2,1,1,1,0,2,3,2,1,2,85.71428571428571
967,37784,1,0,2,3,2,1,2,1,0,2,3,2,1,2,100.0
968,39252,1,0,3,1,1,1,1,1,0,3,1,2,1,2,71.42857142857143
969,39320,1,0,3,1,2,1,2,1,0,3,1,2,1,2,100.0
970,39320,1,0,3,1,2,1,2,1,0,3,1,2,1,2,100.0
971,39320,1,0,3,1,2,1,2,1,0,3,1,2,1,2,100.0
972,37784,1,0,2,3,2,1,2,1,0,2,3,2,1,2,100.0
973,37780,1,0,2,3,2,1,1,1,0,2,3,2,1,1,100.0
974,37784,1,0,2,3,2,1,2,1,0,2,3,2,1,2,100.0
975,37784,1,0,2,3,2,1,2,1,0,2,3,2,1,2,100.0
976,39320,1,0,3,1,2,1,2,1,0,3,1,2,1,2,100.0
977,35412,1,0,1,2,1,1,1,1,0,1,2,1,1,1,100.0
978,39320,1,0,3,1,2,1,2,1,0,3,1,2,1,2,100.0
979,39320,1,0,3,1,2,1,2,1,0,3,1,2,1,2,100.0
980,37784,1,0,2,3,2,1,2,1,0,2,3,2,1,2,100.0
981,35412,1,0,1,2,1,1,1,1,0,1,2,1,1,1,100.0
982,37796,1,0,2,3,2,2,1,1,0,2,3,2,2,1,100.0
983,37784,1,0,2,3,2,1,2,1,0,2,3,2,1,2,100.0
984,35412,1,0,1,2,1,1,1,1,0,1,2,1,1,1,100.0
985,32864,1,0,0,0,1,2,0,1,0,0,0,1,2,0,100.0
986,35412,1,0,1,2,1,1,1,1,0,1,2,1,1,1,100.0
987,39320,1,0,3,1,2,1,2,1,0,3,1,2,1,2,100.0
988,37716,1,0,2,3,1,1,1,1,0,2,3,2,1,2,71.42857142857143
989,37784,1,0,2,3,2,1,2,1,0,2,3,2,1,2,100.0
990,39320,1,0,3,1,2,1,2,1,0,3,1,2,1,2,100.0
991,39320,1,0,3,1,2,1,2,1,0,3,1,2,1,2,100.0
992,39316,1,0,3,1,2,1,1,1,0,3,1,2,1,1,100.0
993,37716,1,0,2,3,1,1,1,1,0,2,3,1,1,1,100.0
994,32932,1,0,0,0,2,2,1,1,0,0,0,2,2,1,100.0
995,35412,1,0,1,2,1,1,1,1,0,1,2,1,1,1,100.0
996,35412,1,0,1,2,1,1,1,1,0,1,2,1,1,1,100.0
997,37784,1,0,2,3,2,1,2,1,0,2,3,2,1,2,100.0
998,37780,1,0,2,3,2,1,1,1,0,2,3,2,1,1,100.0
999,39320,1,0,3,1,2,1,2,1,0,3,1,2,1,2,100.0
1000,39320,1,0,3,1,2,1,2,1,0,3,1,2,1,2,100.0
1001,37784,1,0,2,3,2,1,2,1,0,2,3,2,1,2,100.0
1002,39316,1,0,3,1,2,1,1,1,0,3,1,2,1,1,100.0
1003,35412,1,0,1,2,1,1,1,1,0,1,2,1,1,1,100.0
1004,37784,1,0,2,3,2,1,2,1,0,2,3,2,1,2,100.0
1005,35412,1,0,1,2,1,1,1,1,0,1,2,1,1,1,100.0
1006,39320,1,0,3,1,2,1,2,1,0,3,1,2,1,2,100.0
1007,37784,1,0,2,3,2,1,2,1,0,2,3,2,1,2,100.0
1008,37784,1,0,2,3,2,1,2,1,0,2,3,2,1,2,100.0
1009,37784,1,0,2,3,2,1,2,1,0,2,3,2,1,2,100.0
1010,35412,1,0,1,2,1,1,1,1,0,1,2,1,1,1,100.0
1011,37784,1,0,2,3,2,1,2,1,0,2,3,2,1,2,100.0
1012,37732,1,0,2,3,1,2,1,1,0,2,3,1,2,1,100.0
1013,38948,1,0,3,0,0,2,1,1,0,0,0,1,0,1,57.142857142857146
1014,37784,1,0,2,3,2,1,2,1,0,2,3,2,1,2,100.0
1015,37780,1,0,2,3,2,1,1,1,0,2,3,2,1,2,85.71428571428571
1016,35332,1,0,1,2,0,0,1,1,0,1,2,0,0,1,100.0
1017,35412,1,0,1,2,1,1,1,1,0,1,2,1,1,1,100.0
1018,37784,1,0,2,3,2,1,2,1,0,2,3,2,1,2,100.0
1019,35412,1,0,1,2,1,1,1,1,0,1,2,1,1,1,100.0
1020,39320,1,0,3,1,2,1,2,1,0,3,1,2,1,2,100.0
1021,37780,1,0,2,3,2,1,1,1,0,2,3,2,1,1,100.0
1022,37784,1,0,2,3,2,1,2,1,0,2,3,2,1,2,100.0
1023,37784,1,0,2,3,2,1,2,1,0,2,3,2,1,2,100.0
1024,37784,1,0,2,3,2,1,2,1,0,2,3,2,1,2,100.0
1025,37784,1,0,2,3,2,1,2,1,0,2,3,2,1,2,100.0
1026,37796,1,0,2,3,2,2,1,1,0,2,3,2,2,1,100.0
1027,37732,1,0,2,3,1,2,1,1,0,2,3,1,2,1,100.0
1028,37784,1,0,2,3,2,1,2,1,0,2,3,2,1,2,100.0
1029,37784,1,0,2,3,2,1,2,1,0,2,3,2,1,2,100.0
1030,35412,1,0,1,2,1,1,1,1,0,1,2,1,1,1,100.0
1031,32932,1,0,0,0,2,2,1,1,0,0,0,2,2,1,100.0
1032,37784,1,0,2,3,2,1,2,1,0,2,3,2,1,2,100.0
1033,39320,1,0,3,1,2,1,2,1,0,3,1,2,1,2,100.0
1034,39320,1,0,3,1,2,1,2,1,0,3,1,2,1,2,100.0
1035,32932,1,0,0,0,2,2,1,1,0,0,0,2,2,1,100.0
1036,37784,1,0,2,3,2,1,2,1,0,2,3,2,1,2,100.0
1037,39320,1,0,3,1,2,1,2,1,0,3,1,2,1,2,100.0
1038,37732,1,0,2,3,1,2,1,1,0,2,3,1,2,1,100.0
1039,37784,1,0,2,3,2,1,2,1,0,2,3,2,1,2,100.0
1040,39320,1,0,3,1,2,1,2,1,0,3,1,2,1,2,100.0
1041,37784,1,0,2,3,2,1,2,1,0,2,3,2,1,2,100.0
1042,37784,1,0,2,3,2,1,2,1,0,2,3,2,1,2,100.0
1043,39320,1,0,3,1,2,1,2,1,0,3,1,2,1,2,100.0
1044,37716,1,0,2,3,1,1,1,1,0,2,3,1,1,1,100.0
1045,37732,1,0,2,3,1,2,1,1,0,2,3,1,2,1,100.0
1046,37784,1,0,2,3,2,1,2,1,0,2,3,2,1,2,100.0
1047,39320,1,0,3,1,2,1,2,1,0,3,1,2,1,2,100.0
1048,37784,1,0,2,3,2,1,2,1,0,2,3,2,1,2,100.0
1049,40448,1,0,3,6,0,0,0,1,0,3,1,0,0,1,71.42857142857143
1050,37780,1,0,2,3,2,1,1,1,0,2,3,2,1,1,100.0
1051,35332,1,0,1,2,0,0,1,1,0,1,2,0,0,1,100.0
1052,37732,1,0,2,3,1,2,1,1,0,2,3,1,1,1,85.71428571428571
1053,37784,1,0,2,3,2,1,2,1,0,2,3,2,1,2,100.0
1054,37784,1,0,2,3,2,1,2,1,0,2,3,2,1,2,100.0
1055,35412,1,0,1,2,1,1,1,1,0,1,2,1,1,1,100.0
1056,35492,1,0,1,2,2,2,1,1,0,1,2,2,2,1,100.0
1057,35424,1,0,1,2,1,2,0,1,0,1,2,1,2,0,100.0
1058,37784,1,0,2,3,2,1,2,1,0,2,3,2,1,2,100.0
1059,35412,1,0,1,2,1,1,1,1,0,1,2,1,1,1,100.0
1060,37784,1,0,2,3,2,1,2,1,0,2,3,2,1,2,100.0
1061,39320,1,0,3,1,2,1,2,1,0,3,1,2,1,2,100.0
1062,39320,1,0,3,1,2,1,2,1,0,3,1,2,1,2,100.0
1063,35412,1,0,1,2,1,1,1,1,0,1,2,1,1,1,100.0
1064,39320,1,0,3,1,2,1,2,1,0,3,1,2,1,2,100.0
1065,37732,1,0,2,3,1,2,1,1,0,2,3,1,2,1,100.0
1066,37796,1,0,2,3,2,2,1,1,0,2,3,2,2,1,100.0
1067,39252,1,0,3,1,1,1,1,1,0,3,1,2,1,2,71.42857142857143
1068,35412,1,0,1,2,1,1,1,1,0,1,2,1,1,1,100.0
1069,37780,1,0,2,3,2,1,1,1,0,2,3,2,1,1,100.0
1070,35412,1,0,1,2,1,1,1,1,0,1,2,1,1,1,100.0
1071,39252,1,0,3,1,1,1,1,1,0,3,1,1,1,1,100.0
1072,35424,1,0,1,2,1,2,0,1,0,1,2,1,2,0,100.0
1073,39252,1,0,3,1,1,1,1,1,0,3,1,1,1,1,100.0
1074,39320,1,0,3,1,2,1,2,1,0,3,1,2,1,1,85.71428571428571
1075,37716,1,0,2,3,1,1,1,1,0,2,3,1,1,1,100.0
1076,37784,1,0,2,3,2,1,2,1,0,2,3,2,1,2,100.0
1077,35412,1,0,1,2,1,1,1,1,0,1,2,1,1,1,100.0
1078,37716,1,0,2,3,1,1,1,1,0,2,3,1,1,1,100.0
1079,37784,1,0,2,3,2,1,2,1,0,2,3,2,1,2,100.0
1080,37784,1,0,2,3,2,1,2,1,0,2,3,2,1,2,100.0
1081,35428,1,0,1,2,1,2,1,1,0,1,2,1,2,1,100.0
1082,35412,1,0,1,2,1,1,1,1,0,1,2,1,1,1,100.0
1084,37716,1,0,2,3,1,1,1,1,0,2,3,1,1,1,100.0
1085,37784,1,0,2,3,2,1,2,1,0,2,3,2,1,2,100.0
1086,35412,1,0,1,2,1,1,1,1,0,1,2,1,1,1,100.0
1087,37784,1,0,2,3,2,1,2,1,0,2,3,2,1,2,100.0
1088,39320,1,0,3,1,2,1,2,1,0,3,1,2,1,2,100.0
1089,37716,1,0,2,3,1,1,1,1,0,2,3,2,1,2,71.42857142857143
1090,37784,1,0,2,3,2,1,2,1,0,2,3,2,1,2,100.0
1091,39320,1,0,3,1,2,1,2,1,0,3,1,2,1,2,100.0
1092,37784,1,0,2,3,2,1,2,1,0,2,3,2,1,2,100.0
1093,37784,1,0,2,3,2,1,2,1,0,2,3,2,1,2,100.0
1094,37716,1,0,2,3,1,1,1,1,0,2,3,2,1,1,85.71428571428571
1095,32864,1,0,0,0,1,2,0,1,0,0,0,1,2,0,100.0
1096,37780,1,0,2,3,2,1,1,1,0,2,3,2,1,1,100.0
1097,39320,1,0,3,1,2,1,2,1,0,3,1,2,1,2,100.0
1098,35412,1,0,1,2,1,1,1,1,0,1,2,1,1,1,100.0
1099,37784,1,0,2,3,2,1,2,1,0,2,3,2,1,2,100.0
1100,37784,1,0,2,3,2,1,2,1,0,2,3,2,1,2,100.0
1101,37716,1,0,2,3,1,1,1,1,0,2,3,1,1,1,100.0
1102,37732,1,0,2,3,1,2,1,1,0,2,3,1,2,1,100.0
1103,41556,1,0,4,2,1,1,1,1,0,1,2,1,1,1,85.71428571428571
1104,32932,1,0,0,0,2,2,1,1,0,0,0,2,2,1,100.0
1105,32932,1,0,0,0,2,2,1,1,0,0,0,2,2,1,100.0
1106,37784,1,0,2,3,2,1,2,1,0,2,3,2,1,2,100.0
1107,39320,1,0,3,1,2,1,2,1,0,3,1,2,1,2,100.0
1108,37732,1,0,2,3,1,2,1,1,0,2,3,1,2,1,100.0
1109,37784,1,0,2,3,2,1,2,1,0,2,3,2,1,2,100.0
1110,39320,1,0,3,1,2,1,2,1,0,3,1,2,1,2,100.0
1111,37784,1,0,2,3,2,1,2,1,0,2,3,2,1,2,100.0
1112,35332,1,0,1,2,0,0,1,1,0,1,2,0,0,1,100.0
1113,39320,1,0,3,1,2,1,2,1,0,3,1,2,1,2,100.0
1114,39320,1,0,3,1,2,1,2,1,0,3,1,2,1,2,100.0
1115,37784,1,0,2,3,2,1,2,1,0,2,3,2,1,2,100.0
1116,35412,1,0,1,2,1,1,1,1,0,1,2,1,1,1,100.0
1117,35412,1,0,1,2,1,1,1,1,0,1,2,1,1,1,100.0
1118,39320,1,0,3,1,2,1,2,1,0,3,1,2,1,2,100.0
1119,35332,1,0,1,2,0,0,1,1,0,1,2,0,0,1,100.0
1120,37732,1,0,2,3,1,2,1,1,0,2,3,1,2,1,100.0
1121,39320,1,0,3,1,2,1,2,1,0,3,1,2,1,2,100.0
1122,39316,1,0,3,1,2,1,1,1,0,3,1,2,1,1,100.0
1124,37784,1,0,2,3,2,1,2,1,0,2,3,2,1,2,100.0
1125,39252,1,0,3,1,1,1,1,1,0,3,1,1,1,1,100.0
1126,39320,1,0,3,1,2,1,2,1,0,3,1,2,1,2,100.0
1128,35332,1,0,1,2,0,0,1,1,0,1,2,0,0,1,100.0
1132,37784,1,0,2,3,2,1,2,1,0,2,3,2,1,2,100.0
1133,35412,1,0,1,2,1,1,1,1,0,1,2,1,1,1,100.0
1135,39320,1,0,3,1,2,1,2,1,0,3,1,2,1,2,100.0
1136,37784,1,0,2,3,2,1,2,1,0,2,3,2,1,2,100.0
1137,35428,1,0,1,2,1,2,1,1,0,1,2,1,2,1,100.0
1138,37732,1,0,2,3,1,2,1,1,0,2,3,1,2,1,100.0
1139,35428,1,0,1,2,1,2,1,1,0,1,2,1,2,1,100.0
1140,37780,1,0,2,3,2,1,1,1,0,2,3,2,1,1,100.0
1141,39320,1,0,3,1,2,1,2,1,0,3,1,2,1,2,100.0
1142,32800,1,0,0,0,0,2,0,1,0,0,0,0,2,0,100.0
1143,37784,1,0,2,3,2,1,2,1,0,2,3,2,1,2,100.0
1144,32836,1,0,0,0,1,0,1,1,0,0,0,1,0,1,100.0
1145,39320,1,0,3,1,2,1,2,1,0,3,1,2,1,2,100.0
1146,39320,1,0,3,1,2,1,2,1,0,3,1,2,1,2,100.0
1147,39320,1,0,3,1,2,1,2,1,0,3,1,2,1,1,85.71428571428571
1148,39320,1,0,3,1,2,1,2,1,0,3,1,2,1,2,100.0
1149,37784,1,0,2,3,2,1,2,1,0,2,3,2,1,2,100.0
1150,39320,1,0,3,1,2,1,2,1,0,3,1,2,1,1,85.71428571428571
1151,39320,1,0,3,1,2,1,2,1,0,3,1,2,1,2,100.0
1152,37732,1,0,2,3,1,2,1,1,0,2,3,1,2,1,100.0
1153,39252,1,0,3,1,1,1,1,1,0,3,1,1,1,1,100.0
1154,37784,1,0,2,3,2,1,2,1,0,2,3,2,1,2,100.0
1155,35412,1,0,1,2,1,1,1,1,0,1,2,1,1,1,100.0
1156,37784,1,0,2,3,2,1,2,1,0,2,3,2,1,2,100.0
1157,39320,1,0,3,1,2,1,2,1,0,3,1,2,1,2,100.0
1158,39320,1,0,3,1,2,1,2,1,0,3,1,2,1,2,100.0
1159,37784,1,0,2,3,2,1,2,1,0,2,3,2,1,2,100.0
1160,37784,1,0,2,3,2,1,2,1,0,2,3,2,1,2,100.0
1161,39320,1,0,3,1,2,1,2,1,0,3,1,2,1,2,100.0
1162,37784,1,0,2,3,2,1,2,1,0,2,3,1,1,1,71.42857142857143
1163,37784,1,0,2,3,2,1,2,1,0,2,3,2,1,2,100.0
1164,37728,1,0,2,3,1,2,0,1,0,2,3,1,2,0,100.0
1165,37732,1,0,2,3,1,2,1,1,0,2,3,1,2,1,100.0
1166,37716,1,0,2,3,1,1,1,1,0,2,3,1,1,1,100.0
1167,35412,1,0,1,2,1,1,1,1,0,1,2,1,1,1,100.0
1168,37784,1,0,2,3,2,1,2,1,0,2,3,2,1,2,100.0
1169,35424,1,0,1,2,1,2,0,1,0,1,2,1,2,0,100.0
1170,39252,1,0,3,1,1,1,1,1,0,3,1,1,1,1,100.0
1171,37784,1,0,2,3,2,1,2,1,0,2,3,2,1,2,100.0
1172,37784,1,0,2,3,2,1,2,1,0,2,3,2,1,2,100.0
1173,39320,1,0,3,1,2,1,2,1,0,3,1,2,1,2,100.0
1174,37732,1,0,2,3,1,2,1,1,0,2,3,1,2,1,100.0
1175,39320,1,0,3,1,2,1,2,1,0,3,1,2,1,2,100.0
1176,37796,1,0,2,3,2,2,1,1,0,2,3,2,2,1,100.0
1177,37784,1,0,2,3,2,1,2,1,0,2,3,2,1,2,100.0
1178,32836,1,0,0,0,1,0,1,1,0,0,0,1,0,1,100.0
1179,37784,1,0,2,3,2,1,2,1,0,2,3,2,1,2,100.0
1180,37784,1,0,2,3,2,1,2,1,0,2,3,2,1,2,100.0
1181,39320,1,0,3,1,2,1,2,1,0,3,1,2,1,2,100.0
1182,37784,1,0,2,3,2,1,2,1,0,2,3,2,1,2,100.0
1183,39320,1,0,3,1,2,1,2,1,0,3,1,2,1,2,100.0
1184,37700,1,0,2,3,1,0,1,1,0,2,3,1,0,1,100.0
1185,39320,1,0,3,1,2,1,2,1,0,3,1,2,1,2,100.0
1186,37784,1,0,2,3,2,1,2,1,0,2,3,2,1,2,100.0
1187,37716,1,0,2,3,1,1,1,1,0,2,3,1,1,1,100.0
1188,39320,1,0,3,1,2,1,2,1,0,3,1,2,1,2,100.0
1189,37784,1,0,2,3,2,1,2,1,0,2,3,2,1,2,100.0
1190,37780,1,0,2,3,2,1,1,1,0,2,3,2,1,1,100.0
1191,35396,1,0,1,2,1,0,1,1,0,3,1,1,0,1,71.42857142857143
1192,39316,1,0,3,1,2,1,1,1,0,3,1,2,1,1,100.0
1193,39320,1,0,3,1,2,1,2,1,0,3,1,2,1,2,100.0
1194,39320,1,0,3,1,2,1,2,1,0,3,1,2,1,2,100.0
1195,37784,1,0,2,3,2,1,2,1,0,2,3,2,1,2,100.0
1196,37780,1,0,2,3,2,1,1,1,0,2,3,2,1,1,100.0
1197,37784,1,0,2,3,2,1,2,1,0,2,3,2,1,2,100.0
1198,37784,1,0,2,3,2,1,2,1,0,2,3,2,1,2,100.0
1199,39316,1,0,3,1,2,1,1,1,0,3,1,2,1,2,85.71428571428571
1200,37784,1,0,2,3,2,1,2,1,0,2,3,2,1,2,100.0
1201,39252,1,0,3,1,1,1,1,1,0,3,1,1,1,1,100.0
1202,39320,1,0,3,1,2,1,2,1,0,3,1,2,1,2,100.0
1203,35412,1,0,1,2,1,1,1,1,0,1,2,1,1,1,100.0
1204,37780,1,0,2,3,2,1,1,1,0,2,3,2,1,1,100.0
1205,35412,1,0,1,2,1,1,1,1,0,1,2,1,1,1,100.0
1206,37784,1,0,2,3,2,1,2,1,0,2,3,2,1,2,100.0
1207,37780,1,0,2,3,2,1,1,1,0,2,3,2,1,1,100.0
1208,37780,1,0,2,3,2,1,1,1,0,2,3,2,1,2,85.71428571428571
1209,37784,1,0,2,3,2,1,2,1,0,2,3,2,1,2,100.0
1210,37780,1,0,2,3,2,1,1,1,0,2,3,2,1,1,100.0
1211,37716,1,0,2,3,1,1,1,1,0,2,3,1,1,1,100.0
1212,37784,1,0,2,3,2,1,2,1,0,2,3,2,1,2,100.0
1213,39320,1,0,3,1,2,1,2,1,0,3,1,2,1,2,100.0
1214,37732,1,0,2,3,1,2,1,1,0,2,3,1,2,1,100.0
1215,39320,1,0,3,1,2,1,2,1,0,3,1,2,1,2,100.0
1216,37784,1,0,2,3,2,1,2,1,0,2,3,2,1,2,100.0
1217,39320,1,0,3,1,2,1,2,1,0,3,1,2,1,2,100.0
1218,35412,1,0,1,2,1,1,1,1,0,1,2,1,1,1,100.0
1219,37784,1,0,2,3,2,1,2,1,0,2,3,2,1,1,85.71428571428571
1220,37784,1,0,2,3,2,1,2,1,0,2,3,2,1,2,100.0
1221,37784,1,0,2,3,2,1,2,1,0,2,3,2,1,2,100.0
1222,37784,1,0,2,3,2,1,2,1,0,2,3,2,1,2,100.0
1223,35412,1,0,1,2,1,1,1,1,0,1,2,1,1,1,100.0
1224,37780,1,0,2,3,2,1,1,1,0,2,3,2,1,1,100.0
1225,35412,1,0,1,2,1,1,1,1,0,1,2,1,1,1,100.0
1226,35412,1,0,1,2,1,1,1,1,0,1,2,1,1,1,100.0
1227,37780,1,0,2,3,2,1,1,1,0,2,3,2,1,1,100.0
1228,37784,1,0,2,3,2,1,2,1,0,2,3,2,1,2,100.0
1229,37780,1,0,2,3,2,1,1,1,0,2,3,2,1,1,100.0
1230,35412,1,0,1,2,1,1,1,1,0,1,2,1,1,1,100.0
1231,39320,1,0,3,1,2,1,2,1,0,3,1,2,1,2,100.0
1232,39320,1,0,3,1,2,1,2,1,0,3,1,2,1,2,100.0
1233,35412,1,0,1,2,1,1,1,1,0,1,2,1,1,1,100.0
1234,39320,1,0,3,1,2,1,2,1,0,3,1,2,1,2,100.0
1235,37784,1,0,2,3,2,1,2,1,0,2,3,2,1,2,100.0
1236,37784,1,0,2,3,2,1,2,1,0,2,3,2,1,2,100.0
1237,37784,1,0,2,3,2,1,2,1,0,2,3,2,1,2,100.0
1238,37784,1,0,2,3,2,1,2,1,0,2,3,2,1,2,100.0
1239,35412,1,0,1,2,1,1,1,1,0,1,2,1,1,1,100.0
1240,37732,1,0,2,3,1,2,1,1,0,2,3,1,1,1,85.71428571428571
1241,39320,1,0,3,1,2,1,2,1,0,3,1,2,1,2,100.0
1242,37784,1,0,2,3,2,1,2,1,0,2,3,2,1,2,100.0
1243,32864,1,0,0,0,1,2,0,1,0,0,0,1,2,0,100.0
1244,35412,1,0,1,2,1,1,1,1,0,1,2,1,1,1,100.0
1245,39320,1,0,3,1,2,1,2,1,0,3,1,2,1,2,100.0
1246,39320,1,0,3,1,2,1,2,1,0,3,1,2,1,2,100.0
1247,37784,1,0,2,3,2,1,2,1,0,2,3,2,1,2,100.0
1248,39320,1,0,3,1,2,1,2,1,0,3,1,2,1,2,100.0
1249,37784,1,0,2,3,2,1,2,1,0,2,3,2,1,2,100.0
1250,37784,1,0,2,3,2,1,2,1,0,2,3,2,1,2,100.0
1251,35412,1,0,1,2,1,1,1,1,0,1,2,1,1,1,100.0
1252,35412,1,0,1,2,1,1,1,1,0,1,2,1,1,1,100.0
1253,37796,1,0,2,3,2,2,1,1,0,2,3,2,2,1,100.0
1254,39320,1,0,3,1,2,1,2,1,0,3,1,2,1,2,100.0
1255,41300,1,0,4,1,1,1,1,1,0,3,1,1,1,1,85.71428571428571
1256,35332,1,0,1,2,0,0,1,1,0,1,2,0,0,1,100.0
1257,35412,1,0,1,2,1,1,1,1,0,1,2,1,1,1,100.0
1258,37780,1,0,2,3,2,1,1,1,0,2,3,2,1,2,85.71428571428571
1259,37784,1,0,2,3,2,1,2,1,0,2,3,2,1,2,100.0
1260,37784,1,0,2,3,2,1,2,1,0,2,3,2,1,2,100.0
1261,37784,1,0,2,3,2,1,2,1,0,2,3,2,1,2,100.0
1262,37784,1,0,2,3,2,1,2,1,0,2,3,2,1,2,100.0
1263,39320,1,0,3,1,2,1,2,1,0,3,1,2,1,2,100.0
1264,35428,1,0,1,2,1,2,1,1,0,1,2,1,2,1,100.0
1265,37716,1,0,2,3,1,1,1,1,0,2,3,1,1,1,100.0
1266,35332,1,0,1,2,0,0,1,1,0,1,2,0,0,1,100.0
1267,39320,1,0,3,1,2,1,2,1,0,3,1,2,1,2,100.0
1268,35412,1,0,1,2,1,1,1,1,0,1,2,1,1,1,100.0
1269,37716,1,0,2,3,1,1,1,1,0,2,3,2,1,2,71.42857142857143
1270,37632,1,0,2,3,0,0,0,1,0,2,3,0,0,0,100.0
1271,35412,1,0,1,2,1,1,1,1,0,1,2,1,1,1,100.0
1272,32864,1,0,0,0,1,2,0,1,0,0,0,1,2,0,100.0
1273,39320,1,0,3,1,2,1,2,1,0,3,1,2,1,2,100.0
1274,37784,1,0,2,3,2,1,2,1,0,2,3,2,1,2,100.0
1275,37732,1,0,2,3,1,2,1,1,0,2,3,1,2,1,100.0
1276,35412,1,0,1,2,1,1,1,1,0,1,2,1,1,1,100.0
1277,39320,1,0,3,1,2,1,2,1,0,3,1,2,1,2,100.0
1278,37204,1,0,2,1,1,1,1,1,0,3,1,1,1,1,85.71428571428571
1279,39320,1,0,3,1,2,1,2,1,0,3,1,2,1,2,100.0
1280,35412,1,0,1,2,1,1,1,1,0,1,2,1,1,1,100.0
1281,37784,1,0,2,3,2,1,2,1,0,2,3,2,1,2,100.0
1282,37784,1,0,2,3,2,1,2,1,0,2,3,2,1,2,100.0
1283,35412,1,0,1,2,1,1,1,1,0,1,2,1,1,1,100.0
1284,37780,1,0,2,3,2,1,1,1,0,2,3,2,1,1,100.0
1285,37784,1,0,2,3,2,1,2,1,0,2,3,2,1,2,100.0
1286,37784,1,0,2,3,2,1,2,1,0,2,3,2,1,2,100.0
1287,35412,1,0,1,2,1,1,1,1,0,1,2,1,1,1,100.0
1288,37784,1,0,2,3,2,1,2,1,0,2,3,2,1,2,100.0
1289,37732,1,0,2,3,1,2,1,1,0,2,3,1,2,1,100.0
1290,37732,1,0,2,3,1,2,1,1,0,2,3,1,2,1,100.0
1291,35412,1,0,1,2,1,1,1,1,0,1,2,1,1,1,100.0
1292,35412,1,0,1,2,1,1,1,1,0,1,2,1,1,1,100.0
1293,39320,1,0,3,1,2,1,2,1,0,3,1,2,1,1,85.71428571428571
1294,35412,1,0,1,2,1,1,1,1,0,1,2,1,1,1,100.0
1295,37784,1,0,2,3,2,1,2,1,0,2,3,2,1,2,100.0
1296,39320,1,0,3,1,2,1,2,1,0,3,1,2,1,2,100.0
1297,35428,1,0,1,2,1,2,1,1,0,1,2,1,2,1,100.0
1298,37784,1,0,2,3,2,1,2,1,0,2,3,2,1,2,100.0
1299,37784,1,0,2,3,2,1,2,1,0,2,3,2,1,2,100.0
1300,35412,1,0,1,2,1,1,1,1,0,1,2,1,1,1,100.0
1301,37784,1,0,2,3,2,1,2,1,0,2,3,2,1,2,100.0
1302,37784,1,0,2,3,2,1,2,1,0,2,3,2,1,2,100.0
1303,37784,1,0,2,3,2,1,2,1,0,2,3,2,1,2,100.0
1304,37780,1,0,2,3,2,1,1,1,0,2,3,2,1,1,100.0
1305,37780,1,0,2,3,2,1,1,1,0,2,3,2,1,1,100.0
1306,39320,1,0,3,1,2,1,2,1,0,3,1,2,1,1,85.71428571428571
1307,35424,1,0,1,2,1,2,0,1,0,1,2,1,2,0,100.0
1308,37784,1,0,2,3,2,1,2,1,0,2,3,2,1,2,100.0
1309,37784,1,0,2,3,2,1,2,1,0,2,3,2,1,2,100.0
1310,39252,1,0,3,1,1,1,1,1,0,3,1,1,1,1,100.0
1311,37784,1,0,2,3,2,1,2,1,0,2,3,2,1,2,100.0
1312,37784,1,0,2,3,2,1,2,1,0,2,3,2,1,2,100.0
1313,39316,1,0,3,1,2,1,1,1,0,3,1,2,1,1,100.0
1314,32864,1,0,0,0,1,2,0,1,0,0,0,1,2,0,100.0
1315,37784,1,0,2,3,2,1,2,1,0,2,3,2,1,2,100.0
1316,39320,1,0,3,1,2,1,2,1,0,3,1,2,1,1,85.71428571428571
1317,39316,1,0,3,1,2,1,1,1,0,3,1,2,1,1,100.0
1318,37784,1,0,2,3,2,1,2,1,0,2,3,2,1,2,100.0
1319,39320,1,0,3,1,2,1,2,1,0,3,1,2,1,2,100.0
1320,37716,1,0,2,3,1,1,1,1,0,2,3,1,1,1,100.0
1321,39320,1,0,3,1,2,1,2,1,0,3,1,2,1,2,100.0
1322,35412,1,0,1,2,1,1,1,1,0,1,2,1,1,1,100.0
1323,37784,1,0,2,3,2,1,2,1,0,2,3,2,1,2,100.0
1324,37780,1,0,2,3,2,1,1,1,0,2,3,2,1,1,100.0
1325,37796,1,0,2,3,2,2,1,1,0,2,3,2,2,1,100.0
1326,39320,1,0,3,1,2,1,2,1,0,3,1,2,1,2,100.0
1327,35412,1,0,1,2,1,1,1,1,0,1,2,1,1,1,100.0
1328,39252,1,0,3,1,1,1,1,1,0,3,1,1,1,1,100.0
1329,37780,1,0,2,3,2,1,1,1,0,2,3,2,1,1,100.0
1330,32864,1,0,0,0,1,2,0,1,0,0,0,1,2,0,100.0
1331,39316,1,0,3,1,2,1,1,1,0,3,1,2,1,1,100.0
1332,39320,1,0,3,1,2,1,2,1,0,3,1,2,1,2,100.0
1333,35412,1,0,1,2,1,1,1,1,0,1,2,1,1,1,100.0
1334,34324,1,0,0,6,0,1,1,1,0,3,1,1,1,1,57.142857142857146
1335,39316,1,0,3,1,2,1,1,1,0,3,1,1,1,1,85.71428571428571
1336,37784,1,0,2,3,2,1,2,1,0,2,3,2,1,2,100.0
1337,35412,1,0,1,2,1,1,1,1,0,1,2,1,1,1,100.0
1338,39320,1,0,3,1,2,1,2,1,0,3,1,2,1,2,100.0
1339,39320,1,0,3,1,2,1,2,1,0,3,1,2,1,2,100.0
1340,39252,1,0,3,1,1,1,1,1,0,3,1,1,1,1,100.0
1341,39320,1,0,3,1,2,1,2,1,0,3,1,2,1,2,100.0
1342,37784,1,0,2,3,2,1,2,1,0,2,3,2,1,2,100.0
1343,37728,1,0,2,3,1,2,0,1,0,2,3,1,2,0,100.0
1344,39320,1,0,3,1,2,1,2,1,0,3,1,2,1,2,100.0
1345,39316,1,0,3,1,2,1,1,1,0,3,1,2,1,1,100.0
1346,39320,1,0,3,1,2,1,2,1,0,3,1,2,1,2,100.0
1347,32932,1,0,0,0,2,2,1,1,0,0,0,2,2,1,100.0
1348,39320,1,0,3,1,2,1,2,1,0,3,1,2,1,2,100.0
1349,39320,1,0,3,1,2,1,2,1,0,3,1,2,1,2,100.0
1350,37784,1,0,2,3,2,1,2,1,0,2,3,2,1,2,100.0
1351,37784,1,0,2,3,2,1,2,1,0,2,3,2,1,2,100.0
1352,39320,1,0,3,1,2,1,2,1,0,3,1,2,1,2,100.0
1353,39320,1,0,3,1,2,1,2,1,0,3,1,2,1,2,100.0
1354,37784,1,0,2,3,2,1,2,1,0,2,3,2,1,2,100.0
1355,39320,1,0,3,1,2,1,2,1,0,3,1,2,1,1,85.71428571428571
1356,37732,1,0,2,3,1,2,1,1,0,2,3,1,2,1,100.0
1357,37784,1,0,2,3,2,1,2,1,0,2,3,2,1,2,100.0
1358,37784,1,0,2,3,2,1,2,1,0,2,3,2,1,2,100.0
1359,37784,1,0,2,3,2,1,2,1,0,2,3,2,1,2,100.0
1360,37732,1,0,2,3,1,2,1,1,0,2,3,1,2,1,100.0
1361,35412,1,0,1,2,1,1,1,1,0,1,2,1,1,1,100.0
1362,37784,1,0,2,3,2,1,2,1,0,2,3,2,1,2,100.0
1363,37712,1,0,2,3,1,1,0,1,0,2,3,1,2,0,85.71428571428571
1364,39316,1,0,3,1,2,1,1,1,0,3,1,2,1,1,100.0
1365,37784,1,0,2,3,2,1,2,1,0,2,3,2,1,2,100.0
1366,37732,1,0,2,3,1,2,1,1,0,2,3,1,2,1,100.0
1367,35412,1,0,1,2,1,1,1,1,0,1,2,1,1,1,100.0
1368,39320,1,0,3,1,2,1,2,1,0,3,1,2,1,2,100.0
1369,35412,1,0,1,2,1,1,1,1,0,1,2,1,1,1,100.0
1370,39320,1,0,3,1,2,1,2,1,0,3,1,2,1,1,85.71428571428571
1371,37784,1,0,2,3,2,1,2,1,0,2,3,2,1,2,100.0
1372,39320,1,0,3,1,2,1,2,1,0,3,1,2,1,2,100.0
1373,39320,1,0,3,1,2,1,2,1,0,3,1,2,1,1,85.71428571428571
1374,35412,1,0,1,2,1,1,1,1,0,1,2,1,1,1,100.0
1375,37784,1,0,2,3,2,1,2,1,0,2,3,2,1,2,100.0
1376,35332,1,0,1,2,0,0,1,1,0,1,2,0,0,1,100.0
1377,39252,1,0,3,1,1,1,1,1,0,3,1,1,1,1,100.0
1378,39316,1,0,3,1,2,1,1,1,0,3,1,2,1,1,100.0
1379,39320,1,0,3,1,2,1,2,1,0,3,1,2,1,2,100.0
1380,35412,1,0,1,2,1,1,1,1,0,1,2,1,1,1,100.0
1381,37784,1,0,2,3,2,1,2,1,0,2,3,2,1,2,100.0
1382,35412,1,0,1,2,1,1,1,1,0,1,2,1,1,1,100.0
1383,39320,1,0,3,1,2,1,2,1,0,3,1,2,1,2,100.0
1384,37784,1,0,2,3,2,1,2,1,0,2,3,2,1,2,100.0
1385,35076,1,0,1,1,0,0,1,1,0,3,1,0,1,1,71.42857142857143
1386,37784,1,0,2,3,2,1,2,1,0,2,3,2,1,2,100.0
1387,37784,1,0,2,3,2,1,2,1,0,2,3,2,1,2,100.0
1388,39320,1,0,3,1,2,1,2,1,0,3,1,2,1,2,100.0
1389,39320,1,0,3,1,2,1,2,1,0,3,1,2,1,2,100.0
1390,39320,1,0,3,1,2,1,2,1,0,3,1,2,1,1,85.71428571428571
1391,35412,1,0,1,2,1,1,1,1,0,1,2,1,1,1,100.0
1392,37784,1,0,2,3,2,1,2,1,0,2,3,2,1,2,100.0
1393,35412,1,0,1,2,1,1,1,1,0,1,2,1,1,1,100.0
1394,39316,1,0,3,1,2,1,1,1,0,3,1,2,1,1,100.0
1395,39320,1,0,3,1,2,1,2,1,0,3,1,2,1,2,100.0
1396,39320,1,0,3,1,2,1,2,1,0,3,1,2,1,2,100.0
1397,39320,1,0,3,1,2,1,2,1,0,3,1,2,1,2,100.0
1398,39320,1,0,3,1,2,1,2,1,0,3,1,2,1,2,100.0
1399,37784,1,0,2,3,2,1,2,1,0,2,3,2,1,2,100.0
1400,39320,1,0,3,1,2,1,2,1,0,3,1,2,1,2,100.0
1401,37784,1,0,2,3,2,1,2,1,0,2,3,2,1,2,100.0
1402,39320,1,0,3,1,2,1,2,1,0,3,1,2,1,1,85.71428571428571
1403,37732,1,0,2,3,1,2,1,1,0,2,3,1,2,1,100.0
1404,39320,1,0,3,1,2,1,2,1,0,3,1,2,1,2,100.0
1405,39320,1,0,3,1,2,1,2,1,0,3,1,2,1,2,100.0
1406,37732,1,0,2,3,1,2,1,1,0,2,3,1,2,1,100.0
1407,39316,1,0,3,1,2,1,1,1,0,3,1,2,1,1,100.0
1408,37716,1,0,2,3,1,1,1,1,0,2,3,1,1,1,100.0
1409,37784,1,0,2,3,2,1,2,1,0,2,3,2,1,2,100.0
1410,39320,1,0,3,1,2,1,2,1,0,3,1,2,1,2,100.0
1411,39320,1,0,3,1,2,1,2,1,0,3,1,1,1,1,71.42857142857143
1412,37784,1,0,2,3,2,1,2,1,0,2,3,2,1,2,100.0
1413,39316,1,0,3,1,2,1,1,1,0,3,1,2,1,1,100.0
1414,37780,1,0,2,3,2,1,1,1,0,2,3,2,1,1,100.0
1415,37784,1,0,2,3,2,1,2,1,0,2,3,2,1,2,100.0
1416,37716,1,0,2,3,1,1,1,1,0,2,3,1,1,1,100.0
1417,37784,1,0,2,3,2,1,2,1,0,2,3,2,1,2,100.0
1418,37784,1,0,2,3,2,1,2,1,0,2,3,2,1,2,100.0
1419,35412,1,0,1,2,1,1,1,1,0,1,2,1,1,1,100.0
1420,35412,1,0,1,2,1,1,1,1,0,1,2,1,1,1,100.0
1421,37780,1,0,2,3,2,1,1,1,0,2,3,2,1,1,100.0
1422,37784,1,0,2,3,2,1,2,1,0,2,3,2,1,2,100.0
1423,37784,1,0,2,3,2,1,2,1,0,2,3,2,1,2,100.0
1424,39320,1,0,3,1,2,1,2,1,0,3,1,2,1,2,100.0
1425,37784,1,0,2,3,2,1,2,1,0,2,3,2,1,1,85.71428571428571
1426,37796,1,0,2,3,2,2,1,1,0,2,3,2,2,1,100.0
1427,37784,1,0,2,3,2,1,2,1,0,2,3,2,1,2,100.0
1428,39316,1,0,3,1,2,1,1,1,0,3,1,2,1,1,100.0
1429,37780,1,0,2,3,2,1,1,1,0,2,3,2,1,1,100.0
1430,35412,1,0,1,2,1,1,1,1,0,1,2,1,1,1,100.0
1431,39320,1,0,3,1,2,1,2,1,0,3,1,2,1,2,100.0
1432,35412,1,0,1,2,1,1,1,1,0,1,2,1,1,1,100.0
1433,39320,1,0,3,1,2,1,2,1,0,3,1,2,1,2,100.0
1434,37732,1,0,2,3,1,2,1,1,0,2,3,1,2,1,100.0
1435,37784,1,0,2,3,2,1,2,1,0,2,3,2,1,2,100.0
1436,35412,1,0,1,2,1,1,1,1,0,1,2,1,1,1,100.0
1437,37784,1,0,2,3,2,1,2,1,0,2,3,2,1,2,100.0
1438,37784,1,0,2,3,2,1,2,1,0,2,3,2,1,2,100.0
1439,37784,1,0,2,3,2,1,2,1,0,2,3,2,1,2,100.0
1440,35412,1,0,1,2,1,1,1,1,0,1,2,1,1,1,100.0
1441,37784,1,0,2,3,2,1,2,1,0,2,3,2,1,2,100.0
1442,39320,1,0,3,1,2,1,2,1,0,3,1,2,1,1,85.71428571428571
1443,35412,1,0,1,2,1,1,1,1,0,1,2,1,1,1,100.0
1444,35412,1,0,1,2,1,1,1,1,0,1,2,1,1,1,100.0
1445,37784,1,0,2,3,2,1,2,1,0,2,3,2,1,2,100.0
1446,37716,1,0,2,3,1,1,1,1,0,2,3,2,1,2,71.42857142857143
1447,37784,1,0,2,3,2,1,2,1,0,2,3,2,1,2,100.0
1448,35412,1,0,1,2,1,1,1,1,0,1,2,1,1,1,100.0
1449,37784,1,0,2,3,2,1,2,1,0,2,3,2,1,2,100.0
1450,37784,1,0,2,3,2,1,2,1,0,2,3,2,1,2,100.0
1451,37780,1,0,2,3,2,1,1,1,0,2,3,2,1,1,100.0
1452,35412,1,0,1,2,1,1,1,1,0,1,2,1,1,1,100.0
1453,37784,1,0,2,3,2,1,2,1,0,2,3,2,1,2,100.0
1454,37784,1,0,2,3,2,1,2,1,0,2,3,2,1,2,100.0
1455,37796,1,0,2,3,2,2,1,1,0,2,3,2,2,1,100.0
1456,37784,1,0,2,3,2,1,2,1,0,2,3,2,1,1,85.71428571428571
1457,35412,1,0,1,2,1,1,1,1,0,1,2,1,2,0,71.42857142857143
1458,37716,1,0,2,3,1,1,1,1,0,2,3,2,1,1,85.71428571428571
1459,37784,1,0,2,3,2,1,2,1,0,2,3,2,1,2,100.0
1460,39320,1,0,3,1,2,1,2,1,0,3,1,2,1,1,85.71428571428571
1461,39320,1,0,3,1,2,1,2,1,0,3,1,2,1,2,100.0
1462,35332,1,0,1,2,0,0,1,1,0,1,2,0,0,1,100.0
1463,35412,1,0,1,2,1,1,1,1,0,1,2,1,1,1,100.0
1464,37784,1,0,2,3,2,1,2,1,0,2,3,2,1,2,100.0
1465,39320,1,0,3,1,2,1,2,1,0,3,1,2,1,2,100.0
1466,37716,1,0,2,3,1,1,1,1,0,2,3,1,2,1,85.71428571428571
1467,37784,1,0,2,3,2,1,2,1,0,2,3,2,1,2,100.0
1468,37784,1,0,2,3,2,1,2,1,0,2,3,2,1,2,100.0
1469,39320,1,0,3,1,2,1,2,1,0,3,1,2,1,2,100.0
1470,39320,1,0,3,1,2,1,2,1,0,3,1,2,1,2,100.0
1471,35412,1,0,1,2,1,1,1,1,0,1,2,1,1,1,100.0
1472,32864,1,0,0,0,1,2,0,1,0,0,0,1,2,0,100.0
1473,35412,1,0,1,2,1,1,1,1,0,1,2,1,1,1,100.0
1474,37784,1,0,2,3,2,1,2,1,0,2,3,2,1,2,100.0
1475,37732,1,0,2,3,1,2,1,1,0,2,3,1,2,1,100.0
1476,35428,1,0,1,2,1,2,1,1,0,1,2,1,2,1,100.0
1477,35412,1,0,1,2,1,1,1,1,0,1,2,1,1,1,100.0
1478,37784,1,0,2,3,2,1,2,1,0,2,3,2,1,2,100.0
1479,35412,1,0,1,2,1,1,1,1,0,1,2,1,1,1,100.0
1480,35412,1,0,1,2,1,1,1,1,0,1,2,1,1,1,100.0
1481,39320,1,0,3,1,2,1,2,1,0,3,1,2,1,2,100.0
1482,39320,1,0,3,1,2,1,2,1,0,3,1,2,1,2,100.0
1483,39320,1,0,3,1,2,1,2,1,0,3,1,2,1,2,100.0
1484,37780,1,0,2,3,2,1,1,1,0,2,3,2,1,1,100.0
1485,37784,1,0,2,3,2,1,2,1,0,2,3,2,1,2,100.0
1486,35492,1,0,1,2,2,2,1,1,0,1,2,2,2,1,100.0
1487,32800,1,0,0,0,0,2,0,1,0,0,0,0,2,0,100.0
1488,32768,1,0,0,0,0,0,0,1,0,0,0,0,2,1,71.42857142857143
1489,37784,1,0,2,3,2,1,2,1,0,2,3,2,1,1,85.71428571428571
1490,37716,1,0,2,3,1,1,1,1,0,2,3,1,1,1,100.0
1491,37780,1,0,2,3,2,1,1,1,0,2,3,2,1,2,85.71428571428571
1492,37784,1,0,2,3,2,1,2,1,0,2,3,2,1,2,100.0
1493,35412,1,0,1,2,1,1,1,1,0,1,2,1,1,1,100.0
1494,37780,1,0,2,3,2,1,1,1,0,2,3,2,1,1,100.0
1495,37784,1,0,2,3,2,1,2,1,0,2,3,2,1,2,100.0
1496,39316,1,0,3,1,2,1,1,1,0,3,1,2,1,1,100.0
1497,37784,1,0,2,3,2,1,2,1,0,2,3,2,1,2,100.0
1498,35412,1,0,1,2,1,1,1,1,0,1,2,1,1,1,100.0
1499,39320,1,0,3,1,2,1,2,1,0,3,1,2,1,2,100.0
1500,37784,1,0,2,3,2,1,2,1,0,2,3,2,1,2,100.0
1501,37732,1,0,2,3,1,2,1,1,0,2,3,1,2,1,100.0
1502,37784,1,0,2,3,2,1,2,1,0,2,3,2,1,2,100.0
1503,37784,1,0,2,3,2,1,2,1,0,2,3,2,1,2,100.0
1504,37784,1,0,2,3,2,1,2,1,0,2,3,2,1,2,100.0
1505,37716,1,0,2,3,1,1,1,1,0,2,3,2,1,2,71.42857142857143
1506,37796,1,0,2,3,2,2,1,1,0,2,3,2,2,1,100.0
1507,39252,1,0,3,1,1,1,1,1,0,3,1,1,1,1,100.0
1508,37784,1,0,2,3,2,1,2,1,0,2,3,2,1,2,100.0
1509,37732,1,0,2,3,1,2,1,1,0,2,3,1,2,1,100.0
1510,32932,1,0,0,0,2,2,1,1,0,0,0,2,2,1,100.0
1511,39320,1,0,3,1,2,1,2,1,0,3,1,2,1,2,100.0
1512,37732,1,0,2,3,1,2,1,1,0,2,3,1,2,1,100.0
1513,35412,1,0,1,2,1,1,1,1,0,1,2,1,1,1,100.0
1514,35412,1,0,1,2,1,1,1,1,0,1,2,1,1,1,100.0
1515,35412,1,0,1,2,1,1,1,1,0,1,2,1,1,1,100.0
1516,37784,1,0,2,3,2,1,2,1,0,2,3,2,1,2,100.0
1517,37784,1,0,2,3,2,1,2,1,0,2,3,2,1,2,100.0
1518,35412,1,0,1,2,1,1,1,1,0,1,2,1,1,1,100.0
1519,35412,1,0,1,2,1,1,1,1,0,1,2,1,1,1,100.0
1520,35428,1,0,1,2,1,2,1,1,0,1,2,1,1,1,85.71428571428571
1521,37784,1,0,2,3,2,1,2,1,0,2,3,2,1,2,100.0
1522,37732,1,0,2,3,1,2,1,1,0,2,3,1,2,1,100.0
1523,37796,1,0,2,3,2,2,1,1,0,2,3,2,2,1,100.0
1524,35412,1,0,1,2,1,1,1,1,0,1,2,1,1,1,100.0
1525,37784,1,0,2,3,2,1,2,1,0,2,3,2,1,2,100.0
1526,35428,1,0,1,2,1,2,1,1,0,1,2,1,2,1,100.0
1527,37784,1,0,2,3,2,1,2,1,0,2,3,2,1,2,100.0
1528,39320,1,0,3,1,2,1,2,1,0,3,1,2,1,2,100.0
1529,35492,1,0,1,2,2,2,1,1,0,1,2,2,2,1,100.0
1530,37784,1,0,2,3,2,1,2,1,0,2,3,2,1,1,85.71428571428571
1531,35412,1,0,1,2,1,1,1,1,0,1,2,1,1,1,100.0
1532,39316,1,0,3,1,2,1,1,1,0,3,1,2,1,1,100.0
1533,37784,1,0,2,3,2,1,2,1,0,2,3,2,1,2,100.0
1534,37784,1,0,2,3,2,1,2,1,0,2,3,2,1,2,100.0
1535,39252,1,0,3,1,1,1,1,1,0,3,1,2,1,1,85.71428571428571
1536,35412,1,0,1,2,1,1,1,1,0,1,2,1,1,1,100.0
1537,39320,1,0,3,1,2,1,2,1,0,3,1,2,1,2,100.0
1538,39320,1,0,3,1,2,1,2,1,0,3,1,2,1,2,100.0
1539,37732,1,0,2,3,1,2,1,1,0,2,3,1,2,1,100.0
1540,39320,1,0,3,1,2,1,2,1,0,3,1,2,1,2,100.0
1541,35412,1,0,1,2,1,1,1,1,0,1,2,1,1,1,100.0
1542,37784,1,0,2,3,2,1,2,1,0,2,3,2,1,2,100.0
1543,39320,1,0,3,1,2,1,2,1,0,3,1,2,1,1,85.71428571428571
1544,37784,1,0,2,3,2,1,2,1,0,2,3,2,1,2,100.0
1545,39252,1,0,3,1,1,1,1,1,0,3,1,1,1,1,100.0
1546,37784,1,0,2,3,2,1,2,1,0,2,3,2,1,2,100.0
1547,35412,1,0,1,2,1,1,1,1,0,1,2,1,1,1,100.0
1548,39252,1,0,3,1,1,1,1,1,0,3,1,1,1,1,100.0
1549,35412,1,0,1,2,1,1,1,1,0,1,2,1,1,1,100.0
1550,39320,1,0,3,1,2,1,2,1,0,3,1,2,1,2,100.0
1551,37784,1,0,2,3,2,1,2,1,0,2,3,2,1,2,100.0
1552,35412,1,0,1,2,1,1,1,1,0,1,2,1,1,1,100.0
1553,35492,1,0,1,2,2,2,1,1,0,1,2,2,2,1,100.0
1554,37784,1,0,2,3,2,1,2,1,0,2,3,2,1,2,100.0
1555,37784,1,0,2,3,2,1,2,1,0,2,3,2,1,2,100.0
1556,37784,1,0,2,3,2,1,2,1,0,2,3,2,1,2,100.0
1557,39320,1,0,3,1,2,1,2,1,0,3,1,2,1,1,85.71428571428571
1558,35412,1,0,1,2,1,1,1,1,0,1,2,1,1,1,100.0
1559,35332,1,0,1,2,0,0,1,1,0,1,2,0,0,1,100.0
1560,35412,1,0,1,2,1,1,1,1,0,1,2,1,1,1,100.0
1561,35412,1,0,1,2,1,1,1,1,0,1,2,1,1,1,100.0
1562,35412,1,0,1,2,1,1,1,1,0,1,2,1,1,1,100.0
1563,35428,1,0,1,2,1,2,1,1,0,1,2,1,2,1,100.0
1564,37780,1,0,2,3,2,1,1,1,0,2,3,2,1,1,100.0
1565,37784,1,0,2,3,2,1,2,1,0,2,3,2,1,2,100.0
1566,39316,1,0,3,1,2,1,1,1,0,3,1,2,1,1,100.0
1567,37784,1,0,2,3,2,1,2,1,0,2,3,2,1,2,100.0
1568,37784,1,0,2,3,2,1,2,1,0,2,3,2,1,2,100.0
1569,37716,1,0,2,3,1,1,1,1,0,2,3,2,1,2,71.42857142857143
1570,37732,1,0,2,3,1,2,1,1,0,2,3,1,2,1,100.0
1571,35412,1,0,1,2,1,1,1,1,0,1,2,1,1,1,100.0
1572,39252,1,0,3,1,1,1,1,1,0,3,1,1,1,1,100.0
1573,32800,1,0,0,0,0,2,0,1,0,0,0,0,2,0,100.0
1574,37784,1,0,2,3,2,1,2,1,0,2,3,2,1,2,100.0
1575,39320,1,0,3,1,2,1,2,1,0,3,1,2,1,2,100.0
1576,35332,1,0,1,2,0,0,1,1,0,1,2,0,0,1,100.0
1577,37784,1,0,2,3,2,1,2,1,0,2,3,2,1,2,100.0
1578,37784,1,0,2,3,2,1,2,1,0,2,3,2,1,2,100.0
1579,39320,1,0,3,1,2,1,2,1,0,3,1,2,1,1,85.71428571428571
1580,37784,1,0,2,3,2,1,2,1,0,2,3,2,1,2,100.0
1581,37732,1,0,2,3,1,2,1,1,0,2,3,1,2,1,100.0
1582,35412,1,0,1,2,1,1,1,1,0,1,2,1,1,1,100.0
1583,39320,1,0,3,1,2,1,2,1,0,3,1,2,1,1,85.71428571428571
1584,35412,1,0,1,2,1,1,1,1,0,1,2,1,1,1,100.0
1585,37716,1,0,2,3,1,1,1,1,0,2,3,1,1,1,100.0
1586,32932,1,0,0,0,2,2,1,1,0,0,0,2,2,1,100.0
1587,35412,1,0,1,2,1,1,1,1,0,1,2,1,1,1,100.0
1588,37716,1,0,2,3,1,1,1,1,0,2,3,1,1,1,100.0
1589,37784,1,0,2,3,2,1,2,1,0,2,3,2,1,2,100.0
1590,40960,1,0,4,0,0,0,0,1,0,0,0,0,0,0,85.71428571428571
1591,35412,1,0,1,2,1,1,1,1,0,1,2,1,1,1,100.0
1592,35412,1,0,1,2,1,1,1,1,0,1,2,1,1,1,100.0
1593,35412,1,0,1,2,1,1,1,1,0,1,2,1,1,1,100.0
1594,35412,1,0,1,2,1,1,1,1,0,1,2,1,1,1,100.0
1595,39320,1,0,3,1,2,1,2,1,0,3,1,2,1,1,85.71428571428571
1596,35412,1,0,1,2,1,1,1,1,0,1,2,1,1,1,100.0
1597,37784,1,0,2,3,2,1,2,1,0,2,3,2,1,2,100.0
1598,39316,1,0,3,1,2,1,1,1,0,3,1,2,1,1,100.0
1599,35424,1,0,1,2,1,2,0,1,0,1,2,1,2,0,100.0
1600,39320,1,0,3,1,2,1,2,1,0,3,1,2,1,2,100.0
1601,37784,1,0,2,3,2,1,2,1,0,2,3,2,1,2,100.0
1602,39252,1,0,3,1,1,1,1,1,0,3,1,1,1,1,100.0
1603,39320,1,0,3,1,2,1,2,1,0,3,1,2,1,2,100.0
1604,37780,1,0,2,3,2,1,1,1,0,2,3,2,1,1,100.0
1605,37732,1,0,2,3,1,2,1,1,0,2,3,1,2,1,100.0
1606,39320,1,0,3,1,2,1,2,1,0,3,1,2,1,2,100.0
1607,35412,1,0,1,2,1,1,1,1,0,1,2,1,1,1,100.0
1608,37716,1,0,2,3,1,1,1,1,0,2,3,1,1,1,100.0
1609,39320,1,0,3,1,2,1,2,1,0,3,1,2,1,2,100.0
1610,37784,1,0,2,3,2,1,2,1,0,2,3,2,1,2,100.0
1611,37784,1,0,2,3,2,1,2,1,0,2,3,2,1,2,100.0
1612,39252,1,0,3,1,1,1,1,1,0,3,1,2,1,1,85.71428571428571
1613,37732,1,0,2,3,1,2,1,1,0,2,3,1,2,1,100.0
1614,37780,1,0,2,3,2,1,1,1,0,2,3,2,1,1,100.0
1615,35412,1,0,1,2,1,1,1,1,0,1,2,1,1,1,100.0
1616,37784,1,0,2,3,2,1,2,1,0,2,3,2,1,2,100.0
1617,39316,1,0,3,1,2,1,1,1,0,3,1,2,1,1,100.0
1618,35412,1,0,1,2,1,1,1,1,0,1,2,1,1,1,100.0
1619,35412,1,0,1,2,1,1,1,1,0,1,2,1,1,1,100.0
1620,37784,1,0,2,3,2,1,2,1,0,2,3,2,1,2,100.0
1621,39320,1,0,3,1,2,1,2,1,0,3,1,2,1,1,85.71428571428571
1622,39320,1,0,3,1,2,1,2,1,0,3,1,2,1,2,100.0
1623,37780,1,0,2,3,2,1,1,1,0,2,3,2,1,1,100.0
1624,37784,1,0,2,3,2,1,2,1,0,2,3,2,1,2,100.0
1625,39320,1,0,3,1,2,1,2,1,0,3,1,2,1,2,100.0
1626,35412,1,0,1,2,1,1,1,1,0,1,2,1,1,1,100.0
1627,39320,1,0,3,1,2,1,2,1,0,3,1,2,1,2,100.0
1628,37784,1,0,2,3,2,1,2,1,0,2,3,2,1,2,100.0
1629,35428,1,0,1,2,1,2,1,1,0,1,2,1,1,1,85.71428571428571
1630,37780,1,0,2,3,2,1,1,1,0,2,3,2,1,1,100.0
1631,32932,1,0,0,0,2,2,1,1,0,0,0,2,2,1,100.0
1632,37784,1,0,2,3,2,1,2,1,0,2,3,2,1,2,100.0
1633,37784,1,0,2,3,2,1,2,1,0,2,3,2,1,2,100.0
1634,37784,1,0,2,3,2,1,2,1,0,2,3,2,1,2,100.0
1635,39320,1,0,3,1,2,1,2,1,0,3,1,2,1,2,100.0
1636,37784,1,0,2,3,2,1,2,1,0,2,3,2,1,2,100.0
1637,37784,1,0,2,3,2,1,2,1,0,2,3,2,1,2,100.0
1638,37784,1,0,2,3,2,1,2,1,0,2,3,2,1,2,100.0
1639,37780,1,0,2,3,2,1,1,1,0,2,3,2,1,1,100.0
1640,35332,1,0,1,2,0,0,1,1,0,1,2,0,0,1,100.0
1641,37784,1,0,2,3,2,1,2,1,0,2,3,2,1,2,100.0
1642,37784,1,0,2,3,2,1,2,1,0,2,3,2,1,2,100.0
1643,37716,1,0,2,3,1,1,1,1,0,2,3,1,1,1,100.0
1644,37780,1,0,2,3,2,1,1,1,0,2,3,2,1,2,85.71428571428571
1645,37732,1,0,2,3,1,2,1,1,0,2,3,1,2,1,100.0
1646,35412,1,0,1,2,1,1,1,1,0,1,2,1,1,1,100.0
1647,37784,1,0,2,3,2,1,2,1,0,2,3,2,1,2,100.0
1648,37784,1,0,2,3,2,1,2,1,0,2,3,2,1,2,100.0
1649,35412,1,0,1,2,1,1,1,1,0,1,2,1,1,1,100.0
1650,35412,1,0,1,2,1,1,1,1,0,1,2,1,1,1,100.0
1651,37784,1,0,2,3,2,1,2,1,0,2,3,2,1,1,85.71428571428571
1652,37784,1,0,2,3,2,1,2,1,0,2,3,2,1,2,100.0
1653,37784,1,0,2,3,2,1,2,1,0,2,3,2,1,2,100.0
1654,37784,1,0,2,3,2,1,2,1,0,2,3,2,1,2,100.0
1655,37784,1,0,2,3,2,1,2,1,0,2,3,2,1,2,100.0
1656,37784,1,0,2,3,2,1,2,1,0,2,3,2,1,2,100.0
1657,35428,1,0,1,2,1,2,1,1,0,1,2,1,2,1,100.0
1658,37716,1,0,2,3,1,1,1,1,0,2,3,1,1,1,100.0
1659,35412,1,0,1,2,1,1,1,1,0,1,2,1,1,1,100.0
1660,39320,1,0,3,1,2,1,2,1,0,3,1,2,1,2,100.0
1661,35412,1,0,1,2,1,1,1,1,0,1,2,1,1,1,100.0
1662,39320,1,0,3,1,2,1,2,1,0,3,1,2,1,2,100.0
1663,39316,1,0,3,1,2,1,1,1,0,3,1,2,1,2,85.71428571428571
1664,35428,1,0,1,2,1,2,1,1,0,1,2,1,2,1,100.0
1665,32932,1,0,0,0,2,2,1,1,0,0,0,2,2,1,100.0
1666,39320,1,0,3,1,2,1,2,1,0,3,1,2,1,2,100.0
1667,35412,1,0,1,2,1,1,1,1,0,1,2,1,1,1,100.0
1668,39320,1,0,3,1,2,1,2,1,0,3,1,2,1,2,100.0
1669,35412,1,0,1,2,1,1,1,1,0,1,2,1,1,1,100.0
1670,35412,1,0,1,2,1,1,1,1,0,1,2,1,1,1,100.0
1671,35412,1,0,1,2,1,1,1,1,0,1,2,1,1,1,100.0
1672,37732,1,0,2,3,1,2,1,1,0,2,3,1,2,1,100.0
1673,39320,1,0,3,1,2,1,2,1,0,3,1,2,1,2,100.0
1674,35412,1,0,1,2,1,1,1,1,0,1,2,1,1,1,100.0
1675,39320,1,0,3,1,2,1,2,1,0,3,1,2,1,2,100.0
1676,37780,1,0,2,3,2,1,1,1,0,2,3,2,1,1,100.0
1677,35412,1,0,1,2,1,1,1,1,0,1,2,1,1,1,100.0
1678,35412,1,0,1,2,1,1,1,1,0,1,2,1,1,1,100.0
1679,37780,1,0,2,3,2,1,1,1,0,2,3,2,1,1,100.0
1680,35412,1,0,1,2,1,1,1,1,0,1,2,1,1,1,100.0
1681,39320,1,0,3,1,2,1,2,1,0,3,1,2,1,2,100.0
1682,37784,1,0,2,3,2,1,2,1,0,2,3,2,1,2,100.0
1683,35412,1,0,1,2,1,1,1,1,0,1,2,1,1,1,100.0
1684,32864,1,0,0,0,1,2,0,1,0,0,0,1,2,0,100.0
1685,35412,1,0,1,2,1,1,1,1,0,1,2,1,1,1,100.0
1686,35428,1,0,1,2,1,2,1,1,0,1,2,1,2,1,100.0
1687,37784,1,0,2,3,2,1,2,1,0,2,3,2,1,2,100.0
1688,37784,1,0,2,3,2,1,2,1,0,2,3,2,1,2,100.0
1689,37780,1,0,2,3,2,1,1,1,0,2,3,2,1,2,85.71428571428571
1690,37784,1,0,2,3,2,1,2,1,0,2,3,2,1,2,100.0
1691,37784,1,0,2,3,2,1,2,1,0,2,3,2,1,2,100.0
1692,35412,1,0,1,2,1,1,1,1,0,1,2,1,1,1,100.0
1693,39316,1,0,3,1,2,1,1,1,0,3,1,2,1,1,100.0
1694,35424,1,0,1,2,1,2,0,1,0,1,2,1,2,0,100.0
1695,39320,1,0,3,1,2,1,2,1,0,3,1,2,1,1,85.71428571428571
1696,35412,1,0,1,2,1,1,1,1,0,1,2,1,1,1,100.0
1697,35412,1,0,1,2,1,1,1,1,0,1,2,1,1,1,100.0
1698,35412,1,0,1,2,1,1,1,1,0,1,2,1,1,1,100.0
1699,32864,1,0,0,0,1,2,0,1,0,0,0,1,2,0,100.0
1700,35412,1,0,1,2,1,1,1,1,0,1,2,1,1,1,100.0
1701,37784,1,0,2,3,2,1,2,1,0,2,3,2,1,2,100.0
1702,37784,1,0,2,3,2,1,2,1,0,2,3,2,1,2,100.0
1703,37796,1,0,2,3,2,2,1,1,0,2,3,2,2,1,100.0
1704,37716,1,0,2,3,1,1,1,1,0,2,3,1,1,1,100.0
1705,37784,1,0,2,3,2,1,2,1,0,2,3,2,1,2,100.0
1706,37784,1,0,2,3,2,1,2,1,0,2,3,2,1,2,100.0
1707,35428,1,0,1,2,1,2,1,1,0,1,2,1,2,1,100.0
1708,39320,1,0,3,1,2,1,2,1,0,3,1,2,1,2,100.0
1709,37784,1,0,2,3,2,1,2,1,0,2,3,2,1,2,100.0
1710,39320,1,0,3,1,2,1,2,1,0,3,1,2,1,2,100.0
1711,35412,1,0,1,2,1,1,1,1,0,1,2,1,1,1,100.0
1712,39320,1,0,3,1,2,1,2,1,0,3,1,2,1,2,100.0
1713,39316,1,0,3,1,2,1,1,1,0,3,1,2,1,1,100.0
1714,37780,1,0,2,3,2,1,1,1,0,2,3,2,1,1,100.0
1715,37784,1,0,2,3,2,1,2,1,0,2,3,2,1,2,100.0
1716,32932,1,0,0,0,2,2,1,1,0,0,0,2,2,1,100.0
1717,37784,1,0,2,3,2,1,2,1,0,2,3,2,1,2,100.0
1718,35424,1,0,1,2,1,2,0,1,0,1,2,1,2,0,100.0
1719,35332,1,0,1,2,0,0,1,1,0,1,2,0,0,1,100.0
1720,37784,1,0,2,3,2,1,2,1,0,2,3,2,1,2,100.0
1721,37780,1,0,2,3,2,1,1,1,0,2,3,2,1,2,85.71428571428571
1722,39320,1,0,3,1,2,1,2,1,0,3,1,2,1,2,100.0
1723,35412,1,0,1,2,1,1,1,1,0,1,2,1,1,1,100.0
1724,37716,1,0,2,3,1,1,1,1,0,2,3,2,1,2,71.42857142857143
1725,37784,1,0,2,3,2,1,2,1,0,2,3,2,1,2,100.0
1726,37784,1,0,2,3,2,1,2,1,0,2,3,2,1,2,100.0
1727,37716,1,0,2,3,1,1,1,1,0,2,3,1,1,1,100.0
1728,32864,1,0,0,0,1,2,0,1,0,0,0,1,2,0,100.0
1729,32864,1,0,0,0,1,2,0,1,0,0,0,1,2,0,100.0
1730,39320,1,0,3,1,2,1,2,1,0,3,1,2,1,2,100.0
1731,37784,1,0,2,3,2,1,2,1,0,2,3,2,1,2,100.0
1732,35412,1,0,1,2,1,1,1,1,0,1,2,1,1,1,100.0
1733,39252,1,0,3,1,1,1,1,1,0,3,1,1,1,1,100.0
1734,39320,1,0,3,1,2,1,2,1,0,3,1,2,1,2,100.0
1735,35412,1,0,1,2,1,1,1,1,0,1,2,1,1,1,100.0
1736,39316,1,0,3,1,2,1,1,1,0,3,1,2,1,1,100.0
1737,37716,1,0,2,3,1,1,1,1,0,2,3,2,1,2,71.42857142857143
1738,37784,1,0,2,3,2,1,2,1,0,2,3,2,1,2,100.0
1739,39320,1,0,3,1,2,1,2,1,0,3,1,2,1,2,100.0
1740,39320,1,0,3,1,2,1,2,1,0,3,1,2,1,1,85.71428571428571
1741,39188,1,0,3,1,0,1,1,1,0,3,1,0,1,1,100.0
1742,39320,1,0,3,1,2,1,2,1,0,3,1,2,1,2,100.0
1743,39320,1,0,3,1,2,1,2,1,0,3,1,2,1,2,100.0
1744,39252,1,0,3,1,1,1,1,1,0,3,1,1,1,1,100.0
1745,39320,1,0,3,1,2,1,2,1,0,3,1,2,1,2,100.0
1746,35412,1,0,1,2,1,1,1,1,0,1,2,1,1,1,100.0
1747,37716,1,0,2,3,1,1,1,1,0,2,3,1,1,1,100.0
1748,35412,1,0,1,2,1,1,1,1,0,1,2,1,1,1,100.0
1749,37784,1,0,2,3,2,1,2,1,0,2,3,2,1,2,100.0
1750,39320,1,0,3,1,2,1,2,1,0,3,1,2,1,2,100.0
1751,37784,1,0,2,3,2,1,2,1,0,2,3,2,1,2,100.0
1752,37780,1,0,2,3,2,1,1,1,0,2,3,2,1,2,85.71428571428571
1753,39320,1,0,3,1,2,1,2,1,0,3,1,2,1,2,100.0
1754,35332,1,0,1,2,0,0,1,1,0,1,2,0,0,1,100.0
1755,35332,1,0,1,2,0,0,1,1,0,1,2,0,0,1,100.0
1756,35412,1,0,1,2,1,1,1,1,0,1,2,1,1,1,100.0
1757,37780,1,0,2,3,2,1,1,1,0,2,3,2,1,1,100.0
1758,37780,1,0,2,3,2,1,1,1,0,2,3,2,1,2,85.71428571428571
1759,39320,1,0,3,1,2,1,2,1,0,3,1,2,1,2,100.0
1760,35412,1,0,1,2,1,1,1,1,0,1,2,1,1,1,100.0
1761,37784,1,0,2,3,2,1,2,1,0,2,3,2,1,2,100.0
1762,37784,1,0,2,3,2,1,2,1,0,2,3,2,1,2,100.0
1763,37784,1,0,2,3,2,1,2,1,0,2,3,2,1,2,100.0
1764,37784,1,0,2,3,2,1,2,1,0,2,3,2,1,2,100.0
1765,39316,1,0,3,1,2,1,1,1,0,3,1,2,1,1,100.0
1766,35412,1,0,1,2,1,1,1,1,0,1,2,1,1,1,100.0
1767,37784,1,0,2,3,2,1,2,1,0,2,3,2,1,2,100.0
1768,37784,1,0,2,3,2,1,2,1,0,2,3,2,1,2,100.0
1769,37784,1,0,2,3,2,1,2,1,0,2,3,2,1,2,100.0
1770,37784,1,0,2,3,2,1,2,1,0,2,3,2,1,2,100.0
1771,37784,1,0,2,3,2,1,2,1,0,2,3,2,1,2,100.0
1772,39320,1,0,3,1,2,1,2,1,0,3,1,2,1,2,100.0
1773,39320,1,0,3,1,2,1,2,1,0,3,1,2,1,2,100.0
1774,37784,1,0,2,3,2,1,2,1,0,2,3,2,1,2,100.0
1775,35412,1,0,1,2,1,1,1,1,0,1,2,1,1,1,100.0
1776,37716,1,0,2,3,1,1,1,1,0,2,3,1,1,1,100.0
1777,35412,1,0,1,2,1,1,1,1,0,1,2,1,1,1,100.0
1778,37796,1,0,2,3,2,2,1,1,0,2,3,2,2,1,100.0
1779,37784,1,0,2,3,2,1,2,1,0,2,3,2,1,2,100.0
1780,37784,1,0,2,3,2,1,2,1,0,2,3,2,1,1,85.71428571428571
1781,35412,1,0,1,2,1,1,1,1,0,1,2,1,1,1,100.0
1782,35428,1,0,1,2,1,2,1,1,0,1,2,1,2,1,100.0
1783,39320,1,0,3,1,2,1,2,1,0,3,1,2,1,2,100.0
1784,39320,1,0,3,1,2,1,2,1,0,3,1,2,1,2,100.0
1785,39252,1,0,3,1,1,1,1,1,0,3,1,1,1,1,100.0
1786,37784,1,0,2,3,2,1,2,1,0,2,3,2,1,2,100.0
1787,39320,1,0,3,1,2,1,2,1,0,3,1,2,1,2,100.0
1788,39320,1,0,3,1,2,1,2,1,0,3,1,2,1,1,85.71428571428571
1789,37784,1,0,2,3,2,1,2,1,0,2,3,2,1,2,100.0
1790,37784,1,0,2,3,2,1,2,1,0,2,3,2,1,2,100.0
1791,35412,1,0,1,2,1,1,1,1,0,1,2,1,1,1,100.0
1792,37784,1,0,2,3,2,1,2,1,0,2,3,2,1,2,100.0
1793,39320,1,0,3,1,2,1,2,1,0,3,1,2,1,2,100.0
1794,32864,1,0,0,0,1,2,0,1,0,0,0,1,2,0,100.0
1795,37784,1,0,2,3,2,1,2,1,0,2,3,2,1,2,100.0
1796,37784,1,0,2,3,2,1,2,1,0,2,3,2,1,2,100.0
1797,39320,1,0,3,1,2,1,2,1,0,3,1,2,1,1,85.71428571428571
1798,39320,1,0,3,1,2,1,2,1,0,3,1,2,1,1,85.71428571428571
1799,37784,1,0,2,3,2,1,2,1,0,2,3,2,1,2,100.0
1800,35412,1,0,1,2,1,1,1,1,0,1,2,1,1,1,100.0
1801,37784,1,0,2,3,2,1,2,1,0,2,3,2,1,2,100.0
1802,37784,1,0,2,3,2,1,2,1,0,2,3,2,1,2,100.0
1803,39320,1,0,3,1,2,1,2,1,0,3,1,2,1,2,100.0
1804,39320,1,0,3,1,2,1,2,1,0,3,1,2,1,2,100.0
1805,35492,1,0,1,2,2,2,1,1,0,1,2,2,2,1,100.0
1806,39316,1,0,3,1,2,1,1,1,0,3,1,2,1,1,100.0
1807,35412,1,0,1,2,1,1,1,1,0,1,2,1,1,1,100.0
1808,37784,1,0,2,3,2,1,2,1,0,2,3,2,1,2,100.0
1809,37732,1,0,2,3,1,2,1,1,0,2,3,1,2,1,100.0
1810,32836,1,0,0,0,1,0,1,1,0,0,0,1,0,1,100.0
1811,37784,1,0,2,3,2,1,2,1,0,2,3,2,1,2,100.0
1812,37780,1,0,2,3,2,1,1,1,0,2,3,2,1,2,85.71428571428571
1813,39320,1,0,3,1,2,1,2,1,0,3,1,2,1,2,100.0
1814,39316,1,0,3,1,2,1,1,1,0,3,1,2,1,1,100.0
1815,32864,1,0,0,0,1,2,0,1,0,0,0,1,2,0,100.0
1816,37784,1,0,2,3,2,1,2,1,0,2,3,1,1,1,71.42857142857143
1817,32864,1,0,0,0,1,2,0,1,0,0,0,1,2,0,100.0
1818,37784,1,0,2,3,2,1,2,1,0,2,3,2,1,2,100.0
1819,39320,1,0,3,1,2,1,2,1,0,3,1,2,1,2,100.0
1820,37732,1,0,2,3,1,2,1,1,0,2,3,1,2,1,100.0
1821,35412,1,0,1,2,1,1,1,1,0,1,2,1,1,1,100.0
1822,35412,1,0,1,2,1,1,1,1,0,1,2,1,1,1,100.0
1823,37784,1,0,2,3,2,1,2,1,0,2,3,2,1,2,100.0
1824,35412,1,0,1,2,1,1,1,1,0,1,2,1,1,1,100.0
1825,37716,1,0,2,3,1,1,1,1,0,2,3,1,1,1,100.0
1826,39320,1,0,3,1,2,1,2,1,0,3,1,2,1,2,100.0
1827,35412,1,0,1,2,1,1,1,1,0,1,2,1,1,1,100.0
1828,35412,1,0,1,2,1,1,1,1,0,1,2,1,1,1,100.0
1829,37780,1,0,2,3,2,1,1,1,0,2,3,2,1,1,100.0
1830,37784,1,0,2,3,2,1,2,1,0,2,3,2,1,2,100.0
1831,37784,1,0,2,3,2,1,2,1,0,2,3,2,1,2,100.0
1832,39320,1,0,3,1,2,1,2,1,0,3,1,2,1,2,100.0
1833,32932,1,0,0,0,2,2,1,1,0,0,0,2,2,1,100.0
1834,39320,1,0,3,1,2,1,2,1,0,3,1,2,1,2,100.0
1835,37784,1,0,2,3,2,1,2,1,0,2,3,2,1,2,100.0
1836,35412,1,0,1,2,1,1,1,1,0,1,2,1,1,1,100.0
1837,39316,1,0,3,1,2,1,1,1,0,3,1,2,1,1,100.0
1838,37732,1,0,2,3,1,2,1,1,0,2,3,1,2,1,100.0
1839,37784,1,0,2,3,2,1,2,1,0,2,3,2,1,2,100.0
1840,37784,1,0,2,3,2,1,2,1,0,2,3,2,1,2,100.0
1841,35412,1,0,1,2,1,1,1,1,0,1,2,1,1,1,100.0
1842,39316,1,0,3,1,2,1,1,1,0,3,1,2,1,1,100.0
1843,37784,1,0,2,3,2,1,2,1,0,2,3,2,1,2,100.0
1844,37784,1,0,2,3,2,1,2,1,0,2,3,2,1,2,100.0
1845,37784,1,0,2,3,2,1,2,1,0,2,3,2,1,2,100.0
1846,35412,1,0,1,2,1,1,1,1,0,1,2,1,1,1,100.0
1847,35412,1,0,1,2,1,1,1,1,0,1,2,1,1,1,100.0
1848,37784,1,0,2,3,2,1,2,1,0,2,3,2,1,2,100.0
1849,32932,1,0,0,0,2,2,1,1,0,0,0,2,2,1,100.0
1850,37784,1,0,2,3,2,1,2,1,0,2,3,2,1,2,100.0
1851,37780,1,0,2,3,2,1,1,1,0,2,3,2,1,1,100.0
1852,37784,1,0,2,3,2,1,2,1,0,2,3,2,1,2,100.0
1853,35428,1,0,1,2,1,2,1,1,0,1,2,1,1,1,85.71428571428571
1854,35332,1,0,1,2,0,0,1,1,0,1,2,0,0,1,100.0
1855,37784,1,0,2,3,2,1,2,1,0,2,3,2,1,2,100.0
1856,37780,1,0,2,3,2,1,1,1,0,2,3,2,1,1,100.0
1857,39320,1,0,3,1,2,1,2,1,0,3,1,2,1,2,100.0
1858,39320,1,0,3,1,2,1,2,1,0,3,1,2,1,2,100.0
1859,37784,1,0,2,3,2,1,2,1,0,2,3,2,1,2,100.0
1860,39320,1,0,3,1,2,1,2,1,0,3,1,2,1,1,85.71428571428571
1861,37784,1,0,2,3,2,1,2,1,0,2,3,2,1,2,100.0
1862,32864,1,0,0,0,1,2,0,1,0,0,0,1,2,0,100.0
1863,37784,1,0,2,3,2,1,2,1,0,2,3,2,1,2,100.0
1864,39320,1,0,3,1,2,1,2,1,0,3,1,2,1,2,100.0
1865,37732,1,0,2,3,1,2,1,1,0,2,3,1,2,1,100.0
1866,39316,1,0,3,1,2,1,1,1,0,3,1,2,1,1,100.0
1867,35412,1,0,1,2,1,1,1,1,0,1,2,1,1,1,100.0
1868,37784,1,0,2,3,2,1,2,1,0,2,3,2,1,2,100.0
1869,39316,1,0,3,1,2,1,1,1,0,3,1,2,1,1,100.0
1870,37784,1,0,2,3,2,1,2,1,0,2,3,2,1,2,100.0
1871,39320,1,0,3,1,2,1,2,1,0,3,1,2,1,2,100.0
1872,39320,1,0,3,1,2,1,2,1,0,3,1,2,1,2,100.0
1873,32864,1,0,0,0,1,2,0,1,0,0,0,1,2,0,100.0
1874,39316,1,0,3,1,2,1,1,1,0,3,1,2,1,1,100.0
1875,37716,1,0,2,3,1,1,1,1,0,2,3,1,2,1,85.71428571428571
1876,37784,1,0,2,3,2,1,2,1,0,2,3,2,1,2,100.0
1877,37784,1,0,2,3,2,1,2,1,0,2,3,2,1,2,100.0
1878,37732,1,0,2,3,1,2,1,1,0,2,3,1,2,1,100.0
1879,37784,1,0,2,3,2,1,2,1,0,2,3,2,1,2,100.0
1880,39320,1,0,3,1,2,1,2,1,0,3,1,2,1,2,100.0
1881,35412,1,0,1,2,1,1,1,1,0,1,2,1,1,1,100.0
1882,37732,1,0,2,3,1,2,1,1,0,2,3,1,2,1,100.0
1883,37716,1,0,2,3,1,1,1,1,0,2,3,1,1,1,100.0
1884,37784,1,0,2,3,2,1,2,1,0,2,3,2,1,2,100.0
1885,37784,1,0,2,3,2,1,2,1,0,2,3,2,1,2,100.0
1886,35412,1,0,1,2,1,1,1,1,0,1,2,1,1,1,100.0
1887,37796,1,0,2,3,2,2,1,1,0,2,3,2,2,1,100.0
1888,39320,1,0,3,1,2,1,2,1,0,3,1,2,1,2,100.0
1889,35412,1,0,1,2,1,1,1,1,0,1,2,1,1,1,100.0
1890,37780,1,0,2,3,2,1,1,1,0,2,3,2,1,1,100.0
1891,35412,1,0,1,2,1,1,1,1,0,1,2,1,1,1,100.0
1892,37780,1,0,2,3,2,1,1,1,0,2,3,2,1,1,100.0
1893,39320,1,0,3,1,2,1,2,1,0,3,1,2,1,2,100.0
1894,32868,1,0,0,0,1,2,1,1,0,0,0,1,0,1,85.71428571428571
1895,37732,1,0,2,3,1,2,1,1,0,2,3,1,2,1,100.0
1896,39320,1,0,3,1,2,1,2,1,0,3,1,2,1,2,100.0
1897,35332,1,0,1,2,0,0,1,1,0,1,2,0,0,1,100.0
1898,35412,1,0,1,2,1,1,1,1,0,1,2,1,1,1,100.0
1899,37780,1,0,2,3,2,1,1,1,0,2,3,2,1,1,100.0
1900,35412,1,0,1,2,1,1,1,1,0,1,2,1,1,1,100.0
1901,37780,1,0,2,3,2,1,1,1,0,2,3,2,1,1,100.0
1902,39320,1,0,3,1,2,1,2,1,0,3,1,2,1,2,100.0
1903,32868,1,0,0,0,1,2,1,1,0,0,0,1,2,1,100.0
1904,37784,1,0,2,3,2,1,2,1,0,2,3,2,1,2,100.0
1905,39320,1,0,3,1,2,1,2,1,0,3,1,2,1,2,100.0
1906,37780,1,0,2,3,2,1,1,1,0,2,3,2,1,1,100.0
1907,39252,1,0,3,1,1,1,1,1,0,3,1,1,1,1,100.0
1908,35412,1,0,1,2,1,1,1,1,0,1,2,1,1,1,100.0
1909,35412,1,0,1,2,1,1,1,1,0,1,2,1,1,1,100.0
1910,37784,1,0,2,3,2,1,2,1,0,2,3,2,1,2,100.0
1911,37784,1,0,2,3,2,1,2,1,0,2,3,2,1,2,100.0
1912,35412,1,0,1,2,1,1,1,1,0,1,2,1,1,1,100.0
1913,35412,1,0,1,2,1,1,1,1,0,1,2,1,1,1,100.0
1914,37732,1,0,2,3,1,2,1,1,0,2,3,1,2,1,100.0
1915,35428,1,0,1,2,1,2,1,1,0,1,2,1,2,1,100.0
1916,37780,1,0,2,3,2,1,1,1,0,2,3,2,1,1,100.0
1917,37784,1,0,2,3,2,1,2,1,0,2,3,2,1,2,100.0
1918,35412,1,0,1,2,1,1,1,1,0,1,2,1,1,1,100.0
1919,39320,1,0,3,1,2,1,2,1,0,3,1,2,1,2,100.0
1920,37780,1,0,2,3,2,1,1,1,0,2,3,2,1,1,100.0
1921,39320,1,0,3,1,2,1,2,1,0,3,1,2,1,2,100.0
1922,37784,1,0,2,3,2,1,2,1,0,2,3,2,1,2,100.0
1923,39320,1,0,3,1,2,1,2,1,0,3,1,2,1,1,85.71428571428571
1924,35412,1,0,1,2,1,1,1,1,0,1,2,1,1,1,100.0
1925,35412,1,0,1,2,1,1,1,1,0,1,2,1,1,1,100.0
1926,35412,1,0,1,2,1,1,1,1,0,1,2,1,1,1,100.0
1927,35412,1,0,1,2,1,1,1,1,0,1,2,1,1,1,100.0
1928,39320,1,0,3,1,2,1,2,1,0,3,1,2,1,2,100.0
1929,35412,1,0,1,2,1,1,1,1,0,1,2,1,1,1,100.0
1930,37784,1,0,2,3,2,1,2,1,0,2,3,2,1,2,100.0
1931,37716,1,0,2,3,1,1,1,1,0,2,3,1,1,1,100.0
1932,37784,1,0,2,3,2,1,2,1,0,2,3,2,1,2,100.0
1933,37732,1,0,2,3,1,2,1,1,0,2,3,1,2,1,100.0
1934,37784,1,0,2,3,2,1,2,1,0,2,3,2,1,2,100.0
1935,37780,1,0,2,3,2,1,1,1,0,2,3,2,1,1,100.0
1936,39252,1,0,3,1,1,1,1,1,0,3,1,1,1,1,100.0
1937,32932,1,0,0,0,2,2,1,1,0,0,0,2,2,1,100.0
1938,37784,1,0,2,3,2,1,2,1,0,2,3,2,1,2,100.0
1939,39320,1,0,3,1,2,1,2,1,0,3,1,2,1,2,100.0
1940,37784,1,0,2,3,2,1,2,1,0,2,3,2,1,2,100.0
1941,35412,1,0,1,2,1,1,1,1,0,1,2,1,2,1,85.71428571428571
1942,35412,1,0,1,2,1,1,1,1,0,1,2,1,1,1,100.0
1943,35412,1,0,1,2,1,1,1,1,0,1,2,1,1,1,100.0
1944,39320,1,0,3,1,2,1,2,1,0,3,1,2,1,2,100.0
1945,39320,1,0,3,1,2,1,2,1,0,3,1,2,1,1,85.71428571428571
1946,35412,1,0,1,2,1,1,1,1,0,1,2,1,1,1,100.0
1947,37784,1,0,2,3,2,1,2,1,0,2,3,2,1,2,100.0
1948,37784,1,0,2,3,2,1,2,1,0,2,3,2,1,2,100.0
1949,37732,1,0,2,3,1,2,1,1,0,2,3,1,2,1,100.0
1950,39252,1,0,3,1,1,1,1,1,0,3,1,2,1,2,71.42857142857143
1951,35428,1,0,1,2,1,2,1,1,0,1,2,1,2,1,100.0
1952,35412,1,0,1,2,1,1,1,1,0,1,2,1,1,1,100.0
1953,37784,1,0,2,3,2,1,2,1,0,2,3,2,1,2,100.0
1954,37784,1,0,2,3,2,1,2,1,0,2,3,2,1,2,100.0
1955,35412,1,0,1,2,1,1,1,1,0,1,2,1,1,1,100.0
1956,37716,1,0,2,3,1,1,1,1,0,2,3,1,1,1,100.0
1957,37784,1,0,2,3,2,1,2,1,0,2,3,2,1,2,100.0
1958,37784,1,0,2,3,2,1,2,1,0,2,3,2,1,2,100.0
1959,37732,1,0,2,3,1,2,1,1,0,2,3,1,2,1,100.0
1960,39316,1,0,3,1,2,1,1,1,0,3,1,2,1,1,100.0
1961,37784,1,0,2,3,2,1,2,1,0,2,3,2,1,2,100.0
1962,37784,1,0,2,3,2,1,2,1,0,2,3,2,1,2,100.0
1963,37700,1,0,2,3,1,0,1,1,0,2,3,1,0,1,100.0
1964,35412,1,0,1,2,1,1,1,1,0,1,2,1,1,1,100.0
1965,39320,1,0,3,1,2,1,2,1,0,3,1,2,1,2,100.0
1966,37732,1,0,2,3,1,2,1,1,0,2,3,1,2,1,100.0
1967,37784,1,0,2,3,2,1,2,1,0,2,3,2,1,2,100.0
1968,37784,1,0,2,3,2,1,2,1,0,2,3,2,1,2,100.0
1969,35412,1,0,1,2,1,1,1,1,0,1,2,1,1,1,100.0
1970,37716,1,0,2,3,1,1,1,1,0,2,3,1,1,1,100.0
1971,39320,1,0,3,1,2,1,2,1,0,3,1,2,1,2,100.0
1972,37784,1,0,2,3,2,1,2,1,0,2,3,2,1,2,100.0
1973,39252,1,0,3,1,1,1,1,1,0,3,1,1,1,1,100.0
1974,35412,1,0,1,2,1,1,1,1,0,1,2,1,1,1,100.0
1975,37784,1,0,2,3,2,1,2,1,0,2,3,2,1,2,100.0
1976,37784,1,0,2,3,2,1,2,1,0,2,3,2,1,2,100.0
1977,39320,1,0,3,1,2,1,2,1,0,3,1,2,1,2,100.0
1978,37784,1,0,2,3,2,1,2,1,0,2,3,2,1,2,100.0
1979,35412,1,0,1,2,1,1,1,1,0,1,2,1,1,1,100.0
1980,37784,1,0,2,3,2,1,2,1,0,2,3,2,1,2,100.0
1981,39316,1,0,3,1,2,1,1,1,0,3,1,2,1,2,85.71428571428571
1982,37784,1,0,2,3,2,1,2,1,0,2,3,2,1,2,100.0
1983,39332,1,0,3,1,2,2,1,1,0,3,1,1,1,1,71.42857142857143
1984,37784,1,0,2,3,2,1,2,1,0,2,3,2,1,2,100.0
1985,37784,1,0,2,3,2,1,2,1,0,2,3,2,1,2,100.0
1986,39320,1,0,3,1,2,1,2,1,0,3,1,2,1,2,100.0
1987,37716,1,0,2,3,1,1,1,1,0,2,3,1,1,1,100.0
1988,37784,1,0,2,3,2,1,2,1,0,2,3,2,1,2,100.0
1989,39320,1,0,3,1,2,1,2,1,0,3,1,1,1,1,71.42857142857143
1990,37784,1,0,2,3,2,1,2,1,0,2,3,2,1,2,100.0
1991,37784,1,0,2,3,2,1,2,1,0,2,3,2,1,2,100.0
1992,35412,1,0,1,2,1,1,1,1,0,1,2,1,1,1,100.0
1993,35412,1,0,1,2,1,1,1,1,0,1,2,1,1,1,100.0
1994,39252,1,0,3,1,1,1,1,1,0,3,1,2,1,2,71.42857142857143
1995,39320,1,0,3,1,2,1,2,1,0,3,1,2,1,2,100.0
1996,37784,1,0,2,3,2,1,2,1,0,2,3,2,1,2,100.0
1997,37732,1,0,2,3,1,2,1,1,0,2,3,1,1,1,85.71428571428571
1998,39320,1,0,3,1,2,1,2,1,0,3,1,2,1,2,100.0
1999,37784,1,0,2,3,2,1,2,1,0,2,3,2,1,2,100.0
2000,39320,1,0,3,1,2,1,2,1,0,3,1,2,1,2,100.0
2001,35428,1,0,1,2,1,2,1,1,0,1,2,1,2,1,100.0
2002,37784,1,0,2,3,2,1,2,1,0,2,3,2,1,2,100.0
2003,39320,1,0,3,1,2,1,2,1,0,3,1,2,1,2,100.0
2004,37784,1,0,2,3,2,1,2,1,0,2,3,2,1,2,100.0
2005,37780,1,0,2,3,2,1,1,1,0,2,3,2,1,1,100.0
2006,37784,1,0,2,3,2,1,2,1,0,2,3,2,1,2,100.0
2007,35412,1,0,1,2,1,1,1,1,0,1,2,1,1,1,100.0
2008,35412,1,0,1,2,1,1,1,1,0,1,2,1,1,1,100.0
2009,37784,1,0,2,3,2,1,2,1,0,2,3,2,1,2,100.0
2010,35412,1,0,1,2,1,1,1,1,0,1,2,1,1,1,100.0
2011,37732,1,0,2,3,1,2,1,1,0,2,3,1,2,1,100.0
2012,39252,1,0,3,1,1,1,1,1,0,3,1,1,1,1,100.0
2013,37784,1,0,2,3,2,1,2,1,0,2,3,2,1,2,100.0
2014,35412,1,0,1,2,1,1,1,1,0,1,2,1,1,1,100.0
2015,37784,1,0,2,3,2,1,2,1,0,2,3,2,1,2,100.0
2016,37784,1,0,2,3,2,1,2,1,0,2,3,2,1,2,100.0
2017,37784,1,0,2,3,2,1,2,1,0,2,3,2,1,2,100.0
2018,37784,1,0,2,3,2,1,2,1,0,2,3,1,1,1,71.42857142857143
2019,35412,1,0,1,2,1,1,1,1,0,1,2,1,1,1,100.0
2020,37732,1,0,2,3,1,2,1,1,0,2,3,1,2,1,100.0
2021,37784,1,0,2,3,2,1,2,1,0,2,3,2,1,1,85.71428571428571
2022,35412,1,0,1,2,1,1,1,1,0,1,2,1,1,1,100.0
2023,35412,1,0,1,2,1,1,1,1,0,1,2,1,1,1,100.0
2024,37728,1,0,2,3,1,2,0,1,0,2,3,1,2,0,100.0
2025,37784,1,0,2,3,2,1,2,1,0,2,3,2,1,2,100.0
2026,35412,1,0,1,2,1,1,1,1,0,1,2,1,1,1,100.0
2027,37780,1,0,2,3,2,1,1,1,0,2,3,2,1,2,85.71428571428571
2028,37716,1,0,2,3,1,1,1,1,0,2,3,1,1,1,100.0
2029,37784,1,0,2,3,2,1,2,1,0,2,3,2,1,2,100.0
2030,39320,1,0,3,1,2,1,2,1,0,3,1,2,1,2,100.0
2031,35412,1,0,1,2,1,1,1,1,0,1,2,1,1,1,100.0
2032,39320,1,0,3,1,2,1,2,1,0,3,1,2,1,2,100.0
2033,37728,1,0,2,3,1,2,0,1,0,2,3,1,2,0,100.0
2034,39320,1,0,3,1,2,1,2,1,0,3,1,2,1,1,85.71428571428571
2035,37780,1,0,2,3,2,1,1,1,0,2,3,2,1,1,100.0
2036,35412,1,0,1,2,1,1,1,1,0,1,2,1,1,1,100.0
2037,35412,1,0,1,2,1,1,1,1,0,1,2,1,1,1,100.0
2038,39316,1,0,3,1,2,1,1,1,0,3,1,2,1,1,100.0
2039,37780,1,0,2,3,2,1,1,1,0,2,3,2,1,1,100.0
2040,37784,1,0,2,3,2,1,2,1,0,2,3,2,1,2,100.0
2041,37780,1,0,2,3,2,1,1,1,0,2,3,2,1,1,100.0
2042,35412,1,0,1,2,1,1,1,1,0,1,2,1,1,1,100.0
2043,35332,1,0,1,2,0,0,1,1,0,1,2,0,0,1,100.0
2044,37784,1,0,2,3,2,1,2,1,0,2,3,2,1,2,100.0
2045,37784,1,0,2,3,2,1,2,1,0,2,3,2,1,2,100.0
2046,32932,1,0,0,0,2,2,1,1,0,0,0,2,2,1,100.0
2047,39320,1,0,3,1,2,1,2,1,0,3,1,2,1,2,100.0
2048,35412,1,0,1,2,1,1,1,1,0,1,2,1,1,1,100.0
2049,39320,1,0,3,1,2,1,2,1,0,3,1,2,1,2,100.0
2050,37784,1,0,2,3,2,1,2,1,0,2,3,2,1,2,100.0
2051,39320,1,0,3,1,2,1,2,1,0,3,1,2,1,1,85.71428571428571
2052,35412,1,0,1,2,1,1,1,1,0,1,2,1,1,1,100.0
2053,39320,1,0,3,1,2,1,2,1,0,3,1,2,1,2,100.0
2054,37784,1,0,2,3,2,1,2,1,0,2,3,2,1,2,100.0
2055,37732,1,0,2,3,1,2,1,1,0,2,3,1,2,1,100.0
2056,39320,1,0,3,1,2,1,2,1,0,3,1,2,1,2,100.0
2057,37716,1,0,2,3,1,1,1,1,0,2,3,1,1,1,100.0
2058,37784,1,0,2,3,2,1,2,1,0,2,3,2,1,2,100.0
2059,37784,1,0,2,3,2,1,2,1,0,2,3,2,1,2,100.0
2060,37732,1,0,2,3,1,2,1,1,0,2,3,1,2,1,100.0
2061,39320,1,0,3,1,2,1,2,1,0,3,1,2,1,2,100.0
2062,37784,1,0,2,3,2,1,2,1,0,2,3,2,1,2,100.0
2063,35412,1,0,1,2,1,1,1,1,0,1,2,1,1,1,100.0
2064,37784,1,0,2,3,2,1,2,1,0,2,3,2,1,2,100.0
2065,35412,1,0,1,2,1,1,1,1,0,1,2,1,1,1,100.0
2066,32932,1,0,0,0,2,2,1,1,0,0,0,2,2,1,100.0
2067,39320,1,0,3,1,2,1,2,1,0,3,1,2,1,2,100.0
2068,37784,1,0,2,3,2,1,2,1,0,2,3,2,1,2,100.0
2069,37784,1,0,2,3,2,1,2,1,0,2,3,2,1,2,100.0
2070,37784,1,0,2,3,2,1,2,1,0,2,3,2,1,2,100.0
2071,39320,1,0,3,1,2,1,2,1,0,3,1,2,1,2,100.0
2072,32864,1,0,0,0,1,2,0,1,0,0,0,1,2,0,100.0
2073,37784,1,0,2,3,2,1,2,1,0,2,3,2,1,2,100.0
2074,35412,1,0,1,2,1,1,1,1,0,1,2,1,1,1,100.0
2075,39320,1,0,3,1,2,1,2,1,0,3,1,2,1,2,100.0
2076,37784,1,0,2,3,2,1,2,1,0,2,3,2,1,2,100.0
2077,35412,1,0,1,2,1,1,1,1,0,1,2,1,1,1,100.0
2078,37784,1,0,2,3,2,1,2,1,0,2,3,2,1,2,100.0
2079,39320,1,0,3,1,2,1,2,1,0,3,1,2,1,2,100.0
2080,32864,1,0,0,0,1,2,0,1,0,0,0,1,2,0,100.0
2081,37732,1,0,2,3,1,2,1,1,0,2,3,1,2,1,100.0
2082,39320,1,0,3,1,2,1,2,1,0,3,1,2,1,2,100.0
2083,35412,1,0,1,2,1,1,1,1,0,1,2,1,1,1,100.0
2084,37784,1,0,2,3,2,1,2,1,0,2,3,2,1,2,100.0
2085,37796,1,0,2,3,2,2,1,1,0,2,3,2,2,1,100.0
2086,35412,1,0,1,2,1,1,1,1,0,1,2,1,1,1,100.0
2087,35412,1,0,1,2,1,1,1,1,0,1,2,1,1,1,100.0
2088,37784,1,0,2,3,2,1,2,1,0,2,3,2,1,2,100.0
2089,39316,1,0,3,1,2,1,1,1,0,3,1,2,1,1,100.0
2090,37784,1,0,2,3,2,1,2,1,0,2,3,2,1,2,100.0
2091,39268,1,0,3,1,1,2,1,1,0,3,1,1,2,1,100.0
2092,37784,1,0,2,3,2,1,2,1,0,2,3,2,1,2,100.0
2093,39320,1,0,3,1,2,1,2,1,0,3,1,2,1,2,100.0
2094,37784,1,0,2,3,2,1,2,1,0,2,3,2,1,2,100.0
2095,39320,1,0,3,1,2,1,2,1,0,3,1,2,1,2,100.0
2096,37784,1,0,2,3,2,1,2,1,0,2,3,2,1,2,100.0
2097,37784,1,0,2,3,2,1,2,1,0,2,3,2,1,2,100.0
2098,37784,1,0,2,3,2,1,2,1,0,2,3,2,1,2,100.0
2099,37784,1,0,2,3,2,1,2,1,0,2,3,2,1,2,100.0
2100,35412,1,0,1,2,1,1,1,1,0,1,2,1,1,1,100.0
2101,37784,1,0,2,3,2,1,2,1,0,2,3,2,1,2,100.0
2102,35332,1,0,1,2,0,0,1,1,0,1,2,0,0,1,100.0
2103,35412,1,0,1,2,1,1,1,1,0,1,2,1,1,1,100.0
2104,35492,1,0,1,2,2,2,1,1,0,1,2,2,2,1,100.0
2105,39320,1,0,3,1,2,1,2,1,0,3,1,2,1,2,100.0
2106,37784,1,0,2,3,2,1,2,1,0,2,3,2,1,1,85.71428571428571
2107,37784,1,0,2,3,2,1,2,1,0,2,3,2,1,2,100.0
2108,35428,1,0,1,2,1,2,1,1,0,1,2,1,1,1,85.71428571428571
2109,37780,1,0,2,3,2,1,1,1,0,2,3,2,1,1,100.0
2110,37780,1,0,2,3,2,1,1,1,0,2,3,2,1,1,100.0
2111,39316,1,0,3,1,2,1,1,1,0,3,1,2,1,1,100.0
2112,35412,1,0,1,2,1,1,1,1,0,1,2,1,1,1,100.0
2113,37784,1,0,2,3,2,1,2,1,0,2,3,2,1,2,100.0
2114,39320,1,0,3,1,2,1,2,1,0,3,1,2,1,2,100.0
2115,39316,1,0,3,1,2,1,1,1,0,3,1,2,1,1,100.0
2116,37732,1,0,2,3,1,2,1,1,0,2,3,1,2,1,100.0
2117,37784,1,0,2,3,2,1,2,1,0,2,3,2,1,2,100.0
2118,39320,1,0,3,1,2,1,2,1,0,3,1,2,1,2,100.0
2119,39320,1,0,3,1,2,1,2,1,0,3,1,2,1,2,100.0
2120,35492,1,0,1,2,2,2,1,1,0,1,2,2,2,1,100.0
2121,39252,1,0,3,1,1,1,1,1,0,3,1,1,1,1,100.0
2122,35412,1,0,1,2,1,1,1,1,0,1,2,1,1,1,100.0
2123,37784,1,0,2,3,2,1,2,1,0,2,3,2,1,2,100.0
2124,37784,1,0,2,3,2,1,2,1,0,2,3,2,1,2,100.0
2125,35428,1,0,1,2,1,2,1,1,0,1,2,1,1,1,85.71428571428571
2126,35412,1,0,1,2,1,1,1,1,0,1,2,1,1,1,100.0
2127,39320,1,0,3,1,2,1,2,1,0,3,1,2,1,2,100.0
2128,38404,1,0,2,6,0,0,1,1,0,2,3,0,0,0,71.42857142857143
2129,39320,1,0,3,1,2,1,2,1,0,3,1,2,1,2,100.0
2130,37784,1,0,2,3,2,1,2,1,0,2,3,2,1,2,100.0
2131,35412,1,0,1,2,1,1,1,1,0,1,2,1,1,1,100.0
2132,37784,1,0,2,3,2,1,2,1,0,2,3,2,1,2,100.0
2133,35412,1,0,1,2,1,1,1,1,0,1,2,1,1,1,100.0
2134,37716,1,0,2,3,1,1,1,1,0,2,3,1,1,1,100.0
2135,39320,1,0,3,1,2,1,2,1,0,3,1,2,1,2,100.0
2136,37784,1,0,2,3,2,1,2,1,0,2,3,2,1,2,100.0
2137,37780,1,0,2,3,2,1,1,1,0,2,3,2,1,1,100.0
2138,37732,1,0,2,3,1,2,1,1,0,2,3,1,2,1,100.0
2139,39320,1,0,3,1,2,1,2,1,0,3,1,2,1,2,100.0
2140,35412,1,0,1,2,1,1,1,1,0,1,2,1,1,1,100.0
2141,37784,1,0,2,3,2,1,2,1,0,2,3,2,1,2,100.0
2142,37780,1,0,2,3,2,1,1,1,0,2,3,2,1,1,100.0
2143,37732,1,0,2,3,1,2,1,1,0,2,3,1,2,1,100.0
2144,35412,1,0,1,2,1,1,1,1,0,1,2,1,1,1,100.0
2145,35412,1,0,1,2,1,1,1,1,0,1,2,1,1,1,100.0
2146,35412,1,0,1,2,1,1,1,1,0,1,2,1,1,1,100.0
2147,35428,1,0,1,2,1,2,1,1,0,1,2,1,2,1,100.0
2148,39320,1,0,3,1,2,1,2,1,0,3,1,2,1,1,85.71428571428571
2149,37784,1,0,2,3,2,1,2,1,0,2,3,2,1,2,100.0
2150,37732,1,0,2,3,1,2,1,1,0,2,3,1,2,1,100.0
2151,39320,1,0,3,1,2,1,2,1,0,3,1,2,1,2,100.0
2152,37784,1,0,2,3,2,1,2,1,0,2,3,2,1,2,100.0
2153,35412,1,0,1,2,1,1,1,1,0,1,2,1,1,1,100.0
2154,35412,1,0,1,2,1,1,1,1,0,1,2,1,1,1,100.0
2155,39320,1,0,3,1,2,1,2,1,0,3,1,2,1,1,85.71428571428571
2156,35412,1,0,1,2,1,1,1,1,0,1,2,1,1,1,100.0
2157,37784,1,0,2,3,2,1,2,1,0,2,3,2,1,2,100.0
2158,37784,1,0,2,3,2,1,2,1,0,2,3,2,1,2,100.0
2159,37784,1,0,2,3,2,1,2,1,0,2,3,2,1,2,100.0
2160,37784,1,0,2,3,2,1,2,1,0,2,3,2,1,2,100.0
2161,37784,1,0,2,3,2,1,2,1,0,2,3,2,1,2,100.0
2162,37784,1,0,2,3,2,1,2,1,0,2,3,2,1,2,100.0
2163,37780,1,0,2,3,2,1,1,1,0,2,3,2,1,2,85.71428571428571
2164,35412,1,0,1,2,1,1,1,1,0,1,2,1,1,1,100.0
2165,35412,1,0,1,2,1,1,1,1,0,1,2,1,1,1,100.0
2166,37784,1,0,2,3,2,1,2,1,0,2,3,2,1,2,100.0
2167,39320,1,0,3,1,2,1,2,1,0,3,1,2,1,2,100.0
2168,37732,1,0,2,3,1,2,1,1,0,2,3,1,2,1,100.0
2169,37780,1,0,2,3,2,1,1,1,0,2,3,2,1,2,85.71428571428571
2170,37784,1,0,2,3,2,1,2,1,0,2,3,2,1,2,100.0
2171,35332,1,0,1,2,0,0,1,1,0,1,2,0,0,1,100.0
2172,39316,1,0,3,1,2,1,1,1,0,3,1,2,1,1,100.0
2173,37732,1,0,2,3,1,2,1,1,0,2,3,1,2,1,100.0
2174,35412,1,0,1,2,1,1,1,1,0,1,2,1,1,1,100.0
2175,39320,1,0,3,1,2,1,2,1,0,3,1,2,1,1,85.71428571428571
2176,37784,1,0,2,3,2,1,2,1,0,2,3,2,1,2,100.0
2177,32864,1,0,0,0,1,2,0,1,0,0,0,1,2,0,100.0
2178,37784,1,0,2,3,2,1,2,1,0,2,3,2,1,2,100.0
2179,37784,1,0,2,3,2,1,2,1,0,2,3,2,1,2,100.0
2180,37732,1,0,2,3,1,2,1,1,0,2,3,1,2,1,100.0
2181,39320,1,0,3,1,2,1,2,1,0,3,1,2,1,2,100.0
2182,35424,1,0,1,2,1,2,0,1,0,1,2,1,2,0,100.0
2183,37784,1,0,2,3,2,1,2,1,0,2,3,2,1,2,100.0
2184,35412,1,0,1,2,1,1,1,1,0,1,2,1,1,1,100.0
2185,37784,1,0,2,3,2,1,2,1,0,2,3,2,1,2,100.0
2186,37796,1,0,2,3,2,2,1,1,0,2,3,2,2,1,100.0
2187,39320,1,0,3,1,2,1,2,1,0,3,1,2,1,2,100.0
2188,37716,1,0,2,3,1,1,1,1,0,2,3,1,1,1,100.0
2189,37784,1,0,2,3,2,1,2,1,0,2,3,2,1,2,100.0
2190,37732,1,0,2,3,1,2,1,1,0,2,3,1,2,1,100.0
2191,39320,1,0,3,1,2,1,2,1,0,3,1,2,1,2,100.0
2192,39320,1,0,3,1,2,1,2,1,0,3,1,2,1,2,100.0
2193,37784,1,0,2,3,2,1,2,1,0,2,3,2,1,2,100.0
2194,37732,1,0,2,3,1,2,1,1,0,2,3,1,2,1,100.0
2195,37784,1,0,2,3,2,1,2,1,0,2,3,2,1,2,100.0
2196,37796,1,0,2,3,2,2,1,1,0,2,3,2,2,1,100.0
2197,35412,1,0,1,2,1,1,1,1,0,1,2,1,1,1,100.0
2198,35412,1,0,1,2,1,1,1,1,0,1,2,1,1,1,100.0
2199,39320,1,0,3,1,2,1,2,1,0,3,1,2,1,2,100.0
2200,39320,1,0,3,1,2,1,2,1,0,3,1,2,1,2,100.0
2201,39320,1,0,3,1,2,1,2,1,0,3,1,2,1,2,100.0
2202,37716,1,0,2,3,1,1,1,1,0,2,3,1,1,1,100.0
2203,37732,1,0,2,3,1,2,1,1,0,2,3,1,2,1,100.0
2204,39320,1,0,3,1,2,1,2,1,0,3,1,2,1,2,100.0
2205,35412,1,0,1,2,1,1,1,1,0,1,2,1,1,1,100.0
2206,37784,1,0,2,3,2,1,2,1,0,2,3,2,1,2,100.0
2207,35412,1,0,1,2,1,1,1,1,0,1,2,1,1,1,100.0
2208,32800,1,0,0,0,0,2,0,1,0,0,0,0,2,0,100.0
2209,37716,1,0,2,3,1,1,1,1,0,2,3,1,1,1,100.0
2210,37716,1,0,2,3,1,1,1,1,0,2,3,1,1,1,100.0
2211,35412,1,0,1,2,1,1,1,1,0,1,2,1,1,1,100.0
2212,39320,1,0,3,1,2,1,2,1,0,3,1,2,1,2,100.0
2213,39320,1,0,3,1,2,1,2,1,0,3,1,2,1,2,100.0
2214,37716,1,0,2,3,1,1,1,1,0,2,3,1,1,1,100.0
2215,35412,1,0,1,2,1,1,1,1,0,1,2,1,1,1,100.0
2216,35412,1,0,1,2,1,1,1,1,0,1,2,1,1,1,100.0
2217,37784,1,0,2,3,2,1,2,1,0,2,3,2,1,2,100.0
2218,35412,1,0,1,2,1,1,1,1,0,1,2,1,1,1,100.0
2219,39320,1,0,3,1,2,1,2,1,0,3,1,2,1,2,100.0
2220,39252,1,0,3,1,1,1,1,1,0,3,1,1,1,1,100.0
2221,35412,1,0,1,2,1,1,1,1,0,1,2,1,1,1,100.0
2222,39320,1,0,3,1,2,1,2,1,0,3,1,2,1,2,100.0
2223,39320,1,0,3,1,2,1,2,1,0,3,1,2,1,1,85.71428571428571
2224,32864,1,0,0,0,1,2,0,1,0,0,0,1,2,0,100.0
2225,32932,1,0,0,0,2,2,1,1,0,0,0,2,2,1,100.0
2226,39316,1,0,3,1,2,1,1,1,0,3,1,2,1,1,100.0
2227,35412,1,0,1,2,1,1,1,1,0,1,2,1,1,1,100.0
2228,35412,1,0,1,2,1,1,1,1,0,1,2,1,1,1,100.0
2229,39320,1,0,3,1,2,1,2,1,0,3,1,2,1,2,100.0
2230,37780,1,0,2,3,2,1,1,1,0,2,3,2,1,1,100.0
2231,37732,1,0,2,3,1,2,1,1,0,2,3,1,2,1,100.0
2232,37784,1,0,2,3,2,1,2,1,0,2,3,2,1,2,100.0
2233,37784,1,0,2,3,2,1,2,1,0,2,3,2,1,2,100.0
2234,37784,1,0,2,3,2,1,2,1,0,2,3,2,1,2,100.0
2235,35412,1,0,1,2,1,1,1,1,0,1,2,1,1,1,100.0
2236,37784,1,0,2,3,2,1,2,1,0,2,3,2,1,2,100.0
2237,39320,1,0,3,1,2,1,2,1,0,3,1,2,1,2,100.0
2238,37784,1,0,2,3,2,1,2,1,0,2,3,2,1,2,100.0
2239,37784,1,0,2,3,2,1,2,1,0,2,3,2,1,2,100.0
2240,35412,1,0,1,2,1,1,1,1,0,1,2,1,1,1,100.0
2241,35412,1,0,1,2,1,1,1,1,0,1,2,1,1,1,100.0
2242,35412,1,0,1,2,1,1,1,1,0,1,2,1,1,1,100.0
2243,37784,1,0,2,3,2,1,2,1,0,2,3,2,1,2,100.0
2244,37784,1,0,2,3,2,1,2,1,0,2,3,2,1,2,100.0
2245,39252,1,0,3,1,1,1,1,1,0,3,1,1,1,1,100.0
2246,39320,1,0,3,1,2,1,2,1,0,3,1,2,1,2,100.0
2247,35428,1,0,1,2,1,2,1,1,0,1,2,1,1,1,85.71428571428571
2248,37784,1,0,2,3,2,1,2,1,0,2,3,2,1,2,100.0
2249,39320,1,0,3,1,2,1,2,1,0,3,1,2,1,2,100.0
2250,37732,1,0,2,3,1,2,1,1,0,2,3,1,2,1,100.0
2251,37784,1,0,2,3,2,1,2,1,0,2,3,2,1,2,100.0
2252,32932,1,0,0,0,2,2,1,1,0,0,0,2,2,1,100.0
2253,39320,1,0,3,1,2,1,2,1,0,3,1,2,1,1,85.71428571428571
2254,35492,1,0,1,2,2,2,1,1,0,1,2,2,2,1,100.0
2255,39320,1,0,3,1,2,1,2,1,0,3,1,2,1,2,100.0
2256,37784,1,0,2,3,2,1,2,1,0,2,3,2,1,2,100.0
2257,37784,1,0,2,3,2,1,2,1,0,2,3,2,1,2,100.0
2258,37784,1,0,2,3,2,1,2,1,0,2,3,2,1,2,100.0
2259,37784,1,0,2,3,2,1,2,1,0,2,3,2,1,2,100.0
2260,37784,1,0,2,3,2,1,2,1,0,2,3,2,1,2,100.0
2261,35412,1,0,1,2,1,1,1,1,0,1,2,1,1,1,100.0
2262,39320,1,0,3,1,2,1,2,1,0,3,1,2,1,2,100.0
2263,35428,1,0,1,2,1,2,1,1,0,1,2,1,2,1,100.0
2264,39320,1,0,3,1,2,1,2,1,0,3,1,2,1,2,100.0
2265,37784,1,0,2,3,2,1,2,1,0,2,3,2,1,2,100.0
2266,39320,1,0,3,1,2,1,2,1,0,3,1,2,1,2,100.0
2267,37784,1,0,2,3,2,1,2,1,0,2,3,2,1,2,100.0
2268,37780,1,0,2,3,2,1,1,1,0,2,3,2,1,1,100.0
2269,37784,1,0,2,3,2,1,2,1,0,2,3,2,1,2,100.0
2270,35412,1,0,1,2,1,1,1,1,0,1,2,1,1,1,100.0
2271,37784,1,0,2,3,2,1,2,1,0,2,3,2,1,2,100.0
2272,39320,1,0,3,1,2,1,2,1,0,3,1,2,1,2,100.0
2273,37732,1,0,2,3,1,2,1,1,0,2,3,1,1,1,85.71428571428571
2274,39320,1,0,3,1,2,1,2,1,0,3,1,2,1,1,85.71428571428571
2275,35412,1,0,1,2,1,1,1,1,0,1,2,1,1,1,100.0
2276,35412,1,0,1,2,1,1,1,1,0,1,2,1,1,1,100.0
2277,37784,1,0,2,3,2,1,2,1,0,2,3,2,1,2,100.0
2278,37716,1,0,2,3,1,1,1,1,0,2,3,1,1,1,100.0
2279,39316,1,0,3,1,2,1,1,1,0,3,1,2,1,1,100.0
2280,37784,1,0,2,3,2,1,2,1,0,2,3,2,1,2,100.0
