No         Predictions            Accuracy [%]
0          (1 0 2 3 2 1 2)             100.000
1          (1 0 3 1 2 1 2)             100.000
2          (1 0 3 1 2 1 1)             100.000
3          (1 0 2 3 2 1 2)             100.000
4          (1 0 2 3 2 1 2)             100.000
5          (1 0 3 1 2 1 2)             100.000
6          (1 0 2 3 2 1 1)             100.000
7          (1 0 3 1 2 1 2)             100.000
8          (1 0 0 0 1 2 0)             100.000
9          (1 0 3 1 2 1 2)             100.000
10         (1 0 2 3 2 1 2)             100.000
11         (1 0 2 3 2 1 2)             100.000
12         (1 0 2 3 2 1 2)             100.000
13         (1 0 1 2 1 1 1)             100.000
14         (1 0 1 2 1 2 1)             100.000
15         (1 0 2 3 2 1 2)             100.000
16         (1 0 2 3 2 1 1)             100.000
17         (1 0 2 3 2 1 2)             100.000
18         (1 0 1 2 1 1 1)             100.000
19         (1 0 2 3 2 1 2)             100.000
20         (1 0 2 3 2 1 2)             100.000
21         (1 0 3 1 2 1 2)             100.000
22         (1 0 1 2 1 2 1)              99.379
23         (1 0 2 3 2 1 2)              99.405
24         (1 0 2 3 1 1 1)              99.429
25         (1 0 2 3 2 1 2)              99.451
26         (1 0 2 3 2 1 2)              99.471
27         (1 0 2 3 2 1 2)              99.490
28         (1 0 2 3 1 2 1)              99.507
29         (1 0 1 2 1 1 1)              99.524
30         (1 0 1 2 1 1 1)              99.539
31         (1 0 1 2 1 1 1)              99.554
32         (1 0 2 3 2 1 2)              99.567
33         (1 0 3 1 2 1 2)              99.580
34         (1 0 2 3 2 1 2)              99.592
35         (1 0 2 3 2 1 2)              99.603
36         (1 0 1 2 1 1 1)              99.614
37         (1 0 2 3 2 1 1)              99.624
38         (1 0 1 2 1 1 1)              99.634
39         (1 0 2 3 2 1 2)              99.643
40         (1 0 2 3 1 2 1)              99.652
41         (1 0 1 2 1 1 1)              99.660
42         (1 0 1 2 1 1 1)              99.668
43         (1 0 2 3 2 1 2)              99.675
44         (1 0 3 1 1 2 1)              99.683
45         (1 0 3 1 2 1 2)              99.689
46         (1 0 2 3 2 1 2)              99.696
47         (1 0 2 3 2 1 2)              99.702
48         (1 0 2 3 2 1 2)              99.708
49         (1 0 1 2 1 1 1)              99.714
50         (1 0 2 3 2 1 2)              99.720
51         (1 0 3 1 2 1 2)              99.725
52         (1 0 1 2 0 0 1)              99.730
53         (1 0 3 1 2 1 2)              99.735
54         (1 0 3 1 2 1 2)              99.740
55         (1 0 2 3 2 1 2)              99.745
56         (1 0 1 2 1 2 1)              99.499
57         (1 0 3 1 2 1 2)              99.507
58         (1 0 1 2 0 0 1)              99.516
59         (1 0 2 3 2 1 2)              99.524
60         (1 0 3 1 2 1 2)              99.532
61         (1 0 3 1 2 1 1)              99.539
62         (1 0 2 3 2 1 2)              99.546
63         (1 0 1 2 1 2 1)              99.554
64         (1 0 2 3 2 1 2)              99.560
65         (1 0 3 1 2 1 2)              99.351
66         (1 0 2 3 2 1 2)              99.360
67         (1 0 2 3 2 1 2)              99.370
68         (1 0 2 3 2 1 2)              99.379
69         (1 0 2 3 2 1 2)              99.388
70         (1 0 2 3 1 2 1)              99.396
71         (1 0 1 2 1 1 1)              99.405
72         (1 0 3 1 2 1 2)              99.217
73         (1 0 3 1 1 1 1)              98.842
74         (1 0 1 2 1 1 1)              98.857
75         (1 0 2 3 2 1 1)              98.872
76         (1 0 3 1 1 1 1)              98.887
77         (1 0 0 0 2 2 1)              98.901
78         (1 0 1 2 1 1 1)              98.915
79         (1 0 1 2 1 1 1)              98.929
80         (1 0 2 3 2 1 2)              98.942
81         (1 0 0 0 1 2 0)              98.955
82         (1 0 2 3 1 2 1)              98.967
83         (1 0 3 1 2 1 2)              98.980
84         (1 0 3 1 2 1 2)              98.992
85         (1 0 1 2 1 1 1)              99.003
86         (1 0 3 1 2 1 2)              99.015
87         (1 0 3 1 2 1 2)              99.026
88         (1 0 3 1 2 1 2)              99.037
89         (1 0 2 3 2 1 2)              99.048
90         (1 0 3 1 1 1 1)              99.058
91         (1 0 3 1 2 1 2)              99.068
92         (1 0 2 3 1 1 1)              99.078
93         (1 0 1 2 1 1 1)              99.088
94         (1 0 1 2 1 1 1)              99.098
95         (1 0 1 2 1 1 1)              99.107
96         (1 0 3 1 2 1 2)              99.116
97         (1 0 2 3 2 1 2)              99.125
98         (1 0 2 3 2 1 1)              99.134
99         (1 0 3 1 2 1 2)              99.143
100        (1 0 1 2 1 2 1)              99.151
101        (1 0 2 3 2 1 2)              99.160
102        (1 0 0 0 2 2 1)              99.168
103        (1 0 1 2 1 1 1)              99.176
104        (1 0 2 3 2 1 2)              99.184
105        (1 0 2 3 2 1 2)              99.191
106        (1 0 1 2 1 1 1)              99.199
107        (1 0 3 1 2 1 2)              99.206
108        (1 0 3 1 2 1 2)              99.214
109        (1 0 1 2 0 0 1)              99.221
110        (1 0 1 2 1 1 1)              99.228
111        (1 0 1 2 1 1 1)              99.235
112        (1 0 2 3 2 1 2)              99.241
113        (1 0 3 1 2 1 2)              99.123
114        (1 0 0 0 1 2 1)              99.130
115        (1 0 2 3 2 1 2)              99.138
116        (1 0 1 2 0 0 1)              99.145
117        (1 0 0 0 1 2 0)              99.153
118        (1 0 3 1 2 1 1)              99.040
119        (1 0 3 1 2 1 2)              99.048
120        (1 0 2 3 2 1 2)              99.055
121        (1 0 2 3 2 1 2)              99.063
122        (1 0 3 1 0 1 1)              98.955
123        (1 0 1 2 1 1 1)              98.963
124        (1 0 2 3 1 2 1)              98.971
125        (1 0 1 2 1 1 1)              98.980
126        (1 0 1 2 1 1 1)              98.988
127        (1 0 2 3 2 1 2)              98.996
128        (1 0 0 0 2 2 1)              99.003
129        (1 0 3 1 2 1 2)              98.901
130        (1 0 2 3 2 1 2)              98.909
131        (1 0 2 3 1 2 1)              98.918
132        (1 0 1 2 1 2 1)              98.926
133        (1 0 2 3 2 1 2)              98.934
134        (1 0 3 1 1 1 1)              98.942
135        (1 0 2 3 2 1 2)              98.950
136        (1 0 1 2 1 1 1)              98.957
137        (1 0 2 3 2 1 1)              98.965
138        (1 0 2 3 2 1 2)              98.972
139        (1 0 1 2 0 0 1)              98.980
140        (1 0 3 1 2 1 2)              98.987
141        (1 0 1 2 1 1 1)              98.994
142        (1 0 1 2 1 1 1)              99.001
143        (1 0 2 3 1 2 1)              99.008
144        (1 0 2 3 2 1 2)              99.015
145        (1 0 2 3 2 1 2)              99.022
146        (1 0 3 1 2 1 2)              99.028
147        (1 0 2 3 2 1 1)              99.035
148        (1 0 0 0 2 2 1)              99.041
149        (1 0 1 2 1 1 1)              99.048
150        (1 0 3 1 2 1 2)              99.054
151        (1 0 1 2 1 1 1)              99.060
152        (1 0 3 1 2 1 2)              99.066
153        (1 0 3 1 2 1 2)              98.980
154        (1 0 2 3 2 1 2)              98.986
155        (1 0 2 3 1 2 1)              98.993
156        (1 0 1 2 1 1 1)              98.999
157        (1 0 0 0 2 2 1)              99.005
158        (1 0 1 2 1 1 1)              99.012
159        (1 0 2 3 2 1 2)              99.018
160        (1 0 1 2 2 2 1)              99.024
161        (1 0 3 1 2 1 2)              99.030
162        (1 0 2 3 2 1 1)              99.036
163        (1 0 2 3 2 1 2)              99.042
164        (1 0 2 3 2 1 2)              99.048
165        (1 0 2 3 2 1 2)              99.053
166        (1 0 1 2 1 2 0)              99.059
167        (1 0 2 3 2 1 2)              99.065
168        (1 0 3 1 2 1 2)              99.070
169        (1 0 3 1 2 1 2)              99.076
170        (1 0 0 0 1 2 0)              99.081
171        (1 0 2 3 2 1 2)              99.086
172        (1 0 1 2 1 1 1)              99.092
173        (1 0 2 3 1 2 1)              99.097
174        (1 0 3 1 2 1 2)              99.102
175        (1 0 2 3 2 1 2)              99.107
177        (1 0 1 2 1 1 1)              99.112
178        (1 0 2 3 2 1 2)              99.117
179        (1 0 1 2 1 1 1)              99.122
180        (1 0 3 1 2 1 2)              99.127
181        (1 0 3 1 2 1 2)              99.132
182        (1 0 3 1 2 1 2)              99.058
183        (1 0 1 2 0 0 1)              99.063
184        (1 0 2 3 2 1 2)              98.913
185        (1 0 1 2 1 1 1)              98.919
186        (1 0 1 2 1 1 1)              98.925
187        (1 0 2 3 2 1 2)              98.930
188        (1 0 2 3 2 1 1)              98.936
189        (1 0 2 3 2 1 2)              98.942
190        (1 0 1 2 1 1 1)              98.947
191        (1 0 2 3 2 1 2)              98.953
192        (1 0 3 1 2 1 1)              98.884
193        (1 0 2 3 2 1 2)              98.890
194        (1 0 0 0 2 2 1)              98.895
195        (1 0 3 1 1 1 1)              98.901
196        (1 0 1 2 1 1 1)              98.907
197        (1 0 2 3 2 1 2)              98.912
198        (1 0 1 2 1 1 1)              98.918
199        (1 0 2 3 2 1 2)              98.923
200        (1 0 2 3 2 1 2)              98.929
201        (1 0 2 3 2 1 2)              98.934
202        (1 0 1 2 1 1 1)              98.939
203        (1 0 1 2 1 1 1)              98.944
204        (1 0 1 2 1 1 1)              98.950
205        (1 0 1 2 1 1 1)              98.955
206        (1 0 2 3 2 1 2)              98.960
207        (1 0 0 0 1 0 1)              98.965
208        (1 0 3 1 2 1 1)              98.970
209        (1 0 0 0 1 2 0)              98.975
210        (1 0 2 3 2 1 2)              98.980
211        (1 0 2 3 2 1 1)              98.984
212        (1 0 3 1 2 1 2)              98.989
213        (1 0 2 3 2 1 2)              98.994
214        (1 0 2 3 2 1 2)              98.999
215        (1 0 3 1 2 1 1)              98.937
216        (1 0 3 1 2 1 2)              98.942
217        (1 0 2 3 2 1 2)              98.947
218        (1 0 1 2 1 1 1)              98.952
219        (1 0 2 3 2 1 2)              98.956
220        (1 0 2 3 2 1 2)              98.961
221        (1 0 2 3 1 2 1)              98.966
222        (1 0 3 1 2 1 2)              98.906
223        (1 0 3 1 2 1 2)              98.911
224        (1 0 3 1 2 1 2)              98.916
225        (1 0 2 3 1 1 1)              98.921
226        (1 0 2 3 1 2 1)              98.925
227        (1 0 2 3 2 1 2)              98.930
228        (1 0 3 1 2 1 2)              98.935
229        (1 0 3 1 2 1 2)              98.939
230        (1 0 2 3 2 1 2)              98.944
231        (1 0 1 2 1 1 1)              98.949
232        (1 0 2 3 2 1 2)              98.953
233        (1 0 3 1 2 1 2)              98.896
234        (1 0 2 3 2 1 2)              98.901
235        (1 0 1 2 1 2 1)              98.906
236        (1 0 2 3 2 1 2)              98.910
238        (1 0 2 3 2 1 1)              98.915
239        (1 0 2 3 2 1 2)              98.920
240        (1 0 2 3 2 1 2)              98.924
241        (1 0 2 3 0 0 0)              98.810
242        (1 0 1 2 1 1 1)              98.814
243        (1 0 3 1 1 1 1)              98.819
244        (1 0 2 3 2 1 1)              98.824
245        (1 0 3 1 2 1 2)              98.829
246        (1 0 1 2 1 1 1)              98.834
247        (1 0 2 3 2 1 2)              98.839
248        (1 0 2 3 2 1 1)              98.843
249        (1 0 3 1 2 1 2)              98.848
250        (1 0 3 1 2 1 1)              98.853
251        (1 0 3 1 2 1 2)              98.857
252        (1 0 2 3 2 1 2)              98.862
253        (1 0 2 3 2 1 2)              98.866
254        (1 0 1 2 1 1 1)              98.871
255        (1 0 2 3 2 1 2)              98.875
256        (1 0 3 1 2 1 1)              98.880
257        (1 0 3 1 2 1 2)              98.884
258        (1 0 2 3 2 1 2)              98.888
259        (1 0 1 2 1 1 1)              98.893
260        (1 0 3 1 2 1 2)              98.897
261        (1 0 2 3 2 1 2)              98.901
262        (1 0 2 3 2 1 2)              98.905
263        (1 0 2 3 2 1 2)              98.909
264        (1 0 2 3 2 1 2)              98.914
265        (1 0 2 3 1 2 1)              98.918
266        (1 0 3 1 2 1 2)              98.922
267        (1 0 2 3 2 1 2)              98.926
268        (1 0 1 2 1 2 0)              98.930
269        (1 0 0 0 2 2 1)              98.934
270        (1 0 3 1 2 1 2)              98.938
271        (1 0 2 3 1 1 1)              98.836
272        (1 0 2 3 2 1 2)              98.840
273        (1 0 3 1 2 1 1)              98.792
274        (1 0 2 3 2 1 2)              98.796
275        (1 0 3 1 2 1 2)              98.801
276        (1 0 3 1 2 1 2)              98.805
277        (1 0 3 1 2 1 2)              98.810
278        (1 0 3 1 2 1 2)              98.762
279        (1 0 3 1 2 1 2)              98.767
280        (1 0 0 0 1 0 1)              98.771
281        (1 0 2 3 2 1 1)              98.724
282        (1 0 2 3 2 1 2)              98.729
284        (1 0 3 1 2 1 2)              98.734
286        (1 0 2 3 2 1 2)              98.738
287        (1 0 1 2 1 1 1)              98.742
288        (1 0 1 2 1 1 1)              98.747
289        (1 0 2 3 2 1 2)              98.751
290        (1 0 1 2 1 1 1)              98.756
291        (1 0 3 1 2 1 2)              98.760
292        (1 0 3 1 1 1 1)              98.764
293        (1 0 3 1 2 1 2)              98.768
294        (1 0 1 2 1 1 1)              98.773
295        (1 0 2 3 2 1 2)              98.777
296        (1 0 2 3 2 1 2)              98.781
297        (1 0 1 2 1 1 1)              98.785
298        (1 0 1 2 1 1 1)              98.789
300        (1 0 1 2 1 1 1)              98.793
301        (1 0 2 3 2 1 2)              98.797
302        (1 0 3 1 2 1 2)              98.802
303        (1 0 2 3 2 1 1)              98.758
304        (1 0 3 1 1 1 1)              98.762
305        (1 0 3 1 2 1 2)              98.719
306        (1 0 1 2 1 1 1)              98.723
307        (1 0 2 3 2 1 2)              98.727
308        (1 0 2 3 2 1 2)              98.731
309        (1 0 3 1 2 1 2)              98.735
310        (1 0 1 2 1 1 1)              98.739
311        (1 0 2 3 2 1 2)              98.744
312        (1 0 1 2 0 0 1)              98.748
313        (1 0 2 3 2 1 2)              98.752
314        (1 0 2 3 2 2 1)              98.756
315        (1 0 2 3 2 1 2)              98.760
316        (1 0 3 1 2 1 2)              98.764
317        (1 0 0 0 2 2 1)              98.768
318        (1 0 2 3 2 1 2)              98.772
319        (1 0 3 1 2 1 2)              98.776
320        (1 0 0 0 1 2 0)              98.779
321        (1 0 2 3 2 1 2)              98.783
322        (1 0 3 1 2 1 2)              98.742
323        (1 0 2 3 2 1 1)              98.701
324        (1 0 2 3 2 1 2)              98.705
325        (1 0 2 3 2 1 2)              98.709
326        (1 0 2 3 2 1 1)              98.713
327        (1 0 2 3 2 1 2)              98.717
328        (1 0 1 2 1 1 1)              98.721
329        (1 0 2 3 2 1 2)              98.725
330        (1 0 3 1 2 1 2)              98.685
331        (1 0 3 1 2 1 2)              98.689
332        (1 0 2 3 1 1 1)              98.693
333        (1 0 1 2 1 2 1)              98.697
334        (1 0 2 3 2 1 2)              98.701
335        (1 0 1 2 1 1 1)              98.705
336        (1 0 2 3 1 2 1)              98.709
337        (1 0 0 0 2 2 1)              98.713
338        (1 0 3 1 2 1 2)              98.717
339        (1 0 2 3 2 1 2)              98.721
340        (1 0 2 3 2 1 2)              98.724
341        (1 0 2 3 2 1 2)              98.728
342        (1 0 2 3 2 1 2)              98.732
343        (1 0 3 1 2 1 1)              98.694
344        (1 0 1 2 1 1 1)              98.697
345        (1 0 2 3 2 1 2)              98.701
346        (1 0 2 3 2 1 2)              98.705
347        (1 0 3 1 2 1 2)              98.709
348        (1 0 2 3 2 1 2)              98.713
349        (1 0 2 3 2 1 2)              98.716
350        (1 0 3 1 2 1 1)              98.679
351        (1 0 3 1 2 1 2)              98.683
352        (1 0 3 1 2 1 2)              98.686
353        (1 0 3 1 2 1 2)              98.690
354        (1 0 2 3 2 1 2)              98.694
355        (1 0 3 1 1 1 1)              98.698
356        (1 0 3 1 2 1 2)              98.701
357        (1 0 3 1 2 1 2)              98.705
358        (1 0 3 1 1 1 1)              98.709
359        (1 0 3 1 2 1 2)              98.712
360        (1 0 2 3 1 2 1)              98.716
361        (1 0 2 3 2 1 2)              98.719
362        (1 0 1 2 1 1 1)              98.723
363        (1 0 2 3 2 1 2)              98.727
364        (1 0 2 3 2 1 1)              98.690
365        (1 0 3 1 1 2 1)              98.694
366        (1 0 2 3 2 1 2)              98.698
367        (1 0 3 1 2 1 2)              98.701
368        (1 0 0 0 2 2 1)              98.705
369        (1 0 1 2 1 1 1)              98.708
370        (1 0 3 1 2 1 2)              98.712
371        (1 0 1 2 1 1 1)              98.715
372        (1 0 2 3 2 1 1)              98.680
373        (1 0 2 3 2 2 1)              98.684
374        (1 0 1 2 1 1 1)              98.687
375        (1 0 2 3 2 1 2)              98.691
376        (1 0 2 3 1 2 1)              98.694
377        (1 0 1 2 1 1 1)              98.698
378        (1 0 2 3 1 1 1)              98.701
379        (1 0 2 3 2 1 2)              98.705
380        (1 0 1 2 1 1 1)              98.708
381        (1 0 2 3 2 1 2)              98.712
382        (1 0 1 2 1 1 1)              98.715
383        (1 0 2 3 2 1 2)              98.718
384        (1 0 2 3 2 1 2)              98.684
385        (1 0 2 3 2 1 2)              98.688
386        (1 0 3 1 2 1 2)              98.691
387        (1 0 2 3 2 1 2)              98.695
388        (1 0 2 3 2 1 2)              98.698
389        (1 0 2 3 2 1 2)              98.701
390        (1 0 2 3 2 1 1)              98.705
391        (1 0 3 1 1 1 1)              98.708
392        (1 0 3 1 1 1 1)              98.711
393        (1 0 3 1 2 1 2)              98.715
394        (1 0 3 1 2 1 2)              98.718
395        (1 0 1 0 1 0 1)              98.612
396        (1 0 2 3 2 1 2)              98.615
397        (1 0 3 1 2 1 2)              98.619
398        (1 0 3 1 2 1 2)              98.586
399        (1 0 3 1 2 1 2)              98.590
400        (1 0 3 1 2 1 2)              98.593
401        (1 0 3 1 2 1 1)              98.597
402        (1 0 2 3 2 1 2)              98.600
403        (1 0 2 3 2 1 2)              98.604
404        (1 0 2 3 2 1 2)              98.607
405        (1 0 3 1 2 1 2)              98.611
406        (1 0 3 1 1 1 1)              98.614
407        (1 0 3 1 2 1 2)              98.618
408        (1 0 2 3 2 1 2)              98.621
409        (1 0 2 3 1 2 1)              98.624
410        (1 0 2 3 2 1 2)              98.628
411        (1 0 2 3 2 1 2)              98.631
412        (1 0 2 3 2 1 2)              98.634
413        (1 0 1 2 1 2 1)              98.638
414        (1 0 3 1 2 1 2)              98.641
415        (1 0 1 2 1 1 1)              98.644
416        (1 0 3 1 2 1 2)              98.648
417        (1 0 2 3 1 2 0)              98.651
418        (1 0 2 3 2 1 2)              98.654
419        (1 0 3 1 2 1 2)              98.657
420        (1 0 3 1 2 1 2)              98.661
421        (1 0 1 2 1 1 1)              98.664
423        (1 0 2 3 2 1 2)              98.667
424        (1 0 2 3 2 1 2)              98.670
425        (1 0 2 3 2 1 1)              98.673
426        (1 0 3 1 2 1 1)              98.677
427        (1 0 1 2 1 1 1)              98.680
428        (1 0 3 1 2 1 1)              98.683
429        (1 0 1 2 1 1 1)              98.686
430        (1 0 2 3 2 1 1)              98.689
431        (1 0 0 0 2 2 1)              98.692
432        (1 0 1 2 1 1 1)              98.695
433        (1 0 1 2 1 1 1)              98.698
434        (1 0 2 3 2 1 2)              98.701
435        (1 0 2 3 2 1 2)              98.704
436        (1 0 1 2 1 1 1)              98.707
437        (1 0 2 3 2 1 2)              98.710
438        (1 0 2 3 2 1 2)              98.713
439        (1 0 2 3 2 1 2)              98.716
440        (1 0 3 1 1 1 1)              98.719
441        (1 0 2 3 2 1 2)              98.722
442        (1 0 1 2 2 2 1)              98.725
443        (1 0 2 3 1 1 1)              98.728
444        (1 0 3 1 2 1 2)              98.731
445        (1 0 2 3 2 1 2)              98.734
446        (1 0 2 3 1 1 1)              98.737
447        (1 0 2 3 2 1 2)              98.739
448        (1 0 2 3 2 1 1)              98.742
449        (1 0 2 3 2 1 2)              98.745
450        (1 0 2 3 2 1 1)              98.716
451        (1 0 2 3 2 1 2)              98.719
452        (1 0 2 3 2 1 2)              98.722
453        (1 0 1 2 1 2 1)              98.724
454        (1 0 1 2 1 1 1)              98.727
455        (1 0 1 2 1 1 1)              98.730
456        (1 0 2 3 1 2 1)              98.701
457        (1 0 2 3 1 1 1)              98.704
458        (1 0 2 3 2 1 2)              98.707
459        (1 0 1 2 1 2 0)              98.710
460        (1 0 2 3 2 1 2)              98.713
461        (1 0 2 3 2 1 2)              98.716
462        (1 0 2 3 2 1 2)              98.718
463        (1 0 2 3 2 1 2)              98.721
464        (1 0 2 3 2 1 2)              98.724
465        (1 0 1 2 1 1 1)              98.727
466        (1 0 2 3 2 1 2)              98.729
467        (1 0 2 3 2 2 1)              98.732
468        (1 0 3 1 2 1 2)              98.735
469        (1 0 2 3 2 1 2)              98.738
470        (1 0 3 1 2 1 2)              98.740
471        (1 0 2 3 2 1 2)              98.743
472        (1 0 1 2 1 1 1)              98.746
473        (1 0 2 3 2 1 1)              98.748
474        (1 0 2 3 2 1 1)              98.751
475        (1 0 3 1 2 1 2)              98.723
476        (1 0 3 1 2 1 2)              98.726
477        (1 0 3 1 2 1 2)              98.729
478        (1 0 3 1 2 1 2)              98.732
479        (1 0 3 1 2 1 2)              98.734
480        (1 0 2 3 2 1 2)              98.737
481        (1 0 2 3 2 1 2)              98.739
482        (1 0 3 1 2 1 2)              98.712
483        (1 0 1 2 1 1 1)              98.715
484        (1 0 2 3 2 1 2)              98.718
485        (1 0 3 1 2 1 2)              98.720
486        (1 0 2 3 1 2 1)              98.723
487        (1 0 3 1 2 1 2)              98.726
488        (1 0 1 2 1 1 1)              98.728
489        (1 0 3 1 1 1 1)              98.731
490        (1 0 2 3 1 1 1)              98.675
491        (1 0 2 3 1 2 1)              98.677
492        (1 0 2 3 1 2 1)              98.680
493        (1 0 2 3 1 1 1)              98.683
494        (1 0 2 3 2 1 2)              98.685
495        (1 0 3 1 2 1 2)              98.688
496        (1 0 2 3 2 1 2)              98.691
497        (1 0 2 3 2 1 1)              98.693
498        (1 0 2 3 1 1 1)              98.638
499        (1 0 1 2 1 1 1)              98.641
500        (1 0 3 1 2 1 2)              98.615
501        (1 0 2 3 2 1 2)              98.618
502        (1 0 0 0 2 2 1)              98.620
503        (1 0 2 3 2 1 2)              98.623
504        (1 0 2 3 1 2 1)              98.626
505        (1 0 2 3 2 1 2)              98.629
506        (1 0 2 3 2 1 2)              98.631
507        (1 0 2 3 2 1 2)              98.634
508        (1 0 3 1 2 1 2)              98.637
509        (1 0 2 3 2 1 2)              98.639
510        (1 0 1 2 1 1 1)              98.642
511        (1 0 2 3 1 2 1)              98.645
512        (1 0 1 2 1 1 1)              98.648
513        (1 0 2 3 2 1 2)              98.650
514        (1 0 3 1 2 1 2)              98.653
515        (1 0 3 1 2 1 2)              98.655
516        (1 0 2 3 2 2 1)              98.658
517        (1 0 3 1 2 1 2)              98.661
518        (1 0 2 3 2 1 2)              98.663
519        (1 0 3 1 2 1 1)              98.666
520        (1 0 3 1 1 1 1)              98.669
521        (1 0 2 3 2 1 2)              98.671
522        (1 0 3 1 1 1 1)              98.674
523        (1 0 3 1 2 1 2)              98.676
524        (1 0 3 1 2 1 1)              98.679
525        (1 0 3 1 2 1 2)              98.681
526        (1 0 3 1 2 1 2)              98.684
527        (1 0 2 3 2 1 2)              98.686
528        (1 0 0 0 2 2 1)              98.689
529        (1 0 1 2 1 1 1)              98.691
530        (1 0 2 3 2 1 2)              98.694
531        (1 0 2 3 2 1 2)              98.696
532        (1 0 1 2 1 1 1)              98.699
533        (1 0 3 1 2 1 2)              98.701
534        (1 0 1 2 1 2 1)              98.677
535        (1 0 2 3 2 1 2)              98.679
536        (1 0 2 3 2 1 2)              98.682
537        (1 0 2 3 1 1 1)              98.684
538        (1 0 1 2 1 1 1)              98.687
539        (1 0 3 1 2 1 2)              98.689
540        (1 0 1 2 1 1 1)              98.692
541        (1 0 3 1 2 1 2)              98.694
542        (1 0 2 3 2 1 1)              98.670
543        (1 0 1 2 0 0 1)              98.672
544        (1 0 2 3 2 1 2)              98.675
545        (1 0 2 3 2 1 2)              98.677
546        (1 0 2 3 2 1 1)              98.680
547        (1 0 2 3 2 1 2)              98.682
548        (1 0 3 1 2 1 2)              98.685
549        (1 0 1 2 0 0 1)              98.687
550        (1 0 3 1 2 1 2)              98.663
551        (1 0 1 2 1 1 1)              98.666
552        (1 0 1 2 1 1 1)              98.668
553        (1 0 2 3 1 0 1)              98.670
554        (1 0 3 1 1 1 1)              98.673
555        (1 0 2 3 2 1 2)              98.675
556        (1 0 1 2 1 2 0)              98.678
557        (1 0 2 3 2 1 2)              98.680
558        (1 0 3 1 2 1 2)              98.683
559        (1 0 2 3 2 1 2)              98.685
560        (1 0 2 3 2 1 2)              98.687
561        (1 0 2 3 2 1 2)              98.690
562        (1 0 1 2 2 1 2)              98.641
563        (1 0 2 3 1 1 1)              98.643
564        (1 0 2 3 2 1 2)              98.646
565        (1 0 2 3 2 1 2)              98.648
566        (1 0 2 3 2 1 2)              98.650
567        (1 0 3 1 2 1 2)              98.653
568        (1 0 3 1 1 1 1)              98.655
569        (1 0 2 3 1 1 1)              98.658
570        (1 0 3 1 2 1 2)              98.660
571        (1 0 1 2 1 1 1)              98.662
572        (1 0 2 3 2 1 2)              98.665
573        (1 0 2 3 2 1 2)              98.667
574        (1 0 2 3 2 1 2)              98.669
575        (1 0 2 3 2 1 2)              98.672
576        (1 0 2 3 2 1 2)              98.674
577        (1 0 1 2 1 1 1)              98.676
578        (1 0 2 3 1 1 1)              98.679
579        (1 0 3 1 2 1 2)              98.681
580        (1 0 3 1 2 1 2)              98.683
581        (1 0 3 1 2 1 2)              98.686
582        (1 0 2 3 2 1 2)              98.688
583        (1 0 2 3 1 2 1)              98.690
584        (1 0 2 3 2 1 2)              98.692
585        (1 0 2 3 2 1 2)              98.695
586        (1 0 2 3 2 1 2)              98.697
587        (1 0 3 1 2 1 2)              98.699
588        (1 0 2 3 2 1 2)              98.701
589        (1 0 2 3 1 2 1)              98.679
590        (1 0 2 3 1 2 1)              98.657
591        (1 0 2 3 2 1 2)              98.659
592        (1 0 3 1 2 1 2)              98.661
593        (1 0 2 3 2 1 2)              98.664
594        (1 0 2 3 2 2 1)              98.666
595        (1 0 3 1 2 1 2)              98.668
596        (1 0 2 3 2 1 2)              98.671
597        (1 0 3 1 2 1 2)              98.673
598        (1 0 3 1 1 1 1)              98.651
599        (1 0 3 1 2 1 2)              98.653
600        (1 0 2 3 1 1 1)              98.655
601        (1 0 2 3 2 1 2)              98.658
602        (1 0 2 3 2 1 2)              98.660
603        (1 0 2 3 2 1 2)              98.662
604        (1 0 1 2 1 1 1)              98.664
605        (1 0 3 1 2 1 2)              98.667
606        (1 0 3 1 2 1 2)              98.669
607        (1 0 1 2 1 1 1)              98.671
608        (1 0 2 3 2 1 2)              98.673
609        (1 0 2 3 2 1 2)              98.675
610        (1 0 2 3 2 1 2)              98.678
611        (1 0 3 1 2 1 2)              98.680
612        (1 0 2 3 2 1 2)              98.682
613        (1 0 2 3 2 1 2)              98.684
614        (1 0 3 1 2 1 2)              98.686
615        (1 0 3 1 2 1 2)              98.665
616        (1 0 1 2 1 2 1)              98.667
617        (1 0 2 3 2 1 2)              98.669
618        (1 0 2 3 2 1 2)              98.672
619        (1 0 2 3 2 1 2)              98.674
620        (1 0 2 3 2 1 2)              98.676
621        (1 0 2 3 1 2 1)              98.678
622        (1 0 1 2 1 1 1)              98.680
623        (1 0 0 0 1 2 0)              98.682
624        (1 0 2 3 1 2 1)              98.685
625        (1 0 3 1 2 1 1)              98.664
626        (1 0 2 3 2 1 2)              98.666
627        (1 0 2 3 2 1 2)              98.668
628        (1 0 2 3 2 1 2)              98.670
629        (1 0 2 3 2 1 2)              98.672
630        (1 0 2 3 2 1 2)              98.674
631        (1 0 3 1 2 1 2)              98.676
632        (1 0 1 2 1 2 1)              98.679
633        (1 0 3 1 2 1 2)              98.681
634        (1 0 1 2 1 1 1)              98.683
635        (1 0 1 2 1 0 1)              98.594
636        (1 0 3 1 1 1 1)              98.551
637        (1 0 2 3 2 1 2)              98.553
638        (1 0 2 3 2 1 2)              98.556
639        (1 0 1 6 0 0 1)              98.513
640        (1 0 1 2 1 1 1)              98.515
641        (1 0 2 3 2 1 2)              98.518
642        (1 0 2 3 2 1 2)              98.520
643        (1 0 2 3 1 2 1)              98.522
644        (1 0 2 3 2 1 2)              98.524
645        (1 0 2 3 2 1 2)              98.527
646        (1 0 2 3 1 2 1)              98.529
647        (1 0 3 1 2 1 2)              98.531
648        (1 0 1 4 1 2 1)              98.445
649        (1 0 3 1 2 1 2)              98.447
650        (1 0 2 3 2 1 2)              98.450
651        (1 0 3 1 2 1 2)              98.452
652        (1 0 2 3 2 1 1)              98.432
653        (1 0 2 3 2 1 2)              98.435
654        (1 0 2 3 2 1 1)              98.437
655        (1 0 2 3 1 1 1)              98.396
656        (1 0 1 2 1 1 1)              98.398
657        (1 0 2 3 2 1 2)              98.401
658        (1 0 2 3 2 1 2)              98.403
659        (1 0 2 3 2 1 2)              98.405
660        (1 0 3 1 2 1 2)              98.408
661        (1 0 2 3 2 1 2)              98.410
662        (1 0 2 3 2 1 2)              98.413
663        (1 0 2 3 2 1 2)              98.415
664        (1 0 1 2 1 1 1)              98.418
665        (1 0 1 2 1 1 1)              98.420
666        (1 0 3 1 1 2 1)              98.422
667        (1 0 1 2 1 1 1)              98.425
668        (1 0 2 3 2 1 2)              98.427
669        (1 0 1 2 1 1 1)              98.429
670        (1 0 1 2 1 1 1)              98.432
671        (1 0 3 1 2 1 2)              98.434
672        (1 0 2 3 2 1 1)              98.436
673        (1 0 1 2 1 2 1)              98.439
674        (1 0 3 1 2 1 1)              98.420
675        (1 0 3 1 2 1 2)              98.422
676        (1 0 1 2 0 0 1)              98.425
677        (1 0 2 3 2 1 2)              98.427
678        (1 0 1 2 1 1 1)              98.429
679        (1 0 0 0 2 2 1)              98.432
680        (1 0 2 3 2 1 2)              98.434
681        (1 0 3 1 2 1 2)              98.436
682        (1 0 1 2 1 1 1)              98.438
683        (1 0 1 2 1 1 1)              98.441
684        (1 0 2 3 1 2 1)              98.443
685        (1 0 3 1 2 1 2)              98.445
686        (1 0 3 1 2 1 2)              98.448
687        (1 0 2 3 1 2 1)              98.450
688        (1 0 3 1 2 1 1)              98.452
689        (1 0 3 1 1 1 1)              98.454
690        (1 0 2 3 2 1 2)              98.457
691        (1 0 3 1 1 2 1)              98.459
692        (1 0 2 3 1 1 1)              98.461
693        (1 0 2 3 2 1 2)              98.463
694        (1 0 2 3 2 1 2)              98.466
695        (1 0 1 2 1 1 1)              98.468
696        (1 0 2 3 2 1 2)              98.470
697        (1 0 2 3 2 1 2)              98.472
698        (1 0 2 3 2 2 1)              98.475
699        (1 0 1 2 1 1 1)              98.477
700        (1 0 2 3 1 2 1)              98.479
701        (1 0 1 2 1 1 1)              98.481
702        (1 0 1 2 1 2 1)              98.483
703        (1 0 3 1 2 1 2)              98.465
704        (1 0 3 1 2 1 2)              98.447
705        (1 0 1 2 1 2 0)              98.449
706        (1 0 3 1 2 1 2)              98.451
707        (1 0 1 2 1 1 1)              98.453
708        (1 0 2 3 2 1 2)              98.456
709        (1 0 2 3 2 1 2)              98.458
710        (1 0 2 3 2 1 2)              98.460
711        (1 0 1 2 1 1 1)              98.462
712        (1 0 2 3 2 1 2)              98.464
713        (1 0 2 3 2 1 2)              98.467
714        (1 0 2 3 2 1 2)              98.469
715        (1 0 1 2 1 1 1)              98.471
716        (1 0 3 1 1 1 1)              98.473
717        (1 0 2 3 2 1 2)              98.475
718        (1 0 0 0 1 2 0)              98.477
719        (1 0 3 1 2 1 1)              98.479
720        (1 0 2 3 2 1 2)              98.482
721        (1 0 1 2 1 1 1)              98.484
722        (1 0 3 1 2 1 2)              98.486
723        (1 0 2 3 2 1 2)              98.488
724        (1 0 0 0 2 2 1)              98.490
725        (1 0 3 1 2 1 2)              98.492
726        (1 0 2 3 2 1 2)              98.494
727        (1 0 3 1 2 1 2)              98.476
728        (1 0 2 3 1 2 1)              98.479
729        (1 0 3 1 0 0 0)              98.441
730        (1 0 3 1 2 1 2)              98.443
731        (1 0 2 3 2 1 2)              98.445
732        (1 0 2 3 2 1 2)              98.448
733        (1 0 2 3 2 1 2)              98.450
734        (1 0 3 1 2 1 2)              98.452
735        (1 0 2 3 2 1 2)              98.454
736        (1 0 2 3 2 1 2)              98.456
737        (1 0 2 3 2 1 2)              98.458
738        (1 0 2 3 2 1 2)              98.460
739        (1 0 1 2 1 1 1)              98.462
740        (1 0 2 3 2 1 2)              98.465
741        (1 0 2 3 2 1 2)              98.467
742        (1 0 2 3 2 1 1)              98.469
743        (1 0 3 1 1 1 1)              98.471
744        (1 0 2 3 2 1 2)              98.473
745        (1 0 2 3 2 1 2)              98.475
746        (1 0 2 3 2 1 2)              98.477
747        (1 0 2 3 2 1 2)              98.479
748        (1 0 2 3 2 1 2)              98.481
749        (1 0 3 1 2 1 2)              98.483
750        (1 0 2 3 1 1 1)              98.447
751        (1 0 3 1 2 1 2)              98.430
752        (1 0 1 2 1 1 1)              98.432
753        (1 0 2 3 2 1 1)              98.434
754        (1 0 2 3 2 1 2)              98.436
755        (1 0 3 1 2 1 1)              98.438
756        (1 0 2 3 1 1 1)              98.440
757        (1 0 3 1 2 1 2)              98.442
758        (1 0 2 3 2 1 2)              98.444
759        (1 0 2 3 2 1 2)              98.446
760        (1 0 1 2 1 2 1)              98.448
761        (1 0 2 3 2 1 2)              98.450
762        (1 0 2 3 2 1 2)              98.453
763        (1 0 2 3 1 2 1)              98.455
764        (1 0 1 2 1 2 1)              98.457
765        (1 0 2 3 2 1 2)              98.459
767        (1 0 2 3 2 1 2)              98.461
768        (1 0 3 1 2 1 1)              98.463
769        (1 0 2 3 2 1 2)              98.465
770        (1 0 1 2 1 1 1)              98.467
771        (1 0 3 1 2 1 2)              98.469
772        (1 0 2 3 2 1 2)              98.471
773        (1 0 3 1 2 1 2)              98.473
774        (1 0 2 3 2 1 1)              98.475
775        (1 0 2 3 1 1 1)              98.477
776        (1 0 3 1 2 1 2)              98.460
777        (1 0 2 3 2 1 2)              98.462
778        (1 0 1 2 1 2 0)              98.464
779        (1 0 2 3 2 1 1)              98.448
780        (1 0 1 2 1 1 1)              98.450
781        (1 0 3 1 2 1 2)              98.433
782        (1 0 2 3 1 2 1)              98.417
783        (1 0 2 3 2 1 2)              98.419
784        (1 0 1 2 0 0 1)              98.421
785        (1 0 1 2 1 1 1)              98.423
786        (1 0 1 2 1 2 1)              98.425
787        (1 0 3 1 2 1 1)              98.427
788        (1 0 2 3 2 1 2)              98.429
789        (1 0 2 3 2 1 2)              98.431
790        (1 0 2 3 2 1 2)              98.433
791        (1 0 2 3 2 1 2)              98.435
792        (1 0 2 3 2 1 2)              98.437
793        (1 0 2 3 2 1 2)              98.439
794        (1 0 2 3 1 2 1)              98.441
795        (1 0 2 3 1 1 1)              98.443
796        (1 0 2 3 2 1 2)              98.445
797        (1 0 1 2 0 0 1)              98.447
798        (1 0 3 1 2 1 2)              98.449
799        (1 0 2 3 2 1 2)              98.451
800        (1 0 2 3 2 1 2)              98.453
801        (1 0 3 1 2 1 2)              98.455
802        (1 0 1 2 1 1 1)              98.457
803        (1 0 1 2 1 1 1)              98.459
804        (1 0 2 3 2 1 2)              98.460
805        (1 0 2 3 2 1 2)              98.462
806        (1 0 0 0 1 2 0)              98.464
807        (1 0 1 2 1 1 1)              98.466
808        (1 0 2 3 2 1 1)              98.468
809        (1 0 1 2 1 1 1)              98.470
810        (1 0 2 3 2 1 2)              98.472
811        (1 0 2 3 2 1 2)              98.474
812        (1 0 2 3 1 2 1)              98.476
813        (1 0 2 3 1 2 1)              98.478
814        (1 0 1 2 1 1 1)              98.479
815        (1 0 3 1 2 1 2)              98.464
816        (1 0 1 2 0 0 1)              98.466
817        (1 0 2 3 2 1 2)              98.468
818        (1 0 2 3 2 1 2)              98.469
819        (1 0 2 3 2 1 2)              98.471
820        (1 0 1 2 1 2 1)              98.456
821        (1 0 2 3 1 2 1)              98.457
822        (1 0 1 2 1 1 1)              98.459
823        (1 0 3 1 1 1 1)              98.461
824        (1 0 3 1 2 1 2)              98.463
825        (1 0 2 3 2 1 2)              98.465
826        (1 0 2 3 1 2 1)              98.467
827        (1 0 3 1 2 1 2)              98.469
828        (1 0 1 2 2 2 1)              98.471
829        (1 0 2 3 1 2 1)              98.472
830        (1 0 2 3 2 1 2)              98.474
831        (1 0 2 3 2 2 1)              98.476
832        (1 0 2 3 2 1 1)              98.478
833        (1 0 2 3 2 1 2)              98.480
834        (1 0 2 3 1 1 1)              98.482
835        (1 0 1 2 1 1 1)              98.484
836        (1 0 2 3 2 1 2)              98.485
837        (1 0 1 2 1 1 1)              98.487
838        (1 0 3 1 2 1 2)              98.472
839        (1 0 2 3 2 1 2)              98.474
840        (1 0 2 3 2 1 2)              98.476
841        (1 0 1 2 1 1 1)              98.477
842        (1 0 2 3 1 2 1)              98.479
843        (1 0 2 3 2 1 2)              98.481
844        (1 0 0 0 1 2 0)              98.483
845        (1 0 2 3 1 1 1)              98.485
846        (1 0 1 2 1 1 1)              98.486
847        (1 0 3 1 2 1 2)              98.488
848        (1 0 2 3 2 1 2)              98.490
849        (1 0 2 3 1 1 1)              98.458
850        (1 0 2 3 2 1 2)              98.460
851        (1 0 3 1 2 1 1)              98.445
852        (1 0 2 3 2 1 2)              98.446
853        (1 0 2 3 2 2 1)              98.448
854        (1 0 1 2 1 1 1)              98.450
855        (1 0 1 2 1 1 1)              98.452
856        (1 0 3 1 2 1 2)              98.454
857        (1 0 0 4 0 0 0)              98.422
858        (1 0 1 2 1 1 1)              98.424
859        (1 0 2 3 2 1 1)              98.409
860        (1 0 3 1 2 1 2)              98.411
861        (1 0 1 2 1 1 1)              98.413
862        (1 0 3 1 2 1 2)              98.415
863        (1 0 2 3 2 1 2)              98.416
864        (1 0 1 2 1 1 1)              98.418
865        (1 0 1 1 0 0 1)              98.370
866        (1 0 2 3 2 1 2)              98.372
867        (1 0 2 3 2 1 2)              98.374
868        (1 0 1 2 1 1 1)              98.376
869        (1 0 3 1 1 1 1)              98.378
870        (1 0 3 1 2 1 1)              98.363
871        (1 0 3 1 2 1 2)              98.348
872        (1 0 2 3 2 1 2)              98.350
873        (1 0 1 2 1 1 1)              98.319
874        (1 0 2 3 2 1 2)              98.321
875        (1 0 2 3 2 1 2)              98.323
876        (1 0 2 3 2 1 2)              98.325
877        (1 0 1 2 1 1 1)              98.327
878        (1 0 2 3 1 1 1)              98.329
879        (1 0 3 1 2 1 2)              98.331
880        (1 0 1 2 1 1 1)              98.333
881        (1 0 1 2 1 1 1)              98.335
882        (1 0 3 1 1 1 1)              98.337
883        (1 0 1 2 1 1 1)              98.338
884        (1 0 3 1 1 1 1)              98.340
885        (1 0 1 2 1 1 1)              98.342
886        (1 0 1 2 1 1 1)              98.344
887        (1 0 2 3 2 1 2)              98.346
888        (1 0 2 3 2 1 2)              98.348
889        (1 0 0 0 1 2 0)              98.350
890        (1 0 3 1 2 1 2)              98.352
891        (1 0 2 3 2 1 1)              98.354
892        (1 0 2 3 2 1 2)              98.355
893        (1 0 1 2 1 1 1)              98.357
894        (1 0 2 3 2 1 2)              98.359
895        (1 0 2 3 2 1 1)              98.361
896        (1 0 2 3 2 1 1)              98.363
897        (1 0 3 1 2 1 2)              98.365
898        (1 0 3 1 2 1 1)              98.366
899        (1 0 2 3 2 1 2)              98.368
900        (1 0 3 1 2 1 2)              98.370
901        (1 0 3 1 2 1 2)              98.356
902        (1 0 3 1 2 1 2)              98.358
903        (1 0 1 2 0 0 1)              98.360
904        (1 0 3 1 2 1 2)              98.361
905        (1 0 3 1 2 1 2)              98.363
906        (1 0 1 2 1 2 1)              98.365
907        (1 0 2 3 2 1 2)              98.367
908        (1 0 2 3 2 1 1)              98.369
909        (1 0 1 2 1 1 1)              98.371
910        (1 0 1 2 1 1 1)              98.372
911        (1 0 3 1 1 0 0)              98.374
912        (1 0 2 3 1 2 1)              98.376
913        (1 0 3 1 1 1 1)              98.362
914        (1 0 3 1 2 1 2)              98.364
915        (1 0 1 2 1 1 1)              98.366
916        (1 0 2 3 2 1 2)              98.367
917        (1 0 2 3 2 1 2)              98.369
918        (1 0 2 3 1 1 1)              98.371
919        (1 0 1 2 1 1 1)              98.373
920        (1 0 1 2 1 1 1)              98.374
921        (1 0 1 0 0 0 0)              98.329
922        (1 0 2 3 2 1 1)              98.331
923        (1 0 2 3 1 2 1)              98.333
924        (1 0 2 3 2 1 2)              98.335
925        (1 0 2 3 2 1 2)              98.337
926        (1 0 2 3 2 1 2)              98.339
927        (1 0 2 3 2 1 2)              98.340
928        (1 0 2 3 1 1 1)              98.342
929        (1 0 2 3 2 1 2)              98.344
930        (1 0 1 2 1 2 1)              98.346
931        (1 0 2 3 2 1 2)              98.347
932        (1 0 2 3 2 1 2)              98.349
933        (1 0 3 1 2 1 2)              98.351
934        (1 0 0 0 1 0 1)              98.353
935        (1 0 2 3 2 1 2)              98.355
936        (1 0 3 1 2 1 1)              98.341
937        (1 0 2 3 2 1 1)              98.343
938        (1 0 2 3 1 2 1)              98.345
939        (1 0 2 3 2 1 2)              98.346
940        (1 0 3 1 2 1 2)              98.348
941        (1 0 3 1 2 1 1)              98.350
942        (1 0 1 2 1 1 1)              98.352
943        (1 0 1 2 1 1 1)              98.353
944        (1 0 2 3 2 1 2)              98.355
945        (1 0 1 2 1 1 1)              98.357
946        (1 0 1 2 1 1 1)              98.359
947        (1 0 3 1 2 1 2)              98.360
948        (1 0 1 2 1 1 1)              98.362
949        (1 0 3 1 2 1 2)              98.364
950        (1 0 3 1 2 1 2)              98.366
951        (1 0 2 3 2 1 2)              98.367
952        (1 0 2 3 2 1 2)              98.369
953        (1 0 2 3 1 1 1)              98.371
954        (1 0 2 3 2 1 2)              98.373
955        (1 0 1 2 1 1 1)              98.374
956        (1 0 2 3 2 1 2)              98.376
957        (1 0 1 2 1 1 1)              98.378
958        (1 0 1 2 1 1 1)              98.379
959        (1 0 2 3 1 1 1)              98.366
960        (1 0 0 0 2 2 1)              98.368
961        (1 0 2 3 2 1 2)              98.369
962        (1 0 3 1 2 1 2)              98.356
963        (1 0 1 2 0 0 1)              98.358
964        (1 0 1 2 1 1 1)              98.360
965        (1 0 2 3 1 0 1)              98.361
966        (1 0 2 3 2 1 1)              98.348
967        (1 0 2 3 2 1 2)              98.350
968        (1 0 3 1 1 1 1)              98.322
969        (1 0 3 1 2 1 2)              98.324
970        (1 0 3 1 2 1 2)              98.325
971        (1 0 3 1 2 1 2)              98.327
972        (1 0 2 3 2 1 2)              98.329
973        (1 0 2 3 2 1 1)              98.331
974        (1 0 2 3 2 1 2)              98.332
975        (1 0 2 3 2 1 2)              98.334
976        (1 0 3 1 2 1 2)              98.336
977        (1 0 1 2 1 1 1)              98.338
978        (1 0 3 1 2 1 2)              98.339
979        (1 0 3 1 2 1 2)              98.341
980        (1 0 2 3 2 1 2)              98.343
981        (1 0 1 2 1 1 1)              98.344
982        (1 0 2 3 2 2 1)              98.346
983        (1 0 2 3 2 1 2)              98.348
984        (1 0 1 2 1 1 1)              98.349
985        (1 0 0 0 1 2 0)              98.351
986        (1 0 1 2 1 1 1)              98.353
987        (1 0 3 1 2 1 2)              98.354
988        (1 0 2 3 1 1 1)              98.327
989        (1 0 2 3 2 1 2)              98.329
990        (1 0 3 1 2 1 2)              98.330
991        (1 0 3 1 2 1 2)              98.332
992        (1 0 3 1 2 1 1)              98.334
993        (1 0 2 3 1 1 1)              98.336
994        (1 0 0 0 2 2 1)              98.337
995        (1 0 1 2 1 1 1)              98.339
996        (1 0 1 2 1 1 1)              98.341
997        (1 0 2 3 2 1 2)              98.342
998        (1 0 2 3 2 1 1)              98.344
999        (1 0 3 1 2 1 2)              98.346
1000       (1 0 3 1 2 1 2)              98.347
1001       (1 0 2 3 2 1 2)              98.349
1002       (1 0 3 1 2 1 1)              98.351
1003       (1 0 1 2 1 1 1)              98.352
1004       (1 0 2 3 2 1 2)              98.354
1005       (1 0 1 2 1 1 1)              98.355
1006       (1 0 3 1 2 1 2)              98.357
1007       (1 0 2 3 2 1 2)              98.359
1008       (1 0 2 3 2 1 2)              98.360
1009       (1 0 2 3 2 1 2)              98.362
1010       (1 0 1 2 1 1 1)              98.364
1011       (1 0 2 3 2 1 2)              98.365
1012       (1 0 2 3 1 2 1)              98.367
1013       (1 0 3 0 0 2 1)              98.326
1014       (1 0 2 3 2 1 2)              98.328
1015       (1 0 2 3 2 1 1)              98.315
1017       (1 0 1 2 1 1 1)              98.317
1018       (1 0 2 3 2 1 2)              98.318
1019       (1 0 1 2 1 1 1)              98.320
1020       (1 0 3 1 2 1 2)              98.322
1021       (1 0 2 3 2 1 1)              98.323
1022       (1 0 2 3 2 1 2)              98.325
1023       (1 0 2 3 2 1 2)              98.327
1024       (1 0 2 3 2 1 2)              98.328
1025       (1 0 2 3 2 1 2)              98.330
1026       (1 0 2 3 2 2 1)              98.332
1027       (1 0 2 3 1 2 1)              98.333
1028       (1 0 2 3 2 1 2)              98.335
1029       (1 0 2 3 2 1 2)              98.337
1030       (1 0 1 2 1 1 1)              98.338
1031       (1 0 0 0 2 2 1)              98.340
1032       (1 0 2 3 2 1 2)              98.341
1033       (1 0 3 1 2 1 2)              98.343
1034       (1 0 3 1 2 1 2)              98.345
1035       (1 0 0 0 2 2 1)              98.346
1036       (1 0 2 3 2 1 2)              98.348
1037       (1 0 3 1 2 1 2)              98.350
1038       (1 0 2 3 1 2 1)              98.351
1039       (1 0 2 3 2 1 2)              98.353
1040       (1 0 3 1 2 1 2)              98.354
1041       (1 0 2 3 2 1 2)              98.356
1042       (1 0 2 3 2 1 2)              98.357
1043       (1 0 3 1 2 1 2)              98.359
1044       (1 0 2 3 1 1 1)              98.361
1045       (1 0 2 3 1 2 1)              98.362
1046       (1 0 2 3 2 1 2)              98.364
1047       (1 0 3 1 2 1 2)              98.365
1048       (1 0 2 3 2 1 2)              98.367
1049       (1 0 3 6 0 0 0)              98.341
1050       (1 0 2 3 2 1 1)              98.343
1051       (1 0 1 2 0 0 1)              98.344
1052       (1 0 2 3 1 2 1)              98.332
1053       (1 0 2 3 2 1 2)              98.334
1054       (1 0 2 3 2 1 2)              98.335
1055       (1 0 1 2 1 1 1)              98.337
1056       (1 0 1 2 2 2 1)              98.339
1057       (1 0 1 2 1 2 0)              98.340
1058       (1 0 2 3 2 1 2)              98.342
1059       (1 0 1 2 1 1 1)              98.343
1060       (1 0 2 3 2 1 2)              98.345
1061       (1 0 3 1 2 1 2)              98.346
1062       (1 0 3 1 2 1 2)              98.348
1063       (1 0 1 2 1 1 1)              98.350
1064       (1 0 3 1 2 1 2)              98.351
1065       (1 0 2 3 1 2 1)              98.353
1066       (1 0 2 3 2 2 1)              98.354
1067       (1 0 3 1 1 1 1)              98.329
1068       (1 0 1 2 1 1 1)              98.330
1069       (1 0 2 3 2 1 1)              98.332
1070       (1 0 1 2 1 1 1)              98.334
1071       (1 0 3 1 1 1 1)              98.335
1072       (1 0 1 2 1 2 0)              98.337
1073       (1 0 3 1 1 1 1)              98.338
1074       (1 0 3 1 2 1 2)              98.326
1075       (1 0 2 3 1 1 1)              98.328
1076       (1 0 2 3 2 1 2)              98.330
1077       (1 0 1 2 1 1 1)              98.331
1078       (1 0 2 3 1 1 1)              98.333
1079       (1 0 2 3 2 1 2)              98.334
1080       (1 0 2 3 2 1 2)              98.336
1081       (1 0 1 2 1 2 1)              98.337
1082       (1 0 1 2 1 1 1)              98.339
1083       (1 0 3 1 2 1 2)              98.340
1084       (1 0 2 3 1 1 1)              98.342
1085       (1 0 2 3 2 1 2)              98.343
1086       (1 0 1 2 1 1 1)              98.345
1087       (1 0 2 3 2 1 2)              98.347
1088       (1 0 3 1 2 1 2)              98.348
1089       (1 0 2 3 1 1 1)              98.323
1090       (1 0 2 3 2 1 2)              98.325
1091       (1 0 3 1 2 1 2)              98.326
1092       (1 0 2 3 2 1 2)              98.328
1093       (1 0 2 3 2 1 2)              98.329
1094       (1 0 2 3 1 1 1)              98.318
1095       (1 0 0 0 1 2 0)              98.319
1096       (1 0 2 3 2 1 1)              98.321
1097       (1 0 3 1 2 1 2)              98.322
1098       (1 0 1 2 1 1 1)              98.324
1099       (1 0 2 3 2 1 2)              98.325
1100       (1 0 2 3 2 1 2)              98.327
1101       (1 0 2 3 1 1 1)              98.329
1102       (1 0 2 3 1 2 1)              98.330
1103       (1 0 4 2 1 1 1)              98.319
1104       (1 0 0 0 2 2 1)              98.320
1105       (1 0 0 0 2 2 1)              98.322
1106       (1 0 2 3 2 1 2)              98.323
1107       (1 0 3 1 2 1 2)              98.325
1108       (1 0 2 3 1 2 1)              98.326
1109       (1 0 2 3 2 1 2)              98.328
1110       (1 0 3 1 2 1 2)              98.329
1111       (1 0 2 3 2 1 2)              98.331
1112       (1 0 1 2 0 0 1)              98.332
1113       (1 0 3 1 2 1 2)              98.334
1114       (1 0 3 1 2 1 2)              98.335
1115       (1 0 2 3 2 1 2)              98.337
1116       (1 0 1 2 1 1 1)              98.338
1117       (1 0 1 2 1 1 1)              98.340
1118       (1 0 3 1 2 1 2)              98.341
1119       (1 0 1 2 0 0 1)              98.343
1120       (1 0 2 3 1 2 1)              98.344
1121       (1 0 3 1 2 1 2)              98.346
1122       (1 0 3 1 2 1 1)              98.347
1123       (1 0 3 1 2 1 1)              98.336
1124       (1 0 2 3 2 1 2)              98.337
1125       (1 0 3 1 1 1 1)              98.339
1126       (1 0 3 1 2 1 2)              98.340
1127       (1 0 2 3 2 1 2)              98.342
1128       (1 0 1 2 0 0 1)              98.343
1129       (1 0 2 3 1 2 1)              98.345
1130       (1 0 1 2 1 1 1)              98.346
1131       (1 0 2 3 2 1 2)              98.348
1132       (1 0 2 3 2 1 2)              98.349
1133       (1 0 1 2 1 1 1)              98.351
1134       (1 0 3 1 2 1 2)              98.352
1135       (1 0 3 1 2 1 2)              98.354
1136       (1 0 2 3 2 1 2)              98.355
1137       (1 0 1 2 1 2 1)              98.357
1138       (1 0 2 3 1 2 1)              98.358
1139       (1 0 1 2 1 2 1)              98.359
1140       (1 0 2 3 2 1 1)              98.361
1141       (1 0 3 1 2 1 2)              98.362
1142       (1 0 0 0 0 2 0)              98.364
1143       (1 0 2 3 2 1 2)              98.365
1144       (1 0 0 0 1 0 1)              98.367
1145       (1 0 3 1 2 1 2)              98.368
1146       (1 0 3 1 2 1 2)              98.369
1147       (1 0 3 1 2 1 2)              98.358
1148       (1 0 3 1 2 1 2)              98.360
1149       (1 0 2 3 2 1 2)              98.361
1150       (1 0 3 1 2 1 2)              98.350
1151       (1 0 3 1 2 1 2)              98.352
1152       (1 0 2 3 1 2 1)              98.353
1153       (1 0 3 1 1 1 1)              98.355
1154       (1 0 2 3 2 1 2)              98.356
1155       (1 0 1 2 1 1 1)              98.357
1156       (1 0 2 3 2 1 2)              98.359
1157       (1 0 3 1 2 1 2)              98.360
1158       (1 0 3 1 2 1 2)              98.362
1159       (1 0 2 3 2 1 2)              98.363
1160       (1 0 2 3 2 1 2)              98.365
1161       (1 0 3 1 2 1 2)              98.366
1162       (1 0 2 3 2 1 2)              98.343
1163       (1 0 2 3 2 1 2)              98.344
1164       (1 0 2 3 1 2 0)              98.345
1165       (1 0 2 3 1 2 1)              98.347
1166       (1 0 2 3 1 1 1)              98.348
1167       (1 0 1 2 1 1 1)              98.350
1168       (1 0 2 3 2 1 2)              98.351
1169       (1 0 1 2 1 2 0)              98.353
1170       (1 0 3 1 1 1 1)              98.354
1171       (1 0 2 3 2 1 2)              98.355
1172       (1 0 2 3 2 1 2)              98.357
1173       (1 0 3 1 2 1 2)              98.358
1174       (1 0 2 3 1 2 1)              98.360
1175       (1 0 3 1 2 1 2)              98.361
1176       (1 0 2 3 2 2 1)              98.362
1177       (1 0 2 3 2 1 2)              98.364
1178       (1 0 0 0 1 0 1)              98.365
1179       (1 0 2 3 2 1 2)              98.367
1180       (1 0 2 3 2 1 2)              98.368
1181       (1 0 3 1 2 1 2)              98.369
1182       (1 0 2 3 2 1 2)              98.371
1183       (1 0 3 1 2 1 2)              98.372
1184       (1 0 2 3 1 0 1)              98.374
1185       (1 0 3 1 2 1 2)              98.375
1186       (1 0 2 3 2 1 2)              98.376
1187       (1 0 2 3 1 1 1)              98.378
1188       (1 0 3 1 2 1 2)              98.379
1189       (1 0 2 3 2 1 2)              98.380
1190       (1 0 2 3 2 1 1)              98.382
1191       (1 0 1 2 1 0 1)              98.359
1192       (1 0 3 1 2 1 1)              98.360
1193       (1 0 3 1 2 1 2)              98.362
1194       (1 0 3 1 2 1 2)              98.363
1195       (1 0 2 3 2 1 2)              98.365
1196       (1 0 2 3 2 1 1)              98.366
1197       (1 0 2 3 2 1 2)              98.367
1198       (1 0 2 3 2 1 2)              98.369
1199       (1 0 3 1 2 1 1)              98.358
1200       (1 0 2 3 2 1 2)              98.359
1201       (1 0 3 1 1 1 1)              98.361
1202       (1 0 3 1 2 1 2)              98.362
1203       (1 0 1 2 1 1 1)              98.364
1204       (1 0 2 3 2 1 1)              98.365
1205       (1 0 1 2 1 1 1)              98.366
1206       (1 0 2 3 2 1 2)              98.368
1207       (1 0 2 3 2 1 1)              98.369
1208       (1 0 2 3 2 1 1)              98.359
1209       (1 0 2 3 2 1 2)              98.360
1210       (1 0 2 3 2 1 1)              98.361
1211       (1 0 2 3 1 1 1)              98.363
1212       (1 0 2 3 2 1 2)              98.364
1213       (1 0 3 1 2 1 2)              98.365
1214       (1 0 2 3 1 2 1)              98.367
1215       (1 0 3 1 2 1 2)              98.368
1216       (1 0 2 3 2 1 2)              98.369
1217       (1 0 3 1 2 1 2)              98.371
1218       (1 0 1 2 1 1 1)              98.372
1219       (1 0 2 3 2 1 2)              98.362
1220       (1 0 2 3 2 1 2)              98.363
1221       (1 0 2 3 2 1 2)              98.364
1222       (1 0 2 3 2 1 2)              98.366
1224       (1 0 2 3 2 1 1)              98.367
1225       (1 0 1 2 1 1 1)              98.368
1226       (1 0 1 2 1 1 1)              98.370
1227       (1 0 2 3 2 1 1)              98.371
1228       (1 0 2 3 2 1 2)              98.372
1229       (1 0 2 3 2 1 1)              98.374
1230       (1 0 1 2 1 1 1)              98.375
1231       (1 0 3 1 2 1 2)              98.376
1232       (1 0 3 1 2 1 2)              98.378
1233       (1 0 1 2 1 1 1)              98.379
1234       (1 0 3 1 2 1 2)              98.380
1235       (1 0 2 3 2 1 2)              98.382
1236       (1 0 2 3 2 1 2)              98.383
1237       (1 0 2 3 2 1 2)              98.384
1238       (1 0 2 3 2 1 2)              98.386
1239       (1 0 1 2 1 1 1)              98.387
1240       (1 0 2 3 1 2 1)              98.377
1241       (1 0 3 1 2 1 2)              98.378
1242       (1 0 2 3 2 1 2)              98.379
1243       (1 0 0 0 1 2 0)              98.381
1244       (1 0 1 2 1 1 1)              98.382
1245       (1 0 3 1 2 1 2)              98.383
1246       (1 0 3 1 2 1 2)              98.384
1247       (1 0 2 3 2 1 2)              98.386
1249       (1 0 2 3 2 1 2)              98.387
1250       (1 0 2 3 2 1 2)              98.388
1251       (1 0 1 2 1 1 1)              98.390
1252       (1 0 1 2 1 1 1)              98.391
1253       (1 0 2 3 2 2 1)              98.392
1254       (1 0 3 1 2 1 2)              98.394
1255       (1 0 4 1 1 1 1)              98.383
1256       (1 0 1 2 0 0 1)              98.385
1257       (1 0 1 2 1 1 1)              98.386
1258       (1 0 2 3 2 1 1)              98.376
1259       (1 0 2 3 2 1 2)              98.377
1260       (1 0 2 3 2 1 2)              98.378
1261       (1 0 2 3 2 1 2)              98.380
1262       (1 0 2 3 2 1 2)              98.381
1263       (1 0 3 1 2 1 2)              98.382
1264       (1 0 1 2 1 2 1)              98.384
1265       (1 0 2 3 1 1 1)              98.385
1266       (1 0 1 2 0 0 1)              98.386
1267       (1 0 3 1 2 1 2)              98.387
1268       (1 0 1 2 1 1 1)              98.389
1269       (1 0 2 3 1 1 1)              98.367
1270       (1 0 2 3 0 0 0)              98.369
1271       (1 0 1 2 1 1 1)              98.370
1272       (1 0 0 0 1 2 0)              98.371
1273       (1 0 3 1 2 1 2)              98.373
1274       (1 0 2 3 2 1 2)              98.374
1275       (1 0 2 3 1 2 1)              98.375
1276       (1 0 1 2 1 1 1)              98.376
1277       (1 0 3 1 2 1 2)              98.378
1278       (1 0 2 1 1 1 1)              98.368
1279       (1 0 3 1 2 1 2)              98.369
1280       (1 0 1 2 1 1 1)              98.370
1281       (1 0 2 3 2 1 2)              98.372
1283       (1 0 1 2 1 1 1)              98.373
1284       (1 0 2 3 2 1 1)              98.374
1285       (1 0 2 3 2 1 2)              98.375
1286       (1 0 2 3 2 1 2)              98.377
1287       (1 0 1 2 1 1 1)              98.378
1288       (1 0 2 3 2 1 2)              98.379
1289       (1 0 2 3 1 2 1)              98.380
1290       (1 0 2 3 1 2 1)              98.382
1291       (1 0 1 2 1 1 1)              98.383
1292       (1 0 1 2 1 1 1)              98.384
1293       (1 0 3 1 2 1 2)              98.374
1294       (1 0 1 2 1 1 1)              98.376
1295       (1 0 2 3 2 1 2)              98.377
1296       (1 0 3 1 2 1 2)              98.378
1297       (1 0 1 2 1 2 1)              98.379
1298       (1 0 2 3 2 1 2)              98.381
1299       (1 0 2 3 2 1 2)              98.382
1300       (1 0 1 2 1 1 1)              98.383
1301       (1 0 2 3 2 1 2)              98.384
1302       (1 0 2 3 2 1 2)              98.386
1303       (1 0 2 3 2 1 2)              98.387
1304       (1 0 2 3 2 1 1)              98.388
1305       (1 0 2 3 2 1 1)              98.389
1306       (1 0 3 1 2 1 2)              98.380
1307       (1 0 1 2 1 2 0)              98.381
1308       (1 0 2 3 2 1 2)              98.382
1309       (1 0 2 3 2 1 2)              98.383
1310       (1 0 3 1 1 1 1)              98.385
1311       (1 0 2 3 2 1 2)              98.386
1312       (1 0 2 3 2 1 2)              98.387
1313       (1 0 3 1 2 1 1)              98.388
1314       (1 0 0 0 1 2 0)              98.390
1315       (1 0 2 3 2 1 2)              98.391
1316       (1 0 3 1 2 1 2)              98.381
1317       (1 0 3 1 2 1 1)              98.382
1318       (1 0 2 3 2 1 2)              98.384
1319       (1 0 3 1 2 1 2)              98.385
1320       (1 0 2 3 1 1 1)              98.386
1321       (1 0 3 1 2 1 2)              98.387
1322       (1 0 1 2 1 1 1)              98.389
1323       (1 0 2 3 2 1 2)              98.390
1324       (1 0 2 3 2 1 1)              98.391
1325       (1 0 2 3 2 2 1)              98.392
1326       (1 0 3 1 2 1 2)              98.393
1327       (1 0 1 2 1 1 1)              98.395
1328       (1 0 3 1 1 1 1)              98.396
1329       (1 0 2 3 2 1 1)              98.397
1330       (1 0 0 0 1 2 0)              98.398
1331       (1 0 3 1 2 1 1)              98.399
1332       (1 0 3 1 2 1 2)              98.401
1333       (1 0 1 2 1 1 1)              98.402
1334       (1 0 0 6 0 1 1)              98.371
1335       (1 0 3 1 2 1 1)              98.361
1336       (1 0 2 3 2 1 2)              98.362
1337       (1 0 1 2 1 1 1)              98.364
1338       (1 0 3 1 2 1 2)              98.365
1339       (1 0 3 1 2 1 2)              98.366
1340       (1 0 3 1 1 1 1)              98.367
1341       (1 0 3 1 2 1 2)              98.369
1342       (1 0 2 3 2 1 2)              98.370
1343       (1 0 2 3 1 2 0)              98.371
1344       (1 0 3 1 2 1 2)              98.372
1345       (1 0 3 1 2 1 1)              98.373
1346       (1 0 3 1 2 1 2)              98.375
1347       (1 0 0 0 2 2 1)              98.376
1348       (1 0 3 1 2 1 2)              98.377
1349       (1 0 3 1 2 1 2)              98.378
1350       (1 0 2 3 2 1 2)              98.380
1351       (1 0 2 3 2 1 2)              98.381
1352       (1 0 3 1 2 1 2)              98.382
1353       (1 0 3 1 2 1 2)              98.383
1354       (1 0 2 3 2 1 2)              98.384
1355       (1 0 3 1 2 1 2)              98.375
1356       (1 0 2 3 1 2 1)              98.376
1357       (1 0 2 3 2 1 2)              98.377
1358       (1 0 2 3 2 1 2)              98.379
1359       (1 0 2 3 2 1 2)              98.380
1360       (1 0 2 3 1 2 1)              98.381
1361       (1 0 1 2 1 1 1)              98.382
1362       (1 0 2 3 2 1 2)              98.383
1363       (1 0 2 3 1 1 0)              98.374
1364       (1 0 3 1 2 1 1)              98.375
1365       (1 0 2 3 2 1 2)              98.376
1366       (1 0 2 3 1 2 1)              98.378
1367       (1 0 1 2 1 1 1)              98.379
1368       (1 0 3 1 2 1 2)              98.380
1369       (1 0 1 2 1 1 1)              98.381
1370       (1 0 3 1 2 1 2)              98.372
1371       (1 0 2 3 2 1 2)              98.373
1372       (1 0 3 1 2 1 2)              98.374
1373       (1 0 3 1 2 1 2)              98.365
1374       (1 0 1 2 1 1 1)              98.366
1375       (1 0 2 3 2 1 2)              98.367
1376       (1 0 1 2 0 0 1)              98.369
1377       (1 0 3 1 1 1 1)              98.370
1378       (1 0 3 1 2 1 1)              98.371
1379       (1 0 3 1 2 1 2)              98.372
1380       (1 0 1 2 1 1 1)              98.373
1381       (1 0 2 3 2 1 2)              98.374
1382       (1 0 1 2 1 1 1)              98.376
1383       (1 0 3 1 2 1 2)              98.377
1384       (1 0 2 3 2 1 2)              98.378
1385       (1 0 1 1 0 0 1)              98.358
1386       (1 0 2 3 2 1 2)              98.360
1387       (1 0 2 3 2 1 2)              98.361
1388       (1 0 3 1 2 1 2)              98.362
1389       (1 0 3 1 2 1 2)              98.363
1390       (1 0 3 1 2 1 2)              98.354
1391       (1 0 1 2 1 1 1)              98.355
1392       (1 0 2 3 2 1 2)              98.356
1393       (1 0 1 2 1 1 1)              98.358
1394       (1 0 3 1 2 1 1)              98.359
1395       (1 0 3 1 2 1 2)              98.360
1396       (1 0 3 1 2 1 2)              98.361
1397       (1 0 3 1 2 1 2)              98.362
1398       (1 0 3 1 2 1 2)              98.364
1399       (1 0 2 3 2 1 2)              98.365
1400       (1 0 3 1 2 1 2)              98.366
1401       (1 0 2 3 2 1 2)              98.367
1402       (1 0 3 1 2 1 2)              98.358
1403       (1 0 2 3 1 2 1)              98.359
1404       (1 0 3 1 2 1 2)              98.360
1405       (1 0 3 1 2 1 2)              98.361
1406       (1 0 2 3 1 2 1)              98.363
1407       (1 0 3 1 2 1 1)              98.364
1408       (1 0 2 3 1 1 1)              98.365
1409       (1 0 2 3 2 1 2)              98.366
1410       (1 0 3 1 2 1 2)              98.367
1411       (1 0 3 1 2 1 2)              98.348
1412       (1 0 2 3 2 1 2)              98.349
1413       (1 0 3 1 2 1 1)              98.350
1414       (1 0 2 3 2 1 1)              98.352
1415       (1 0 2 3 2 1 2)              98.353
1416       (1 0 2 3 1 1 1)              98.354
1417       (1 0 2 3 2 1 2)              98.355
1418       (1 0 2 3 2 1 2)              98.356
1419       (1 0 1 2 1 1 1)              98.357
1420       (1 0 1 2 1 1 1)              98.359
1421       (1 0 2 3 2 1 1)              98.360
1422       (1 0 2 3 2 1 2)              98.361
1423       (1 0 2 3 2 1 2)              98.362
1424       (1 0 3 1 2 1 2)              98.363
1425       (1 0 2 3 2 1 2)              98.354
1426       (1 0 2 3 2 2 1)              98.356
1427       (1 0 2 3 2 1 2)              98.357
1428       (1 0 3 1 2 1 1)              98.358
1429       (1 0 2 3 2 1 1)              98.359
1430       (1 0 1 2 1 1 1)              98.360
1431       (1 0 3 1 2 1 2)              98.361
1432       (1 0 1 2 1 1 1)              98.362
1433       (1 0 3 1 2 1 2)              98.364
1434       (1 0 2 3 1 2 1)              98.365
1435       (1 0 2 3 2 1 2)              98.366
1436       (1 0 1 2 1 1 1)              98.367
1437       (1 0 2 3 2 1 2)              98.368
1438       (1 0 2 3 2 1 2)              98.369
1439       (1 0 2 3 2 1 2)              98.370
1440       (1 0 1 2 1 1 1)              98.372
1441       (1 0 2 3 2 1 2)              98.373
1442       (1 0 3 1 2 1 2)              98.364
1443       (1 0 1 2 1 1 1)              98.365
1444       (1 0 1 2 1 1 1)              98.366
1445       (1 0 2 3 2 1 2)              98.367
1446       (1 0 2 3 1 1 1)              98.349
1447       (1 0 2 3 2 1 2)              98.350
1448       (1 0 1 2 1 1 1)              98.351
1449       (1 0 2 3 2 1 2)              98.352
1450       (1 0 2 3 2 1 2)              98.353
1451       (1 0 2 3 2 1 1)              98.354
1452       (1 0 1 2 1 1 1)              98.355
1453       (1 0 2 3 2 1 2)              98.357
1454       (1 0 2 3 2 1 2)              98.358
1455       (1 0 2 3 2 2 1)              98.359
1456       (1 0 2 3 2 1 2)              98.350
1457       (1 0 1 2 1 1 1)              98.332
1458       (1 0 2 3 1 1 1)              98.323
1459       (1 0 2 3 2 1 2)              98.324
1460       (1 0 3 1 2 1 2)              98.315
1461       (1 0 3 1 2 1 2)              98.316
1462       (1 0 1 2 0 0 1)              98.318
1463       (1 0 1 2 1 1 1)              98.319
1464       (1 0 2 3 2 1 2)              98.320
1465       (1 0 3 1 2 1 2)              98.321
1466       (1 0 2 3 1 1 1)              98.312
1467       (1 0 2 3 2 1 2)              98.314
1468       (1 0 2 3 2 1 2)              98.315
1469       (1 0 3 1 2 1 2)              98.316
1470       (1 0 3 1 2 1 2)              98.317
1471       (1 0 1 2 1 1 1)              98.318
1472       (1 0 0 0 1 2 0)              98.319
1473       (1 0 1 2 1 1 1)              98.320
1474       (1 0 2 3 2 1 2)              98.322
1475       (1 0 2 3 1 2 1)              98.323
1476       (1 0 1 2 1 2 1)              98.324
1477       (1 0 1 2 1 1 1)              98.325
1478       (1 0 2 3 2 1 2)              98.326
1479       (1 0 1 2 1 1 1)              98.327
1480       (1 0 1 2 1 1 1)              98.328
1481       (1 0 3 1 2 1 2)              98.330
1482       (1 0 3 1 2 1 2)              98.331
1483       (1 0 3 1 2 1 2)              98.332
1484       (1 0 2 3 2 1 1)              98.333
1485       (1 0 2 3 2 1 2)              98.334
1486       (1 0 1 2 2 2 1)              98.335
1487       (1 0 0 0 0 2 0)              98.336
1488       (1 0 0 0 0 0 0)              98.318
1489       (1 0 2 3 2 1 2)              98.310
1490       (1 0 2 3 1 1 1)              98.311
1491       (1 0 2 3 2 1 1)              98.302
1492       (1 0 2 3 2 1 2)              98.303
1493       (1 0 1 2 1 1 1)              98.305
1494       (1 0 2 3 2 1 1)              98.306
1495       (1 0 2 3 2 1 2)              98.307
1496       (1 0 3 1 2 1 1)              98.308
1497       (1 0 2 3 2 1 2)              98.309
1498       (1 0 1 2 1 1 1)              98.310
1499       (1 0 3 1 2 1 2)              98.311
1500       (1 0 2 3 2 1 2)              98.313
1501       (1 0 2 3 1 2 1)              98.314
1502       (1 0 2 3 2 1 2)              98.315
1503       (1 0 2 3 2 1 2)              98.316
1504       (1 0 2 3 2 1 2)              98.317
1505       (1 0 2 3 1 1 1)              98.299
1506       (1 0 2 3 2 2 1)              98.300
1507       (1 0 3 1 1 1 1)              98.301
1508       (1 0 2 3 2 1 2)              98.302
1509       (1 0 2 3 1 2 1)              98.304
1510       (1 0 0 0 2 2 1)              98.305
1511       (1 0 3 1 2 1 2)              98.306
1512       (1 0 2 3 1 2 1)              98.307
1513       (1 0 1 2 1 1 1)              98.308
1514       (1 0 1 2 1 1 1)              98.309
1515       (1 0 1 2 1 1 1)              98.310
1516       (1 0 2 3 2 1 2)              98.312
1517       (1 0 2 3 2 1 2)              98.313
1518       (1 0 1 2 1 1 1)              98.314
1519       (1 0 1 2 1 1 1)              98.315
1520       (1 0 1 2 1 2 1)              98.307
1521       (1 0 2 3 2 1 2)              98.308
1522       (1 0 2 3 1 2 1)              98.309
1523       (1 0 2 3 2 2 1)              98.310
1524       (1 0 1 2 1 1 1)              98.311
1525       (1 0 2 3 2 1 2)              98.312
1526       (1 0 1 2 1 2 1)              98.313
1527       (1 0 2 3 2 1 2)              98.314
1528       (1 0 3 1 2 1 2)              98.315
1529       (1 0 1 2 2 2 1)              98.317
1530       (1 0 2 3 2 1 2)              98.308
1531       (1 0 1 2 1 1 1)              98.309
1532       (1 0 3 1 2 1 1)              98.310
1533       (1 0 2 3 2 1 2)              98.312
1534       (1 0 2 3 2 1 2)              98.313
1535       (1 0 3 1 1 1 1)              98.304
1536       (1 0 1 2 1 1 1)              98.306
1537       (1 0 3 1 2 1 2)              98.307
1538       (1 0 3 1 2 1 2)              98.308
1539       (1 0 2 3 1 2 1)              98.309
1540       (1 0 3 1 2 1 2)              98.310
1541       (1 0 1 2 1 1 1)              98.311
1542       (1 0 2 3 2 1 2)              98.312
1543       (1 0 3 1 2 1 2)              98.304
1544       (1 0 2 3 2 1 2)              98.305
1545       (1 0 3 1 1 1 1)              98.306
1546       (1 0 2 3 2 1 2)              98.307
1547       (1 0 1 2 1 1 1)              98.308
1548       (1 0 3 1 1 1 1)              98.309
1549       (1 0 1 2 1 1 1)              98.311
1550       (1 0 3 1 2 1 2)              98.312
1551       (1 0 2 3 2 1 2)              98.313
1552       (1 0 1 2 1 1 1)              98.314
1553       (1 0 1 2 2 2 1)              98.315
1554       (1 0 2 3 2 1 2)              98.316
1555       (1 0 2 3 2 1 2)              98.317
1556       (1 0 2 3 2 1 2)              98.318
1557       (1 0 3 1 2 1 2)              98.310
1558       (1 0 1 2 1 1 1)              98.311
1559       (1 0 1 2 0 0 1)              98.312
1560       (1 0 1 2 1 1 1)              98.313
1561       (1 0 1 2 1 1 1)              98.314
1562       (1 0 1 2 1 1 1)              98.316
1563       (1 0 1 2 1 2 1)              98.317
1564       (1 0 2 3 2 1 1)              98.318
1565       (1 0 2 3 2 1 2)              98.319
1566       (1 0 3 1 2 1 1)              98.320
1567       (1 0 2 3 2 1 2)              98.321
1568       (1 0 2 3 2 1 2)              98.322
1569       (1 0 2 3 1 1 1)              98.305
1570       (1 0 2 3 1 2 1)              98.306
1571       (1 0 1 2 1 1 1)              98.307
1572       (1 0 3 1 1 1 1)              98.308
1573       (1 0 0 0 0 2 0)              98.309
1574       (1 0 2 3 2 1 2)              98.310
1575       (1 0 3 1 2 1 2)              98.311
1576       (1 0 1 2 0 0 1)              98.312
1577       (1 0 2 3 2 1 2)              98.313
1578       (1 0 2 3 2 1 2)              98.315
1579       (1 0 3 1 2 1 2)              98.306
1580       (1 0 2 3 2 1 2)              98.308
1581       (1 0 2 3 1 2 1)              98.309
1582       (1 0 1 2 1 1 1)              98.310
1583       (1 0 3 1 2 1 2)              98.302
1584       (1 0 1 2 1 1 1)              98.303
1585       (1 0 2 3 1 1 1)              98.304
1586       (1 0 0 0 2 2 1)              98.305
1587       (1 0 1 2 1 1 1)              98.306
1588       (1 0 2 3 1 1 1)              98.307
1589       (1 0 2 3 2 1 2)              98.308
1590       (1 0 4 0 0 0 0)              98.300
1591       (1 0 1 2 1 1 1)              98.301
1592       (1 0 1 2 1 1 1)              98.302
1593       (1 0 1 2 1 1 1)              98.303
1594       (1 0 1 2 1 1 1)              98.304
1595       (1 0 3 1 2 1 2)              98.297
1596       (1 0 1 2 1 1 1)              98.298
1597       (1 0 2 3 2 1 2)              98.299
1598       (1 0 3 1 2 1 1)              98.300
1599       (1 0 1 2 1 2 0)              98.301
1600       (1 0 3 1 2 1 2)              98.302
1601       (1 0 2 3 2 1 2)              98.303
1602       (1 0 3 1 1 1 1)              98.304
1603       (1 0 3 1 2 1 2)              98.305
1604       (1 0 2 3 2 1 1)              98.306
1605       (1 0 2 3 1 2 1)              98.307
1606       (1 0 3 1 2 1 2)              98.308
1607       (1 0 1 2 1 1 1)              98.309
1608       (1 0 2 3 1 1 1)              98.310
1609       (1 0 3 1 2 1 2)              98.311
1610       (1 0 2 3 2 1 2)              98.312
1611       (1 0 2 3 2 1 2)              98.314
1612       (1 0 3 1 1 1 1)              98.306
1613       (1 0 2 3 1 2 1)              98.307
1614       (1 0 2 3 2 1 1)              98.308
1615       (1 0 1 2 1 1 1)              98.309
1616       (1 0 2 3 2 1 2)              98.310
1617       (1 0 3 1 2 1 1)              98.311
1618       (1 0 1 2 1 1 1)              98.312
1619       (1 0 1 2 1 1 1)              98.313
1620       (1 0 2 3 2 1 2)              98.314
1621       (1 0 3 1 2 1 2)              98.306
1622       (1 0 3 1 2 1 2)              98.307
1623       (1 0 2 3 2 1 1)              98.308
1624       (1 0 2 3 2 1 2)              98.309
1625       (1 0 3 1 2 1 2)              98.310
1626       (1 0 1 2 1 1 1)              98.312
1627       (1 0 3 1 2 1 2)              98.313
1628       (1 0 2 3 2 1 2)              98.314
1629       (1 0 1 2 1 2 1)              98.306
1630       (1 0 2 3 2 1 1)              98.307
1631       (1 0 0 0 2 2 1)              98.308
1632       (1 0 2 3 2 1 2)              98.309
1633       (1 0 2 3 2 1 2)              98.310
1634       (1 0 2 3 2 1 2)              98.311
1635       (1 0 3 1 2 1 2)              98.312
1636       (1 0 2 3 2 1 2)              98.313
1637       (1 0 2 3 2 1 2)              98.314
1638       (1 0 2 3 2 1 2)              98.315
1639       (1 0 2 3 2 1 1)              98.316
1640       (1 0 1 2 0 0 1)              98.317
1641       (1 0 2 3 2 1 2)              98.318
1642       (1 0 2 3 2 1 2)              98.319
1643       (1 0 2 3 1 1 1)              98.320
1644       (1 0 2 3 2 1 1)              98.313
1645       (1 0 2 3 1 2 1)              98.314
1646       (1 0 1 2 1 1 1)              98.315
1647       (1 0 2 3 2 1 2)              98.316
1648       (1 0 2 3 2 1 2)              98.317
1649       (1 0 1 2 1 1 1)              98.318
1650       (1 0 1 2 1 1 1)              98.319
1651       (1 0 2 3 2 1 2)              98.311
1652       (1 0 2 3 2 1 2)              98.312
1653       (1 0 2 3 2 1 2)              98.313
1654       (1 0 2 3 2 1 2)              98.314
1655       (1 0 2 3 2 1 2)              98.315
1656       (1 0 2 3 2 1 2)              98.316
1657       (1 0 1 2 1 2 1)              98.317
1658       (1 0 2 3 1 1 1)              98.318
1659       (1 0 1 2 1 1 1)              98.319
1660       (1 0 3 1 2 1 2)              98.320
1661       (1 0 1 2 1 1 1)              98.321
1662       (1 0 3 1 2 1 2)              98.322
1663       (1 0 3 1 2 1 1)              98.315
1664       (1 0 1 2 1 2 1)              98.316
1665       (1 0 0 0 2 2 1)              98.317
1666       (1 0 3 1 2 1 2)              98.318
1667       (1 0 1 2 1 1 1)              98.319
1668       (1 0 3 1 2 1 2)              98.320
1669       (1 0 1 2 1 1 1)              98.321
1670       (1 0 1 2 1 1 1)              98.322
1671       (1 0 1 2 1 1 1)              98.323
1672       (1 0 2 3 1 2 1)              98.324
1673       (1 0 3 1 2 1 2)              98.325
1674       (1 0 1 2 1 1 1)              98.326
1675       (1 0 3 1 2 1 2)              98.327
1676       (1 0 2 3 2 1 1)              98.328
1677       (1 0 1 2 1 1 1)              98.329
1678       (1 0 1 2 1 1 1)              98.330
1679       (1 0 2 3 2 1 1)              98.331
1680       (1 0 1 2 1 1 1)              98.332
1681       (1 0 3 1 2 1 2)              98.333
1682       (1 0 2 3 2 1 2)              98.334
1683       (1 0 1 2 1 1 1)              98.335
1684       (1 0 0 0 1 2 0)              98.336
1685       (1 0 1 2 1 1 1)              98.337
1686       (1 0 1 2 1 2 1)              98.338
1687       (1 0 2 3 2 1 2)              98.339
1688       (1 0 2 3 2 1 2)              98.340
1689       (1 0 2 3 2 1 1)              98.332
1690       (1 0 2 3 2 1 2)              98.333
1691       (1 0 2 3 2 1 2)              98.334
1692       (1 0 1 2 1 1 1)              98.335
1693       (1 0 3 1 2 1 1)              98.336
1694       (1 0 1 2 1 2 0)              98.337
1695       (1 0 3 1 2 1 2)              98.330
1696       (1 0 1 2 1 1 1)              98.331
1697       (1 0 1 2 1 1 1)              98.332
1698       (1 0 1 2 1 1 1)              98.333
1699       (1 0 0 0 1 2 0)              98.334
1700       (1 0 1 2 1 1 1)              98.335
1701       (1 0 2 3 2 1 2)              98.336
1702       (1 0 2 3 2 1 2)              98.337
1703       (1 0 2 3 2 2 1)              98.338
1704       (1 0 2 3 1 1 1)              98.339
1705       (1 0 2 3 2 1 2)              98.340
1706       (1 0 2 3 2 1 2)              98.341
1707       (1 0 1 2 1 2 1)              98.342
1708       (1 0 3 1 2 1 2)              98.343
1709       (1 0 2 3 2 1 2)              98.344
1710       (1 0 3 1 2 1 2)              98.345
1711       (1 0 1 2 1 1 1)              98.346
1712       (1 0 3 1 2 1 2)              98.346
1713       (1 0 3 1 2 1 1)              98.347
1714       (1 0 2 3 2 1 1)              98.348
1715       (1 0 2 3 2 1 2)              98.349
1716       (1 0 0 0 2 2 1)              98.350
1717       (1 0 2 3 2 1 2)              98.351
1718       (1 0 1 2 1 2 0)              98.352
1719       (1 0 1 2 0 0 1)              98.353
1720       (1 0 2 3 2 1 2)              98.354
1721       (1 0 2 3 2 1 1)              98.347
1722       (1 0 3 1 2 1 2)              98.348
1723       (1 0 1 2 1 1 1)              98.349
1724       (1 0 2 3 1 1 1)              98.333
1725       (1 0 2 3 2 1 2)              98.334
1726       (1 0 2 3 2 1 2)              98.335
1727       (1 0 2 3 1 1 1)              98.336
1728       (1 0 0 0 1 2 0)              98.337
1729       (1 0 0 0 1 2 0)              98.338
1730       (1 0 3 1 2 1 2)              98.339
1731       (1 0 2 3 2 1 2)              98.340
1732       (1 0 1 2 1 1 1)              98.341
1733       (1 0 3 1 1 1 1)              98.342
1734       (1 0 3 1 2 1 2)              98.343
1735       (1 0 1 2 1 1 1)              98.344
1736       (1 0 3 1 2 1 1)              98.345
1737       (1 0 2 3 1 1 1)              98.329
1738       (1 0 2 3 2 1 2)              98.330
1739       (1 0 3 1 2 1 2)              98.331
1740       (1 0 3 1 2 1 2)              98.324
1741       (1 0 3 1 0 1 1)              98.325
1742       (1 0 3 1 2 1 2)              98.326
1743       (1 0 3 1 2 1 2)              98.327
1744       (1 0 3 1 1 1 1)              98.328
1745       (1 0 3 1 2 1 2)              98.329
1746       (1 0 1 2 1 1 1)              98.329
1747       (1 0 2 3 1 1 1)              98.330
1748       (1 0 1 2 1 1 1)              98.331
1749       (1 0 2 3 2 1 2)              98.332
1750       (1 0 3 1 2 1 2)              98.333
1751       (1 0 2 3 2 1 2)              98.334
1752       (1 0 2 3 2 1 1)              98.327
1753       (1 0 3 1 2 1 2)              98.328
1754       (1 0 1 2 0 0 1)              98.329
1755       (1 0 1 2 0 0 1)              98.330
1756       (1 0 1 2 1 1 1)              98.331
1757       (1 0 2 3 2 1 1)              98.332
1758       (1 0 2 3 2 1 1)              98.325
1759       (1 0 3 1 2 1 2)              98.326
1760       (1 0 1 2 1 1 1)              98.327
1761       (1 0 2 3 2 1 2)              98.327
1762       (1 0 2 3 2 1 2)              98.328
1763       (1 0 2 3 2 1 2)              98.329
1764       (1 0 2 3 2 1 2)              98.330
1765       (1 0 3 1 2 1 1)              98.331
1766       (1 0 1 2 1 1 1)              98.332
1767       (1 0 2 3 2 1 2)              98.333
1768       (1 0 2 3 2 1 2)              98.334
1769       (1 0 2 3 2 1 2)              98.335
1770       (1 0 2 3 2 1 2)              98.336
1771       (1 0 2 3 2 1 2)              98.337
1772       (1 0 3 1 2 1 2)              98.338
1773       (1 0 3 1 2 1 2)              98.339
1774       (1 0 2 3 2 1 2)              98.340
1775       (1 0 1 2 1 1 1)              98.341
1776       (1 0 2 3 1 1 1)              98.342
1777       (1 0 1 2 1 1 1)              98.343
1778       (1 0 2 3 2 2 1)              98.344
1779       (1 0 2 3 2 1 2)              98.345
1780       (1 0 2 3 2 1 2)              98.337
1781       (1 0 1 2 1 1 1)              98.338
1782       (1 0 1 2 1 2 1)              98.339
1783       (1 0 3 1 2 1 2)              98.340
1784       (1 0 3 1 2 1 2)              98.341
1785       (1 0 3 1 1 1 1)              98.342
1786       (1 0 2 3 2 1 2)              98.343
1787       (1 0 3 1 2 1 2)              98.344
1788       (1 0 3 1 2 1 2)              98.337
1789       (1 0 2 3 2 1 2)              98.338
1790       (1 0 2 3 2 1 2)              98.339
1791       (1 0 1 2 1 1 1)              98.340
1792       (1 0 2 3 2 1 2)              98.341
1793       (1 0 3 1 2 1 2)              98.341
1794       (1 0 0 0 1 2 0)              98.342
1795       (1 0 2 3 2 1 2)              98.343
1796       (1 0 2 3 2 1 2)              98.344
1797       (1 0 3 1 2 1 2)              98.337
1798       (1 0 3 1 2 1 2)              98.330
1799       (1 0 2 3 2 1 2)              98.331
1800       (1 0 1 2 1 1 1)              98.332
1801       (1 0 2 3 2 1 2)              98.333
1802       (1 0 2 3 2 1 2)              98.334
1803       (1 0 3 1 2 1 2)              98.335
1804       (1 0 3 1 2 1 2)              98.336
1805       (1 0 1 2 2 2 1)              98.337
1806       (1 0 3 1 2 1 1)              98.338
1807       (1 0 1 2 1 1 1)              98.339
1808       (1 0 2 3 2 1 2)              98.339
1809       (1 0 2 3 1 2 1)              98.340
1810       (1 0 0 0 1 0 1)              98.341
1811       (1 0 2 3 2 1 2)              98.342
1812       (1 0 2 3 2 1 1)              98.335
1813       (1 0 3 1 2 1 2)              98.336
1814       (1 0 3 1 2 1 1)              98.337
1815       (1 0 0 0 1 2 0)              98.338
1816       (1 0 2 3 2 1 2)              98.323
1817       (1 0 0 0 1 2 0)              98.324
1818       (1 0 2 3 2 1 2)              98.325
1819       (1 0 3 1 2 1 2)              98.326
1820       (1 0 2 3 1 2 1)              98.327
1821       (1 0 1 2 1 1 1)              98.328
1822       (1 0 1 2 1 1 1)              98.329
1823       (1 0 2 3 2 1 2)              98.330
1824       (1 0 1 2 1 1 1)              98.330
1825       (1 0 2 3 1 1 1)              98.331
1826       (1 0 3 1 2 1 2)              98.332
1827       (1 0 1 2 1 1 1)              98.333
1828       (1 0 1 2 1 1 1)              98.334
1829       (1 0 2 3 2 1 1)              98.335
1830       (1 0 2 3 2 1 2)              98.336
1831       (1 0 2 3 2 1 2)              98.337
1832       (1 0 3 1 2 1 2)              98.338
1833       (1 0 0 0 2 2 1)              98.339
1834       (1 0 3 1 2 1 2)              98.340
1835       (1 0 2 3 2 1 2)              98.341
1836       (1 0 1 2 1 1 1)              98.341
1837       (1 0 3 1 2 1 1)              98.342
1838       (1 0 2 3 1 2 1)              98.343
1839       (1 0 2 3 2 1 2)              98.344
1840       (1 0 2 3 2 1 2)              98.345
1841       (1 0 1 2 1 1 1)              98.346
1842       (1 0 3 1 2 1 1)              98.347
1843       (1 0 2 3 2 1 2)              98.348
1844       (1 0 2 3 2 1 2)              98.349
1845       (1 0 2 3 2 1 2)              98.350
1846       (1 0 1 2 1 1 1)              98.350
1847       (1 0 1 2 1 1 1)              98.351
1848       (1 0 2 3 2 1 2)              98.352
1849       (1 0 0 0 2 2 1)              98.353
1850       (1 0 2 3 2 1 2)              98.354
1851       (1 0 2 3 2 1 1)              98.355
1852       (1 0 2 3 2 1 2)              98.356
1853       (1 0 1 2 1 2 1)              98.349
1854       (1 0 1 2 0 0 1)              98.350
1855       (1 0 2 3 2 1 2)              98.351
1856       (1 0 2 3 2 1 1)              98.352
1857       (1 0 3 1 2 1 2)              98.353
1858       (1 0 3 1 2 1 2)              98.353
1859       (1 0 2 3 2 1 2)              98.354
1860       (1 0 3 1 2 1 2)              98.347
1861       (1 0 2 3 2 1 2)              98.348
1862       (1 0 0 0 1 2 0)              98.349
1863       (1 0 2 3 2 1 2)              98.350
1864       (1 0 3 1 2 1 2)              98.351
1865       (1 0 2 3 1 2 1)              98.352
1866       (1 0 3 1 2 1 1)              98.353
1867       (1 0 1 2 1 1 1)              98.354
1868       (1 0 2 3 2 1 2)              98.355
1869       (1 0 3 1 2 1 1)              98.355
1870       (1 0 2 3 2 1 2)              98.356
1871       (1 0 3 1 2 1 2)              98.357
1872       (1 0 3 1 2 1 2)              98.358
1873       (1 0 0 0 1 2 0)              98.359
1874       (1 0 3 1 2 1 1)              98.360
1875       (1 0 2 3 1 1 1)              98.353
1876       (1 0 2 3 2 1 2)              98.354
1877       (1 0 2 3 2 1 2)              98.355
1878       (1 0 2 3 1 2 1)              98.356
1879       (1 0 2 3 2 1 2)              98.357
1880       (1 0 3 1 2 1 2)              98.358
1881       (1 0 1 2 1 1 1)              98.358
1882       (1 0 2 3 1 2 1)              98.359
1883       (1 0 2 3 1 1 1)              98.360
1884       (1 0 2 3 2 1 2)              98.361
1885       (1 0 2 3 2 1 2)              98.362
1886       (1 0 1 2 1 1 1)              98.363
1887       (1 0 2 3 2 2 1)              98.364
1888       (1 0 3 1 2 1 2)              98.365
1889       (1 0 1 2 1 1 1)              98.365
1890       (1 0 2 3 2 1 1)              98.366
1891       (1 0 1 2 1 1 1)              98.367
1892       (1 0 2 3 2 1 1)              98.368
1893       (1 0 3 1 2 1 2)              98.369
1894       (1 0 0 0 1 2 1)              98.362
1895       (1 0 2 3 1 2 1)              98.363
1896       (1 0 3 1 2 1 2)              98.364
1897       (1 0 1 2 0 0 1)              98.365
1898       (1 0 1 2 1 1 1)              98.366
1899       (1 0 2 3 2 1 1)              98.366
1900       (1 0 1 2 1 1 1)              98.367
1901       (1 0 2 3 2 1 1)              98.368
1902       (1 0 3 1 2 1 2)              98.369
1903       (1 0 0 0 1 2 1)              98.370
1904       (1 0 2 3 2 1 2)              98.371
1905       (1 0 3 1 2 1 2)              98.372
1906       (1 0 2 3 2 1 1)              98.373
1907       (1 0 3 1 1 1 1)              98.373
1908       (1 0 1 2 1 1 1)              98.374
1909       (1 0 1 2 1 1 1)              98.375
1910       (1 0 2 3 2 1 2)              98.376
1911       (1 0 2 3 2 1 2)              98.377
1912       (1 0 1 2 1 1 1)              98.378
1913       (1 0 1 2 1 1 1)              98.379
1914       (1 0 2 3 1 2 1)              98.379
1915       (1 0 1 2 1 2 1)              98.380
1916       (1 0 2 3 2 1 1)              98.381
1917       (1 0 2 3 2 1 2)              98.382
1918       (1 0 1 2 1 1 1)              98.383
1919       (1 0 3 1 2 1 2)              98.384
1920       (1 0 2 3 2 1 1)              98.384
1921       (1 0 3 1 2 1 2)              98.385
1922       (1 0 2 3 2 1 2)              98.386
1923       (1 0 3 1 2 1 2)              98.380
1924       (1 0 1 2 1 1 1)              98.380
1925       (1 0 1 2 1 1 1)              98.381
1926       (1 0 1 2 1 1 1)              98.382
1927       (1 0 1 2 1 1 1)              98.383
1928       (1 0 3 1 2 1 2)              98.384
1929       (1 0 1 2 1 1 1)              98.385
1930       (1 0 2 3 2 1 2)              98.385
1931       (1 0 2 3 1 1 1)              98.386
1932       (1 0 2 3 2 1 2)              98.387
1933       (1 0 2 3 1 2 1)              98.388
1934       (1 0 2 3 2 1 2)              98.389
1935       (1 0 2 3 2 1 1)              98.390
1936       (1 0 3 1 1 1 1)              98.390
1937       (1 0 0 0 2 2 1)              98.391
1938       (1 0 2 3 2 1 2)              98.392
1939       (1 0 3 1 2 1 2)              98.393
1940       (1 0 2 3 2 1 2)              98.394
1941       (1 0 1 2 1 1 1)              98.387
1942       (1 0 1 2 1 1 1)              98.388
1943       (1 0 1 2 1 1 1)              98.389
1944       (1 0 3 1 2 1 2)              98.390
1945       (1 0 3 1 2 1 2)              98.383
1946       (1 0 1 2 1 1 1)              98.384
1947       (1 0 2 3 2 1 2)              98.385
1948       (1 0 2 3 2 1 2)              98.386
1949       (1 0 2 3 1 2 1)              98.387
1950       (1 0 3 1 1 1 1)              98.373
1951       (1 0 1 2 1 2 1)              98.373
1952       (1 0 1 2 1 1 1)              98.374
1953       (1 0 2 3 2 1 2)              98.375
1954       (1 0 2 3 2 1 2)              98.376
1955       (1 0 1 2 1 1 1)              98.377
1956       (1 0 2 3 1 1 1)              98.378
1957       (1 0 2 3 2 1 2)              98.378
1958       (1 0 2 3 2 1 2)              98.379
1959       (1 0 2 3 1 2 1)              98.380
1960       (1 0 3 1 2 1 1)              98.381
1961       (1 0 2 3 2 1 2)              98.382
1962       (1 0 2 3 2 1 2)              98.383
1963       (1 0 2 3 1 0 1)              98.383
1964       (1 0 1 2 1 1 1)              98.384
1965       (1 0 3 1 2 1 2)              98.385
1966       (1 0 2 3 1 2 1)              98.386
1967       (1 0 2 3 2 1 2)              98.387
1968       (1 0 2 3 2 1 2)              98.388
1969       (1 0 1 2 1 1 1)              98.388
1970       (1 0 2 3 1 1 1)              98.389
1971       (1 0 3 1 2 1 2)              98.390
1972       (1 0 2 3 2 1 2)              98.391
1973       (1 0 3 1 1 1 1)              98.392
1974       (1 0 1 2 1 1 1)              98.392
1975       (1 0 2 3 2 1 2)              98.393
1976       (1 0 2 3 2 1 2)              98.394
1977       (1 0 3 1 2 1 2)              98.395
1978       (1 0 2 3 2 1 2)              98.396
1979       (1 0 1 2 1 1 1)              98.397
1980       (1 0 2 3 2 1 2)              98.397
1981       (1 0 3 1 2 1 1)              98.391
1982       (1 0 2 3 2 1 2)              98.392
1983       (1 0 3 1 2 2 1)              98.378
1984       (1 0 2 3 2 1 2)              98.379
1985       (1 0 2 3 2 1 2)              98.380
1986       (1 0 3 1 2 1 2)              98.381
1987       (1 0 2 3 1 1 1)              98.381
1988       (1 0 2 3 2 1 2)              98.382
1989       (1 0 3 1 2 1 2)              98.369
1990       (1 0 2 3 2 1 2)              98.369
1991       (1 0 2 3 2 1 2)              98.370
1992       (1 0 1 2 1 1 1)              98.371
1993       (1 0 1 2 1 1 1)              98.372
1994       (1 0 3 1 1 1 1)              98.358
1995       (1 0 3 1 2 1 2)              98.359
1996       (1 0 2 3 2 1 2)              98.360
1997       (1 0 2 3 1 2 1)              98.354
1998       (1 0 3 1 2 1 2)              98.354
1999       (1 0 2 3 2 1 2)              98.355
2000       (1 0 3 1 2 1 2)              98.356
2001       (1 0 1 2 1 2 1)              98.357
2002       (1 0 2 3 2 1 2)              98.358
2003       (1 0 3 1 2 1 2)              98.359
2004       (1 0 2 3 2 1 2)              98.359
2005       (1 0 2 3 2 1 1)              98.360
2006       (1 0 2 3 2 1 2)              98.361
2007       (1 0 1 2 1 1 1)              98.362
2008       (1 0 1 2 1 1 1)              98.363
2009       (1 0 2 3 2 1 2)              98.363
2010       (1 0 1 2 1 1 1)              98.364
2011       (1 0 2 3 1 2 1)              98.365
2012       (1 0 3 1 1 1 1)              98.366
2013       (1 0 2 3 2 1 2)              98.367
2014       (1 0 1 2 1 1 1)              98.368
2015       (1 0 2 3 2 1 2)              98.368
2016       (1 0 2 3 2 1 2)              98.369
2017       (1 0 2 3 2 1 2)              98.370
2018       (1 0 2 3 2 1 2)              98.357
2019       (1 0 1 2 1 1 1)              98.357
2020       (1 0 2 3 1 2 1)              98.358
2021       (1 0 2 3 2 1 2)              98.352
2022       (1 0 1 2 1 1 1)              98.353
2023       (1 0 1 2 1 1 1)              98.354
2024       (1 0 2 3 1 2 0)              98.354
2025       (1 0 2 3 2 1 2)              98.355
2026       (1 0 1 2 1 1 1)              98.356
2027       (1 0 2 3 2 1 1)              98.350
2028       (1 0 2 3 1 1 1)              98.351
2029       (1 0 2 3 2 1 2)              98.351
2030       (1 0 3 1 2 1 2)              98.352
2031       (1 0 1 2 1 1 1)              98.353
2032       (1 0 3 1 2 1 2)              98.354
2033       (1 0 2 3 1 2 0)              98.355
2034       (1 0 3 1 2 1 2)              98.348
2035       (1 0 2 3 2 1 1)              98.349
2036       (1 0 1 2 1 1 1)              98.350
2037       (1 0 1 2 1 1 1)              98.351
2038       (1 0 3 1 2 1 1)              98.352
2039       (1 0 2 3 2 1 1)              98.352
2040       (1 0 2 3 2 1 2)              98.353
2041       (1 0 2 3 2 1 1)              98.354
2042       (1 0 1 2 1 1 1)              98.355
2043       (1 0 1 2 0 0 1)              98.356
2044       (1 0 2 3 2 1 2)              98.357
2045       (1 0 2 3 2 1 2)              98.357
2046       (1 0 0 0 2 2 1)              98.358
2047       (1 0 3 1 2 1 2)              98.359
2048       (1 0 1 2 1 1 1)              98.360
2049       (1 0 3 1 2 1 2)              98.361
2050       (1 0 2 3 2 1 2)              98.361
2051       (1 0 3 1 2 1 2)              98.355
2052       (1 0 1 2 1 1 1)              98.356
2053       (1 0 3 1 2 1 2)              98.357
2054       (1 0 2 3 2 1 2)              98.358
2055       (1 0 2 3 1 2 1)              98.358
2056       (1 0 3 1 2 1 2)              98.359
2057       (1 0 2 3 1 1 1)              98.360
2058       (1 0 2 3 2 1 2)              98.361
2059       (1 0 2 3 2 1 2)              98.362
2060       (1 0 2 3 1 2 1)              98.362
2061       (1 0 3 1 2 1 2)              98.363
2062       (1 0 2 3 2 1 2)              98.364
2063       (1 0 1 2 1 1 1)              98.365
2064       (1 0 2 3 2 1 2)              98.366
2065       (1 0 1 2 1 1 1)              98.366
2066       (1 0 0 0 2 2 1)              98.367
2067       (1 0 3 1 2 1 2)              98.368
2068       (1 0 2 3 2 1 2)              98.369
2069       (1 0 2 3 2 1 2)              98.370
2070       (1 0 2 3 2 1 2)              98.370
2071       (1 0 3 1 2 1 2)              98.371
2072       (1 0 0 0 1 2 0)              98.372
2073       (1 0 2 3 2 1 2)              98.373
2074       (1 0 1 2 1 1 1)              98.373
2075       (1 0 3 1 2 1 2)              98.374
2076       (1 0 2 3 2 1 2)              98.375
2077       (1 0 1 2 1 1 1)              98.376
2078       (1 0 2 3 2 1 2)              98.377
2079       (1 0 3 1 2 1 2)              98.377
2080       (1 0 0 0 1 2 0)              98.378
2081       (1 0 2 3 1 2 1)              98.379
2082       (1 0 3 1 2 1 2)              98.380
2083       (1 0 1 2 1 1 1)              98.381
2084       (1 0 2 3 2 1 2)              98.381
2085       (1 0 2 3 2 2 1)              98.382
2086       (1 0 1 2 1 1 1)              98.383
2087       (1 0 1 2 1 1 1)              98.384
2088       (1 0 2 3 2 1 2)              98.384
2089       (1 0 3 1 2 1 1)              98.385
2090       (1 0 2 3 2 1 2)              98.386
2091       (1 0 3 1 1 2 1)              98.387
2092       (1 0 2 3 2 1 2)              98.388
2093       (1 0 3 1 2 1 2)              98.388
2094       (1 0 2 3 2 1 2)              98.389
2095       (1 0 3 1 2 1 2)              98.390
2096       (1 0 2 3 2 1 2)              98.391
2097       (1 0 2 3 2 1 2)              98.391
2098       (1 0 2 3 2 1 2)              98.392
2099       (1 0 2 3 2 1 2)              98.393
2100       (1 0 1 2 1 1 1)              98.394
2101       (1 0 2 3 2 1 2)              98.394
2102       (1 0 1 2 0 0 1)              98.395
2103       (1 0 1 2 1 1 1)              98.396
2104       (1 0 1 2 2 2 1)              98.397
2105       (1 0 3 1 2 1 2)              98.398
2106       (1 0 2 3 2 1 2)              98.391
2107       (1 0 2 3 2 1 2)              98.392
2108       (1 0 1 2 1 2 1)              98.386
2109       (1 0 2 3 2 1 1)              98.387
2110       (1 0 2 3 2 1 1)              98.388
2111       (1 0 3 1 2 1 1)              98.389
2112       (1 0 1 2 1 1 1)              98.389
2113       (1 0 2 3 2 1 2)              98.390
2114       (1 0 3 1 2 1 2)              98.391
2115       (1 0 3 1 2 1 1)              98.392
2116       (1 0 2 3 1 2 1)              98.392
2117       (1 0 2 3 2 1 2)              98.393
2118       (1 0 3 1 2 1 2)              98.394
2119       (1 0 3 1 2 1 2)              98.395
2120       (1 0 1 2 2 2 1)              98.395
2121       (1 0 3 1 1 1 1)              98.396
2122       (1 0 1 2 1 1 1)              98.397
2123       (1 0 2 3 2 1 2)              98.398
2124       (1 0 2 3 2 1 2)              98.398
2125       (1 0 1 2 1 2 1)              98.392
2126       (1 0 1 2 1 1 1)              98.393
2127       (1 0 3 1 2 1 2)              98.394
2128       (1 0 2 6 0 0 1)              98.381
2129       (1 0 3 1 2 1 2)              98.382
2130       (1 0 2 3 2 1 2)              98.383
2131       (1 0 1 2 1 1 1)              98.384
2132       (1 0 2 3 2 1 2)              98.384
2133       (1 0 1 2 1 1 1)              98.385
2134       (1 0 2 3 1 1 1)              98.386
2135       (1 0 3 1 2 1 2)              98.387
2136       (1 0 2 3 2 1 2)              98.387
2137       (1 0 2 3 2 1 1)              98.388
2138       (1 0 2 3 1 2 1)              98.389
2139       (1 0 3 1 2 1 2)              98.390
2140       (1 0 1 2 1 1 1)              98.390
2141       (1 0 2 3 2 1 2)              98.391
2142       (1 0 2 3 2 1 1)              98.392
2143       (1 0 2 3 1 2 1)              98.393
2144       (1 0 1 2 1 1 1)              98.393
2145       (1 0 1 2 1 1 1)              98.394
2146       (1 0 1 2 1 1 1)              98.395
2147       (1 0 1 2 1 2 1)              98.396
2148       (1 0 3 1 2 1 2)              98.390
2149       (1 0 2 3 2 1 2)              98.390
2150       (1 0 2 3 1 2 1)              98.391
2151       (1 0 3 1 2 1 2)              98.392
2152       (1 0 2 3 2 1 2)              98.393
2153       (1 0 1 2 1 1 1)              98.393
2154       (1 0 1 2 1 1 1)              98.394
2155       (1 0 3 1 2 1 2)              98.388
2156       (1 0 1 2 1 1 1)              98.389
2157       (1 0 2 3 2 1 2)              98.390
2158       (1 0 2 3 2 1 2)              98.391
2159       (1 0 2 3 2 1 2)              98.391
2160       (1 0 2 3 2 1 2)              98.392
2161       (1 0 2 3 2 1 2)              98.393
2162       (1 0 2 3 2 1 2)              98.394
2163       (1 0 2 3 2 1 1)              98.388
2164       (1 0 1 2 1 1 1)              98.388
2165       (1 0 1 2 1 1 1)              98.389
2166       (1 0 2 3 2 1 2)              98.390
2167       (1 0 3 1 2 1 2)              98.391
2168       (1 0 2 3 1 2 1)              98.391
2169       (1 0 2 3 2 1 1)              98.385
2170       (1 0 2 3 2 1 2)              98.386
2171       (1 0 1 2 0 0 1)              98.387
2172       (1 0 3 1 2 1 1)              98.388
2173       (1 0 2 3 1 2 1)              98.388
2174       (1 0 1 2 1 1 1)              98.389
2175       (1 0 3 1 2 1 2)              98.383
2176       (1 0 2 3 2 1 2)              98.384
2177       (1 0 0 0 1 2 0)              98.385
2178       (1 0 2 3 2 1 2)              98.386
2179       (1 0 2 3 2 1 2)              98.386
2180       (1 0 2 3 1 2 1)              98.387
2181       (1 0 3 1 2 1 2)              98.388
2182       (1 0 1 2 1 2 0)              98.389
2183       (1 0 2 3 2 1 2)              98.389
2184       (1 0 1 2 1 1 1)              98.390
2185       (1 0 2 3 2 1 2)              98.391
2186       (1 0 2 3 2 2 1)              98.392
2187       (1 0 3 1 2 1 2)              98.392
2188       (1 0 2 3 1 1 1)              98.393
2189       (1 0 2 3 2 1 2)              98.394
2190       (1 0 2 3 1 2 1)              98.394
2191       (1 0 3 1 2 1 2)              98.395
2192       (1 0 3 1 2 1 2)              98.396
2193       (1 0 2 3 2 1 2)              98.397
2194       (1 0 2 3 1 2 1)              98.397
2195       (1 0 2 3 2 1 2)              98.398
2196       (1 0 2 3 2 2 1)              98.399
2197       (1 0 1 2 1 1 1)              98.400
2198       (1 0 1 2 1 1 1)              98.400
2199       (1 0 3 1 2 1 2)              98.401
2200       (1 0 3 1 2 1 2)              98.402
2201       (1 0 3 1 2 1 2)              98.403
2202       (1 0 2 3 1 1 1)              98.403
2203       (1 0 2 3 1 2 1)              98.404
2204       (1 0 3 1 2 1 2)              98.405
2205       (1 0 1 2 1 1 1)              98.405
2206       (1 0 2 3 2 1 2)              98.406
2207       (1 0 1 2 1 1 1)              98.407
2208       (1 0 0 0 0 2 0)              98.408
2209       (1 0 2 3 1 1 1)              98.408
2210       (1 0 2 3 1 1 1)              98.409
2211       (1 0 1 2 1 1 1)              98.410
2212       (1 0 3 1 2 1 2)              98.411
2213       (1 0 3 1 2 1 2)              98.411
2214       (1 0 2 3 1 1 1)              98.412
2215       (1 0 1 2 1 1 1)              98.413
2216       (1 0 1 2 1 1 1)              98.413
2217       (1 0 2 3 2 1 2)              98.414
2218       (1 0 1 2 1 1 1)              98.415
2219       (1 0 3 1 2 1 2)              98.416
2220       (1 0 3 1 1 1 1)              98.416
2221       (1 0 1 2 1 1 1)              98.417
2222       (1 0 3 1 2 1 2)              98.418
2223       (1 0 3 1 2 1 2)              98.412
2224       (1 0 0 0 1 2 0)              98.413
2225       (1 0 0 0 2 2 1)              98.413
2226       (1 0 3 1 2 1 1)              98.414
2227       (1 0 1 2 1 1 1)              98.415
2228       (1 0 1 2 1 1 1)              98.416
2229       (1 0 3 1 2 1 2)              98.416
2230       (1 0 2 3 2 1 1)              98.417
2231       (1 0 2 3 1 2 1)              98.418
2232       (1 0 2 3 2 1 2)              98.418
2233       (1 0 2 3 2 1 2)              98.419
2234       (1 0 2 3 2 1 2)              98.420
2235       (1 0 1 2 1 1 1)              98.421
2236       (1 0 2 3 2 1 2)              98.421
2237       (1 0 3 1 2 1 2)              98.422
2238       (1 0 2 3 2 1 2)              98.423
2239       (1 0 2 3 2 1 2)              98.423
2240       (1 0 1 2 1 1 1)              98.424
2241       (1 0 1 2 1 1 1)              98.425
2242       (1 0 1 2 1 1 1)              98.425
2243       (1 0 2 3 2 1 2)              98.426
2244       (1 0 2 3 2 1 2)              98.427
2245       (1 0 3 1 1 1 1)              98.428
2246       (1 0 3 1 2 1 2)              98.428
2247       (1 0 1 2 1 2 1)              98.423
2248       (1 0 2 3 2 1 2)              98.423
2249       (1 0 3 1 2 1 2)              98.424
2250       (1 0 2 3 1 2 1)              98.425
2251       (1 0 2 3 2 1 2)              98.425
2252       (1 0 0 0 2 2 1)              98.426
2253       (1 0 3 1 2 1 2)              98.420
2254       (1 0 1 2 2 2 1)              98.421
2255       (1 0 3 1 2 1 2)              98.422
2256       (1 0 2 3 2 1 2)              98.423
2257       (1 0 2 3 2 1 2)              98.423
2258       (1 0 2 3 2 1 2)              98.424
2259       (1 0 2 3 2 1 2)              98.425
2260       (1 0 2 3 2 1 2)              98.425
2261       (1 0 1 2 1 1 1)              98.426
2262       (1 0 3 1 2 1 2)              98.427
2263       (1 0 1 2 1 2 1)              98.427
2264       (1 0 3 1 2 1 2)              98.428
2265       (1 0 2 3 2 1 2)              98.429
2266       (1 0 3 1 2 1 2)              98.430
2267       (1 0 2 3 2 1 2)              98.430
2268       (1 0 2 3 2 1 1)              98.431
2269       (1 0 2 3 2 1 2)              98.432
2270       (1 0 1 2 1 1 1)              98.432
2271       (1 0 2 3 2 1 2)              98.433
2272       (1 0 3 1 2 1 2)              98.434
2273       (1 0 2 3 1 2 1)              98.428
2274       (1 0 3 1 2 1 2)              98.423
2275       (1 0 1 2 1 1 1)              98.423
2276       (1 0 1 2 1 1 1)              98.424
2277       (1 0 2 3 2 1 2)              98.425
2278       (1 0 2 3 1 1 1)              98.425
2279       (1 0 3 1 2 1 1)              98.426
2280       (1 0 2 3 2 1 2)              98.427
2281       (1 0 3 1 2 1 2)              98.427
2282       (1 0 2 3 2 1 2)              98.428
2283       (1 0 3 1 2 1 1)              98.429
2284       (1 0 2 3 2 1 2)              98.429
2285       (1 0 2 3 2 1 2)              98.430
2286       (1 0 0 0 1 2 0)              98.431
2287       (1 0 0 3 0 0 0)              98.425
2288       (1 0 2 3 2 1 1)              98.426
2289       (1 0 3 1 2 1 2)              98.427
2290       (1 0 2 3 2 1 2)              98.427
2291       (1 0 1 2 1 1 1)              98.428
2292       (1 0 2 3 2 1 2)              98.429
2293       (1 0 2 3 2 1 2)              98.429
2294       (1 0 3 1 1 1 1)              98.430
2295       (1 0 3 1 2 1 2)              98.431
2296       (1 0 3 1 2 1 2)              98.431
2297       (1 0 2 3 2 1 2)              98.432
2298       (1 0 0 0 2 2 1)              98.433
2299       (1 0 2 3 2 1 2)              98.434
2300       (1 0 2 3 2 1 2)              98.434
2301       (1 0 1 2 1 1 1)              98.435
2302       (1 0 2 3 2 1 2)              98.436
2303       (1 0 2 3 2 1 2)              98.436
2304       (1 0 3 1 2 1 2)              98.437
2305       (1 0 3 1 2 1 2)              98.438
2306       (1 0 2 3 2 1 2)              98.438
2307       (1 0 2 3 2 1 2)              98.439
2308       (1 0 2 3 2 1 1)              98.440
2309       (1 0 2 3 2 1 2)              98.440
2310       (1 0 1 2 1 1 1)              98.441
2311       (1 0 1 2 1 1 1)              98.442
2312       (1 0 2 3 2 1 2)              98.442
2313       (1 0 2 3 1 1 1)              98.443
2314       (1 0 1 2 1 1 1)              98.444
2315       (1 0 1 2 2 2 1)              98.444
2316       (1 0 2 3 2 1 2)              98.445
2317       (1 0 1 2 1 1 1)              98.446
2318       (1 0 2 3 2 1 2)              98.446
2319       (1 0 3 1 2 1 2)              98.447
2320       (1 0 2 3 2 1 2)              98.448
2321       (1 0 2 3 2 1 2)              98.448
2322       (1 0 1 2 1 1 1)              98.449
2323       (1 0 3 1 2 1 2)              98.450
2324       (1 0 1 2 1 1 1)              98.450
2325       (1 0 2 3 2 1 2)              98.451
2326       (1 0 2 3 2 1 2)              98.452
2327       (1 0 3 1 2 1 2)              98.452
2328       (1 0 3 1 2 1 2)              98.453
2329       (1 0 2 3 2 1 2)              98.454
2330       (1 0 2 3 2 1 2)              98.454
2331       (1 0 3 1 1 1 1)              98.455
2332       (1 0 3 1 2 1 2)              98.456
2333       (1 0 2 3 2 1 2)              98.456
2334       (1 0 3 1 2 1 2)              98.457
2335       (1 0 3 1 2 1 2)              98.458
2336       (1 0 3 1 2 1 2)              98.458
2337       (1 0 2 3 2 1 2)              98.459
2338       (1 0 2 3 2 1 2)              98.460
2339       (1 0 2 3 2 1 2)              98.460
2340       (1 0 1 2 1 1 1)              98.461
2341       (1 0 3 1 2 1 2)              98.462
2342       (1 0 2 3 2 1 2)              98.462
2343       (1 0 2 3 1 2 1)              98.463
2344       (1 0 3 1 2 1 2)              98.464
2345       (1 0 3 1 2 1 2)              98.464
2346       (1 0 2 3 2 1 2)              98.465
2347       (1 0 2 3 2 1 2)              98.466
2348       (1 0 2 3 2 1 2)              98.466
2349       (1 0 3 1 2 1 2)              98.467
2350       (1 0 3 1 2 1 2)              98.468
2351       (1 0 3 1 2 1 1)              98.468
2352       (1 0 2 3 2 1 2)              98.469
2353       (1 0 2 3 1 2 1)              98.470
2354       (1 0 3 1 2 1 2)              98.470
2355       (1 0 2 3 2 1 2)              98.471
2356       (1 0 3 1 2 1 2)              98.472
2357       (1 0 2 3 1 2 1)              98.472
2358       (1 0 2 3 2 1 2)              98.473
2359       (1 0 2 3 2 1 2)              98.474
2360       (1 0 2 3 2 1 1)              98.474
2361       (1 0 1 2 1 1 1)              98.475
2362       (1 0 1 2 1 1 1)              98.475
2363       (1 0 3 1 2 1 2)              98.476
2364       (1 0 0 0 1 2 0)              98.477
2365       (1 0 2 3 2 1 1)              98.477
2366       (1 0 2 3 2 1 2)              98.478
2367       (1 0 2 3 2 1 2)              98.479
2368       (1 0 2 3 2 1 2)              98.479
2369       (1 0 2 3 2 1 1)              98.474
2370       (1 0 3 1 2 1 2)              98.475
2371       (1 0 2 3 2 1 2)              98.475
2372       (1 0 2 3 2 1 1)              98.476
2373       (1 0 3 1 2 1 2)              98.477
2374       (1 0 3 1 2 1 2)              98.477
2375       (1 0 2 3 2 1 2)              98.478
2376       (1 0 3 1 2 1 2)              98.478
2377       (1 0 3 1 1 1 1)              98.479
2378       (1 0 1 2 1 1 1)              98.480
2379       (1 0 1 2 1 1 1)              98.480
2380       (1 0 2 3 2 1 2)              98.481
2381       (1 0 2 3 2 1 2)              98.482
2382       (1 0 2 3 2 1 2)              98.482
2383       (1 0 2 3 2 1 2)              98.483
2384       (1 0 2 3 1 0 1)              98.478
2385       (1 0 2 3 2 1 2)              98.478
2386       (1 0 2 3 2 1 2)              98.479
2387       (1 0 2 3 1 1 1)              98.479
2388       (1 0 1 2 1 1 1)              98.480
2389       (1 0 2 3 2 1 2)              98.481
2390       (1 0 1 2 1 1 1)              98.481
2391       (1 0 2 3 1 1 1)              98.476
2392       (1 0 1 2 1 1 1)              98.477
2393       (1 0 3 1 2 1 1)              98.477
2394       (1 0 1 2 1 1 1)              98.478
2395       (1 0 2 3 1 2 1)              98.479
2396       (1 0 1 2 1 1 1)              98.479
2397       (1 0 0 0 2 2 1)              98.480
2398       (1 0 3 1 2 1 2)              98.480
2399       (1 0 1 2 1 1 1)              98.481
2400       (1 0 2 3 2 1 1)              98.482
2401       (1 0 3 1 2 1 2)              98.482
2402       (1 0 1 2 1 1 1)              98.483
2403       (1 0 2 3 2 1 2)              98.484
2404       (1 0 3 1 2 1 2)              98.484
2405       (1 0 2 3 2 1 1)              98.485
2406       (1 0 1 2 1 1 1)              98.486
2407       (1 0 2 3 1 1 1)              98.486
2408       (1 0 2 3 2 1 2)              98.487
2409       (1 0 2 3 1 2 1)              98.487
2410       (1 0 3 1 2 1 1)              98.488
2411       (1 0 2 3 2 1 2)              98.489
2412       (1 0 3 1 2 1 1)              98.489
2413       (1 0 2 3 2 1 2)              98.490
2414       (1 0 2 3 2 1 2)              98.491
2415       (1 0 2 3 2 1 1)              98.491
2416       (1 0 2 3 2 1 2)              98.492
2417       (1 0 1 2 1 1 1)              98.492
2418       (1 0 3 1 2 1 2)              98.493
2419       (1 0 2 3 2 1 2)              98.494
2420       (1 0 2 3 2 1 2)              98.494
2421       (1 0 2 3 2 1 2)              98.495
2422       (1 0 3 1 2 1 2)              98.490
2423       (1 0 3 1 2 1 2)              98.490
2424       (1 0 3 1 2 1 2)              98.491
2425       (1 0 3 1 2 1 2)              98.492
2426       (1 0 2 3 1 1 1)              98.492
2427       (1 0 2 3 2 1 2)              98.493
2428       (1 0 1 2 1 1 1)              98.493
2429       (1 0 3 1 2 1 2)              98.494
2430       (1 0 1 2 1 1 1)              98.495
2431       (1 0 2 3 2 1 1)              98.495
2432       (1 0 3 1 2 1 1)              98.496
2433       (1 0 2 3 2 1 1)              98.497
2434       (1 0 1 2 1 1 1)              98.497
2435       (1 0 2 3 2 1 2)              98.498
2436       (1 0 1 2 1 1 1)              98.498
2437       (1 0 1 2 1 1 1)              98.499
2438       (1 0 3 1 1 1 1)              98.500
2439       (1 0 2 3 2 1 2)              98.500
2440       (1 0 2 3 2 1 1)              98.501
2441       (1 0 3 1 2 1 2)              98.501
2442       (1 0 1 2 1 1 1)              98.502
2443       (1 0 1 2 1 1 1)              98.503
2444       (1 0 1 2 1 1 1)              98.503
2445       (1 0 2 3 2 1 2)              98.504
2446       (1 0 0 0 1 2 0)              98.505
2447       (1 0 2 3 2 1 1)              98.499
2448       (1 0 0 0 2 2 1)              98.500
2449       (1 0 3 1 2 1 2)              98.501
2450       (1 0 1 2 1 1 1)              98.501
2451       (1 0 2 3 2 1 2)              98.502
2452       (1 0 2 3 2 1 2)              98.502
2453       (1 0 1 2 1 1 1)              98.503
2454       (1 0 2 3 2 1 2)              98.504
2455       (1 0 2 3 2 1 2)              98.504
2456       (1 0 0 0 2 2 1)              98.505
2457       (1 0 3 1 2 1 2)              98.500
2458       (1 0 2 3 2 1 2)              98.500
2459       (1 0 2 3 2 1 2)              98.501
2460       (1 0 2 3 2 1 2)              98.501
2461       (1 0 3 1 2 1 2)              98.502
2462       (1 0 2 3 2 1 2)              98.503
2463       (1 0 2 3 2 1 2)              98.503
2464       (1 0 2 3 2 1 2)              98.504
2465       (1 0 3 1 2 1 2)              98.505
2466       (1 0 3 1 2 1 2)              98.505
2467       (1 0 2 3 2 1 2)              98.506
2468       (1 0 2 3 2 1 2)              98.506
2469       (1 0 1 2 1 1 1)              98.507
2470       (1 0 2 3 2 1 1)              98.508
2471       (1 0 2 3 2 1 2)              98.508
2472       (1 0 2 3 2 1 2)              98.509
2473       (1 0 2 3 2 1 2)              98.509
2474       (1 0 2 3 2 1 2)              98.510
2475       (1 0 1 2 1 1 1)              98.511
2476       (1 0 2 3 2 1 2)              98.511
2477       (1 0 1 2 1 1 1)              98.512
2478       (1 0 2 3 1 2 1)              98.512
2479       (1 0 2 3 2 1 2)              98.513
2480       (1 0 1 1 0 0 1)              98.502
2481       (1 0 2 3 2 1 2)              98.503
2482       (1 0 2 3 2 1 2)              98.503
2483       (1 0 2 3 1 2 1)              98.504
2484       (1 0 2 3 2 1 2)              98.504
2485       (1 0 1 2 1 1 1)              98.505
2486       (1 0 2 3 2 1 1)              98.506
2487       (1 0 2 3 1 0 1)              98.500
2488       (1 0 2 3 1 2 1)              98.501
2489       (1 0 1 2 1 1 1)              98.502
2490       (1 0 3 1 2 1 2)              98.502
2491       (1 0 2 3 2 1 2)              98.503
2492       (1 0 3 1 1 1 1)              98.504
2493       (1 0 1 2 1 1 1)              98.504
2494       (1 0 1 2 1 1 1)              98.505
2495       (1 0 2 3 2 1 2)              98.505
2496       (1 0 3 1 2 1 2)              98.506
2497       (1 0 2 3 2 1 2)              98.507
2498       (1 0 1 2 0 0 1)              98.507
2499       (1 0 2 3 2 1 2)              98.508
2500       (1 0 2 3 2 1 2)              98.508
2501       (1 0 1 2 1 1 1)              98.509
2502       (1 0 1 2 1 1 1)              98.510
2503       (1 0 2 3 2 1 2)              98.510
2504       (1 0 2 3 2 1 2)              98.511
2505       (1 0 2 3 2 1 2)              98.511
2506       (0 0 0 1 1 0 1)              98.489
2507       (1 0 3 1 2 1 2)              98.484
2508       (1 0 2 3 2 1 2)              98.485
2509       (1 0 1 2 2 2 1)              98.485
2510       (1 0 2 3 2 1 1)              98.480
2511       (1 0 1 2 1 1 1)              98.481
2512       (1 0 1 2 1 2 0)              98.481
2513       (1 0 1 2 0 0 1)              98.482
2514       (1 0 2 3 2 1 2)              98.482
2515       (1 0 1 2 1 1 1)              98.483
2516       (1 0 2 3 2 1 2)              98.484
2517       (1 0 0 0 2 2 1)              98.484
2518       (1 0 2 3 2 1 2)              98.485
2519       (1 0 3 1 2 1 2)              98.485
2520       (1 0 2 3 2 1 2)              98.486
2521       (1 0 2 3 2 1 2)              98.487
2522       (1 0 1 2 1 1 1)              98.487
2523       (1 0 2 3 2 1 2)              98.488
2524       (1 0 2 3 2 1 2)              98.488
2525       (1 0 2 3 2 1 2)              98.489
2526       (1 0 2 3 2 1 2)              98.490
2527       (1 0 2 3 2 1 2)              98.490
2528       (1 0 2 3 2 1 2)              98.491
2529       (1 0 2 3 2 1 2)              98.491
2530       (1 0 3 1 2 1 2)              98.486
2531       (1 0 2 3 1 2 1)              98.487
2532       (1 0 1 2 1 1 1)              98.488
2533       (1 0 2 3 2 1 2)              98.488
2534       (1 0 3 1 2 1 2)              98.489
2535       (1 0 0 0 1 2 0)              98.489
2536       (1 0 2 3 2 1 2)              98.490
2537       (1 0 2 3 2 1 2)              98.491
2538       (1 0 3 1 2 1 2)              98.491
2539       (1 0 2 3 2 1 1)              98.492
2540       (1 0 2 3 2 1 2)              98.492
2541       (1 0 2 3 1 1 1)              98.493
2542       (1 0 3 1 2 1 2)              98.488
2543       (1 0 2 3 1 1 1)              98.489
2544       (1 0 1 2 1 1 1)              98.489
2545       (1 0 2 3 2 1 2)              98.490
2546       (1 0 2 3 2 1 2)              98.490
2547       (1 0 2 3 2 1 2)              98.491
2548       (1 0 2 3 2 1 1)              98.486
2549       (1 0 2 3 2 1 2)              98.486
2550       (1 0 3 1 2 1 2)              98.487
2551       (1 0 1 2 1 2 1)              98.488
2552       (1 0 1 2 1 1 1)              98.488
2553       (1 0 2 3 2 1 2)              98.489
2554       (1 0 1 2 1 1 1)              98.489
2555       (1 0 1 2 0 0 1)              98.490
2556       (1 0 2 3 2 1 2)              98.491
2557       (1 0 3 1 2 1 2)              98.491
2558       (1 0 3 1 2 1 2)              98.492
2559       (1 0 1 2 1 1 1)              98.492
2560       (1 0 1 2 1 1 1)              98.493
2561       (1 0 3 1 2 1 2)              98.494
2562       (1 0 3 1 2 1 2)              98.494
2563       (1 0 1 2 1 1 1)              98.495
2564       (1 0 2 3 2 1 2)              98.495
2565       (1 0 1 2 1 1 1)              98.496
2566       (1 0 2 3 2 1 2)              98.497
2567       (1 0 1 2 0 0 1)              98.497
2568       (1 0 3 1 1 1 1)              98.487
2569       (1 0 3 1 2 1 1)              98.487
2570       (1 0 3 1 2 1 2)              98.488
2571       (1 0 2 3 2 1 2)              98.488
2572       (1 0 2 3 2 1 2)              98.489
2573       (1 0 3 1 2 1 2)              98.489
2574       (1 0 3 1 2 1 2)              98.490
2575       (1 0 2 3 1 2 1)              98.491
2576       (1 0 1 2 1 1 1)              98.491
2577       (1 0 1 2 1 1 1)              98.492
2578       (1 0 1 2 1 1 1)              98.492
2579       (1 0 3 1 1 1 1)              98.482
2580       (1 0 2 3 1 2 1)              98.482
2581       (1 0 2 3 2 1 2)              98.483
2582       (1 0 2 3 2 1 2)              98.484
2583       (1 0 1 2 1 1 1)              98.484
2584       (1 0 2 3 2 1 2)              98.485
2585       (1 0 2 3 2 1 2)              98.485
2586       (1 0 3 1 2 1 2)              98.486
2587       (1 0 1 2 1 2 1)              98.487
2588       (1 0 3 1 2 1 2)              98.487
2589       (1 0 1 2 1 1 1)              98.488
2590       (1 0 2 3 2 1 2)              98.488
2591       (1 0 2 3 2 1 2)              98.489
2592       (1 0 1 2 1 1 1)              98.490
2593       (1 0 1 2 1 1 1)              98.490
2594       (1 0 2 3 1 1 1)              98.491
2595       (1 0 2 3 2 1 2)              98.491
2596       (1 0 3 1 2 1 2)              98.492
2597       (1 0 1 2 1 1 1)              98.492
2598       (1 0 2 3 2 1 2)              98.493
2599       (1 0 3 1 2 1 2)              98.494
2600       (1 0 2 3 2 1 2)              98.494
2601       (1 0 2 3 2 1 1)              98.495
2602       (1 0 2 3 2 1 1)              98.490
2603       (1 0 2 3 1 2 1)              98.490
2604       (1 0 2 3 1 1 1)              98.491
2605       (1 0 2 3 2 1 2)              98.492
2606       (1 0 3 1 1 1 1)              98.481
2607       (1 0 1 2 1 1 1)              98.482
2608       (1 0 3 1 2 1 2)              98.482
2609       (1 0 1 2 1 1 1)              98.483
2610       (1 0 2 3 2 1 2)              98.484
2611       (1 0 1 2 1 1 1)              98.484
2612       (1 0 2 3 2 1 2)              98.485
2613       (1 0 1 2 1 1 1)              98.485
2614       (1 0 3 1 2 1 2)              98.486
2615       (1 0 2 3 1 2 1)              98.481
2616       (1 0 2 3 2 1 2)              98.482
2617       (1 0 2 3 2 1 2)              98.482
2618       (1 0 3 1 1 1 1)              98.483
2619       (1 0 2 3 2 1 2)              98.483
2620       (1 0 1 2 2 2 1)              98.484
2621       (1 0 3 1 2 1 2)              98.484
2622       (1 0 1 2 1 1 1)              98.485
2623       (1 0 1 2 1 1 1)              98.486
2624       (1 0 2 3 2 1 2)              98.486
2625       (1 0 3 1 2 1 2)              98.487
2626       (1 0 3 1 1 1 1)              98.487
2627       (1 0 2 3 2 1 2)              98.488
2628       (1 0 2 3 2 1 2)              98.488
2629       (1 0 3 1 2 1 2)              98.484
2630       (1 0 3 1 2 1 2)              98.484
2631       (1 0 3 1 2 1 2)              98.485
2632       (1 0 2 3 1 1 1)              98.485
2633       (1 0 2 3 1 0 1)              98.486
2634       (1 0 0 0 0 2 0)              98.486
2635       (1 0 2 3 2 1 2)              98.487
2636       (1 0 3 1 2 1 2)              98.488
2637       (1 0 1 2 1 2 1)              98.488
2638       (1 0 3 1 2 1 2)              98.489
2639       (1 0 2 3 2 1 2)              98.489
2640       (1 0 3 1 2 1 2)              98.490
2641       (1 0 2 3 2 1 2)              98.491
2642       (1 0 1 2 1 1 1)              98.491
2643       (1 0 3 1 2 1 2)              98.492
2644       (1 0 2 3 1 2 1)              98.492
2645       (1 0 3 1 2 1 2)              98.493
2646       (1 0 0 0 1 2 0)              98.493
2647       (1 0 2 3 2 1 2)              98.483
2648       (1 0 2 3 2 1 2)              98.484
2649       (1 0 3 1 2 1 2)              98.484
2650       (1 0 2 3 2 1 2)              98.485
2651       (1 0 3 1 0 1 1)              98.485
2652       (1 0 3 1 2 1 2)              98.486
2653       (1 0 0 0 1 2 0)              98.487
2654       (1 0 2 3 2 1 1)              98.487
2655       (1 0 3 1 2 1 2)              98.488
2656       (1 0 2 3 1 1 1)              98.488
2657       (1 0 3 1 2 1 2)              98.478
2658       (1 0 3 1 2 1 2)              98.479
2659       (1 0 2 3 2 1 1)              98.479
2660       (1 0 2 3 1 2 1)              98.480
2661       (1 0 2 3 1 1 1)              98.480
2662       (1 0 2 6 0 0 1)              98.465
2663       (1 0 3 1 2 1 2)              98.465
2664       (1 0 3 1 1 1 1)              98.466
2665       (1 0 3 1 2 1 2)              98.467
2666       (1 0 2 3 1 1 1)              98.467
2667       (1 0 1 2 1 1 1)              98.468
2668       (1 0 0 0 2 2 1)              98.468
2669       (1 0 3 1 2 1 1)              98.469
2670       (1 0 3 1 2 1 2)              98.469
2671       (1 0 1 2 1 1 1)              98.470
2672       (1 0 3 1 1 1 1)              98.471
2673       (1 0 3 1 2 1 2)              98.471
2674       (1 0 2 3 2 1 2)              98.472
2675       (1 0 2 3 2 1 2)              98.472
2676       (1 0 3 1 2 1 2)              98.473
2677       (1 0 0 1 0 1 1)              98.463
2678       (1 0 2 3 2 1 1)              98.463
2679       (1 0 2 3 2 1 2)              98.464
2680       (1 0 2 3 2 1 2)              98.464
2681       (1 0 2 3 1 0 1)              98.465
2682       (1 0 0 0 1 2 0)              98.466
2683       (1 0 2 3 2 1 2)              98.466
2684       (1 0 2 3 2 1 2)              98.467
2685       (1 0 1 2 1 1 1)              98.467
2686       (1 0 2 3 1 1 1)              98.468
2687       (1 0 1 2 2 2 1)              98.468
2688       (1 0 3 1 2 1 2)              98.469
2689       (1 0 2 3 2 1 2)              98.470
2690       (1 0 2 3 2 1 2)              98.470
2691       (1 0 1 2 1 1 1)              98.471
2692       (1 0 1 2 1 0 1)              98.466
2693       (1 0 0 0 2 2 1)              98.467
2694       (1 0 2 3 2 1 2)              98.467
2695       (1 0 3 1 2 1 2)              98.468
2696       (1 0 2 3 2 1 2)              98.468
2697       (1 0 1 2 1 1 1)              98.469
2698       (1 0 2 3 2 1 2)              98.469
2699       (1 0 2 3 2 1 2)              98.470
2700       (1 0 1 2 0 0 1)              98.471
2701       (1 0 2 3 2 1 2)              98.471
2702       (1 0 2 3 0 0 0)              98.456
2703       (1 0 3 1 2 1 1)              98.456
2704       (1 0 1 2 1 2 1)              98.457
2705       (1 0 3 1 1 1 1)              98.457
2706       (1 0 3 1 2 1 2)              98.458
2707       (1 0 2 3 2 1 1)              98.459
2708       (1 0 3 1 2 1 2)              98.459
2709       (1 0 1 2 1 1 1)              98.460
2710       (1 0 2 3 1 1 1)              98.460
2711       (1 0 2 3 2 1 2)              98.461
2712       (1 0 1 2 1 1 1)              98.461
2713       (1 0 3 1 2 1 2)              98.462
2714       (1 0 2 3 2 1 1)              98.457
2715       (1 0 2 3 1 2 1)              98.458
2716       (1 0 0 0 1 0 1)              98.458
2717       (1 0 2 3 2 1 2)              98.459
2718       (1 0 2 3 2 1 2)              98.460
2719       (1 0 2 3 1 2 1)              98.460
2720       (1 0 3 1 2 1 2)              98.461
2721       (1 0 2 3 2 1 2)              98.461
2722       (1 0 3 1 2 1 2)              98.462
2723       (1 0 3 1 2 1 2)              98.457
2724       (1 0 1 2 1 1 1)              98.458
2725       (1 0 2 3 2 1 2)              98.458
2726       (1 0 2 3 2 1 2)              98.459
2727       (1 0 2 3 2 1 2)              98.459
2728       (1 0 2 3 2 1 2)              98.460
2729       (1 0 3 1 2 1 2)              98.461
2730       (1 0 3 1 1 1 1)              98.461
2731       (1 0 2 3 2 1 2)              98.462
2732       (1 0 3 1 2 1 1)              98.462
2733       (1 0 1 2 1 1 1)              98.463
2734       (1 0 2 3 2 1 2)              98.463
2735       (1 0 3 1 2 1 2)              98.464
2736       (1 0 3 1 2 1 2)              98.465
2737       (1 0 1 2 0 0 1)              98.465
2738       (1 0 1 2 1 1 1)              98.466
2739       (1 0 1 2 1 2 1)              98.461
2740       (1 0 2 3 2 1 1)              98.462
2741       (1 0 3 1 2 1 2)              98.462
2742       (1 0 2 3 2 1 2)              98.463
2743       (1 0 2 3 1 2 1)              98.463
2744       (1 0 2 3 2 1 2)              98.464
2745       (1 0 1 2 0 0 1)              98.464
2746       (1 0 1 2 1 1 1)              98.465
2747       (1 0 3 1 2 1 2)              98.465
2748       (1 0 3 1 2 1 2)              98.466
2749       (1 0 3 1 2 1 2)              98.467
2750       (1 0 3 1 2 1 2)              98.462
2751       (1 0 0 0 2 2 1)              98.463
2752       (1 0 2 3 2 1 2)              98.463
2753       (1 0 2 3 2 1 2)              98.464
2754       (1 0 3 1 2 1 2)              98.464
2755       (1 0 1 2 1 1 1)              98.465
2756       (1 0 2 3 2 1 2)              98.465
2757       (1 0 2 3 2 1 2)              98.466
2758       (1 0 1 2 1 1 1)              98.466
2759       (1 0 2 3 2 1 2)              98.467
2760       (1 0 2 3 2 1 2)              98.468
2761       (1 0 2 3 2 1 2)              98.468
2762       (1 0 3 1 2 1 2)              98.469
2763       (1 0 2 3 2 1 2)              98.469
2764       (1 0 0 0 1 2 0)              98.470
2765       (1 0 2 3 2 1 2)              98.470
2766       (1 0 2 3 2 1 2)              98.471
2767       (1 0 2 3 2 1 1)              98.471
2768       (1 0 1 2 1 1 1)              98.472
2769       (1 0 2 3 2 1 2)              98.473
2770       (1 0 2 3 2 1 2)              98.473
2771       (1 0 1 2 1 1 1)              98.474
2772       (1 0 3 1 2 1 1)              98.474
2773       (1 0 3 1 2 1 2)              98.475
2774       (1 0 3 1 1 1 1)              98.475
2775       (1 0 2 3 1 2 1)              98.476
2776       (1 0 2 3 2 1 1)              98.476
2777       (1 0 2 3 2 1 1)              98.477
2778       (1 0 1 2 1 1 1)              98.477
2779       (1 0 2 3 2 1 2)              98.478
2780       (1 0 2 3 2 1 2)              98.479
2781       (1 0 2 3 2 1 2)              98.479
2782       (1 0 2 3 2 1 2)              98.480
2783       (1 0 2 3 1 1 1)              98.480
2784       (1 0 2 3 2 1 2)              98.481
2785       (1 0 1 2 1 1 1)              98.481
2786       (1 0 3 1 2 1 2)              98.482
2787       (1 0 3 1 2 1 1)              98.477
2788       (1 0 3 1 2 1 2)              98.473
2789       (1 0 1 2 1 1 1)              98.473
2790       (1 0 3 1 2 1 2)              98.474
2791       (1 0 1 2 0 0 1)              98.474
2792       (1 0 2 3 2 1 1)              98.475
2793       (1 0 2 3 2 1 2)              98.475
2794       (1 0 2 3 2 1 2)              98.476
2795       (1 0 2 3 2 1 2)              98.477
2796       (1 0 1 2 1 1 1)              98.477
2797       (1 0 2 3 2 1 2)              98.478
2798       (1 0 1 2 1 1 1)              98.478
2799       (1 0 1 2 1 1 1)              98.479
2800       (1 0 1 2 1 1 1)              98.479
2801       (1 0 1 1 1 1 1)              98.464
2802       (1 0 3 1 2 1 1)              98.465
2803       (1 0 2 3 2 1 2)              98.466
2804       (1 0 2 3 2 1 2)              98.466
2805       (1 0 3 1 2 1 2)              98.467
2806       (1 0 2 3 1 2 1)              98.467
2807       (1 0 1 2 1 1 1)              98.468
2808       (1 0 2 3 2 1 2)              98.468
2809       (1 0 2 3 2 1 2)              98.469
2810       (1 0 1 2 2 2 1)              98.469
2811       (1 0 2 3 2 1 2)              98.470
2812       (1 0 1 2 2 2 1)              98.470
2813       (1 0 2 3 2 1 1)              98.471
2814       (1 0 2 3 2 1 2)              98.472
2815       (1 0 2 3 2 1 1)              98.472
2816       (1 0 2 3 2 1 2)              98.473
2817       (1 0 1 2 1 1 1)              98.473
2818       (1 0 2 3 1 2 1)              98.474
2819       (1 0 2 3 2 1 2)              98.474
2820       (1 0 0 4 0 0 0)              98.465
2821       (1 0 2 3 2 1 2)              98.465
2822       (1 0 2 3 2 1 2)              98.466
2823       (1 0 2 3 2 1 2)              98.466
2824       (1 0 1 2 1 2 1)              98.467
2825       (1 0 2 3 2 1 2)              98.467
2826       (1 0 1 2 1 1 1)              98.468
2827       (1 0 1 2 1 1 1)              98.468
2828       (1 0 2 3 2 1 2)              98.469
2829       (1 0 2 3 2 1 2)              98.470
2830       (1 0 2 3 2 1 2)              98.470
2831       (1 0 2 3 2 1 2)              98.471
2832       (1 0 3 1 1 1 1)              98.471
2833       (1 0 1 2 1 1 1)              98.472
2834       (1 0 1 2 1 2 1)              98.472
2835       (1 0 3 1 2 1 2)              98.473
2836       (1 0 2 3 2 1 2)              98.473
2837       (1 0 2 3 2 1 2)              98.474
2838       (1 0 2 3 2 1 2)              98.474
2839       (1 0 0 0 1 2 0)              98.475
2840       (1 0 3 1 1 1 1)              98.476
2841       (1 0 3 1 2 1 2)              98.476
2842       (1 0 3 1 2 1 1)              98.477
2843       (1 0 2 3 2 1 2)              98.477
2844       (1 0 3 1 1 1 1)              98.478
2845       (1 0 2 3 2 1 2)              98.478
2846       (1 0 2 3 2 1 1)              98.479
2847       (1 0 3 1 2 1 2)              98.479
2848       (1 0 1 2 1 1 1)              98.480
2849       (1 0 2 3 2 1 2)              98.480
2850       (1 0 2 3 2 1 2)              98.481
2851       (1 0 1 2 1 1 1)              98.481
2852       (1 0 0 0 1 2 0)              98.482
2853       (1 0 2 3 1 1 1)              98.482
2854       (1 0 2 3 2 1 2)              98.483
2855       (1 0 2 3 1 2 1)              98.484
2856       (1 0 3 1 2 1 2)              98.484
2857       (1 0 2 3 1 2 1)              98.485
2858       (1 0 1 2 1 1 1)              98.485
2859       (1 0 3 1 2 1 2)              98.486
2860       (1 0 2 3 2 1 2)              98.486
2861       (1 0 1 2 2 2 1)              98.487
2862       (1 0 3 1 2 1 2)              98.487
2863       (1 0 2 3 1 1 1)              98.488
2864       (1 0 2 3 2 1 2)              98.488
2865       (1 0 2 3 2 1 1)              98.489
2866       (1 0 2 3 2 1 2)              98.489
2867       (1 0 2 3 2 1 2)              98.490
2868       (1 0 2 3 1 2 1)              98.490
2869       (1 0 2 3 1 1 1)              98.491
2870       (1 0 3 1 1 1 1)              98.492
2871       (1 0 2 3 1 1 1)              98.492
2872       (1 0 1 2 1 1 1)              98.493
2873       (1 0 2 3 2 1 2)              98.493
2874       (1 0 1 2 1 1 1)              98.494
2875       (1 0 2 3 2 1 2)              98.494
2876       (1 0 0 0 0 0 0)              98.485
2877       (1 0 3 1 2 1 2)              98.485
2878       (1 0 3 1 2 1 2)              98.481
2879       (1 0 2 3 2 1 2)              98.481
2880       (1 0 3 1 2 1 2)              98.482
2881       (1 0 2 3 2 2 1)              98.482
2882       (1 0 2 3 2 1 2)              98.483
2883       (1 0 1 2 1 1 1)              98.483
2884       (1 0 3 1 2 1 2)              98.484
2885       (1 0 2 3 2 1 2)              98.484
2886       (1 0 1 2 1 1 1)              98.485
2887       (1 0 2 3 2 1 2)              98.486
2888       (1 0 2 3 2 1 2)              98.486
2889       (1 0 2 3 1 2 1)              98.487
2890       (1 0 1 2 1 1 1)              98.487
2891       (1 0 3 1 2 1 2)              98.488
2892       (1 0 1 2 2 2 1)              98.488
2893       (1 0 3 1 2 1 1)              98.484
2894       (1 0 2 3 2 1 1)              98.484
2895       (1 0 2 3 2 1 2)              98.485
2896       (1 0 3 1 2 1 2)              98.485
2897       (1 0 2 3 2 1 2)              98.486
2898       (1 0 2 3 1 1 1)              98.486
2899       (1 0 3 1 1 1 1)              98.487
2900       (1 0 2 3 2 1 2)              98.487
2901       (1 0 2 3 2 1 1)              98.488
2902       (1 0 3 1 2 1 2)              98.488
2903       (1 0 2 3 2 1 2)              98.489
2904       (1 0 3 1 2 1 2)              98.489
2905       (1 0 2 3 2 1 2)              98.490
2906       (1 0 2 3 1 1 1)              98.491
2907       (1 0 2 3 2 1 2)              98.491
2908       (1 0 2 3 2 1 2)              98.492
2909       (1 0 2 3 2 1 2)              98.492
2910       (1 0 2 3 2 1 2)              98.493
2911       (1 0 2 3 2 1 1)              98.493
2912       (1 0 1 2 1 1 1)              98.494
2913       (1 0 2 3 2 1 2)              98.494
2914       (1 0 3 1 2 1 2)              98.490
2915       (1 0 2 3 2 1 2)              98.490
2916       (1 0 3 1 2 1 2)              98.486
2917       (1 0 2 3 2 1 2)              98.481
2918       (1 0 2 3 1 2 1)              98.477
2919       (1 0 2 3 2 1 2)              98.478
2920       (1 0 2 3 2 1 2)              98.478
2921       (1 0 1 2 1 2 0)              98.479
2922       (1 0 2 3 1 2 1)              98.479
2923       (1 0 2 3 2 1 2)              98.475
2924       (1 0 1 2 1 1 1)              98.475
2925       (1 0 1 2 1 1 1)              98.476
2926       (1 0 1 2 1 1 1)              98.476
2927       (1 0 2 3 2 1 1)              98.477
2928       (1 0 2 3 2 1 2)              98.477
2929       (1 0 1 2 1 1 1)              98.478
2930       (1 0 3 1 2 1 1)              98.478
2931       (1 0 0 0 1 2 0)              98.479
2932       (1 0 3 1 2 1 2)              98.480
2933       (1 0 3 1 2 1 2)              98.480
2934       (1 0 3 1 2 1 2)              98.481
2935       (1 0 0 0 2 2 1)              98.481
2936       (1 0 2 3 2 1 2)              98.482
2937       (1 0 2 3 2 1 2)              98.482
2938       (1 0 2 3 2 1 2)              98.483
2939       (1 0 1 2 1 1 1)              98.483
2940       (1 0 3 1 2 1 2)              98.479
2941       (1 0 2 3 2 2 1)              98.479
2942       (1 0 2 3 2 1 2)              98.480
2943       (1 0 3 1 2 1 2)              98.480
2944       (1 0 0 0 1 2 0)              98.481
2945       (1 0 2 3 2 1 2)              98.481
2946       (1 0 3 1 2 1 2)              98.482
2947       (1 0 2 3 1 1 1)              98.482
2948       (1 0 2 3 2 1 2)              98.483
2949       (1 0 3 1 2 1 2)              98.483
2950       (1 0 3 1 2 1 2)              98.484
2951       (1 0 2 3 2 1 2)              98.484
2952       (1 0 3 1 2 1 2)              98.485
2953       (1 0 2 3 2 1 2)              98.486
2954       (1 0 2 3 2 1 2)              98.486
2955       (1 0 3 1 2 1 2)              98.487
2956       (1 0 3 1 2 1 2)              98.487
2957       (1 0 1 2 1 1 1)              98.488
2958       (1 0 3 1 2 1 2)              98.488
2959       (1 0 2 3 2 1 2)              98.489
2960       (1 0 2 3 1 2 1)              98.489
2961       (1 0 3 1 2 1 2)              98.490
2962       (1 0 2 3 1 2 1)              98.490
2963       (1 0 1 2 1 2 0)              98.491
2964       (1 0 2 3 2 1 2)              98.491
2965       (1 0 3 1 2 1 2)              98.492
2966       (1 0 1 2 1 1 1)              98.492
2967       (1 0 1 2 1 1 1)              98.493
2968       (1 0 1 2 1 1 1)              98.493
2969       (1 0 3 1 2 1 2)              98.494
2970       (1 0 1 2 1 1 1)              98.494
2971       (1 0 1 2 1 2 1)              98.495
2972       (1 0 1 2 1 1 1)              98.495
2973       (1 0 2 3 2 1 2)              98.496
2974       (1 0 1 2 1 1 1)              98.496
2975       (1 0 2 3 2 1 1)              98.497
2976       (1 0 3 1 2 1 2)              98.497
2977       (1 0 3 1 2 1 2)              98.498
2978       (1 0 3 1 2 1 2)              98.498
2979       (1 0 2 3 2 1 2)              98.499
2980       (1 0 1 2 1 2 1)              98.499
2982       (1 0 1 2 1 1 1)              98.500
2983       (1 0 1 2 0 0 1)              98.500
2984       (1 0 3 1 2 1 1)              98.501
2985       (1 0 3 1 2 1 1)              98.501
2986       (1 0 2 3 2 1 2)              98.502
2987       (1 0 3 1 2 1 2)              98.502
2988       (1 0 2 3 2 1 1)              98.498
2989       (1 0 2 3 2 1 2)              98.499
2990       (1 0 1 2 1 1 1)              98.499
2991       (1 0 2 3 2 1 2)              98.500
2992       (1 0 3 1 2 1 2)              98.500
2993       (1 0 2 3 1 2 1)              98.501
2994       (1 0 2 3 2 1 2)              98.501
2995       (1 0 2 3 2 1 2)              98.502
2996       (1 0 2 3 2 1 1)              98.502
2997       (1 0 1 2 1 1 1)              98.503
2998       (1 0 2 3 1 2 1)              98.503
2999       (1 0 3 1 2 1 2)              98.504
3000       (1 0 1 2 1 1 1)              98.504
3001       (1 0 1 2 1 1 1)              98.505
3002       (1 0 2 3 1 1 1)              98.500
3003       (1 0 3 1 2 1 2)              98.501
3004       (1 0 2 3 1 1 1)              98.501
3005       (1 0 2 3 2 1 2)              98.502
3006       (1 0 2 3 2 1 2)              98.502
3007       (1 0 3 1 2 1 2)              98.503
3008       (1 0 2 3 2 1 2)              98.503
3009       (1 0 3 1 2 1 2)              98.504
3010       (1 0 3 1 2 1 2)              98.499
3011       (1 0 2 3 2 2 1)              98.500
3012       (1 0 3 1 2 1 2)              98.500
3013       (1 0 1 2 1 1 1)              98.501
3014       (1 0 3 1 2 1 2)              98.501
3015       (1 0 2 3 1 1 1)              98.492
3016       (1 0 2 3 2 1 2)              98.493
3017       (1 0 1 2 1 1 1)              98.493
3018       (1 0 2 3 1 2 1)              98.494
3019       (1 0 1 1 0 1 1)              98.485
3020       (1 0 0 0 2 2 1)              98.485
3021       (1 0 1 2 1 1 1)              98.486
3022       (1 0 2 3 2 1 2)              98.487
3023       (1 0 3 1 2 1 2)              98.487
3024       (1 0 1 2 1 1 1)              98.488
3025       (1 0 3 1 2 1 2)              98.488
3026       (1 0 2 3 2 1 2)              98.489
3027       (1 0 1 2 1 2 1)              98.489
3028       (1 0 0 0 1 2 0)              98.490
3029       (1 0 1 2 1 1 1)              98.490
3030       (1 0 2 3 2 1 2)              98.491
3031       (1 0 2 3 1 1 1)              98.491
3032       (1 0 1 2 1 1 1)              98.492
3033       (1 0 0 0 0 0 0)              98.492
3034       (1 0 3 1 2 1 2)              98.493
3035       (1 0 3 1 2 1 2)              98.493
3036       (1 0 2 3 2 1 2)              98.494
3037       (1 0 1 2 1 1 1)              98.494
3038       (1 0 2 3 2 1 1)              98.490
3039       (1 0 3 1 2 1 2)              98.490
3040       (1 0 1 2 1 1 1)              98.491
3041       (1 0 1 1 0 0 1)              98.477
3042       (1 0 2 3 1 2 1)              98.478
3043       (1 0 3 1 2 1 2)              98.478
3044       (1 0 3 1 2 1 2)              98.479
3045       (1 0 1 2 1 1 1)              98.479
3046       (1 0 2 3 2 1 2)              98.480
3047       (1 0 3 1 2 1 2)              98.480
3048       (1 0 1 2 1 1 1)              98.481
3049       (1 0 2 3 2 1 2)              98.481
3050       (1 0 1 2 1 1 1)              98.482
3051       (1 0 2 3 2 1 2)              98.482
3052       (1 0 2 3 2 1 1)              98.478
3053       (1 0 2 3 2 1 2)              98.478
3054       (1 0 1 2 1 1 1)              98.479
3055       (1 0 3 1 2 1 2)              98.479
3056       (1 0 2 3 2 1 2)              98.480
3057       (1 0 1 2 1 1 1)              98.480
3058       (1 0 0 0 2 2 1)              98.481
3059       (1 0 2 3 2 1 2)              98.481
3060       (1 0 2 3 2 1 2)              98.482
3061       (1 0 1 2 1 1 1)              98.482
3062       (1 0 2 3 2 1 1)              98.483
3063       (1 0 2 3 2 1 2)              98.483
3064       (1 0 3 1 2 1 2)              98.484
3065       (1 0 1 2 1 2 1)              98.484
3066       (1 0 0 0 0 2 0)              98.485
3067       (1 0 3 1 2 1 2)              98.485
3068       (1 0 2 3 2 1 2)              98.486
3069       (1 0 2 3 2 1 2)              98.486
3070       (1 0 3 1 2 1 2)              98.487
3071       (1 0 2 3 2 1 2)              98.487
3072       (1 0 1 2 1 1 1)              98.488
3073       (1 0 2 3 2 1 2)              98.488
3074       (1 0 3 1 2 1 2)              98.489
3076       (1 0 2 3 1 2 1)              98.489
3077       (1 0 3 1 2 1 1)              98.490
3078       (1 0 3 1 1 1 1)              98.490
3079       (1 0 2 3 2 1 1)              98.491
3080       (1 0 2 3 2 1 2)              98.491
3081       (1 0 2 3 2 1 2)              98.492
3082       (1 0 2 3 2 1 2)              98.492
3083       (1 0 2 3 0 0 0)              98.493
3084       (1 0 1 2 0 0 1)              98.493
3085       (1 0 1 2 1 1 1)              98.494
3086       (1 0 3 1 2 1 2)              98.494
3087       (1 0 2 3 1 1 1)              98.495
3088       (1 0 2 3 1 1 1)              98.495
3089       (1 0 3 1 2 1 2)              98.496
3090       (1 0 0 0 1 0 1)              98.496
3091       (1 0 3 1 2 1 2)              98.497
3092       (1 0 1 2 1 1 1)              98.497
3093       (1 0 3 1 2 1 2)              98.498
3094       (1 0 3 1 2 1 2)              98.498
3095       (1 0 2 3 1 2 1)              98.499
3096       (1 0 3 1 1 1 1)              98.499
3097       (1 0 1 2 1 1 1)              98.500
3098       (1 0 2 3 2 1 2)              98.500
3099       (1 0 1 2 1 1 1)              98.501
3100       (1 0 1 2 1 1 1)              98.501
3101       (1 0 3 1 2 1 2)              98.502
3102       (1 0 2 3 2 1 2)              98.502
3103       (1 0 2 3 2 1 2)              98.503
3104       (1 0 3 1 2 1 2)              98.503
3105       (1 0 1 2 1 2 1)              98.499
3106       (1 0 2 3 2 1 2)              98.499
3107       (1 0 1 2 1 1 1)              98.500
3108       (1 0 1 2 1 1 1)              98.500
3109       (1 0 2 3 1 1 1)              98.501
3110       (1 0 3 1 2 1 1)              98.501
3111       (1 0 1 2 1 1 1)              98.502
3112       (1 0 2 3 1 1 1)              98.502
3113       (1 0 1 2 1 1 1)              98.503
3114       (1 0 3 1 2 1 2)              98.503
3115       (1 0 1 2 1 0 1)              98.490
3116       (1 0 3 1 2 1 2)              98.486
3117       (1 0 2 3 2 1 2)              98.486
3118       (1 0 3 1 2 1 2)              98.487
3119       (1 0 3 1 2 1 2)              98.483
3120       (1 0 1 2 0 0 1)              98.483
3121       (1 0 3 1 2 1 2)              98.484
3122       (1 0 1 2 1 1 1)              98.484
3123       (1 0 2 3 2 1 2)              98.485
3124       (1 0 1 2 2 2 1)              98.485
3125       (1 0 3 1 2 1 1)              98.481
3126       (1 0 2 3 2 1 1)              98.482
3127       (1 0 2 3 1 2 1)              98.482
3128       (1 0 1 2 1 1 1)              98.482
3129       (1 0 1 2 1 1 1)              98.483
3130       (1 0 0 0 1 2 0)              98.483
3131       (1 0 2 3 2 1 2)              98.484
3132       (1 0 3 1 2 1 2)              98.484
3133       (1 0 2 3 1 1 1)              98.485
3134       (1 0 3 1 2 1 1)              98.481
3135       (1 0 3 1 2 1 2)              98.481
3136       (1 0 3 1 2 1 2)              98.482
3137       (1 0 1 2 1 1 1)              98.482
3138       (1 0 1 2 1 1 1)              98.483
3139       (1 0 0 1 2 2 1)              98.470
3140       (1 0 2 3 2 1 2)              98.470
3141       (1 0 3 1 2 1 1)              98.471
3142       (1 0 2 3 2 1 2)              98.471
3143       (1 0 1 2 1 1 1)              98.472
3146       (1 0 3 1 2 1 2)              98.472
3148       (1 0 2 3 2 1 1)              98.472
3149       (1 0 2 3 2 1 2)              98.473
3150       (1 0 2 3 2 1 2)              98.473
3151       (1 0 3 1 2 1 2)              98.474
3152       (1 0 3 1 1 1 1)              98.474
3153       (1 0 2 3 2 1 2)              98.475
3154       (1 0 2 3 2 1 2)              98.475
3155       (1 0 3 1 2 1 1)              98.476
3156       (1 0 2 3 1 1 1)              98.472
3157       (1 0 3 1 2 1 2)              98.472
3158       (1 0 1 2 1 1 1)              98.468
3159       (1 0 2 3 2 1 2)              98.469
3160       (1 0 1 2 1 1 1)              98.469
3161       (1 0 3 1 2 1 2)              98.470
3162       (1 0 1 2 1 1 1)              98.470
3163       (1 0 2 3 2 1 2)              98.471
3164       (1 0 2 3 2 1 2)              98.471
3165       (1 0 2 3 2 1 2)              98.472
3166       (1 0 2 3 2 1 2)              98.472
3167       (1 0 0 0 2 2 1)              98.473
3168       (1 0 2 3 2 1 2)              98.473
3169       (1 0 1 2 1 1 1)              98.474
3170       (1 0 2 3 1 1 1)              98.474
3171       (1 0 2 3 2 1 2)              98.475
3172       (1 0 2 3 2 1 2)              98.475
3173       (1 0 2 3 2 1 2)              98.476
3174       (1 0 2 3 2 1 2)              98.476
3175       (1 0 2 3 2 1 2)              98.476
3176       (1 0 2 3 1 2 1)              98.477
3177       (1 0 2 3 2 1 2)              98.477
3178       (1 0 1 2 1 2 0)              98.478
3179       (1 0 2 3 2 1 2)              98.478
3180       (1 0 3 1 2 1 2)              98.479
3181       (1 0 3 1 2 1 2)              98.479
3182       (1 0 3 1 2 1 2)              98.471
3183       (1 0 2 3 2 1 2)              98.471
3184       (1 0 2 3 2 1 2)              98.472
3185       (1 0 2 3 2 1 2)              98.468
3186       (1 0 3 1 2 1 2)              98.468
3187       (1 0 3 1 2 1 2)              98.469
3188       (1 0 3 1 2 1 2)              98.469
3189       (1 0 2 3 2 1 2)              98.470
3190       (1 0 2 3 2 1 2)              98.470
3191       (1 0 3 1 2 1 2)              98.471
3192       (1 0 2 3 1 2 1)              98.471
3193       (1 0 2 3 2 1 2)              98.472
3194       (1 0 3 1 1 1 1)              98.472
3195       (1 0 1 2 0 0 1)              98.473
3196       (1 0 3 1 2 1 2)              98.473
3197       (1 0 2 3 1 2 1)              98.474
3198       (1 0 2 3 2 1 2)              98.474
3199       (1 0 3 1 2 1 2)              98.475
3200       (1 0 2 3 2 1 2)              98.475
3201       (1 0 2 3 2 1 2)              98.475
3202       (1 0 2 3 1 2 1)              98.476
3203       (1 0 1 2 1 1 1)              98.476
3204       (1 0 3 1 1 2 1)              98.477
3205       (1 0 1 2 1 1 1)              98.477
3206       (1 0 3 1 2 1 2)              98.478
3207       (1 0 3 1 2 1 2)              98.478
3208       (1 0 2 3 2 1 2)              98.479
3209       (1 0 3 1 2 1 2)              98.479
3210       (1 0 1 2 1 1 1)              98.480
3211       (1 0 2 3 2 1 2)              98.480
3212       (1 0 3 1 2 1 2)              98.481
3213       (1 0 3 1 1 0 0)              98.481
3214       (1 0 1 2 1 1 1)              98.482
3215       (1 0 2 3 2 1 2)              98.482
3216       (1 0 2 3 1 1 1)              98.474
3217       (1 0 3 1 2 1 2)              98.474
3218       (1 0 1 2 1 1 1)              98.475
3219       (1 0 1 2 1 1 1)              98.475
3220       (1 0 2 3 2 1 2)              98.476
3221       (1 0 1 2 1 1 1)              98.476
3222       (1 0 3 1 2 1 2)              98.477
3223       (1 0 2 3 2 1 1)              98.477
3224       (1 0 2 3 1 2 1)              98.473
3225       (1 0 1 2 1 1 1)              98.474
3226       (1 0 2 3 2 1 2)              98.474
3227       (1 0 3 1 2 1 2)              98.474
3228       (1 0 2 1 2 1 1)              98.466
3229       (1 0 3 1 2 1 2)              98.462
3230       (1 0 2 3 2 1 2)              98.463
3231       (1 0 3 1 2 1 2)              98.463
3232       (1 0 3 1 2 1 2)              98.464
3233       (1 0 3 1 2 1 2)              98.464
3234       (1 0 3 1 2 1 1)              98.464
3235       (1 0 0 0 0 2 0)              98.465
3236       (1 0 3 1 2 1 1)              98.461
3237       (1 0 2 3 2 1 2)              98.461
3238       (1 0 2 3 1 1 1)              98.462
3239       (1 0 1 2 1 1 1)              98.462
3240       (1 0 2 3 2 1 2)              98.463
3241       (1 0 1 2 1 1 1)              98.463
3242       (1 0 2 3 2 1 2)              98.464
3243       (1 0 3 1 2 1 2)              98.460
3244       (1 0 2 3 2 1 2)              98.460
3245       (1 0 2 3 2 1 2)              98.461
3246       (1 0 2 3 2 1 2)              98.461
3247       (1 0 2 3 2 1 2)              98.462
3248       (1 0 1 2 1 1 1)              98.462
3249       (1 0 2 3 1 2 1)              98.463
3250       (1 0 3 1 2 1 1)              98.463
3251       (1 0 2 3 2 1 2)              98.464
3252       (1 0 2 3 2 1 2)              98.464
3253       (1 0 2 3 2 1 1)              98.460
3254       (1 0 2 3 1 0 1)              98.456
3255       (1 0 2 3 2 1 2)              98.457
3256       (1 0 1 2 1 1 1)              98.457
3257       (1 0 3 1 2 1 2)              98.453
3258       (1 0 0 0 2 2 1)              98.454
3259       (1 0 2 3 2 1 2)              98.454
3260       (1 0 2 3 1 2 1)              98.455
3261       (1 0 1 2 1 1 1)              98.455
3262       (1 0 3 1 2 1 2)              98.456
3263       (1 0 2 3 2 1 2)              98.456
3264       (1 0 3 1 2 1 2)              98.457
3265       (1 0 1 2 0 0 1)              98.457
3266       (1 0 1 2 1 1 1)              98.458
3267       (1 0 3 1 2 1 2)              98.458
3268       (1 0 0 0 1 2 0)              98.459
3269       (1 0 2 3 2 1 2)              98.459
3270       (1 0 3 1 2 1 2)              98.455
3271       (1 0 2 3 2 1 2)              98.456
3272       (1 0 2 3 2 1 2)              98.456
3273       (1 0 1 2 1 1 1)              98.457
3274       (1 0 3 1 2 1 2)              98.457
3275       (1 0 1 2 1 1 1)              98.457
3276       (1 0 2 3 2 1 2)              98.458
3277       (1 0 2 3 2 1 2)              98.458
3278       (1 0 1 2 1 1 1)              98.459
3279       (1 0 2 3 2 1 2)              98.459
3280       (1 0 3 1 2 1 2)              98.460
3281       (1 0 1 2 1 1 1)              98.460
3282       (1 0 3 1 2 1 2)              98.461
3283       (1 0 2 3 1 2 1)              98.461
3284       (1 0 2 3 2 1 2)              98.462
3285       (1 0 2 3 2 1 2)              98.462
3286       (1 0 3 1 2 1 2)              98.463
3287       (1 0 1 2 1 1 1)              98.463
3288       (1 0 2 3 2 1 2)              98.464
3289       (1 0 1 2 1 1 1)              98.464
3290       (1 0 2 3 2 1 2)              98.465
3291       (1 0 2 3 2 1 1)              98.461
3292       (1 0 2 3 2 1 2)              98.461
3293       (1 0 2 3 2 1 2)              98.462
3294       (1 0 2 3 2 1 2)              98.462
3295       (1 0 2 3 1 2 1)              98.463
3296       (1 0 1 2 1 1 1)              98.463
3297       (1 0 1 2 1 1 1)              98.463
3298       (1 0 1 2 1 1 1)              98.464
3299       (1 0 2 3 2 1 2)              98.464
3300       (1 0 3 1 2 1 2)              98.465
3301       (1 0 2 3 2 1 2)              98.465
3302       (1 0 1 2 1 1 1)              98.466
3303       (1 0 0 0 2 2 1)              98.466
3304       (1 0 2 3 2 1 2)              98.467
3305       (1 0 2 3 2 1 2)              98.467
3306       (1 0 3 1 2 1 2)              98.468
3307       (1 0 1 2 1 1 1)              98.468
3308       (1 0 1 2 1 2 1)              98.464
3309       (1 0 1 2 1 1 1)              98.465
3310       (1 0 1 2 1 1 1)              98.465
3311       (1 0 2 3 2 1 1)              98.466
3312       (1 0 0 0 2 2 1)              98.466
3313       (1 0 2 3 1 1 1)              98.467
3314       (1 0 1 2 0 1 0)              98.458
3315       (1 0 1 2 1 1 1)              98.459
3316       (1 0 3 1 1 1 1)              98.459
3317       (1 0 3 1 2 1 2)              98.460
3318       (1 0 2 3 2 1 1)              98.460
3319       (1 0 3 1 2 1 2)              98.456
3320       (1 0 0 0 2 2 1)              98.457
3321       (1 0 3 1 2 1 2)              98.457
3322       (1 0 2 3 2 1 2)              98.458
3323       (1 0 2 3 2 1 2)              98.458
3324       (1 0 2 3 2 1 1)              98.459
3325       (1 0 2 3 2 1 2)              98.459
3326       (1 0 2 3 2 1 2)              98.460
3327       (1 0 2 3 2 1 2)              98.460
3328       (1 0 2 3 1 1 1)              98.461
3329       (1 0 3 1 2 1 2)              98.457
3330       (1 0 2 3 2 1 1)              98.457
3331       (1 0 3 1 2 1 1)              98.458
3332       (1 0 1 2 2 2 1)              98.458
3333       (1 0 3 1 2 1 2)              98.459
3334       (1 0 2 3 2 1 2)              98.459
3335       (1 0 1 2 1 1 1)              98.460
3336       (1 0 2 3 2 2 1)              98.460
3337       (1 0 3 1 2 1 2)              98.460
3338       (1 0 2 3 2 1 2)              98.461
3339       (1 0 2 3 2 1 2)              98.461
3340       (1 0 3 1 2 1 2)              98.462
3341       (1 0 1 2 1 1 1)              98.462
3342       (1 0 2 3 2 1 1)              98.463
3343       (1 0 2 3 1 1 0)              98.459
3344       (1 0 3 1 2 1 2)              98.459
3345       (1 0 2 3 2 1 2)              98.460
3346       (1 0 3 1 2 1 2)              98.460
3347       (1 0 2 3 2 1 2)              98.461
3348       (1 0 3 1 2 1 2)              98.457
3349       (1 0 2 3 1 1 1)              98.449
3350       (1 0 1 2 1 1 1)              98.449
3351       (1 0 2 3 2 1 2)              98.450
3352       (1 0 2 3 1 2 1)              98.450
3353       (1 0 2 3 2 1 2)              98.451
3354       (1 0 2 3 1 2 1)              98.451
3355       (1 0 3 1 2 1 1)              98.452
3356       (1 0 2 3 2 1 2)              98.452
3357       (1 0 2 3 2 1 2)              98.453
3358       (1 0 2 3 2 1 2)              98.453
3359       (1 0 1 2 1 2 1)              98.454
3360       (1 0 3 1 2 1 2)              98.454
3361       (1 0 2 3 1 2 1)              98.454
3362       (1 0 3 1 2 1 1)              98.455
3363       (1 0 1 2 1 1 1)              98.455
3364       (1 0 3 1 2 1 2)              98.456
3365       (1 0 2 3 2 1 2)              98.456
3366       (1 0 3 1 2 1 2)              98.457
3367       (1 0 2 3 2 1 1)              98.457
3368       (1 0 2 3 2 1 2)              98.458
3369       (1 0 2 3 2 1 2)              98.458
3370       (1 0 1 2 0 0 1)              98.459
3371       (1 0 3 1 2 1 2)              98.459
3372       (1 0 2 3 2 1 1)              98.460
3373       (1 0 2 3 2 1 2)              98.460
3374       (1 0 3 1 2 1 2)              98.460
3375       (1 0 2 3 2 1 2)              98.461
3376       (1 0 3 1 2 1 1)              98.457
3377       (1 0 2 3 2 1 2)              98.458
3378       (1 0 0 0 1 2 0)              98.458
3379       (1 0 3 1 2 1 2)              98.454
3380       (1 0 3 1 2 1 2)              98.455
3381       (1 0 2 3 2 1 2)              98.455
3382       (1 0 2 3 2 1 2)              98.456
3383       (1 0 2 3 2 1 2)              98.456
3384       (1 0 2 3 2 1 2)              98.457
3385       (1 0 1 2 1 2 0)              98.457
3386       (1 0 2 3 2 1 2)              98.457
3387       (1 0 2 3 2 1 2)              98.458
3388       (1 0 2 3 2 1 2)              98.458
3389       (1 0 2 3 2 1 2)              98.459
3390       (1 0 2 3 1 2 1)              98.459
3391       (1 0 2 3 2 1 2)              98.460
3392       (1 0 2 3 2 1 2)              98.460
3393       (1 0 2 3 2 1 1)              98.456
3394       (1 0 2 3 2 1 2)              98.457
3395       (1 0 1 2 1 1 1)              98.457
3396       (1 0 2 3 2 1 2)              98.458
3397       (1 0 1 2 0 0 1)              98.458
3398       (1 0 1 2 1 1 1)              98.459
3399       (1 0 3 1 1 1 1)              98.459
3400       (1 0 3 1 2 1 2)              98.460
3401       (1 0 2 3 2 1 2)              98.460
3402       (1 0 2 3 1 2 1)              98.461
3403       (1 0 2 3 2 1 2)              98.461
3404       (1 0 3 1 2 1 1)              98.461
3405       (1 0 3 1 1 1 1)              98.462
3406       (1 0 3 1 2 1 2)              98.462
3407       (1 0 3 1 2 1 2)              98.463
3408       (1 0 2 3 2 1 2)              98.463
3409       (1 0 3 1 2 1 2)              98.464
3410       (1 0 1 2 1 1 1)              98.464
3411       (1 0 2 3 2 1 2)              98.465
3412       (1 0 2 3 2 1 2)              98.465
3413       (1 0 3 1 2 1 2)              98.465
3414       (1 0 2 3 2 1 2)              98.466
3415       (1 0 1 2 1 1 1)              98.466
3416       (1 0 2 3 2 1 2)              98.467
3417       (1 0 1 2 1 1 1)              98.467
3418       (1 0 2 3 2 1 2)              98.468
3419       (1 0 2 3 2 1 2)              98.468
3421       (1 0 2 3 2 1 2)              98.469
3422       (1 0 2 3 1 1 1)              98.469
3423       (1 0 2 3 2 1 2)              98.470
3424       (1 0 3 1 2 1 2)              98.470
3425       (1 0 2 3 1 2 1)              98.470
3426       (1 0 1 2 1 1 1)              98.471
3427       (1 0 2 3 1 1 1)              98.471
3428       (1 0 3 1 2 1 2)              98.472
3429       (1 0 1 2 1 1 1)              98.472
3430       (1 0 2 3 2 1 2)              98.473
3431       (1 0 2 3 1 1 1)              98.473
3432       (1 0 1 2 1 1 1)              98.474
3433       (1 0 1 2 1 1 1)              98.474
3434       (1 0 1 2 1 1 1)              98.474
3435       (1 0 2 3 2 1 2)              98.475
3436       (1 0 2 3 2 1 2)              98.475
3437       (1 0 2 3 2 1 2)              98.476
3438       (1 0 2 3 2 1 1)              98.472
3439       (1 0 3 1 2 1 2)              98.473
3440       (1 0 2 3 2 1 2)              98.473
3441       (1 0 2 3 2 1 2)              98.473
3442       (1 0 3 1 2 1 1)              98.474
3443       (1 0 2 3 1 2 1)              98.470
3444       (1 0 1 2 2 2 1)              98.471
3445       (1 0 3 1 2 1 2)              98.471
3446       (1 0 1 2 1 1 1)              98.471
3447       (1 0 2 3 2 1 2)              98.472
3448       (1 0 1 2 1 1 1)              98.472
3449       (1 0 2 3 2 1 2)              98.473
3450       (1 0 3 1 2 1 2)              98.473
3451       (1 0 3 1 2 1 2)              98.474
3452       (1 0 2 3 1 2 1)              98.474
3453       (1 0 3 1 2 1 2)              98.470
3454       (1 0 1 2 1 1 1)              98.471
3455       (1 0 2 3 2 1 2)              98.471
3456       (1 0 1 2 1 1 1)              98.472
3457       (1 0 2 3 2 1 2)              98.472
3458       (1 0 3 1 2 1 2)              98.473
3459       (1 0 3 1 2 1 2)              98.473
3460       (1 0 1 2 1 1 1)              98.474
3461       (1 0 2 3 2 1 2)              98.474
3462       (1 0 2 3 2 1 2)              98.474
3463       (1 0 3 1 2 1 2)              98.475
3464       (1 0 3 1 2 1 2)              98.475
3465       (1 0 0 0 0 2 0)              98.476
3466       (1 0 3 1 2 1 1)              98.476
3467       (1 0 3 1 2 1 2)              98.477
3468       (1 0 3 1 2 1 2)              98.477
3469       (1 0 2 3 1 2 1)              98.478
3470       (1 0 3 1 1 1 1)              98.478
3471       (1 0 3 1 2 1 2)              98.478
3472       (1 0 2 3 2 1 2)              98.479
3473       (1 0 2 3 2 1 1)              98.479
3474       (1 0 3 1 2 1 2)              98.480
3475       (1 0 3 1 2 1 2)              98.480
3476       (1 0 1 2 1 1 1)              98.481
3477       (1 0 3 1 2 1 2)              98.481
3478       (1 0 0 0 1 2 0)              98.481
3479       (1 0 3 1 2 1 2)              98.482
3480       (1 0 3 1 2 1 2)              98.482
3481       (1 0 2 3 2 1 2)              98.483
3482       (1 0 3 1 2 1 2)              98.479
3483       (1 0 2 3 2 1 2)              98.480
3484       (1 0 2 3 2 1 2)              98.480
3485       (1 0 3 1 2 1 2)              98.480
3486       (1 0 3 1 2 1 2)              98.481
3487       (1 0 2 3 2 1 2)              98.481
3488       (1 0 3 1 2 1 2)              98.482
3489       (1 0 2 3 2 1 2)              98.482
3490       (1 0 3 1 1 2 1)              98.483
3491       (1 0 3 1 2 1 2)              98.483
3492       (1 0 3 1 2 1 2)              98.483
3493       (1 0 1 2 1 1 1)              98.484
3494       (1 0 1 2 1 1 1)              98.484
3495       (1 0 2 3 2 1 2)              98.485
3496       (1 0 2 3 2 1 2)              98.485
3497       (1 0 2 3 2 1 2)              98.486
3498       (1 0 2 3 2 1 2)              98.486
3499       (1 0 1 2 1 2 1)              98.487
3500       (1 0 1 2 1 1 1)              98.487
3501       (1 0 0 0 1 2 0)              98.487
3502       (1 0 1 2 1 1 1)              98.488
3503       (1 0 1 2 1 1 1)              98.488
3504       (1 0 3 1 2 1 2)              98.489
3505       (1 0 2 3 2 1 2)              98.489
3506       (1 0 2 3 2 1 2)              98.490
3507       (1 0 1 2 1 1 1)              98.490
3508       (1 0 2 3 2 1 2)              98.490
3509       (1 0 2 3 2 1 1)              98.491
3510       (1 0 3 1 2 1 2)              98.491
3511       (1 0 3 1 2 1 2)              98.492
3512       (1 0 2 3 2 1 2)              98.492
3513       (1 0 1 1 0 0 1)              98.484
3514       (1 0 1 2 1 1 1)              98.485
3515       (1 0 2 3 2 1 2)              98.485
3516       (1 0 3 1 2 1 2)              98.486
3517       (1 0 2 3 2 1 2)              98.486
3518       (1 0 3 1 2 1 2)              98.487
3519       (1 0 2 3 2 1 2)              98.487
3520       (1 0 2 3 1 1 1)              98.487
3521       (1 0 2 3 1 1 1)              98.488
3522       (1 0 2 3 1 1 1)              98.488
3523       (1 0 2 3 2 1 2)              98.489
3524       (1 0 1 2 1 1 1)              98.489
3525       (1 0 2 3 2 1 2)              98.490
3526       (1 0 2 3 2 1 2)              98.490
3527       (1 0 3 1 2 1 2)              98.486
3528       (1 0 2 3 2 1 2)              98.487
3529       (1 0 2 3 2 1 2)              98.487
3530       (1 0 2 3 1 2 0)              98.488
3531       (1 0 2 3 2 1 2)              98.488
3532       (1 0 3 1 2 1 2)              98.489
3533       (1 0 1 2 1 2 1)              98.489
3534       (1 0 2 3 2 1 2)              98.489
3535       (1 0 1 2 1 1 1)              98.490
3536       (1 0 2 3 1 1 1)              98.490
3537       (1 0 0 0 1 2 0)              98.491
3538       (1 0 1 2 1 1 1)              98.491
3539       (1 0 3 1 2 1 2)              98.492
3540       (1 0 3 1 2 1 2)              98.488
3541       (1 0 1 2 1 1 1)              98.488
3542       (1 0 1 2 1 1 1)              98.489
3543       (1 0 2 3 2 1 2)              98.489
3544       (1 0 2 3 2 1 2)              98.490
3545       (1 0 2 3 2 1 2)              98.490
3546       (1 0 2 3 2 1 2)              98.490
3547       (1 0 2 3 2 1 2)              98.491
3548       (1 0 2 3 2 1 2)              98.491
3549       (1 0 1 2 1 1 1)              98.492
3550       (1 0 2 3 2 1 2)              98.492
3551       (1 0 2 3 2 1 2)              98.493
3552       (1 0 2 3 2 1 2)              98.493
3553       (1 0 2 3 2 1 1)              98.493
3554       (1 0 2 3 2 1 2)              98.494
3555       (1 0 2 3 2 1 2)              98.494
3556       (1 0 1 2 1 1 1)              98.495
3557       (1 0 3 1 2 1 2)              98.495
3558       (1 0 2 3 2 1 2)              98.496
3559       (1 0 3 1 1 1 1)              98.496
3560       (1 0 2 3 1 2 1)              98.496
3561       (1 0 2 3 2 1 2)              98.497
3562       (1 0 3 1 2 1 2)              98.497
3563       (1 0 3 1 2 1 2)              98.498
3564       (1 0 2 3 2 1 1)              98.498
3565       (1 0 1 2 1 1 1)              98.499
3566       (1 0 1 2 1 1 1)              98.499
3567       (1 0 1 2 1 1 1)              98.499
3568       (1 0 2 3 1 2 1)              98.500
3569       (1 0 3 1 2 1 2)              98.500
3570       (1 0 3 1 2 1 2)              98.501
3571       (1 0 2 3 2 1 1)              98.501
3572       (1 0 3 1 2 1 2)              98.498
3573       (1 0 2 3 2 1 2)              98.498
3574       (1 0 2 3 2 2 1)              98.498
3575       (1 0 2 3 2 1 2)              98.499
3576       (1 0 2 3 2 1 2)              98.499
3577       (1 0 2 3 2 1 2)              98.500
3578       (1 0 1 2 1 1 1)              98.500
3579       (1 0 1 2 0 0 1)              98.500
3580       (1 0 1 2 1 1 1)              98.501
3581       (1 0 2 3 2 1 1)              98.501
3582       (1 0 1 2 1 1 1)              98.502
3583       (1 0 3 1 2 1 2)              98.502
3584       (1 0 2 3 2 1 2)              98.503
3585       (1 0 3 1 2 1 2)              98.503
3586       (1 0 3 1 1 1 1)              98.495
3587       (1 0 2 3 2 1 2)              98.496
3588       (1 0 2 3 1 2 1)              98.496
3589       (1 0 2 3 2 1 2)              98.497
3590       (1 0 3 1 2 1 2)              98.497
3591       (1 0 2 3 2 1 2)              98.498
3592       (1 0 1 2 1 2 0)              98.498
3593       (1 0 3 1 2 1 2)              98.498
3594       (1 0 2 3 2 1 2)              98.499
3595       (1 0 3 1 2 1 2)              98.499
3596       (1 0 1 2 1 1 1)              98.500
3597       (1 0 2 3 2 1 2)              98.500
3598       (1 0 2 3 2 1 2)              98.500
3599       (1 0 2 3 2 1 2)              98.501
3600       (1 0 2 3 1 2 0)              98.497
3601       (1 0 2 3 2 1 1)              98.498
3602       (1 0 1 2 1 2 1)              98.494
3603       (1 0 2 3 2 1 2)              98.495
3604       (1 0 2 3 2 1 2)              98.495
3605       (1 0 3 1 2 1 2)              98.491
3606       (1 0 1 2 1 1 1)              98.492
3607       (1 0 2 1 2 1 2)              98.480
3608       (1 0 3 1 1 1 1)              98.481
3609       (1 0 1 2 1 2 0)              98.481
3610       (1 0 2 3 2 1 2)              98.482
3611       (1 0 1 2 1 1 1)              98.482
3612       (1 0 2 3 2 1 2)              98.482
3613       (1 0 2 3 2 1 2)              98.483
3614       (1 0 1 2 1 1 1)              98.483
3615       (1 0 2 3 1 1 1)              98.484
3616       (1 0 3 1 2 1 2)              98.484
3617       (1 0 2 3 2 1 2)              98.485
3618       (1 0 2 3 1 1 1)              98.481
3619       (1 0 2 3 2 1 2)              98.481
3620       (1 0 3 1 2 1 2)              98.482
3621       (1 0 2 3 2 1 1)              98.478
3622       (1 0 3 1 2 1 2)              98.479
3623       (1 0 1 2 1 1 1)              98.479
3624       (1 0 2 3 2 1 2)              98.480
3625       (1 0 2 3 2 1 2)              98.480
3626       (1 0 0 3 0 0 0)              98.476
3627       (1 0 3 1 2 1 2)              98.477
3628       (1 0 2 3 2 1 2)              98.477
3629       (1 0 2 3 2 1 2)              98.478
3630       (1 0 1 2 1 1 1)              98.478
3631       (1 0 3 1 2 1 2)              98.479
3632       (1 0 3 1 2 1 2)              98.479
3633       (1 0 1 2 2 2 1)              98.479
3634       (1 0 2 3 2 1 2)              98.480
3635       (1 0 2 3 2 1 2)              98.480
3636       (1 0 1 2 0 0 1)              98.481
3637       (1 0 1 2 1 1 1)              98.481
3638       (1 0 2 3 2 1 2)              98.482
3639       (1 0 2 3 1 2 1)              98.482
3640       (1 0 2 3 1 1 1)              98.482
3641       (1 0 2 3 2 1 2)              98.483
3642       (1 0 2 3 1 1 1)              98.483
3643       (1 0 2 3 2 1 2)              98.484
3644       (1 0 3 1 2 1 2)              98.480
3645       (1 0 2 3 2 1 2)              98.480
3646       (1 0 2 3 2 1 2)              98.481
3647       (1 0 1 2 1 1 1)              98.481
3648       (1 0 2 3 2 1 2)              98.482
3649       (1 0 1 2 1 2 1)              98.478
3650       (1 0 1 2 1 1 1)              98.479
3651       (1 0 2 3 2 1 2)              98.479
3652       (1 0 3 1 2 1 1)              98.479
3653       (1 0 2 3 2 1 2)              98.480
3654       (1 0 3 1 2 1 2)              98.480
3655       (1 0 2 3 2 1 2)              98.481
3656       (1 0 1 2 1 1 1)              98.481
3657       (1 0 3 1 2 1 2)              98.482
3658       (1 0 2 3 1 2 1)              98.482
3659       (1 0 2 3 2 1 2)              98.482
3660       (1 0 2 3 1 2 1)              98.483
3661       (1 0 1 2 1 1 1)              98.483
3662       (1 0 2 3 2 1 2)              98.484
3663       (1 0 2 3 1 2 1)              98.484
3664       (1 0 2 3 1 1 1)              98.484
3665       (1 0 1 2 1 1 1)              98.485
3666       (1 0 2 3 2 1 2)              98.485
3667       (1 0 3 1 1 2 0)              98.478
3668       (1 0 2 3 1 2 1)              98.478
3669       (1 0 2 3 2 1 2)              98.479
3670       (1 0 2 3 2 1 2)              98.479
3671       (1 0 1 2 1 1 1)              98.480
3672       (1 0 3 1 2 1 2)              98.480
3673       (1 0 2 3 1 1 1)              98.477
3674       (1 0 3 1 2 1 2)              98.477
3675       (1 0 2 3 1 1 1)              98.477
3676       (1 0 2 3 2 1 2)              98.478
3677       (1 0 3 1 2 1 2)              98.478
3678       (1 0 2 3 2 1 2)              98.479
3679       (1 0 1 2 1 1 1)              98.479
3680       (1 0 2 3 2 1 2)              98.479
3681       (1 0 1 2 1 1 1)              98.480
3682       (1 0 3 1 2 1 2)              98.480
3683       (1 0 1 2 1 1 1)              98.481
3684       (1 0 3 1 2 1 2)              98.481
3685       (1 0 0 0 1 2 0)              98.481
3686       (1 0 2 3 2 1 2)              98.482
3687       (1 0 1 2 1 1 1)              98.482
3688       (1 0 1 2 1 1 1)              98.483
3689       (1 0 1 2 1 1 1)              98.483
3690       (1 0 3 1 2 1 2)              98.484
3691       (1 0 1 2 1 1 1)              98.484
3692       (1 0 2 3 2 1 2)              98.484
3693       (1 0 3 1 2 1 1)              98.485
3694       (1 0 3 1 2 1 2)              98.485
3695       (1 0 2 3 2 1 2)              98.486
3696       (1 0 2 3 2 1 1)              98.482
3697       (1 0 2 3 2 1 1)              98.483
3698       (1 0 2 3 2 1 2)              98.483
3699       (1 0 2 3 2 1 2)              98.483
3700       (1 0 1 2 0 0 1)              98.484
3701       (1 0 3 1 2 1 2)              98.484
3702       (1 0 1 2 1 1 1)              98.485
3703       (1 0 2 3 2 1 2)              98.485
3704       (1 0 3 1 2 1 2)              98.482
3705       (1 0 2 3 2 1 2)              98.482
3706       (1 0 1 2 1 1 1)              98.482
3707       (1 0 3 1 1 1 1)              98.483
3708       (1 0 2 3 1 1 1)              98.483
3709       (1 0 2 3 1 2 1)              98.480
3710       (1 0 1 2 1 1 1)              98.480
3711       (1 0 2 3 2 1 2)              98.481
3712       (1 0 1 2 1 1 1)              98.481
3713       (1 0 2 3 2 1 2)              98.481
3714       (1 0 2 3 2 1 2)              98.482
3715       (1 0 2 3 2 1 2)              98.482
3716       (1 0 2 3 2 1 2)              98.483
3717       (1 0 2 3 2 1 2)              98.483
3718       (1 0 2 3 2 1 2)              98.483
3719       (1 0 3 1 2 1 2)              98.484
3720       (1 0 2 3 1 2 1)              98.484
3721       (1 0 2 3 1 1 1)              98.485
3722       (1 0 2 3 1 2 1)              98.485
3723       (1 0 3 1 2 1 2)              98.485
3724       (1 0 1 2 1 1 1)              98.486
3725       (1 0 0 0 1 2 0)              98.486
3726       (1 0 2 3 2 1 2)              98.487
3727       (1 0 2 3 2 1 2)              98.487
3728       (1 0 1 2 2 2 1)              98.488
3729       (1 0 2 3 2 1 2)              98.488
3730       (1 0 1 2 1 1 1)              98.488
3731       (1 0 1 2 1 2 1)              98.485
3732       (1 0 2 1 2 1 1)              98.478
3733       (1 0 3 1 2 1 2)              98.474
3734       (1 0 3 1 2 1 2)              98.475
3735       (1 0 2 3 1 1 1)              98.475
3736       (1 0 2 3 2 1 2)              98.475
3737       (1 0 3 1 2 1 2)              98.476
3738       (1 0 3 1 2 1 2)              98.476
3739       (1 0 2 3 2 1 2)              98.477
3740       (1 0 2 3 1 2 1)              98.477
3741       (1 0 1 2 1 1 1)              98.477
3742       (1 0 2 3 2 1 2)              98.478
3743       (1 0 3 1 1 1 1)              98.478
3744       (1 0 2 3 2 1 2)              98.479
3745       (1 0 1 2 1 1 1)              98.479
3746       (1 0 2 3 1 2 1)              98.480
3747       (1 0 3 0 0 0 0)              98.468
3748       (1 0 3 1 2 1 2)              98.469
3749       (1 0 3 1 2 1 2)              98.469
3750       (1 0 2 3 2 1 2)              98.470
3751       (1 0 2 3 2 1 2)              98.470
3752       (1 0 3 1 2 1 2)              98.470
3753       (1 0 3 1 2 1 2)              98.471
3754       (1 0 1 2 2 2 1)              98.471
3755       (1 0 2 3 2 1 2)              98.472
3756       (1 0 2 3 1 2 1)              98.472
3757       (1 0 3 1 2 1 2)              98.473
3758       (1 0 2 3 2 1 2)              98.473
3759       (1 0 2 3 2 1 2)              98.473
3760       (1 0 3 1 2 1 2)              98.474
3761       (1 0 2 3 1 2 0)              98.470
3762       (1 0 2 3 2 1 2)              98.471
3763       (1 0 1 2 1 1 1)              98.471
3764       (1 0 2 3 2 1 2)              98.472
3765       (1 0 0 0 1 2 0)              98.472
3766       (1 0 2 3 2 1 2)              98.472
3767       (1 0 2 3 2 1 2)              98.473
3768       (1 0 3 1 2 1 2)              98.473
3769       (1 0 3 1 2 1 2)              98.474
3770       (1 0 1 2 1 1 1)              98.474
3771       (1 0 2 3 2 1 2)              98.474
3772       (1 0 3 1 2 1 2)              98.475
3773       (1 0 2 3 2 1 2)              98.475
3774       (1 0 2 3 2 1 1)              98.476
3775       (1 0 2 3 2 1 2)              98.476
3776       (1 0 2 3 2 1 2)              98.476
3777       (1 0 2 3 1 1 1)              98.477
3778       (1 0 1 2 1 1 1)              98.477
3779       (1 0 1 2 1 1 1)              98.478
3780       (1 0 1 2 1 1 1)              98.478
3781       (1 0 3 1 2 1 2)              98.475
3782       (1 0 2 3 2 1 2)              98.475
3783       (1 0 2 3 1 1 1)              98.475
3784       (1 0 2 3 2 1 2)              98.468
3785       (1 0 2 3 1 2 0)              98.465
3786       (1 0 2 3 2 1 2)              98.465
3787       (1 0 1 2 1 1 1)              98.466
3788       (1 0 1 2 1 1 1)              98.466
3789       (1 0 1 2 1 1 1)              98.467
3790       (1 0 2 3 2 1 1)              98.463
3791       (1 0 1 2 1 1 1)              98.464
3792       (1 0 3 1 2 1 2)              98.464
3793       (1 0 3 1 1 1 1)              98.464
3794       (1 0 1 2 1 1 1)              98.465
3795       (1 0 1 2 1 1 1)              98.465
3796       (1 0 2 3 2 1 2)              98.466
3797       (1 0 1 2 1 2 1)              98.466
3798       (1 0 1 2 2 2 1)              98.466
3799       (1 0 3 1 2 1 2)              98.467
3800       (1 0 3 1 2 1 2)              98.467
3801       (1 0 2 3 2 1 2)              98.468
3802       (1 0 2 3 2 1 2)              98.468
3803       (1 0 2 3 2 1 2)              98.468
3804       (1 0 2 3 2 1 2)              98.469
3805       (1 0 2 3 1 2 1)              98.469
3806       (1 0 1 2 1 1 1)              98.470
3807       (1 0 3 1 2 1 2)              98.470
3808       (1 0 3 1 2 1 2)              98.467
3809       (1 0 2 3 2 1 2)              98.467
3810       (1 0 1 2 1 1 1)              98.468
3811       (1 0 2 3 2 1 1)              98.468
3812       (1 0 1 2 1 1 1)              98.468
3813       (1 0 2 3 2 1 2)              98.469
3814       (1 0 1 2 1 1 1)              98.469
3815       (1 0 3 1 2 1 2)              98.470
3816       (1 0 1 0 1 0 1)              98.466
3817       (1 0 2 3 2 1 1)              98.467
3818       (1 0 2 3 2 1 1)              98.467
3819       (1 0 3 1 2 1 2)              98.467
3820       (1 0 2 3 2 1 2)              98.468
3821       (1 0 2 3 2 1 1)              98.468
3822       (1 0 1 2 1 1 1)              98.469
3823       (1 0 2 3 2 1 2)              98.469
3824       (1 0 2 3 1 1 1)              98.469
3825       (1 0 2 3 1 2 1)              98.470
3826       (1 0 1 2 1 1 1)              98.470
3827       (1 0 2 3 2 1 2)              98.471
3828       (1 0 1 2 1 1 1)              98.471
3829       (1 0 2 3 2 1 2)              98.471
3830       (1 0 3 1 2 1 2)              98.472
3831       (1 0 3 1 2 1 2)              98.472
3832       (1 0 3 1 2 1 2)              98.473
3833       (1 0 2 3 2 1 2)              98.473
3834       (1 0 2 3 2 1 2)              98.473
3835       (1 0 2 3 1 2 1)              98.474
3836       (1 0 3 1 2 1 1)              98.474
3837       (1 0 2 3 2 1 2)              98.471
3838       (1 0 1 2 1 1 1)              98.471
3839       (1 0 2 3 1 2 1)              98.472
3840       (1 0 2 3 1 1 1)              98.472
3841       (1 0 2 3 2 1 2)              98.472
3842       (1 0 3 1 2 1 2)              98.469
3843       (1 0 2 3 2 1 2)              98.470
3844       (1 0 3 1 2 1 1)              98.466
3845       (1 0 2 3 2 1 2)              98.467
3846       (1 0 2 3 2 1 2)              98.467
3847       (1 0 1 2 1 1 1)              98.467
3848       (1 0 1 2 1 2 1)              98.464
3849       (1 0 2 3 2 1 2)              98.464
3850       (1 0 2 3 2 1 2)              98.465
3851       (1 0 1 2 1 1 1)              98.465
3852       (1 0 3 1 2 1 2)              98.462
3853       (1 0 3 1 2 1 2)              98.459
3854       (1 0 1 2 1 1 1)              98.459
3855       (1 0 2 3 2 1 2)              98.459
3856       (1 0 2 3 1 1 1)              98.452
3857       (1 0 2 3 2 1 2)              98.453
3858       (1 0 2 3 2 1 2)              98.453
3859       (1 0 2 3 2 1 2)              98.454
3860       (1 0 0 0 1 2 0)              98.454
3861       (1 0 2 3 1 2 1)              98.454
3862       (1 0 1 2 1 1 1)              98.455
3863       (1 0 2 3 2 1 2)              98.455
3864       (1 0 1 2 1 1 1)              98.456
3865       (1 0 2 3 1 2 1)              98.456
3866       (1 0 2 3 2 1 2)              98.456
3867       (1 0 1 2 1 1 1)              98.457
3868       (1 0 2 3 2 1 2)              98.457
3869       (1 0 1 2 1 2 1)              98.458
3870       (1 0 2 3 1 2 1)              98.458
3871       (1 0 3 1 2 1 2)              98.458
3872       (1 0 2 3 2 1 2)              98.459
3873       (1 0 3 1 2 1 2)              98.455
3874       (1 0 3 1 2 1 2)              98.456
3875       (1 0 3 1 2 1 2)              98.456
3876       (1 0 2 3 2 1 2)              98.457
3877       (1 0 3 1 2 1 1)              98.457
3878       (1 0 2 3 1 2 1)              98.457
3879       (1 0 1 2 1 1 1)              98.458
3880       (1 0 1 2 1 1 1)              98.458
3881       (1 0 2 3 1 1 1)              98.459
3882       (1 0 2 3 2 1 2)              98.459
3883       (1 0 2 3 2 1 2)              98.459
3884       (1 0 2 3 2 1 1)              98.460
3885       (1 0 2 3 2 1 2)              98.460
3886       (1 0 3 1 2 1 2)              98.461
3887       (1 0 1 2 1 1 1)              98.461
3888       (1 0 0 0 1 2 0)              98.461
3889       (1 0 2 3 2 1 2)              98.462
3890       (1 0 2 3 2 1 1)              98.462
3891       (1 0 3 1 2 1 2)              98.463
3892       (1 0 3 1 2 1 2)              98.463
3893       (1 0 2 3 1 1 1)              98.456
3894       (1 0 2 3 2 1 2)              98.456
3895       (1 0 2 3 1 2 1)              98.457
3896       (1 0 1 2 1 1 1)              98.457
3897       (1 0 2 3 2 1 2)              98.458
3898       (1 0 2 3 2 1 2)              98.458
3899       (1 0 2 3 2 1 1)              98.455
3900       (1 0 2 3 1 2 1)              98.455
3901       (1 0 2 3 2 1 2)              98.456
3902       (1 0 3 1 2 1 2)              98.456
3903       (1 0 1 2 2 1 2)              98.449
3904       (1 0 2 3 1 1 1)              98.449
3905       (1 0 2 3 1 1 1)              98.450
3906       (1 0 2 3 2 1 2)              98.450
3907       (1 0 2 3 2 1 2)              98.451
3908       (1 0 2 3 2 1 2)              98.451
3909       (1 0 1 2 1 2 1)              98.451
3910       (1 0 3 1 2 1 2)              98.452
3911       (1 0 2 3 2 1 2)              98.452
3912       (1 0 1 2 1 1 1)              98.453
3913       (1 0 2 3 2 1 2)              98.453
3914       (1 0 2 3 1 1 1)              98.453
3915       (1 0 2 3 2 1 2)              98.454
3916       (1 0 3 1 2 1 2)              98.454
3917       (1 0 3 1 2 1 2)              98.455
3918       (1 0 2 3 2 1 2)              98.455
3919       (1 0 3 1 2 1 1)              98.455
3920       (1 0 2 3 1 1 1)              98.452
3921       (1 0 1 2 1 2 1)              98.449
3922       (1 0 2 3 2 1 1)              98.449
3923       (1 0 1 2 0 0 1)              98.450
3924       (1 0 1 2 1 1 1)              98.450
3925       (1 0 2 3 2 1 2)              98.450
3926       (1 0 3 1 2 1 2)              98.451
3927       (1 0 3 1 2 1 2)              98.448
3928       (1 0 2 3 2 1 2)              98.448
3929       (1 0 3 1 2 1 2)              98.448
3930       (1 0 2 3 2 1 2)              98.449
3931       (1 0 2 3 1 2 1)              98.449
3932       (1 0 1 2 1 2 1)              98.450
3933       (1 0 2 3 2 1 2)              98.450
3934       (1 0 1 2 1 1 1)              98.450
3935       (1 0 1 2 1 1 1)              98.443
3936       (1 0 2 3 1 0 1)              98.440
3937       (1 0 2 3 2 1 2)              98.441
3938       (1 0 2 3 2 1 2)              98.441
3939       (1 0 2 3 2 1 2)              98.441
3940       (1 0 2 3 1 1 1)              98.442
3941       (1 0 2 3 2 1 2)              98.442
3942       (1 0 2 3 2 1 2)              98.443
3943       (1 0 2 3 2 1 2)              98.443
3944       (1 0 2 3 2 1 2)              98.443
3945       (1 0 2 3 2 1 2)              98.444
3946       (1 0 2 3 2 1 2)              98.444
3947       (1 0 2 3 2 1 2)              98.445
3948       (1 0 3 1 2 1 2)              98.445
3949       (1 0 3 1 2 1 2)              98.445
3950       (1 0 3 1 2 1 2)              98.446
3951       (1 0 1 2 1 1 1)              98.446
3952       (1 0 3 1 2 1 2)              98.447
3953       (1 0 3 1 2 1 2)              98.447
3954       (1 0 3 1 2 1 2)              98.447
3955       (1 0 2 3 2 1 2)              98.448
3956       (1 0 3 1 2 1 1)              98.448
3957       (1 0 2 3 2 1 2)              98.449
3958       (1 0 2 3 2 1 2)              98.449
3959       (1 0 0 0 1 0 1)              98.449
3960       (1 0 2 3 2 1 2)              98.450
3961       (1 0 3 1 2 1 2)              98.446
3962       (1 0 1 2 1 1 1)              98.447
3963       (1 0 3 1 2 1 2)              98.447
3964       (1 0 3 1 2 1 2)              98.448
3965       (1 0 3 1 2 1 2)              98.448
3966       (1 0 3 1 2 1 2)              98.448
3967       (1 0 2 3 2 1 2)              98.449
3968       (1 0 2 3 1 2 1)              98.449
3969       (1 0 2 3 2 1 2)              98.450
3970       (1 0 3 1 2 1 2)              98.450
3971       (1 0 2 3 1 1 1)              98.450
3972       (1 0 2 3 2 1 2)              98.451
3973       (1 0 2 3 2 1 2)              98.451
3974       (1 0 2 3 2 1 2)              98.452
3975       (1 0 2 3 2 1 2)              98.452
3976       (1 0 3 1 2 1 2)              98.452
3977       (1 0 2 3 2 1 2)              98.453
3978       (1 0 1 2 1 1 1)              98.453
3979       (1 0 1 2 1 2 1)              98.454
3980       (1 0 2 3 2 1 2)              98.454
3981       (1 0 2 3 1 1 1)              98.447
3982       (1 0 3 1 2 1 2)              98.448
3983       (1 0 3 1 2 1 2)              98.448
3984       (1 0 1 2 1 1 1)              98.448
3985       (1 0 2 3 2 1 2)              98.449
3986       (1 0 0 0 2 2 1)              98.449
3987       (1 0 2 3 2 1 1)              98.446
3988       (1 0 1 2 1 1 1)              98.446
3989       (1 0 1 2 1 1 1)              98.447
3990       (1 0 1 2 0 0 1)              98.447
3991       (1 0 0 0 0 2 0)              98.447
3992       (1 0 3 1 1 1 1)              98.448
3993       (1 0 0 0 2 2 1)              98.448
3994       (1 0 2 3 2 1 2)              98.449
3995       (1 0 2 3 2 1 2)              98.449
3996       (1 0 3 1 0 1 1)              98.449
3997       (1 0 3 1 1 1 1)              98.450
3998       (1 0 3 1 2 1 2)              98.450
3999       (1 0 2 3 2 1 2)              98.451
4000       (1 0 1 2 1 1 1)              98.451
4001       (1 0 3 1 2 1 2)              98.451
4002       (1 0 2 3 2 1 2)              98.452
4003       (1 0 3 1 2 1 2)              98.452
4004       (1 0 2 3 2 1 2)              98.453
4005       (1 0 3 1 2 1 2)              98.453
4006       (1 0 3 1 2 1 2)              98.453
4007       (1 0 2 3 2 1 2)              98.454
4008       (1 0 2 3 2 1 2)              98.454
4009       (1 0 1 2 1 1 1)              98.454
4010       (1 0 3 1 2 1 2)              98.451
4011       (1 0 2 3 2 1 2)              98.452
4012       (1 0 1 2 1 1 1)              98.452
4013       (1 0 2 3 2 1 2)              98.452
4014       (1 0 2 3 2 1 2)              98.453
4015       (1 0 3 1 2 1 2)              98.453
4016       (1 0 2 3 2 1 2)              98.454
4017       (1 0 2 3 2 1 2)              98.447
4018       (1 0 1 2 1 1 1)              98.447
4019       (1 0 2 3 1 2 1)              98.448
4020       (1 0 3 1 2 1 2)              98.448
4021       (1 0 1 2 1 1 1)              98.448
4022       (1 0 2 3 2 1 1)              98.449
4023       (1 0 3 1 2 1 2)              98.449
4024       (1 0 2 3 1 1 1)              98.450
4025       (1 0 2 3 2 1 2)              98.450
4026       (1 0 2 3 1 1 1)              98.450
4027       (1 0 2 3 2 1 1)              98.447
4028       (1 0 2 3 2 1 2)              98.448
4029       (1 0 2 3 2 1 2)              98.448
4030       (1 0 2 3 1 2 1)              98.448
4031       (1 0 2 3 2 1 2)              98.449
4032       (1 0 2 3 2 1 1)              98.446
4033       (1 0 2 3 2 1 2)              98.446
4034       (1 0 3 1 2 1 2)              98.446
4035       (1 0 0 0 1 2 0)              98.447
4036       (1 0 1 2 1 2 0)              98.447
4037       (1 0 2 3 2 1 2)              98.447
4038       (1 0 2 3 2 1 2)              98.448
4039       (1 0 1 2 1 1 1)              98.448
4040       (1 0 3 1 2 1 2)              98.445
4041       (1 0 2 3 2 1 2)              98.445
4042       (1 0 2 3 2 1 2)              98.446
4043       (1 0 3 1 2 1 2)              98.446
4044       (1 0 2 3 1 2 1)              98.447
4045       (1 0 2 3 1 2 1)              98.447
4046       (1 0 2 3 2 1 2)              98.447
4047       (1 0 1 2 1 1 1)              98.448
4048       (1 0 1 2 1 1 1)              98.448
4049       (1 0 3 1 2 1 2)              98.449
4050       (1 0 2 3 2 1 2)              98.449
4051       (1 0 2 3 2 1 2)              98.449
4052       (1 0 2 3 2 1 2)              98.450
4053       (1 0 3 1 2 1 2)              98.450
4054       (1 0 1 2 1 1 1)              98.450
4055       (1 0 3 1 1 2 1)              98.451
4056       (1 0 1 2 1 1 1)              98.451
4057       (1 0 2 3 2 1 2)              98.452
4058       (1 0 3 1 2 1 2)              98.452
4059       (1 0 2 3 2 1 2)              98.452
4060       (1 0 1 2 2 2 1)              98.453
4061       (1 0 2 3 2 1 1)              98.453
4062       (1 0 2 3 2 1 1)              98.453
4063       (1 0 2 3 2 1 2)              98.454
4064       (1 0 1 2 1 1 1)              98.454
4065       (1 0 2 3 2 1 2)              98.448
4066       (1 0 2 3 1 2 1)              98.448
4067       (1 0 3 1 2 1 2)              98.448
4068       (1 0 2 3 2 1 2)              98.449
4069       (1 0 1 2 1 1 1)              98.449
4070       (1 0 2 3 2 1 2)              98.450
4071       (1 0 3 1 2 1 2)              98.450
4072       (1 0 3 1 2 1 2)              98.450
4073       (1 0 1 2 1 1 1)              98.451
4074       (1 0 1 2 1 1 1)              98.451
4075       (1 0 2 3 1 2 1)              98.451
4076       (1 0 2 3 2 1 2)              98.452
4077       (1 0 3 1 2 1 2)              98.449
4078       (1 0 1 2 1 1 1)              98.449
4079       (1 0 1 2 1 1 1)              98.449
4080       (1 0 2 3 2 1 2)              98.450
4081       (1 0 2 3 2 1 1)              98.450
4082       (1 0 2 3 2 1 2)              98.451
4083       (1 0 1 2 1 1 1)              98.451
4084       (1 0 2 3 2 1 2)              98.451
4085       (1 0 1 2 1 1 1)              98.452
4086       (1 0 2 3 2 1 2)              98.452
4087       (1 0 3 1 2 1 2)              98.452
4088       (1 0 1 2 1 1 1)              98.453
4089       (1 0 2 3 2 1 2)              98.453
4090       (1 0 3 1 2 1 2)              98.454
4091       (1 0 2 3 1 1 1)              98.447
4092       (1 0 1 2 1 1 1)              98.447
4093       (1 0 2 3 2 1 2)              98.448
4094       (1 0 2 3 2 1 2)              98.448
4095       (1 0 1 2 2 2 1)              98.448
4096       (1 0 3 1 2 1 2)              98.449
4097       (1 0 2 3 2 1 2)              98.449
4098       (1 0 3 1 2 1 2)              98.450
4099       (1 0 3 1 2 1 2)              98.450
4100       (1 0 3 1 2 1 1)              98.450
4101       (1 0 2 3 2 1 2)              98.451
4102       (1 0 3 1 2 1 2)              98.451
4103       (1 0 0 0 0 2 1)              98.452
4104       (1 0 1 2 1 1 1)              98.452
4105       (1 0 2 3 1 1 1)              98.449
4106       (1 0 2 3 2 1 2)              98.449
4107       (1 0 3 1 2 1 2)              98.450
4108       (1 0 2 3 2 1 2)              98.450
4109       (1 0 2 3 2 1 2)              98.450
4110       (1 0 1 2 1 1 1)              98.451
4111       (1 0 2 3 2 1 1)              98.451
4112       (1 0 2 3 2 1 1)              98.451
4113       (1 0 2 3 2 1 2)              98.452
4114       (1 0 2 3 1 2 1)              98.452
4115       (1 0 1 2 1 1 1)              98.453
4116       (1 0 2 3 2 1 2)              98.453
4117       (1 0 1 2 1 2 1)              98.453
4118       (1 0 2 3 1 1 1)              98.454
4119       (1 0 1 2 0 0 1)              98.454
4120       (1 0 2 3 1 1 1)              98.454
4121       (1 0 2 3 1 1 1)              98.455
4122       (1 0 2 3 2 1 2)              98.455
4123       (1 0 2 3 2 1 2)              98.456
4124       (1 0 2 3 2 1 2)              98.456
4125       (1 0 2 3 2 1 1)              98.453
4126       (1 0 3 1 2 1 2)              98.450
4127       (1 0 2 3 2 1 2)              98.450
4128       (1 0 2 3 2 1 2)              98.451
4129       (1 0 2 3 2 1 2)              98.451
4130       (1 0 3 1 2 1 2)              98.451
4131       (1 0 2 3 1 1 1)              98.452
4132       (1 0 2 3 2 1 2)              98.452
4133       (1 0 0 0 1 2 0)              98.452
4134       (1 0 3 1 2 1 2)              98.453
4135       (1 0 3 1 2 1 2)              98.450
4136       (1 0 3 1 1 1 1)              98.443
4137       (1 0 2 3 2 1 2)              98.444
4138       (1 0 3 1 1 1 1)              98.444
4139       (1 0 3 1 2 1 2)              98.444
4140       (1 0 2 3 2 1 2)              98.445
4141       (1 0 3 1 2 1 2)              98.445
4142       (1 0 1 2 1 1 1)              98.445
4143       (1 0 2 3 2 1 2)              98.446
4144       (1 0 2 3 2 1 2)              98.446
4145       (1 0 2 3 1 2 1)              98.443
4146       (1 0 3 1 2 1 2)              98.443
4147       (1 0 1 2 1 1 1)              98.444
4148       (1 0 3 1 2 1 2)              98.444
4149       (1 0 3 1 2 1 2)              98.445
4150       (1 0 1 2 1 1 1)              98.445
4151       (1 0 2 3 1 2 1)              98.445
4152       (1 0 3 1 2 1 2)              98.446
4153       (1 0 1 2 1 1 1)              98.446
4154       (1 0 2 3 2 1 2)              98.446
4155       (1 0 2 3 2 1 2)              98.447
4156       (1 0 3 1 2 1 2)              98.447
4157       (1 0 2 3 2 1 2)              98.448
4158       (1 0 3 1 2 1 2)              98.445
4159       (1 0 2 3 2 1 1)              98.445
4160       (1 0 2 3 2 1 2)              98.445
4161       (1 0 2 3 2 1 2)              98.446
4162       (1 0 2 3 1 2 1)              98.443
4163       (1 0 2 3 2 2 1)              98.443
4164       (1 0 2 3 2 1 2)              98.443
4165       (1 0 3 1 2 1 2)              98.444
4166       (1 0 2 3 2 1 2)              98.444
4167       (1 0 3 1 2 1 2)              98.441
4168       (1 0 2 3 2 2 1)              98.441
4169       (1 0 2 3 2 1 2)              98.442
4170       (1 0 1 2 1 1 1)              98.442
4171       (1 0 2 3 2 1 1)              98.442
4172       (1 0 1 2 1 1 1)              98.443
4173       (1 0 1 2 1 1 1)              98.443
4174       (1 0 3 1 1 1 1)              98.444
4175       (1 0 2 3 2 1 2)              98.444
4176       (1 0 3 1 2 1 2)              98.444
4177       (1 0 1 2 1 1 1)              98.445
4178       (1 0 3 1 2 1 1)              98.445
4179       (1 0 2 3 2 1 2)              98.445
4180       (1 0 2 3 2 1 2)              98.446
4181       (1 0 1 2 1 1 1)              98.446
4182       (1 0 1 2 1 1 1)              98.447
4183       (1 0 2 3 2 1 2)              98.447
4184       (1 0 2 3 2 1 2)              98.447
4185       (1 0 2 3 2 1 2)              98.448
4186       (1 0 1 2 1 1 1)              98.448
4187       (1 0 3 1 1 1 1)              98.448
4188       (1 0 2 3 2 1 2)              98.449
4189       (1 0 3 1 2 1 2)              98.449
4190       (1 0 2 3 1 2 1)              98.450
4191       (1 0 0 0 1 2 0)              98.450
4192       (1 0 1 2 1 1 1)              98.450
4193       (1 0 3 1 2 1 1)              98.451
4194       (1 0 2 3 2 1 2)              98.451
4195       (1 0 3 1 2 1 2)              98.451
4196       (1 0 3 1 2 1 2)              98.452
4197       (1 0 2 3 2 1 2)              98.452
4198       (1 0 3 1 2 1 2)              98.453
4199       (1 0 3 1 2 1 1)              98.453
4200       (1 0 2 3 2 1 2)              98.453
4201       (1 0 1 2 1 1 1)              98.454
4202       (1 0 1 2 1 1 1)              98.454
4203       (1 0 1 2 1 1 1)              98.454
4204       (1 0 2 3 2 1 2)              98.455
4205       (1 0 3 1 1 1 1)              98.455
4206       (1 0 1 2 1 1 1)              98.456
4207       (1 0 1 2 1 1 1)              98.456
4208       (1 0 1 2 0 0 1)              98.456
4209       (1 0 3 1 2 1 2)              98.457
4210       (1 0 2 3 2 1 2)              98.457
4211       (1 0 2 3 2 1 2)              98.457
4212       (1 0 3 1 2 1 2)              98.458
4213       (1 0 0 0 2 2 1)              98.458
4214       (1 0 2 3 1 2 1)              98.458
4215       (1 0 1 2 1 1 1)              98.459
4216       (1 0 1 2 1 2 0)              98.456
4217       (1 0 3 1 2 1 2)              98.456
4218       (1 0 2 3 2 1 2)              98.457
4219       (1 0 2 3 2 1 2)              98.457
4220       (1 0 1 2 1 1 1)              98.457
4221       (1 0 2 3 2 1 2)              98.458
4222       (1 0 2 3 1 2 1)              98.458
4223       (1 0 1 2 1 1 1)              98.458
4224       (1 0 2 3 1 1 1)              98.459
4225       (1 0 2 3 2 1 2)              98.459
4226       (1 0 2 3 2 1 2)              98.459
4227       (1 0 2 3 2 1 2)              98.453
4228       (1 0 1 2 1 1 1)              98.453
4229       (1 0 3 1 2 1 1)              98.450
4230       (1 0 0 0 2 2 1)              98.451
4231       (1 0 3 1 2 1 2)              98.451
4232       (1 0 2 3 1 1 1)              98.451
4233       (1 0 2 3 2 1 1)              98.452
4234       (1 0 2 3 1 2 1)              98.452
4235       (1 0 3 1 2 1 2)              98.453
4236       (1 0 2 3 2 1 2)              98.453
4237       (1 0 1 2 1 1 1)              98.453
4238       (1 0 2 3 2 1 2)              98.454
4239       (1 0 2 3 2 1 2)              98.454
4240       (1 0 2 3 2 1 2)              98.454
4241       (1 0 2 3 1 2 1)              98.455
4242       (1 0 2 3 2 1 2)              98.455
4243       (1 0 3 1 2 1 2)              98.456
4244       (1 0 3 1 2 1 2)              98.452
4245       (1 0 3 1 2 1 1)              98.453
4246       (1 0 3 1 2 1 2)              98.453
4247       (1 0 1 2 1 1 1)              98.454
4248       (1 0 2 3 1 1 1)              98.454
4249       (1 0 1 2 0 0 1)              98.454
4250       (1 0 0 0 2 2 1)              98.455
4251       (1 0 3 1 2 1 2)              98.455
4252       (1 0 2 3 2 1 2)              98.455
4253       (1 0 1 2 1 1 1)              98.456
4254       (1 0 2 3 2 1 1)              98.456
4255       (1 0 2 3 2 1 2)              98.457
4256       (1 0 1 2 1 1 1)              98.457
4257       (1 0 2 3 1 2 0)              98.457
4258       (1 0 2 3 2 1 2)              98.458
4259       (1 0 2 3 2 1 2)              98.458
4260       (1 0 2 3 2 1 2)              98.458
4261       (1 0 3 1 2 1 1)              98.459
4262       (1 0 2 3 1 1 1)              98.459
4263       (1 0 2 3 2 1 2)              98.459
4264       (1 0 1 2 1 1 1)              98.460
4265       (1 0 1 2 1 2 0)              98.460
4266       (1 0 3 1 2 1 2)              98.461
4267       (1 0 3 1 2 1 2)              98.461
4268       (1 0 1 2 1 1 1)              98.461
4269       (1 0 2 3 2 1 2)              98.462
4270       (1 0 3 1 2 1 2)              98.462
4271       (1 0 2 3 2 1 2)              98.462
4272       (1 0 2 3 2 1 2)              98.463
4273       (1 0 2 3 2 1 2)              98.463
4274       (1 0 2 3 2 1 2)              98.463
4275       (1 0 3 1 2 1 2)              98.464
4276       (1 0 3 1 2 1 2)              98.464
4277       (1 0 2 3 2 1 2)              98.464
4278       (1 0 1 2 1 1 1)              98.465
4279       (1 0 2 3 1 1 1)              98.458
4280       (1 0 3 1 2 1 2)              98.459
4281       (1 0 3 1 2 1 2)              98.459
4282       (1 0 1 2 2 2 1)              98.460
4283       (1 0 2 3 1 1 1)              98.460
4284       (1 0 2 3 2 1 2)              98.460
4285       (1 0 2 3 2 1 2)              98.461
4286       (1 0 2 3 2 1 2)              98.461
4287       (1 0 1 2 1 1 1)              98.461
4288       (1 0 2 3 2 1 2)              98.462
4289       (1 0 3 1 2 1 2)              98.462
4290       (1 0 0 0 1 2 0)              98.462
4291       (1 0 2 3 2 1 2)              98.463
4292       (1 0 2 3 1 2 1)              98.463
4293       (1 0 2 3 2 1 2)              98.464
4294       (1 0 2 3 1 1 1)              98.464
4295       (1 0 2 3 1 2 1)              98.464
4296       (1 0 1 2 1 1 1)              98.465
4297       (1 0 2 3 2 1 2)              98.465
4298       (1 0 1 2 1 1 1)              98.465
4299       (1 0 2 3 2 1 2)              98.466
4300       (1 0 2 3 2 1 2)              98.466
4301       (1 0 2 3 1 1 1)              98.460
4302       (1 0 1 2 1 1 1)              98.460
4303       (1 0 2 3 2 1 2)              98.460
4304       (1 0 3 1 2 1 2)              98.461
4305       (1 0 3 1 1 1 1)              98.461
4306       (1 0 3 1 2 1 2)              98.462
4307       (1 0 3 1 2 1 2)              98.462
4308       (1 0 2 3 2 1 1)              98.462
4309       (1 0 2 3 2 1 2)              98.463
4310       (1 0 2 3 1 2 1)              98.463
4311       (1 0 2 3 2 1 2)              98.463
4312       (1 0 2 3 1 1 1)              98.464
4313       (1 0 1 2 1 1 1)              98.464
4314       (1 0 2 3 2 1 2)              98.464
4315       (1 0 3 1 1 1 1)              98.465
4316       (1 0 2 3 2 1 2)              98.465
4317       (1 0 1 2 1 1 1)              98.465
4318       (1 0 2 3 2 1 2)              98.466
4319       (1 0 3 1 2 1 2)              98.466
4320       (1 0 2 3 2 1 2)              98.467
4321       (1 0 2 3 2 1 2)              98.467
4322       (1 0 1 2 1 1 1)              98.467
4323       (1 0 3 1 2 1 2)              98.468
4324       (1 0 3 1 2 1 2)              98.468
4325       (1 0 1 2 1 1 1)              98.468
4326       (1 0 2 3 2 1 2)              98.469
4327       (1 0 2 3 2 1 1)              98.466
4328       (1 0 2 3 2 1 2)              98.466
4329       (1 0 2 3 2 1 2)              98.466
4330       (1 0 3 1 2 1 2)              98.467
4331       (1 0 1 2 1 1 1)              98.467
4332       (1 0 2 3 2 1 2)              98.467
4333       (1 0 3 1 2 1 2)              98.468
4334       (1 0 1 2 1 1 1)              98.468
4335       (1 0 3 1 2 1 2)              98.469
4336       (1 0 2 3 2 1 2)              98.469
4337       (1 0 2 3 2 1 2)              98.469
4338       (1 0 2 3 2 1 1)              98.466
4339       (1 0 1 2 1 2 1)              98.467
4340       (1 0 2 3 1 2 1)              98.467
4341       (1 0 2 3 2 1 2)              98.467
4342       (1 0 2 3 2 1 2)              98.468
4343       (1 0 1 2 1 1 1)              98.468
4344       (1 0 3 1 2 1 1)              98.465
4345       (1 0 2 3 2 1 2)              98.465
4346       (1 0 2 3 2 1 2)              98.466
4347       (1 0 2 3 2 1 2)              98.466
4348       (1 0 1 2 1 1 1)              98.467
4349       (1 0 2 3 2 1 2)              98.467
4350       (1 0 2 3 2 1 2)              98.467
4351       (1 0 2 3 2 2 1)              98.468
4352       (1 0 2 3 2 1 2)              98.468
4353       (1 0 2 3 2 1 2)              98.468
4354       (1 0 2 3 2 1 2)              98.469
4355       (1 0 2 3 2 1 2)              98.469
4356       (1 0 3 1 2 1 2)              98.469
4357       (1 0 2 3 2 1 2)              98.470
4358       (1 0 2 3 2 1 2)              98.470
4359       (1 0 2 3 2 1 1)              98.470
4360       (1 0 2 3 2 1 2)              98.471
4361       (1 0 2 3 1 1 1)              98.471
4362       (1 0 3 1 1 1 1)              98.468
4363       (1 0 3 1 2 1 2)              98.469
4364       (1 0 2 3 1 1 1)              98.469
4365       (1 0 1 2 1 1 1)              98.469
4366       (1 0 2 3 1 1 1)              98.470
4367       (1 0 1 2 1 1 1)              98.470
4368       (1 0 2 3 2 1 2)              98.470
4369       (1 0 2 3 2 1 2)              98.471
4370       (1 0 2 3 2 1 2)              98.471
4371       (1 0 2 3 1 1 1)              98.468
4372       (1 0 2 3 2 1 2)              98.468
4373       (1 0 3 1 2 1 1)              98.469
4374       (1 0 2 3 2 1 2)              98.469
4375       (1 0 2 3 2 1 2)              98.470
4376       (1 0 2 3 2 1 2)              98.470
4377       (1 0 2 3 2 1 2)              98.470
4378       (1 0 1 2 1 1 1)              98.471
4379       (1 0 2 3 2 1 2)              98.471
4380       (1 0 1 2 1 1 1)              98.471
4381       (1 0 2 3 2 1 2)              98.472
4382       (1 0 2 3 2 1 2)              98.472
4383       (1 0 3 1 2 1 2)              98.472
4384       (1 0 2 3 2 1 2)              98.473
4385       (1 0 1 2 1 1 1)              98.473
4386       (1 0 2 3 2 1 2)              98.467
4387       (0 0 0 4 0 0 0)              98.454
4388       (1 0 2 3 2 1 2)              98.454
4389       (1 0 3 1 2 1 2)              98.452
4390       (1 0 2 3 2 1 2)              98.452
4391       (1 0 2 3 2 1 1)              98.452
4392       (1 0 2 3 1 1 1)              98.453
4393       (1 0 2 3 2 1 1)              98.453
4394       (1 0 2 3 2 1 2)              98.453
4395       (1 0 2 3 1 2 1)              98.454
4396       (1 0 3 1 1 1 1)              98.454
4397       (1 0 1 2 1 1 1)              98.454
4398       (1 0 1 2 1 1 1)              98.455
4399       (1 0 2 3 1 2 1)              98.455
4400       (1 0 3 1 2 1 2)              98.455
4401       (1 0 3 1 1 1 1)              98.456
4402       (1 0 2 3 2 1 2)              98.456
4403       (1 0 2 3 2 1 2)              98.456
4404       (1 0 2 3 2 1 2)              98.457
4405       (1 0 1 2 1 2 1)              98.457
4406       (1 0 2 3 1 2 1)              98.458
4407       (1 0 2 3 2 1 2)              98.458
4408       (1 0 0 0 2 2 1)              98.458
4409       (1 0 1 2 1 1 1)              98.459
4410       (1 0 2 3 2 1 2)              98.459
4411       (1 0 3 1 2 1 1)              98.459
4412       (1 0 3 1 2 1 2)              98.456
4413       (1 0 0 0 1 2 1)              98.457
4414       (1 0 2 3 1 2 1)              98.454
4415       (1 0 2 3 2 1 2)              98.454
4416       (1 0 1 2 1 1 1)              98.455
4417       (1 0 0 0 2 2 1)              98.455
4418       (1 0 2 3 2 1 2)              98.455
4419       (1 0 2 3 2 1 2)              98.456
4420       (1 0 2 3 1 1 1)              98.456
4421       (1 0 0 0 2 2 1)              98.456
4422       (1 0 2 3 2 1 2)              98.457
4423       (1 0 1 2 1 2 0)              98.457
4424       (1 0 2 3 1 2 1)              98.457
4425       (1 0 1 2 1 1 1)              98.458
4426       (1 0 3 1 1 1 1)              98.458
4427       (1 0 2 3 1 2 1)              98.458
4428       (1 0 1 2 1 1 1)              98.459
4429       (1 0 3 6 0 0 1)              98.456
4430       (1 0 2 3 2 1 1)              98.456
4431       (1 0 2 3 2 1 2)              98.457
4432       (1 0 2 3 2 1 2)              98.457
4433       (1 0 2 3 2 1 2)              98.457
4434       (1 0 1 2 1 1 1)              98.458
4435       (1 0 2 3 2 1 2)              98.458
4436       (1 0 2 3 1 1 1)              98.452
4437       (1 0 2 3 2 1 2)              98.452
4438       (1 0 1 2 1 1 1)              98.453
4439       (1 0 1 2 1 1 1)              98.453
4440       (1 0 2 3 2 1 2)              98.453
4441       (1 0 1 2 1 1 1)              98.454
4442       (1 0 2 3 2 1 1)              98.454
4443       (1 0 1 2 2 2 1)              98.454
4444       (1 0 2 3 2 1 2)              98.455
4445       (1 0 2 3 2 1 2)              98.455
4446       (1 0 3 1 1 1 1)              98.455
4447       (1 0 1 2 0 0 1)              98.456
4448       (1 0 1 2 1 2 1)              98.456
4449       (1 0 2 3 2 1 2)              98.456
4450       (1 0 2 3 1 2 1)              98.457
4451       (1 0 2 3 2 1 2)              98.457
4452       (1 0 2 3 1 2 1)              98.454
4453       (1 0 2 3 2 1 2)              98.455
4454       (1 0 1 2 1 2 1)              98.455
4455       (1 0 1 2 0 0 1)              98.455
4456       (1 0 2 3 2 1 2)              98.456
4457       (1 0 2 3 2 1 2)              98.456
4458       (1 0 2 3 2 1 2)              98.456
4459       (1 0 3 1 2 1 2)              98.457
4460       (1 0 1 2 1 1 1)              98.457
4461       (1 0 2 3 1 2 1)              98.457
4462       (1 0 2 3 1 2 1)              98.458
4463       (1 0 3 1 2 1 2)              98.458
4464       (1 0 2 3 1 1 1)              98.452
4465       (1 0 2 3 2 1 2)              98.446
4466       (1 0 2 3 2 1 2)              98.446
4467       (1 0 1 2 1 1 1)              98.447
4468       (1 0 2 3 2 1 2)              98.447
4469       (1 0 3 1 2 1 2)              98.447
4470       (1 0 1 2 1 1 1)              98.448
4471       (1 0 1 2 1 1 1)              98.448
4472       (1 0 3 1 2 1 1)              98.448
4473       (1 0 3 1 2 1 2)              98.449
4474       (1 0 3 1 2 1 2)              98.449
4475       (1 0 1 2 1 1 1)              98.449
4476       (1 0 2 3 2 1 2)              98.450
4477       (1 0 2 3 2 1 1)              98.450
4478       (1 0 2 3 2 1 2)              98.447
4479       (1 0 3 1 2 1 2)              98.448
4480       (1 0 3 1 2 1 2)              98.448
4481       (1 0 1 2 1 1 1)              98.448
4482       (1 0 3 1 2 1 2)              98.449
4483       (1 0 2 3 2 1 2)              98.449
4484       (1 0 3 1 2 1 2)              98.449
4485       (1 0 2 3 1 2 1)              98.450
4486       (1 0 2 3 1 1 1)              98.450
4487       (1 0 2 3 1 2 1)              98.450
4488       (1 0 1 2 1 2 1)              98.447
4489       (1 0 3 1 2 1 2)              98.448
4490       (1 0 2 3 2 1 1)              98.448
4491       (1 0 2 3 2 1 2)              98.449
4492       (1 0 3 1 2 1 2)              98.449
4493       (1 0 1 2 1 1 1)              98.449
4494       (1 0 3 1 2 1 1)              98.450
4495       (1 0 0 0 1 2 1)              98.447
4496       (1 0 0 6 0 1 1)              98.438
4497       (1 0 2 3 2 1 2)              98.438
4498       (1 0 3 1 2 1 2)              98.435
4499       (1 0 1 2 1 1 1)              98.435
4500       (1 0 3 1 2 1 2)              98.436
4501       (1 0 2 3 2 1 1)              98.436
4502       (1 0 2 3 2 1 2)              98.436
4503       (1 0 2 3 2 1 2)              98.437
4504       (1 0 1 2 1 1 1)              98.437
4505       (1 0 1 2 1 1 1)              98.437
4506       (1 0 1 2 0 0 1)              98.438
4507       (1 0 2 3 2 1 2)              98.438
4508       (1 0 2 3 1 1 1)              98.438
4509       (1 0 0 0 1 0 1)              98.439
4510       (1 0 3 1 1 1 1)              98.439
4511       (1 0 3 1 2 1 2)              98.440
4512       (1 0 1 2 0 0 1)              98.440
4513       (1 0 2 3 2 1 2)              98.440
4514       (1 0 2 3 2 1 2)              98.441
4515       (1 0 1 1 0 1 1)              98.428
4516       (1 0 3 1 2 1 2)              98.429
4517       (1 0 2 3 2 1 2)              98.429
4518       (1 0 2 3 2 1 1)              98.429
4519       (1 0 3 1 2 1 2)              98.430
4520       (1 0 1 2 1 1 1)              98.430
4521       (1 0 2 3 2 1 2)              98.430
4522       (1 0 2 3 2 1 2)              98.431
4523       (1 0 1 2 1 1 1)              98.431
4524       (1 0 2 3 2 1 2)              98.431
4525       (1 0 1 2 0 0 1)              98.432
4526       (1 0 2 3 1 2 1)              98.432
4527       (1 0 3 1 2 1 2)              98.432
4528       (1 0 2 3 2 1 2)              98.433
4529       (1 0 2 3 0 0 0)              98.433
4530       (1 0 2 3 1 2 1)              98.433
4531       (1 0 2 3 2 1 1)              98.434
4532       (1 0 2 3 2 1 2)              98.434
4533       (1 0 2 3 2 1 2)              98.434
4534       (1 0 1 2 1 1 1)              98.435
4535       (1 0 1 2 1 1 1)              98.435
4536       (1 0 2 3 1 2 1)              98.436
4537       (1 0 1 2 1 1 1)              98.436
4538       (1 0 3 1 2 1 2)              98.436
4539       (1 0 2 3 2 1 2)              98.437
4540       (1 0 1 2 1 1 1)              98.437
4541       (1 0 2 3 2 1 2)              98.437
4542       (1 0 0 0 2 2 1)              98.438
4543       (1 0 3 1 2 1 2)              98.438
4544       (1 0 1 2 1 1 1)              98.438
4545       (1 0 1 2 1 2 1)              98.439
4546       (1 0 2 3 2 1 2)              98.439
4547       (1 0 2 3 2 1 2)              98.439
4548       (1 0 1 2 1 2 1)              98.440
4549       (1 0 1 2 1 1 1)              98.440
4550       (1 0 2 3 2 2 1)              98.440
4551       (1 0 2 3 2 1 2)              98.441
4552       (1 0 3 1 2 1 2)              98.441
4553       (1 0 2 3 2 1 2)              98.441
4554       (1 0 2 3 2 1 2)              98.442
4555       (1 0 1 2 1 1 1)              98.442
4556       (1 0 3 1 2 1 2)              98.442
4557       (1 0 2 3 2 1 1)              98.440
4558       (1 0 2 3 2 1 2)              98.440
4559       (1 0 2 3 2 1 2)              98.440
4560       (1 0 3 1 2 1 2)              98.441
4561       (1 0 1 2 1 1 1)              98.441
4562       (1 0 1 2 1 1 1)              98.441
4563       (1 0 1 2 1 1 1)              98.442
4564       (1 0 2 3 2 2 1)              98.442
4565       (1 0 3 1 2 1 2)              98.442
4566       (1 0 2 3 2 1 2)              98.443
4567       (1 0 3 1 2 1 2)              98.443
4568       (1 0 1 2 1 1 1)              98.443
4569       (1 0 2 3 2 2 1)              98.444
4570       (1 0 2 3 2 1 2)              98.444
4571       (1 0 2 3 2 1 2)              98.444
4572       (1 0 1 2 1 1 1)              98.445
4573       (1 0 2 3 1 1 1)              98.445
4574       (1 0 2 3 1 1 1)              98.445
4575       (1 0 2 3 2 1 2)              98.446
4576       (1 0 2 3 1 1 1)              98.446
4577       (1 0 1 2 1 1 1)              98.446
4578       (1 0 1 2 1 1 1)              98.447
4579       (1 0 0 0 2 2 1)              98.447
4580       (1 0 3 1 2 1 2)              98.447
4581       (1 0 1 2 1 1 1)              98.448
4582       (1 0 1 2 1 1 1)              98.448
4583       (1 0 2 3 1 2 1)              98.448
4584       (1 0 2 3 1 2 1)              98.449
4585       (1 0 2 3 2 1 2)              98.449
4586       (1 0 3 1 2 1 1)              98.450
4587       (1 0 1 2 0 0 1)              98.450
4588       (1 0 3 1 2 1 2)              98.450
4590       (1 0 1 2 1 1 1)              98.451
4591       (1 0 3 1 1 1 1)              98.451
4592       (1 0 2 3 2 1 2)              98.451
4593       (1 0 1 2 1 1 1)              98.452
4594       (1 0 3 1 2 1 2)              98.452
4595       (1 0 2 3 2 1 2)              98.452
4596       (1 0 2 3 2 1 2)              98.453
4597       (1 0 2 3 2 1 2)              98.453
4598       (1 0 2 3 2 1 2)              98.453
4599       (1 0 0 0 2 2 1)              98.441
4600       (1 0 1 2 1 1 1)              98.441
4601       (1 0 3 1 1 1 1)              98.442
4602       (1 0 3 1 2 1 2)              98.442
4603       (1 0 3 1 2 1 2)              98.442
4604       (1 0 2 3 2 1 2)              98.443
4605       (1 0 3 1 1 1 1)              98.443
4606       (1 0 2 3 2 1 2)              98.443
4607       (1 0 1 2 1 1 1)              98.444
4608       (1 0 2 3 2 1 2)              98.444
4609       (1 0 3 1 2 1 2)              98.444
4610       (1 0 0 0 1 2 0)              98.445
4611       (1 0 3 1 2 1 2)              98.445
4612       (1 0 2 3 2 1 1)              98.442
4613       (1 0 3 1 2 1 2)              98.443
4614       (1 0 2 3 2 1 2)              98.443
4615       (1 0 3 1 2 1 2)              98.443
4616       (1 0 2 3 2 1 2)              98.444
4617       (1 0 0 0 0 2 1)              98.444
4618       (1 0 1 2 1 1 1)              98.444
4619       (1 0 2 3 2 1 2)              98.445
4620       (1 0 2 3 2 1 2)              98.445
4621       (1 0 2 3 2 1 2)              98.445
4622       (1 0 2 3 1 2 1)              98.446
4623       (1 0 2 3 1 0 1)              98.443
4624       (1 0 3 1 2 1 2)              98.443
4625       (1 0 2 3 1 1 1)              98.444
4626       (1 0 2 3 2 1 2)              98.444
4627       (1 0 2 3 2 1 2)              98.444
4628       (1 0 2 3 2 1 2)              98.445
4629       (1 0 1 2 1 1 1)              98.445
4630       (1 0 2 3 2 1 1)              98.445
4631       (1 0 3 1 2 1 2)              98.446
4632       (1 0 1 2 1 1 1)              98.446
4633       (1 0 2 3 1 2 1)              98.446
4634       (1 0 3 1 2 1 2)              98.447
4635       (1 0 2 3 2 1 2)              98.447
4636       (1 0 3 1 1 1 1)              98.447
4637       (1 0 1 2 1 1 1)              98.448
4638       (1 0 2 3 2 1 2)              98.448
4639       (1 0 2 3 2 1 2)              98.448
4640       (1 0 1 2 1 1 1)              98.449
4641       (1 0 3 1 2 1 1)              98.449
4642       (1 0 1 2 1 1 1)              98.449
4643       (1 0 3 1 2 1 2)              98.450
4644       (1 0 2 3 2 1 2)              98.450
4645       (1 0 3 1 2 1 2)              98.450
4646       (1 0 3 1 2 1 2)              98.448
4647       (1 0 2 3 2 1 2)              98.448
4648       (1 0 1 2 2 2 1)              98.448
4649       (1 0 1 2 1 1 1)              98.449
4650       (1 0 3 1 2 1 2)              98.449
4651       (1 0 3 1 2 1 2)              98.449
4652       (1 0 3 1 0 1 1)              98.440
4653       (1 0 2 3 2 1 2)              98.441
4654       (1 0 3 1 2 1 2)              98.441
4655       (1 0 3 1 2 1 2)              98.441
4656       (1 0 3 1 2 1 2)              98.442
4657       (1 0 2 3 2 1 1)              98.442
4658       (1 0 2 3 2 1 2)              98.442
4659       (1 0 3 1 2 1 1)              98.440
4660       (1 0 1 2 1 1 1)              98.440
4661       (1 0 2 3 2 1 2)              98.440
4662       (1 0 3 1 2 1 2)              98.441
4663       (1 0 3 1 2 1 2)              98.441
4664       (1 0 2 3 1 0 1)              98.441
4665       (1 0 2 3 2 1 2)              98.442
4666       (1 0 2 3 2 1 2)              98.442
4667       (1 0 1 2 0 0 1)              98.442
4668       (1 0 1 2 1 1 1)              98.443
4669       (1 0 2 3 2 1 2)              98.443
4670       (1 0 1 2 1 1 1)              98.443
4671       (1 0 1 2 1 1 1)              98.444
4672       (1 0 1 2 0 0 1)              98.444
4673       (1 0 3 1 2 1 2)              98.444
4674       (1 0 1 2 1 1 1)              98.445
4675       (1 0 0 0 0 0 0)              98.439
4676       (1 0 3 1 1 1 1)              98.439
4677       (1 0 2 3 2 1 2)              98.440
4678       (1 0 2 3 1 1 1)              98.437
4679       (1 0 0 0 1 2 0)              98.437
4680       (1 0 2 3 2 1 2)              98.438
4681       (1 0 2 3 2 1 1)              98.435
4682       (1 0 3 1 2 1 2)              98.435
4683       (1 0 3 1 2 1 2)              98.435
4684       (1 0 3 1 2 1 2)              98.436
4685       (1 0 3 1 2 1 2)              98.436
4686       (1 0 0 0 1 2 0)              98.436
4687       (1 0 1 2 1 1 1)              98.437
4688       (1 0 2 3 1 2 1)              98.437
4689       (1 0 3 1 1 1 1)              98.438
4690       (1 0 0 0 2 2 1)              98.438
4691       (1 0 2 3 2 1 2)              98.438
4692       (1 0 3 1 2 1 2)              98.439
4693       (1 0 1 2 1 1 1)              98.439
4694       (1 0 2 3 2 1 2)              98.439
4695       (1 0 2 3 2 1 2)              98.440
4696       (1 0 1 2 1 1 1)              98.440
4697       (1 0 2 3 2 1 2)              98.440
4698       (1 0 2 3 1 2 1)              98.441
4699       (1 0 2 3 1 2 1)              98.441
4700       (1 0 3 1 2 1 2)              98.441
4701       (1 0 3 1 2 1 2)              98.442
4702       (1 0 3 1 2 1 2)              98.439
4703       (1 0 3 1 2 1 2)              98.439
4704       (1 0 3 1 2 1 2)              98.439
4705       (1 0 3 1 2 1 2)              98.440
4706       (1 0 2 3 2 1 2)              98.440
4707       (1 0 3 1 2 1 2)              98.440
4708       (1 0 2 3 2 1 2)              98.441
4709       (1 0 2 3 2 1 2)              98.441
4710       (1 0 3 1 2 1 2)              98.441
4711       (1 0 3 1 2 1 2)              98.442
4712       (1 0 2 3 2 1 2)              98.442
4713       (1 0 2 3 2 1 2)              98.442
4714       (1 0 3 1 2 1 2)              98.443
4715       (1 0 2 3 2 1 2)              98.443
4716       (1 0 1 2 0 0 1)              98.443
4717       (1 0 3 1 2 1 2)              98.444
4718       (1 0 2 3 2 1 2)              98.444
4719       (1 0 3 1 2 1 2)              98.441
4720       (1 0 2 3 2 1 2)              98.442
4721       (1 0 1 2 1 1 1)              98.442
4722       (1 0 2 3 1 0 2)              98.442
4723       (1 0 3 1 2 1 2)              98.443
4724       (1 0 3 1 2 1 2)              98.443
4725       (1 0 1 2 1 1 1)              98.443
4726       (1 0 2 3 2 1 1)              98.444
4727       (1 0 2 3 1 2 1)              98.444
4728       (1 0 2 3 2 1 2)              98.444
4729       (1 0 3 1 2 1 2)              98.445
4730       (1 0 2 3 2 1 2)              98.445
4731       (1 0 2 3 1 2 1)              98.445
4732       (1 0 0 0 1 2 1)              98.446
4733       (1 0 3 1 2 1 1)              98.446
4734       (1 0 2 3 2 1 2)              98.446
4735       (1 0 3 1 2 1 2)              98.447
4736       (1 0 2 3 1 2 1)              98.447
4737       (1 0 2 3 2 1 2)              98.447
4738       (1 0 3 1 2 1 2)              98.445
4739       (1 0 2 3 2 1 2)              98.445
4740       (1 0 1 2 1 1 1)              98.445
4741       (1 0 0 0 1 2 0)              98.446
4742       (1 0 2 3 2 1 2)              98.446
4743       (1 0 1 2 1 1 1)              98.446
4744       (1 0 3 1 2 1 2)              98.447
4745       (1 0 1 2 1 1 1)              98.447
4746       (1 0 3 1 2 1 2)              98.444
4747       (1 0 1 2 1 1 1)              98.445
4748       (1 0 0 0 2 2 1)              98.445
4749       (1 0 2 3 1 2 1)              98.445
4750       (1 0 3 1 2 1 2)              98.446
4751       (1 0 3 1 1 1 1)              98.446
4752       (1 0 2 3 2 1 2)              98.440
4753       (1 0 1 2 1 1 1)              98.441
4754       (1 0 2 3 2 1 2)              98.441
4755       (1 0 3 1 2 1 2)              98.441
4756       (1 0 2 3 2 1 2)              98.442
4757       (1 0 3 1 2 1 2)              98.442
4758       (1 0 3 1 2 1 2)              98.439
4759       (1 0 1 2 1 1 1)              98.439
4760       (1 0 2 3 2 1 2)              98.440
4761       (1 0 1 2 1 1 1)              98.440
4762       (1 0 1 2 1 1 1)              98.440
4763       (1 0 2 3 2 1 2)              98.441
4764       (1 0 2 3 2 1 2)              98.441
4765       (1 0 2 3 2 1 2)              98.441
4766       (1 0 2 3 2 1 1)              98.442
4767       (1 0 2 3 2 1 2)              98.442
4768       (1 0 2 3 2 1 2)              98.442
4769       (1 0 2 3 2 1 2)              98.443
4770       (1 0 2 3 2 1 2)              98.443
4771       (1 0 1 2 1 1 1)              98.443
4772       (1 0 2 3 2 1 2)              98.444
4773       (1 0 2 3 2 1 2)              98.444
4774       (1 0 3 1 2 1 2)              98.444
4775       (1 0 2 3 2 1 2)              98.445
4776       (1 0 3 1 2 1 2)              98.442
4777       (1 0 2 3 2 1 2)              98.442
4778       (1 0 2 3 2 1 2)              98.443
4779       (1 0 3 1 2 1 2)              98.443
4780       (1 0 2 3 2 1 2)              98.443
4781       (1 0 1 2 1 1 1)              98.444
4782       (1 0 2 3 1 2 1)              98.444
4783       (1 0 1 2 0 0 1)              98.444
4784       (1 0 2 3 2 1 2)              98.445
4785       (1 0 2 3 2 1 2)              98.445
4786       (1 0 3 1 2 1 2)              98.442
4787       (1 0 0 0 1 2 0)              98.443
4788       (1 0 3 1 2 1 2)              98.440
4789       (1 0 1 2 1 1 1)              98.440
4790       (1 0 3 1 2 1 2)              98.438
4791       (1 0 2 3 2 1 2)              98.438
4792       (1 0 2 3 2 1 2)              98.438
4793       (1 0 1 2 2 2 1)              98.439
4794       (1 0 2 3 2 1 2)              98.439
4795       (1 0 3 1 2 1 2)              98.439
4796       (1 0 3 1 2 1 2)              98.437
4797       (1 0 3 1 2 1 2)              98.437
4798       (1 0 1 2 1 1 1)              98.437
4799       (1 0 2 3 2 1 2)              98.438
4800       (1 0 2 3 2 1 2)              98.438
4801       (1 0 3 1 1 1 1)              98.438
4802       (1 0 2 3 2 1 2)              98.439
4803       (1 0 3 1 2 1 2)              98.439
4804       (1 0 2 3 2 1 1)              98.439
4805       (1 0 3 1 2 1 2)              98.440
4806       (1 0 2 3 2 1 2)              98.440
4807       (1 0 2 3 2 1 2)              98.440
4808       (1 0 0 0 1 2 0)              98.441
4809       (1 0 2 3 2 1 2)              98.441
4810       (1 0 2 3 1 2 1)              98.441
4811       (1 0 1 2 1 1 1)              98.442
4812       (1 0 2 3 2 1 2)              98.442
4813       (1 0 2 3 2 1 2)              98.442
4814       (1 0 3 1 2 1 2)              98.442
4815       (1 0 2 3 2 1 2)              98.443
4816       (1 0 2 3 2 1 1)              98.443
4817       (1 0 3 1 2 1 1)              98.443
4818       (1 0 2 3 1 1 1)              98.444
4819       (1 0 3 1 2 2 1)              98.438
4820       (1 0 2 3 2 1 2)              98.438
4821       (1 0 3 1 2 1 2)              98.439
4822       (1 0 3 1 2 1 2)              98.439
4823       (1 0 0 0 1 2 0)              98.439
4824       (1 0 2 3 1 1 1)              98.440
4825       (1 0 3 1 1 2 1)              98.440
4826       (1 0 2 3 1 1 1)              98.437
4827       (1 0 1 2 1 2 0)              98.438
4828       (1 0 1 2 1 1 1)              98.438
4829       (1 0 2 3 2 1 2)              98.438
4830       (1 0 1 2 1 1 1)              98.439
4831       (1 0 1 2 2 2 1)              98.439
4832       (1 0 2 3 2 1 2)              98.439
4833       (1 0 1 2 1 1 1)              98.440
4834       (1 0 2 3 2 1 1)              98.440
4835       (1 0 2 3 2 1 2)              98.440
4836       (1 0 2 3 2 1 2)              98.441
4837       (1 0 2 3 2 1 2)              98.441
4838       (1 0 2 3 2 1 1)              98.441
4839       (1 0 1 2 1 1 1)              98.442
4840       (1 0 1 2 1 1 1)              98.442
4841       (1 0 3 1 2 1 2)              98.439
4842       (1 0 2 3 2 1 2)              98.440
4843       (1 0 3 1 2 1 2)              98.440
4844       (1 0 3 1 2 1 2)              98.440
4845       (1 0 3 1 1 1 1)              98.441
4846       (1 0 1 2 1 1 1)              98.441
4847       (1 0 2 3 1 1 1)              98.441
4848       (1 0 2 3 2 1 2)              98.442
4849       (1 0 2 3 2 1 2)              98.442
4850       (1 0 1 2 1 1 1)              98.442
4851       (1 0 1 2 1 1 1)              98.443
4852       (1 0 2 3 2 1 2)              98.443
4853       (1 0 3 1 1 2 1)              98.443
4854       (1 0 3 1 2 1 2)              98.444
4855       (1 0 2 3 2 1 2)              98.444
4856       (1 0 2 3 2 1 2)              98.444
4857       (1 0 3 1 2 1 2)              98.445
4858       (1 0 2 3 2 1 2)              98.439
4859       (1 0 1 2 1 1 1)              98.439
4860       (1 0 2 3 2 1 1)              98.440
4861       (1 0 1 2 1 2 0)              98.440
4862       (1 0 1 2 1 1 1)              98.440
4863       (1 0 2 3 2 1 2)              98.441
4864       (1 0 2 3 2 1 2)              98.441
4865       (1 0 1 2 1 1 1)              98.441
4866       (1 0 2 3 1 1 1)              98.442
4867       (1 0 3 1 2 1 2)              98.442
4868       (1 0 0 6 0 0 1)              98.436
4869       (1 0 1 2 1 1 1)              98.437
4870       (1 0 2 3 2 1 2)              98.437
4871       (1 0 2 3 2 1 2)              98.437
4872       (1 0 2 3 2 1 2)              98.438
4873       (1 0 2 3 2 1 2)              98.438
4874       (1 0 3 1 2 1 2)              98.438
4875       (1 0 2 3 2 1 2)              98.439
4876       (1 0 2 3 2 1 2)              98.439
4877       (1 0 3 1 2 1 2)              98.439
4878       (1 0 1 2 1 1 1)              98.439
4879       (1 0 0 0 2 2 1)              98.440
4880       (1 0 1 2 0 0 1)              98.440
4881       (1 0 2 3 2 1 2)              98.440
4882       (1 0 2 3 1 2 1)              98.441
4883       (1 0 2 3 1 2 1)              98.441
4884       (1 0 1 2 1 1 1)              98.441
4885       (1 0 1 2 1 1 1)              98.442
4886       (1 0 3 1 2 1 1)              98.442
4887       (1 0 1 2 1 1 1)              98.442
4888       (1 0 1 2 1 2 0)              98.443
4889       (1 0 2 3 2 1 2)              98.443
4890       (1 0 2 3 2 1 2)              98.443
4891       (1 0 2 3 2 1 1)              98.444
4892       (1 0 2 3 2 1 2)              98.444
4893       (1 0 3 1 2 1 2)              98.444
4894       (1 0 3 1 2 1 2)              98.445
4895       (1 0 3 1 2 1 2)              98.445
4896       (1 0 3 1 2 1 2)              98.445
4897       (1 0 2 3 2 1 1)              98.446
4898       (1 0 3 1 2 1 2)              98.446
4899       (1 0 2 3 1 2 1)              98.446
4900       (1 0 2 3 1 2 1)              98.447
4901       (1 0 3 1 2 1 2)              98.447
4902       (1 0 3 1 2 1 1)              98.447
4903       (1 0 2 3 2 1 2)              98.447
4904       (1 0 2 3 2 1 2)              98.448
4905       (1 0 1 2 1 1 1)              98.448
4906       (1 0 1 2 0 0 1)              98.448
4907       (1 0 2 3 2 1 2)              98.449
4908       (1 0 3 1 2 1 2)              98.446
4909       (1 0 2 3 2 1 2)              98.444
4910       (1 0 1 2 1 1 1)              98.444
4911       (1 0 3 1 2 1 2)              98.444
4912       (1 0 2 3 2 1 2)              98.444
4913       (1 0 1 2 1 1 1)              98.445
4914       (1 0 2 3 2 1 2)              98.445
4915       (1 0 3 1 2 1 2)              98.445
4916       (1 0 3 1 1 1 1)              98.446
4917       (1 0 2 3 2 1 2)              98.446
4918       (1 0 1 2 1 1 1)              98.446
4919       (1 0 2 3 1 2 1)              98.447
4920       (1 0 3 1 2 1 2)              98.447
4921       (1 0 3 1 2 1 2)              98.447
4922       (1 0 3 1 2 1 2)              98.448
4923       (1 0 3 1 2 1 1)              98.448
4924       (1 0 2 3 2 1 2)              98.448
4925       (1 0 1 2 1 0 1)              98.437
4926       (1 0 2 3 1 1 1)              98.437
4927       (1 0 2 3 2 1 2)              98.438
4928       (1 0 1 2 1 2 0)              98.438
4929       (1 0 3 1 2 1 2)              98.438
4930       (1 0 2 3 1 2 1)              98.436
4931       (1 0 1 2 1 1 1)              98.436
4932       (1 0 1 2 1 1 1)              98.436
4933       (1 0 1 2 1 1 1)              98.437
4934       (1 0 3 1 2 1 1)              98.437
4935       (1 0 1 2 1 1 1)              98.437
4936       (1 0 2 3 2 1 2)              98.438
4937       (1 0 3 1 2 1 2)              98.438
4938       (1 0 2 3 2 1 2)              98.438
4939       (1 0 1 2 1 1 1)              98.438
4940       (1 0 2 3 2 1 2)              98.439
4941       (1 0 1 2 1 1 1)              98.439
4942       (1 0 3 1 2 1 2)              98.439
4943       (1 0 3 1 2 1 2)              98.440
4944       (1 0 2 3 2 1 2)              98.440
4945       (1 0 2 3 1 2 1)              98.440
4946       (1 0 2 3 1 2 1)              98.438
4947       (1 0 3 1 2 1 2)              98.435
4948       (1 0 2 3 2 1 2)              98.436
4949       (1 0 1 2 1 1 1)              98.436
4950       (1 0 1 2 0 0 1)              98.436
4951       (1 0 3 1 2 1 2)              98.437
4952       (1 0 2 3 2 1 2)              98.437
4953       (1 0 1 2 1 1 1)              98.437
4954       (1 0 2 3 1 1 1)              98.437
4955       (1 0 2 3 2 1 1)              98.438
4956       (1 0 2 3 2 1 2)              98.438
4957       (1 0 0 0 1 2 0)              98.438
4958       (1 0 1 2 1 1 1)              98.439
4959       (1 0 1 2 1 1 1)              98.439
4960       (1 0 1 2 1 1 1)              98.439
4961       (1 0 3 1 2 1 2)              98.440
4962       (1 0 1 2 1 1 1)              98.440
4963       (1 0 3 1 2 1 2)              98.440
4964       (1 0 1 2 1 1 1)              98.441
4965       (1 0 1 2 1 1 1)              98.441
4966       (1 0 1 2 1 2 1)              98.441
4967       (1 0 0 0 1 0 1)              98.442
4968       (1 0 2 3 2 2 1)              98.442
4969       (1 0 1 2 1 1 1)              98.442
4970       (1 0 1 2 1 1 1)              98.443
4971       (1 0 1 2 1 1 1)              98.443
4972       (1 0 3 1 2 1 2)              98.443
4973       (1 0 3 1 2 1 2)              98.443
4974       (1 0 2 3 2 1 2)              98.444
4975       (1 0 3 1 2 1 2)              98.441
4976       (1 0 2 3 1 2 1)              98.442
4977       (1 0 3 1 2 1 2)              98.442
4978       (1 0 1 2 1 2 1)              98.442
4979       (1 0 2 3 1 1 1)              98.442
4980       (1 0 1 2 1 1 1)              98.443
4981       (1 0 2 3 2 1 2)              98.443
4982       (1 0 2 3 1 1 1)              98.443
4983       (1 0 1 2 0 0 1)              98.444
4984       (1 0 1 2 1 1 1)              98.444
4985       (1 0 2 3 2 1 2)              98.444
4986       (1 0 2 3 2 1 2)              98.445
4987       (1 0 2 3 2 1 2)              98.445
4988       (1 0 3 1 2 1 2)              98.445
4989       (1 0 2 3 1 1 1)              98.443
4990       (1 0 2 3 2 1 2)              98.443
4991       (1 0 2 3 2 1 2)              98.443
4992       (1 0 1 2 1 1 1)              98.444
4993       (1 0 2 3 2 1 2)              98.444
4994       (1 0 2 3 2 1 2)              98.444
4995       (1 0 3 1 1 1 1)              98.445
4996       (1 0 2 3 2 1 2)              98.445
4997       (1 0 3 1 2 1 2)              98.445
4998       (1 0 3 1 1 1 1)              98.446
4999       (1 0 1 2 0 0 1)              98.446
5000       (1 0 2 3 2 1 1)              98.446
5001       (1 0 3 1 2 1 2)              98.446
5002       (1 0 3 1 2 1 1)              98.444
5003       (1 0 3 1 2 1 2)              98.441
5004       (1 0 2 3 2 1 1)              98.439
5005       (1 0 3 1 2 1 2)              98.439
5006       (1 0 2 3 2 1 2)              98.439
5007       (1 0 3 1 2 1 2)              98.440
5008       (1 0 2 3 2 1 2)              98.440
5009       (1 0 1 2 1 1 1)              98.440
5010       (1 0 3 1 2 1 2)              98.441
5011       (1 0 2 3 2 1 2)              98.441
5012       (1 0 3 1 2 1 2)              98.441
5013       (1 0 2 3 2 1 2)              98.442
5014       (1 0 2 3 1 1 1)              98.442
5015       (1 0 2 3 1 1 1)              98.439
5016       (1 0 1 2 0 0 1)              98.440
5017       (1 0 1 2 1 1 1)              98.440
5018       (1 0 1 2 0 0 1)              98.440
5019       (1 0 2 3 1 0 1)              98.441
5020       (1 0 2 3 2 1 2)              98.441
5021       (1 0 2 3 2 1 1)              98.441
5022       (1 0 1 2 1 1 1)              98.442
5023       (1 0 2 3 1 1 1)              98.442
5024       (1 0 1 2 1 1 1)              98.442
5025       (1 0 3 1 2 1 2)              98.442
5026       (1 0 2 3 2 1 2)              98.443
5027       (1 0 2 3 1 2 1)              98.443
5028       (1 0 2 3 2 1 1)              98.441
5029       (1 0 0 0 1 2 0)              98.441
5030       (1 0 1 2 1 1 1)              98.441
5031       (1 0 2 3 1 0 1)              98.442
5032       (1 0 2 3 2 1 2)              98.442
5033       (1 0 1 2 1 1 1)              98.442
5034       (1 0 1 2 1 1 1)              98.442
5035       (1 0 3 1 2 1 2)              98.440
5036       (1 0 2 3 2 1 2)              98.440
5037       (1 0 3 1 2 1 1)              98.441
5038       (1 0 2 3 2 1 2)              98.441
5039       (1 0 1 2 1 1 1)              98.441
5040       (1 0 2 3 2 1 2)              98.441
5041       (1 0 3 1 2 1 2)              98.439
5042       (1 0 2 3 2 1 2)              98.439
5043       (1 0 1 2 1 1 1)              98.440
5044       (1 0 2 3 2 1 2)              98.440
5045       (1 0 2 3 2 1 2)              98.440
5046       (1 0 1 2 1 1 1)              98.440
5047       (1 0 2 3 2 1 2)              98.441
5048       (1 0 1 2 1 1 1)              98.441
5049       (1 0 1 2 0 0 1)              98.441
5050       (1 0 3 1 2 1 2)              98.442
5051       (1 0 1 2 1 1 1)              98.442
5052       (1 0 2 3 1 2 1)              98.442
5053       (1 0 1 2 1 1 1)              98.443
5054       (1 0 1 2 2 2 1)              98.443
5055       (1 0 3 1 2 1 2)              98.443
5056       (1 0 2 3 2 1 2)              98.444
5057       (1 0 2 3 1 1 1)              98.444
5058       (1 0 3 1 2 1 2)              98.441
5059       (1 0 2 3 2 1 2)              98.442
5060       (1 0 3 1 2 1 2)              98.442
5061       (1 0 2 3 2 1 1)              98.442
5062       (1 0 3 1 2 1 2)              98.443
5063       (1 0 1 2 1 2 1)              98.443
5064       (1 0 3 1 2 1 1)              98.443
5065       (1 0 2 3 1 2 1)              98.444
5066       (1 0 2 3 2 1 2)              98.444
5067       (1 0 1 2 1 2 1)              98.444
5068       (1 0 2 3 2 1 2)              98.444
5069       (1 0 3 1 2 1 2)              98.445
5070       (1 0 3 1 2 1 2)              98.445
5071       (1 0 2 3 2 1 2)              98.445
5072       (1 0 2 3 2 1 2)              98.446
5073       (1 0 1 2 1 2 1)              98.443
5074       (1 0 1 2 1 2 1)              98.443
5075       (1 0 2 3 2 1 2)              98.444
5076       (1 0 2 3 2 1 2)              98.444
5077       (1 0 2 3 2 1 2)              98.444
5078       (1 0 3 1 2 1 2)              98.445
5079       (1 0 1 2 1 1 1)              98.445
5080       (1 0 1 2 1 1 1)              98.445
5081       (1 0 2 3 1 1 1)              98.446
5082       (1 0 2 3 2 1 2)              98.446
5083       (1 0 3 1 2 1 2)              98.446
5084       (1 0 2 3 1 2 1)              98.447
5085       (1 0 3 1 2 1 2)              98.447
5086       (1 0 3 1 2 1 2)              98.447
5087       (1 0 2 3 1 1 1)              98.447
5088       (1 0 2 3 2 1 1)              98.448
5089       (1 0 2 3 2 1 1)              98.448
5090       (1 0 2 3 1 1 1)              98.448
5091       (1 0 2 3 2 1 2)              98.449
5092       (1 0 1 2 1 1 1)              98.449
5093       (1 0 2 3 2 1 2)              98.449
5094       (1 0 1 2 1 1 1)              98.450
5095       (1 0 1 2 1 1 1)              98.450
5096       (1 0 3 1 2 1 2)              98.450
5097       (1 0 3 1 2 1 2)              98.451
5098       (1 0 2 3 2 1 2)              98.451
5099       (1 0 0 0 2 2 1)              98.451
5100       (1 0 2 3 1 2 1)              98.451
5101       (1 0 3 1 2 1 2)              98.452
5102       (1 0 1 2 1 1 1)              98.452
5103       (1 0 3 1 2 1 2)              98.450
5104       (1 0 2 3 2 1 2)              98.450
5105       (1 0 3 1 2 1 2)              98.447
5106       (1 0 2 3 2 1 2)              98.448
5107       (1 0 3 1 2 1 2)              98.445
5108       (1 0 1 2 1 1 1)              98.445
5109       (1 0 1 2 1 2 1)              98.446
5110       (1 0 2 3 2 1 2)              98.446
5111       (1 0 2 3 2 1 2)              98.446
5112       (1 0 3 1 1 1 1)              98.447
5113       (1 0 3 1 2 1 2)              98.447
5114       (1 0 1 2 1 1 1)              98.447
5115       (1 0 2 3 2 1 2)              98.448
5116       (1 0 2 3 2 1 2)              98.448
5117       (1 0 0 0 1 2 0)              98.448
5118       (1 0 1 2 1 1 1)              98.448
5119       (1 0 1 2 1 1 1)              98.449
5120       (1 0 2 3 2 1 2)              98.449
5121       (1 0 3 1 2 1 2)              98.449
5122       (1 0 3 1 2 1 1)              98.447
5123       (1 0 2 3 2 1 2)              98.447
5124       (1 0 2 3 2 1 2)              98.448
5125       (1 0 1 2 1 1 1)              98.448
5126       (1 0 2 3 2 1 1)              98.448
5127       (1 0 2 3 2 1 2)              98.448
5128       (1 0 1 2 1 1 1)              98.449
5129       (1 0 1 2 1 1 1)              98.449
5130       (1 0 2 3 2 1 2)              98.449
5131       (1 0 2 3 2 1 2)              98.450
5132       (1 0 2 3 2 1 2)              98.450
5133       (1 0 1 2 1 1 1)              98.450
5134       (1 0 2 3 2 1 2)              98.451
5135       (1 0 3 1 2 1 2)              98.451
5136       (1 0 3 1 2 1 1)              98.448
5137       (1 0 2 3 1 1 1)              98.449
5138       (1 0 2 3 2 1 2)              98.449
5139       (1 0 2 3 2 1 2)              98.449
5140       (1 0 1 2 1 1 1)              98.450
5141       (1 0 2 3 2 1 2)              98.450
5142       (1 0 3 1 2 1 2)              98.450
5143       (1 0 2 3 2 1 1)              98.450
5144       (1 0 2 3 2 1 2)              98.451
5145       (1 0 2 3 2 1 2)              98.451
5146       (1 0 3 1 2 1 2)              98.451
5147       (1 0 3 1 2 1 2)              98.452
5148       (1 0 2 3 1 1 1)              98.446
5149       (1 0 2 3 2 1 2)              98.447
5150       (1 0 2 3 1 2 1)              98.447
5151       (1 0 1 2 1 1 1)              98.447
5152       (1 0 1 2 1 1 1)              98.448
5153       (1 0 2 3 1 1 1)              98.448
5154       (1 0 3 1 2 1 2)              98.448
5155       (1 0 3 1 2 1 2)              98.449
5156       (1 0 3 1 2 1 2)              98.449
5157       (1 0 2 3 2 1 2)              98.449
5158       (1 0 2 3 2 1 2)              98.449
5159       (1 0 3 1 2 1 2)              98.450
5160       (1 0 2 3 2 1 2)              98.450
5161       (1 0 2 3 2 1 2)              98.450
5162       (1 0 1 2 1 1 1)              98.451
5163       (1 0 2 3 1 1 1)              98.451
5164       (1 0 2 3 2 1 1)              98.451
5165       (1 0 3 1 2 1 2)              98.452
5166       (1 0 3 1 2 1 2)              98.446
5167       (1 0 1 2 1 1 1)              98.447
5168       (1 0 2 3 1 2 1)              98.439
5169       (1 0 2 3 1 2 1)              98.439
5170       (1 0 1 2 1 1 1)              98.439
5171       (1 0 3 1 2 1 2)              98.439
5172       (1 0 1 2 1 1 1)              98.440
5173       (1 0 2 3 1 2 1)              98.440
5174       (1 0 2 3 1 1 1)              98.440
5175       (1 0 1 2 1 1 1)              98.441
5176       (1 0 3 1 2 1 2)              98.441
5177       (1 0 1 2 1 1 1)              98.441
5178       (1 0 2 3 2 1 2)              98.442
5179       (1 0 3 1 2 1 2)              98.442
5180       (1 0 2 3 2 1 2)              98.442
5181       (1 0 2 3 2 1 2)              98.443
5182       (1 0 2 3 2 1 2)              98.443
5183       (1 0 2 3 2 1 2)              98.443
5184       (1 0 1 2 1 2 1)              98.441
5185       (1 0 3 1 2 1 2)              98.441
5186       (1 0 2 3 2 1 1)              98.441
5187       (1 0 2 3 2 1 2)              98.442
5188       (1 0 2 3 2 1 2)              98.442
5189       (1 0 1 2 1 1 1)              98.442
5190       (1 0 2 3 2 1 2)              98.442
5191       (1 0 3 1 2 1 2)              98.443
5192       (1 0 1 2 1 1 1)              98.443
5193       (1 0 2 3 2 1 2)              98.443
5194       (1 0 1 2 1 1 1)              98.444
5195       (1 0 2 3 2 1 2)              98.444
5196       (1 0 2 3 2 1 2)              98.444
5197       (1 0 2 3 1 2 1)              98.445
5198       (1 0 1 2 1 1 1)              98.445
5199       (1 0 0 0 1 2 1)              98.445
5200       (1 0 2 3 2 1 2)              98.445
5201       (1 0 3 1 2 1 2)              98.446
5202       (1 0 2 3 2 1 2)              98.446
5203       (1 0 2 3 2 1 2)              98.446
5204       (1 0 2 3 1 1 1)              98.447
5205       (1 0 0 0 2 2 1)              98.447
5206       (1 0 3 1 2 1 2)              98.447
5207       (1 0 3 1 2 1 1)              98.448
5208       (1 0 1 2 1 1 1)              98.448
5209       (1 0 2 3 2 2 1)              98.448
5210       (1 0 2 3 1 1 1)              98.446
5211       (1 0 3 1 2 1 2)              98.446
5212       (1 0 3 1 2 1 2)              98.446
5213       (1 0 3 1 2 1 2)              98.444
5214       (1 0 1 2 0 0 1)              98.444
5215       (1 0 2 3 2 1 2)              98.444
5216       (1 0 2 3 2 1 1)              98.442
5217       (1 0 1 2 1 1 1)              98.442
5218       (1 0 2 3 2 1 2)              98.443
5219       (1 0 2 3 2 1 2)              98.443
5220       (1 0 2 3 2 1 2)              98.443
5221       (1 0 2 3 2 1 2)              98.444
5222       (1 0 2 3 2 1 2)              98.444
5223       (1 0 1 2 1 1 1)              98.444
5224       (1 0 1 2 1 1 1)              98.444
5225       (1 0 3 1 2 1 2)              98.442
5226       (1 0 1 2 1 1 1)              98.442
5227       (1 0 2 3 1 1 1)              98.443
5228       (1 0 3 1 2 1 1)              98.440
5229       (1 0 1 2 1 1 1)              98.440
5230       (1 0 1 2 1 1 1)              98.441
5231       (1 0 1 2 1 1 1)              98.441
5232       (1 0 1 2 1 1 1)              98.441
5233       (1 0 2 3 2 1 2)              98.442
5234       (1 0 2 3 2 1 2)              98.442
5235       (1 0 0 0 2 2 1)              98.442
5236       (1 0 2 3 1 0 1)              98.443
5237       (1 0 2 3 2 1 2)              98.443
5238       (1 0 3 1 2 1 2)              98.443
5239       (1 0 2 3 2 1 2)              98.443
5240       (1 0 1 2 1 1 1)              98.444
5241       (1 0 2 3 1 2 1)              98.444
5242       (1 0 1 1 0 1 1)              98.442
5243       (1 0 2 3 2 1 1)              98.439
5244       (1 0 1 2 1 1 1)              98.439
5245       (1 0 3 1 2 1 2)              98.440
5246       (1 0 2 3 2 1 2)              98.440
5247       (1 0 2 3 2 1 2)              98.440
5248       (1 0 2 3 2 1 2)              98.441
5249       (1 0 2 3 1 0 1)              98.441
5250       (1 0 3 1 2 1 2)              98.441
5251       (1 0 2 3 2 1 2)              98.442
5252       (1 0 3 1 1 1 1)              98.442
5253       (1 0 1 2 0 1 0)              98.442
5254       (1 0 2 3 1 1 1)              98.437
5255       (1 0 1 2 1 2 1)              98.437
5256       (1 0 2 3 2 1 2)              98.438
5257       (1 0 3 1 2 1 2)              98.438
5258       (1 0 0 0 2 2 1)              98.438
5259       (1 0 3 1 2 1 2)              98.438
5260       (1 0 3 1 2 1 2)              98.436
5261       (1 0 1 2 1 1 1)              98.436
5262       (1 0 1 2 1 1 1)              98.437
5263       (1 0 3 1 2 1 2)              98.434
5264       (1 0 3 1 2 1 2)              98.434
5265       (1 0 2 3 2 1 2)              98.435
5266       (1 0 2 3 2 1 2)              98.435
5267       (1 0 2 3 2 1 2)              98.435
5268       (1 0 2 3 2 1 2)              98.436
5269       (1 0 2 3 2 1 2)              98.436
5270       (1 0 3 1 1 2 1)              98.436
5271       (1 0 2 3 2 1 2)              98.437
5272       (1 0 2 3 1 1 1)              98.434
5273       (1 0 2 3 2 1 2)              98.434
5274       (1 0 2 3 2 1 2)              98.435
5275       (1 0 3 1 2 1 2)              98.435
5276       (1 0 2 3 2 1 2)              98.435
5277       (1 0 3 1 2 1 2)              98.436
5278       (1 0 2 3 2 1 2)              98.436
5279       (1 0 2 3 2 1 2)              98.436
5280       (1 0 2 3 2 1 2)              98.437
5281       (1 0 3 1 2 1 1)              98.437
5282       (1 0 2 3 2 1 1)              98.437
5283       (1 0 1 2 1 1 1)              98.437
5284       (1 0 2 3 1 1 1)              98.438
5285       (1 0 1 2 1 2 0)              98.438
5286       (1 0 3 1 2 1 2)              98.438
5287       (1 0 2 3 2 1 2)              98.439
5288       (1 0 3 1 2 1 2)              98.439
5289       (1 0 2 3 1 0 1)              98.439
5290       (1 0 2 3 1 1 1)              98.439
5291       (1 0 2 3 2 1 2)              98.440
5292       (1 0 2 3 2 1 2)              98.440
5293       (1 0 2 3 2 1 2)              98.440
5294       (1 0 2 3 2 1 2)              98.441
5295       (1 0 1 2 1 1 1)              98.441
5296       (1 0 3 1 2 1 2)              98.441
5297       (1 0 3 1 2 1 1)              98.442
5298       (1 0 2 3 2 1 2)              98.442
5299       (1 0 2 3 2 1 2)              98.442
5300       (1 0 3 1 2 1 2)              98.442
5301       (1 0 2 3 2 1 2)              98.443
5302       (1 0 3 1 2 1 2)              98.443
5303       (1 0 1 2 1 2 1)              98.443
5304       (1 0 2 3 2 1 2)              98.444
5305       (1 0 3 1 2 1 2)              98.441
5306       (1 0 3 1 2 1 2)              98.442
5307       (1 0 2 3 2 1 2)              98.442
5308       (1 0 2 3 1 1 1)              98.442
5309       (1 0 3 1 2 1 2)              98.442
5310       (1 0 3 1 2 1 2)              98.443
5311       (1 0 3 1 2 1 2)              98.443
5312       (1 0 0 0 1 2 0)              98.443
5313       (1 0 2 3 2 1 2)              98.444
5314       (1 0 2 3 2 1 2)              98.444
5315       (1 0 3 1 2 1 2)              98.444
5316       (1 0 2 3 2 1 2)              98.444
5317       (1 0 3 1 2 1 1)              98.445
5318       (1 0 2 3 2 1 2)              98.445
5319       (1 0 1 2 1 1 1)              98.445
5320       (1 0 2 3 2 1 2)              98.446
5321       (1 0 1 2 1 1 1)              98.446
5322       (1 0 3 1 2 1 2)              98.446
5323       (1 0 1 2 1 1 1)              98.447
5324       (1 0 1 2 0 0 1)              98.447
5325       (1 0 2 3 2 1 2)              98.447
5326       (1 0 2 3 2 1 2)              98.447
5327       (1 0 2 3 2 1 2)              98.448
5328       (1 0 2 3 1 1 1)              98.448
5329       (1 0 1 2 1 1 1)              98.448
5330       (1 0 2 3 2 1 2)              98.449
5331       (1 0 3 1 2 1 2)              98.449
5332       (1 0 3 1 1 1 1)              98.449
5333       (1 0 3 1 2 1 1)              98.449
5334       (1 0 3 1 2 1 2)              98.450
5335       (1 0 2 3 2 1 2)              98.450
5336       (1 0 1 2 1 1 1)              98.450
5337       (1 0 3 1 2 1 1)              98.451
5338       (1 0 2 3 2 1 2)              98.451
5339       (1 0 3 1 1 2 1)              98.451
5340       (1 0 1 2 2 2 1)              98.451
5341       (1 0 3 1 2 1 2)              98.452
5342       (1 0 1 2 1 2 1)              98.452
5343       (1 0 2 3 2 1 2)              98.452
5344       (1 0 2 3 2 1 2)              98.453
5345       (1 0 1 2 1 1 1)              98.453
5346       (1 0 1 2 1 1 1)              98.453
5347       (1 0 1 2 1 1 1)              98.453
5348       (1 0 2 3 2 1 2)              98.454
5349       (1 0 1 2 1 1 1)              98.454
5350       (1 0 1 2 1 1 1)              98.454
5351       (1 0 3 1 2 1 1)              98.455
5352       (1 0 1 2 0 0 1)              98.455
5353       (1 0 3 1 2 2 1)              98.450
5354       (1 0 2 3 2 1 2)              98.450
5355       (1 0 2 3 2 1 2)              98.450
5356       (1 0 2 3 2 1 2)              98.451
5357       (1 0 2 3 2 1 2)              98.451
5358       (1 0 1 2 1 1 1)              98.451
5359       (1 0 1 2 1 1 1)              98.452
5360       (1 0 2 3 2 1 2)              98.452
5361       (1 0 2 3 2 1 2)              98.452
5362       (1 0 2 3 1 1 1)              98.452
5363       (1 0 2 3 2 1 2)              98.447
5364       (1 0 2 3 2 2 1)              98.448
5365       (1 0 2 3 2 1 2)              98.448
5366       (1 0 3 1 2 1 2)              98.448
5367       (1 0 2 3 2 1 2)              98.449
5368       (1 0 2 3 2 1 2)              98.449
5369       (1 0 1 2 0 0 1)              98.449
5370       (1 0 2 3 1 2 1)              98.449
5371       (1 0 2 3 2 1 2)              98.450
5372       (1 0 1 2 1 1 1)              98.450
5373       (1 0 2 3 2 1 2)              98.450
5374       (1 0 2 3 2 1 2)              98.451
5375       (1 0 3 1 2 1 2)              98.451
5376       (1 0 1 2 1 2 1)              98.451
5377       (1 0 1 2 1 1 1)              98.451
5378       (1 0 2 3 2 1 2)              98.452
5379       (1 0 1 2 0 0 1)              98.452
5380       (1 0 1 2 1 1 1)              98.452
5381       (1 0 2 3 0 0 0)              98.453
5382       (1 0 2 3 2 1 2)              98.453
5383       (1 0 3 1 2 1 2)              98.453
5384       (1 0 3 1 2 1 2)              98.454
5385       (1 0 2 3 1 2 1)              98.454
5386       (1 0 2 3 2 1 2)              98.454
5387       (1 0 2 3 2 1 1)              98.454
5388       (1 0 3 1 2 1 1)              98.455
5389       (1 0 1 2 1 1 1)              98.455
5390       (1 0 3 1 2 1 2)              98.455
5391       (1 0 3 1 2 1 2)              98.456
5392       (1 0 2 3 2 1 2)              98.456
5393       (1 0 1 2 1 1 1)              98.456
5394       (1 0 3 1 2 1 2)              98.456
5395       (1 0 2 3 2 1 2)              98.457
5396       (1 0 2 3 2 1 2)              98.457
5397       (1 0 2 3 2 1 2)              98.457
5398       (1 0 3 1 2 1 2)              98.458
5399       (1 0 3 1 2 1 2)              98.458
5400       (1 0 1 2 1 2 0)              98.458
5401       (1 0 3 1 2 1 2)              98.458
5402       (1 0 1 2 1 1 1)              98.459
5403       (1 0 3 1 1 2 1)              98.459
5404       (1 0 2 3 1 1 1)              98.454
5405       (1 0 2 3 2 1 2)              98.454
5406       (1 0 1 1 0 0 1)              98.452
5407       (1 0 2 3 2 1 2)              98.452
5408       (1 0 0 0 1 2 0)              98.452
5409       (1 0 1 2 1 2 1)              98.453
5410       (1 0 1 2 1 1 1)              98.453
5411       (1 0 1 2 1 1 1)              98.453
5412       (1 0 3 1 2 1 2)              98.454
5413       (1 0 1 2 1 2 1)              98.454
5414       (1 0 1 2 1 2 0)              98.452
5415       (1 0 1 2 1 1 1)              98.452
5416       (1 0 3 1 2 1 2)              98.449
5417       (1 0 3 1 2 1 2)              98.450
5418       (1 0 2 3 2 1 2)              98.450
5419       (1 0 3 1 2 1 2)              98.448
5420       (1 0 1 2 1 1 1)              98.448
5421       (1 0 2 3 1 2 1)              98.448
5422       (1 0 2 3 1 2 1)              98.449
5423       (1 0 2 3 2 1 1)              98.449
5424       (1 0 2 3 1 2 1)              98.449
5425       (1 0 2 3 2 2 1)              98.449
5426       (1 0 2 3 2 2 1)              98.450
5427       (1 0 2 3 2 1 2)              98.450
5428       (1 0 2 3 1 2 1)              98.450
5429       (1 0 3 1 2 1 2)              98.448
5430       (1 0 2 3 2 1 2)              98.448
5431       (1 0 2 3 2 1 2)              98.448
5432       (1 0 1 2 1 1 1)              98.449
5433       (1 0 2 3 2 1 2)              98.449
5434       (1 0 2 3 2 1 1)              98.449
5435       (1 0 0 4 1 2 0)              98.444
5436       (1 0 2 3 2 1 2)              98.445
5437       (1 0 1 2 1 1 1)              98.442
5438       (1 0 2 3 1 1 1)              98.443
5439       (1 0 3 1 2 1 1)              98.443
5440       (1 0 3 1 2 1 1)              98.443
5441       (1 0 2 3 2 1 2)              98.443
5442       (1 0 3 1 2 1 2)              98.444
5443       (1 0 2 3 2 1 2)              98.444
5444       (1 0 2 3 2 1 2)              98.444
5445       (1 0 2 3 1 0 1)              98.442
5446       (1 0 3 1 2 1 2)              98.442
5447       (1 0 3 1 2 1 2)              98.443
5448       (1 0 2 3 2 1 2)              98.443
5449       (1 0 2 3 1 2 1)              98.443
5450       (1 0 3 1 2 1 2)              98.443
5451       (1 0 3 1 1 1 1)              98.438
5452       (1 0 2 3 2 1 2)              98.439
5453       (1 0 1 2 1 1 1)              98.439
5454       (1 0 2 3 2 1 2)              98.439
5455       (1 0 2 3 2 1 2)              98.440
5456       (1 0 1 2 1 2 0)              98.440
5457       (1 0 1 2 1 1 1)              98.440
5458       (1 0 1 2 1 1 1)              98.440
5459       (1 0 2 3 2 1 2)              98.441
5460       (1 0 2 3 2 1 2)              98.441
5461       (1 0 3 1 2 1 2)              98.439
5462       (1 0 1 2 1 1 1)              98.439
5463       (1 0 3 1 2 1 2)              98.439
5464       (1 0 1 2 1 2 1)              98.437
5465       (1 0 2 3 2 1 2)              98.437
5466       (1 0 3 1 2 1 1)              98.437
5467       (1 0 3 1 2 1 2)              98.438
5468       (1 0 2 3 2 1 2)              98.438
5469       (1 0 0 0 2 2 1)              98.438
5470       (1 0 2 3 2 1 1)              98.439
5471       (1 0 1 2 1 2 1)              98.439
5472       (1 0 1 2 1 1 1)              98.439
5473       (1 0 1 2 1 1 1)              98.439
5474       (1 0 2 3 2 1 2)              98.440
5475       (1 0 2 3 2 1 2)              98.440
5476       (1 0 3 1 1 1 1)              98.440
5477       (1 0 2 3 2 1 2)              98.441
5478       (1 0 2 3 2 1 2)              98.441
5479       (1 0 3 1 2 1 2)              98.441
5480       (1 0 2 3 2 1 2)              98.441
5481       (1 0 2 3 2 1 2)              98.442
5482       (1 0 1 2 1 1 1)              98.442
5483       (1 0 1 2 1 2 0)              98.442
5484       (1 0 1 2 1 1 1)              98.443
5485       (1 0 1 2 1 1 1)              98.443
5486       (1 0 2 3 2 1 2)              98.443
5487       (1 0 3 1 2 1 2)              98.443
5488       (1 0 2 3 2 1 2)              98.444
5489       (1 0 3 1 2 1 2)              98.444
5490       (1 0 3 1 2 1 2)              98.444
5491       (1 0 2 3 2 1 1)              98.442
5492       (1 0 2 3 1 1 1)              98.442
5493       (1 0 2 3 2 1 2)              98.443
5494       (1 0 3 1 2 1 1)              98.440
5495       (1 0 2 3 2 1 2)              98.441
5496       (1 0 1 2 1 1 1)              98.441
5497       (1 0 2 3 2 1 2)              98.441
5498       (1 0 2 3 2 1 2)              98.441
5499       (1 0 3 1 1 1 1)              98.442
5500       (1 0 3 1 1 1 1)              98.442
5501       (1 0 3 1 2 1 2)              98.442
5502       (1 0 3 1 2 1 2)              98.443
5503       (1 0 2 3 2 1 2)              98.443
5504       (1 0 3 1 2 1 2)              98.443
5505       (1 0 3 1 2 1 1)              98.443
5506       (1 0 2 3 2 1 2)              98.444
5507       (1 0 2 3 1 2 1)              98.441
5508       (1 0 1 2 1 1 1)              98.442
5509       (1 0 2 3 1 2 1)              98.442
5510       (1 0 3 1 2 1 2)              98.442
5511       (1 0 2 3 2 1 2)              98.442
5512       (1 0 2 3 2 1 2)              98.443
5513       (1 0 3 1 2 1 2)              98.443
5514       (1 0 3 1 2 1 2)              98.443
5515       (1 0 2 3 2 1 2)              98.444
5516       (1 0 2 3 2 1 2)              98.444
5517       (1 0 2 3 2 1 2)              98.444
5518       (1 0 3 1 2 1 1)              98.444
5519       (1 0 3 1 2 1 2)              98.445
5520       (1 0 3 1 2 1 2)              98.445
5521       (1 0 3 1 2 1 2)              98.445
5522       (1 0 1 2 1 2 1)              98.446
5523       (1 0 2 3 1 2 1)              98.446
5524       (1 0 1 2 1 1 1)              98.446
5525       (1 0 3 1 2 1 1)              98.446
5526       (1 0 2 3 2 1 2)              98.447
5527       (1 0 3 1 2 1 1)              98.447
5528       (1 0 3 1 2 1 2)              98.447
5529       (1 0 3 1 2 1 2)              98.448
5530       (1 0 2 3 1 2 1)              98.448
5531       (1 0 1 2 1 1 1)              98.448
5532       (1 0 2 3 2 1 2)              98.448
5533       (1 0 2 3 2 1 2)              98.449
5534       (1 0 2 3 2 1 2)              98.449
5535       (1 0 0 0 2 2 1)              98.449
5536       (1 0 3 1 2 1 2)              98.450
5537       (1 0 3 1 2 1 2)              98.450
5538       (1 0 2 3 2 1 2)              98.450
5539       (1 0 2 3 1 2 1)              98.450
5540       (1 0 2 3 1 2 1)              98.451
5541       (1 0 0 0 1 2 0)              98.451
5542       (1 0 1 2 1 1 1)              98.451
5543       (1 0 2 3 2 1 2)              98.451
5544       (1 0 2 3 2 1 2)              98.452
5545       (1 0 3 1 2 1 1)              98.452
5546       (1 0 3 1 2 1 2)              98.452
5547       (1 0 2 3 2 1 2)              98.453
5548       (1 0 3 1 2 1 2)              98.453
5549       (1 0 2 3 2 2 1)              98.453
5550       (1 0 1 2 1 1 1)              98.453
5551       (1 0 3 1 2 1 2)              98.451
5552       (1 0 2 3 2 1 2)              98.451
5553       (1 0 2 3 2 1 2)              98.452
5554       (1 0 3 1 1 1 1)              98.452
5555       (1 0 1 2 1 1 1)              98.452
5556       (1 0 1 0 0 2 0)              98.450
5557       (1 0 2 3 2 1 2)              98.450
5558       (1 0 1 2 1 1 1)              98.451
5559       (1 0 2 3 2 1 1)              98.451
5560       (1 0 2 3 2 1 2)              98.451
5561       (1 0 2 3 2 1 2)              98.451
5562       (1 0 3 1 2 1 2)              98.452
5563       (1 0 2 3 2 1 2)              98.452
5564       (1 0 3 1 2 1 1)              98.452
5565       (1 0 2 3 2 1 2)              98.452
5566       (1 0 3 1 2 1 2)              98.453
5567       (1 0 3 1 2 1 2)              98.453
5568       (1 0 2 3 2 1 2)              98.453
5569       (1 0 1 2 1 1 1)              98.454
5570       (1 0 3 1 2 1 1)              98.454
5571       (1 0 2 3 2 1 2)              98.454
5572       (1 0 3 1 2 1 2)              98.454
5573       (1 0 2 3 2 1 2)              98.455
5574       (1 0 2 3 2 1 2)              98.455
5575       (1 0 2 3 2 1 2)              98.455
5576       (1 0 2 3 2 1 2)              98.456
5577       (1 0 0 0 2 2 1)              98.456
5578       (1 0 1 2 1 1 1)              98.456
5579       (1 0 3 1 2 1 2)              98.456
5580       (1 0 2 3 2 1 1)              98.457
5581       (1 0 1 2 1 1 1)              98.457
5582       (1 0 0 0 2 2 1)              98.457
5583       (1 0 2 3 2 1 2)              98.457
5584       (1 0 1 2 1 1 1)              98.458
5585       (1 0 2 3 2 1 2)              98.458
5586       (1 0 2 3 2 1 2)              98.458
5587       (1 0 2 3 2 1 2)              98.459
5588       (1 0 1 2 1 1 1)              98.459
5589       (1 0 1 2 1 1 1)              98.459
5590       (1 0 2 3 2 1 2)              98.459
5591       (1 0 3 1 2 1 2)              98.457
5592       (1 0 2 3 1 1 1)              98.457
5593       (1 0 3 1 1 1 1)              98.453
5594       (1 0 2 3 2 1 2)              98.453
5595       (1 0 3 1 2 2 1)              98.448
5596       (1 0 3 1 2 1 2)              98.448
5597       (1 0 2 3 1 1 1)              98.443
5598       (1 0 3 1 2 1 1)              98.444
5599       (1 0 3 1 2 1 2)              98.444
5600       (1 0 3 1 2 1 2)              98.442
5601       (1 0 1 2 1 1 1)              98.442
5602       (1 0 2 3 2 1 2)              98.442
5603       (1 0 1 2 1 1 1)              98.443
5604       (1 0 0 0 1 2 0)              98.443
5605       (1 0 3 1 1 1 1)              98.443
5606       (1 0 2 3 1 1 1)              98.443
5607       (1 0 3 1 2 1 1)              98.444
5608       (1 0 2 3 2 1 2)              98.444
5609       (1 0 1 2 1 2 1)              98.442
5610       (1 0 2 3 2 1 2)              98.442
5611       (1 0 1 2 1 1 1)              98.442
5612       (1 0 2 3 1 1 1)              98.442
5613       (1 0 3 1 2 1 2)              98.443
5614       (1 0 2 3 2 1 2)              98.443
5615       (1 0 2 3 2 1 2)              98.443
5616       (1 0 2 3 2 1 2)              98.444
5617       (1 0 2 3 2 1 2)              98.444
5618       (1 0 2 3 2 1 2)              98.444
5619       (1 0 2 3 2 1 2)              98.444
5620       (1 0 2 3 2 1 2)              98.445
5621       (1 0 2 3 2 1 2)              98.445
5622       (1 0 2 3 2 1 2)              98.445
5623       (1 0 1 2 1 1 1)              98.446
5624       (1 0 1 2 1 1 1)              98.446
5625       (1 0 3 1 1 2 1)              98.446
5626       (1 0 3 1 2 1 2)              98.446
5627       (1 0 3 1 2 1 2)              98.447
5628       (1 0 1 2 1 1 1)              98.447
5629       (1 0 1 2 0 0 1)              98.447
5630       (1 0 3 1 2 1 2)              98.447
5631       (1 0 2 3 2 1 2)              98.448
5632       (1 0 3 1 2 1 2)              98.448
5633       (1 0 2 3 2 1 2)              98.448
5634       (1 0 1 2 1 1 1)              98.449
5635       (1 0 1 2 1 2 0)              98.449
5636       (1 0 2 3 2 1 2)              98.449
5637       (1 0 1 2 1 1 1)              98.449
5638       (1 0 1 2 1 1 1)              98.450
5639       (1 0 1 2 1 1 1)              98.450
5640       (1 0 0 0 1 2 0)              98.450
5641       (1 0 3 1 2 1 2)              98.451
5642       (1 0 2 3 2 2 1)              98.451
5643       (1 0 3 1 2 1 1)              98.451
5644       (1 0 2 3 2 1 1)              98.451
5645       (1 0 3 1 2 1 2)              98.452
5646       (1 0 1 2 0 0 1)              98.452
5647       (1 0 1 2 1 1 1)              98.452
5648       (1 0 2 3 1 0 1)              98.450
5649       (1 0 3 1 2 1 2)              98.450
5650       (1 0 3 1 2 1 2)              98.450
5651       (1 0 2 3 2 1 2)              98.451
5652       (1 0 2 3 2 1 2)              98.451
5653       (1 0 2 3 2 1 2)              98.451
5654       (1 0 2 3 2 1 2)              98.452
5655       (1 0 1 2 1 2 0)              98.452
5656       (1 0 1 2 1 1 1)              98.452
5657       (1 0 2 3 2 1 2)              98.452
5658       (1 0 3 1 2 1 2)              98.453
5659       (1 0 0 0 1 2 0)              98.453
5660       (1 0 2 3 2 1 2)              98.453
5661       (1 0 2 3 1 2 1)              98.453
5662       (1 0 2 3 2 1 2)              98.454
5663       (1 0 2 3 2 1 1)              98.454
5664       (1 0 2 3 1 2 1)              98.454
5665       (1 0 3 1 2 1 2)              98.455
5666       (1 0 3 1 2 1 2)              98.455
5667       (1 0 2 3 1 2 1)              98.455
5668       (1 0 2 3 2 1 2)              98.455
5669       (1 0 1 2 1 1 1)              98.456
5670       (1 0 2 3 1 2 1)              98.456
5671       (1 0 3 1 1 1 1)              98.451
5672       (1 0 3 1 2 1 2)              98.449
5673       (1 0 2 3 2 1 2)              98.449
5674       (1 0 2 3 1 1 1)              98.444
5675       (1 0 2 3 2 1 2)              98.445
5676       (1 0 1 2 1 2 1)              98.442
5677       (1 0 2 3 2 1 2)              98.443
5678       (1 0 1 2 1 1 1)              98.443
5679       (1 0 2 3 2 1 2)              98.443
5680       (1 0 1 2 1 2 1)              98.444
5681       (1 0 3 1 2 1 2)              98.444
5682       (1 0 1 2 1 1 1)              98.444
5683       (1 0 2 3 1 1 1)              98.444
5684       (1 0 3 1 2 1 2)              98.445
5685       (1 0 1 2 1 1 1)              98.445
5686       (1 0 1 2 1 1 1)              98.445
5687       (1 0 2 3 2 1 1)              98.443
5688       (1 0 3 1 2 1 1)              98.443
5689       (1 0 1 2 1 1 1)              98.443
5690       (1 0 2 3 1 0 2)              98.439
5691       (1 0 2 3 1 1 1)              98.439
5692       (1 0 2 3 2 1 2)              98.439
5693       (1 0 2 3 2 1 1)              98.440
5694       (1 0 2 3 2 1 2)              98.440
5695       (1 0 2 3 2 1 2)              98.440
5696       (1 0 2 3 2 1 2)              98.440
5697       (1 0 3 1 2 1 1)              98.438
5698       (1 0 2 3 2 1 2)              98.438
5699       (1 0 2 3 2 1 2)              98.439
5700       (1 0 3 1 1 1 1)              98.439
5701       (1 0 3 1 2 1 2)              98.439
5702       (1 0 3 1 1 1 1)              98.440
5703       (1 0 2 3 2 1 2)              98.440
5704       (1 0 1 2 1 1 1)              98.440
5705       (1 0 1 2 1 1 1)              98.440
5706       (1 0 2 3 2 1 2)              98.441
5707       (1 0 3 1 2 1 2)              98.438
5708       (1 0 2 3 2 1 2)              98.439
5709       (1 0 2 3 2 1 2)              98.439
5710       (1 0 2 3 2 1 1)              98.439
5711       (1 0 3 1 2 1 2)              98.439
5712       (1 0 2 3 1 2 1)              98.440
5713       (1 0 3 1 2 1 2)              98.440
5714       (1 0 1 2 1 1 1)              98.440
5715       (1 0 3 1 2 1 2)              98.441
5716       (1 0 1 2 1 1 1)              98.441
5717       (1 0 3 1 2 1 2)              98.441
5718       (1 0 1 2 1 1 1)              98.441
5719       (1 0 3 1 2 1 2)              98.439
5720       (1 0 2 3 2 1 2)              98.439
5721       (1 0 3 1 2 1 1)              98.440
5722       (1 0 2 3 2 1 2)              98.440
5723       (1 0 3 1 2 1 2)              98.440
5724       (1 0 2 3 2 1 1)              98.441
5725       (1 0 2 3 1 2 1)              98.441
5726       (1 0 3 1 2 1 2)              98.441
5727       (1 0 2 3 2 1 2)              98.441
5728       (1 0 3 1 1 1 1)              98.442
5729       (1 0 2 3 2 1 2)              98.442
5730       (1 0 2 3 1 2 0)              98.442
5731       (1 0 2 3 2 1 2)              98.442
5732       (1 0 1 2 1 1 1)              98.443
5733       (1 0 2 3 2 1 2)              98.443
5734       (1 0 2 3 1 2 1)              98.443
5735       (1 0 2 3 1 2 1)              98.444
5736       (1 0 2 3 2 1 2)              98.444
5737       (1 0 2 3 2 1 2)              98.444
5738       (1 0 2 3 1 2 1)              98.444
5739       (1 0 2 3 2 1 2)              98.445
5740       (1 0 3 1 2 1 2)              98.445
5741       (1 0 3 1 1 1 1)              98.445
5742       (1 0 0 0 1 2 1)              98.443
5743       (1 0 3 1 2 1 2)              98.443
5744       (1 0 2 3 1 2 1)              98.443
5745       (1 0 1 2 1 1 1)              98.444
5746       (1 0 2 3 1 1 1)              98.439
5747       (1 0 2 3 2 1 2)              98.439
5748       (1 0 2 3 1 2 1)              98.440
5749       (1 0 1 2 1 1 1)              98.440
5750       (1 0 3 1 2 1 2)              98.440
5751       (1 0 2 3 1 1 1)              98.440
5752       (1 0 2 3 2 1 2)              98.441
5753       (1 0 2 3 2 1 2)              98.441
5754       (1 0 2 3 2 1 2)              98.441
5755       (1 0 1 2 1 2 1)              98.441
5756       (1 0 2 3 2 1 2)              98.442
5757       (1 0 2 3 2 1 2)              98.442
5758       (1 0 2 3 1 2 1)              98.442
5759       (1 0 2 3 2 1 2)              98.443
5760       (1 0 2 3 2 1 2)              98.443
5761       (1 0 2 3 1 2 1)              98.443
5762       (1 0 2 3 2 1 2)              98.443
5763       (1 0 2 3 2 1 2)              98.444
5764       (1 0 3 1 2 1 2)              98.444
5765       (1 0 1 2 1 1 1)              98.444
5766       (1 0 1 2 1 1 1)              98.444
5767       (1 0 0 0 1 0 1)              98.445
5768       (1 0 2 3 1 2 1)              98.445
5769       (1 0 2 3 2 1 2)              98.445
5770       (1 0 2 3 2 1 2)              98.446
5771       (1 0 2 3 2 1 1)              98.443
5772       (1 0 2 3 2 1 2)              98.444
5773       (1 0 2 3 2 1 2)              98.444
5774       (1 0 2 3 2 1 2)              98.444
5775       (1 0 2 3 2 1 2)              98.444
5776       (1 0 3 1 2 1 2)              98.445
5777       (1 0 2 3 2 1 2)              98.445
5778       (1 0 2 3 2 1 2)              98.445
5779       (1 0 3 1 2 1 2)              98.445
5780       (1 0 3 1 2 1 1)              98.443
5781       (1 0 2 3 2 1 2)              98.444
5782       (1 0 3 1 2 1 2)              98.444
5783       (1 0 3 1 2 1 2)              98.444
5784       (1 0 2 3 2 1 2)              98.444
5785       (1 0 2 3 2 1 2)              98.445
5787       (1 0 2 3 2 1 2)              98.445
5788       (1 0 0 0 1 2 1)              98.443
5789       (1 0 1 2 0 0 1)              98.443
5790       (1 0 3 1 2 1 2)              98.443
5791       (1 0 1 2 1 1 1)              98.443
5792       (1 0 2 3 2 1 2)              98.444
5793       (1 0 1 2 1 1 1)              98.444
5794       (1 0 2 3 2 1 2)              98.444
5795       (1 0 2 3 2 1 2)              98.445
5796       (1 0 2 3 2 1 1)              98.445
5797       (1 0 2 3 1 1 1)              98.445
5798       (1 0 1 2 1 1 1)              98.445
5799       (1 0 2 3 1 2 1)              98.446
5800       (1 0 2 3 2 1 2)              98.446
5801       (1 0 3 1 2 1 2)              98.446
5802       (1 0 2 3 1 1 1)              98.446
5803       (1 0 1 2 1 1 1)              98.447
5804       (1 0 2 3 2 1 2)              98.447
5805       (1 0 2 3 2 1 2)              98.447
5806       (1 0 2 3 2 2 1)              98.448
5807       (1 0 2 3 2 1 2)              98.448
5808       (1 0 3 1 2 1 2)              98.448
5809       (1 0 2 3 2 1 2)              98.448
5810       (1 0 2 3 2 1 2)              98.444
5811       (1 0 3 1 2 1 2)              98.441
5812       (1 0 2 3 2 1 1)              98.439
5813       (1 0 1 2 1 1 1)              98.440
5814       (1 0 2 3 2 1 2)              98.440
5815       (1 0 2 3 1 1 1)              98.440
5816       (1 0 2 3 2 1 2)              98.440
5817       (1 0 2 3 2 1 2)              98.441
5818       (1 0 2 3 2 1 2)              98.441
5819       (1 0 3 1 2 1 2)              98.441
5820       (1 0 3 1 2 1 2)              98.441
5821       (1 0 2 3 2 1 2)              98.442
5822       (1 0 2 3 1 2 1)              98.442
5823       (1 0 2 3 1 1 1)              98.437
5824       (1 0 1 2 1 1 1)              98.438
5825       (1 0 2 3 1 2 1)              98.438
5826       (1 0 2 3 2 1 2)              98.438
5827       (1 0 3 1 2 1 1)              98.438
5828       (1 0 1 2 1 2 1)              98.439
5829       (1 0 2 3 2 1 2)              98.439
5830       (1 0 2 3 1 1 1)              98.439
5831       (1 0 1 2 1 1 1)              98.439
5832       (1 0 3 1 2 1 2)              98.440
5833       (1 0 2 3 1 1 1)              98.438
5834       (1 0 1 2 1 1 1)              98.438
5835       (1 0 3 1 2 1 2)              98.438
5836       (1 0 1 2 1 1 1)              98.438
5837       (1 0 1 2 1 1 1)              98.439
5838       (1 0 3 1 2 1 2)              98.439
5839       (1 0 2 3 2 1 2)              98.439
5840       (1 0 2 3 2 1 2)              98.439
5841       (1 0 2 3 2 1 2)              98.440
5842       (1 0 2 3 2 1 2)              98.440
5843       (1 0 1 2 1 1 1)              98.440
5844       (1 0 1 2 1 2 1)              98.440
5845       (1 0 1 2 1 1 1)              98.441
5846       (1 0 2 3 2 1 2)              98.441
5847       (1 0 2 3 2 1 2)              98.441
5848       (1 0 2 3 2 1 1)              98.442
5849       (1 0 2 3 2 1 2)              98.442
5850       (1 0 3 1 2 1 2)              98.442
5851       (1 0 3 1 2 1 2)              98.442
5852       (1 0 2 3 2 1 2)              98.443
5853       (1 0 3 1 2 1 2)              98.440
5854       (1 0 2 3 2 1 2)              98.441
5855       (1 0 2 3 2 1 2)              98.441
5856       (1 0 3 1 2 1 2)              98.441
5857       (1 0 2 3 2 1 1)              98.442
5858       (1 0 2 3 1 2 1)              98.442
5859       (1 0 2 3 2 1 2)              98.442
5860       (1 0 2 3 1 2 1)              98.442
5861       (1 0 2 3 2 1 2)              98.443
5862       (1 0 3 1 2 1 2)              98.443
5863       (1 0 2 3 1 1 1)              98.443
5864       (1 0 1 2 1 1 1)              98.443
5865       (1 0 0 0 2 2 1)              98.444
5866       (1 0 1 2 1 1 1)              98.444
5867       (1 0 3 1 2 1 2)              98.442
5868       (1 0 1 2 1 2 1)              98.442
5869       (1 0 2 3 2 1 2)              98.442
5870       (1 0 2 3 2 1 2)              98.443
5871       (1 0 1 2 1 1 1)              98.443
5872       (1 0 2 3 2 1 1)              98.443
5873       (1 0 3 1 2 1 2)              98.443
5874       (1 0 2 3 2 1 2)              98.444
5875       (1 0 2 3 2 1 1)              98.441
5876       (1 0 2 3 2 1 2)              98.442
5877       (1 0 3 1 2 1 2)              98.442
5878       (1 0 2 3 2 1 2)              98.442
5879       (1 0 3 1 2 1 2)              98.442
5880       (1 0 2 3 2 1 2)              98.443
5881       (1 0 2 3 2 1 2)              98.443
5882       (1 0 2 3 2 1 2)              98.443
5883       (1 0 1 2 1 1 1)              98.444
5884       (1 0 3 1 2 1 2)              98.444
5885       (1 0 2 3 2 1 2)              98.444
5886       (1 0 2 3 2 1 2)              98.444
5887       (1 0 3 1 2 1 2)              98.445
5888       (1 0 3 1 1 1 1)              98.445
5889       (1 0 2 3 2 1 2)              98.445
5890       (1 0 3 1 2 1 2)              98.443
5891       (1 0 2 3 2 1 2)              98.443
5892       (1 0 2 3 2 1 2)              98.444
5893       (1 0 2 3 2 1 2)              98.444
5894       (1 0 2 3 2 1 2)              98.444
5895       (1 0 3 1 2 1 2)              98.444
5896       (1 0 2 3 1 1 1)              98.445
5897       (1 0 3 1 2 1 2)              98.445
5898       (1 0 3 1 2 1 2)              98.445
5899       (1 0 2 3 2 1 2)              98.445
5900       (1 0 2 3 2 1 2)              98.446
5901       (1 0 1 2 1 1 1)              98.446
5902       (1 0 1 2 1 1 1)              98.446
5903       (1 0 2 3 1 2 1)              98.446
5904       (1 0 3 1 2 1 2)              98.447
5905       (1 0 2 3 1 2 1)              98.447
5906       (1 0 1 2 1 1 1)              98.447
5907       (1 0 1 2 1 1 1)              98.447
5908       (1 0 0 0 2 2 1)              98.448
5909       (1 0 3 1 2 1 1)              98.448
5910       (1 0 2 3 2 1 2)              98.448
5911       (1 0 3 1 2 1 2)              98.449
5912       (1 0 2 3 2 1 2)              98.449
5913       (1 0 1 2 1 1 1)              98.449
5914       (1 0 2 3 2 1 2)              98.449
5915       (1 0 2 3 2 1 2)              98.450
5916       (1 0 2 3 2 1 1)              98.450
5917       (1 0 2 3 2 1 2)              98.450
5918       (1 0 1 2 1 1 1)              98.450
5919       (1 0 2 3 2 1 2)              98.451
5920       (1 0 2 3 2 1 2)              98.451
5921       (1 0 2 3 1 2 1)              98.451
5922       (1 0 1 2 1 1 1)              98.451
5923       (1 0 1 2 1 2 1)              98.452
5924       (1 0 3 1 2 1 2)              98.450
5925       (1 0 3 1 2 1 2)              98.450
5926       (1 0 1 2 1 1 1)              98.450
5927       (1 0 1 2 1 1 1)              98.450
5928       (1 0 1 2 1 1 1)              98.451
5929       (1 0 2 3 1 1 1)              98.451
5930       (1 0 2 3 2 1 2)              98.451
5931       (1 0 2 3 1 2 1)              98.451
5932       (1 0 2 3 1 2 1)              98.452
5933       (1 0 1 2 1 2 1)              98.452
5934       (1 0 3 1 2 1 2)              98.452
5935       (1 0 2 3 2 1 2)              98.452
5936       (1 0 2 3 2 1 2)              98.453
5937       (1 0 2 3 2 1 2)              98.453
5938       (1 0 2 3 2 1 2)              98.453
5939       (1 0 0 0 2 2 1)              98.453
5940       (1 0 2 3 1 2 1)              98.454
5941       (1 0 2 3 1 2 1)              98.454
5942       (1 0 3 1 2 1 2)              98.452
5943       (1 0 1 2 1 1 1)              98.452
5944       (1 0 2 3 2 1 2)              98.452
5945       (1 0 3 1 2 1 2)              98.453
5946       (1 0 0 0 2 2 1)              98.453
5947       (1 0 2 3 2 1 1)              98.453
5948       (1 0 2 3 1 2 1)              98.453
5949       (1 0 3 1 2 1 2)              98.454
5950       (1 0 1 2 1 1 1)              98.454
5951       (1 0 1 2 1 2 0)              98.454
5952       (1 0 1 2 1 1 1)              98.454
5953       (1 0 2 3 2 1 2)              98.455
5954       (1 0 1 2 1 2 0)              98.455
5955       (1 0 2 3 1 1 1)              98.455
5956       (1 0 2 3 2 1 2)              98.455
5957       (1 0 1 2 1 1 1)              98.456
5958       (1 0 2 3 2 1 2)              98.456
5959       (1 0 3 1 2 1 2)              98.456
5960       (1 0 1 2 1 1 1)              98.457
5961       (1 0 1 2 1 1 1)              98.457
5962       (1 0 2 3 2 1 2)              98.457
5963       (1 0 2 3 1 2 1)              98.457
5964       (1 0 2 3 1 0 1)              98.458
5965       (1 0 1 2 1 1 1)              98.455
5966       (1 0 3 1 2 1 2)              98.456
5967       (1 0 3 1 2 1 2)              98.456
5968       (1 0 1 2 1 1 1)              98.456
5969       (1 0 3 1 2 1 2)              98.456
5970       (1 0 2 3 2 1 2)              98.457
5971       (1 0 1 2 1 1 1)              98.457
5972       (1 0 2 3 2 1 2)              98.457
5973       (1 0 3 1 1 2 1)              98.457
5974       (1 0 2 3 2 1 2)              98.458
5975       (1 0 1 2 1 1 1)              98.458
5976       (1 0 1 2 1 2 1)              98.458
5977       (1 0 3 1 1 1 1)              98.459
5978       (1 0 2 3 2 1 2)              98.459
5979       (1 0 3 0 1 0 1)              98.457
5980       (1 0 2 3 2 1 1)              98.457
5981       (1 0 2 3 2 1 2)              98.457
5982       (1 0 2 3 1 2 1)              98.457
5983       (1 0 2 3 1 1 1)              98.458
5984       (1 0 1 2 1 1 1)              98.458
5985       (1 0 2 3 2 1 2)              98.458
5986       (1 0 2 3 2 1 2)              98.458
5987       (1 0 2 3 2 1 2)              98.459
5988       (1 0 1 2 1 1 1)              98.459
5989       (1 0 1 2 1 1 1)              98.459
5990       (1 0 3 1 2 1 2)              98.459
5991       (1 0 2 3 2 1 2)              98.460
5992       (1 0 2 3 2 1 2)              98.460
5993       (1 0 1 2 1 1 1)              98.460
5994       (1 0 2 3 1 2 1)              98.461
5995       (1 0 2 3 2 1 1)              98.458
5996       (1 0 2 3 2 1 2)              98.459
5997       (1 0 2 3 2 1 2)              98.459
5998       (1 0 1 2 1 1 1)              98.459
5999       (1 0 1 2 1 1 1)              98.459
6000       (1 0 1 2 1 1 1)              98.460
6001       (1 0 2 3 2 1 2)              98.460
6002       (1 0 3 1 2 1 1)              98.460
6003       (1 0 2 3 2 1 2)              98.460
6004       (1 0 2 3 2 1 2)              98.461
6005       (1 0 2 3 2 1 1)              98.461
6006       (1 0 2 3 1 2 1)              98.461
6007       (1 0 1 2 1 2 1)              98.459
6008       (1 0 2 3 2 1 2)              98.459
6009       (1 0 2 3 2 1 2)              98.460
6010       (1 0 2 3 2 1 2)              98.460
6011       (1 0 1 2 1 1 1)              98.460
6012       (1 0 2 3 2 1 1)              98.460
6013       (1 0 2 3 1 1 1)              98.461
6014       (1 0 2 3 1 1 1)              98.461
6015       (1 0 2 3 2 1 1)              98.461
6016       (1 0 1 2 2 2 1)              98.461
6017       (1 0 1 2 1 1 1)              98.462
6018       (1 0 3 1 2 1 2)              98.462
6019       (1 0 1 2 1 1 1)              98.462
6020       (1 0 1 2 1 1 1)              98.462
6021       (1 0 3 1 2 1 1)              98.460
6022       (1 0 2 3 2 1 1)              98.461
6023       (1 0 2 3 1 1 1)              98.456
6024       (1 0 0 0 1 2 0)              98.456
6025       (1 0 2 3 2 1 2)              98.457
6026       (1 0 1 2 1 2 1)              98.454
6027       (1 0 1 2 1 1 1)              98.455
6028       (1 0 2 3 1 2 1)              98.455
6029       (1 0 3 1 1 1 1)              98.450
6030       (1 0 2 3 1 2 1)              98.451
6031       (1 0 2 3 2 1 2)              98.451
6032       (1 0 2 3 2 1 2)              98.451
6033       (1 0 2 3 2 1 2)              98.451
6034       (1 0 2 3 2 1 2)              98.452
6035       (1 0 1 2 1 1 1)              98.452
6036       (1 0 3 1 2 1 2)              98.452
6037       (1 0 3 1 2 1 2)              98.453
6038       (1 0 3 1 2 1 2)              98.453
6039       (1 0 2 3 1 1 1)              98.453
6040       (1 0 2 3 1 1 1)              98.451
6041       (1 0 3 1 2 1 2)              98.449
6042       (1 0 3 1 2 1 2)              98.449
6043       (1 0 3 1 1 2 1)              98.449
6044       (1 0 2 3 2 1 2)              98.450
6045       (1 0 1 2 1 1 1)              98.450
6046       (1 0 1 2 1 1 1)              98.450
6047       (1 0 2 3 2 1 2)              98.450
6048       (1 0 1 2 1 1 1)              98.451
6049       (1 0 3 1 2 1 2)              98.451
6050       (1 0 2 3 1 1 1)              98.451
6051       (1 0 1 2 1 1 1)              98.451
6052       (1 0 2 3 1 2 1)              98.452
6053       (1 0 2 3 2 1 2)              98.452
6054       (1 0 3 1 2 1 2)              98.452
6055       (1 0 2 3 2 1 1)              98.452
6056       (1 0 2 3 2 1 2)              98.453
6057       (1 0 3 1 2 1 2)              98.453
6058       (1 0 2 3 1 2 1)              98.453
6059       (1 0 3 1 2 1 2)              98.453
6060       (1 0 2 3 2 1 2)              98.454
6061       (1 0 1 2 1 1 1)              98.454
6062       (1 0 1 2 1 1 1)              98.454
6063       (1 0 1 2 1 1 1)              98.454
6064       (1 0 2 3 2 1 2)              98.455
6065       (1 0 2 3 2 1 1)              98.453
6066       (1 0 2 3 2 1 2)              98.453
6067       (1 0 2 3 2 1 2)              98.453
6068       (1 0 0 0 1 2 0)              98.453
6069       (1 0 3 1 2 1 2)              98.454
6070       (1 0 3 1 2 1 2)              98.454
6071       (1 0 3 1 2 1 2)              98.454
6072       (1 0 2 3 2 1 2)              98.454
6073       (1 0 1 2 1 1 1)              98.455
6074       (1 0 2 3 2 1 2)              98.455
6075       (1 0 2 3 2 1 2)              98.455
6076       (1 0 1 2 1 1 1)              98.455
6077       (1 0 3 1 2 1 2)              98.456
6078       (1 0 3 1 2 1 2)              98.456
6079       (1 0 3 1 2 1 2)              98.456
6080       (1 0 3 1 2 1 2)              98.456
6081       (1 0 2 3 2 1 2)              98.457
6082       (1 0 1 2 1 1 1)              98.457
6083       (1 0 2 3 2 1 2)              98.457
6084       (1 0 3 1 2 1 2)              98.457
6085       (1 0 2 3 2 1 1)              98.458
6086       (1 0 3 1 2 1 2)              98.456
6087       (1 0 2 3 2 1 2)              98.456
6088       (1 0 3 1 2 1 2)              98.454
6089       (1 0 2 3 2 1 2)              98.454
6090       (1 0 2 3 2 1 2)              98.454
6091       (1 0 2 3 2 1 2)              98.455
6092       (1 0 2 3 2 1 2)              98.455
6093       (1 0 1 2 1 2 1)              98.455
6094       (1 0 2 3 2 1 2)              98.455
6095       (1 0 3 1 2 1 2)              98.456
6096       (1 0 2 3 2 1 2)              98.456
6097       (1 0 2 3 2 1 2)              98.456
6098       (1 0 2 3 2 1 2)              98.456
6099       (1 0 3 1 2 1 2)              98.457
6100       (1 0 3 1 2 1 2)              98.457
6101       (1 0 2 3 2 1 2)              98.457
6102       (1 0 0 0 1 0 1)              98.457
6103       (1 0 0 0 2 2 1)              98.458
6104       (1 0 3 1 2 1 2)              98.458
6105       (1 0 1 2 1 1 1)              98.458
6106       (1 0 1 2 1 1 1)              98.458
6107       (1 0 2 3 2 1 2)              98.459
6108       (1 0 3 1 2 1 1)              98.459
6109       (1 0 2 3 2 1 2)              98.459
6110       (1 0 2 3 1 2 1)              98.459
6111       (1 0 3 1 2 1 2)              98.460
6112       (1 0 3 1 2 1 2)              98.460
6113       (1 0 2 3 2 1 1)              98.460
6114       (1 0 1 2 0 0 1)              98.460
6115       (1 0 2 3 2 1 2)              98.461
6116       (1 0 1 2 1 1 1)              98.461
6117       (1 0 3 1 2 1 2)              98.461
6118       (1 0 1 2 1 1 1)              98.461
6119       (1 0 2 3 2 1 2)              98.459
6120       (1 0 3 1 2 1 2)              98.460
6121       (1 0 2 3 2 1 2)              98.460
6122       (1 0 3 1 1 1 1)              98.460
6123       (1 0 1 2 1 1 1)              98.460
6124       (1 0 3 1 2 1 2)              98.461
6125       (1 0 2 3 1 2 1)              98.461
6126       (1 0 2 3 2 1 2)              98.461
6127       (1 0 3 1 2 1 2)              98.461
6128       (1 0 2 3 2 1 2)              98.462
6129       (1 0 2 3 1 1 1)              98.462
6130       (1 0 1 2 1 2 1)              98.462
6131       (1 0 3 1 2 1 2)              98.462
6132       (1 0 1 2 1 1 1)              98.463
6133       (1 0 3 1 2 1 2)              98.460
6134       (1 0 2 3 2 1 2)              98.461
6135       (1 0 2 3 2 1 2)              98.461
6136       (1 0 2 3 2 1 2)              98.461
6137       (1 0 3 1 2 1 2)              98.461
6138       (1 0 2 3 2 1 2)              98.457
6139       (1 0 2 3 2 1 2)              98.457
6140       (1 0 2 3 2 1 2)              98.458
6141       (1 0 2 3 2 1 2)              98.458
6142       (1 0 2 3 2 1 2)              98.458
6143       (1 0 2 3 2 1 1)              98.458
6144       (1 0 2 3 0 0 0)              98.459
6145       (1 0 2 3 2 1 2)              98.459
6146       (1 0 2 3 1 1 1)              98.459
6147       (1 0 2 3 2 1 2)              98.459
6148       (1 0 2 3 2 1 1)              98.460
6149       (1 0 3 1 1 1 1)              98.460
6150       (1 0 2 3 2 1 2)              98.460
6151       (1 0 2 3 2 1 2)              98.460
6152       (1 0 3 1 1 1 1)              98.461
6153       (1 0 2 3 1 2 1)              98.461
6154       (1 0 3 1 2 1 2)              98.461
6155       (1 0 2 3 2 1 2)              98.461
6156       (1 0 1 2 2 2 1)              98.462
6157       (1 0 2 3 1 2 1)              98.462
6158       (1 0 3 1 2 1 2)              98.462
6159       (1 0 2 3 2 1 2)              98.462
6160       (1 0 3 1 2 1 2)              98.463
6161       (1 0 0 0 2 2 1)              98.463
6162       (1 0 2 3 2 1 1)              98.463
6163       (1 0 2 3 2 1 2)              98.463
6164       (1 0 2 3 2 1 2)              98.464
6165       (1 0 3 1 2 1 2)              98.464
6166       (1 0 2 3 2 1 1)              98.464
6167       (1 0 3 1 2 1 2)              98.464
6168       (1 0 2 3 2 1 2)              98.465
6169       (1 0 1 2 1 1 1)              98.465
6170       (1 0 3 1 2 1 2)              98.463
6171       (1 0 2 3 2 1 2)              98.463
6172       (1 0 1 2 1 1 1)              98.463
6173       (1 0 3 1 2 1 2)              98.461
6174       (1 0 2 3 2 1 2)              98.461
6175       (1 0 2 3 2 1 2)              98.462
6176       (1 0 1 2 1 1 1)              98.462
6177       (1 0 2 3 2 1 1)              98.462
6178       (1 0 3 1 2 1 2)              98.460
6179       (1 0 1 2 1 2 1)              98.460
6180       (1 0 2 3 2 1 2)              98.461
6181       (1 0 2 3 2 1 2)              98.461
6182       (1 0 2 3 1 2 1)              98.461
6183       (1 0 2 3 2 1 2)              98.461
6184       (1 0 3 1 2 1 2)              98.459
6185       (1 0 2 3 2 1 2)              98.460
6186       (1 0 3 1 2 1 1)              98.460
6187       (1 0 2 3 2 1 1)              98.460
6188       (1 0 0 0 2 2 1)              98.460
6189       (1 0 2 3 2 1 2)              98.461
6190       (1 0 3 1 1 2 1)              98.461
6191       (1 0 3 1 2 1 2)              98.461
6192       (1 0 2 3 2 1 2)              98.461
6193       (1 0 1 2 1 1 1)              98.462
6194       (1 0 1 2 1 1 1)              98.462
6195       (1 0 1 2 1 1 1)              98.462
6196       (1 0 3 1 2 1 2)              98.460
6197       (1 0 2 3 2 1 2)              98.460
6198       (1 0 2 3 2 1 2)              98.460
6199       (1 0 2 3 2 1 2)              98.458
6200       (1 0 1 2 1 1 1)              98.459
6201       (1 0 2 3 2 1 2)              98.459
6202       (1 0 2 3 2 1 2)              98.459
6203       (1 0 2 3 2 1 2)              98.459
6204       (1 0 1 2 1 1 1)              98.460
6205       (1 0 3 1 2 1 2)              98.460
6206       (1 0 3 1 2 1 1)              98.460
6207       (1 0 2 3 2 1 2)              98.460
6208       (1 0 2 3 2 1 2)              98.461
6209       (1 0 3 1 1 2 1)              98.461
6210       (1 0 3 1 2 1 2)              98.461
6211       (1 0 2 3 2 1 2)              98.461
6212       (1 0 1 2 1 2 1)              98.462
6213       (1 0 2 3 2 1 2)              98.462
6214       (1 0 3 1 2 1 2)              98.462
6215       (1 0 2 3 2 1 2)              98.462
6216       (1 0 1 2 1 1 1)              98.463
6217       (1 0 1 2 0 0 1)              98.463
6218       (1 0 2 3 2 1 2)              98.463
6219       (1 0 3 1 2 1 1)              98.463
6220       (1 0 3 1 2 1 2)              98.464
6221       (1 0 2 3 1 2 1)              98.464
6222       (1 0 2 3 2 1 2)              98.464
6223       (1 0 0 0 2 2 1)              98.464
6224       (1 0 2 3 2 1 2)              98.465
6225       (1 0 0 0 2 2 1)              98.465
6226       (1 0 3 1 2 1 2)              98.465
6227       (1 0 2 3 2 1 1)              98.465
6228       (1 0 2 3 1 1 1)              98.466
6229       (1 0 1 2 1 1 1)              98.466
6230       (1 0 2 3 2 1 2)              98.466
6231       (1 0 2 3 2 1 2)              98.466
6232       (1 0 2 3 2 1 2)              98.467
6233       (1 0 2 3 2 1 2)              98.467
6234       (1 0 1 2 1 1 1)              98.467
6235       (1 0 2 3 2 1 2)              98.467
6236       (1 0 0 0 2 2 1)              98.468
6237       (1 0 1 2 1 1 1)              98.468
6238       (1 0 2 3 1 1 1)              98.468
6239       (1 0 1 2 1 1 1)              98.468
6240       (1 0 2 3 1 2 1)              98.469
6241       (1 0 2 3 2 1 1)              98.469
6242       (1 0 2 3 2 1 2)              98.469
6243       (1 0 1 2 1 1 1)              98.469
6244       (1 0 2 3 2 1 2)              98.470
6245       (1 0 3 1 2 1 1)              98.468
6246       (1 0 3 1 2 1 2)              98.468
6247       (1 0 1 2 1 1 1)              98.468
6248       (1 0 3 1 1 1 1)              98.468
6249       (1 0 2 3 2 1 2)              98.468
6250       (1 0 2 3 2 1 2)              98.469
6251       (1 0 3 1 2 1 1)              98.469
6252       (1 0 2 3 2 1 2)              98.469
6253       (1 0 2 3 2 1 2)              98.469
6254       (1 0 0 0 2 2 1)              98.470
6255       (1 0 3 1 2 1 2)              98.470
6256       (1 0 2 3 2 1 2)              98.470
6257       (1 0 2 3 1 2 1)              98.470
6258       (1 0 3 1 2 1 2)              98.471
6259       (1 0 2 3 2 1 2)              98.471
6260       (1 0 1 2 1 1 1)              98.471
6261       (1 0 1 2 1 1 1)              98.471
6262       (1 0 3 1 2 1 2)              98.472
6263       (1 0 3 1 2 1 2)              98.472
6264       (1 0 2 3 2 1 2)              98.472
6265       (1 0 1 2 1 1 1)              98.472
6266       (1 0 3 1 2 1 2)              98.473
6267       (1 0 2 3 1 2 1)              98.473
6268       (1 0 2 3 2 1 2)              98.473
6269       (1 0 1 2 1 1 1)              98.473
6270       (1 0 1 2 1 1 1)              98.474
6271       (1 0 3 1 2 1 2)              98.474
6272       (1 0 3 1 2 1 2)              98.474
6273       (1 0 3 1 1 1 1)              98.474
6274       (1 0 3 1 2 1 2)              98.475
6275       (1 0 1 2 1 1 1)              98.475
6276       (1 0 2 3 2 1 2)              98.475
6277       (1 0 2 3 2 1 2)              98.475
6278       (1 0 1 2 1 1 1)              98.476
6279       (1 0 2 3 2 1 2)              98.476
6280       (1 0 3 1 2 1 2)              98.476
6281       (1 0 2 3 1 2 1)              98.476
6282       (1 0 3 1 1 1 1)              98.477
6283       (1 0 2 3 2 1 2)              98.477
6284       (1 0 3 1 0 1 1)              98.477
6285       (1 0 2 3 2 1 2)              98.477
6286       (1 0 2 3 2 1 2)              98.478
6287       (1 0 2 3 2 1 2)              98.478
6288       (1 0 2 3 2 1 2)              98.478
6289       (1 0 2 3 2 1 1)              98.478
6290       (1 0 1 2 1 1 1)              98.478
6291       (1 0 2 3 2 1 2)              98.479
6292       (1 0 1 2 0 0 1)              98.479
6293       (1 0 3 1 2 1 2)              98.479
6294       (1 0 2 3 2 1 2)              98.479
6295       (1 0 3 1 2 1 2)              98.480
6296       (1 0 2 3 1 1 1)              98.480
6297       (1 0 1 2 1 1 1)              98.480
6298       (1 0 1 2 1 1 1)              98.480
6299       (1 0 3 1 2 1 2)              98.481
6300       (1 0 2 3 1 2 1)              98.481
6301       (1 0 3 1 2 1 1)              98.481
6302       (1 0 1 2 1 1 1)              98.481
6303       (1 0 2 3 1 2 1)              98.479
6304       (1 0 2 3 2 1 1)              98.480
6305       (1 0 2 3 2 1 1)              98.480
6306       (1 0 1 2 1 1 1)              98.480
6307       (1 0 2 3 2 1 1)              98.480
6308       (1 0 2 3 1 2 1)              98.481
6309       (1 0 2 3 2 1 2)              98.481
6310       (1 0 2 3 1 2 1)              98.481
6311       (1 0 2 3 1 1 1)              98.481
6312       (1 0 2 3 1 2 1)              98.482
6313       (1 0 2 3 2 1 2)              98.482
6314       (1 0 3 1 2 1 1)              98.480
6315       (1 0 1 2 1 1 1)              98.480
6316       (1 0 2 3 1 2 1)              98.480
6317       (1 0 2 3 2 1 1)              98.480
6318       (1 0 3 1 1 0 1)              98.476
6319       (1 0 2 3 2 1 2)              98.476
6320       (1 0 2 3 1 2 1)              98.477
6321       (1 0 3 1 2 1 2)              98.475
6322       (1 0 3 1 2 1 2)              98.473
6323       (1 0 2 3 2 1 2)              98.473
6324       (1 0 1 2 1 1 1)              98.473
6325       (1 0 2 3 2 1 2)              98.473
6326       (1 0 1 2 1 1 1)              98.474
6327       (1 0 2 3 2 1 2)              98.474
6328       (1 0 1 2 1 1 1)              98.474
6329       (1 0 2 3 1 1 0)              98.472
6330       (1 0 3 1 2 1 1)              98.472
6331       (1 0 2 3 2 1 2)              98.473
6332       (1 0 2 3 2 1 2)              98.473
6333       (1 0 1 2 1 1 1)              98.473
6334       (1 0 3 1 2 1 2)              98.473
6335       (1 0 2 3 2 1 2)              98.474
6336       (1 0 2 3 2 1 1)              98.471
6337       (1 0 2 3 1 1 1)              98.472
6338       (1 0 3 1 2 1 2)              98.470
6339       (1 0 2 3 1 1 1)              98.470
6340       (1 0 1 2 1 1 1)              98.470
6341       (1 0 1 2 1 1 1)              98.470
6342       (1 0 1 2 1 1 1)              98.471
6343       (1 0 3 1 2 1 2)              98.469
6344       (1 0 2 3 2 1 1)              98.469
6345       (1 0 2 3 2 1 2)              98.469
6346       (1 0 2 3 2 1 1)              98.469
6347       (1 0 0 0 1 2 0)              98.470
6348       (1 0 2 3 2 1 2)              98.470
6349       (1 0 2 3 2 1 2)              98.470
6350       (1 0 2 3 2 1 2)              98.470
6351       (1 0 2 3 2 1 2)              98.471
6352       (1 0 2 3 2 1 2)              98.471
6353       (1 0 1 2 1 2 1)              98.469
6354       (1 0 2 3 2 1 1)              98.469
6355       (1 0 3 1 2 1 2)              98.469
6356       (1 0 3 1 2 1 2)              98.470
6357       (1 0 2 3 2 1 2)              98.470
6358       (1 0 1 2 1 1 1)              98.470
6359       (1 0 3 1 1 1 1)              98.470
6360       (1 0 3 1 2 1 2)              98.471
6361       (1 0 3 1 2 1 1)              98.471
6362       (1 0 2 3 2 1 2)              98.471
6363       (1 0 2 3 2 1 2)              98.467
6364       (1 0 2 3 2 1 2)              98.465
6365       (1 0 2 3 1 1 1)              98.463
6366       (1 0 3 1 2 1 2)              98.463
6367       (1 0 2 3 2 1 2)              98.463
6368       (1 0 2 3 2 1 2)              98.463
6369       (1 0 3 1 2 1 2)              98.464
6370       (1 0 1 2 1 1 1)              98.464
6371       (1 0 2 1 0 2 1)              98.460
6372       (1 0 1 2 1 1 1)              98.460
6373       (1 0 3 1 2 1 2)              98.460
6374       (1 0 2 3 2 1 2)              98.460
6375       (1 0 2 3 2 1 2)              98.461
6376       (1 0 3 1 2 1 2)              98.461
6377       (1 0 2 3 2 1 2)              98.461
6378       (1 0 2 3 2 1 2)              98.461
6379       (1 0 2 3 2 1 2)              98.462
6380       (1 0 2 3 1 2 1)              98.462
6381       (1 0 1 2 1 1 1)              98.462
6382       (1 0 2 3 2 1 2)              98.462
6383       (1 0 1 2 1 2 1)              98.463
6384       (1 0 0 0 1 2 0)              98.463
6385       (1 0 3 1 2 1 2)              98.463
6386       (1 0 2 3 2 1 2)              98.463
6387       (1 0 1 2 1 1 1)              98.464
6388       (1 0 2 3 2 1 2)              98.464
6389       (1 0 1 2 1 1 1)              98.464
6390       (1 0 2 3 2 1 2)              98.464
6391       (1 0 3 1 2 1 2)              98.462
6392       (1 0 1 2 1 1 1)              98.463
6393       (1 0 3 1 2 1 2)              98.463
6394       (1 0 2 3 2 1 2)              98.463
6395       (1 0 2 3 2 1 2)              98.463
6396       (1 0 1 2 1 1 1)              98.463
6397       (1 0 1 2 0 0 1)              98.464
6398       (1 0 1 2 1 1 1)              98.464
6399       (1 0 3 1 2 1 2)              98.464
6400       (1 0 2 3 2 1 2)              98.464
6401       (1 0 2 3 2 1 2)              98.465
6402       (1 0 2 3 2 1 1)              98.465
6403       (1 0 3 1 2 1 2)              98.465
6404       (1 0 2 3 2 1 2)              98.465
6405       (1 0 2 3 2 1 2)              98.466
6406       (1 0 3 1 2 1 2)              98.464
6407       (1 0 2 3 2 1 2)              98.464
6408       (1 0 2 3 2 1 2)              98.464
6409       (1 0 2 3 2 1 2)              98.464
6410       (1 0 2 3 1 2 1)              98.465
6411       (1 0 3 1 2 1 2)              98.463
6412       (1 0 1 2 1 1 1)              98.463
6413       (1 0 0 0 1 2 0)              98.463
6414       (1 0 2 3 2 1 2)              98.463
6415       (1 0 2 3 2 1 2)              98.464
6416       (1 0 2 3 2 1 2)              98.464
6417       (1 0 2 3 2 1 2)              98.464
6418       (1 0 1 2 0 0 1)              98.464
6419       (1 0 2 3 2 1 2)              98.465
6420       (1 0 3 1 2 1 2)              98.465
6421       (1 0 3 1 1 1 1)              98.465
6422       (1 0 2 3 2 1 2)              98.465
6423       (1 0 3 1 2 1 2)              98.463
6424       (1 0 2 3 2 1 2)              98.463
6425       (1 0 3 1 2 1 1)              98.464
6426       (1 0 3 1 2 1 2)              98.464
6427       (1 0 2 3 1 1 1)              98.464
6428       (1 0 3 1 2 1 1)              98.462
6429       (1 0 2 3 2 1 2)              98.462
6430       (1 0 2 3 2 1 2)              98.463
6431       (1 0 0 0 1 2 0)              98.463
6432       (1 0 2 3 2 1 2)              98.463
6433       (1 0 3 1 2 1 2)              98.463
6434       (1 0 2 3 2 1 2)              98.464
6435       (1 0 2 3 1 2 1)              98.464
6436       (1 0 3 1 2 1 1)              98.464
6437       (1 0 3 1 2 1 1)              98.462
6438       (1 0 1 2 0 0 1)              98.462
6439       (1 0 1 2 1 1 1)              98.463
6440       (1 0 2 3 2 1 2)              98.463
6441       (1 0 2 3 2 1 2)              98.463
6442       (1 0 2 3 2 1 2)              98.463
6443       (1 0 3 1 2 1 2)              98.464
6444       (1 0 1 2 1 2 0)              98.464
6445       (1 0 2 3 2 1 2)              98.464
6446       (1 0 2 3 2 1 2)              98.464
6447       (1 0 2 3 2 1 2)              98.465
6448       (1 0 2 3 2 1 1)              98.465
6449       (1 0 1 0 0 2 0)              98.463
6450       (1 0 2 3 2 1 2)              98.463
6451       (1 0 3 1 0 1 1)              98.463
6452       (1 0 2 3 2 1 2)              98.464
6453       (1 0 1 2 1 1 1)              98.464
6454       (1 0 1 2 1 2 1)              98.464
6455       (1 0 1 2 1 1 1)              98.464
6456       (1 0 2 3 2 1 2)              98.464
6457       (1 0 3 1 2 1 2)              98.465
6458       (1 0 3 1 2 1 2)              98.465
6459       (1 0 2 3 2 1 2)              98.465
6460       (1 0 1 2 1 1 1)              98.465
6461       (1 0 2 3 2 1 2)              98.466
6462       (1 0 1 2 1 1 1)              98.466
6463       (1 0 3 1 2 1 2)              98.464
6464       (1 0 3 1 2 1 2)              98.464
6465       (1 0 2 3 2 1 2)              98.464
6466       (1 0 2 3 2 1 1)              98.465
6467       (1 0 3 1 2 1 2)              98.465
6468       (1 0 2 3 2 1 2)              98.465
6469       (1 0 2 3 2 1 2)              98.465
6470       (1 0 2 3 2 1 2)              98.466
6471       (1 0 2 3 2 1 2)              98.466
6472       (1 0 3 1 2 1 2)              98.464
6473       (1 0 1 2 1 1 1)              98.464
6474       (1 0 1 2 0 0 0)              98.458
6475       (1 0 2 3 2 1 2)              98.458
6476       (1 0 1 2 1 1 1)              98.458
6477       (1 0 3 1 2 1 2)              98.458
6478       (1 0 2 3 1 1 1)              98.459
6479       (1 0 2 3 2 1 2)              98.459
6480       (1 0 2 3 2 1 2)              98.459
6481       (1 0 2 3 2 1 2)              98.459
6482       (1 0 1 2 1 1 1)              98.460
6483       (1 0 2 3 2 1 2)              98.460
6484       (1 0 1 2 1 1 1)              98.460
6485       (1 0 2 3 2 1 2)              98.460
6486       (1 0 2 3 1 1 1)              98.461
6487       (1 0 2 3 2 1 2)              98.461
6488       (1 0 1 2 2 2 1)              98.461
6489       (1 0 3 1 2 1 2)              98.461
6490       (1 0 3 1 2 1 2)              98.462
6491       (1 0 2 3 2 1 2)              98.462
6492       (1 0 2 3 1 1 1)              98.462
6493       (1 0 1 2 1 1 1)              98.462
6494       (1 0 2 3 2 1 2)              98.462
6495       (1 0 3 1 2 1 2)              98.463
6496       (1 0 1 2 1 1 1)              98.463
6497       (1 0 2 3 1 0 1)              98.463
6498       (1 0 2 3 2 1 2)              98.463
6499       (1 0 2 3 2 2 1)              98.461
6500       (1 0 2 3 2 1 2)              98.462
6501       (1 0 3 1 2 1 2)              98.460
6502       (1 0 3 1 2 1 1)              98.460
6503       (1 0 0 1 2 2 1)              98.454
6504       (1 0 2 3 2 1 2)              98.454
6505       (1 0 2 3 2 1 2)              98.454
6506       (1 0 1 2 1 1 1)              98.454
6507       (1 0 2 3 2 1 2)              98.455
6508       (1 0 1 2 1 1 1)              98.455
6509       (1 0 3 1 2 1 1)              98.455
6510       (1 0 1 2 1 1 1)              98.455
6511       (1 0 0 0 2 2 1)              98.455
6512       (1 0 2 3 2 1 2)              98.456
6513       (1 0 2 3 1 2 1)              98.456
6514       (1 0 1 2 1 1 1)              98.456
6515       (1 0 2 3 1 2 1)              98.456
6516       (1 0 3 1 2 1 1)              98.454
6517       (1 0 3 1 2 1 2)              98.455
6518       (1 0 2 3 2 1 2)              98.455
6519       (1 0 1 2 1 1 1)              98.455
6520       (1 0 2 3 2 1 2)              98.455
6521       (1 0 2 3 2 1 2)              98.456
6522       (1 0 1 2 1 1 1)              98.456
6523       (1 0 2 3 2 1 2)              98.456
6524       (1 0 2 3 2 1 2)              98.456
6525       (1 0 2 3 2 1 2)              98.457
6526       (1 0 2 3 2 1 2)              98.457
6527       (1 0 3 1 2 1 2)              98.457
6528       (1 0 1 2 1 1 1)              98.457
6529       (1 0 3 1 2 1 2)              98.458
6530       (1 0 3 1 2 1 2)              98.456
6531       (1 0 2 3 2 1 2)              98.456
6532       (1 0 1 2 1 1 1)              98.456
6533       (1 0 2 3 2 1 2)              98.456
6534       (1 0 2 3 1 1 1)              98.457
6535       (1 0 1 2 1 1 1)              98.457
6536       (1 0 2 3 2 1 1)              98.457
6537       (1 0 2 3 2 1 2)              98.457
6538       (1 0 3 1 2 1 2)              98.457
6539       (1 0 1 2 1 1 1)              98.458
6540       (1 0 1 2 1 1 1)              98.458
6541       (1 0 2 3 1 1 1)              98.458
6542       (1 0 2 3 2 1 1)              98.458
6543       (1 0 3 1 2 1 2)              98.459
6544       (1 0 2 3 1 2 1)              98.459
6545       (1 0 3 1 2 1 2)              98.459
6546       (1 0 2 3 2 1 2)              98.459
6547       (1 0 2 3 2 1 2)              98.460
6548       (1 0 2 3 1 1 1)              98.460
6549       (1 0 2 3 1 2 1)              98.460
6550       (1 0 2 3 2 1 2)              98.460
6551       (1 0 3 1 2 1 2)              98.461
6552       (1 0 2 3 2 1 1)              98.461
6553       (1 0 1 2 0 0 1)              98.461
6554       (1 0 3 1 2 1 2)              98.461
6555       (1 0 1 2 0 1 0)              98.462
6556       (1 0 2 3 1 0 1)              98.462
6557       (1 0 2 3 1 1 1)              98.462
6558       (1 0 2 3 2 1 2)              98.462
6559       (1 0 2 3 1 2 1)              98.462
6560       (1 0 2 3 2 1 1)              98.463
6561       (1 0 1 2 1 1 1)              98.463
6562       (1 0 1 2 1 1 1)              98.463
6563       (1 0 3 1 2 1 2)              98.463
6564       (1 0 1 2 1 1 1)              98.464
6565       (1 0 2 3 1 2 1)              98.464
6566       (1 0 1 2 1 1 1)              98.464
6567       (1 0 2 3 2 1 2)              98.464
6568       (1 0 1 2 1 1 1)              98.465
6569       (1 0 2 3 1 1 1)              98.463
6570       (1 0 3 1 2 1 2)              98.463
6571       (1 0 2 3 2 1 1)              98.463
6572       (1 0 1 2 1 1 1)              98.463
6573       (1 0 3 1 2 1 1)              98.464
6574       (1 0 2 3 2 1 2)              98.464
6575       (1 0 3 1 2 1 2)              98.464
6576       (1 0 2 3 2 1 2)              98.464
6577       (1 0 3 1 2 1 2)              98.464
6578       (1 0 2 3 1 1 1)              98.465
6579       (1 0 2 3 2 1 2)              98.465
6580       (1 0 3 1 1 1 1)              98.465
6581       (1 0 1 2 1 1 1)              98.465
6582       (1 0 2 3 1 1 0)              98.463
6583       (1 0 2 3 2 1 2)              98.464
6584       (1 0 3 1 2 1 2)              98.464
6585       (1 0 3 1 2 1 1)              98.464
6586       (1 0 3 1 1 2 1)              98.464
6587       (1 0 3 1 2 1 1)              98.465
6588       (1 0 2 3 1 2 1)              98.465
6589       (1 0 2 3 2 1 1)              98.463
6590       (1 0 3 1 2 1 2)              98.463
6591       (1 0 3 1 2 1 2)              98.463
6592       (1 0 2 3 2 1 2)              98.464
6593       (1 0 2 3 2 1 2)              98.464
6594       (1 0 2 3 1 1 1)              98.464
6595       (1 0 1 2 1 1 1)              98.464
6596       (1 0 2 3 1 1 1)              98.465
6597       (1 0 1 2 1 2 1)              98.465
6598       (1 0 3 1 2 1 2)              98.463
6599       (1 0 2 3 2 1 2)              98.463
6600       (1 0 1 2 1 1 1)              98.463
6601       (1 0 2 3 2 1 1)              98.464
6602       (1 0 2 3 1 1 1)              98.464
6603       (1 0 1 2 1 1 1)              98.464
6604       (1 0 3 1 2 1 2)              98.464
6605       (1 0 2 3 1 2 1)              98.465
6606       (1 0 1 2 1 1 1)              98.465
6607       (1 0 2 3 2 1 2)              98.465
6608       (1 0 1 2 1 1 1)              98.465
6609       (1 0 1 2 1 1 1)              98.465
6610       (1 0 1 2 1 1 1)              98.466
6611       (1 0 1 2 1 1 1)              98.466
6612       (1 0 2 3 2 1 2)              98.466
6613       (1 0 2 3 1 2 1)              98.466
6614       (1 0 3 1 2 1 2)              98.464
6615       (1 0 2 3 2 1 2)              98.465
6616       (1 0 2 3 2 1 2)              98.465
6617       (1 0 1 2 1 1 1)              98.465
6618       (1 0 2 3 2 2 1)              98.465
6619       (1 0 1 2 1 1 1)              98.466
6620       (1 0 2 3 2 1 2)              98.466
6621       (1 0 2 3 2 1 1)              98.466
6622       (1 0 2 3 2 1 2)              98.466
6623       (1 0 2 3 2 1 2)              98.467
6624       (1 0 2 3 2 1 2)              98.467
6625       (1 0 2 3 2 1 2)              98.467
6626       (1 0 3 1 1 1 1)              98.467
6627       (1 0 3 1 2 1 2)              98.467
6628       (1 0 2 3 2 1 2)              98.468
6629       (1 0 2 3 1 1 1)              98.468
6630       (1 0 3 1 2 1 2)              98.466
6631       (1 0 3 1 2 1 2)              98.466
6632       (1 0 1 2 1 1 1)              98.466
6633       (1 0 2 3 2 1 1)              98.467
6634       (1 0 3 1 2 1 2)              98.467
6635       (1 0 3 1 2 1 2)              98.467
6636       (1 0 2 3 1 2 1)              98.467
6637       (1 0 3 1 2 1 2)              98.468
6638       (1 0 1 2 1 1 1)              98.468
6639       (1 0 1 2 1 1 1)              98.468
6640       (1 0 1 2 1 1 1)              98.468
6641       (1 0 3 1 2 1 2)              98.469
6642       (1 0 1 2 1 1 1)              98.469
6643       (1 0 2 3 2 1 1)              98.469
6644       (1 0 2 3 2 1 2)              98.469
6645       (1 0 3 1 2 1 2)              98.469
6646       (1 0 2 3 2 1 2)              98.470
6647       (1 0 2 3 2 1 2)              98.470
6648       (1 0 1 2 1 1 1)              98.470
6649       (1 0 1 2 1 1 1)              98.470
6650       (1 0 1 2 1 1 1)              98.471
6651       (1 0 3 1 2 1 2)              98.471
6652       (1 0 3 1 2 1 2)              98.471
6653       (1 0 2 3 1 1 1)              98.471
6654       (1 0 3 1 2 1 2)              98.472
6655       (1 0 2 3 2 1 1)              98.472
6656       (1 0 2 3 2 1 2)              98.472
6657       (1 0 3 1 2 1 1)              98.472
6658       (1 0 2 3 1 2 1)              98.472
6659       (1 0 0 0 1 2 0)              98.473
6660       (1 0 3 1 2 1 2)              98.473
6661       (1 0 2 3 2 1 2)              98.473
6662       (1 0 1 2 1 1 1)              98.473
6663       (1 0 2 3 2 1 2)              98.474
6664       (1 0 2 3 2 1 2)              98.474
6665       (1 0 2 3 2 1 2)              98.474
6666       (1 0 2 3 2 1 2)              98.474
6667       (1 0 3 1 2 1 2)              98.475
6668       (1 0 1 2 1 2 1)              98.475
6669       (1 0 0 0 2 2 1)              98.475
6670       (1 0 1 2 1 1 1)              98.475
6671       (1 0 3 1 2 1 1)              98.473
6672       (1 0 3 1 1 1 1)              98.474
6673       (1 0 1 2 1 1 1)              98.474
6674       (1 0 2 3 1 2 1)              98.474
6675       (1 0 2 3 1 1 1)              98.474
6676       (1 0 2 3 2 1 2)              98.474
6677       (1 0 3 1 2 1 2)              98.475
6678       (1 0 3 1 2 1 2)              98.475
6679       (1 0 2 3 2 1 2)              98.475
6680       (1 0 3 1 2 1 2)              98.473
6681       (1 0 2 3 2 1 2)              98.473
6682       (1 0 2 3 2 1 2)              98.474
6683       (1 0 3 1 2 1 2)              98.474
6684       (1 0 2 3 2 2 1)              98.474
6685       (1 0 2 3 2 1 2)              98.474
6686       (1 0 2 3 1 2 1)              98.475
6687       (1 0 2 3 1 2 1)              98.475
6688       (1 0 2 3 2 1 2)              98.475
6689       (1 0 1 2 1 1 1)              98.475
6690       (1 0 3 1 2 1 2)              98.476
6691       (1 0 1 0 0 1 1)              98.469
6692       (1 0 1 2 1 1 1)              98.470
6693       (1 0 3 1 2 1 2)              98.470
6694       (1 0 3 1 2 1 2)              98.470
6695       (1 0 3 1 1 1 1)              98.470
6696       (1 0 1 2 1 1 1)              98.470
6697       (1 0 2 3 2 1 2)              98.471
6698       (1 0 3 1 1 2 1)              98.471
6699       (1 0 2 3 1 1 1)              98.469
6700       (1 0 1 2 1 1 1)              98.469
6701       (1 0 0 4 1 2 0)              98.465
6702       (1 0 2 3 2 1 2)              98.465
6703       (1 0 2 3 1 1 1)              98.466
6704       (1 0 2 3 2 1 2)              98.466
6705       (1 0 2 3 2 1 2)              98.466
6706       (1 0 1 2 1 1 1)              98.466
6707       (1 0 2 3 1 2 1)              98.467
6708       (1 0 2 3 1 2 1)              98.467
6709       (1 0 2 3 1 1 1)              98.463
6710       (1 0 2 3 2 1 2)              98.463
6711       (1 0 3 1 2 1 2)              98.463
6712       (1 0 1 2 1 1 1)              98.463
6713       (1 0 3 1 2 1 2)              98.462
6714       (1 0 1 2 0 0 1)              98.462
6715       (1 0 2 3 2 1 2)              98.462
6716       (1 0 3 1 2 1 2)              98.462
6717       (1 0 3 1 2 1 2)              98.462
6718       (1 0 2 3 2 1 2)              98.463
6719       (1 0 0 0 2 2 1)              98.463
6720       (1 0 2 3 2 1 2)              98.463
6721       (1 0 3 1 2 1 2)              98.461
6722       (1 0 3 1 1 1 1)              98.459
6723       (1 0 1 2 1 2 0)              98.460
6724       (1 0 3 1 2 1 2)              98.460
6725       (1 0 3 1 2 1 1)              98.460
6726       (1 0 2 3 2 1 2)              98.460
6727       (1 0 2 3 2 1 2)              98.460
6728       (1 0 2 3 2 1 2)              98.461
6729       (1 0 2 3 2 1 2)              98.461
6730       (1 0 2 3 2 1 2)              98.461
6731       (1 0 1 2 0 0 1)              98.461
6732       (1 0 3 1 2 1 2)              98.462
6734       (1 0 2 3 1 2 0)              98.462
6735       (1 0 1 2 1 1 1)              98.462
6736       (1 0 1 2 1 1 1)              98.462
6737       (1 0 1 2 1 1 1)              98.463
6738       (1 0 1 2 1 1 1)              98.463
6739       (1 0 2 3 1 2 1)              98.463
6740       (1 0 1 2 1 2 0)              98.459
6741       (1 0 2 3 2 1 2)              98.459
6742       (1 0 2 3 2 1 2)              98.459
6743       (1 0 1 2 0 0 1)              98.460
6744       (1 0 3 1 2 1 2)              98.460
6745       (1 0 0 0 2 2 1)              98.460
6746       (1 0 2 3 2 1 2)              98.460
6747       (1 0 3 1 2 1 2)              98.461
6748       (1 0 2 3 2 1 2)              98.461
6749       (1 0 3 1 2 1 1)              98.461
6750       (1 0 1 2 1 1 1)              98.461
6751       (1 0 3 1 1 1 1)              98.457
6752       (1 0 2 3 2 1 2)              98.457
6753       (1 0 3 1 2 1 2)              98.458
6754       (1 0 3 1 2 1 1)              98.458
6755       (1 0 3 1 2 1 2)              98.458
6756       (1 0 0 0 1 2 0)              98.458
6757       (1 0 1 2 1 2 0)              98.459
6758       (1 0 1 2 1 1 1)              98.459
6759       (1 0 2 3 1 2 1)              98.459
6760       (1 0 2 3 1 2 1)              98.459
6761       (1 0 2 3 2 1 2)              98.460
6762       (1 0 2 3 2 1 1)              98.458
6763       (1 0 3 1 2 1 2)              98.458
6764       (1 0 2 3 2 1 2)              98.458
6765       (1 0 2 3 1 1 1)              98.454
6766       (1 0 1 2 1 1 1)              98.454
6767       (1 0 1 2 1 1 1)              98.455
6768       (1 0 3 1 2 1 2)              98.455
6769       (1 0 3 1 2 1 1)              98.455
6770       (1 0 2 3 1 2 1)              98.455
6771       (1 0 1 2 1 1 1)              98.455
6772       (1 0 3 1 2 1 2)              98.456
6773       (1 0 2 3 2 1 1)              98.456
6774       (1 0 3 1 2 1 2)              98.456
6775       (1 0 2 3 2 1 2)              98.456
6776       (1 0 2 3 2 1 2)              98.457
6777       (1 0 3 1 2 1 1)              98.457
6778       (1 0 2 3 2 1 2)              98.457
6779       (1 0 1 2 0 0 1)              98.457
6780       (1 0 2 3 2 1 2)              98.458
6781       (1 0 3 1 2 1 2)              98.458
6782       (1 0 2 3 2 1 2)              98.458
6783       (1 0 2 3 2 1 2)              98.458
6784       (1 0 2 3 1 2 1)              98.458
6785       (1 0 1 2 1 1 1)              98.459
6786       (1 0 2 3 1 1 1)              98.459
6787       (1 0 2 3 2 1 2)              98.459
6788       (1 0 0 0 2 2 1)              98.459
6789       (1 0 2 3 2 1 2)              98.460
6790       (1 0 3 1 2 1 2)              98.460
6791       (1 0 2 3 1 0 1)              98.460
6792       (1 0 3 1 2 1 2)              98.460
6793       (1 0 2 3 2 1 2)              98.461
6794       (1 0 2 3 1 2 1)              98.461
6795       (1 0 2 3 2 1 2)              98.461
6796       (1 0 1 2 1 1 1)              98.461
6797       (1 0 3 1 2 1 2)              98.461
6798       (1 0 2 3 2 1 2)              98.462
6799       (1 0 2 3 1 1 1)              98.462
6800       (1 0 3 1 2 1 1)              98.462
6801       (1 0 1 2 1 1 1)              98.462
6802       (1 0 2 3 2 1 2)              98.463
6803       (1 0 2 3 2 1 2)              98.463
6804       (1 0 2 3 2 1 2)              98.463
6805       (1 0 2 3 1 2 1)              98.463
6806       (1 0 2 3 2 1 2)              98.463
6807       (1 0 3 1 2 1 1)              98.464
6808       (1 0 1 2 1 1 1)              98.464
6809       (1 0 2 3 2 1 2)              98.464
6810       (1 0 1 2 1 1 1)              98.464
6811       (1 0 2 3 2 1 2)              98.465
6812       (1 0 2 3 2 1 2)              98.465
6813       (1 0 1 2 1 1 1)              98.465
6814       (1 0 2 3 2 1 2)              98.465
6815       (1 0 2 3 2 1 2)              98.465
6816       (1 0 3 1 2 1 2)              98.464
6817       (1 0 1 2 1 1 1)              98.464
6818       (1 0 2 3 2 1 2)              98.464
6819       (1 0 1 2 1 1 1)              98.464
6820       (1 0 3 1 2 1 2)              98.465
6821       (1 0 2 3 2 1 2)              98.465
6822       (1 0 2 3 1 2 1)              98.465
6823       (1 0 2 3 2 1 2)              98.465
6824       (1 0 2 3 2 1 1)              98.463
6825       (1 0 1 2 1 1 1)              98.464
6826       (1 0 3 1 2 1 1)              98.464
6827       (1 0 1 2 1 1 1)              98.464
6828       (1 0 1 2 1 1 1)              98.464
6829       (1 0 3 1 1 1 1)              98.460
6830       (1 0 2 3 1 2 1)              98.460
6831       (1 0 3 1 2 1 2)              98.461
6832       (1 0 2 3 2 1 2)              98.461
6833       (1 0 2 3 2 1 2)              98.461
6834       (1 0 2 3 2 1 1)              98.461
6835       (1 0 0 0 2 2 1)              98.462
6836       (1 0 3 1 2 1 2)              98.462
6837       (1 0 2 3 2 1 2)              98.462
6838       (1 0 3 1 2 1 2)              98.462
6839       (1 0 2 3 2 1 2)              98.463
6840       (1 0 1 2 1 1 1)              98.463
6841       (1 0 3 1 2 1 2)              98.463
6842       (1 0 3 1 2 1 2)              98.463
6843       (1 0 2 3 1 1 1)              98.463
6844       (1 0 2 3 2 1 2)              98.464
6845       (1 0 2 3 1 2 1)              98.462
6846       (1 0 1 2 1 1 1)              98.462
6847       (1 0 2 3 2 1 2)              98.462
6848       (1 0 0 0 2 2 1)              98.462
6849       (1 0 3 1 2 1 2)              98.463
6850       (1 0 2 3 2 1 2)              98.463
6851       (1 0 3 1 2 1 2)              98.461
6852       (1 0 2 3 2 1 2)              98.461
6853       (1 0 3 1 2 1 2)              98.461
6854       (1 0 3 1 2 1 2)              98.460
6855       (1 0 1 2 1 1 1)              98.460
6856       (1 0 3 1 2 1 2)              98.460
6857       (1 0 2 3 2 1 2)              98.460
6858       (1 0 2 3 2 1 2)              98.461
6859       (1 0 1 2 1 1 1)              98.461
6860       (1 0 2 3 2 1 2)              98.461
6861       (1 0 2 3 1 2 1)              98.461
6862       (1 0 3 1 2 1 2)              98.461
6863       (1 0 2 3 2 1 2)              98.462
6864       (1 0 2 3 2 1 2)              98.462
6865       (1 0 2 3 2 1 2)              98.462
6866       (1 0 2 3 2 1 2)              98.462
6867       (1 0 2 3 1 1 1)              98.463
6868       (1 0 0 0 1 2 0)              98.463
6869       (1 0 2 3 2 1 2)              98.463
6870       (1 0 1 2 1 2 1)              98.461
6871       (1 0 2 3 2 1 2)              98.461
6872       (1 0 2 3 2 1 2)              98.462
6873       (1 0 1 2 0 0 0)              98.462
6874       (1 0 2 3 2 1 2)              98.462
6875       (1 0 3 1 2 1 2)              98.462
6876       (1 0 2 3 2 1 2)              98.462
6877       (1 0 3 1 2 1 2)              98.461
6878       (1 0 1 2 1 1 1)              98.461
6879       (1 0 2 3 2 1 2)              98.461
6880       (1 0 2 3 2 1 2)              98.461
6881       (1 0 2 3 1 1 1)              98.462
6882       (1 0 3 1 2 1 2)              98.462
6883       (1 0 2 3 2 1 2)              98.462
6884       (1 0 3 1 2 1 2)              98.462
6885       (1 0 2 3 1 1 1)              98.458
6886       (1 0 2 3 2 1 2)              98.458
6887       (1 0 2 3 1 1 1)              98.459
6888       (1 0 3 1 2 1 2)              98.459
6889       (1 0 3 1 2 1 2)              98.459
6890       (1 0 2 3 2 1 1)              98.459
6891       (1 0 3 1 2 1 2)              98.460
6892       (1 0 3 1 2 1 2)              98.460
6893       (1 0 3 1 2 1 2)              98.460
6894       (1 0 3 1 2 1 2)              98.460
6895       (1 0 2 3 2 1 2)              98.460
6896       (1 0 2 3 2 1 2)              98.461
6897       (1 0 1 2 1 1 1)              98.461
6898       (1 0 2 3 2 1 2)              98.461
6899       (1 0 1 2 1 1 1)              98.461
6900       (1 0 3 1 2 1 2)              98.462
6901       (1 0 3 1 2 1 2)              98.462
6902       (1 0 2 3 2 1 2)              98.462
6903       (1 0 2 3 2 1 1)              98.462
6904       (1 0 3 1 2 1 2)              98.462
6905       (1 0 2 3 2 1 1)              98.463
6906       (1 0 2 3 2 1 2)              98.463
6907       (1 0 0 0 1 2 0)              98.463
6908       (1 0 3 1 2 1 2)              98.463
6909       (1 0 3 1 2 1 2)              98.464
6910       (1 0 2 3 2 1 2)              98.464
6911       (1 0 2 3 1 1 1)              98.464
6912       (1 0 1 2 1 2 1)              98.464
6913       (1 0 2 3 1 2 1)              98.462
6914       (1 0 1 2 1 1 1)              98.463
6915       (1 0 1 2 1 1 1)              98.463
6916       (1 0 2 3 2 1 2)              98.463
6917       (1 0 2 3 2 2 1)              98.463
6918       (1 0 2 3 2 1 2)              98.464
6919       (1 0 1 2 1 2 1)              98.462
6921       (1 0 2 3 1 0 2)              98.460
6923       (1 0 0 0 2 2 1)              98.460
6924       (1 0 2 3 2 1 2)              98.460
6925       (1 0 2 3 1 2 1)              98.461
6926       (1 0 2 3 2 1 2)              98.461
6927       (1 0 3 1 2 1 2)              98.461
6928       (1 0 1 2 1 1 1)              98.461
6929       (1 0 2 3 2 1 2)              98.461
6930       (1 0 2 3 2 1 2)              98.462
6931       (1 0 2 3 2 1 2)              98.462
6932       (1 0 2 3 2 1 2)              98.462
6933       (1 0 2 3 2 1 2)              98.462
6934       (1 0 1 2 1 1 1)              98.463
6935       (1 0 3 1 2 1 2)              98.463
6936       (1 0 3 1 2 1 2)              98.463
6937       (1 0 3 1 2 1 2)              98.463
6938       (1 0 2 3 2 1 2)              98.463
6939       (1 0 2 3 1 2 1)              98.464
6940       (1 0 1 2 1 1 1)              98.464
6941       (1 0 1 2 1 1 1)              98.464
6942       (1 0 2 3 2 1 2)              98.464
6943       (1 0 2 3 2 1 2)              98.465
6944       (1 0 2 3 2 1 2)              98.465
6945       (1 0 2 3 2 1 2)              98.465
6946       (1 0 2 3 2 1 2)              98.465
6947       (1 0 2 3 1 2 1)              98.465
6948       (1 0 3 1 2 1 2)              98.464
6949       (1 0 3 1 2 1 2)              98.464
6950       (1 0 1 2 1 2 0)              98.464
6951       (1 0 3 1 2 1 2)              98.464
6952       (1 0 2 3 2 1 2)              98.464
6953       (1 0 3 1 2 1 2)              98.465
6954       (1 0 3 1 2 1 2)              98.465
6955       (1 0 1 2 1 1 1)              98.465
6956       (1 0 3 1 2 1 2)              98.463
6957       (1 0 1 2 1 1 1)              98.464
6958       (1 0 2 3 2 1 2)              98.464
6959       (1 0 2 3 2 1 1)              98.464
6960       (1 0 0 0 1 2 0)              98.464
6961       (1 0 2 3 2 1 2)              98.464
6962       (1 0 1 2 1 1 1)              98.465
6963       (1 0 2 3 2 1 2)              98.465
6964       (1 0 1 2 1 1 1)              98.465
6965       (1 0 2 3 2 1 1)              98.465
6966       (1 0 3 1 1 2 1)              98.465
6967       (1 0 2 3 2 1 2)              98.466
6968       (1 0 1 2 0 0 1)              98.466
6969       (1 0 2 3 2 1 2)              98.466
6970       (1 0 2 3 2 1 2)              98.466
6971       (1 0 2 3 1 2 1)              98.467
6972       (1 0 3 1 2 1 2)              98.467
6973       (1 0 3 1 2 1 1)              98.465
6974       (1 0 1 2 2 2 1)              98.465
6975       (1 0 2 3 2 1 1)              98.463
6976       (1 0 3 1 1 1 1)              98.464
6977       (1 0 3 1 1 1 1)              98.464
6978       (1 0 0 0 2 2 1)              98.464
6979       (1 0 3 1 2 1 1)              98.464
6980       (1 0 3 1 2 1 2)              98.462
6981       (1 0 2 3 2 1 2)              98.463
6982       (1 0 2 3 1 1 1)              98.463
6983       (1 0 3 1 2 1 2)              98.463
6984       (1 0 2 3 1 1 1)              98.463
6985       (1 0 2 3 2 1 2)              98.464
6986       (1 0 2 3 2 1 2)              98.464
6987       (1 0 1 2 1 1 1)              98.464
6988       (1 0 2 3 2 1 2)              98.464
6989       (1 0 3 1 1 1 1)              98.464
6990       (1 0 2 3 2 1 2)              98.465
6991       (1 0 3 1 2 1 1)              98.465
6992       (1 0 2 3 2 1 2)              98.465
6993       (1 0 3 1 2 1 2)              98.465
6994       (1 0 0 0 0 2 0)              98.466
6995       (1 0 3 1 2 1 2)              98.466
6996       (1 0 2 3 2 1 1)              98.466
6997       (1 0 2 3 2 1 1)              98.466
6998       (1 0 2 3 1 0 2)              98.466
6999       (1 0 3 1 2 1 2)              98.467
7000       (1 0 2 3 1 2 1)              98.467
7001       (1 0 3 1 2 1 2)              98.467
7002       (1 0 3 1 2 1 2)              98.467
7003       (1 0 2 3 1 2 1)              98.467
7004       (1 0 2 3 1 2 1)              98.468
7005       (1 0 2 3 1 2 1)              98.468
7006       (1 0 1 2 1 1 1)              98.468
7007       (1 0 1 2 1 1 1)              98.468
7008       (1 0 0 4 1 2 0)              98.464
7009       (1 0 3 1 2 1 2)              98.463
7010       (1 0 3 1 2 1 2)              98.461
7011       (1 0 3 1 2 1 2)              98.459
7012       (1 0 2 3 2 1 1)              98.459
7013       (1 0 3 1 2 1 2)              98.459
7014       (1 0 1 2 1 1 1)              98.460
7015       (1 0 1 2 1 1 1)              98.460
7016       (1 0 1 2 1 1 1)              98.460
7017       (1 0 3 1 2 1 2)              98.460
7018       (1 0 2 3 2 1 2)              98.456
7019       (1 0 2 3 1 1 1)              98.457
7020       (1 0 2 3 2 1 2)              98.457
7021       (1 0 1 2 1 1 1)              98.457
7022       (1 0 2 3 2 1 2)              98.457
7023       (1 0 3 1 2 1 1)              98.456
7024       (1 0 2 3 2 1 2)              98.456
7025       (1 0 2 3 2 1 2)              98.456
7026       (1 0 2 3 2 1 2)              98.456
7027       (1 0 2 3 2 1 1)              98.456
7028       (1 0 2 3 2 1 2)              98.457
7029       (1 0 3 1 1 1 1)              98.457
7030       (1 0 3 1 2 1 2)              98.457
7031       (1 0 3 1 2 1 2)              98.457
7032       (1 0 3 1 2 1 2)              98.458
7033       (1 0 1 2 1 1 1)              98.458
7034       (1 0 3 1 2 1 2)              98.458
7035       (1 0 2 3 2 1 2)              98.458
7036       (1 0 3 1 2 1 1)              98.458
7037       (1 0 2 3 2 1 2)              98.459
7038       (1 0 1 2 1 1 1)              98.459
7039       (1 0 1 2 1 2 1)              98.457
7040       (1 0 3 1 2 1 2)              98.457
7041       (1 0 1 2 1 1 1)              98.457
7042       (1 0 1 2 1 1 1)              98.458
7043       (1 0 2 3 1 1 1)              98.458
7044       (1 0 2 3 1 2 1)              98.458
7045       (1 0 3 1 2 1 2)              98.458
7046       (1 0 3 1 2 1 2)              98.459
7047       (1 0 3 1 1 1 1)              98.459
7048       (1 0 3 1 2 1 2)              98.459
7049       (1 0 2 3 2 1 2)              98.459
7050       (1 0 2 3 2 1 2)              98.459
7051       (1 0 2 3 2 1 2)              98.460
7052       (1 0 2 3 2 1 2)              98.460
7053       (1 0 3 1 2 1 2)              98.460
7054       (1 0 3 1 2 1 1)              98.460
7055       (1 0 3 1 2 1 2)              98.461
7056       (1 0 3 1 2 1 2)              98.461
7057       (1 0 1 2 1 1 1)              98.461
7058       (1 0 1 6 0 2 0)              98.457
7059       (1 0 1 2 1 1 1)              98.457
7060       (1 0 2 3 1 1 1)              98.458
7061       (1 0 2 3 2 1 2)              98.458
7062       (1 0 2 3 2 1 2)              98.458
7063       (1 0 2 3 2 1 2)              98.458
7064       (1 0 1 2 1 1 1)              98.458
7065       (1 0 3 1 2 1 2)              98.459
7066       (1 0 3 1 2 1 2)              98.459
7067       (1 0 3 1 2 1 1)              98.457
7068       (1 0 2 3 2 1 2)              98.457
7069       (1 0 2 3 2 1 2)              98.458
7070       (1 0 2 3 2 1 2)              98.458
7071       (1 0 2 3 2 1 2)              98.458
7072       (1 0 2 3 2 1 2)              98.458
7073       (1 0 2 3 2 1 2)              98.458
7074       (1 0 3 1 2 1 1)              98.459
7075       (1 0 1 2 1 1 1)              98.459
7076       (1 0 2 3 2 1 2)              98.459
7077       (1 0 3 1 2 1 2)              98.457
7078       (1 0 1 2 1 2 1)              98.457
7079       (1 0 3 1 2 1 2)              98.458
7080       (1 0 2 3 2 1 2)              98.458
7081       (1 0 2 3 2 1 2)              98.458
7082       (1 0 2 3 1 2 1)              98.458
7083       (1 0 2 3 1 2 1)              98.459
7084       (1 0 1 2 1 1 1)              98.459
7085       (1 0 2 3 2 1 2)              98.459
7086       (1 0 1 2 1 1 1)              98.459
7087       (1 0 1 2 1 1 1)              98.459
7088       (1 0 3 1 2 1 1)              98.460
7089       (1 0 3 1 2 1 2)              98.460
7090       (1 0 2 3 2 1 1)              98.460
7091       (1 0 3 1 2 1 2)              98.460
7092       (1 0 2 3 2 1 2)              98.461
7093       (1 0 2 3 2 1 2)              98.461
7094       (1 0 2 3 2 1 2)              98.461
7095       (1 0 1 2 1 1 1)              98.461
7096       (1 0 2 3 2 1 1)              98.461
7097       (1 0 3 1 2 1 2)              98.462
7098       (1 0 1 2 0 0 1)              98.462
7099       (1 0 2 3 2 1 2)              98.462
7100       (1 0 3 1 2 1 2)              98.462
7101       (1 0 3 1 2 1 2)              98.462
7102       (1 0 2 3 2 1 2)              98.463
7103       (1 0 2 3 2 1 2)              98.463
7104       (1 0 1 2 0 0 1)              98.463
7105       (1 0 2 3 1 2 1)              98.463
7106       (1 0 2 3 2 1 2)              98.464
7107       (1 0 0 0 2 2 1)              98.464
7108       (1 0 2 3 2 1 1)              98.464
7109       (1 0 2 3 1 2 1)              98.462
7110       (1 0 2 3 1 2 0)              98.462
7111       (1 0 2 3 2 1 2)              98.463
7112       (1 0 1 2 1 1 1)              98.463
7113       (1 0 2 3 2 2 1)              98.463
7114       (1 0 3 1 2 1 2)              98.463
7115       (1 0 0 0 1 2 0)              98.463
7116       (1 0 1 2 0 0 1)              98.464
7117       (1 0 2 3 2 1 2)              98.464
7118       (1 0 3 1 1 1 1)              98.464
7119       (1 0 4 0 2 2 1)              98.456
7120       (1 0 2 3 1 2 1)              98.457
7121       (1 0 2 3 2 1 2)              98.457
7122       (1 0 2 3 2 1 2)              98.457
7123       (1 0 2 3 2 1 2)              98.457
7124       (1 0 3 1 1 1 1)              98.457
7125       (1 0 2 3 2 1 1)              98.456
7126       (1 0 2 3 1 2 1)              98.456
7127       (1 0 1 2 1 1 1)              98.456
7128       (1 0 2 3 2 1 2)              98.456
7129       (1 0 1 2 1 2 0)              98.456
7130       (1 0 1 2 1 1 1)              98.457
7131       (1 0 2 3 1 1 1)              98.457
7132       (1 0 2 3 2 1 2)              98.457
7133       (1 0 2 3 2 1 2)              98.457
7134       (1 0 3 1 2 1 2)              98.458
7135       (1 0 2 3 2 1 2)              98.458
7136       (1 0 2 3 2 1 2)              98.458
7137       (1 0 3 1 2 1 2)              98.458
7138       (1 0 3 1 2 1 2)              98.458
7139       (1 0 2 3 2 1 2)              98.459
7140       (1 0 0 0 1 2 0)              98.459
7141       (1 0 1 2 1 1 1)              98.459
7142       (1 0 2 3 1 2 1)              98.459
7143       (1 0 3 1 2 1 2)              98.460
7144       (1 0 2 3 1 2 1)              98.460
7145       (1 0 1 2 1 1 1)              98.460
7146       (1 0 2 3 2 1 2)              98.460
7147       (1 0 3 1 2 1 2)              98.460
7148       (1 0 1 2 1 1 1)              98.461
7149       (1 0 3 1 2 1 2)              98.461
7150       (1 0 1 2 1 1 1)              98.461
7151       (1 0 2 3 1 1 1)              98.461
7152       (1 0 1 2 1 1 1)              98.461
7153       (1 0 2 3 1 1 1)              98.458
7154       (1 0 3 1 2 1 1)              98.458
7155       (1 0 2 3 2 1 2)              98.458
7156       (1 0 3 1 2 1 2)              98.458
7157       (1 0 2 3 2 1 2)              98.459
7158       (1 0 1 2 1 2 1)              98.459
7159       (1 0 2 3 2 1 2)              98.459
7160       (1 0 2 3 2 1 2)              98.459
7161       (1 0 2 3 1 1 1)              98.459
7162       (1 0 2 3 1 1 1)              98.460
7163       (1 0 3 1 2 1 2)              98.460
7164       (1 0 1 2 1 1 1)              98.460
7165       (1 0 2 3 2 1 2)              98.460
7166       (1 0 1 2 1 1 1)              98.460
7167       (1 0 2 3 2 1 2)              98.461
7168       (1 0 1 2 1 1 1)              98.461
7169       (1 0 2 3 2 1 2)              98.461
7170       (1 0 1 2 1 1 1)              98.461
7171       (1 0 2 3 2 1 1)              98.462
7172       (1 0 2 3 2 1 2)              98.462
7173       (1 0 2 3 2 1 2)              98.462
7174       (1 0 2 3 1 2 1)              98.460
7175       (1 0 2 3 1 2 1)              98.460
7176       (1 0 3 1 2 1 2)              98.459
7177       (1 0 3 1 2 1 2)              98.459
7178       (1 0 3 1 1 1 1)              98.459
7179       (1 0 1 2 1 1 1)              98.459
7180       (1 0 1 2 1 1 1)              98.459
7181       (1 0 1 2 1 1 1)              98.460
7182       (1 0 3 1 2 1 2)              98.460
7183       (1 0 3 1 2 1 2)              98.460
7184       (1 0 0 0 0 0 1)              98.458
7185       (1 0 3 1 2 1 2)              98.459
7186       (1 0 0 0 2 2 1)              98.459
7187       (1 0 1 2 1 2 1)              98.459
7188       (1 0 2 3 2 1 2)              98.459
7189       (1 0 3 1 2 1 1)              98.459
7190       (1 0 3 1 2 1 2)              98.460
7191       (1 0 2 3 2 1 2)              98.460
7192       (1 0 2 3 2 1 2)              98.460
7193       (1 0 2 3 1 1 1)              98.460
7194       (1 0 3 1 2 1 2)              98.460
7195       (1 0 2 3 1 2 1)              98.461
7196       (1 0 3 1 2 1 1)              98.461
7197       (1 0 3 1 1 1 1)              98.461
7198       (1 0 1 2 1 1 1)              98.461
7199       (1 0 3 1 1 2 1)              98.462
7200       (1 0 2 3 2 1 2)              98.462
7201       (1 0 2 3 2 1 2)              98.460
7202       (1 0 3 1 2 1 2)              98.460
7203       (1 0 2 3 2 1 1)              98.460
7204       (1 0 1 2 1 2 1)              98.461
7205       (1 0 2 3 2 1 2)              98.461
7206       (1 0 1 2 1 1 1)              98.461
7207       (1 0 3 1 2 1 1)              98.461
7208       (1 0 2 3 2 1 2)              98.462
7209       (1 0 2 3 2 1 2)              98.462
7210       (1 0 2 3 1 1 1)              98.458
7211       (1 0 3 1 2 1 2)              98.458
7212       (1 0 1 4 0 0 0)              98.452
7213       (1 0 1 2 1 1 1)              98.453
7214       (1 0 3 1 2 1 2)              98.453
7215       (1 0 1 2 1 1 1)              98.453
7216       (1 0 2 3 2 1 2)              98.453
7217       (1 0 1 2 1 1 1)              98.454
7218       (1 0 0 0 1 2 0)              98.454
7219       (1 0 2 3 1 2 1)              98.454
7220       (1 0 3 1 2 1 2)              98.454
7221       (1 0 2 3 2 1 1)              98.454
7222       (1 0 3 1 2 1 2)              98.455
7223       (1 0 2 3 2 1 2)              98.455
7224       (1 0 2 3 1 2 1)              98.455
7225       (1 0 3 1 2 1 2)              98.455
7226       (1 0 2 3 1 1 1)              98.455
7227       (1 0 3 1 1 2 1)              98.456
7228       (1 0 3 1 2 1 1)              98.456
7229       (1 0 2 3 2 1 2)              98.456
7230       (1 0 2 3 1 2 1)              98.456
7231       (1 0 1 2 1 1 1)              98.457
7232       (1 0 1 2 1 1 1)              98.457
7233       (1 0 1 2 1 1 1)              98.457
7234       (1 0 1 2 1 2 1)              98.455
7235       (1 0 3 1 2 1 2)              98.455
7236       (1 0 0 0 1 2 0)              98.456
7237       (1 0 2 3 2 1 2)              98.456
7238       (1 0 2 3 2 1 2)              98.456
7239       (1 0 2 3 2 1 1)              98.454
7240       (0 0 0 0 1 2 1)              98.451
7241       (1 0 3 1 2 1 2)              98.451
7242       (1 0 3 1 2 1 2)              98.451
7243       (1 0 2 3 2 1 2)              98.451
7244       (1 0 2 3 2 1 1)              98.451
7245       (1 0 2 3 2 1 2)              98.452
7246       (1 0 2 3 1 1 1)              98.448
7247       (1 0 2 3 2 1 2)              98.448
7248       (1 0 3 1 2 1 2)              98.448
7249       (1 0 2 3 2 1 1)              98.448
7250       (1 0 2 3 2 1 2)              98.449
7251       (1 0 1 2 1 1 1)              98.449
7252       (1 0 3 1 2 1 2)              98.449
7253       (1 0 1 2 1 1 1)              98.449
7254       (1 0 2 3 2 1 2)              98.450
7255       (1 0 3 1 2 1 2)              98.450
7256       (1 0 2 3 2 1 1)              98.450
7257       (1 0 3 1 2 1 2)              98.450
7258       (1 0 2 3 2 1 2)              98.450
7259       (1 0 2 3 2 1 2)              98.451
7260       (1 0 2 3 2 1 2)              98.451
7261       (1 0 1 2 1 1 1)              98.451
7262       (1 0 3 1 2 1 2)              98.451
7263       (1 0 2 3 2 1 2)              98.451
7264       (1 0 2 3 2 1 2)              98.452
7265       (1 0 2 3 2 1 2)              98.452
7266       (1 0 2 3 2 1 2)              98.452
7267       (1 0 2 3 2 1 2)              98.452
7268       (1 0 2 3 2 1 2)              98.453
7269       (1 0 1 2 1 1 1)              98.453
7270       (1 0 1 2 1 1 1)              98.453
7271       (1 0 1 2 1 2 1)              98.451
7272       (1 0 3 1 1 1 1)              98.451
7273       (1 0 2 3 2 1 2)              98.452
7274       (1 0 3 1 2 1 2)              98.452
7275       (1 0 1 2 1 2 1)              98.452
7276       (1 0 2 3 2 1 2)              98.452
7277       (1 0 1 2 1 1 1)              98.453
7278       (1 0 3 1 2 1 2)              98.453
7279       (1 0 3 1 2 1 2)              98.453
7280       (1 0 3 1 1 1 1)              98.453
7281       (1 0 2 3 2 1 1)              98.453
7282       (1 0 2 3 1 1 1)              98.450
7283       (1 0 1 2 1 2 1)              98.448
7284       (1 0 2 3 2 1 2)              98.448
7285       (1 0 2 3 1 1 1)              98.448
7286       (1 0 2 3 2 1 2)              98.449
7287       (1 0 2 3 2 1 2)              98.449
7288       (1 0 1 2 1 1 1)              98.449
7289       (1 0 2 3 2 1 2)              98.449
7290       (1 0 2 3 2 1 2)              98.449
7291       (1 0 1 2 1 2 1)              98.450
7292       (1 0 2 3 1 1 1)              98.446
7293       (1 0 2 3 2 1 2)              98.446
7294       (1 0 3 1 2 1 2)              98.446
7295       (1 0 2 3 1 2 1)              98.447
7296       (1 0 1 2 1 1 1)              98.447
7297       (1 0 2 3 2 1 2)              98.447
7298       (1 0 2 3 2 1 2)              98.447
7299       (1 0 3 1 2 1 2)              98.447
7300       (1 0 3 1 2 1 2)              98.448
7301       (1 0 3 1 2 1 2)              98.448
7302       (1 0 0 0 1 0 1)              98.448
7303       (1 0 2 3 2 1 1)              98.448
7304       (1 0 2 3 2 1 2)              98.448
7305       (1 0 0 0 2 2 1)              98.449
7306       (1 0 2 3 2 1 1)              98.449
7307       (1 0 2 3 0 0 0)              98.449
7308       (1 0 1 2 1 1 1)              98.449
7309       (1 0 2 3 2 1 2)              98.450
7310       (1 0 3 1 2 1 2)              98.448
7311       (1 0 2 3 2 1 2)              98.448
7312       (1 0 2 3 1 1 1)              98.446
7313       (1 0 1 2 1 1 1)              98.446
7314       (1 0 1 2 1 1 1)              98.447
7315       (1 0 2 3 2 1 2)              98.447
7316       (1 0 1 2 1 1 1)              98.447
7317       (1 0 3 1 2 1 2)              98.445
7318       (1 0 1 2 1 1 1)              98.446
7319       (1 0 2 3 2 1 2)              98.446
7320       (1 0 0 0 0 2 0)              98.446
7321       (1 0 1 2 1 1 1)              98.446
7322       (1 0 3 1 1 2 0)              98.442
7323       (1 0 2 3 2 1 2)              98.443
7324       (1 0 2 3 2 1 2)              98.443
7325       (1 0 1 2 1 1 1)              98.443
7326       (1 0 3 1 2 1 2)              98.443
7327       (1 0 3 1 2 1 2)              98.444
7328       (1 0 1 2 1 1 1)              98.444
7329       (1 0 2 3 2 1 2)              98.444
7330       (1 0 2 3 1 1 1)              98.444
7331       (1 0 2 3 2 1 2)              98.444
7332       (1 0 2 3 2 1 2)              98.445
7333       (1 0 3 1 2 1 2)              98.445
7334       (1 0 2 3 2 1 2)              98.445
7335       (1 0 3 1 2 1 2)              98.445
7336       (1 0 1 2 0 1 0)              98.442
7337       (1 0 2 3 1 2 1)              98.442
7338       (1 0 3 1 2 1 2)              98.442
7339       (1 0 1 2 1 2 1)              98.442
7340       (1 0 2 3 2 1 2)              98.442
7341       (1 0 2 3 2 1 2)              98.443
7342       (1 0 3 1 1 1 1)              98.443
7343       (1 0 2 3 2 1 2)              98.443
7344       (1 0 2 3 2 1 2)              98.443
7345       (1 0 0 0 1 2 0)              98.443
7346       (1 0 2 3 1 2 1)              98.444
7347       (1 0 2 3 2 1 2)              98.444
7348       (1 0 2 3 2 1 2)              98.444
7349       (1 0 2 3 2 1 2)              98.444
7350       (1 0 2 3 2 1 2)              98.445
7351       (1 0 2 3 1 1 1)              98.445
7352       (1 0 2 3 2 1 2)              98.445
7353       (1 0 2 3 1 1 1)              98.445
7354       (1 0 3 1 2 1 2)              98.445
7355       (1 0 3 1 2 1 2)              98.446
7356       (1 0 2 3 2 1 2)              98.446
7357       (1 0 3 1 2 1 2)              98.446
7358       (1 0 2 3 2 1 2)              98.446
7359       (1 0 2 3 2 1 2)              98.446
7360       (1 0 2 3 2 1 1)              98.447
7361       (1 0 2 3 2 1 2)              98.447
7362       (1 0 1 2 1 1 1)              98.447
7363       (1 0 2 3 2 1 1)              98.447
7364       (1 0 1 2 1 1 1)              98.448
7365       (1 0 2 3 2 1 2)              98.448
7366       (1 0 2 3 2 1 2)              98.448
7367       (1 0 3 1 2 1 2)              98.448
7368       (1 0 2 3 2 1 2)              98.448
7369       (1 0 2 3 2 1 2)              98.449
7370       (1 0 3 1 2 1 2)              98.449
7371       (1 0 2 3 2 1 2)              98.449
7372       (1 0 2 3 2 1 2)              98.449
7373       (1 0 1 2 2 2 1)              98.449
7374       (1 0 2 3 2 1 2)              98.450
7375       (1 0 2 3 2 1 2)              98.450
7376       (1 0 1 2 1 1 1)              98.450
7377       (1 0 3 1 1 1 1)              98.450
7378       (1 0 2 3 1 2 1)              98.450
7379       (1 0 2 3 2 1 2)              98.451
7380       (1 0 3 1 2 1 1)              98.451
7381       (1 0 2 3 1 1 1)              98.451
7382       (1 0 1 2 1 1 1)              98.451
7383       (1 0 1 2 2 2 1)              98.452
7384       (1 0 3 1 2 1 2)              98.452
7385       (1 0 2 3 1 1 1)              98.452
7386       (1 0 2 3 2 1 2)              98.452
7387       (1 0 0 0 1 2 0)              98.452
7388       (1 0 2 3 1 2 1)              98.453
7389       (1 0 2 3 2 1 2)              98.453
7390       (1 0 3 1 1 1 1)              98.449
7391       (1 0 3 1 2 1 2)              98.449
7392       (1 0 2 3 1 2 1)              98.450
7393       (1 0 2 3 2 1 2)              98.450
7394       (1 0 3 1 2 1 2)              98.448
7395       (1 0 2 3 2 1 2)              98.448
7396       (1 0 2 3 2 1 2)              98.446
7397       (1 0 2 3 1 2 1)              98.447
7398       (1 0 1 2 1 1 1)              98.447
7399       (1 0 3 1 2 1 2)              98.445
7400       (1 0 2 3 2 1 2)              98.445
7401       (1 0 2 3 2 1 2)              98.446
7402       (1 0 1 2 1 1 1)              98.446
7403       (1 0 3 1 2 1 2)              98.446
7404       (1 0 3 1 2 1 2)              98.446
7405       (1 0 2 3 1 1 0)              98.445
7406       (1 0 2 3 2 1 2)              98.445
7407       (1 0 3 1 2 1 2)              98.445
7408       (1 0 2 3 2 1 2)              98.445
7409       (1 0 3 1 2 1 2)              98.443
7410       (1 0 3 1 1 2 0)              98.440
7411       (1 0 1 2 1 1 1)              98.440
7412       (1 0 3 1 2 1 2)              98.438
7413       (1 0 2 3 2 1 2)              98.438
7414       (1 0 1 2 0 0 1)              98.439
7415       (1 0 3 1 2 1 2)              98.439
7416       (1 0 2 3 2 1 1)              98.439
7417       (1 0 1 2 1 1 1)              98.439
7418       (1 0 2 3 2 1 2)              98.440
7419       (1 0 0 0 1 2 0)              98.440
7420       (1 0 0 0 1 2 0)              98.440
7421       (1 0 1 2 2 2 1)              98.440
7422       (1 0 2 3 2 1 2)              98.440
7423       (1 0 1 2 1 1 1)              98.441
7424       (1 0 2 3 2 1 2)              98.441
7425       (1 0 2 3 2 1 2)              98.441
7426       (1 0 2 3 1 2 1)              98.441
7427       (1 0 3 1 2 1 1)              98.441
7428       (1 0 1 2 0 0 1)              98.442
7429       (1 0 3 1 1 0 0)              98.442
7430       (1 0 0 0 2 2 1)              98.442
7431       (1 0 3 1 2 1 2)              98.442
7432       (1 0 2 3 1 1 1)              98.442
7433       (1 0 2 3 2 1 2)              98.443
7434       (1 0 2 3 2 1 2)              98.443
7435       (1 0 2 3 2 1 2)              98.443
7436       (1 0 2 3 2 1 1)              98.443
7437       (1 0 2 3 2 1 2)              98.444
7438       (1 0 2 3 2 1 2)              98.444
7439       (1 0 2 3 1 1 1)              98.444
7440       (1 0 3 1 2 1 2)              98.444
7441       (1 0 2 3 2 1 2)              98.444
7442       (1 0 1 2 1 1 1)              98.445
7443       (1 0 3 1 2 1 1)              98.443
7444       (1 0 3 1 1 2 1)              98.443
7445       (1 0 2 3 2 1 2)              98.443
7446       (1 0 2 3 1 1 1)              98.443
7447       (1 0 1 2 1 1 1)              98.444
7448       (1 0 3 1 2 1 2)              98.444
7449       (1 0 3 1 2 1 2)              98.444
7450       (1 0 1 2 1 1 1)              98.444
7451       (1 0 2 3 2 1 1)              98.445
7452       (1 0 3 1 2 1 2)              98.445
7453       (1 0 3 1 2 1 2)              98.445
7455       (1 0 3 1 2 1 1)              98.445
7456       (1 0 2 3 2 1 2)              98.445
7457       (1 0 2 3 2 1 2)              98.446
7458       (1 0 2 3 2 1 2)              98.446
7459       (1 0 3 1 2 1 2)              98.446
7460       (1 0 1 2 1 2 1)              98.446
7461       (1 0 0 0 2 2 1)              98.446
7462       (1 0 1 2 1 1 1)              98.447
7463       (1 0 1 2 2 2 1)              98.447
7464       (1 0 3 1 1 1 1)              98.447
7465       (1 0 3 1 1 1 1)              98.447
7466       (1 0 2 3 1 1 1)              98.446
7467       (1 0 1 2 1 1 1)              98.446
7468       (1 0 2 3 2 1 2)              98.446
7469       (1 0 2 3 2 1 2)              98.446
7470       (1 0 3 1 2 1 2)              98.446
7471       (1 0 3 1 2 1 2)              98.447
7472       (1 0 3 1 2 1 1)              98.445
7473       (1 0 2 3 2 1 2)              98.445
7474       (1 0 2 3 2 1 2)              98.445
7475       (1 0 1 2 1 1 1)              98.445
7476       (1 0 2 3 2 1 2)              98.446
7477       (1 0 1 2 0 0 1)              98.446
7478       (1 0 2 3 2 1 2)              98.446
7479       (1 0 3 1 2 1 2)              98.446
7480       (1 0 2 3 2 1 2)              98.447
7481       (1 0 2 3 1 2 1)              98.447
7482       (1 0 1 2 1 1 1)              98.447
7483       (1 0 3 1 2 1 2)              98.447
7484       (1 0 2 3 2 1 1)              98.447
7485       (1 0 1 2 1 1 1)              98.448
7486       (1 0 3 1 2 1 2)              98.448
7487       (1 0 1 2 1 1 1)              98.448
7488       (1 0 2 3 2 1 2)              98.448
7489       (1 0 2 3 2 1 2)              98.448
7490       (1 0 1 2 0 0 1)              98.449
7491       (1 0 3 1 2 1 2)              98.449
7492       (1 0 1 2 1 1 1)              98.449
7493       (1 0 1 2 1 1 1)              98.449
7494       (1 0 2 3 1 0 1)              98.449
7495       (1 0 3 1 2 1 2)              98.450
7496       (1 0 1 2 1 1 1)              98.450
7497       (1 0 2 3 2 1 2)              98.450
7498       (1 0 2 3 2 1 2)              98.450
7499       (1 0 2 3 2 1 2)              98.450
7500       (1 0 1 2 1 1 1)              98.451
7501       (1 0 2 3 2 1 2)              98.451
7502       (1 0 3 1 2 1 2)              98.451
7503       (1 0 2 2 0 0 1)              98.447
7504       (1 0 2 3 1 0 1)              98.448
7505       (1 0 0 0 2 2 1)              98.448
7506       (1 0 2 3 2 1 2)              98.448
7507       (1 0 1 2 1 1 1)              98.448
7508       (1 0 1 2 1 1 1)              98.449
7509       (1 0 1 2 1 2 1)              98.449
7510       (1 0 1 2 1 1 1)              98.445
7511       (1 0 2 3 2 1 2)              98.445
7512       (1 0 3 1 2 1 2)              98.446
7513       (1 0 2 3 1 1 1)              98.446
7514       (1 0 1 2 1 1 1)              98.446
7515       (1 0 1 2 1 1 1)              98.446
7516       (1 0 3 1 2 1 2)              98.446
7517       (1 0 2 3 2 1 2)              98.447
7518       (1 0 2 3 2 1 2)              98.447
7519       (1 0 2 3 2 1 2)              98.447
7520       (1 0 3 1 2 1 1)              98.447
7521       (1 0 1 2 1 1 1)              98.447
7522       (1 0 2 3 2 1 2)              98.448
7523       (1 0 1 2 1 1 1)              98.448
7524       (1 0 2 3 2 1 2)              98.448
7525       (1 0 3 1 2 1 2)              98.448
7526       (1 0 2 3 2 1 2)              98.448
7527       (1 0 2 3 2 1 2)              98.449
7528       (1 0 3 1 2 1 2)              98.449
7529       (1 0 2 3 1 2 1)              98.449
7530       (1 0 1 2 1 1 1)              98.449
7531       (1 0 2 3 2 1 2)              98.449
7532       (1 0 2 3 2 1 2)              98.450
7533       (1 0 2 3 1 1 1)              98.448
7534       (1 0 2 3 2 1 1)              98.448
7535       (1 0 2 3 2 1 2)              98.448
7536       (1 0 2 3 2 1 2)              98.449
7537       (1 0 3 1 2 1 2)              98.449
7538       (1 0 3 1 2 1 2)              98.449
7539       (1 0 3 1 2 1 2)              98.447
7540       (1 0 2 3 2 1 2)              98.448
7541       (1 0 3 1 2 1 2)              98.448
7542       (1 0 2 3 2 1 1)              98.448
7543       (1 0 3 1 2 1 2)              98.448
7544       (1 0 3 1 2 1 2)              98.448
7545       (1 0 1 2 1 1 1)              98.449
7546       (1 0 2 3 2 1 2)              98.449
7547       (1 0 2 3 1 1 1)              98.449
7548       (1 0 3 1 2 1 2)              98.447
7549       (1 0 3 1 2 1 2)              98.447
7550       (1 0 2 3 2 1 1)              98.448
7551       (1 0 2 3 2 1 2)              98.448
7552       (1 0 1 2 1 1 1)              98.448
7553       (1 0 3 1 2 1 2)              98.448
7554       (1 0 2 3 1 1 1)              98.447
7555       (1 0 3 1 2 1 2)              98.447
7556       (1 0 3 1 2 1 2)              98.447
7557       (1 0 2 3 2 1 2)              98.447
7558       (1 0 1 2 1 1 1)              98.447
7559       (1 0 3 1 2 1 2)              98.446
7560       (1 0 1 2 1 1 1)              98.446
7561       (1 0 2 3 2 1 2)              98.446
7562       (1 0 3 1 2 1 2)              98.446
7563       (1 0 1 2 0 0 1)              98.447
7564       (1 0 1 2 1 1 1)              98.447
7565       (1 0 2 3 2 1 2)              98.443
7566       (1 0 3 1 2 1 2)              98.443
7567       (1 0 2 3 1 1 0)              98.442
7569       (1 0 2 3 2 1 2)              98.442
7570       (1 0 3 1 1 1 1)              98.442
7571       (1 0 2 3 2 1 2)              98.442
7572       (1 0 3 1 2 1 2)              98.443
7573       (1 0 2 3 2 1 2)              98.443
7574       (1 0 3 1 1 2 1)              98.443
7575       (1 0 1 2 1 2 1)              98.443
7576       (1 0 2 3 2 1 2)              98.443
7577       (1 0 2 3 2 1 1)              98.442
7578       (1 0 2 3 2 1 2)              98.438
7579       (1 0 1 2 1 1 1)              98.438
7580       (1 0 2 3 2 1 2)              98.439
7581       (1 0 2 3 2 1 2)              98.439
7582       (1 0 2 3 1 1 1)              98.435
7583       (1 0 2 3 2 1 2)              98.435
7584       (1 0 3 1 2 1 1)              98.436
7585       (1 0 3 1 2 1 2)              98.436
7586       (1 0 2 3 2 1 2)              98.436
7587       (1 0 2 3 1 2 0)              98.434
7588       (1 0 2 3 2 1 2)              98.435
7589       (1 0 1 2 1 1 1)              98.435
7590       (1 0 3 1 2 1 2)              98.435
7591       (1 0 2 3 2 1 1)              98.435
7592       (1 0 1 2 1 1 1)              98.435
7593       (1 0 3 1 2 1 2)              98.436
7594       (1 0 2 3 2 1 2)              98.436
7595       (1 0 0 0 1 0 1)              98.436
7596       (1 0 3 1 2 1 1)              98.436
7597       (1 0 2 3 2 1 2)              98.436
7598       (1 0 2 3 2 1 2)              98.437
7599       (1 0 2 3 2 1 2)              98.437
7600       (1 0 2 3 2 1 1)              98.437
7601       (1 0 2 3 2 1 2)              98.433
7602       (1 0 3 1 2 1 2)              98.434
7603       (1 0 1 2 1 1 1)              98.434
7604       (1 0 3 1 2 1 2)              98.434
7605       (1 0 2 3 1 2 0)              98.434
7606       (1 0 1 2 2 2 1)              98.434
7607       (1 0 2 3 2 1 2)              98.435
7608       (1 0 2 3 2 1 2)              98.435
7609       (1 0 3 1 2 1 2)              98.435
7610       (1 0 2 3 1 1 1)              98.435
7611       (1 0 2 3 2 1 2)              98.435
7612       (1 0 2 3 2 2 1)              98.436
7613       (1 0 1 2 1 1 1)              98.436
7614       (1 0 2 3 2 1 2)              98.436
7615       (1 0 2 3 2 2 1)              98.436
7616       (1 0 2 3 1 2 0)              98.435
7617       (1 0 3 1 2 1 2)              98.435
7618       (1 0 2 3 1 2 1)              98.435
7619       (1 0 2 3 2 1 2)              98.435
7620       (1 0 3 1 2 1 2)              98.435
7621       (1 0 2 3 2 1 2)              98.436
7622       (1 0 2 3 1 2 1)              98.436
7623       (1 0 1 2 1 1 1)              98.436
7624       (1 0 2 3 2 1 2)              98.436
7625       (1 0 2 3 2 1 2)              98.437
7626       (1 0 2 3 2 1 2)              98.437
7627       (1 0 2 3 2 1 2)              98.437
7628       (1 0 1 2 1 1 1)              98.437
7629       (1 0 2 3 2 1 2)              98.437
7630       (1 0 3 1 1 2 1)              98.438
7631       (1 0 3 1 2 1 2)              98.438
7632       (1 0 1 2 1 1 1)              98.438
7633       (1 0 3 1 2 1 1)              98.438
7634       (1 0 3 1 2 1 2)              98.438
7635       (1 0 0 0 1 0 1)              98.439
7636       (1 0 3 1 2 1 2)              98.439
7637       (1 0 3 1 2 1 2)              98.437
7638       (1 0 2 3 2 1 2)              98.437
7639       (1 0 2 3 2 1 2)              98.438
7640       (1 0 0 4 1 2 0)              98.434
7641       (1 0 2 3 2 1 2)              98.434
7642       (1 0 2 3 2 1 2)              98.434
7643       (1 0 3 1 1 2 1)              98.435
7644       (1 0 1 2 1 1 1)              98.435
7645       (1 0 2 3 2 1 2)              98.433
7646       (1 0 2 3 1 2 1)              98.433
7647       (1 0 2 3 2 1 2)              98.430
7648       (1 0 2 3 2 1 2)              98.430
7649       (1 0 1 2 1 1 1)              98.430
7650       (1 0 2 3 1 1 1)              98.427
7651       (1 0 2 3 2 1 2)              98.427
7652       (1 0 1 2 1 1 1)              98.427
7653       (1 0 2 3 2 1 2)              98.425
7654       (1 0 2 3 2 1 2)              98.426
7655       (1 0 2 3 1 2 1)              98.426
7656       (1 0 1 2 1 1 1)              98.426
7657       (1 0 2 3 2 1 2)              98.426
7658       (1 0 3 1 1 1 1)              98.426
7659       (1 0 3 1 2 1 2)              98.425
7660       (1 0 1 2 1 1 1)              98.425
7661       (1 0 0 0 1 2 0)              98.425
7662       (1 0 1 2 1 1 1)              98.425
7663       (1 0 3 1 2 1 2)              98.426
7664       (1 0 2 3 2 1 2)              98.426
7665       (1 0 1 2 1 2 0)              98.426
7666       (1 0 2 3 1 1 1)              98.424
7667       (1 0 1 2 1 1 1)              98.425
7668       (1 0 3 1 2 1 2)              98.425
7669       (1 0 3 1 2 1 2)              98.425
7670       (1 0 3 1 2 1 2)              98.425
7671       (1 0 1 2 1 1 1)              98.425
7672       (1 0 3 1 1 2 1)              98.426
7673       (1 0 2 3 1 2 1)              98.426
7674       (1 0 3 1 2 1 2)              98.424
7675       (1 0 2 3 2 1 2)              98.424
7676       (1 0 2 3 1 2 1)              98.425
7677       (1 0 1 2 1 1 1)              98.425
7678       (1 0 2 3 2 1 2)              98.425
7679       (1 0 1 2 1 1 1)              98.425
7680       (1 0 2 3 2 1 1)              98.425
7681       (1 0 1 2 1 1 1)              98.426
7682       (1 0 2 3 2 1 2)              98.426
7683       (1 0 2 3 1 1 1)              98.426
7684       (1 0 3 1 2 1 2)              98.426
7685       (1 0 2 3 2 1 2)              98.426
7686       (1 0 1 2 1 2 1)              98.425
7687       (1 0 1 2 1 1 1)              98.425
7688       (1 0 1 2 1 2 1)              98.425
7689       (1 0 3 1 2 1 2)              98.425
7690       (1 0 2 3 2 1 2)              98.426
7691       (1 0 2 3 2 1 1)              98.426
7692       (1 0 3 1 2 1 2)              98.426
7693       (1 0 2 3 1 1 1)              98.426
7694       (1 0 3 1 2 1 2)              98.426
7695       (1 0 3 1 2 1 2)              98.427
7696       (1 0 3 1 2 1 2)              98.427
7697       (1 0 1 2 1 1 1)              98.427
7698       (1 0 2 3 2 1 2)              98.427
7699       (1 0 2 3 2 1 1)              98.426
7700       (1 0 2 3 2 1 2)              98.426
7701       (1 0 2 3 2 1 2)              98.426
7702       (1 0 2 3 2 1 2)              98.426
7703       (1 0 2 3 2 1 2)              98.426
7704       (1 0 2 3 2 1 2)              98.427
7705       (1 0 2 3 2 1 1)              98.425
7706       (1 0 2 3 2 1 2)              98.425
7707       (1 0 2 3 2 1 2)              98.423
7708       (1 0 3 1 2 1 2)              98.422
7709       (1 0 2 3 2 1 2)              98.422
7710       (1 0 2 3 2 1 2)              98.422
7711       (1 0 2 3 1 2 1)              98.421
7712       (1 0 2 3 2 1 2)              98.421
7713       (1 0 1 2 1 1 1)              98.421
7714       (1 0 3 1 2 1 2)              98.421
7715       (1 0 2 3 2 1 2)              98.421
7716       (1 0 1 2 1 1 1)              98.422
7717       (1 0 2 3 2 1 2)              98.422
7718       (1 0 1 2 0 0 1)              98.422
7719       (1 0 2 3 2 1 1)              98.422
7720       (1 0 1 2 1 1 1)              98.422
7721       (1 0 2 3 2 1 2)              98.423
7722       (1 0 1 2 1 1 1)              98.423
7723       (1 0 1 2 1 1 1)              98.423
7724       (1 0 2 3 2 1 2)              98.423
7725       (1 0 3 1 2 1 2)              98.423
7726       (1 0 3 1 2 1 2)              98.424
7727       (1 0 1 2 1 1 1)              98.424
7728       (1 0 3 1 1 1 1)              98.424
7729       (1 0 1 2 1 1 1)              98.424
7730       (1 0 1 2 1 1 1)              98.424
7731       (1 0 3 1 2 1 2)              98.425
7732       (1 0 2 3 1 2 1)              98.425
7733       (1 0 2 3 2 1 2)              98.425
7734       (1 0 3 1 2 1 2)              98.425
7735       (1 0 2 3 2 1 2)              98.425
7736       (1 0 3 1 2 1 2)              98.426
7737       (1 0 2 3 2 1 2)              98.426
7738       (1 0 2 3 2 1 2)              98.426
7739       (1 0 2 3 1 1 1)              98.426
7740       (1 0 2 3 2 1 2)              98.426
7741       (1 0 3 1 2 1 2)              98.427
7742       (1 0 3 1 1 1 1)              98.427
7743       (1 0 3 1 2 1 2)              98.427
7744       (1 0 2 3 2 1 1)              98.425
7745       (1 0 0 0 2 2 1)              98.426
7746       (1 0 1 2 0 0 1)              98.426
7747       (1 0 1 2 1 1 1)              98.426
7748       (1 0 2 3 2 1 2)              98.426
7749       (1 0 1 2 1 2 0)              98.426
7750       (1 0 2 3 2 1 2)              98.427
7751       (1 0 2 3 2 1 2)              98.427
7752       (1 0 2 3 2 1 2)              98.427
7753       (1 0 0 0 1 2 0)              98.427
7754       (1 0 1 2 1 1 1)              98.427
7755       (1 0 1 2 0 0 1)              98.428
7756       (1 0 2 3 2 1 2)              98.428
7757       (1 0 2 3 2 1 2)              98.428
7758       (1 0 3 1 2 1 2)              98.428
7759       (1 0 3 1 2 1 2)              98.428
7760       (1 0 2 3 2 1 2)              98.429
7761       (1 0 2 3 2 1 2)              98.429
7762       (1 0 2 3 2 1 2)              98.429
7763       (1 0 2 3 2 1 2)              98.429
7764       (1 0 1 2 1 1 1)              98.430
7765       (1 0 1 2 1 1 1)              98.430
7766       (1 0 2 3 1 2 1)              98.430
7767       (1 0 1 2 1 1 1)              98.430
7768       (1 0 3 1 2 1 2)              98.430
7769       (1 0 2 3 1 2 1)              98.431
7770       (1 0 4 1 1 2 1)              98.425
7771       (1 0 1 2 1 1 1)              98.425
7772       (1 0 3 1 2 1 2)              98.426
7773       (1 0 2 3 2 1 2)              98.426
7774       (1 0 3 1 2 1 2)              98.426
7775       (1 0 2 3 2 1 2)              98.426
7776       (1 0 2 3 2 1 2)              98.426
7777       (1 0 2 3 1 2 1)              98.427
7778       (1 0 2 3 2 1 2)              98.427
7779       (1 0 2 3 1 2 1)              98.427
7780       (1 0 2 3 1 2 1)              98.427
7781       (1 0 0 0 1 2 0)              98.427
7782       (1 0 3 1 2 1 2)              98.428
7783       (1 0 2 3 1 1 1)              98.428
7784       (1 0 2 3 2 1 2)              98.428
7785       (1 0 3 1 2 1 2)              98.428
7786       (1 0 3 1 2 1 1)              98.428
7787       (1 0 3 1 2 1 2)              98.429
7788       (1 0 1 2 1 1 1)              98.429
7789       (1 0 1 2 1 1 1)              98.429
7790       (1 0 2 3 2 1 2)              98.429
7791       (1 0 2 3 2 1 2)              98.429
7792       (1 0 1 2 1 1 1)              98.430
7793       (1 0 3 1 2 1 2)              98.430
7794       (1 0 1 2 1 1 1)              98.430
7795       (1 0 1 2 1 1 1)              98.430
7796       (1 0 2 3 2 1 2)              98.430
7797       (1 0 2 3 2 1 1)              98.431
7798       (1 0 3 1 1 1 1)              98.431
7799       (1 0 2 3 2 1 2)              98.431
7800       (1 0 1 2 1 2 1)              98.431
7801       (1 0 1 2 1 1 1)              98.431
7802       (1 0 1 2 1 1 1)              98.432
7803       (1 0 1 2 1 1 1)              98.432
7804       (1 0 3 1 2 1 2)              98.432
7805       (1 0 2 3 2 1 2)              98.432
7806       (1 0 2 3 2 1 2)              98.432
7807       (1 0 3 1 2 1 2)              98.433
7808       (1 0 3 1 2 1 2)              98.433
7809       (1 0 2 3 2 1 2)              98.433
7810       (1 0 3 1 2 1 2)              98.433
7811       (1 0 3 1 2 1 2)              98.433
7812       (1 0 1 2 1 1 1)              98.434
7813       (1 0 0 0 1 2 0)              98.434
7814       (1 0 1 2 1 1 1)              98.430
7815       (1 0 3 1 1 1 1)              98.431
7816       (1 0 1 2 1 1 1)              98.431
7817       (1 0 2 3 2 1 1)              98.429
7818       (1 0 2 3 2 1 2)              98.429
7819       (1 0 2 3 2 1 2)              98.430
7820       (1 0 2 3 1 2 1)              98.430
7821       (1 0 2 3 1 1 1)              98.430
7822       (1 0 1 2 1 1 1)              98.430
7823       (1 0 1 2 1 1 1)              98.430
7824       (1 0 1 2 1 2 0)              98.431
7825       (1 0 2 3 2 1 2)              98.431
7826       (1 0 2 3 1 1 1)              98.431
7827       (1 0 2 3 2 1 2)              98.431
7828       (1 0 2 3 2 1 2)              98.431
7829       (1 0 2 3 1 2 1)              98.432
7830       (1 0 1 2 1 1 1)              98.432
7831       (1 0 2 3 1 1 1)              98.432
7832       (1 0 2 3 2 1 1)              98.432
7833       (1 0 2 3 2 1 2)              98.432
7834       (1 0 3 1 2 1 1)              98.433
7835       (1 0 2 3 1 1 1)              98.433
7836       (1 0 0 0 1 2 0)              98.433
7837       (1 0 3 1 1 1 1)              98.430
7838       (1 0 1 2 1 1 1)              98.430
7839       (1 0 2 3 2 1 2)              98.430
7840       (1 0 1 2 1 1 1)              98.430
7841       (1 0 2 3 2 1 2)              98.430
7842       (1 0 1 2 1 1 1)              98.431
7843       (1 0 2 3 2 1 1)              98.429
7844       (1 0 2 3 2 1 2)              98.429
7845       (1 0 2 3 2 1 2)              98.429
7846       (1 0 2 3 1 2 1)              98.430
7847       (1 0 3 1 2 1 2)              98.430
7848       (1 0 2 3 2 1 2)              98.430
7849       (1 0 2 3 2 1 2)              98.430
7850       (1 0 3 1 1 2 1)              98.430
7851       (1 0 1 2 1 1 1)              98.431
7852       (1 0 2 3 1 1 1)              98.431
7853       (1 0 2 3 2 1 1)              98.431
7854       (1 0 2 3 2 1 2)              98.431
7855       (1 0 2 3 2 1 2)              98.431
7856       (1 0 3 1 2 1 2)              98.432
7857       (1 0 3 1 2 1 2)              98.432
7858       (1 0 2 3 2 1 2)              98.432
7859       (1 0 2 3 2 1 2)              98.432
7860       (1 0 1 2 1 1 1)              98.432
7861       (1 0 2 3 2 1 2)              98.433
7862       (1 0 2 3 2 1 2)              98.433
7863       (1 0 2 3 2 1 2)              98.433
7864       (1 0 2 3 2 1 2)              98.433
7865       (1 0 3 1 2 1 2)              98.432
7866       (1 0 2 3 2 2 1)              98.432
7867       (1 0 1 2 1 1 1)              98.432
7868       (1 0 2 3 2 1 2)              98.432
7869       (1 0 1 2 1 2 1)              98.432
7870       (1 0 1 2 1 1 1)              98.433
7871       (1 0 2 3 2 1 2)              98.433
7872       (1 0 2 3 1 1 1)              98.433
7873       (1 0 1 2 1 1 1)              98.433
7874       (1 0 2 3 2 1 2)              98.433
7875       (1 0 1 2 1 2 0)              98.434
7876       (1 0 3 1 2 1 1)              98.434
7877       (1 0 1 2 1 1 1)              98.434
7878       (1 0 2 3 2 1 2)              98.434
7879       (1 0 1 2 1 1 1)              98.434
7880       (1 0 2 3 2 1 2)              98.435
7881       (1 0 2 1 1 2 1)              98.429
7882       (1 0 2 3 2 1 2)              98.429
7883       (1 0 3 1 2 1 2)              98.426
7884       (1 0 3 1 2 1 2)              98.426
7885       (1 0 2 3 2 1 2)              98.426
7886       (1 0 2 3 2 1 1)              98.427
7887       (1 0 3 1 2 1 2)              98.427
7888       (1 0 2 3 2 1 2)              98.427
7889       (1 0 2 3 2 1 1)              98.425
7890       (1 0 1 2 1 1 1)              98.426
7891       (1 0 2 3 2 1 2)              98.426
7892       (1 0 2 3 2 1 2)              98.426
7893       (1 0 2 3 1 2 1)              98.426
7894       (1 0 2 3 2 1 2)              98.426
7895       (1 0 3 1 2 1 2)              98.427
7896       (1 0 2 3 2 1 2)              98.427
7897       (1 0 2 3 2 1 1)              98.427
7898       (1 0 3 1 2 1 2)              98.427
7899       (1 0 2 3 2 1 2)              98.427
7900       (1 0 1 2 1 1 1)              98.428
7901       (1 0 3 1 2 1 1)              98.428
7902       (1 0 2 3 2 1 1)              98.426
7903       (1 0 1 2 1 1 1)              98.426
7904       (1 0 2 3 2 1 2)              98.427
7905       (1 0 0 0 1 2 0)              98.427
7906       (1 0 2 3 1 2 1)              98.427
7907       (1 0 2 3 2 1 2)              98.427
7908       (1 0 2 3 2 1 2)              98.427
7909       (1 0 3 1 2 1 2)              98.428
7910       (1 0 2 3 2 2 1)              98.428
7911       (1 0 2 3 2 1 2)              98.428
7912       (1 0 3 1 2 1 2)              98.428
7913       (1 0 2 3 2 1 2)              98.428
7914       (1 0 3 1 2 1 2)              98.429
7915       (1 0 1 2 1 1 1)              98.429
7916       (1 0 1 2 1 1 1)              98.429
7917       (1 0 2 3 2 1 2)              98.429
7918       (1 0 2 3 2 1 1)              98.429
7919       (1 0 3 1 2 1 2)              98.430
7920       (1 0 1 2 0 0 1)              98.430
7921       (1 0 1 2 1 1 1)              98.430
7922       (1 0 3 1 2 1 2)              98.430
7923       (1 0 2 3 1 0 2)              98.429
7924       (1 0 2 3 1 1 1)              98.425
7925       (1 0 2 3 2 1 2)              98.425
7926       (1 0 2 3 2 1 2)              98.426
7927       (1 0 2 3 2 1 2)              98.426
7928       (1 0 2 3 1 2 1)              98.426
7929       (1 0 3 1 2 1 2)              98.426
7930       (1 0 2 3 2 1 2)              98.426
7931       (1 0 2 3 2 1 2)              98.427
7932       (1 0 3 1 2 1 2)              98.427
7933       (1 0 1 2 1 1 1)              98.427
7934       (1 0 1 2 1 1 1)              98.427
7935       (1 0 3 1 2 1 2)              98.427
7936       (1 0 2 3 2 1 2)              98.428
7937       (1 0 2 3 2 1 2)              98.428
7938       (1 0 2 3 2 1 2)              98.428
7939       (1 0 3 1 2 1 2)              98.426
7940       (1 0 3 1 2 1 2)              98.425
7941       (1 0 2 3 2 1 2)              98.425
7942       (1 0 2 3 2 1 2)              98.425
7943       (1 0 2 3 1 2 1)              98.425
7944       (1 0 2 3 2 1 2)              98.426
7945       (1 0 2 3 2 1 1)              98.426
7946       (1 0 2 3 2 1 1)              98.426
7947       (1 0 1 2 1 1 1)              98.426
7948       (1 0 1 2 2 2 1)              98.426
7949       (1 0 1 2 1 1 1)              98.427
7950       (1 0 2 3 2 1 2)              98.427
7951       (1 0 2 3 1 0 2)              98.427
7952       (1 0 1 2 1 1 1)              98.427
7953       (1 0 2 3 2 1 2)              98.427
7954       (1 0 2 3 1 1 1)              98.426
7955       (1 0 1 2 1 1 1)              98.426
7956       (1 0 1 2 1 1 1)              98.426
7957       (1 0 0 0 1 2 1)              98.426
7958       (1 0 3 1 2 1 2)              98.427
7959       (1 0 3 1 2 1 2)              98.425
7960       (1 0 3 1 2 1 2)              98.425
7961       (1 0 2 3 2 1 2)              98.425
7962       (1 0 3 1 1 1 1)              98.425
7963       (1 0 2 3 2 1 2)              98.426
7964       (1 0 2 3 2 1 2)              98.426
7965       (1 0 1 2 1 1 1)              98.426
7966       (1 0 2 3 2 1 2)              98.426
7967       (1 0 2 3 2 1 2)              98.426
7968       (1 0 3 1 2 1 2)              98.427
7969       (1 0 3 1 1 1 1)              98.427
7970       (1 0 1 2 1 2 1)              98.425
7971       (1 0 2 3 2 1 2)              98.425
7972       (1 0 2 3 1 1 1)              98.424
7973       (1 0 2 3 2 1 2)              98.424
7974       (1 0 2 3 2 1 2)              98.424
7975       (1 0 1 2 1 1 1)              98.424
7976       (1 0 3 1 2 1 2)              98.425
7977       (1 0 1 2 1 1 1)              98.425
7978       (1 0 3 1 1 2 1)              98.425
7979       (1 0 3 1 2 1 2)              98.425
7980       (1 0 2 3 2 1 2)              98.425
7981       (1 0 1 2 1 1 1)              98.426
7982       (1 0 3 1 2 1 2)              98.426
7983       (1 0 3 1 2 1 1)              98.426
7984       (1 0 3 1 2 1 2)              98.426
7985       (1 0 2 3 2 1 2)              98.426
7986       (1 0 3 1 2 1 2)              98.425
7987       (1 0 1 2 1 1 1)              98.425
7988       (1 0 2 3 2 1 2)              98.425
7989       (1 0 2 3 2 1 2)              98.425
7990       (1 0 1 2 1 1 1)              98.426
7991       (1 0 2 3 1 1 1)              98.426
7992       (1 0 3 1 2 1 2)              98.426
7993       (1 0 2 3 1 2 1)              98.426
7994       (1 0 2 3 2 1 2)              98.426
7995       (1 0 3 1 2 1 2)              98.427
7996       (1 0 2 3 2 1 1)              98.427
7997       (1 0 1 2 1 1 1)              98.427
7998       (1 0 2 3 2 1 2)              98.427
7999       (1 0 3 1 2 1 2)              98.427
8000       (1 0 3 1 0 0 1)              98.422
8001       (1 0 1 2 1 1 1)              98.422
8002       (1 0 2 3 2 1 2)              98.423
8003       (1 0 1 2 1 1 1)              98.423
8004       (1 0 2 3 2 1 2)              98.423
8005       (1 0 2 3 2 1 2)              98.423
8006       (1 0 2 3 2 1 2)              98.423
8007       (1 0 3 1 2 1 2)              98.424
8008       (1 0 2 3 1 2 1)              98.424
8009       (1 0 1 2 1 1 1)              98.424
8010       (1 0 3 1 2 1 2)              98.424
8011       (1 0 2 3 2 1 2)              98.424
8012       (1 0 3 1 2 1 2)              98.425
8013       (1 0 1 2 1 1 1)              98.425
8014       (1 0 1 2 1 2 1)              98.425
8015       (1 0 2 3 1 2 1)              98.425
8016       (1 0 2 3 1 2 1)              98.425
8017       (1 0 1 2 1 2 0)              98.426
8018       (1 0 1 2 1 1 1)              98.426
8019       (1 0 1 1 0 0 1)              98.422
8020       (1 0 2 3 2 1 1)              98.423
8021       (1 0 3 1 2 1 2)              98.421
8022       (1 0 3 1 2 1 2)              98.421
8023       (1 0 3 1 2 1 2)              98.421
8024       (1 0 2 3 2 1 2)              98.422
8025       (1 0 1 2 1 1 1)              98.422
8026       (1 0 1 2 2 2 1)              98.422
8027       (1 0 3 1 2 1 2)              98.422
8028       (1 0 0 0 2 2 1)              98.422
8029       (1 0 3 1 1 0 1)              98.419
8030       (1 0 3 1 2 1 2)              98.419
8031       (1 0 1 2 1 1 1)              98.419
8032       (1 0 1 2 1 1 1)              98.420
8033       (1 0 1 2 1 1 1)              98.420
8034       (1 0 2 3 2 1 2)              98.420
8035       (1 0 2 3 2 1 2)              98.420
8036       (1 0 2 3 2 1 2)              98.420
8037       (1 0 2 3 1 2 1)              98.421
8038       (1 0 2 3 1 1 1)              98.417
8039       (1 0 1 2 1 1 1)              98.417
8040       (1 0 2 3 2 1 2)              98.418
8041       (1 0 3 1 2 1 2)              98.418
8042       (1 0 3 1 2 1 2)              98.418
8043       (1 0 2 3 2 1 2)              98.418
8044       (1 0 2 3 2 1 2)              98.418
8045       (1 0 3 1 2 1 2)              98.419
8046       (1 0 2 3 2 1 2)              98.419
8047       (1 0 3 1 2 1 2)              98.419
8048       (1 0 2 3 2 1 2)              98.419
8049       (1 0 2 3 2 1 1)              98.419
8050       (1 0 3 1 2 1 2)              98.420
8051       (1 0 1 2 1 1 1)              98.420
8052       (1 0 2 3 2 1 2)              98.420
8053       (1 0 2 3 2 1 2)              98.420
8054       (1 0 2 3 2 1 2)              98.420
8055       (1 0 3 1 2 1 2)              98.421
8056       (1 0 2 3 2 1 2)              98.421
8057       (1 0 1 2 1 1 1)              98.421
8058       (1 0 2 3 2 1 2)              98.421
8059       (1 0 1 2 1 1 1)              98.421
8060       (1 0 3 1 2 1 2)              98.420
8061       (1 0 1 2 1 1 1)              98.420
8062       (1 0 2 3 2 1 2)              98.420
8063       (1 0 2 3 1 2 1)              98.420
8064       (1 0 3 1 2 1 2)              98.421
8065       (1 0 2 3 2 1 2)              98.421
8066       (1 0 0 0 1 2 0)              98.421
8067       (1 0 1 2 1 1 1)              98.421
8068       (1 0 2 3 1 2 1)              98.421
8069       (1 0 1 2 1 1 1)              98.422
8070       (1 0 2 3 2 1 2)              98.422
8071       (1 0 2 3 2 1 2)              98.422
8072       (1 0 2 3 2 1 2)              98.422
8073       (1 0 2 3 2 1 2)              98.422
8074       (1 0 1 2 1 1 1)              98.423
8075       (1 0 3 1 2 1 1)              98.423
8076       (1 0 2 3 1 2 1)              98.423
8077       (1 0 3 1 2 1 2)              98.421
8078       (1 0 1 2 1 1 1)              98.422
8079       (1 0 3 1 2 1 2)              98.422
8080       (1 0 3 1 2 1 2)              98.422
8081       (1 0 1 2 1 1 1)              98.422
8082       (1 0 2 3 1 2 1)              98.422
8083       (1 0 2 3 2 1 2)              98.423
8084       (1 0 3 1 1 1 1)              98.423
8085       (1 0 2 3 2 1 2)              98.423
8086       (1 0 2 3 2 1 2)              98.423
8087       (1 0 2 3 2 1 2)              98.423
8088       (1 0 2 3 2 1 2)              98.424
8089       (1 0 2 3 2 1 2)              98.424
8090       (1 0 2 3 2 1 2)              98.424
8091       (1 0 1 2 1 1 1)              98.424
8092       (1 0 1 2 1 1 1)              98.424
8093       (1 0 2 3 2 2 1)              98.424
8094       (1 0 2 3 2 1 2)              98.425
8095       (1 0 1 2 1 1 1)              98.425
8096       (1 0 2 3 1 2 1)              98.425
8097       (1 0 2 3 1 0 1)              98.424
8098       (1 0 2 3 2 1 2)              98.424
8099       (1 0 3 1 2 1 2)              98.424
8100       (1 0 2 3 2 1 2)              98.424
8101       (1 0 3 1 2 1 2)              98.424
8102       (1 0 3 1 2 1 1)              98.424
8103       (1 0 3 1 2 1 1)              98.425
8104       (1 0 2 3 2 1 2)              98.425
8105       (1 0 2 3 2 1 2)              98.425
8106       (1 0 2 3 2 1 2)              98.425
8107       (1 0 2 3 2 1 2)              98.425
8108       (1 0 2 3 2 1 2)              98.426
8109       (1 0 3 1 2 1 2)              98.426
8110       (1 0 2 3 2 1 2)              98.426
8111       (1 0 2 3 1 1 1)              98.426
8112       (1 0 2 3 2 1 2)              98.426
8113       (1 0 1 2 1 2 1)              98.425
8114       (1 0 2 3 1 2 1)              98.425
8115       (1 0 3 1 2 1 2)              98.425
8116       (1 0 3 1 2 1 2)              98.424
8117       (1 0 2 3 2 1 1)              98.424
8118       (1 0 2 3 1 1 1)              98.424
8119       (1 0 2 3 2 1 1)              98.424
8120       (1 0 3 1 2 1 2)              98.424
8121       (1 0 2 3 1 1 1)              98.421
8122       (1 0 3 1 2 1 1)              98.421
8123       (1 0 3 1 2 1 2)              98.422
8124       (1 0 3 1 2 1 2)              98.422
8125       (1 0 1 2 1 1 1)              98.422
8126       (1 0 2 3 2 1 2)              98.422
8127       (1 0 2 3 2 1 2)              98.422
8128       (1 0 2 3 2 1 1)              98.422
8129       (1 0 3 1 2 1 1)              98.423
8130       (1 0 3 1 2 1 1)              98.423
8131       (1 0 3 1 2 1 2)              98.423
8132       (1 0 2 3 2 1 2)              98.423
8133       (1 0 2 3 2 1 2)              98.423
8134       (1 0 2 3 1 2 1)              98.424
8135       (1 0 2 3 2 1 2)              98.424
8136       (1 0 2 3 2 1 2)              98.424
8137       (1 0 2 3 2 1 2)              98.424
8138       (1 0 2 3 2 1 2)              98.424
8139       (1 0 1 2 1 1 1)              98.425
8140       (1 0 2 3 1 1 0)              98.423
8141       (1 0 2 3 2 1 1)              98.423
8142       (1 0 3 1 2 1 2)              98.423
8143       (1 0 3 1 2 1 2)              98.422
8144       (1 0 2 3 2 1 2)              98.422
8145       (1 0 0 0 1 2 0)              98.422
8146       (1 0 2 3 2 1 2)              98.422
8147       (1 0 3 1 2 1 2)              98.423
8148       (1 0 1 2 1 1 1)              98.423
8149       (1 0 2 3 1 2 1)              98.423
8150       (1 0 2 3 1 1 1)              98.423
8151       (1 0 1 2 1 1 1)              98.423
8152       (1 0 1 2 1 1 1)              98.424
8153       (1 0 2 3 2 1 2)              98.424
8154       (1 0 2 3 2 1 2)              98.424
8155       (1 0 2 3 2 1 2)              98.424
8156       (1 0 2 3 2 1 2)              98.424
8157       (1 0 2 3 1 2 1)              98.425
8158       (1 0 2 3 2 1 2)              98.425
8159       (1 0 3 1 2 1 2)              98.425
8160       (1 0 2 3 1 2 1)              98.425
8161       (1 0 2 3 2 1 1)              98.425
8162       (1 0 2 3 1 1 1)              98.422
8163       (1 0 2 3 2 1 2)              98.422
8164       (1 0 3 1 2 1 2)              98.421
8165       (1 0 2 3 2 1 2)              98.421
8166       (1 0 3 1 2 1 2)              98.421
8167       (1 0 2 3 2 1 2)              98.421
8168       (1 0 1 2 1 1 1)              98.421
8169       (1 0 1 2 1 1 1)              98.422
8170       (1 0 1 2 1 1 1)              98.422
8171       (1 0 2 3 2 1 2)              98.422
8172       (1 0 1 2 1 1 1)              98.422
8173       (1 0 2 3 2 1 2)              98.422
8174       (1 0 3 1 2 1 2)              98.423
8175       (1 0 1 2 1 1 1)              98.423
8176       (1 0 2 3 2 1 2)              98.423
8177       (1 0 3 1 1 1 1)              98.423
8178       (1 0 1 2 1 1 1)              98.423
8179       (1 0 2 3 2 1 2)              98.424
8180       (1 0 3 1 2 1 2)              98.424
8181       (1 0 2 3 1 1 1)              98.424
8182       (1 0 3 1 2 1 2)              98.424
8183       (1 0 1 2 1 2 1)              98.423
8184       (1 0 3 1 2 1 2)              98.423
8185       (1 0 3 1 2 1 2)              98.423
8186       (1 0 3 1 2 1 2)              98.423
8187       (1 0 2 3 2 1 2)              98.423
8188       (1 0 1 2 1 1 1)              98.424
8189       (1 0 2 3 2 1 2)              98.424
8190       (1 0 2 3 2 1 2)              98.424
8191       (1 0 2 3 2 1 2)              98.422
8192       (1 0 2 3 1 1 1)              98.423
8193       (1 0 0 0 2 2 1)              98.423
8194       (1 0 3 1 2 1 2)              98.423
8195       (1 0 1 2 1 1 1)              98.423
8196       (1 0 3 1 2 1 2)              98.423
8197       (1 0 2 3 2 1 2)              98.424
8198       (1 0 1 2 1 1 1)              98.424
8199       (1 0 0 0 2 2 1)              98.424
8200       (1 0 0 0 0 0 0)              98.421
8201       (1 0 1 2 1 1 1)              98.421
8202       (1 0 2 3 2 1 2)              98.421
8203       (1 0 1 2 0 0 1)              98.421
8204       (1 0 0 0 1 2 1)              98.421
8205       (1 0 1 2 0 2 1)              98.415
8206       (1 0 1 2 0 0 1)              98.415
8207       (1 0 2 3 2 1 2)              98.415
8208       (1 0 1 2 1 1 1)              98.415
8209       (1 0 2 3 2 1 2)              98.415
8210       (1 0 2 3 2 1 2)              98.416
8211       (1 0 2 3 2 1 2)              98.416
8212       (1 0 2 3 2 1 2)              98.416
8213       (1 0 3 1 2 1 2)              98.416
8214       (1 0 2 3 2 1 2)              98.416
8215       (1 0 1 2 1 1 1)              98.417
8216       (1 0 1 2 1 2 1)              98.417
8217       (1 0 3 1 2 1 2)              98.417
8218       (1 0 0 0 1 2 0)              98.417
8219       (1 0 3 1 1 1 1)              98.417
8220       (1 0 2 3 2 1 1)              98.416
8221       (1 0 3 1 2 1 2)              98.416
8222       (1 0 3 1 2 1 2)              98.414
8223       (1 0 2 3 2 1 2)              98.415
8224       (1 0 2 3 2 1 2)              98.415
8225       (1 0 2 3 2 1 2)              98.415
8226       (1 0 1 2 1 1 1)              98.415
8227       (1 0 0 0 1 2 1)              98.415
8228       (1 0 2 3 2 1 2)              98.416
8229       (1 0 3 1 2 1 2)              98.416
8230       (1 0 2 3 2 1 1)              98.416
8231       (1 0 2 3 2 1 1)              98.416
8232       (1 0 3 1 1 1 1)              98.415
8233       (1 0 2 3 1 2 1)              98.413
8234       (1 0 2 3 1 2 1)              98.413
8235       (1 0 3 1 2 1 2)              98.412
8236       (1 0 2 3 2 1 2)              98.412
8237       (1 0 3 1 2 1 2)              98.412
8238       (1 0 2 3 2 1 2)              98.412
8239       (1 0 2 3 2 1 2)              98.413
8240       (1 0 3 1 2 1 2)              98.413
8241       (1 0 1 2 1 1 1)              98.413
8242       (1 0 2 3 1 2 0)              98.413
8243       (1 0 2 3 2 1 2)              98.413
8244       (1 0 3 1 2 1 2)              98.413
8245       (1 0 3 1 2 1 2)              98.412
8246       (1 0 1 2 1 1 1)              98.412
8247       (1 0 2 3 2 1 1)              98.412
8248       (1 0 2 0 0 0 0)              98.411
8249       (1 0 3 1 1 2 1)              98.411
8250       (1 0 1 2 1 1 1)              98.411
8251       (1 0 1 2 1 1 1)              98.411
8252       (1 0 2 3 2 1 2)              98.412
8253       (1 0 2 3 2 1 2)              98.412
8254       (1 0 2 3 2 1 2)              98.412
8255       (1 0 1 2 1 1 1)              98.412
8256       (1 0 2 3 2 1 2)              98.412
8257       (1 0 2 3 2 1 2)              98.413
8258       (1 0 3 1 2 1 2)              98.411
8259       (1 0 1 2 1 1 1)              98.411
8260       (1 0 2 3 1 1 1)              98.408
8261       (1 0 2 3 2 1 1)              98.408
8262       (1 0 2 3 1 2 1)              98.408
8263       (1 0 1 2 1 1 1)              98.408
8264       (1 0 3 1 2 1 2)              98.409
8265       (1 0 2 3 2 1 2)              98.409
8266       (1 0 2 3 2 1 2)              98.406
8267       (1 0 1 2 1 1 1)              98.406
8268       (1 0 3 1 2 1 1)              98.406
8269       (1 0 1 2 1 1 1)              98.406
8270       (1 0 3 1 1 1 1)              98.406
8271       (1 0 3 1 1 1 1)              98.407
8272       (1 0 3 1 2 1 2)              98.407
8273       (1 0 1 2 1 2 1)              98.405
8274       (1 0 2 3 2 1 2)              98.405
8275       (1 0 2 3 2 1 2)              98.406
8276       (1 0 2 3 2 1 2)              98.406
8277       (1 0 2 3 1 2 1)              98.406
8278       (1 0 2 3 2 1 2)              98.406
8279       (1 0 2 3 2 1 2)              98.406
8280       (1 0 3 1 2 1 2)              98.407
8281       (1 0 2 3 2 1 2)              98.407
8282       (1 0 3 1 2 1 1)              98.407
8283       (1 0 2 3 2 1 2)              98.407
8284       (1 0 2 3 1 2 1)              98.407
8285       (1 0 3 1 2 1 2)              98.408
8286       (1 0 1 2 1 1 1)              98.408
8287       (1 0 1 2 1 1 1)              98.408
8288       (1 0 1 2 1 1 1)              98.408
8289       (1 0 3 1 2 1 2)              98.408
8290       (1 0 1 2 1 1 1)              98.408
8291       (1 0 2 3 1 2 1)              98.409
8292       (1 0 2 3 2 1 2)              98.409
8293       (1 0 2 3 2 1 1)              98.409
8294       (1 0 2 3 2 1 2)              98.409
8295       (1 0 2 3 1 2 1)              98.408
8296       (1 0 3 1 1 1 1)              98.408
8297       (1 0 1 2 0 0 1)              98.408
8298       (1 0 1 2 1 1 1)              98.408
8299       (1 0 2 3 2 1 2)              98.408
8300       (1 0 1 2 1 2 1)              98.409
8301       (1 0 1 2 1 1 1)              98.409
8302       (1 0 2 3 2 1 2)              98.409
8303       (1 0 2 3 2 1 2)              98.409
8304       (1 0 1 2 1 2 1)              98.408
8305       (1 0 2 3 2 1 2)              98.408
8306       (1 0 1 2 1 1 1)              98.408
8307       (1 0 1 2 1 1 1)              98.408
8308       (1 0 1 2 1 1 1)              98.408
8309       (1 0 3 1 2 1 2)              98.409
8310       (1 0 2 3 1 2 1)              98.409
8311       (1 0 2 3 2 1 2)              98.409
8312       (1 0 2 3 1 2 1)              98.409
8313       (1 0 3 1 2 1 2)              98.409
8314       (1 0 2 3 2 1 2)              98.410
8315       (1 0 3 1 2 1 2)              98.410
8316       (1 0 2 3 2 1 2)              98.410
8317       (1 0 2 3 2 1 2)              98.410
8318       (1 0 2 3 2 1 2)              98.410
8319       (1 0 3 1 2 1 2)              98.411
8320       (1 0 1 2 1 1 1)              98.411
8321       (1 0 2 3 2 1 2)              98.411
8322       (1 0 2 3 1 2 1)              98.411
8323       (1 0 3 6 0 0 1)              98.410
8324       (1 0 2 3 2 1 2)              98.410
8325       (1 0 3 1 2 1 2)              98.410
8326       (1 0 3 1 2 1 1)              98.410
8327       (1 0 1 0 0 0 0)              98.405
8328       (1 0 1 1 0 0 1)              98.404
8329       (1 0 1 2 1 1 1)              98.404
8330       (1 0 2 3 2 1 1)              98.404
8331       (1 0 3 1 2 1 1)              98.404
8332       (1 0 1 2 1 1 1)              98.404
8333       (1 0 3 1 2 1 2)              98.405
8334       (1 0 2 3 1 2 1)              98.405
8335       (1 0 2 3 2 1 2)              98.405
8336       (1 0 2 3 2 1 2)              98.405
8337       (1 0 2 3 2 1 2)              98.405
8338       (1 0 2 3 2 1 2)              98.406
8339       (1 0 2 3 1 1 1)              98.402
8340       (1 0 3 1 2 1 2)              98.403
8341       (1 0 3 1 2 1 1)              98.403
8342       (1 0 2 3 2 1 2)              98.403
8343       (1 0 3 1 2 1 2)              98.403
8344       (1 0 2 3 1 1 1)              98.403
8345       (1 0 2 3 2 1 2)              98.404
8346       (1 0 2 3 2 1 2)              98.404
8347       (1 0 1 2 1 1 1)              98.404
8348       (1 0 3 1 2 1 2)              98.404
8349       (1 0 2 3 2 1 2)              98.404
8350       (1 0 3 1 2 1 2)              98.405
8351       (1 0 2 3 2 1 1)              98.405
8352       (1 0 2 3 2 1 2)              98.405
8353       (1 0 1 2 1 1 1)              98.405
8354       (1 0 2 3 2 1 2)              98.405
8355       (1 0 1 2 1 1 1)              98.405
8356       (1 0 2 3 1 1 1)              98.406
8357       (1 0 1 2 1 2 0)              98.406
8358       (1 0 3 1 2 1 2)              98.406
8359       (1 0 2 3 2 1 1)              98.405
8360       (1 0 2 3 2 1 2)              98.405
8361       (1 0 3 1 2 1 2)              98.405
8362       (1 0 3 1 2 1 1)              98.405
8363       (1 0 2 3 2 1 2)              98.405
8364       (1 0 1 2 1 1 1)              98.405
8365       (1 0 3 1 2 1 2)              98.404
8366       (1 0 1 2 1 1 1)              98.404
8367       (1 0 2 3 1 2 1)              98.404
8368       (1 0 2 3 2 1 2)              98.405
8369       (1 0 1 2 1 1 1)              98.405
8370       (1 0 2 3 1 2 1)              98.405
8371       (1 0 3 1 2 1 2)              98.405
8372       (1 0 1 2 1 1 1)              98.405
8373       (1 0 2 3 1 2 1)              98.404
8374       (1 0 3 1 2 1 2)              98.404
8375       (1 0 2 3 2 1 2)              98.404
8376       (1 0 2 3 1 2 1)              98.404
8377       (1 0 3 1 2 1 1)              98.405
8378       (1 0 3 1 2 1 2)              98.403
8379       (1 0 2 3 1 2 1)              98.403
8380       (1 0 3 1 2 1 2)              98.403
8381       (1 0 1 2 1 1 1)              98.404
8382       (1 0 1 2 1 1 1)              98.404
8383       (1 0 2 3 2 1 2)              98.404
8384       (1 0 3 1 2 1 2)              98.404
8385       (1 0 1 2 0 0 1)              98.404
8386       (1 0 3 1 2 1 1)              98.405
8387       (1 0 3 1 2 1 2)              98.405
8388       (1 0 1 2 1 1 1)              98.405
8389       (1 0 1 2 1 1 1)              98.405
8390       (1 0 2 3 2 1 2)              98.405
8391       (1 0 1 2 1 1 1)              98.405
8392       (1 0 1 2 1 2 1)              98.404
8393       (1 0 2 3 2 1 2)              98.404
8394       (1 0 1 2 1 1 1)              98.404
8395       (1 0 2 3 2 1 2)              98.405
8396       (1 0 2 3 2 1 2)              98.405
8397       (1 0 1 2 0 0 1)              98.405
8398       (1 0 3 1 2 1 2)              98.405
8399       (1 0 1 2 1 1 1)              98.405
8400       (1 0 2 3 1 2 1)              98.405
8401       (1 0 1 2 1 2 1)              98.406
8402       (1 0 2 3 2 1 2)              98.406
8403       (1 0 2 3 2 1 2)              98.406
8404       (1 0 3 1 2 1 2)              98.406
8405       (1 0 2 3 1 1 1)              98.405
8406       (1 0 2 3 2 1 2)              98.405
8407       (1 0 2 3 2 1 2)              98.405
8408       (1 0 2 3 2 1 2)              98.405
8409       (1 0 3 1 2 1 2)              98.406
8410       (1 0 3 1 2 1 2)              98.406
8411       (1 0 3 1 2 1 1)              98.406
8412       (1 0 1 2 1 1 1)              98.406
8413       (1 0 3 1 2 1 1)              98.406
8414       (1 0 1 2 1 1 1)              98.406
8415       (1 0 2 3 2 1 2)              98.407
8416       (1 0 2 3 2 1 2)              98.407
8417       (1 0 2 3 2 1 2)              98.407
8418       (1 0 3 1 2 1 2)              98.406
8419       (1 0 2 3 2 1 2)              98.406
8420       (1 0 1 2 0 0 1)              98.406
8421       (1 0 2 3 2 1 2)              98.406
8422       (1 0 2 3 2 1 2)              98.406
8423       (1 0 2 3 1 2 1)              98.406
8424       (1 0 2 3 2 1 2)              98.407
8425       (1 0 2 3 2 1 2)              98.407
8426       (1 0 1 2 1 1 1)              98.407
8427       (1 0 2 3 2 1 2)              98.407
8428       (1 0 2 3 2 1 2)              98.407
8429       (1 0 2 3 2 1 2)              98.408
8430       (1 0 3 1 2 1 2)              98.408
8431       (1 0 2 3 2 1 2)              98.408
8432       (1 0 1 2 1 2 1)              98.408
8433       (1 0 3 1 2 1 2)              98.408
8434       (1 0 3 1 2 1 2)              98.409
8435       (1 0 2 3 2 1 2)              98.409
8436       (1 0 2 3 2 1 2)              98.409
8437       (1 0 2 3 2 1 2)              98.409
8438       (1 0 3 1 2 1 2)              98.409
8439       (1 0 2 3 2 1 2)              98.409
8440       (1 0 3 1 2 1 2)              98.410
8441       (1 0 1 2 1 1 1)              98.410
8442       (1 0 1 2 1 1 1)              98.410
8443       (1 0 3 1 2 1 2)              98.410
8444       (1 0 2 3 2 1 2)              98.410
8445       (1 0 3 1 2 1 2)              98.411
8446       (1 0 2 3 2 1 2)              98.411
8447       (1 0 2 3 2 1 2)              98.411
8448       (1 0 2 3 1 1 1)              98.411
8449       (1 0 2 3 2 1 2)              98.411
8450       (1 0 2 3 2 1 2)              98.412
8451       (1 0 1 2 1 2 0)              98.412
8452       (1 0 3 1 2 1 2)              98.410
8453       (1 0 2 3 2 1 2)              98.410
8454       (1 0 3 1 2 1 2)              98.411
8455       (1 0 3 1 2 1 2)              98.411
8456       (1 0 3 1 1 1 1)              98.411
8457       (1 0 3 1 2 1 2)              98.411
8458       (1 0 2 3 1 1 1)              98.411
8459       (1 0 2 3 1 1 1)              98.412
8460       (1 0 2 3 2 1 2)              98.412
8461       (1 0 2 3 2 1 2)              98.412
8462       (1 0 2 3 2 1 2)              98.412
8463       (1 0 1 2 1 1 1)              98.412
8464       (1 0 2 3 2 1 2)              98.413
8465       (1 0 2 3 2 1 2)              98.413
8466       (1 0 0 0 1 0 1)              98.413
8467       (1 0 3 1 2 1 2)              98.413
8468       (1 0 2 3 2 1 2)              98.413
8469       (1 0 2 3 2 1 2)              98.413
8470       (1 0 2 3 2 1 2)              98.414
8471       (1 0 3 1 2 1 2)              98.414
8472       (1 0 3 1 2 1 2)              98.414
8473       (1 0 3 1 1 1 1)              98.414
8474       (1 0 1 2 1 1 1)              98.414
8475       (1 0 1 2 1 1 1)              98.415
8476       (1 0 3 1 2 1 2)              98.415
8477       (1 0 3 1 2 1 1)              98.415
8478       (1 0 2 3 2 1 2)              98.415
8479       (1 0 1 2 1 1 1)              98.415
8480       (1 0 1 2 1 1 1)              98.416
8481       (1 0 1 2 1 1 1)              98.416
8482       (1 0 2 3 2 1 2)              98.416
8483       (1 0 2 3 2 1 2)              98.416
8484       (1 0 2 3 2 1 2)              98.416
8485       (1 0 2 3 2 1 2)              98.416
8486       (1 0 2 3 2 1 2)              98.417
8487       (1 0 0 0 1 2 0)              98.417
8488       (1 0 2 3 2 1 2)              98.417
8489       (1 0 0 0 2 2 1)              98.417
8490       (1 0 2 3 1 0 1)              98.416
8491       (1 0 3 1 2 1 2)              98.414
8492       (1 0 2 3 2 1 2)              98.414
8493       (1 0 3 1 2 1 1)              98.413
8494       (1 0 1 2 1 1 1)              98.413
8495       (1 0 1 2 1 1 1)              98.413
8496       (1 0 1 2 1 2 1)              98.412
8497       (1 0 3 1 2 1 2)              98.412
8498       (1 0 3 1 2 1 2)              98.412
8499       (1 0 1 2 1 1 1)              98.412
8500       (1 0 2 3 2 1 2)              98.413
8501       (1 0 2 3 2 1 1)              98.413
8502       (1 0 3 1 2 1 2)              98.411
8503       (1 0 1 2 1 1 1)              98.411
8504       (1 0 2 3 2 1 2)              98.412
8505       (1 0 2 3 2 1 2)              98.412
8506       (1 0 2 3 2 1 2)              98.412
8507       (1 0 3 1 2 1 2)              98.412
8508       (1 0 1 2 1 1 1)              98.412
8509       (1 0 1 2 1 1 1)              98.413
8510       (1 0 2 3 2 1 1)              98.413
8511       (1 0 1 2 1 2 0)              98.413
8512       (1 0 1 2 1 1 1)              98.413
8513       (1 0 2 3 2 1 2)              98.413
8514       (1 0 1 2 1 1 1)              98.413
8515       (1 0 2 3 2 1 2)              98.414
8516       (1 0 2 3 2 1 2)              98.414
8517       (1 0 2 3 2 1 2)              98.414
8518       (1 0 2 3 2 1 2)              98.414
8519       (1 0 2 3 2 1 2)              98.414
8520       (1 0 3 1 2 1 2)              98.413
8521       (1 0 2 3 2 1 2)              98.413
8522       (1 0 3 1 2 1 2)              98.413
8523       (1 0 1 2 1 1 1)              98.413
8524       (1 0 2 3 2 1 2)              98.414
8525       (1 0 0 0 1 0 1)              98.414
8526       (1 0 1 2 1 1 1)              98.414
8527       (1 0 3 1 2 1 2)              98.414
8528       (1 0 2 3 2 1 2)              98.414
8529       (1 0 3 1 2 1 2)              98.415
8530       (1 0 2 3 2 2 1)              98.415
8531       (1 0 3 1 2 1 2)              98.415
8532       (1 0 2 3 2 1 2)              98.415
8533       (1 0 2 3 2 1 2)              98.415
8534       (1 0 1 2 1 1 1)              98.415
8535       (1 0 2 3 2 1 2)              98.416
8536       (1 0 3 1 2 1 1)              98.416
8537       (1 0 2 3 2 1 2)              98.416
8538       (1 0 3 1 2 1 2)              98.416
8539       (1 0 2 3 2 1 2)              98.416
8540       (1 0 0 0 2 2 1)              98.417
8541       (1 0 2 3 2 1 1)              98.417
8542       (1 0 3 1 2 1 2)              98.415
8543       (1 0 1 2 1 1 1)              98.415
8544       (1 0 0 0 2 2 1)              98.416
8545       (1 0 2 3 2 1 2)              98.416
8546       (1 0 3 1 2 1 2)              98.416
8547       (1 0 2 3 1 1 1)              98.416
8548       (1 0 2 3 2 1 2)              98.416
8549       (1 0 1 2 1 1 1)              98.417
8550       (1 0 2 3 1 2 1)              98.417
8551       (1 0 2 3 2 1 2)              98.417
8552       (1 0 2 3 2 1 2)              98.417
8553       (1 0 1 2 1 1 1)              98.417
8554       (1 0 1 2 1 1 1)              98.418
8555       (1 0 1 2 1 1 1)              98.418
8556       (1 0 3 1 2 1 2)              98.416
8557       (1 0 1 2 1 1 1)              98.416
8558       (1 0 3 1 2 1 2)              98.417
8559       (1 0 2 3 2 1 2)              98.417
8560       (1 0 1 2 1 2 0)              98.417
8561       (1 0 1 2 1 2 1)              98.417
8562       (1 0 2 3 1 2 1)              98.417
8563       (1 0 3 1 2 1 2)              98.418
8564       (1 0 1 2 1 1 1)              98.418
8565       (1 0 2 3 1 1 1)              98.418
8566       (1 0 2 3 2 1 2)              98.418
8567       (1 0 3 1 1 1 1)              98.418
8568       (1 0 2 3 2 1 2)              98.418
8569       (1 0 3 1 2 1 2)              98.419
8570       (1 0 1 2 2 2 1)              98.419
8571       (1 0 1 2 1 1 1)              98.419
8572       (1 0 2 3 1 2 1)              98.419
8573       (1 0 2 3 2 1 2)              98.419
8574       (1 0 3 1 2 1 2)              98.420
8575       (1 0 3 1 1 1 1)              98.420
8576       (1 0 1 2 1 1 1)              98.420
8577       (1 0 2 3 1 1 1)              98.420
8578       (1 0 3 1 2 1 2)              98.420
8579       (1 0 2 3 2 1 2)              98.420
8580       (1 0 2 3 1 2 1)              98.421
8581       (1 0 2 3 2 1 1)              98.421
8582       (1 0 3 1 2 1 2)              98.421
8583       (1 0 2 3 2 1 1)              98.421
8584       (1 0 2 3 2 1 2)              98.421
8585       (1 0 1 1 0 0 1)              98.418
8586       (1 0 1 2 1 1 1)              98.418
8587       (1 0 2 3 1 1 1)              98.419
8588       (1 0 1 2 1 1 1)              98.419
8589       (1 0 2 3 2 1 2)              98.419
8590       (1 0 2 3 2 1 2)              98.419
8591       (1 0 3 1 2 1 2)              98.419
8592       (1 0 2 3 2 1 2)              98.420
8593       (1 0 2 3 2 1 2)              98.420
8594       (1 0 2 3 2 1 2)              98.420
8595       (1 0 2 3 2 1 2)              98.420
8596       (1 0 2 3 2 1 2)              98.420
8597       (1 0 3 1 2 1 2)              98.420
8598       (1 0 2 3 2 1 2)              98.421
8599       (1 0 3 1 2 1 2)              98.421
8600       (1 0 2 3 2 1 1)              98.421
8601       (1 0 2 3 2 1 2)              98.421
8602       (1 0 2 3 2 1 2)              98.421
8603       (1 0 1 2 1 0 1)              98.420
8604       (1 0 2 3 2 1 2)              98.417
8605       (1 0 1 2 1 1 1)              98.417
8606       (1 0 2 3 2 1 2)              98.417
8607       (1 0 2 3 2 1 2)              98.417
8608       (1 0 1 2 1 1 1)              98.418
8609       (1 0 1 2 1 1 1)              98.418
8610       (1 0 2 3 2 1 2)              98.418
8611       (1 0 2 3 1 2 1)              98.418
8612       (1 0 2 3 2 1 1)              98.418
8613       (1 0 3 1 1 1 1)              98.418
8614       (1 0 1 2 1 1 1)              98.419
8615       (1 0 3 1 2 1 2)              98.417
8616       (1 0 3 1 2 1 2)              98.417
8617       (1 0 3 1 2 1 2)              98.416
8618       (1 0 2 3 2 1 2)              98.416
8619       (1 0 1 2 1 1 1)              98.416
8620       (1 0 2 3 2 1 2)              98.416
8621       (1 0 2 3 2 1 2)              98.417
8622       (1 0 1 2 0 2 1)              98.412
8623       (1 0 2 3 2 1 1)              98.412
8624       (1 0 1 2 1 1 1)              98.412
8625       (1 0 2 3 2 1 2)              98.412
8626       (1 0 2 3 1 1 1)              98.413
8627       (1 0 2 3 1 1 1)              98.413
8628       (1 0 2 3 2 1 2)              98.413
8629       (1 0 1 2 1 2 0)              98.411
8630       (1 0 2 3 2 1 2)              98.412
8631       (1 0 1 2 1 1 1)              98.412
8632       (1 0 2 3 2 1 2)              98.412
8633       (1 0 3 1 2 1 2)              98.412
8634       (1 0 1 2 1 1 1)              98.412
8635       (1 0 3 1 2 1 2)              98.413
8636       (1 0 2 3 2 1 2)              98.413
8637       (1 0 3 1 2 1 2)              98.413
8638       (1 0 2 3 2 1 2)              98.413
8639       (1 0 2 3 2 1 2)              98.413
8640       (1 0 1 2 1 1 1)              98.413
8641       (1 0 2 3 2 1 1)              98.414
8642       (1 0 3 1 2 1 2)              98.414
8643       (1 0 0 0 1 2 0)              98.414
8644       (1 0 2 3 1 1 1)              98.414
8645       (1 0 2 3 2 1 2)              98.414
8646       (1 0 2 3 2 1 2)              98.415
8647       (1 0 3 1 2 1 1)              98.415
8648       (1 0 2 3 2 1 2)              98.415
8649       (1 0 3 1 2 1 2)              98.415
8650       (1 0 2 3 2 1 2)              98.415
8651       (1 0 1 2 1 2 0)              98.415
8652       (1 0 3 1 2 1 2)              98.416
8653       (1 0 1 2 0 0 1)              98.416
8654       (1 0 3 1 2 1 2)              98.416
8655       (1 0 0 0 1 2 1)              98.416
8656       (1 0 3 1 2 1 2)              98.416
8657       (1 0 1 2 1 1 1)              98.417
8658       (1 0 2 3 2 1 2)              98.417
8659       (1 0 3 1 2 1 2)              98.417
8660       (1 0 3 1 2 1 2)              98.417
8661       (1 0 3 1 2 1 2)              98.417
8662       (1 0 2 3 2 1 2)              98.417
8663       (1 0 1 2 1 1 1)              98.418
8664       (1 0 3 1 2 1 2)              98.418
8665       (1 0 2 3 2 1 2)              98.416
8666       (1 0 1 2 1 1 1)              98.417
8667       (1 0 1 2 1 2 1)              98.417
8668       (1 0 2 3 2 1 1)              98.417
8669       (1 0 1 2 1 1 1)              98.417
8670       (1 0 2 3 1 0 1)              98.417
8671       (1 0 2 3 2 1 2)              98.417
8672       (1 0 2 3 1 2 1)              98.418
8673       (1 0 2 3 2 1 2)              98.418
8674       (1 0 3 1 2 1 2)              98.418
8675       (1 0 3 1 2 1 2)              98.418
8676       (1 0 2 3 1 1 1)              98.418
8677       (1 0 2 3 2 1 2)              98.419
8678       (1 0 2 3 2 1 2)              98.419
8679       (1 0 3 1 2 1 2)              98.419
8680       (1 0 2 3 2 1 2)              98.419
8681       (1 0 1 2 1 1 1)              98.419
8682       (1 0 2 3 1 1 1)              98.419
8683       (1 0 0 0 0 2 0)              98.420
8684       (1 0 3 1 2 1 2)              98.420
8685       (1 0 2 3 1 1 1)              98.420
8686       (1 0 3 1 2 1 1)              98.420
8687       (1 0 2 3 2 1 2)              98.420
8688       (1 0 1 2 1 1 1)              98.421
8689       (1 0 2 3 2 1 2)              98.421
8690       (1 0 2 3 2 1 2)              98.421
8691       (1 0 1 2 1 1 1)              98.421
8692       (1 0 3 1 2 1 2)              98.421
8693       (1 0 2 3 2 1 2)              98.421
8694       (1 0 3 1 2 1 2)              98.422
8695       (1 0 3 1 2 1 2)              98.422
8696       (1 0 1 2 1 1 1)              98.422
8697       (1 0 2 3 2 1 2)              98.422
8698       (1 0 2 3 1 2 1)              98.422
8699       (1 0 3 1 2 1 2)              98.421
8700       (1 0 2 3 1 1 1)              98.421
8701       (1 0 1 2 1 1 1)              98.421
8702       (1 0 2 3 2 1 2)              98.421
8703       (1 0 2 3 2 2 1)              98.422
8704       (1 0 2 3 2 1 2)              98.422
8705       (1 0 1 2 1 2 1)              98.422
8706       (1 0 3 1 2 1 2)              98.422
8707       (1 0 1 2 1 1 1)              98.422
8708       (1 0 3 1 2 1 2)              98.423
8709       (1 0 2 3 1 1 1)              98.423
8710       (1 0 2 3 2 1 2)              98.423
8711       (1 0 2 3 2 1 2)              98.423
8712       (1 0 0 0 1 2 0)              98.423
8713       (1 0 3 1 2 1 2)              98.422
8714       (1 0 2 3 2 1 2)              98.422
8715       (1 0 2 3 2 1 2)              98.422
8716       (1 0 2 3 2 1 2)              98.422
8717       (1 0 2 3 2 1 2)              98.419
8718       (1 0 3 1 2 1 2)              98.419
8719       (1 0 1 2 1 1 1)              98.420
8720       (1 0 2 3 2 1 2)              98.420
8721       (1 0 1 2 1 1 1)              98.420
8722       (1 0 2 3 1 2 1)              98.420
8723       (1 0 3 1 2 1 2)              98.419
8724       (1 0 3 1 2 1 2)              98.419
8725       (1 0 2 3 1 2 1)              98.419
8726       (1 0 2 3 2 1 2)              98.419
8727       (1 0 1 2 1 2 1)              98.418
8728       (1 0 2 3 2 1 1)              98.418
8729       (1 0 3 1 2 1 2)              98.417
8730       (1 0 2 3 2 1 2)              98.417
8731       (1 0 2 3 2 1 2)              98.417
8732       (1 0 2 3 2 1 2)              98.417
8733       (1 0 1 2 1 1 1)              98.417
8734       (1 0 3 1 2 1 1)              98.417
8735       (1 0 2 3 2 1 2)              98.418
8736       (1 0 2 3 2 1 2)              98.416
8737       (1 0 3 1 2 1 2)              98.416
8738       (1 0 2 3 2 1 2)              98.417
8739       (1 0 2 3 2 1 2)              98.417
8740       (1 0 3 1 2 1 2)              98.417
8741       (1 0 2 3 2 1 2)              98.417
8742       (1 0 3 1 2 1 2)              98.417
8743       (1 0 2 3 2 1 2)              98.416
8744       (1 0 3 1 2 1 2)              98.416
8745       (1 0 2 3 2 1 2)              98.416
8746       (1 0 2 3 2 1 1)              98.416
8747       (1 0 2 3 2 1 2)              98.417
8748       (1 0 1 2 1 1 1)              98.417
8749       (1 0 1 2 1 1 1)              98.417
8750       (1 0 2 3 2 1 2)              98.417
8751       (1 0 2 3 2 1 2)              98.417
8752       (1 0 2 3 2 1 1)              98.417
8753       (1 0 1 2 1 1 1)              98.418
8754       (1 0 2 3 1 1 1)              98.418
8755       (1 0 2 3 1 2 1)              98.418
8756       (1 0 2 3 2 1 1)              98.418
8757       (1 0 3 1 2 1 2)              98.418
8758       (1 0 2 3 1 2 1)              98.419
8759       (1 0 2 3 2 1 2)              98.419
8760       (1 0 2 3 2 1 2)              98.419
8761       (1 0 1 2 1 1 1)              98.419
8762       (1 0 2 3 2 1 2)              98.419
8763       (1 0 1 2 1 1 1)              98.419
8764       (1 0 1 2 1 1 1)              98.420
8765       (1 0 3 1 2 1 2)              98.420
8766       (1 0 3 1 2 1 2)              98.420
8767       (1 0 3 1 2 1 2)              98.420
8768       (1 0 2 3 2 1 2)              98.420
8769       (1 0 3 1 2 1 1)              98.421
8770       (1 0 1 2 1 1 1)              98.421
8771       (1 0 2 3 2 1 2)              98.421
8772       (1 0 2 3 2 1 2)              98.421
8773       (1 0 3 1 2 1 1)              98.420
8774       (1 0 3 1 2 1 2)              98.420
8775       (1 0 3 1 2 1 2)              98.420
8776       (1 0 2 3 2 1 2)              98.420
8777       (1 0 2 3 2 1 2)              98.420
8778       (1 0 2 3 2 1 2)              98.420
8779       (1 0 3 1 2 1 2)              98.421
8780       (1 0 3 1 2 1 2)              98.421
8781       (1 0 3 1 2 1 2)              98.421
8782       (1 0 2 3 2 1 2)              98.421
8783       (1 0 2 3 1 2 1)              98.421
8784       (1 0 3 1 2 1 2)              98.422
8785       (1 0 1 2 1 1 1)              98.422
8786       (1 0 2 3 2 1 1)              98.422
8787       (1 0 3 1 2 1 2)              98.422
8788       (1 0 3 1 2 1 2)              98.422
8789       (1 0 1 2 1 1 1)              98.422
8790       (1 0 2 3 1 1 1)              98.421
8791       (1 0 3 1 2 1 1)              98.421
8792       (1 0 2 3 2 1 1)              98.421
8793       (1 0 1 2 2 2 1)              98.422
8794       (1 0 1 2 1 1 1)              98.422
8795       (1 0 3 1 2 1 2)              98.422
8796       (1 0 2 3 2 1 2)              98.422
8797       (1 0 2 3 2 1 2)              98.422
8798       (1 0 3 1 2 1 2)              98.422
8799       (1 0 3 1 2 1 2)              98.423
8800       (1 0 2 3 2 1 2)              98.423
8801       (1 0 2 3 1 0 2)              98.423
8802       (1 0 2 3 1 2 1)              98.423
8803       (1 0 1 2 1 1 1)              98.423
8804       (1 0 2 3 2 1 2)              98.422
8805       (1 0 1 2 1 1 1)              98.422
8806       (1 0 2 3 2 1 2)              98.422
8807       (1 0 1 2 1 1 1)              98.422
8808       (1 0 2 3 2 2 1)              98.423
8809       (1 0 2 3 2 1 2)              98.423
8810       (1 0 2 3 1 1 1)              98.423
8811       (1 0 2 3 2 1 1)              98.423
8812       (1 0 3 1 2 1 2)              98.423
8813       (1 0 3 1 2 1 2)              98.424
8814       (1 0 2 3 2 1 2)              98.424
8815       (1 0 2 3 2 1 2)              98.424
8816       (1 0 2 3 1 2 1)              98.424
8817       (1 0 1 2 1 1 1)              98.424
8818       (1 0 1 2 1 1 1)              98.424
8819       (1 0 2 3 2 1 2)              98.425
8820       (1 0 1 2 1 1 1)              98.425
8821       (1 0 2 3 2 1 2)              98.425
8822       (1 0 2 3 2 1 2)              98.425
8823       (1 0 3 1 2 1 2)              98.424
8824       (1 0 2 3 2 1 1)              98.422
8825       (1 0 3 1 2 1 2)              98.422
8826       (1 0 2 3 1 2 1)              98.423
8827       (1 0 3 1 2 1 2)              98.421
8828       (1 0 3 1 2 1 2)              98.420
8829       (1 0 3 1 2 1 2)              98.418
8830       (1 0 2 3 1 2 1)              98.418
8831       (1 0 3 1 2 1 2)              98.419
8832       (1 0 3 1 2 1 2)              98.419
8833       (1 0 3 1 2 1 2)              98.419
8834       (1 0 1 2 1 1 1)              98.419
8835       (1 0 2 3 2 1 1)              98.418
8836       (1 0 3 1 2 1 2)              98.418
8837       (1 0 2 3 2 1 2)              98.418
8838       (1 0 2 3 2 1 2)              98.418
8839       (1 0 2 3 2 1 2)              98.418
8840       (1 0 2 3 2 1 2)              98.419
8841       (1 0 2 3 2 1 2)              98.419
8842       (1 0 2 3 2 1 1)              98.419
8843       (1 0 2 3 1 2 1)              98.419
8844       (1 0 2 3 2 1 2)              98.419
8845       (1 0 1 2 1 1 1)              98.420
8846       (1 0 2 3 1 2 0)              98.420
8847       (1 0 1 2 1 1 1)              98.420
8848       (1 0 1 2 1 1 1)              98.420
8849       (1 0 2 3 2 1 2)              98.420
8850       (1 0 1 2 1 1 1)              98.420
8851       (1 0 3 1 2 1 2)              98.419
8852       (1 0 1 2 1 1 1)              98.419
8853       (1 0 1 2 0 0 1)              98.419
8854       (1 0 1 2 1 1 1)              98.420
8855       (1 0 1 2 1 1 1)              98.420
8856       (1 0 2 3 2 1 2)              98.420
8857       (1 0 1 2 1 1 1)              98.420
8858       (1 0 2 3 1 2 1)              98.420
8859       (1 0 3 1 2 1 2)              98.419
8860       (1 0 1 2 1 1 1)              98.419
8861       (1 0 3 1 2 1 2)              98.419
8862       (1 0 2 3 2 1 1)              98.418
8863       (1 0 2 3 2 1 2)              98.418
8864       (1 0 2 3 2 1 2)              98.418
8865       (1 0 2 3 1 1 1)              98.418
8866       (1 0 2 3 1 2 1)              98.418
8867       (1 0 2 3 2 1 2)              98.419
8868       (1 0 1 2 1 1 1)              98.419
8869       (1 0 2 3 2 1 2)              98.419
8870       (1 0 2 3 2 1 2)              98.419
8871       (1 0 1 2 1 2 1)              98.419
8872       (1 0 1 2 1 1 1)              98.420
8873       (1 0 3 1 2 1 2)              98.420
8874       (1 0 2 3 2 1 2)              98.420
8875       (1 0 1 2 1 1 1)              98.420
8876       (1 0 3 1 1 1 1)              98.420
8877       (1 0 1 2 1 2 1)              98.419
8878       (1 0 1 2 1 1 1)              98.419
8879       (1 0 1 2 2 2 1)              98.419
8880       (1 0 0 0 2 2 1)              98.419
8881       (1 0 3 1 2 1 2)              98.420
8882       (1 0 3 1 2 1 2)              98.420
8883       (1 0 2 3 2 1 2)              98.420
8884       (1 0 2 3 1 1 1)              98.420
8885       (1 0 2 3 2 1 2)              98.420
8886       (1 0 3 1 2 1 2)              98.420
8887       (1 0 2 3 2 1 2)              98.421
8888       (1 0 2 3 2 1 2)              98.421
8889       (1 0 3 1 2 1 2)              98.421
8890       (1 0 2 3 2 1 2)              98.421
8891       (1 0 0 0 0 0 0)              98.418
8892       (1 0 2 3 1 2 0)              98.417
8893       (1 0 2 3 2 1 2)              98.417
8894       (1 0 2 3 2 1 2)              98.417
8895       (1 0 2 3 2 1 2)              98.417
8896       (1 0 1 2 1 2 1)              98.416
8897       (1 0 3 1 2 1 2)              98.414
8898       (1 0 1 2 1 1 1)              98.414
8899       (1 0 2 3 2 1 2)              98.415
8900       (1 0 2 3 2 1 2)              98.415
8901       (1 0 2 3 2 1 2)              98.415
8902       (1 0 3 1 2 1 1)              98.415
8903       (1 0 2 3 2 1 2)              98.415
8904       (1 0 2 3 2 1 2)              98.416
8905       (1 0 2 3 2 1 1)              98.416
8906       (1 0 2 3 1 2 1)              98.416
8907       (1 0 2 3 2 1 1)              98.416
8908       (1 0 3 1 2 1 2)              98.416
8909       (1 0 1 2 1 1 1)              98.416
8910       (1 0 2 3 2 1 2)              98.417
8911       (1 0 2 3 2 1 2)              98.417
8912       (1 0 2 3 2 1 2)              98.417
8913       (1 0 2 3 2 1 2)              98.417
8914       (1 0 2 3 2 1 2)              98.417
8915       (1 0 2 3 1 1 1)              98.418
8916       (1 0 2 3 1 2 1)              98.418
8917       (1 0 2 3 2 1 2)              98.418
8918       (1 0 3 1 2 1 2)              98.418
8919       (1 0 2 3 2 1 2)              98.418
8920       (1 0 1 2 1 1 1)              98.418
8921       (1 0 3 1 2 1 2)              98.419
8922       (1 0 2 3 2 1 2)              98.419
8923       (1 0 1 2 1 1 1)              98.419
8924       (1 0 1 2 1 2 0)              98.419
8925       (1 0 0 0 2 2 1)              98.419
8926       (1 0 2 3 2 1 1)              98.419
8927       (1 0 1 2 1 1 1)              98.420
8928       (1 0 3 1 2 1 1)              98.420
8929       (1 0 2 3 1 2 1)              98.420
8930       (1 0 2 3 2 1 1)              98.419
8931       (1 0 1 2 1 1 1)              98.419
8932       (1 0 1 2 0 0 1)              98.419
8933       (1 0 1 2 1 2 1)              98.419
8934       (1 0 2 3 2 1 1)              98.419
8935       (1 0 1 2 1 1 1)              98.418
8936       (1 0 1 2 1 1 1)              98.418
8937       (1 0 2 3 2 1 2)              98.418
8938       (1 0 3 1 2 1 2)              98.417
8939       (1 0 2 3 1 1 1)              98.415
8940       (1 0 2 3 2 1 2)              98.416
8941       (1 0 2 3 2 1 2)              98.416
8942       (1 0 1 2 1 1 1)              98.416
8943       (1 0 3 1 2 1 2)              98.416
8944       (1 0 1 2 1 1 1)              98.416
8945       (1 0 2 3 2 1 2)              98.416
8946       (1 0 1 2 1 1 1)              98.417
8947       (1 0 3 1 2 1 2)              98.417
8948       (1 0 1 2 1 1 1)              98.417
8949       (1 0 2 3 2 1 2)              98.417
8950       (1 0 2 3 2 1 2)              98.417
8951       (1 0 3 1 2 1 2)              98.417
8952       (1 0 1 2 1 1 1)              98.418
8953       (1 0 1 2 1 1 1)              98.418
8954       (1 0 1 2 1 1 1)              98.418
8955       (1 0 2 3 1 0 2)              98.418
8956       (1 0 2 3 2 1 2)              98.418
8957       (1 0 2 3 2 1 2)              98.419
8958       (1 0 2 3 1 1 1)              98.419
8959       (1 0 3 1 2 1 2)              98.417
8960       (1 0 1 6 1 0 1)              98.413
8961       (1 0 3 1 2 1 2)              98.413
8962       (1 0 1 2 1 1 1)              98.413
8963       (1 0 1 2 1 1 1)              98.413
8964       (1 0 1 2 1 2 1)              98.413
8965       (1 0 2 3 2 1 1)              98.414
8966       (1 0 3 1 2 1 2)              98.414
8967       (1 0 3 1 2 1 2)              98.414
8968       (1 0 2 3 2 1 2)              98.414
8969       (1 0 1 2 1 1 1)              98.414
8970       (1 0 2 3 2 1 2)              98.414
8971       (1 0 1 2 1 1 1)              98.415
8972       (1 0 2 3 2 1 2)              98.415
8973       (1 0 1 2 1 1 1)              98.415
8974       (1 0 1 2 1 1 1)              98.415
8975       (1 0 3 1 2 1 2)              98.415
8976       (1 0 3 1 2 1 2)              98.416
8977       (1 0 3 1 2 1 2)              98.416
8978       (1 0 2 3 2 1 2)              98.416
8979       (1 0 2 3 2 1 2)              98.416
8980       (1 0 2 3 2 1 2)              98.416
8981       (1 0 2 3 2 1 2)              98.416
8982       (1 0 3 1 2 1 2)              98.417
8983       (1 0 2 3 1 2 1)              98.417
8984       (1 0 2 3 2 1 2)              98.417
8985       (1 0 1 2 1 2 0)              98.417
8986       (1 0 1 2 1 2 1)              98.417
8987       (1 0 1 2 1 1 1)              98.417
8988       (1 0 2 3 2 1 2)              98.418
8989       (1 0 3 1 2 1 2)              98.418
8990       (1 0 2 3 1 2 1)              98.418
8991       (1 0 1 2 1 1 1)              98.418
8992       (1 0 3 1 1 1 1)              98.418
8993       (1 0 2 3 1 2 1)              98.419
8994       (1 0 2 3 1 1 1)              98.419
8995       (1 0 3 1 2 1 2)              98.419
8996       (1 0 1 2 1 1 1)              98.419
8997       (1 0 1 2 0 2 1)              98.414
8998       (1 0 1 2 1 1 1)              98.415
8999       (1 0 1 2 1 1 1)              98.415
9000       (1 0 2 3 2 1 2)              98.415
9001       (1 0 1 2 1 1 1)              98.415
9002       (1 0 2 3 2 1 2)              98.415
9003       (1 0 3 1 2 1 2)              98.416
9004       (1 0 2 3 2 1 2)              98.416
9005       (1 0 3 1 2 1 2)              98.414
9006       (1 0 1 2 1 1 1)              98.414
9007       (1 0 3 1 2 1 2)              98.415
9008       (1 0 2 3 1 2 0)              98.415
9009       (1 0 0 0 1 2 0)              98.415
9010       (1 0 1 2 1 1 1)              98.415
9011       (1 0 3 1 2 1 2)              98.415
9012       (1 0 1 2 1 1 1)              98.416
9013       (1 0 2 3 2 1 1)              98.414
9014       (1 0 2 3 2 1 1)              98.414
9015       (1 0 2 3 1 1 1)              98.413
9016       (1 0 2 3 2 1 2)              98.413
9017       (1 0 2 3 2 1 2)              98.413
9018       (1 0 1 2 1 1 1)              98.413
9019       (1 0 3 1 2 1 2)              98.414
9020       (1 0 3 1 2 1 2)              98.414
9021       (1 0 3 1 2 1 1)              98.412
9022       (1 0 1 2 1 1 1)              98.413
9023       (1 0 2 3 1 1 1)              98.413
9024       (1 0 2 3 2 1 2)              98.413
9025       (1 0 3 1 2 1 2)              98.413
9026       (1 0 1 2 1 1 1)              98.413
9027       (1 0 1 2 1 2 1)              98.413
9028       (1 0 1 2 1 1 1)              98.414
9029       (1 0 3 1 2 1 2)              98.414
9030       (1 0 0 0 1 2 0)              98.414
9031       (1 0 1 2 1 1 1)              98.414
9032       (1 0 3 1 2 1 2)              98.414
9033       (1 0 2 3 2 1 2)              98.414
9034       (1 0 1 2 1 1 1)              98.415
9035       (1 0 2 3 2 1 2)              98.415
9036       (1 0 1 2 1 1 1)              98.415
9037       (1 0 1 2 1 1 1)              98.415
9038       (1 0 3 1 2 1 2)              98.415
9039       (1 0 2 3 2 1 2)              98.416
9040       (1 0 3 1 2 1 2)              98.416
9041       (1 0 1 2 1 1 1)              98.416
9042       (1 0 2 3 2 1 2)              98.416
9043       (1 0 2 3 2 1 2)              98.416
9044       (1 0 1 2 1 1 1)              98.416
9045       (1 0 2 3 2 1 1)              98.417
9046       (1 0 3 1 2 1 2)              98.417
9047       (1 0 2 3 2 1 2)              98.417
9048       (1 0 2 3 2 1 2)              98.417
9049       (1 0 3 1 2 1 2)              98.417
9050       (1 0 1 2 1 1 1)              98.417
9051       (1 0 2 3 2 1 2)              98.418
9052       (1 0 2 3 2 1 2)              98.418
9053       (1 0 1 2 1 1 1)              98.418
9054       (1 0 3 1 2 1 2)              98.418
9055       (1 0 3 1 2 1 2)              98.418
9056       (1 0 3 1 2 1 2)              98.418
9057       (1 0 3 1 2 1 2)              98.419
9058       (1 0 3 1 2 1 2)              98.419
9059       (1 0 2 3 2 1 2)              98.419
9060       (1 0 3 1 2 1 2)              98.419
9061       (1 0 3 1 2 1 2)              98.419
9062       (1 0 1 2 1 1 1)              98.420
9063       (1 0 3 1 2 1 2)              98.420
9064       (1 0 1 2 1 1 1)              98.420
9065       (1 0 3 1 1 1 1)              98.417
9066       (1 0 2 3 2 1 2)              98.417
9067       (1 0 1 2 1 1 1)              98.417
9068       (1 0 1 2 1 1 1)              98.417
9069       (1 0 2 3 2 1 2)              98.418
9070       (1 0 3 1 2 1 1)              98.416
9071       (1 0 2 3 2 1 2)              98.416
9072       (1 0 1 2 1 1 1)              98.417
9073       (1 0 2 3 2 1 2)              98.417
9074       (1 0 2 3 1 2 1)              98.417
9075       (1 0 1 2 1 1 1)              98.417
9076       (1 0 2 3 1 1 1)              98.417
9077       (1 0 2 3 2 1 2)              98.417
9078       (1 0 1 2 1 1 1)              98.418
9079       (1 0 3 1 2 1 2)              98.418
9080       (1 0 2 3 2 1 2)              98.418
9081       (1 0 1 2 1 1 1)              98.418
9082       (1 0 3 1 2 1 2)              98.418
9083       (1 0 1 2 1 1 1)              98.418
9084       (1 0 1 2 1 1 1)              98.419
9085       (1 0 1 2 1 1 1)              98.419
9086       (1 0 1 2 2 2 1)              98.419
9087       (1 0 3 1 1 1 1)              98.419
9088       (1 0 3 1 2 1 2)              98.419
9089       (1 0 2 3 2 1 2)              98.420
9090       (1 0 3 1 2 1 1)              98.420
9091       (1 0 2 3 2 1 2)              98.420
9092       (1 0 3 1 2 1 1)              98.420
9093       (1 0 1 2 1 1 1)              98.420
9094       (1 0 2 3 1 1 1)              98.417
9095       (1 0 2 3 2 1 2)              98.417
9096       (1 0 2 3 1 2 1)              98.416
9097       (1 0 3 1 2 1 2)              98.416
9098       (1 0 1 2 1 1 1)              98.416
9099       (1 0 3 1 2 1 1)              98.417
9100       (1 0 2 3 2 1 2)              98.417
9101       (1 0 3 1 2 1 2)              98.417
9102       (1 0 2 3 2 2 1)              98.417
9103       (1 0 2 3 2 1 2)              98.417
9104       (1 0 2 3 1 1 1)              98.417
9105       (1 0 1 2 1 1 1)              98.418
9106       (1 0 0 0 1 2 0)              98.418
9107       (1 0 2 3 2 1 2)              98.418
9108       (1 0 2 3 2 1 2)              98.418
9109       (1 0 2 3 2 1 1)              98.418
9110       (1 0 2 3 1 1 1)              98.418
9111       (1 0 2 3 2 1 2)              98.419
9112       (1 0 3 1 2 1 1)              98.419
9113       (1 0 2 3 2 1 2)              98.419
9114       (1 0 3 1 2 1 2)              98.419
9115       (1 0 2 3 2 1 2)              98.419
9116       (1 0 2 3 1 2 1)              98.420
9117       (1 0 2 3 2 1 2)              98.420
9118       (1 0 2 3 2 1 2)              98.420
9119       (1 0 3 1 2 1 2)              98.420
9120       (1 0 0 0 1 2 0)              98.420
9121       (1 0 2 3 2 1 2)              98.420
9122       (1 0 2 3 2 1 2)              98.421
9123       (1 0 3 1 2 1 2)              98.421
9124       (1 0 2 3 1 2 1)              98.421
9125       (1 0 2 3 2 1 2)              98.421
9126       (1 0 2 3 1 1 1)              98.420
9127       (1 0 1 2 1 1 1)              98.420
9128       (1 0 2 3 2 1 2)              98.420
9129       (1 0 2 3 2 1 2)              98.420
9130       (1 0 2 3 2 1 2)              98.420
9131       (1 0 2 3 2 1 2)              98.421
9132       (1 0 2 3 2 1 2)              98.421
9133       (1 0 3 1 2 1 2)              98.419
9134       (1 0 3 1 0 0 0)              98.416
9135       (1 0 2 3 2 1 2)              98.417
9136       (1 0 2 3 2 1 2)              98.417
9137       (1 0 3 1 2 1 1)              98.417
9138       (1 0 2 3 2 1 2)              98.417
9139       (1 0 1 2 1 2 1)              98.417
9140       (1 0 3 1 2 1 2)              98.417
9141       (1 0 1 2 1 1 1)              98.418
9142       (1 0 2 3 2 1 2)              98.418
9143       (1 0 2 3 2 1 2)              98.418
9144       (1 0 2 3 2 1 2)              98.418
9145       (1 0 3 1 2 1 1)              98.417
9146       (1 0 3 1 2 1 2)              98.417
9147       (1 0 2 3 1 2 1)              98.417
9148       (1 0 2 3 2 1 2)              98.417
9149       (1 0 3 1 1 1 1)              98.417
9150       (1 0 3 1 2 1 2)              98.418
9151       (1 0 3 1 1 1 1)              98.418
9152       (1 0 2 3 2 1 2)              98.418
9153       (1 0 3 1 2 1 2)              98.418
9154       (1 0 2 3 2 1 2)              98.418
9155       (1 0 1 2 1 1 1)              98.418
9156       (1 0 1 2 1 1 1)              98.419
9157       (1 0 3 1 2 1 1)              98.419
9158       (1 0 2 3 2 1 1)              98.417
9159       (1 0 2 3 2 1 2)              98.418
9160       (1 0 1 2 1 1 1)              98.418
9161       (1 0 3 1 2 1 2)              98.418
9162       (1 0 3 1 2 1 2)              98.418
9163       (1 0 3 1 2 1 2)              98.418
9164       (1 0 3 1 1 1 1)              98.418
9165       (1 0 1 2 1 1 1)              98.419
9166       (1 0 3 1 1 1 1)              98.419
9167       (1 0 2 3 2 1 1)              98.419
9168       (1 0 3 1 2 1 1)              98.418
9169       (1 0 2 3 2 1 1)              98.418
9170       (1 0 2 3 2 1 2)              98.418
9171       (1 0 1 2 1 2 1)              98.418
9172       (1 0 1 2 1 1 1)              98.418
9173       (1 0 3 1 2 1 2)              98.418
9174       (1 0 2 3 2 1 2)              98.419
9175       (1 0 3 1 2 1 2)              98.419
9176       (1 0 2 3 2 1 2)              98.419
9177       (1 0 2 3 2 1 2)              98.419
9178       (1 0 2 3 1 2 1)              98.419
9179       (1 0 2 3 2 1 2)              98.419
9180       (1 0 2 3 2 1 1)              98.420
9181       (1 0 2 3 2 1 2)              98.420
9182       (1 0 3 1 2 1 2)              98.420
9183       (1 0 1 2 0 0 1)              98.420
9184       (1 0 1 2 1 1 1)              98.420
9185       (1 0 2 3 2 1 2)              98.420
9186       (1 0 1 2 1 1 1)              98.421
9187       (1 0 1 2 1 2 0)              98.421
9188       (1 0 2 3 2 1 2)              98.421
9189       (1 0 2 3 2 1 2)              98.421
9190       (1 0 1 2 1 1 1)              98.421
9191       (1 0 3 1 2 1 2)              98.422
9192       (1 0 3 1 2 1 1)              98.422
9193       (1 0 2 3 1 1 1)              98.422
9194       (1 0 2 3 2 1 2)              98.422
9195       (1 0 1 2 1 1 1)              98.422
9196       (1 0 2 3 2 1 2)              98.422
9197       (1 0 2 3 2 1 2)              98.423
9198       (1 0 1 2 1 1 1)              98.423
9199       (1 0 1 2 1 1 1)              98.423
9200       (1 0 2 3 1 1 1)              98.423
9201       (1 0 2 3 2 1 1)              98.423
9202       (1 0 1 2 1 1 1)              98.423
9203       (1 0 3 1 2 1 2)              98.424
9204       (1 0 3 1 2 1 2)              98.424
9205       (1 0 3 1 2 1 2)              98.424
9206       (1 0 2 3 2 1 2)              98.424
9207       (1 0 2 3 2 1 2)              98.424
9208       (1 0 3 1 2 1 2)              98.424
9209       (1 0 2 3 1 2 1)              98.425
9210       (1 0 2 3 1 2 1)              98.423
9211       (1 0 1 2 1 1 1)              98.423
9212       (1 0 1 2 1 1 1)              98.420
9213       (1 0 2 3 2 1 2)              98.418
9214       (1 0 2 3 1 2 1)              98.418
9215       (1 0 1 2 1 2 1)              98.416
9216       (1 0 2 3 2 1 2)              98.416
9217       (1 0 1 2 1 1 1)              98.417
9218       (1 0 2 3 2 1 2)              98.417
9219       (1 0 3 1 2 1 2)              98.417
9220       (1 0 3 1 2 1 2)              98.417
9221       (1 0 2 3 2 1 2)              98.417
9222       (1 0 3 1 2 1 2)              98.418
9223       (1 0 3 1 2 1 2)              98.418
9224       (1 0 3 1 2 1 1)              98.418
9225       (1 0 1 2 1 2 1)              98.418
9226       (1 0 1 2 1 1 1)              98.418
9227       (1 0 2 3 2 1 2)              98.418
9228       (1 0 3 1 2 1 1)              98.419
9229       (1 0 2 3 2 1 2)              98.419
9230       (1 0 2 3 2 1 2)              98.419
9231       (1 0 2 3 2 1 2)              98.419
9232       (1 0 2 3 2 1 2)              98.419
9233       (1 0 2 3 1 1 1)              98.416
9234       (1 0 3 1 1 1 1)              98.416
9235       (1 0 2 3 1 2 1)              98.417
9236       (1 0 3 1 2 1 2)              98.415
9237       (1 0 2 3 2 1 2)              98.415
9238       (1 0 3 1 2 1 2)              98.416
9239       (1 0 2 3 2 2 1)              98.416
9240       (1 0 2 3 1 2 1)              98.416
9241       (1 0 3 1 2 1 2)              98.416
9242       (1 0 2 3 2 1 1)              98.415
9243       (1 0 1 2 1 1 1)              98.415
9244       (1 0 2 3 2 1 2)              98.415
9245       (1 0 1 2 1 1 1)              98.415
9246       (1 0 2 3 1 1 0)              98.414
9247       (1 0 2 3 2 1 2)              98.414
9248       (1 0 2 3 2 1 2)              98.414
9249       (1 0 3 1 2 1 2)              98.414
9250       (1 0 1 2 1 1 1)              98.411
9251       (1 0 2 3 2 1 2)              98.412
9252       (1 0 2 3 1 2 1)              98.412
9253       (1 0 3 1 2 1 1)              98.412
9254       (1 0 1 2 1 1 1)              98.412
9255       (1 0 2 3 2 1 1)              98.412
9256       (1 0 2 3 2 1 2)              98.413
9257       (1 0 3 1 2 1 2)              98.411
9258       (1 0 3 1 2 1 2)              98.411
9259       (1 0 3 1 2 1 2)              98.411
9260       (1 0 1 2 1 1 1)              98.412
9261       (1 0 2 3 2 1 2)              98.412
9262       (1 0 2 3 2 1 2)              98.412
9263       (1 0 3 1 2 1 2)              98.412
9264       (1 0 2 3 2 1 2)              98.412
9265       (1 0 3 1 2 1 2)              98.413
9266       (1 0 1 2 1 2 0)              98.413
9267       (1 0 2 3 2 1 1)              98.411
9268       (1 0 3 1 2 1 2)              98.410
9269       (1 0 2 3 1 2 1)              98.410
9270       (1 0 2 3 1 1 1)              98.410
9271       (1 0 3 1 2 1 2)              98.410
9272       (1 0 2 3 2 1 2)              98.411
9273       (1 0 2 3 2 1 2)              98.411
9274       (1 0 1 2 1 1 1)              98.411
9275       (1 0 1 2 1 1 1)              98.411
9276       (1 0 2 3 2 1 2)              98.411
9277       (1 0 3 1 2 1 2)              98.411
9278       (1 0 2 3 1 1 1)              98.412
9279       (1 0 0 0 1 2 0)              98.412
9280       (1 0 3 1 2 1 2)              98.412
9281       (1 0 3 1 2 1 2)              98.412
9282       (1 0 3 1 2 1 2)              98.412
9283       (1 0 2 3 2 1 2)              98.413
9284       (1 0 1 2 1 1 1)              98.413
9285       (1 0 1 2 1 1 1)              98.413
9286       (1 0 1 2 1 1 1)              98.413
9287       (1 0 1 2 1 1 1)              98.413
9288       (1 0 3 1 2 1 2)              98.413
9289       (1 0 2 3 1 1 1)              98.414
9290       (1 0 3 1 2 1 1)              98.414
9291       (1 0 2 3 2 1 2)              98.414
9292       (1 0 1 2 2 2 1)              98.414
9293       (1 0 1 2 1 1 1)              98.414
9294       (1 0 1 2 1 1 1)              98.414
9295       (1 0 1 2 1 2 0)              98.415
9296       (1 0 2 3 2 1 2)              98.415
9297       (1 0 3 1 1 1 1)              98.415
9298       (1 0 2 3 2 1 2)              98.415
9299       (1 0 0 0 1 0 1)              98.415
9300       (1 0 2 3 2 1 2)              98.415
9301       (1 0 1 2 1 1 1)              98.416
9302       (1 0 1 2 1 1 1)              98.416
9303       (1 0 1 2 1 1 1)              98.416
9304       (1 0 2 3 2 1 2)              98.416
9305       (1 0 2 3 2 1 2)              98.416
9306       (1 0 3 1 2 1 2)              98.416
9307       (1 0 3 1 2 1 2)              98.417
9308       (1 0 3 1 2 1 2)              98.417
9309       (1 0 3 1 2 1 2)              98.415
9310       (1 0 1 2 1 1 1)              98.416
9311       (1 0 2 3 2 1 2)              98.416
9312       (1 0 2 3 2 1 2)              98.416
9313       (1 0 2 3 2 1 2)              98.416
9314       (1 0 2 3 1 2 1)              98.416
9315       (1 0 2 3 2 1 2)              98.416
9316       (1 0 0 0 0 2 0)              98.417
9317       (1 0 3 1 2 1 2)              98.417
9318       (1 0 2 3 2 1 2)              98.417
9319       (1 0 2 3 1 1 1)              98.417
9320       (1 0 2 3 2 1 2)              98.417
9321       (1 0 1 2 1 1 1)              98.417
9322       (1 0 1 2 1 1 1)              98.418
9323       (1 0 1 2 1 1 1)              98.418
9324       (1 0 2 3 2 1 2)              98.418
9325       (1 0 2 3 2 1 2)              98.418
9326       (1 0 3 1 2 1 1)              98.418
9327       (1 0 3 1 2 1 2)              98.418
9328       (1 0 2 3 2 1 2)              98.419
9329       (1 0 2 3 2 1 2)              98.419
9330       (1 0 2 3 2 1 2)              98.419
9331       (1 0 3 1 2 1 2)              98.419
9332       (1 0 1 2 1 2 1)              98.418
9333       (1 0 2 3 2 1 1)              98.418
9334       (1 0 1 2 1 1 1)              98.418
9335       (1 0 2 3 2 1 2)              98.418
9336       (1 0 2 3 2 1 1)              98.418
9337       (1 0 2 3 2 1 2)              98.419
9338       (1 0 2 3 2 1 2)              98.419
9339       (1 0 1 2 1 2 0)              98.419
9340       (1 0 1 2 1 1 1)              98.419
9341       (1 0 1 2 2 2 1)              98.419
9342       (1 0 2 3 2 1 2)              98.420
9343       (1 0 3 1 1 2 1)              98.420
9344       (1 0 1 2 1 1 1)              98.420
9345       (1 0 2 3 1 1 1)              98.420
9346       (1 0 2 3 1 1 1)              98.420
9347       (1 0 1 2 1 2 0)              98.420
9348       (1 0 3 1 2 1 2)              98.421
9349       (1 0 3 1 2 1 2)              98.421
9350       (1 0 2 3 2 1 2)              98.421
9351       (1 0 1 2 1 1 1)              98.421
9352       (1 0 3 1 2 1 2)              98.421
9353       (1 0 2 3 2 1 2)              98.421
9354       (1 0 1 2 1 1 1)              98.422
9355       (1 0 3 1 2 1 2)              98.422
9356       (1 0 2 3 2 2 1)              98.422
9357       (1 0 3 1 2 1 2)              98.422
9358       (1 0 2 3 2 1 2)              98.422
9359       (1 0 2 3 1 1 1)              98.422
9360       (1 0 2 3 2 1 2)              98.423
9361       (1 0 3 1 1 1 1)              98.423
9362       (1 0 1 2 0 0 1)              98.423
9363       (1 0 2 3 2 1 2)              98.423
9364       (1 0 3 1 2 1 2)              98.423
9365       (1 0 2 3 2 1 2)              98.423
9366       (1 0 2 3 2 1 2)              98.424
9367       (1 0 1 2 1 1 1)              98.424
9368       (1 0 2 3 2 1 2)              98.424
9369       (1 0 2 3 2 1 2)              98.424
9370       (1 0 1 2 1 1 1)              98.424
9371       (1 0 1 2 1 1 1)              98.424
9372       (1 0 2 3 2 1 2)              98.425
9373       (1 0 1 2 1 1 1)              98.425
9374       (1 0 2 3 2 1 2)              98.425
9375       (1 0 1 2 1 1 1)              98.425
9376       (1 0 1 2 1 1 1)              98.425
9377       (1 0 2 3 2 1 2)              98.425
9378       (1 0 1 2 2 2 1)              98.426
9379       (1 0 2 3 1 2 1)              98.426
9380       (1 0 1 2 1 1 1)              98.426
9381       (1 0 2 3 1 1 1)              98.426
9382       (1 0 1 2 1 1 1)              98.426
9383       (1 0 1 2 1 1 1)              98.426
9384       (1 0 2 3 2 1 2)              98.427
9385       (1 0 3 1 1 1 1)              98.427
9386       (1 0 3 1 2 1 2)              98.427
9387       (1 0 1 2 1 1 1)              98.427
9388       (1 0 2 3 2 1 1)              98.427
9389       (1 0 2 3 2 1 2)              98.427
9390       (1 0 3 1 2 1 1)              98.426
9391       (1 0 2 3 1 1 1)              98.426
9392       (1 0 2 3 2 1 2)              98.426
9393       (1 0 1 2 1 1 1)              98.427
9394       (1 0 3 1 2 1 2)              98.427
9395       (1 0 3 1 2 1 2)              98.427
9396       (1 0 2 3 2 1 1)              98.426
9397       (1 0 2 3 2 1 2)              98.426
9398       (1 0 3 1 2 1 2)              98.424
9399       (1 0 3 1 1 1 1)              98.425
9400       (1 0 1 2 1 1 1)              98.425
9401       (1 0 2 3 2 2 1)              98.425
9402       (1 0 2 3 2 1 1)              98.425
9403       (1 0 1 2 1 1 1)              98.425
9404       (1 0 1 2 1 1 1)              98.425
9405       (1 0 1 2 1 1 1)              98.426
9406       (1 0 2 3 2 1 2)              98.426
9407       (1 0 1 2 1 1 1)              98.426
9408       (1 0 3 1 2 1 2)              98.426
9409       (1 0 2 3 1 1 1)              98.426
9410       (1 0 3 1 2 1 2)              98.426
9411       (1 0 2 3 2 1 2)              98.427
9412       (1 0 3 1 2 1 2)              98.427
9413       (1 0 3 1 2 1 2)              98.427
9414       (1 0 3 1 2 1 2)              98.427
9415       (1 0 3 1 2 1 2)              98.426
9416       (1 0 1 2 1 1 1)              98.426
9417       (1 0 2 3 2 1 2)              98.426
9418       (1 0 2 3 2 1 2)              98.426
9419       (1 0 2 3 2 1 2)              98.426
9420       (1 0 3 1 2 1 2)              98.427
9421       (1 0 3 1 2 1 2)              98.425
9422       (1 0 2 3 2 1 2)              98.425
9423       (1 0 3 1 2 1 2)              98.426
9424       (1 0 2 3 2 1 2)              98.426
9425       (1 0 1 2 1 1 1)              98.426
9426       (1 0 2 3 2 1 2)              98.426
9427       (1 0 1 2 1 1 1)              98.426
9428       (1 0 2 3 1 1 1)              98.423
9429       (1 0 2 3 2 1 2)              98.423
9430       (1 0 2 3 2 1 1)              98.424
9431       (1 0 3 1 2 1 2)              98.424
9432       (1 0 2 3 2 1 2)              98.424
9433       (1 0 2 3 2 1 2)              98.423
9434       (1 0 1 2 1 1 1)              98.423
9435       (1 0 2 3 1 2 0)              98.423
9436       (1 0 1 2 1 1 1)              98.423
9437       (1 0 3 1 2 1 2)              98.423
9438       (1 0 3 1 2 1 2)              98.422
9439       (1 0 1 2 1 1 1)              98.422
9440       (1 0 2 3 1 1 1)              98.422
9441       (1 0 2 3 1 2 1)              98.422
9442       (1 0 2 3 2 1 2)              98.423
9443       (1 0 2 3 1 2 1)              98.423
9444       (1 0 3 1 2 1 2)              98.423
9445       (1 0 2 3 2 1 2)              98.423
9446       (1 0 2 3 2 1 1)              98.423
9447       (1 0 2 3 1 2 1)              98.423
9448       (1 0 3 1 2 1 2)              98.424
9449       (1 0 1 2 1 1 1)              98.421
9450       (1 0 3 1 2 1 2)              98.421
9451       (1 0 2 3 2 1 2)              98.421
9452       (1 0 1 2 1 1 1)              98.421
9453       (1 0 0 0 2 2 1)              98.421
9454       (1 0 2 3 1 2 1)              98.422
9455       (1 0 3 1 2 1 2)              98.419
9456       (1 0 1 2 1 1 1)              98.419
9457       (1 0 1 2 1 1 1)              98.419
9458       (1 0 2 3 2 1 2)              98.419
9459       (1 0 3 1 2 1 2)              98.419
9460       (1 0 1 2 1 1 1)              98.420
9461       (1 0 2 3 2 1 2)              98.420
9462       (1 0 1 2 1 1 1)              98.420
9463       (1 0 0 0 2 2 1)              98.420
9464       (1 0 2 3 1 2 1)              98.420
9465       (1 0 1 2 1 2 1)              98.420
9466       (1 0 2 3 2 1 2)              98.421
9467       (1 0 2 3 2 1 2)              98.421
9468       (1 0 2 3 2 2 1)              98.421
9469       (1 0 1 2 1 1 1)              98.421
9470       (1 0 2 3 2 1 1)              98.421
9471       (1 0 3 1 2 1 2)              98.421
9472       (1 0 1 2 1 1 1)              98.422
9473       (1 0 1 2 1 1 1)              98.422
9474       (1 0 3 1 2 1 2)              98.422
9475       (1 0 2 3 2 1 2)              98.422
9476       (1 0 2 3 2 1 2)              98.422
9477       (1 0 1 1 0 0 0)              98.419
9478       (1 0 1 2 1 1 1)              98.420
9479       (1 0 2 3 2 1 2)              98.417
9480       (1 0 3 1 2 1 2)              98.417
9481       (1 0 1 2 1 1 1)              98.417
9482       (1 0 2 3 2 1 2)              98.417
9483       (1 0 0 0 2 2 1)              98.417
9484       (1 0 1 2 1 1 1)              98.418
9485       (1 0 3 1 2 1 2)              98.418
9486       (1 0 3 1 2 1 2)              98.418
9487       (1 0 2 3 1 1 1)              98.418
9488       (1 0 3 1 2 1 2)              98.418
9489       (1 0 2 3 2 1 2)              98.415
9490       (1 0 1 2 1 1 1)              98.416
9491       (1 0 2 3 2 1 2)              98.416
9492       (1 0 0 0 2 2 1)              98.416
9493       (1 0 1 2 1 2 1)              98.415
9494       (1 0 2 3 2 1 2)              98.415
9495       (1 0 1 2 1 1 1)              98.415
9496       (1 0 2 3 2 1 2)              98.415
9497       (1 0 2 3 1 2 1)              98.415
9498       (1 0 2 3 2 1 2)              98.415
9499       (1 0 3 1 2 1 2)              98.416
9500       (1 0 1 2 1 1 1)              98.416
9501       (1 0 2 3 2 1 2)              98.416
9502       (1 0 2 3 2 1 2)              98.416
9503       (1 0 2 3 2 1 2)              98.416
9504       (1 0 2 3 2 1 2)              98.416
9505       (1 0 3 1 2 1 2)              98.417
9506       (1 0 3 1 2 1 2)              98.417
9507       (1 0 3 1 2 1 2)              98.417
9508       (1 0 3 1 2 1 2)              98.416
9509       (1 0 3 1 2 1 2)              98.416
9510       (1 0 3 1 2 1 2)              98.416
9511       (1 0 2 3 2 1 1)              98.415
9512       (1 0 3 1 2 1 2)              98.415
9513       (1 0 1 2 1 1 1)              98.415
9514       (1 0 1 2 1 1 1)              98.415
9515       (1 0 2 3 2 1 2)              98.415
9516       (1 0 2 3 2 1 2)              98.415
9517       (1 0 2 3 2 1 2)              98.416
9518       (1 0 2 3 1 2 1)              98.416
9519       (1 0 2 1 1 1 1)              98.414
9520       (1 0 2 3 1 0 1)              98.413
9521       (1 0 3 1 2 1 2)              98.413
9522       (1 0 2 3 2 1 2)              98.413
9523       (1 0 0 0 2 2 1)              98.414
9524       (1 0 3 1 2 1 2)              98.414
9525       (1 0 2 3 2 1 2)              98.414
9526       (1 0 0 0 2 2 1)              98.414
9527       (1 0 2 3 2 1 2)              98.414
9528       (1 0 1 2 1 2 0)              98.414
9529       (1 0 1 2 1 1 1)              98.415
9530       (1 0 2 3 2 1 1)              98.413
9531       (1 0 2 3 2 1 2)              98.413
9532       (1 0 3 1 2 1 2)              98.414
9533       (1 0 2 3 2 1 1)              98.414
9534       (1 0 2 3 2 1 2)              98.414
9535       (1 0 1 2 1 1 1)              98.414
9536       (1 0 2 3 2 1 2)              98.414
9537       (1 0 2 3 2 1 2)              98.414
9538       (1 0 3 1 2 1 2)              98.415
9539       (1 0 3 1 2 1 2)              98.413
9540       (1 0 2 3 1 1 1)              98.413
9541       (1 0 3 1 2 1 2)              98.414
9542       (1 0 2 3 2 1 2)              98.414
9543       (1 0 1 2 1 1 1)              98.414
9544       (1 0 2 3 2 1 2)              98.414
9545       (1 0 2 3 2 1 2)              98.414
9546       (1 0 2 3 1 2 1)              98.414
9547       (1 0 3 1 2 1 2)              98.415
9548       (1 0 2 3 2 1 2)              98.415
9549       (1 0 1 2 1 1 1)              98.415
9550       (1 0 0 0 1 2 0)              98.415
9551       (1 0 3 1 2 1 2)              98.414
9552       (1 0 1 2 1 1 1)              98.414
9553       (1 0 3 1 2 1 2)              98.414
9554       (1 0 1 2 0 0 1)              98.414
9555       (1 0 3 1 2 1 2)              98.414
9556       (1 0 1 2 1 1 1)              98.415
9557       (1 0 1 2 1 2 1)              98.415
9558       (1 0 1 2 1 1 1)              98.415
9559       (1 0 3 1 2 1 2)              98.415
9560       (1 0 1 2 1 1 1)              98.415
9561       (1 0 0 0 1 2 0)              98.415
9562       (1 0 2 3 2 1 2)              98.416
9563       (1 0 1 2 1 1 1)              98.416
9564       (1 0 2 3 1 1 1)              98.416
9565       (1 0 1 2 1 2 0)              98.416
9566       (1 0 2 3 2 1 2)              98.416
9567       (1 0 3 1 2 1 1)              98.416
9568       (1 0 2 3 2 1 2)              98.417
9569       (1 0 2 3 2 1 2)              98.417
9570       (1 0 1 1 0 0 1)              98.415
9571       (1 0 1 2 1 1 1)              98.416
9572       (1 0 2 3 2 1 2)              98.416
9573       (1 0 3 1 2 1 2)              98.416
9574       (1 0 1 2 1 1 1)              98.416
9575       (1 0 2 3 2 1 2)              98.416
9576       (1 0 2 3 2 1 2)              98.416
9577       (1 0 3 1 2 1 2)              98.417
9578       (1 0 3 1 2 1 2)              98.417
9579       (1 0 2 3 2 1 2)              98.417
9580       (1 0 3 1 2 1 2)              98.417
9581       (1 0 3 1 2 1 2)              98.417
9582       (1 0 3 1 0 2 1)              98.417
9583       (1 0 2 3 1 2 1)              98.418
9584       (1 0 1 2 1 1 1)              98.418
9585       (1 0 2 3 1 2 0)              98.418
9586       (1 0 2 3 2 1 2)              98.418
9587       (1 0 3 1 2 1 2)              98.418
9588       (1 0 2 3 2 1 2)              98.418
9589       (1 0 2 3 2 1 2)              98.419
9590       (1 0 1 2 1 1 1)              98.419
9591       (1 0 2 3 2 1 2)              98.419
9592       (1 0 1 2 1 1 1)              98.419
9593       (1 0 2 3 2 1 2)              98.419
9594       (1 0 3 1 2 1 2)              98.419
9595       (1 0 3 1 2 1 2)              98.419
9596       (1 0 2 3 2 1 2)              98.420
9597       (1 0 3 1 2 1 2)              98.420
9598       (1 0 2 3 2 1 2)              98.420
9599       (1 0 2 3 2 1 2)              98.420
9600       (1 0 3 1 2 1 2)              98.420
9601       (1 0 2 3 2 1 1)              98.420
9602       (1 0 3 1 2 1 2)              98.421
9603       (1 0 1 2 1 1 1)              98.421
9604       (1 0 1 2 1 1 1)              98.421
9605       (1 0 1 2 1 2 1)              98.421
9606       (1 0 1 2 1 1 1)              98.421
9607       (1 0 2 3 2 1 2)              98.421
9608       (1 0 3 1 2 1 2)              98.422
9609       (1 0 2 3 2 1 2)              98.422
9610       (1 0 1 2 1 1 1)              98.422
9611       (1 0 1 2 2 2 1)              98.422
9612       (1 0 2 3 2 1 2)              98.419
9613       (1 0 2 3 2 1 2)              98.419
9614       (1 0 2 3 2 1 2)              98.420
9615       (1 0 1 2 1 1 1)              98.420
9616       (1 0 3 1 1 1 1)              98.420
9617       (1 0 2 3 2 1 2)              98.420
9618       (1 0 2 3 2 1 2)              98.420
9619       (1 0 1 2 1 1 1)              98.420
9620       (1 0 2 3 2 1 2)              98.421
9621       (1 0 2 3 1 1 1)              98.418
9622       (1 0 2 3 2 1 2)              98.418
9623       (1 0 1 2 1 1 1)              98.418
9624       (1 0 3 1 2 1 2)              98.418
9625       (1 0 1 2 1 1 1)              98.418
9626       (1 0 3 1 2 1 2)              98.419
9627       (1 0 1 2 1 2 0)              98.419
9628       (1 0 2 3 1 2 1)              98.419
9629       (1 0 2 3 1 2 1)              98.419
9630       (1 0 2 3 2 1 2)              98.419
9631       (1 0 3 1 2 1 2)              98.419
9632       (1 0 2 3 2 1 1)              98.418
9633       (1 0 1 2 2 2 1)              98.418
9634       (1 0 3 1 2 1 2)              98.418
9635       (1 0 2 3 2 1 2)              98.419
9636       (1 0 2 3 2 1 2)              98.419
9637       (1 0 1 2 1 1 1)              98.419
9638       (1 0 1 2 1 1 1)              98.419
9639       (1 0 3 1 2 1 2)              98.419
9640       (1 0 2 3 2 1 2)              98.419
9641       (1 0 2 3 2 1 2)              98.420
9642       (1 0 3 1 1 2 1)              98.420
9643       (1 0 2 3 2 1 2)              98.420
9644       (1 0 2 3 2 1 2)              98.420
9645       (1 0 2 3 2 1 2)              98.420
9646       (1 0 2 3 1 2 1)              98.420
9647       (1 0 2 3 2 1 2)              98.421
9648       (1 0 2 3 2 1 1)              98.421
9649       (1 0 3 1 1 1 1)              98.421
9650       (1 0 3 1 2 1 2)              98.421
9651       (1 0 3 1 0 1 1)              98.421
9652       (1 0 1 2 0 0 1)              98.421
9653       (1 0 2 3 2 1 2)              98.422
9654       (1 0 1 2 1 0 1)              98.416
9655       (1 0 2 3 2 1 2)              98.416
9656       (1 0 2 3 2 1 2)              98.416
9657       (1 0 2 3 1 1 1)              98.416
9658       (1 0 1 2 1 1 1)              98.416
9659       (1 0 2 3 2 1 2)              98.417
9660       (1 0 3 1 2 1 2)              98.415
9661       (1 0 1 2 1 1 1)              98.415
9662       (1 0 2 3 1 1 1)              98.416
9663       (1 0 2 3 2 1 2)              98.416
9664       (1 0 2 3 1 0 1)              98.415
9665       (1 0 2 3 2 2 1)              98.415
9666       (1 0 2 3 1 2 1)              98.415
9667       (1 0 1 2 1 2 1)              98.415
9668       (1 0 2 3 2 1 2)              98.415
9669       (1 0 2 3 2 1 2)              98.415
9670       (1 0 2 3 1 2 1)              98.414
9671       (1 0 3 1 2 1 2)              98.414
9672       (1 0 3 1 2 1 1)              98.414
9673       (1 0 2 3 2 1 2)              98.415
9674       (1 0 3 1 2 1 2)              98.415
9675       (1 0 3 1 1 2 0)              98.410
9676       (1 0 3 1 2 1 2)              98.411
9677       (1 0 1 2 1 1 1)              98.411
9678       (1 0 2 3 2 1 2)              98.411
9679       (1 0 2 3 2 1 2)              98.411
9680       (1 0 1 2 1 1 1)              98.411
9681       (1 0 3 1 2 1 2)              98.411
9682       (1 0 2 3 2 1 1)              98.412
9683       (1 0 2 3 2 1 2)              98.412
9684       (1 0 3 1 2 1 2)              98.412
9685       (1 0 1 2 1 1 1)              98.412
9686       (1 0 0 0 2 2 1)              98.412
9687       (1 0 2 3 2 1 2)              98.412
9688       (1 0 1 2 1 2 1)              98.413
9689       (1 0 1 2 1 1 1)              98.413
9690       (1 0 2 3 2 1 2)              98.413
9691       (1 0 2 3 2 1 2)              98.413
9692       (1 0 3 1 2 1 2)              98.413
9693       (1 0 1 2 1 1 1)              98.413
9694       (1 0 2 3 2 1 2)              98.414
9695       (1 0 2 3 2 1 2)              98.414
9696       (1 0 2 3 2 1 2)              98.414
9697       (1 0 2 3 2 1 2)              98.414
9698       (1 0 2 3 2 1 1)              98.414
9699       (1 0 2 3 1 1 1)              98.414
9700       (1 0 2 3 2 1 2)              98.415
9701       (1 0 3 1 2 1 2)              98.415
9702       (1 0 2 3 2 1 2)              98.413
9703       (1 0 1 2 1 1 1)              98.414
9704       (1 0 2 3 2 1 2)              98.414
9705       (1 0 2 3 2 1 2)              98.414
9706       (1 0 1 2 0 0 1)              98.414
9707       (1 0 2 3 1 2 1)              98.414
9708       (1 0 2 3 1 1 1)              98.414
9709       (1 0 3 1 2 1 2)              98.415
9710       (1 0 2 3 2 1 2)              98.415
9711       (1 0 2 3 2 1 1)              98.413
9712       (1 0 2 3 2 1 2)              98.414
9713       (1 0 3 1 2 1 1)              98.412
9714       (1 0 1 2 1 1 1)              98.412
9715       (1 0 2 3 2 1 2)              98.413
9716       (1 0 2 3 2 1 2)              98.413
9717       (1 0 2 3 2 1 2)              98.413
9718       (1 0 2 3 2 1 2)              98.413
9719       (1 0 1 2 1 1 1)              98.413
9720       (1 0 1 2 1 1 1)              98.413
9721       (1 0 2 3 2 1 2)              98.414
9722       (1 0 3 1 2 1 2)              98.414
9723       (1 0 2 3 2 1 2)              98.414
9724       (1 0 2 3 1 1 1)              98.414
9725       (1 0 3 1 2 1 2)              98.414
9726       (1 0 1 2 1 1 1)              98.414
9727       (1 0 3 1 1 1 1)              98.414
9728       (1 0 2 3 2 1 2)              98.415
9729       (1 0 2 3 1 1 1)              98.415
9730       (1 0 2 3 2 1 2)              98.415
9731       (1 0 2 3 2 1 2)              98.415
9732       (1 0 2 3 2 1 1)              98.415
9733       (1 0 2 3 1 2 1)              98.415
9734       (1 0 2 3 2 1 2)              98.416
9735       (1 0 3 1 2 1 2)              98.413
9736       (1 0 3 1 2 1 2)              98.413
9737       (1 0 1 2 1 1 1)              98.413
9738       (1 0 2 3 2 1 2)              98.413
9739       (1 0 2 3 1 2 1)              98.414
9740       (1 0 3 1 2 1 2)              98.414
9741       (1 0 1 2 1 1 1)              98.414
9742       (1 0 3 1 2 1 2)              98.414
9743       (1 0 1 2 1 1 1)              98.414
9744       (1 0 2 3 2 1 2)              98.414
9745       (1 0 2 3 2 1 2)              98.414
9746       (1 0 2 3 2 1 2)              98.415
9747       (1 0 3 1 2 1 2)              98.415
9748       (1 0 2 3 2 1 2)              98.415
9749       (1 0 2 3 2 1 2)              98.415
9750       (1 0 1 2 1 1 1)              98.415
9751       (1 0 2 3 1 2 0)              98.414
9752       (1 0 1 2 1 1 1)              98.414
9753       (1 0 1 2 1 1 1)              98.414
9754       (1 0 3 1 2 1 2)              98.414
9755       (1 0 2 3 2 1 2)              98.415
9756       (1 0 1 2 1 1 1)              98.415
9757       (1 0 1 2 1 1 1)              98.415
9758       (1 0 3 1 1 1 1)              98.415
9759       (1 0 2 3 2 1 1)              98.414
9760       (1 0 1 2 1 1 1)              98.414
9761       (1 0 1 2 1 1 1)              98.414
9762       (1 0 1 2 2 2 1)              98.414
9763       (1 0 1 2 1 1 1)              98.414
9764       (1 0 2 3 2 1 1)              98.413
9765       (1 0 3 1 2 1 2)              98.413
9766       (1 0 3 1 2 1 2)              98.414
9767       (1 0 3 1 2 1 2)              98.412
9768       (1 0 2 3 2 1 1)              98.411
9769       (1 0 2 3 2 1 2)              98.411
9770       (1 0 3 1 2 1 2)              98.411
9771       (1 0 2 3 2 1 2)              98.411
9772       (1 0 1 2 1 1 1)              98.412
9773       (1 0 2 3 1 2 1)              98.412
9774       (1 0 2 3 1 2 1)              98.412
9775       (1 0 2 3 2 1 2)              98.412
9776       (1 0 3 1 2 1 2)              98.412
9777       (1 0 1 2 1 2 0)              98.412
9778       (1 0 3 1 2 1 2)              98.413
9779       (1 0 2 3 2 1 1)              98.413
9780       (1 0 3 1 1 1 1)              98.413
9781       (1 0 1 2 1 2 1)              98.413
9782       (1 0 1 2 1 1 1)              98.413
9783       (1 0 2 3 1 1 1)              98.413
9784       (1 0 1 2 1 1 1)              98.414
9785       (1 0 3 1 2 1 2)              98.414
9786       (1 0 2 3 2 1 2)              98.414
9787       (1 0 2 3 1 1 1)              98.414
9788       (1 0 2 3 2 1 2)              98.414
9789       (1 0 2 3 2 1 2)              98.414
9790       (1 0 1 2 1 2 0)              98.414
9791       (1 0 3 1 2 1 2)              98.415
9792       (1 0 2 3 2 1 2)              98.415
9793       (1 0 2 3 2 1 2)              98.415
9794       (1 0 2 3 2 1 2)              98.415
9795       (1 0 2 3 2 1 1)              98.415
9796       (1 0 2 3 1 2 1)              98.415
9797       (1 0 2 3 2 1 2)              98.416
9798       (1 0 1 2 1 1 1)              98.416
9799       (1 0 1 2 1 1 1)              98.416
9800       (1 0 1 2 1 2 1)              98.416
9801       (1 0 2 3 2 1 2)              98.416
9802       (1 0 2 3 2 1 2)              98.416
9803       (1 0 3 1 2 1 2)              98.417
9804       (1 0 2 3 1 2 1)              98.417
9805       (1 0 2 3 2 1 2)              98.417
9806       (1 0 2 3 2 1 2)              98.417
9807       (1 0 3 1 2 1 1)              98.417
9808       (1 0 3 1 2 1 2)              98.417
9809       (1 0 2 3 1 2 1)              98.416
9810       (1 0 2 3 2 1 2)              98.416
9811       (1 0 3 1 2 1 2)              98.416
9812       (1 0 3 1 2 1 2)              98.415
9813       (1 0 1 2 1 1 1)              98.415
9814       (1 0 1 2 1 1 1)              98.415
9815       (1 0 1 2 1 1 1)              98.416
9816       (1 0 3 1 2 1 1)              98.416
9817       (1 0 1 2 1 2 1)              98.416
9818       (1 0 1 2 1 1 1)              98.416
9819       (1 0 3 1 2 1 2)              98.416
9820       (1 0 2 3 2 1 2)              98.416
9821       (1 0 3 1 2 1 2)              98.417
9822       (1 0 2 3 2 1 2)              98.417
9823       (1 0 3 1 2 1 1)              98.417
9824       (1 0 2 3 2 1 2)              98.417
9825       (1 0 1 2 2 2 1)              98.417
9826       (1 0 1 2 1 1 1)              98.417
9827       (1 0 3 1 2 1 2)              98.418
9828       (1 0 1 2 2 2 1)              98.418
9829       (1 0 3 1 1 1 1)              98.418
9830       (1 0 1 2 1 1 1)              98.418
9831       (1 0 2 3 1 1 1)              98.418
9832       (1 0 2 3 2 1 2)              98.418
9833       (1 0 2 3 2 1 2)              98.419
9834       (1 0 1 2 1 1 1)              98.419
9835       (1 0 2 3 2 1 2)              98.419
9836       (1 0 2 3 2 1 2)              98.419
9837       (1 0 2 3 2 1 2)              98.419
9838       (1 0 2 3 2 1 2)              98.419
9839       (1 0 2 3 2 1 2)              98.419
9840       (1 0 2 3 2 1 2)              98.420
9841       (1 0 2 3 2 1 2)              98.420
9842       (1 0 1 2 1 2 0)              98.420
9843       (1 0 2 3 2 1 2)              98.420
9844       (1 0 2 3 2 1 2)              98.420
9845       (1 0 2 3 2 1 2)              98.420
9846       (1 0 2 3 2 1 2)              98.421
9847       (1 0 1 2 1 1 1)              98.421
9848       (1 0 1 2 1 1 1)              98.421
9849       (1 0 2 3 2 1 2)              98.421
9850       (1 0 2 3 1 2 1)              98.421
9851       (1 0 2 3 2 1 1)              98.421
9852       (1 0 3 1 2 1 2)              98.422
9853       (1 0 3 1 2 1 1)              98.422
9854       (1 0 2 3 2 1 2)              98.420
9855       (1 0 2 3 2 1 2)              98.421
9856       (1 0 2 3 2 1 2)              98.421
9857       (1 0 3 1 1 1 1)              98.421
9858       (1 0 2 3 1 1 1)              98.421
9859       (1 0 3 1 2 1 2)              98.420
9860       (1 0 3 1 1 1 1)              98.420
9861       (1 0 3 1 2 1 1)              98.420
9862       (1 0 3 1 2 1 2)              98.420
9863       (1 0 3 1 2 1 2)              98.420
9864       (1 0 3 1 2 1 2)              98.421
9865       (1 0 3 1 2 1 2)              98.421
9866       (1 0 2 3 2 1 1)              98.421
9867       (1 0 2 3 2 1 2)              98.421
9868       (1 0 2 3 2 1 1)              98.421
9869       (1 0 2 3 2 1 1)              98.421
9870       (1 0 2 3 2 1 2)              98.422
9871       (1 0 1 2 1 1 1)              98.422
9872       (1 0 1 2 1 1 1)              98.422
9873       (1 0 2 3 2 1 2)              98.422
9874       (1 0 2 3 2 1 2)              98.422
9875       (1 0 3 1 1 1 1)              98.422
9876       (1 0 1 2 1 2 1)              98.423
9877       (1 0 1 2 1 1 1)              98.423
9878       (1 0 3 1 2 1 2)              98.423
9879       (1 0 2 3 2 1 2)              98.423
9880       (1 0 1 2 1 2 1)              98.423
9881       (1 0 3 1 1 1 1)              98.422
9882       (1 0 3 1 1 2 1)              98.422
9883       (1 0 2 3 2 1 2)              98.422
9884       (1 0 1 2 1 1 1)              98.422
9885       (1 0 3 1 2 1 2)              98.421
9886       (1 0 1 2 1 1 1)              98.421
9887       (1 0 2 3 2 2 1)              98.420
9888       (1 0 1 2 1 1 1)              98.420
9889       (1 0 2 3 2 1 1)              98.420
9890       (1 0 1 2 1 1 1)              98.420
9891       (1 0 3 1 1 1 1)              98.421
9892       (1 0 1 2 1 1 1)              98.421
9893       (1 0 1 2 1 1 1)              98.421
9894       (1 0 2 3 2 1 2)              98.421
9895       (1 0 1 2 1 2 1)              98.420
9896       (1 0 3 1 2 1 2)              98.420
9897       (1 0 3 1 2 1 2)              98.420
9898       (1 0 2 3 1 1 1)              98.417
9899       (1 0 1 2 1 2 1)              98.416
9900       (1 0 3 1 2 1 2)              98.416
9901       (1 0 1 2 1 1 1)              98.416
9902       (1 0 2 3 2 1 2)              98.417
9903       (1 0 2 3 2 1 2)              98.417
9904       (1 0 2 3 1 1 1)              98.417
9905       (1 0 1 2 1 1 1)              98.417
9906       (1 0 2 3 2 1 2)              98.417
9907       (1 0 2 3 2 1 2)              98.417
9908       (1 0 2 3 2 1 2)              98.418
9909       (1 0 3 1 2 1 2)              98.416
9910       (1 0 1 2 1 1 1)              98.416
9911       (1 0 2 3 2 1 2)              98.417
9912       (1 0 0 0 2 2 1)              98.417
9913       (1 0 1 2 1 1 1)              98.417
9914       (1 0 3 1 2 1 2)              98.417
9915       (1 0 3 1 2 1 2)              98.417
9916       (1 0 1 2 1 2 1)              98.416
9917       (1 0 2 3 2 1 2)              98.416
9918       (1 0 2 3 2 1 1)              98.415
9919       (1 0 1 2 1 1 1)              98.415
9920       (1 0 2 3 1 1 1)              98.415
9921       (1 0 1 2 1 1 1)              98.415
9922       (1 0 2 3 1 1 1)              98.415
9923       (1 0 2 3 2 1 2)              98.416
9924       (1 0 2 3 2 1 2)              98.416
9925       (1 0 3 1 1 1 1)              98.414
9926       (1 0 2 3 2 1 2)              98.415
9927       (1 0 1 2 1 1 1)              98.415
9928       (1 0 2 3 1 1 1)              98.413
9929       (1 0 1 2 1 2 1)              98.412
9930       (1 0 3 1 2 1 1)              98.411
9931       (1 0 2 3 2 1 2)              98.411
9932       (1 0 2 3 2 1 2)              98.411
9933       (1 0 1 2 1 1 1)              98.411
9934       (1 0 2 3 1 1 1)              98.412
9935       (1 0 1 2 1 1 1)              98.412
9936       (1 0 2 3 1 1 1)              98.412
9937       (1 0 2 3 2 1 2)              98.412
9938       (1 0 2 3 1 2 1)              98.411
9939       (1 0 2 3 1 2 1)              98.411
9940       (1 0 1 2 1 1 1)              98.411
9941       (1 0 3 1 2 1 1)              98.411
9942       (1 0 2 3 2 1 2)              98.411
9943       (1 0 1 2 1 1 1)              98.412
9944       (1 0 1 2 1 1 1)              98.412
9945       (1 0 3 1 2 1 1)              98.410
9946       (1 0 3 1 2 1 2)              98.411
9947       (1 0 1 2 1 1 1)              98.411
9948       (1 0 2 3 1 2 1)              98.411
9949       (1 0 1 2 1 1 1)              98.411
9950       (1 0 0 0 1 2 0)              98.411
9951       (1 0 3 1 2 1 2)              98.411
9952       (1 0 1 2 1 1 1)              98.412
9953       (1 0 3 1 2 1 2)              98.412
9954       (1 0 3 1 2 1 2)              98.410
9955       (1 0 2 3 2 1 2)              98.411
9956       (1 0 2 3 2 1 2)              98.411
9957       (1 0 2 3 2 1 2)              98.411
9958       (1 0 3 1 2 1 1)              98.411
9959       (1 0 2 3 2 1 2)              98.411
9960       (1 0 3 1 2 1 2)              98.410
9961       (1 0 3 1 2 1 2)              98.410
9962       (1 0 0 0 1 2 0)              98.410
9963       (1 0 3 1 2 1 1)              98.409
9964       (1 0 2 3 2 1 2)              98.409
9965       (1 0 2 3 2 1 2)              98.409
9966       (1 0 1 2 1 1 1)              98.410
9967       (1 0 3 1 2 1 2)              98.408
9968       (1 0 3 1 0 1 1)              98.407
9969       (1 0 3 1 2 1 2)              98.407
9970       (1 0 2 3 2 1 2)              98.407
9971       (1 0 1 2 1 1 1)              98.407
9972       (1 0 2 3 2 1 2)              98.408
9973       (1 0 2 3 2 1 2)              98.408
9974       (1 0 2 3 2 1 2)              98.408
9975       (1 0 2 3 2 1 2)              98.408
9976       (1 0 3 1 2 1 2)              98.408
9977       (1 0 3 1 2 1 2)              98.408
9978       (1 0 1 2 1 1 1)              98.409
9979       (1 0 1 2 1 1 1)              98.409
9980       (1 0 3 1 2 1 2)              98.409
9981       (1 0 1 2 1 2 1)              98.409
9982       (1 0 2 3 2 1 2)              98.409
9983       (1 0 3 1 2 1 2)              98.409
9984       (1 0 3 1 2 1 2)              98.410
9985       (1 0 1 2 1 1 1)              98.410
9986       (1 0 1 2 2 2 1)              98.410
9987       (1 0 2 3 2 1 2)              98.410
9988       (1 0 2 3 2 1 2)              98.410
9989       (1 0 1 2 1 1 1)              98.410
9990       (1 0 2 3 2 1 2)              98.410
9991       (1 0 2 3 2 1 2)              98.411
9992       (1 0 3 1 2 1 2)              98.411
9993       (1 0 3 1 2 1 2)              98.411
9994       (1 0 2 3 2 1 2)              98.411
9995       (1 0 3 1 2 1 2)              98.411
9996       (1 0 2 3 2 1 2)              98.411
9997       (1 0 2 3 2 1 1)              98.412
9998       (1 0 3 1 1 1 1)              98.412
9999       (1 0 3 1 1 1 1)              98.412
10000      (1 0 3 1 2 1 2)              98.412
10001      (1 0 2 3 2 1 2)              98.412
10002      (1 0 3 1 2 1 2)              98.412
10003      (1 0 2 3 2 1 2)              98.413
10004      (1 0 2 3 2 1 2)              98.413
10005      (1 0 2 3 2 1 2)              98.413
10006      (1 0 2 3 2 1 2)              98.413
10007      (1 0 1 2 1 1 1)              98.413
10008      (1 0 2 3 2 1 2)              98.413
10009      (1 0 1 2 1 1 1)              98.413
10010      (1 0 1 2 1 1 1)              98.414
10011      (1 0 3 1 1 1 1)              98.414
10012      (1 0 1 2 1 1 1)              98.414
10013      (1 0 4 2 1 2 1)              98.413
10014      (1 0 1 2 1 2 0)              98.410
10015      (1 0 1 2 0 0 1)              98.410
10016      (1 0 3 1 2 1 2)              98.410
10017      (1 0 1 2 1 1 1)              98.410
10018      (1 0 2 3 1 2 1)              98.411
10019      (1 0 3 1 0 1 1)              98.409
10020      (1 0 2 3 2 1 1)              98.410
10021      (1 0 2 3 2 1 2)              98.410
10022      (1 0 2 3 2 1 2)              98.410
10023      (1 0 2 3 2 1 2)              98.410
10024      (1 0 3 1 2 1 2)              98.410
10025      (1 0 3 1 2 1 2)              98.410
10026      (1 0 1 2 1 1 1)              98.410
10027      (1 0 2 3 2 1 1)              98.411
10028      (1 0 2 3 2 1 2)              98.411
10029      (1 0 3 1 2 1 2)              98.411
10030      (1 0 2 3 2 1 1)              98.411
10031      (1 0 3 1 1 1 1)              98.408
10032      (1 0 0 0 1 1 1)              98.407
10033      (1 0 1 2 1 1 1)              98.407
10034      (1 0 1 2 1 1 1)              98.407
10035      (1 0 2 3 2 1 2)              98.408
10036      (1 0 3 1 2 1 2)              98.408
10037      (1 0 2 3 2 1 2)              98.408
10038      (1 0 2 3 1 1 1)              98.408
10039      (1 0 3 1 2 1 2)              98.408
10040      (1 0 3 1 2 1 2)              98.408
10041      (1 0 0 0 1 2 0)              98.409
10042      (1 0 3 1 2 1 2)              98.409
10043      (1 0 2 3 2 1 2)              98.409
10044      (1 0 2 3 2 1 1)              98.409
10045      (1 0 2 3 2 1 1)              98.409
10046      (1 0 2 3 2 1 2)              98.409
10047      (1 0 2 3 2 1 2)              98.410
10048      (1 0 0 0 1 2 0)              98.410
10049      (1 0 2 3 1 2 1)              98.410
10050      (1 0 2 3 2 1 2)              98.410
10051      (1 0 2 3 2 1 2)              98.410
10052      (1 0 2 3 2 1 2)              98.410
10053      (1 0 2 3 2 1 2)              98.410
10054      (1 0 2 3 2 1 1)              98.411
10055      (1 0 2 3 2 1 2)              98.411
10056      (1 0 2 3 2 1 2)              98.411
10057      (1 0 2 3 1 2 1)              98.411
10058      (1 0 2 3 1 2 1)              98.410
10059      (1 0 1 2 1 1 1)              98.410
10060      (1 0 2 3 2 1 2)              98.410
10061      (1 0 3 1 2 1 1)              98.410
10062      (1 0 2 3 1 1 1)              98.410
10063      (1 0 3 1 2 1 2)              98.411
10064      (1 0 2 3 2 1 2)              98.411
10065      (1 0 3 1 2 1 2)              98.411
10066      (1 0 1 2 1 1 1)              98.411
10067      (1 0 2 3 1 2 1)              98.411
10068      (1 0 2 3 1 2 1)              98.410
10069      (1 0 2 3 2 1 1)              98.410
10070      (1 0 3 1 1 1 1)              98.407
10071      (1 0 2 3 1 2 0)              98.408
10072      (1 0 3 1 2 1 2)              98.406
10073      (1 0 1 2 1 1 1)              98.407
10074      (1 0 2 3 2 1 1)              98.407
10075      (1 0 3 1 1 1 1)              98.407
10076      (1 0 3 1 2 1 1)              98.407
10077      (1 0 1 2 1 1 1)              98.406
10078      (1 0 2 3 2 1 2)              98.406
10079      (1 0 3 1 2 1 2)              98.406
10080      (1 0 1 2 1 1 1)              98.406
10081      (1 0 1 2 1 1 1)              98.406
10082      (1 0 2 3 2 1 2)              98.407
10083      (1 0 3 1 2 1 2)              98.407
10084      (1 0 2 3 2 1 2)              98.407
10085      (1 0 3 1 2 1 2)              98.407
10086      (1 0 2 3 2 1 2)              98.407
10087      (1 0 2 3 2 1 2)              98.407
10088      (1 0 2 3 2 1 1)              98.407
10089      (1 0 1 2 1 1 1)              98.408
10090      (1 0 2 3 2 1 2)              98.405
10091      (1 0 2 3 2 1 2)              98.405
10092      (1 0 2 3 1 1 1)              98.405
10093      (1 0 2 3 2 1 2)              98.405
10094      (1 0 1 2 0 0 1)              98.406
10095      (1 0 1 2 1 1 1)              98.406
10096      (1 0 3 1 2 1 2)              98.406
10097      (1 0 2 3 2 1 2)              98.406
10098      (1 0 1 2 1 1 1)              98.406
10099      (1 0 2 3 1 2 1)              98.406
10100      (1 0 2 3 1 2 1)              98.407
10101      (1 0 2 3 2 1 1)              98.407
10102      (1 0 2 3 2 1 2)              98.407
10103      (1 0 3 1 2 1 2)              98.407
10104      (1 0 2 3 1 2 1)              98.407
10105      (1 0 3 1 2 1 2)              98.407
10106      (1 0 2 3 2 1 2)              98.408
10107      (1 0 1 2 1 1 1)              98.408
10108      (1 0 2 3 2 1 2)              98.408
10109      (1 0 2 3 1 2 1)              98.408
10110      (1 0 3 1 2 1 2)              98.408
10111      (1 0 1 2 1 1 1)              98.408
10112      (1 0 3 1 2 1 2)              98.408
10113      (1 0 3 1 2 1 2)              98.409
10114      (1 0 2 3 1 1 1)              98.409
10115      (1 0 1 1 0 1 1)              98.406
10116      (1 0 3 1 2 1 2)              98.406
10117      (1 0 1 2 1 1 1)              98.406
10118      (1 0 2 3 2 1 2)              98.407
10119      (1 0 2 3 2 1 2)              98.407
10120      (1 0 3 1 1 1 1)              98.407
10121      (1 0 2 3 1 1 1)              98.407
10122      (1 0 1 2 1 1 1)              98.407
10123      (1 0 2 3 2 1 2)              98.407
10124      (1 0 2 3 1 1 1)              98.408
10125      (1 0 2 3 2 1 2)              98.408
10126      (1 0 1 2 1 1 1)              98.408
10127      (1 0 1 2 1 1 1)              98.408
10128      (1 0 3 1 2 1 2)              98.408
10129      (1 0 2 3 2 1 2)              98.408
10130      (1 0 1 2 1 1 1)              98.408
10131      (1 0 2 3 2 1 2)              98.409
10132      (1 0 1 2 1 1 1)              98.409
10133      (1 0 2 3 2 1 1)              98.409
10134      (1 0 1 2 1 1 1)              98.409
10135      (1 0 1 2 1 1 1)              98.409
10136      (1 0 3 1 2 1 2)              98.408
10137      (1 0 2 3 1 1 1)              98.408
10138      (1 0 1 2 1 1 1)              98.408
10139      (1 0 1 2 1 1 1)              98.408
10140      (1 0 3 1 2 1 2)              98.409
10141      (1 0 2 3 2 1 2)              98.409
10142      (1 0 2 3 2 1 2)              98.409
10143      (1 0 2 3 1 2 1)              98.409
10144      (1 0 2 3 2 1 2)              98.409
10145      (1 0 2 3 2 1 2)              98.409
10146      (1 0 2 3 2 1 2)              98.410
10147      (1 0 2 3 2 1 2)              98.410
10148      (1 0 2 3 1 2 1)              98.410
10149      (1 0 3 1 2 1 2)              98.410
10150      (1 0 2 3 2 1 2)              98.410
10151      (1 0 2 3 2 1 2)              98.410
10152      (1 0 3 1 2 1 2)              98.411
10153      (1 0 1 2 1 1 1)              98.411
10154      (1 0 2 3 2 1 2)              98.411
10155      (1 0 1 2 1 2 1)              98.411
10156      (1 0 1 2 1 2 1)              98.411
10157      (1 0 3 1 2 1 2)              98.411
10158      (1 0 1 2 1 1 1)              98.411
10159      (1 0 2 3 2 1 2)              98.412
10160      (1 0 2 3 2 1 2)              98.412
10161      (1 0 1 2 1 1 1)              98.412
10162      (1 0 1 2 1 1 1)              98.412
10163      (1 0 2 3 1 1 1)              98.409
10164      (1 0 2 3 1 2 1)              98.410
10165      (1 0 2 3 2 1 2)              98.410
10166      (1 0 2 3 2 1 2)              98.410
10167      (1 0 2 3 2 1 2)              98.410
10168      (1 0 3 1 2 1 2)              98.410
10169      (1 0 3 1 2 1 2)              98.410
10170      (1 0 3 1 1 1 1)              98.408
10171      (1 0 3 1 2 1 2)              98.408
10172      (1 0 2 3 2 1 2)              98.408
10173      (1 0 1 2 1 1 1)              98.408
10174      (1 0 3 1 2 1 2)              98.408
10175      (1 0 2 3 1 2 1)              98.408
10176      (1 0 3 1 2 1 1)              98.409
10177      (1 0 1 2 2 2 1)              98.409
10178      (1 0 2 3 2 1 2)              98.409
10179      (1 0 2 3 2 1 2)              98.409
10180      (1 0 1 2 1 1 1)              98.409
10181      (1 0 3 1 2 1 2)              98.409
10182      (1 0 2 3 1 2 1)              98.410
10183      (1 0 2 3 1 1 1)              98.410
10184      (1 0 2 3 2 1 1)              98.410
10185      (1 0 3 1 2 1 2)              98.410
10186      (1 0 3 1 2 1 2)              98.410
10187      (1 0 2 3 2 1 2)              98.410
10188      (1 0 2 3 2 1 2)              98.411
10189      (1 0 3 1 2 1 2)              98.411
10190      (1 0 1 2 2 2 1)              98.411
10191      (1 0 2 3 2 1 2)              98.411
10192      (1 0 3 1 2 1 2)              98.411
10193      (1 0 2 3 2 1 2)              98.411
10194      (1 0 2 3 2 1 2)              98.411
10195      (1 0 2 3 2 1 1)              98.412
10196      (1 0 3 1 2 1 1)              98.410
10197      (1 0 3 1 2 1 1)              98.411
10198      (1 0 2 3 1 1 1)              98.409
10199      (1 0 3 1 1 1 1)              98.409
10200      (1 0 3 1 2 1 2)              98.410
10201      (1 0 1 2 1 1 1)              98.410
10202      (1 0 1 2 1 1 1)              98.410
10203      (1 0 3 1 0 0 1)              98.407
10204      (1 0 2 3 2 1 2)              98.407
10205      (1 0 1 2 1 1 1)              98.408
10206      (1 0 2 3 2 1 2)              98.408
10207      (1 0 0 0 1 2 0)              98.408
10208      (1 0 3 1 2 1 2)              98.408
10209      (1 0 3 1 2 1 2)              98.408
10210      (1 0 3 1 2 1 2)              98.408
10211      (1 0 1 2 1 1 1)              98.408
10212      (1 0 1 2 1 2 1)              98.409
10213      (1 0 3 1 2 1 1)              98.409
10214      (1 0 3 1 2 1 2)              98.409
10215      (1 0 2 3 1 2 1)              98.409
10216      (1 0 0 0 2 2 1)              98.409
10217      (1 0 2 3 2 1 2)              98.409
10218      (1 0 2 3 2 1 1)              98.410
10219      (1 0 1 2 1 1 1)              98.410
10220      (1 0 1 2 1 1 1)              98.410
10221      (1 0 1 2 1 1 1)              98.410
10222      (1 0 2 3 2 1 2)              98.410
10223      (1 0 1 2 1 1 1)              98.410
10224      (1 0 3 1 1 1 1)              98.411
10225      (1 0 1 2 1 1 1)              98.411
10226      (1 0 2 3 2 1 2)              98.411
10227      (1 0 3 1 2 1 2)              98.411
10228      (1 0 3 1 2 1 2)              98.411
10229      (1 0 2 3 2 1 2)              98.411
10230      (1 0 3 1 2 1 2)              98.411
10231      (1 0 2 3 2 1 2)              98.412
10232      (1 0 3 1 2 1 2)              98.412
10233      (1 0 1 2 1 1 1)              98.412
10234      (1 0 2 3 1 2 1)              98.412
10235      (1 0 2 3 2 1 2)              98.412
10236      (1 0 3 1 2 1 2)              98.412
10237      (1 0 2 3 2 1 2)              98.413
10238      (1 0 2 3 1 2 1)              98.413
10239      (1 0 3 1 1 1 1)              98.413
10240      (1 0 2 3 1 1 1)              98.413
10241      (1 0 1 2 1 1 1)              98.413
10242      (1 0 2 3 1 1 1)              98.413
10243      (1 0 2 3 1 1 1)              98.413
10244      (1 0 1 2 0 0 0)              98.409
10245      (1 0 2 3 2 1 2)              98.410
10246      (1 0 3 1 1 1 1)              98.407
10247      (1 0 2 3 1 2 1)              98.407
10248      (1 0 2 3 2 1 1)              98.407
10249      (1 0 2 3 2 1 2)              98.407
10250      (1 0 3 1 1 1 1)              98.408
10251      (1 0 2 3 2 1 2)              98.408
10252      (1 0 3 1 2 1 2)              98.408
10253      (1 0 2 3 1 2 1)              98.408
10254      (1 0 2 3 2 1 2)              98.408
10255      (1 0 2 3 2 1 2)              98.408
10256      (1 0 2 3 2 1 2)              98.409
10257      (1 0 3 1 2 1 2)              98.409
10258      (1 0 1 2 1 1 1)              98.409
10259      (1 0 3 1 1 1 1)              98.409
10260      (1 0 3 1 2 1 2)              98.408
10261      (1 0 2 3 2 1 2)              98.408
10262      (1 0 2 3 2 1 2)              98.408
10263      (1 0 3 1 2 1 1)              98.408
10264      (1 0 3 1 2 1 2)              98.408
10265      (1 0 3 1 2 1 2)              98.409
10266      (1 0 3 1 2 1 2)              98.409
10267      (1 0 2 3 2 1 1)              98.409
10268      (1 0 2 3 2 1 2)              98.409
10269      (1 0 2 3 2 1 2)              98.409
10270      (1 0 3 1 2 1 2)              98.409
10271      (1 0 1 2 2 2 1)              98.409
10272      (1 0 2 3 2 1 1)              98.410
10273      (1 0 3 1 2 1 2)              98.410
10274      (1 0 2 3 2 1 2)              98.410
10275      (1 0 1 2 1 1 1)              98.410
10276      (1 0 3 1 2 1 2)              98.410
10277      (1 0 0 3 1 2 1)              98.409
10278      (1 0 2 3 2 1 2)              98.409
10279      (1 0 1 2 1 1 1)              98.409
10280      (1 0 2 3 2 1 2)              98.409
10281      (1 0 2 3 2 1 2)              98.410
10282      (1 0 3 1 2 1 2)              98.410
10283      (1 0 1 2 1 1 1)              98.410
10284      (1 0 0 0 1 2 0)              98.410
10285      (1 0 2 3 2 1 2)              98.410
10286      (1 0 3 1 2 1 2)              98.410
10287      (1 0 2 3 2 1 2)              98.411
10288      (1 0 2 3 2 1 2)              98.411
10289      (1 0 1 2 1 2 0)              98.411
10290      (1 0 3 1 2 1 2)              98.411
10291      (1 0 3 1 1 1 1)              98.411
10292      (1 0 2 3 2 1 2)              98.411
10293      (1 0 3 1 2 1 2)              98.410
10294      (1 0 2 3 2 1 2)              98.410
10295      (1 0 2 3 2 1 2)              98.410
10296      (1 0 2 3 2 1 2)              98.411
10297      (1 0 1 2 1 1 1)              98.411
10298      (1 0 1 2 1 1 1)              98.411
10299      (1 0 2 3 2 2 1)              98.411
10300      (1 0 2 3 2 1 2)              98.411
10301      (1 0 2 3 2 1 2)              98.411
10302      (1 0 3 1 2 1 2)              98.411
10303      (1 0 1 2 1 1 1)              98.412
10304      (1 0 1 2 1 1 1)              98.412
10305      (1 0 2 3 2 1 1)              98.412
10306      (1 0 2 3 2 1 1)              98.412
10307      (1 0 2 3 2 1 2)              98.412
10308      (1 0 3 1 2 1 2)              98.412
10309      (1 0 3 1 2 1 2)              98.413
10310      (1 0 2 3 2 1 2)              98.413
10311      (1 0 3 1 2 1 2)              98.413
10312      (1 0 2 3 2 1 2)              98.413
10313      (1 0 2 3 2 1 2)              98.413
10314      (1 0 3 1 1 1 1)              98.413
10315      (1 0 3 1 1 1 1)              98.413
10316      (1 0 3 1 2 1 2)              98.414
10317      (1 0 1 2 1 2 1)              98.414
10318      (1 0 1 2 1 1 1)              98.414
10319      (1 0 1 2 1 1 1)              98.414
10320      (1 0 2 3 2 1 1)              98.413
10321      (1 0 1 2 1 1 1)              98.413
10322      (1 0 2 3 1 1 1)              98.413
10323      (1 0 2 3 2 1 2)              98.413
10324      (1 0 0 0 1 0 1)              98.409
10325      (1 0 0 0 2 2 1)              98.409
10326      (1 0 2 3 1 2 1)              98.410
10327      (1 0 2 3 1 1 1)              98.410
10328      (1 0 3 1 2 1 2)              98.410
10329      (1 0 2 3 2 1 2)              98.410
10330      (1 0 2 3 2 1 2)              98.410
10331      (1 0 2 3 1 1 1)              98.410
10332      (1 0 2 3 2 1 2)              98.411
10333      (1 0 1 2 1 1 1)              98.411
10334      (1 0 3 1 1 1 1)              98.408
10335      (1 0 2 3 2 1 2)              98.408
10336      (1 0 2 3 2 1 2)              98.408
10337      (1 0 1 2 1 1 1)              98.409
10338      (1 0 2 3 2 1 2)              98.409
10339      (1 0 2 3 2 1 2)              98.409
10340      (1 0 1 2 1 1 1)              98.409
10341      (1 0 2 3 1 2 1)              98.409
10342      (1 0 2 3 2 1 2)              98.409
10343      (1 0 2 3 2 1 2)              98.409
10344      (1 0 2 3 2 1 2)              98.410
10345      (1 0 3 1 2 1 2)              98.410
10346      (1 0 1 2 1 1 1)              98.410
10347      (1 0 2 3 1 1 1)              98.410
10348      (1 0 2 3 2 1 2)              98.410
10349      (1 0 0 0 2 2 1)              98.410
10350      (1 0 1 2 1 2 1)              98.411
10351      (1 0 2 3 2 1 2)              98.411
10352      (1 0 1 2 1 2 1)              98.411
10353      (1 0 2 3 2 1 2)              98.411
10354      (1 0 1 2 1 1 1)              98.411
10355      (1 0 3 1 2 1 2)              98.411
10356      (1 0 2 3 2 1 2)              98.411
10357      (1 0 1 2 1 1 1)              98.412
10358      (1 0 2 3 2 1 2)              98.412
10359      (1 0 3 1 1 1 1)              98.412
10360      (1 0 1 2 1 1 1)              98.412
10361      (1 0 1 2 1 1 1)              98.412
10362      (1 0 1 2 1 1 1)              98.412
10363      (1 0 2 3 2 1 2)              98.413
10364      (1 0 1 2 1 1 1)              98.413
10365      (1 0 3 1 2 1 2)              98.413
10366      (1 0 2 3 2 1 2)              98.413
10367      (1 0 2 3 2 1 2)              98.410
10368      (1 0 2 3 2 1 2)              98.411
10369      (1 0 2 3 2 1 2)              98.411
10370      (1 0 3 1 2 1 2)              98.411
10371      (1 0 2 3 2 1 2)              98.411
10372      (1 0 3 1 2 1 2)              98.411
10373      (1 0 3 1 2 1 2)              98.411
10374      (1 0 2 3 2 1 2)              98.411
10375      (1 0 1 2 1 1 1)              98.412
10376      (1 0 2 3 1 1 1)              98.412
10377      (1 0 3 1 2 1 2)              98.412
10378      (1 0 3 1 1 1 1)              98.412
10379      (1 0 2 3 2 1 1)              98.412
10380      (1 0 3 1 1 1 1)              98.412
10381      (1 0 2 3 2 1 2)              98.413
10382      (1 0 2 3 1 1 1)              98.413
10383      (1 0 1 2 1 1 1)              98.413
10384      (1 0 3 1 2 1 2)              98.412
10385      (1 0 3 1 1 1 1)              98.412
10386      (1 0 2 3 2 1 2)              98.412
10387      (1 0 2 3 2 1 2)              98.412
10388      (1 0 2 3 2 1 2)              98.412
10389      (1 0 2 3 2 1 1)              98.412
10390      (1 0 3 1 2 1 2)              98.413
10391      (1 0 2 3 2 1 2)              98.413
10392      (1 0 2 3 2 1 2)              98.413
10393      (1 0 1 2 1 1 1)              98.413
10394      (1 0 2 3 2 1 2)              98.413
10395      (1 0 3 1 1 1 1)              98.413
10396      (1 0 3 1 2 1 2)              98.413
10397      (1 0 2 3 2 1 2)              98.414
10398      (1 0 3 1 2 1 2)              98.414
10399      (1 0 1 0 0 2 0)              98.413
10400      (1 0 2 3 2 1 2)              98.413
10401      (1 0 3 1 2 1 2)              98.413
10402      (1 0 2 3 2 1 2)              98.413
10403      (1 0 3 1 2 1 2)              98.413
10404      (1 0 2 3 2 1 2)              98.413
10405      (1 0 2 3 2 1 2)              98.413
10406      (1 0 2 3 2 1 2)              98.414
10407      (1 0 3 1 2 1 1)              98.414
10408      (1 0 2 3 2 1 2)              98.414
10409      (1 0 3 1 2 1 2)              98.414
10410      (1 0 2 3 1 2 1)              98.414
10411      (1 0 2 3 2 1 2)              98.414
10412      (1 0 2 3 2 1 2)              98.415
10413      (1 0 2 3 2 1 2)              98.415
10414      (1 0 3 1 2 1 2)              98.415
10415      (1 0 2 3 2 1 2)              98.415
10416      (1 0 1 2 1 1 1)              98.415
10417      (1 0 2 3 2 1 2)              98.415
10418      (1 0 1 2 1 1 1)              98.415
10419      (1 0 1 2 1 1 1)              98.416
10420      (1 0 2 3 2 1 2)              98.416
10421      (1 0 2 3 2 1 2)              98.416
10422      (1 0 2 3 2 1 2)              98.416
10423      (1 0 2 3 1 1 1)              98.416
10424      (1 0 2 3 2 1 2)              98.416
10425      (1 0 2 3 2 1 2)              98.417
10426      (1 0 2 3 2 1 2)              98.417
10427      (1 0 3 1 2 1 2)              98.415
10428      (1 0 2 3 2 1 2)              98.416
10429      (1 0 2 3 2 1 2)              98.416
10430      (1 0 2 3 2 1 2)              98.416
10431      (1 0 0 0 2 2 1)              98.416
10432      (1 0 1 2 1 1 1)              98.416
10433      (1 0 2 3 2 1 2)              98.416
10434      (1 0 2 3 2 1 1)              98.417
10435      (1 0 2 3 2 1 2)              98.417
10436      (1 0 3 1 2 1 2)              98.417
10437      (1 0 3 1 2 1 2)              98.417
10438      (1 0 1 2 1 1 1)              98.417
10439      (1 0 2 3 2 1 2)              98.417
10440      (1 0 3 1 2 1 2)              98.417
10441      (1 0 2 3 2 1 2)              98.418
10442      (1 0 1 2 1 1 1)              98.418
10443      (1 0 2 3 2 1 2)              98.418
10444      (1 0 2 3 2 1 2)              98.418
10445      (1 0 2 3 2 1 1)              98.418
10446      (1 0 2 3 0 0 0)              98.418
10447      (1 0 2 3 2 1 2)              98.418
10448      (1 0 2 3 2 1 2)              98.419
10449      (1 0 3 1 2 1 2)              98.419
10450      (1 0 3 1 2 1 2)              98.419
10451      (1 0 2 3 2 1 2)              98.419
10452      (1 0 3 1 1 1 1)              98.418
10453      (1 0 1 2 1 2 0)              98.418
10454      (1 0 3 1 2 1 2)              98.418
10455      (1 0 2 3 2 1 1)              98.418
10456      (1 0 0 0 1 2 0)              98.418
10457      (1 0 2 3 2 1 2)              98.419
10458      (1 0 1 2 1 1 1)              98.419
10459      (1 0 1 2 1 1 1)              98.419
10460      (1 0 3 1 2 1 2)              98.419
10461      (1 0 3 1 2 1 2)              98.419
10462      (1 0 2 3 2 1 2)              98.419
10463      (1 0 2 3 2 1 2)              98.420
10464      (1 0 2 3 1 1 1)              98.417
10465      (1 0 3 1 2 1 2)              98.417
10466      (1 0 1 2 1 1 1)              98.417
10467      (1 0 1 2 1 1 1)              98.417
10468      (1 0 3 1 2 1 2)              98.418
10469      (1 0 2 3 2 1 2)              98.418
10470      (1 0 2 3 2 1 2)              98.418
10471      (1 0 2 3 2 1 2)              98.418
10472      (1 0 1 2 1 1 1)              98.418
10473      (1 0 3 1 2 1 2)              98.418
10474      (1 0 2 3 2 1 1)              98.418
10475      (1 0 2 3 2 1 2)              98.419
10476      (1 0 0 0 2 2 1)              98.419
10477      (1 0 2 3 2 1 2)              98.419
10478      (1 0 3 1 2 1 1)              98.419
10479      (1 0 2 3 2 1 1)              98.418
10480      (1 0 1 2 1 2 1)              98.418
10481      (1 0 2 3 2 1 2)              98.418
10482      (1 0 3 1 2 1 2)              98.418
10483      (1 0 2 3 2 1 2)              98.418
10484      (1 0 3 1 2 1 1)              98.419
10485      (1 0 2 3 2 1 2)              98.419
10486      (1 0 2 3 2 1 2)              98.419
10487      (1 0 2 3 2 1 2)              98.419
10488      (1 0 2 3 2 1 1)              98.418
10489      (1 0 2 3 2 1 2)              98.418
10490      (1 0 1 2 1 1 1)              98.418
10491      (1 0 3 1 2 1 1)              98.418
10492      (1 0 2 3 2 1 2)              98.418
10493      (1 0 2 3 2 1 2)              98.419
10494      (1 0 2 3 2 1 1)              98.419
10495      (1 0 2 3 2 1 2)              98.419
10496      (1 0 2 3 2 1 2)              98.419
10497      (1 0 3 1 2 1 2)              98.419
10498      (1 0 2 3 2 1 2)              98.419
10499      (1 0 2 3 2 1 1)              98.420
10500      (1 0 1 2 1 1 1)              98.420
10501      (1 0 2 3 1 2 1)              98.420
10502      (1 0 2 3 1 1 1)              98.420
10503      (1 0 2 3 2 1 2)              98.420
10504      (1 0 1 2 1 1 1)              98.420
10505      (1 0 3 1 2 1 2)              98.420
10506      (1 0 1 2 1 1 1)              98.421
10507      (1 0 3 1 2 1 2)              98.421
10508      (1 0 1 2 1 1 1)              98.421
10509      (1 0 3 1 2 1 2)              98.421
10510      (1 0 3 1 2 1 1)              98.420
10511      (1 0 1 2 1 2 1)              98.420
10512      (1 0 2 3 2 1 2)              98.420
10513      (1 0 2 3 2 1 2)              98.420
10514      (1 0 3 1 2 1 2)              98.420
10515      (1 0 3 1 2 1 2)              98.421
10516      (1 0 2 3 2 1 2)              98.421
10517      (1 0 2 3 2 1 2)              98.421
10518      (1 0 2 3 2 1 2)              98.421
10519      (1 0 2 3 2 2 1)              98.421
10520      (1 0 2 3 1 1 0)              98.420
10521      (1 0 2 3 2 1 2)              98.420
10522      (1 0 2 3 2 1 2)              98.420
10523      (1 0 3 1 2 1 2)              98.420
10524      (1 0 2 3 2 1 2)              98.421
10525      (1 0 2 3 2 1 2)              98.421
10526      (1 0 2 3 2 1 2)              98.421
10527      (1 0 1 2 1 1 1)              98.421
10528      (1 0 3 1 2 1 2)              98.421
10529      (1 0 3 1 2 1 2)              98.421
10530      (1 0 3 1 2 1 2)              98.421
10531      (1 0 1 2 1 1 1)              98.422
10532      (1 0 3 1 2 1 2)              98.420
10533      (1 0 1 2 1 2 0)              98.421
10534      (1 0 3 1 2 1 1)              98.421
10535      (1 0 2 3 1 2 1)              98.421
10536      (1 0 1 2 1 1 1)              98.421
10537      (1 0 1 2 1 1 1)              98.421
10538      (1 0 1 2 1 1 1)              98.421
10539      (1 0 3 1 2 1 2)              98.421
10540      (1 0 2 3 2 1 2)              98.422
10541      (1 0 2 3 2 1 2)              98.422
10542      (1 0 2 3 2 1 2)              98.422
10543      (1 0 1 2 1 1 1)              98.422
10544      (1 0 3 1 2 1 2)              98.422
10545      (1 0 2 3 1 1 1)              98.422
10546      (1 0 2 3 2 1 2)              98.423
10547      (1 0 2 3 2 1 2)              98.423
10548      (1 0 2 3 2 1 1)              98.423
10549      (1 0 0 0 2 2 1)              98.423
10550      (1 0 1 2 1 1 1)              98.423
10551      (1 0 3 1 1 1 1)              98.423
10552      (1 0 1 2 1 1 1)              98.423
10553      (1 0 1 2 1 1 1)              98.424
10554      (1 0 1 2 1 1 1)              98.424
10555      (1 0 3 1 2 1 2)              98.424
10556      (1 0 1 2 1 1 1)              98.424
10557      (1 0 1 2 1 1 1)              98.424
10558      (1 0 1 2 1 1 1)              98.424
10559      (1 0 3 1 1 1 1)              98.424
10560      (1 0 3 1 2 1 2)              98.425
10561      (1 0 2 3 2 1 2)              98.425
10562      (1 0 2 3 1 2 1)              98.425
10563      (1 0 2 3 2 1 2)              98.425
10564      (1 0 2 3 1 1 1)              98.425
10565      (1 0 2 3 2 1 2)              98.425
10566      (1 0 2 3 2 1 2)              98.425
10567      (1 0 1 2 0 0 1)              98.426
10568      (1 0 2 3 1 1 1)              98.426
10569      (1 0 3 1 2 1 2)              98.426
10570      (1 0 1 2 1 1 1)              98.426
10571      (1 0 3 1 2 1 2)              98.425
10572      (1 0 2 3 2 1 2)              98.425
10573      (1 0 3 1 2 1 2)              98.424
10574      (1 0 3 1 2 1 2)              98.424
10575      (1 0 3 1 2 1 2)              98.424
10576      (1 0 3 1 2 1 2)              98.424
10577      (1 0 2 3 2 1 2)              98.424
10578      (1 0 2 3 2 1 2)              98.425
10579      (1 0 3 1 2 1 2)              98.425
10580      (1 0 3 1 2 1 1)              98.425
10581      (1 0 2 3 2 1 1)              98.425
10582      (1 0 1 2 1 2 1)              98.425
10583      (1 0 3 1 2 1 2)              98.425
10584      (1 0 1 2 1 2 0)              98.425
10585      (1 0 2 3 2 1 2)              98.426
10586      (1 0 2 3 2 1 2)              98.426
10587      (1 0 2 3 2 1 1)              98.426
10588      (1 0 2 3 2 1 2)              98.426
10589      (1 0 2 3 2 1 2)              98.426
10590      (1 0 0 0 1 2 0)              98.426
10591      (1 0 3 1 1 1 1)              98.427
10592      (1 0 2 3 2 1 2)              98.427
10593      (1 0 3 1 2 1 2)              98.424
10594      (1 0 2 3 2 1 2)              98.424
10595      (1 0 3 1 2 1 2)              98.424
10596      (1 0 3 1 2 1 2)              98.425
10597      (1 0 2 3 1 2 1)              98.425
10598      (1 0 3 1 1 1 1)              98.425
10599      (1 0 0 0 1 2 0)              98.425
10600      (1 0 2 3 2 1 2)              98.425
10601      (1 0 1 2 1 1 1)              98.425
10602      (1 0 2 3 2 1 2)              98.425
10603      (1 0 1 2 1 2 1)              98.426
10604      (1 0 2 3 2 1 2)              98.426
10605      (1 0 1 2 1 1 1)              98.426
10606      (1 0 3 1 2 1 2)              98.426
10607      (1 0 2 3 2 1 2)              98.426
10608      (1 0 2 3 1 2 1)              98.426
10609      (1 0 2 3 2 1 2)              98.426
10610      (1 0 1 2 1 1 1)              98.427
10611      (1 0 1 2 1 1 1)              98.427
10612      (1 0 1 2 1 1 1)              98.427
10613      (1 0 3 1 2 1 2)              98.427
10614      (1 0 2 3 2 1 2)              98.427
10615      (1 0 1 2 1 1 1)              98.427
10616      (1 0 3 1 2 1 2)              98.428
10617      (1 0 1 2 0 0 1)              98.428
10618      (1 0 1 2 1 2 1)              98.428
10619      (1 0 2 3 2 1 2)              98.428
10620      (1 0 2 3 2 2 1)              98.428
10621      (1 0 2 3 2 1 2)              98.428
10622      (1 0 2 3 1 1 1)              98.428
10623      (1 0 2 3 2 1 2)              98.429
10624      (1 0 2 3 1 2 1)              98.429
10625      (1 0 2 3 2 1 2)              98.429
10626      (1 0 2 3 2 1 2)              98.429
10627      (1 0 2 3 2 1 2)              98.429
10628      (1 0 2 3 2 1 2)              98.429
10629      (1 0 1 2 1 1 1)              98.429
10630      (1 0 2 3 2 1 2)              98.430
10631      (1 0 1 2 2 2 1)              98.430
10632      (1 0 2 3 2 1 2)              98.430
10633      (1 0 3 1 2 1 2)              98.430
10634      (1 0 3 1 2 1 2)              98.429
10635      (1 0 2 3 2 1 2)              98.429
10636      (1 0 2 3 2 1 2)              98.429
10637      (1 0 2 3 2 1 1)              98.429
10638      (1 0 1 2 1 1 1)              98.429
10639      (1 0 2 3 2 1 2)              98.430
10640      (1 0 2 3 2 1 2)              98.430
10641      (1 0 1 2 1 1 1)              98.430
10642      (1 0 3 1 2 1 2)              98.429
10643      (1 0 1 2 1 1 1)              98.429
10644      (1 0 0 0 2 2 1)              98.429
10645      (1 0 2 3 1 2 1)              98.429
10646      (1 0 2 3 1 2 1)              98.429
10647      (1 0 2 3 2 1 2)              98.429
10648      (1 0 1 2 1 1 1)              98.430
10649      (1 0 2 3 2 1 1)              98.428
10650      (1 0 1 2 1 1 1)              98.429
10651      (1 0 2 3 2 1 2)              98.429
10652      (1 0 1 2 0 0 1)              98.429
10653      (1 0 2 3 2 1 2)              98.429
10654      (1 0 2 3 2 1 2)              98.429
10655      (1 0 3 1 2 1 2)              98.429
10656      (1 0 2 3 2 1 1)              98.428
10657      (1 0 2 3 1 1 1)              98.428
10658      (1 0 2 3 2 1 2)              98.428
10659      (1 0 1 2 1 1 1)              98.429
10660      (1 0 2 3 2 1 2)              98.429
10661      (1 0 2 3 1 2 1)              98.429
10662      (1 0 3 1 2 1 2)              98.428
10663      (1 0 1 2 1 1 1)              98.428
10664      (1 0 2 3 2 1 2)              98.428
10665      (1 0 1 2 1 2 1)              98.427
10666      (1 0 2 3 2 1 1)              98.427
10667      (1 0 2 3 2 1 2)              98.427
10668      (1 0 2 3 2 1 2)              98.427
10669      (1 0 2 3 2 2 1)              98.427
10670      (1 0 1 2 1 1 1)              98.427
10671      (1 0 2 3 2 1 1)              98.428
10672      (1 0 3 1 2 1 2)              98.428
10673      (1 0 2 3 2 1 2)              98.428
10674      (1 0 2 3 2 1 2)              98.428
10675      (1 0 2 3 2 1 1)              98.428
10676      (1 0 3 1 2 1 1)              98.428
10677      (1 0 2 3 2 1 2)              98.428
10678      (1 0 2 3 1 2 1)              98.429
10679      (1 0 0 0 1 2 0)              98.429
10680      (1 0 2 3 2 1 2)              98.429
10681      (1 0 2 3 2 1 1)              98.429
10682      (1 0 3 1 2 1 2)              98.429
10683      (1 0 2 3 2 1 2)              98.429
10684      (1 0 2 3 1 2 1)              98.430
10685      (1 0 2 3 2 1 2)              98.430
10686      (1 0 3 1 2 1 2)              98.430
10687      (1 0 3 1 2 1 2)              98.430
10688      (1 0 2 3 1 1 1)              98.430
10689      (1 0 3 1 2 1 2)              98.430
10690      (1 0 1 2 1 1 1)              98.430
10691      (1 0 3 1 1 1 1)              98.431
10692      (1 0 1 2 1 1 1)              98.431
10693      (1 0 2 3 2 1 2)              98.431
10694      (1 0 2 3 2 1 1)              98.430
10695      (1 0 2 3 2 1 2)              98.430
10696      (1 0 3 1 2 1 1)              98.429
10697      (1 0 2 3 2 1 2)              98.429
10698      (1 0 2 3 2 1 2)              98.429
10699      (1 0 1 2 1 1 1)              98.429
10700      (1 0 3 1 2 1 2)              98.428
10701      (1 0 1 2 1 1 1)              98.428
10702      (1 0 2 3 2 1 2)              98.428
10703      (1 0 1 2 1 2 1)              98.428
10704      (1 0 2 3 2 1 2)              98.428
10705      (1 0 1 2 1 2 1)              98.427
10706      (1 0 3 1 2 1 1)              98.427
10707      (1 0 2 3 2 1 2)              98.428
10708      (1 0 3 1 2 1 2)              98.425
10709      (1 0 1 2 0 0 1)              98.425
10710      (1 0 3 1 2 1 2)              98.425
10711      (1 0 3 1 2 1 2)              98.425
10712      (1 0 1 2 1 1 1)              98.426
10713      (1 0 1 2 1 1 1)              98.426
10714      (1 0 3 1 2 1 2)              98.426
10715      (1 0 3 1 2 1 2)              98.426
10716      (1 0 3 1 2 1 2)              98.425
10717      (1 0 1 2 1 2 0)              98.425
10718      (1 0 2 3 2 1 2)              98.425
10719      (1 0 3 1 2 1 2)              98.425
10720      (1 0 3 1 2 1 2)              98.424
10721      (1 0 2 3 2 1 2)              98.424
10722      (1 0 3 1 2 1 2)              98.424
10723      (1 0 1 2 1 2 1)              98.425
10724      (1 0 2 3 1 1 1)              98.423
10725      (1 0 2 3 1 2 1)              98.424
10726      (1 0 2 3 2 1 2)              98.424
10727      (1 0 2 3 2 1 2)              98.424
10728      (1 0 2 3 2 1 1)              98.424
10729      (1 0 2 3 2 1 2)              98.424
10730      (1 0 1 2 1 1 1)              98.424
10731      (1 0 2 3 2 1 1)              98.424
10732      (1 0 2 3 2 1 2)              98.425
10733      (1 0 1 2 1 1 1)              98.425
10734      (1 0 3 1 2 1 2)              98.425
10735      (1 0 1 2 1 1 1)              98.425
10736      (1 0 2 3 2 1 2)              98.425
10737      (1 0 3 1 2 1 2)              98.425
10738      (1 0 2 3 1 2 1)              98.425
10739      (1 0 3 1 1 2 1)              98.426
10740      (1 0 3 1 2 1 2)              98.426
10741      (1 0 2 3 2 1 2)              98.426
10742      (1 0 3 1 2 1 1)              98.425
10743      (1 0 3 1 2 1 2)              98.424
10744      (1 0 2 3 2 1 2)              98.424
10745      (1 0 1 2 0 0 1)              98.424
10746      (1 0 2 3 2 1 2)              98.424
10747      (1 0 2 3 2 1 1)              98.423
10748      (1 0 2 3 2 1 2)              98.423
10749      (1 0 3 1 2 1 2)              98.423
10750      (1 0 2 3 2 1 2)              98.423
10751      (1 0 2 3 2 1 1)              98.423
10752      (1 0 2 3 1 2 0)              98.423
10753      (1 0 1 2 1 1 1)              98.424
10754      (1 0 2 3 2 1 2)              98.424
10755      (1 0 1 2 2 2 1)              98.424
10756      (1 0 2 3 1 2 1)              98.424
10757      (1 0 2 3 2 1 2)              98.424
10758      (1 0 2 3 2 1 2)              98.424
10759      (1 0 2 3 1 1 1)              98.425
10760      (1 0 0 0 0 0 0)              98.422
10761      (1 0 2 3 2 1 1)              98.422
10762      (1 0 2 3 2 1 2)              98.422
10763      (1 0 3 1 2 1 2)              98.422
10764      (1 0 2 3 2 1 2)              98.423
10765      (1 0 2 3 1 2 1)              98.423
10766      (1 0 1 2 1 1 1)              98.423
10767      (1 0 3 1 1 1 1)              98.423
10768      (1 0 2 3 0 0 0)              98.423
10769      (1 0 2 3 2 1 2)              98.423
10770      (1 0 2 3 2 1 2)              98.423
10771      (1 0 2 3 2 1 1)              98.424
10772      (1 0 2 3 2 1 1)              98.424
10773      (1 0 3 1 2 1 2)              98.424
10774      (1 0 1 2 1 2 1)              98.424
10775      (1 0 3 1 2 1 2)              98.424
10776      (1 0 2 3 2 1 2)              98.424
10777      (1 0 1 2 1 1 1)              98.425
10778      (1 0 3 1 2 1 2)              98.423
10779      (1 0 3 1 2 1 2)              98.423
10780      (1 0 3 1 2 1 2)              98.424
10781      (1 0 2 3 2 1 2)              98.424
10782      (1 0 2 3 2 1 2)              98.424
10783      (1 0 2 3 2 2 1)              98.424
10784      (1 0 1 2 1 1 1)              98.424
10785      (1 0 2 3 1 1 1)              98.424
10786      (1 0 3 1 1 1 1)              98.424
10787      (1 0 2 3 2 1 2)              98.425
10788      (1 0 2 3 1 2 1)              98.425
10789      (1 0 1 2 1 1 1)              98.425
10790      (1 0 2 3 2 1 2)              98.425
10791      (1 0 2 3 1 2 1)              98.425
10792      (1 0 1 2 1 1 1)              98.425
10793      (1 0 1 2 1 1 1)              98.426
10794      (1 0 2 3 2 1 2)              98.426
10795      (1 0 2 3 2 1 1)              98.426
10796      (1 0 1 2 1 1 1)              98.426
10797      (1 0 2 3 2 1 2)              98.426
10798      (1 0 2 3 1 2 1)              98.426
10799      (1 0 2 3 2 1 1)              98.426
10800      (1 0 2 3 1 1 1)              98.427
10801      (1 0 2 3 2 1 2)              98.427
10802      (1 0 2 3 2 1 2)              98.427
10803      (1 0 3 1 2 1 2)              98.427
10804      (1 0 2 3 2 1 2)              98.427
10805      (1 0 3 1 2 1 2)              98.427
10806      (1 0 1 2 1 1 1)              98.427
10807      (1 0 3 1 2 1 2)              98.428
10808      (1 0 2 3 2 1 2)              98.428
10809      (1 0 2 3 2 1 2)              98.428
10810      (1 0 1 2 1 1 1)              98.428
10811      (1 0 1 2 1 1 1)              98.428
10812      (1 0 2 3 1 2 1)              98.428
10813      (1 0 3 1 1 1 1)              98.426
10814      (1 0 0 0 1 2 0)              98.426
10815      (1 0 3 1 2 1 2)              98.426
10816      (1 0 1 2 0 0 1)              98.426
10817      (1 0 2 3 2 1 2)              98.426
10818      (1 0 2 3 2 1 2)              98.427
10819      (1 0 2 3 2 1 2)              98.427
10820      (1 0 1 2 0 0 1)              98.427
10821      (1 0 2 3 2 1 1)              98.427
10822      (1 0 2 3 2 1 2)              98.427
10823      (1 0 3 1 2 1 2)              98.427
10824      (1 0 2 3 2 1 1)              98.427
10825      (1 0 1 2 1 1 1)              98.428
10826      (1 0 3 1 2 1 2)              98.428
10827      (1 0 3 1 2 1 2)              98.428
10828      (1 0 3 1 2 1 2)              98.428
10829      (1 0 1 2 1 1 1)              98.428
10830      (1 0 1 2 1 2 0)              98.428
10831      (1 0 2 3 2 1 2)              98.428
10832      (1 0 1 2 1 1 1)              98.429
10833      (1 0 3 1 2 1 2)              98.429
10834      (1 0 2 3 2 1 2)              98.429
10835      (1 0 2 3 2 1 2)              98.429
10836      (1 0 2 3 2 1 2)              98.429
10837      (1 0 3 1 2 1 2)              98.428
10838      (1 0 1 2 1 1 1)              98.428
10839      (1 0 2 3 2 1 2)              98.428
10840      (1 0 2 3 2 1 2)              98.428
10841      (1 0 1 2 1 2 1)              98.429
10842      (1 0 2 3 2 1 2)              98.429
10843      (1 0 2 3 2 1 2)              98.429
10844      (1 0 2 3 2 1 2)              98.429
10845      (1 0 2 3 2 1 2)              98.429
10846      (1 0 2 3 1 2 1)              98.429
10847      (1 0 1 2 1 1 1)              98.429
10848      (1 0 2 3 1 1 1)              98.430
10849      (1 0 2 3 2 1 2)              98.430
10850      (1 0 0 0 2 2 1)              98.430
10851      (1 0 2 3 2 1 2)              98.430
10852      (1 0 2 3 1 1 1)              98.430
10853      (1 0 1 2 1 1 1)              98.430
10854      (1 0 2 3 2 1 2)              98.430
10855      (1 0 2 3 1 2 1)              98.431
10856      (1 0 1 2 0 0 1)              98.431
10857      (1 0 3 1 2 1 2)              98.430
10858      (1 0 2 3 2 1 2)              98.430
10859      (1 0 2 3 1 1 0)              98.429
10860      (1 0 2 3 2 1 1)              98.429
10861      (1 0 2 3 2 1 1)              98.429
10862      (1 0 2 3 2 1 2)              98.429
10863      (1 0 2 3 2 1 1)              98.429
10864      (1 0 2 3 2 1 2)              98.429
10865      (1 0 3 1 2 1 2)              98.429
10866      (1 0 2 3 2 1 2)              98.430
10867      (1 0 2 3 2 1 2)              98.430
10868      (1 0 3 1 2 1 2)              98.430
10869      (1 0 2 3 2 1 2)              98.430
10870      (1 0 2 3 2 1 2)              98.430
10871      (1 0 1 2 1 1 1)              98.430
10872      (1 0 2 3 2 1 2)              98.430
10873      (1 0 0 0 2 2 1)              98.431
10874      (1 0 2 3 2 1 1)              98.431
10875      (1 0 3 1 2 1 2)              98.431
10876      (1 0 1 2 1 2 1)              98.431
10877      (1 0 1 2 1 1 1)              98.431
10878      (1 0 2 2 0 0 1)              98.429
10879      (1 0 3 1 2 1 2)              98.427
10880      (1 0 2 3 2 1 2)              98.428
10881      (1 0 2 3 2 1 2)              98.428
10882      (1 0 2 3 2 1 2)              98.428
10883      (1 0 2 3 2 1 2)              98.428
10884      (1 0 2 3 2 1 1)              98.428
10885      (1 0 3 1 2 1 2)              98.428
10886      (1 0 3 1 2 1 1)              98.428
10887      (1 0 1 2 1 1 1)              98.429
10888      (1 0 1 2 1 1 1)              98.429
10889      (1 0 1 2 1 1 1)              98.429
10890      (1 0 3 1 2 1 2)              98.428
10891      (1 0 3 1 2 1 2)              98.428
10892      (1 0 2 3 2 1 2)              98.428
10893      (1 0 2 3 2 1 2)              98.428
10894      (1 0 2 3 2 1 2)              98.428
10895      (1 0 2 3 2 1 2)              98.428
10896      (1 0 2 3 1 2 1)              98.429
10897      (1 0 3 1 2 1 2)              98.429
10898      (1 0 2 3 1 2 1)              98.429
10899      (1 0 2 3 2 1 1)              98.429
10900      (1 0 2 3 2 1 2)              98.429
10901      (1 0 1 2 0 0 1)              98.429
10902      (1 0 3 1 2 1 2)              98.429
10903      (1 0 1 2 1 2 0)              98.430
10904      (1 0 1 2 1 2 1)              98.430
10905      (1 0 2 3 2 1 2)              98.430
10906      (1 0 2 3 2 1 2)              98.430
10907      (1 0 2 3 2 1 2)              98.430
10908      (1 0 1 2 1 1 1)              98.430
10909      (1 0 1 2 2 2 1)              98.430
10910      (1 0 2 3 2 1 2)              98.431
10911      (1 0 3 1 2 1 1)              98.431
10912      (1 0 2 3 2 1 2)              98.431
10913      (1 0 3 1 2 1 2)              98.431
10914      (1 0 1 2 1 1 1)              98.431
10915      (1 0 1 2 1 1 1)              98.431
10916      (1 0 1 2 1 1 1)              98.431
10917      (1 0 2 3 2 1 2)              98.432
10918      (1 0 2 3 1 1 1)              98.432
10919      (1 0 1 2 1 1 1)              98.432
10920      (1 0 3 1 2 1 2)              98.432
10921      (1 0 2 3 2 1 2)              98.432
10922      (1 0 1 2 1 1 1)              98.432
10923      (1 0 1 2 1 1 1)              98.433
10924      (1 0 1 2 1 1 1)              98.433
10925      (1 0 3 1 2 1 2)              98.433
10926      (1 0 2 3 2 1 2)              98.433
10927      (1 0 2 3 2 1 1)              98.432
10928      (1 0 3 2 0 0 1)              98.431
10929      (1 0 1 2 1 1 1)              98.431
10930      (1 0 1 2 1 1 1)              98.431
10931      (1 0 2 3 2 1 2)              98.431
10932      (1 0 3 1 2 1 2)              98.431
10933      (1 0 2 3 2 1 2)              98.431
10934      (1 0 2 3 2 1 2)              98.431
10935      (1 0 3 1 2 1 2)              98.432
10936      (1 0 3 1 2 1 2)              98.430
10937      (1 0 2 3 1 2 1)              98.431
10939      (1 0 2 3 2 1 2)              98.431
10940      (1 0 3 1 2 1 1)              98.431
10941      (1 0 3 1 2 1 2)              98.430
10942      (1 0 3 1 1 1 1)              98.430
10943      (1 0 3 1 2 1 1)              98.430
10944      (1 0 0 0 2 2 1)              98.430
10945      (1 0 2 3 1 2 1)              98.430
10946      (1 0 2 3 2 1 2)              98.430
10947      (1 0 1 2 1 1 1)              98.431
10948      (1 0 1 2 1 1 1)              98.431
10949      (1 0 3 1 2 1 2)              98.431
10950      (1 0 2 3 2 1 2)              98.431
10951      (1 0 0 0 1 2 1)              98.431
10952      (1 0 3 1 2 1 2)              98.431
10953      (1 0 2 3 1 2 1)              98.431
10954      (1 0 2 3 1 2 0)              98.432
10955      (1 0 3 1 2 1 2)              98.432
10956      (1 0 3 1 2 1 2)              98.432
10957      (1 0 1 2 1 2 1)              98.432
10958      (1 0 2 3 2 1 2)              98.432
10959      (1 0 2 3 2 1 1)              98.432
10960      (1 0 1 2 1 1 1)              98.432
10961      (1 0 1 2 1 1 1)              98.433
10962      (1 0 2 3 2 1 2)              98.433
10963      (1 0 1 2 1 1 1)              98.433
10964      (1 0 2 3 1 2 1)              98.433
10965      (1 0 2 3 2 2 1)              98.433
10966      (1 0 1 2 1 1 1)              98.433
10967      (1 0 3 1 2 1 2)              98.433
10968      (1 0 3 1 2 1 1)              98.434
10969      (1 0 1 2 1 1 1)              98.434
10970      (1 0 3 1 2 1 2)              98.434
10971      (1 0 3 1 2 1 1)              98.434
10972      (1 0 2 3 2 1 2)              98.434
10973      (1 0 0 0 1 0 1)              98.432
10974      (1 0 2 3 2 1 2)              98.432
10975      (1 0 2 3 2 1 2)              98.432
10976      (1 0 1 2 1 1 1)              98.432
10977      (1 0 2 3 1 1 1)              98.432
10978      (1 0 2 3 2 1 2)              98.432
10979      (1 0 1 2 1 1 1)              98.433
10980      (1 0 3 1 2 1 2)              98.433
10981      (1 0 2 3 2 1 2)              98.433
10982      (1 0 3 1 2 1 2)              98.433
10983      (1 0 2 3 1 1 1)              98.433
10984      (1 0 2 3 2 1 1)              98.433
10985      (1 0 1 2 1 1 1)              98.433
10986      (1 0 3 1 2 1 2)              98.434
10987      (1 0 3 1 2 1 2)              98.434
10988      (1 0 2 3 2 1 2)              98.434
10989      (1 0 0 0 2 2 1)              98.434
10990      (1 0 3 1 2 1 2)              98.434
10991      (1 0 2 3 2 1 2)              98.434
10992      (1 0 2 3 2 1 2)              98.434
10993      (1 0 2 3 2 1 2)              98.435
10994      (1 0 3 1 2 1 2)              98.435
10995      (1 0 2 3 2 1 2)              98.435
10996      (1 0 1 2 1 1 1)              98.435
10997      (1 0 1 2 1 1 1)              98.435
10998      (1 0 2 3 2 1 2)              98.435
10999      (1 0 1 2 1 1 1)              98.435
11000      (1 0 1 2 1 1 1)              98.436
11001      (1 0 2 3 2 1 2)              98.436
11002      (1 0 2 3 2 1 2)              98.436
11003      (1 0 2 3 1 2 1)              98.436
11004      (1 0 3 1 2 1 2)              98.436
11005      (1 0 3 1 2 1 2)              98.436
11006      (1 0 1 2 0 0 1)              98.436
11007      (1 0 3 1 2 1 2)              98.437
11008      (1 0 2 3 2 1 2)              98.437
11009      (1 0 1 2 1 1 1)              98.437
11010      (1 0 3 1 2 1 2)              98.436
11011      (1 0 3 1 2 1 2)              98.435
11012      (1 0 1 2 1 1 1)              98.435
11013      (1 0 3 1 2 1 2)              98.435
11014      (1 0 2 3 1 1 1)              98.432
11015      (1 0 3 1 2 1 2)              98.432
11016      (1 0 1 2 1 1 1)              98.433
11017      (1 0 2 3 2 1 2)              98.433
11018      (1 0 2 3 2 1 1)              98.433
11019      (1 0 3 1 2 1 2)              98.433
11020      (1 0 3 1 2 1 2)              98.433
11021      (1 0 2 3 2 1 2)              98.433
11022      (1 0 3 1 2 1 2)              98.433
11023      (1 0 3 1 2 1 2)              98.434
11024      (1 0 1 2 1 2 1)              98.432
11025      (1 0 2 3 2 1 2)              98.433
11026      (1 0 1 2 1 1 1)              98.433
11027      (1 0 1 2 1 1 1)              98.433
11028      (1 0 2 3 2 1 2)              98.433
11029      (1 0 2 3 1 2 1)              98.432
11030      (1 0 2 3 1 1 1)              98.432
11031      (1 0 2 3 2 1 2)              98.432
11032      (1 0 1 2 1 1 1)              98.432
11033      (1 0 2 3 2 1 2)              98.432
11034      (1 0 0 0 2 2 1)              98.433
11035      (1 0 2 3 1 1 1)              98.433
11036      (1 0 1 2 1 1 1)              98.433
11037      (1 0 1 1 0 0 1)              98.432
11038      (1 0 2 3 2 1 2)              98.432
11039      (1 0 1 2 1 2 1)              98.432
11040      (1 0 3 3 1 1 1)              98.428
11041      (1 0 4 4 0 2 0)              98.425
11042      (1 0 4 2 1 2 1)              98.421
11043      (1 0 2 3 2 0 2)              98.420
11044      (1 0 1 3 1 0 1)              98.416
11045      (1 0 2 6 1 2 1)              98.412
11046      (1 0 2 6 1 2 1)              98.408
11047      (1 0 0 0 0 0 0)              98.403
11048      (1 0 2 6 1 2 1)              98.400
11049      (1 0 0 0 2 2 1)              98.397
11050      (1 0 2 3 1 2 1)              98.395
11051      (1 0 1 5 1 1 1)              98.390
11052      (1 0 1 3 1 0 1)              98.387
11053      (1 0 2 0 2 1 2)              98.382
11054      (1 0 2 3 1 1 1)              98.377
11055      (1 0 1 0 1 0 1)              98.375
11056      (1 0 1 3 1 0 1)              98.370
11057      (1 0 2 6 1 2 1)              98.366
11058      (1 0 2 2 1 0 1)              98.362
11059      (1 0 1 5 1 1 1)              98.360
11060      (1 0 2 3 1 1 1)              98.356
11061      (1 0 1 5 2 2 2)              98.354
11062      (1 0 2 3 1 0 1)              98.351
11063      (1 0 1 5 1 1 1)              98.345
11064      (1 0 2 3 1 2 1)              98.345
11065      (1 0 0 0 1 2 0)              98.343
11066      (1 0 2 3 1 0 1)              98.339
11067      (1 0 2 3 1 1 1)              98.335
11068      (1 0 2 3 2 2 2)              98.333
11069      (1 0 1 5 1 1 1)              98.326
11070      (0 1 4 6 1 0 1)              98.319
11071      (1 0 1 2 0 0 0)              98.312
11072      (1 0 2 4 0 0 0)              98.309
11073      (1 0 2 3 1 1 1)              98.304
11074      (1 0 2 3 1 1 1)              98.301
11075      (1 0 2 3 1 2 1)              98.298
11076      (1 0 2 6 1 2 1)              98.295
11077      (1 0 2 3 1 2 1)              98.293
11078      (1 0 0 3 2 2 1)              98.288
11079      (1 0 2 3 1 2 1)              98.285
11080      (1 0 2 3 0 2 0)              98.280
11081      (1 0 1 5 1 1 1)              98.274
11082      (1 0 2 3 1 2 1)              98.271
11083      (1 0 3 2 0 0 1)              98.266
11084      (1 0 2 3 1 0 1)              98.263
11085      (1 0 1 5 1 1 1)              98.260
11086      (1 0 2 3 1 0 1)              98.257
11087      (1 0 4 0 2 2 1)              98.250
11088      (1 0 4 2 0 0 0)              98.244
11089      (1 0 4 2 1 1 1)              98.243
11090      (1 0 2 5 1 2 1)              98.242
11091      (1 0 1 5 1 2 1)              98.237
11092      (1 0 4 6 1 1 1)              98.233
11093      (1 0 2 3 1 2 1)              98.228
11094      (1 0 2 3 1 1 1)              98.224
11095      (1 0 4 4 0 2 0)              98.221
11096      (1 0 0 5 0 2 0)              98.217
11097      (1 0 2 3 0 0 0)              98.214
11098      (1 0 2 6 1 1 1)              98.212
11099      (1 0 3 2 2 2 1)              98.208
11100      (1 0 0 0 2 2 2)              98.203
11101      (1 0 2 6 1 1 1)              98.201
11102      (1 0 1 3 1 0 1)              98.197
11103      (1 0 1 5 1 1 1)              98.195
11104      (1 0 0 0 1 0 1)              98.191
11105      (1 0 2 3 1 0 1)              98.187
11106      (1 0 2 3 1 2 1)              98.186
11107      (1 0 0 3 1 1 1)              98.184
11108      (1 0 4 2 1 2 1)              98.183
11109      (1 0 2 3 1 2 1)              98.179
11110      (1 0 3 2 1 1 1)              98.174
11111      (1 0 2 3 2 1 2)              98.173
11112      (1 0 1 5 1 2 1)              98.167
11113      (1 0 0 0 1 2 1)              98.164
11114      (1 0 2 2 1 2 1)              98.162
11115      (1 0 2 2 1 2 0)              98.159
11116      (1 0 2 3 1 2 1)              98.157
11117      (1 0 2 3 2 1 2)              98.151
11118      (1 0 2 3 1 0 1)              98.147
11119      (1 0 2 3 2 1 2)              98.146
11120      (1 0 0 3 1 1 1)              98.143
11121      (1 0 1 2 1 2 1)              98.141
11122      (1 0 2 3 1 0 1)              98.139
11123      (1 0 2 3 1 2 1)              98.136
11124      (1 0 2 3 1 2 1)              98.134
11125      (1 0 1 5 1 1 1)              98.131
11126      (1 0 4 3 1 1 1)              98.126
11127      (1 0 2 3 1 2 1)              98.124
11128      (1 0 1 1 2 1 2)              98.118
11129      (1 0 4 6 1 2 1)              98.117
11130      (1 0 0 0 0 0 0)              98.110
11131      (0 0 0 5 1 2 0)              98.107
11132      (1 0 2 6 1 2 1)              98.104
11133      (1 0 0 0 1 2 1)              98.102
11134      (1 0 1 5 2 2 2)              98.098
11135      (1 0 3 2 1 2 1)              98.095
11136      (1 0 2 3 1 2 1)              98.092
11137      (1 0 2 3 2 1 2)              98.086
11138      (1 0 4 5 1 2 0)              98.081
11139      (1 0 4 6 1 1 1)              98.077
11140      (1 0 2 3 1 2 1)              98.075
11141      (1 0 3 0 1 1 1)              98.071
11142      (1 0 1 5 1 1 1)              98.069
11143      (1 0 2 2 1 2 0)              98.066
11144      (1 0 2 2 1 2 0)              98.064
11145      (1 0 1 5 1 1 1)              98.062
11146      (1 0 2 3 0 0 0)              98.059
11147      (1 0 2 6 1 2 1)              98.057
11148      (1 0 1 3 1 2 1)              98.053
11149      (1 0 0 0 1 2 0)              98.051
11150      (1 0 2 3 1 1 1)              98.047
11151      (1 0 2 3 1 1 1)              98.043
11152      (1 0 4 3 1 0 1)              98.038
11153      (1 0 4 2 1 2 1)              98.035
11154      (1 0 2 2 1 2 1)              98.032
11155      (1 0 1 1 0 1 1)              98.029
11156      (1 0 2 6 1 2 1)              98.024
11157      (1 0 2 3 1 2 1)              98.023
11158      (1 0 2 6 1 0 1)              98.022
11159      (1 0 1 5 1 2 1)              98.017
11160      (1 0 0 0 1 1 1)              98.014
11161      (1 0 0 0 1 0 1)              98.012
11162      (1 0 2 6 1 2 1)              98.008
11163      (1 0 4 4 0 2 0)              98.006
11164      (1 0 2 3 0 2 0)              98.001
11165      (1 0 2 3 1 1 1)              97.998
11166      (1 0 1 5 1 1 1)              97.992
11167      (1 0 2 3 0 0 1)              97.988
11168      (1 0 0 0 1 0 1)              97.986
11169      (1 0 2 6 1 1 0)              97.982
11170      (1 0 0 3 0 0 0)              97.980
11171      (1 0 1 5 1 1 1)              97.975
11172      (1 0 3 3 1 0 1)              97.971
11173      (1 0 2 6 1 2 1)              97.968
11174      (1 0 2 3 1 2 1)              97.965
11175      (1 0 1 5 1 2 1)              97.963
11176      (1 0 1 5 1 2 1)              97.959
11177      (1 0 2 5 1 2 1)              97.958
11178      (1 0 1 5 1 1 1)              97.956
11179      (1 0 2 3 1 1 1)              97.952
11180      (1 1 0 6 0 2 0)              97.947
11181      (1 0 2 4 0 0 1)              97.942
11182      (1 0 0 0 2 2 1)              97.940
11183      (1 0 2 3 2 1 2)              97.934
11184      (1 0 4 0 1 2 1)              97.929
11185      (1 0 1 5 1 2 1)              97.924
11186      (1 0 2 3 1 0 1)              97.920
11187      (1 0 2 2 1 1 1)              97.918
11188      (1 0 1 5 1 2 1)              97.914
11189      (1 0 2 3 2 2 1)              97.911
11190      (1 0 2 6 1 2 1)              97.907
11191      (1 0 2 3 1 2 1)              97.903
11192      (1 0 1 5 1 1 1)              97.897
11193      (1 0 2 6 1 2 1)              97.895
11194      (1 0 4 0 1 2 1)              97.890
11195      (1 0 3 2 1 2 1)              97.886
11196      (1 0 2 3 1 2 1)              97.884
11197      (1 0 4 3 1 0 1)              97.879
11198      (1 0 2 6 1 1 1)              97.875
11199      (1 0 2 3 1 1 1)              97.872
11200      (1 0 1 5 2 2 2)              97.869
11201      (1 0 2 6 1 2 1)              97.866
11202      (1 0 2 3 1 1 1)              97.862
11203      (1 0 2 3 2 1 2)              97.861
11204      (1 0 0 0 2 2 1)              97.858
11205      (1 0 2 6 1 2 1)              97.856
11206      (1 0 2 4 1 1 1)              97.851
11207      (1 0 2 5 1 0 1)              97.847
11208      (1 0 1 5 1 1 1)              97.841
11209      (1 0 4 6 1 2 1)              97.839
11210      (1 0 0 0 2 2 2)              97.834
11211      (1 0 1 0 1 1 1)              97.829
11212      (1 0 0 0 0 0 0)              97.823
11213      (1 0 2 0 2 1 2)              97.818
11214      (1 0 2 3 1 0 1)              97.816
11215      (1 0 0 0 0 0 0)              97.813
11216      (1 0 2 6 1 2 1)              97.810
11217      (1 0 2 4 0 0 0)              97.806
11218      (1 0 2 3 1 2 1)              97.804
11219      (1 0 2 3 1 2 1)              97.801
11220      (1 0 1 5 1 1 1)              97.795
11221      (1 0 0 3 0 0 0)              97.790
11222      (1 0 2 3 1 1 1)              97.787
11223      (1 0 2 3 2 1 2)              97.780
11224      (1 0 2 6 1 2 1)              97.777
11225      (1 0 3 3 2 1 2)              97.771
11226      (1 0 1 5 1 2 1)              97.767
11227      (1 0 1 5 1 1 1)              97.762
11228      (1 0 0 0 1 1 1)              97.758
11229      (1 0 0 0 1 2 0)              97.756
11230      (1 0 2 3 1 0 1)              97.752
11231      (1 0 4 3 0 2 0)              97.749
11232      (1 0 0 0 0 0 0)              97.744
11233      (1 0 2 6 0 0 1)              97.742
11234      (1 0 2 3 1 2 1)              97.741
11235      (1 0 4 6 1 2 1)              97.738
11236      (1 0 2 6 1 2 1)              97.735
11237      (1 0 2 3 1 2 1)              97.730
11238      (1 0 2 3 1 0 1)              97.726
11239      (1 0 4 0 0 0 0)              97.722
11240      (1 0 4 5 1 2 0)              97.718
11241      (1 0 2 2 1 2 0)              97.715
11242      (1 0 2 3 1 2 1)              97.713
11243      (1 0 2 3 2 2 2)              97.711
11244      (1 0 2 6 1 2 1)              97.708
11245      (1 0 2 3 1 0 1)              97.705
11246      (1 0 4 6 1 2 1)              97.703
11247      (1 0 2 3 2 1 2)              97.697
11248      (1 0 2 3 1 2 1)              97.695
11249      (1 0 4 6 1 1 1)              97.691
11250      (1 0 2 3 1 2 1)              97.689
11251      (1 0 4 6 1 2 1)              97.687
11252      (1 0 1 2 0 0 0)              97.681
11253      (1 0 1 5 1 2 1)              97.677
11254      (1 0 2 3 1 0 1)              97.673
11255      (1 0 2 3 1 2 1)              97.671
11256      (0 0 3 6 0 0 0)              97.665
11257      (1 0 2 3 1 0 1)              97.661
11258      (1 0 1 5 1 2 1)              97.658
11259      (1 0 2 3 1 1 1)              97.654
11260      (1 0 2 3 2 1 2)              97.648
11261      (1 0 2 3 2 1 2)              97.642
11262      (1 0 2 3 1 0 1)              97.638
11263      (1 0 2 6 1 2 1)              97.635
11264      (1 0 2 3 1 0 1)              97.631
11265      (1 0 4 2 0 0 0)              97.625
11266      (1 0 4 5 1 2 0)              97.620
11267      (1 0 4 2 1 2 1)              97.616
11268      (1 0 2 3 1 0 1)              97.611
11269      (1 0 2 3 2 2 2)              97.609
11270      (1 0 2 3 1 2 1)              97.607
11271      (1 0 0 0 1 2 0)              97.604
11272      (1 0 2 5 2 1 1)              97.601
11273      (1 0 1 5 1 1 1)              97.599
11274      (1 0 3 2 1 0 1)              97.594
11275      (1 0 2 3 1 2 1)              97.591
11276      (1 0 4 2 1 2 1)              97.588
11277      (1 0 2 3 1 1 1)              97.585
11278      (1 0 0 0 0 0 0)              97.579
11279      (1 0 2 3 1 1 1)              97.574
11280      (1 0 2 3 1 2 1)              97.572
11281      (1 0 0 0 0 2 0)              97.567
11282      (1 0 2 3 1 2 1)              97.565
11283      (1 0 2 5 1 0 1)              97.561
11284      (1 0 2 3 1 2 1)              97.559
11285      (1 0 2 3 0 0 0)              97.553
11286      (1 0 4 6 1 1 1)              97.553
11287      (1 0 2 6 1 2 1)              97.548
11288      (1 0 4 6 1 2 1)              97.547
11289      (1 0 4 6 1 2 1)              97.545
11290      (1 0 2 3 1 2 1)              97.543
11291      (1 0 2 6 1 2 1)              97.539
11292      (1 0 1 5 1 1 1)              97.533
11293      (1 0 0 0 0 0 0)              97.527
11294      (1 0 1 0 1 1 1)              97.522
11295      (1 0 3 2 1 1 1)              97.517
11296      (1 0 0 0 0 0 0)              97.511
11297      (1 0 4 2 1 1 1)              97.510
11298      (1 0 2 2 1 0 1)              97.506
11299      (1 0 2 6 1 2 1)              97.504
11300      (1 0 2 4 0 0 0)              97.500
11301      (1 0 2 2 1 1 0)              97.497
11302      (1 0 2 3 0 2 0)              97.492
11303      (1 0 4 3 1 0 1)              97.487
11304      (1 0 2 6 1 2 1)              97.484
11305      (1 0 2 2 1 0 1)              97.480
11306      (1 0 2 3 1 2 1)              97.479
11307      (1 0 2 3 1 0 1)              97.474
11308      (0 0 1 5 1 2 0)              97.468
11309      (1 0 1 5 1 2 1)              97.464
11310      (1 0 2 5 2 1 1)              97.461
11311      (1 0 2 3 1 2 1)              97.457
11312      (1 0 2 3 1 0 2)              97.454
11313      (1 0 1 0 1 1 1)              97.449
11314      (1 0 2 3 1 2 1)              97.448
11315      (1 0 2 3 1 0 1)              97.446
11316      (1 0 4 6 0 2 0)              97.441
11317      (1 0 2 6 1 1 1)              97.437
11318      (1 0 2 5 1 0 1)              97.434
11319      (1 0 1 5 2 2 2)              97.430
11320      (1 0 2 3 1 1 1)              97.426
11321      (1 0 2 5 0 2 0)              97.423
11322      (1 0 2 3 1 0 2)              97.419
11323      (1 0 2 3 1 2 1)              97.414
11324      (1 0 2 3 1 2 1)              97.412
11325      (1 0 4 6 1 2 1)              97.411
11326      (1 0 2 6 1 2 1)              97.408
11327      (1 0 4 3 1 1 1)              97.403
11328      (1 0 2 3 2 1 2)              97.397
11329      (1 0 4 6 1 2 1)              97.396
11330      (1 0 2 3 1 0 1)              97.392
11331      (1 0 1 5 1 1 1)              97.386
11332      (1 0 0 0 0 0 0)              97.385
11333      (1 0 1 5 1 2 1)              97.379
11334      (1 0 2 3 2 2 2)              97.377
11335      (1 0 0 0 1 2 0)              97.374
11336      (1 0 4 3 1 2 1)              97.373
11337      (1 0 2 3 1 2 1)              97.371
11338      (1 0 4 6 1 2 1)              97.370
11339      (1 0 2 6 1 2 1)              97.366
11340      (1 0 0 3 0 0 0)              97.362
11341      (1 0 2 6 1 2 1)              97.358
11342      (1 0 2 3 0 0 0)              97.356
11343      (1 0 0 0 1 2 0)              97.353
11344      (1 0 2 3 2 1 2)              97.352
11345      (1 0 4 0 1 2 1)              97.348
11346      (1 0 2 3 1 2 1)              97.345
11347      (1 0 4 6 0 1 0)              97.339
11348      (1 0 2 6 1 1 1)              97.336
11349      (1 0 2 0 2 1 2)              97.331
11350      (1 0 2 3 1 0 2)              97.327
11351      (1 0 4 3 2 1 1)              97.324
11352      (1 0 2 3 1 1 1)              97.320
11353      (1 0 3 2 2 2 1)              97.317
11354      (1 0 4 2 1 2 1)              97.313
11355      (1 0 4 3 1 1 1)              97.311
11356      (1 0 2 6 1 0 1)              97.307
11357      (1 0 2 3 1 0 1)              97.304
11358      (1 0 2 3 1 1 1)              97.299
11359      (1 0 4 6 1 2 1)              97.298
11360      (1 0 2 5 1 2 1)              97.297
11361      (1 0 2 2 1 2 0)              97.293
11362      (1 0 3 3 2 1 2)              97.287
11363      (1 0 2 3 2 1 2)              97.281
11364      (1 0 2 3 0 2 0)              97.276
11365      (1 0 2 3 1 2 1)              97.274
11366      (1 0 2 3 2 1 1)              97.272
11367      (1 0 2 3 2 2 2)              97.270
11368      (1 0 2 3 1 0 1)              97.266
11369      (1 0 0 5 0 2 0)              97.262
11370      (1 0 2 3 1 1 1)              97.259
11371      (1 0 1 3 1 0 1)              97.254
11372      (1 0 2 6 1 1 1)              97.253
11373      (1 0 4 2 0 0 0)              97.247
11374      (1 0 2 3 1 1 1)              97.244
11375      (1 0 2 3 2 1 1)              97.241
11376      (1 0 0 0 0 0 0)              97.236
11377      (1 0 1 5 1 1 1)              97.230
11378      (1 0 2 6 1 2 1)              97.226
11379      (1 0 2 3 1 1 1)              97.222
11380      (1 0 2 3 1 2 1)              97.220
11381      (1 0 2 3 1 1 1)              97.216
11382      (1 0 2 3 1 0 1)              97.213
11383      (1 0 2 3 1 0 1)              97.209
11384      (1 0 0 0 1 0 1)              97.207
11385      (1 0 1 5 1 1 1)              97.201
11386      (1 0 0 3 0 0 0)              97.196
11387      (1 0 2 6 1 2 1)              97.194
11388      (1 0 2 3 1 1 1)              97.190
11389      (1 0 2 3 1 2 1)              97.188
11390      (1 0 4 3 1 0 1)              97.183
11391      (1 0 1 5 1 1 1)              97.181
11392      (1 0 2 3 1 2 1)              97.179
11393      (1 0 2 3 1 1 1)              97.174
11394      (1 0 1 5 1 1 1)              97.172
11395      (1 0 2 3 1 0 1)              97.168
11396      (1 0 2 3 1 2 1)              97.165
11397      (1 0 2 2 1 0 1)              97.161
11398      (1 0 0 0 0 2 0)              97.156
11399      (1 0 0 0 1 2 0)              97.154
11400      (1 0 2 3 1 0 1)              97.151
11401      (1 0 2 4 1 1 1)              97.146
11402      (1 0 2 6 1 2 1)              97.142
11403      (1 0 2 2 1 2 0)              97.140
11404      (1 0 4 2 1 2 1)              97.137
11405      (1 0 2 3 1 2 1)              97.134
11406      (1 0 4 0 1 2 1)              97.130
11407      (1 0 4 6 1 2 1)              97.127
11408      (1 0 2 3 1 1 1)              97.124
11409      (1 0 0 3 2 1 1)              97.120
11410      (1 0 1 5 1 1 1)              97.118
11411      (1 0 1 5 1 1 1)              97.116
11412      (1 0 2 3 2 0 2)              97.115
11413      (1 0 0 6 0 1 0)              97.113
11414      (1 0 4 0 2 2 1)              97.106
11415      (1 0 4 2 2 2 1)              97.104
11416      (1 0 0 0 1 2 1)              97.102
11417      (1 0 0 3 1 1 1)              97.100
11418      (1 0 2 6 1 2 1)              97.096
11419      (1 0 2 3 2 1 2)              97.090
11420      (1 0 0 5 0 2 0)              97.087
11421      (1 0 2 3 2 1 2)              97.084
11422      (1 0 2 3 1 2 1)              97.082
11423      (1 0 2 3 1 0 1)              97.080
11424      (1 0 2 3 1 1 1)              97.076
11425      (1 0 2 3 2 2 2)              97.074
11426      (1 0 2 2 1 2 1)              97.072
11427      (1 0 2 6 1 2 1)              97.067
11428      (1 0 2 3 1 0 1)              97.064
11429      (1 0 2 5 1 2 1)              97.063
11430      (1 0 4 2 1 2 1)              97.059
11431      (1 0 1 5 1 1 1)              97.054
11432      (1 0 1 6 2 2 1)              97.051
11433      (1 0 2 3 2 1 2)              97.049
11434      (1 0 1 5 1 1 1)              97.043
11435      (1 0 2 3 1 2 1)              97.040
11436      (1 0 2 0 2 2 1)              97.034
11437      (1 0 2 3 2 2 2)              97.032
11438      (1 0 2 6 1 1 1)              97.029
11439      (1 0 2 3 2 1 2)              97.023
11440      (1 0 2 3 0 2 0)              97.018
11441      (1 0 2 3 1 2 1)              97.016
11442      (1 0 2 6 1 1 0)              97.011
11443      (1 0 4 3 1 0 1)              97.006
11444      (1 0 4 2 1 2 1)              97.003
11445      (1 0 2 3 1 1 1)              96.998
11446      (1 0 2 3 1 0 2)              96.996
11447      (1 0 0 0 1 1 1)              96.992
11448      (1 0 4 2 1 2 1)              96.989
11449      (1 0 4 3 1 2 1)              96.984
11450      (1 0 2 3 2 2 2)              96.982
11451      (1 0 1 3 1 2 1)              96.977
11452      (1 0 2 3 1 2 1)              96.975
11453      (1 0 0 0 1 0 1)              96.971
11454      (1 0 4 2 0 0 0)              96.965
11455      (1 0 0 0 1 2 0)              96.963
11456      (1 0 0 0 0 0 0)              96.962
11457      (1 0 2 5 0 2 0)              96.959
11458      (1 0 2 3 1 0 1)              96.959
11459      (1 0 4 4 2 1 1)              96.957
11460      (1 0 2 5 2 1 1)              96.953
11461      (1 0 2 3 0 0 0)              96.950
11462      (1 0 1 5 1 2 1)              96.945
11463      (1 0 3 1 1 1 1)              96.942
11464      (1 0 2 2 1 0 1)              96.938
11465      (1 0 2 3 1 0 1)              96.935
11466      (1 0 0 0 1 0 1)              96.934
11467      (1 0 2 3 1 1 1)              96.929
11468      (1 0 4 6 0 1 0)              96.924
11469      (1 0 2 3 1 0 2)              96.919
11470      (1 0 2 6 1 1 1)              96.918
11471      (1 0 1 5 1 1 1)              96.912
11472      (1 0 4 4 2 1 1)              96.910
11473      (1 0 2 3 1 2 1)              96.908
11474      (1 0 2 3 1 2 0)              96.905
11475      (1 0 2 3 1 2 1)              96.904
11476      (1 0 2 3 1 1 1)              96.900
11477      (1 0 4 3 1 1 1)              96.895
11478      (1 0 0 3 0 0 0)              96.894
11479      (1 0 2 3 1 2 0)              96.891
11480      (1 0 4 4 0 2 0)              96.887
11481      (1 0 4 0 1 1 0)              96.885
11482      (1 0 2 3 1 2 1)              96.883
11483      (1 0 4 6 1 2 1)              96.881
11484      (1 0 1 5 1 1 1)              96.875
11485      (1 0 2 3 1 0 1)              96.873
11486      (1 0 1 5 1 2 1)              96.868
11487      (1 0 2 6 1 2 1)              96.864
11488      (1 0 1 5 1 2 1)              96.858
11489      (1 0 0 0 0 0 0)              96.853
11490      (1 0 2 3 1 0 1)              96.849
11491      (1 0 1 0 1 0 1)              96.847
11492      (1 0 2 4 1 1 1)              96.842
11493      (1 0 2 3 1 2 0)              96.839
11494      (1 0 0 0 2 2 1)              96.836
11495      (1 0 0 0 2 2 1)              96.834
11496      (1 0 3 2 1 1 1)              96.830
11497      (1 0 1 5 1 1 1)              96.824
11498      (1 0 4 3 1 2 0)              96.823
11499      (1 0 1 5 1 2 1)              96.818
11500      (1 0 0 0 0 0 0)              96.812
11501      (1 0 3 2 1 1 1)              96.807
11502      (1 0 2 6 1 2 1)              96.805
11503      (1 0 2 3 2 2 2)              96.803
11504      (1 0 2 3 1 1 1)              96.799
11505      (1 0 2 3 1 0 1)              96.796
11506      (1 0 2 3 1 0 1)              96.792
11507      (1 0 2 6 1 2 1)              96.789
11508      (1 0 3 2 1 2 1)              96.786
11509      (1 0 2 3 0 0 1)              96.781
11510      (1 0 2 6 1 2 1)              96.777
11511      (1 0 1 5 1 1 1)              96.775
11512      (1 0 2 3 1 0 1)              96.772
11513      (1 0 2 6 1 2 1)              96.768
11514      (1 0 1 0 1 1 1)              96.764
11515      (1 0 2 3 0 0 0)              96.761
11516      (1 0 2 3 1 2 1)              96.759
11517      (1 0 2 6 1 1 1)              96.758
11518      (1 0 1 0 1 1 1)              96.754
11519      (1 0 2 2 1 0 1)              96.750
11520      (1 0 2 3 1 0 1)              96.747
11521      (1 0 2 3 1 2 1)              96.744
11522      (1 0 4 2 1 2 1)              96.741
11523      (1 0 2 3 1 2 1)              96.738
11524      (1 0 2 3 1 1 1)              96.734
11525      (1 0 4 6 1 2 1)              96.733
11526      (1 0 2 0 2 1 2)              96.729
11527      (1 0 0 0 0 0 0)              96.723
11528      (1 0 2 5 1 0 1)              96.719
11529      (1 0 2 3 1 1 1)              96.716
11530      (1 0 2 6 1 2 1)              96.711
11531      (1 0 1 5 1 1 1)              96.705
11532      (1 0 3 2 1 2 0)              96.700
11533      (1 0 0 0 0 0 0)              96.695
11534      (1 0 1 5 1 2 1)              96.690
11535      (1 0 2 5 1 2 1)              96.689
11536      (1 0 2 3 2 1 2)              96.683
11537      (1 0 2 4 1 1 1)              96.678
11538      (1 0 1 5 1 1 1)              96.672
11539      (1 0 3 3 1 1 1)              96.669
11540      (1 0 4 6 1 2 1)              96.667
11541      (1 0 2 3 1 1 0)              96.662
11542      (1 0 2 3 1 2 1)              96.660
11543      (1 0 2 3 1 0 1)              96.658
11544      (1 0 2 6 1 2 1)              96.654
11545      (1 0 1 5 1 2 1)              96.648
11546      (1 0 4 0 1 2 1)              96.644
11547      (1 0 2 3 1 1 1)              96.639
11548      (1 0 2 4 1 1 1)              96.634
11549      (1 0 2 3 1 2 1)              96.633
11550      (1 0 2 3 1 1 1)              96.630
11551      (1 0 0 0 1 2 1)              96.628
11552      (1 0 2 6 1 2 1)              96.624
11553      (1 0 2 3 0 0 0)              96.622
11554      (1 0 2 3 1 2 1)              96.621
11555      (1 0 2 3 1 2 1)              96.619
11556      (1 0 2 3 1 1 1)              96.616
11557      (1 0 2 6 1 2 1)              96.613
11558      (1 0 2 3 1 2 1)              96.610
11559      (1 0 2 3 1 0 1)              96.607
11560      (1 0 2 3 2 1 2)              96.606
11561      (1 0 2 3 2 1 2)              96.605
11562      (1 0 2 3 2 1 2)              96.604
11563      (1 0 4 3 1 1 1)              96.599
11564      (1 0 1 5 1 1 1)              96.593
11565      (1 0 0 0 1 2 1)              96.591
11566      (1 0 2 3 1 0 1)              96.588
11567      (1 0 2 4 0 0 0)              96.584
11568      (1 0 1 5 1 1 1)              96.578
11569      (1 0 4 6 0 1 0)              96.574
11570      (1 0 0 0 1 2 0)              96.571
11571      (1 0 2 3 1 1 1)              96.568
11572      (1 0 0 0 1 0 1)              96.566
11573      (1 0 2 3 1 1 0)              96.561
11574      (1 0 1 5 1 1 1)              96.555
11575      (1 0 2 3 1 2 1)              96.553
11576      (1 0 2 3 2 1 2)              96.547
11577      (1 0 0 0 1 0 1)              96.545
11578      (1 0 2 3 1 0 1)              96.542
11579      (1 0 2 3 1 0 1)              96.538
11580      (1 0 2 3 1 0 1)              96.535
11581      (1 0 2 3 1 1 1)              96.531
11582      (1 0 0 5 0 2 0)              96.528
11583      (1 0 2 4 1 1 1)              96.523
11584      (1 0 2 3 1 1 1)              96.520
11585      (1 0 1 5 1 1 1)              96.518
11586      (1 0 2 3 1 1 1)              96.514
11587      (1 1 4 0 0 2 0)              96.511
11588      (1 0 2 3 1 1 1)              96.506
11589      (1 0 2 6 1 1 1)              96.504
11590      (1 0 0 0 1 0 1)              96.502
11591      (1 0 0 0 0 0 0)              96.497
11592      (1 0 2 3 0 2 0)              96.493
11593      (1 0 0 0 0 2 1)              96.492
11594      (1 0 2 3 1 2 1)              96.490
11595      (1 0 1 5 1 2 1)              96.486
11596      (1 0 0 5 0 2 0)              96.483
11597      (1 0 2 3 2 2 1)              96.479
11598      (1 0 2 3 1 2 1)              96.477
11599      (1 0 1 5 1 1 1)              96.473
11600      (1 0 2 3 1 0 1)              96.469
11601      (1 0 2 4 1 1 1)              96.465
11602      (1 0 2 3 1 2 1)              96.463
11603      (1 0 3 2 2 2 1)              96.459
11604      (1 0 2 6 1 2 1)              96.456
11605      (1 0 1 5 1 1 1)              96.450
11606      (1 0 2 3 1 1 1)              96.445
11607      (1 0 2 6 1 1 1)              96.444
11608      (1 0 0 0 1 2 1)              96.442
11609      (1 0 0 6 0 1 0)              96.440
11610      (1 0 4 2 1 2 1)              96.437
11611      (1 0 1 5 1 1 1)              96.431
11612      (1 0 2 3 1 1 1)              96.427
11613      (1 0 2 6 1 2 1)              96.424
11614      (1 0 2 3 1 1 1)              96.422
11615      (1 0 4 5 1 2 0)              96.417
11616      (1 0 1 5 1 2 1)              96.411
11617      (1 0 2 3 1 0 1)              96.408
11618      (1 0 1 5 1 1 1)              96.402
11619      (1 0 2 3 2 1 2)              96.400
11620      (1 0 4 3 1 2 0)              96.399
11621      (1 0 2 3 2 2 2)              96.397
11622      (1 0 0 0 0 2 0)              96.392
11623      (1 0 2 3 0 2 0)              96.388
11624      (1 0 2 3 2 1 1)              96.385
11625      (1 0 1 5 1 1 1)              96.383
11626      (1 0 2 4 1 1 1)              96.379
11627      (1 0 1 5 1 2 1)              96.375
11628      (1 0 3 2 1 2 1)              96.372
11629      (1 0 2 4 1 1 1)              96.367
11630      (1 0 2 6 1 2 1)              96.364
11631      (1 0 2 3 1 1 1)              96.361
11632      (1 0 1 5 0 2 0)              96.355
11633      (1 0 1 5 2 2 2)              96.353
11634      (1 0 2 6 1 2 1)              96.349
11635      (1 0 3 2 1 2 0)              96.345
11636      (1 0 2 3 2 1 2)              96.342
11637      (1 0 1 3 1 0 1)              96.339
11638      (1 0 4 6 1 1 1)              96.337
11639      (1 0 2 3 1 1 1)              96.334
11640      (1 0 2 3 1 0 1)              96.331
11641      (1 0 0 0 1 2 1)              96.329
11642      (1 0 4 3 1 1 1)              96.325
11643      (1 0 4 2 1 2 1)              96.321
11644      (1 0 1 3 1 0 1)              96.318
11645      (1 0 2 4 0 0 0)              96.315
11646      (1 0 1 5 1 2 1)              96.310
11647      (1 0 2 3 1 0 1)              96.308
11648      (1 0 2 3 1 0 1)              96.306
11649      (1 0 0 3 0 0 0)              96.301
11650      (1 0 2 3 1 2 1)              96.300
11651      (1 0 2 3 1 2 1)              96.297
11652      (1 0 4 2 0 0 0)              96.291
11653      (1 0 2 3 1 2 1)              96.289
11654      (1 0 0 0 1 2 0)              96.287
11655      (1 0 0 2 2 2 1)              96.282
11656      (1 0 1 5 1 1 1)              96.276
11657      (1 0 2 3 1 2 1)              96.274
11658      (1 0 2 6 1 1 1)              96.271
11659      (1 0 1 5 1 2 1)              96.265
11660      (1 0 1 5 1 1 1)              96.259
11661      (1 0 2 3 1 0 1)              96.256
11662      (1 0 0 0 1 2 1)              96.254
11663      (1 0 2 2 1 0 1)              96.250
11664      (1 0 2 3 2 1 2)              96.244
11665      (1 0 0 0 1 1 1)              96.242
11666      (1 0 0 5 0 2 0)              96.239
11667      (0 0 3 6 0 0 0)              96.233
11668      (1 0 2 5 1 2 1)              96.232
11669      (1 0 2 3 1 2 1)              96.230
11670      (1 0 0 0 1 2 1)              96.228
11671      (1 0 2 3 1 2 1)              96.226
11672      (1 0 2 2 1 0 1)              96.223
11673      (1 0 2 3 2 2 2)              96.220
11674      (1 0 1 5 1 1 1)              96.218
11675      (1 0 2 3 2 1 2)              96.216
11676      (1 0 0 0 1 0 1)              96.215
11677      (1 0 3 3 1 1 1)              96.212
11678      (1 0 0 0 1 2 0)              96.210
11679      (1 0 4 2 1 2 1)              96.206
11680      (1 0 2 2 1 2 1)              96.204
11681      (1 0 2 3 1 0 1)              96.202
11682      (1 0 4 5 1 2 0)              96.198
11683      (1 0 2 3 1 0 1)              96.194
11684      (1 0 2 6 1 2 1)              96.191
11685      (1 0 3 2 1 2 1)              96.188
11686      (1 0 4 2 1 2 1)              96.184
11687      (1 0 0 5 1 0 0)              96.182
11688      (1 0 2 6 1 2 1)              96.179
11689      (1 0 4 2 1 2 1)              96.175
11690      (1 0 2 3 1 1 1)              96.173
11691      (1 0 2 3 1 1 1)              96.171
11692      (1 0 0 0 1 0 1)              96.168
11693      (1 0 0 3 1 1 1)              96.166
11694      (1 0 3 6 2 2 2)              96.161
11695      (1 0 1 5 1 1 1)              96.155
11696      (1 0 2 3 1 2 1)              96.153
11697      (1 0 2 3 1 1 0)              96.149
11698      (1 0 2 3 1 1 1)              96.145
11699      (1 0 2 3 2 2 2)              96.143
11700      (1 0 4 2 1 2 1)              96.140
11701      (1 0 2 6 1 2 1)              96.136
11702      (1 0 3 2 1 1 1)              96.132
11703      (1 0 2 6 1 1 0)              96.127
11704      (1 0 0 0 1 0 1)              96.126
11705      (1 0 3 3 1 1 1)              96.123
11706      (1 0 2 3 2 2 2)              96.121
11707      (1 0 4 3 1 0 1)              96.116
11708      (1 0 2 3 1 2 1)              96.114
11709      (1 0 2 3 2 0 2)              96.113
11710      (1 0 2 3 0 0 0)              96.111
11711      (1 0 1 3 1 0 1)              96.108
11712      (1 0 2 2 2 2 1)              96.105
11713      (1 0 2 3 1 2 1)              96.103
11714      (1 0 2 3 1 0 1)              96.099
11715      (1 0 2 3 1 0 1)              96.096
11716      (1 0 1 5 1 2 1)              96.091
11717      (1 0 2 5 2 1 1)              96.088
11718      (1 0 2 3 1 2 1)              96.086
11719      (1 0 4 6 0 2 0)              96.081
11720      (1 0 2 2 1 1 0)              96.078
11721      (1 0 2 3 2 0 2)              96.077
11722      (1 0 4 3 1 0 1)              96.073
11723      (1 0 2 3 1 1 1)              96.069
11724      (1 0 0 0 0 0 0)              96.063
11725      (1 0 4 5 1 2 0)              96.059
11726      (1 0 2 3 1 2 1)              96.057
11727      (1 0 0 0 1 0 1)              96.056
11728      (1 0 3 2 0 0 1)              96.051
11729      (1 0 1 5 1 2 1)              96.048
11730      (1 0 2 5 2 2 1)              96.044
11731      (1 0 4 0 1 2 1)              96.039
11732      (1 0 2 3 1 2 1)              96.037
11733      (1 0 2 6 1 2 1)              96.034
11734      (1 0 2 3 2 1 2)              96.028
11735      (1 0 4 2 2 1 2)              96.026
11736      (1 0 3 2 1 1 1)              96.021
11737      (1 0 4 2 1 1 1)              96.020
11738      (1 0 4 4 0 2 0)              96.018
11739      (1 0 4 4 0 2 0)              96.015
11740      (1 0 4 0 1 1 0)              96.013
11741      (1 0 2 3 2 0 2)              96.012
11742      (1 0 2 0 2 1 2)              96.007
11743      (1 0 3 2 1 1 1)              96.003
11744      (1 0 4 4 0 2 0)              96.000
11745      (1 0 1 5 1 1 1)              95.995
11746      (1 0 4 2 1 2 1)              95.992
11747      (1 0 2 5 0 1 0)              95.987
11748      (1 0 2 3 2 1 2)              95.985
11749      (1 0 2 3 1 0 1)              95.982
11750      (1 0 4 2 1 1 1)              95.977
11751      (1 0 2 3 1 1 1)              95.974
11752      (1 0 0 5 0 2 0)              95.971
11753      (1 0 4 3 1 0 1)              95.966
11754      (1 0 1 3 0 1 0)              95.960
11755      (1 0 2 6 1 2 1)              95.957
11756      (1 0 2 3 1 1 1)              95.952
11757      (1 0 1 5 1 1 1)              95.947
11758      (1 0 2 6 0 0 1)              95.943
11759      (1 0 4 2 1 1 1)              95.939
11760      (1 0 2 4 0 0 0)              95.936
11761      (1 0 2 3 1 1 1)              95.932
11762      (1 0 4 2 2 1 1)              95.929
11763      (1 0 1 2 1 2 1)              95.927
11764      (1 0 2 3 2 2 2)              95.925
11765      (1 0 2 5 2 1 1)              95.921
11766      (1 0 4 3 1 1 1)              95.919
11767      (1 0 2 6 1 2 1)              95.916
11768      (1 0 2 2 1 1 1)              95.914
11769      (1 0 4 2 1 2 1)              95.911
11770      (1 0 2 3 2 2 2)              95.909
11771      (1 0 1 5 1 1 1)              95.903
11772      (1 0 2 3 1 2 1)              95.901
11773      (1 0 3 1 1 1 1)              95.898
11774      (1 0 2 3 2 2 2)              95.895
11775      (1 0 2 3 1 0 1)              95.891
11776      (1 0 2 3 1 2 1)              95.889
11777      (1 0 4 6 1 2 1)              95.887
11778      (1 0 1 5 1 1 1)              95.881
11779      (1 0 2 3 1 2 1)              95.879
11780      (1 0 4 2 1 2 1)              95.876
11781      (1 0 2 3 1 2 1)              95.874
11782      (1 0 2 6 1 1 1)              95.873
11783      (1 0 1 5 1 1 1)              95.867
11784      (1 0 2 4 1 1 1)              95.862
11785      (1 0 4 2 1 2 1)              95.859
11786      (1 0 2 6 1 2 1)              95.856
11787      (1 0 0 0 1 2 0)              95.854
11788      (1 0 2 3 1 2 1)              95.852
11789      (1 0 2 3 1 0 1)              95.848
11790      (1 0 3 2 2 2 1)              95.846
11791      (1 0 4 4 0 2 0)              95.843
11792      (1 0 1 5 1 1 1)              95.837
11793      (1 0 1 3 0 1 0)              95.832
11794      (1 0 1 5 1 2 1)              95.828
11795      (1 0 0 0 1 0 1)              95.826
11796      (1 0 2 3 1 2 1)              95.824
11797      (1 0 2 3 1 2 1)              95.821
11798      (1 0 1 5 1 1 1)              95.815
11799      (1 1 0 6 0 2 0)              95.811
11800      (1 0 1 5 1 1 1)              95.805
11801      (1 0 0 0 1 0 1)              95.803
11802      (1 0 0 0 1 0 1)              95.800
11803      (1 0 1 3 1 0 1)              95.796
11804      (1 0 2 3 1 1 1)              95.793
11805      (1 0 2 3 2 1 2)              95.791
11806      (1 0 2 3 1 1 1)              95.788
11807      (1 0 0 5 1 1 1)              95.786
11808      (1 0 2 3 1 1 1)              95.784
11809      (1 0 0 0 1 2 1)              95.782
11810      (1 0 2 3 1 0 1)              95.778
11811      (1 0 4 6 0 1 0)              95.774
11812      (1 0 1 5 1 1 1)              95.768
11813      (1 0 2 3 2 2 2)              95.766
11814      (1 0 0 0 0 0 0)              95.765
11815      (1 0 1 3 1 0 1)              95.761
11816      (1 0 1 5 1 1 1)              95.755
11817      (1 0 2 3 2 2 2)              95.753
11818      (1 0 2 6 1 2 1)              95.750
11819      (1 0 2 3 1 0 2)              95.746
11820      (1 0 0 0 0 0 0)              95.741
11821      (1 0 2 3 2 1 2)              95.735
11822      (1 0 2 3 1 1 1)              95.732
11823      (1 0 0 0 1 0 1)              95.730
11824      (1 0 2 3 1 0 1)              95.726
11825      (1 0 2 5 0 2 0)              95.723
11826      (0 0 3 6 0 0 0)              95.717
11827      (1 0 2 3 2 1 2)              95.715
11828      (1 0 2 3 2 1 2)              95.713
11829      (1 0 2 6 1 2 1)              95.709
11830      (1 0 2 3 1 1 1)              95.707
11831      (1 0 2 3 1 2 1)              95.705
11832      (1 0 2 3 1 2 1)              95.703
11833      (1 0 2 4 0 0 0)              95.699
11834      (1 0 2 3 2 1 2)              95.699
11835      (1 0 2 3 1 0 1)              95.695
11836      (1 0 2 5 2 1 1)              95.692
11837      (1 0 2 6 1 2 1)              95.689
11838      (1 0 4 3 1 2 0)              95.688
11839      (1 0 4 6 0 2 0)              95.683
11840      (1 0 0 3 1 1 1)              95.681
11841      (1 0 0 0 1 0 1)              95.679
11842      (1 0 2 3 1 0 1)              95.677
11843      (1 0 2 2 1 0 1)              95.674
11844      (1 0 2 3 1 2 1)              95.671
11845      (1 0 2 2 1 0 1)              95.668
11846      (1 0 2 3 1 2 1)              95.665
11847      (1 0 2 3 2 1 2)              95.663
11848      (1 0 4 3 1 1 1)              95.659
11849      (1 0 4 4 0 2 0)              95.657
11850      (1 0 2 6 1 1 1)              95.654
11851      (1 0 2 3 2 0 2)              95.653
11852      (1 0 2 3 0 0 0)              95.653
11853      (1 0 1 5 1 2 1)              95.650
11854      (1 0 2 3 1 0 1)              95.647
11855      (1 0 1 5 1 2 1)              95.643
11856      (1 0 4 2 1 2 1)              95.640
11857      (1 0 4 3 1 0 1)              95.636
11858      (1 0 2 3 1 1 1)              95.632
11859      (1 0 4 6 1 2 1)              95.632
11860      (1 0 2 3 1 1 1)              95.628
11861      (1 0 2 3 1 1 1)              95.626
11862      (1 0 3 2 1 1 1)              95.622
11863      (1 0 2 2 1 2 1)              95.620
11864      (1 0 2 2 1 0 1)              95.617
11865      (1 0 1 0 1 1 1)              95.612
11866      (1 0 2 4 0 0 0)              95.609
11867      (1 0 2 3 1 0 1)              95.606
11868      (1 0 2 4 1 1 1)              95.601
11869      (1 0 2 3 2 1 2)              95.600
11870      (1 0 1 1 0 0 1)              95.597
11871      (1 0 2 3 2 1 2)              95.596
11872      (1 0 2 5 1 2 1)              95.595
11873      (1 0 1 3 0 1 0)              95.590
11874      (1 0 0 0 1 2 0)              95.588
11875      (1 0 0 0 0 2 0)              95.583
11876      (0 1 4 6 1 0 1)              95.576
11877      (1 0 4 2 1 2 1)              95.573
11878      (1 0 2 3 2 1 2)              95.567
11879      (1 0 2 6 1 2 1)              95.564
11880      (1 0 4 4 0 2 0)              95.562
11881      (1 0 4 3 1 1 1)              95.558
11882      (1 0 1 3 1 0 1)              95.555
11883      (1 0 0 6 0 1 0)              95.553
11884      (0 0 3 6 0 0 0)              95.547
11885      (1 0 0 0 1 2 0)              95.545
11886      (1 0 2 5 1 0 1)              95.544
11887      (1 0 2 3 2 2 1)              95.541
11888      (1 0 2 3 1 1 1)              95.536
11889      (1 0 1 5 1 1 1)              95.534
11890      (1 0 2 2 1 0 1)              95.531
11891      (1 0 2 3 1 2 1)              95.530
11892      (1 0 1 3 0 1 0)              95.525
11893      (1 0 3 2 1 2 1)              95.521
11894      (1 0 0 0 0 0 0)              95.518
11895      (1 0 2 2 0 0 1)              95.515
11896      (1 0 2 6 1 1 1)              95.514
11897      (1 0 2 2 1 2 0)              95.512
11898      (1 0 2 3 1 1 1)              95.509
11899      (1 0 1 5 1 2 1)              95.504
11900      (1 0 2 4 1 1 1)              95.500
11901      (1 0 1 5 1 1 1)              95.494
11902      (1 0 3 0 2 2 1)              95.489
11903      (1 0 4 2 1 2 1)              95.485
11904      (1 0 2 3 1 2 1)              95.483
11905      (1 0 3 2 1 2 1)              95.480
11906      (1 0 2 6 1 2 1)              95.477
11907      (1 0 2 6 0 0 1)              95.473
11908      (1 0 2 3 1 2 1)              95.471
11909      (1 0 2 3 2 2 2)              95.468
11910      (1 0 4 6 1 2 0)              95.464
11911      (1 0 2 3 1 2 1)              95.462
11912      (1 0 3 1 1 1 1)              95.459
11913      (1 0 1 5 1 2 1)              95.453
11914      (1 0 2 3 0 2 0)              95.449
11915      (1 0 1 5 1 1 1)              95.447
11916      (1 0 2 6 1 2 1)              95.444
11917      (1 0 1 5 1 2 1)              95.439
11918      (1 0 0 5 1 0 0)              95.437
11919      (1 0 2 3 2 2 2)              95.435
11920      (1 0 2 3 1 0 1)              95.432
11921      (1 0 1 2 0 0 0)              95.429
11922      (1 0 2 3 1 0 1)              95.425
11923      (1 0 2 6 1 1 1)              95.421
11924      (1 0 0 0 1 2 0)              95.419
11925      (1 0 4 2 1 1 1)              95.415
11926      (1 0 2 3 1 0 2)              95.411
11927      (1 0 2 6 1 1 1)              95.411
11928      (1 0 2 3 1 2 1)              95.407
11929      (1 0 2 3 1 0 1)              95.404
11930      (1 0 2 3 2 2 1)              95.401
11931      (1 0 1 5 1 2 1)              95.398
11932      (1 0 2 3 1 1 1)              95.394
11933      (1 0 2 3 1 2 1)              95.392
11934      (1 0 1 5 1 1 1)              95.387
11935      (1 0 4 6 1 2 1)              95.386
11936      (1 0 2 6 1 1 1)              95.385
11937      (1 0 4 6 1 2 1)              95.384
11938      (1 0 2 3 1 1 1)              95.381
11939      (1 0 3 2 1 2 1)              95.378
11940      (1 0 2 3 1 2 1)              95.378
11941      (1 0 2 6 1 2 1)              95.375
11942      (1 0 0 5 0 2 0)              95.372
11943      (1 0 0 6 0 1 0)              95.370
11944      (1 0 1 5 1 1 1)              95.368
11945      (1 0 4 2 2 2 1)              95.366
11946      (1 0 2 3 1 2 1)              95.364
11947      (1 0 1 5 1 2 1)              95.360
11948      (1 0 4 2 1 2 1)              95.356
11949      (1 0 1 5 1 2 1)              95.354
11950      (1 0 1 3 1 2 1)              95.351
11951      (1 0 0 0 1 2 1)              95.349
11952      (1 0 2 6 1 1 1)              95.347
11953      (1 0 2 3 1 2 1)              95.345
11954      (1 0 1 5 1 2 1)              95.341
11955      (1 0 4 2 0 0 0)              95.335
11956      (1 0 2 3 1 0 2)              95.331
11957      (1 0 4 5 1 2 0)              95.326
11958      (1 0 4 0 2 2 1)              95.321
11959      (1 0 2 3 1 2 1)              95.319
11960      (1 0 2 3 0 2 0)              95.314
11961      (1 0 0 0 0 0 0)              95.310
11962      (1 0 4 6 1 2 1)              95.309
11963      (1 0 2 3 0 0 0)              95.307
11964      (1 0 2 3 1 0 1)              95.304
11965      (1 0 2 4 1 1 1)              95.300
11966      (1 0 2 3 1 2 1)              95.298
11967      (1 0 2 6 1 2 1)              95.294
11968      (1 0 2 2 1 2 0)              95.292
11969      (1 0 2 3 2 1 2)              95.292
11970      (1 0 4 4 2 1 1)              95.290
11971      (1 0 4 6 0 1 0)              95.285
11972      (1 0 2 3 2 2 2)              95.283
11973      (1 0 2 3 1 2 1)              95.280
11974      (1 0 2 3 1 2 1)              95.279
11975      (1 0 3 3 1 0 1)              95.276
11976      (1 0 2 6 1 2 1)              95.273
11977      (1 0 1 5 1 1 1)              95.271
11978      (1 0 2 3 1 1 1)              95.266
11979      (1 0 2 3 1 2 1)              95.266
11980      (1 0 4 5 2 1 2)              95.262
11981      (1 0 3 2 1 2 1)              95.259
11982      (1 0 4 2 2 2 1)              95.257
11983      (1 0 2 6 1 2 1)              95.254
11984      (1 0 4 3 1 2 0)              95.251
11985      (1 0 2 3 2 1 2)              95.249
11986      (1 0 2 3 2 1 2)              95.247
11987      (1 0 0 0 1 0 1)              95.245
11988      (1 0 2 3 0 0 0)              95.239
11989      (1 0 2 6 1 1 1)              95.235
11990      (1 0 3 0 0 0 0)              95.231
11991      (1 0 2 3 1 0 1)              95.227
11992      (1 0 2 3 1 0 1)              95.225
11993      (1 0 2 2 1 0 1)              95.222
11994      (1 0 2 6 1 2 1)              95.219
11995      (1 0 1 5 1 1 1)              95.213
11996      (1 0 4 2 1 2 1)              95.210
11997      (1 0 2 4 1 1 1)              95.206
11998      (0 1 4 6 1 0 1)              95.199
11999      (1 0 0 0 1 0 1)              95.198
12000      (1 0 2 3 2 1 2)              95.193
12001      (1 0 2 3 1 0 1)              95.193
12002      (1 0 2 5 1 0 2)              95.191
12003      (1 0 2 4 0 0 0)              95.188
12004      (1 0 3 2 1 1 1)              95.184
12005      (1 0 2 3 1 1 1)              95.180
12006      (1 1 0 6 0 2 0)              95.176
12007      (1 0 4 2 1 2 1)              95.173
12008      (1 0 2 6 1 1 1)              95.171
12009      (1 0 2 3 2 1 2)              95.169
12010      (1 0 2 3 1 0 1)              95.167
12011      (1 0 1 5 1 2 1)              95.165
12012      (1 0 1 0 0 2 0)              95.161
12013      (1 0 2 3 1 0 1)              95.157
12014      (1 0 2 3 0 2 0)              95.153
12015      (1 0 2 3 1 1 1)              95.149
12016      (1 0 0 5 1 0 0)              95.147
12017      (1 0 0 3 1 1 1)              95.145
12018      (1 0 2 6 1 1 1)              95.143
12019      (1 0 0 3 0 0 0)              95.138
12020      (1 0 1 5 1 1 1)              95.134
12021      (1 0 2 3 1 0 1)              95.131
12022      (1 0 4 1 1 1 1)              95.129
12023      (1 0 2 2 0 0 1)              95.126
12024      (1 0 2 3 1 1 1)              95.121
12025      (1 0 2 2 1 0 1)              95.118
12026      (1 0 1 5 1 1 1)              95.114
12027      (1 0 4 6 1 1 1)              95.111
12028      (1 0 1 5 1 1 1)              95.105
12029      (1 0 1 5 1 2 1)              95.100
12030      (1 0 4 6 0 0 0)              95.096
12031      (1 0 2 2 1 2 1)              95.095
12032      (1 0 0 0 2 2 1)              95.093
12033      (1 0 0 0 0 0 0)              95.088
12034      (1 0 0 0 1 0 1)              95.086
12035      (1 0 1 5 1 2 1)              95.083
12036      (1 0 2 6 1 1 1)              95.079
12037      (1 0 0 0 1 0 1)              95.076
12038      (1 0 4 0 2 2 1)              95.070
12039      (1 0 2 3 1 2 1)              95.068
12040      (1 0 2 3 1 2 1)              95.068
12041      (1 0 1 1 2 1 2)              95.063
12042      (1 0 2 3 1 1 1)              95.061
12043      (1 0 4 2 1 2 1)              95.058
12044      (1 0 4 6 1 2 1)              95.057
12045      (1 0 2 2 0 0 0)              95.054
12046      (1 0 2 3 1 1 1)              95.051
12047      (1 0 2 3 1 0 1)              95.048
12048      (1 0 1 0 1 1 1)              95.043
12049      (1 0 2 3 1 0 1)              95.040
12050      (1 0 2 3 1 2 1)              95.039
12051      (1 0 4 3 1 2 1)              95.035
12052      (1 0 2 3 1 2 1)              95.033
12053      (1 0 4 0 1 1 0)              95.031
12054      (1 0 2 3 2 2 2)              95.029
12055      (1 0 2 3 1 1 1)              95.026
12056      (1 0 4 6 1 2 1)              95.024
12057      (1 0 2 3 1 1 1)              95.021
12058      (1 0 0 0 1 2 1)              95.019
12059      (1 0 0 0 0 2 0)              95.015
12060      (1 0 2 3 1 0 1)              95.013
12061      (1 0 4 0 2 2 1)              95.007
12062      (1 0 2 3 1 2 1)              95.005
12063      (1 0 1 5 1 1 1)              95.003
12064      (1 0 1 5 1 1 1)              94.998
12065      (1 0 3 6 2 1 2)              94.993
12066      (1 0 2 6 1 2 1)              94.990
12067      (1 0 0 0 0 0 0)              94.985
12068      (1 0 4 2 1 2 1)              94.981
12069      (1 0 2 3 1 2 1)              94.980
12070      (1 0 2 3 1 0 1)              94.976
12071      (1 0 0 0 1 2 0)              94.974
12072      (1 0 0 0 1 2 1)              94.972
12073      (1 0 2 6 1 2 1)              94.968
12074      (1 0 2 2 0 0 0)              94.964
12075      (1 0 2 3 1 2 0)              94.961
12076      (1 0 0 0 1 2 1)              94.959
12077      (1 0 2 3 1 2 1)              94.957
12078      (1 0 2 3 2 1 2)              94.951
12079      (1 0 2 3 1 1 0)              94.948
12080      (1 0 1 3 1 0 1)              94.945
12081      (1 0 2 3 1 2 1)              94.943
12082      (1 0 4 3 1 0 1)              94.939
12083      (1 0 1 5 1 1 1)              94.937
12084      (1 0 2 3 1 2 1)              94.937
12085      (1 0 2 3 1 2 1)              94.935
12086      (1 0 2 0 2 1 2)              94.931
12087      (1 0 2 3 1 0 1)              94.928
12088      (1 0 2 3 1 2 1)              94.926
12089      (1 0 2 3 1 1 1)              94.924
12090      (1 0 2 6 1 1 1)              94.923
12091      (1 0 2 6 1 1 1)              94.922
12092      (1 0 1 5 1 2 1)              94.917
12093      (1 0 1 3 1 0 1)              94.914
12094      (1 0 4 6 0 2 0)              94.909
12095      (1 0 4 6 1 2 1)              94.909
12096      (1 0 0 0 1 2 1)              94.907
12097      (1 0 1 5 1 1 1)              94.905
12098      (1 0 0 0 1 1 1)              94.902
12099      (1 0 2 3 1 0 1)              94.899
12100      (1 0 2 3 1 2 0)              94.895
12101      (1 0 2 3 1 1 1)              94.892
12102      (1 0 2 3 1 0 1)              94.889
12103      (1 0 1 5 1 1 1)              94.884
12104      (1 0 2 3 0 2 0)              94.879
12105      (1 0 2 3 2 2 1)              94.876
12106      (1 0 0 5 0 2 0)              94.873
12107      (1 0 2 3 1 0 2)              94.869
12108      (1 0 2 3 1 1 1)              94.866
12109      (1 0 4 2 1 2 1)              94.863
12110      (1 0 0 0 1 2 0)              94.861
12111      (1 0 1 5 1 1 1)              94.855
12112      (1 0 4 6 1 1 1)              94.853
12113      (1 0 4 3 1 1 1)              94.849
12114      (1 0 4 4 0 2 0)              94.846
12115      (1 0 2 3 1 2 1)              94.844
12116      (1 0 2 3 2 2 2)              94.842
12117      (1 0 2 3 1 1 1)              94.839
12118      (1 0 4 6 1 1 1)              94.839
12119      (1 0 4 6 0 1 0)              94.835
12120      (1 0 4 6 1 2 1)              94.833
12121      (1 0 2 6 1 1 0)              94.830
12122      (1 0 4 2 0 0 0)              94.824
12123      (1 0 2 3 1 1 1)              94.821
12124      (1 0 2 5 0 2 0)              94.818
12125      (1 0 4 2 1 2 1)              94.815
12126      (1 0 4 6 0 2 0)              94.811
12127      (1 0 2 3 2 1 2)              94.809
12128      (1 0 2 3 1 1 1)              94.806
12129      (1 0 2 6 1 2 1)              94.803
12130      (1 0 2 5 1 0 1)              94.800
12131      (1 0 2 3 1 1 1)              94.796
12132      (1 0 2 3 1 2 0)              94.793
12133      (1 0 3 1 1 1 1)              94.790
12134      (1 0 2 6 1 2 1)              94.787
12135      (1 0 0 0 2 2 1)              94.785
12136      (1 0 2 3 2 0 2)              94.781
12137      (1 0 2 5 2 1 1)              94.778
12138      (1 0 2 3 2 1 2)              94.776
12139      (1 0 2 3 2 1 2)              94.775
12140      (1 0 1 5 1 1 1)              94.770
12141      (1 0 0 0 1 0 1)              94.769
12142      (1 0 0 3 1 1 1)              94.767
12143      (1 0 2 6 1 2 0)              94.765
12144      (1 0 2 5 1 1 1)              94.763
12145      (1 0 2 6 1 1 0)              94.759
12146      (1 0 3 2 0 0 1)              94.755
12147      (1 0 2 5 1 2 1)              94.754
12148      (1 0 4 1 0 2 1)              94.751
12149      (1 0 2 3 1 2 1)              94.749
12150      (1 0 4 3 1 1 1)              94.747
12151      (1 0 2 6 1 2 1)              94.744
12152      (1 0 2 3 1 2 1)              94.742
12153      (1 0 2 3 2 1 2)              94.736
12154      (1 0 2 3 1 0 1)              94.733
12155      (1 0 4 3 1 0 1)              94.729
12156      (1 0 4 2 1 2 1)              94.728
12157      (1 0 4 5 2 1 2)              94.725
12158      (1 0 2 3 1 1 1)              94.723
12159      (1 0 1 5 1 1 1)              94.718
12160      (1 0 2 6 1 2 1)              94.713
12161      (1 0 0 5 1 0 0)              94.712
12162      (1 0 1 5 1 2 1)              94.710
12163      (1 0 2 3 2 0 2)              94.709
12164      (1 0 3 3 2 1 2)              94.703
12165      (1 0 2 3 1 1 1)              94.700
12166      (1 0 4 2 2 1 2)              94.698
12167      (1 0 0 0 1 0 1)              94.697
12168      (1 0 4 6 1 0 1)              94.696
12169      (1 0 2 3 1 0 1)              94.693
12170      (1 0 0 5 1 1 1)              94.691
12171      (1 0 2 2 1 2 1)              94.689
12172      (1 0 2 3 1 0 1)              94.685
12173      (1 0 0 0 0 0 0)              94.684
12174      (1 0 1 5 1 2 1)              94.681
12175      (1 0 4 0 2 2 1)              94.675
12176      (1 0 4 3 1 0 1)              94.671
12177      (1 0 4 5 1 2 0)              94.667
12178      (1 0 0 0 0 0 0)              94.663
12179      (1 0 2 3 1 1 1)              94.659
12180      (1 0 1 2 0 0 0)              94.654
12181      (1 0 0 0 1 0 1)              94.653
12182      (1 0 3 2 2 2 1)              94.648
12183      (1 0 2 6 1 2 1)              94.645
12184      (1 0 4 6 1 2 1)              94.643
12185      (1 0 2 2 1 1 0)              94.640
12186      (1 0 4 2 1 2 1)              94.637
12187      (1 0 4 2 0 0 0)              94.631
12188      (1 0 2 3 2 2 2)              94.629
12189      (1 0 1 5 0 2 0)              94.624
12190      (1 0 2 3 1 2 1)              94.622
12191      (0 0 3 6 0 0 0)              94.617
12192      (1 0 2 6 1 2 1)              94.614
12193      (1 0 2 3 1 2 1)              94.610
12194      (1 0 4 5 1 2 0)              94.606
12195      (1 0 0 0 2 2 1)              94.604
12196      (1 0 0 0 0 0 0)              94.600
12197      (1 0 4 2 0 0 0)              94.595
12198      (1 0 2 6 1 2 1)              94.592
12199      (1 0 1 2 0 0 0)              94.586
12200      (1 0 4 2 1 2 1)              94.583
12201      (1 0 0 5 0 2 0)              94.580
12202      (1 0 2 3 0 0 0)              94.577
12203      (1 0 2 3 1 2 1)              94.577
12204      (1 0 2 3 2 1 2)              94.577
12205      (1 0 1 5 1 1 1)              94.571
12206      (1 0 4 2 1 2 1)              94.568
12207      (1 0 2 3 1 2 1)              94.565
12208      (1 0 4 2 2 1 2)              94.563
12209      (1 0 2 4 0 0 0)              94.560
12210      (1 0 2 3 0 2 0)              94.556
12211      (1 0 2 6 1 1 0)              94.552
12212      (1 0 2 6 1 1 0)              94.547
12213      (1 0 2 2 1 0 1)              94.544
12214      (1 0 2 5 1 0 1)              94.541
12215      (1 0 2 6 1 1 1)              94.540
12216      (1 0 2 3 1 0 2)              94.539
12217      (1 0 4 2 0 0 0)              94.533
12218      (1 0 2 6 1 1 1)              94.532
12219      (1 0 2 3 1 0 2)              94.529
12220      (1 0 2 3 1 2 0)              94.526
12221      (1 0 3 1 1 1 1)              94.523
12222      (1 0 3 2 1 2 0)              94.519
12223      (1 0 4 6 1 2 1)              94.517
12224      (1 0 2 3 1 0 2)              94.514
12225      (1 0 1 5 1 1 1)              94.509
12226      (1 0 1 4 1 1 1)              94.504
12227      (1 0 2 6 1 2 1)              94.501
12228      (1 0 2 3 1 1 1)              94.498
12229      (1 0 2 3 0 2 0)              94.494
12230      (1 0 1 5 1 1 1)              94.489
12231      (1 0 2 5 0 2 0)              94.486
12232      (1 0 1 5 1 1 1)              94.480
12233      (1 0 0 0 1 2 1)              94.478
12234      (1 0 3 2 1 2 1)              94.475
12235      (1 0 0 0 1 0 1)              94.473
12236      (1 0 4 2 1 2 1)              94.470
12237      (1 0 0 0 1 0 1)              94.467
12238      (1 0 4 2 1 2 1)              94.464
12239      (1 0 2 6 1 2 1)              94.460
12240      (1 0 4 0 1 2 1)              94.456
12241      (1 0 2 3 1 2 0)              94.453
12242      (1 0 1 0 1 1 1)              94.448
12243      (1 0 2 4 0 0 0)              94.445
12244      (1 0 1 5 0 2 0)              94.440
12245      (1 0 0 1 1 2 1)              94.438
12246      (1 0 2 3 1 0 1)              94.435
12247      (1 0 4 6 1 2 1)              94.433
12248      (1 0 0 5 1 0 0)              94.431
12249      (1 0 4 3 1 2 0)              94.431
12250      (1 0 1 0 1 1 1)              94.426
12251      (1 0 0 0 1 2 0)              94.425
12252      (1 0 2 3 1 2 1)              94.423
12253      (1 0 2 6 1 2 1)              94.420
12254      (1 0 4 6 1 2 1)              94.418
12255      (1 0 4 6 1 2 1)              94.416
12256      (1 0 1 1 0 0 0)              94.414
12257      (1 0 2 5 0 2 0)              94.412
12258      (1 0 2 3 1 0 1)              94.409
12259      (1 0 0 3 0 0 0)              94.405
12260      (1 0 1 5 1 1 1)              94.401
12261      (1 0 4 2 2 1 2)              94.399
12262      (1 0 4 0 2 2 1)              94.393
12263      (1 0 2 4 1 1 1)              94.389
12264      (1 0 3 2 1 0 1)              94.385
12265      (1 0 4 3 1 2 0)              94.384
12266      (1 0 2 4 1 1 1)              94.380
12267      (1 0 2 3 2 2 1)              94.377
12268      (1 0 4 6 1 2 1)              94.375
12269      (1 0 1 0 0 0 0)              94.371
12270      (1 0 2 2 1 2 1)              94.369
12271      (1 0 2 3 1 1 1)              94.366
12272      (1 0 2 3 1 2 0)              94.363
12273      (1 0 2 3 1 1 1)              94.360
12274      (1 0 4 3 1 0 1)              94.356
12275      (1 0 1 5 1 1 1)              94.350
12276      (1 0 1 5 1 1 1)              94.345
12277      (1 0 2 3 0 0 0)              94.343
12278      (1 0 2 3 1 0 1)              94.340
12279      (1 0 4 2 1 2 1)              94.337
12280      (1 0 2 3 2 1 2)              94.335
12281      (1 0 2 3 0 2 0)              94.331
12282      (0 0 0 1 2 2 1)              94.326
12283      (1 0 2 3 1 2 1)              94.324
12284      (1 0 2 4 1 1 1)              94.320
12285      (1 0 2 6 1 2 1)              94.316
12286      (1 0 2 3 1 0 1)              94.313
12287      (1 0 1 5 1 2 1)              94.309
12288      (1 0 2 5 1 0 1)              94.306
12289      (1 0 4 4 0 2 0)              94.304
12290      (1 0 2 3 1 2 1)              94.302
12291      (1 0 2 3 2 2 2)              94.301
12292      (1 0 0 0 1 2 0)              94.299
12293      (1 0 4 3 1 1 1)              94.295
12294      (1 0 2 0 2 1 2)              94.290
12295      (1 0 2 6 1 2 1)              94.286
12296      (1 0 3 0 1 1 1)              94.283
12297      (1 0 2 4 0 0 0)              94.280
12298      (1 0 1 2 1 1 1)              94.277
12299      (1 0 2 3 1 0 1)              94.274
12300      (1 0 2 3 1 1 1)              94.272
12301      (1 0 2 5 1 0 1)              94.269
12302      (1 0 2 3 1 1 1)              94.266
12303      (1 0 2 6 1 1 1)              94.265
12304      (1 0 0 5 0 2 0)              94.262
12305      (1 0 1 5 1 1 1)              94.261
12306      (1 0 1 5 1 1 1)              94.256
12307      (1 0 2 3 1 2 1)              94.252
12308      (1 0 1 5 1 1 1)              94.250
12309      (1 0 2 3 1 1 1)              94.247
12310      (1 0 2 3 1 0 1)              94.244
12311      (1 0 1 5 1 2 1)              94.239
12312      (1 0 3 2 1 2 1)              94.236
12313      (1 0 1 5 1 1 1)              94.231
12314      (1 0 4 2 1 2 1)              94.228
12315      (1 0 2 3 1 1 1)              94.226
12316      (1 0 2 3 1 2 1)              94.220
12317      (1 0 0 1 2 1 2)              94.215
12318      (1 0 2 3 1 1 1)              94.212
12319      (1 0 4 6 0 0 1)              94.210
12320      (1 0 2 3 1 2 1)              94.208
12321      (1 0 2 3 1 1 1)              94.204
12322      (1 0 2 3 1 2 1)              94.202
12323      (1 0 2 3 1 1 1)              94.200
12324      (1 0 3 3 1 1 1)              94.197
12325      (1 0 2 6 1 2 1)              94.194
12326      (1 0 2 6 1 1 0)              94.190
12327      (1 0 0 3 1 0 2)              94.188
12328      (1 0 2 6 1 2 1)              94.185
12329      (1 0 2 3 1 1 1)              94.182
12330      (1 0 4 3 1 0 1)              94.178
12331      (1 0 0 0 2 2 2)              94.174
12332      (1 0 2 3 1 2 0)              94.171
12333      (1 0 2 3 2 0 2)              94.170
12334      (1 0 2 3 2 1 2)              94.169
12335      (1 0 2 3 0 0 0)              94.169
12336      (1 0 3 2 1 2 1)              94.166
12337      (1 0 2 3 2 1 2)              94.165
12338      (1 0 0 5 1 1 1)              94.163
12339      (1 0 1 3 2 1 1)              94.160
12340      (1 0 0 0 1 2 1)              94.159
12341      (1 0 1 5 1 1 1)              94.153
12342      (1 0 2 0 2 1 2)              94.149
12343      (1 0 2 6 1 2 1)              94.146
12344      (1 0 4 2 1 2 1)              94.143
12345      (1 0 2 0 0 0 0)              94.141
12346      (1 0 2 3 1 2 1)              94.139
12347      (1 0 1 3 1 0 1)              94.135
12348      (1 0 1 2 0 0 0)              94.130
12349      (1 0 2 3 2 1 2)              94.128
12350      (1 0 0 0 1 0 1)              94.126
12351      (1 0 2 3 1 0 1)              94.123
12352      (1 0 1 2 0 0 0)              94.119
12353      (1 0 1 6 2 2 1)              94.116
12354      (1 0 1 5 1 1 1)              94.111
12355      (1 0 2 3 1 1 1)              94.107
12356      (1 0 2 3 1 0 1)              94.104
12357      (1 0 2 3 0 2 0)              94.099
12358      (1 0 0 5 0 2 0)              94.096
12359      (1 0 0 0 1 2 1)              94.095
12360      (1 0 4 0 1 2 1)              94.090
12361      (1 0 2 3 1 0 1)              94.087
12362      (1 0 4 3 1 0 1)              94.083
12363      (1 0 0 0 0 0 0)              94.080
12364      (1 0 4 3 1 2 1)              94.080
12365      (1 0 2 4 0 0 0)              94.077
12366      (1 0 2 3 1 1 1)              94.074
12367      (1 0 4 2 1 2 1)              94.071
12368      (1 0 2 3 1 1 1)              94.068
12369      (1 0 2 0 0 0 0)              94.066
12370      (1 0 2 3 1 0 1)              94.063
12371      (1 0 1 5 1 2 1)              94.060
12372      (1 0 4 0 1 2 1)              94.056
12373      (1 0 2 6 1 1 0)              94.052
12374      (1 0 2 6 1 2 1)              94.049
12375      (1 0 2 0 2 2 1)              94.043
12376      (1 0 4 2 1 2 1)              94.040
12377      (0 1 4 6 1 1 0)              94.036
12378      (1 0 2 3 2 1 2)              94.031
12379      (1 0 2 3 2 1 2)              94.030
12380      (1 0 3 2 1 2 1)              94.027
12381      (1 0 2 3 2 2 2)              94.025
12382      (1 0 1 5 1 2 1)              94.021
12383      (1 0 2 3 2 2 1)              94.018
12384      (1 0 0 0 1 2 1)              94.016
12385      (1 0 4 5 1 2 0)              94.012
12386      (1 0 0 3 1 1 1)              94.010
12387      (1 0 2 3 1 2 1)              94.009
12388      (1 0 0 0 2 2 1)              94.007
12389      (1 0 2 3 1 2 1)              94.005
12390      (1 0 2 6 1 2 1)              94.002
12391      (1 0 3 1 1 1 1)              93.999
12392      (1 0 0 1 1 2 1)              93.997
12393      (1 0 1 5 1 1 1)              93.992
12394      (1 0 2 3 1 1 1)              93.990
12395      (1 0 4 2 1 2 1)              93.987
12396      (1 0 3 1 1 1 1)              93.984
12397      (1 0 2 6 1 1 1)              93.981
12398      (1 0 3 2 1 2 1)              93.978
12399      (1 0 4 3 1 1 1)              93.974
12400      (1 0 2 3 1 0 1)              93.971
12401      (1 0 2 3 2 2 1)              93.968
12402      (1 0 4 4 2 1 1)              93.966
12403      (1 0 1 3 0 1 0)              93.961
12404      (1 0 2 3 1 0 1)              93.958
12405      (1 0 3 1 1 1 1)              93.955
12406      (1 0 2 6 1 2 1)              93.951
12407      (1 0 3 0 0 0 0)              93.947
12408      (1 0 1 5 1 1 1)              93.941
12409      (1 0 2 3 1 0 2)              93.937
12410      (1 0 4 2 0 0 0)              93.932
12411      (1 0 2 6 1 1 1)              93.928
12412      (1 0 0 5 1 0 0)              93.926
12413      (1 0 2 6 1 2 1)              93.923
12414      (1 0 2 3 1 2 1)              93.923
12415      (1 0 2 3 1 2 1)              93.921
12416      (1 0 2 3 0 2 0)              93.917
12417      (1 0 2 3 1 0 1)              93.914
12418      (1 0 0 0 1 0 1)              93.913
12419      (1 0 2 5 1 0 1)              93.910
12420      (1 0 1 3 1 0 1)              93.907
12421      (1 0 2 3 2 1 2)              93.905
12422      (1 0 2 3 2 1 2)              93.900
12423      (1 0 1 6 2 2 1)              93.897
12424      (1 0 2 3 2 1 2)              93.892
12425      (1 0 2 3 2 1 2)              93.890
12426      (1 0 1 5 1 2 1)              93.887
12427      (1 0 4 6 1 2 1)              93.885
12428      (1 0 2 3 1 2 1)              93.884
12429      (1 0 2 3 1 1 1)              93.881
12430      (1 0 2 6 1 2 1)              93.877
12431      (1 0 2 3 1 0 1)              93.874
12432      (1 0 2 5 1 0 1)              93.871
12433      (1 0 2 3 1 0 2)              93.869
12434      (1 0 1 5 1 1 1)              93.864
12435      (1 0 1 5 1 1 1)              93.859
12436      (1 0 2 3 1 2 1)              93.857
12437      (1 0 4 3 0 2 0)              93.854
12438      (1 0 2 3 2 1 2)              93.849
12439      (1 0 4 2 1 1 1)              93.845
12440      (1 0 4 5 1 2 0)              93.841
12441      (1 0 2 3 0 2 0)              93.837
12442      (1 0 2 3 1 2 1)              93.835
12443      (1 1 4 0 0 2 0)              93.832
12444      (1 0 0 3 0 0 0)              93.830
12445      (1 0 2 3 1 0 1)              93.827
12446      (1 0 2 2 1 2 1)              93.825
12447      (1 0 3 2 2 2 1)              93.820
12448      (1 0 1 5 1 1 1)              93.815
12449      (1 0 2 3 0 2 0)              93.811
12450      (1 0 2 3 1 1 1)              93.808
12451      (1 0 1 0 1 0 1)              93.806
12452      (1 0 2 3 1 1 1)              93.803
12453      (1 0 4 6 1 1 1)              93.801
12454      (1 0 4 2 1 2 1)              93.798
12455      (1 0 0 0 0 0 0)              93.793
12456      (1 0 4 6 1 2 1)              93.791
12457      (1 0 3 3 1 0 1)              93.788
12458      (1 0 3 3 2 1 2)              93.783
12459      (1 0 2 6 0 0 1)              93.781
12460      (0 1 4 6 2 1 1)              93.776
12461      (1 0 4 2 1 2 1)              93.773
12462      (1 0 4 3 1 1 1)              93.769
12463      (1 0 2 3 0 2 0)              93.765
12464      (1 0 0 0 1 2 1)              93.763
12465      (1 0 3 3 1 0 1)              93.760
12466      (1 0 3 2 2 2 1)              93.757
12467      (1 0 0 0 0 2 0)              93.753
12468      (1 0 2 6 1 1 1)              93.753
12469      (1 0 0 0 1 1 1)              93.751
12470      (1 0 4 6 1 2 1)              93.750
12471      (1 0 2 3 1 0 2)              93.748
12472      (1 0 4 2 1 1 1)              93.744
12473      (1 0 2 3 1 0 1)              93.741
12474      (1 0 2 2 1 0 1)              93.740
12475      (1 0 1 5 1 1 1)              93.735
12476      (1 0 2 3 1 2 1)              93.734
12477      (1 0 2 3 1 0 1)              93.732
12478      (1 0 2 6 1 2 1)              93.728
12479      (1 0 0 0 1 0 1)              93.725
12480      (1 0 2 3 1 1 1)              93.721
12481      (1 0 2 3 1 2 1)              93.721
12482      (1 0 0 3 1 1 1)              93.719
12483      (1 0 2 6 1 2 1)              93.715
12484      (1 0 1 5 1 2 1)              93.711
12485      (1 0 1 5 1 1 1)              93.710
12486      (1 0 4 2 1 2 1)              93.707
12487      (1 0 2 3 1 1 1)              93.704
12488      (1 0 2 3 1 0 1)              93.701
12489      (1 0 2 6 1 1 1)              93.697
12490      (1 0 2 2 1 1 0)              93.694
12491      (1 0 2 3 0 0 0)              93.692
12492      (1 0 4 4 2 1 2)              93.687
12493      (1 0 0 3 0 0 0)              93.683
12494      (1 0 4 4 0 2 0)              93.681
12495      (1 0 2 3 2 2 2)              93.679
12496      (1 0 0 6 0 1 0)              93.677
12497      (1 0 2 3 1 2 1)              93.675
12498      (1 0 2 6 1 2 1)              93.673
12499      (1 0 0 5 1 1 1)              93.671
12500      (1 0 4 2 0 0 0)              93.666
12501      (1 0 2 3 1 0 1)              93.661
12502      (1 0 3 3 1 1 1)              93.659
12503      (1 0 2 3 1 2 1)              93.657
12504      (1 0 2 3 1 1 1)              93.654
12505      (1 0 2 2 1 2 0)              93.651
12506      (1 0 2 3 1 2 1)              93.649
12507      (1 0 2 3 1 0 1)              93.646
12508      (1 0 1 5 1 1 1)              93.644
12509      (1 0 4 2 0 0 0)              93.639
12510      (1 0 2 3 1 2 1)              93.636
12511      (1 0 0 0 1 2 1)              93.635
12512      (1 0 4 6 1 2 1)              93.634
12513      (1 0 2 3 1 2 1)              93.632
12514      (1 0 2 3 1 2 1)              93.630
12515      (1 0 2 6 1 2 1)              93.627
12516      (1 0 4 2 2 1 2)              93.626
12517      (1 0 4 2 1 2 1)              93.623
12518      (1 0 4 2 0 0 0)              93.618
12519      (1 0 4 3 1 2 1)              93.613
12520      (1 0 2 3 1 0 1)              93.611
12521      (1 0 4 4 0 2 0)              93.608
12522      (1 0 2 3 1 2 1)              93.607
12523      (1 0 4 2 0 0 0)              93.602
12524      (1 0 2 3 0 2 0)              93.598
12525      (1 0 4 0 1 2 1)              93.594
12526      (1 0 0 0 0 0 0)              93.590
12527      (1 0 0 0 1 1 1)              93.588
12528      (1 0 2 0 0 0 0)              93.586
12529      (1 0 2 3 1 0 1)              93.583
12530      (1 0 3 2 1 1 1)              93.579
12531      (1 0 2 2 2 2 1)              93.576
12532      (1 0 2 3 1 0 1)              93.574
12533      (1 0 3 3 2 1 2)              93.569
12534      (1 0 4 0 1 2 1)              93.565
12535      (1 0 2 3 1 1 1)              93.561
12536      (1 0 2 6 1 1 1)              93.560
12537      (1 0 0 0 1 2 0)              93.559
12538      (1 0 2 3 2 2 1)              93.556
12539      (1 0 0 0 1 2 1)              93.554
12540      (1 0 2 3 1 1 1)              93.550
12541      (1 0 4 2 1 2 1)              93.547
12542      (1 0 2 6 1 2 1)              93.544
12543      (1 0 2 5 1 1 1)              93.542
12544      (1 0 2 6 1 1 1)              93.539
12545      (1 0 2 6 1 2 1)              93.537
12546      (1 0 1 5 1 2 1)              93.534
12547      (1 0 4 3 1 1 1)              93.530
12548      (1 0 2 3 1 2 1)              93.528
12549      (1 0 0 0 1 2 0)              93.526
12550      (1 0 2 3 1 0 1)              93.523
12551      (1 0 2 3 1 0 1)              93.520
12552      (1 0 2 3 2 0 2)              93.516
12553      (1 0 2 3 0 0 0)              93.511
12554      (1 0 4 2 2 1 1)              93.508
12555      (1 0 4 2 1 2 1)              93.505
12556      (1 0 2 3 2 0 2)              93.505
12557      (1 0 1 5 1 1 1)              93.499
12558      (1 0 2 3 1 2 1)              93.498
12559      (1 0 0 3 1 1 1)              93.496
12560      (1 0 2 4 1 1 1)              93.492
12561      (1 0 2 2 1 0 1)              93.489
12562      (1 0 2 3 0 0 0)              93.487
12563      (1 0 0 0 1 0 1)              93.487
12564      (1 0 1 5 1 1 1)              93.485
12565      (1 0 4 3 1 2 0)              93.482
12566      (1 0 1 5 2 2 2)              93.480
12567      (1 0 4 3 1 1 1)              93.476
12568      (1 0 4 0 2 2 1)              93.471
12569      (1 0 2 6 1 2 1)              93.468
12570      (1 0 4 6 1 1 1)              93.466
12571      (1 0 2 2 1 2 1)              93.465
12572      (1 0 2 3 1 2 1)              93.463
12573      (1 0 2 3 1 1 1)              93.460
12574      (1 0 2 3 2 0 2)              93.459
12575      (1 0 2 6 1 1 0)              93.456
12576      (1 0 1 0 1 1 1)              93.452
12577      (1 0 4 4 0 2 0)              93.449
12578      (1 0 2 3 1 2 1)              93.448
12579      (1 0 4 6 0 0 1)              93.446
12580      (1 0 2 6 1 2 1)              93.443
12581      (1 0 2 3 1 1 1)              93.440
12582      (1 0 2 6 1 2 1)              93.437
12583      (1 0 2 6 1 2 1)              93.434
12584      (1 0 2 3 1 2 1)              93.432
12585      (1 0 0 0 1 0 1)              93.431
12586      (1 0 2 3 2 1 2)              93.426
12587      (1 0 2 3 0 0 0)              93.421
12588      (1 0 2 3 1 0 1)              93.417
12589      (1 0 2 6 1 1 1)              93.416
12590      (1 0 2 3 1 1 1)              93.413
12591      (1 0 4 3 1 1 1)              93.409
12592      (1 0 2 3 0 0 0)              93.407
12593      (1 0 1 5 1 1 1)              93.402
12594      (1 0 0 3 1 1 1)              93.400
12595      (1 0 4 6 1 2 1)              93.399
12596      (1 0 1 5 1 1 1)              93.393
12597      (1 0 1 5 1 1 1)              93.392
12598      (1 0 2 6 1 2 1)              93.389
12599      (1 0 0 0 1 0 1)              93.387
12600      (1 0 2 3 1 2 1)              93.384
12601      (1 0 2 4 0 0 0)              93.381
12602      (1 0 2 6 1 2 1)              93.378
12603      (1 0 2 3 0 0 1)              93.374
12604      (1 0 0 0 1 2 1)              93.373
12605      (1 0 2 3 1 1 1)              93.370
12606      (1 0 2 3 2 2 2)              93.368
12607      (1 0 4 2 1 2 1)              93.365
12608      (1 0 2 6 1 2 1)              93.361
12609      (1 0 2 1 1 1 1)              93.358
12610      (1 0 0 0 0 0 0)              93.354
12611      (1 0 2 3 1 2 1)              93.355
12612      (1 0 2 2 1 2 1)              93.353
12613      (1 0 3 2 2 2 1)              93.350
12614      (1 0 2 4 1 1 1)              93.346
12615      (1 0 4 6 1 2 1)              93.344
12616      (1 0 1 0 1 1 1)              93.342
12617      (1 0 2 3 1 1 1)              93.339
12618      (1 0 1 5 1 1 1)              93.334
12619      (1 0 1 5 1 1 1)              93.332
12620      (1 0 2 6 1 2 1)              93.329
12621      (1 0 2 3 1 0 1)              93.326
12622      (1 0 0 3 0 0 0)              93.322
12623      (1 0 0 3 1 1 1)              93.320
12624      (1 0 4 2 1 2 1)              93.317
12625      (1 0 3 2 1 1 1)              93.313
12626      (1 0 0 0 0 0 0)              93.311
12627      (1 0 2 6 1 2 1)              93.308
12628      (1 0 2 3 1 0 1)              93.305
12629      (1 0 3 1 1 1 1)              93.302
12630      (1 0 2 2 1 2 1)              93.300
12631      (1 0 3 2 1 1 1)              93.296
12632      (1 0 2 3 1 1 1)              93.292
12633      (1 0 2 3 1 2 0)              93.289
12634      (1 0 2 3 1 1 1)              93.287
12635      (1 0 2 3 2 1 1)              93.285
12636      (1 0 4 3 1 2 1)              93.284
12637      (1 0 2 3 1 0 1)              93.281
12638      (1 0 2 6 1 1 0)              93.278
12639      (1 0 2 2 0 0 0)              93.276
12640      (1 0 0 4 0 0 0)              93.275
12641      (1 0 0 0 0 0 0)              93.270
12642      (1 0 1 5 1 1 1)              93.265
12643      (1 0 2 6 1 1 0)              93.262
12644      (1 0 0 1 1 2 1)              93.260
12645      (1 0 1 5 1 1 1)              93.255
12646      (1 0 2 3 1 0 1)              93.252
12647      (1 0 0 0 2 2 1)              93.250
12648      (1 0 2 3 0 2 0)              93.246
12649      (1 0 2 3 1 2 1)              93.245
12650      (1 0 2 3 1 2 1)              93.244
12651      (1 0 1 0 1 1 1)              93.240
12652      (1 0 2 3 0 0 0)              93.235
12653      (1 0 2 3 2 1 1)              93.233
12654      (1 0 4 5 1 2 0)              93.229
12655      (1 0 2 3 1 0 1)              93.226
12656      (1 0 1 5 1 1 1)              93.221
12657      (1 0 2 3 2 1 2)              93.220
12658      (1 0 2 2 0 0 1)              93.217
12659      (1 0 2 3 1 2 1)              93.215
12660      (1 0 4 4 0 2 0)              93.213
12661      (1 0 3 2 2 2 1)              93.210
12662      (1 0 2 3 1 2 1)              93.209
12663      (1 0 4 4 0 2 0)              93.207
12664      (1 0 2 6 1 2 1)              93.205
12665      (1 0 4 6 0 1 0)              93.201
12666      (1 0 2 3 1 1 1)              93.198
12667      (1 0 2 6 1 2 1)              93.196
12668      (1 0 2 3 1 0 1)              93.193
12669      (1 0 2 6 1 2 1)              93.190
12670      (1 0 4 2 1 2 1)              93.187
12671      (1 0 2 3 0 0 0)              93.184
12672      (1 0 3 6 2 2 2)              93.180
12673      (1 0 0 0 1 0 1)              93.177
12674      (1 0 2 3 2 2 2)              93.176
12675      (1 0 2 3 1 2 1)              93.174
12676      (1 0 1 5 1 1 1)              93.169
12677      (1 0 2 6 1 2 1)              93.165
12678      (1 0 4 2 1 2 1)              93.162
12679      (1 0 2 3 1 1 1)              93.159
12680      (1 0 4 2 1 2 1)              93.156
12681      (1 0 2 3 2 0 2)              93.156
12682      (1 0 2 6 1 2 1)              93.153
12683      (1 0 2 3 2 2 2)              93.151
12684      (1 0 4 4 0 2 0)              93.149
12685      (1 0 2 6 1 1 1)              93.149
12686      (1 0 4 2 1 2 1)              93.146
12687      (1 0 4 4 0 2 0)              93.143
12688      (1 0 2 3 1 0 1)              93.140
12689      (1 0 2 6 1 2 1)              93.137
12690      (1 0 4 4 0 2 0)              93.135
12691      (1 0 1 5 1 1 1)              93.130
12692      (1 0 2 6 1 2 1)              93.127
12693      (1 0 3 3 2 1 2)              93.122
12694      (1 0 3 2 1 2 0)              93.118
12695      (1 0 0 3 0 0 0)              93.114
12696      (1 0 1 3 1 0 1)              93.111
12697      (1 0 2 2 0 0 1)              93.108
12698      (1 0 2 4 0 0 0)              93.105
12699      (1 0 2 3 1 2 0)              93.102
12700      (1 0 0 0 1 2 1)              93.101
12701      (1 0 2 6 1 1 0)              93.098
12702      (1 0 0 0 2 2 1)              93.096
12703      (1 0 4 2 1 2 1)              93.093
12704      (1 0 2 2 1 2 1)              93.091
12705      (1 0 2 3 1 2 1)              93.090
12706      (1 0 2 3 1 2 1)              93.088
12707      (1 0 2 3 1 1 1)              93.087
12708      (1 0 4 0 1 1 0)              93.086
12709      (1 0 2 2 1 1 1)              93.084
12710      (1 0 1 6 0 0 0)              93.082
12711      (1 0 2 6 0 0 1)              93.078
12712      (1 0 4 4 0 2 0)              93.076
12713      (1 0 2 3 1 1 1)              93.073
12714      (1 0 0 0 0 2 0)              93.072
12715      (1 0 2 3 2 2 1)              93.069
12716      (1 0 1 5 1 2 1)              93.065
12717      (1 0 2 3 2 1 2)              93.065
12718      (1 0 2 6 1 1 1)              93.062
12719      (1 0 1 5 1 1 1)              93.057
12720      (1 0 2 6 1 2 1)              93.054
12721      (1 0 2 3 1 0 1)              93.051
12722      (1 0 4 6 1 2 1)              93.051
12723      (1 0 3 1 1 1 1)              93.048
12724      (1 0 2 5 1 0 1)              93.045
12725      (1 0 3 2 1 2 1)              93.042
12726      (1 0 2 3 2 0 2)              93.042
12727      (1 0 2 3 1 2 1)              93.041
12728      (1 0 0 1 1 2 1)              93.038
12729      (1 0 2 2 1 0 2)              93.036
12730      (1 0 0 0 1 0 1)              93.034
12731      (1 0 1 0 0 0 0)              93.030
12732      (1 0 2 4 1 1 1)              93.026
12733      (1 0 1 5 1 1 1)              93.021
12734      (1 0 1 5 0 2 0)              93.016
12735      (1 0 2 3 2 1 2)              93.014
12736      (1 0 2 3 1 0 1)              93.011
12737      (1 0 2 6 1 2 1)              93.008
12738      (1 0 2 3 1 2 1)              93.007
12739      (1 0 0 0 2 2 1)              93.005
12740      (1 0 0 5 0 2 0)              93.002
12741      (1 0 4 2 0 0 0)              92.997
12742      (1 0 2 3 1 1 1)              92.994
12743      (1 0 1 5 1 1 1)              92.989
12744      (1 0 2 3 1 1 1)              92.985
12745      (1 0 2 3 1 0 1)              92.982
12746      (1 0 2 6 1 2 1)              92.980
12747      (1 0 2 6 1 2 1)              92.977
12748      (1 0 2 3 1 0 1)              92.974
12749      (1 0 2 3 0 2 0)              92.970
12750      (1 0 1 5 1 1 1)              92.965
12751      (1 0 2 3 1 1 1)              92.962
12752      (1 0 2 5 1 2 1)              92.962
12753      (1 0 0 0 0 0 0)              92.958
12754      (1 0 1 5 1 1 1)              92.953
12755      (1 0 3 1 1 1 1)              92.950
12756      (1 0 2 3 1 1 1)              92.947
12757      (1 0 2 3 1 0 1)              92.947
12758      (1 0 2 3 1 2 1)              92.946
12759      (1 0 4 6 1 2 1)              92.945
12760      (1 0 2 3 1 1 1)              92.942
12761      (1 0 3 2 1 1 1)              92.938
12762      (1 0 2 3 1 1 1)              92.936
12763      (1 0 2 3 1 2 1)              92.933
12764      (1 0 1 5 1 1 1)              92.929
12765      (1 0 0 0 1 2 0)              92.927
12766      (1 0 1 5 1 1 1)              92.922
12767      (1 0 2 3 1 0 1)              92.919
12768      (1 0 4 2 1 2 1)              92.917
12769      (1 0 1 5 1 2 1)              92.914
12770      (1 0 2 6 1 2 1)              92.911
12771      (1 0 0 0 0 0 0)              92.906
12772      (1 0 2 6 1 2 1)              92.903
12773      (1 0 2 6 1 2 1)              92.899
12774      (1 0 1 5 1 1 1)              92.894
12775      (1 0 0 0 1 1 1)              92.892
12776      (1 0 2 3 1 0 1)              92.890
12777      (1 0 2 3 1 2 1)              92.888
12778      (1 0 2 3 0 0 1)              92.884
12779      (1 0 2 3 1 2 1)              92.881
12780      (1 0 4 4 0 2 0)              92.880
12781      (1 0 4 0 2 2 1)              92.875
12782      (1 0 3 2 1 2 1)              92.872
12783      (1 0 0 0 2 2 2)              92.868
12784      (1 0 2 3 1 2 1)              92.866
12785      (1 0 0 5 0 2 0)              92.863
12786      (1 0 0 5 0 2 0)              92.861
12787      (1 0 2 3 1 2 1)              92.858
12788      (1 0 2 3 1 0 1)              92.855
12789      (1 0 3 2 1 1 1)              92.851
12790      (1 0 2 6 0 2 0)              92.848
12791      (1 0 0 0 1 0 1)              92.847
12792      (1 0 4 5 1 2 0)              92.843
12793      (1 0 2 3 2 1 2)              92.841
12794      (1 0 0 0 1 2 1)              92.839
12795      (1 0 1 5 1 1 1)              92.834
12796      (1 0 2 3 1 2 1)              92.835
12797      (1 0 4 4 0 2 0)              92.833
12798      (1 0 4 6 1 2 1)              92.833
12799      (1 0 4 6 0 2 0)              92.829
12800      (1 0 3 0 0 2 1)              92.825
12801      (1 0 2 3 1 1 1)              92.821
12802      (1 0 2 3 1 2 1)              92.819
12803      (1 0 4 2 1 2 1)              92.816
12804      (1 0 2 4 1 1 1)              92.812
12805      (1 0 4 2 2 1 2)              92.811
12806      (1 0 2 6 1 2 1)              92.808
12807      (1 0 3 5 0 2 0)              92.804
12808      (1 0 1 5 1 1 1)              92.799
12809      (1 0 0 5 1 2 1)              92.794
12810      (1 0 2 3 2 1 2)              92.793
12811      (1 0 1 5 1 1 1)              92.788
12812      (1 0 2 3 1 0 1)              92.787
12813      (1 0 2 3 0 0 0)              92.785
12814      (1 0 2 2 2 2 1)              92.782
12815      (1 0 2 3 1 0 1)              92.780
12816      (1 0 1 2 2 2 1)              92.777
12817      (1 0 2 0 2 1 2)              92.773
12818      (1 0 0 0 1 1 1)              92.770
12819      (1 0 2 3 2 1 2)              92.765
12820      (1 0 2 3 1 2 1)              92.763
12821      (1 0 3 1 1 1 1)              92.761
12822      (1 0 2 3 1 1 1)              92.759
12823      (1 0 2 6 1 2 1)              92.756
12824      (1 0 2 5 1 0 1)              92.753
12825      (1 0 2 6 1 2 1)              92.751
12826      (1 0 4 2 1 2 1)              92.748
12827      (1 0 2 6 1 2 1)              92.744
12828      (1 0 2 6 1 2 1)              92.741
12829      (1 0 0 0 0 0 0)              92.736
12830      (1 0 1 5 1 1 1)              92.731
12831      (1 0 0 3 0 0 0)              92.727
12832      (1 0 0 0 2 2 1)              92.726
12833      (1 0 0 0 1 0 1)              92.723
12834      (1 0 2 3 2 1 2)              92.718
12835      (1 0 1 5 1 1 1)              92.713
12836      (1 0 4 5 1 2 0)              92.709
12837      (1 0 4 4 2 1 1)              92.707
12838      (1 0 2 6 1 2 1)              92.704
12839      (1 0 1 0 1 1 1)              92.701
12840      (1 0 2 3 1 2 1)              92.699
12841      (1 0 2 6 1 2 1)              92.696
12842      (1 0 2 5 2 1 1)              92.693
12843      (1 0 2 3 1 2 1)              92.692
12844      (1 0 1 5 1 2 1)              92.687
12845      (1 0 2 3 2 1 2)              92.682
12846      (1 0 2 3 1 0 1)              92.679
12847      (1 0 1 5 1 1 1)              92.674
12848      (1 0 0 0 1 2 0)              92.672
12849      (1 0 2 3 2 1 2)              92.667
12850      (1 0 2 5 0 1 0)              92.663
12851      (1 0 4 3 1 0 1)              92.659
12852      (1 0 1 5 1 2 1)              92.656
12853      (1 0 2 3 1 2 1)              92.654
12854      (1 0 2 6 1 2 1)              92.651
12855      (1 0 4 2 1 2 1)              92.648
12856      (1 0 2 2 1 0 1)              92.646
12857      (1 0 2 6 1 2 1)              92.643
12858      (1 0 2 3 1 2 1)              92.643
12859      (1 0 2 5 2 1 1)              92.641
12860      (1 0 0 0 1 2 0)              92.639
12861      (1 0 2 4 1 0 1)              92.636
12862      (1 0 1 5 1 1 1)              92.635
12863      (1 0 2 4 1 1 1)              92.631
12864      (1 0 2 3 1 1 1)              92.628
12865      (1 0 2 3 2 0 2)              92.624
12866      (1 0 2 3 2 2 2)              92.622
12867      (1 0 1 3 1 2 1)              92.620
12868      (1 0 2 2 1 2 1)              92.618
12869      (1 1 0 6 0 2 0)              92.614
12870      (1 0 2 3 1 2 1)              92.612
12871      (1 0 2 3 1 2 1)              92.611
12872      (1 0 2 3 1 2 1)              92.611
12873      (1 0 4 6 0 1 0)              92.608
12874      (1 0 1 5 1 1 1)              92.603
12875      (1 0 2 3 1 2 1)              92.601
12876      (1 0 2 3 2 1 2)              92.596
12877      (1 0 2 5 1 0 1)              92.593
12878      (1 0 4 6 1 1 1)              92.592
12879      (1 0 4 0 1 1 0)              92.590
12880      (1 0 2 3 1 2 1)              92.588
12881      (1 0 2 3 1 1 1)              92.585
12882      (1 0 4 0 2 2 1)              92.580
12883      (1 0 2 3 1 1 1)              92.578
12884      (1 0 0 0 1 2 0)              92.576
12885      (1 0 2 3 2 1 2)              92.571
12886      (1 0 1 5 1 1 1)              92.566
12887      (1 0 2 3 1 2 1)              92.563
12888      (1 0 4 4 0 2 0)              92.562
12889      (1 0 4 0 2 2 1)              92.558
12890      (1 0 2 2 0 0 0)              92.555
12891      (1 0 2 3 2 1 2)              92.550
12892      (1 0 4 4 0 2 0)              92.549
12893      (1 0 2 3 1 2 1)              92.546
12894      (1 0 2 3 1 2 1)              92.544
12895      (1 0 1 5 1 1 1)              92.539
12896      (1 0 2 3 2 1 2)              92.534
12897      (1 0 2 3 1 1 1)              92.530
12898      (1 0 2 3 0 0 1)              92.528
12899      (1 0 2 3 1 0 1)              92.525
12900      (1 0 1 3 1 2 1)              92.522
12901      (1 0 2 3 1 0 1)              92.520
12902      (1 0 4 4 2 1 1)              92.519
12903      (1 0 2 3 1 1 1)              92.516
12904      (1 0 2 3 1 1 1)              92.513
12905      (1 0 2 3 1 1 1)              92.511
12906      (1 0 2 3 0 0 0)              92.509
12907      (1 0 4 3 1 1 1)              92.505
12908      (1 0 2 3 2 1 2)              92.503
12909      (1 0 1 5 1 1 1)              92.498
12910      (1 0 2 3 2 1 2)              92.494
12911      (1 0 2 6 1 2 1)              92.491
12912      (1 0 2 3 1 1 1)              92.488
12913      (1 0 4 2 1 1 1)              92.488
12914      (1 0 4 3 1 2 1)              92.487
12915      (1 0 2 3 1 0 1)              92.484
12916      (1 0 2 6 1 2 1)              92.481
12917      (1 0 2 3 0 0 0)              92.480
12918      (1 0 3 2 1 2 1)              92.477
12919      (1 0 1 5 1 1 1)              92.472
12920      (1 0 2 6 1 2 1)              92.469
12921      (1 0 4 2 1 2 1)              92.467
12922      (1 0 2 6 1 1 1)              92.466
12923      (1 0 2 2 1 0 1)              92.463
12924      (1 0 2 3 1 0 1)              92.461
12925      (1 0 2 5 2 1 1)              92.458
12926      (1 0 0 0 0 0 0)              92.454
12927      (1 0 2 3 1 2 1)              92.454
12928      (1 0 3 2 2 2 1)              92.451
12929      (1 0 2 6 1 2 1)              92.448
12930      (1 0 2 3 1 0 1)              92.445
12931      (1 0 3 3 2 1 2)              92.440
12932      (1 0 2 6 1 1 1)              92.438
12933      (1 0 2 6 1 2 1)              92.435
12934      (1 0 1 5 1 1 1)              92.430
12935      (1 0 2 6 1 2 1)              92.427
12936      (1 0 2 3 2 1 2)              92.426
12937      (1 0 2 6 1 2 1)              92.424
12938      (1 0 0 0 0 0 0)              92.420
12939      (1 0 4 6 1 2 1)              92.420
12940      (1 0 0 0 1 2 1)              92.418
12941      (1 0 3 2 1 1 1)              92.414
12942      (1 0 0 0 1 2 1)              92.413
12943      (1 0 2 3 2 1 2)              92.411
12944      (1 0 4 6 1 2 1)              92.410
12945      (1 0 2 3 2 0 2)              92.407
12946      (1 0 2 3 0 0 0)              92.404
12947      (1 0 2 4 1 1 1)              92.400
12948      (1 0 2 6 0 0 1)              92.397
12949      (1 0 1 5 1 1 1)              92.396
12950      (1 0 2 3 1 0 2)              92.392
12951      (1 0 2 3 1 0 1)              92.389
12952      (1 0 1 5 1 2 1)              92.386
12953      (1 0 1 5 1 2 1)              92.383
12954      (1 0 4 4 0 2 0)              92.380
12955      (1 0 2 3 1 0 1)              92.377
12956      (1 0 2 3 1 0 1)              92.374
12957      (1 0 2 3 2 1 1)              92.373
12958      (1 0 4 3 1 1 1)              92.369
12959      (1 0 0 5 1 0 0)              92.367
12960      (1 0 4 3 1 0 1)              92.364
12961      (1 0 2 3 2 1 2)              92.359
12962      (1 0 0 3 0 0 0)              92.355
12963      (1 0 0 3 1 1 1)              92.353
12964      (1 0 3 2 1 1 1)              92.349
12965      (1 0 2 6 1 2 1)              92.347
12966      (1 0 1 0 1 1 1)              92.343
12967      (1 0 2 3 1 1 1)              92.339
12968      (1 0 3 1 1 1 1)              92.336
12969      (1 0 2 3 1 1 1)              92.333
12970      (1 0 4 2 0 0 0)              92.329
12971      (1 0 2 2 0 1 1)              92.325
12972      (1 0 2 3 2 1 2)              92.320
12973      (1 0 2 3 1 0 1)              92.317
12974      (1 0 1 1 1 2 1)              92.315
12975      (1 0 2 3 1 2 1)              92.313
12976      (1 0 0 0 0 0 0)              92.308
12977      (1 0 2 3 2 0 2)              92.307
12978      (1 0 2 2 1 0 1)              92.305
12979      (1 0 2 2 1 0 1)              92.302
12980      (1 0 2 3 1 2 1)              92.300
12981      (1 0 2 3 1 0 1)              92.298
12982      (1 0 2 3 0 0 0)              92.293
12983      (1 0 3 2 2 2 1)              92.290
12984      (1 1 0 6 0 2 0)              92.286
12985      (1 0 2 3 1 2 1)              92.285
12986      (1 0 1 2 0 0 0)              92.280
12987      (1 0 2 3 2 1 2)              92.279
12988      (1 0 0 0 1 2 0)              92.278
12989      (1 0 3 3 1 1 1)              92.275
12990      (1 0 2 3 1 2 1)              92.273
12991      (1 0 2 6 1 2 1)              92.272
12992      (1 0 2 6 1 1 1)              92.271
12993      (1 0 1 5 1 2 1)              92.267
12994      (1 0 2 5 2 1 1)              92.265
12995      (1 0 2 0 2 1 2)              92.261
12996      (1 0 1 5 1 2 1)              92.256
12997      (1 0 3 2 1 1 1)              92.252
12998      (1 0 2 6 1 2 1)              92.249
12999      (1 0 0 0 1 2 0)              92.248
13000      (1 0 2 3 1 2 1)              92.247
13001      (1 0 3 6 2 2 2)              92.243
13002      (1 0 1 3 0 1 0)              92.239
13003      (1 0 1 5 1 1 1)              92.234
13004      (1 0 0 3 1 1 1)              92.232
13005      (1 0 4 2 1 2 1)              92.229
13006      (1 0 0 0 0 0 0)              92.225
13007      (1 0 0 0 1 0 1)              92.225
13008      (1 0 0 0 1 2 0)              92.223
13009      (1 0 2 3 1 1 1)              92.221
13010      (1 0 2 3 2 1 2)              92.219
13011      (1 0 0 0 0 0 0)              92.214
13012      (1 0 2 2 1 0 1)              92.211
13013      (1 0 3 2 1 1 1)              92.208
13014      (1 0 0 0 0 0 0)              92.204
13015      (1 0 2 3 1 0 1)              92.201
13016      (1 0 1 5 1 1 1)              92.197
13017      (1 0 1 5 1 1 1)              92.192
13018      (1 0 0 0 1 1 1)              92.191
13019      (1 0 1 3 0 1 0)              92.186
13020      (1 0 4 4 2 1 1)              92.184
13021      (1 0 1 3 1 0 1)              92.182
13022      (1 0 2 3 1 0 1)              92.179
13023      (1 0 1 5 1 1 1)              92.174
13024      (1 0 2 5 1 0 1)              92.171
13025      (1 0 0 5 1 0 0)              92.170
13026      (1 0 0 0 0 2 0)              92.166
13027      (1 0 2 5 1 2 1)              92.166
13028      (1 0 1 1 0 0 0)              92.164
13029      (1 0 2 3 1 2 0)              92.161
13030      (1 0 4 0 0 2 0)              92.159
13031      (1 0 2 3 2 1 2)              92.158
13032      (1 0 2 6 1 2 1)              92.154
13033      (1 0 2 3 2 2 1)              92.152
13034      (1 0 1 5 1 2 1)              92.149
13035      (1 0 1 5 1 1 1)              92.144
13036      (1 0 0 0 1 2 1)              92.142
13037      (1 0 2 3 1 1 1)              92.140
13038      (1 0 2 3 1 2 1)              92.137
13039      (1 0 2 3 2 2 1)              92.134
13040      (1 0 3 2 1 2 0)              92.131
13041      (1 0 4 6 1 1 1)              92.129
13042      (1 0 2 6 1 1 1)              92.126
13043      (1 0 2 3 0 0 0)              92.127
13044      (1 0 2 6 1 1 1)              92.123
13045      (1 0 2 3 1 2 1)              92.122
13046      (1 0 4 2 2 1 2)              92.120
13047      (1 0 1 3 1 0 1)              92.118
13048      (1 0 2 3 1 2 1)              92.116
13049      (1 0 2 3 1 0 1)              92.113
13050      (1 0 2 3 1 1 1)              92.110
13051      (0 1 4 6 1 0 1)              92.104
13052      (1 0 2 5 1 0 1)              92.102
13053      (1 0 2 3 1 2 1)              92.100
13054      (1 0 2 4 1 1 1)              92.096
13055      (1 0 0 0 1 2 0)              92.095
13056      (1 0 4 3 1 0 1)              92.091
13057      (1 0 0 0 0 0 0)              92.089
13058      (1 0 1 5 1 1 1)              92.084
13059      (1 0 4 5 1 2 0)              92.081
13060      (1 0 2 3 1 1 1)              92.078
13061      (1 0 0 0 1 2 0)              92.076
13062      (1 0 2 6 1 2 1)              92.074
13063      (1 0 2 3 2 2 1)              92.071
13064      (1 0 2 3 1 2 1)              92.069
13065      (1 0 1 5 1 1 1)              92.065
13066      (1 0 2 3 1 2 1)              92.063
13067      (1 0 2 3 1 0 1)              92.060
13068      (1 0 4 5 1 2 0)              92.057
13069      (1 0 1 5 1 2 1)              92.054
13070      (1 0 4 6 0 0 1)              92.052
13071      (1 0 2 6 1 2 1)              92.049
13072      (1 0 1 5 1 1 1)              92.044
13073      (1 0 3 3 1 0 1)              92.041
13074      (1 0 4 2 2 1 2)              92.039
13075      (1 0 2 3 1 0 2)              92.038
13076      (1 0 4 6 0 1 0)              92.034
13077      (1 0 2 3 1 1 1)              92.031
13078      (1 0 0 5 1 0 0)              92.030
13079      (1 0 0 3 2 2 1)              92.026
13080      (1 0 0 0 1 0 1)              92.023
13081      (1 0 2 3 1 2 1)              92.022
13082      (1 0 2 3 0 2 0)              92.018
13083      (1 0 2 3 1 2 1)              92.015
13084      (1 0 4 6 1 2 1)              92.015
13085      (1 0 2 3 1 2 1)              92.013
13086      (1 0 2 3 1 2 1)              92.014
13087      (1 0 1 5 1 1 1)              92.009
13088      (1 0 2 6 1 2 1)              92.005
13089      (1 0 1 0 1 1 1)              92.002
13090      (1 0 3 0 0 0 0)              91.998
13091      (1 0 1 5 1 1 1)              91.996
13092      (1 0 4 2 1 2 1)              91.994
13093      (1 0 2 3 1 2 1)              91.992
13094      (1 0 2 3 2 1 2)              91.990
13095      (1 0 1 5 1 1 1)              91.986
13096      (1 0 0 0 1 2 1)              91.984
13097      (1 0 2 6 1 2 1)              91.981
13098      (1 0 2 2 1 0 1)              91.979
13099      (1 0 2 3 1 0 1)              91.976
13100      (1 0 1 3 1 0 1)              91.973
13101      (1 0 4 4 0 2 0)              91.971
13102      (1 0 2 3 1 2 1)              91.969
13103      (1 0 2 6 1 1 1)              91.969
13104      (1 0 2 3 1 1 1)              91.966
13105      (1 0 0 0 1 0 1)              91.964
13106      (1 0 2 6 1 2 1)              91.962
13107      (1 0 2 3 1 1 1)              91.958
13108      (1 0 2 3 2 1 2)              91.956
13109      (1 0 2 3 1 1 0)              91.953
13110      (1 0 2 5 1 0 1)              91.950
13111      (1 0 2 3 1 2 0)              91.947
13112      (1 0 4 3 1 0 1)              91.944
13113      (1 0 0 0 0 2 0)              91.943
13114      (1 0 2 3 2 2 2)              91.942
13115      (1 0 2 3 1 0 1)              91.940
13116      (1 0 1 0 0 2 0)              91.936
13117      (1 0 2 3 2 1 2)              91.931
13118      (1 0 4 6 0 1 0)              91.928
13119      (1 0 4 6 0 1 0)              91.924
13120      (1 0 2 3 2 1 2)              91.923
13121      (1 0 0 0 1 2 1)              91.922
13122      (1 0 2 3 1 0 1)              91.919
13123      (1 0 2 3 1 0 1)              91.917
13124      (1 0 2 5 0 2 0)              91.914
13125      (1 0 2 3 0 2 0)              91.910
13126      (1 0 2 5 2 1 1)              91.907
13127      (1 0 4 6 1 2 1)              91.906
13128      (1 0 4 2 1 2 1)              91.903
13129      (1 0 4 3 1 0 1)              91.899
13130      (1 0 2 5 2 1 1)              91.897
13131      (1 0 2 6 1 2 1)              91.894
13132      (1 0 4 2 2 1 2)              91.893
13133      (1 0 2 6 1 2 1)              91.890
13134      (1 0 0 0 0 0 0)              91.885
13135      (1 0 4 4 2 1 1)              91.884
13136      (1 0 0 0 1 2 0)              91.882
13137      (1 0 4 2 1 2 1)              91.879
13138      (1 0 2 3 2 1 2)              91.879
13139      (1 0 2 3 2 1 2)              91.878
13140      (1 0 2 3 1 1 1)              91.877
13141      (1 0 4 2 1 2 1)              91.874
13142      (1 0 1 5 1 2 1)              91.872
13143      (1 0 1 5 1 1 1)              91.867
13144      (1 0 2 5 1 2 1)              91.866
13145      (1 0 1 5 1 1 1)              91.861
13146      (1 0 1 5 1 2 1)              91.857
13147      (1 0 2 4 0 0 0)              91.854
13148      (1 0 2 6 1 1 1)              91.854
13149      (1 0 2 6 1 2 1)              91.851
13150      (1 0 2 3 1 2 1)              91.849
13151      (1 0 4 0 2 2 1)              91.845
13152      (1 0 0 0 2 2 1)              91.843
13153      (1 0 2 3 1 0 1)              91.840
13154      (1 0 3 3 2 1 2)              91.835
13155      (1 0 2 6 1 2 1)              91.833
13156      (1 0 2 3 0 2 0)              91.829
13157      (1 0 1 5 1 2 1)              91.826
13158      (1 0 4 2 2 1 1)              91.824
13159      (1 0 4 2 0 0 0)              91.819
13160      (1 0 0 5 1 0 0)              91.817
13161      (1 0 1 5 1 2 1)              91.814
13162      (1 0 2 3 2 1 2)              91.809
13163      (1 0 4 3 2 1 1)              91.806
13164      (1 0 2 6 1 2 1)              91.804
13165      (1 0 2 3 0 0 0)              91.799
13166      (1 0 2 6 0 0 1)              91.796
13167      (1 0 2 3 1 0 1)              91.794
13168      (1 0 0 0 1 1 1)              91.792
13169      (1 0 2 6 1 2 1)              91.789
13170      (1 0 1 5 1 2 1)              91.786
13171      (1 0 4 2 1 2 1)              91.783
13172      (1 0 2 2 1 0 2)              91.780
13173      (1 0 4 2 1 1 1)              91.777
13174      (1 0 1 5 1 1 1)              91.772
13175      (1 0 4 6 0 0 1)              91.770
13176      (1 0 3 2 1 2 1)              91.768
13177      (1 0 1 5 0 2 0)              91.763
13178      (1 0 2 3 1 1 1)              91.761
13179      (1 0 1 5 1 1 1)              91.757
13180      (1 0 2 3 1 0 1)              91.754
13181      (1 0 2 3 1 1 1)              91.750
13182      (1 0 1 5 1 1 1)              91.749
13183      (1 0 2 6 1 2 1)              91.747
13184      (1 0 3 1 1 1 1)              91.744
13185      (1 0 1 5 1 1 1)              91.740
13186      (1 0 1 5 1 1 1)              91.735
13187      (1 0 2 3 1 1 1)              91.732
13188      (1 0 0 0 2 2 1)              91.731
13189      (1 0 4 2 1 2 1)              91.728
13190      (1 0 0 0 1 0 1)              91.727
13191      (1 0 2 3 1 2 1)              91.725
13192      (1 0 2 3 2 1 2)              91.725
13193      (1 0 2 5 2 1 1)              91.722
13194      (1 0 2 3 1 2 1)              91.720
13195      (1 0 4 4 2 1 1)              91.719
13196      (1 0 2 6 1 1 0)              91.715
13197      (1 0 0 3 1 1 1)              91.714
13198      (1 0 1 5 1 2 1)              91.710
13199      (1 0 2 3 1 2 1)              91.708
13200      (1 0 2 3 1 0 2)              91.706
13201      (1 0 2 3 2 1 2)              91.704
13202      (1 0 2 6 1 2 1)              91.702
13203      (1 0 0 0 1 2 0)              91.700
13204      (1 0 2 6 1 2 1)              91.698
13205      (1 0 2 3 1 1 1)              91.696
13206      (1 0 2 3 1 1 1)              91.694
13207      (1 0 1 5 1 2 1)              91.692
13208      (1 0 2 3 1 1 1)              91.689
13209      (1 0 2 6 1 2 1)              91.686
13210      (1 0 3 2 1 1 1)              91.683
13211      (1 0 2 5 1 0 1)              91.682
13212      (1 0 0 5 0 2 0)              91.680
13213      (1 0 2 3 1 2 1)              91.678
13214      (1 0 2 3 1 2 1)              91.677
13215      (1 0 4 0 1 1 0)              91.675
13216      (1 0 2 3 2 2 2)              91.674
13217      (1 0 2 2 1 0 1)              91.671
13218      (1 0 2 6 1 1 1)              91.670
13220      (1 0 1 5 1 1 1)              91.666
13221      (1 0 2 3 1 1 1)              91.664
13222      (1 0 2 6 1 2 1)              91.662
13223      (1 0 2 2 1 0 1)              91.659
13224      (1 0 0 0 1 0 1)              91.657
13225      (1 0 4 3 1 0 1)              91.654
13226      (1 0 2 3 1 1 1)              91.651
13227      (1 0 2 3 1 1 1)              91.648
13228      (1 0 2 3 1 2 1)              91.647
13229      (1 0 2 3 1 1 1)              91.644
13230      (1 0 0 0 0 0 0)              91.641
13231      (1 0 0 0 2 2 1)              91.639
13232      (1 0 2 6 1 2 1)              91.638
13233      (1 0 2 3 1 1 1)              91.635
13234      (1 0 2 3 2 2 2)              91.633
13235      (1 0 2 3 2 1 1)              91.632
13236      (1 0 1 3 1 0 1)              91.629
13237      (1 0 2 6 1 2 1)              91.627
13238      (1 0 2 6 1 1 0)              91.623
13239      (1 0 2 3 2 2 2)              91.621
13240      (1 0 1 5 1 1 1)              91.620
13241      (1 0 4 4 2 1 2)              91.615
13242      (1 0 2 3 0 0 0)              91.610
13243      (1 0 0 3 1 1 1)              91.609
13244      (1 0 2 6 1 2 1)              91.605
13245      (1 0 4 2 2 2 1)              91.604
13246      (1 0 0 3 1 1 1)              91.602
13247      (1 0 2 3 1 1 1)              91.599
13248      (1 0 1 5 1 1 1)              91.595
13249      (1 0 2 6 1 2 1)              91.592
13250      (1 0 1 5 1 1 1)              91.587
13251      (1 0 2 6 1 1 1)              91.587
13252      (1 0 0 3 0 0 0)              91.583
13253      (1 0 4 2 0 0 0)              91.578
13254      (1 0 2 3 2 1 2)              91.574
13255      (1 0 2 3 2 1 1)              91.572
13256      (1 0 4 2 2 1 2)              91.571
13257      (1 0 2 3 1 2 1)              91.568
13258      (1 0 2 0 2 1 2)              91.564
13259      (1 0 2 6 1 2 1)              91.563
13260      (1 0 4 6 1 2 1)              91.561
13261      (1 0 2 6 1 1 1)              91.559
13262      (1 0 3 3 1 1 1)              91.556
13263      (1 0 1 5 1 1 1)              91.555
13264      (1 0 0 0 1 0 1)              91.552
13265      (1 0 2 6 1 1 1)              91.549
13266      (1 0 1 5 1 1 1)              91.545
13267      (1 0 2 3 2 2 2)              91.543
13268      (1 0 1 5 1 1 1)              91.538
13269      (1 0 2 2 0 0 0)              91.535
13270      (1 0 0 3 0 0 0)              91.531
13271      (0 0 4 6 1 2 0)              91.527
13272      (1 0 2 3 0 2 0)              91.524
13273      (1 0 1 5 1 1 1)              91.522
13274      (1 0 2 3 0 2 0)              91.518
13275      (1 0 2 3 1 1 1)              91.517
13276      (1 0 2 2 1 2 1)              91.515
13277      (1 0 0 5 0 2 0)              91.513
13278      (1 0 4 0 1 1 0)              91.511
13279      (1 0 4 2 0 0 0)              91.507
13280      (1 0 4 0 1 2 1)              91.503
13281      (1 0 2 3 1 2 1)              91.498
13282      (1 0 4 0 2 2 1)              91.493
13283      (1 0 2 3 1 0 1)              91.492
13284      (1 0 2 5 2 1 1)              91.489
13285      (1 0 2 3 1 1 1)              91.487
13286      (1 0 0 3 1 1 1)              91.485
13287      (1 0 4 5 1 2 0)              91.482
13288      (1 0 2 3 1 1 1)              91.479
13289      (1 0 4 2 2 1 2)              91.477
13290      (1 0 2 3 1 1 1)              91.475
13291      (1 0 0 5 1 1 1)              91.473
13292      (1 0 4 2 2 1 2)              91.472
13293      (1 0 4 2 1 2 1)              91.469
13294      (1 0 1 5 1 1 1)              91.465
13295      (1 0 2 3 1 2 1)              91.463
13296      (1 0 3 2 1 1 1)              91.459
13297      (1 0 4 4 2 1 1)              91.458
13298      (1 0 2 3 1 2 1)              91.454
13299      (1 0 2 3 2 0 2)              91.454
13300      (1 0 2 3 2 1 2)              91.453
13301      (1 0 4 3 1 2 0)              91.453
13302      (1 0 2 3 1 0 1)              91.451
13303      (1 0 2 3 1 2 1)              91.450
13304      (1 0 2 3 1 1 0)              91.446
13305      (1 0 2 3 2 1 2)              91.441
13306      (1 0 0 0 1 0 1)              91.439
13307      (1 0 4 2 1 2 1)              91.436
13308      (1 0 2 3 1 1 1)              91.434
13309      (1 0 2 3 1 1 1)              91.432
13310      (1 0 2 6 1 2 1)              91.430
13311      (1 0 1 6 2 2 1)              91.427
13312      (1 0 2 3 1 2 1)              91.424
13313      (1 0 0 1 1 1 1)              91.422
13314      (1 0 1 5 1 1 1)              91.417
13315      (1 0 2 6 1 2 1)              91.415
13316      (1 0 2 3 1 2 1)              91.413
13317      (1 0 1 5 1 1 1)              91.408
13318      (1 0 1 5 1 2 1)              91.404
13319      (1 0 1 4 1 1 1)              91.400
13320      (1 0 0 0 1 0 1)              91.400
13321      (1 0 2 3 1 2 1)              91.398
13322      (1 0 2 3 1 0 1)              91.397
13323      (1 0 2 5 1 2 1)              91.396
13324      (1 0 1 5 1 1 1)              91.391
13325      (1 0 3 1 1 1 1)              91.389
13326      (1 0 4 6 1 2 1)              91.388
13327      (1 0 2 4 0 0 0)              91.386
13328      (1 0 4 0 2 2 1)              91.381
13329      (1 0 4 2 1 2 1)              91.379
13330      (1 0 0 0 1 2 1)              91.377
13331      (1 0 2 3 1 2 1)              91.376
13332      (1 0 2 3 1 0 1)              91.373
13333      (1 0 2 3 1 2 1)              91.371
13334      (1 0 2 6 1 2 1)              91.369
13335      (1 0 4 6 1 2 1)              91.368
13336      (1 0 2 3 1 2 1)              91.367
13337      (1 0 0 0 1 1 1)              91.364
13338      (1 0 2 3 1 0 1)              91.362
13339      (1 0 2 4 1 1 1)              91.358
13340      (1 0 0 0 1 2 0)              91.357
13341      (1 0 0 0 0 0 0)              91.352
13342      (1 0 2 3 1 0 1)              91.349
13343      (1 0 2 6 1 2 1)              91.348
13344      (1 0 2 6 1 1 0)              91.345
13345      (1 0 2 3 1 2 1)              91.346
13346      (1 0 0 0 2 2 1)              91.344
13347      (1 0 2 3 2 0 2)              91.344
13348      (1 0 2 3 1 2 1)              91.345
13349      (1 0 2 3 1 1 1)              91.343
13350      (1 0 2 3 2 2 2)              91.342
13351      (1 0 2 0 2 1 2)              91.338
13352      (1 0 3 0 0 0 0)              91.334
13353      (1 0 2 3 0 2 0)              91.331
13354      (1 0 2 3 1 0 1)              91.329
13355      (1 0 0 0 0 0 0)              91.326
13356      (1 0 1 5 0 2 0)              91.321
13357      (1 0 2 3 2 1 1)              91.319
13358      (1 0 2 3 1 0 1)              91.317
13359      (1 0 4 6 1 2 1)              91.315
13360      (1 0 4 5 1 2 0)              91.312
13361      (1 0 0 2 1 0 1)              91.310
13362      (1 0 1 5 1 1 1)              91.306
13363      (1 0 2 2 1 0 1)              91.303
13364      (1 0 2 3 1 2 1)              91.302
13365      (1 0 4 2 1 2 1)              91.299
13366      (1 0 1 5 1 1 1)              91.298
13367      (1 0 2 3 2 1 2)              91.293
13368      (1 0 2 3 1 2 1)              91.291
13369      (1 0 2 3 1 2 1)              91.290
13370      (1 0 1 5 1 1 1)              91.285
13371      (1 0 2 3 1 1 1)              91.283
13372      (1 0 1 5 1 1 1)              91.278
13373      (1 0 1 5 1 2 1)              91.274
13374      (1 0 2 4 0 0 0)              91.272
13375      (1 0 0 0 0 0 0)              91.267
13376      (1 0 0 0 1 2 0)              91.266
13377      (1 0 2 3 1 2 1)              91.264
13378      (1 0 2 3 1 2 1)              91.263
13379      (1 0 1 3 0 1 0)              91.258
13380      (1 0 2 3 0 0 0)              91.253
13381      (1 0 2 6 1 2 1)              91.251
13382      (1 0 2 6 1 2 1)              91.247
13383      (1 0 4 6 0 2 0)              91.243
13384      (1 0 3 2 2 2 1)              91.241
13385      (1 0 0 0 1 2 0)              91.239
13386      (1 0 2 3 1 0 1)              91.237
13387      (1 0 1 5 1 1 1)              91.232
13388      (1 0 1 5 1 1 1)              91.227
13389      (1 0 0 3 1 1 1)              91.226
13390      (1 0 2 3 1 0 1)              91.224
13391      (1 0 2 3 1 2 1)              91.223
13392      (1 0 4 6 1 2 1)              91.221
13393      (1 0 2 3 2 2 2)              91.220
13394      (1 0 2 5 0 0 0)              91.216
13395      (1 0 2 3 2 1 2)              91.216
13396      (1 0 2 3 2 1 2)              91.216
13397      (1 0 2 3 1 0 1)              91.213
13398      (1 0 0 0 1 2 0)              91.212
13399      (1 0 4 6 1 1 1)              91.210
13400      (1 0 2 3 1 2 1)              91.209
13401      (1 0 0 3 0 0 0)              91.205
13402      (1 0 4 2 1 2 1)              91.202
13403      (1 0 2 3 1 2 1)              91.201
13404      (1 0 2 3 1 1 1)              91.198
13405      (1 0 2 3 1 1 1)              91.195
13406      (1 0 2 5 2 1 1)              91.192
13407      (1 0 2 3 2 1 2)              91.191
13408      (1 0 4 3 1 0 1)              91.187
13409      (1 0 2 3 1 1 1)              91.185
13410      (1 0 2 3 2 2 2)              91.183
13411      (1 0 2 6 1 1 0)              91.179
13412      (1 0 4 2 1 2 1)              91.177
13413      (1 0 4 4 2 1 1)              91.175
13414      (1 0 0 0 1 0 1)              91.175
13415      (1 0 0 0 2 2 1)              91.174
13416      (1 0 2 3 1 0 2)              91.170
13417      (1 0 4 4 0 2 0)              91.169
13418      (1 0 0 5 1 1 1)              91.166
13419      (1 0 2 3 1 0 1)              91.163
13420      (1 0 4 0 1 2 1)              91.160
13421      (1 0 2 3 1 1 1)              91.157
13422      (1 0 0 0 1 0 1)              91.156
13423      (1 0 0 0 1 2 1)              91.154
13424      (1 0 2 3 0 0 1)              91.151
13425      (1 0 2 3 2 1 2)              91.150
13426      (1 0 2 3 1 0 1)              91.148
13427      (1 0 4 4 0 2 0)              91.145
13428      (1 0 2 3 1 1 1)              91.143
13429      (1 0 2 3 2 1 2)              91.138
13430      (1 0 4 4 0 2 0)              91.137
13431      (1 0 0 3 1 0 2)              91.133
13432      (1 0 2 3 1 1 1)              91.131
13433      (1 0 4 0 2 2 1)              91.127
13434      (1 0 3 3 1 1 1)              91.124
13435      (1 0 4 2 2 2 1)              91.123
13436      (1 0 1 5 1 2 1)              91.119
13437      (1 0 2 3 2 2 2)              91.118
13438      (1 0 2 3 2 2 2)              91.116
13439      (1 0 2 3 2 1 2)              91.115
13440      (1 0 2 3 1 1 1)              91.112
13441      (1 0 2 3 1 0 1)              91.110
13442      (1 0 2 3 1 2 1)              91.110
13443      (1 0 0 3 0 0 0)              91.107
13444      (1 0 2 3 1 0 1)              91.104
13445      (1 0 3 1 1 2 1)              91.103
13446      (1 0 2 3 1 1 1)              91.100
13447      (1 0 2 3 1 0 1)              91.099
13448      (1 0 3 2 1 2 1)              91.096
13449      (1 0 2 3 1 0 2)              91.093
13450      (1 0 2 6 1 2 1)              91.090
13451      (1 0 2 6 1 2 1)              91.089
13452      (1 0 2 6 1 2 1)              91.087
13453      (1 0 2 4 0 0 0)              91.085
13454      (1 0 2 3 2 1 2)              91.083
13455      (1 0 2 6 1 1 0)              91.081
13456      (1 0 0 0 0 0 0)              91.077
13457      (1 0 2 3 2 1 2)              91.077
13458      (1 0 2 2 1 0 1)              91.074
13459      (1 0 2 3 1 2 1)              91.073
13460      (1 0 4 2 0 0 0)              91.068
13461      (1 0 1 5 1 1 1)              91.063
13462      (1 0 2 3 1 1 1)              91.061
13463      (1 0 2 3 2 2 2)              91.059
13464      (1 0 3 3 2 1 2)              91.055
13465      (1 0 1 5 1 2 1)              91.052
13466      (1 0 2 3 2 1 2)              91.052
13467      (1 0 4 6 1 2 1)              91.050
13468      (1 0 2 6 1 2 1)              91.048
13469      (1 0 2 2 1 2 0)              91.046
13470      (1 0 1 5 1 1 1)              91.042
13471      (1 0 0 5 1 0 0)              91.040
13472      (1 0 2 3 1 0 1)              91.039
13473      (1 0 2 5 1 2 1)              91.038
13474      (0 0 2 6 1 1 1)              91.035
13475      (0 1 4 6 2 1 1)              91.030
13476      (1 0 2 3 1 0 1)              91.028
13477      (1 0 1 5 1 1 1)              91.023
13478      (1 0 2 3 1 1 1)              91.022
13479      (1 0 2 3 1 0 1)              91.019
13480      (1 0 2 3 2 1 1)              91.018
13481      (1 0 4 3 2 1 1)              91.015
13482      (1 0 2 3 1 2 1)              91.014
13483      (1 0 2 5 2 1 1)              91.011
13484      (1 0 0 3 0 0 0)              91.008
13485      (1 0 2 3 0 0 0)              91.006
13486      (1 0 2 3 1 1 1)              91.003
13487      (1 0 1 5 1 1 1)              90.998
13488      (1 0 2 6 1 1 1)              90.994
13489      (1 0 2 2 1 2 1)              90.993
13490      (1 0 2 5 0 2 0)              90.990
13491      (1 0 2 6 1 1 1)              90.987
13492      (1 0 2 2 1 0 1)              90.984
13493      (1 0 0 0 1 0 1)              90.982
13494      (1 0 2 6 1 1 1)              90.981
13495      (1 0 1 0 1 1 1)              90.978
13496      (1 0 0 0 1 1 1)              90.975
13497      (1 0 2 3 1 2 1)              90.974
13498      (1 0 0 0 1 2 0)              90.972
13499      (1 0 2 3 0 0 0)              90.968
13500      (1 0 4 2 2 2 1)              90.966
13501      (1 0 2 3 2 1 2)              90.962
13502      (1 0 0 5 1 0 0)              90.960
13503      (1 0 1 5 1 1 1)              90.956
13504      (1 0 0 0 2 2 2)              90.952
13505      (1 0 1 5 1 1 1)              90.947
13506      (1 0 2 3 1 0 1)              90.945
13507      (1 0 1 5 1 1 1)              90.940
13508      (1 0 4 4 0 2 0)              90.939
13509      (1 0 1 0 0 2 0)              90.935
13510      (1 0 2 3 1 0 1)              90.933
13511      (1 0 2 3 1 1 1)              90.930
13512      (1 0 2 3 1 1 1)              90.927
13513      (1 0 2 3 1 1 1)              90.924
13514      (1 0 0 0 1 2 1)              90.923
13515      (1 0 2 3 1 0 1)              90.920
13516      (1 0 4 4 0 2 0)              90.918
13517      (1 0 4 4 2 1 1)              90.916
13518      (1 0 2 3 1 2 1)              90.915
13519      (1 0 2 3 1 0 1)              90.912
13520      (1 0 1 5 1 1 1)              90.908
13521      (1 0 1 0 1 1 1)              90.904
13522      (1 0 2 5 2 1 1)              90.902
13523      (1 0 0 5 1 1 1)              90.900
13524      (1 0 4 2 1 2 1)              90.898
13525      (1 0 2 3 2 1 2)              90.896
13526      (1 0 2 3 1 2 1)              90.895
13527      (1 0 2 6 1 1 0)              90.891
13528      (1 0 4 6 0 0 1)              90.890
13529      (1 0 2 3 1 0 1)              90.887
13530      (1 0 4 3 1 1 1)              90.884
13531      (1 0 1 5 1 1 1)              90.879
13532      (1 0 0 0 1 2 0)              90.878
13533      (1 0 4 2 1 2 1)              90.875
13534      (1 0 0 0 2 2 1)              90.874
13535      (1 0 2 3 1 2 1)              90.873
13536      (1 0 3 2 1 1 1)              90.870
13537      (1 0 2 6 1 2 1)              90.867
13538      (1 0 2 3 1 1 1)              90.865
13539      (1 0 3 2 1 1 1)              90.861
13540      (1 0 2 3 0 0 0)              90.857
13541      (1 0 2 4 1 1 1)              90.853
13542      (1 0 1 5 1 2 1)              90.850
13543      (1 0 1 2 1 2 1)              90.847
13544      (1 0 2 2 1 1 0)              90.845
13545      (1 0 0 0 1 2 1)              90.843
13546      (1 0 4 4 2 1 1)              90.842
13547      (1 0 3 2 1 1 1)              90.838
13548      (1 0 1 5 1 1 1)              90.834
13549      (1 0 0 0 1 2 1)              90.832
13550      (1 0 4 2 1 2 1)              90.830
13551      (1 0 2 3 1 1 0)              90.826
13552      (1 0 0 0 1 0 1)              90.824
13553      (1 0 4 4 2 1 1)              90.822
13554      (1 0 1 5 1 1 1)              90.818
13555      (1 0 0 0 1 2 1)              90.816
13556      (1 0 2 3 2 2 1)              90.814
13557      (1 0 3 2 1 1 1)              90.810
13558      (1 0 2 3 1 2 1)              90.809
13559      (1 0 4 2 1 1 1)              90.805
13560      (1 0 2 3 2 1 2)              90.801
13561      (1 0 2 3 2 2 2)              90.799
13562      (1 0 3 1 1 1 1)              90.797
13563      (1 0 2 3 1 0 1)              90.795
13564      (1 0 4 5 1 2 0)              90.792
13565      (1 0 2 6 1 2 1)              90.789
13566      (1 0 2 3 1 1 1)              90.786
13567      (1 0 0 0 1 0 1)              90.783
13568      (1 0 4 2 1 2 1)              90.781
13569      (1 0 0 0 1 2 0)              90.779
13570      (1 0 0 0 1 0 1)              90.778
13571      (0 0 3 6 0 0 0)              90.773
13572      (1 0 1 5 1 1 1)              90.769
13573      (1 0 4 2 1 2 1)              90.766
13574      (1 0 2 6 1 2 1)              90.764
13575      (1 0 4 4 0 2 0)              90.761
13576      (1 0 2 3 0 2 0)              90.758
13577      (1 0 1 5 1 2 1)              90.754
13578      (1 0 2 3 0 0 1)              90.751
13579      (1 0 1 5 1 2 1)              90.746
13580      (1 0 4 3 0 2 0)              90.744
13581      (1 0 4 4 0 2 0)              90.742
13582      (1 0 3 3 1 1 1)              90.740
13583      (1 0 0 0 1 0 1)              90.737
13584      (1 0 2 3 2 2 2)              90.736
13585      (1 0 2 3 1 1 1)              90.733
13586      (1 0 2 3 2 1 2)              90.729
13587      (1 0 4 3 1 1 1)              90.725
13588      (1 0 0 0 1 2 0)              90.724
13589      (1 0 2 6 1 2 1)              90.721
13590      (1 0 1 5 2 2 2)              90.720
13591      (1 0 4 3 1 0 1)              90.716
13592      (1 0 4 3 1 0 1)              90.713
13593      (1 0 0 0 0 0 0)              90.709
13594      (1 0 4 2 1 2 1)              90.707
13595      (1 0 4 2 1 2 1)              90.704
13596      (1 0 3 2 1 2 1)              90.702
13597      (1 0 2 6 1 2 1)              90.699
13598      (1 0 2 5 2 1 1)              90.697
13599      (1 0 4 2 1 1 1)              90.693
13600      (1 0 2 3 1 2 1)              90.692
13601      (1 0 2 3 2 1 2)              90.692
13602      (1 0 0 0 1 1 1)              90.690
13603      (0 0 3 6 0 0 0)              90.686
13604      (1 0 1 5 1 1 1)              90.681
13605      (1 0 1 5 1 1 1)              90.680
13606      (1 0 4 6 1 2 1)              90.678
13607      (1 0 2 5 1 0 1)              90.676
13608      (1 0 0 3 1 1 1)              90.674
13609      (1 0 2 3 0 2 0)              90.671
13610      (0 0 1 4 2 2 1)              90.667
13611      (1 0 2 3 1 0 1)              90.665
13612      (1 0 2 4 1 1 1)              90.661
13613      (1 0 4 2 1 2 1)              90.659
13614      (1 0 2 3 1 0 1)              90.657
13615      (1 0 4 5 1 2 0)              90.654
13616      (1 0 2 3 1 1 1)              90.651
13617      (1 0 2 3 1 0 1)              90.649
13618      (1 0 2 5 1 2 1)              90.649
13619      (1 0 3 3 1 1 1)              90.646
13620      (1 0 2 3 1 2 1)              90.646
13621      (1 0 2 6 1 2 1)              90.642
13622      (1 0 0 5 1 1 1)              90.641
13623      (1 0 3 3 1 1 1)              90.638
13624      (1 0 2 3 1 2 1)              90.638
13625      (1 0 2 3 1 1 1)              90.636
13626      (1 0 2 6 1 2 1)              90.633
13627      (1 0 1 5 1 2 1)              90.631
13628      (1 0 1 5 1 1 1)              90.627
13629      (1 0 4 2 1 2 1)              90.625
13630      (1 0 2 3 0 0 0)              90.622
13631      (1 0 1 5 1 1 1)              90.618
13632      (1 0 2 6 1 2 1)              90.615
13633      (1 0 2 5 2 1 1)              90.613
13634      (1 0 4 3 1 1 1)              90.609
13635      (1 0 1 5 1 2 1)              90.607
13636      (1 0 2 3 1 2 1)              90.604
13637      (1 0 2 6 1 2 1)              90.602
13638      (1 0 2 3 1 1 1)              90.599
13639      (1 0 4 0 1 2 1)              90.596
13640      (1 0 2 2 1 1 0)              90.593
13641      (1 0 0 3 0 0 0)              90.590
13642      (1 0 4 0 1 2 1)              90.586
13643      (1 0 2 3 1 1 1)              90.584
13644      (1 0 2 6 1 2 1)              90.581
13645      (1 0 4 2 0 0 0)              90.577
13646      (1 0 2 6 1 2 1)              90.573
13647      (1 0 2 3 2 1 2)              90.572
13648      (1 0 3 1 1 1 1)              90.570
13649      (1 0 0 1 1 1 1)              90.567
13650      (1 0 2 4 0 0 0)              90.565
13651      (1 0 0 0 1 2 0)              90.563
13652      (1 0 4 0 2 2 1)              90.559
13653      (1 0 4 2 1 2 1)              90.556
13654      (1 0 2 6 1 2 1)              90.554
13655      (1 0 1 5 1 1 1)              90.552
13656      (1 0 2 4 1 1 1)              90.549
13657      (1 0 2 3 1 2 1)              90.547
13658      (1 0 2 3 1 1 1)              90.545
13659      (1 0 2 6 1 2 1)              90.544
13660      (1 0 2 3 1 0 1)              90.541
13661      (1 0 0 0 0 2 1)              90.541
13662      (0 1 4 6 1 0 1)              90.535
13663      (1 0 2 3 0 0 0)              90.534
13664      (1 0 2 3 1 0 1)              90.532
13665      (1 0 2 3 1 0 1)              90.530
13666      (1 0 2 3 1 0 1)              90.528
13667      (1 0 2 3 2 1 2)              90.527
13668      (1 0 1 3 1 0 1)              90.525
13669      (1 0 0 0 0 0 0)              90.522
13670      (1 0 4 3 1 1 1)              90.519
13671      (1 0 2 3 1 1 1)              90.516
13672      (1 0 4 5 1 2 0)              90.513
13673      (1 0 2 3 2 2 1)              90.510
13674      (1 0 2 3 0 2 0)              90.507
13675      (1 0 2 3 1 0 1)              90.505
13676      (1 0 2 5 2 1 1)              90.503
13677      (1 0 0 0 1 2 0)              90.502
13678      (1 0 2 3 2 1 2)              90.501
13679      (1 0 4 2 1 2 1)              90.499
13680      (1 0 0 0 1 0 1)              90.496
13681      (1 0 2 3 0 2 0)              90.493
13682      (1 0 1 5 2 2 2)              90.492
13683      (1 0 0 0 1 0 1)              90.489
13684      (1 0 3 3 2 1 2)              90.485
13685      (1 0 0 0 1 2 0)              90.483
13686      (1 0 4 3 1 1 1)              90.480
13687      (1 0 2 3 1 0 1)              90.477
13688      (1 0 4 2 1 2 1)              90.475
13689      (1 0 0 0 1 2 1)              90.473
13690      (1 0 0 3 0 0 0)              90.472
13691      (1 0 2 3 2 0 2)              90.469
13692      (1 0 2 3 1 0 2)              90.466
13693      (1 0 1 5 1 2 1)              90.464
13694      (1 0 1 3 1 0 1)              90.461
13695      (1 0 2 3 1 2 0)              90.459
13696      (1 0 4 2 1 2 1)              90.456
13697      (1 0 2 3 1 0 1)              90.454
13698      (1 0 2 3 1 1 1)              90.451
13699      (1 0 1 5 1 1 1)              90.447
13700      (1 0 4 2 1 2 1)              90.445
13701      (1 0 1 5 1 1 1)              90.440
13702      (1 0 2 3 0 2 0)              90.436
13703      (1 0 2 6 1 1 1)              90.436
13704      (1 0 2 3 1 0 1)              90.434
13705      (1 0 2 3 1 1 0)              90.430
13706      (1 0 0 0 1 0 1)              90.429
13707      (1 0 2 6 0 0 1)              90.426
13708      (1 0 1 5 1 1 1)              90.425
13709      (1 0 2 3 1 2 1)              90.424
13710      (1 0 4 2 0 0 0)              90.419
13711      (1 0 4 3 1 1 1)              90.416
13712      (1 0 2 6 1 2 1)              90.413
13713      (1 0 2 3 2 2 1)              90.411
13714      (1 0 2 3 1 2 1)              90.409
13715      (1 0 2 3 1 0 2)              90.409
13716      (1 0 0 5 1 0 0)              90.408
13717      (1 0 4 2 1 2 1)              90.405
13718      (1 0 4 3 0 2 0)              90.403
13719      (1 0 2 5 1 1 1)              90.401
13720      (1 0 2 6 1 1 0)              90.399
13721      (1 0 4 2 0 0 0)              90.394
13722      (1 0 2 6 1 1 1)              90.391
13723      (1 0 4 2 1 2 1)              90.389
13724      (1 0 2 6 1 0 2)              90.387
13725      (1 0 0 5 1 1 1)              90.386
13726      (1 0 2 3 1 0 1)              90.383
13727      (1 0 4 6 1 1 1)              90.384
13728      (1 0 2 5 0 1 0)              90.381
13729      (1 0 2 3 1 0 1)              90.378
13730      (1 0 2 3 2 1 2)              90.378
13731      (1 0 2 6 1 1 1)              90.375
13732      (1 0 2 3 1 2 1)              90.373
13733      (1 0 2 3 2 0 2)              90.372
13734      (1 0 2 6 1 2 1)              90.370
13735      (1 0 2 3 1 1 1)              90.367
13736      (1 0 2 3 1 1 1)              90.363
13737      (1 0 2 6 1 2 1)              90.361
13738      (1 0 2 6 1 1 1)              90.361
13739      (1 0 2 3 2 1 1)              90.359
13740      (1 0 2 6 1 2 1)              90.357
13741      (1 0 2 3 1 0 1)              90.354
13742      (1 0 4 2 1 2 1)              90.352
13743      (1 0 2 3 1 2 1)              90.351
13744      (1 0 2 4 1 1 1)              90.347
13745      (1 0 4 2 2 1 2)              90.346
13746      (1 0 1 0 1 1 1)              90.342
13747      (1 0 4 1 0 2 1)              90.339
13748      (1 0 2 3 2 1 2)              90.334
13749      (1 0 4 0 1 2 1)              90.331
13750      (1 0 3 2 1 2 1)              90.328
13751      (1 0 2 3 1 1 1)              90.325
13752      (1 0 4 2 0 0 0)              90.320
13753      (1 0 4 2 1 2 1)              90.318
13754      (1 0 4 2 1 2 1)              90.316
13755      (1 0 2 5 1 0 1)              90.313
13756      (1 0 1 6 0 0 0)              90.312
13757      (1 0 0 0 1 1 1)              90.310
13758      (1 0 2 3 1 1 1)              90.308
13759      (1 0 2 3 1 2 1)              90.307
13760      (1 0 2 3 1 2 1)              90.307
13761      (1 0 0 0 0 2 0)              90.304
13762      (1 0 2 2 1 2 1)              90.303
13763      (1 0 2 0 0 0 0)              90.301
13764      (1 0 2 5 2 1 1)              90.299
13765      (1 0 2 3 2 2 1)              90.296
13766      (1 0 0 0 1 0 1)              90.294
13767      (1 0 0 3 1 1 1)              90.293
13768      (1 0 0 0 1 2 0)              90.291
13769      (1 0 2 3 2 1 2)              90.291
13770      (1 0 1 5 1 2 1)              90.286
13771      (1 0 1 5 1 1 1)              90.282
13772      (1 0 1 5 1 2 1)              90.277
13773      (1 0 2 3 1 2 1)              90.276
13774      (1 0 3 2 1 2 1)              90.274
13775      (1 0 1 5 1 1 1)              90.269
13776      (1 0 0 3 0 0 0)              90.266
13778      (1 0 4 3 1 2 1)              90.265
13779      (1 0 1 5 1 1 1)              90.261
13780      (1 0 2 3 1 0 1)              90.259
13781      (1 0 4 6 1 1 1)              90.258
13782      (1 0 4 2 0 2 0)              90.257
13783      (1 0 1 0 1 1 1)              90.253
13784      (1 0 4 5 1 2 0)              90.250
13785      (1 0 2 3 1 0 1)              90.247
13786      (1 0 2 3 2 0 2)              90.247
13787      (1 0 1 5 1 1 1)              90.243
13788      (1 0 2 2 1 2 0)              90.241
13789      (1 0 1 5 1 1 1)              90.237
13790      (1 0 2 3 1 0 1)              90.235
13791      (1 0 2 3 1 1 1)              90.233
13792      (1 0 2 6 1 2 1)              90.230
13793      (1 0 2 3 1 2 1)              90.229
13794      (1 0 2 6 1 2 1)              90.226
13795      (1 0 2 3 2 1 2)              90.224
13796      (1 0 0 0 1 0 1)              90.222
13797      (1 0 2 3 1 1 1)              90.220
13798      (1 0 2 6 1 1 1)              90.219
13799      (1 0 4 2 2 2 1)              90.218
13800      (1 0 4 6 1 2 1)              90.217
13801      (1 0 1 5 1 1 1)              90.215
13802      (1 0 2 6 1 2 1)              90.213
13803      (1 0 2 3 2 2 2)              90.211
13804      (1 0 2 3 1 0 1)              90.209
13805      (1 0 2 5 2 1 1)              90.207
13806      (1 0 2 3 1 0 1)              90.204
13807      (1 0 2 3 2 1 2)              90.200
13808      (1 0 4 4 0 2 0)              90.198
13809      (1 0 1 2 1 1 1)              90.196
13810      (1 0 2 3 1 1 1)              90.194
13811      (1 0 2 3 1 1 1)              90.190
13812      (1 0 2 3 1 2 1)              90.189
13813      (1 0 2 4 1 1 1)              90.185
13814      (1 0 4 4 0 2 0)              90.184
13815      (1 0 2 6 1 2 1)              90.182
13816      (1 0 1 5 1 2 1)              90.179
13817      (1 0 4 4 2 1 1)              90.178
13818      (1 0 2 6 1 2 1)              90.175
13819      (1 0 1 5 0 2 0)              90.171
13820      (1 0 4 5 1 2 0)              90.168
13821      (1 0 2 6 1 1 1)              90.167
13822      (1 0 4 6 1 2 1)              90.167
13823      (1 0 2 5 1 0 1)              90.165
13824      (1 0 2 3 1 1 1)              90.161
13825      (1 0 0 0 0 0 0)              90.158
13826      (1 0 2 3 1 2 1)              90.155
13827      (1 0 2 4 0 0 0)              90.153
13828      (1 0 2 3 1 2 1)              90.152
13829      (1 0 2 3 2 1 2)              90.151
13830      (1 0 2 3 1 2 1)              90.150
13831      (1 0 2 6 1 2 1)              90.146
13832      (1 0 4 4 0 2 0)              90.145
13833      (1 0 2 3 1 1 1)              90.143
13834      (1 0 4 4 2 1 1)              90.141
13835      (1 0 2 3 1 2 1)              90.140
13836      (1 0 4 0 1 1 0)              90.139
13837      (1 0 2 3 1 0 1)              90.137
13838      (1 0 2 6 1 2 1)              90.135
13839      (1 0 2 6 1 2 1)              90.132
13840      (1 0 2 3 0 0 0)              90.130
13841      (1 0 2 3 1 0 1)              90.128
13842      (1 0 2 3 1 2 1)              90.126
13843      (1 0 0 0 1 1 1)              90.125
13844      (1 0 2 3 0 0 1)              90.122
13845      (1 0 2 3 1 2 1)              90.120
13846      (1 0 2 3 1 1 1)              90.118
13847      (1 0 2 3 1 1 1)              90.114
13848      (1 0 2 3 2 2 2)              90.113
13849      (1 0 2 2 1 0 1)              90.111
13850      (1 0 2 6 1 2 1)              90.108
13851      (1 0 2 3 1 0 1)              90.109
13852      (1 0 2 3 1 1 1)              90.107
13853      (1 0 2 3 1 2 1)              90.105
13854      (1 0 4 2 0 0 0)              90.101
13855      (1 0 4 4 2 1 1)              90.099
13856      (1 0 2 3 1 0 1)              90.097
13857      (1 0 1 5 1 1 1)              90.096
13858      (1 0 0 0 1 0 1)              90.093
13859      (1 0 4 2 1 2 1)              90.091
13860      (1 0 3 2 1 2 1)              90.089
13861      (1 0 0 2 2 2 1)              90.086
13862      (1 0 3 3 1 1 1)              90.084
13863      (1 0 0 3 0 0 0)              90.080
13864      (1 0 2 3 1 2 1)              90.079
13865      (1 0 4 3 1 1 1)              90.076
13866      (1 0 2 3 1 2 1)              90.074
13867      (1 0 2 3 2 1 2)              90.070
13868      (1 0 2 6 1 2 1)              90.067
13869      (1 0 2 3 1 2 1)              90.066
13870      (1 0 2 3 2 1 2)              90.066
13871      (1 0 2 3 1 1 1)              90.063
13872      (1 0 2 3 2 0 2)              90.063
13873      (1 0 2 3 1 1 1)              90.061
13874      (1 0 1 5 1 1 1)              90.056
13875      (1 0 1 5 1 1 1)              90.052
13876      (1 0 2 3 1 1 1)              90.050
13877      (1 0 1 5 1 1 1)              90.045
13878      (1 0 0 0 1 2 0)              90.044
13879      (1 0 2 3 1 1 1)              90.040
13880      (1 0 0 3 1 1 1)              90.039
13881      (1 0 0 0 0 0 1)              90.038
13882      (1 0 2 3 1 2 1)              90.036
13883      (1 0 1 5 1 1 1)              90.032
13884      (1 0 2 3 0 0 0)              90.027
13885      (1 0 2 3 0 0 0)              90.026
13886      (1 0 1 3 1 0 1)              90.024
13887      (1 0 4 6 1 2 1)              90.023
13888      (1 0 2 3 1 2 1)              90.022
13889      (1 0 2 4 1 1 1)              90.019
13890      (1 0 2 3 2 0 2)              90.015
13891      (1 0 2 3 2 2 1)              90.013
13892      (1 0 2 3 1 0 1)              90.012
13893      (1 0 2 3 0 0 0)              90.010
13894      (1 0 2 3 1 1 1)              90.008
13895      (1 0 1 5 1 2 1)              90.004
13896      (1 0 2 6 1 2 1)              90.001
13897      (1 0 4 3 1 0 1)              89.998
13898      (1 0 2 3 0 2 0)              89.994
13899      (1 0 2 6 1 2 1)              89.991
13900      (1 0 2 2 1 0 1)              89.988
13901      (1 0 2 3 1 2 1)              89.988
13902      (1 0 2 3 1 2 0)              89.986
13903      (1 0 2 3 1 2 1)              89.984
13904      (1 0 4 3 1 1 1)              89.981
13905      (1 0 2 3 1 1 1)              89.979
13906      (1 0 2 3 2 2 2)              89.977
13907      (1 0 1 5 1 2 1)              89.975
13908      (1 0 2 3 2 1 2)              89.974
13909      (1 0 0 0 1 2 1)              89.972
13910      (1 0 2 3 1 1 1)              89.971
13911      (1 0 1 5 1 2 1)              89.968
13912      (1 0 3 2 2 1 1)              89.965
13913      (1 0 2 3 1 0 1)              89.963
13914      (1 0 0 0 0 2 0)              89.961
13915      (1 0 4 2 2 2 1)              89.959
13916      (1 0 2 3 1 0 1)              89.957
13917      (1 0 0 0 0 0 1)              89.955
13918      (1 0 1 5 1 1 1)              89.952
13919      (1 0 2 3 1 1 1)              89.950
13920      (1 0 2 3 1 2 1)              89.948
13921      (1 0 2 3 1 0 1)              89.946
13922      (1 0 4 0 2 2 1)              89.942
13923      (1 0 2 3 2 2 1)              89.939
13924      (1 0 1 5 1 1 1)              89.938
13925      (1 0 1 5 1 2 1)              89.935
13926      (1 0 1 5 1 1 1)              89.931
13927      (1 0 2 6 1 2 1)              89.929
13928      (1 0 2 3 1 0 1)              89.927
13929      (1 0 4 0 2 2 1)              89.923
13930      (1 0 3 1 1 1 1)              89.921
13931      (1 0 4 2 1 2 1)              89.918
13932      (1 0 2 3 1 2 1)              89.917
13933      (1 0 2 3 1 1 1)              89.915
13934      (1 0 2 3 0 0 0)              89.913
13935      (1 0 0 0 0 0 0)              89.909
13936      (1 0 1 5 1 1 1)              89.904
13937      (1 0 2 6 1 2 1)              89.902
13938      (1 0 1 5 1 1 1)              89.898
13939      (1 0 0 0 1 0 1)              89.897
13940      (1 0 4 0 1 2 1)              89.894
13941      (1 0 2 3 2 0 2)              89.894
13942      (1 0 2 3 1 2 1)              89.892
13943      (1 0 1 5 1 1 1)              89.888
13944      (1 0 1 5 1 2 1)              89.885
13945      (1 0 4 6 1 2 1)              89.883
13946      (1 0 4 2 1 2 1)              89.881
13947      (1 0 2 3 1 1 1)              89.879
13948      (1 0 2 6 1 2 1)              89.876
13949      (1 0 2 3 1 0 1)              89.874
13950      (1 0 0 0 1 1 1)              89.873
13951      (1 0 1 5 1 1 1)              89.868
13952      (1 0 4 2 0 0 0)              89.864
13953      (1 0 1 5 1 1 1)              89.859
13954      (1 0 0 5 1 1 1)              89.858
13955      (1 0 3 1 1 1 1)              89.856
13956      (1 0 1 0 1 1 1)              89.852
13957      (1 0 4 0 1 2 1)              89.849
13958      (1 0 2 3 2 2 2)              89.848
13959      (1 0 4 3 1 0 1)              89.844
13960      (1 0 2 3 1 1 1)              89.842
13961      (1 0 2 6 1 2 1)              89.840
13962      (1 0 2 2 1 0 1)              89.837
13963      (1 0 2 3 1 2 1)              89.838
13964      (1 0 2 3 1 2 1)              89.837
13965      (1 0 2 3 2 1 2)              89.832
13966      (1 0 2 3 1 2 1)              89.831
13967      (1 0 2 6 1 2 1)              89.829
13968      (1 0 4 4 0 2 0)              89.827
13969      (1 0 2 3 1 0 1)              89.825
13970      (1 0 2 3 2 1 2)              89.824
13971      (1 0 2 3 1 2 1)              89.822
13972      (1 0 4 2 1 2 1)              89.820
13973      (1 0 2 3 1 2 1)              89.819
13974      (1 0 2 3 0 0 1)              89.815
13975      (1 0 1 5 1 1 1)              89.814
13976      (1 0 2 5 1 0 1)              89.812
13977      (1 0 2 6 1 2 1)              89.808
13978      (1 0 1 5 1 1 1)              89.804
13979      (1 0 2 3 1 1 1)              89.801
13980      (1 0 2 2 1 0 1)              89.799
13981      (1 0 1 5 1 2 1)              89.795
13982      (1 0 2 6 1 2 1)              89.792
13983      (1 0 2 3 1 1 1)              89.790
13984      (1 0 4 6 1 2 1)              89.790
13985      (1 0 4 2 1 2 1)              89.787
13986      (1 0 2 3 1 2 1)              89.786
13987      (1 0 0 0 2 2 2)              89.783
13988      (1 0 3 3 2 1 2)              89.778
13989      (1 0 1 5 1 1 1)              89.777
13990      (1 0 4 3 1 0 1)              89.774
13991      (1 0 2 3 2 1 2)              89.773
13992      (1 0 0 0 0 0 0)              89.769
13993      (1 0 0 0 1 2 0)              89.768
13994      (1 0 1 3 0 1 0)              89.763
13995      (1 0 1 5 1 1 1)              89.759
13996      (1 0 2 0 2 1 2)              89.756
13997      (1 0 2 6 1 1 1)              89.752
13998      (1 0 2 3 2 1 2)              89.752
13999      (1 0 2 0 2 1 2)              89.749
14000      (1 0 2 3 1 2 1)              89.747
14001      (1 0 0 0 0 1 1)              89.745
14002      (1 0 2 3 1 1 1)              89.743
14003      (1 0 1 3 1 0 1)              89.741
14004      (1 0 4 4 2 1 2)              89.737
14005      (1 0 0 0 1 2 1)              89.736
14006      (1 0 2 6 1 2 1)              89.733
14007      (1 0 0 3 1 1 1)              89.732
14008      (1 0 4 6 1 2 1)              89.731
14009      (1 0 2 6 1 2 1)              89.727
14010      (1 0 2 3 1 2 1)              89.727
14011      (1 0 1 5 1 2 1)              89.725
14012      (1 0 0 0 1 2 0)              89.723
14013      (1 0 2 3 1 1 1)              89.721
14014      (1 0 2 6 1 2 1)              89.719
14015      (1 0 1 5 1 1 1)              89.717
14016      (1 0 4 2 1 2 1)              89.715
14017      (1 0 4 0 1 1 0)              89.714
14018      (1 0 0 0 1 0 1)              89.711
14019      (1 0 4 6 1 1 1)              89.712
14020      (1 0 2 3 1 0 1)              89.710
14021      (1 0 2 3 1 0 1)              89.708
14022      (1 0 1 3 1 2 1)              89.705
14023      (1 0 3 2 1 2 1)              89.703
14024      (1 0 2 3 1 1 1)              89.701
14025      (1 0 1 6 2 2 1)              89.698
14026      (1 0 4 2 1 2 1)              89.698
14027      (1 0 4 4 0 2 0)              89.696
14028      (1 0 0 5 0 2 0)              89.693
14029      (1 0 2 3 1 1 1)              89.691
14030      (1 0 2 3 0 0 1)              89.688
14031      (1 0 4 6 1 0 1)              89.687
14032      (1 0 2 6 1 2 1)              89.685
14033      (1 0 1 2 1 2 1)              89.683
14034      (1 0 2 3 1 2 1)              89.680
14035      (1 0 2 3 1 2 1)              89.681
14036      (1 0 4 4 2 1 2)              89.677
14037      (1 0 1 6 2 2 1)              89.674
14038      (1 0 4 2 0 0 0)              89.670
14039      (1 0 4 5 1 2 0)              89.667
14040      (1 0 0 0 2 2 1)              89.665
14041      (1 0 0 0 0 0 0)              89.664
14042      (1 0 2 3 2 2 1)              89.662
14043      (1 0 2 4 1 1 1)              89.658
14044      (1 0 2 3 1 2 1)              89.657
14045      (1 0 4 2 1 2 1)              89.655
14046      (1 0 4 6 1 2 1)              89.655
14047      (1 0 2 3 0 2 0)              89.651
14048      (1 0 2 3 1 2 1)              89.649
14049      (1 0 0 0 0 0 0)              89.645
14050      (1 0 3 2 1 1 1)              89.641
14051      (1 0 1 5 2 2 2)              89.640
14052      (1 0 4 4 0 2 0)              89.639
14053      (1 0 2 6 1 2 1)              89.636
14054      (1 0 2 3 1 0 1)              89.634
14055      (1 0 1 3 0 1 0)              89.630
14056      (1 0 2 3 2 1 2)              89.625
14057      (1 0 4 4 2 1 1)              89.624
14058      (1 0 1 5 1 1 1)              89.621
14059      (1 0 2 3 1 1 0)              89.617
14060      (1 0 2 6 1 2 1)              89.615
14061      (1 0 4 3 1 1 1)              89.612
14062      (1 0 2 6 1 2 1)              89.609
14063      (1 0 2 4 0 0 0)              89.607
14064      (1 0 2 3 1 2 1)              89.606
14065      (1 0 4 4 0 2 0)              89.604
14066      (1 0 2 3 2 1 2)              89.604
14067      (1 0 2 3 0 2 0)              89.601
14068      (1 0 1 5 1 1 1)              89.597
14069      (1 0 2 3 2 1 2)              89.595
14070      (1 0 2 3 1 2 1)              89.594
14071      (1 0 1 5 1 1 1)              89.590
14072      (1 0 2 3 1 1 1)              89.588
14073      (1 0 0 3 1 1 1)              89.587
14074      (1 0 2 3 2 2 1)              89.585
14075      (1 0 2 3 1 2 1)              89.584
14076      (1 0 2 2 2 2 1)              89.582
14077      (1 0 2 3 2 2 2)              89.581
14078      (1 0 2 2 1 2 0)              89.580
14079      (1 0 0 0 1 2 0)              89.578
14080      (1 0 2 3 1 2 1)              89.577
14081      (1 0 1 5 1 1 1)              89.573
14082      (1 0 2 3 1 0 1)              89.570
14083      (1 0 1 3 1 0 1)              89.567
14084      (1 0 4 2 1 2 1)              89.567
14085      (1 0 2 5 1 0 1)              89.564
14086      (1 0 2 6 1 2 1)              89.562
14087      (1 0 4 5 1 2 0)              89.559
14088      (1 0 1 3 1 0 1)              89.556
14089      (1 0 2 3 1 0 1)              89.555
14090      (1 0 1 3 1 0 1)              89.553
14091      (1 0 4 3 1 2 0)              89.553
14092      (1 0 2 6 1 2 1)              89.549
14093      (1 0 2 6 1 1 0)              89.548
14094      (1 0 2 6 1 2 1)              89.546
14095      (1 0 2 3 1 2 1)              89.544
14096      (1 0 1 5 1 1 1)              89.540
14097      (1 0 2 3 1 2 1)              89.539
14098      (1 0 2 4 1 1 1)              89.535
14099      (1 0 1 5 1 2 1)              89.533
14100      (1 0 4 5 2 1 2)              89.531
14101      (1 0 2 3 1 0 1)              89.529
14102      (1 0 1 5 1 2 1)              89.524
14103      (1 0 2 3 1 2 1)              89.524
14104      (1 0 2 3 1 0 1)              89.522
14105      (1 0 1 5 2 2 2)              89.520
14106      (1 0 1 3 1 0 1)              89.518
14107      (1 0 3 3 1 1 1)              89.516
14108      (1 0 2 6 1 1 1)              89.515
14109      (1 0 0 0 2 2 1)              89.514
14110      (1 0 3 3 1 1 1)              89.512
14111      (1 0 0 6 0 1 0)              89.511
14112      (1 0 2 5 2 1 1)              89.508
14113      (1 0 2 3 1 0 1)              89.506
14114      (1 0 2 2 1 0 1)              89.504
14115      (1 0 2 3 0 2 0)              89.500
14116      (1 0 3 0 0 0 0)              89.497
14117      (1 0 2 3 1 0 1)              89.495
14118      (1 0 2 3 2 1 2)              89.495
14119      (1 0 2 2 0 1 0)              89.490
14120      (1 0 4 4 2 1 1)              89.489
14121      (1 0 2 3 1 1 1)              89.488
14122      (1 0 2 3 1 0 1)              89.485
14123      (1 0 4 4 2 1 1)              89.484
14124      (1 0 2 3 1 2 1)              89.483
14125      (1 0 2 6 1 2 1)              89.481
14126      (1 0 1 5 1 2 1)              89.477
14127      (1 0 2 3 1 0 1)              89.475
14128      (1 0 0 0 1 0 1)              89.473
14129      (1 0 4 0 2 2 1)              89.468
14130      (1 0 0 0 0 0 0)              89.464
14131      (1 0 4 2 0 0 0)              89.460
14132      (1 0 2 3 1 0 1)              89.457
14133      (1 0 2 6 1 2 1)              89.455
14134      (1 0 2 3 1 2 1)              89.453
14135      (1 0 2 6 1 2 1)              89.451
14136      (1 0 2 6 1 1 1)              89.447
14137      (1 0 1 5 1 1 1)              89.446
14138      (1 0 1 5 1 1 1)              89.442
14139      (1 0 1 5 1 1 1)              89.437
14140      (1 0 2 3 1 2 1)              89.436
14141      (1 1 0 6 0 2 0)              89.433
14142      (1 0 0 0 0 0 0)              89.428
14143      (1 0 2 6 1 1 0)              89.425
14144      (1 0 4 2 1 2 1)              89.423
14145      (1 0 4 3 1 0 1)              89.420
14146      (1 0 2 6 1 1 1)              89.419
14147      (1 0 2 4 1 1 1)              89.416
14148      (1 0 0 0 1 2 0)              89.415
14149      (1 0 0 3 1 1 1)              89.413
14150      (1 0 4 0 2 2 1)              89.409
14151      (1 0 0 0 1 0 1)              89.409
14152      (1 0 2 2 0 0 1)              89.407
14153      (1 0 1 5 1 2 1)              89.403
14154      (1 0 2 6 1 2 1)              89.402
14155      (1 0 1 5 1 2 1)              89.399
14156      (1 0 0 0 1 2 0)              89.397
14157      (1 0 2 3 1 2 1)              89.393
14158      (1 0 2 0 2 1 2)              89.390
14159      (1 0 2 3 1 1 1)              89.388
14160      (1 0 2 3 1 1 1)              89.385
14161      (1 0 2 3 2 1 2)              89.381
14162      (1 0 4 4 0 2 0)              89.379
14163      (1 0 2 2 1 2 1)              89.377
14164      (0 1 4 6 1 0 1)              89.372
14165      (1 0 2 6 1 2 1)              89.370
14166      (1 0 4 3 1 1 1)              89.367
14167      (1 0 2 2 1 0 1)              89.364
14168      (1 0 2 3 1 0 1)              89.363
14169      (1 0 0 0 0 0 0)              89.360
14170      (1 0 2 3 1 0 2)              89.358
14171      (1 0 2 3 0 0 1)              89.355
14172      (1 0 4 4 0 2 0)              89.354
14173      (1 0 4 2 1 2 1)              89.352
14174      (1 0 2 5 2 1 1)              89.349
14175      (1 0 1 5 1 1 1)              89.345
14176      (1 0 4 4 2 1 1)              89.344
14177      (1 0 4 3 2 1 1)              89.341
14178      (1 0 0 5 0 2 0)              89.339
14179      (1 0 2 4 1 1 1)              89.336
14180      (1 0 1 5 1 1 1)              89.332
14181      (1 0 2 5 2 1 1)              89.329
14182      (1 0 2 3 1 0 1)              89.327
14183      (1 0 2 3 1 0 1)              89.325
14184      (1 0 1 5 1 2 1)              89.323
14185      (1 0 4 4 2 1 2)              89.318
14186      (1 0 2 3 2 1 2)              89.314
14187      (1 0 2 4 0 0 0)              89.312
14188      (1 0 2 0 2 1 2)              89.308
14189      (1 0 0 5 0 2 0)              89.306
14190      (1 0 1 5 1 2 1)              89.303
14191      (1 0 2 3 2 0 2)              89.303
14192      (1 0 4 0 2 2 1)              89.298
14193      (1 0 1 5 1 2 1)              89.296
14194      (1 0 2 3 0 2 0)              89.293
14195      (1 0 4 2 1 2 1)              89.291
14196      (1 0 2 6 1 2 1)              89.289
14197      (1 0 2 6 0 0 1)              89.287
14198      (1 0 2 3 2 2 2)              89.286
14199      (1 0 2 3 1 0 1)              89.283
14200      (1 0 4 4 0 2 0)              89.282
14201      (1 0 4 4 0 2 0)              89.281
14202      (1 0 2 3 0 0 0)              89.280
14203      (1 0 4 0 2 2 1)              89.276
14204      (1 0 0 1 2 2 1)              89.273
14205      (1 0 2 4 1 1 1)              89.270
14206      (1 0 2 6 1 2 1)              89.268
14207      (1 0 4 3 1 1 1)              89.264
14208      (1 0 2 3 2 2 2)              89.263
14209      (1 0 1 5 1 1 1)              89.262
14210      (1 0 2 6 1 2 1)              89.260
14211      (1 0 2 3 1 2 1)              89.257
14212      (1 0 2 6 1 2 1)              89.255
14213      (1 0 2 6 1 2 1)              89.253
14214      (1 0 1 5 1 2 1)              89.250
14215      (1 0 0 0 0 0 0)              89.247
14216      (1 0 0 0 2 2 1)              89.246
14217      (1 0 2 3 1 0 1)              89.244
14218      (1 0 0 3 0 0 0)              89.240
14219      (1 0 1 0 1 1 1)              89.237
14220      (1 0 2 4 1 1 1)              89.234
14221      (1 0 3 2 2 2 1)              89.232
14222      (1 0 0 0 0 2 0)              89.228
14223      (0 0 0 5 1 0 0)              89.226
14224      (1 0 2 6 1 2 1)              89.225
14225      (1 0 0 0 1 2 1)              89.224
14226      (1 0 2 3 1 2 1)              89.223
14227      (1 0 4 4 0 2 0)              89.221
14228      (1 0 2 3 2 2 2)              89.220
14229      (1 0 0 3 1 1 1)              89.219
14230      (1 0 2 3 0 2 0)              89.215
14231      (1 0 2 5 2 1 1)              89.213
14232      (1 0 2 5 2 1 1)              89.211
14233      (1 0 4 0 2 2 1)              89.207
14234      (1 0 3 3 2 1 2)              89.202
14235      (1 0 0 0 1 2 1)              89.201
14236      (1 0 0 0 1 0 1)              89.199
14237      (1 0 2 2 1 2 1)              89.198
14238      (1 0 4 3 1 1 1)              89.194
14239      (1 0 3 3 1 1 1)              89.192
14240      (1 0 0 5 0 2 0)              89.190
14241      (1 0 4 2 0 0 0)              89.185
14242      (1 0 2 3 1 0 1)              89.183
14243      (1 0 2 2 1 2 0)              89.182
14244      (1 0 2 3 1 2 1)              89.181
14245      (1 0 0 0 2 2 1)              89.179
14246      (1 0 2 3 1 2 1)              89.178
14247      (1 0 0 3 0 0 0)              89.175
14248      (0 0 2 6 1 1 1)              89.172
14249      (1 0 1 5 1 2 1)              89.169
14251      (1 0 1 3 1 0 1)              89.167
14254      (1 0 4 2 1 2 1)              89.165
14255      (1 0 4 0 2 2 1)              89.161
14256      (1 0 4 6 1 2 1)              89.160
14257      (1 0 2 4 0 0 0)              89.158
14258      (1 0 2 3 1 0 1)              89.157
14259      (1 0 2 3 2 0 2)              89.154
14260      (1 0 2 6 1 0 2)              89.153
14261      (1 0 4 2 0 0 0)              89.149
14262      (1 0 2 3 1 1 1)              89.147
14263      (1 0 2 3 1 2 1)              89.146
14264      (1 0 2 3 1 0 1)              89.143
14265      (1 0 3 2 1 2 1)              89.141
14266      (1 0 0 0 0 0 0)              89.137
14267      (1 0 0 0 1 0 1)              89.135
14268      (1 0 3 3 1 1 1)              89.132
14269      (1 0 2 3 1 2 1)              89.131
14270      (1 0 1 5 1 1 1)              89.127
14271      (1 0 2 3 2 1 2)              89.127
14272      (1 0 2 6 1 1 1)              89.123
14273      (1 0 4 6 1 2 1)              89.123
14274      (1 0 0 0 0 2 0)              89.120
14275      (1 0 2 4 1 1 1)              89.117
14276      (1 0 1 5 1 1 1)              89.112
14277      (1 0 2 3 1 2 0)              89.110
14278      (1 0 2 6 1 1 1)              89.107
14279      (1 0 1 3 1 0 1)              89.105
14280      (1 0 2 3 1 0 1)              89.103
14281      (1 0 2 6 1 2 1)              89.100
14282      (1 0 2 3 1 1 1)              89.098
14283      (1 0 1 5 1 1 1)              89.094
14284      (1 0 2 2 1 0 1)              89.092
14285      (1 0 2 3 0 0 0)              89.088
14286      (1 0 2 2 1 2 1)              89.087
14287      (1 0 3 2 1 1 1)              89.084
14288      (1 0 2 3 2 1 1)              89.083
14289      (1 0 2 6 1 2 1)              89.080
14290      (1 0 0 0 0 0 0)              89.077
14291      (1 0 2 3 1 2 1)              89.075
14292      (1 0 2 3 1 1 1)              89.073
14293      (1 0 1 5 1 1 1)              89.071
14294      (1 0 2 3 1 0 1)              89.070
14295      (1 0 1 5 1 1 1)              89.066
14296      (1 0 1 3 1 2 1)              89.064
14297      (1 0 0 0 1 2 0)              89.062
14298      (1 0 2 3 1 2 1)              89.062
14299      (1 0 1 5 1 1 1)              89.061
14300      (1 0 0 0 1 2 0)              89.060
14301      (1 0 4 2 1 2 1)              89.057
14302      (1 0 4 0 0 0 0)              89.054
14303      (1 0 2 6 1 2 1)              89.052
14304      (1 0 2 5 1 2 1)              89.052
14305      (1 0 4 3 1 2 0)              89.052
14306      (1 0 0 3 0 0 0)              89.050
14307      (1 0 4 4 0 2 0)              89.048
14308      (1 0 2 6 0 0 1)              89.045
14309      (1 0 2 6 1 1 0)              89.043
14310      (1 0 2 5 2 1 1)              89.040
14311      (1 0 4 2 1 2 1)              89.038
14312      (1 0 2 3 1 1 1)              89.036
14313      (1 0 0 0 1 2 0)              89.035
14314      (1 0 1 5 1 1 1)              89.033
14315      (1 0 2 3 1 0 1)              89.031
14316      (1 0 0 5 0 2 0)              89.029
14317      (1 0 4 6 1 2 1)              89.029
14318      (1 0 0 0 1 2 0)              89.028
14319      (1 0 2 6 1 2 1)              89.025
14320      (1 0 2 3 1 0 1)              89.023
14321      (1 0 2 3 2 2 2)              89.022
14322      (1 0 4 2 2 1 2)              89.021
14323      (1 0 1 5 1 1 1)              89.019
14324      (1 0 2 3 1 1 1)              89.017
14325      (1 0 2 3 2 2 2)              89.016
14326      (1 0 4 3 1 2 0)              89.016
14327      (1 0 1 5 2 2 2)              89.014
14328      (1 0 2 6 1 1 1)              89.011
14329      (1 0 2 2 1 1 1)              89.010
14330      (1 0 0 5 1 1 1)              89.009
14331      (1 0 2 3 1 1 1)              89.006
14332      (1 0 2 0 2 2 1)              89.001
14333      (1 0 2 3 2 1 2)              89.001
14334      (1 0 1 5 1 1 1)              88.997
14335      (1 0 2 3 1 2 1)              88.996
14336      (1 0 0 0 1 0 1)              88.994
14337      (1 0 2 3 1 0 1)              88.992
14338      (1 0 2 3 1 1 1)              88.990
14339      (1 0 2 3 1 2 1)              88.991
14340      (1 0 4 2 1 1 1)              88.987
14341      (1 0 2 3 1 0 1)              88.985
14342      (1 0 0 0 0 0 0)              88.982
14343      (1 0 2 3 1 1 1)              88.981
14344      (1 0 1 5 1 1 1)              88.977
14345      (1 0 2 5 1 0 1)              88.974
14346      (1 0 2 3 1 1 1)              88.972
14347      (1 0 2 3 1 0 2)              88.972
14348      (1 0 4 2 1 2 1)              88.970
14349      (1 0 2 3 1 1 1)              88.966
14350      (1 0 2 6 0 1 0)              88.965
14351      (1 0 2 3 1 0 1)              88.964
14352      (1 0 2 3 1 0 1)              88.963
14353      (1 0 2 3 1 2 1)              88.962
14354      (1 0 4 5 1 2 0)              88.958
14355      (1 0 0 0 1 0 1)              88.958
14356      (1 0 1 3 1 0 1)              88.955
14357      (1 0 2 3 1 2 1)              88.953
14358      (1 0 2 3 2 2 1)              88.950
14359      (1 0 4 2 0 0 0)              88.946
14360      (1 0 0 0 2 2 1)              88.945
14361      (1 0 4 2 1 2 1)              88.943
14362      (1 0 2 3 1 1 1)              88.941
14363      (1 0 2 3 0 0 1)              88.937
14364      (1 0 2 2 1 0 1)              88.935
14365      (1 0 4 2 1 2 1)              88.933
14366      (1 0 1 5 1 1 1)              88.929
14367      (1 0 2 3 1 0 1)              88.926
14368      (1 0 1 1 1 0 1)              88.924
14369      (1 0 2 5 2 2 1)              88.921
14370      (1 0 3 3 2 1 2)              88.917
14371      (1 0 2 3 1 1 1)              88.915
14372      (1 0 4 4 2 1 1)              88.913
14373      (1 0 2 4 0 0 0)              88.911
14374      (1 0 2 4 0 0 0)              88.909
14375      (1 0 3 3 1 0 1)              88.907
14376      (1 0 2 6 1 1 1)              88.907
14377      (1 0 2 2 1 1 0)              88.904
14378      (1 0 4 6 1 2 1)              88.904
14379      (1 0 2 3 1 0 1)              88.902
14380      (1 0 1 6 2 2 1)              88.900
14381      (1 0 2 3 1 2 1)              88.898
14382      (1 0 2 6 1 2 1)              88.895
14383      (1 0 4 4 2 1 2)              88.891
14384      (1 0 2 3 2 1 2)              88.891
14385      (1 0 4 2 0 0 0)              88.887
14386      (1 0 1 5 1 1 1)              88.882
14387      (1 0 2 3 2 2 2)              88.881
14388      (1 0 2 3 1 0 1)              88.882
14389      (1 0 2 6 1 1 0)              88.879
14390      (1 0 2 3 2 2 2)              88.878
14391      (1 0 2 2 1 2 1)              88.876
14392      (1 0 4 4 0 2 0)              88.874
14393      (1 0 3 3 1 0 1)              88.872
14394      (1 0 1 5 1 1 1)              88.868
14395      (1 0 2 3 2 1 2)              88.868
14396      (1 0 2 5 1 0 1)              88.865
14397      (1 0 2 6 1 2 1)              88.863
14398      (1 0 0 0 1 0 1)              88.861
14399      (1 0 2 4 0 0 0)              88.859
14400      (1 0 2 2 1 2 1)              88.858
14401      (1 0 0 3 0 0 0)              88.854
14402      (1 0 3 3 2 1 2)              88.850
14403      (1 0 0 5 1 0 0)              88.849
14404      (1 0 2 6 1 1 1)              88.846
14405      (1 0 2 3 2 2 2)              88.845
14406      (1 0 4 0 1 2 1)              88.841
14407      (1 0 4 2 2 1 2)              88.840
14408      (1 0 1 5 1 1 1)              88.836
14409      (1 0 4 2 1 2 1)              88.834
14410      (1 0 2 6 1 2 1)              88.831
14411      (1 0 2 4 1 1 1)              88.828
14412      (1 0 2 3 2 0 2)              88.828
14413      (1 0 0 3 0 0 0)              88.825
14414      (1 0 4 4 0 2 0)              88.824
14415      (1 0 2 0 2 1 2)              88.820
14416      (1 0 4 6 1 1 1)              88.821
14417      (1 0 4 2 2 1 2)              88.820
14418      (1 0 2 3 2 1 2)              88.820
14419      (1 0 2 3 1 1 1)              88.818
14420      (1 0 2 3 1 0 1)              88.815
14421      (1 0 4 5 1 2 0)              88.812
14422      (1 0 2 2 1 0 1)              88.810
14423      (1 0 2 6 1 2 1)              88.808
14424      (1 0 2 3 2 1 2)              88.804
14425      (1 0 2 3 1 2 1)              88.802
14426      (1 0 4 0 1 2 1)              88.799
14427      (1 0 4 2 0 0 0)              88.795
14428      (1 0 4 2 1 2 1)              88.793
14429      (1 0 3 5 0 2 0)              88.790
14430      (1 0 2 3 1 2 1)              88.789
14431      (1 0 2 2 0 0 1)              88.787
14432      (1 0 2 6 1 2 1)              88.784
14433      (1 0 0 0 1 1 1)              88.782
14434      (1 0 2 3 1 0 1)              88.780
14435      (1 0 2 3 1 2 1)              88.778
14436      (1 0 4 2 1 2 1)              88.776
14437      (1 0 2 3 1 0 1)              88.774
14438      (1 0 1 5 1 1 1)              88.773
14439      (1 0 2 3 1 0 1)              88.772
14440      (1 0 4 3 1 2 1)              88.771
14441      (1 0 1 5 1 1 1)              88.767
14442      (1 0 0 0 1 2 1)              88.766
14443      (1 0 2 0 2 1 2)              88.763
14444      (1 0 2 3 1 0 1)              88.762
14445      (1 0 2 3 1 2 1)              88.761
14446      (1 0 1 5 1 1 1)              88.756
14447      (1 0 3 3 2 1 2)              88.752
14448      (1 0 4 2 1 2 1)              88.750
14449      (1 0 0 0 0 0 0)              88.747
14450      (1 0 2 3 1 0 2)              88.744
14451      (1 0 0 0 0 2 0)              88.741
14452      (1 0 2 3 1 1 1)              88.740
14453      (1 0 2 3 1 0 1)              88.738
14454      (1 0 0 0 0 0 0)              88.734
14455      (1 0 2 3 1 1 1)              88.732
14456      (1 0 4 2 1 2 1)              88.729
14457      (1 0 4 3 1 0 1)              88.726
14458      (1 0 2 6 1 1 0)              88.724
14459      (1 0 4 4 2 1 1)              88.723
14460      (1 0 2 3 1 1 1)              88.721
14461      (1 0 4 3 1 1 1)              88.718
14462      (1 0 2 3 1 2 1)              88.718
14463      (1 0 2 3 1 2 1)              88.716
14464      (1 0 3 2 2 2 1)              88.714
14465      (1 0 2 3 1 0 1)              88.712
14466      (1 0 2 3 1 2 1)              88.711
14467      (1 0 2 6 1 2 1)              88.708
14468      (1 0 0 0 1 0 1)              88.707
14469      (1 0 1 5 1 1 1)              88.706
14470      (1 0 3 3 2 1 2)              88.702
14471      (1 0 2 6 1 2 1)              88.700
14472      (1 0 2 3 2 2 2)              88.698
14473      (1 0 2 3 1 2 1)              88.697
14474      (1 0 4 2 1 1 1)              88.697
14475      (1 0 2 2 0 0 0)              88.695
14476      (1 0 2 3 1 1 1)              88.694
14477      (1 0 2 3 1 0 1)              88.691
14478      (1 0 2 4 0 0 1)              88.688
14479      (1 0 2 3 1 1 1)              88.687
14480      (1 0 2 3 1 0 1)              88.686
14481      (1 0 3 2 1 2 0)              88.683
14482      (1 0 2 3 1 1 1)              88.681
14483      (1 0 0 3 0 0 0)              88.677
14484      (1 0 2 3 1 0 1)              88.675
14485      (1 0 0 0 1 1 1)              88.673
14486      (1 0 0 3 0 0 0)              88.670
14487      (1 0 2 3 1 2 1)              88.669
14488      (1 0 2 2 1 0 1)              88.666
14489      (1 0 4 6 1 2 1)              88.666
14490      (1 0 2 3 2 2 1)              88.664
14491      (1 0 4 2 2 1 2)              88.663
14492      (1 0 2 3 1 2 1)              88.664
14493      (1 0 2 3 1 1 1)              88.662
14494      (1 0 1 5 1 1 1)              88.660
14495      (1 0 2 3 1 0 1)              88.661
14496      (1 0 2 3 1 0 1)              88.659
14497      (1 0 2 3 1 1 1)              88.658
14498      (1 0 4 4 2 1 1)              88.657
14499      (1 0 2 3 2 1 2)              88.652
14500      (1 0 4 4 0 2 0)              88.650
14501      (1 0 2 3 1 0 1)              88.648
14502      (1 0 4 2 1 2 1)              88.646
14503      (1 0 2 5 1 0 1)              88.644
14504      (1 0 2 3 2 2 2)              88.642
14505      (1 0 2 3 2 2 2)              88.641
14506      (1 0 0 0 0 0 0)              88.637
14507      (1 0 2 3 1 1 1)              88.634
14508      (1 0 4 0 1 2 1)              88.631
14509      (1 0 2 4 1 1 1)              88.628
14510      (1 0 1 2 0 0 0)              88.625
14511      (1 0 2 6 1 2 1)              88.623
14512      (1 0 2 3 1 2 1)              88.624
14513      (1 0 2 2 1 0 1)              88.622
14514      (1 0 4 3 1 0 1)              88.619
14515      (1 0 2 3 2 2 2)              88.618
14516      (1 0 2 3 1 2 1)              88.616
14517      (1 0 2 3 1 2 1)              88.615
14518      (1 0 2 3 0 0 0)              88.616
14519      (1 0 2 2 1 0 1)              88.615
14520      (1 0 2 4 0 0 0)              88.613
14521      (1 0 2 4 1 1 1)              88.609
14522      (1 0 2 3 1 0 1)              88.608
14523      (1 0 4 4 0 2 0)              88.606
14524      (1 0 2 3 1 2 1)              88.605
14525      (1 0 2 6 1 2 1)              88.602
14526      (1 0 3 2 2 2 1)              88.600
14527      (1 0 4 3 1 1 1)              88.596
14528      (1 0 1 5 1 2 1)              88.593
14529      (1 0 2 3 1 1 1)              88.590
14530      (1 0 2 3 1 0 1)              88.588
14531      (1 0 0 0 0 0 0)              88.584
14532      (1 0 3 2 1 2 1)              88.582
14533      (1 0 2 3 1 1 1)              88.580
14534      (1 0 2 6 1 1 1)              88.579
14535      (1 0 2 3 1 0 1)              88.577
14536      (1 0 2 3 1 1 1)              88.575
14537      (1 0 2 3 1 2 1)              88.574
14538      (1 0 1 5 1 2 1)              88.570
14539      (1 0 2 3 1 2 1)              88.568
14540      (1 0 4 2 1 2 1)              88.566
14541      (1 0 2 6 1 0 1)              88.566
14542      (1 0 2 3 1 0 1)              88.565
14543      (1 0 4 4 2 1 1)              88.564
14544      (1 0 2 3 1 1 1)              88.562
14545      (1 0 2 6 1 2 1)              88.559
14546      (1 0 2 3 2 2 2)              88.558
14547      (1 0 0 0 1 0 1)              88.557
14548      (1 0 2 3 1 2 0)              88.555
14549      (1 0 2 3 1 2 1)              88.554
14550      (1 0 1 5 1 1 1)              88.551
14551      (1 0 4 6 1 2 1)              88.549
14552      (1 0 2 3 1 0 1)              88.547
14553      (1 0 2 3 0 0 0)              88.546
14554      (1 0 2 3 1 1 1)              88.544
14555      (1 0 1 5 1 1 1)              88.540
14556      (1 0 2 3 1 0 1)              88.538
14557      (1 0 2 3 2 1 2)              88.537
14558      (1 0 2 3 2 1 2)              88.537
14559      (1 0 2 3 1 0 1)              88.535
14560      (1 0 2 3 1 1 1)              88.533
14561      (1 0 1 5 1 1 1)              88.529
14562      (1 0 2 3 0 0 0)              88.528
14563      (1 0 1 5 1 1 1)              88.523
14564      (1 0 3 1 1 1 1)              88.521
14565      (1 0 4 2 1 2 1)              88.519
14566      (1 0 2 3 1 0 1)              88.518
14567      (1 0 2 6 1 2 1)              88.516
14568      (1 0 3 2 0 0 1)              88.514
14569      (1 0 0 0 1 1 1)              88.512
14570      (1 0 0 0 1 2 1)              88.511
14571      (1 0 0 3 0 0 0)              88.510
14572      (1 0 0 5 1 0 0)              88.509
14573      (1 0 2 3 1 0 1)              88.507
14574      (1 0 0 0 2 2 1)              88.506
14575      (1 0 1 5 1 1 1)              88.504
14576      (1 0 1 5 1 1 1)              88.500
14577      (1 0 2 3 1 0 1)              88.499
14578      (1 0 4 2 0 0 0)              88.495
14579      (1 0 4 3 1 1 1)              88.492
14580      (1 0 4 4 0 2 0)              88.490
14581      (1 0 0 0 0 0 0)              88.487
14582      (1 0 2 6 1 2 1)              88.484
14583      (1 0 1 5 1 2 1)              88.482
14584      (1 0 4 0 1 0 1)              88.481
14585      (1 0 4 4 2 1 1)              88.480
14586      (1 0 4 6 0 1 0)              88.477
14587      (1 0 2 3 1 0 1)              88.476
14588      (1 0 0 3 1 1 1)              88.474
14589      (0 1 4 6 2 1 1)              88.470
14590      (1 0 4 2 2 1 2)              88.469
14591      (1 0 2 3 1 0 1)              88.468
14592      (1 0 1 5 1 1 1)              88.467
14593      (1 0 2 6 1 2 1)              88.465
14594      (1 0 2 3 2 2 2)              88.464
14595      (1 0 2 3 1 2 1)              88.462
14596      (1 0 0 0 1 0 1)              88.462
14597      (0 0 1 4 2 2 1)              88.459
14598      (1 0 0 3 1 1 1)              88.458
14599      (1 0 3 2 1 2 1)              88.456
14600      (1 0 2 5 1 0 1)              88.454
14601      (1 0 0 0 1 1 1)              88.451
14602      (1 0 1 3 1 0 1)              88.449
14603      (1 0 0 5 0 2 0)              88.447
14604      (1 0 4 3 1 1 1)              88.444
14605      (1 0 4 2 1 2 1)              88.442
14606      (1 0 2 3 1 2 1)              88.441
14607      (1 0 2 3 1 1 0)              88.438
14608      (1 0 4 6 1 2 1)              88.437
14609      (1 0 2 3 1 0 1)              88.435
14610      (1 0 0 0 1 0 1)              88.434
14611      (1 0 1 5 1 1 1)              88.430
14612      (1 0 4 3 1 1 1)              88.427
14613      (1 0 4 4 0 2 0)              88.425
14614      (1 0 2 3 1 0 1)              88.423
14615      (1 0 2 6 1 1 1)              88.422
14616      (1 0 2 3 1 2 1)              88.421
14617      (1 0 2 3 1 0 1)              88.420
14618      (1 0 2 3 1 2 1)              88.419
14619      (1 0 4 6 1 2 1)              88.418
14620      (1 0 2 3 1 2 1)              88.417
14621      (1 0 3 1 1 1 1)              88.414
14622      (1 0 1 5 1 1 1)              88.410
14623      (1 0 2 3 1 2 1)              88.409
14624      (1 0 3 2 1 1 1)              88.406
14625      (1 0 0 5 1 0 0)              88.405
14626      (1 0 2 3 1 0 1)              88.403
14627      (1 0 2 3 1 1 1)              88.402
14628      (1 0 2 4 1 1 1)              88.398
14629      (1 0 2 3 1 1 1)              88.397
14630      (1 0 4 2 2 1 2)              88.396
14631      (1 0 1 6 2 2 1)              88.394
14632      (1 0 2 3 2 1 2)              88.393
14633      (1 0 1 5 1 1 1)              88.389
14634      (1 0 1 5 1 1 1)              88.385
14635      (1 0 0 0 1 2 1)              88.383
14636      (1 0 2 3 1 0 1)              88.381
14637      (1 0 4 5 1 2 0)              88.378
14638      (1 0 1 5 1 2 1)              88.376
14639      (1 0 2 3 1 0 1)              88.375
14640      (1 0 2 3 1 1 1)              88.374
14641      (1 0 2 3 1 2 1)              88.373
14642      (1 0 3 2 1 1 1)              88.369
14643      (1 0 2 3 0 0 0)              88.368
14644      (1 0 2 6 1 1 1)              88.365
14645      (1 0 3 3 1 1 1)              88.363
14646      (1 0 0 0 1 2 0)              88.362
14647      (1 0 2 3 1 0 1)              88.360
14648      (1 0 1 5 1 1 1)              88.359
14649      (1 0 0 0 1 1 1)              88.356
14650      (1 0 4 2 1 2 1)              88.354
14651      (1 0 4 0 2 2 1)              88.350
14652      (1 0 2 3 1 2 1)              88.349
14653      (1 0 3 2 0 0 1)              88.346
14654      (1 0 2 3 1 0 1)              88.345
14655      (1 0 2 3 1 0 1)              88.343
14656      (1 0 3 2 2 2 1)              88.341
14657      (1 0 4 2 1 2 1)              88.338
14658      (1 0 2 2 1 0 1)              88.336
14659      (1 0 4 4 2 1 2)              88.332
14660      (1 0 2 3 2 2 1)              88.330
14661      (1 0 2 3 1 2 1)              88.329
14662      (1 0 1 3 1 1 1)              88.326
14663      (1 0 2 3 1 0 1)              88.324
14664      (1 0 1 2 1 2 1)              88.322
14665      (1 0 2 3 1 1 1)              88.319
14666      (1 0 2 3 1 2 1)              88.318
14667      (1 0 2 3 2 1 2)              88.318
14668      (1 0 2 3 2 1 2)              88.314
14669      (1 0 2 3 1 0 1)              88.312
14670      (1 0 2 3 0 2 0)              88.309
14671      (1 0 2 3 1 1 1)              88.307
14672      (1 0 3 3 1 1 1)              88.305
14673      (1 0 0 0 1 2 0)              88.303
14674      (1 0 4 6 1 2 1)              88.303
14675      (1 0 2 6 1 1 0)              88.300
14676      (1 0 2 6 1 2 1)              88.298
14677      (1 0 4 2 1 1 1)              88.298
14678      (1 0 4 2 0 0 0)              88.294
14679      (1 0 2 3 1 2 1)              88.293
14680      (1 1 0 6 0 2 0)              88.289
14681      (1 0 2 5 1 2 1)              88.289
14682      (1 0 1 5 1 1 1)              88.285
14683      (1 0 2 3 0 2 0)              88.282
14684      (1 0 0 0 1 0 1)              88.281
14685      (1 0 0 5 1 2 1)              88.277
14686      (1 0 1 5 1 1 1)              88.273
14687      (1 0 2 6 1 2 1)              88.272
14688      (1 0 4 2 1 2 1)              88.270
14689      (1 0 4 4 0 2 0)              88.267
14690      (1 0 2 6 1 2 1)              88.265
14691      (1 0 2 6 1 2 1)              88.263
14692      (1 0 1 3 1 0 1)              88.261
14693      (1 0 4 6 1 1 1)              88.262
14694      (1 0 2 4 1 1 1)              88.259
14695      (1 0 4 6 1 2 1)              88.259
14696      (1 0 2 3 1 1 1)              88.256
14697      (1 0 2 3 1 0 1)              88.254
14698      (1 0 2 6 1 2 1)              88.252
14699      (1 0 2 3 1 0 1)              88.249
14700      (1 0 2 3 2 1 2)              88.245
14701      (1 0 1 5 1 1 1)              88.241
14702      (1 0 1 5 1 1 1)              88.237
14703      (1 0 0 3 1 1 1)              88.236
14704      (1 0 2 3 1 2 0)              88.234
14705      (1 0 1 5 1 1 1)              88.232
14706      (1 0 2 6 1 2 1)              88.230
14707      (1 0 2 3 1 0 2)              88.228
14708      (1 0 2 2 1 0 1)              88.226
14709      (1 0 2 3 1 0 1)              88.224
14710      (1 0 3 2 1 2 1)              88.222
14711      (1 0 2 6 1 2 1)              88.220
14712      (1 0 1 2 2 2 1)              88.218
14713      (1 0 2 5 1 2 1)              88.217
14714      (1 0 2 3 1 2 1)              88.215
14715      (1 0 2 5 1 2 1)              88.215
14716      (1 0 2 3 1 1 1)              88.213
14717      (1 0 2 3 2 0 2)              88.213
14718      (1 0 4 4 0 2 0)              88.212
14719      (1 0 4 2 0 0 0)              88.208
14720      (1 0 2 3 2 1 2)              88.204
14721      (1 0 2 3 0 0 1)              88.201
14722      (1 0 2 3 1 2 1)              88.198
14723      (1 0 0 5 1 1 1)              88.197
14724      (1 0 2 3 1 0 1)              88.195
14725      (1 0 0 0 1 0 1)              88.194
14726      (1 0 2 6 0 0 1)              88.191
14727      (1 0 2 3 2 1 2)              88.191
14728      (1 0 2 3 1 1 1)              88.189
14729      (1 0 1 1 1 2 1)              88.188
14730      (1 0 4 3 1 0 1)              88.184
14731      (1 0 0 0 1 2 0)              88.183
14732      (1 0 2 3 1 2 1)              88.182
14733      (1 0 2 2 1 0 1)              88.180
14734      (1 0 4 2 0 0 0)              88.176
14735      (1 0 2 6 1 1 1)              88.174
14736      (1 0 2 6 1 2 1)              88.173
14737      (1 0 2 3 2 1 2)              88.172
14738      (1 0 2 2 1 2 1)              88.171
14739      (1 0 0 3 1 0 2)              88.169
14740      (1 0 2 3 2 1 2)              88.169
14741      (1 0 4 2 1 1 1)              88.169
14742      (1 0 2 2 1 0 1)              88.167
14743      (1 0 3 1 1 1 1)              88.165
14744      (1 0 2 5 1 1 1)              88.164
14745      (1 0 2 3 0 0 0)              88.160
14746      (1 0 0 0 2 2 1)              88.158
14747      (1 0 2 3 1 2 1)              88.156
14748      (1 0 1 5 1 2 1)              88.154
14749      (1 0 1 3 1 0 1)              88.152
14750      (1 0 2 3 1 2 1)              88.149
14751      (1 0 0 0 2 2 1)              88.148
14752      (1 0 2 2 1 2 1)              88.147
14753      (1 0 1 5 1 1 1)              88.146
14754      (1 0 1 5 1 2 1)              88.142
14755      (1 0 2 3 2 1 2)              88.141
14756      (1 0 1 5 1 1 1)              88.136
14757      (1 0 2 3 1 2 1)              88.135
14758      (1 0 2 3 2 2 2)              88.134
14759      (1 0 1 0 1 0 1)              88.133
14760      (1 0 4 2 2 1 2)              88.132
14761      (1 0 2 3 2 1 2)              88.132
14762      (1 0 2 3 0 0 0)              88.131
14763      (1 0 2 3 0 1 0)              88.127
14764      (1 0 2 3 1 0 1)              88.124
14765      (1 0 4 0 2 2 1)              88.120
14766      (1 0 2 3 2 1 2)              88.119
14767      (1 0 2 3 1 0 1)              88.118
14768      (1 0 0 0 1 2 1)              88.117
14769      (1 0 1 5 1 1 1)              88.116
14770      (1 0 2 3 2 1 2)              88.116
14771      (1 0 1 2 0 0 0)              88.114
14772      (1 0 2 6 1 2 1)              88.112
14773      (1 0 2 3 1 2 1)              88.110
14774      (1 0 4 4 0 2 0)              88.109
14775      (1 0 1 1 1 2 1)              88.108
14776      (1 0 2 3 1 0 1)              88.107
14777      (1 0 4 4 0 2 0)              88.105
14778      (1 0 2 3 2 1 2)              88.104
14779      (1 0 2 4 0 0 0)              88.102
14780      (1 0 2 6 1 2 1)              88.100
14781      (1 0 1 5 1 1 1)              88.096
14782      (1 0 1 5 1 1 1)              88.092
14783      (1 0 4 3 1 1 1)              88.090
14784      (1 0 2 4 1 1 1)              88.087
14785      (1 0 2 5 1 2 1)              88.087
14786      (1 0 2 3 2 1 2)              88.083
14787      (1 0 2 3 1 1 1)              88.082
14788      (1 0 4 4 2 1 1)              88.081
14789      (1 0 3 2 1 2 1)              88.079
14790      (1 0 2 3 1 0 1)              88.077
14791      (1 0 1 5 1 1 1)              88.073
14792      (1 0 2 3 1 2 1)              88.072
14793      (1 0 2 0 2 1 2)              88.068
14794      (1 0 2 3 1 2 1)              88.067
14795      (1 0 2 6 1 2 1)              88.065
14796      (1 0 2 3 1 0 1)              88.064
14797      (1 0 2 3 1 2 1)              88.063
14798      (1 0 2 3 1 2 1)              88.064
14799      (1 0 1 5 1 1 1)              88.060
14800      (1 0 2 3 1 2 1)              88.059
14801      (1 0 0 0 1 2 1)              88.058
14802      (1 0 2 3 1 2 1)              88.056
14803      (0 1 4 6 0 2 0)              88.053
14804      (1 0 2 3 1 2 1)              88.052
14805      (1 0 2 3 1 1 1)              88.050
14806      (1 0 2 2 1 2 0)              88.049
14807      (1 0 2 3 0 2 0)              88.046
14808      (1 0 2 6 1 2 1)              88.045
14809      (1 0 3 3 2 1 2)              88.041
14810      (1 0 0 0 2 2 2)              88.038
14811      (1 0 0 0 0 0 0)              88.034
14812      (1 0 2 3 2 0 2)              88.034
14813      (1 0 2 3 1 2 1)              88.032
14814      (1 0 1 5 1 1 1)              88.028
14815      (1 0 2 3 1 2 1)              88.027
14816      (1 0 0 3 0 0 0)              88.024
14817      (1 0 2 3 1 0 1)              88.022
14818      (1 0 0 5 1 0 0)              88.021
14819      (1 0 2 4 1 0 1)              88.019
14820      (1 0 4 0 1 2 1)              88.016
14821      (1 0 2 3 1 1 1)              88.014
14822      (1 0 0 0 0 0 0)              88.010
14823      (1 0 2 2 0 0 1)              88.008
14824      (1 0 0 0 1 2 0)              88.007
14825      (1 0 4 2 1 2 1)              88.004
14826      (1 0 0 3 1 1 1)              88.003
14827      (1 0 1 5 1 1 1)              87.999
14828      (1 0 1 0 0 0 0)              87.996
14829      (1 0 0 3 0 0 0)              87.993
14830      (1 0 1 5 1 1 1)              87.992
14831      (1 0 2 3 1 2 1)              87.991
14832      (1 0 4 2 2 1 2)              87.990
14833      (1 0 4 4 0 2 0)              87.988
14834      (1 0 1 5 1 1 1)              87.987
14835      (1 0 2 3 1 0 1)              87.984
14836      (1 0 2 2 2 2 1)              87.982
14837      (1 0 2 6 1 2 1)              87.979
14838      (1 0 2 3 0 2 0)              87.976
14839      (1 0 2 3 1 1 1)              87.974
14840      (1 0 1 5 1 1 1)              87.970
14841      (1 0 0 0 1 2 1)              87.969
14842      (1 0 1 5 1 1 1)              87.965
14843      (1 0 2 6 1 2 1)              87.963
14844      (1 0 4 2 1 2 1)              87.961
14845      (1 0 2 3 2 2 2)              87.960
14846      (1 0 2 6 1 2 0)              87.959
14847      (1 0 2 3 2 1 2)              87.955
14848      (1 0 2 6 1 2 1)              87.954
14849      (1 0 1 5 1 2 1)              87.952
14850      (1 0 2 3 2 1 2)              87.950
14851      (1 0 4 2 2 1 2)              87.949
14852      (1 0 2 3 0 2 0)              87.946
14853      (1 0 4 2 1 2 1)              87.944
14854      (1 0 2 3 1 2 1)              87.944
14855      (1 0 2 6 1 2 1)              87.943
14856      (1 0 2 4 0 0 0)              87.941
14857      (1 0 3 5 0 2 0)              87.938
14858      (1 0 4 2 1 2 1)              87.936
14859      (1 0 4 2 1 2 1)              87.934
14860      (1 0 2 3 1 2 1)              87.934
14861      (1 0 4 2 1 2 1)              87.933
14862      (1 0 4 3 1 1 1)              87.930
14863      (1 0 1 5 1 2 1)              87.928
14864      (1 0 1 5 1 1 1)              87.924
14865      (1 0 0 3 1 1 1)              87.923
14866      (1 0 4 2 1 1 1)              87.923
14867      (1 0 4 3 1 2 1)              87.923
14868      (1 0 3 0 0 0 0)              87.920
14869      (1 0 2 6 1 2 1)              87.918
14870      (1 0 4 2 1 1 1)              87.918
14871      (1 0 2 3 1 2 1)              87.917
14872      (1 0 4 0 1 2 1)              87.913
14873      (1 0 2 0 2 1 2)              87.910
14874      (1 0 0 0 0 2 0)              87.907
14875      (1 0 1 5 1 1 1)              87.903
14876      (1 0 2 3 1 2 1)              87.902
14877      (1 0 2 3 2 2 1)              87.900
14878      (1 0 2 3 0 0 0)              87.896
14879      (1 0 2 3 1 0 1)              87.894
14880      (1 0 2 3 1 1 1)              87.892
14881      (1 0 2 6 1 1 0)              87.890
14882      (1 0 3 3 1 1 1)              87.888
14883      (1 0 2 3 1 2 1)              87.889
14884      (1 0 2 3 1 2 1)              87.888
14885      (0 1 4 6 1 0 1)              87.883
14886      (1 0 2 3 1 1 1)              87.881
14887      (1 0 2 3 2 1 2)              87.881
14888      (1 0 0 0 1 2 1)              87.879
14889      (1 0 2 3 1 1 1)              87.877
14890      (1 0 0 5 1 0 0)              87.876
14891      (1 0 0 0 1 0 1)              87.875
14892      (1 0 2 5 1 0 1)              87.873
14893      (1 0 2 3 1 2 0)              87.871
14894      (1 0 4 6 1 1 1)              87.869
14895      (1 0 2 3 1 2 1)              87.868
14896      (1 0 1 0 1 1 1)              87.865
14897      (1 0 2 3 1 1 1)              87.863
14898      (1 0 1 0 1 1 1)              87.860
14899      (1 0 1 5 1 1 1)              87.856
14900      (1 0 4 2 1 2 1)              87.854
14901      (1 0 1 2 1 1 1)              87.852
14902      (1 0 0 0 1 0 1)              87.850
14903      (1 0 4 0 1 1 0)              87.849
14904      (1 0 0 5 1 0 0)              87.848
14905      (1 0 1 5 1 2 1)              87.846
14906      (1 0 2 6 1 2 1)              87.844
14907      (1 0 2 3 1 1 1)              87.843
14908      (1 0 2 3 1 1 1)              87.841
14909      (1 0 3 2 1 1 1)              87.838
14910      (1 0 2 3 2 0 2)              87.838
14911      (1 0 2 3 1 2 1)              87.839
14912      (1 0 0 0 0 0 0)              87.835
14913      (1 0 2 4 0 0 0)              87.833
14914      (1 0 2 3 1 2 1)              87.831
14915      (1 0 4 2 1 2 1)              87.829
14916      (1 0 2 3 1 1 1)              87.827
14917      (1 0 2 3 1 2 1)              87.826
14918      (1 0 4 0 1 1 0)              87.825
14919      (1 0 1 5 1 1 1)              87.821
14920      (1 0 0 0 2 2 1)              87.820
14921      (1 0 4 4 2 1 1)              87.819
14922      (1 0 2 3 1 1 1)              87.817
14923      (1 0 2 3 1 0 1)              87.815
14924      (1 0 4 2 1 2 1)              87.813
14925      (1 0 2 3 1 0 1)              87.811
14926      (1 0 4 3 1 1 1)              87.808
14927      (1 0 0 3 0 0 0)              87.805
14928      (1 0 0 3 1 1 1)              87.804
14929      (1 0 4 2 0 0 0)              87.800
14930      (1 0 2 6 1 2 1)              87.798
14931      (1 0 2 3 0 2 0)              87.795
14932      (1 0 2 6 1 2 0)              87.793
14933      (1 0 2 6 1 2 1)              87.791
14934      (1 0 0 5 0 2 0)              87.789
14935      (1 0 2 3 1 2 1)              87.788
14936      (1 0 1 5 1 1 1)              87.784
14937      (1 0 4 3 1 0 1)              87.781
14938      (1 0 0 0 1 2 0)              87.780
14939      (1 0 2 3 1 2 1)              87.779
14940      (1 0 2 2 1 0 1)              87.777
14941      (1 0 2 3 2 0 2)              87.777
14942      (1 0 2 3 1 0 2)              87.775
14943      (1 0 2 6 1 2 1)              87.773
14944      (1 0 0 0 0 0 0)              87.771
14945      (1 0 2 3 1 0 1)              87.770
14946      (1 0 4 3 1 1 1)              87.767
14947      (1 0 2 3 2 2 1)              87.765
14948      (1 0 2 6 1 2 1)              87.762
14949      (1 0 2 3 1 1 1)              87.760
14950      (1 0 2 3 1 2 1)              87.759
14951      (1 0 2 3 1 1 1)              87.757
14952      (1 0 2 3 1 2 1)              87.756
14953      (1 0 3 3 1 0 1)              87.754
14954      (1 0 2 3 2 1 2)              87.754
14955      (1 0 0 6 0 1 0)              87.753
14956      (1 0 4 2 2 2 1)              87.752
14957      (1 0 3 5 0 2 0)              87.749
14958      (1 0 2 0 2 1 2)              87.746
14959      (1 0 2 3 1 0 1)              87.744
14960      (1 0 2 3 1 2 1)              87.743
14961      (1 0 4 2 1 1 1)              87.740
14962      (1 0 2 3 1 2 1)              87.738
14963      (1 0 2 4 0 0 1)              87.735
14964      (1 0 2 6 1 2 1)              87.734
14965      (1 0 1 5 1 1 1)              87.730
14966      (1 0 1 5 1 1 1)              87.728
14967      (1 0 2 3 1 2 1)              87.727
14968      (1 0 2 5 1 0 1)              87.725
14969      (1 0 1 0 1 0 1)              87.724
14970      (1 0 2 3 1 2 1)              87.723
14971      (1 0 2 3 2 1 1)              87.722
14972      (1 0 1 2 2 2 1)              87.720
14973      (1 0 2 4 0 0 0)              87.718
14974      (1 0 0 3 0 0 0)              87.717
14975      (1 0 2 5 2 1 1)              87.715
14976      (1 0 4 2 1 2 1)              87.713
14977      (1 0 2 6 1 2 1)              87.711
14978      (1 0 4 2 1 2 1)              87.709
14979      (1 0 2 3 1 0 1)              87.707
14980      (1 0 4 3 1 1 1)              87.704
14981      (1 0 2 6 1 1 0)              87.701
14982      (1 0 2 6 1 2 1)              87.700
14983      (1 0 1 5 1 1 1)              87.696
14984      (1 0 2 2 1 0 1)              87.694
14985      (1 0 2 3 0 0 0)              87.692
14986      (1 0 2 3 1 1 1)              87.690
14987      (1 0 2 3 1 0 1)              87.688
14988      (1 0 2 3 1 1 1)              87.686
14989      (1 0 1 3 1 2 1)              87.684
14990      (1 0 4 6 0 2 0)              87.681
14991      (1 0 3 5 0 2 0)              87.678
14992      (1 0 2 3 1 2 1)              87.677
14993      (1 0 1 5 1 1 1)              87.673
14994      (1 0 2 3 0 0 1)              87.671
14995      (1 0 2 3 1 0 1)              87.669
14996      (1 0 2 3 1 2 1)              87.667
14997      (1 0 0 0 2 2 1)              87.666
14998      (1 0 2 3 1 2 1)              87.665
14999      (1 0 4 4 0 2 0)              87.663
15000      (1 0 2 3 1 1 1)              87.661
15001      (1 0 2 3 1 2 1)              87.660
15002      (1 0 3 3 2 1 2)              87.656
15003      (1 0 2 3 1 1 1)              87.654
15004      (1 0 2 2 1 2 1)              87.653
15005      (1 0 2 3 0 2 0)              87.650
15006      (1 0 2 6 1 2 1)              87.648
15007      (1 0 4 2 1 2 1)              87.646
15008      (1 0 2 3 1 1 0)              87.643
15009      (1 0 2 6 1 2 1)              87.641
15010      (1 0 4 3 1 0 1)              87.638
15011      (1 0 4 2 1 1 1)              87.638
15012      (1 0 1 5 1 1 1)              87.634
15013      (1 0 0 3 1 1 1)              87.633
15014      (1 0 2 3 1 2 1)              87.631
15015      (1 0 2 3 1 2 1)              87.630
15016      (1 0 2 3 0 0 0)              87.628
15017      (1 0 4 2 0 0 0)              87.624
15018      (1 0 2 6 1 2 1)              87.622
15019      (1 0 2 3 1 1 1)              87.620
15020      (1 0 2 3 1 2 1)              87.619
15021      (1 0 1 3 1 0 1)              87.617
15022      (0 1 4 6 1 0 1)              87.612
15023      (1 0 2 3 1 2 1)              87.612
15024      (1 0 2 2 1 2 1)              87.611
15025      (1 0 4 2 1 2 1)              87.609
15026      (1 0 1 5 1 1 1)              87.605
15027      (1 0 0 0 0 0 0)              87.605
15028      (1 0 4 5 1 2 0)              87.602
15029      (1 0 1 2 1 2 1)              87.600
15030      (1 0 0 0 0 0 0)              87.596
15031      (1 0 1 5 1 1 1)              87.592
15032      (1 0 0 3 0 0 0)              87.589
15033      (1 0 1 0 0 0 0)              87.586
15034      (1 0 2 0 2 1 2)              87.583
15035      (1 0 2 6 1 1 1)              87.582
15036      (1 0 2 5 0 2 0)              87.580
15037      (1 0 2 6 1 2 1)              87.579
15038      (1 0 1 5 1 1 1)              87.575
15039      (1 0 4 6 1 2 1)              87.575
15040      (1 0 1 5 1 2 1)              87.572
15041      (1 0 4 6 1 2 1)              87.572
15042      (1 0 0 0 1 2 1)              87.571
15043      (1 0 4 0 2 2 1)              87.567
15044      (1 0 2 3 1 0 1)              87.565
15045      (1 0 4 6 1 2 1)              87.564
15046      (1 0 2 3 1 0 1)              87.562
15047      (1 0 2 3 1 2 1)              87.561
15048      (1 0 2 3 1 0 1)              87.559
15049      (1 0 0 0 1 0 1)              87.557
15050      (1 0 2 3 1 0 1)              87.555
15051      (1 0 2 5 1 0 1)              87.553
15052      (1 0 2 3 1 2 1)              87.551
15053      (1 0 4 6 1 2 1)              87.549
15054      (1 0 2 2 1 0 1)              87.547
15055      (1 0 0 0 1 2 1)              87.546
15056      (1 0 2 3 1 1 1)              87.545
15057      (1 0 4 3 0 1 0)              87.542
15058      (1 0 2 6 1 2 1)              87.541
15059      (1 0 2 3 0 0 0)              87.540
15060      (1 0 2 3 1 1 1)              87.538
15061      (1 0 1 3 1 0 1)              87.535
15062      (1 0 1 3 1 0 1)              87.532
15063      (1 0 2 3 2 1 2)              87.528
15064      (1 0 4 0 0 0 0)              87.525
15065      (1 0 0 3 1 1 1)              87.524
15066      (1 0 3 0 0 2 1)              87.521
15067      (1 0 2 6 1 2 1)              87.519
15068      (1 0 2 3 2 2 1)              87.517
15069      (1 0 1 5 1 1 1)              87.513
15070      (1 0 2 6 1 1 1)              87.513
15071      (1 0 3 3 1 1 1)              87.511
15072      (1 0 0 0 1 0 1)              87.510
15073      (1 0 2 6 1 1 1)              87.510
15074      (1 0 2 3 1 1 1)              87.507
15075      (1 0 2 3 2 2 2)              87.506
15076      (1 0 0 5 1 0 0)              87.505
15077      (1 0 2 2 1 0 1)              87.503
15078      (1 0 2 3 1 2 1)              87.502
15079      (1 0 2 6 1 2 1)              87.500
15080      (1 0 2 3 1 0 1)              87.498
15081      (1 0 2 3 1 0 1)              87.496
15082      (1 0 3 2 2 2 1)              87.492
15083      (1 0 2 3 1 1 1)              87.489
15084      (1 0 2 3 1 0 1)              87.487
15085      (1 0 2 3 1 2 1)              87.486
15086      (1 0 2 0 2 1 2)              87.483
15087      (1 0 1 5 1 1 1)              87.480
15088      (1 0 0 4 0 0 0)              87.480
15089      (1 0 1 0 1 0 1)              87.479
15090      (1 0 2 2 1 1 1)              87.478
15091      (1 0 2 6 1 1 1)              87.477
15092      (1 0 1 0 1 1 1)              87.474
15093      (1 0 4 6 1 2 1)              87.473
15094      (1 0 2 3 2 1 2)              87.470
15095      (1 0 0 0 1 2 0)              87.468
15096      (1 0 2 4 0 0 0)              87.466
15097      (1 0 2 3 1 2 1)              87.465
15098      (1 0 1 5 1 1 1)              87.464
15099      (1 0 1 5 2 2 2)              87.463
15100      (1 0 4 2 1 2 1)              87.461
15101      (1 0 1 5 1 1 1)              87.457
15102      (1 0 0 0 0 0 0)              87.455
15103      (1 0 0 0 1 2 0)              87.454
15104      (1 0 4 4 0 2 0)              87.452
15105      (1 0 2 3 0 0 0)              87.448
15106      (1 0 2 6 1 2 1)              87.446
15107      (1 0 2 5 1 0 1)              87.444
15108      (1 0 1 5 1 1 1)              87.440
15109      (1 0 4 0 1 2 1)              87.437
15110      (1 0 1 1 2 1 2)              87.434
15111      (1 0 1 4 1 1 1)              87.431
15112      (1 0 2 6 1 2 1)              87.430
15113      (1 0 2 3 1 0 1)              87.428
15114      (1 0 4 4 0 2 0)              87.426
15115      (1 0 2 3 1 0 1)              87.424
15116      (1 0 4 4 0 2 0)              87.422
15117      (1 0 2 3 1 2 0)              87.420
15118      (1 0 1 5 1 1 1)              87.417
15119      (1 0 1 3 1 0 1)              87.415
15120      (1 0 4 2 1 2 1)              87.413
15121      (1 0 1 5 1 2 1)              87.409
15122      (1 0 1 5 1 1 1)              87.405
15123      (1 0 2 3 1 0 1)              87.403
15124      (1 0 2 3 1 1 1)              87.401
15125      (1 0 2 3 1 0 1)              87.399
15126      (1 0 4 0 2 2 1)              87.395
15127      (1 0 1 2 1 2 1)              87.393
15128      (1 0 2 3 1 1 1)              87.391
15129      (1 0 1 5 1 1 1)              87.387
15130      (1 0 2 3 1 0 1)              87.385
15131      (1 0 4 2 0 0 0)              87.381
15132      (1 0 0 0 2 2 2)              87.378
15133      (1 0 2 3 1 2 1)              87.379
15134      (1 0 2 3 2 1 2)              87.378
15135      (1 0 4 2 0 0 0)              87.374
15136      (1 0 1 5 1 1 1)              87.370
15137      (1 0 0 0 0 0 0)              87.367
15138      (1 0 4 2 1 2 1)              87.365
15139      (1 0 0 3 0 0 0)              87.362
15140      (1 0 2 3 1 0 1)              87.360
15141      (1 0 1 5 1 1 1)              87.359
15142      (1 0 4 3 1 0 1)              87.356
15143      (1 0 1 6 0 0 0)              87.355
15144      (1 0 2 3 1 2 1)              87.354
15145      (1 0 2 3 1 2 1)              87.353
15146      (1 0 2 3 1 1 1)              87.351
15147      (1 0 1 5 1 1 1)              87.347
15148      (1 0 2 3 1 2 1)              87.347
15149      (1 0 4 3 1 0 1)              87.344
15150      (1 0 1 5 1 2 1)              87.341
15151      (1 0 2 3 1 1 1)              87.339
15152      (1 0 2 3 1 0 1)              87.337
15153      (1 0 2 3 1 0 1)              87.335
15154      (1 0 2 6 1 1 1)              87.333
15155      (1 0 2 3 1 1 1)              87.331
15156      (1 0 4 1 0 2 1)              87.328
15157      (1 0 2 3 1 2 1)              87.327
15158      (1 0 0 0 0 0 0)              87.323
15159      (1 0 2 3 2 1 2)              87.319
15160      (0 0 4 6 1 2 0)              87.316
15161      (1 0 2 3 2 1 2)              87.316
15162      (1 0 2 3 1 1 1)              87.314
15163      (1 0 3 2 1 2 1)              87.312
15164      (1 0 4 2 1 1 1)              87.309
15165      (1 0 2 3 1 0 1)              87.308
15166      (1 0 2 3 1 0 1)              87.306
15167      (1 0 0 3 1 1 1)              87.305
15168      (1 0 1 5 1 2 1)              87.303
15169      (1 0 2 3 1 2 1)              87.302
15170      (1 0 1 5 1 1 1)              87.298
15171      (1 0 4 3 1 2 0)              87.298
15172      (1 0 2 3 1 1 1)              87.295
15173      (1 0 2 3 1 0 1)              87.293
15174      (1 0 1 4 2 1 1)              87.291
15175      (1 0 1 5 1 1 1)              87.288
15176      (1 0 1 0 1 1 1)              87.285
15177      (1 0 2 5 2 1 1)              87.283
15178      (1 0 2 3 1 2 1)              87.283
15179      (1 0 2 3 1 1 1)              87.281
15180      (1 0 2 5 1 0 1)              87.279
15181      (1 0 2 3 1 0 1)              87.277
15182      (1 0 2 3 1 2 1)              87.275
15183      (1 0 4 2 1 2 1)              87.273
15184      (1 0 2 2 1 0 1)              87.272
15185      (1 0 4 2 2 2 1)              87.270
15186      (1 0 2 3 1 0 1)              87.268
15187      (1 0 1 0 1 1 1)              87.266
15188      (1 0 0 5 1 0 0)              87.265
15189      (1 0 2 3 1 2 1)              87.263
15190      (1 0 2 3 1 2 1)              87.263
15191      (1 0 1 5 1 1 1)              87.262
15192      (1 0 2 3 1 2 1)              87.260
15193      (1 0 1 5 1 1 1)              87.256
15194      (1 0 2 6 1 1 1)              87.256
15195      (1 0 2 6 1 2 1)              87.254
15196      (1 0 2 3 1 1 1)              87.252
15197      (1 0 2 3 0 0 0)              87.253
15198      (1 0 2 3 1 2 1)              87.252
15199      (1 0 2 3 1 0 1)              87.253
15200      (1 0 2 3 1 2 1)              87.252
15201      (1 0 1 5 1 2 1)              87.251
15202      (1 0 2 3 1 1 1)              87.249
15203      (1 0 2 4 0 0 0)              87.247
15204      (1 0 0 3 1 1 0)              87.245
15205      (1 0 2 3 1 2 1)              87.246
15206      (1 0 2 3 1 0 1)              87.244
15207      (1 0 1 3 1 0 1)              87.243
15208      (1 0 2 5 2 1 1)              87.241
15209      (1 0 2 3 1 1 1)              87.239
15210      (1 0 2 3 2 1 2)              87.239
15211      (1 0 4 0 1 1 0)              87.238
15212      (1 0 2 3 2 2 2)              87.237
15213      (1 0 4 6 1 2 1)              87.236
15214      (1 0 2 3 1 2 1)              87.235
15215      (1 0 4 2 1 2 1)              87.233
15216      (1 0 2 6 0 0 1)              87.231
15217      (1 1 0 6 0 2 0)              87.228
15218      (1 0 2 3 1 1 1)              87.226
15219      (1 0 2 3 0 2 0)              87.223
15220      (1 0 2 6 1 2 1)              87.220
15221      (1 0 2 6 1 2 1)              87.218
15222      (1 0 0 3 1 1 1)              87.217
15223      (1 0 1 0 1 1 1)              87.214
15224      (1 0 4 4 0 2 0)              87.213
15225      (1 0 2 6 1 1 1)              87.213
15226      (1 0 0 5 1 1 1)              87.212
15227      (1 0 4 2 1 2 1)              87.210
15228      (1 0 2 3 1 2 1)              87.209
15229      (1 0 3 1 1 2 1)              87.208
15230      (1 0 2 3 1 1 1)              87.206
15231      (1 0 1 5 1 1 1)              87.202
15232      (1 0 2 3 1 1 1)              87.200
15233      (1 0 4 2 1 2 1)              87.198
15234      (1 0 0 0 1 1 1)              87.196
15235      (1 0 2 3 2 1 2)              87.195
15236      (1 0 2 3 1 0 1)              87.193
15237      (1 0 0 0 1 0 1)              87.193
15238      (1 0 2 6 1 2 1)              87.191
15239      (1 0 2 3 1 0 1)              87.189
15240      (1 0 2 3 2 1 2)              87.189
15241      (1 0 2 5 1 1 1)              87.188
15242      (1 0 4 2 1 2 1)              87.186
15243      (1 0 2 3 0 0 0)              87.187
15244      (1 0 2 3 2 2 2)              87.186
15245      (1 0 1 3 0 1 0)              87.182
15246      (1 0 2 3 2 2 2)              87.181
15247      (1 0 2 3 1 1 1)              87.179
15248      (1 0 2 6 1 1 1)              87.177
15249      (1 0 1 5 1 1 1)              87.173
15250      (1 0 2 6 1 1 0)              87.172
15251      (1 0 2 6 1 2 1)              87.170
15252      (1 0 0 0 0 0 0)              87.167
15253      (1 0 2 3 1 0 1)              87.165
15254      (1 0 2 3 2 1 2)              87.161
15255      (1 0 2 3 2 2 2)              87.160
15256      (1 0 0 0 0 0 0)              87.159
15257      (1 0 2 3 0 0 0)              87.155
15258      (1 0 0 0 1 0 1)              87.154
15259      (1 0 2 6 1 2 1)              87.152
15260      (1 0 3 2 1 1 1)              87.149
15261      (1 0 2 3 2 2 2)              87.148
15262      (1 0 2 3 1 2 1)              87.147
15263      (1 0 2 6 1 1 1)              87.146
15264      (1 0 2 2 0 0 0)              87.144
15265      (1 0 4 3 1 2 0)              87.144
15266      (1 0 3 2 1 2 1)              87.142
15267      (1 0 2 6 1 2 1)              87.141
15268      (1 0 0 0 1 1 1)              87.139
15269      (1 0 0 0 1 1 1)              87.138
15270      (1 0 2 5 1 0 1)              87.136
15271      (1 0 0 0 1 0 1)              87.134
15272      (1 0 2 5 1 2 1)              87.134
15273      (1 0 2 6 1 2 1)              87.133
15274      (1 0 2 3 0 2 0)              87.130
15275      (1 0 4 0 1 2 1)              87.127
15276      (1 0 2 3 0 0 0)              87.123
15277      (1 0 2 3 1 0 1)              87.121
15278      (1 0 2 3 2 1 2)              87.118
15279      (1 0 2 3 1 0 1)              87.117
15280      (1 0 0 3 2 1 1)              87.115
15281      (1 0 4 2 2 2 1)              87.114
15282      (1 0 4 5 1 2 0)              87.111
15283      (1 0 1 5 1 1 1)              87.107
15284      (1 0 2 6 1 2 1)              87.105
15285      (1 0 3 2 1 2 0)              87.102
15286      (1 0 3 3 1 0 1)              87.100
15287      (1 0 2 3 2 1 2)              87.099
15288      (1 0 0 0 1 2 1)              87.098
15289      (1 0 0 3 1 1 1)              87.097
15290      (1 0 2 3 0 0 0)              87.098
15291      (1 0 3 2 1 1 1)              87.095
15292      (1 0 1 2 0 0 0)              87.091
15293      (1 0 0 0 0 2 0)              87.088
15294      (1 0 4 3 1 1 1)              87.085
15295      (1 0 2 4 1 0 1)              87.083
15296      (1 0 2 3 1 1 1)              87.081
15297      (1 0 2 3 2 1 2)              87.080
15298      (1 0 4 3 1 2 1)              87.077
15299      (1 0 3 1 1 1 1)              87.075
15300      (1 0 2 6 1 1 1)              87.075
15301      (1 0 2 3 1 2 1)              87.074
15302      (1 0 1 5 1 1 1)              87.071
15303      (1 0 4 2 1 2 1)              87.070
15304      (1 0 2 3 1 2 1)              87.069
15305      (1 0 2 3 1 1 1)              87.066
15306      (1 0 2 6 1 1 1)              87.064
15307      (1 0 2 3 0 2 0)              87.061
15308      (1 0 2 3 2 2 1)              87.059
15309      (1 0 2 6 1 2 1)              87.057
15310      (1 0 2 6 1 2 1)              87.055
15311      (1 0 4 5 1 2 0)              87.052
15312      (1 0 1 0 1 1 1)              87.049
15313      (1 0 1 5 1 2 1)              87.046
15314      (1 0 1 5 1 1 1)              87.045
15315      (1 0 3 2 1 2 1)              87.043
15316      (1 0 2 3 0 0 0)              87.042
15317      (1 0 2 3 1 0 1)              87.040
15318      (1 0 2 3 0 2 0)              87.037
15319      (1 0 4 6 0 1 0)              87.034
15320      (1 0 2 4 0 0 0)              87.033
15321      (1 0 2 4 1 1 1)              87.030
15322      (1 0 2 3 2 1 2)              87.026
15323      (1 0 3 2 1 2 1)              87.024
15324      (1 0 2 6 1 2 0)              87.023
15325      (1 0 2 2 1 2 0)              87.022
15326      (1 0 2 3 1 0 1)              87.021
15327      (1 0 1 1 1 0 1)              87.020
15328      (1 0 2 6 1 2 1)              87.018
15329      (1 0 3 2 1 2 1)              87.016
15330      (1 0 2 3 2 1 2)              87.015
15331      (1 0 1 5 1 1 1)              87.011
15332      (1 0 4 2 1 2 1)              87.009
15333      (1 0 2 6 1 2 1)              87.007
15334      (1 0 2 3 0 1 0)              87.003
15335      (1 0 4 5 1 2 0)              87.000
15336      (1 0 1 5 1 2 1)              86.998
15337      (1 0 1 5 1 1 1)              86.994
15338      (1 0 2 3 1 1 1)              86.992
15339      (1 0 0 0 1 2 0)              86.991
15340      (1 0 2 3 0 0 0)              86.987
15341      (1 0 3 2 1 1 1)              86.984
15342      (1 0 1 5 1 1 1)              86.981
15343      (1 0 2 3 1 2 1)              86.980
15344      (1 0 0 0 1 1 1)              86.978
15345      (1 0 2 3 1 1 1)              86.976
15346      (1 0 0 3 1 1 1)              86.975
15347      (1 0 1 0 1 1 1)              86.972
15348      (1 0 2 6 1 2 1)              86.970
15349      (1 0 3 2 1 2 1)              86.968
15350      (1 0 2 3 1 0 1)              86.967
15351      (1 0 2 3 1 1 1)              86.966
15352      (1 0 2 3 1 1 1)              86.964
15353      (1 0 2 6 1 2 1)              86.962
15354      (1 0 1 3 1 1 1)              86.959
15355      (1 0 2 3 1 0 1)              86.957
15356      (1 0 1 5 1 1 1)              86.953
15357      (1 0 2 6 1 1 1)              86.951
15358      (1 0 2 5 1 0 1)              86.949
15359      (1 0 2 3 1 2 1)              86.948
15360      (1 0 2 3 1 0 1)              86.946
15361      (1 0 3 3 1 1 1)              86.944
15362      (1 0 1 5 1 1 1)              86.940
15363      (1 0 2 6 1 1 1)              86.938
15364      (1 0 4 2 0 0 0)              86.934
15365      (1 0 4 3 0 2 0)              86.932
15366      (1 0 3 2 1 1 1)              86.929
15367      (1 0 0 3 1 1 1)              86.928
15368      (1 0 2 6 1 2 1)              86.925
15369      (1 0 2 3 1 0 1)              86.923
15370      (1 0 0 1 1 1 1)              86.921
15371      (1 0 1 0 1 1 1)              86.918
15372      (1 0 2 3 1 0 1)              86.916
15373      (1 0 2 3 1 0 1)              86.914
15374      (1 0 0 0 1 0 1)              86.912
15375      (1 0 2 3 1 2 1)              86.911
15376      (1 0 1 5 1 2 1)              86.908
15377      (1 0 0 0 1 2 1)              86.907
15378      (1 0 2 3 1 2 1)              86.906
15379      (1 0 2 6 1 1 1)              86.903
15380      (1 0 1 0 1 1 1)              86.900
15381      (1 0 4 2 2 1 2)              86.899
15382      (1 0 2 3 2 2 1)              86.897
15383      (1 0 2 6 1 1 0)              86.895
15384      (1 0 2 3 2 1 2)              86.891
15385      (1 0 2 3 2 0 2)              86.888
15386      (1 0 2 3 1 2 0)              86.886
15387      (1 0 2 3 1 0 2)              86.886
15388      (1 0 4 3 1 0 1)              86.883
15389      (1 0 2 3 1 1 1)              86.882
15390      (1 0 4 3 2 1 1)              86.881
15391      (1 0 0 0 1 0 1)              86.879
15392      (1 0 2 3 1 2 1)              86.878
15393      (1 0 2 3 1 0 1)              86.877
15394      (1 0 2 2 2 2 1)              86.875
15395      (1 0 4 3 1 0 1)              86.872
15396      (1 0 3 2 1 2 1)              86.870
15397      (1 0 4 2 0 0 0)              86.866
15398      (1 0 0 5 1 0 0)              86.865
15399      (1 0 2 5 1 0 1)              86.863
15400      (1 0 2 3 1 2 1)              86.862
15401      (1 0 4 6 1 2 1)              86.862
15402      (1 0 0 3 1 1 0)              86.860
15403      (1 0 2 3 1 0 1)              86.859
15404      (1 0 2 3 1 1 1)              86.857
15405      (1 0 3 3 1 1 1)              86.855
15406      (1 0 2 5 1 2 1)              86.855
15407      (1 0 2 3 1 1 1)              86.852
15408      (1 0 2 3 2 1 2)              86.852
15409      (1 0 2 3 2 2 2)              86.851
15410      (1 0 0 0 1 0 1)              86.850
15411      (1 0 0 0 1 2 0)              86.849
15412      (1 0 2 3 1 0 1)              86.847
15413      (1 0 2 3 1 2 1)              86.845
15414      (1 0 0 0 0 0 0)              86.842
15415      (1 0 2 0 2 1 2)              86.839
15416      (1 0 4 4 2 1 1)              86.838
15417      (1 0 0 0 1 2 0)              86.837
15418      (1 0 2 3 1 1 1)              86.835
15419      (1 0 2 3 1 2 1)              86.833
15420      (1 0 2 3 1 0 1)              86.832
15421      (1 0 1 3 1 0 1)              86.830
15422      (1 0 1 5 1 1 1)              86.826
15423      (1 0 2 3 1 2 1)              86.824
15424      (1 0 3 1 1 1 1)              86.822
15425      (1 0 0 0 1 2 0)              86.821
15426      (1 0 1 0 1 0 1)              86.820
15427      (1 0 3 2 1 1 1)              86.817
15428      (1 0 4 2 1 2 1)              86.815
15429      (1 0 2 3 1 2 1)              86.815
15430      (1 0 2 3 1 1 1)              86.813
15431      (1 0 2 3 1 1 1)              86.812
15432      (1 0 2 3 1 2 1)              86.811
15433      (1 0 2 3 1 1 1)              86.810
15434      (1 0 2 3 0 2 0)              86.808
15435      (1 0 3 1 1 1 1)              86.806
15436      (1 0 2 3 2 0 2)              86.803
15437      (1 0 2 3 1 0 1)              86.802
15438      (1 0 2 6 1 2 1)              86.800
15439      (1 0 2 3 2 2 2)              86.799
15440      (1 0 0 0 2 2 1)              86.798
15441      (1 0 2 3 1 2 1)              86.797
15442      (1 0 2 3 2 1 2)              86.797
15443      (1 0 2 3 0 2 0)              86.794
15444      (1 0 2 5 1 2 1)              86.794
15445      (1 0 2 3 2 0 2)              86.794
15446      (1 0 4 6 1 2 1)              86.793
15447      (1 0 1 5 1 1 1)              86.789
15448      (1 0 1 5 1 2 1)              86.786
15449      (1 0 0 0 1 2 0)              86.785
15450      (1 0 4 4 0 2 0)              86.784
15451      (1 0 2 3 2 0 2)              86.784
15452      (1 0 2 3 1 2 1)              86.783
15453      (1 0 2 6 1 1 1)              86.783
15454      (1 0 2 3 1 0 1)              86.781
15455      (1 0 1 5 1 2 1)              86.779
15456      (1 0 4 3 1 1 1)              86.776
15457      (1 0 2 0 2 1 2)              86.774
15458      (1 0 0 0 0 0 0)              86.770
15459      (1 0 4 2 1 2 1)              86.768
15460      (1 0 1 5 1 2 1)              86.764
15461      (1 0 1 5 1 1 1)              86.760
15462      (1 0 0 0 1 1 1)              86.758
15463      (1 0 2 3 0 0 0)              86.755
15464      (1 0 4 5 1 2 0)              86.752
15465      (1 0 4 2 1 2 1)              86.750
15466      (1 0 2 3 2 1 2)              86.749
15467      (1 0 4 2 0 0 0)              86.745
15468      (1 0 2 3 1 2 1)              86.743
15469      (1 0 2 6 1 2 1)              86.741
15470      (1 0 2 3 1 0 1)              86.739
15471      (1 0 3 3 1 0 1)              86.737
15472      (1 0 2 6 1 0 1)              86.737
15473      (1 0 2 3 1 1 1)              86.735
15474      (1 0 2 3 2 1 2)              86.732
15475      (1 0 2 3 2 1 2)              86.728
15476      (1 0 2 6 1 2 1)              86.726
15477      (1 0 2 3 1 1 1)              86.724
15478      (1 0 1 5 1 1 1)              86.723
15479      (1 0 0 5 1 1 1)              86.722
15480      (1 0 2 6 1 2 1)              86.720
15481      (1 0 4 0 2 2 1)              86.716
15482      (1 0 2 3 1 2 1)              86.715
15483      (1 0 0 0 1 2 0)              86.714
15484      (1 0 2 3 2 1 2)              86.711
15485      (1 0 0 3 1 1 1)              86.710
15486      (1 0 2 3 1 0 1)              86.709
15487      (1 0 1 5 1 1 1)              86.705
15488      (1 0 2 0 2 1 2)              86.702
15489      (1 0 3 2 2 2 1)              86.700
15490      (1 0 2 3 1 0 1)              86.698
15491      (1 0 2 3 1 1 1)              86.697
15492      (1 0 2 3 1 1 1)              86.695
15493      (1 0 2 3 0 2 0)              86.692
15494      (1 0 2 3 1 0 1)              86.691
15495      (1 0 2 4 1 1 1)              86.688
15496      (1 0 2 3 1 0 1)              86.687
15497      (1 0 4 2 1 2 1)              86.685
15498      (1 0 2 3 1 0 1)              86.683
15499      (1 0 4 0 1 2 1)              86.680
15500      (1 0 2 3 2 2 2)              86.679
15501      (1 0 0 1 1 1 1)              86.677
15502      (1 0 4 2 1 2 1)              86.675
15503      (1 0 1 5 1 1 1)              86.672
15504      (1 0 2 3 1 2 0)              86.670
15505      (1 0 1 0 1 1 1)              86.667
15506      (1 0 2 3 1 2 1)              86.666
15507      (1 0 2 3 1 0 2)              86.663
15508      (1 0 2 3 2 2 2)              86.662
15509      (1 0 4 4 0 2 0)              86.660
15510      (1 0 2 3 1 1 1)              86.658
15511      (1 0 2 6 1 2 1)              86.656
15512      (1 0 0 0 1 2 1)              86.655
15513      (1 0 0 3 0 0 0)              86.653
15514      (1 0 2 3 2 1 2)              86.652
15515      (1 0 2 3 1 2 1)              86.650
15516      (1 0 2 3 1 0 1)              86.648
15517      (1 0 2 3 1 1 1)              86.645
15518      (1 0 2 6 1 2 1)              86.643
15519      (1 0 2 6 1 1 1)              86.643
15520      (1 1 0 6 0 2 0)              86.640
15521      (1 0 0 0 1 2 0)              86.639
15522      (1 0 4 4 0 2 0)              86.637
15523      (1 0 0 5 1 1 1)              86.635
15524      (1 0 2 3 1 2 1)              86.634
15525      (1 0 2 3 1 1 1)              86.632
15526      (1 0 0 3 0 0 0)              86.630
15527      (1 0 0 5 0 2 0)              86.628
15528      (1 0 0 0 0 0 0)              86.625
15529      (1 0 4 6 1 2 1)              86.624
15530      (1 0 4 2 2 2 1)              86.623
15531      (1 0 4 3 1 0 1)              86.620
15532      (1 0 3 2 1 2 1)              86.618
15533      (1 0 2 3 1 1 1)              86.615
15534      (1 0 2 2 1 0 1)              86.614
15535      (1 0 2 3 1 0 1)              86.612
15536      (1 0 0 0 1 2 0)              86.611
15537      (1 0 1 5 1 1 1)              86.610
15538      (1 0 4 2 1 2 1)              86.608
15539      (1 0 2 3 1 0 1)              86.606
15540      (1 0 4 4 0 2 0)              86.605
15541      (1 0 4 1 2 1 2)              86.602
15542      (1 0 2 3 0 2 0)              86.600
15543      (1 0 4 3 1 0 1)              86.597
15544      (1 0 2 3 1 2 1)              86.596
15545      (1 0 2 3 2 2 2)              86.595
15546      (1 0 4 3 1 2 1)              86.595
15547      (1 0 4 2 1 2 1)              86.593
15548      (1 0 3 2 1 2 1)              86.592
15549      (1 0 2 6 1 2 1)              86.590
15550      (1 0 1 5 1 1 1)              86.586
15551      (1 0 2 3 1 0 1)              86.587
15552      (1 0 2 6 1 2 1)              86.584
15553      (1 0 1 3 0 1 0)              86.580
15554      (1 0 4 2 1 2 1)              86.578
15555      (1 0 2 3 1 0 1)              86.579
15556      (1 0 4 6 1 2 1)              86.579
15557      (1 0 4 6 1 2 1)              86.578
15558      (1 0 2 3 1 0 1)              86.576
15559      (1 0 4 4 2 1 2)              86.573
15560      (1 0 1 1 2 1 2)              86.569
15561      (1 0 4 2 1 2 1)              86.567
15562      (1 0 2 3 1 2 1)              86.566
15563      (1 0 2 6 1 2 1)              86.564
15564      (1 0 2 3 1 2 1)              86.563
15565      (1 0 1 5 1 1 1)              86.559
15566      (1 0 1 3 1 1 1)              86.557
15567      (1 0 4 0 2 2 1)              86.553
15568      (1 0 2 3 1 1 1)              86.551
15569      (1 0 2 3 2 2 2)              86.550
15570      (1 0 2 3 1 0 1)              86.548
15571      (1 0 1 5 1 1 1)              86.544
15572      (1 0 2 3 1 1 1)              86.542
15573      (1 0 4 6 1 1 1)              86.541
15574      (1 0 2 6 1 2 1)              86.540
15575      (1 0 2 3 2 1 2)              86.539
15576      (1 0 2 3 1 2 1)              86.537
15577      (1 0 1 0 1 1 1)              86.534
15578      (1 0 1 5 1 1 1)              86.530
15579      (1 0 2 3 1 0 1)              86.528
15580      (1 0 2 3 1 2 1)              86.527
15581      (1 0 0 0 1 0 1)              86.525
15582      (1 0 2 6 1 2 1)              86.524
15583      (1 0 4 2 0 0 0)              86.520
15584      (1 0 4 2 1 2 1)              86.518
15585      (1 0 1 5 1 2 1)              86.514
15586      (1 0 1 2 2 2 1)              86.512
15587      (1 0 2 6 1 2 1)              86.509
15588      (1 0 4 3 1 1 1)              86.507
15589      (1 0 1 5 1 2 1)              86.503
15590      (1 0 2 3 1 2 1)              86.502
15591      (1 0 0 0 2 2 1)              86.501
15592      (1 0 4 2 2 1 2)              86.500
15593      (1 0 2 5 1 0 1)              86.498
15594      (1 0 2 3 1 2 1)              86.497
15595      (1 0 2 3 1 0 1)              86.495
15596      (1 0 0 3 1 1 1)              86.494
15597      (1 0 2 3 1 2 1)              86.493
15598      (1 0 4 2 1 2 1)              86.491
15599      (1 0 1 5 1 1 1)              86.488
15600      (1 0 2 6 1 2 1)              86.486
15601      (1 0 2 6 1 1 1)              86.484
15602      (1 0 4 6 1 2 1)              86.484
15603      (1 0 1 3 1 0 1)              86.482
15604      (1 0 2 3 1 2 1)              86.481
15605      (1 0 3 0 2 2 1)              86.477
15606      (1 0 2 5 1 0 1)              86.475
15607      (1 0 1 6 2 2 1)              86.474
15608      (1 0 2 6 1 1 1)              86.474
15609      (1 0 2 6 1 2 1)              86.473
15610      (1 0 2 3 1 2 1)              86.472
15611      (1 0 2 3 1 2 1)              86.471
15612      (1 0 4 3 1 1 1)              86.470
15613      (1 0 0 3 1 1 1)              86.469
15614      (1 0 2 3 1 0 1)              86.467
15615      (1 0 2 3 1 1 1)              86.465
15616      (1 0 1 0 0 2 0)              86.462
15617      (1 0 2 3 2 1 2)              86.458
15618      (1 0 3 2 1 2 1)              86.457
15620      (1 0 4 0 1 2 1)              86.454
15621      (1 0 1 5 1 1 1)              86.450
15622      (1 0 2 3 1 1 1)              86.449
15623      (1 0 4 4 2 1 1)              86.448
15624      (1 0 4 6 1 1 1)              86.447
15625      (1 0 4 4 0 2 0)              86.446
15626      (0 0 3 6 0 0 0)              86.442
15627      (1 0 3 2 2 2 1)              86.441
15628      (1 0 2 3 1 0 1)              86.439
15629      (1 0 4 2 1 2 1)              86.437
15630      (1 0 2 3 1 2 1)              86.436
15631      (1 0 1 5 1 1 1)              86.432
15632      (1 0 2 3 2 1 2)              86.428
15633      (1 0 4 2 1 2 1)              86.427
15634      (1 0 0 0 1 2 0)              86.426
15635      (1 0 2 6 1 2 1)              86.423
15636      (1 0 2 3 1 1 1)              86.421
15637      (1 0 2 6 1 2 1)              86.419
15638      (1 0 1 3 1 1 1)              86.416
15639      (1 0 4 3 1 1 1)              86.414
15640      (1 0 3 2 1 1 1)              86.411
15641      (1 0 0 0 0 2 1)              86.411
15642      (1 0 3 1 1 1 1)              86.409
15643      (1 0 0 0 0 0 0)              86.405
15644      (1 0 2 5 2 1 1)              86.403
15645      (1 0 1 3 1 0 1)              86.401
15646      (1 0 3 2 1 2 1)              86.399
15647      (1 0 4 4 0 2 0)              86.398
15648      (1 0 2 2 2 2 1)              86.396
15649      (1 0 1 0 1 1 1)              86.393
15650      (1 0 0 0 1 2 1)              86.392
15651      (1 0 1 5 1 2 1)              86.390
15652      (1 0 4 2 1 2 1)              86.388
15653      (1 0 4 0 1 1 0)              86.387
15654      (1 0 2 4 1 1 1)              86.385
15655      (1 0 4 4 0 2 0)              86.383
15656      (1 0 4 4 0 2 0)              86.381
15657      (1 0 2 3 1 0 2)              86.378
15658      (1 0 2 3 1 0 1)              86.376
15659      (1 0 1 5 1 1 1)              86.372
15660      (1 0 2 3 1 2 1)              86.371
15661      (1 0 2 3 1 1 1)              86.370
15662      (1 0 4 2 0 0 0)              86.366
15663      (1 0 4 2 2 2 1)              86.365
15664      (1 0 2 3 1 0 1)              86.364
15665      (1 0 2 3 0 0 0)              86.365
15666      (1 0 2 3 1 2 1)              86.364
15667      (1 0 4 3 0 2 0)              86.362
15668      (1 0 2 3 1 2 1)              86.361
15669      (1 0 2 6 1 2 1)              86.360
15670      (1 0 2 2 1 0 1)              86.358
15671      (1 0 1 5 1 1 1)              86.357
15672      (1 0 2 3 1 0 1)              86.355
15673      (1 0 1 5 1 1 1)              86.352
15674      (1 0 2 3 1 1 1)              86.350
15675      (1 0 4 6 1 0 1)              86.350
15676      (1 0 2 3 1 1 1)              86.347
15677      (1 0 2 3 1 0 1)              86.345
15678      (1 0 2 6 1 2 1)              86.343
15679      (1 0 1 5 1 1 1)              86.340
15680      (1 0 4 2 1 2 1)              86.338
15681      (1 0 2 2 1 0 1)              86.336
15682      (1 0 2 3 1 0 1)              86.334
15683      (1 0 1 5 1 1 1)              86.330
15684      (1 0 2 3 0 0 0)              86.329
15685      (1 0 4 2 1 2 1)              86.328
15686      (1 0 0 0 1 2 0)              86.327
15687      (1 0 2 3 1 2 1)              86.327
15688      (1 0 2 6 1 2 1)              86.326
15689      (1 0 2 6 1 2 1)              86.324
15690      (1 0 2 3 1 0 1)              86.322
15691      (1 0 2 3 1 2 1)              86.321
15692      (1 0 2 3 1 0 1)              86.319
15693      (1 0 4 3 1 1 1)              86.316
15694      (1 0 0 0 1 2 1)              86.315
15695      (1 0 2 3 2 0 2)              86.313
15696      (1 0 2 6 1 2 1)              86.311
15697      (1 0 1 5 1 2 1)              86.308
15698      (1 0 0 0 0 2 0)              86.305
15699      (1 0 4 6 0 0 1)              86.304
15700      (1 0 2 3 2 1 2)              86.303
15701      (1 0 0 0 1 2 0)              86.302
15702      (1 0 2 4 1 1 1)              86.299
15703      (1 0 1 5 1 1 1)              86.296
15704      (1 0 2 6 1 2 1)              86.294
15705      (1 0 4 4 0 2 0)              86.293
15706      (1 0 2 3 1 0 1)              86.291
15707      (1 0 2 3 1 1 1)              86.289
15708      (1 0 1 5 1 2 1)              86.287
15709      (1 0 2 3 0 2 0)              86.284
15710      (1 0 2 3 1 0 1)              86.282
15711      (1 0 2 3 1 2 1)              86.281
15712      (1 0 0 3 0 0 0)              86.278
15713      (1 0 2 3 1 2 1)              86.277
15714      (1 0 2 3 1 0 1)              86.274
15715      (1 0 2 3 1 2 1)              86.274
15716      (1 0 2 3 1 0 1)              86.272
15717      (1 0 2 6 1 1 0)              86.270
15718      (1 0 2 6 1 2 1)              86.268
15719      (1 0 2 3 2 2 1)              86.266
15720      (1 0 2 6 1 2 1)              86.264
15721      (1 0 1 5 1 1 1)              86.261
15722      (1 0 0 0 1 2 0)              86.260
15723      (1 0 0 3 0 0 0)              86.259
15724      (1 0 4 2 0 0 0)              86.255
15725      (1 0 2 3 1 1 1)              86.253
15726      (1 0 1 5 1 1 1)              86.250
15727      (1 0 2 6 1 2 1)              86.248
15728      (1 0 4 4 0 2 0)              86.246
15729      (1 0 1 5 1 1 1)              86.245
15730      (1 0 2 3 1 2 1)              86.244
15731      (1 0 4 2 1 2 1)              86.242
15732      (1 0 2 3 1 2 1)              86.241
15733      (1 0 1 3 1 0 1)              86.239
15734      (1 0 2 3 1 0 1)              86.237
15735      (1 0 1 5 1 1 1)              86.234
15736      (1 0 1 5 1 2 1)              86.232
15737      (1 0 1 5 1 1 1)              86.231
15738      (1 0 1 2 1 2 1)              86.229
15739      (1 0 2 3 1 0 1)              86.227
15740      (1 0 2 3 2 1 2)              86.227
15741      (1 0 2 3 1 1 1)              86.225
15742      (1 0 2 3 1 2 1)              86.224
15743      (1 0 3 1 1 0 0)              86.223
15744      (1 0 2 6 0 0 1)              86.221
15745      (1 0 4 2 1 1 1)              86.218
15746      (1 0 3 6 2 2 2)              86.215
15747      (1 0 4 0 2 2 1)              86.211
15748      (1 0 2 6 1 2 1)              86.210
15749      (1 0 1 2 0 0 0)              86.206
15750      (1 0 0 3 1 1 1)              86.203
15751      (1 0 4 0 2 2 1)              86.200
15752      (1 0 2 3 1 1 1)              86.198
15753      (1 0 1 3 0 1 0)              86.194
15754      (1 0 2 2 1 0 1)              86.193
15755      (1 0 2 3 1 2 1)              86.192
15756      (1 0 4 2 1 1 1)              86.192
15757      (1 0 2 3 2 1 2)              86.191
15758      (1 0 0 0 1 1 1)              86.189
15759      (1 0 2 3 1 1 1)              86.187
15760      (1 0 4 4 0 2 0)              86.187
15761      (1 0 3 1 1 2 1)              86.186
15762      (1 0 2 4 1 1 1)              86.183
15763      (1 0 2 5 2 2 1)              86.180
15764      (1 0 1 0 1 1 1)              86.177
15765      (1 0 2 4 0 0 1)              86.175
15766      (1 0 4 2 0 0 0)              86.171
15767      (1 0 2 6 1 2 1)              86.169
15768      (1 0 1 5 1 1 1)              86.165
15769      (1 0 2 6 1 1 1)              86.163
15770      (1 0 1 5 1 1 1)              86.162
15771      (1 0 1 5 1 2 1)              86.159
15772      (1 0 2 5 1 0 1)              86.157
15773      (1 0 2 4 1 0 1)              86.155
15774      (1 0 4 2 1 2 1)              86.153
15775      (1 0 2 3 1 1 1)              86.152
15776      (1 0 2 3 1 1 1)              86.149
15777      (1 0 4 3 1 1 1)              86.146
15778      (1 0 2 3 1 2 1)              86.145
15779      (1 0 2 3 0 2 0)              86.142
15780      (1 0 1 3 0 1 0)              86.139
15781      (1 0 4 2 2 1 2)              86.138
15782      (1 0 1 5 1 1 1)              86.134
15783      (1 0 4 4 2 1 2)              86.131
15784      (1 0 2 3 1 1 1)              86.130
15785      (1 0 1 5 1 1 1)              86.126
15786      (1 0 2 3 1 1 1)              86.124
15787      (1 0 2 3 1 2 1)              86.123
15788      (1 0 2 3 2 1 2)              86.120
15789      (1 0 1 5 1 2 1)              86.118
15790      (1 0 1 5 1 1 1)              86.114
15791      (1 0 2 5 0 2 0)              86.112
15792      (1 0 2 3 1 1 1)              86.110
15793      (1 0 3 6 2 1 2)              86.108
15794      (1 0 4 3 1 2 0)              86.108
15795      (1 0 2 2 1 0 1)              86.106
15796      (1 0 2 3 1 2 1)              86.104
15797      (1 0 2 3 2 1 2)              86.100
15798      (1 0 4 0 1 2 1)              86.098
15799      (1 0 2 3 1 1 1)              86.096
15800      (1 0 1 5 2 2 2)              86.095
15801      (1 0 2 3 1 0 1)              86.093
15802      (1 0 2 3 2 1 2)              86.093
15803      (1 0 2 2 1 2 0)              86.092
15804      (1 0 0 3 1 1 1)              86.091
15805      (1 0 2 3 1 2 1)              86.090
15806      (1 0 0 0 1 1 1)              86.089
15807      (1 0 1 3 1 0 1)              86.088
15808      (1 0 4 4 0 2 0)              86.086
15809      (1 0 1 0 2 1 1)              86.083
15810      (1 0 2 3 1 0 1)              86.081
15811      (1 0 2 3 1 1 1)              86.079
15812      (1 0 1 5 2 2 2)              86.077
15813      (1 0 1 5 1 1 1)              86.074
15814      (1 0 0 0 0 2 0)              86.074
15815      (1 0 1 5 1 1 1)              86.070
15816      (1 0 1 5 1 1 1)              86.066
15817      (1 0 4 3 1 1 1)              86.064
15818      (1 0 2 3 2 1 2)              86.060
15819      (1 0 1 5 1 2 1)              86.057
15820      (1 0 2 2 1 2 1)              86.056
15821      (1 0 4 2 1 2 1)              86.054
15822      (1 0 4 4 2 1 1)              86.054
15823      (1 0 0 0 1 0 1)              86.053
15824      (1 0 2 3 2 2 1)              86.051
15825      (1 0 0 5 1 0 0)              86.050
15826      (1 0 2 6 1 2 1)              86.048
15827      (1 0 4 6 1 1 1)              86.049
15828      (1 0 2 6 1 2 1)              86.047
15829      (1 0 4 2 1 2 1)              86.045
15830      (1 0 2 0 2 1 2)              86.042
15831      (1 0 2 3 1 2 1)              86.042
15832      (1 0 2 3 1 2 1)              86.041
15833      (1 0 2 5 2 1 1)              86.039
15834      (1 0 0 0 1 2 0)              86.038
15835      (1 0 1 0 1 0 1)              86.037
15836      (1 0 4 2 1 2 1)              86.035
15837      (1 0 0 0 1 2 0)              86.034
15838      (1 0 4 4 2 1 1)              86.033
15839      (1 0 4 2 1 2 1)              86.031
15840      (1 0 1 5 1 2 1)              86.028
15841      (1 0 2 6 1 2 1)              86.025
15842      (1 0 4 2 1 2 1)              86.023
15843      (1 0 2 3 1 0 2)              86.021
15844      (1 0 0 4 0 0 0)              86.021
15845      (1 0 2 3 1 0 1)              86.022
15846      (1 0 2 3 1 1 1)              86.020
15847      (1 0 3 2 1 2 0)              86.017
15848      (1 0 2 3 1 2 1)              86.016
15849      (1 0 4 2 1 2 1)              86.014
15850      (1 0 2 3 1 2 1)              86.013
15851      (1 0 4 2 1 1 1)              86.013
15852      (1 0 0 0 0 0 0)              86.010
15853      (1 0 4 2 1 2 1)              86.008
15854      (1 0 2 3 2 1 2)              86.008
15855      (1 0 0 0 1 2 0)              86.007
15856      (1 0 1 5 1 1 1)              86.006
15857      (1 0 1 5 1 2 1)              86.002
15858      (1 0 0 0 0 2 0)              85.999
15859      (1 0 2 3 1 1 1)              85.997
15860      (1 0 1 5 1 1 1)              85.993
15861      (1 0 2 3 1 1 1)              85.991
15862      (1 0 4 2 1 2 1)              85.989
15863      (1 0 1 5 1 1 1)              85.986
15864      (1 0 4 0 2 2 1)              85.983
15865      (1 0 0 0 1 2 1)              85.982
15866      (1 0 4 3 1 1 1)              85.980
15867      (1 0 2 6 1 1 1)              85.979
15868      (1 0 2 3 1 1 1)              85.978
15869      (1 0 2 3 1 0 1)              85.976
15870      (1 0 2 3 1 2 0)              85.974
15871      (0 0 3 6 0 0 0)              85.970
15872      (1 0 4 0 2 2 1)              85.967
15873      (1 0 2 6 1 1 1)              85.967
15874      (1 0 2 5 0 2 0)              85.965
15875      (1 0 1 5 1 1 1)              85.961
15876      (1 0 1 5 1 1 1)              85.958
15877      (1 0 2 3 2 1 2)              85.957
15878      (1 0 4 4 2 1 1)              85.956
15879      (1 0 2 4 0 0 1)              85.953
15880      (1 0 2 3 1 0 1)              85.951
15881      (1 0 2 3 1 2 0)              85.950
15882      (1 0 0 2 0 2 0)              85.947
15883      (1 0 4 4 0 2 0)              85.946
15884      (1 0 2 3 1 2 1)              85.945
15885      (1 0 1 5 1 1 1)              85.941
15886      (1 0 2 4 1 1 1)              85.939
15887      (1 0 4 3 1 1 1)              85.936
15888      (1 0 2 6 1 2 1)              85.935
15889      (0 0 2 6 1 1 1)              85.932
15890      (1 0 2 3 2 1 2)              85.929
15891      (1 0 2 3 1 2 0)              85.927
15892      (1 0 0 5 0 2 0)              85.925
15893      (1 0 4 0 1 2 1)              85.922
15894      (1 0 2 0 2 1 2)              85.920
15895      (1 0 1 5 1 2 1)              85.917
15896      (1 0 2 5 1 2 1)              85.917
15897      (1 0 4 2 1 2 1)              85.915
15898      (1 0 2 3 1 0 1)              85.913
15899      (1 0 3 2 1 2 1)              85.911
15900      (1 0 2 3 2 1 2)              85.911
15901      (1 0 2 3 0 2 0)              85.909
15902      (1 0 2 3 1 0 2)              85.906
15903      (1 0 1 0 0 2 0)              85.903
15904      (1 0 4 2 1 2 1)              85.903
15905      (1 0 2 3 1 1 0)              85.901
15906      (1 0 2 3 1 0 1)              85.900
15907      (1 0 2 3 1 0 2)              85.897
15908      (1 0 2 2 1 0 1)              85.895
15909      (1 0 2 3 1 1 1)              85.892
15910      (1 0 4 6 0 2 0)              85.890
15911      (1 0 2 6 1 2 1)              85.888
15912      (1 0 0 5 1 1 1)              85.887
15913      (1 0 0 5 1 1 1)              85.886
15914      (1 0 4 4 0 2 0)              85.885
15915      (1 0 4 0 2 2 1)              85.882
15916      (1 0 2 3 1 2 1)              85.882
15917      (1 0 2 3 1 1 1)              85.879
15918      (1 0 2 3 1 0 1)              85.878
15919      (1 0 2 3 1 2 0)              85.876
15920      (1 0 2 6 1 1 1)              85.874
15921      (1 0 1 0 1 1 1)              85.872
15922      (1 0 2 3 1 0 1)              85.871
15923      (1 0 2 3 1 0 1)              85.869
15924      (1 0 2 3 1 0 1)              85.870
15925      (1 0 2 6 1 2 1)              85.868
15926      (1 0 0 0 1 2 1)              85.867
15927      (1 0 4 2 1 2 1)              85.865
15928      (1 0 4 0 2 2 1)              85.862
15929      (1 0 2 6 1 1 1)              85.862
15930      (1 0 2 3 1 2 1)              85.861
15931      (1 0 0 2 1 2 0)              85.858
15932      (1 0 2 3 1 0 1)              85.856
15933      (1 0 2 3 2 0 2)              85.856
15934      (1 0 1 5 1 2 1)              85.853
15935      (1 0 4 2 2 1 2)              85.852
15936      (1 0 4 4 2 1 1)              85.851
15937      (1 0 4 2 1 2 1)              85.849
15938      (1 0 2 3 1 2 1)              85.848
15939      (1 0 2 5 1 0 1)              85.846
15940      (1 0 2 3 1 0 1)              85.844
15941      (1 0 0 0 0 0 0)              85.844
15942      (1 0 3 3 1 1 1)              85.843
15943      (1 0 0 0 0 0 0)              85.839
15944      (1 0 2 3 0 2 0)              85.836
15945      (0 1 4 6 2 1 1)              85.833
15946      (1 0 2 3 1 0 1)              85.832
15947      (1 0 2 3 0 0 0)              85.830
15948      (1 0 2 2 1 0 1)              85.828
15949      (1 0 2 3 1 1 1)              85.826
15950      (1 0 2 3 1 2 1)              85.826
15951      (1 0 3 3 1 0 1)              85.824
15952      (1 0 0 0 1 0 1)              85.824
15953      (1 0 1 5 1 1 1)              85.820
15954      (1 0 4 6 1 2 1)              85.819
15955      (1 0 3 3 1 1 1)              85.817
15956      (1 0 2 3 1 2 1)              85.817
15957      (1 0 3 2 2 2 1)              85.815
15958      (1 0 4 2 1 2 1)              85.813
15959      (1 0 4 2 1 1 1)              85.813
15960      (1 0 3 6 2 1 2)              85.810
15961      (1 0 2 3 1 0 1)              85.808
15962      (1 0 3 2 1 2 1)              85.807
15963      (1 0 2 3 1 2 1)              85.806
15964      (1 0 2 5 1 2 1)              85.806
15965      (1 0 4 2 1 2 1)              85.804
15966      (1 0 2 3 1 2 1)              85.803
15967      (1 0 4 2 2 1 2)              85.802
15968      (1 0 2 3 1 0 1)              85.801
15969      (1 0 2 0 2 1 2)              85.799
15970      (1 0 2 3 1 0 1)              85.797
15971      (1 0 2 3 1 0 1)              85.795
15972      (1 0 2 6 1 1 1)              85.795
15973      (1 0 2 2 1 1 0)              85.793
15974      (1 0 4 3 1 2 1)              85.793
15975      (1 0 2 3 1 1 1)              85.791
15976      (1 0 2 2 1 2 1)              85.790
15977      (1 0 0 0 2 2 1)              85.790
15978      (1 0 0 3 0 0 0)              85.789
15979      (1 0 4 6 1 2 1)              85.789
15980      (1 0 2 3 1 1 0)              85.786
15981      (1 0 2 3 1 2 1)              85.785
15982      (1 0 1 2 0 0 0)              85.781
15983      (1 0 4 6 1 2 1)              85.781
15984      (1 0 2 3 1 0 1)              85.782
15985      (1 0 4 4 0 2 0)              85.781
15986      (1 0 2 3 1 2 1)              85.781
15987      (1 0 4 3 1 1 1)              85.779
15988      (1 0 1 5 1 1 1)              85.775
15989      (1 0 2 3 1 0 1)              85.776
15990      (1 0 0 0 0 0 0)              85.773
15991      (1 0 2 3 2 1 2)              85.772
15992      (1 0 0 0 1 2 0)              85.772
15993      (1 0 1 0 1 0 1)              85.771
15994      (1 0 2 3 1 2 1)              85.770
15995      (1 0 2 6 1 1 1)              85.767
15996      (1 0 2 6 1 2 0)              85.766
15997      (1 0 2 3 1 1 1)              85.764
15998      (1 0 2 3 1 0 1)              85.763
15999      (1 0 4 6 1 2 1)              85.762
16000      (1 0 4 4 0 2 0)              85.760
16001      (1 0 2 6 1 2 1)              85.757
16002      (1 0 2 3 1 0 1)              85.755
16003      (1 0 2 3 1 1 1)              85.754
16004      (1 0 4 3 1 0 1)              85.751
16005      (1 0 1 0 1 1 1)              85.748
16006      (1 0 4 4 2 1 1)              85.747
16007      (1 0 2 3 1 1 1)              85.746
16008      (1 0 1 3 1 2 1)              85.745
16009      (1 0 2 3 1 2 1)              85.745
16010      (1 0 0 0 2 2 1)              85.744
16011      (1 0 0 5 1 1 1)              85.743
16012      (1 0 2 5 1 2 1)              85.743
16013      (1 0 2 3 1 2 1)              85.744
16014      (1 0 2 3 1 1 1)              85.742
16015      (1 0 2 6 1 2 1)              85.740
16016      (1 0 1 5 1 1 1)              85.737
16017      (1 0 2 6 1 2 1)              85.735
16018      (1 0 2 3 1 0 1)              85.733
16019      (1 0 2 6 1 2 1)              85.731
16020      (1 0 4 6 1 2 1)              85.731
16021      (1 0 1 5 1 2 1)              85.729
16022      (1 0 2 3 1 0 1)              85.728
16023      (1 0 2 3 1 2 1)              85.727
16024      (1 0 4 2 1 2 1)              85.725
16025      (1 0 2 3 0 2 0)              85.722
16026      (1 0 3 2 1 2 1)              85.721
16027      (1 0 3 2 1 1 1)              85.718
16028      (1 0 2 3 1 1 1)              85.715
16029      (1 0 0 0 1 0 1)              85.713
16030      (0 1 4 6 0 2 0)              85.711
16031      (1 0 2 3 2 2 2)              85.710
16032      (1 0 1 5 1 1 1)              85.706
16033      (1 0 2 3 1 2 1)              85.705
16034      (1 0 0 0 1 2 1)              85.704
16035      (1 0 0 0 1 0 1)              85.703
16036      (1 0 2 3 1 0 1)              85.700
16037      (1 0 4 2 1 1 1)              85.697
16038      (1 0 2 3 2 1 2)              85.696
16039      (1 0 4 6 1 2 1)              85.696
16040      (1 0 2 3 1 1 1)              85.695
16041      (1 0 2 3 1 0 1)              85.693
16042      (1 0 1 5 1 1 1)              85.689
16043      (1 0 2 3 1 1 1)              85.688
16044      (1 0 4 4 0 2 0)              85.688
16045      (1 0 2 3 0 0 1)              85.685
16046      (1 0 0 0 1 0 1)              85.683
16047      (1 0 2 3 1 2 1)              85.682
16048      (1 0 2 0 2 1 2)              85.680
16049      (1 0 2 2 0 1 0)              85.676
16050      (1 0 0 0 1 0 1)              85.674
16051      (1 0 2 3 1 0 1)              85.672
16052      (1 0 4 2 0 0 0)              85.669
16053      (1 0 3 1 1 1 1)              85.667
16054      (1 0 2 3 1 0 1)              85.665
16055      (1 0 2 6 1 2 1)              85.663
16056      (1 0 2 6 1 2 1)              85.662
16057      (1 0 0 0 1 2 1)              85.661
16058      (1 0 2 4 0 0 0)              85.659
16059      (1 0 1 5 1 1 1)              85.655
16060      (1 0 2 3 2 1 1)              85.655
16061      (1 0 2 3 1 2 1)              85.654
16062      (1 0 2 3 2 2 2)              85.653
16063      (1 0 0 0 0 0 0)              85.650
16064      (1 0 2 3 1 2 1)              85.649
16065      (1 0 0 0 1 2 1)              85.648
16066      (1 0 2 3 1 2 1)              85.647
16067      (1 0 2 6 1 2 1)              85.646
16068      (1 0 4 4 0 2 0)              85.644
16069      (1 0 0 0 1 2 0)              85.643
16070      (1 0 0 0 1 1 1)              85.641
16071      (1 0 2 0 0 0 0)              85.640
16072      (1 0 2 6 1 1 1)              85.638
16073      (1 0 2 4 1 0 1)              85.636
16074      (1 0 2 3 2 1 2)              85.636
16075      (1 0 0 3 1 1 1)              85.635
16076      (1 0 2 3 1 0 1)              85.634
16077      (1 0 2 3 1 0 1)              85.632
16078      (1 0 2 3 1 1 1)              85.631
16079      (1 0 0 0 1 0 1)              85.629
16080      (1 0 0 5 1 1 1)              85.628
16081      (1 0 2 3 1 0 1)              85.626
16082      (1 0 2 3 1 1 0)              85.624
16083      (1 0 2 3 2 0 2)              85.624
16084      (1 0 1 5 1 1 1)              85.620
16085      (1 0 2 3 2 1 2)              85.620
16086      (1 0 2 5 1 0 1)              85.618
16087      (1 0 4 4 0 2 0)              85.617
16088      (1 0 0 0 1 0 1)              85.616
16089      (1 0 2 3 1 0 1)              85.615
16090      (1 0 4 2 2 1 2)              85.614
16091      (1 0 1 5 1 1 1)              85.613
16092      (1 0 1 5 1 1 1)              85.612
16093      (1 0 0 0 0 0 0)              85.609
16094      (1 0 0 2 2 2 1)              85.608
16095      (1 0 0 5 1 0 0)              85.607
16096      (1 0 2 3 1 1 1)              85.605
16097      (0 0 2 6 1 1 1)              85.602
16098      (1 0 2 4 1 1 1)              85.600
16099      (1 0 4 2 1 2 1)              85.598
16100      (1 0 2 3 1 2 1)              85.597
16101      (1 0 2 6 1 2 1)              85.595
16102      (1 0 0 5 1 1 1)              85.594
16103      (1 0 1 6 2 2 1)              85.593
16104      (1 0 2 3 2 0 2)              85.593
16105      (1 0 4 6 1 2 1)              85.592
16106      (1 0 2 6 1 2 1)              85.589
16107      (1 0 2 3 1 0 1)              85.587
16108      (1 0 4 5 1 2 0)              85.585
16109      (1 0 0 5 1 0 0)              85.584
16110      (1 0 3 3 1 1 1)              85.582
16111      (1 0 2 3 1 0 1)              85.580
16112      (1 0 2 3 0 0 0)              85.577
16113      (1 0 2 6 1 1 1)              85.575
16114      (1 0 2 3 1 0 1)              85.573
16115      (1 0 1 5 1 1 1)              85.570
16116      (1 0 4 2 2 1 2)              85.569
16117      (1 0 2 3 1 1 1)              85.566
16118      (1 0 2 3 2 0 2)              85.563
16119      (1 0 3 2 1 2 1)              85.562
16120      (1 0 2 3 0 0 0)              85.561
16121      (1 0 2 3 1 2 1)              85.560
16122      (1 0 2 6 1 2 1)              85.557
16123      (1 0 4 6 1 2 1)              85.557
16124      (1 0 0 0 1 0 1)              85.555
16125      (1 0 2 3 0 0 0)              85.555
16126      (1 0 2 6 1 2 1)              85.553
16127      (1 0 1 3 1 0 1)              85.551
16128      (1 0 2 3 1 0 1)              85.549
16129      (1 0 1 0 1 1 1)              85.547
16130      (1 0 2 3 1 1 1)              85.546
16131      (1 0 1 5 1 2 1)              85.543
16132      (1 0 1 5 1 1 1)              85.540
16133      (1 0 4 2 2 1 2)              85.539
16134      (1 0 0 0 0 0 0)              85.537
16135      (1 0 1 0 1 0 1)              85.536
16136      (1 0 4 0 2 2 1)              85.532
16137      (1 0 4 0 2 2 1)              85.529
16138      (1 0 2 3 1 0 1)              85.528
16139      (1 0 2 6 1 2 1)              85.526
16140      (1 0 2 6 1 2 1)              85.525
16141      (1 0 2 3 2 2 1)              85.523
16142      (1 0 2 3 1 2 1)              85.522
16143      (1 0 2 3 1 2 1)              85.523
16144      (1 0 2 3 1 0 1)              85.521
16145      (1 0 4 6 1 2 1)              85.521
16146      (1 0 2 3 1 0 1)              85.519
16147      (1 0 4 3 1 0 1)              85.517
16148      (1 0 4 6 1 2 1)              85.516
16149      (1 0 2 3 1 2 1)              85.517
16150      (1 0 4 0 2 2 1)              85.513
16151      (1 0 0 0 1 2 0)              85.512
16152      (1 0 0 0 1 0 1)              85.511
16153      (1 0 0 3 0 0 0)              85.509
16154      (1 0 1 5 1 2 1)              85.507
16155      (1 0 2 5 1 0 1)              85.505
16156      (1 0 2 4 0 0 0)              85.503
16157      (1 0 1 0 1 0 1)              85.503
16158      (1 0 2 6 1 1 1)              85.503
16159      (1 0 2 3 1 2 0)              85.501
16160      (1 0 2 3 2 1 1)              85.500
16161      (1 0 1 5 1 1 1)              85.496
16162      (1 0 2 3 1 0 1)              85.495
16163      (1 0 3 3 1 1 1)              85.493
16164      (1 0 2 3 1 2 1)              85.492
16165      (1 0 2 3 1 0 1)              85.490
16166      (1 0 0 0 1 2 0)              85.489
16167      (1 0 3 5 0 2 0)              85.487
16168      (1 0 2 3 1 0 1)              85.486
16169      (1 0 2 6 1 2 1)              85.483
16170      (1 0 2 3 0 2 0)              85.481
16171      (1 0 2 3 1 2 1)              85.480
16172      (1 0 1 3 1 0 1)              85.478
16173      (1 0 0 0 1 2 0)              85.477
16174      (1 0 1 2 1 1 1)              85.475
16175      (1 0 4 2 1 2 1)              85.474
16176      (1 0 2 5 1 0 1)              85.472
16177      (1 0 0 0 1 2 1)              85.471
16178      (1 0 1 5 1 1 1)              85.470
16179      (1 0 2 3 0 0 0)              85.468
16180      (1 0 2 6 1 2 1)              85.467
16181      (1 0 0 0 1 2 1)              85.466
16182      (1 0 1 5 1 1 1)              85.465
16183      (1 0 2 3 2 1 2)              85.461
16184      (1 0 2 3 1 2 1)              85.460
16185      (1 0 2 5 1 2 1)              85.460
16186      (1 0 2 6 1 2 1)              85.459
16187      (1 0 2 3 2 1 2)              85.458
16188      (1 0 1 5 1 2 1)              85.455
16189      (1 0 2 3 1 1 1)              85.454
16190      (1 0 2 3 0 1 0)              85.454
16191      (1 0 2 3 2 0 2)              85.454
16192      (1 0 2 6 1 2 1)              85.452
16193      (1 0 2 3 1 2 1)              85.451
16194      (1 0 1 3 1 0 1)              85.448
16195      (1 0 2 3 1 1 1)              85.447
16196      (1 0 2 3 1 0 1)              85.445
16197      (1 0 0 0 0 2 0)              85.442
16198      (1 0 2 3 1 0 2)              85.439
16199      (1 0 0 5 1 0 0)              85.439
16200      (1 0 2 2 1 0 1)              85.437
16201      (1 0 2 3 1 0 2)              85.434
16202      (1 0 1 5 1 1 1)              85.431
16203      (1 0 4 2 2 1 2)              85.430
16204      (1 0 4 6 1 1 1)              85.431
16205      (1 0 0 0 2 2 1)              85.430
16206      (1 0 2 3 1 2 1)              85.431
16207      (1 0 1 0 2 1 1)              85.427
16208      (1 0 2 3 1 0 1)              85.426
16209      (1 0 2 3 1 2 1)              85.425
16210      (1 0 2 5 1 0 1)              85.423
16211      (1 0 4 3 1 0 1)              85.420
16212      (1 0 2 3 1 0 1)              85.419
16213      (1 0 2 3 1 1 1)              85.418
16214      (1 0 1 5 1 2 1)              85.414
16215      (1 0 2 3 1 0 1)              85.412
16216      (1 0 2 3 1 2 1)              85.412
16217      (1 0 2 3 1 0 1)              85.410
16218      (1 0 2 3 2 2 1)              85.408
16219      (1 0 0 3 0 0 0)              85.405
16220      (1 0 2 3 1 1 1)              85.403
16221      (1 0 0 0 0 0 0)              85.400
16222      (1 0 1 5 1 1 1)              85.397
16223      (1 0 2 6 1 1 1)              85.397
16224      (1 0 2 3 1 1 1)              85.395
16225      (1 0 2 5 1 2 1)              85.395
16226      (1 0 2 3 1 1 1)              85.392
16227      (1 0 2 3 1 0 1)              85.391
16228      (1 0 1 5 1 2 1)              85.388
16229      (1 0 1 5 1 2 1)              85.385
16230      (1 0 1 5 1 1 1)              85.382
16231      (1 0 2 3 1 2 1)              85.383
16232      (1 0 2 3 1 2 1)              85.382
16233      (1 0 0 5 1 1 1)              85.381
16234      (1 0 2 3 2 0 2)              85.381
16235      (1 0 2 3 1 2 1)              85.382
16236      (1 0 1 5 1 2 1)              85.379
16237      (1 0 2 3 1 1 1)              85.378
16238      (1 0 1 5 1 1 1)              85.377
16239      (1 0 2 6 1 1 1)              85.376
16240      (1 0 2 3 1 0 1)              85.374
16241      (1 0 2 5 1 0 1)              85.372
16242      (1 0 2 3 2 0 2)              85.372
16243      (1 0 2 6 1 2 1)              85.371
16244      (1 0 1 5 0 2 0)              85.367
16245      (1 0 2 3 0 1 0)              85.364
16246      (1 0 4 2 1 2 1)              85.362
16247      (1 0 1 5 1 1 1)              85.358
16248      (1 0 2 3 1 0 1)              85.357
16249      (1 0 2 3 1 1 1)              85.356
16250      (1 0 2 5 2 1 1)              85.354
16251      (1 0 4 0 0 0 0)              85.352
16252      (1 0 4 6 1 2 1)              85.352
16253      (1 0 1 5 1 1 1)              85.349
16254      (1 0 2 3 2 2 1)              85.347
16255      (1 0 2 3 1 1 1)              85.345
16256      (1 0 4 2 1 2 1)              85.344
16257      (1 0 2 3 1 2 1)              85.342
16258      (1 0 4 4 0 2 0)              85.341
16259      (1 0 1 5 1 1 1)              85.338
16260      (1 0 0 3 1 1 1)              85.337
16261      (1 0 2 5 1 2 1)              85.337
16262      (1 0 2 6 1 1 1)              85.337
16263      (1 0 4 2 1 2 1)              85.335
16264      (1 0 0 0 2 2 2)              85.332
16265      (1 0 1 5 1 1 1)              85.329
16266      (1 0 4 0 2 2 1)              85.325
16267      (1 0 2 3 1 0 1)              85.324
16268      (0 0 3 6 0 0 0)              85.320
16269      (1 0 4 3 1 1 1)              85.318
16270      (1 0 2 3 2 1 2)              85.314
16271      (1 0 0 0 1 2 1)              85.313
16272      (1 0 2 3 1 0 2)              85.311
16273      (1 0 0 0 1 0 1)              85.309
16274      (1 0 0 0 1 2 1)              85.308
16275      (1 0 0 0 0 0 0)              85.304
16276      (1 0 4 4 2 1 1)              85.304
16277      (1 0 0 3 0 0 0)              85.301
16278      (1 0 2 6 1 1 1)              85.301
16279      (1 0 2 3 1 0 1)              85.299
16280      (1 0 2 6 1 2 1)              85.297
16281      (1 0 4 2 1 2 1)              85.295
16282      (1 0 1 5 1 1 1)              85.294
16283      (1 0 2 3 1 2 1)              85.295
16284      (1 0 0 0 0 0 0)              85.295
16285      (1 0 4 2 2 2 1)              85.294
16286      (1 0 2 3 1 1 1)              85.292
16287      (1 0 0 3 0 0 0)              85.292
16288      (1 0 3 2 2 2 1)              85.290
16289      (1 0 2 3 1 1 1)              85.288
16290      (1 0 2 3 1 2 1)              85.286
16291      (1 0 4 2 1 2 1)              85.285
16292      (1 0 2 3 1 0 1)              85.283
16293      (1 0 2 2 1 2 0)              85.282
16294      (1 0 4 2 2 1 2)              85.281
16295      (1 0 2 3 0 2 0)              85.279
16296      (1 0 4 3 1 0 1)              85.276
16297      (1 0 4 2 2 1 2)              85.275
16298      (1 0 1 5 1 1 1)              85.272
16299      (1 0 2 3 1 2 0)              85.270
16300      (1 0 0 3 0 0 0)              85.269
16301      (1 0 2 3 1 2 1)              85.268
16302      (1 0 4 0 1 1 0)              85.267
16303      (1 0 2 3 1 2 1)              85.264
16304      (1 0 2 3 2 1 2)              85.264
16305      (1 1 0 6 0 2 0)              85.261
16306      (1 0 2 6 1 2 1)              85.260
16307      (1 0 4 2 1 2 1)              85.258
16308      (1 0 1 3 1 1 1)              85.255
16309      (1 0 1 5 1 1 1)              85.252
16310      (1 0 2 3 2 2 1)              85.250
16311      (1 0 2 3 1 2 1)              85.248
16312      (1 0 3 3 1 1 1)              85.247
16313      (1 0 2 6 1 2 1)              85.244
16314      (1 0 3 2 2 2 1)              85.242
16315      (1 0 4 6 1 2 0)              85.240
16316      (1 0 1 5 1 1 1)              85.236
16317      (1 0 2 3 2 1 1)              85.235
16318      (1 0 4 2 2 1 2)              85.235
16319      (1 0 2 6 1 1 0)              85.233
16320      (1 0 2 3 1 1 0)              85.230
16321      (1 0 2 3 1 1 1)              85.229
16322      (1 0 2 5 1 1 1)              85.229
16323      (1 0 1 5 1 1 1)              85.225
16324      (1 0 2 3 1 0 1)              85.223
16325      (1 0 4 6 1 2 1)              85.222
16326      (1 0 1 5 1 1 1)              85.220
16327      (1 0 2 6 1 1 1)              85.218
16328      (1 0 0 0 1 2 0)              85.217
16329      (1 0 0 0 2 2 2)              85.215
16330      (1 0 3 1 1 1 1)              85.213
16331      (1 0 3 6 2 2 2)              85.210
16332      (1 0 2 3 2 2 2)              85.210
16333      (1 0 2 3 0 0 0)              85.206
16334      (1 0 2 6 1 2 1)              85.204
16335      (1 0 2 3 1 2 1)              85.203
16336      (1 0 2 3 2 1 2)              85.200
16337      (1 0 0 0 1 2 0)              85.199
16338      (1 0 2 4 0 0 0)              85.197
16339      (1 0 0 1 1 1 1)              85.196
16340      (1 0 4 5 1 2 0)              85.193
16341      (1 0 2 3 2 2 2)              85.192
16342      (1 0 2 3 2 0 2)              85.192
16343      (1 0 2 6 1 2 1)              85.191
16344      (1 0 2 3 1 2 1)              85.190
16345      (1 0 2 6 1 2 1)              85.187
16346      (1 0 2 3 1 1 1)              85.185
16347      (1 0 2 3 0 2 0)              85.183
16348      (1 0 2 3 1 0 1)              85.181
16349      (1 0 2 6 1 2 1)              85.179
16350      (1 0 2 6 1 2 1)              85.178
16351      (1 0 2 3 1 2 1)              85.177
16352      (1 0 4 3 1 0 1)              85.174
16353      (1 0 2 3 1 2 1)              85.173
16354      (1 0 2 3 1 0 1)              85.172
16355      (1 0 2 0 2 1 2)              85.169
16356      (1 0 4 6 1 1 1)              85.170
16357      (1 0 2 3 2 1 2)              85.167
16358      (1 0 3 2 0 0 1)              85.165
16359      (1 0 1 3 1 1 1)              85.162
16360      (1 0 1 5 1 1 1)              85.159
16361      (1 0 0 0 0 0 0)              85.155
16362      (1 0 2 3 1 1 1)              85.153
16363      (1 0 3 1 1 1 1)              85.151
16364      (1 0 4 2 2 1 2)              85.150
16365      (1 0 4 1 0 2 1)              85.148
16366      (1 0 2 3 1 2 1)              85.148
16367      (1 0 2 3 1 2 1)              85.147
16368      (1 0 2 3 1 2 1)              85.146
16369      (1 0 2 3 1 0 1)              85.144
16370      (1 0 4 0 2 2 1)              85.141
16371      (1 0 2 3 2 0 2)              85.141
16372      (1 0 2 3 1 2 1)              85.140
16373      (1 0 1 5 1 2 1)              85.137
16374      (1 0 2 3 1 1 1)              85.135
16375      (1 0 4 6 1 2 1)              85.134
16376      (1 0 3 2 2 2 1)              85.132
16377      (1 0 0 0 0 2 0)              85.130
16378      (1 0 2 3 0 0 0)              85.126
16379      (1 0 4 4 2 1 1)              85.125
16380      (1 0 0 0 0 0 0)              85.122
16381      (1 0 3 3 2 1 2)              85.118
16382      (1 0 2 3 1 0 1)              85.118
16383      (1 0 2 4 0 0 0)              85.116
16384      (1 0 2 3 1 1 1)              85.114
16385      (1 0 2 3 2 1 2)              85.113
16386      (1 0 4 4 2 1 2)              85.110
16387      (1 0 1 5 1 2 1)              85.107
16388      (1 0 0 0 1 2 1)              85.106
16389      (1 0 2 3 1 0 1)              85.106
16390      (1 0 2 3 1 0 1)              85.104
16391      (1 0 2 3 1 2 1)              85.102
16392      (1 0 0 0 1 1 1)              85.100
16393      (1 0 2 3 0 2 0)              85.098
16394      (1 0 2 3 2 2 2)              85.097
16395      (1 0 2 5 1 0 1)              85.095
16396      (1 0 4 3 1 2 1)              85.093
16397      (1 0 2 3 1 2 1)              85.092
16398      (1 0 3 0 2 2 1)              85.089
16399      (1 0 1 0 1 0 1)              85.088
16400      (1 0 2 6 1 2 1)              85.086
16401      (1 0 1 6 2 2 1)              85.084
16402      (1 0 1 3 1 0 1)              85.083
16403      (1 0 2 3 2 1 2)              85.083
16404      (1 0 2 6 1 2 1)              85.081
16405      (1 0 1 5 1 1 1)              85.077
16406      (1 0 1 3 1 0 1)              85.076
16407      (1 0 2 3 2 2 1)              85.074
16408      (1 0 2 3 1 2 1)              85.073
16409      (1 0 3 1 1 1 1)              85.071
16410      (1 0 0 3 1 1 1)              85.071
16411      (1 0 2 3 1 1 1)              85.068
16412      (1 0 0 0 0 0 0)              85.065
16413      (1 0 2 0 2 1 2)              85.062
16414      (1 0 2 3 0 0 0)              85.061
16415      (1 0 1 5 1 1 1)              85.058
16416      (1 0 4 4 2 1 1)              85.057
16417      (1 0 4 3 1 0 1)              85.054
16418      (1 0 0 3 1 1 1)              85.054
16419      (1 0 1 5 1 2 1)              85.052
16420      (1 0 2 3 1 0 1)              85.050
16421      (1 0 0 5 1 0 0)              85.049
16422      (1 0 2 4 0 0 0)              85.048
16423      (1 0 2 3 1 0 1)              85.046
16424      (1 0 2 3 1 0 1)              85.044
16425      (1 0 2 3 1 0 1)              85.042
16426      (1 0 4 4 2 1 1)              85.042
16427      (1 0 1 2 0 0 0)              85.038
16428      (1 0 1 5 1 2 1)              85.035
16429      (1 0 1 5 1 1 1)              85.031
16430      (1 0 2 3 1 2 1)              85.030
16431      (1 0 3 1 1 1 1)              85.029
16432      (1 0 2 3 1 0 2)              85.027
16433      (1 0 2 3 1 0 1)              85.025
16434      (1 0 2 0 2 1 2)              85.023
16435      (1 0 4 2 2 2 1)              85.022
16436      (1 0 2 3 1 2 1)              85.021
16437      (1 0 2 3 1 2 1)              85.020
16438      (1 0 2 3 0 2 0)              85.018
16439      (1 0 4 3 1 2 0)              85.018
16440      (1 0 2 6 1 2 1)              85.016
16441      (1 0 0 0 1 2 0)              85.015
16442      (1 0 0 5 1 1 1)              85.014
16443      (1 0 2 3 1 2 1)              85.014
16444      (1 0 4 2 2 1 2)              85.014
16445      (1 0 2 6 1 2 1)              85.012
16446      (1 0 2 3 1 2 1)              85.011
16447      (1 0 0 0 0 0 0)              85.008
16448      (1 0 2 3 1 1 1)              85.007
16449      (1 0 2 3 1 0 1)              85.005
16450      (1 0 0 5 1 0 0)              85.004
16451      (1 0 2 3 1 0 1)              85.004
16452      (1 0 0 0 2 2 1)              85.003
16453      (1 0 1 5 1 1 1)              84.999
16454      (1 0 3 3 1 1 1)              84.998
16455      (1 0 3 2 2 2 1)              84.996
16456      (1 0 2 3 2 1 2)              84.995
16457      (1 0 1 3 0 1 0)              84.992
16458      (1 0 2 3 1 2 1)              84.991
16459      (1 0 0 0 0 0 0)              84.988
16460      (1 0 2 3 1 2 1)              84.987
16461      (1 0 1 3 0 1 0)              84.984
16462      (1 0 0 0 1 0 1)              84.983
16463      (1 0 4 4 0 2 0)              84.982
16464      (1 0 3 3 1 1 1)              84.981
16465      (1 0 2 3 2 1 2)              84.977
16466      (1 0 2 6 1 2 1)              84.975
16467      (1 0 2 3 1 0 1)              84.974
16468      (1 0 2 3 1 1 1)              84.972
16469      (1 0 2 6 1 2 1)              84.970
16470      (1 0 1 5 1 1 1)              84.967
16471      (1 0 3 1 1 1 1)              84.965
16472      (1 0 2 3 1 0 1)              84.964
16473      (1 0 2 3 1 0 1)              84.962
16474      (1 0 2 6 1 2 1)              84.960
16475      (1 0 0 0 0 2 0)              84.959
16476      (1 0 2 3 1 1 1)              84.957
16477      (1 0 1 5 1 2 1)              84.954
16478      (1 0 2 3 1 0 1)              84.953
16479      (1 0 2 3 1 2 1)              84.950
16480      (1 0 1 5 1 1 1)              84.947
16481      (1 0 2 6 1 2 1)              84.945
16482      (1 0 4 2 1 2 1)              84.943
16483      (1 0 2 3 1 0 1)              84.942
16484      (1 0 1 5 0 2 0)              84.938
16485      (1 0 0 0 1 2 0)              84.937
16486      (1 0 2 3 1 0 1)              84.936
16487      (1 0 0 0 1 2 1)              84.936
16488      (1 0 2 2 1 0 1)              84.934
16489      (1 0 2 3 1 1 1)              84.932
16490      (1 0 2 3 0 0 0)              84.931
16491      (1 0 2 3 0 0 0)              84.931
16492      (1 0 2 3 1 2 1)              84.931
16493      (1 0 1 5 1 2 1)              84.929
16494      (1 0 4 3 1 0 1)              84.926
16495      (1 0 3 3 2 1 2)              84.923
16496      (1 0 2 3 1 2 1)              84.922
16497      (1 0 2 3 1 2 1)              84.921
16498      (1 0 2 3 1 2 1)              84.920
16499      (1 0 2 3 1 2 1)              84.920
16500      (1 0 1 5 1 1 1)              84.916
16501      (1 0 0 0 0 0 0)              84.914
16502      (1 0 2 6 1 2 1)              84.912
16503      (1 0 4 2 1 2 1)              84.910
16504      (1 0 2 3 1 2 1)              84.910
16505      (1 0 2 3 1 2 1)              84.910
16506      (1 0 2 2 1 0 1)              84.909
16507      (1 0 0 3 1 1 1)              84.908
16508      (1 0 2 3 1 0 1)              84.906
16509      (1 0 0 0 0 0 0)              84.904
16510      (1 0 4 3 1 0 1)              84.901
16511      (1 0 1 5 1 2 1)              84.899
16512      (1 0 2 6 1 1 1)              84.899
16513      (1 0 2 3 1 2 1)              84.898
16514      (1 0 0 0 0 0 0)              84.895
16515      (1 0 2 3 1 2 1)              84.894
16516      (1 0 2 3 1 1 1)              84.894
16517      (1 0 2 0 2 1 2)              84.891
16518      (1 0 4 2 1 2 1)              84.889
16519      (1 0 3 3 1 1 1)              84.888
16520      (1 0 0 0 1 2 0)              84.887
16521      (1 0 2 3 2 0 2)              84.887
16522      (1 0 4 0 1 2 1)              84.884
16523      (1 0 0 0 1 2 0)              84.884
16524      (1 0 2 3 2 1 2)              84.883
16525      (1 0 2 3 1 1 1)              84.881
16526      (1 0 2 3 1 2 1)              84.879
16527      (1 0 1 5 1 1 1)              84.876
16528      (1 0 2 3 1 0 1)              84.875
16529      (1 0 2 3 1 2 1)              84.875
16530      (1 0 0 0 1 2 0)              84.874
16531      (1 0 2 6 1 2 1)              84.873
16532      (1 0 1 5 1 2 1)              84.870
16533      (1 0 4 3 1 0 1)              84.868
16534      (1 0 0 0 1 2 0)              84.867
16535      (1 0 1 5 1 1 1)              84.866
16536      (1 0 2 6 1 2 1)              84.864
16537      (1 0 0 0 1 2 0)              84.864
16538      (1 0 0 0 1 2 1)              84.863
16539      (1 0 1 5 1 2 1)              84.859
16540      (1 0 2 3 2 2 2)              84.859
16541      (1 0 2 6 1 2 1)              84.857
16542      (1 0 2 6 1 2 1)              84.854
16543      (1 0 2 3 1 1 1)              84.853
16544      (1 0 0 0 1 0 1)              84.851
16545      (1 0 2 3 2 1 2)              84.848
16546      (1 0 2 3 1 1 1)              84.846
16547      (1 0 2 4 0 0 0)              84.844
16548      (1 0 2 6 1 1 1)              84.842
16549      (1 0 2 3 1 1 1)              84.840
16550      (1 0 4 3 1 1 1)              84.837
16551      (1 0 2 3 1 1 1)              84.835
16552      (1 0 0 0 0 2 0)              84.835
16553      (1 0 0 0 1 0 1)              84.833
16554      (1 0 1 5 1 1 1)              84.832
16555      (1 0 2 6 1 2 1)              84.831
16556      (1 0 2 3 2 1 2)              84.831
16557      (1 0 2 6 1 2 1)              84.829
16558      (1 0 1 5 1 1 1)              84.826
16559      (1 0 1 5 1 1 1)              84.822
16560      (1 0 1 5 1 1 1)              84.819
16561      (1 0 4 2 1 2 1)              84.817
16562      (1 0 2 3 2 1 2)              84.816
16563      (1 0 1 5 1 1 1)              84.813
16564      (1 0 2 4 1 1 1)              84.811
16565      (1 0 0 3 0 0 0)              84.808
16566      (1 0 4 2 0 0 0)              84.805
16567      (1 0 2 3 1 2 1)              84.804
16568      (1 0 2 6 1 2 1)              84.802
16569      (1 0 2 3 1 0 1)              84.801
16570      (1 0 1 5 1 1 1)              84.798
16571      (1 0 4 6 1 2 1)              84.798
16572      (1 0 2 2 0 0 0)              84.795
16573      (1 0 2 3 2 1 2)              84.795
16574      (1 0 2 3 1 2 1)              84.794
16575      (1 0 1 0 1 1 1)              84.791
16576      (1 0 2 3 1 2 1)              84.790
16577      (1 0 2 3 1 2 0)              84.789
16578      (1 0 2 3 2 1 2)              84.785
16579      (1 0 2 6 1 2 1)              84.784
16580      (1 0 2 3 0 0 0)              84.785
16581      (0 1 4 6 1 0 1)              84.780
16582      (1 0 1 3 1 0 1)              84.778
16583      (1 0 2 2 1 0 1)              84.776
16584      (1 0 2 6 1 2 1)              84.775
16585      (1 0 2 3 2 1 2)              84.775
16586      (1 0 2 3 1 0 1)              84.773
16587      (1 0 2 6 1 2 1)              84.770
16588      (1 0 4 0 2 2 1)              84.767
16589      (1 0 2 3 1 1 1)              84.765
16590      (1 0 3 3 1 1 1)              84.764
16591      (1 0 4 6 1 2 1)              84.764
16592      (1 0 4 2 1 2 1)              84.762
16593      (1 0 0 0 0 2 0)              84.759
16594      (1 0 4 4 0 2 0)              84.759
16595      (1 0 2 5 1 2 1)              84.759
16596      (1 0 2 3 1 1 1)              84.757
16597      (1 0 4 6 1 2 1)              84.757
16598      (1 0 2 3 1 1 1)              84.755
16599      (1 0 2 3 2 1 2)              84.755
16600      (1 0 2 4 1 1 1)              84.752
16601      (1 0 2 6 1 2 1)              84.751
16602      (1 0 2 3 1 2 1)              84.751
16603      (1 0 2 2 0 0 0)              84.749
16604      (1 0 2 3 1 2 1)              84.750
16605      (1 0 0 0 1 2 1)              84.749
16606      (1 0 2 0 2 1 2)              84.746
16607      (1 0 1 3 2 1 1)              84.745
16608      (1 0 1 5 1 1 1)              84.741
16609      (1 0 0 1 1 1 1)              84.740
16610      (1 0 2 5 1 2 1)              84.740
16611      (1 0 4 2 1 2 1)              84.738
16612      (1 0 2 3 1 1 1)              84.737
16613      (1 0 1 3 1 0 1)              84.736
16614      (1 0 0 0 1 0 1)              84.735
16615      (1 0 2 2 1 0 1)              84.733
16616      (1 0 2 2 1 0 1)              84.732
16617      (1 0 2 3 1 2 1)              84.732
16618      (1 0 2 3 1 2 1)              84.731
16619      (1 0 2 3 2 1 2)              84.731
16620      (1 0 2 3 1 2 1)              84.730
16621      (1 0 1 0 1 1 1)              84.728
16622      (1 0 1 5 1 1 1)              84.727
16623      (1 0 4 2 0 0 0)              84.723
16624      (1 0 0 5 1 1 1)              84.723
16625      (1 0 4 2 1 1 1)              84.720
16626      (1 0 2 6 1 1 1)              84.718
16627      (1 0 2 3 1 1 1)              84.717
16628      (1 0 4 0 1 2 1)              84.714
16629      (1 0 2 3 1 1 1)              84.713
16630      (1 0 4 0 2 2 1)              84.710
16631      (1 0 0 0 0 2 0)              84.707
16632      (1 0 2 6 1 2 1)              84.706
16633      (1 0 2 4 1 1 1)              84.703
16634      (1 0 4 6 1 2 1)              84.703
16635      (1 0 2 3 1 0 1)              84.702
16636      (1 0 2 3 0 0 0)              84.700
16637      (1 0 2 3 1 1 1)              84.698
16638      (1 0 2 3 1 2 1)              84.698
16639      (1 0 2 3 1 0 1)              84.697
16640      (1 0 1 5 1 1 1)              84.693
16641      (1 0 2 3 1 2 1)              84.693
16642      (1 0 2 3 0 2 0)              84.690
16643      (1 0 1 5 1 1 1)              84.687
16644      (1 0 2 3 1 2 1)              84.686
16645      (1 0 0 0 1 1 1)              84.684
16646      (1 0 2 3 1 1 1)              84.683
16647      (1 0 2 3 1 0 1)              84.681
16648      (1 0 2 4 1 1 1)              84.678
16649      (1 0 2 3 1 2 1)              84.678
16650      (1 0 2 6 1 2 1)              84.676
16651      (1 0 2 6 1 1 1)              84.674
16652      (1 0 4 0 1 2 1)              84.672
16653      (1 0 3 0 0 2 1)              84.669
16654      (1 0 0 4 1 2 1)              84.668
16655      (1 0 2 3 1 0 1)              84.667
16656      (1 0 2 3 1 1 1)              84.665
16657      (1 0 2 6 1 0 1)              84.664
16658      (1 0 2 3 1 1 1)              84.663
16659      (1 0 0 0 1 2 0)              84.662
16660      (1 0 4 5 1 2 0)              84.659
16661      (0 0 3 6 0 0 0)              84.656
16662      (1 0 2 6 1 1 1)              84.654
16663      (1 0 2 3 1 0 1)              84.652
16664      (1 0 0 0 0 2 0)              84.650
16665      (1 0 2 3 1 0 1)              84.649
16666      (1 0 0 0 1 2 0)              84.648
16667      (1 0 2 3 1 1 1)              84.647
16668      (1 0 2 3 1 1 1)              84.645
16669      (1 0 2 3 1 0 2)              84.645
16670      (1 0 4 2 2 1 2)              84.645
16671      (1 0 2 3 0 2 0)              84.642
16672      (1 0 2 2 1 2 0)              84.641
16673      (1 0 1 5 1 1 1)              84.638
16674      (1 0 1 5 1 1 1)              84.635
16675      (1 0 2 3 2 1 2)              84.634
16676      (1 0 1 5 1 1 1)              84.630
16677      (1 0 0 0 1 2 0)              84.630
16678      (1 0 1 5 1 1 1)              84.626
16679      (1 0 1 5 1 2 1)              84.624
16680      (1 0 2 6 1 2 1)              84.622
16681      (1 0 2 3 2 1 2)              84.619
16682      (1 0 2 3 2 2 1)              84.617
16683      (1 0 4 4 0 2 0)              84.615
16684      (1 0 1 5 1 1 1)              84.612
16685      (1 0 2 4 0 0 0)              84.610
16686      (1 0 4 4 2 1 1)              84.610
16687      (1 0 2 3 1 0 1)              84.608
16688      (1 0 2 3 1 2 1)              84.607
16689      (1 0 2 5 0 1 0)              84.605
16690      (1 0 2 3 1 0 1)              84.603
16691      (1 0 2 3 1 0 1)              84.601
16692      (1 0 2 3 1 2 1)              84.601
16693      (1 0 2 6 1 2 1)              84.599
16694      (1 0 4 6 1 2 1)              84.598
16695      (1 0 2 3 2 2 2)              84.597
16696      (1 0 4 2 0 0 0)              84.594
16697      (1 0 2 3 0 0 0)              84.593
16698      (1 0 2 3 1 0 1)              84.592
16699      (1 0 2 3 1 1 1)              84.590
16700      (0 0 4 6 1 2 0)              84.587
16701      (0 1 4 6 1 0 1)              84.583
16702      (1 0 2 3 1 0 1)              84.581
16703      (1 0 2 3 1 2 1)              84.580
16704      (1 0 2 3 1 1 1)              84.577
16705      (1 0 2 6 1 1 1)              84.576
16706      (1 0 0 0 1 0 1)              84.574
16707      (1 0 2 6 1 2 1)              84.572
16708      (1 0 2 6 1 2 1)              84.571
16709      (1 0 2 3 1 1 1)              84.568
16710      (1 0 1 5 1 1 1)              84.567
16711      (1 0 2 2 0 1 0)              84.564
16712      (1 0 4 4 0 2 0)              84.563
16713      (1 0 0 0 2 2 1)              84.563
16714      (1 0 4 6 1 2 1)              84.562
16715      (1 0 3 3 1 1 1)              84.560
16716      (1 0 4 2 1 2 1)              84.558
16717      (1 0 4 3 0 2 0)              84.557
16718      (1 0 2 3 1 2 1)              84.555
16719      (1 0 4 4 2 1 1)              84.554
16720      (1 0 2 5 2 1 1)              84.553
16721      (1 0 2 6 1 0 1)              84.553
16722      (1 0 4 0 2 2 1)              84.549
16723      (1 0 2 3 1 1 1)              84.549
16724      (1 0 1 5 1 1 1)              84.545
16725      (1 0 2 3 1 2 1)              84.545
16726      (1 0 2 2 0 0 0)              84.542
16727      (1 0 2 6 1 1 1)              84.542
16728      (1 0 4 2 1 2 1)              84.540
16729      (1 0 0 0 2 2 1)              84.540
16730      (1 0 4 4 0 2 0)              84.539
16731      (1 0 0 0 2 2 1)              84.538
16732      (1 0 2 3 1 1 1)              84.536
16733      (1 0 2 3 1 2 1)              84.536
16734      (1 0 1 0 1 1 1)              84.533
16735      (1 0 0 0 1 2 1)              84.532
16736      (1 0 1 5 1 1 1)              84.532
16737      (1 0 3 1 1 1 1)              84.530
16738      (1 0 1 0 1 1 1)              84.528
16739      (1 0 2 6 1 2 1)              84.526
16740      (1 0 2 3 2 2 1)              84.524
16741      (1 0 4 4 0 2 0)              84.523
16742      (1 0 2 2 1 0 1)              84.521
16743      (1 0 2 3 2 1 2)              84.521
16744      (1 0 0 0 1 2 0)              84.520
16745      (1 0 4 0 1 1 0)              84.519
16746      (1 0 0 0 1 0 1)              84.520
16747      (1 0 2 6 1 2 1)              84.518
16748      (1 0 2 6 1 2 1)              84.516
16749      (1 0 1 3 1 1 1)              84.514
16750      (1 0 2 6 1 2 1)              84.511
16751      (1 0 4 2 0 2 0)              84.510
16752      (1 0 0 0 1 2 1)              84.510
16753      (0 1 4 6 1 0 1)              84.506
16754      (1 0 2 3 1 2 1)              84.504
16755      (1 0 2 3 1 0 1)              84.503
16756      (1 0 2 6 1 1 0)              84.501
16757      (1 0 2 3 1 2 1)              84.500
16758      (1 0 2 3 2 2 1)              84.498
16759      (1 0 2 3 1 2 1)              84.497
16760      (1 0 2 3 1 1 1)              84.495
16761      (1 0 4 3 0 2 0)              84.493
16762      (1 0 4 6 1 2 1)              84.493
16763      (1 0 1 5 1 1 1)              84.489
16764      (1 0 2 3 1 2 1)              84.488
16765      (1 0 2 3 1 1 1)              84.487
16766      (1 0 1 5 1 1 1)              84.483
16767      (1 0 1 5 1 1 1)              84.480
16768      (1 0 4 2 2 1 2)              84.479
16769      (1 0 2 3 1 0 1)              84.478
16770      (1 0 2 3 1 1 1)              84.476
16771      (1 0 2 3 1 2 1)              84.475
16772      (1 0 2 6 1 2 1)              84.474
16773      (1 0 1 5 1 1 1)              84.470
16774      (1 0 1 0 1 1 1)              84.468
16775      (1 0 2 3 1 0 1)              84.467
16776      (1 0 2 2 1 0 1)              84.465
16777      (1 0 2 2 1 2 1)              84.465
16778      (1 0 1 5 1 1 1)              84.462
16779      (1 0 2 6 1 2 1)              84.461
16780      (1 0 2 6 1 2 1)              84.459
16781      (1 0 4 6 1 2 1)              84.459
16782      (1 0 2 6 1 1 1)              84.457
16783      (1 0 1 5 1 1 1)              84.455
16784      (1 0 1 5 1 1 1)              84.454
16785      (1 0 2 2 1 1 1)              84.453
16786      (1 0 2 3 0 0 0)              84.452
16787      (1 0 2 3 1 1 1)              84.450
16788      (1 0 2 3 1 1 0)              84.448
16789      (1 0 1 5 1 1 1)              84.444
16790      (1 0 2 3 1 0 1)              84.443
16791      (1 0 2 3 1 2 1)              84.442
16792      (1 0 0 5 0 2 0)              84.440
16793      (1 0 2 3 1 1 1)              84.439
16794      (1 0 2 3 1 2 1)              84.439
16795      (1 0 0 5 1 0 0)              84.439
16796      (1 0 2 3 1 2 1)              84.438
16797      (1 0 3 2 1 1 1)              84.435
16798      (1 0 0 0 1 1 1)              84.434
16799      (1 0 2 3 1 2 1)              84.434
16800      (1 0 0 0 0 0 0)              84.431
16801      (1 0 1 5 1 1 1)              84.428
16802      (1 0 2 3 2 1 2)              84.427
16803      (1 0 2 5 2 1 1)              84.426
16804      (1 0 2 3 2 1 2)              84.425
16805      (1 0 4 2 2 2 1)              84.424
16806      (1 0 1 5 1 2 1)              84.422
16807      (1 0 2 3 1 0 1)              84.420
16808      (1 0 2 3 1 2 1)              84.417
16809      (1 0 2 2 0 0 0)              84.415
16810      (1 0 3 3 1 0 1)              84.413
16811      (1 0 0 5 1 0 0)              84.413
16812      (1 0 2 3 1 0 1)              84.411
16813      (1 0 1 5 1 2 1)              84.409
16814      (1 0 2 3 1 1 1)              84.407
16815      (1 0 2 6 0 0 1)              84.405
16816      (1 0 2 6 1 2 1)              84.404
16817      (1 0 2 3 1 0 1)              84.402
16818      (1 0 2 3 1 2 1)              84.403
16819      (1 0 1 3 1 1 1)              84.401
16820      (1 0 0 0 1 0 1)              84.399
16821      (1 0 2 6 1 2 1)              84.396
16822      (1 0 2 3 1 2 1)              84.395
16823      (1 0 0 0 1 0 1)              84.393
16824      (1 0 2 3 0 0 0)              84.392
16825      (1 0 0 3 0 0 0)              84.390
16826      (1 0 2 3 1 1 1)              84.388
16827      (1 0 3 0 1 1 1)              84.387
16828      (1 0 2 3 1 0 1)              84.386
16829      (1 0 4 6 1 2 1)              84.386
16830      (1 0 2 3 1 0 1)              84.384
16831      (1 0 4 6 0 1 0)              84.382
16832      (1 0 2 5 1 0 1)              84.380
16833      (1 0 2 6 1 2 1)              84.379
16834      (1 0 4 6 1 2 1)              84.380
16835      (1 0 2 3 1 2 1)              84.379
16836      (1 0 0 0 1 2 1)              84.378
16837      (1 0 2 6 1 2 1)              84.377
16838      (1 0 0 0 0 0 0)              84.374
16839      (1 0 2 3 0 0 0)              84.371
16840      (1 0 2 3 0 2 0)              84.368
16841      (1 0 4 3 0 2 0)              84.367
16842      (1 0 2 2 1 2 1)              84.366
16843      (1 0 2 3 1 0 1)              84.364
16844      (1 0 1 6 2 2 1)              84.363
16845      (1 0 2 3 1 0 1)              84.361
16846      (1 0 2 5 0 1 0)              84.361
16847      (1 0 3 2 1 1 1)              84.359
16848      (1 0 2 3 0 2 0)              84.356
16849      (1 0 2 3 1 1 1)              84.355
16850      (1 0 0 0 1 2 0)              84.355
16851      (1 0 2 3 1 0 1)              84.353
16852      (1 0 2 6 1 2 1)              84.351
16853      (1 0 0 3 0 0 0)              84.349
16854      (1 0 1 3 1 2 1)              84.347
16855      (1 0 0 0 1 1 1)              84.346
16856      (1 0 2 6 1 2 1)              84.344
16857      (1 0 0 0 0 0 0)              84.341
16858      (1 0 1 0 1 1 1)              84.339
16859      (1 0 2 3 1 2 1)              84.338
16860      (1 0 1 5 1 2 1)              84.337
16861      (1 0 3 2 1 1 1)              84.334
16862      (1 0 3 2 0 0 1)              84.333
16863      (1 0 2 3 0 0 1)              84.330
16864      (1 0 2 3 1 0 1)              84.328
16865      (1 0 2 6 1 1 0)              84.326
16866      (1 0 3 1 1 0 0)              84.324
16867      (1 0 4 0 2 2 1)              84.321
16868      (1 0 1 5 1 1 1)              84.318
16869      (1 0 2 0 2 1 2)              84.315
16870      (1 0 2 3 1 2 1)              84.315
16871      (1 0 2 4 1 1 1)              84.312
16872      (1 0 2 6 1 1 1)              84.312
16873      (1 0 2 3 2 1 2)              84.311
16874      (1 0 3 2 1 1 1)              84.309
16875      (1 0 2 6 1 2 1)              84.307
16876      (1 0 2 3 0 0 0)              84.306
16877      (1 0 2 6 1 2 1)              84.304
16878      (1 0 3 2 2 2 1)              84.303
16879      (1 0 4 0 2 2 1)              84.299
16880      (1 0 1 5 1 2 1)              84.298
16881      (1 0 1 0 1 1 1)              84.295
16882      (1 0 2 2 1 0 1)              84.294
16883      (1 0 1 5 1 1 1)              84.290
16884      (1 0 2 3 2 1 2)              84.290
16885      (1 0 2 6 1 2 1)              84.288
16886      (1 0 2 6 1 2 1)              84.287
16887      (1 0 4 6 1 2 1)              84.286
16888      (1 0 1 5 1 1 1)              84.286
16889      (1 0 2 5 0 2 0)              84.284
16890      (1 0 0 0 1 2 0)              84.283
16891      (1 0 1 5 1 1 1)              84.280
16892      (1 0 1 6 2 2 1)              84.278
16893      (1 0 2 2 0 0 1)              84.277
16894      (1 0 2 3 2 0 2)              84.277
16895      (1 0 4 2 2 1 2)              84.276
16896      (1 0 4 2 1 1 1)              84.274
16897      (1 0 3 1 1 0 0)              84.272
16898      (1 0 2 3 1 0 1)              84.270
16899      (1 0 2 3 1 2 0)              84.269
16900      (1 0 4 2 1 2 1)              84.267
16901      (1 0 0 3 0 0 0)              84.265
16902      (1 0 2 3 1 2 1)              84.264
16903      (1 0 3 2 1 1 1)              84.261
16904      (1 0 2 3 1 2 1)              84.261
16905      (1 0 1 5 1 1 1)              84.258
16906      (1 0 2 3 1 0 1)              84.257
16907      (1 0 2 3 2 2 2)              84.256
16908      (1 0 4 2 1 1 1)              84.253
16909      (1 0 2 3 2 2 1)              84.252
16910      (1 0 2 4 1 1 1)              84.249
16911      (1 0 2 3 1 1 1)              84.248
16912      (1 0 0 0 2 2 1)              84.247
16913      (1 0 4 2 1 2 1)              84.247
16914      (1 0 2 3 1 0 1)              84.245
16915      (1 0 0 0 0 0 0)              84.243
16916      (1 0 2 3 1 0 1)              84.244
16917      (1 0 2 6 1 2 1)              84.242
16918      (1 0 2 3 2 2 1)              84.241
16919      (1 0 1 5 1 2 1)              84.238
16920      (1 0 2 5 0 2 0)              84.237
16921      (1 0 2 3 1 0 2)              84.234
16922      (1 0 4 6 1 2 1)              84.233
16923      (1 0 2 3 0 0 1)              84.231
16924      (1 0 4 6 0 1 0)              84.229
16925      (1 0 0 5 1 0 0)              84.228
16926      (1 0 4 3 1 0 1)              84.225
16927      (1 0 4 2 1 2 1)              84.224
16928      (1 0 2 3 2 2 1)              84.222
16929      (1 0 4 2 2 2 1)              84.221
16930      (1 0 0 0 0 0 0)              84.218
16931      (1 0 4 4 2 1 1)              84.217
16932      (1 0 2 3 1 1 1)              84.216
16933      (1 0 2 3 2 1 2)              84.215
16934      (1 0 2 3 1 2 1)              84.214
16935      (1 0 1 5 1 1 1)              84.211
16936      (1 0 2 3 1 2 1)              84.208
16937      (1 0 2 3 0 2 0)              84.205
16938      (1 0 0 0 1 0 1)              84.205
16939      (1 0 1 0 0 2 0)              84.203
16940      (1 0 2 3 1 2 1)              84.202
16941      (1 0 2 3 1 0 1)              84.200
16942      (1 0 1 5 1 1 1)              84.197
16943      (1 0 2 3 1 1 1)              84.196
16944      (0 0 3 6 0 0 0)              84.192
16945      (1 0 2 3 1 2 1)              84.192
16946      (1 0 1 5 1 1 1)              84.188
16947      (1 0 1 1 1 2 1)              84.188
16948      (1 0 1 5 1 1 1)              84.187
16949      (1 0 2 3 1 1 1)              84.185
16950      (1 0 2 3 0 2 0)              84.183
16951      (1 0 2 3 1 0 1)              84.180
16952      (1 0 4 2 1 1 1)              84.180
16953      (1 0 2 3 1 1 1)              84.179
16954      (1 0 2 3 1 2 1)              84.179
16955      (1 0 2 3 2 1 2)              84.179
16956      (1 0 0 0 2 2 1)              84.178
16957      (1 0 2 6 1 1 1)              84.178
16958      (1 0 2 6 1 2 1)              84.177
16959      (1 0 4 2 2 1 2)              84.176
16960      (1 0 2 3 1 1 1)              84.174
16961      (1 0 1 5 1 2 1)              84.172
16962      (1 0 2 3 1 2 1)              84.171
16963      (1 0 2 5 2 1 1)              84.170
16964      (1 0 1 5 1 1 1)              84.169
16965      (1 0 1 5 1 1 1)              84.166
16966      (1 0 2 3 1 0 1)              84.165
16967      (1 0 0 4 1 2 1)              84.164
16968      (1 0 2 3 1 2 1)              84.163
16969      (1 0 4 6 1 2 1)              84.162
16970      (1 0 2 3 1 2 1)              84.162
16971      (1 0 1 5 1 1 1)              84.158
16972      (1 0 2 2 1 0 1)              84.157
16973      (1 0 2 4 1 1 1)              84.154
16974      (1 0 4 2 2 1 2)              84.154
16975      (1 0 2 5 0 2 0)              84.152
16976      (1 0 1 5 1 1 1)              84.149
16977      (1 0 2 3 1 0 1)              84.147
16978      (1 0 2 3 0 2 0)              84.145
16979      (1 0 0 0 0 0 0)              84.142
16980      (1 0 4 4 2 1 2)              84.139
16981      (1 0 2 3 1 0 1)              84.138
16982      (1 0 0 0 1 1 1)              84.137
16983      (1 0 1 5 1 2 1)              84.136
16984      (1 0 0 0 1 2 1)              84.135
16985      (1 0 4 2 1 2 1)              84.134
16986      (1 0 0 0 1 0 1)              84.133
16987      (1 0 4 6 1 2 1)              84.133
16988      (1 0 2 4 1 1 1)              84.131
16989      (1 0 2 6 1 2 1)              84.128
16990      (1 0 4 3 1 1 1)              84.126
16991      (1 0 4 2 1 2 1)              84.124
16992      (1 0 0 0 0 0 0)              84.123
16993      (1 0 1 5 1 1 1)              84.120
16994      (1 0 2 3 1 0 1)              84.118
16995      (1 0 1 0 1 1 1)              84.116
16996      (1 0 2 3 0 0 0)              84.115
16997      (1 0 2 3 1 1 1)              84.115
16998      (1 0 0 0 0 0 0)              84.112
16999      (1 0 2 3 1 0 1)              84.111
17000      (1 0 2 3 1 2 1)              84.110
17001      (1 0 2 3 1 1 1)              84.108
17002      (1 0 2 5 0 2 0)              84.107
17003      (1 0 0 3 1 1 1)              84.106
17004      (1 0 2 3 0 0 0)              84.107
17005      (1 0 2 3 1 2 1)              84.106
17006      (1 0 2 3 1 2 1)              84.105
17007      (1 0 2 6 1 2 1)              84.104
17008      (1 0 1 5 1 1 1)              84.100
17009      (1 0 2 3 1 1 1)              84.099
17010      (1 0 1 3 2 1 1)              84.097
17011      (1 0 2 3 2 2 2)              84.097
17012      (1 0 4 0 2 2 1)              84.093
17013      (1 0 4 6 0 2 0)              84.091
17014      (1 0 2 6 1 2 1)              84.089
17015      (1 0 0 0 1 2 0)              84.088
17016      (1 0 1 0 1 1 1)              84.086
17017      (1 0 4 0 2 2 1)              84.083
17018      (1 0 2 3 0 0 0)              84.081
17019      (1 0 4 2 1 2 1)              84.080
17020      (1 0 4 0 1 2 1)              84.077
17021      (1 0 2 4 0 0 0)              84.076
17022      (1 0 1 5 1 1 1)              84.072
17023      (1 0 2 3 2 1 2)              84.069
17024      (1 0 2 3 1 2 1)              84.069
17025      (1 0 2 2 1 0 1)              84.068
17026      (1 0 2 6 1 1 0)              84.067
17027      (1 0 2 3 1 2 1)              84.066
17028      (1 0 2 3 1 1 1)              84.064
17029      (1 0 2 3 1 2 1)              84.063
17030      (1 0 3 1 1 1 1)              84.061
17031      (1 0 2 2 1 2 0)              84.061
17032      (1 0 2 3 1 1 1)              84.059
17033      (1 0 2 5 2 1 1)              84.057
17034      (1 0 0 0 0 0 0)              84.055
17035      (1 0 2 6 1 2 1)              84.053
17036      (1 0 4 2 1 2 1)              84.051
17037      (1 0 0 3 1 1 1)              84.050
17038      (1 0 2 3 1 1 1)              84.049
17039      (1 0 2 3 1 1 1)              84.047
17040      (1 0 0 0 0 0 0)              84.044
17041      (1 0 3 2 1 1 1)              84.041
17042      (1 0 1 5 1 1 1)              84.038
17043      (1 0 2 4 1 1 1)              84.036
17044      (1 0 2 3 2 1 2)              84.032
17045      (1 0 2 3 1 2 1)              84.032
17046      (1 0 2 3 1 2 1)              84.031
17047      (1 0 2 6 1 1 0)              84.029
17048      (1 0 0 0 1 2 1)              84.029
17049      (1 0 0 0 0 2 1)              84.029
17050      (1 0 2 3 2 0 2)              84.029
17051      (1 0 2 6 1 2 1)              84.027
17052      (1 0 4 2 1 2 1)              84.026
17053      (1 0 2 3 1 0 1)              84.025
17054      (1 0 2 3 1 0 1)              84.026
17055      (1 0 1 5 1 2 1)              84.024
17056      (1 0 2 3 1 2 1)              84.024
17057      (1 0 2 3 1 0 1)              84.023
17058      (1 0 2 0 2 1 2)              84.020
17059      (1 0 2 3 1 2 1)              84.020
17060      (1 0 2 3 2 1 2)              84.016
17061      (1 0 2 3 1 2 1)              84.016
17062      (1 0 3 2 1 2 1)              84.014
17063      (1 0 2 5 0 0 0)              84.012
17064      (1 0 2 5 2 1 1)              84.010
17065      (1 0 2 3 1 2 1)              84.009
17066      (1 0 2 3 1 2 1)              84.009
17067      (1 0 2 3 1 2 1)              84.008
17068      (1 0 2 3 1 2 1)              84.006
17069      (1 0 2 3 1 2 1)              84.006
17070      (1 0 4 3 1 0 1)              84.004
17071      (1 0 2 6 1 2 1)              84.003
17072      (1 0 1 5 1 1 1)              84.000
17073      (1 0 1 5 1 1 1)              83.997
17074      (1 0 1 5 1 1 1)              83.994
17075      (1 0 2 6 1 1 0)              83.991
17076      (1 0 2 6 1 2 1)              83.990
17077      (1 0 2 3 2 0 2)              83.990
17078      (1 0 2 6 1 1 0)              83.988
17079      (1 0 4 2 0 0 0)              83.985
17080      (1 0 0 0 1 2 0)              83.984
17081      (1 0 2 3 1 0 1)              83.983
17082      (1 0 2 3 1 1 1)              83.982
17083      (1 0 2 3 1 2 1)              83.982
17084      (1 0 2 2 0 1 0)              83.979
17085      (1 0 2 3 1 1 0)              83.977
17086      (1 0 2 3 1 2 0)              83.975
17087      (1 0 0 0 1 0 1)              83.975
17088      (0 1 4 6 1 0 1)              83.971
17089      (1 0 3 2 1 2 1)              83.969
17090      (1 0 2 3 2 1 2)              83.968
17091      (1 0 2 3 1 2 1)              83.968
17092      (1 0 2 6 1 2 1)              83.966
17093      (1 0 4 2 1 2 1)              83.964
17094      (1 0 4 3 1 2 0)              83.963
17095      (1 0 2 2 1 0 1)              83.961
17096      (1 0 4 2 0 0 0)              83.958
17097      (1 0 2 6 1 2 1)              83.957
17098      (1 0 2 3 0 2 0)              83.955
17099      (1 0 2 4 0 0 0)              83.953
17100      (1 0 2 6 1 2 1)              83.952
17101      (1 0 0 3 0 0 0)              83.949
17102      (1 0 1 5 1 1 1)              83.946
17103      (1 0 4 6 1 2 1)              83.946
17104      (1 0 2 4 1 1 1)              83.944
17105      (1 0 4 2 1 2 1)              83.944
17106      (1 0 3 2 1 2 1)              83.942
17107      (1 0 1 5 1 1 1)              83.939
17108      (1 0 2 0 2 1 2)              83.937
17109      (1 0 0 3 1 1 1)              83.936
17110      (1 0 2 3 2 1 2)              83.933
17111      (1 0 2 3 0 2 0)              83.930
17112      (1 0 1 5 1 2 1)              83.930
17113      (1 0 0 0 0 0 0)              83.927
17114      (1 0 2 3 1 1 1)              83.926
17115      (1 0 4 4 2 1 1)              83.925
17116      (1 0 4 6 0 1 0)              83.923
17117      (1 0 1 5 1 1 1)              83.919
17118      (1 0 3 1 1 1 1)              83.918
17119      (1 0 4 4 2 1 1)              83.917
17120      (1 0 2 3 1 1 1)              83.915
17121      (1 0 2 6 1 2 1)              83.914
17122      (1 0 2 3 1 2 1)              83.913
17123      (1 0 0 5 1 1 1)              83.912
17124      (1 0 2 3 1 1 1)              83.911
17125      (1 0 1 5 1 2 1)              83.908
17126      (1 0 2 3 1 2 1)              83.908
17127      (1 0 0 0 1 0 1)              83.906
17128      (1 0 4 6 1 2 1)              83.905
17129      (1 0 2 3 1 0 2)              83.905
17130      (1 0 0 0 1 0 1)              83.904
17131      (1 0 2 3 1 2 1)              83.903
17132      (1 0 2 3 2 1 2)              83.902
17133      (1 0 2 3 1 1 1)              83.901
17134      (1 0 4 4 0 2 0)              83.900
17135      (1 0 2 6 1 2 1)              83.899
17136      (1 0 2 6 1 1 1)              83.897
17137      (1 0 4 2 1 2 1)              83.895
17138      (1 0 2 3 1 2 1)              83.895
17139      (1 0 1 5 1 1 1)              83.892
17140      (1 0 1 0 1 1 1)              83.889
17141      (1 0 2 6 1 2 1)              83.888
17142      (1 0 2 6 1 1 1)              83.888
17143      (1 0 2 0 2 2 1)              83.884
17144      (1 0 1 5 1 1 1)              83.881
17145      (1 0 1 0 1 1 1)              83.879
17146      (1 0 2 3 1 2 1)              83.878
17147      (1 0 0 3 0 0 0)              83.876
17148      (1 0 4 2 1 2 1)              83.874
17149      (1 0 2 3 2 2 2)              83.873
17150      (1 0 1 5 1 1 1)              83.870
17151      (1 0 1 5 0 2 0)              83.867
17152      (1 0 4 4 0 2 0)              83.865
17153      (1 0 2 6 1 2 1)              83.864
17154      (1 0 4 5 2 1 2)              83.862
17155      (1 0 2 5 0 2 0)              83.862
17156      (1 0 4 0 1 2 1)              83.859
17157      (1 0 2 5 1 1 1)              83.858
17158      (1 0 2 3 2 1 2)              83.855
17159      (1 0 2 6 1 2 1)              83.854
17160      (1 0 0 0 1 0 1)              83.855
17161      (1 0 2 3 1 2 1)              83.851
17162      (1 0 2 6 1 2 1)              83.849
17163      (1 0 2 3 2 1 2)              83.849
17164      (1 0 2 3 1 2 1)              83.848
17165      (1 0 2 6 1 2 1)              83.847
17166      (1 0 4 2 1 2 1)              83.845
17167      (1 0 2 2 1 0 1)              83.844
17168      (1 0 2 3 1 1 1)              83.841
17169      (1 0 2 6 1 2 1)              83.839
17170      (1 0 4 2 0 2 0)              83.838
17171      (1 0 0 0 0 0 0)              83.836
17172      (1 0 4 5 2 1 2)              83.834
17173      (1 0 2 3 1 0 1)              83.833
17174      (1 0 2 3 2 1 2)              83.829
17175      (1 0 2 3 2 2 1)              83.828
17176      (1 0 0 1 1 2 1)              83.827
17177      (1 0 2 6 1 2 1)              83.826
17178      (1 0 2 3 1 1 1)              83.824
17179      (1 0 2 5 2 1 1)              83.822
17180      (1 0 2 2 1 0 2)              83.821
17181      (1 0 2 6 1 2 1)              83.820
17182      (1 0 1 5 1 1 1)              83.818
17183      (1 0 1 3 1 0 1)              83.816
17184      (1 0 0 2 2 2 1)              83.814
17185      (1 0 2 3 1 2 1)              83.812
17186      (1 0 4 2 1 2 1)              83.811
17187      (1 0 2 3 1 2 1)              83.810
17188      (1 0 0 0 2 2 2)              83.808
17189      (1 0 4 2 2 1 2)              83.807
17190      (1 0 0 5 1 0 0)              83.806
17191      (1 0 2 3 1 1 1)              83.805
17192      (1 0 0 0 0 0 0)              83.802
17193      (1 0 1 5 1 1 1)              83.799
17194      (1 0 2 3 1 2 1)              83.798
17195      (1 0 4 2 2 1 2)              83.798
17196      (1 0 4 3 1 0 1)              83.795
17197      (1 0 2 6 1 2 1)              83.794
17198      (1 0 2 6 1 2 1)              83.792
17199      (1 0 2 3 2 1 2)              83.791
17200      (1 0 2 5 1 0 1)              83.790
17201      (1 0 1 5 1 1 1)              83.787
17202      (1 0 1 5 1 1 1)              83.786
17203      (1 0 2 3 1 0 1)              83.785
17204      (1 0 0 5 1 1 1)              83.784
17205      (1 0 4 2 1 2 1)              83.783
17206      (1 0 3 1 1 1 1)              83.781
17207      (1 0 1 5 1 1 1)              83.779
17208      (1 0 4 4 2 1 1)              83.778
17209      (1 0 2 3 1 2 1)              83.779
17210      (1 0 2 3 1 2 1)              83.778
17211      (1 0 2 3 1 2 1)              83.777
17212      (1 0 2 6 1 2 1)              83.775
17213      (1 0 2 6 1 2 1)              83.774
17214      (1 0 2 2 0 1 0)              83.771
17215      (1 0 4 4 0 2 0)              83.769
17216      (1 0 4 2 0 0 0)              83.766
17217      (1 0 1 0 1 1 1)              83.763
17218      (1 0 4 2 1 2 1)              83.762
17219      (1 0 4 6 1 2 1)              83.761
17220      (1 0 2 6 1 2 1)              83.760
17221      (1 0 4 6 0 2 0)              83.757
17222      (1 0 4 5 1 2 0)              83.755
17223      (1 0 2 6 1 2 1)              83.753
17224      (1 0 2 3 1 1 0)              83.751
17225      (1 0 2 3 1 0 1)              83.750
17226      (1 0 1 5 1 1 1)              83.747
17227      (1 0 2 6 1 2 1)              83.745
17228      (1 0 3 2 2 2 1)              83.743
17229      (1 0 2 3 2 1 2)              83.743
17230      (1 0 2 3 1 0 1)              83.742
17231      (1 0 0 0 0 0 0)              83.738
17232      (1 0 1 2 1 2 1)              83.738
17233      (1 0 3 0 0 0 0)              83.735
17234      (1 0 2 4 1 1 1)              83.733
17235      (1 0 3 0 1 1 1)              83.731
17236      (1 0 2 6 1 1 1)              83.729
17237      (1 0 1 3 1 2 1)              83.727
17238      (1 0 2 3 0 0 0)              83.724
17239      (1 0 0 0 0 0 0)              83.722
17240      (1 0 0 0 0 2 0)              83.720
17241      (1 0 0 0 2 2 1)              83.719
17242      (1 0 4 6 1 2 1)              83.718
17243      (1 0 2 3 1 2 1)              83.717
17244      (1 0 2 3 2 1 2)              83.714
17245      (1 0 2 3 0 0 0)              83.711
17246      (1 0 2 4 1 1 1)              83.709
17247      (1 0 1 5 1 2 1)              83.706
17248      (1 0 2 3 0 0 0)              83.706
17249      (1 0 0 0 1 2 0)              83.705
17250      (1 0 1 0 1 1 1)              83.703
17251      (1 0 4 0 2 2 1)              83.699
17252      (1 0 2 3 1 2 1)              83.699
17253      (1 0 2 3 1 1 1)              83.697
17254      (1 0 4 3 1 1 1)              83.695
17255      (1 0 2 6 1 2 1)              83.692
17256      (1 0 2 2 2 2 1)              83.691
17257      (1 0 2 6 1 2 1)              83.689
17258      (1 0 2 2 1 2 0)              83.689
17259      (1 0 2 3 1 0 1)              83.687
17260      (1 0 2 3 1 0 1)              83.686
17261      (1 0 2 3 1 0 1)              83.685
17262      (1 0 0 0 1 0 1)              83.684
17263      (1 0 4 4 2 1 1)              83.683
17264      (1 0 2 3 2 0 2)              83.683
17265      (1 0 4 6 1 2 1)              83.684
17266      (1 0 2 6 1 2 1)              83.682
17267      (1 0 2 3 1 1 1)              83.680
17268      (1 0 2 3 1 1 1)              83.679
17270      (1 0 2 3 2 1 2)              83.676
17271      (1 0 3 3 1 1 1)              83.674
17272      (1 0 2 6 1 2 1)              83.673
17273      (1 0 1 0 0 2 0)              83.670
17274      (1 0 2 3 1 1 1)              83.669
17275      (1 0 2 3 1 2 1)              83.668
17276      (1 0 2 0 0 0 0)              83.667
17277      (1 0 4 4 0 2 0)              83.667
17278      (1 0 2 3 2 1 2)              83.663
17279      (1 0 2 3 1 0 2)              83.663
17280      (1 0 0 0 0 0 0)              83.660
17281      (1 0 4 0 1 2 1)              83.657
17282      (1 0 2 6 1 2 1)              83.655
17283      (1 0 0 0 1 0 1)              83.655
17284      (1 0 2 5 1 2 1)              83.655
17285      (1 0 0 0 1 2 0)              83.654
17286      (1 0 3 3 1 1 1)              83.653
17287      (1 0 4 2 1 2 1)              83.651
17288      (1 0 2 3 1 2 1)              83.651
17289      (1 0 2 3 2 1 2)              83.651
17290      (1 0 4 2 1 2 1)              83.649
17291      (1 0 4 3 1 1 1)              83.648
17292      (1 0 1 5 1 2 1)              83.645
17293      (1 0 2 3 0 0 0)              83.645
17294      (1 0 2 3 2 1 2)              83.645
17295      (1 0 1 5 1 1 1)              83.642
17296      (1 0 2 3 1 0 1)              83.641
17297      (1 0 0 0 1 2 0)              83.640
17298      (1 0 2 2 1 0 1)              83.638
17299      (1 0 0 0 1 0 1)              83.639
17300      (1 0 4 6 1 1 1)              83.640
17301      (1 0 2 3 1 2 1)              83.639
17302      (1 0 2 6 1 2 1)              83.637
17303      (1 0 4 2 1 2 1)              83.636
17304      (1 0 2 3 1 2 1)              83.635
17305      (1 0 2 3 1 1 1)              83.634
17306      (1 0 2 3 2 1 2)              83.634
17307      (1 0 2 6 1 2 1)              83.632
17308      (1 0 2 5 2 1 1)              83.631
17309      (1 0 4 6 0 0 0)              83.629
17310      (1 0 0 3 1 1 1)              83.628
17311      (1 0 2 6 1 2 1)              83.628
17312      (1 0 0 0 1 0 1)              83.627
17313      (1 0 2 6 1 1 1)              83.627
17314      (1 0 2 3 1 0 1)              83.626
17315      (1 0 2 3 1 1 1)              83.624
17316      (1 0 2 6 1 1 1)              83.622
17317      (1 0 4 6 1 2 1)              83.622
17318      (1 0 3 3 2 1 2)              83.619
17319      (1 0 2 3 1 0 1)              83.617
17320      (1 0 2 6 1 2 1)              83.616
17321      (1 0 2 3 1 2 1)              83.615
17322      (1 0 2 5 1 0 1)              83.613
17323      (1 0 2 3 2 2 2)              83.613
17324      (1 0 2 3 1 2 1)              83.612
17325      (1 0 2 3 1 0 1)              83.611
17326      (1 0 2 3 1 0 1)              83.609
17327      (1 0 1 5 1 2 1)              83.606
17328      (1 0 2 3 1 1 1)              83.604
17329      (1 0 4 6 1 2 1)              83.603
17330      (1 0 2 3 1 1 1)              83.602
17331      (1 0 2 3 1 0 1)              83.600
17332      (1 0 3 1 1 1 1)              83.599
17333      (1 0 4 5 1 2 0)              83.596
17334      (1 0 2 3 1 1 1)              83.596
17335      (1 0 3 2 1 1 1)              83.593
17336      (1 0 2 3 0 0 0)              83.593
17337      (1 0 4 6 1 2 1)              83.593
17338      (1 0 4 2 2 2 1)              83.592
17339      (1 0 3 2 1 1 1)              83.590
17340      (1 0 1 3 0 1 0)              83.587
17341      (1 0 2 3 1 1 1)              83.586
17342      (1 0 2 4 0 0 0)              83.584
17343      (1 0 2 3 1 0 1)              83.583
17344      (1 0 0 5 1 0 0)              83.582
17345      (1 0 4 6 1 2 1)              83.581
17346      (1 0 2 3 1 0 2)              83.580
17347      (1 0 0 3 1 1 1)              83.579
17348      (1 0 0 0 0 0 0)              83.578
17349      (1 0 0 0 1 2 1)              83.577
17350      (1 0 2 3 1 2 1)              83.576
17351      (1 0 4 6 1 2 1)              83.576
17352      (1 0 2 4 0 0 1)              83.574
17353      (1 0 2 3 1 2 1)              83.573
17354      (1 0 1 5 1 2 1)              83.573
17355      (1 0 1 0 1 1 1)              83.570
17356      (1 0 1 1 2 1 2)              83.567
17357      (1 0 2 6 1 2 1)              83.566
17358      (1 0 2 3 1 2 1)              83.567
17359      (1 0 4 2 2 1 2)              83.566
17360      (1 0 1 5 0 2 0)              83.563
17361      (1 0 0 0 1 0 1)              83.561
17362      (1 0 1 5 1 1 1)              83.558
17363      (1 0 2 6 1 2 1)              83.557
17364      (1 0 4 2 1 2 1)              83.556
17365      (1 0 1 5 1 2 1)              83.553
17366      (1 0 1 5 0 2 0)              83.549
17367      (1 0 4 2 1 1 1)              83.547
17368      (1 0 0 0 2 2 1)              83.546
17369      (1 0 1 5 1 1 1)              83.543
17370      (1 0 4 0 1 2 1)              83.541
17371      (1 0 0 0 0 0 0)              83.538
17372      (1 0 2 3 1 2 1)              83.538
17373      (1 0 2 3 0 2 0)              83.535
17374      (1 0 0 5 1 0 0)              83.535
17375      (1 0 2 3 1 2 1)              83.534
17376      (1 0 2 3 1 2 1)              83.533
17377      (1 0 3 3 1 1 1)              83.532
17378      (1 0 2 3 1 0 1)              83.530
17379      (1 0 1 5 1 1 1)              83.527
17380      (1 0 2 2 1 0 1)              83.526
17381      (1 0 4 2 2 1 2)              83.525
17382      (1 0 2 3 1 1 1)              83.523
17383      (1 0 2 5 1 0 2)              83.523
17384      (1 0 2 6 1 2 1)              83.521
17385      (1 0 2 6 1 2 1)              83.520
17386      (1 0 2 3 1 1 1)              83.518
17387      (1 0 4 2 1 2 1)              83.517
17388      (1 0 2 3 1 2 1)              83.515
17389      (1 0 0 0 1 2 0)              83.514
17390      (1 0 0 0 0 0 0)              83.512
17391      (1 0 2 0 2 1 2)              83.510
17392      (1 0 2 3 2 1 2)              83.507
17393      (1 0 2 6 1 2 1)              83.505
17394      (1 0 2 3 1 2 1)              83.504
17395      (1 0 2 5 1 2 1)              83.504
17396      (1 0 4 2 1 2 1)              83.503
17397      (1 0 4 6 1 2 1)              83.502
17398      (1 0 0 6 0 1 0)              83.502
17399      (1 0 2 4 0 0 0)              83.500
17400      (1 0 3 1 1 1 1)              83.499
17401      (1 0 4 2 0 0 0)              83.495
17402      (1 0 1 5 1 2 1)              83.492
17403      (1 0 2 6 1 2 1)              83.491
17404      (1 0 2 3 2 2 2)              83.490
17405      (1 0 2 6 1 2 1)              83.488
17406      (1 0 2 3 1 2 1)              83.487
17407      (1 0 0 0 1 2 1)              83.486
17408      (0 0 1 4 2 2 1)              83.484
17409      (1 0 2 3 0 0 0)              83.482
17410      (1 0 1 5 1 1 1)              83.481
17411      (1 0 1 3 1 0 1)              83.480
17412      (1 0 1 5 1 1 1)              83.477
17413      (1 0 1 5 1 1 1)              83.474
17414      (1 0 0 3 0 0 0)              83.472
17415      (1 0 2 3 1 1 1)              83.469
17416      (1 0 4 2 1 2 1)              83.468
17417      (1 0 1 3 1 1 1)              83.465
17418      (1 0 4 4 0 2 0)              83.465
17419      (1 0 2 3 1 0 1)              83.464
17420      (1 0 2 6 1 2 1)              83.462
17421      (1 0 2 2 1 0 1)              83.460
17422      (1 0 2 3 1 2 1)              83.459
17423      (1 0 0 0 2 2 1)              83.459
17424      (1 0 2 3 1 2 1)              83.458
17425      (1 0 2 3 2 1 2)              83.458
17426      (1 0 0 0 1 2 1)              83.457
17427      (1 0 4 3 1 1 1)              83.455
17428      (1 0 2 3 1 2 1)              83.454
17429      (1 0 3 2 2 2 1)              83.453
17430      (1 0 4 2 1 1 1)              83.453
17431      (1 0 1 0 1 1 1)              83.451
17432      (1 0 2 6 1 2 1)              83.449
17433      (1 0 2 3 2 1 2)              83.449
17434      (1 0 2 3 1 1 1)              83.446
17435      (1 0 2 3 1 2 1)              83.446
17436      (1 0 1 5 1 1 1)              83.442
17437      (1 0 4 2 1 2 1)              83.441
17438      (1 0 4 2 1 1 1)              83.439
17439      (1 0 2 3 1 2 1)              83.438
17440      (1 0 2 3 1 2 1)              83.437
17441      (1 0 4 2 1 1 1)              83.435
17442      (1 0 4 0 1 1 0)              83.434
17443      (1 0 2 3 1 1 1)              83.433
17444      (1 0 2 3 1 1 1)              83.431
17445      (1 0 1 5 1 1 1)              83.430
17446      (1 0 2 4 0 0 0)              83.429
17447      (1 0 1 5 1 1 1)              83.426
17448      (1 0 2 5 2 1 1)              83.424
17449      (1 0 2 6 1 1 1)              83.424
17450      (1 0 2 3 1 0 1)              83.424
17451      (1 0 2 3 1 1 1)              83.422
17452      (1 0 2 3 1 0 1)              83.421
17453      (1 0 2 3 0 0 0)              83.418
17454      (1 0 2 3 1 1 1)              83.416
17455      (1 0 3 1 1 1 1)              83.415
17456      (1 0 2 4 0 0 0)              83.413
17457      (1 0 2 5 1 1 1)              83.412
17458      (1 0 2 3 1 2 1)              83.412
17459      (1 0 2 3 2 2 2)              83.411
17460      (1 0 2 6 1 1 1)              83.409
17461      (1 0 4 3 0 1 0)              83.406
17462      (1 0 4 3 0 1 0)              83.404
17463      (1 0 2 3 1 1 1)              83.402
17464      (1 0 2 2 1 0 1)              83.400
17465      (1 0 0 0 1 2 0)              83.399
17466      (1 0 2 6 1 1 1)              83.397
17467      (1 0 2 6 1 2 1)              83.396
17468      (1 0 2 6 0 0 1)              83.394
17469      (1 0 4 2 1 2 1)              83.393
17470      (1 0 3 3 1 1 1)              83.391
17471      (1 0 3 2 1 2 1)              83.390
17472      (1 0 0 0 1 2 0)              83.389
17473      (1 0 1 5 1 1 1)              83.386
17474      (0 1 4 6 2 1 1)              83.383
17475      (1 0 4 6 1 2 1)              83.382
17476      (1 0 2 3 1 2 1)              83.381
17477      (1 0 2 5 2 2 1)              83.379
17478      (1 0 1 3 2 1 1)              83.377
17479      (1 0 2 3 1 1 1)              83.376
17480      (1 0 2 3 0 2 0)              83.374
17481      (1 0 2 3 1 0 1)              83.372
17482      (1 0 2 3 1 1 1)              83.371
17483      (1 0 1 5 1 1 1)              83.367
17484      (1 0 2 4 1 1 1)              83.365
17485      (1 0 2 3 1 0 1)              83.364
17486      (1 0 1 2 0 0 0)              83.360
17487      (1 0 2 3 1 1 1)              83.359
17488      (1 0 4 6 0 1 0)              83.357
17489      (1 0 4 2 1 2 1)              83.355
17490      (1 0 2 3 1 1 1)              83.354
17491      (1 0 4 2 2 1 2)              83.354
17492      (1 0 2 3 1 1 1)              83.353
17493      (1 0 4 5 1 2 0)              83.351
17494      (1 0 2 3 1 0 2)              83.350
17495      (1 0 2 3 1 1 1)              83.349
17496      (1 0 2 3 1 1 1)              83.347
17497      (1 0 2 6 1 2 1)              83.346
17498      (1 0 2 6 1 2 1)              83.344
17499      (1 0 4 6 1 2 1)              83.344
17500      (1 0 4 2 1 2 1)              83.343
17501      (1 0 2 3 2 2 2)              83.342
17502      (1 0 2 5 2 1 1)              83.341
17503      (1 0 2 3 1 1 1)              83.339
17504      (1 0 2 6 1 1 0)              83.338
17505      (1 0 0 0 2 2 1)              83.337
17506      (1 0 3 2 1 2 1)              83.335
17507      (1 0 2 3 1 0 1)              83.335
17508      (1 0 4 3 1 2 1)              83.335
17509      (1 0 2 0 2 1 2)              83.333
17510      (1 0 4 6 1 1 1)              83.333
17511      (1 0 2 3 0 0 0)              83.330
17512      (1 0 2 5 2 1 1)              83.329
17513      (1 0 1 5 1 1 1)              83.326
17514      (1 0 4 4 0 2 0)              83.324
17515      (1 0 2 3 1 0 1)              83.323
17516      (1 0 2 5 1 0 1)              83.321
17517      (1 0 4 2 2 1 2)              83.321
17518      (1 0 1 5 1 2 1)              83.318
17519      (1 0 4 3 1 0 1)              83.316
17520      (1 0 2 2 1 1 1)              83.315
17521      (1 0 0 5 0 2 0)              83.314
17522      (1 0 2 3 0 0 0)              83.311
17523      (1 0 3 1 0 1 1)              83.308
17524      (1 0 4 0 1 2 1)              83.306
17525      (1 0 2 0 2 1 2)              83.304
17526      (1 0 2 3 2 1 2)              83.304
17527      (1 0 4 2 2 2 1)              83.303
17528      (1 0 4 6 1 2 1)              83.303
17529      (1 0 2 6 1 2 1)              83.302
17530      (1 0 2 3 1 0 1)              83.301
17531      (1 0 2 6 1 1 1)              83.301
17532      (1 0 4 2 1 2 1)              83.300
17533      (1 0 4 4 2 1 1)              83.299
17534      (1 0 4 5 2 1 2)              83.298
17535      (1 0 1 5 1 2 1)              83.294
17536      (1 0 2 3 1 0 1)              83.294
17537      (1 0 1 0 0 2 0)              83.291
17538      (1 0 2 3 1 0 1)              83.291
17539      (1 0 2 3 1 2 1)              83.290
17540      (1 0 0 3 0 0 0)              83.288
17541      (1 0 1 5 1 2 1)              83.285
17542      (1 0 2 3 2 1 2)              83.286
17543      (1 0 0 0 1 0 1)              83.285
17544      (1 0 0 3 1 1 1)              83.284
17545      (1 0 2 3 0 2 0)              83.282
17546      (1 0 4 4 2 1 1)              83.281
17547      (1 0 2 3 0 0 0)              83.281
17548      (1 0 4 3 1 1 1)              83.278
17549      (1 0 0 0 1 0 1)              83.278
17550      (1 0 2 3 1 2 1)              83.277
17551      (1 0 2 3 1 2 1)              83.278
17552      (1 0 2 6 0 0 1)              83.276
17553      (1 0 4 2 0 0 0)              83.273
17554      (1 0 2 3 1 1 1)              83.272
17555      (1 0 4 4 0 2 0)              83.270
17556      (1 0 4 0 2 2 1)              83.267
17557      (1 0 3 1 1 2 1)              83.266
17558      (1 0 0 0 2 2 1)              83.266
17559      (1 0 2 3 1 2 1)              83.265
17560      (1 0 1 5 1 2 1)              83.263
17561      (1 0 3 2 1 1 1)              83.261
17562      (1 0 2 3 1 2 1)              83.260
17563      (1 0 4 6 0 1 0)              83.258
17564      (1 0 2 3 1 2 1)              83.257
17565      (1 0 1 0 1 0 1)              83.256
17566      (1 0 2 3 2 1 1)              83.256
17567      (1 0 1 3 0 1 0)              83.252
17568      (1 0 0 6 0 1 0)              83.252
17569      (1 0 0 0 0 0 0)              83.252
17570      (1 0 0 0 1 0 1)              83.250
17571      (1 0 4 0 2 2 1)              83.247
17572      (1 0 2 6 1 2 1)              83.246
17573      (1 0 2 3 2 2 1)              83.244
17574      (1 0 2 6 1 2 1)              83.243
17575      (1 0 2 3 1 0 1)              83.242
17576      (1 0 2 6 1 1 1)              83.242
17577      (1 0 2 5 1 0 2)              83.242
17578      (1 0 4 3 1 0 1)              83.239
17579      (1 0 1 5 1 2 1)              83.237
17580      (1 0 2 3 2 1 2)              83.234
17581      (1 0 2 6 1 2 1)              83.232
17582      (1 0 2 3 2 1 2)              83.229
17583      (0 1 4 6 1 1 0)              83.227
17584      (1 0 2 3 1 2 1)              83.228
17585      (1 0 4 4 0 2 0)              83.226
17586      (1 0 2 3 1 1 1)              83.226
17587      (1 0 2 3 1 2 1)              83.225
17588      (1 0 2 3 1 0 1)              83.226
17589      (1 0 0 0 1 2 0)              83.225
17590      (1 0 3 3 1 1 1)              83.224
17591      (1 0 0 0 1 2 1)              83.223
17592      (1 0 1 5 1 1 1)              83.220
17593      (1 0 2 6 1 1 1)              83.220
17594      (1 0 0 5 1 1 1)              83.220
17595      (1 0 2 3 1 0 1)              83.221
17596      (1 0 3 3 1 0 1)              83.219
17597      (1 0 0 0 1 2 1)              83.218
17598      (1 0 4 6 1 2 1)              83.218
17599      (1 0 2 3 1 2 1)              83.219
17600      (1 0 4 3 1 0 1)              83.216
17601      (1 0 2 3 2 2 2)              83.216
17602      (1 0 2 3 1 2 1)              83.215
17603      (1 0 3 1 1 1 1)              83.214
17604      (1 0 2 3 1 0 1)              83.212
17605      (1 0 2 6 1 2 1)              83.211
17606      (1 0 4 2 2 1 2)              83.210
17607      (1 0 2 3 0 2 0)              83.208
17608      (1 0 4 0 2 2 1)              83.205
17609      (1 0 0 5 0 2 0)              83.203
17612      (1 0 1 5 1 2 1)              83.200
17613      (1 0 4 2 2 2 1)              83.199
17614      (1 0 2 3 2 2 2)              83.199
17615      (1 0 2 6 1 1 0)              83.197
17616      (1 0 1 5 0 2 0)              83.194
17617      (1 0 2 6 1 2 1)              83.193
17618      (1 0 4 2 1 2 1)              83.191
17619      (1 0 2 3 2 1 2)              83.190
17620      (1 0 2 3 1 2 1)              83.190
17621      (1 0 0 0 2 2 1)              83.189
17622      (1 0 2 6 1 2 1)              83.188
17623      (1 0 2 3 1 0 1)              83.187
17624      (1 0 4 0 1 2 1)              83.185
17625      (1 0 4 2 1 2 1)              83.183
17626      (1 0 1 5 1 1 1)              83.180
17627      (1 0 4 5 1 2 0)              83.178
17628      (1 0 4 4 2 1 1)              83.177
17629      (1 0 1 5 1 1 1)              83.174
17630      (1 0 2 4 0 0 0)              83.172
17631      (1 0 2 3 0 0 0)              83.169
17632      (1 0 2 2 1 2 1)              83.169
17633      (1 0 4 1 0 2 1)              83.167
17634      (1 0 4 0 2 2 1)              83.164
17635      (1 0 1 5 1 1 1)              83.161
17636      (1 0 2 3 0 2 0)              83.159
17637      (1 0 4 2 0 0 0)              83.156
17638      (1 0 2 0 2 1 2)              83.153
17639      (1 0 0 5 0 2 0)              83.152
17640      (1 0 0 0 1 2 0)              83.151
17641      (1 0 4 2 0 0 0)              83.148
17642      (1 0 4 2 1 2 1)              83.147
17643      (1 0 2 3 1 1 1)              83.145
17644      (1 0 2 6 1 2 1)              83.144
17645      (1 0 4 2 1 2 1)              83.142
17646      (1 0 2 3 2 2 2)              83.142
17647      (1 0 2 3 1 1 1)              83.140
17648      (1 0 2 3 1 0 1)              83.139
17649      (1 0 2 2 1 0 1)              83.137
17650      (1 0 2 3 0 0 0)              83.136
17651      (1 0 2 3 0 0 1)              83.134
17652      (1 0 1 5 1 1 1)              83.132
17653      (1 0 4 2 2 1 2)              83.131
17654      (1 0 0 5 1 0 0)              83.131
17655      (1 0 1 1 2 1 2)              83.127
17656      (1 0 0 0 0 2 0)              83.125
17657      (1 0 4 2 0 2 0)              83.124
17658      (1 0 2 3 1 1 1)              83.124
17659      (1 0 2 5 1 0 1)              83.122
17660      (1 0 0 0 1 2 0)              83.122
17661      (1 0 2 6 1 2 1)              83.120
17662      (1 0 2 3 1 0 1)              83.119
17663      (1 0 2 4 0 0 0)              83.117
17664      (1 0 4 6 1 2 1)              83.117
17665      (1 0 2 3 0 0 0)              83.118
17666      (1 0 2 3 2 1 2)              83.118
17667      (1 0 2 6 1 1 0)              83.116
17668      (1 0 2 3 2 2 1)              83.115
17669      (1 0 4 4 0 2 0)              83.114
17670      (1 0 2 3 2 2 2)              83.113
17671      (1 0 2 3 1 0 1)              83.113
17672      (1 0 2 6 1 2 1)              83.111
17673      (1 0 4 6 1 2 1)              83.111
17674      (1 0 0 0 0 0 0)              83.109
17675      (1 0 4 3 0 2 0)              83.108
17676      (1 0 4 2 1 2 1)              83.106
17677      (1 0 2 3 1 2 1)              83.106
17678      (1 0 0 0 1 2 0)              83.105
17679      (1 0 2 3 1 2 1)              83.104
17680      (1 0 1 5 1 2 1)              83.104
17681      (1 0 1 0 1 1 1)              83.101
17682      (1 0 4 2 1 2 1)              83.101
17683      (1 0 2 6 1 2 1)              83.100
17684      (1 0 4 2 1 2 1)              83.098
17685      (1 0 4 3 1 1 1)              83.096
17686      (1 0 0 5 0 2 0)              83.095
17687      (1 0 4 6 1 2 1)              83.095
17688      (1 0 4 2 1 2 1)              83.093
17689      (1 0 2 3 1 1 1)              83.091
17690      (1 0 1 5 1 1 1)              83.090
17691      (1 0 2 3 1 0 1)              83.089
17692      (1 0 3 1 1 1 1)              83.088
17693      (1 0 2 3 2 1 2)              83.088
17694      (1 0 2 3 1 2 1)              83.087
17695      (1 0 2 3 1 2 1)              83.088
17696      (1 0 2 6 1 2 1)              83.087
17697      (1 0 2 3 1 0 1)              83.085
17698      (1 0 0 0 2 2 1)              83.084
17699      (1 0 2 3 1 1 1)              83.082
17700      (1 0 2 0 2 1 2)              83.080
17701      (1 0 2 3 2 2 1)              83.078
17702      (1 0 1 0 1 1 1)              83.076
17703      (1 0 1 5 1 1 1)              83.075
17704      (1 0 2 3 1 0 1)              83.075
17705      (1 0 2 6 1 2 1)              83.073
17706      (1 0 2 3 1 1 1)              83.073
17707      (1 0 0 3 0 0 0)              83.070
17708      (1 0 2 3 0 0 0)              83.069
17709      (1 0 2 3 1 0 1)              83.067
17710      (1 0 2 3 1 2 1)              83.067
17711      (1 0 0 5 1 0 0)              83.066
17712      (1 0 2 3 1 1 1)              83.065
17713      (1 0 2 3 1 0 1)              83.063
17714      (1 0 2 3 1 2 1)              83.063
17715      (1 0 2 3 1 1 1)              83.061
17716      (1 0 2 3 1 2 1)              83.060
17717      (1 0 2 3 1 2 1)              83.060
17718      (1 0 1 2 0 0 0)              83.057
17719      (1 0 1 5 1 1 1)              83.054
17720      (1 0 2 6 1 1 0)              83.053
17721      (1 0 1 5 1 1 1)              83.051
17722      (1 0 2 3 1 2 1)              83.050
17723      (1 0 2 2 0 0 1)              83.049
17724      (1 0 2 2 1 2 0)              83.047
17725      (1 0 2 3 2 1 2)              83.044
17726      (1 0 3 2 2 2 1)              83.041
17727      (1 0 0 3 0 0 0)              83.039
17728      (1 0 4 0 2 2 1)              83.036
17729      (1 0 1 5 1 2 1)              83.034
17730      (1 0 2 6 1 2 1)              83.033
17731      (1 0 4 2 1 2 1)              83.031
17732      (1 0 2 6 1 2 1)              83.030
17733      (1 0 2 3 1 2 1)              83.029
17734      (1 0 2 3 1 1 1)              83.028
17735      (1 0 4 6 1 2 1)              83.027
17736      (1 0 3 3 1 1 1)              83.025
17737      (0 0 2 6 1 1 1)              83.023
17738      (1 0 0 0 0 0 0)              83.021
17739      (1 0 4 4 0 2 0)              83.019
17740      (1 0 2 3 1 2 1)              83.019
17741      (1 0 4 0 1 2 1)              83.017
17742      (1 0 2 6 0 0 1)              83.014
17743      (1 0 2 3 2 2 2)              83.014
17744      (1 0 2 6 1 1 1)              83.012
17745      (1 0 0 0 1 0 1)              83.012
17746      (1 0 4 4 2 1 2)              83.009
17747      (1 0 2 3 1 0 1)              83.008
17748      (1 0 2 3 2 1 2)              83.005
17749      (1 0 1 5 1 2 1)              83.003
17750      (1 0 2 6 1 2 1)              83.003
17751      (1 0 1 3 1 0 1)              83.000
17752      (1 0 0 0 1 0 1)              83.000
17753      (1 0 1 0 1 1 1)              82.997
17754      (1 0 1 5 1 1 1)              82.994
17755      (1 0 2 3 1 2 1)              82.995
17756      (1 0 2 3 0 0 0)              82.993
17757      (1 0 4 6 1 2 1)              82.993
17758      (1 0 2 3 1 0 1)              82.992
17759      (1 0 2 3 1 2 1)              82.991
17760      (1 0 2 3 2 1 2)              82.990
17761      (1 0 1 5 1 1 1)              82.987
17762      (1 0 1 5 1 1 1)              82.987
17763      (1 0 2 5 2 1 1)              82.985
17764      (1 0 2 3 1 2 1)              82.986
17765      (1 0 2 3 2 1 2)              82.983
17766      (1 0 2 5 1 2 1)              82.983
17767      (1 0 2 6 1 2 1)              82.982
17768      (1 0 3 2 1 2 1)              82.980
17769      (1 0 3 3 1 1 1)              82.979
17770      (1 0 0 0 1 1 1)              82.977
17771      (1 0 4 4 0 2 0)              82.977
17772      (1 0 1 5 1 1 1)              82.975
17773      (1 0 0 3 0 0 0)              82.972
17774      (1 0 0 3 0 0 0)              82.970
17775      (1 0 2 3 2 1 2)              82.967
17776      (1 0 4 3 1 0 1)              82.965
17777      (1 0 2 3 1 1 1)              82.963
17778      (0 1 4 6 2 1 1)              82.960
17779      (1 0 2 3 1 0 1)              82.959
17780      (1 0 2 3 2 2 1)              82.957
17781      (1 0 2 6 1 1 0)              82.957
17782      (1 0 2 3 1 2 1)              82.957
17783      (1 0 4 2 1 2 1)              82.955
17784      (1 0 2 3 1 0 1)              82.954
17785      (1 0 1 5 1 1 1)              82.953
17786      (1 0 2 3 2 0 2)              82.953
17787      (1 0 2 3 1 0 1)              82.952
17788      (1 0 2 3 1 2 1)              82.950
17789      (1 0 1 3 0 1 0)              82.947
17790      (1 0 3 3 1 1 1)              82.945
17791      (1 0 2 5 1 0 2)              82.945
17792      (1 0 2 2 2 1 2)              82.943
17793      (1 0 4 2 1 1 1)              82.941
17794      (1 0 2 3 1 2 1)              82.941
17795      (1 0 2 3 2 1 2)              82.940
17796      (1 0 0 3 0 0 0)              82.938
17797      (1 0 3 2 1 2 0)              82.936
17798      (1 0 1 5 1 1 1)              82.935
17799      (1 0 2 3 1 1 1)              82.934
17800      (1 0 4 4 0 2 0)              82.932
17801      (1 0 0 0 1 0 1)              82.931
17802      (1 0 2 3 1 2 1)              82.930
17803      (1 0 2 3 1 2 1)              82.929
17804      (1 0 2 3 1 2 1)              82.927
17805      (1 0 1 5 1 1 1)              82.927
17806      (1 0 0 0 1 2 0)              82.926
17807      (1 0 2 3 1 2 1)              82.925
17808      (1 0 2 3 2 1 2)              82.922
17809      (1 0 2 6 1 2 1)              82.922
17810      (1 0 4 2 1 2 1)              82.920
17811      (1 0 4 5 2 1 2)              82.919
17812      (1 0 0 0 1 0 1)              82.917
17813      (1 0 1 5 1 1 1)              82.914
17814      (1 0 2 3 1 0 1)              82.914
17815      (1 0 4 2 2 2 1)              82.913
17816      (1 0 2 3 1 2 1)              82.913
17817      (1 0 2 3 1 0 1)              82.912
17818      (1 0 0 3 1 1 1)              82.912
17819      (1 0 4 4 2 1 2)              82.909
17820      (1 0 4 2 1 2 1)              82.907
17821      (1 0 2 3 1 0 1)              82.906
17822      (1 0 2 3 1 1 1)              82.905
17823      (1 0 2 3 2 2 2)              82.905
17824      (1 0 0 0 1 0 1)              82.904
17825      (1 0 2 2 1 2 0)              82.903
17826      (1 0 0 0 1 0 1)              82.903
17827      (1 0 2 6 1 2 1)              82.901
17828      (1 0 2 3 1 2 1)              82.900
17829      (1 0 2 3 2 1 2)              82.900
17830      (1 0 2 3 1 2 1)              82.899
17831      (1 0 2 3 1 1 1)              82.899
17832      (1 0 0 3 1 1 1)              82.898
17833      (1 0 2 3 2 1 2)              82.895
17834      (1 0 2 4 1 1 1)              82.893
17835      (1 0 0 0 0 0 0)              82.890
17836      (1 0 1 5 1 1 1)              82.887
17837      (1 0 2 5 2 1 1)              82.886
17838      (1 0 0 5 1 1 1)              82.885
17839      (1 0 2 6 1 2 1)              82.883
17840      (1 0 2 6 1 1 1)              82.883
17841      (1 0 2 3 2 0 2)              82.881
17842      (1 0 1 2 1 2 1)              82.880
17843      (1 0 1 5 1 1 1)              82.877
17844      (1 0 4 5 1 2 0)              82.875
17845      (1 0 4 6 1 2 1)              82.874
17846      (1 0 2 3 1 0 1)              82.873
17847      (1 0 1 5 1 1 1)              82.870
17848      (1 0 1 5 1 1 1)              82.868
17849      (1 0 2 3 2 1 2)              82.865
17850      (1 0 3 3 1 1 1)              82.863
