No         Predictions            Accuracy [%]
1          (1 0 3 1 2 1 2)             100.000
2          (1 0 3 1 2 1 2)              92.857
3          (1 0 2 3 2 1 2)              95.238
4          (1 0 2 3 2 1 2)              96.429
5          (1 0 3 1 2 1 2)              97.143
6          (1 0 3 1 2 1 2)              90.476
7          (1 0 3 1 2 1 2)              91.837
8          (1 0 0 0 1 2 0)              92.857
9          (1 0 2 3 2 1 2)              90.476
10         (1 0 2 3 2 1 2)              91.429
11         (1 0 2 3 2 1 2)              92.208
12         (1 0 2 3 2 1 2)              92.857
13         (1 0 3 1 2 1 2)              89.011
14         (1 0 0 0 2 2 1)              86.735
15         (1 0 2 3 2 1 2)              87.619
16         (1 0 2 3 2 1 2)              87.500
17         (1 0 2 3 2 1 2)              88.235
18         (1 0 1 2 1 1 1)              88.889
19         (1 0 2 3 2 1 2)              89.474
20         (1 0 2 3 2 1 2)              90.000
21         (1 0 3 1 2 1 2)              90.476
22         (0 0 1 2 2 2 1)              88.961
23         (1 0 2 3 2 1 2)              89.441
24         (1 0 2 3 2 1 2)              88.690
25         (1 0 2 3 2 1 2)              89.143
26         (1 0 2 3 2 1 2)              89.560
27         (1 0 2 3 2 1 2)              89.947
28         (1 0 2 3 2 2 1)              89.796
29         (1 0 1 2 1 1 1)              90.148
30         (0 0 4 5 2 2 1)              88.095
31         (1 0 3 1 2 1 2)              86.636
32         (1 0 2 3 2 1 2)              87.054
34         (1 0 2 3 2 1 2)              87.446
35         (1 0 2 3 2 1 2)              87.815
36         (1 0 1 2 1 1 1)              88.163
37         (1 0 3 1 2 1 2)              87.302
38         (1 0 1 2 1 1 1)              87.645
39         (1 0 3 1 2 1 2)              87.218
40         (1 0 3 1 2 1 2)              85.714
41         (1 0 1 2 1 1 1)              86.071
42         (0 0 1 2 1 1 1)              86.063
43         (1 0 2 3 2 1 2)              86.395
44         (1 0 1 2 0 0 0)              85.050
45         (1 0 3 1 2 1 2)              85.390
46         (1 0 2 3 2 1 2)              85.714
47         (1 0 2 3 2 1 2)              86.025
48         (1 0 2 3 2 1 2)              86.322
49         (0 0 1 2 2 2 1)              85.714
50         (1 0 2 3 2 1 2)              86.006
51         (1 0 3 1 2 1 2)              86.286
52         (1 0 1 2 0 0 1)              86.555
53         (1 0 3 1 2 1 2)              86.813
54         (1 0 3 1 2 1 2)              87.062
55         (1 0 2 3 2 1 2)              87.302
56         (1 0 1 2 1 1 1)              87.532
57         (1 0 3 1 2 1 2)              87.755
58         (1 0 1 2 0 0 1)              87.970
59         (1 0 3 1 2 1 2)              87.685
60         (1 0 3 1 2 1 2)              87.893
61         (1 0 3 1 2 1 2)              87.857
62         (1 0 2 3 2 1 2)              88.056
63         (1 0 1 2 1 2 1)              88.249
64         (1 0 2 3 2 1 2)              88.435
65         (1 0 3 1 2 1 2)              88.393
67         (1 0 2 3 2 1 2)              88.571
68         (1 0 4 5 2 2 2)              88.095
69         (1 0 2 3 2 1 2)              88.273
70         (1 0 1 2 1 2 1)              88.025
71         (1 0 1 2 1 1 1)              88.199
72         (1 0 3 1 2 1 1)              88.367
73         (1 0 3 1 2 1 2)              88.531
74         (1 0 1 2 1 1 1)              88.690
75         (1 0 2 3 2 1 1)              88.845
76         (1 0 3 1 2 1 2)              88.610
77         (0 0 4 5 2 2 1)              88.190
78         (1 0 1 2 1 1 1)              88.346
79         (0 0 1 2 1 1 1)              88.312
80         (1 0 2 3 2 1 2)              88.462
81         (0 0 4 6 1 2 1)              87.884
82         (1 0 2 3 1 2 1)              88.036
83         (1 0 2 3 2 1 1)              87.654
84         (1 0 2 3 2 1 2)              87.456
85         (1 0 1 2 1 1 1)              87.608
86         (1 0 3 1 2 1 2)              87.755
87         (1 0 3 1 2 1 2)              87.899
88         (1 0 3 1 2 1 2)              88.040
89         (1 0 2 3 2 1 2)              88.177
90         (1 0 3 1 2 1 2)              87.987
91         (1 0 3 1 2 1 2)              88.122
92         (1 0 2 3 2 1 2)              87.937
93         (1 0 1 2 1 1 1)              88.069
94         (1 0 1 2 1 1 1)              88.199
95         (1 0 1 2 1 1 1)              88.326
96         (1 0 3 1 2 1 2)              88.450
97         (1 0 2 3 2 1 2)              88.571
98         (1 0 2 3 2 1 2)              88.542
99         (1 0 3 1 2 1 2)              88.660
100        (1 0 1 2 1 1 1)              88.630
101        (1 0 2 3 2 1 2)              88.745
102        (1 0 0 0 2 2 1)              88.857
103        (0 0 4 3 2 1 1)              88.402
104        (1 0 2 3 2 1 2)              88.515
105        (1 0 2 3 2 1 2)              88.627
106        (1 0 1 2 1 1 1)              88.736
107        (1 0 3 1 2 1 2)              88.844
108        (1 0 3 1 2 1 2)              88.949
109        (1 0 1 2 1 2 1)              88.785
110        (0 0 4 3 2 1 1)              88.360
111        (1 0 1 2 1 1 1)              88.467
112        (1 0 3 1 2 1 2)              88.312
113        (0 0 4 6 1 2 1)              87.773
114        (1 0 2 3 2 1 2)              87.245
115        (1 0 2 3 2 1 2)              87.358
116        (1 0 1 2 0 0 1)              87.469
117        (1 0 2 3 2 1 2)              86.957
118        (1 0 3 1 1 1 1)              86.823
119        (1 0 2 3 2 1 2)              86.691
120        (1 0 2 3 2 1 2)              86.804
121        (1 0 2 3 2 1 2)              86.915
122        (1 0 1 2 1 2 1)              86.548
123        (1 0 1 2 1 1 1)              86.659
124        (1 0 2 3 1 2 1)              86.768
125        (0 0 4 3 2 1 1)              86.411
126        (1 0 1 2 1 1 1)              86.521
127        (1 0 2 3 2 1 2)              86.629
128        (1 0 0 0 2 2 1)              86.735
129        (1 0 3 1 2 1 2)              86.727
130        (1 0 2 3 2 1 2)              86.830
131        (1 0 3 1 2 1 2)              86.379
132        (0 0 4 6 1 2 1)              86.154
133        (1 0 3 1 2 1 2)              86.041
134        (1 0 3 1 2 1 2)              85.931
135        (1 0 3 1 2 1 2)              85.822
136        (1 0 1 2 1 1 1)              85.928
137        (1 0 2 3 2 1 2)              85.926
138        (1 0 2 3 2 1 2)              86.029
139        (1 0 1 2 0 0 1)              86.131
140        (1 0 3 1 2 1 2)              86.232
141        (1 0 1 2 1 1 1)              86.331
142        (0 0 1 2 1 1 1)              86.327
143        (1 0 2 3 2 1 2)              86.120
144        (1 0 2 3 2 1 2)              86.217
145        (1 0 3 1 2 1 2)              86.114
146        (1 0 3 1 2 1 2)              86.210
147        (1 0 2 3 2 1 2)              86.207
148        (1 0 0 0 2 2 1)              86.301
149        (1 0 1 2 1 1 1)              86.395
150        (1 0 3 1 2 1 2)              86.486
151        (0 0 1 2 1 2 1)              86.385
152        (1 0 2 3 2 1 2)              86.286
153        (1 0 3 1 2 1 1)              86.377
154        (1 0 3 1 2 1 2)              86.278
155        (1 0 2 3 1 2 1)              86.368
156        (1 0 1 2 1 1 1)              86.456
157        (0 0 4 5 2 2 1)              86.267
158        (1 0 1 2 1 2 1)              86.264
159        (1 0 2 3 2 1 2)              86.351
160        (1 0 1 2 1 2 1)              86.347
161        (1 0 2 3 2 1 2)              86.253
162        (1 0 2 3 2 1 2)              86.250
163        (1 0 2 3 2 1 2)              86.335
164        (1 0 3 1 2 1 2)              86.243
165        (1 0 2 3 2 1 1)              86.240
166        (1 0 1 2 1 2 1)              86.237
167        (1 0 2 3 2 1 2)              86.320
168        (1 0 3 1 2 1 2)              86.403
169        (1 0 3 1 2 1 2)              86.484
170        (1 0 2 3 2 1 2)              86.139
171        (1 0 2 3 2 1 2)              86.221
172        (1 0 2 3 2 1 1)              86.050
173        (0 0 1 2 1 1 1)              85.798
174        (1 0 2 3 2 1 2)              85.714
175        (1 0 2 3 2 1 2)              85.797
176        (1 0 2 3 2 1 2)              85.714
177        (1 0 1 2 1 1 1)              85.796
178        (1 0 2 3 2 1 2)              85.877
179        (1 0 1 2 1 1 1)              85.956
180        (1 0 3 1 2 1 2)              86.035
181        (1 0 2 3 2 1 2)              85.954
182        (1 0 3 1 2 1 2)              85.952
183        (0 0 4 5 0 0 1)              85.793
184        (1 0 3 1 2 1 2)              85.557
185        (0 0 4 6 1 2 1)              85.324
186        (1 0 1 2 1 1 1)              85.404
187        (1 0 2 3 2 1 2)              85.483
188        (1 0 2 3 2 1 2)              85.484
189        (1 0 3 1 2 1 2)              85.409
190        (1 0 1 2 1 1 1)              85.486
191        (1 0 2 3 2 1 2)              85.563
192        (1 0 3 1 2 1 2)              85.639
193        (1 0 2 3 2 1 2)              85.714
194        (1 0 0 0 2 2 1)              85.789
195        (1 0 3 1 2 1 2)              85.714
196        (1 0 1 2 1 2 1)              85.714
197        (1 0 2 3 2 1 2)              85.788
198        (1 0 1 2 1 1 1)              85.860
199        (1 0 2 3 2 1 2)              85.932
200        (1 0 2 3 2 1 2)              86.003
201        (1 0 2 3 2 1 2)              86.073
202        (0 0 1 2 1 1 1)              86.071
203        (1 0 1 2 1 1 1)              86.141
204        (1 0 1 2 1 1 1)              86.209
205        (1 0 1 2 1 1 1)              86.277
206        (1 0 2 3 2 1 1)              86.275
207        (0 0 2 3 1 2 1)              86.063
208        (1 0 2 3 2 1 2)              85.922
209        (0 0 4 6 1 2 2)              85.714
210        (1 0 2 3 2 1 2)              85.783
211        (1 0 2 3 2 1 2)              85.783
212        (1 0 3 1 2 1 2)              85.850
213        (1 0 2 3 2 1 2)              85.917
214        (1 0 2 3 2 1 2)              85.984
215        (1 0 3 1 1 1 1)              86.050
216        (1 0 2 3 2 1 2)              85.981
217        (1 0 2 3 2 1 2)              86.047
218        (0 0 1 2 1 1 1)              86.045
219        (1 0 3 1 2 1 2)              85.978
220        (1 0 2 3 2 1 2)              86.042
221        (1 0 2 3 1 2 1)              86.106
222        (1 0 3 1 2 1 2)              86.104
223        (1 0 3 1 2 1 2)              86.167
224        (1 0 3 1 2 1 2)              86.229
225        (1 0 2 3 2 1 2)              86.163
226        (1 0 1 2 1 2 1)              86.097
227        (1 0 2 3 2 1 2)              86.159
228        (1 0 3 1 2 1 2)              86.220
229        (1 0 3 1 2 1 2)              86.281
230        (1 0 2 3 2 1 2)              86.341
231        (1 0 3 1 2 1 2)              86.151
232        (1 0 2 3 2 1 2)              86.211
233        (1 0 3 1 2 1 2)              86.209
234        (1 0 2 3 2 1 2)              86.268
235        (0 0 1 2 1 1 1)              86.205
236        (1 0 2 3 2 1 2)              86.264
237        (1 0 3 1 2 1 2)              86.201
238        (1 0 3 1 2 1 2)              86.077
239        (1 0 4 5 2 2 2)              85.955
240        (1 0 2 3 2 1 2)              86.014
241        (1 0 2 3 1 0 1)              86.013
242        (0 0 1 2 1 1 1)              86.012
243        (1 0 3 1 2 1 2)              85.951
244        (1 0 2 3 2 1 2)              85.950
245        (1 0 3 1 2 1 2)              86.008
246        (1 0 1 2 1 2 1)              86.007
247        (1 0 2 3 2 1 2)              86.064
248        (1 0 2 3 2 1 2)              86.063
249        (1 0 2 3 2 1 2)              86.003
250        (1 0 2 3 2 1 2)              85.887
251        (1 0 3 1 2 1 2)              85.944
252        (1 0 2 3 2 1 2)              86.000
253        (1 0 2 3 2 1 2)              86.056
254        (1 0 1 2 1 1 1)              86.111
255        (1 0 2 3 2 1 2)              86.166
256        (1 0 3 1 2 1 2)              86.164
257        (1 0 3 1 2 1 2)              86.218
258        (1 0 2 3 2 1 2)              86.272
259        (0 0 1 2 1 1 1)              86.270
260        (1 0 3 1 2 1 2)              86.323
261        (1 0 3 1 2 1 2)              86.266
262        (1 0 2 3 2 1 2)              86.319
263        (1 0 2 3 2 1 2)              86.371
264        (1 0 3 1 2 1 2)              86.314
265        (1 0 3 1 2 1 2)              86.095
266        (1 0 3 1 2 1 2)              86.147
267        (1 0 2 3 2 1 2)              86.199
268        (1 0 3 1 2 1 2)              85.983
269        (1 0 0 0 2 2 1)              86.035
270        (1 0 3 1 2 1 2)              86.087
271        (1 0 1 2 1 0 1)              85.980
272        (1 0 2 3 2 1 2)              86.032
273        (1 0 3 1 1 1 1)              85.978
274        (1 0 2 3 2 1 2)              86.029
275        (1 0 2 3 2 1 2)              85.976
276        (1 0 3 1 2 1 2)              86.027
277        (1 0 3 1 2 1 2)              86.078
278        (1 0 3 1 2 1 2)              86.077
279        (1 0 3 1 2 1 2)              86.127
280        (1 0 0 0 1 0 1)              86.177
281        (1 0 2 3 2 1 2)              86.226
282        (1 0 2 3 2 1 2)              86.276
283        (1 0 2 3 2 1 2)              86.324
284        (1 0 2 3 2 1 2)              86.272
285        (1 0 2 3 2 1 2)              86.219
286        (1 0 2 3 2 1 2)              86.268
287        (1 0 1 2 1 1 1)              86.316
288        (1 0 1 2 1 1 1)              86.364
289        (1 0 2 3 2 1 2)              86.411
290        (1 0 1 2 1 1 1)              86.458
291        (1 0 3 1 2 1 2)              86.505
292        (1 0 3 1 2 1 2)              86.453
293        (1 0 3 1 2 1 2)              86.500
294        (1 0 1 2 1 1 1)              86.546
295        (1 0 2 3 2 1 2)              86.592
296        (1 0 2 3 2 1 2)              86.638
297        (1 0 1 2 1 1 1)              86.683
298        (1 0 1 2 1 1 1)              86.728
299        (1 0 3 1 2 1 2)              86.772
300        (1 0 1 2 1 1 1)              86.817
301        (1 0 2 3 2 1 2)              86.861
302        (1 0 3 1 2 1 2)              86.905
303        (1 0 2 3 2 1 2)              86.948
304        (1 0 3 1 2 1 2)              86.897
305        (1 0 3 1 2 1 2)              86.893
306        (1 0 1 2 1 1 1)              86.936
307        (1 0 3 1 2 1 2)              86.885
308        (1 0 2 3 2 1 2)              86.928
309        (1 0 3 1 2 1 2)              86.971
310        (1 0 1 2 1 1 1)              87.013
311        (1 0 3 1 2 1 2)              86.963
312        (0 1 4 6 0 0 1)              86.820
313        (1 0 2 3 2 1 2)              86.863
314        (1 0 2 3 2 2 1)              86.905
315        (1 0 2 3 2 1 2)              86.947
316        (1 0 2 3 2 1 2)              86.897
317        (1 0 0 0 2 2 1)              86.939
318        (1 0 2 3 2 1 2)              86.980
319        (1 0 3 1 2 1 2)              87.021
320        (1 0 0 0 1 2 0)              87.062
321        (1 0 2 3 2 1 2)              87.103
322        (1 0 3 1 2 1 2)              87.098
323        (1 0 2 3 2 1 2)              87.138
324        (1 0 2 3 2 1 2)              87.178
325        (1 0 2 3 2 1 2)              87.218
326        (1 0 2 3 2 1 2)              87.213
327        (1 0 2 3 2 1 2)              87.253
328        (1 0 1 2 1 1 1)              87.292
329        (1 0 2 3 2 1 2)              87.331
330        (1 0 3 1 2 1 2)              87.326
331        (1 0 2 3 2 1 2)              87.277
332        (0 0 1 2 1 1 1)              87.186
333        (1 0 1 2 1 2 1)              87.225
334        (1 0 2 3 2 1 2)              87.263
335        (1 0 3 1 2 1 2)              87.130
336        (1 0 2 3 1 2 1)              87.169
337        (1 0 0 0 2 2 1)              87.207
338        (1 0 2 3 2 1 2)              87.160
339        (1 0 2 3 2 1 2)              87.198
340        (1 0 2 3 2 1 2)              87.236
341        (1 0 2 3 2 1 2)              87.273
342        (1 0 2 3 2 1 2)              87.311
343        (1 0 3 1 2 1 2)              87.348
344        (1 0 1 2 1 1 1)              87.385
345        (1 0 2 3 2 1 2)              87.422
346        (1 0 2 3 2 1 2)              87.458
347        (1 0 2 3 2 1 2)              87.412
348        (1 0 2 3 2 1 2)              87.448
349        (1 0 2 3 2 1 2)              87.485
350        (1 0 3 1 2 1 2)              87.521
351        (1 0 3 1 2 1 2)              87.556
352        (1 0 2 3 2 1 2)              87.510
353        (1 0 3 1 2 1 2)              87.546
354        (1 0 2 3 2 1 2)              87.581
355        (1 0 3 1 2 1 2)              87.535
356        (1 0 2 3 2 1 2)              87.490
357        (1 0 2 3 2 1 2)              87.445
358        (1 0 3 1 2 1 2)              87.400
359        (1 0 3 1 2 1 2)              87.435
360        (1 0 1 2 1 2 1)              87.390
361        (1 0 2 3 2 1 2)              87.425
362        (1 0 1 2 1 2 1)              87.421
363        (1 0 2 3 2 1 2)              87.455
364        (1 0 2 3 2 1 2)              87.490
365        (0 0 0 4 1 2 0)              87.367
366        (1 0 2 3 2 1 2)              87.402
367        (1 0 3 1 2 1 2)              87.436
368        (1 0 0 0 2 2 1)              87.471
369        (0 0 1 2 1 1 1)              87.466
370        (1 0 2 3 2 1 2)              87.422
371        (1 0 1 2 1 1 1)              87.456
372        (1 0 2 3 2 1 2)              87.490
373        (1 0 2 3 2 2 1)              87.524
374        (1 0 1 2 1 1 1)              87.558
375        (1 0 3 1 2 1 2)              87.514
376        (1 0 2 3 1 2 1)              87.548
377        (1 0 1 2 1 1 1)              87.581
378        (1 0 3 1 2 1 2)              87.462
379        (1 0 2 3 2 1 2)              87.495
380        (0 0 1 2 1 1 1)              87.491
381        (1 0 2 3 2 1 2)              87.524
382        (1 0 1 2 1 1 1)              87.556
383        (1 0 2 3 2 1 2)              87.589
384        (1 0 2 3 2 1 2)              87.584
385        (1 0 2 3 2 1 2)              87.617
386        (1 0 2 3 2 1 2)              87.574
387        (1 0 2 3 2 1 2)              87.607
388        (1 0 2 3 1 2 1)              87.528
389        (1 0 2 3 2 1 2)              87.560
390        (1 0 2 3 1 2 1)              87.518
391        (1 0 3 1 2 1 2)              87.477
392        (1 0 3 1 1 1 1)              87.509
393        (1 0 3 1 2 1 2)              87.541
394        (1 0 3 1 2 1 2)              87.573
395        (0 0 4 6 0 0 1)              87.495
396        (1 0 2 3 2 1 2)              87.527
397        (1 0 3 1 2 1 2)              87.559
398        (1 0 3 1 2 1 2)              87.554
399        (1 0 3 1 2 1 2)              87.585
400        (1 0 2 3 2 1 2)              87.545
401        (1 0 3 1 2 1 2)              87.540
402        (1 0 2 3 2 1 2)              87.571
403        (1 0 2 3 2 1 2)              87.602
404        (1 0 2 3 2 1 2)              87.633
405        (1 0 3 1 2 1 2)              87.664
406        (1 0 3 1 2 1 2)              87.624
407        (1 0 2 3 2 1 2)              87.584
408        (1 0 3 1 2 1 2)              87.544
409        (1 0 3 1 2 1 2)              87.399
410        (1 0 2 3 2 1 2)              87.430
411        (1 0 2 3 2 1 2)              87.461
412        (1 0 2 3 2 1 2)              87.491
413        (1 0 2 3 2 1 2)              87.348
414        (1 0 2 3 2 1 2)              87.309
415        (1 0 1 2 1 1 1)              87.340
416        (1 0 3 1 2 1 2)              87.371
417        (1 0 1 2 1 2 1)              87.298
418        (1 0 2 3 2 1 2)              87.328
419        (1 0 2 3 2 1 2)              87.290
420        (1 0 3 1 2 1 2)              87.321
421        (0 0 4 5 2 2 1)              87.180
422        (1 0 1 2 1 1 1)              87.211
423        (1 0 3 1 2 1 2)              87.173
424        (1 0 2 3 2 1 2)              87.204
425        (1 0 2 3 2 1 2)              87.200
426        (1 0 3 1 2 1 2)              87.197
427        (1 0 1 2 1 1 1)              87.227
428        (1 0 2 3 2 1 2)              87.156
429        (1 0 1 2 1 1 1)              87.186
430        (1 0 2 3 2 1 2)              87.183
431        (1 0 0 0 2 2 1)              87.213
432        (0 0 1 2 1 1 1)              87.209
433        (1 0 1 2 1 1 1)              87.239
434        (1 0 2 3 2 1 2)              87.269
435        (1 0 2 3 2 1 2)              87.298
436        (1 0 1 2 1 1 1)              87.327
437        (1 0 2 3 2 1 2)              87.356
438        (1 0 2 3 2 1 2)              87.385
439        (1 0 2 3 2 1 2)              87.414
440        (1 0 3 1 1 1 1)              87.443
441        (1 0 3 1 2 1 2)              87.406
442        (1 0 1 2 2 2 1)              87.435
443        (0 0 4 2 2 2 1)              87.302
444        (1 0 3 1 2 1 2)              87.330
445        (1 0 2 3 2 1 2)              87.359
446        (1 0 2 3 2 1 2)              87.323
447        (1 0 2 3 2 1 2)              87.352
448        (1 0 2 3 2 1 2)              87.348
449        (1 0 2 3 2 1 2)              87.376
450        (1 0 2 3 2 1 2)              87.404
451        (1 0 2 3 2 1 2)              87.432
452        (1 0 2 3 2 1 2)              87.460
453        (0 0 1 2 1 1 1)              87.425
454        (1 0 1 2 1 1 1)              87.453
455        (1 0 1 2 1 1 1)              87.480
456        (1 0 1 2 1 2 1)              87.413
457        (1 0 2 3 2 1 1)              87.410
458        (1 0 2 3 2 1 2)              87.437
459        (1 0 1 2 2 2 1)              87.402
460        (1 0 2 3 2 1 2)              87.430
461        (1 0 2 3 2 1 2)              87.457
462        (1 0 4 5 2 2 2)              87.391
463        (1 0 2 3 2 1 1)              87.388
464        (1 0 2 3 2 1 2)              87.415
465        (1 0 1 2 1 1 1)              87.442
466        (1 0 2 3 2 1 2)              87.469
467        (0 0 2 3 1 2 1)              87.435
468        (1 0 3 1 2 1 2)              87.462
469        (1 0 2 3 2 1 2)              87.489
470        (1 0 2 3 2 1 2)              87.454
471        (1 0 2 3 2 1 2)              87.481
472        (1 0 1 2 1 2 1)              87.477
473        (1 0 2 3 2 1 2)              87.473
474        (1 0 2 3 2 1 2)              87.470
475        (1 0 3 1 2 1 2)              87.466
476        (1 0 3 1 2 1 2)              87.492
477        (1 0 3 1 2 1 2)              87.519
478        (1 0 3 1 2 1 2)              87.545
479        (1 0 2 3 2 1 2)              87.511
480        (1 0 2 3 2 1 2)              87.537
481        (1 0 2 3 2 1 2)              87.563
482        (1 0 3 1 2 1 2)              87.560
483        (1 0 3 1 2 1 2)              87.467
484        (1 0 2 3 2 1 2)              87.493
485        (1 0 2 3 2 1 2)              87.459
486        (1 0 2 3 1 2 1)              87.485
487        (1 0 3 1 2 1 2)              87.511
488        (1 0 1 2 1 1 1)              87.537
489        (0 0 1 2 2 1 1)              87.445
490        (1 0 2 3 2 1 2)              87.471
491        (1 0 2 3 1 2 1)              87.496
492        (1 0 2 3 1 2 1)              87.522
493        (1 0 2 3 2 1 2)              87.489
494        (1 0 2 3 2 1 2)              87.515
495        (1 0 2 3 2 1 2)              87.482
496        (1 0 2 3 2 1 2)              87.507
497        (1 0 2 3 2 1 2)              87.504
498        (1 0 1 2 1 1 1)              87.414
499        (0 0 1 2 1 2 1)              87.381
500        (1 0 3 1 2 1 2)              87.378
501        (1 0 1 2 1 1 1)              87.289
502        (0 0 4 5 2 2 1)              87.229
503        (1 0 3 1 2 1 2)              87.197
504        (1 0 2 3 1 2 1)              87.223
505        (1 0 2 3 2 1 2)              87.248
506        (1 0 3 1 2 1 2)              87.217
507        (1 0 2 3 2 1 2)              87.242
508        (1 0 3 1 2 1 2)              87.267
509        (1 0 2 3 2 1 2)              87.292
510        (1 0 1 2 1 1 1)              87.317
511        (1 0 3 1 2 1 2)              87.202
512        (1 0 1 2 1 1 1)              87.227
513        (1 0 2 3 2 1 2)              87.252
514        (1 0 3 1 2 1 2)              87.277
515        (1 0 3 1 2 1 2)              87.302
516        (1 0 2 3 2 2 1)              87.326
517        (1 0 3 1 2 1 2)              87.351
518        (1 0 2 3 2 1 2)              87.375
519        (1 0 3 1 2 1 2)              87.372
520        (1 0 3 1 2 1 2)              87.341
521        (1 0 2 3 2 1 2)              87.366
522        (1 0 3 1 2 1 2)              87.335
523        (1 0 3 1 2 1 2)              87.359
524        (1 0 3 1 2 1 2)              87.356
525        (1 0 2 3 2 1 2)              87.326
526        (1 0 3 1 2 1 2)              87.350
527        (1 0 2 3 2 1 2)              87.374
528        (1 0 0 0 2 2 1)              87.398
529        (0 0 1 2 2 1 2)              87.341
530        (1 0 3 1 2 1 2)              87.311
533        (1 0 3 1 2 1 2)              87.335
534        (1 0 1 2 1 2 1)              87.332
535        (1 0 2 3 2 1 2)              87.355
536        (1 0 3 1 2 1 2)              87.325
537        (1 0 2 3 1 2 1)              87.322
538        (0 0 4 6 1 2 1)              87.239
539        (1 0 3 1 2 1 2)              87.263
540        (1 0 1 2 1 1 1)              87.287
541        (1 0 3 1 2 1 2)              87.310
542        (1 0 3 1 2 1 2)              87.281
543        (0 0 1 2 0 0 1)              87.278
544        (1 0 2 3 2 1 2)              87.302
545        (1 0 2 3 2 1 2)              87.325
546        (1 0 2 3 2 1 2)              87.322
547        (1 0 2 3 2 1 2)              87.345
548        (1 0 3 1 2 1 2)              87.369
549        (1 0 1 2 0 0 1)              87.392
550        (1 0 2 3 1 2 1)              87.310
551        (1 0 1 2 1 2 1)              87.307
552        (1 0 1 2 1 1 1)              87.331
553        (0 0 0 4 1 2 0)              87.224
554        (1 0 3 1 2 1 2)              87.195
555        (1 0 2 3 2 1 2)              87.218
556        (0 0 1 2 1 1 1)              87.164
557        (1 0 3 1 2 1 2)              87.135
558        (1 0 2 3 2 1 2)              87.107
559        (1 0 2 3 2 1 2)              87.130
560        (1 0 2 3 2 1 2)              87.153
561        (1 0 2 3 2 1 2)              87.176
562        (1 0 1 2 1 1 1)              87.199
563        (1 0 2 3 2 1 2)              87.171
564        (1 0 2 3 2 1 2)              87.194
565        (1 0 2 3 2 1 2)              87.217
566        (1 0 2 3 2 1 2)              87.239
567        (1 0 3 1 2 1 2)              87.262
568        (1 0 3 1 2 1 2)              87.234
569        (1 0 2 3 2 1 2)              87.206
570        (1 0 2 3 2 1 2)              87.178
571        (1 0 1 2 1 1 1)              87.201
572        (1 0 2 3 2 1 2)              87.223
573        (1 0 2 3 2 1 2)              87.246
574        (1 0 2 3 2 1 2)              87.268
575        (1 0 2 3 2 1 2)              87.290
576        (1 0 3 1 2 1 2)              87.263
577        (1 0 3 1 2 1 2)              87.185
578        (1 0 2 3 2 1 2)              87.158
579        (1 0 3 1 2 1 2)              87.180
580        (1 0 3 1 2 1 2)              87.202
581        (1 0 3 1 2 1 2)              87.225
582        (1 0 1 2 1 1 1)              87.148
583        (1 0 2 3 1 2 1)              87.170
584        (1 0 2 3 2 1 2)              87.192
585        (1 0 2 3 2 1 2)              87.214
586        (1 0 2 3 2 1 2)              87.236
587        (1 0 3 1 2 1 2)              87.258
588        (1 0 2 3 2 1 2)              87.280
589        (1 0 1 2 0 0 0)              87.204
590        (1 0 1 2 1 1 1)              87.128
591        (1 0 2 3 2 1 2)              87.150
592        (1 0 3 1 2 1 2)              87.172
593        (1 0 2 3 2 1 2)              87.194
594        (1 0 2 3 2 2 1)              87.215
595        (1 0 3 1 2 1 2)              87.237
596        (1 0 2 3 2 1 2)              87.259
597        (1 0 3 1 2 1 2)              87.280
598        (1 0 3 1 2 1 2)              87.278
599        (1 0 3 1 2 1 2)              87.299
600        (1 0 2 3 2 1 2)              87.272
601        (1 0 2 3 2 1 2)              87.294
602        (1 0 2 3 2 1 2)              87.315
603        (1 0 2 3 2 1 2)              87.336
604        (1 0 1 2 1 1 1)              87.357
605        (1 0 3 1 2 1 2)              87.378
606        (1 0 2 3 2 1 2)              87.352
607        (1 0 1 2 1 1 1)              87.373
608        (1 0 2 3 2 1 2)              87.394
609        (1 0 2 3 2 1 2)              87.414
610        (1 0 2 3 2 1 2)              87.435
611        (1 0 3 1 2 1 2)              87.456
612        (1 0 2 3 2 1 2)              87.477
613        (1 0 2 3 2 1 2)              87.497
614        (1 0 3 1 2 1 1)              87.494
615        (1 0 3 1 2 1 2)              87.491
616        (0 0 1 2 1 1 1)              87.465
617        (1 0 2 3 2 1 2)              87.485
618        (1 0 2 3 2 1 2)              87.506
619        (1 0 2 3 2 1 2)              87.526
620        (1 0 2 3 2 1 2)              87.546
621        (1 0 2 3 1 2 1)              87.567
622        (1 0 1 2 1 1 1)              87.587
623        (1 0 0 0 1 2 0)              87.607
624        (0 0 1 2 1 1 1)              87.535
625        (1 0 3 1 2 1 2)              87.555
626        (1 0 3 1 2 1 2)              87.529
627        (1 0 2 3 2 1 2)              87.549
628        (1 0 2 3 2 1 2)              87.569
629        (1 0 2 3 2 1 2)              87.589
630        (1 0 3 1 2 1 2)              87.563
631        (1 0 3 1 2 1 2)              87.583
632        (1 0 1 2 1 2 1)              87.602
633        (1 0 2 3 2 1 2)              87.577
634        (1 0 1 2 1 1 1)              87.596
635        (0 0 4 6 0 0 1)              87.525
636        (1 0 3 1 2 1 2)              87.545
637        (1 0 2 3 2 1 2)              87.565
638        (1 0 2 3 2 1 2)              87.584
639        (0 0 4 6 0 0 1)              87.537
640        (0 0 1 2 1 1 1)              87.534
641        (1 0 2 3 2 1 2)              87.553
642        (1 0 2 3 2 1 2)              87.573
643        (0 0 4 6 1 1 1)              87.503
644        (1 0 2 3 2 1 2)              87.522
645        (1 0 2 3 2 1 2)              87.542
646        (0 0 1 2 1 1 1)              87.472
647        (1 0 3 1 2 1 2)              87.492
648        (1 0 1 2 0 0 1)              87.467
649        (1 0 3 1 2 1 2)              87.486
650        (1 0 2 3 2 1 2)              87.506
651        (1 0 3 1 2 1 2)              87.525
652        (1 0 2 3 2 1 2)              87.544
653        (1 0 2 3 2 1 2)              87.563
654        (1 0 2 3 2 1 2)              87.560
655        (1 0 2 3 2 1 2)              87.580
656        (0 0 4 5 2 1 1)              87.511
657        (1 0 3 1 2 1 2)              87.486
658        (1 0 2 3 2 1 2)              87.505
659        (1 0 2 3 2 1 2)              87.525
660        (1 0 1 2 1 1 1)              87.456
661        (1 0 2 3 2 1 2)              87.476
662        (1 0 2 3 2 1 2)              87.495
663        (1 0 2 3 2 1 2)              87.514
664        (1 0 1 2 1 1 1)              87.532
665        (1 0 1 2 1 1 1)              87.551
666        (0 0 4 6 0 0 1)              87.462
667        (1 0 1 2 1 1 1)              87.481
668        (1 0 2 3 2 1 2)              87.500
669        (1 0 1 2 1 1 1)              87.519
670        (1 0 1 2 1 1 1)              87.538
671        (1 0 3 1 2 1 2)              87.556
672        (1 0 2 3 2 1 2)              87.553
673        (0 0 1 2 1 1 1)              87.529
674        (1 0 3 1 2 1 2)              87.548
675        (1 0 3 1 2 1 2)              87.567
676        (1 0 1 2 0 0 1)              87.585
677        (1 0 2 3 2 1 2)              87.603
678        (1 0 1 2 1 1 1)              87.622
679        (1 0 0 0 2 2 1)              87.640
680        (1 0 2 3 2 1 2)              87.658
681        (1 0 3 1 2 1 2)              87.677
682        (1 0 1 2 1 1 1)              87.695
683        (1 0 1 2 1 1 1)              87.713
684        (1 0 1 2 1 2 1)              87.689
685        (1 0 3 1 2 1 2)              87.707
686        (1 0 2 3 2 1 2)              87.683
687        (1 0 2 3 1 2 1)              87.701
688        (1 0 3 1 2 1 2)              87.698
689        (1 0 3 1 2 1 2)              87.675
690        (1 0 2 3 2 1 2)              87.693
691        (0 0 4 6 0 0 1)              87.607
692        (1 0 2 3 2 1 2)              87.583
693        (1 0 2 3 2 1 2)              87.601
694        (1 0 2 3 2 1 2)              87.619
695        (1 0 1 2 1 1 1)              87.637
696        (1 0 2 3 2 1 2)              87.655
697        (1 0 2 3 2 1 2)              87.673
698        (1 0 2 3 2 2 1)              87.690
699        (1 0 1 2 1 2 1)              87.688
700        (1 0 3 1 2 1 2)              87.603
701        (1 0 1 2 1 1 1)              87.620
702        (1 0 2 3 2 1 2)              87.536
703        (1 0 3 1 2 1 2)              87.533
704        (1 0 3 1 2 1 2)              87.531
705        (0 0 4 5 1 1 1)              87.447
706        (1 0 2 3 2 1 2)              87.424
707        (1 0 1 2 1 1 1)              87.442
708        (1 0 2 3 2 1 2)              87.459
709        (1 0 2 3 2 1 2)              87.477
710        (1 0 2 3 2 1 2)              87.495
711        (1 0 1 2 1 1 1)              87.513
712        (1 0 2 3 2 1 2)              87.530
713        (1 0 1 2 1 2 1)              87.447
714        (1 0 2 3 2 1 2)              87.465
715        (1 0 1 2 1 1 1)              87.482
716        (1 0 3 1 2 1 2)              87.460
717        (1 0 2 3 2 1 2)              87.477
718        (1 0 0 0 1 2 0)              87.495
719        (1 0 3 1 2 1 2)              87.493
720        (1 0 2 3 2 1 2)              87.510
721        (1 0 1 2 1 1 1)              87.527
722        (1 0 3 1 2 1 2)              87.545
723        (1 0 2 3 2 1 2)              87.562
724        (1 0 0 0 2 2 1)              87.579
725        (1 0 3 1 2 1 2)              87.597
726        (1 0 2 3 2 1 2)              87.614
727        (1 0 3 1 2 1 2)              87.611
728        (1 0 2 3 1 2 1)              87.628
729        (1 0 1 2 0 0 1)              87.586
730        (1 0 2 3 2 1 2)              87.564
731        (0 0 2 3 1 2 1)              87.502
732        (1 0 2 3 2 1 2)              87.520
733        (1 0 2 3 2 1 2)              87.537
734        (1 0 3 1 2 1 2)              87.554
735        (1 0 1 2 1 1 1)              87.493
736        (1 0 2 3 2 1 2)              87.510
737        (1 0 2 3 2 1 2)              87.527
738        (1 0 2 3 2 1 2)              87.544
739        (1 0 1 2 1 1 1)              87.561
740        (1 0 2 3 2 1 2)              87.578
741        (1 0 2 3 2 1 2)              87.594
742        (1 0 2 3 2 1 2)              87.592
743        (1 0 3 1 1 1 1)              87.609
744        (1 0 2 3 2 1 2)              87.625
745        (1 0 2 3 2 1 2)              87.642
746        (1 0 2 3 2 1 2)              87.659
747        (1 0 2 3 2 1 2)              87.675
748        (1 0 2 3 2 1 2)              87.692
749        (1 0 3 1 2 1 2)              87.709
750        (1 0 2 3 2 1 2)              87.725
751        (1 0 3 1 2 1 2)              87.722
752        (0 0 1 2 1 1 1)              87.720
753        (1 0 2 3 2 1 2)              87.717
754        (1 0 2 3 2 1 2)              87.733
755        (1 0 3 1 2 1 2)              87.731
756        (1 0 2 3 2 1 2)              87.709
757        (1 0 3 1 2 1 2)              87.725
758        (1 0 2 3 2 1 2)              87.742
759        (1 0 2 3 2 1 2)              87.758
760        (1 0 1 2 1 1 1)              87.755
761        (1 0 2 3 2 1 2)              87.771
762        (1 0 2 3 2 1 2)              87.787
763        (1 0 1 2 1 2 1)              87.766
764        (1 0 1 2 1 1 1)              87.763
765        (1 0 2 3 2 1 2)              87.779
766        (1 0 2 3 2 1 2)              87.795
767        (1 0 2 3 2 1 2)              87.811
768        (1 0 3 1 2 1 2)              87.809
769        (1 0 2 3 2 1 2)              87.824
771        (1 0 3 1 2 1 2)              87.840
772        (1 0 2 3 2 1 2)              87.856
773        (1 0 3 1 2 1 2)              87.872
774        (1 0 2 3 2 1 2)              87.869
775        (1 0 2 3 1 2 1)              87.866
776        (1 0 3 1 2 1 2)              87.864
777        (1 0 2 3 2 1 2)              87.879
778        (1 0 1 2 1 2 1)              87.877
779        (1 0 2 3 2 1 2)              87.855
780        (1 0 1 2 1 1 1)              87.871
781        (1 0 3 1 2 1 2)              87.868
782        (1 0 1 2 1 2 1)              87.829
783        (1 0 2 3 2 1 2)              87.844
784        (0 0 4 5 0 0 1)              87.805
785        (1 0 1 2 1 1 1)              87.821
786        (1 0 1 2 1 1 1)              87.818
787        (1 0 2 3 2 1 2)              87.779
788        (1 0 2 3 2 1 2)              87.794
789        (1 0 2 3 2 1 2)              87.810
790        (1 0 2 3 2 1 2)              87.825
791        (1 0 2 3 2 1 2)              87.841
792        (1 0 2 3 2 1 2)              87.856
793        (1 0 2 3 2 1 2)              87.872
794        (1 0 2 3 1 2 1)              87.887
795        (1 0 2 3 2 1 1)              87.884
796        (1 0 4 5 2 2 2)              87.845
797        (1 0 1 2 0 0 1)              87.861
798        (1 0 3 1 2 1 2)              87.876
799        (1 0 2 3 2 1 2)              87.891
800        (1 0 2 3 2 1 2)              87.907
801        (1 0 3 1 2 1 2)              87.922
802        (1 0 1 2 1 1 1)              87.937
803        (1 0 1 2 1 1 1)              87.952
804        (1 0 2 3 2 1 2)              87.967
805        (1 0 2 3 2 1 2)              87.982
806        (1 0 0 0 1 2 0)              87.997
807        (1 0 1 2 1 1 1)              88.012
808        (1 0 2 3 2 1 2)              88.009
809        (1 0 1 2 1 1 1)              88.024
810        (1 0 2 3 2 1 2)              88.039
811        (1 0 2 3 2 1 2)              88.054
812        (1 0 2 3 2 1 2)              88.016
813        (1 0 2 3 1 1 1)              88.013
814        (1 0 1 2 1 1 1)              88.028
815        (1 0 3 1 2 1 2)              88.025
816        (0 0 1 2 0 0 1)              88.022
817        (0 0 2 3 1 2 1)              87.966
818        (1 0 2 3 2 1 2)              87.981
819        (1 0 2 3 2 1 2)              87.996
820        (1 0 1 2 1 2 1)              87.993
821        (0 0 4 6 1 2 1)              87.955
822        (0 0 1 2 1 1 1)              87.952
823        (1 0 3 1 2 1 2)              87.932
824        (1 0 2 3 2 1 2)              87.912
825        (1 0 2 3 2 1 2)              87.927
826        (1 0 2 3 1 2 1)              87.942
827        (1 0 2 3 2 1 2)              87.921
828        (1 0 1 2 1 2 1)              87.919
829        (1 0 2 3 1 2 1)              87.933
830        (1 0 2 3 2 1 2)              87.948
831        (1 0 2 3 2 2 1)              87.963
832        (1 0 2 3 2 1 2)              87.960
833        (1 0 2 3 2 1 2)              87.974
834        (1 0 2 3 2 1 2)              87.955
835        (1 0 2 3 1 1 1)              87.935
836        (1 0 2 3 2 1 2)              87.949
837        (1 0 1 2 1 1 1)              87.964
838        (1 0 3 1 2 1 2)              87.961
839        (1 0 2 3 2 1 2)              87.975
840        (1 0 2 3 2 1 2)              87.990
841        (1 0 1 2 1 1 1)              88.004
842        (1 0 2 3 2 2 1)              88.001
843        (1 0 2 3 2 1 2)              88.016
844        (1 0 0 0 1 2 0)              88.030
845        (1 0 2 3 2 1 2)              88.010
846        (1 0 1 2 1 1 1)              88.024
847        (1 0 3 1 2 1 2)              88.039
848        (1 0 2 3 2 1 2)              88.053
849        (1 0 2 3 2 1 2)              88.067
850        (1 0 2 3 2 1 2)              88.081
851        (1 0 3 1 1 1 1)              88.061
852        (1 0 2 3 2 1 2)              88.076
853        (1 0 1 2 1 2 1)              88.039
854        (1 0 1 2 1 1 1)              88.053
855        (1 0 1 2 1 1 1)              88.067
856        (1 0 3 1 2 1 2)              88.081
857        (1 0 2 3 1 2 1)              88.028
858        (1 0 1 2 1 2 1)              88.025
859        (1 0 2 3 2 1 2)              88.039
860        (1 0 3 1 2 1 2)              88.053
861        (1 0 1 2 1 1 1)              88.067
862        (1 0 3 1 2 1 2)              88.081
863        (1 0 2 3 2 1 2)              88.095
864        (1 0 1 2 1 1 1)              88.109
865        (0 0 1 2 0 0 1)              88.056
866        (1 0 2 3 2 1 2)              88.070
867        (1 0 2 3 2 1 2)              88.084
868        (1 0 1 2 1 1 1)              88.098
869        (1 0 3 1 1 1 1)              88.112
870        (1 0 3 1 2 1 1)              88.109
871        (1 0 3 1 2 1 2)              88.106
872        (1 0 2 3 2 1 2)              88.120
873        (1 0 1 2 1 2 1)              88.084
874        (1 0 2 3 2 1 2)              88.098
875        (1 0 2 3 2 1 2)              88.112
876        (1 0 2 3 2 1 2)              88.125
877        (0 0 4 2 1 1 1)              88.106
878        (1 0 1 2 1 1 1)              88.087
879        (1 0 2 3 2 1 2)              88.068
880        (1 0 1 2 1 1 1)              88.082
881        (0 0 1 2 1 1 1)              88.079
882        (1 0 3 1 2 1 2)              88.060
883        (1 0 1 2 1 1 1)              88.074
884        (1 0 3 1 2 1 2)              88.055
885        (1 0 1 2 1 1 1)              88.068
886        (1 0 2 3 2 1 1)              88.033
887        (1 0 2 3 2 1 2)              88.047
888        (1 0 2 3 2 1 2)              88.060
889        (1 0 0 0 1 2 0)              88.074
890        (1 0 3 1 2 1 2)              88.087
891        (1 0 2 3 2 1 2)              88.084
892        (1 0 2 3 2 1 2)              88.098
893        (1 0 1 2 1 1 1)              88.111
894        (1 0 2 3 2 1 2)              88.125
895        (1 0 3 1 2 1 2)              88.090
896        (1 0 2 3 2 1 2)              88.087
897        (1 0 2 3 2 1 2)              88.069
898        (1 0 2 3 2 1 2)              88.034
899        (1 0 2 3 2 1 2)              88.047
900        (1 0 3 1 2 1 2)              88.061
901        (1 0 2 3 2 1 2)              88.026
902        (1 0 2 3 2 1 2)              88.008
903        (0 0 1 2 0 0 1)              88.005
904        (1 0 3 1 2 1 2)              88.018
905        (1 0 2 3 2 1 2)              88.000
906        (1 0 1 2 1 2 1)              88.013
907        (1 0 2 3 2 1 2)              88.027
908        (1 0 2 3 2 1 2)              88.024
909        (1 0 1 2 1 1 1)              88.037
910        (1 0 1 2 1 1 1)              88.051
911        (1 0 3 1 2 1 2)              88.016
912        (1 0 1 2 1 1 1)              87.982
913        (1 0 3 1 2 1 1)              87.996
914        (1 0 3 1 2 1 2)              88.009
915        (1 0 1 2 1 1 1)              88.022
916        (1 0 2 3 2 1 2)              88.035
917        (1 0 2 3 2 1 2)              88.048
918        (1 0 2 3 1 2 1)              88.046
919        (1 0 1 2 1 1 1)              88.059
920        (1 0 1 2 1 1 1)              88.072
921        (0 0 0 4 0 1 0)              88.007
922        (1 0 3 1 2 1 2)              87.973
923        (0 0 2 3 1 1 1)              87.955
924        (1 0 4 5 2 2 2)              87.922
925        (1 0 2 3 2 1 2)              87.935
926        (1 0 2 3 2 1 2)              87.948
927        (1 0 2 3 2 1 2)              87.961
928        (1 0 2 3 2 1 2)              87.943
929        (1 0 2 3 2 1 2)              87.956
930        (0 0 1 2 1 1 1)              87.938
931        (1 0 2 3 2 1 2)              87.951
932        (1 0 2 3 2 1 2)              87.964
933        (1 0 3 1 2 1 2)              87.977
934        (1 0 2 3 1 2 1)              87.944
935        (1 0 1 2 1 1 1)              87.896
936        (1 0 1 2 1 1 1)              87.878
937        (1 0 2 3 2 1 2)              87.876
938        (1 0 2 3 1 2 1)              87.889
939        (1 0 4 5 2 2 2)              87.856
940        (1 0 2 3 2 1 2)              87.838
941        (1 0 3 1 2 1 2)              87.836
942        (1 0 1 2 1 1 1)              87.849
943        (1 0 1 2 1 1 1)              87.862
944        (1 0 2 3 2 1 2)              87.875
945        (1 0 1 2 1 1 1)              87.888
946        (1 0 1 2 1 1 1)              87.900
947        (1 0 3 1 2 1 2)              87.913
948        (1 0 1 2 1 1 1)              87.926
949        (1 0 3 1 2 1 2)              87.939
950        (1 0 3 1 2 1 2)              87.952
951        (1 0 2 3 2 1 2)              87.964
952        (1 0 2 3 2 1 2)              87.977
953        (1 0 2 3 1 0 1)              87.975
954        (1 0 2 3 2 1 2)              87.987
955        (1 0 1 2 1 1 1)              88.000
956        (1 0 2 3 2 1 2)              88.013
957        (1 0 1 2 1 1 1)              88.025
958        (1 0 1 2 1 1 1)              88.038
959        (1 0 1 2 1 2 1)              88.020
960        (1 0 0 0 2 2 1)              88.033
961        (1 0 2 3 2 1 2)              88.045
962        (1 0 3 1 2 1 2)              88.043
963        (1 0 1 2 0 0 1)              88.055
964        (0 0 4 5 2 2 1)              87.993
965        (1 0 2 3 1 0 1)              88.006
966        (1 0 2 3 2 1 2)              88.018
967        (1 0 2 3 2 1 2)              88.031
968        (1 0 3 1 1 1 1)              88.014
970        (1 0 3 1 2 1 2)              88.026
971        (1 0 3 1 2 1 2)              88.038
972        (1 0 2 3 2 1 2)              88.051
973        (1 0 2 3 2 1 2)              88.048
974        (1 0 2 3 2 1 2)              88.061
975        (1 0 2 3 2 1 2)              88.073
976        (1 0 2 3 2 1 2)              88.056
977        (1 0 1 2 1 1 1)              88.068
978        (1 0 2 3 2 1 2)              88.051
979        (1 0 3 1 2 1 2)              88.063
980        (1 0 2 3 2 1 2)              88.076
981        (1 0 1 2 1 1 1)              88.088
982        (0 0 2 3 1 2 1)              88.071
983        (1 0 2 3 2 1 2)              88.083
984        (1 0 1 2 1 1 1)              88.095
985        (1 0 2 3 2 1 2)              88.034
986        (1 0 1 2 1 1 1)              88.047
987        (1 0 3 1 2 1 2)              88.059
988        (1 0 2 3 2 1 2)              88.071
989        (1 0 2 3 2 1 2)              88.083
990        (1 0 3 1 2 1 2)              88.095
991        (1 0 3 1 2 1 2)              88.107
992        (1 0 2 3 2 1 2)              88.076
993        (1 0 2 3 1 1 1)              88.088
994        (1 0 0 0 2 2 1)              88.100
995        (1 0 1 2 1 1 1)              88.112
996        (1 0 1 2 1 1 1)              88.124
997        (1 0 2 3 2 1 2)              88.136
998        (1 0 2 3 2 1 2)              88.134
999        (1 0 2 3 2 1 2)              88.117
1000       (1 0 3 1 2 1 2)              88.129
1001       (1 0 2 3 2 1 2)              88.141
1002       (1 0 3 1 2 1 2)              88.138
1003       (1 0 1 2 1 1 1)              88.150
1004       (1 0 2 3 2 1 2)              88.162
1005       (1 0 1 2 1 1 1)              88.174
1006       (1 0 2 3 2 1 2)              88.157
1007       (1 0 2 3 2 1 2)              88.169
1008       (1 0 2 3 2 1 2)              88.181
1009       (1 0 2 3 2 1 2)              88.193
1010       (1 0 1 2 1 2 1)              88.190
1011       (1 0 2 3 2 1 2)              88.202
1012       (0 0 2 3 1 2 1)              88.199
1013       (0 0 0 4 0 1 0)              88.140
1014       (1 0 2 3 2 1 2)              88.152
1015       (1 0 2 3 2 1 2)              88.164
1016       (0 0 1 2 0 0 1)              88.161
1017       (1 0 1 2 1 1 1)              88.173
1018       (1 0 2 3 2 1 2)              88.185
1019       (1 0 1 2 1 1 1)              88.196
1020       (1 0 2 3 2 1 2)              88.180
1021       (1 0 3 1 2 1 2)              88.149
1022       (1 0 2 3 2 1 2)              88.161
1023       (1 0 2 3 2 1 2)              88.172
1024       (1 0 2 3 2 1 2)              88.184
1025       (1 0 2 3 2 1 2)              88.196
1026       (1 0 2 3 2 2 1)              88.207
1027       (1 0 2 3 2 1 2)              88.177
1028       (1 0 2 3 2 1 2)              88.188
1029       (1 0 2 3 2 1 2)              88.200
1030       (1 0 1 2 1 1 1)              88.211
1031       (1 0 0 0 2 2 1)              88.223
1032       (1 0 2 3 2 1 2)              88.234
1033       (1 0 3 1 2 1 2)              88.246
1034       (1 0 2 3 2 1 2)              88.230
1035       (1 0 0 0 2 2 1)              88.241
1036       (1 0 2 3 2 1 2)              88.252
1037       (1 0 3 1 2 1 2)              88.264
1038       (0 0 4 6 1 1 1)              88.220
1040       (1 0 2 3 2 1 2)              88.204
1041       (1 0 2 3 2 1 2)              88.215
1042       (1 0 2 3 2 1 2)              88.226
1044       (1 0 2 3 1 1 1)              88.238
1045       (1 0 2 3 1 2 1)              88.249
1046       (1 0 2 3 2 1 2)              88.260
1047       (1 0 3 1 2 1 2)              88.272
1048       (1 0 2 3 2 1 2)              88.283
1049       (0 0 4 6 0 0 1)              88.253
1050       (1 0 2 3 2 1 2)              88.251
1051       (0 0 1 2 0 0 1)              88.248
1052       (0 0 1 2 1 1 1)              88.218
1053       (1 0 2 3 2 1 2)              88.230
1054       (1 0 2 3 2 1 2)              88.241
1055       (1 0 1 2 1 1 1)              88.252
1056       (0 0 1 2 1 1 1)              88.222
1057       (0 0 1 2 1 1 1)              88.193
1058       (1 0 2 3 2 1 2)              88.204
1059       (1 0 1 2 1 1 1)              88.215
1060       (1 0 2 3 2 1 2)              88.227
1061       (1 0 3 1 2 1 2)              88.238
1062       (1 0 3 1 2 1 2)              88.249
1063       (1 0 1 2 1 1 1)              88.260
1064       (1 0 3 1 2 1 2)              88.271
1065       (1 0 2 3 1 2 1)              88.282
1066       (1 0 1 2 1 2 1)              88.253
1067       (1 0 3 1 2 1 2)              88.264
1068       (1 0 1 2 1 1 1)              88.275
1069       (1 0 3 1 2 1 2)              88.246
1070       (1 0 1 2 1 1 1)              88.257
1071       (1 0 3 1 2 1 2)              88.241
1072       (0 0 1 2 1 1 1)              88.212
1073       (1 0 3 1 2 1 2)              88.196
1074       (1 0 3 1 2 1 2)              88.194
1075       (1 0 2 3 2 1 2)              88.178
1076       (1 0 2 3 2 1 2)              88.189
1077       (1 0 1 2 1 1 1)              88.200
1078       (1 0 2 3 2 1 2)              88.184
1079       (1 0 2 3 2 1 2)              88.195
1080       (1 0 2 3 2 1 2)              88.206
1081       (1 0 1 2 1 1 1)              88.204
1082       (1 0 3 1 2 1 2)              88.162
1083       (1 0 3 1 2 1 2)              88.173
1084       (1 0 2 3 2 1 2)              88.157
1085       (1 0 2 3 2 1 2)              88.168
1086       (1 0 1 2 1 1 1)              88.179
1087       (1 0 2 3 2 1 2)              88.190
1088       (1 0 3 1 2 1 2)              88.201
1089       (1 0 2 3 2 1 2)              88.212
1090       (1 0 2 3 2 1 2)              88.223
1091       (1 0 3 1 2 1 2)              88.234
1092       (1 0 3 1 2 1 2)              88.218
1093       (1 0 2 3 2 1 2)              88.229
1094       (1 0 2 3 2 1 2)              88.227
1095       (1 0 0 0 1 2 0)              88.238
1096       (1 0 2 3 2 1 2)              88.235
1097       (1 0 2 3 2 1 2)              88.220
1098       (1 0 1 2 1 1 1)              88.231
1099       (1 0 2 3 2 1 2)              88.241
1100       (1 0 2 3 2 1 2)              88.252
1101       (1 0 2 3 2 1 2)              88.237
1102       (1 0 3 1 2 1 2)              88.182
1103       (1 0 1 2 1 1 1)              88.193
1104       (1 0 1 2 1 1 1)              88.152
1105       (0 0 4 5 2 2 1)              88.123
1106       (1 0 2 3 2 1 2)              88.134
1107       (1 0 2 3 2 1 2)              88.119
1108       (1 0 3 1 2 1 2)              88.065
1109       (1 0 3 1 2 1 2)              88.050
1110       (1 0 3 1 2 1 2)              88.061
1111       (1 0 2 3 2 1 2)              88.071
1112       (0 0 1 2 0 0 1)              88.069
1113       (1 0 3 1 2 1 2)              88.080
1114       (1 0 3 1 2 1 2)              88.091
1115       (1 0 2 3 2 1 2)              88.102
1116       (1 0 1 2 1 2 1)              88.100
1117       (1 0 1 2 1 1 1)              88.110
1118       (1 0 3 1 2 1 2)              88.121
1119       (1 0 1 2 0 0 1)              88.132
1120       (1 0 3 1 2 1 2)              88.078
1121       (1 0 3 1 2 1 2)              88.089
1122       (1 0 3 1 2 1 2)              88.087
1123       (1 0 3 1 2 1 2)              88.097
1124       (1 0 2 3 2 1 2)              88.108
1125       (1 0 3 1 2 1 2)              88.093
1126       (1 0 3 1 2 1 2)              88.104
1127       (1 0 2 3 2 1 2)              88.114
1128       (0 0 4 5 0 0 1)              88.087
1129       (1 0 2 3 1 2 1)              88.097
1130       (1 0 1 2 1 1 1)              88.108
1131       (1 0 3 1 2 1 2)              88.093
1132       (1 0 2 3 2 1 2)              88.104
1133       (1 0 2 3 1 2 1)              88.076
1134       (1 0 3 1 2 1 2)              88.087
1135       (1 0 3 1 2 1 2)              88.097
1136       (1 0 2 3 2 1 2)              88.108
1137       (1 0 2 3 1 1 1)              88.080
1138       (0 0 4 6 1 1 1)              88.040
1139       (1 0 1 2 1 1 1)              88.038
1140       (1 0 2 3 2 1 2)              88.036
1141       (1 0 3 1 2 1 2)              88.047
1142       (1 0 1 2 1 1 1)              87.994
1143       (1 0 2 3 2 1 2)              88.005
1144       (0 0 2 3 1 2 1)              87.965
1145       (1 0 3 1 2 1 2)              87.976
1146       (1 0 2 3 2 1 2)              87.961
1147       (1 0 3 1 2 1 2)              87.959
1148       (1 0 3 1 2 1 2)              87.970
1149       (1 0 2 3 2 1 2)              87.980
1150       (1 0 2 3 2 1 2)              87.953
1151       (1 0 3 1 2 1 2)              87.964
1152       (1 0 2 3 2 2 1)              87.962
1153       (1 0 3 1 1 1 1)              87.973
1154       (1 0 2 3 2 1 2)              87.983
1155       (1 0 2 3 2 1 1)              87.956
1156       (1 0 2 3 2 1 2)              87.967
1157       (1 0 3 1 2 1 2)              87.977
1158       (1 0 3 1 2 1 2)              87.988
1159       (1 0 2 3 2 1 2)              87.998
1160       (1 0 2 3 2 1 2)              88.008
1161       (1 0 3 1 2 1 2)              88.019
1162       (1 0 3 1 2 1 2)              87.980
1163       (1 0 2 3 2 1 2)              87.990
1164       (1 0 2 3 1 2 0)              88.000
1165       (1 0 2 3 1 2 1)              88.011
1166       (1 0 2 3 2 1 2)              87.997
1167       (1 0 1 2 1 1 1)              88.007
1168       (1 0 2 3 2 1 2)              88.017
1169       (1 0 1 2 1 2 1)              88.015
1170       (1 0 3 1 1 1 1)              88.026
1171       (1 0 2 3 2 1 2)              88.036
1172       (1 0 2 3 2 1 2)              88.046
1173       (1 0 3 1 2 1 2)              88.056
1174       (1 0 3 1 2 1 2)              88.005
1175       (1 0 3 1 2 1 2)              88.016
1176       (1 0 2 3 2 2 1)              88.026
1177       (1 0 2 3 2 1 2)              88.036
1178       (0 0 4 5 1 1 1)              87.998
1179       (1 0 2 3 2 1 2)              88.008
1180       (1 0 2 3 1 1 2)              88.006
1181       (1 0 2 3 2 1 2)              87.992
1182       (1 0 2 3 2 1 2)              88.002
1183       (1 0 3 1 2 1 2)              88.012
1184       (1 0 2 3 1 0 1)              88.022
1185       (1 0 3 1 2 1 2)              88.033
1186       (1 0 2 3 2 1 2)              88.043
1187       (1 0 2 3 2 1 2)              88.029
1188       (1 0 2 3 2 1 2)              88.015
1189       (1 0 2 3 2 1 2)              88.025
1190       (1 0 2 3 2 1 2)              88.023
1191       (0 0 4 6 0 0 1)              87.985
1192       (1 0 3 1 2 1 2)              87.983
1193       (1 0 3 1 2 1 2)              87.993
1194       (1 0 2 3 2 1 2)              87.979
1195       (1 0 2 3 2 1 2)              87.989
1196       (1 0 1 2 1 1 1)              87.963
1197       (1 0 2 3 2 1 2)              87.973
1198       (1 0 2 3 2 1 2)              87.983
1199       (1 0 3 1 2 1 2)              87.993
1200       (1 0 2 3 2 1 2)              88.003
1201       (1 0 3 1 1 1 1)              88.013
1202       (1 0 3 1 2 1 2)              88.023
1203       (1 0 2 3 2 1 1)              87.998
1204       (1 0 2 3 2 1 1)              88.008
1205       (1 0 1 2 1 1 1)              88.018
1206       (1 0 2 3 2 1 2)              88.028
1207       (1 0 2 3 2 1 2)              88.026
1208       (1 0 2 3 2 1 2)              88.036
1209       (1 0 2 3 2 1 2)              88.046
1210       (1 0 2 3 2 1 2)              88.044
1211       (1 0 1 2 1 1 1)              88.030
1212       (1 0 2 3 2 1 2)              88.040
1213       (1 0 3 1 2 1 2)              88.050
1214       (1 0 2 3 2 1 2)              88.024
1215       (1 0 2 3 2 1 2)              88.010
1216       (1 0 3 1 2 1 2)              87.997
1217       (1 0 3 1 1 1 1)              87.983
1218       (1 0 1 2 1 1 1)              87.993
1219       (1 0 2 3 2 1 2)              87.991
1220       (1 0 2 3 2 1 2)              88.001
1221       (1 0 2 3 2 1 2)              88.011
1222       (1 0 2 3 2 1 2)              88.021
1223       (1 0 1 2 1 1 1)              88.031
1224       (1 0 3 1 2 1 2)              88.005
1225       (1 0 1 2 1 1 1)              88.015
1226       (1 0 1 2 1 1 1)              88.025
1227       (1 0 2 3 2 1 2)              88.023
1228       (1 0 2 3 2 1 2)              88.033
1229       (1 0 2 3 2 1 2)              88.031
1230       (1 0 1 2 1 1 1)              88.041
1231       (1 0 3 1 2 1 2)              88.050
1232       (1 0 3 1 2 1 2)              88.060
1233       (1 0 1 2 1 1 1)              88.070
1234       (1 0 3 1 2 1 2)              88.080
1235       (1 0 2 3 2 1 2)              88.089
1236       (1 0 2 3 2 1 2)              88.099
1237       (1 0 2 3 2 1 2)              88.109
1238       (1 0 2 3 2 1 1)              88.107
1239       (1 0 1 2 1 1 1)              88.117
1240       (1 0 1 2 1 2 1)              88.091
1241       (1 0 3 1 2 1 2)              88.101
1242       (1 0 2 3 2 1 2)              88.111
1243       (1 0 0 0 1 2 0)              88.120
1244       (1 0 1 2 1 1 1)              88.130
1245       (1 0 3 1 2 1 2)              88.140
1246       (1 0 3 1 2 1 2)              88.149
1247       (1 0 2 3 2 1 2)              88.159
1248       (1 0 3 1 2 1 2)              88.168
1249       (1 0 2 3 2 1 2)              88.178
1250       (1 0 2 3 2 1 2)              88.187
1251       (1 0 1 2 1 1 1)              88.197
1252       (1 0 1 2 1 1 1)              88.206
1253       (1 0 2 3 1 2 1)              88.204
1254       (1 0 3 1 2 1 2)              88.214
1255       (1 0 2 3 2 1 1)              88.189
1256       (0 0 4 5 0 0 1)              88.164
1257       (1 0 1 2 1 1 1)              88.173
1258       (1 0 2 3 2 1 2)              88.183
1259       (1 0 2 3 2 1 2)              88.192
1260       (1 0 2 3 2 1 2)              88.202
1261       (1 0 2 3 2 1 2)              88.211
1262       (1 0 2 3 2 1 2)              88.221
1263       (1 0 3 1 2 1 2)              88.230
1264       (1 0 1 2 1 2 1)              88.239
1265       (1 0 3 1 2 1 2)              88.203
1266       (1 0 1 2 1 0 1)              88.201
1267       (1 0 2 3 2 1 2)              88.188
1268       (1 0 1 2 1 1 1)              88.197
1269       (1 0 2 3 2 1 2)              88.207
1270       (1 0 2 3 0 0 0)              88.216
1271       (1 0 1 2 1 1 1)              88.225
1272       (0 0 4 6 1 2 2)              88.189
1273       (1 0 3 1 2 1 2)              88.199
1274       (1 0 2 3 2 1 2)              88.208
1275       (1 0 1 2 1 2 1)              88.195
1276       (1 0 1 2 1 1 1)              88.204
1277       (1 0 3 1 2 1 2)              88.213
1278       (1 0 2 3 2 1 1)              88.189
1279       (1 0 2 3 2 1 2)              88.176
1280       (1 0 1 2 1 1 1)              88.185
1281       (1 0 2 3 2 1 2)              88.194
1282       (1 0 2 3 2 1 2)              88.204
1283       (1 0 1 2 1 2 0)              88.190
1284       (1 0 2 3 2 1 2)              88.189
1285       (1 0 4 5 2 2 2)              88.164
1286       (1 0 2 3 2 1 2)              88.173
1287       (1 0 1 2 1 1 1)              88.183
1288       (1 0 2 3 2 1 2)              88.192
1289       (0 0 1 2 1 1 1)              88.157
1290       (1 0 2 3 1 2 1)              88.166
1291       (1 0 1 2 1 1 1)              88.175
1292       (0 0 1 2 1 1 1)              88.173
1293       (1 0 3 1 2 1 2)              88.171
1294       (1 0 1 2 1 1 1)              88.180
1295       (1 0 2 3 2 1 2)              88.190
1296       (1 0 3 1 2 1 2)              88.199
1297       (0 0 1 2 1 1 1)              88.186
1298       (1 0 2 3 2 1 2)              88.195
1299       (1 0 2 3 2 1 2)              88.204
1300       (1 0 1 2 1 1 1)              88.213
1301       (1 0 2 3 2 1 2)              88.222
1302       (1 0 2 3 2 1 2)              88.231
1303       (1 0 2 3 2 1 2)              88.240
1304       (1 0 2 3 2 1 2)              88.239
1305       (1 0 2 3 2 1 2)              88.237
1306       (1 0 3 1 2 1 2)              88.235
1307       (0 0 4 3 2 1 1)              88.178
1308       (1 0 2 3 2 1 2)              88.187
1309       (1 0 2 3 2 1 2)              88.196
1310       (1 0 3 1 2 1 2)              88.183
1311       (1 0 2 3 2 1 2)              88.192
1312       (1 0 3 1 2 1 2)              88.179
1313       (1 0 3 1 2 1 2)              88.177
1314       (1 0 0 0 1 2 0)              88.186
1315       (1 0 2 3 2 1 2)              88.195
1316       (1 0 3 1 2 1 2)              88.194
1317       (1 0 3 1 2 1 2)              88.192
1318       (1 0 2 3 2 1 2)              88.201
1319       (1 0 3 1 2 1 2)              88.210
1320       (1 0 2 3 1 2 1)              88.208
1321       (1 0 2 3 2 1 2)              88.195
1322       (1 0 1 2 1 2 1)              88.193
1323       (1 0 2 3 2 1 2)              88.202
1324       (1 0 2 3 2 1 2)              88.200
1325       (0 0 2 3 1 2 1)              88.187
1326       (1 0 2 3 2 1 2)              88.175
1327       (1 0 1 2 1 1 1)              88.184
1328       (1 0 3 1 2 1 2)              88.171
1329       (1 0 3 1 2 1 2)              88.148
1330       (1 0 0 0 1 2 0)              88.156
1331       (1 0 3 1 2 1 2)              88.155
1332       (1 0 3 1 2 1 2)              88.164
1333       (1 0 1 2 1 2 1)              88.162
1334       (0 0 4 6 0 0 1)              88.117
1335       (0 0 1 2 2 1 2)              88.072
1336       (1 0 2 3 2 1 2)              88.081
1337       (1 0 1 2 1 1 1)              88.090
1338       (1 0 2 3 2 1 2)              88.077
1339       (1 0 3 1 2 1 2)              88.086
1340       (1 0 3 1 2 1 2)              88.074
1341       (1 0 3 1 2 1 2)              88.083
1342       (1 0 2 3 2 1 2)              88.092
1343       (1 0 1 2 1 2 1)              88.068
1344       (1 0 3 1 2 1 2)              88.077
1345       (1 0 3 1 2 1 2)              88.076
1346       (1 0 3 1 2 1 2)              88.085
1347       (0 0 4 5 2 2 1)              88.061
1348       (1 0 3 1 2 1 2)              88.070
1349       (1 0 3 1 2 1 2)              88.079
1350       (1 0 2 3 2 1 2)              88.088
1351       (1 0 2 3 2 1 2)              88.097
1352       (1 0 3 1 2 1 2)              88.106
1353       (1 0 2 3 2 1 2)              88.093
1354       (1 0 2 3 2 1 2)              88.102
1355       (1 0 3 1 2 1 2)              88.101
1356       (1 0 2 3 1 2 1)              88.109
1357       (1 0 2 3 2 1 2)              88.118
1358       (1 0 2 3 2 1 2)              88.127
1359       (1 0 2 3 2 1 2)              88.136
1360       (0 0 1 2 1 1 1)              88.102
1361       (1 0 1 2 1 1 1)              88.111
1362       (1 0 2 3 2 1 2)              88.120
1363       (1 0 1 2 1 1 1)              88.086
1364       (1 0 2 3 2 1 2)              88.064
1365       (1 0 2 3 2 1 2)              88.072
1366       (1 0 2 3 2 1 2)              88.050
1367       (1 0 1 2 1 1 1)              88.058
1368       (1 0 3 1 2 1 2)              88.067
1369       (1 0 1 2 1 1 1)              88.076
1370       (1 0 3 1 2 1 2)              88.074
1371       (1 0 4 5 2 2 2)              88.052
1372       (1 0 3 1 2 1 1)              88.050
1373       (1 0 3 1 2 1 2)              88.048
1374       (1 0 1 2 1 1 1)              88.057
1375       (1 0 2 3 2 1 2)              88.066
1376       (0 0 1 2 0 0 1)              88.064
1377       (1 0 3 1 1 1 1)              88.073
1378       (1 0 0 0 2 2 1)              88.050
1379       (1 0 3 1 2 1 2)              88.059
1380       (1 0 1 2 1 1 1)              88.067
1381       (1 0 2 3 2 1 2)              88.076
1382       (1 0 1 2 1 1 1)              88.085
1383       (1 0 2 3 2 1 2)              88.073
1384       (1 0 2 3 2 1 2)              88.081
1385       (1 0 1 2 1 2 1)              88.049
1386       (1 0 2 3 2 1 2)              88.057
1387       (1 0 2 3 2 1 2)              88.066
1388       (1 0 3 1 2 1 2)              88.075
1389       (1 0 3 1 2 1 2)              88.083
1390       (1 0 2 3 2 1 2)              88.061
1391       (1 0 1 2 1 1 1)              88.069
1392       (1 0 2 3 2 1 2)              88.078
1393       (1 0 1 2 1 1 1)              88.087
1394       (1 0 2 3 2 1 2)              88.064
1395       (1 0 2 3 2 1 2)              88.052
1396       (1 0 3 1 2 1 2)              88.061
1397       (1 0 2 3 2 1 2)              88.049
1398       (1 0 3 1 2 1 2)              88.058
1399       (1 0 2 3 2 1 2)              88.066
1400       (1 0 3 1 2 1 2)              88.075
1401       (1 0 2 3 2 1 2)              88.083
1402       (1 0 3 1 2 1 2)              88.082
1403       (1 0 2 3 1 2 1)              88.090
1404       (1 0 3 1 2 1 2)              88.099
1405       (1 0 3 1 2 1 2)              88.107
1406       (1 0 1 2 1 2 1)              88.095
1407       (1 0 3 1 2 1 2)              88.094
1408       (1 0 2 3 1 0 1)              88.092
1409       (1 0 2 3 2 1 2)              88.100
1410       (1 0 2 3 2 1 2)              88.088
1411       (1 0 3 1 2 1 2)              88.077
1412       (1 0 3 1 2 1 2)              88.065
1413       (1 0 3 1 2 1 2)              88.063
1414       (1 0 2 3 2 1 2)              88.061
1415       (1 0 2 3 2 1 2)              88.070
1416       (1 0 3 1 0 0 1)              88.038
1417       (1 0 2 3 2 1 2)              88.046
1418       (1 0 2 3 2 1 2)              88.055
1419       (1 0 1 2 1 2 1)              88.053
1420       (1 0 1 2 1 1 1)              88.062
1421       (1 0 2 3 2 1 2)              88.060
1422       (1 0 2 3 2 1 2)              88.068
1423       (1 0 2 3 2 1 2)              88.077
1424       (1 0 3 1 2 1 2)              88.085
1425       (1 0 2 3 2 1 2)              88.083
1426       (0 0 2 3 1 2 1)              88.072
1427       (1 0 2 3 2 1 2)              88.080
1428       (1 0 2 3 2 1 2)              88.058
1429       (1 0 2 3 2 1 2)              88.057
1430       (1 0 1 2 1 1 1)              88.065
1431       (1 0 3 1 2 1 2)              88.073
1432       (0 0 4 5 2 2 1)              88.032
1433       (1 0 3 1 2 1 2)              88.040
1434       (1 0 3 1 2 1 2)              87.998
1435       (1 0 2 3 2 1 2)              88.007
1436       (1 0 1 2 1 2 1)              88.005
1437       (1 0 2 3 2 1 2)              88.014
1438       (1 0 2 3 2 1 2)              88.022
1439       (1 0 2 3 2 1 2)              88.030
1440       (1 0 1 2 1 1 1)              88.039
1441       (1 0 2 3 2 1 2)              88.047
1442       (1 0 3 1 2 1 2)              88.045
1443       (1 0 3 1 2 1 2)              88.014
1444       (1 0 1 2 1 1 1)              88.022
1445       (1 0 2 3 2 1 2)              88.031
1446       (1 0 2 3 2 1 2)              88.039
1447       (1 0 2 3 2 1 2)              88.047
1448       (0 0 4 5 2 2 1)              88.006
1449       (1 0 2 3 2 1 2)              88.014
1450       (1 0 2 3 2 1 2)              88.023
1451       (1 0 2 3 2 1 2)              88.021
1452       (0 0 1 2 2 1 2)              88.000
1453       (1 0 2 3 2 1 1)              87.998
1454       (1 0 2 3 2 1 1)              87.996
1455       (0 0 2 3 1 2 1)              87.985
1456       (1 0 2 3 2 1 2)              87.983
1457       (1 0 2 3 2 1 2)              87.942
1458       (1 0 2 3 2 1 2)              87.941
1459       (1 0 2 3 2 1 2)              87.949
1460       (1 0 3 1 2 1 2)              87.948
1461       (1 0 3 1 2 1 2)              87.956
1462       (1 0 1 2 0 0 1)              87.964
1463       (0 0 1 2 1 1 1)              87.963
1464       (1 0 2 3 2 1 2)              87.971
1465       (1 0 3 1 2 1 2)              87.979
1466       (1 0 2 3 1 2 1)              87.987
1467       (1 0 2 3 2 1 2)              87.996
1468       (1 0 2 3 2 1 2)              88.004
1469       (1 0 3 1 2 1 2)              88.012
1470       (1 0 3 1 2 1 2)              88.020
1471       (1 0 2 3 2 1 1)              87.999
1472       (1 0 0 0 1 2 0)              88.007
1473       (1 0 1 2 1 1 1)              88.016
1474       (1 0 2 3 2 1 2)              88.024
1475       (1 0 2 3 1 2 1)              88.032
1476       (0 0 1 2 1 1 1)              88.021
1477       (1 0 1 2 1 1 1)              88.029
1478       (1 0 2 3 2 1 2)              88.037
1479       (1 0 1 2 1 1 1)              88.045
1480       (0 0 1 2 1 2 1)              88.034
1481       (1 0 3 1 2 1 2)              88.042
1482       (1 0 3 1 2 1 2)              88.050
1483       (1 0 3 1 2 1 2)              88.058
1484       (1 0 2 3 2 1 2)              88.057
1485       (1 0 2 3 2 1 2)              88.065
1486       (1 0 1 2 2 2 1)              88.073
1487       (1 0 0 0 2 2 1)              88.061
1488       (1 0 1 2 1 2 1)              88.041
1489       (1 0 2 3 2 1 2)              88.039
1490       (1 0 2 3 2 1 2)              88.028
1491       (1 0 2 3 2 1 2)              88.036
1492       (1 0 3 1 2 1 2)              88.025
1493       (1 0 3 1 2 1 2)              87.994
1494       (1 0 2 3 2 1 2)              87.993
1495       (1 0 2 3 2 1 2)              88.001
1496       (1 0 2 3 2 1 2)              87.980
1497       (1 0 2 3 2 1 2)              87.988
1498       (1 0 1 2 1 1 1)              87.996
1499       (1 0 3 1 2 1 2)              88.004
1500       (1 0 4 5 2 2 2)              87.984
1501       (1 0 2 3 2 1 2)              87.963
1502       (1 0 2 3 2 1 2)              87.971
1503       (1 0 4 5 2 2 2)              87.950
1504       (1 0 2 3 2 1 2)              87.958
1505       (1 0 2 3 2 1 2)              87.966
1506       (0 0 2 3 1 2 1)              87.955
1507       (1 0 3 1 1 1 1)              87.963
1508       (1 0 2 3 2 1 2)              87.971
1509       (1 0 1 2 1 2 1)              87.960
1510       (1 0 0 0 2 2 1)              87.968
1511       (1 0 3 1 2 1 2)              87.976
1512       (1 0 2 3 1 2 1)              87.984
1513       (1 0 1 2 1 1 1)              87.992
1514       (1 0 1 2 1 1 1)              88.000
1515       (0 0 1 2 2 2 1)              87.980
1516       (1 0 2 3 2 1 2)              87.988
1517       (1 0 2 3 2 1 2)              87.996
1518       (0 0 1 2 1 1 1)              87.994
1519       (1 0 1 2 1 1 1)              88.002
1520       (1 0 1 2 1 2 1)              88.001
1521       (1 0 2 3 2 1 2)              88.009
1522       (1 0 3 1 2 1 2)              87.969
1523       (0 0 2 3 1 2 1)              87.959
1524       (1 0 1 2 1 1 1)              87.966
1525       (1 0 2 3 2 1 2)              87.974
1526       (1 0 1 2 1 2 1)              87.982
1527       (1 0 2 3 2 1 2)              87.990
1528       (1 0 3 1 2 1 2)              87.998
1529       (1 0 1 2 1 2 0)              87.987
1530       (1 0 2 3 2 1 2)              87.986
1531       (1 0 1 2 1 1 1)              87.994
1532       (1 0 3 1 2 1 2)              87.992
1533       (1 0 2 3 2 1 2)              88.000
1534       (1 0 2 3 2 1 2)              88.008
1535       (1 0 3 1 2 1 2)              88.006
1536       (1 0 1 2 1 1 1)              88.014
1537       (1 0 3 1 2 1 2)              88.022
1538       (1 0 3 1 2 1 2)              88.030
1539       (1 0 2 3 1 1 1)              88.028
1540       (1 0 3 1 2 1 2)              88.036
1541       (1 0 1 2 1 1 1)              88.044
1542       (1 0 2 3 2 1 2)              88.052
1543       (1 0 3 1 2 1 2)              88.050
1544       (1 0 2 3 2 1 2)              88.058
1545       (1 0 3 1 2 1 2)              88.047
1546       (1 0 2 3 2 1 2)              88.055
1547       (0 0 2 3 1 2 1)              88.026
1548       (1 0 3 1 2 1 2)              88.015
1549       (1 0 2 3 2 1 1)              87.995
1550       (1 0 2 3 2 1 2)              87.984
1551       (1 0 3 1 2 1 2)              87.973
1552       (1 0 1 2 1 1 1)              87.981
1553       (0 0 1 2 1 1 1)              87.961
1554       (1 0 2 3 2 1 2)              87.969
1555       (1 0 2 3 2 1 2)              87.977
1556       (1 0 2 3 2 1 2)              87.984
1557       (1 0 3 1 2 1 2)              87.983
1558       (1 0 1 2 1 1 1)              87.991
1559       (0 0 1 2 0 0 1)              87.989
1560       (1 0 3 1 2 1 2)              87.960
1561       (1 0 1 2 1 1 1)              87.968
1562       (1 0 1 2 1 1 1)              87.976
1563       (0 0 2 3 2 2 2)              87.938
1564       (1 0 2 3 2 1 1)              87.945
1565       (1 0 4 5 2 2 2)              87.925
1566       (1 0 3 1 2 1 2)              87.924
1567       (1 0 2 3 2 1 2)              87.932
1568       (1 0 2 3 2 1 2)              87.940
1569       (1 0 2 3 2 1 2)              87.947
1570       (1 0 1 2 1 2 1)              87.937
1571       (1 0 1 2 1 1 1)              87.944
1572       (1 0 3 1 2 1 2)              87.934
1573       (1 0 0 0 2 2 1)              87.923
1574       (1 0 2 3 2 1 2)              87.931
1575       (1 0 3 1 2 1 2)              87.939
1576       (0 1 4 6 0 0 1)              87.910
1577       (1 0 2 3 2 1 2)              87.918
1578       (1 0 2 3 2 1 2)              87.925
1579       (1 0 3 1 2 1 2)              87.924
1580       (1 0 2 3 2 1 2)              87.932
1581       (1 0 2 3 1 2 1)              87.939
1582       (1 0 1 2 1 1 1)              87.947
1583       (1 0 3 1 2 1 2)              87.946
1584       (1 0 1 2 1 1 1)              87.953
1585       (1 0 2 3 2 1 2)              87.943
1586       (1 0 0 0 2 2 1)              87.950
1587       (1 0 1 2 1 1 1)              87.958
1588       (1 0 2 3 2 1 2)              87.948
1589       (1 0 2 3 2 1 2)              87.955
1590       (0 1 4 6 0 0 1)              87.918
1591       (1 0 1 2 1 1 1)              87.925
1592       (1 0 1 2 1 1 1)              87.933
1593       (0 0 1 2 1 1 1)              87.932
1594       (1 0 1 2 1 1 1)              87.939
1595       (1 0 3 1 2 1 2)              87.938
1596       (1 0 1 2 1 1 1)              87.945
1597       (1 0 2 3 2 1 2)              87.953
1598       (1 0 2 3 2 1 2)              87.934
1599       (1 0 1 2 2 2 1)              87.923
1600       (1 0 2 3 2 1 2)              87.913
1601       (1 0 3 1 2 1 2)              87.902
1602       (1 0 0 0 2 2 1)              87.874
1603       (1 0 3 1 2 1 2)              87.882
1604       (1 0 2 3 2 1 2)              87.880
1605       (1 0 1 2 1 2 1)              87.870
1606       (1 0 3 1 2 1 2)              87.878
1607       (0 0 1 2 1 1 1)              87.876
1608       (1 0 2 3 2 1 2)              87.866
1609       (1 0 3 1 2 1 2)              87.874
1610       (1 0 2 3 2 1 2)              87.881
1611       (1 0 2 3 2 1 2)              87.889
1612       (1 0 3 1 2 1 2)              87.887
1613       (1 0 2 3 1 2 1)              87.895
1614       (1 0 3 1 2 1 2)              87.876
1615       (0 0 2 3 1 2 1)              87.848
1616       (1 0 2 3 2 1 2)              87.855
1617       (1 0 3 1 2 1 2)              87.854
1618       (0 0 1 2 1 1 1)              87.853
1619       (1 0 1 2 1 1 1)              87.860
1620       (1 0 2 3 2 1 2)              87.868
1621       (1 0 3 1 2 1 2)              87.866
1622       (1 0 2 3 2 1 2)              87.856
1623       (1 0 2 3 2 1 2)              87.855
1624       (1 0 2 3 2 1 2)              87.862
1625       (1 0 2 3 2 1 1)              87.843
1626       (0 0 1 2 1 1 1)              87.842
1627       (1 0 2 3 2 1 2)              87.832
1628       (1 0 2 3 2 1 2)              87.840
1629       (1 0 1 2 1 2 1)              87.838
1630       (1 0 2 3 2 1 2)              87.837
1631       (0 0 4 5 2 2 1)              87.818
1632       (1 0 2 3 2 1 2)              87.825
1633       (1 0 2 3 2 1 2)              87.833
1634       (1 0 3 1 2 1 2)              87.823
1635       (1 0 3 1 2 1 2)              87.830
1636       (1 0 2 3 2 1 2)              87.838
1637       (1 0 2 3 2 1 2)              87.845
1638       (1 0 2 3 2 1 2)              87.853
1639       (1 0 2 3 2 1 2)              87.851
1640       (1 0 1 2 0 0 1)              87.859
1641       (1 0 2 3 2 1 2)              87.866
1642       (1 0 4 5 2 2 2)              87.848
1643       (1 0 2 3 2 1 2)              87.837
1644       (1 0 2 3 2 1 2)              87.845
1645       (1 0 3 1 2 1 2)              87.809
1646       (0 0 4 5 2 2 1)              87.773
1647       (1 0 3 1 2 1 2)              87.763
1648       (1 0 4 5 2 2 2)              87.744
1649       (1 0 1 2 1 1 1)              87.751
1650       (1 0 1 2 1 1 1)              87.759
1651       (1 0 2 3 2 1 2)              87.758
1652       (1 0 2 3 2 1 2)              87.765
1653       (1 0 2 3 2 1 2)              87.772
1654       (1 0 2 3 2 1 2)              87.780
1655       (1 0 2 3 2 1 2)              87.787
1656       (1 0 2 3 2 1 2)              87.795
1657       (1 0 3 1 1 1 1)              87.776
1658       (1 0 3 1 2 1 2)              87.749
1659       (0 0 4 6 1 2 1)              87.722
1660       (1 0 3 1 2 1 2)              87.729
1661       (1 0 1 2 1 1 1)              87.737
1662       (1 0 3 1 2 1 2)              87.744
1663       (1 0 3 1 2 1 2)              87.751
1664       (1 0 1 2 1 1 1)              87.750
1665       (1 0 0 0 2 2 1)              87.758
1666       (1 0 2 3 2 1 2)              87.748
1667       (1 0 1 2 1 1 1)              87.755
1668       (1 0 3 1 2 1 2)              87.762
1669       (1 0 1 2 1 1 1)              87.770
1670       (1 0 1 2 1 1 1)              87.777
1671       (0 0 1 2 1 1 1)              87.776
1672       (1 0 2 3 1 2 1)              87.783
1673       (1 0 2 3 2 1 2)              87.773
1674       (1 0 1 2 1 1 1)              87.781
1675       (1 0 3 1 2 1 2)              87.788
1676       (1 0 2 3 2 1 2)              87.787
1677       (1 0 1 2 1 1 1)              87.794
1678       (1 0 1 2 1 1 1)              87.802
1679       (1 0 2 3 2 1 2)              87.800
1680       (0 0 4 5 2 2 1)              87.765
1681       (1 0 3 1 2 1 2)              87.772
1682       (1 0 2 3 2 1 2)              87.779
1683       (1 0 1 2 1 1 1)              87.787
1684       (0 0 4 6 1 2 2)              87.760
1685       (1 0 1 2 1 1 1)              87.767
1686       (1 0 1 2 1 1 1)              87.766
1687       (1 0 2 3 2 1 2)              87.773
1688       (1 0 2 3 2 1 2)              87.781
1689       (1 0 2 3 2 1 2)              87.788
1690       (1 0 2 3 2 1 2)              87.795
1691       (1 0 2 3 2 1 2)              87.802
1692       (1 0 1 2 1 1 1)              87.810
1693       (1 0 3 1 2 1 2)              87.808
1694       (1 0 1 2 1 2 1)              87.807
1695       (1 0 3 1 2 1 2)              87.806
1696       (1 0 1 2 1 1 1)              87.813
1697       (1 0 1 2 1 1 1)              87.820
1698       (0 0 1 2 1 1 1)              87.819
1699       (1 0 0 0 1 2 0)              87.826
1700       (1 0 1 2 1 1 1)              87.834
1701       (1 0 2 3 2 1 2)              87.841
1702       (1 0 2 3 2 1 2)              87.848
1703       (1 0 2 3 2 2 1)              87.855
1704       (1 0 1 2 1 2 1)              87.837
1705       (1 0 2 3 2 1 2)              87.844
1706       (1 0 2 3 2 1 2)              87.851
1707       (1 0 1 2 1 1 1)              87.850
1708       (1 0 3 1 2 1 2)              87.857
1709       (1 0 2 3 2 1 2)              87.864
1710       (1 0 2 3 2 1 2)              87.855
1711       (1 0 1 2 1 2 1)              87.853
1712       (1 0 3 1 2 1 2)              87.860
1713       (1 0 3 1 2 1 2)              87.859
1714       (1 0 2 3 2 1 2)              87.858
1715       (1 0 2 3 2 1 2)              87.865
1716       (1 0 0 0 2 2 1)              87.872
1717       (1 0 3 1 2 1 2)              87.863
1718       (1 0 1 2 1 2 1)              87.861
1719       (0 0 1 2 0 0 1)              87.860
1720       (1 0 2 3 2 1 2)              87.867
1721       (1 0 2 3 2 1 2)              87.874
1722       (1 0 3 1 2 1 1)              87.873
1723       (1 0 1 2 1 1 1)              87.880
1724       (1 0 2 3 2 1 2)              87.887
1725       (1 0 2 3 2 1 2)              87.894
1726       (1 0 2 3 2 1 2)              87.901
1727       (1 0 2 3 2 1 2)              87.892
1728       (1 0 0 0 1 2 0)              87.899
1729       (1 0 3 1 2 1 2)              87.864
1730       (1 0 2 3 2 1 2)              87.855
1731       (0 0 2 3 1 2 1)              87.829
1732       (1 0 3 1 2 1 2)              87.802
1733       (1 0 3 1 2 1 2)              87.793
1734       (1 0 3 1 2 1 2)              87.800
1735       (0 0 1 2 1 2 1)              87.791
1736       (1 0 3 1 2 1 2)              87.789
1737       (1 0 2 3 2 1 2)              87.796
1738       (1 0 2 3 2 1 2)              87.803
1739       (1 0 3 1 2 1 2)              87.811
1740       (1 0 3 1 2 1 2)              87.809
1741       (1 0 3 1 0 0 1)              87.808
1742       (1 0 2 3 2 1 2)              87.799
1743       (1 0 2 3 2 1 2)              87.789
1744       (1 0 3 1 1 1 1)              87.796
1745       (1 0 3 1 2 1 2)              87.803
1746       (0 0 4 3 2 1 1)              87.777
1747       (1 0 2 3 1 1 1)              87.784
1748       (1 0 1 2 1 1 1)              87.791
1749       (1 0 2 3 2 1 2)              87.798
1750       (1 0 3 1 2 1 2)              87.805
1751       (1 0 3 1 2 1 2)              87.796
1752       (1 0 2 3 2 1 1)              87.795
1753       (1 0 2 3 2 1 2)              87.786
1754       (0 0 1 2 0 0 1)              87.784
1755       (0 0 1 2 0 0 1)              87.783
1756       (0 0 1 2 1 1 1)              87.782
1757       (1 0 2 3 2 1 2)              87.781
1758       (1 0 2 3 2 1 2)              87.788
1759       (1 0 2 3 2 1 2)              87.778
1760       (1 0 1 2 1 1 1)              87.785
1761       (1 0 2 3 2 1 2)              87.792
1762       (1 0 2 3 2 1 2)              87.799
1763       (1 0 2 3 2 1 2)              87.806
1764       (1 0 2 3 2 1 2)              87.813
1765       (1 0 3 1 2 1 2)              87.812
1766       (0 0 2 3 1 1 1)              87.795
1767       (1 0 2 3 2 1 2)              87.802
1768       (1 0 2 3 2 1 2)              87.808
1769       (1 0 2 3 2 1 2)              87.815
1770       (1 0 2 3 2 1 2)              87.822
1771       (1 0 2 3 2 1 2)              87.829
1772       (1 0 3 1 2 1 2)              87.836
1773       (1 0 3 1 2 1 2)              87.843
1774       (1 0 2 3 2 1 2)              87.850
1775       (1 0 1 2 1 1 1)              87.857
1776       (1 0 2 3 1 2 1)              87.856
1777       (1 0 1 2 1 1 1)              87.862
1778       (1 0 2 3 2 2 1)              87.869
1779       (1 0 2 3 2 1 2)              87.876
1780       (1 0 2 3 2 1 2)              87.875
1781       (1 0 1 2 1 2 1)              87.874
1782       (1 0 3 1 2 1 2)              87.840
1783       (1 0 3 1 2 1 2)              87.847
1784       (1 0 3 1 2 1 2)              87.854
1785       (1 0 3 1 2 1 2)              87.845
1786       (1 0 2 3 2 1 2)              87.852
1787       (1 0 3 1 2 1 2)              87.858
1788       (1 0 3 1 2 1 2)              87.857
1789       (1 0 2 3 2 1 2)              87.864
1790       (1 0 3 1 2 1 2)              87.855
1791       (0 0 1 2 1 1 1)              87.854
1792       (1 0 2 3 2 1 1)              87.852
1793       (1 0 2 3 2 1 2)              87.843
1794       (1 0 2 3 2 1 2)              87.810
1795       (1 0 2 3 2 1 2)              87.817
1796       (1 0 2 3 2 1 2)              87.824
1797       (1 0 3 1 2 1 2)              87.822
1798       (1 0 3 1 2 1 2)              87.821
1799       (1 0 2 3 2 1 2)              87.828
1800       (1 0 1 2 1 1 1)              87.835
1801       (1 0 2 3 2 1 2)              87.842
1802       (1 0 2 3 2 1 2)              87.848
1803       (1 0 3 1 2 1 2)              87.855
1804       (1 0 3 1 2 1 2)              87.862
1805       (1 0 1 2 1 2 1)              87.861
1806       (1 0 3 1 2 1 2)              87.860
1807       (1 0 1 2 1 1 1)              87.866
1808       (1 0 2 3 2 1 2)              87.873
1809       (1 0 2 3 2 1 2)              87.856
1810       (1 0 3 1 2 1 2)              87.823
1811       (1 0 2 3 2 1 2)              87.830
1812       (1 0 2 3 2 1 2)              87.837
1813       (1 0 3 1 2 1 2)              87.843
1814       (1 0 3 1 2 1 2)              87.842
1815       (1 0 0 0 1 2 0)              87.849
1816       (1 0 2 3 2 1 2)              87.840
1817       (1 0 0 0 1 2 0)              87.846
1818       (1 0 2 3 2 1 2)              87.853
1819       (1 0 3 1 2 1 2)              87.860
1820       (1 0 2 3 1 2 1)              87.867
1821       (0 0 1 2 1 2 1)              87.858
1822       (1 0 3 1 2 1 2)              87.833
1823       (1 0 2 3 2 1 2)              87.839
1824       (1 0 1 2 1 2 1)              87.838
1825       (1 0 2 3 1 1 1)              87.845
1826       (1 0 2 3 2 1 2)              87.836
1827       (0 0 4 5 2 2 1)              87.803
1828       (1 0 1 2 1 2 1)              87.802
1829       (1 0 2 3 2 1 2)              87.801
1830       (1 0 2 3 2 1 2)              87.808
1831       (1 0 2 3 2 1 2)              87.814
1832       (1 0 3 1 2 1 2)              87.821
1833       (0 0 4 5 2 2 1)              87.804
1834       (1 0 3 1 2 1 2)              87.811
1835       (1 0 2 3 2 1 2)              87.818
1836       (0 0 1 2 1 1 1)              87.817
1837       (1 0 3 1 2 1 2)              87.815
1838       (1 0 2 3 1 2 1)              87.822
1839       (1 0 2 3 2 1 2)              87.829
1840       (1 0 2 3 2 1 2)              87.835
1841       (1 0 1 2 1 1 1)              87.842
1842       (1 0 3 1 2 1 2)              87.841
1843       (1 0 2 3 2 1 2)              87.847
1844       (1 0 2 3 2 1 2)              87.854
1845       (1 0 2 3 2 1 2)              87.861
1846       (1 0 3 1 2 1 2)              87.836
1847       (0 0 1 2 1 1 1)              87.835
1848       (1 0 2 3 2 1 2)              87.842
1849       (1 0 0 0 2 2 1)              87.848
1850       (1 0 3 1 2 1 2)              87.839
1851       (1 0 2 3 2 1 2)              87.838
1852       (1 0 2 3 2 1 2)              87.845
1853       (1 0 1 2 1 1 1)              87.851
1854       (0 0 1 2 0 0 1)              87.850
1855       (1 0 2 3 2 1 2)              87.857
1856       (1 0 3 1 2 1 2)              87.840
1857       (1 0 3 1 2 1 2)              87.847
1858       (1 0 3 1 2 1 2)              87.853
1859       (1 0 2 3 2 1 2)              87.860
1860       (1 0 3 1 2 1 2)              87.859
1861       (1 0 2 3 2 1 2)              87.865
1862       (1 0 3 1 2 1 2)              87.833
1863       (1 0 2 3 2 1 2)              87.840
1864       (1 0 3 1 2 1 2)              87.846
1865       (1 0 2 3 1 2 1)              87.853
1866       (1 0 3 1 2 1 2)              87.852
1867       (1 0 1 2 1 1 1)              87.858
1868       (1 0 2 3 2 1 2)              87.865
1869       (1 0 3 1 2 1 2)              87.864
1870       (1 0 2 3 2 1 2)              87.870
1871       (1 0 3 1 2 1 2)              87.877
1872       (1 0 3 1 2 1 2)              87.883
1873       (1 0 3 1 2 1 2)              87.851
1874       (1 0 3 1 2 1 2)              87.850
1875       (0 0 4 6 1 1 1)              87.826
1876       (1 0 2 3 2 1 2)              87.833
1877       (1 0 2 3 2 1 2)              87.839
1878       (1 0 3 1 2 1 2)              87.807
1879       (1 0 2 3 2 1 2)              87.814
1880       (1 0 3 1 2 1 2)              87.821
1881       (1 0 1 2 1 2 1)              87.819
1882       (1 0 2 3 1 2 1)              87.826
1883       (1 0 2 3 1 2 1)              87.825
1884       (1 0 2 3 2 1 2)              87.831
1885       (1 0 2 3 2 1 2)              87.838
1886       (1 0 1 2 1 1 1)              87.844
1887       (1 0 2 3 2 2 1)              87.851
1888       (1 0 3 1 2 1 2)              87.857
1889       (1 0 1 2 1 1 1)              87.864
1890       (1 0 3 1 2 1 2)              87.847
1891       (1 0 1 2 1 1 1)              87.854
1892       (1 0 2 3 2 1 2)              87.853
1893       (1 0 2 3 2 1 2)              87.844
1894       (1 0 1 2 1 1 1)              87.828
1895       (1 0 3 1 2 1 2)              87.796
1896       (1 0 3 1 2 1 2)              87.803
1897       (1 0 1 2 0 0 1)              87.809
1898       (1 0 1 2 1 1 1)              87.816
1899       (1 0 2 3 2 1 2)              87.814
1900       (1 0 1 2 1 2 1)              87.813
1901       (1 0 2 3 2 1 2)              87.812
1902       (1 0 3 1 2 1 2)              87.819
1903       (1 0 0 0 1 1 1)              87.818
1904       (1 0 2 3 2 1 2)              87.824
1905       (1 0 3 1 2 1 2)              87.830
1906       (1 0 2 3 2 1 2)              87.829
1907       (1 0 3 1 2 1 2)              87.821
1908       (1 0 1 2 1 1 1)              87.827
1909       (1 0 2 3 2 1 1)              87.811
1910       (1 0 2 3 2 1 2)              87.817
1911       (1 0 2 3 2 1 2)              87.824
1912       (1 0 3 1 2 1 2)              87.800
1913       (0 0 1 2 1 1 1)              87.799
1914       (1 0 2 3 2 1 2)              87.783
1915       (1 0 1 2 1 1 1)              87.782
1916       (1 0 2 3 2 1 2)              87.781
1917       (1 0 2 3 2 1 2)              87.787
1918       (1 0 1 2 1 1 1)              87.794
1919       (1 0 3 1 2 1 2)              87.800
1920       (1 0 2 3 2 1 2)              87.799
1921       (1 0 3 1 2 1 2)              87.805
1922       (1 0 2 3 2 1 2)              87.812
1923       (1 0 3 1 2 1 2)              87.811
1924       (1 0 1 2 1 1 1)              87.817
1925       (0 0 1 2 1 1 1)              87.816
1926       (1 0 1 2 1 1 1)              87.822
1927       (1 0 1 2 1 1 1)              87.828
1928       (1 0 3 1 2 1 2)              87.835
1929       (1 0 1 2 1 1 1)              87.841
1930       (1 0 2 3 2 1 2)              87.847
1931       (1 0 2 3 2 1 2)              87.839
1932       (1 0 2 3 2 1 2)              87.845
1933       (1 0 3 1 2 1 2)              87.814
1934       (1 0 3 1 2 1 2)              87.806
1935       (1 0 2 3 2 1 2)              87.805
1936       (1 0 3 1 2 1 2)              87.796
1937       (0 0 4 5 2 2 1)              87.780
1938       (1 0 2 3 2 1 2)              87.787
1939       (1 0 3 1 2 1 2)              87.793
1940       (1 0 2 3 2 1 2)              87.799
1941       (0 0 4 5 2 2 1)              87.776
1942       (0 0 1 2 1 1 1)              87.775
1943       (0 0 1 2 2 1 2)              87.759
1944       (1 0 3 1 2 1 2)              87.766
1945       (1 0 3 1 2 1 2)              87.765
1946       (1 0 1 2 1 1 1)              87.771
1947       (1 0 2 3 2 1 2)              87.777
1948       (1 0 2 3 2 1 2)              87.784
1949       (1 0 2 3 1 1 1)              87.782
1950       (1 0 3 1 2 1 2)              87.789
1951       (1 0 1 2 2 2 1)              87.788
1952       (0 0 4 5 2 2 1)              87.757
1953       (1 0 2 3 2 1 2)              87.763
1954       (1 0 2 3 2 1 2)              87.770
1955       (1 0 1 2 1 1 1)              87.776
1956       (1 0 2 3 2 1 2)              87.768
1957       (1 0 2 3 2 1 2)              87.774
1958       (1 0 2 3 2 1 2)              87.780
1959       (1 0 3 1 2 1 2)              87.750
1960       (1 0 3 1 2 1 2)              87.749
1961       (1 0 2 3 2 1 2)              87.755
1962       (1 0 2 3 2 1 2)              87.761
1963       (1 0 1 2 0 0 1)              87.746
1964       (1 0 1 2 1 1 1)              87.752
1965       (1 0 3 1 2 1 2)              87.758
1966       (1 0 1 2 1 2 1)              87.750
1967       (1 0 2 3 2 1 2)              87.756
1968       (1 0 2 3 2 1 2)              87.762
1969       (1 0 1 2 1 1 1)              87.769
1970       (1 0 2 3 2 1 2)              87.760
1971       (1 0 2 3 2 1 2)              87.752
1972       (1 0 2 3 2 1 2)              87.758
1973       (1 0 3 1 2 1 2)              87.750
1974       (1 0 1 2 1 1 1)              87.756
1975       (1 0 2 3 2 1 2)              87.762
1976       (1 0 4 5 2 2 2)              87.747
1977       (1 0 3 1 2 1 2)              87.753
1978       (1 0 2 3 2 1 2)              87.759
1979       (1 0 1 2 1 2 1)              87.758
1980       (1 0 2 3 2 1 2)              87.764
1981       (1 0 3 1 2 1 2)              87.771
1982       (1 0 2 3 2 1 2)              87.777
1983       (1 0 3 1 1 1 1)              87.783
1984       (1 0 2 3 2 1 2)              87.789
1985       (1 0 2 3 2 1 2)              87.795
1986       (1 0 3 1 2 1 2)              87.802
1987       (1 0 2 3 2 1 2)              87.793
1988       (1 0 2 3 2 1 2)              87.799
1989       (1 0 3 1 2 1 2)              87.791
1990       (1 0 2 3 2 1 2)              87.797
1991       (1 0 2 3 2 1 2)              87.803
1992       (1 0 1 2 1 1 1)              87.810
1993       (1 0 1 2 1 1 1)              87.816
1994       (1 0 3 1 2 1 2)              87.822
1995       (1 0 2 3 2 1 2)              87.814
1996       (1 0 2 3 2 1 2)              87.820
1997       (0 0 4 6 1 2 1)              87.797
1998       (1 0 3 1 2 1 2)              87.803
1999       (1 0 2 3 2 1 2)              87.809
2000       (1 0 3 1 2 1 2)              87.816
2001       (1 0 1 2 1 2 1)              87.822
2002       (1 0 2 3 2 1 2)              87.828
2003       (1 0 3 1 2 1 2)              87.834
2004       (1 0 2 3 2 1 2)              87.840
2005       (1 0 2 3 2 1 2)              87.839
2006       (1 0 2 3 2 1 2)              87.845
2007       (1 0 3 1 2 1 2)              87.822
2008       (1 0 1 2 1 1 1)              87.829
2009       (1 0 2 3 2 1 2)              87.835
2010       (1 0 3 1 2 1 2)              87.812
2011       (1 0 1 2 1 1 1)              87.797
2012       (1 0 3 1 2 1 2)              87.789
2013       (1 0 2 3 2 1 2)              87.795
2014       (1 0 1 2 1 1 1)              87.801
2015       (1 0 2 3 2 1 2)              87.807
2016       (1 0 2 3 2 1 2)              87.813
2017       (1 0 2 3 2 1 2)              87.819
2018       (1 0 2 3 2 1 2)              87.811
2019       (1 0 1 2 1 1 1)              87.817
2020       (1 0 2 3 1 1 1)              87.816
2021       (1 0 2 3 2 1 2)              87.815
2022       (1 0 1 2 1 1 1)              87.821
2023       (1 0 1 2 1 1 1)              87.827
2024       (1 0 1 2 1 2 1)              87.812
2025       (1 0 2 3 2 1 1)              87.811
2026       (1 0 1 2 1 1 1)              87.817
2027       (1 0 2 3 2 1 2)              87.823
2028       (1 0 2 3 1 1 1)              87.829
2029       (1 0 2 3 2 1 2)              87.835
2030       (1 0 3 1 2 1 2)              87.841
2031       (1 0 1 2 1 1 1)              87.847
2032       (1 0 3 1 2 1 2)              87.853
2033       (1 0 1 2 1 1 1)              87.831
2034       (1 0 3 1 2 1 2)              87.830
2035       (1 0 2 3 2 1 2)              87.829
2036       (1 0 3 1 2 1 2)              87.806
2037       (1 0 1 2 1 1 1)              87.812
2038       (1 0 3 1 2 1 2)              87.811
2039       (1 0 2 3 2 1 2)              87.810
2040       (1 0 2 3 2 1 2)              87.816
2041       (1 0 2 3 2 1 2)              87.815
2042       (0 0 4 3 2 1 1)              87.793
2043       (0 0 1 2 0 0 1)              87.792
2044       (1 0 2 3 2 1 2)              87.798
2045       (1 0 2 3 2 1 2)              87.804
2046       (1 0 0 0 2 2 1)              87.810
2047       (1 0 2 3 2 1 2)              87.802
2048       (1 0 1 2 1 2 1)              87.801
2049       (1 0 3 1 2 1 2)              87.807
2050       (1 0 2 3 1 2 1)              87.792
2051       (1 0 3 1 2 1 2)              87.791
2052       (1 0 1 2 1 2 1)              87.790
2053       (1 0 3 1 2 1 2)              87.796
2054       (1 0 2 3 2 1 2)              87.802
2055       (1 0 2 3 1 2 1)              87.808
2056       (1 0 3 1 2 1 2)              87.814
2057       (1 0 2 3 1 2 1)              87.813
2058       (1 0 2 3 2 1 2)              87.819
2059       (1 0 2 3 2 1 2)              87.825
2060       (1 0 1 2 1 2 1)              87.817
2061       (1 0 3 1 2 1 2)              87.823
2062       (1 0 2 3 2 1 2)              87.829
2063       (1 0 1 2 1 1 1)              87.835
2064       (1 0 2 3 2 1 2)              87.840
2065       (1 0 1 2 1 1 1)              87.846
2066       (1 0 1 2 2 2 1)              87.838
2067       (1 0 3 1 2 1 2)              87.844
2068       (1 0 2 3 2 1 2)              87.850
2069       (1 0 2 3 2 1 2)              87.856
2070       (1 0 2 3 2 1 2)              87.862
2071       (1 0 3 1 2 1 2)              87.868
2072       (1 0 0 0 1 2 0)              87.874
2073       (1 0 2 3 2 1 2)              87.880
2074       (1 0 1 2 1 1 1)              87.885
2075       (1 0 3 1 2 1 2)              87.891
2076       (1 0 2 3 2 1 2)              87.897
2077       (1 0 1 2 1 1 1)              87.903
2078       (1 0 2 3 2 1 2)              87.909
2079       (1 0 2 3 2 1 2)              87.901
2080       (0 0 4 6 1 2 2)              87.879
2081       (1 0 2 3 2 2 1)              87.878
2082       (1 0 3 1 2 1 2)              87.884
2083       (1 0 1 2 1 1 1)              87.890
2084       (1 0 2 3 2 1 2)              87.896
2085       (1 0 2 3 2 2 1)              87.902
2086       (1 0 1 2 1 1 1)              87.907
2087       (1 0 1 2 1 1 1)              87.913
2088       (1 0 2 3 2 1 2)              87.919
2089       (1 0 3 1 2 1 2)              87.918
2090       (1 0 3 1 2 1 2)              87.910
2091       (0 0 4 6 0 0 1)              87.881
2092       (1 0 2 3 2 1 2)              87.887
2093       (1 0 3 1 2 1 2)              87.893
2094       (1 0 2 3 2 1 2)              87.899
2095       (1 0 3 1 2 1 2)              87.905
2096       (1 0 2 3 2 1 2)              87.911
2097       (1 0 2 3 2 1 2)              87.916
2098       (1 0 2 3 2 1 2)              87.922
2099       (1 0 2 3 2 1 2)              87.928
2100       (1 0 1 2 1 1 1)              87.934
2101       (1 0 2 3 2 1 2)              87.939
2102       (0 0 1 2 0 0 1)              87.938
2103       (1 0 1 2 1 1 1)              87.944
2104       (1 0 1 2 2 2 1)              87.950
2105       (1 0 2 3 2 1 2)              87.942
2106       (1 0 2 3 2 1 2)              87.941
2107       (1 0 2 3 2 1 2)              87.947
2108       (1 0 1 2 1 1 1)              87.952
2109       (1 0 2 3 2 1 2)              87.951
2110       (1 0 2 3 2 1 2)              87.950
2111       (1 0 2 3 2 1 2)              87.936
2112       (1 0 1 2 1 1 1)              87.941
2113       (1 0 2 3 2 1 2)              87.947
2114       (1 0 3 1 2 1 2)              87.953
2115       (1 0 2 3 2 1 2)              87.938
2116       (0 0 1 2 1 1 1)              87.917
2117       (1 0 2 3 2 1 2)              87.923
2118       (1 0 2 3 2 1 2)              87.915
2119       (1 0 3 1 2 1 2)              87.920
2120       (1 0 1 2 2 2 1)              87.926
2121       (1 0 3 1 2 1 2)              87.918
2122       (1 0 1 2 1 1 1)              87.924
2123       (1 0 2 3 2 1 2)              87.930
2124       (1 0 2 3 2 1 2)              87.935
2125       (1 0 1 2 1 1 1)              87.941
2126       (0 0 2 3 2 2 0)              87.906
2127       (1 0 3 1 2 1 2)              87.912
2128       (1 0 2 3 0 0 0)              87.918
2129       (1 0 2 3 2 1 2)              87.910
2130       (1 0 2 3 2 1 2)              87.916
2131       (1 0 1 2 1 1 1)              87.921
2132       (1 0 3 1 2 1 2)              87.914
2133       (1 0 1 2 1 1 1)              87.919
2134       (1 0 2 3 2 1 2)              87.912
2135       (1 0 3 1 2 1 2)              87.917
2136       (1 0 2 3 2 1 2)              87.923
2137       (1 0 2 3 2 1 2)              87.922
2138       (1 0 2 3 1 2 1)              87.928
2139       (1 0 3 1 2 1 2)              87.933
2140       (1 0 3 1 2 1 2)              87.912
2141       (1 0 2 3 2 1 2)              87.918
2142       (1 0 2 3 2 1 2)              87.917
2143       (1 0 3 1 2 1 2)              87.889
2144       (1 0 1 2 1 1 1)              87.895
2145       (1 0 1 2 1 1 1)              87.900
2146       (1 0 1 2 1 1 1)              87.906
2147       (0 0 4 6 1 2 1)              87.892
2148       (1 0 3 1 2 1 2)              87.891
2149       (1 0 3 1 2 1 2)              87.883
2150       (0 0 4 6 1 2 1)              87.868
2151       (1 0 2 3 2 1 2)              87.861
2152       (1 0 2 3 2 1 2)              87.866
2153       (1 0 1 2 1 1 1)              87.872
2154       (1 0 1 2 1 2 1)              87.871
2155       (1 0 3 1 2 1 2)              87.870
2156       (1 0 1 2 1 1 1)              87.876
2157       (1 0 2 3 2 1 2)              87.881
2158       (1 0 2 3 2 1 2)              87.887
2159       (1 0 2 3 2 1 2)              87.893
2160       (1 0 2 3 2 1 1)              87.892
2161       (1 0 2 3 2 1 2)              87.897
2162       (1 0 2 3 2 1 2)              87.903
2163       (1 0 2 3 2 1 2)              87.909
2164       (0 0 4 3 2 1 1)              87.888
2165       (1 0 1 2 1 1 1)              87.893
2166       (1 0 2 3 2 1 2)              87.899
2167       (1 0 3 1 2 1 2)              87.904
2168       (1 0 1 2 1 1 1)              87.890
2169       (1 0 2 3 2 1 2)              87.896
2170       (1 0 2 3 2 1 2)              87.901
2171       (0 0 1 2 0 0 1)              87.900
2172       (1 0 3 1 2 1 2)              87.899
2173       (0 0 1 2 1 1 1)              87.879
2174       (1 0 1 2 1 1 1)              87.884
2175       (1 0 2 3 2 1 2)              87.870
2176       (1 0 2 3 2 1 2)              87.876
2177       (0 0 4 6 1 2 1)              87.855
2178       (1 0 2 3 2 1 2)              87.860
2179       (1 0 2 3 2 1 2)              87.866
2180       (1 0 1 2 1 2 1)              87.858
2181       (1 0 3 1 2 1 2)              87.864
2182       (1 0 1 2 2 2 1)              87.856
2183       (1 0 2 3 1 1 2)              87.856
2184       (1 0 1 2 1 1 1)              87.861
2185       (1 0 2 3 2 1 2)              87.867
2186       (1 0 2 3 2 2 1)              87.872
2187       (1 0 3 1 2 1 2)              87.878
2188       (1 0 2 3 1 2 1)              87.877
2189       (1 0 2 3 2 1 2)              87.882
2190       (1 0 2 3 1 2 1)              87.888
2191       (1 0 3 1 2 1 2)              87.893
2192       (1 0 3 1 2 1 2)              87.899
2193       (1 0 3 1 2 1 2)              87.891
2194       (1 0 2 3 2 1 2)              87.877
2195       (1 0 4 5 2 2 2)              87.863
2196       (1 0 2 3 2 2 1)              87.869
2197       (1 0 1 2 1 1 1)              87.874
2198       (1 0 1 2 1 1 1)              87.880
2199       (1 0 3 1 2 1 2)              87.886
2200       (1 0 3 1 2 1 2)              87.891
2201       (1 0 2 3 2 1 2)              87.884
2202       (1 0 2 3 2 1 2)              87.876
2203       (1 0 2 3 1 2 1)              87.882
2204       (1 0 3 1 2 1 2)              87.887
2205       (1 0 1 2 1 1 1)              87.893
2206       (1 0 2 3 2 1 2)              87.898
2207       (0 0 1 2 1 1 1)              87.897
2208       (1 0 1 2 1 1 1)              87.870
2209       (1 0 2 3 2 1 2)              87.863
2210       (1 0 1 2 1 2 1)              87.849
2211       (1 0 1 2 1 1 1)              87.854
2212       (1 0 2 3 2 1 2)              87.847
2213       (1 0 3 1 2 1 2)              87.852
2214       (1 0 2 3 1 0 1)              87.851
2215       (1 0 1 2 1 1 1)              87.857
2216       (1 0 1 2 1 1 1)              87.862
2217       (1 0 2 3 2 1 2)              87.868
2218       (1 0 1 2 1 1 1)              87.873
2219       (1 0 3 1 2 1 2)              87.879
2220       (1 0 3 1 1 1 1)              87.884
2221       (0 0 4 5 2 1 1)              87.864
2222       (1 0 2 3 2 1 2)              87.856
2223       (1 0 3 1 2 1 2)              87.856
2224       (1 0 0 0 1 2 0)              87.861
2225       (1 0 0 0 2 2 1)              87.866
2226       (1 0 3 1 2 1 2)              87.866
2227       (1 0 1 2 1 2 1)              87.865
2228       (1 0 1 2 1 1 1)              87.870
2229       (1 0 3 1 2 1 2)              87.875
2230       (1 0 2 3 2 1 2)              87.875
2231       (0 0 2 3 1 1 1)              87.867
2232       (1 0 2 3 2 1 2)              87.873
2233       (1 0 2 3 2 1 2)              87.878
2234       (1 0 2 3 2 1 2)              87.883
2235       (1 0 1 2 1 2 1)              87.882
2236       (1 0 2 3 2 1 2)              87.888
2237       (1 0 3 1 1 1 1)              87.881
2238       (1 0 2 3 2 1 2)              87.886
2239       (1 0 2 3 2 1 2)              87.891
2240       (1 0 2 3 2 1 1)              87.878
2241       (0 0 1 2 1 1 1)              87.877
2242       (1 0 1 2 1 1 1)              87.882
2243       (1 0 2 3 2 1 2)              87.888
2244       (1 0 2 3 2 1 2)              87.893
2245       (1 0 3 1 2 1 2)              87.886
2246       (1 0 3 1 2 1 2)              87.891
2247       (0 0 1 2 1 1 1)              87.890
2248       (1 0 2 3 2 1 2)              87.895
2249       (1 0 3 1 2 1 2)              87.901
2250       (1 0 1 2 1 2 1)              87.893
2251       (1 0 2 3 2 1 2)              87.899
2252       (1 0 0 0 2 2 1)              87.904
2253       (1 0 3 1 2 1 2)              87.903
2254       (1 0 1 2 1 2 1)              87.902
2255       (1 0 3 1 2 1 2)              87.908
2256       (1 0 2 3 2 1 2)              87.913
2257       (1 0 2 3 2 1 2)              87.918
2258       (1 0 3 1 2 1 2)              87.911
2259       (1 0 2 3 2 1 2)              87.916
2260       (1 0 2 3 2 1 2)              87.922
2261       (1 0 1 2 1 1 1)              87.927
2262       (1 0 3 1 2 1 2)              87.933
2263       (1 0 1 2 1 2 1)              87.938
2264       (1 0 3 1 2 1 2)              87.943
2265       (1 0 2 3 2 1 2)              87.949
2266       (1 0 2 3 2 1 2)              87.941
2267       (1 0 2 3 2 1 2)              87.947
2268       (1 0 2 3 2 1 2)              87.946
2269       (1 0 2 3 2 1 2)              87.951
2270       (1 0 1 2 1 1 1)              87.956
2271       (1 0 2 3 2 1 2)              87.962
2272       (1 0 3 1 2 1 2)              87.967
2273       (1 0 2 3 1 2 1)              87.966
2274       (1 0 3 1 2 1 2)              87.965
2275       (1 0 1 2 1 1 1)              87.970
2276       (1 0 1 2 1 1 1)              87.976
2277       (1 0 2 3 2 1 2)              87.981
2278       (1 0 2 3 1 1 1)              87.986
2279       (1 0 3 1 2 1 2)              87.985
2280       (1 0 1 2 1 2 1)              87.959
2281       (1 0 3 1 2 1 2)              87.964
2282       (1 0 2 3 2 1 2)              87.970
2283       (1 0 3 1 2 1 2)              87.969
2284       (1 0 2 3 2 1 2)              87.974
2285       (1 0 2 3 2 1 2)              87.979
2286       (0 0 4 6 1 2 1)              87.959
2287       (1 0 1 2 1 2 1)              87.933
2288       (1 0 2 3 2 1 2)              87.932
2289       (1 0 2 3 2 1 2)              87.925
2290       (1 0 2 3 2 1 2)              87.930
2291       (0 0 1 2 2 2 1)              87.917
2292       (1 0 2 3 2 1 2)              87.922
2293       (1 0 2 3 2 1 2)              87.927
2294       (1 0 3 1 1 1 1)              87.933
2295       (1 0 2 3 2 1 2)              87.926
2296       (1 0 3 1 2 1 2)              87.931
2297       (1 0 2 3 2 1 2)              87.936
2298       (1 0 0 0 2 2 1)              87.941
2299       (1 0 2 3 2 1 2)              87.947
2300       (1 0 2 3 2 1 2)              87.952
2301       (0 0 4 5 2 1 1)              87.932
2302       (1 0 2 3 2 1 2)              87.937
2303       (1 0 2 3 2 1 2)              87.943
2304       (1 0 3 1 2 1 2)              87.948
2305       (1 0 3 1 2 1 2)              87.953
2306       (1 0 2 3 2 1 2)              87.958
2307       (1 0 2 3 2 1 2)              87.964
2308       (1 0 2 3 2 1 2)              87.963
2309       (1 0 2 3 2 1 2)              87.968
2310       (0 0 4 3 2 1 1)              87.948
2311       (1 0 3 1 2 1 2)              87.929
2312       (1 0 2 3 2 1 2)              87.934
2313       (1 0 1 2 0 0 1)              87.914
2314       (1 0 1 2 1 1 1)              87.920
2315       (1 0 1 2 2 2 1)              87.925
2316       (1 0 2 3 2 1 2)              87.930
2317       (1 0 1 2 1 1 1)              87.935
2318       (1 0 2 3 2 1 2)              87.941
2319       (1 0 3 1 2 1 2)              87.946
2320       (1 0 2 3 2 1 2)              87.951
2321       (1 0 3 1 2 1 2)              87.944
2322       (1 0 1 2 1 1 1)              87.949
2323       (1 0 3 1 2 1 2)              87.954
2324       (1 0 1 2 1 1 1)              87.960
2325       (1 0 2 3 2 1 2)              87.965
2326       (1 0 2 3 2 1 2)              87.970
2327       (1 0 3 1 2 1 2)              87.975
2328       (1 0 2 3 2 1 2)              87.968
2329       (0 0 2 3 1 1 1)              87.955
2330       (1 0 2 3 2 1 2)              87.960
2331       (1 0 3 1 2 1 2)              87.953
2332       (1 0 3 1 2 1 2)              87.958
2333       (1 0 2 3 2 1 2)              87.963
2334       (1 0 3 1 2 1 2)              87.968
2335       (1 0 3 1 2 1 2)              87.973
2336       (1 0 2 3 2 1 2)              87.966
2337       (1 0 3 1 2 1 2)              87.959
2338       (1 0 2 3 2 1 2)              87.964
2339       (1 0 2 3 2 1 2)              87.970
2340       (0 0 4 6 1 2 1)              87.950
2341       (1 0 3 1 2 1 2)              87.955
2342       (1 0 2 3 2 1 2)              87.961
2343       (1 0 3 1 2 1 2)              87.935
2344       (1 0 2 3 2 1 2)              87.928
2345       (1 0 3 1 2 1 2)              87.933
2346       (0 0 4 2 2 2 1)              87.908
2347       (1 0 2 3 2 1 2)              87.913
2348       (1 0 2 3 2 1 2)              87.918
2349       (1 0 2 3 2 1 2)              87.911
2350       (1 0 2 3 2 1 2)              87.904
2351       (1 0 2 3 2 1 2)              87.891
2352       (1 0 2 3 2 1 2)              87.896
2353       (1 0 2 3 1 2 1)              87.901
2354       (1 0 3 1 2 1 2)              87.906
2355       (1 0 2 3 2 1 2)              87.912
2356       (1 0 2 3 2 1 2)              87.905
2357       (1 0 2 3 1 2 1)              87.910
2358       (1 0 2 3 2 1 2)              87.915
2359       (1 0 2 3 2 1 2)              87.920
2360       (1 0 2 3 2 1 2)              87.919
2361       (1 0 1 2 1 1 1)              87.924
2362       (1 0 1 2 1 1 1)              87.929
2363       (1 0 3 1 2 1 2)              87.934
2364       (1 0 0 0 1 2 0)              87.940
2365       (1 0 3 1 2 1 2)              87.927
2366       (1 0 2 3 2 1 2)              87.932
2367       (1 0 2 3 2 1 2)              87.937
2368       (1 0 2 3 2 1 2)              87.942
2369       (1 0 2 3 2 1 2)              87.947
2370       (1 0 2 3 2 1 2)              87.940
2371       (1 0 3 1 2 1 2)              87.933
2372       (1 0 3 1 2 1 2)              87.920
2373       (1 0 3 1 2 1 2)              87.925
2374       (1 0 3 1 2 1 2)              87.930
2375       (1 0 2 3 2 1 2)              87.935
2376       (1 0 2 3 2 1 2)              87.928
2377       (1 0 3 1 2 1 2)              87.921
2378       (1 0 1 2 1 2 1)              87.920
2379       (1 0 3 1 2 1 2)              87.901
2380       (1 0 2 3 2 1 2)              87.907
2381       (1 0 2 3 2 1 2)              87.912
2382       (1 0 2 3 2 1 2)              87.917
2383       (1 0 2 3 2 1 2)              87.922
2384       (0 0 2 3 1 1 1)              87.921
2385       (1 0 2 3 2 1 2)              87.926
2386       (1 0 2 3 2 1 1)              87.925
2387       (1 0 2 3 2 1 2)              87.918
2388       (1 0 3 1 2 1 2)              87.899
2389       (1 0 2 3 2 1 2)              87.904
2390       (1 0 3 1 2 1 2)              87.885
2391       (1 0 1 2 1 2 1)              87.878
2392       (1 0 1 2 1 1 1)              87.884
2393       (1 0 3 1 2 1 2)              87.883
2394       (0 0 4 6 1 2 1)              87.864
2395       (1 0 1 2 1 2 1)              87.857
2396       (1 0 1 2 1 1 1)              87.862
2397       (1 0 0 0 2 2 1)              87.867
2398       (1 0 3 1 2 1 2)              87.872
2399       (1 0 1 2 1 1 1)              87.877
2400       (1 0 2 3 2 1 2)              87.876
2401       (1 0 3 1 2 1 2)              87.881
2402       (1 0 1 2 1 1 1)              87.886
2403       (1 0 2 3 2 1 2)              87.891
2404       (1 0 3 1 2 1 2)              87.896
2405       (1 0 2 3 2 1 2)              87.896
2406       (1 0 1 2 1 1 1)              87.901
2407       (1 0 3 1 2 1 2)              87.882
2408       (1 0 2 3 2 1 2)              87.887
2409       (1 0 2 3 1 2 1)              87.892
2410       (1 0 3 1 2 1 2)              87.891
2411       (1 0 2 3 2 1 2)              87.896
2412       (1 0 3 1 2 1 2)              87.895
2413       (1 0 2 3 2 1 2)              87.900
2414       (1 0 2 3 2 1 2)              87.905
2415       (1 0 3 1 2 1 2)              87.892
2416       (1 0 2 3 2 1 2)              87.897
2417       (1 0 1 2 1 1 1)              87.903
2418       (1 0 3 1 2 1 2)              87.908
2419       (1 0 2 3 2 1 2)              87.913
2420       (1 0 2 3 2 1 2)              87.918
2421       (1 0 3 1 2 1 2)              87.911
2422       (1 0 3 1 2 1 1)              87.916
2423       (1 0 3 1 2 1 2)              87.921
2424       (1 0 3 1 2 1 2)              87.926
2425       (1 0 3 1 2 1 2)              87.931
2426       (1 0 2 3 1 1 1)              87.936
2427       (1 0 2 3 2 1 2)              87.941
2428       (1 0 1 2 1 2 1)              87.940
2429       (1 0 2 3 2 1 2)              87.933
2430       (0 0 4 3 2 1 1)              87.914
2431       (1 0 2 3 2 1 2)              87.913
2432       (1 0 3 1 2 1 2)              87.913
2433       (1 0 3 1 2 1 2)              87.900
2434       (1 0 1 2 1 1 1)              87.905
2435       (1 0 2 3 2 1 2)              87.910
2436       (1 0 1 2 1 1 1)              87.915
2437       (1 0 1 2 1 2 1)              87.914
2438       (1 0 3 1 1 1 1)              87.919
2439       (1 0 2 3 2 1 2)              87.924
2440       (1 0 2 3 2 1 2)              87.923
2441       (1 0 3 1 2 1 2)              87.928
2442       (1 0 1 2 1 1 1)              87.933
2443       (0 0 1 2 1 1 1)              87.932
2444       (1 0 1 2 1 2 1)              87.931
2445       (1 0 2 3 2 1 2)              87.936
2446       (1 0 0 0 1 2 0)              87.941
2447       (1 0 2 3 2 1 2)              87.946
2448       (1 0 0 0 2 2 1)              87.951
2449       (1 0 3 1 2 1 2)              87.956
2450       (1 0 1 2 1 1 1)              87.961
2451       (1 0 3 1 2 1 2)              87.954
2452       (1 0 2 3 1 1 2)              87.953
2453       (1 0 1 2 1 1 1)              87.958
2454       (1 0 2 3 2 1 2)              87.963
2455       (1 0 2 3 2 1 2)              87.968
2456       (1 0 0 0 2 2 1)              87.973
2457       (1 0 3 1 2 1 2)              87.972
2458       (1 0 2 3 2 1 2)              87.977
2459       (1 0 4 5 2 2 2)              87.964
2460       (1 0 2 3 2 1 2)              87.969
2461       (1 0 3 1 2 1 2)              87.974
2462       (1 0 2 3 2 1 2)              87.979
2463       (1 0 2 3 2 1 2)              87.984
2464       (1 0 2 3 2 1 2)              87.989
2465       (1 0 3 1 2 1 2)              87.993
2466       (1 0 3 1 2 1 2)              87.998
2467       (1 0 3 1 2 1 2)              87.992
2468       (1 0 3 1 2 1 2)              87.985
2469       (1 0 1 2 1 1 1)              87.990
2470       (1 0 3 1 2 1 2)              87.977
2471       (1 0 3 1 2 1 2)              87.971
2472       (1 0 4 5 2 2 2)              87.958
2473       (1 0 2 3 2 1 2)              87.963
2474       (1 0 2 3 2 1 2)              87.968
2475       (0 0 1 2 1 1 1)              87.967
2476       (1 0 2 3 2 1 2)              87.972
2477       (1 0 1 2 1 1 1)              87.977
2478       (1 0 2 3 1 2 1)              87.981
2479       (1 0 2 3 2 1 2)              87.986
2480       (0 0 4 6 0 0 1)              87.968
2481       (1 0 2 3 2 1 2)              87.973
2482       (1 0 2 3 2 1 2)              87.978
2483       (1 0 2 3 1 1 1)              87.977
2484       (1 0 2 3 2 1 2)              87.982
2485       (1 0 1 2 1 1 1)              87.987
2486       (1 0 2 3 2 1 2)              87.986
2487       (1 0 1 2 1 1 1)              87.979
2488       (1 0 1 2 1 1 1)              87.967
2489       (0 0 4 3 1 1 1)              87.954
2490       (1 0 3 1 2 1 2)              87.959
2491       (1 0 2 3 2 1 2)              87.964
2492       (1 0 3 1 2 1 2)              87.957
2493       (1 0 1 2 1 1 1)              87.962
2494       (1 0 1 2 1 1 1)              87.967
2495       (1 0 3 1 2 1 2)              87.960
2496       (1 0 3 1 2 1 2)              87.965
2497       (1 0 2 3 2 1 2)              87.970
2498       (1 0 1 2 0 0 1)              87.975
2499       (1 0 1 2 1 2 1)              87.951
2500       (1 0 2 3 2 1 2)              87.956
2501       (1 0 1 2 1 1 1)              87.961
2502       (0 0 1 2 1 2 1)              87.954
2503       (1 0 2 3 2 1 2)              87.959
2504       (1 0 2 3 2 1 2)              87.964
2505       (1 0 2 3 2 1 2)              87.968
2506       (1 0 1 2 0 0 1)              87.956
2507       (1 0 3 1 2 1 2)              87.955
2508       (1 0 2 3 2 1 2)              87.960
2509       (1 0 1 2 1 2 1)              87.959
2510       (1 0 2 3 2 1 2)              87.964
2511       (1 0 1 2 1 1 1)              87.969
2512       (1 0 0 0 2 2 1)              87.951
2513       (1 0 1 2 0 0 1)              87.956
2514       (1 0 2 3 2 1 2)              87.960
2515       (1 0 3 1 2 1 2)              87.942
2516       (1 0 2 3 2 1 2)              87.947
2517       (1 0 0 0 2 2 1)              87.952
2518       (1 0 2 3 2 1 2)              87.957
2519       (1 0 3 1 2 1 2)              87.962
2520       (1 0 3 1 2 1 2)              87.955
2521       (1 0 3 1 2 1 2)              87.948
2522       (1 0 1 2 1 1 1)              87.953
2523       (1 0 3 1 2 1 2)              87.947
2524       (1 0 2 3 2 1 2)              87.951
2525       (1 0 2 3 2 1 2)              87.956
2526       (0 0 2 3 1 2 1)              87.938
2527       (1 0 2 3 2 1 2)              87.943
2528       (1 0 2 3 2 1 2)              87.948
2529       (1 0 3 1 2 1 2)              87.941
2530       (1 0 3 1 2 1 2)              87.940
2531       (1 0 2 3 1 2 1)              87.945
2532       (1 0 1 2 1 1 1)              87.950
2533       (1 0 2 3 2 1 2)              87.955
2534       (1 0 3 1 2 1 2)              87.960
2535       (1 0 0 0 1 2 0)              87.964
2536       (1 0 2 3 2 1 2)              87.969
2537       (1 0 2 3 2 1 2)              87.974
2538       (1 0 3 1 2 1 2)              87.979
2539       (1 0 2 3 2 1 2)              87.978
2540       (1 0 3 1 2 1 2)              87.971
2541       (1 0 2 3 1 1 1)              87.976
2542       (1 0 3 1 2 1 2)              87.975
2543       (1 0 2 3 2 1 2)              87.968
2544       (1 0 1 2 1 1 1)              87.973
2545       (1 0 2 3 2 1 2)              87.978
2546       (1 0 2 3 2 1 2)              87.983
2547       (1 0 2 3 2 1 2)              87.987
2548       (1 0 2 3 2 1 2)              87.992
2549       (1 0 3 1 2 1 2)              87.986
2550       (1 0 1 2 1 1 1)              87.968
2551       (1 0 1 2 1 1 1)              87.967
2552       (1 0 1 2 1 1 1)              87.972
2553       (1 0 2 3 2 1 2)              87.976
2554       (1 0 1 2 1 1 1)              87.981
2555       (1 0 1 2 0 0 1)              87.986
2556       (1 0 2 3 2 1 2)              87.991
2557       (1 0 3 1 2 1 2)              87.995
2558       (1 0 2 3 2 1 2)              87.989
2559       (1 0 1 2 1 2 1)              87.988
2560       (1 0 2 3 2 1 1)              87.976
2561       (1 0 3 1 2 1 2)              87.981
2562       (1 0 3 1 2 1 2)              87.985
2563       (1 0 1 2 1 2 1)              87.984
2564       (1 0 2 3 2 1 2)              87.989
2565       (1 0 1 2 1 1 1)              87.994
2566       (1 0 2 3 2 1 2)              87.998
2567       (0 0 1 2 0 0 1)              87.998
2568       (1 0 3 1 2 1 2)              88.002
2569       (1 0 3 1 2 1 2)              88.001
2570       (1 0 2 3 2 1 2)              87.995
2571       (1 0 2 3 2 1 2)              88.000
2572       (1 0 2 3 2 1 2)              88.004
2573       (1 0 2 3 2 1 2)              87.998
2574       (1 0 3 1 2 1 2)              88.002
2575       (1 0 3 1 2 1 2)              87.979
2576       (0 0 4 5 2 1 1)              87.962
2577       (1 0 1 2 1 1 1)              87.966
2578       (1 0 1 2 1 1 1)              87.971
2579       (1 0 3 1 2 1 2)              87.976
2580       (1 0 1 2 1 2 1)              87.969
2581       (1 0 2 3 2 1 2)              87.974
2582       (1 0 3 1 2 1 2)              87.968
2583       (1 0 1 2 1 1 1)              87.972
2584       (1 0 2 3 2 1 2)              87.977
2585       (1 0 2 3 2 1 2)              87.982
2586       (1 0 2 3 2 1 2)              87.975
2587       (1 0 1 2 1 2 1)              87.980
2588       (1 0 3 1 2 1 2)              87.984
2589       (1 0 1 2 1 1 1)              87.989
2590       (1 0 2 3 2 1 2)              87.994
2591       (1 0 2 3 2 1 2)              87.998
2592       (1 0 1 2 1 1 1)              88.003
2593       (1 0 1 2 1 1 1)              88.008
2594       (0 0 4 2 1 1 1)              87.996
2595       (1 0 2 3 2 1 2)              88.000
2596       (1 0 3 1 2 1 2)              88.005
2597       (1 0 1 2 1 1 1)              88.010
2598       (1 0 3 1 2 1 2)              88.003
2599       (1 0 2 3 2 1 2)              87.997
2600       (1 0 2 3 2 1 2)              88.002
2601       (1 0 2 3 2 1 2)              88.001
2602       (1 0 2 3 2 1 2)              88.005
2603       (1 0 0 0 2 2 1)              87.993
2604       (1 0 2 3 2 1 2)              87.987
2605       (1 0 2 3 2 1 2)              87.992
2606       (1 0 3 1 2 1 2)              87.996
2607       (1 0 1 2 1 1 1)              88.001
2608       (1 0 3 1 2 1 2)              88.005
2609       (1 0 1 2 1 1 1)              88.010
2610       (1 0 3 1 2 1 2)              88.004
2611       (1 0 1 2 1 2 1)              88.003
2612       (1 0 2 3 2 1 2)              88.007
2613       (1 0 1 2 1 1 1)              88.012
2614       (1 0 3 1 2 1 2)              88.017
2615       (1 0 1 2 1 1 1)              87.999
2616       (1 0 2 3 2 1 2)              88.004
2617       (1 0 4 5 2 2 2)              87.992
2618       (1 0 3 1 1 1 1)              87.997
2619       (1 0 2 3 2 1 2)              88.001
2620       (1 0 1 2 1 2 1)              88.000
2621       (1 0 3 1 2 1 2)              88.005
2622       (0 0 1 2 1 1 1)              88.004
2623       (1 0 3 1 2 1 2)              87.987
2624       (1 0 2 3 2 1 2)              87.991
2625       (1 0 3 1 2 1 1)              87.991
2626       (1 0 3 1 2 1 2)              87.984
2627       (1 0 2 3 2 1 2)              87.989
2628       (1 0 2 3 2 1 2)              87.993
2629       (1 0 3 1 2 1 2)              87.993
2630       (1 0 2 3 2 1 2)              87.986
2631       (1 0 3 1 2 1 2)              87.991
2632       (1 0 2 3 2 1 2)              87.985
2633       (1 0 1 2 0 0 0)              87.967
2634       (1 0 1 2 1 1 1)              87.945
2636       (1 0 3 1 2 1 2)              87.949
2637       (1 0 1 2 2 2 1)              87.948
2638       (1 0 2 3 2 1 2)              87.942
2639       (1 0 2 3 2 1 2)              87.947
2640       (1 0 2 3 2 1 2)              87.940
2641       (1 0 2 3 2 1 2)              87.945
2642       (0 0 4 3 2 1 1)              87.928
2643       (1 0 3 1 2 1 2)              87.933
2644       (1 0 2 3 1 2 1)              87.937
2645       (1 0 2 3 2 1 2)              87.931
2646       (1 0 0 0 1 2 0)              87.935
2647       (1 0 2 3 2 1 2)              87.929
2648       (1 0 2 3 2 1 2)              87.934
2649       (1 0 2 3 2 1 2)              87.927
2650       (1 0 2 3 2 1 2)              87.932
2651       (0 0 4 6 0 0 1)              87.915
2652       (1 0 3 1 2 1 2)              87.920
2653       (1 0 3 1 2 1 2)              87.897
2654       (1 0 2 3 2 1 2)              87.896
2655       (1 0 3 1 2 1 2)              87.901
2656       (1 0 2 3 1 1 1)              87.905
2657       (1 0 3 1 2 1 2)              87.899
2658       (1 0 3 1 2 1 2)              87.904
2659       (1 0 3 1 2 1 2)              87.892
2660       (1 0 2 3 1 2 1)              87.897
2661       (1 0 2 3 1 0 1)              87.896
2662       (1 0 1 2 0 0 1)              87.884
2663       (1 0 3 1 2 1 2)              87.889
2664       (1 0 3 1 2 1 2)              87.883
2665       (1 0 3 1 2 1 2)              87.887
2666       (1 0 3 1 2 1 2)              87.870
2667       (1 0 1 2 1 1 1)              87.875
2668       (1 0 0 0 2 2 1)              87.879
2669       (1 0 3 1 2 1 2)              87.879
2670       (1 0 2 3 1 2 1)              87.856
2671       (1 0 3 1 2 1 2)              87.839
2672       (1 0 2 3 2 1 2)              87.823
2673       (1 0 3 1 2 1 2)              87.827
2674       (1 0 2 3 2 1 2)              87.832
2675       (1 0 2 3 2 1 2)              87.836
2676       (1 0 3 1 2 1 2)              87.841
2677       (0 0 4 6 0 0 1)              87.829
2678       (1 0 2 3 2 1 2)              87.829
2679       (1 0 2 3 2 1 2)              87.833
2680       (1 0 2 3 2 1 2)              87.838
2681       (1 0 2 3 1 0 1)              87.842
2682       (1 0 0 0 1 2 0)              87.847
2683       (1 0 3 1 2 1 2)              87.841
2684       (1 0 2 3 2 1 2)              87.845
2685       (1 0 1 2 1 2 1)              87.844
2686       (1 0 2 3 2 1 2)              87.838
2687       (1 0 1 2 1 2 1)              87.837
2688       (1 0 3 1 2 1 2)              87.842
2689       (1 0 2 3 2 1 2)              87.846
2690       (1 0 2 3 2 1 2)              87.851
2691       (1 0 1 2 1 1 1)              87.856
2692       (0 0 1 2 0 0 1)              87.855
2693       (1 0 0 0 2 2 1)              87.859
2694       (1 0 2 3 2 1 2)              87.864
2695       (1 0 3 1 2 1 2)              87.868
2696       (1 0 2 3 2 1 2)              87.873
2697       (1 0 1 2 1 1 1)              87.877
2698       (1 0 2 3 2 1 2)              87.882
2699       (1 0 2 3 2 1 2)              87.886
2700       (1 0 1 2 0 0 1)              87.891
2701       (1 0 2 3 2 1 2)              87.895
2702       (1 0 1 2 1 1 1)              87.884
2703       (1 0 3 1 2 1 2)              87.883
2704       (1 0 1 2 1 2 1)              87.888
2705       (1 0 3 1 2 1 2)              87.882
2706       (1 0 3 1 2 1 2)              87.886
2707       (1 0 2 3 2 1 2)              87.885
2708       (1 0 3 1 2 1 2)              87.890
2709       (1 0 1 2 1 2 1)              87.889
2710       (1 0 2 3 2 1 2)              87.883
2711       (1 0 2 3 2 1 2)              87.887
2712       (1 0 1 2 1 1 1)              87.892
2713       (1 0 3 1 2 1 2)              87.896
2714       (1 0 2 3 2 1 2)              87.901
2715       (0 0 1 2 1 1 1)              87.884
2716       (1 0 0 0 1 0 1)              87.889
2717       (1 0 2 3 2 1 2)              87.893
2718       (1 0 4 5 2 2 2)              87.882
2719       (1 0 2 3 1 2 1)              87.886
2720       (1 0 3 1 2 1 2)              87.891
2721       (1 0 2 3 2 1 2)              87.895
2722       (1 0 3 1 2 1 2)              87.900
2723       (1 0 3 1 2 1 2)              87.899
2724       (1 0 1 2 1 2 1)              87.898
2725       (1 0 2 3 2 1 2)              87.902
2726       (1 0 2 3 2 1 2)              87.907
2727       (1 0 2 3 2 1 2)              87.911
2728       (1 0 2 3 2 1 2)              87.916
2729       (1 0 3 1 2 1 2)              87.920
2730       (1 0 3 1 2 1 2)              87.914
2731       (1 0 2 3 2 1 2)              87.919
2732       (1 0 3 1 2 1 2)              87.918
2733       (1 0 1 2 1 1 1)              87.922
2734       (1 0 2 3 2 1 2)              87.927
2735       (1 0 3 1 2 1 2)              87.931
2736       (1 0 3 1 2 1 2)              87.935
2737       (1 0 1 2 1 2 1)              87.929
2738       (1 0 1 2 1 1 1)              87.934
2739       (1 0 1 2 1 1 1)              87.938
2740       (1 0 2 3 2 1 2)              87.937
2741       (1 0 3 1 2 1 2)              87.942
2742       (1 0 2 3 2 1 2)              87.946
2743       (1 0 2 3 2 1 2)              87.935
2744       (1 0 2 3 2 1 2)              87.939
2745       (0 0 1 2 0 0 1)              87.939
2746       (1 0 1 2 1 1 1)              87.943
2747       (1 0 3 1 2 1 2)              87.947
2748       (1 0 3 1 2 1 2)              87.952
2749       (1 0 2 3 2 1 2)              87.946
2750       (1 0 3 1 2 1 2)              87.945
2751       (1 0 0 0 2 2 1)              87.949
2752       (1 0 2 3 2 1 2)              87.954
2754       (1 0 3 1 2 1 2)              87.958
2755       (1 0 1 2 1 1 1)              87.963
2756       (1 0 2 3 2 1 2)              87.967
2757       (1 0 2 3 2 1 2)              87.971
2758       (1 0 1 2 1 1 1)              87.976
2759       (1 0 2 3 2 1 2)              87.980
2760       (1 0 2 3 2 1 2)              87.984
2761       (1 0 1 2 1 2 1)              87.963
2762       (1 0 2 3 2 1 2)              87.957
2763       (1 0 2 3 2 1 2)              87.961
2764       (1 0 0 0 1 2 0)              87.966
2765       (1 0 2 3 2 1 2)              87.970
2766       (1 0 2 3 2 1 2)              87.974
2767       (1 0 2 3 2 1 2)              87.973
2768       (1 0 1 2 1 1 1)              87.978
2769       (1 0 2 3 2 1 2)              87.982
2770       (1 0 3 1 2 1 2)              87.976
2771       (1 0 1 2 1 1 1)              87.981
2772       (1 0 3 1 2 1 2)              87.980
2773       (1 0 3 1 2 1 2)              87.984
2774       (1 0 3 1 1 1 1)              87.988
2775       (1 0 1 2 1 2 1)              87.982
2776       (1 0 2 3 2 1 2)              87.982
2777       (1 0 2 3 2 1 2)              87.981
2778       (0 0 1 2 1 1 1)              87.980
2779       (1 0 2 3 2 1 2)              87.984
2780       (1 0 2 3 2 1 2)              87.989
2781       (1 0 2 3 2 1 2)              87.993
2782       (1 0 2 3 2 1 2)              87.997
2783       (0 0 1 2 1 1 1)              87.986
2784       (1 0 2 3 2 1 2)              87.991
2785       (1 0 1 2 1 1 1)              87.995
2786       (1 0 3 1 2 1 2)              87.999
2787       (1 0 3 1 2 1 2)              88.003
2788       (1 0 3 1 2 1 2)              88.003
2789       (1 0 1 2 1 1 1)              88.007
2790       (1 0 2 3 1 2 1)              87.986
2791       (1 0 1 2 0 0 1)              87.990
2792       (1 0 1 2 1 1 1)              87.979
2793       (1 0 2 3 2 1 2)              87.983
2794       (1 0 2 3 2 1 2)              87.987
2795       (1 0 2 3 2 1 2)              87.992
2796       (1 0 1 2 1 1 1)              87.996
2797       (1 0 2 3 2 1 2)              88.000
2798       (1 0 1 2 1 1 1)              88.005
2799       (1 0 1 2 1 1 1)              88.009
2800       (1 0 1 2 1 1 1)              88.013
2801       (0 0 4 6 0 0 1)              88.002
2802       (1 0 3 1 2 1 2)              88.001
2803       (1 0 2 3 2 1 2)              88.006
2804       (1 0 2 3 2 1 2)              88.010
2805       (1 0 2 3 2 1 2)              88.004
2806       (1 0 2 3 1 2 1)              88.008
2807       (1 0 1 2 1 1 1)              88.013
2808       (1 0 2 3 2 1 2)              88.017
2809       (1 0 3 1 2 1 2)              88.011
2810       (1 0 1 2 1 2 1)              88.010
2811       (1 0 2 3 2 1 2)              88.014
2812       (0 0 1 2 1 1 1)              88.003
2813       (1 0 3 1 2 1 2)              87.992
2814       (1 0 4 5 2 2 2)              87.981
2815       (1 0 3 1 2 1 2)              87.970
2816       (1 0 2 3 2 1 2)              87.975
2817       (1 0 1 2 1 1 1)              87.979
2818       (1 0 2 3 1 2 1)              87.983
2819       (1 0 2 3 2 1 2)              87.988
2820       (0 0 1 2 1 1 1)              87.961
2821       (1 0 2 3 2 1 2)              87.966
2822       (1 0 2 3 2 1 2)              87.970
2823       (1 0 2 3 2 1 2)              87.974
2824       (1 0 1 2 2 2 1)              87.973
2825       (1 0 2 3 2 1 2)              87.978
2826       (0 0 4 3 2 1 1)              87.962
2827       (1 0 1 2 1 1 1)              87.966
2828       (1 0 2 3 2 1 2)              87.970
2829       (1 0 2 3 2 1 2)              87.974
2830       (1 0 2 3 2 1 2)              87.979
2831       (1 0 1 2 1 1 1)              87.963
2832       (1 0 3 1 2 1 2)              87.957
2833       (1 0 1 2 1 2 1)              87.956
2834       (1 0 1 2 1 2 1)              87.960
2835       (1 0 2 3 2 1 2)              87.954
2836       (1 0 2 3 2 1 2)              87.959
2837       (1 0 2 3 2 1 2)              87.963
2838       (1 0 2 3 2 1 2)              87.967
2839       (0 0 4 6 1 2 2)              87.951
2840       (1 0 3 1 2 1 2)              87.945
2841       (1 0 2 3 2 1 2)              87.940
2842       (1 0 3 1 2 1 2)              87.939
2843       (1 0 1 2 1 2 1)              87.918
2844       (0 0 4 5 2 1 1)              87.902
2845       (1 0 2 3 2 1 2)              87.906
2846       (1 0 2 3 2 1 2)              87.906
2847       (1 0 3 1 2 1 2)              87.910
2848       (1 0 1 2 1 1 1)              87.914
2849       (1 0 2 3 2 1 2)              87.918
2850       (1 0 2 3 2 1 2)              87.923
2851       (1 0 1 2 1 1 1)              87.927
2852       (1 0 0 0 1 2 0)              87.931
2853       (1 0 2 3 2 1 2)              87.925
2854       (1 0 2 3 2 1 2)              87.929
2855       (0 0 2 3 1 1 1)              87.924
2856       (1 0 2 3 2 1 2)              87.918
2857       (1 0 1 2 1 2 1)              87.912
2858       (1 0 1 2 1 1 1)              87.916
2859       (1 0 3 1 2 1 2)              87.921
2860       (1 0 2 3 2 1 2)              87.925
2861       (1 0 1 2 2 2 1)              87.929
2862       (1 0 3 1 2 1 2)              87.933
2863       (1 0 2 3 2 1 2)              87.927
2864       (1 0 3 1 2 1 2)              87.922
2865       (1 0 2 3 2 1 2)              87.921
2866       (1 0 3 1 2 1 2)              87.915
2867       (1 0 3 1 2 1 2)              87.909
2868       (0 0 1 2 1 1 1)              87.894
2869       (1 0 2 3 1 2 1)              87.893
2870       (1 0 3 1 2 1 2)              87.887
2871       (1 0 3 1 2 1 2)              87.871
2872       (1 0 3 1 2 1 2)              87.856
2873       (1 0 2 3 2 1 2)              87.860
2874       (1 0 1 2 1 1 1)              87.864
2875       (1 0 2 3 2 1 2)              87.868
2876       (1 0 1 2 1 2 1)              87.848
2877       (1 0 3 1 2 1 2)              87.852
2878       (1 0 3 1 2 1 2)              87.851
2879       (1 0 1 2 1 2 1)              87.831
2880       (1 0 3 1 2 1 2)              87.835
2881       (1 0 2 3 2 2 1)              87.839
2882       (1 0 2 3 2 1 2)              87.843
2883       (0 0 1 2 2 2 1)              87.833
2884       (1 0 3 1 2 1 2)              87.837
2885       (1 0 2 3 2 1 2)              87.841
2886       (1 0 1 2 1 1 1)              87.845
2887       (1 0 2 3 2 1 2)              87.849
2888       (1 0 2 3 2 1 2)              87.854
2889       (1 0 2 3 1 2 1)              87.858
2890       (1 0 1 2 1 2 1)              87.857
2891       (1 0 2 3 2 1 1)              87.846
2892       (1 0 1 2 1 2 1)              87.846
2893       (1 0 3 1 2 1 2)              87.850
2894       (1 0 2 3 2 1 2)              87.849
2895       (1 0 2 3 2 1 2)              87.853
2896       (1 0 3 1 2 1 2)              87.858
2897       (1 0 3 1 2 1 2)              87.852
2898       (1 0 2 3 2 1 2)              87.846
2899       (1 0 3 1 2 1 2)              87.841
2900       (1 0 2 3 2 1 2)              87.845
2901       (1 0 3 1 2 1 2)              87.834
2902       (1 0 3 1 2 1 2)              87.838
2903       (1 0 2 3 2 1 2)              87.843
2904       (1 0 2 3 2 1 2)              87.837
2905       (1 0 2 3 2 1 2)              87.841
2906       (1 0 2 3 2 1 2)              87.835
2907       (1 0 2 3 2 1 2)              87.840
2908       (1 0 2 3 2 1 2)              87.844
2909       (1 0 2 3 2 1 1)              87.843
2910       (1 0 2 3 2 1 2)              87.847
2911       (1 0 2 3 2 1 2)              87.847
2912       (0 0 1 2 1 1 1)              87.846
2913       (1 0 2 3 2 1 2)              87.850
2914       (1 0 3 1 2 1 2)              87.849
2915       (1 0 3 1 2 1 2)              87.844
2916       (1 0 3 1 2 1 2)              87.843
2917       (1 0 2 3 2 1 2)              87.842
2918       (1 0 2 3 1 2 1)              87.841
2919       (1 0 2 3 2 1 2)              87.846
2920       (1 0 2 3 2 1 2)              87.850
2921       (0 0 1 2 1 1 1)              87.839
2922       (0 0 2 3 1 1 1)              87.834
2923       (1 0 2 3 2 1 2)              87.833
2924       (1 0 1 2 1 1 1)              87.837
2925       (1 0 1 2 1 1 1)              87.841
2927       (1 0 2 3 2 1 2)              87.840
2928       (1 0 2 3 2 1 2)              87.845
2929       (1 0 3 1 2 1 2)              87.829
2930       (1 0 2 3 2 1 2)              87.819
2931       (0 0 4 6 1 2 2)              87.803
2932       (1 0 3 1 2 1 2)              87.808
2933       (1 0 2 3 2 1 2)              87.802
2934       (1 0 3 1 2 1 2)              87.806
2935       (1 0 0 0 2 2 1)              87.810
2936       (1 0 2 3 2 1 2)              87.814
2937       (1 0 2 3 2 1 2)              87.819
2938       (1 0 2 3 2 1 2)              87.823
2939       (1 0 1 2 1 1 1)              87.827
2940       (1 0 3 1 2 1 2)              87.826
2941       (0 0 2 3 1 2 1)              87.821
2942       (1 0 3 1 2 1 2)              87.815
2943       (1 0 3 1 2 1 2)              87.819
2944       (0 0 4 6 1 2 2)              87.804
2945       (1 0 2 3 2 1 2)              87.808
2946       (1 0 3 1 2 1 2)              87.812
2947       (1 0 3 1 2 1 2)              87.797
2948       (1 0 3 1 2 1 2)              87.791
2949       (1 0 3 1 2 1 2)              87.795
2950       (1 0 3 1 2 1 2)              87.800
2951       (1 0 3 1 2 1 2)              87.794
2952       (1 0 3 1 2 1 2)              87.798
2953       (1 0 2 3 2 1 2)              87.802
2954       (1 0 2 3 2 1 2)              87.806
2955       (1 0 3 1 2 1 2)              87.811
2957       (1 0 1 2 1 1 1)              87.815
2958       (1 0 2 3 2 1 2)              87.809
2959       (1 0 2 3 2 1 2)              87.813
2960       (1 0 2 3 1 2 1)              87.817
2961       (1 0 2 3 2 1 2)              87.812
2962       (1 0 1 2 1 2 1)              87.806
2963       (1 0 3 1 2 1 2)              87.786
2964       (1 0 2 3 2 1 2)              87.790
2965       (1 0 3 1 2 1 2)              87.794
2966       (1 0 1 2 1 1 1)              87.799
2968       (1 0 2 3 2 1 1)              87.788
2969       (1 0 3 1 2 1 2)              87.792
2970       (1 0 1 2 1 1 1)              87.797
2971       (1 0 0 0 2 2 1)              87.786
2972       (1 0 1 2 1 1 1)              87.790
2973       (1 0 2 3 2 1 2)              87.794
2974       (1 0 1 2 1 1 1)              87.799
2975       (1 0 2 3 2 1 2)              87.798
2976       (1 0 3 1 2 1 2)              87.802
2977       (1 0 3 1 2 1 2)              87.806
2978       (1 0 3 1 2 1 2)              87.810
2979       (1 0 3 1 2 1 2)              87.805
2980       (0 0 1 2 1 1 1)              87.799
2981       (1 0 1 2 1 2 1)              87.794
2982       (1 0 1 2 1 1 1)              87.798
2983       (0 0 1 2 0 0 1)              87.797
2984       (1 0 3 1 2 1 2)              87.796
2985       (1 0 3 1 2 1 2)              87.796
2986       (1 0 2 3 2 1 2)              87.800
2987       (1 0 3 1 2 1 2)              87.804
2988       (1 0 2 3 2 1 2)              87.808
2989       (1 0 2 3 2 1 2)              87.812
2991       (1 0 2 3 2 1 2)              87.816
2992       (1 0 3 1 2 1 2)              87.820
2993       (1 0 3 1 2 1 2)              87.800
2994       (1 0 2 3 2 1 2)              87.804
2995       (1 0 2 3 2 1 2)              87.809
2996       (1 0 2 3 2 1 2)              87.808
2997       (1 0 1 2 1 2 1)              87.807
2998       (1 0 3 1 2 1 2)              87.787
2999       (1 0 3 1 2 1 2)              87.791
3000       (1 0 1 2 1 1 1)              87.795
3001       (1 0 1 2 1 1 1)              87.800
3002       (1 0 1 2 1 2 1)              87.794
3003       (1 0 3 1 2 1 2)              87.798
3004       (1 0 2 3 2 1 2)              87.793
3005       (1 0 2 3 2 1 2)              87.797
3006       (1 0 3 1 2 1 2)              87.791
3007       (1 0 3 1 2 1 2)              87.795
3008       (1 0 2 3 2 1 2)              87.799
3009       (1 0 3 1 2 1 2)              87.803
3010       (1 0 3 1 2 1 1)              87.808
3011       (1 0 2 3 2 2 1)              87.812
3012       (1 0 3 1 2 1 2)              87.816
3013       (1 0 1 2 1 1 1)              87.820
3014       (1 0 3 1 2 1 2)              87.824
3015       (1 0 1 2 1 1 1)              87.809
3016       (1 0 2 3 2 1 2)              87.813
3017       (1 0 1 2 1 1 1)              87.817
3018       (1 0 2 3 1 2 1)              87.821
3019       (1 0 1 2 0 0 1)              87.816
3020       (1 0 0 0 2 2 1)              87.820
3021       (1 0 1 2 1 1 1)              87.824
3022       (1 0 2 3 2 1 2)              87.828
3023       (1 0 3 1 2 1 2)              87.832
3024       (1 0 1 2 1 1 1)              87.836
3025       (1 0 3 1 2 1 2)              87.840
3026       (1 0 2 3 2 1 2)              87.844
3027       (1 0 2 3 2 1 2)              87.824
3028       (0 0 4 6 1 2 2)              87.809
3029       (1 0 1 2 1 1 1)              87.813
3030       (1 0 2 3 2 1 2)              87.817
3031       (1 0 1 2 1 2 1)              87.807
3032       (1 0 1 2 1 1 1)              87.811
3033       (1 0 0 0 0 0 0)              87.815
3034       (1 0 3 1 2 1 2)              87.819
3035       (1 0 2 3 2 1 2)              87.814
3036       (1 0 3 1 2 1 2)              87.808
3037       (1 0 1 2 1 1 1)              87.812
3038       (1 0 3 1 2 1 2)              87.807
3039       (1 0 3 1 2 1 2)              87.811
3040       (1 0 1 2 1 1 1)              87.815
3041       (0 0 1 2 0 0 1)              87.800
3042       (1 0 3 1 2 1 2)              87.781
3043       (1 0 2 3 2 1 2)              87.775
3044       (1 0 2 3 2 1 2)              87.770
3045       (1 0 1 2 1 1 1)              87.774
3046       (1 0 2 3 2 1 2)              87.778
3047       (1 0 3 1 2 1 2)              87.782
3048       (1 0 1 2 1 1 1)              87.786
3049       (1 0 2 3 2 1 2)              87.790
3050       (1 0 1 2 1 1 1)              87.794
3051       (1 0 2 3 2 1 2)              87.798
3052       (1 0 1 2 1 1 1)              87.783
3053       (1 0 2 3 2 1 2)              87.787
3054       (1 0 1 2 1 1 1)              87.791
3055       (1 0 2 3 2 1 2)              87.786
3056       (1 0 2 3 2 1 2)              87.790
3057       (1 0 1 2 1 1 1)              87.794
3058       (1 0 0 0 2 2 1)              87.798
3059       (1 0 2 3 2 1 2)              87.802
3060       (1 0 2 3 2 1 2)              87.806
3061       (0 0 1 2 1 1 1)              87.805
3062       (1 0 2 3 2 1 2)              87.805
3063       (1 0 4 5 2 2 2)              87.795
3064       (1 0 3 1 2 1 2)              87.799
3065       (1 0 1 2 2 2 1)              87.798
3066       (1 0 0 0 2 2 1)              87.793
3067       (1 0 2 3 2 1 2)              87.787
3068       (1 0 2 3 2 1 2)              87.791
3069       (1 0 2 3 2 1 2)              87.795
3070       (1 0 3 1 2 1 2)              87.799
3071       (1 0 2 3 2 1 2)              87.803
3072       (1 0 1 2 1 1 1)              87.807
3073       (1 0 2 3 2 1 2)              87.811
3074       (1 0 3 1 2 1 2)              87.815
3075       (1 0 3 1 2 1 2)              87.814
3076       (1 0 2 3 1 2 1)              87.818
3077       (1 0 3 1 2 1 2)              87.818
3078       (1 0 3 1 2 1 2)              87.812
3079       (1 0 2 3 2 1 2)              87.812
3080       (1 0 2 3 2 1 2)              87.816
3081       (1 0 2 3 2 1 2)              87.820
3082       (1 0 2 3 2 1 2)              87.824
3083       (1 0 2 3 0 0 0)              87.828
3084       (1 0 1 2 0 0 1)              87.832
3085       (1 0 1 2 1 1 1)              87.836
3086       (1 0 3 1 2 1 2)              87.839
3087       (1 0 2 3 1 1 1)              87.843
3088       (1 0 2 3 2 1 2)              87.838
3089       (1 0 3 1 2 1 2)              87.842
3090       (1 0 3 1 2 1 2)              87.823
3091       (1 0 3 1 2 1 2)              87.827
3092       (1 0 1 2 1 1 1)              87.831
3093       (1 0 2 3 2 1 2)              87.825
3094       (1 0 3 1 2 1 2)              87.829
3095       (0 0 2 3 1 2 1)              87.829
3096       (1 0 3 1 2 1 2)              87.823
3097       (1 0 1 2 1 1 1)              87.827
3098       (1 0 2 3 2 1 2)              87.831
3099       (1 0 1 2 1 1 1)              87.835
3100       (0 0 4 3 2 1 1)              87.821
3101       (1 0 2 3 2 1 2)              87.815
3102       (1 0 2 3 2 1 2)              87.819
3103       (1 0 3 1 2 1 2)              87.814
3104       (1 0 3 1 2 1 2)              87.818
3105       (1 0 1 2 1 1 1)              87.822
3106       (1 0 2 3 2 1 2)              87.826
3107       (1 0 1 2 1 1 1)              87.830
3108       (1 0 1 2 1 1 1)              87.834
3109       (1 0 3 1 2 1 2)              87.819
3110       (1 0 3 1 2 1 2)              87.818
3111       (1 0 1 2 1 1 1)              87.822
3112       (1 0 2 3 1 2 1)              87.822
3113       (1 0 1 2 1 1 1)              87.826
3114       (1 0 2 3 2 1 2)              87.820
3115       (0 0 4 6 0 0 1)              87.810
3116       (1 0 3 1 2 1 2)              87.810
3117       (1 0 2 3 2 1 2)              87.814
3118       (1 0 3 1 2 1 2)              87.818
3119       (1 0 3 1 2 1 2)              87.817
3120       (1 0 1 2 0 0 1)              87.821
3121       (1 0 2 3 2 1 1)              87.811
3122       (1 0 1 2 1 1 1)              87.815
3123       (1 0 2 3 2 1 2)              87.819
3124       (1 0 1 2 2 2 1)              87.823
3125       (1 0 3 1 2 1 2)              87.827
3126       (1 0 2 3 2 1 2)              87.826
3127       (1 0 2 3 2 1 2)              87.816
3128       (1 0 1 2 1 1 1)              87.820
3129       (1 0 1 2 1 1 1)              87.824
3130       (1 0 0 0 1 2 0)              87.828
3131       (1 0 2 3 2 1 2)              87.832
3132       (1 0 2 3 2 1 2)              87.826
3133       (1 0 2 3 2 1 2)              87.821
3134       (1 0 3 1 2 1 2)              87.825
3135       (1 0 2 3 2 1 2)              87.820
3136       (1 0 2 3 2 1 2)              87.815
3137       (1 0 1 2 1 1 1)              87.818
3138       (0 0 4 6 1 1 1)              87.809
3139       (1 0 3 1 2 1 1)              87.808
3140       (1 0 2 3 2 1 2)              87.812
3141       (1 0 3 1 2 1 2)              87.811
3142       (1 0 2 3 2 1 2)              87.815
3143       (1 0 1 2 1 1 1)              87.819
3144       (1 0 2 3 2 1 2)              87.823
3145       (1 0 2 3 2 1 2)              87.818
3146       (1 0 3 1 2 1 2)              87.822
3147       (1 0 3 1 2 1 2)              87.825
3148       (1 0 2 3 2 1 2)              87.825
3149       (1 0 2 3 2 1 2)              87.829
3150       (1 0 2 3 2 1 2)              87.833
3151       (1 0 3 1 2 1 2)              87.836
3152       (1 0 3 1 2 1 1)              87.836
3153       (1 0 2 3 2 1 2)              87.840
3154       (1 0 2 3 2 1 2)              87.843
3155       (1 0 3 1 2 1 2)              87.843
3156       (1 0 1 2 1 1 1)              87.833
3157       (1 0 3 1 2 1 2)              87.837
3158       (0 0 4 5 2 2 1)              87.823
3159       (1 0 3 1 2 1 2)              87.817
3160       (1 0 1 2 1 2 1)              87.817
3161       (1 0 3 1 2 1 2)              87.821
3162       (1 0 1 2 1 1 1)              87.824
3163       (1 0 2 3 2 1 2)              87.828
3164       (1 0 3 1 2 1 2)              87.823
3165       (1 0 2 3 2 1 2)              87.827
3166       (1 0 2 3 2 1 2)              87.831
3167       (1 0 1 2 2 2 1)              87.826
3168       (1 0 3 1 2 1 2)              87.820
3169       (1 0 1 2 1 1 1)              87.824
3170       (1 0 2 3 2 1 2)              87.819
3171       (1 0 2 3 2 1 2)              87.823
3172       (1 0 2 3 1 2 1)              87.813
3173       (1 0 2 3 2 1 2)              87.817
3174       (1 0 2 3 2 1 2)              87.821
3175       (1 0 2 3 2 1 2)              87.825
3176       (0 0 2 3 1 2 1)              87.824
3177       (1 0 4 5 2 2 2)              87.814
3178       (1 0 1 2 1 2 1)              87.814
3179       (1 0 2 3 2 1 2)              87.818
3180       (1 0 3 1 2 1 2)              87.821
3181       (1 0 2 3 2 1 2)              87.816
3182       (1 0 3 1 2 1 2)              87.811
3183       (1 0 2 3 2 1 2)              87.815
3184       (1 0 2 3 2 1 2)              87.819
3185       (1 0 2 3 2 1 2)              87.818
3186       (1 0 3 1 2 1 2)              87.822
3187       (1 0 3 1 2 1 2)              87.826
3188       (1 0 2 3 2 1 2)              87.821
3189       (1 0 2 3 2 1 2)              87.825
3190       (1 0 2 3 2 1 2)              87.828
3191       (1 0 3 1 2 1 2)              87.832
3192       (1 0 2 3 1 2 1)              87.836
3193       (1 0 2 3 2 1 2)              87.840
3194       (1 0 3 1 2 1 2)              87.835
3195       (1 0 1 2 1 2 1)              87.830
3196       (1 0 3 1 2 1 2)              87.833
3197       (1 0 2 3 1 1 1)              87.833
3198       (1 0 2 3 2 1 2)              87.837
3199       (1 0 3 1 2 1 2)              87.840
3200       (1 0 2 3 2 1 1)              87.840
3201       (1 0 2 3 2 1 2)              87.843
3202       (1 0 2 3 1 2 1)              87.847
3203       (1 0 1 2 1 1 1)              87.851
3204       (0 0 0 4 1 2 0)              87.837
3205       (1 0 3 1 2 1 2)              87.823
3206       (1 0 2 3 2 1 2)              87.818
3207       (1 0 2 3 2 1 2)              87.813
3208       (1 0 2 3 2 1 2)              87.816
3209       (1 0 3 1 2 1 2)              87.820
3210       (1 0 1 2 1 1 1)              87.824
3211       (1 0 2 3 2 1 2)              87.828
3212       (1 0 3 1 2 1 1)              87.827
3213       (1 0 2 3 2 1 2)              87.809
3214       (0 0 4 5 2 2 1)              87.790
3215       (1 0 2 3 2 1 2)              87.794
3216       (1 0 2 3 1 1 2)              87.793
3217       (1 0 3 1 2 1 2)              87.797
3218       (1 0 1 2 1 1 1)              87.801
3219       (1 0 1 2 1 1 1)              87.805
3220       (1 0 2 3 2 1 2)              87.809
3221       (1 0 1 2 1 1 1)              87.812
3222       (1 0 3 1 2 1 2)              87.816
3223       (1 0 2 3 2 1 2)              87.816
3224       (1 0 1 2 1 1 1)              87.802
3225       (1 0 1 2 1 1 1)              87.805
3226       (1 0 2 3 2 1 2)              87.809
3227       (1 0 3 1 2 1 2)              87.813
3228       (1 0 2 3 2 1 1)              87.803
3230       (1 0 2 3 2 1 2)              87.807
3231       (1 0 3 1 2 1 2)              87.811
3232       (1 0 2 3 2 1 2)              87.806
3233       (1 0 3 1 2 1 2)              87.810
3234       (1 0 3 1 2 1 2)              87.809
3235       (1 0 0 0 2 2 1)              87.804
3236       (1 0 3 1 2 1 2)              87.808
3237       (1 0 2 3 2 1 2)              87.811
3238       (1 0 2 3 2 1 2)              87.806
3239       (0 0 4 5 2 1 1)              87.792
3240       (1 0 2 3 2 1 2)              87.796
3241       (1 0 1 2 1 1 1)              87.800
3242       (1 0 3 1 2 1 2)              87.795
3243       (1 0 3 1 2 1 2)              87.794
3244       (1 0 2 3 2 1 2)              87.798
3245       (1 0 2 3 2 1 2)              87.802
3246       (1 0 2 3 2 1 2)              87.806
3247       (1 0 2 3 2 1 2)              87.809
3248       (0 0 1 2 1 1 1)              87.809
3249       (1 0 2 3 1 2 1)              87.813
3250       (1 0 3 1 2 1 2)              87.812
3251       (1 0 2 3 2 1 2)              87.816
3252       (1 0 2 3 2 1 2)              87.819
3253       (1 0 2 3 2 1 2)              87.823
3254       (0 0 2 3 1 1 1)              87.823
3255       (1 0 2 3 2 1 2)              87.826
3256       (1 0 1 2 1 1 1)              87.830
3257       (1 0 3 1 2 1 2)              87.829
3258       (1 0 0 0 2 2 1)              87.833
3259       (1 0 2 3 2 1 2)              87.837
3260       (1 0 2 3 1 2 1)              87.841
3261       (1 0 1 2 1 1 1)              87.844
3262       (1 0 2 3 2 1 2)              87.839
3263       (1 0 2 3 2 1 2)              87.843
3264       (1 0 3 1 2 1 2)              87.847
3265       (0 0 1 2 0 0 1)              87.846
3266       (1 0 1 2 1 1 1)              87.850
3267       (1 0 3 1 2 1 2)              87.854
3268       (0 0 4 6 1 2 2)              87.840
3269       (1 0 2 3 2 1 2)              87.844
3270       (1 0 3 1 2 1 2)              87.843
3271       (1 0 3 1 2 1 2)              87.838
3272       (1 0 2 3 2 1 2)              87.842
3273       (0 0 4 5 2 1 1)              87.828
3274       (1 0 3 1 2 1 2)              87.831
3275       (1 0 1 2 1 1 1)              87.835
3276       (1 0 2 3 2 1 2)              87.839
3277       (1 0 2 3 2 1 2)              87.843
3278       (1 0 1 2 1 1 1)              87.846
3279       (1 0 2 3 2 1 2)              87.850
3280       (1 0 2 3 2 1 2)              87.845
3281       (0 0 1 2 1 1 1)              87.844
3282       (1 0 2 3 1 2 1)              87.826
3283       (1 0 2 3 1 2 1)              87.830
3284       (1 0 2 3 2 1 2)              87.834
3285       (1 0 2 3 2 1 2)              87.837
3286       (1 0 3 1 2 1 2)              87.841
3287       (1 0 1 2 1 1 1)              87.845
3288       (1 0 2 3 2 1 2)              87.849
3289       (1 0 1 2 1 1 1)              87.852
3290       (1 0 2 3 2 1 2)              87.856
3291       (1 0 2 3 2 1 2)              87.860
3292       (1 0 2 3 2 1 2)              87.863
3293       (1 0 2 3 2 1 2)              87.867
3294       (1 0 2 3 2 1 2)              87.871
3295       (1 0 2 3 1 1 1)              87.870
3296       (1 0 1 2 1 1 1)              87.874
3297       (1 0 1 2 1 2 1)              87.873
3298       (1 0 3 1 2 1 2)              87.860
3299       (1 0 2 3 2 1 2)              87.863
3300       (1 0 3 1 2 1 2)              87.867
3301       (1 0 2 3 2 1 2)              87.871
3302       (1 0 1 2 1 1 1)              87.874
3303       (1 0 0 0 2 2 1)              87.878
3304       (1 0 2 3 2 1 2)              87.882
3305       (1 0 4 5 2 2 2)              87.872
3306       (1 0 3 1 2 1 2)              87.876
3307       (1 0 1 2 1 1 1)              87.880
3308       (1 0 1 2 1 1 1)              87.883
3309       (1 0 1 2 1 1 1)              87.887
3310       (1 0 1 2 1 1 1)              87.891
3311       (1 0 2 3 2 1 2)              87.890
3312       (0 0 4 5 2 2 1)              87.881
3313       (1 0 2 3 2 1 2)              87.876
3314       (1 0 1 2 1 1 1)              87.879
3315       (1 0 1 2 1 2 1)              87.879
3316       (1 0 3 1 2 1 2)              87.874
3317       (1 0 3 1 2 1 2)              87.877
3318       (1 0 2 3 2 1 2)              87.877
3319       (1 0 3 1 2 1 2)              87.876
3320       (1 0 0 0 2 2 1)              87.880
3321       (1 0 3 1 2 1 2)              87.884
3322       (1 0 2 3 2 1 2)              87.887
3323       (1 0 2 3 2 1 2)              87.891
3324       (1 0 2 3 2 1 2)              87.890
3325       (1 0 2 3 2 1 2)              87.894
3326       (1 0 2 3 2 1 2)              87.897
3327       (1 0 2 3 2 1 2)              87.901
3328       (1 0 2 3 2 1 2)              87.896
3329       (1 0 3 1 2 1 2)              87.896
3330       (1 0 2 3 2 1 2)              87.895
3331       (1 0 2 3 2 1 2)              87.886
3332       (1 0 1 2 1 2 1)              87.885
3333       (1 0 3 1 2 1 2)              87.889
3334       (1 0 2 3 2 1 2)              87.892
3335       (1 0 1 2 1 1 1)              87.896
3336       (1 0 2 3 2 2 1)              87.900
3337       (1 0 3 1 2 1 2)              87.903
3338       (1 0 2 3 2 1 2)              87.907
3339       (1 0 2 3 2 1 2)              87.910
3340       (1 0 2 3 2 1 2)              87.905
3341       (1 0 1 2 1 2 1)              87.905
3342       (1 0 2 3 2 1 2)              87.904
3343       (1 0 1 2 1 1 1)              87.891
3344       (1 0 3 1 2 1 2)              87.894
3345       (1 0 2 3 2 1 2)              87.898
3346       (1 0 2 3 2 1 2)              87.893
3347       (1 0 2 3 2 1 2)              87.897
3348       (1 0 3 1 2 1 2)              87.896
3349       (1 0 2 3 2 1 2)              87.900
3350       (1 0 1 2 1 1 1)              87.903
3351       (1 0 2 3 2 1 2)              87.907
3352       (1 0 2 3 1 2 1)              87.910
3353       (1 0 2 3 2 1 2)              87.914
3354       (1 0 1 2 1 2 1)              87.909
3355       (1 0 3 1 2 1 2)              87.908
3356       (1 0 2 3 2 1 2)              87.912
3357       (1 0 2 3 2 1 2)              87.916
3358       (1 0 2 3 2 1 2)              87.919
3359       (1 0 1 2 2 2 1)              87.919
3360       (1 0 3 1 2 1 2)              87.922
3361       (1 0 2 3 1 1 1)              87.922
3362       (1 0 3 1 2 1 2)              87.921
3363       (1 0 1 2 1 1 1)              87.925
3364       (1 0 3 1 2 1 2)              87.928
3365       (1 0 2 3 2 1 2)              87.932
3366       (1 0 3 1 2 1 2)              87.935
3367       (1 0 2 3 2 1 2)              87.935
3368       (1 0 2 3 2 1 2)              87.938
3369       (1 0 2 3 2 1 2)              87.942
3370       (0 0 1 2 0 0 1)              87.941
3371       (1 0 3 1 2 1 2)              87.945
3372       (1 0 2 3 2 1 2)              87.944
3373       (1 0 2 3 2 1 2)              87.948
3374       (1 0 3 1 2 1 2)              87.951
3375       (1 0 2 3 2 1 2)              87.955
3376       (1 0 3 1 2 1 2)              87.959
3377       (1 0 2 3 2 1 2)              87.962
3378       (1 0 0 0 1 2 0)              87.966
3379       (1 0 3 1 2 1 2)              87.965
3380       (1 0 2 3 2 1 2)              87.960
3381       (1 0 2 3 2 1 2)              87.964
3382       (1 0 2 3 2 1 2)              87.967
3383       (1 0 2 3 2 1 2)              87.971
3384       (1 0 2 3 2 1 2)              87.974
3385       (1 0 1 2 1 2 1)              87.974
3386       (1 0 2 3 2 1 2)              87.977
3387       (1 0 2 3 2 1 2)              87.981
3388       (1 0 2 3 2 1 2)              87.984
3389       (1 0 2 3 2 1 2)              87.988
3390       (1 0 2 3 1 2 1)              87.992
3391       (1 0 2 3 2 1 2)              87.995
3392       (1 0 2 3 2 1 2)              87.999
3393       (1 0 2 3 2 1 2)              88.002
3394       (1 0 2 3 2 1 2)              88.006
3395       (0 0 2 3 1 2 1)              87.992
3396       (1 0 2 3 2 1 2)              87.996
3397       (1 0 1 2 0 0 1)              87.999
3398       (1 0 1 2 1 1 1)              88.003
3399       (1 0 1 2 1 1 1)              87.998
3400       (1 0 3 1 2 1 2)              88.002
3401       (1 0 2 3 2 1 2)              88.005
3402       (1 0 2 3 1 2 1)              88.009
3403       (1 0 2 3 2 1 2)              88.012
3404       (1 0 2 3 2 1 2)              88.003
3405       (1 0 3 1 2 1 2)              87.998
3406       (1 0 3 1 2 1 2)              88.002
3407       (1 0 3 1 2 1 2)              88.005
3408       (1 0 2 3 2 1 2)              88.009
3409       (1 0 2 3 2 1 1)              88.000
3410       (1 0 1 2 1 1 1)              88.003
3411       (1 0 2 3 2 1 2)              88.007
3412       (1 0 2 3 2 1 2)              88.010
3413       (1 0 3 1 2 1 2)              88.014
3414       (1 0 3 1 2 1 2)              88.009
3415       (1 0 3 1 2 1 2)              87.996
3416       (1 0 2 3 2 1 2)              87.999
3417       (1 0 1 2 1 2 1)              87.999
3418       (1 0 2 3 2 1 2)              88.002
3419       (1 0 2 3 2 1 2)              88.006
3420       (1 0 3 1 2 1 2)              88.001
3421       (1 0 2 3 2 1 2)              88.004
3422       (1 0 2 3 1 1 1)              88.008
3423       (1 0 2 3 2 1 2)              88.011
3424       (1 0 3 1 2 1 2)              88.015
3425       (1 0 1 2 1 2 1)              88.010
3426       (1 0 1 2 1 1 1)              88.014
3427       (1 0 2 3 1 2 1)              88.013
3428       (1 0 2 3 2 1 2)              88.008
3429       (0 0 4 3 2 1 1)              87.995
3430       (1 0 2 3 2 1 2)              87.998
3431       (1 0 2 3 2 1 2)              87.993
3432       (0 0 1 2 1 1 1)              87.993
3433       (1 0 1 2 1 1 1)              87.996
3434       (1 0 1 2 1 1 1)              88.000
3435       (1 0 2 3 2 1 2)              88.003
3436       (1 0 2 3 2 1 2)              88.007
3437       (1 0 2 3 2 1 2)              88.010
3438       (1 0 2 3 2 1 2)              88.014
3439       (1 0 3 1 2 1 2)              88.017
3440       (1 0 2 3 2 1 2)              88.021
3441       (1 0 2 3 2 1 2)              88.024
3442       (1 0 3 1 2 1 2)              88.024
3443       (1 0 1 2 1 2 1)              88.015
3444       (1 0 1 2 1 2 1)              88.014
3445       (1 0 2 3 2 1 2)              88.009
3446       (1 0 1 2 1 1 1)              88.013
3447       (1 0 2 3 2 1 2)              88.016
3448       (1 0 1 2 1 1 1)              88.020
3449       (1 0 2 3 2 1 2)              88.023
3450       (1 0 3 1 2 1 2)              88.027
3451       (1 0 3 1 2 1 2)              88.030
3452       (1 0 2 3 1 1 1)              88.029
3453       (1 0 1 2 1 1 1)              88.020
3454       (1 0 3 1 2 1 2)              88.007
3455       (1 0 2 3 2 1 2)              88.011
3456       (0 0 1 2 1 1 1)              88.010
3457       (1 0 2 3 2 1 2)              88.014
3458       (1 0 3 1 2 1 2)              88.017
3459       (1 0 2 3 2 1 2)              88.012
3460       (1 0 1 2 1 1 1)              88.016
3461       (1 0 2 3 2 1 2)              88.019
3462       (1 0 2 3 2 1 2)              88.023
3463       (1 0 2 3 2 1 1)              88.014
3464       (1 0 3 1 2 1 2)              88.017
3465       (1 0 1 2 1 1 1)              88.000
3466       (1 0 2 3 2 1 2)              87.991
3467       (1 0 2 3 2 1 2)              87.986
3468       (1 0 2 3 2 1 2)              87.981
3469       (0 0 2 3 1 2 1)              87.981
3470       (1 0 3 1 2 1 1)              87.980
3471       (1 0 3 1 2 1 2)              87.984
3472       (1 0 2 3 2 1 2)              87.987
3473       (1 0 3 1 2 1 2)              87.978
3474       (1 0 3 1 2 1 2)              87.982
3475       (1 0 2 3 2 1 2)              87.977
3476       (1 0 1 2 1 1 1)              87.980
3477       (1 0 3 1 2 1 2)              87.984
3478       (1 0 0 0 1 2 0)              87.987
3479       (1 0 3 1 2 1 2)              87.991
3480       (1 0 2 3 2 1 1)              87.982
3481       (1 0 2 3 2 1 2)              87.985
3482       (1 0 3 1 2 1 2)              87.985
3483       (1 0 2 3 2 1 2)              87.988
3484       (1 0 3 1 2 1 2)              87.983
3485       (1 0 3 1 2 1 2)              87.987
3486       (1 0 3 1 2 1 1)              87.986
3487       (1 0 2 3 2 1 1)              87.986
3488       (1 0 2 3 2 1 2)              87.981
3489       (1 0 2 3 2 1 2)              87.984
3490       (1 0 3 1 1 2 1)              87.988
3491       (1 0 3 1 2 1 2)              87.991
3492       (1 0 3 1 2 1 2)              87.995
3493       (1 0 1 2 1 1 1)              87.998
3494       (0 0 4 5 2 1 1)              87.985
3495       (1 0 2 3 2 1 2)              87.989
3496       (1 0 2 3 2 1 2)              87.992
3497       (1 0 2 3 2 1 1)              87.991
3498       (1 0 2 3 2 1 2)              87.995
3499       (1 0 3 1 2 1 2)              87.978
3500       (1 0 1 2 1 1 1)              87.981
3501       (1 0 0 0 1 2 0)              87.985
3502       (1 0 1 2 1 1 1)              87.988
3503       (1 0 1 2 1 1 1)              87.991
3504       (1 0 3 1 2 1 2)              87.995
3505       (1 0 2 3 2 1 2)              87.998
3506       (1 0 2 3 2 1 2)              88.002
3507       (1 0 1 2 1 1 1)              88.005
3508       (1 0 3 1 2 1 2)              88.000
3509       (1 0 3 1 2 1 2)              87.992
3510       (1 0 2 3 2 1 1)              87.983
3511       (1 0 2 3 2 1 2)              87.978
3512       (1 0 2 3 2 1 2)              87.982
3513       (0 0 4 6 0 0 1)              87.969
3514       (1 0 1 2 1 1 1)              87.972
3515       (1 0 2 3 2 1 2)              87.976
3516       (1 0 3 1 2 1 2)              87.979
3517       (1 0 2 3 2 1 2)              87.982
3518       (1 0 3 1 2 1 2)              87.986
3519       (1 0 2 3 2 1 2)              87.989
3520       (1 0 2 3 2 1 2)              87.985
3521       (0 0 4 3 1 1 1)              87.980
3522       (1 0 2 3 2 1 2)              87.975
3523       (1 0 2 3 2 1 2)              87.978
3524       (1 0 3 1 2 1 2)              87.966
3525       (1 0 2 3 2 1 2)              87.969
3526       (1 0 2 3 2 1 2)              87.972
3527       (1 0 3 1 2 1 2)              87.972
3528       (1 0 2 3 2 1 2)              87.975
3529       (1 0 2 3 2 1 2)              87.979
3530       (1 0 1 2 1 2 1)              87.970
3531       (1 0 2 3 2 1 2)              87.973
3532       (1 0 3 1 2 1 2)              87.977
3533       (1 0 1 2 2 2 1)              87.976
3534       (1 0 2 3 2 1 2)              87.980
3535       (1 0 1 2 1 2 1)              87.979
3536       (1 0 2 3 1 2 1)              87.978
3537       (1 0 3 1 2 1 2)              87.961
3538       (1 0 1 2 1 1 1)              87.965
3539       (1 0 3 1 2 1 2)              87.968
3540       (1 0 3 1 2 1 2)              87.968
3541       (1 0 1 2 1 1 1)              87.971
3542       (1 0 1 2 1 1 1)              87.974
3543       (1 0 2 3 2 1 2)              87.978
3544       (1 0 2 3 2 1 2)              87.981
3545       (1 0 2 3 2 1 2)              87.985
3546       (1 0 2 3 2 1 2)              87.988
3547       (1 0 2 3 2 1 2)              87.991
3548       (1 0 2 3 2 1 2)              87.995
3549       (1 0 1 2 1 1 1)              87.998
3550       (1 0 2 3 2 1 2)              88.002
3551       (1 0 2 3 2 1 2)              88.005
3552       (1 0 2 3 2 1 2)              88.008
3553       (1 0 2 3 2 1 2)              88.008
3554       (1 0 2 3 2 1 2)              88.011
3555       (1 0 2 3 2 1 2)              88.015
3556       (1 0 1 2 1 1 1)              88.018
3557       (1 0 3 1 2 1 2)              88.021
3558       (1 0 2 3 2 1 2)              88.025
3559       (1 0 1 2 1 1 1)              88.020
3560       (1 0 1 2 1 2 1)              88.015
3561       (1 0 2 3 2 1 2)              88.019
3562       (1 0 3 1 2 1 2)              88.022
3563       (1 0 3 1 2 1 2)              88.025
3564       (1 0 2 3 2 1 2)              88.025
3565       (1 0 1 2 1 1 1)              88.028
3566       (1 0 1 2 1 2 1)              88.028
3567       (0 0 4 5 2 2 1)              88.011
3568       (1 0 2 3 1 2 1)              88.014
3569       (1 0 2 3 2 1 2)              88.009
3570       (1 0 2 3 2 1 2)              88.005
3571       (1 0 2 3 2 1 2)              88.004
3572       (1 0 3 1 2 1 2)              88.004
3573       (1 0 2 3 2 1 2)              88.007
3574       (1 0 2 3 2 2 1)              88.010
3575       (1 0 3 1 2 1 2)              88.006
3576       (1 0 2 3 2 1 2)              88.009
3577       (1 0 2 3 2 1 2)              88.012
3578       (0 0 4 2 2 2 1)              88.000
3579       (0 0 1 2 0 0 1)              87.999
3580       (1 0 1 2 1 1 1)              88.002
3581       (1 0 2 3 2 1 2)              88.002
3582       (1 0 1 2 1 1 1)              88.005
3583       (1 0 2 3 2 1 2)              88.000
3584       (1 0 2 3 2 1 2)              88.004
3585       (1 0 2 3 2 1 2)              87.999
3586       (1 0 3 1 2 1 2)              88.003
3587       (1 0 2 3 2 1 2)              88.006
3588       (1 0 2 3 1 2 1)              88.009
3589       (1 0 2 3 2 1 2)              88.013
3590       (1 0 3 1 2 1 2)              88.016
3591       (1 0 2 3 2 1 2)              88.019
3592       (1 0 3 1 2 1 2)              88.003
3593       (1 0 3 1 2 1 2)              88.006
3594       (1 0 2 3 2 1 2)              88.009
3595       (1 0 3 1 2 1 2)              88.013
3596       (1 0 1 2 1 1 1)              88.016
3597       (1 0 2 3 1 2 1)              88.007
3598       (1 0 2 3 2 1 2)              88.011
3599       (1 0 2 3 2 1 2)              88.014
3600       (1 0 1 2 1 1 1)              88.006
3601       (1 0 3 1 2 1 2)              87.997
3602       (1 0 1 2 1 1 1)              88.000
3603       (1 0 2 3 2 1 2)              88.004
3604       (1 0 2 3 2 1 2)              88.007
3605       (1 0 3 1 2 1 2)              88.006
3606       (1 0 1 2 1 1 1)              88.010
3607       (1 0 2 3 2 1 1)              88.001
3608       (1 0 3 1 2 1 2)              87.997
3609       (0 0 1 2 2 2 1)              87.988
3610       (1 0 2 3 2 1 2)              87.991
3611       (0 0 4 5 2 2 1)              87.975
3612       (1 0 2 3 2 1 2)              87.978
3613       (1 0 2 3 2 1 2)              87.981
3614       (1 0 1 2 1 1 1)              87.985
3615       (1 0 2 3 2 1 2)              87.980
3616       (1 0 3 1 2 1 2)              87.983
3617       (1 0 2 3 2 1 2)              87.987
3618       (1 0 2 3 1 2 1)              87.990
3619       (1 0 2 3 2 1 2)              87.993
3620       (1 0 3 1 2 1 2)              87.997
3621       (1 0 2 3 2 1 2)              88.000
3622       (1 0 3 1 2 1 2)              88.003
3623       (0 0 1 2 1 1 1)              88.003
3624       (1 0 2 3 2 1 2)              88.006
3625       (1 0 2 3 2 1 2)              88.009
3626       (1 0 1 2 1 2 1)              87.993
3627       (1 0 3 1 2 1 2)              87.996
3628       (1 0 2 3 2 1 2)              88.000
3629       (1 0 3 1 2 1 2)              87.995
3630       (0 0 1 2 1 1 1)              87.994
3631       (1 0 3 1 2 1 2)              87.998
3632       (1 0 3 1 2 1 2)              88.001
3633       (1 0 1 2 2 2 1)              88.004
3634       (1 0 4 5 2 2 2)              87.996
3635       (1 0 3 1 2 1 2)              87.991
3636       (1 0 1 2 0 0 1)              87.995
3637       (1 0 1 2 1 1 1)              87.998
3638       (1 0 2 3 2 1 2)              88.001
3639       (1 0 2 3 1 2 1)              88.005
3640       (1 0 2 3 1 1 1)              88.008
3641       (1 0 2 3 2 1 2)              88.011
3642       (1 0 2 3 2 1 2)              88.007
3643       (1 0 2 3 2 1 2)              88.010
3644       (1 0 3 1 2 1 2)              88.009
3645       (1 0 2 3 2 1 2)              88.013
3646       (0 0 2 3 1 2 1)              88.000
3647       (1 0 1 2 1 1 1)              88.003
3648       (1 0 2 3 2 1 2)              88.007
3649       (1 0 1 2 1 1 1)              88.010
3650       (1 0 1 2 1 1 1)              88.013
3651       (1 0 2 3 2 1 2)              88.017
3652       (1 0 3 1 2 1 2)              88.016
3653       (1 0 2 3 2 1 2)              88.019
3654       (1 0 3 1 2 1 2)              88.023
3655       (1 0 2 3 2 1 2)              88.026
3656       (1 0 1 2 1 1 1)              88.029
3657       (1 0 2 3 2 1 2)              88.025
3658       (0 0 1 2 1 1 1)              88.012
3659       (1 0 2 3 2 1 2)              88.016
3660       (1 0 2 3 1 2 1)              88.019
3661       (0 0 4 5 2 1 1)              88.006
3662       (1 0 2 3 2 1 2)              88.010
3663       (1 0 2 3 2 2 1)              88.009
3664       (1 0 1 2 1 1 1)              88.005
3665       (1 0 1 2 1 1 1)              88.008
3666       (1 0 2 3 2 1 2)              88.011
3667       (0 0 4 6 0 0 1)              87.995
3668       (1 0 2 3 1 2 1)              87.998
3669       (1 0 2 3 2 1 2)              88.001
3670       (1 0 4 5 2 2 2)              87.993
3671       (1 0 1 2 1 1 1)              87.996
3672       (1 0 2 3 2 1 2)              87.992
3673       (1 0 2 3 2 1 2)              87.991
3674       (1 0 3 1 2 1 2)              87.994
3675       (1 0 2 3 2 1 2)              87.990
3676       (1 0 2 3 2 1 2)              87.993
3677       (1 0 3 1 2 1 2)              87.996
3678       (1 0 1 2 1 2 1)              87.980
3679       (1 0 2 3 2 1 1)              87.972
3680       (1 0 2 3 2 1 2)              87.975
3681       (1 0 1 2 1 1 1)              87.978
3682       (1 0 3 1 2 1 2)              87.982
3683       (1 0 1 2 1 1 1)              87.985
3684       (1 0 3 1 2 1 2)              87.988
3685       (1 0 0 0 1 2 0)              87.991
3686       (1 0 2 3 2 1 2)              87.995
3687       (1 0 1 2 1 1 1)              87.998
3688       (1 0 1 2 1 1 1)              88.001
3689       (1 0 1 2 1 2 1)              88.001
3690       (1 0 3 1 2 1 2)              88.004
3691       (1 0 1 2 1 1 1)              88.007
3692       (1 0 2 3 2 1 2)              88.010
3693       (1 0 2 3 2 1 2)              88.002
3694       (1 0 3 1 2 1 1)              88.001
3695       (1 0 2 3 2 1 2)              88.005
3696       (1 0 2 3 2 1 2)              88.008
3697       (1 0 2 3 2 1 2)              88.007
3698       (1 0 2 3 2 1 2)              88.011
3699       (1 0 2 3 2 1 2)              88.014
3700       (1 0 1 2 0 0 1)              88.017
3701       (1 0 3 1 2 1 2)              88.020
3702       (1 0 3 1 2 1 2)              88.008
3703       (1 0 2 3 2 1 2)              88.011
3704       (1 0 3 1 2 1 2)              88.011
3705       (1 0 2 3 2 1 2)              88.014
3706       (1 0 1 2 1 1 1)              88.017
3707       (0 0 4 6 1 1 1)              88.009
3708       (1 0 2 3 2 1 1)              88.008
3709       (0 0 4 6 1 2 1)              87.996
3710       (1 0 1 2 1 1 1)              87.999
3711       (1 0 2 3 2 1 2)              88.002
3712       (1 0 1 2 1 1 1)              88.006
3713       (1 0 2 3 2 1 2)              88.009
3714       (1 0 2 3 2 1 2)              88.012
3715       (1 0 2 3 2 1 2)              88.015
3716       (1 0 2 3 2 1 2)              88.019
3717       (1 0 2 3 2 1 2)              88.022
3718       (1 0 2 3 2 1 2)              88.025
3719       (1 0 3 1 2 1 2)              88.028
3720       (1 0 3 1 2 1 2)              88.012
3721       (1 0 2 3 2 1 2)              88.008
3722       (1 0 2 3 1 1 1)              88.007
3723       (1 0 3 1 2 1 2)              88.010
3724       (1 0 3 1 2 1 2)              87.998
3725       (1 0 0 0 1 2 0)              88.002
3726       (1 0 2 3 2 1 2)              88.005
3727       (1 0 3 1 2 1 2)              88.000
3728       (0 0 1 2 1 1 1)              87.992
3729       (1 0 2 3 2 1 2)              87.995
3730       (0 0 1 2 1 1 1)              87.995
3731       (1 0 1 2 1 2 1)              87.994
3732       (1 0 2 3 2 1 1)              87.986
3733       (1 0 3 1 2 1 2)              87.985
3734       (1 0 3 1 2 1 2)              87.988
3735       (1 0 2 3 2 1 2)              87.984
3736       (1 0 3 1 2 1 2)              87.979
3737       (1 0 3 1 2 1 2)              87.983
3738       (1 0 3 1 2 1 2)              87.986
3739       (1 0 2 3 2 1 2)              87.989
3740       (0 0 1 2 1 1 1)              87.977
3741       (1 0 1 2 1 1 1)              87.980
3742       (1 0 2 3 2 1 2)              87.983
3743       (0 0 4 6 1 1 1)              87.975
3744       (1 0 3 1 2 1 2)              87.971
3745       (1 0 1 2 1 1 1)              87.974
3746       (1 0 2 3 1 2 1)              87.977
3747       (0 0 0 4 0 1 0)              87.961
3748       (1 0 3 1 2 1 2)              87.964
3749       (1 0 2 3 2 1 2)              87.960
3750       (1 0 2 3 2 1 2)              87.963
3751       (1 0 2 3 2 1 2)              87.967
3752       (1 0 2 3 2 1 2)              87.962
3753       (1 0 2 3 2 1 1)              87.954
3754       (1 0 1 2 2 2 1)              87.957
3755       (1 0 2 3 2 1 2)              87.960
3756       (1 0 2 3 1 2 1)              87.963
3757       (1 0 3 1 2 1 2)              87.967
3758       (1 0 2 3 2 1 2)              87.970
3759       (1 0 2 3 2 1 2)              87.973
3760       (1 0 2 3 2 1 2)              87.969
3761       (1 0 1 2 1 1 1)              87.960
3762       (1 0 2 3 2 1 2)              87.964
3763       (0 0 2 3 1 2 1)              87.952
3764       (1 0 2 3 2 1 2)              87.955
3765       (1 0 0 0 1 2 0)              87.958
3766       (1 0 3 1 2 1 2)              87.954
3767       (1 0 2 3 2 1 2)              87.957
3768       (1 0 3 1 2 1 2)              87.960
3769       (1 0 3 1 2 1 2)              87.963
3770       (1 0 1 2 1 1 1)              87.967
3771       (1 0 2 3 2 1 2)              87.970
3772       (1 0 3 1 2 1 2)              87.973
3773       (1 0 2 3 2 1 2)              87.976
3774       (1 0 2 3 2 1 2)              87.976
3775       (1 0 2 3 2 1 2)              87.979
3776       (1 0 2 3 2 1 2)              87.982
3777       (1 0 2 3 2 1 2)              87.978
3778       (1 0 1 2 1 1 1)              87.981
3779       (1 0 1 2 1 1 1)              87.984
3780       (1 0 3 1 2 1 2)              87.972
3781       (1 0 3 1 2 1 2)              87.971
3782       (1 0 3 1 2 1 2)              87.967
3783       (1 0 2 3 1 2 1)              87.966
3784       (1 0 2 3 2 1 2)              87.962
3785       (1 0 1 2 1 1 1)              87.954
3786       (1 0 2 3 2 1 2)              87.957
3787       (0 0 1 2 1 1 1)              87.956
3788       (1 0 1 2 1 1 1)              87.960
3789       (1 0 1 2 1 1 1)              87.963
3790       (1 0 2 3 2 1 2)              87.966
3791       (1 0 1 2 1 2 1)              87.965
3792       (1 0 3 1 2 1 2)              87.969
3793       (1 0 3 1 1 1 1)              87.972
3794       (1 0 1 2 1 1 1)              87.975
3795       (1 0 1 2 1 1 1)              87.978
3796       (1 0 2 3 2 1 2)              87.981
3797       (1 0 1 2 2 2 1)              87.981
3798       (1 0 1 2 2 2 1)              87.984
3799       (1 0 3 1 2 1 2)              87.987
3800       (1 0 2 3 2 1 2)              87.983
3801       (1 0 2 3 2 1 2)              87.986
3802       (1 0 2 3 2 1 2)              87.989
3803       (1 0 3 1 2 1 2)              87.985
3804       (1 0 2 3 2 1 2)              87.988
3805       (1 0 1 2 1 2 1)              87.983
3806       (1 0 1 2 1 1 1)              87.987
3807       (1 0 3 1 2 1 2)              87.990
3808       (1 0 3 1 2 1 2)              87.989
3809       (1 0 2 3 2 1 2)              87.992
3810       (1 0 1 2 1 2 1)              87.992
3811       (1 0 2 3 2 1 2)              87.991
3812       (1 0 1 2 1 2 1)              87.991
3813       (1 0 2 3 2 1 2)              87.994
3814       (1 0 1 2 1 1 1)              87.997
3815       (1 0 3 1 2 1 2)              88.000
3816       (1 0 2 3 2 1 1)              87.988
3817       (1 0 2 3 2 1 2)              87.988
3818       (1 0 2 3 2 1 2)              87.987
3819       (1 0 3 1 2 1 2)              87.990
3820       (1 0 2 3 2 1 2)              87.993
3821       (1 0 2 3 2 1 2)              87.993
3822       (0 0 1 2 1 1 1)              87.992
3823       (1 0 2 3 2 1 2)              87.995
3824       (1 0 2 3 1 2 1)              87.995
3825       (1 0 1 2 1 2 1)              87.990
3826       (1 0 1 2 1 1 1)              87.993
3827       (1 0 2 3 2 1 2)              87.997
3828       (1 0 1 2 1 1 1)              88.000
3829       (1 0 3 1 2 1 2)              87.995
3830       (1 0 2 3 2 1 2)              87.991
3831       (1 0 3 1 2 1 2)              87.994
3832       (1 0 3 1 2 1 2)              87.997
3833       (1 0 2 3 2 1 2)              88.000
3834       (1 0 2 3 2 1 2)              88.004
3835       (1 0 2 3 1 2 1)              88.007
3836       (1 0 3 1 2 1 2)              88.006
3837       (1 0 2 3 2 1 2)              88.006
3838       (1 0 1 2 1 1 1)              88.009
3839       (1 0 3 1 2 1 2)              87.993
3840       (1 0 2 3 1 1 1)              87.996
3841       (1 0 2 3 2 1 2)              87.999
3842       (1 0 3 1 2 1 2)              87.999
3843       (1 0 2 3 2 1 2)              88.002
3844       (1 0 3 1 2 1 2)              88.005
3845       (1 0 2 3 2 1 2)              88.008
3846       (1 0 3 1 2 1 2)              88.004
3847       (1 0 1 2 1 1 1)              88.007
3848       (1 0 1 2 1 2 1)              88.006
3849       (1 0 2 3 2 1 2)              88.010
3850       (1 0 2 3 2 1 2)              88.013
3851       (1 0 1 2 1 1 1)              88.016
3852       (1 0 2 3 2 1 2)              88.008
3853       (1 0 3 1 2 1 2)              88.007
3854       (1 0 1 2 1 1 1)              88.010
3855       (1 0 3 1 2 1 2)              88.006
3856       (1 0 2 3 2 1 2)              88.009
3857       (1 0 2 3 2 1 2)              88.012
3858       (1 0 2 3 2 1 2)              88.015
3859       (1 0 2 3 2 1 2)              88.018
3860       (1 0 0 0 1 2 0)              88.022
3861       (0 0 2 3 1 2 1)              88.021
3862       (1 0 1 2 1 1 1)              88.024
3863       (1 0 2 3 2 1 2)              88.027
3864       (0 0 1 2 1 2 1)              88.023
3865       (0 0 2 3 1 2 1)              88.022
3866       (1 0 2 3 2 1 2)              88.025
3867       (1 0 1 2 1 1 1)              88.028
3868       (1 0 2 3 2 1 2)              88.032
3869       (1 0 1 2 1 2 1)              88.035
3870       (1 0 2 3 1 2 1)              88.038
3871       (1 0 3 1 2 1 2)              88.041
3872       (1 0 2 3 2 1 2)              88.044
3873       (1 0 3 1 2 1 2)              88.043
3874       (1 0 3 1 2 1 2)              88.046
3875       (1 0 3 1 2 1 2)              88.050
3876       (1 0 2 3 2 1 2)              88.053
3877       (1 0 3 1 2 1 2)              88.052
3878       (1 0 3 1 2 1 2)              88.037
3879       (1 0 1 2 1 1 1)              88.040
3880       (1 0 1 2 1 1 1)              88.043
3881       (1 0 2 3 2 1 2)              88.039
3882       (1 0 2 3 2 1 2)              88.042
3883       (1 0 2 3 2 1 2)              88.045
3884       (1 0 3 1 2 1 2)              88.037
3885       (1 0 3 1 2 1 2)              88.032
3886       (1 0 3 1 1 1 1)              88.028
3887       (1 0 1 2 1 1 1)              88.031
3888       (1 0 0 0 1 2 0)              88.034
3889       (1 0 3 1 2 1 2)              88.030
3890       (1 0 3 1 2 1 2)              88.022
3891       (1 0 2 3 2 1 2)              88.018
3892       (1 0 3 1 2 1 2)              88.021
3893       (1 0 2 3 2 1 2)              88.024
3894       (1 0 2 3 2 1 2)              88.027
3895       (1 0 2 3 1 2 1)              88.030
3896       (1 0 2 3 2 1 1)              88.022
3897       (1 0 2 3 2 1 2)              88.025
3898       (1 0 2 3 2 1 2)              88.028
3899       (1 0 2 3 1 1 2)              88.028
3900       (1 0 2 3 1 2 1)              88.031
3901       (1 0 2 3 2 1 2)              88.034
3902       (1 0 3 1 2 1 2)              88.037
3903       (1 0 1 2 1 1 1)              88.040
3904       (1 0 2 3 2 1 2)              88.036
3905       (1 0 2 3 2 1 2)              88.032
3906       (1 0 2 3 2 1 2)              88.035
3907       (1 0 2 3 2 1 2)              88.038
3908       (1 0 2 3 2 1 2)              88.041
3909       (1 0 1 2 1 2 1)              88.044
3910       (1 0 3 1 2 1 2)              88.047
3911       (1 0 2 3 2 1 2)              88.050
3912       (1 0 3 1 2 1 2)              88.038
3913       (1 0 2 3 2 1 2)              88.041
3914       (1 0 2 3 1 2 1)              88.041
3915       (1 0 2 3 2 1 2)              88.044
3916       (1 0 3 1 2 1 2)              88.047
3917       (1 0 3 1 2 1 2)              88.050
3918       (1 0 2 3 2 1 2)              88.053
3919       (1 0 3 1 2 1 2)              88.053
3920       (1 0 1 2 1 2 1)              88.048
3921       (0 0 1 2 1 1 1)              88.048
3922       (1 0 1 2 1 1 1)              88.040
3923       (1 0 1 2 0 0 1)              88.043
3924       (1 0 1 2 1 1 1)              88.046
3925       (1 0 2 3 2 1 2)              88.049
3926       (1 0 3 1 2 1 2)              88.052
3927       (1 0 2 3 2 1 2)              88.044
3928       (1 0 2 3 2 1 2)              88.047
3929       (1 0 3 1 2 1 2)              88.050
3930       (1 0 2 3 2 1 2)              88.053
3931       (1 0 1 2 1 2 1)              88.049
3932       (1 0 1 2 1 2 0)              88.048
3933       (1 0 2 3 2 1 2)              88.051
3934       (1 0 1 2 1 1 1)              88.055
3935       (1 0 2 3 2 1 2)              88.039
3936       (1 0 1 2 1 1 1)              88.035
3937       (1 0 2 3 2 1 2)              88.038
3938       (1 0 2 3 2 1 2)              88.041
3939       (1 0 2 3 2 1 2)              88.044
3940       (1 0 2 3 1 2 1)              88.044
3941       (1 0 2 3 2 1 2)              88.047
3942       (1 0 2 3 2 1 2)              88.050
3943       (1 0 2 3 2 1 2)              88.053
3944       (1 0 2 3 2 1 2)              88.056
3945       (1 0 2 3 2 1 2)              88.059
3946       (1 0 2 3 2 1 2)              88.062
3947       (1 0 2 3 2 1 2)              88.065
3948       (1 0 2 3 2 1 2)              88.061
3949       (1 0 2 3 2 1 1)              88.053
3950       (1 0 3 1 2 1 2)              88.056
3951       (1 0 1 2 1 1 1)              88.059
3952       (1 0 3 1 2 1 2)              88.062
3953       (1 0 3 1 2 1 2)              88.065
3954       (1 0 3 1 2 1 2)              88.068
3955       (1 0 2 3 2 1 2)              88.071
3956       (1 0 3 1 2 1 2)              88.070
3957       (1 0 2 3 2 1 2)              88.073
3958       (1 0 2 3 2 1 2)              88.077
3959       (0 0 4 4 1 1 1)              88.065
3960       (1 0 2 3 2 1 2)              88.068
3961       (1 0 3 1 2 1 2)              88.067
3962       (1 0 1 2 1 2 1)              88.067
3963       (1 0 3 1 2 1 2)              88.070
3964       (1 0 3 1 2 1 2)              88.073
3965       (1 0 3 1 2 1 2)              88.076
3966       (1 0 3 1 2 1 2)              88.079
3967       (1 0 2 3 2 1 2)              88.082
3968       (1 0 3 1 2 1 2)              88.067
3969       (1 0 2 3 2 1 2)              88.070
3970       (1 0 3 1 2 1 2)              88.073
3971       (0 0 4 2 2 2 1)              88.058
3972       (1 0 2 3 2 1 2)              88.061
3973       (1 0 2 3 2 1 2)              88.064
3974       (1 0 2 3 2 1 2)              88.067
3975       (1 0 2 3 2 1 2)              88.070
3976       (1 0 3 1 2 1 2)              88.073
3977       (1 0 2 3 2 1 2)              88.076
3978       (1 0 2 3 2 1 1)              88.068
3979       (1 0 3 1 2 1 2)              88.053
3980       (1 0 2 3 2 1 2)              88.056
3981       (1 0 2 3 2 1 2)              88.059
3982       (1 0 3 1 2 1 2)              88.062
3983       (1 0 3 1 2 1 2)              88.065
3984       (1 0 1 2 1 1 1)              88.068
3985       (1 0 2 3 2 1 2)              88.071
3986       (1 0 0 0 2 2 1)              88.074
3987       (1 0 2 3 2 1 2)              88.077
3988       (1 0 1 2 1 2 1)              88.077
3989       (1 0 1 2 1 1 1)              88.080
3990       (0 0 1 2 0 0 1)              88.079
3991       (1 0 3 1 2 1 2)              88.064
3992       (1 0 3 1 2 1 1)              88.064
3993       (1 0 1 2 2 2 1)              88.059
3994       (1 0 2 3 2 1 2)              88.062
3995       (1 0 2 3 2 1 2)              88.065
3996       (0 0 4 6 0 0 1)              88.054
3997       (0 0 4 6 0 0 1)              88.039
3998       (1 0 3 1 2 1 2)              88.042
3999       (1 0 2 3 2 1 2)              88.045
4000       (1 0 1 2 1 1 1)              88.048
4001       (1 0 2 3 2 1 2)              88.044
4002       (1 0 2 3 2 1 2)              88.047
4003       (1 0 3 1 2 1 2)              88.050
4004       (1 0 2 3 2 1 2)              88.053
4005       (1 0 3 1 2 1 2)              88.056
4006       (1 0 2 3 2 1 2)              88.052
4007       (1 0 2 3 2 1 2)              88.055
4008       (1 0 3 1 2 1 2)              88.051
4009       (0 0 4 3 2 1 1)              88.039
4010       (1 0 3 1 2 1 2)              88.039
4011       (1 0 2 3 2 1 2)              88.042
4012       (1 0 1 2 1 1 1)              88.045
4013       (1 0 3 1 2 1 2)              88.040
4014       (1 0 4 5 2 2 2)              88.033
4015       (1 0 3 1 2 1 2)              88.036
4016       (1 0 2 3 2 1 2)              88.039
4017       (1 0 2 3 1 1 1)              88.042
4018       (1 0 1 2 1 1 1)              88.045
4019       (1 0 2 3 1 2 1)              88.048
4020       (1 0 3 1 2 1 2)              88.051
4021       (1 0 1 2 1 1 1)              88.054
4022       (1 0 2 3 2 1 2)              88.053
4023       (1 0 3 1 2 1 2)              88.056
4024       (0 0 1 2 0 0 1)              88.041
4025       (1 0 2 3 2 1 2)              88.044
4026       (1 0 2 3 2 1 2)              88.040
4027       (1 0 2 3 2 1 2)              88.043
4028       (1 0 2 3 2 1 2)              88.046
4029       (1 0 2 3 2 1 2)              88.049
4030       (1 0 2 3 1 2 1)              88.052
4031       (1 0 2 3 2 1 2)              88.055
4032       (1 0 2 3 2 1 2)              88.058
4033       (1 0 2 3 2 1 2)              88.061
4034       (1 0 3 1 2 1 2)              88.064
4035       (1 0 0 0 1 2 0)              88.067
4036       (1 0 1 2 1 2 1)              88.066
4037       (1 0 2 3 2 1 2)              88.069
4038       (1 0 2 3 2 1 2)              88.072
4039       (0 0 4 5 2 2 1)              88.057
4040       (1 0 2 3 2 1 2)              88.050
4041       (1 0 2 3 2 1 2)              88.053
4042       (1 0 2 3 2 1 2)              88.056
4043       (1 0 2 3 2 1 2)              88.051
4044       (1 0 1 2 1 1 1)              88.044
4045       (1 0 2 3 1 1 1)              88.043
4046       (1 0 2 3 2 1 2)              88.046
4047       (1 0 1 2 1 1 1)              88.049
4048       (1 0 1 2 1 1 1)              88.052
4049       (1 0 2 3 2 1 2)              88.048
4050       (1 0 2 3 2 1 2)              88.051
4051       (1 0 2 3 2 1 2)              88.054
4052       (1 0 2 3 2 1 2)              88.057
4053       (1 0 3 1 2 1 2)              88.060
4054       (1 0 2 3 2 1 1)              88.052
4055       (1 0 3 1 1 2 1)              88.055
4056       (1 0 3 1 2 1 2)              88.044
4057       (1 0 2 3 2 1 2)              88.047
4058       (1 0 2 3 2 1 2)              88.043
4059       (1 0 2 3 2 1 2)              88.046
4060       (1 0 1 2 1 2 1)              88.045
4061       (1 0 2 3 2 1 2)              88.045
4062       (1 0 2 3 2 1 2)              88.044
4063       (1 0 4 5 2 2 2)              88.036
4064       (1 0 1 2 1 1 1)              88.039
4065       (1 0 2 3 2 1 2)              88.035
4066       (1 0 3 1 2 1 2)              88.021
4067       (1 0 2 3 2 1 2)              88.016
4068       (1 0 2 3 2 1 2)              88.019
4069       (1 0 1 2 1 1 1)              88.022
4070       (1 0 2 3 2 1 2)              88.025
4071       (1 0 3 1 2 1 2)              88.028
4072       (1 0 2 3 2 1 2)              88.024
4073       (1 0 3 1 2 1 2)              88.013
4074       (1 0 3 1 2 1 2)              88.002
4075       (1 0 2 3 1 2 1)              88.005
4076       (1 0 2 3 2 1 2)              88.008
4077       (1 0 3 1 2 1 2)              88.007
4078       (1 0 3 1 2 1 2)              87.996
4079       (1 0 1 2 1 1 1)              87.999
4080       (1 0 2 3 2 1 2)              88.002
4081       (1 0 2 3 2 1 2)              88.002
4082       (1 0 2 3 2 1 2)              88.004
4083       (1 0 1 2 1 1 1)              88.007
4084       (1 0 2 3 2 1 2)              88.010
4085       (1 0 1 2 1 1 1)              88.013
4086       (1 0 2 3 2 1 2)              88.016
4087       (1 0 2 3 2 1 2)              88.012
4088       (1 0 1 2 1 1 1)              88.015
4089       (1 0 4 5 2 2 2)              88.008
4090       (1 0 3 1 2 1 2)              88.011
4091       (1 0 1 2 1 1 1)              87.999
4092       (1 0 1 2 1 2 1)              87.999
4093       (1 0 2 3 2 1 2)              88.002
4094       (1 0 2 3 2 1 2)              88.005
4095       (1 0 1 2 1 2 1)              88.004
4096       (1 0 2 3 2 1 2)              88.000
4097       (1 0 2 3 2 1 2)              88.003
4098       (1 0 2 3 2 1 2)              87.999
4099       (1 0 2 3 2 1 2)              87.995
4100       (1 0 3 1 2 1 2)              87.994
4101       (1 0 2 3 2 1 2)              87.997
4102       (1 0 3 1 2 1 2)              88.000
4103       (1 0 0 0 0 2 1)              88.003
4104       (0 0 1 2 1 1 1)              88.003
4105       (0 0 1 2 1 1 1)              87.992
4106       (1 0 2 3 2 1 2)              87.995
4107       (1 0 3 1 2 1 2)              87.997
4108       (1 0 2 3 2 1 2)              88.000
4109       (1 0 3 1 2 1 2)              87.996
4110       (1 0 1 2 1 1 1)              87.999
4111       (1 0 2 3 2 1 2)              87.999
4112       (1 0 2 3 2 1 2)              87.998
4113       (1 0 2 3 2 1 2)              88.001
4114       (1 0 2 3 1 2 1)              88.004
4115       (1 0 1 2 1 1 1)              88.007
4116       (1 0 2 3 2 1 2)              88.010
4117       (0 0 1 2 2 1 2)              87.999
4118       (1 0 2 3 2 1 2)              87.995
4119       (0 0 1 2 0 0 1)              87.994
4120       (1 0 2 3 1 1 1)              87.997
4121       (1 0 2 3 2 1 2)              87.993
4122       (1 0 4 5 2 2 2)              87.986
4123       (1 0 2 3 2 1 2)              87.989
4124       (1 0 2 3 2 1 2)              87.992
4125       (1 0 2 3 2 1 2)              87.987
4126       (1 0 3 1 2 1 2)              87.987
4127       (1 0 2 3 2 1 2)              87.990
4128       (1 0 2 3 2 1 2)              87.993
4129       (1 0 2 3 2 1 2)              87.996
4130       (1 0 3 1 2 1 2)              87.999
4131       (1 0 1 2 1 2 1)              87.991
4132       (1 0 3 1 2 1 2)              87.987
4133       (0 0 4 6 1 2 2)              87.976
4134       (1 0 3 1 2 1 2)              87.979
4135       (1 0 3 1 2 1 2)              87.979
4136       (1 0 3 1 2 1 2)              87.981
4137       (1 0 2 3 2 1 2)              87.984
4138       (1 0 3 1 2 1 2)              87.980
4139       (1 0 2 3 2 1 2)              87.976
4140       (1 0 2 3 2 1 2)              87.979
4141       (1 0 2 3 2 1 1)              87.972
4142       (1 0 1 2 1 1 1)              87.975
4143       (1 0 4 5 2 2 2)              87.967
4144       (1 0 4 5 2 2 2)              87.960
4145       (1 0 1 2 1 2 1)              87.952
4146       (1 0 3 1 2 1 2)              87.955
4147       (1 0 1 2 1 2 1)              87.955
4148       (1 0 3 1 2 1 2)              87.958
4149       (1 0 3 1 2 1 2)              87.960
4150       (0 0 4 6 1 1 1)              87.953
4151       (1 0 2 3 1 2 1)              87.956
4152       (1 0 3 1 2 1 2)              87.959
4153       (1 0 1 2 1 1 1)              87.962
4154       (1 0 2 3 2 1 2)              87.965
4155       (1 0 2 3 2 1 2)              87.968
4156       (1 0 3 1 2 1 2)              87.970
4157       (1 0 3 1 2 1 2)              87.966
4158       (1 0 3 1 2 1 2)              87.966
4159       (1 0 2 3 2 1 2)              87.965
4160       (1 0 2 3 2 1 2)              87.968
4161       (1 0 2 3 2 1 2)              87.971
4162       (1 0 2 3 1 2 1)              87.971
4163       (1 0 2 3 2 2 1)              87.974
4164       (1 0 2 3 2 1 2)              87.976
4165       (1 0 2 3 2 1 2)              87.972
4166       (1 0 2 3 2 1 2)              87.975
4167       (1 0 2 3 2 1 2)              87.968
4168       (1 0 2 3 2 2 1)              87.971
4169       (1 0 2 3 2 1 2)              87.974
4170       (0 0 1 2 2 2 1)              87.966
4171       (1 0 2 3 2 1 2)              87.966
4172       (1 0 1 2 1 1 1)              87.969
4173       (1 0 1 2 1 1 1)              87.972
4174       (1 0 3 1 2 1 2)              87.968
4175       (1 0 2 3 2 1 2)              87.970
4176       (1 0 2 3 2 1 2)              87.966
4177       (1 0 1 2 1 1 1)              87.969
4178       (1 0 2 3 2 1 2)              87.962
4179       (1 0 2 3 2 1 2)              87.965
4180       (1 0 2 3 2 1 2)              87.968
4181       (1 0 1 2 1 1 1)              87.971
4182       (1 0 1 2 1 1 1)              87.974
4183       (1 0 2 3 2 1 2)              87.976
4184       (1 0 4 5 2 2 2)              87.969
4185       (1 0 2 3 2 1 2)              87.972
4186       (1 0 1 2 1 1 1)              87.975
4187       (1 0 3 1 2 1 2)              87.971
4188       (1 0 2 3 2 1 2)              87.974
4189       (1 0 3 1 2 1 2)              87.977
4190       (1 0 2 3 1 2 1)              87.979
4191       (1 0 0 0 1 2 0)              87.982
4192       (0 0 4 5 2 2 1)              87.968
4193       (1 0 2 3 2 1 2)              87.961
4194       (1 0 2 3 2 1 2)              87.964
4195       (1 0 3 1 2 1 2)              87.967
4196       (1 0 2 3 2 1 2)              87.963
4197       (1 0 2 3 2 1 2)              87.965
4198       (1 0 3 1 2 1 2)              87.968
4199       (1 0 3 1 2 1 2)              87.968
4200       (1 0 2 3 2 1 2)              87.971
4201       (1 0 1 2 1 1 1)              87.974
4202       (1 0 1 2 1 1 1)              87.976
4203       (1 0 1 2 1 2 1)              87.976
4204       (1 0 2 3 2 1 2)              87.979
4205       (1 0 3 1 2 1 2)              87.975
4206       (0 0 1 2 1 1 1)              87.974
4207       (1 0 1 2 1 1 1)              87.977
4208       (1 0 1 2 0 0 1)              87.980
4209       (1 0 2 3 2 1 2)              87.976
4210       (1 0 2 3 2 1 2)              87.979
4211       (1 0 2 3 2 1 2)              87.982
4212       (1 0 3 1 2 1 2)              87.985
4213       (0 0 4 5 2 2 1)              87.977
4214       (1 0 2 3 1 2 1)              87.980
4215       (1 0 1 2 1 1 1)              87.983
4216       (1 0 1 2 1 1 1)              87.982
4217       (1 0 3 1 2 1 2)              87.985
4218       (1 0 2 3 2 1 2)              87.988
4219       (1 0 2 3 2 1 2)              87.991
4220       (1 0 1 2 1 1 1)              87.994
4221       (1 0 2 3 2 1 2)              87.997
4222       (1 0 0 3 1 0 1)              87.993
4223       (1 0 1 2 1 2 1)              87.992
4224       (1 0 3 1 1 1 1)              87.988
4225       (1 0 2 3 2 1 2)              87.991
4226       (1 0 2 3 2 1 2)              87.994
4227       (1 0 2 3 2 1 2)              87.990
4228       (1 0 1 2 1 1 1)              87.993
4229       (1 0 3 1 2 1 1)              87.992
4230       (0 0 4 5 2 2 1)              87.985
4231       (1 0 3 1 2 1 2)              87.988
4232       (1 0 2 3 2 1 2)              87.984
4233       (1 0 2 3 2 1 2)              87.983
4234       (1 0 2 3 1 2 1)              87.986
4235       (1 0 3 1 2 1 2)              87.989
4236       (1 0 2 3 2 1 2)              87.992
4237       (0 0 4 5 2 1 1)              87.981
4238       (1 0 2 3 2 1 2)              87.984
4239       (1 0 2 3 2 1 2)              87.987
4240       (1 0 2 3 2 1 2)              87.990
4241       (0 0 1 2 1 1 1)              87.979
4242       (1 0 2 3 2 1 2)              87.982
4243       (1 0 3 1 2 1 2)              87.985
4244       (1 0 3 1 2 1 2)              87.984
4245       (1 0 2 3 2 1 2)              87.977
4246       (1 0 2 3 2 1 2)              87.973
4247       (1 0 1 2 1 1 1)              87.976
4248       (1 0 2 3 2 1 2)              87.972
4249       (1 0 1 2 0 0 1)              87.975
4250       (1 0 0 0 2 2 1)              87.978
4251       (1 0 3 1 2 1 2)              87.981
4252       (1 0 2 3 2 1 2)              87.983
4253       (1 0 1 2 1 1 1)              87.986
4254       (1 0 2 3 2 1 2)              87.986
4255       (1 0 2 3 2 1 2)              87.989
4256       (1 0 1 2 1 1 1)              87.991
4257       (1 0 1 2 1 2 1)              87.984
4258       (1 0 2 3 2 1 2)              87.987
4259       (1 0 2 3 2 1 2)              87.990
4260       (1 0 2 3 2 1 2)              87.993
4261       (1 0 3 1 2 1 2)              87.992
4262       (1 0 2 3 2 1 2)              87.988
4263       (1 0 2 3 2 1 2)              87.991
4264       (1 0 1 2 1 1 1)              87.994
4265       (1 0 1 2 1 2 1)              87.993
4266       (1 0 2 3 2 1 2)              87.989
4267       (1 0 3 1 2 1 2)              87.992
4268       (0 0 1 2 1 1 1)              87.992
4269       (1 0 2 3 2 1 2)              87.994
4270       (1 0 3 1 2 1 2)              87.997
4271       (1 0 2 3 2 1 2)              88.000
4272       (1 0 2 3 2 1 2)              88.003
4273       (1 0 2 3 2 1 2)              88.006
4274       (1 0 4 5 2 2 2)              87.999
4275       (1 0 3 1 2 1 2)              88.001
4276       (1 0 2 3 2 1 2)              87.997
4277       (1 0 2 3 2 1 2)              88.000
4278       (1 0 1 2 1 2 1)              88.000
4279       (1 0 2 3 2 1 2)              88.003
4280       (1 0 3 1 2 1 2)              88.005
4281       (1 0 2 3 2 1 2)              88.001
4282       (1 0 1 2 1 2 1)              88.001
4283       (1 0 2 3 1 2 1)              88.000
4284       (1 0 2 3 2 1 2)              88.003
4285       (1 0 3 1 2 1 2)              87.999
4286       (1 0 2 3 2 1 2)              88.002
4287       (1 0 1 2 1 1 1)              88.005
4288       (1 0 2 3 2 1 2)              88.008
4289       (1 0 3 1 2 1 2)              88.011
4290       (1 0 0 0 1 2 0)              88.013
4291       (1 0 2 3 2 1 2)              88.016
4292       (1 0 1 2 1 2 1)              88.012
4293       (1 0 2 3 2 1 2)              88.015
4294       (1 0 2 3 2 1 2)              88.011
4295       (1 0 2 3 1 2 1)              88.014
4296       (1 0 1 2 1 1 1)              88.017
4297       (1 0 2 3 2 1 2)              88.020
4298       (1 0 1 2 1 1 1)              88.022
4299       (1 0 2 3 2 1 2)              88.025
4300       (1 0 2 3 2 1 2)              88.028
4301       (1 0 3 1 2 1 2)              88.024
4302       (1 0 1 2 1 2 1)              88.024
4303       (1 0 3 1 2 1 2)              88.020
4304       (1 0 3 1 2 1 2)              88.023
4305       (1 0 3 1 2 1 2)              88.019
4306       (1 0 2 3 2 1 2)              88.015
4307       (1 0 3 1 2 1 2)              88.018
4308       (1 0 2 3 2 1 2)              88.017
4309       (1 0 2 3 2 1 2)              88.020
4310       (1 0 2 3 1 2 1)              88.023
4311       (1 0 2 3 2 1 2)              88.025
4312       (1 0 2 3 2 1 2)              88.022
4313       (1 0 1 2 1 1 1)              88.024
4314       (1 0 2 3 2 1 2)              88.027
4315       (1 0 3 1 2 1 2)              88.023
4316       (1 0 2 3 2 1 2)              88.026
4317       (0 0 4 3 2 1 1)              88.016
4318       (1 0 3 1 2 1 2)              88.012
4319       (1 0 3 1 2 1 2)              88.014
4320       (1 0 2 3 2 1 2)              88.017
4321       (1 0 3 1 2 1 2)              88.013
4322       (1 0 1 2 1 1 1)              88.016
4323       (1 0 2 3 2 1 2)              88.012
4324       (1 0 3 1 2 1 2)              88.015
4325       (0 0 1 2 1 1 1)              88.015
4326       (1 0 2 3 2 1 2)              88.017
4327       (1 0 2 3 2 1 2)              88.020
4328       (1 0 2 3 2 1 2)              88.023
4329       (1 0 2 3 2 1 2)              88.026
4330       (1 0 3 1 2 1 2)              88.028
4331       (1 0 1 2 1 1 1)              88.031
4332       (1 0 2 3 2 1 2)              88.034
4333       (1 0 3 1 2 1 2)              88.037
4334       (1 0 1 2 1 1 1)              88.040
4335       (1 0 3 1 2 1 2)              88.042
4336       (1 0 2 3 2 1 2)              88.045
4337       (1 0 2 3 2 1 2)              88.048
4338       (1 0 2 3 2 1 1)              88.047
4339       (0 0 4 5 2 2 1)              88.037
4340       (1 0 2 3 1 2 1)              88.040
4341       (1 0 2 3 2 1 2)              88.042
4342       (1 0 2 3 2 1 2)              88.045
4343       (1 0 1 2 1 1 1)              88.048
4344       (1 0 3 1 2 1 2)              88.051
4345       (1 0 2 3 2 1 2)              88.053
4346       (1 0 2 3 2 1 2)              88.056
4347       (1 0 4 5 2 2 2)              88.049
4348       (1 0 1 2 1 1 1)              88.052
4349       (1 0 2 3 2 1 2)              88.055
4350       (1 0 2 3 2 1 2)              88.057
4351       (1 0 2 3 1 2 1)              88.057
4352       (1 0 2 3 2 1 2)              88.060
4353       (1 0 2 3 2 1 2)              88.062
4354       (1 0 2 3 2 1 2)              88.065
4355       (1 0 3 1 2 1 2)              88.061
4356       (1 0 3 1 2 1 2)              88.064
4357       (1 0 4 5 2 2 2)              88.057
4358       (1 0 2 3 2 1 2)              88.060
4359       (1 0 3 1 2 1 2)              88.052
4360       (1 0 3 1 2 1 2)              88.049
4361       (1 0 2 3 2 1 2)              88.045
4362       (1 0 2 3 2 1 2)              88.038
4363       (1 0 3 1 2 1 2)              88.040
4364       (1 0 2 3 2 1 2)              88.037
4365       (1 0 1 2 1 1 1)              88.039
4366       (1 0 2 3 2 1 2)              88.036
4367       (1 0 1 2 1 1 1)              88.038
4368       (1 0 2 3 2 1 2)              88.041
4369       (1 0 2 3 2 1 2)              88.044
4370       (1 0 2 3 2 1 2)              88.047
4371       (1 0 2 3 1 2 1)              88.049
4372       (1 0 2 3 2 1 2)              88.052
4373       (1 0 3 1 2 1 2)              88.052
4374       (1 0 2 3 2 1 2)              88.054
4375       (1 0 2 3 2 1 2)              88.057
4376       (1 0 2 3 2 1 2)              88.060
4377       (1 0 2 3 2 1 2)              88.062
4378       (1 0 1 2 1 1 1)              88.065
4379       (1 0 2 3 2 1 2)              88.068
4380       (1 0 1 2 1 1 1)              88.071
4381       (1 0 2 3 2 1 2)              88.073
4382       (1 0 2 3 2 1 2)              88.076
4383       (1 0 3 1 2 1 2)              88.079
4384       (1 0 2 3 2 1 2)              88.082
4385       (1 0 1 2 2 2 1)              88.078
4386       (1 0 2 3 2 1 2)              88.074
4387       (0 0 4 6 0 0 1)              88.067
4388       (1 0 2 3 2 1 2)              88.070
4389       (1 0 3 1 2 1 2)              88.069
4390       (1 0 2 3 2 1 2)              88.072
4391       (1 0 2 3 2 1 2)              88.071
4392       (1 0 2 3 2 1 2)              88.067
4393       (1 0 2 3 2 1 2)              88.067
4394       (0 0 1 2 1 1 1)              88.053
4395       (0 0 2 3 1 2 1)              88.053
4396       (1 0 3 1 2 1 2)              88.049
4397       (1 0 1 2 1 2 1)              88.049
4398       (1 0 1 2 1 1 1)              88.051
4399       (1 0 3 1 2 1 2)              88.038
4400       (1 0 3 1 2 1 2)              88.040
4401       (1 0 3 1 1 1 1)              88.043
4402       (1 0 3 1 2 1 2)              88.039
4403       (1 0 2 3 2 1 2)              88.042
4404       (1 0 2 3 2 1 2)              88.045
4405       (1 0 1 2 1 1 1)              88.044
4406       (1 0 2 3 1 2 1)              88.047
4407       (1 0 2 3 2 1 2)              88.050
4408       (1 0 0 0 2 2 1)              88.052
4409       (1 0 1 2 1 1 1)              88.055
4410       (1 0 3 1 2 1 2)              88.051
4411       (1 0 3 1 2 1 2)              88.051
4412       (1 0 3 1 2 1 2)              88.050
4413       (1 0 0 0 1 2 1)              88.053
4414       (1 0 2 3 1 2 1)              88.052
4415       (1 0 2 3 2 1 2)              88.055
4416       (1 0 1 2 1 1 1)              88.058
4417       (0 0 4 5 2 2 1)              88.051
4418       (1 0 2 3 2 1 2)              88.054
4419       (1 0 2 3 2 1 2)              88.056
4420       (1 0 2 3 1 1 1)              88.059
4421       (0 0 4 5 2 2 1)              88.052
4422       (1 0 2 3 2 1 2)              88.055
4423       (1 0 1 2 1 2 0)              88.057
4424       (1 0 2 3 2 1 2)              88.050
4425       (1 0 1 2 1 1 1)              88.053
4426       (1 0 3 1 2 1 2)              88.049
4427       (0 0 2 3 1 1 1)              88.046
4428       (0 0 1 2 2 2 1)              88.039
4429       (0 0 4 6 0 0 1)              88.032
4430       (1 0 2 3 2 1 2)              88.031
4431       (1 0 2 3 2 1 2)              88.034
4432       (1 0 2 3 2 1 2)              88.036
4433       (1 0 2 3 2 1 2)              88.039
4434       (0 0 1 2 1 1 1)              88.039
4435       (1 0 2 3 2 1 2)              88.041
4436       (1 0 2 3 2 1 2)              88.044
4437       (1 0 2 3 2 1 2)              88.047
4438       (1 0 1 2 1 1 1)              88.049
4439       (0 0 1 2 1 1 1)              88.049
4440       (1 0 2 3 2 1 2)              88.052
4441       (1 0 1 2 1 1 1)              88.054
4442       (1 0 2 3 2 1 2)              88.054
4443       (1 0 1 2 1 1 1)              88.050
4444       (1 0 2 3 2 1 2)              88.053
4445       (1 0 2 3 2 1 2)              88.055
4446       (1 0 3 1 2 1 1)              88.055
4447       (0 0 1 2 0 0 1)              88.054
4448       (1 0 1 2 1 2 1)              88.057
4449       (1 0 2 3 2 1 2)              88.060
4450       (0 0 2 3 1 1 1)              88.056
4451       (1 0 2 3 2 1 2)              88.059
4452       (1 0 1 2 1 1 1)              88.049
4453       (1 0 2 3 2 1 2)              88.051
4454       (1 0 1 2 1 2 1)              88.054
4455       (0 0 1 2 0 0 1)              88.053
4456       (1 0 2 3 2 1 2)              88.056
4457       (1 0 2 3 2 1 2)              88.059
4458       (1 0 2 3 2 1 2)              88.061
4459       (1 0 3 1 2 1 2)              88.064
4460       (1 0 1 2 1 1 1)              88.067
4461       (1 0 2 3 2 1 2)              88.060
4462       (1 0 2 3 2 1 2)              88.053
4463       (1 0 2 3 2 1 2)              88.049
4464       (1 0 2 3 2 1 2)              88.052
4465       (1 0 2 3 2 1 2)              88.048
4466       (1 0 2 3 2 1 2)              88.051
4467       (0 0 1 2 1 2 1)              88.047
4468       (1 0 2 3 2 1 2)              88.050
4469       (1 0 3 1 2 1 2)              88.052
4470       (1 0 1 2 1 1 1)              88.055
4471       (1 0 1 2 1 1 1)              88.058
4472       (1 0 2 3 2 1 2)              88.051
4473       (1 0 2 3 2 1 2)              88.047
4474       (1 0 3 1 2 1 2)              88.050
4475       (1 0 1 2 1 1 1)              88.053
4476       (1 0 2 3 2 1 2)              88.055
4477       (1 0 2 3 2 1 2)              88.055
4478       (1 0 2 3 2 1 2)              88.054
4479       (1 0 3 1 2 1 2)              88.057
4480       (1 0 3 1 2 1 2)              88.060
4481       (1 0 1 2 1 1 1)              88.062
4482       (1 0 3 1 2 1 2)              88.065
4483       (1 0 2 3 2 1 2)              88.068
4484       (1 0 3 1 2 1 2)              88.070
4485       (1 0 1 2 1 2 1)              88.066
4486       (1 0 2 3 2 1 2)              88.063
4487       (1 0 2 3 1 2 1)              88.065
4488       (1 0 1 2 1 1 1)              88.068
4489       (1 0 3 1 2 1 2)              88.071
4490       (1 0 2 3 2 1 2)              88.070
4491       (1 0 2 3 2 1 2)              88.073
4492       (1 0 3 1 2 1 2)              88.076
4493       (1 0 1 2 1 1 1)              88.078
4494       (1 0 3 1 2 1 2)              88.078
4495       (1 0 3 1 2 1 2)              88.064
4496       (1 0 0 0 0 1 1)              88.058
4497       (1 0 2 3 2 1 2)              88.060
4498       (1 0 3 1 2 1 2)              88.060
4499       (1 0 1 2 1 1 1)              88.062
4500       (1 0 3 1 2 1 2)              88.065
4501       (1 0 2 3 2 1 2)              88.064
4502       (1 0 2 3 2 1 2)              88.067
4503       (1 0 2 3 2 1 2)              88.070
4504       (1 0 1 2 1 1 1)              88.072
4505       (1 0 1 2 1 1 1)              88.075
4506       (0 0 1 2 0 0 1)              88.075
4507       (1 0 2 3 2 1 2)              88.077
4508       (1 0 2 3 2 1 2)              88.074
4509       (1 0 0 3 1 0 1)              88.073
4510       (0 0 3 1 1 1 0)              88.069
4511       (1 0 2 3 2 1 2)              88.066
4512       (1 0 1 2 0 0 1)              88.068
4513       (1 0 2 3 2 1 2)              88.071
4514       (1 0 3 1 2 1 2)              88.067
4515       (1 0 1 2 0 0 1)              88.060
4516       (1 0 3 1 2 1 2)              88.063
4517       (1 0 2 3 2 1 2)              88.066
4518       (1 0 2 3 2 1 2)              88.065
4519       (1 0 3 1 2 1 2)              88.068
4520       (1 0 1 2 1 1 1)              88.070
4521       (1 0 2 3 2 1 2)              88.073
4522       (1 0 2 3 2 1 2)              88.076
4523       (0 0 1 2 1 1 1)              88.075
4524       (1 0 2 3 2 1 2)              88.078
4525       (1 0 1 2 0 0 1)              88.080
4526       (1 0 2 3 2 2 1)              88.080
4527       (1 0 3 1 2 1 2)              88.083
4528       (1 0 2 3 2 1 2)              88.085
4529       (1 0 1 2 1 2 1)              88.072
4530       (1 0 2 3 2 1 1)              88.068
4531       (1 0 2 3 2 1 2)              88.068
4532       (1 0 2 3 2 1 2)              88.070
4533       (1 0 2 3 2 1 2)              88.073
4534       (0 0 1 2 1 1 1)              88.073
4535       (1 0 1 2 1 1 1)              88.075
4536       (1 0 2 3 1 2 1)              88.078
4537       (1 0 1 2 1 1 1)              88.080
4538       (1 0 2 3 2 1 2)              88.077
4539       (1 0 2 3 2 1 2)              88.079
4540       (1 0 1 2 1 1 1)              88.082
4541       (1 0 2 3 2 1 2)              88.085
4542       (1 0 0 0 2 2 1)              88.087
4543       (1 0 3 1 2 1 2)              88.090
4544       (0 0 1 2 1 1 1)              88.089
4545       (1 0 1 2 1 2 1)              88.092
4546       (1 0 2 3 2 1 2)              88.095
4547       (1 0 2 3 2 1 2)              88.097
4548       (1 0 3 1 2 1 2)              88.084
4549       (0 0 4 3 2 1 1)              88.074
4550       (0 0 2 3 1 2 1)              88.071
4551       (1 0 2 3 2 1 2)              88.073
4552       (1 0 3 1 2 1 2)              88.076
4553       (1 0 2 3 2 1 2)              88.078
4554       (1 0 2 3 2 1 2)              88.081
4555       (1 0 1 2 1 1 1)              88.084
4556       (1 0 3 1 2 1 2)              88.086
4557       (1 0 2 3 2 1 2)              88.089
4558       (1 0 2 3 2 1 2)              88.092
4559       (1 0 2 3 2 1 2)              88.094
4560       (1 0 3 1 2 1 2)              88.097
4561       (1 0 1 2 1 1 1)              88.099
4562       (1 0 1 2 1 1 1)              88.102
4563       (1 0 1 2 1 1 1)              88.105
4564       (1 0 2 3 2 2 1)              88.107
4565       (1 0 3 1 2 1 2)              88.110
4566       (1 0 2 3 2 1 2)              88.113
4567       (1 0 2 3 2 1 2)              88.109
4568       (1 0 1 2 1 1 1)              88.111
4569       (1 0 2 3 2 2 1)              88.114
4570       (1 0 2 3 2 1 2)              88.117
4571       (1 0 2 3 2 1 2)              88.119
4572       (1 0 1 2 1 1 1)              88.122
4573       (0 0 4 2 2 2 1)              88.109
4574       (1 0 2 3 2 1 2)              88.105
4575       (1 0 2 3 2 1 2)              88.108
4576       (1 0 2 3 2 1 1)              88.107
4577       (1 0 1 2 1 1 1)              88.110
4578       (1 0 1 2 1 1 1)              88.112
4579       (1 0 0 0 2 2 1)              88.115
4580       (1 0 2 3 2 1 2)              88.111
4581       (1 0 1 2 1 1 1)              88.114
4582       (1 0 1 2 1 1 1)              88.117
4583       (1 0 2 3 2 1 2)              88.110
4584       (1 0 3 1 2 1 2)              88.097
4585       (1 0 2 3 2 1 2)              88.099
4586       (1 0 2 3 2 1 2)              88.093
4587       (1 0 1 2 0 0 1)              88.095
4588       (1 0 3 1 2 1 2)              88.098
4589       (1 0 3 1 2 1 2)              88.100
4590       (1 0 1 2 1 1 1)              88.103
4591       (0 0 1 2 2 1 1)              88.093
4592       (1 0 2 3 2 1 2)              88.096
4593       (1 0 1 2 1 1 1)              88.098
4594       (1 0 3 1 2 1 2)              88.101
4595       (1 0 2 3 2 1 2)              88.104
4596       (1 0 2 3 2 1 2)              88.106
4597       (1 0 2 3 2 1 2)              88.109
4598       (1 0 2 3 2 1 2)              88.111
4599       (1 0 1 2 0 0 1)              88.105
4600       (1 0 1 2 1 1 1)              88.107
4601       (1 0 3 1 2 1 2)              88.104
4602       (1 0 3 1 2 1 2)              88.106
4603       (1 0 3 1 2 1 2)              88.109
4604       (1 0 2 3 2 1 2)              88.111
4605       (1 0 3 1 2 1 2)              88.108
4606       (1 0 2 3 2 1 2)              88.110
4607       (1 0 1 2 1 1 1)              88.113
4608       (1 0 2 3 2 1 2)              88.115
4609       (1 0 2 3 2 1 2)              88.112
4610       (0 0 0 6 1 1 1)              88.102
4611       (1 0 2 3 2 1 2)              88.098
4612       (1 0 2 3 2 1 2)              88.101
4613       (1 0 3 1 2 1 2)              88.104
4614       (1 0 2 3 2 1 2)              88.106
4615       (1 0 2 3 2 1 2)              88.102
4616       (1 0 2 3 2 1 2)              88.105
4617       (1 0 0 0 0 2 1)              88.108
4618       (1 0 1 2 1 1 1)              88.110
4619       (1 0 4 5 2 2 2)              88.104
4620       (1 0 2 3 2 1 2)              88.106
4621       (1 0 2 3 2 1 2)              88.109
4622       (1 0 1 2 1 2 1)              88.105
4623       (1 0 1 2 1 1 1)              88.101
4624       (1 0 3 1 2 1 2)              88.104
4625       (0 0 2 3 1 1 1)              88.104
4626       (1 0 3 1 2 1 2)              88.100
4627       (0 0 2 3 1 2 1)              88.090
4628       (1 0 2 3 2 1 2)              88.093
4629       (1 0 1 2 1 1 1)              88.095
4630       (1 0 2 3 2 1 2)              88.095
4631       (1 0 3 1 2 1 2)              88.097
4632       (1 0 1 2 1 1 1)              88.100
4633       (0 0 4 2 2 2 1)              88.090
4634       (1 0 2 3 2 1 2)              88.086
4635       (1 0 2 3 2 1 2)              88.089
4636       (0 0 3 1 1 1 0)              88.085
4637       (1 0 1 2 1 1 1)              88.088
4638       (1 0 2 3 2 1 2)              88.091
4639       (1 0 2 3 2 1 2)              88.093
4640       (1 0 1 2 1 1 1)              88.096
4641       (1 0 3 1 2 1 2)              88.095
4642       (0 0 1 2 1 1 1)              88.095
4643       (1 0 3 1 2 1 2)              88.097
4644       (1 0 2 3 2 1 2)              88.100
4645       (1 0 2 3 2 1 2)              88.096
4646       (1 0 3 1 2 1 2)              88.096
4647       (1 0 2 3 2 1 2)              88.098
4648       (1 0 1 2 1 2 1)              88.098
4649       (1 0 1 2 1 2 1)              88.097
4650       (1 0 3 1 2 1 2)              88.100
4651       (1 0 3 1 2 1 2)              88.102
4652       (1 0 1 2 1 0 1)              88.096
4653       (1 0 2 3 2 1 2)              88.098
4654       (1 0 3 1 2 1 2)              88.101
4656       (1 0 3 1 2 1 2)              88.103
4657       (1 0 2 3 2 1 2)              88.103
4658       (1 0 2 3 2 1 2)              88.105
4659       (1 0 3 1 2 1 2)              88.102
4660       (1 0 1 2 1 1 1)              88.104
4661       (1 0 4 5 2 2 2)              88.098
4662       (1 0 3 1 2 1 2)              88.100
4663       (1 0 3 1 2 1 2)              88.103
4664       (1 0 3 1 0 0 1)              88.096
4665       (1 0 2 3 2 1 2)              88.099
4666       (1 0 2 3 2 1 2)              88.101
4667       (1 0 1 2 0 0 1)              88.104
4668       (1 0 1 2 1 1 1)              88.106
4669       (1 0 2 3 2 1 2)              88.109
4670       (1 0 1 2 1 1 1)              88.112
4671       (1 0 1 2 1 1 1)              88.114
4672       (0 0 1 2 0 0 1)              88.114
4673       (1 0 3 1 2 1 2)              88.116
4674       (0 0 4 5 2 1 1)              88.106
4675       (1 0 1 2 1 2 1)              88.100
4676       (1 0 1 2 1 1 1)              88.096
4677       (1 0 2 3 2 1 2)              88.099
4678       (1 0 2 3 2 1 2)              88.098
4679       (1 0 0 0 1 2 0)              88.101
4680       (1 0 2 3 2 1 2)              88.103
4681       (1 0 2 3 2 1 2)              88.106
4682       (1 0 3 1 2 1 2)              88.109
4683       (1 0 3 1 2 1 2)              88.111
4684       (1 0 3 1 2 1 2)              88.114
4685       (1 0 3 1 2 1 2)              88.116
4686       (1 0 0 0 1 2 0)              88.119
4687       (1 0 1 2 1 1 1)              88.121
4688       (0 0 4 6 1 2 1)              88.115
4689       (1 0 3 1 2 1 2)              88.111
4690       (0 0 4 5 2 2 1)              88.104
4691       (1 0 3 1 2 1 2)              88.101
4692       (1 0 2 3 2 1 2)              88.097
4693       (1 0 1 2 1 1 1)              88.100
4694       (1 0 2 3 2 1 2)              88.102
4695       (1 0 2 3 2 1 2)              88.105
4696       (1 0 1 2 1 1 1)              88.107
4697       (1 0 2 3 2 1 2)              88.110
4698       (1 0 2 3 2 1 2)              88.103
4699       (1 0 2 3 2 1 1)              88.100
4700       (1 0 3 1 2 1 2)              88.102
4701       (1 0 3 1 2 1 2)              88.105
4702       (1 0 2 3 2 1 2)              88.098
4703       (1 0 3 1 2 1 2)              88.101
4704       (1 0 3 1 2 1 2)              88.103
4705       (1 0 3 1 2 1 2)              88.106
4706       (1 0 2 3 2 1 2)              88.108
4707       (1 0 3 1 2 1 2)              88.111
4708       (1 0 2 3 2 1 2)              88.114
4709       (1 0 2 3 2 1 2)              88.116
4710       (1 0 3 1 2 1 2)              88.119
4711       (1 0 3 1 2 1 2)              88.121
4712       (1 0 2 3 2 1 2)              88.124
4713       (1 0 2 3 2 1 2)              88.126
4714       (1 0 2 3 2 1 2)              88.123
4715       (1 0 2 3 2 1 2)              88.125
4716       (1 0 1 2 0 0 1)              88.128
4717       (1 0 3 1 2 1 1)              88.127
4718       (1 0 2 3 2 1 2)              88.130
4719       (1 0 3 1 2 1 2)              88.129
4720       (1 0 2 3 2 1 2)              88.132
4721       (1 0 1 2 1 1 1)              88.134
4722       (1 0 2 3 1 0 1)              88.134
4723       (1 0 3 1 2 1 2)              88.136
4724       (1 0 3 1 2 1 2)              88.139
4725       (0 0 1 2 1 1 1)              88.138
4726       (1 0 3 1 2 1 2)              88.132
4727       (1 0 3 1 2 1 2)              88.119
4728       (1 0 2 3 2 1 2)              88.122
4729       (1 0 2 3 2 1 2)              88.118
4730       (1 0 2 3 2 1 2)              88.120
4731       (0 0 1 2 1 1 1)              88.111
4732       (1 0 0 0 1 2 1)              88.113
4733       (1 0 2 3 2 1 2)              88.107
4734       (1 0 2 3 2 1 2)              88.109
4735       (1 0 3 1 2 1 2)              88.112
4736       (1 0 2 3 1 2 1)              88.114
4737       (1 0 2 3 2 1 2)              88.117
4738       (1 0 3 1 2 1 2)              88.116
4739       (1 0 2 3 2 1 2)              88.119
4740       (1 0 1 2 1 1 1)              88.121
4741       (0 0 4 5 2 1 1)              88.106
4742       (1 0 2 3 2 1 2)              88.108
4743       (0 0 4 5 2 1 1)              88.099
4744       (1 0 3 1 2 1 2)              88.101
4745       (0 0 1 2 1 1 1)              88.101
4746       (1 0 3 1 2 1 2)              88.100
4747       (1 0 1 2 1 1 1)              88.103
4748       (0 0 4 5 2 2 1)              88.096
4749       (1 0 3 1 2 1 2)              88.084
4750       (0 0 4 6 1 1 1)              88.071
4751       (1 0 1 2 1 1 1)              88.068
4752       (1 0 3 1 2 1 2)              88.058
4753       (1 0 1 2 1 1 1)              88.061
4754       (1 0 2 3 2 1 2)              88.063
4755       (1 0 3 1 2 1 2)              88.066
4756       (1 0 2 3 2 1 2)              88.068
4757       (1 0 2 3 2 1 2)              88.065
4758       (1 0 3 1 2 1 2)              88.064
4759       (1 0 1 2 1 1 1)              88.067
4760       (1 0 2 3 2 1 2)              88.069
4761       (1 0 1 2 1 2 1)              88.069
4762       (0 0 2 3 1 1 1)              88.062
4763       (1 0 2 3 2 1 2)              88.065
4764       (1 0 2 3 2 1 2)              88.067
4765       (1 0 3 1 2 1 2)              88.064
4766       (1 0 3 1 2 1 2)              88.057
4767       (1 0 2 3 2 1 2)              88.060
4768       (1 0 2 3 2 1 2)              88.062
4769       (1 0 2 3 2 1 2)              88.065
4770       (1 0 2 3 2 1 2)              88.067
4771       (1 0 1 2 1 1 1)              88.070
4772       (1 0 2 3 2 1 2)              88.072
4773       (1 0 2 3 2 1 2)              88.075
4774       (1 0 3 1 2 1 2)              88.077
4775       (1 0 2 3 2 1 2)              88.080
4776       (1 0 3 1 2 1 2)              88.079
4777       (1 0 2 3 2 1 2)              88.082
4778       (1 0 3 1 2 1 2)              88.078
4779       (1 0 3 1 2 1 2)              88.081
4780       (1 0 2 3 2 1 2)              88.083
4781       (0 0 4 5 2 1 1)              88.074
4782       (1 0 2 3 2 1 2)              88.067
4783       (0 0 1 2 0 0 1)              88.067
4784       (1 0 2 3 2 1 2)              88.069
4785       (1 0 2 3 2 1 2)              88.072
4786       (1 0 3 1 2 1 2)              88.071
4787       (1 0 0 0 1 2 0)              88.074
4788       (1 0 3 1 2 1 2)              88.073
4789       (0 0 1 2 1 1 1)              88.073
4790       (1 0 2 3 2 1 2)              88.066
4791       (1 0 2 3 2 1 2)              88.069
4792       (1 0 2 3 2 1 2)              88.071
4793       (1 0 1 2 2 2 1)              88.074
4794       (1 0 2 3 2 1 2)              88.076
4795       (1 0 3 1 2 1 2)              88.079
4796       (1 0 3 1 2 1 2)              88.078
4797       (1 0 3 1 2 1 2)              88.081
4798       (1 0 1 2 1 1 1)              88.083
4799       (1 0 2 3 2 1 2)              88.086
4800       (1 0 2 3 2 1 2)              88.088
4801       (1 0 3 1 2 1 2)              88.085
4802       (1 0 2 3 2 1 2)              88.087
4803       (1 0 3 1 2 1 2)              88.090
4804       (1 0 2 3 2 1 2)              88.089
4805       (1 0 2 3 2 1 2)              88.086
4806       (1 0 3 1 2 1 2)              88.082
4807       (1 0 2 3 2 1 2)              88.085
4808       (1 0 0 0 1 2 0)              88.087
4809       (1 0 2 3 2 1 2)              88.090
4810       (0 0 1 2 1 1 1)              88.080
4811       (1 0 1 2 1 1 1)              88.083
4812       (1 0 2 3 2 1 2)              88.085
4813       (1 0 2 3 2 1 2)              88.088
4814       (1 0 3 1 2 1 2)              88.090
4815       (1 0 2 3 2 1 2)              88.093
4816       (1 0 2 3 2 1 2)              88.092
4817       (1 0 3 1 2 1 2)              88.092
4818       (1 0 2 3 2 1 2)              88.088
4819       (1 0 0 0 2 2 1)              88.079
4820       (1 0 4 5 2 2 2)              88.072
4821       (1 0 2 3 2 1 2)              88.069
4822       (1 0 3 1 2 1 2)              88.071
4823       (1 0 0 0 1 2 0)              88.074
4824       (1 0 3 1 2 1 2)              88.065
4825       (0 0 4 6 0 0 1)              88.052
4826       (1 0 1 2 1 2 1)              88.049
4827       (1 0 1 2 1 2 1)              88.048
4828       (1 0 1 2 1 1 1)              88.051
4829       (1 0 2 3 2 1 2)              88.053
4830       (1 0 1 2 1 1 1)              88.056
4831       (1 0 1 2 2 2 1)              88.058
4832       (1 0 2 3 2 1 2)              88.061
4833       (0 0 1 2 1 1 1)              88.060
4834       (1 0 2 3 2 1 2)              88.060
4835       (1 0 2 3 2 1 2)              88.062
4836       (1 0 2 3 2 1 2)              88.065
4837       (1 0 2 3 2 1 2)              88.067
4838       (1 0 2 3 2 1 2)              88.067
4839       (0 0 1 2 1 1 1)              88.066
4840       (1 0 1 2 1 1 1)              88.069
4841       (1 0 3 1 2 1 2)              88.068
4842       (1 0 2 3 2 1 2)              88.071
4843       (1 0 2 3 2 1 2)              88.067
4844       (1 0 3 1 2 1 2)              88.070
4845       (1 0 3 1 2 1 1)              88.069
4846       (1 0 1 2 1 2 1)              88.069
4847       (1 0 2 3 2 1 2)              88.065
4848       (1 0 2 3 2 1 2)              88.068
4849       (1 0 2 3 2 1 2)              88.070
4850       (0 0 1 2 1 1 1)              88.070
4851       (1 0 1 2 1 1 1)              88.072
4852       (1 0 2 3 2 1 2)              88.075
4853       (1 0 1 2 0 0 1)              88.065
4854       (1 0 3 1 2 1 2)              88.068
4855       (1 0 2 3 2 1 2)              88.070
4856       (1 0 2 3 2 1 2)              88.073
4857       (1 0 3 1 2 1 2)              88.075
4858       (1 0 2 3 1 1 1)              88.078
4859       (0 0 1 2 1 1 1)              88.077
4860       (1 0 3 1 2 1 2)              88.071
4861       (1 0 1 2 2 2 1)              88.067
4862       (0 0 1 2 1 1 1)              88.067
4863       (1 0 3 1 2 1 2)              88.063
4864       (1 0 2 3 2 1 2)              88.066
4865       (1 0 1 2 1 1 1)              88.068
4866       (1 0 2 3 1 1 1)              88.071
4867       (1 0 2 3 2 1 2)              88.067
4868       (1 0 1 2 0 0 0)              88.061
4869       (1 0 1 2 1 1 1)              88.063
4870       (1 0 2 3 2 1 2)              88.066
4871       (1 0 2 3 2 1 2)              88.068
4872       (1 0 2 3 2 1 2)              88.071
4873       (1 0 2 3 2 1 2)              88.073
4874       (1 0 3 1 2 1 1)              88.073
4875       (1 0 2 3 2 1 2)              88.075
4876       (1 0 3 1 2 1 2)              88.072
4877       (1 0 3 1 2 1 2)              88.074
4878       (1 0 3 1 2 1 2)              88.065
4879       (1 0 0 0 2 2 1)              88.067
4880       (1 0 1 2 0 0 1)              88.070
4881       (1 0 2 3 2 1 2)              88.072
4882       (1 0 2 3 1 2 1)              88.075
4883       (1 0 2 3 1 2 1)              88.077
4884       (1 0 1 2 1 1 1)              88.080
4885       (0 0 0 4 1 2 1)              88.070
4886       (1 0 3 1 2 1 2)              88.070
4887       (1 0 1 2 1 1 1)              88.072
4888       (1 0 1 2 2 2 1)              88.069
4889       (1 0 2 3 2 1 2)              88.071
4890       (1 0 2 3 2 1 2)              88.074
4891       (1 0 2 3 2 1 2)              88.073
4892       (1 0 2 3 2 1 2)              88.076
4893       (1 0 3 1 2 1 2)              88.078
4894       (1 0 3 1 2 1 2)              88.081
4895       (1 0 2 3 2 1 2)              88.077
4896       (1 0 2 3 2 1 1)              88.071
4897       (1 0 2 3 2 1 1)              88.073
4898       (1 0 3 1 2 1 2)              88.076
4899       (1 0 3 1 2 1 2)              88.064
4900       (1 0 2 3 2 1 2)              88.057
4901       (1 0 3 1 2 1 2)              88.060
4902       (1 0 3 1 2 1 2)              88.059
4903       (1 0 2 3 2 1 2)              88.062
4904       (1 0 2 3 2 1 2)              88.064
4905       (1 0 1 2 1 1 1)              88.067
4906       (0 1 4 6 0 0 1)              88.057
4907       (1 0 2 3 2 1 2)              88.060
4908       (1 0 3 1 2 1 2)              88.059
4909       (1 0 2 3 2 1 2)              88.059
4910       (1 0 1 2 1 1 1)              88.061
4911       (1 0 2 3 2 1 2)              88.058
4912       (1 0 2 3 2 1 2)              88.060
4913       (1 0 1 2 1 1 1)              88.063
4914       (1 0 2 3 2 1 2)              88.065
4915       (1 0 3 1 2 1 2)              88.068
4916       (1 0 3 1 2 1 2)              88.064
4917       (1 0 2 3 2 1 2)              88.067
4918       (1 0 2 3 2 1 1)              88.060
4919       (1 0 2 3 1 2 1)              88.063
4920       (1 0 3 1 2 1 2)              88.065
4921       (1 0 3 1 2 1 2)              88.068
4922       (1 0 2 3 2 1 2)              88.064
4923       (1 0 2 3 2 1 2)              88.058
4924       (1 0 2 3 2 1 2)              88.060
4925       (0 0 4 6 0 0 1)              88.051
4926       (1 0 2 3 2 1 2)              88.048
4927       (1 0 2 3 2 1 2)              88.050
4928       (1 0 1 2 2 2 1)              88.047
4929       (1 0 2 3 2 1 2)              88.043
4930       (1 0 1 2 1 2 1)              88.037
4931       (1 0 1 2 1 1 1)              88.040
4932       (1 0 1 2 1 1 1)              88.042
4933       (0 0 2 3 1 2 1)              88.033
4934       (1 0 3 1 2 1 2)              88.032
4935       (1 0 1 2 1 1 1)              88.035
4936       (1 0 2 3 2 1 2)              88.037
4937       (1 0 3 1 2 1 2)              88.040
4938       (1 0 2 3 2 1 2)              88.042
4939       (0 0 1 2 1 1 1)              88.042
4940       (1 0 2 3 2 1 2)              88.044
4941       (1 0 1 2 1 1 1)              88.046
4942       (1 0 3 1 2 1 2)              88.049
4943       (1 0 3 1 2 1 2)              88.051
4944       (1 0 2 3 2 1 2)              88.054
4945       (0 0 1 2 1 1 1)              88.045
4946       (1 0 1 2 1 2 1)              88.038
4947       (1 0 3 1 2 1 2)              88.038
4948       (1 0 2 3 2 1 2)              88.040
4949       (1 0 1 2 1 1 1)              88.043
4950       (1 0 1 2 0 0 1)              88.045
4951       (1 0 2 3 2 1 2)              88.042
4952       (1 0 2 3 2 1 2)              88.044
4953       (1 0 1 2 1 2 1)              88.044
4954       (1 0 2 3 2 1 2)              88.040
4955       (1 0 2 3 2 1 2)              88.040
4956       (1 0 2 3 2 1 2)              88.042
4957       (1 0 2 3 2 1 2)              88.030
4958       (1 0 1 2 1 1 1)              88.033
4959       (1 0 1 2 1 1 1)              88.035
4960       (1 0 1 2 1 1 1)              88.037
4961       (1 0 3 1 2 1 2)              88.040
4962       (1 0 1 2 1 1 1)              88.042
4963       (1 0 3 1 2 1 2)              88.045
4964       (1 0 1 2 1 1 1)              88.047
4965       (1 0 1 2 1 2 1)              88.047
4966       (1 0 1 2 1 1 1)              88.046
4967       (0 0 4 5 1 1 1)              88.037
4968       (0 0 2 3 1 2 1)              88.034
4969       (1 0 1 2 1 1 1)              88.036
4970       (1 0 1 2 1 1 1)              88.039
4971       (1 0 1 2 1 1 1)              88.041
4972       (1 0 3 1 2 1 2)              88.043
4973       (1 0 3 1 2 1 2)              88.046
4974       (1 0 2 3 2 1 2)              88.048
4975       (1 0 3 1 2 1 2)              88.048
4976       (1 0 2 3 1 2 1)              88.050
4977       (1 0 2 3 2 1 2)              88.047
4978       (0 0 1 2 1 1 1)              88.043
4979       (1 0 1 2 1 0 1)              88.037
4980       (1 0 1 2 1 1 1)              88.040
4981       (1 0 2 3 2 1 2)              88.042
4982       (1 0 2 3 2 1 2)              88.039
4983       (0 0 4 5 0 0 1)              88.032
4984       (1 0 1 2 1 1 1)              88.035
4985       (1 0 2 3 2 1 2)              88.037
4986       (1 0 2 3 2 1 2)              88.040
4987       (1 0 2 3 2 1 2)              88.042
4988       (1 0 2 3 2 1 2)              88.039
4989       (0 0 1 2 1 1 1)              88.030
4990       (1 0 2 3 2 1 2)              88.032
4991       (1 0 2 3 2 1 2)              88.034
4992       (1 0 3 1 2 1 2)              88.025
4993       (1 0 2 3 2 1 2)              88.028
4994       (1 0 2 3 2 1 2)              88.030
4995       (1 0 3 1 2 1 2)              88.027
4996       (1 0 2 3 2 1 2)              88.029
4997       (1 0 3 1 2 1 2)              88.032
4998       (1 0 3 1 2 1 2)              88.028
4999       (1 0 1 2 1 2 1)              88.025
5000       (1 0 2 3 2 1 2)              88.025
5001       (1 0 3 1 2 1 2)              88.027
5002       (1 0 3 1 2 1 2)              88.029
5003       (1 0 3 1 2 1 2)              88.029
5004       (1 0 2 3 2 1 2)              88.031
5005       (1 0 3 1 2 1 2)              88.034
5006       (1 0 2 3 2 1 2)              88.036
5007       (1 0 3 1 2 1 2)              88.038
5008       (1 0 1 2 1 1 1)              88.029
5009       (1 0 1 2 1 1 1)              88.032
5010       (1 0 2 3 2 1 2)              88.028
5011       (1 0 2 3 2 1 2)              88.031
5012       (1 0 3 1 2 1 2)              88.033
5013       (1 0 2 3 2 1 2)              88.036
5014       (1 0 2 3 2 1 2)              88.032
5015       (1 0 2 3 1 2 1)              88.035
5016       (0 0 1 2 0 0 1)              88.034
5017       (1 0 1 2 1 1 1)              88.037
5018       (0 0 1 2 0 0 1)              88.036
5019       (1 0 0 0 1 2 1)              88.030
5020       (1 0 3 1 2 1 2)              88.027
5021       (1 0 2 3 2 1 2)              88.026
5022       (1 0 1 2 1 1 1)              88.029
5023       (1 0 2 3 2 1 2)              88.025
5024       (1 0 1 2 1 2 1)              88.025
5025       (1 0 3 1 2 1 2)              88.027
5026       (1 0 2 3 2 1 2)              88.030
5027       (1 0 2 3 1 2 1)              88.032
5028       (1 0 2 3 2 1 2)              88.034
5029       (0 0 2 3 2 0 2)              88.020
5030       (0 0 1 2 1 1 1)              88.019
5031       (1 0 2 3 1 0 1)              88.022
5032       (1 0 2 3 2 1 2)              88.024
5033       (1 0 1 2 1 1 1)              88.026
5034       (1 0 1 2 1 2 1)              88.026
5035       (1 0 3 1 2 1 2)              88.026
5036       (1 0 2 3 2 1 2)              88.028
5037       (1 0 3 1 2 1 2)              88.027
5038       (1 0 2 3 2 1 2)              88.030
5039       (1 0 1 2 1 1 1)              88.032
5040       (1 0 2 3 2 1 2)              88.035
5041       (1 0 3 1 2 1 2)              88.034
5042       (1 0 2 3 2 1 2)              88.036
5043       (1 0 1 2 1 1 1)              88.039
5044       (1 0 2 3 2 1 2)              88.041
5045       (1 0 2 3 2 1 2)              88.044
5046       (0 0 1 2 1 1 1)              88.043
5047       (1 0 2 3 2 1 2)              88.046
5048       (1 0 2 3 2 1 1)              88.039
5049       (1 0 1 2 0 0 1)              88.042
5050       (1 0 3 1 2 1 2)              88.044
5051       (1 0 1 2 1 1 1)              88.047
5052       (1 0 2 3 1 2 1)              88.049
5053       (1 0 1 2 1 2 1)              88.048
5054       (1 0 1 2 1 1 1)              88.045
5055       (1 0 3 1 2 1 2)              88.048
5056       (1 0 2 3 2 1 2)              88.050
5057       (1 0 3 1 2 1 2)              88.041
5058       (1 0 3 1 2 1 2)              88.040
5059       (1 0 2 3 2 1 2)              88.043
5060       (1 0 3 1 2 1 2)              88.045
5061       (1 0 2 3 2 1 2)              88.045
5062       (1 0 3 1 2 1 2)              88.047
5063       (1 0 1 2 1 2 1)              88.049
5064       (1 0 3 1 2 1 2)              88.049
5065       (1 0 0 3 1 0 1)              88.046
5066       (1 0 2 3 2 1 2)              88.048
5067       (0 0 1 2 1 1 1)              88.045
5068       (1 0 2 3 2 1 2)              88.047
5069       (1 0 2 3 2 1 2)              88.044
5070       (1 0 3 1 2 1 2)              88.046
5071       (1 0 2 3 2 1 2)              88.049
5072       (1 0 2 3 2 1 2)              88.051
5073       (1 0 2 3 1 1 1)              88.048
5074       (1 0 2 3 2 1 2)              88.036
5075       (1 0 2 3 2 1 2)              88.038
5076       (1 0 2 3 2 1 2)              88.041
5077       (1 0 2 3 2 1 1)              88.040
5078       (1 0 3 1 2 1 2)              88.043
5079       (1 0 1 2 1 1 1)              88.045
5080       (0 0 1 2 1 1 1)              88.044
5081       (1 0 2 3 1 1 2)              88.044
5082       (1 0 2 3 2 1 2)              88.046
5083       (1 0 2 3 2 1 2)              88.043
5084       (0 0 1 2 1 1 1)              88.034
5085       (1 0 2 3 2 1 2)              88.031
5086       (1 0 3 1 2 1 2)              88.033
5087       (1 0 2 3 2 1 2)              88.030
5088       (1 0 2 3 2 1 2)              88.030
5089       (1 0 3 1 2 1 2)              88.023
5090       (1 0 2 3 2 1 2)              88.020
5091       (1 0 2 3 2 1 2)              88.023
5092       (0 0 4 5 2 2 1)              88.011
5093       (1 0 2 3 2 1 2)              88.013
5094       (1 0 1 2 1 1 1)              88.016
5095       (1 0 1 2 2 2 1)              88.012
5096       (1 0 3 1 2 1 2)              88.015
5097       (1 0 3 1 2 1 2)              88.017
5098       (1 0 2 3 2 1 2)              88.019
5099       (1 0 0 0 2 2 1)              88.022
5100       (1 0 1 2 1 2 1)              88.018
5101       (1 0 2 3 2 1 2)              88.015
5102       (1 0 1 2 1 2 1)              88.015
5103       (1 0 3 1 2 1 2)              88.014
5104       (1 0 2 3 2 1 2)              88.017
5105       (1 0 3 1 2 1 2)              88.016
5106       (1 0 2 3 2 1 2)              88.019
5107       (1 0 3 1 2 1 2)              88.018
5108       (1 0 1 2 1 1 1)              88.020
5109       (1 0 1 2 1 2 1)              88.023
5110       (1 0 2 3 2 1 2)              88.025
5111       (1 0 2 3 2 1 2)              88.027
5112       (1 0 3 1 2 1 2)              88.024
5113       (1 0 3 1 2 1 2)              88.027
5114       (0 0 4 5 2 1 1)              88.018
5115       (1 0 1 2 1 2 1)              88.006
5116       (1 0 2 3 2 1 2)              88.008
5117       (0 0 4 6 1 2 1)              88.000
5118       (1 0 1 2 1 1 1)              88.002
5119       (1 0 1 2 1 1 1)              88.004
5120       (1 0 2 3 2 1 2)              88.007
5121       (1 0 2 3 2 1 2)              88.003
5122       (1 0 3 1 2 1 2)              88.006
5123       (1 0 2 3 2 1 2)              88.008
5124       (1 0 2 3 2 1 2)              88.010
5125       (1 0 1 2 1 1 1)              88.013
5126       (1 0 2 3 2 1 2)              88.012
5127       (1 0 2 3 2 1 2)              88.015
5128       (1 0 1 2 1 2 1)              88.014
5129       (1 0 1 2 1 2 1)              88.014
5130       (1 0 2 3 2 1 2)              88.016
5131       (1 0 3 1 2 1 2)              88.013
5132       (1 0 2 3 2 1 2)              88.015
5133       (1 0 1 2 1 1 1)              88.018
5134       (1 0 2 3 2 1 2)              88.020
5135       (1 0 3 1 2 1 2)              88.022
5136       (1 0 3 1 2 1 2)              88.019
5137       (1 0 2 3 2 1 2)              88.016
5138       (1 0 2 3 2 1 2)              88.018
5139       (1 0 2 3 2 1 2)              88.020
5140       (1 0 1 2 1 1 1)              88.023
5141       (1 0 3 1 2 1 2)              88.020
5142       (1 0 3 1 2 1 2)              88.022
5143       (1 0 2 3 2 1 2)              88.021
5144       (1 0 2 3 2 1 2)              88.024
5145       (1 0 2 3 2 1 2)              88.026
5146       (1 0 3 1 2 1 2)              88.028
5147       (1 0 3 1 2 1 2)              88.031
5148       (1 0 2 3 2 1 2)              88.033
5149       (1 0 2 3 2 1 2)              88.035
5150       (1 0 1 2 1 2 1)              88.032
5151       (0 0 4 5 2 2 1)              88.021
5152       (1 0 1 2 1 2 1)              88.020
5153       (1 0 2 3 2 1 2)              88.017
5154       (1 0 3 1 2 1 2)              88.019
5155       (1 0 2 3 2 1 2)              88.016
5156       (1 0 2 3 2 1 2)              88.013
5157       (1 0 2 3 2 1 2)              88.015
5158       (1 0 3 1 2 1 2)              88.012
5159       (1 0 3 1 2 1 2)              88.014
5160       (1 0 2 3 2 1 2)              88.017
5161       (1 0 2 3 2 1 2)              88.019
5162       (1 0 1 2 1 1 1)              88.021
5163       (1 0 2 3 1 1 1)              88.024
5164       (1 0 2 3 2 1 2)              88.023
5165       (1 0 3 1 2 1 2)              88.025
5166       (1 0 3 1 2 1 2)              88.022
5167       (1 0 1 2 1 1 1)              88.025
5168       (1 0 1 2 1 1 1)              88.013
5169       (1 0 2 3 1 2 1)              88.015
5170       (1 0 1 2 1 1 1)              88.018
5171       (1 0 3 1 2 1 2)              88.020
5172       (1 0 1 2 1 1 1)              88.022
5173       (1 0 2 3 2 1 1)              88.019
5174       (1 0 2 3 2 1 2)              88.016
5175       (1 0 1 2 1 1 1)              88.018
5176       (1 0 2 3 2 1 2)              88.015
5177       (1 0 1 2 1 1 1)              88.017
5178       (1 0 2 3 2 1 2)              88.020
5179       (1 0 3 1 2 1 2)              88.022
5180       (1 0 2 3 2 1 2)              88.024
5181       (1 0 2 3 2 1 2)              88.027
5182       (1 0 2 3 2 1 2)              88.029
5183       (1 0 2 3 2 1 2)              88.031
5184       (0 0 4 2 1 1 1)              88.028
5185       (1 0 3 1 2 1 2)              88.030
5186       (1 0 2 3 2 1 2)              88.030
5187       (1 0 2 3 2 1 2)              88.032
5188       (1 0 2 3 2 1 2)              88.034
5189       (0 0 1 2 1 2 1)              88.031
5190       (1 0 3 1 2 1 2)              88.028
5191       (1 0 3 1 2 1 2)              88.030
5192       (1 0 1 2 1 1 1)              88.033
5193       (1 0 3 1 2 1 2)              88.029
5194       (1 0 1 2 1 1 1)              88.032
5195       (1 0 2 3 2 1 2)              88.034
5196       (1 0 2 3 2 1 2)              88.036
5197       (1 0 3 1 2 1 2)              88.025
5198       (0 0 1 2 1 1 1)              88.024
5199       (1 0 2 3 2 1 2)              88.013
5200       (1 0 2 3 2 1 2)              88.015
5201       (0 0 0 4 1 2 1)              88.001
5202       (1 0 2 3 2 1 2)              88.003
5203       (1 0 2 3 2 1 2)              88.006
5204       (1 0 3 1 2 1 2)              87.997
5205       (0 0 4 5 2 2 1)              87.991
5206       (1 0 3 1 2 1 2)              87.993
5207       (1 0 2 3 2 1 2)              87.987
5208       (1 0 1 2 1 1 1)              87.990
5209       (0 0 2 3 1 2 1)              87.987
5210       (1 0 2 3 2 1 2)              87.986
5211       (1 0 2 3 2 1 2)              87.983
5212       (1 0 2 3 2 1 2)              87.980
5213       (1 0 3 1 2 1 2)              87.979
5214       (0 0 4 5 0 0 1)              87.973
5215       (1 0 2 3 2 1 2)              87.976
5216       (1 0 2 3 2 1 2)              87.978
5217       (1 0 1 2 1 1 1)              87.980
5218       (1 0 2 3 2 1 2)              87.983
5219       (1 0 2 3 2 1 2)              87.985
5220       (1 0 2 3 2 1 2)              87.987
5221       (1 0 2 3 2 1 2)              87.990
5222       (1 0 2 3 2 1 2)              87.992
5223       (1 0 1 2 1 1 1)              87.994
5224       (0 0 4 5 2 1 1)              87.986
5225       (1 0 3 1 2 1 2)              87.985
5226       (0 0 4 3 2 1 1)              87.976
5227       (1 0 3 1 2 1 2)              87.968
5228       (1 0 3 1 2 1 2)              87.970
5229       (1 0 1 2 1 1 1)              87.972
5230       (1 0 1 2 1 1 1)              87.975
5231       (1 0 3 1 2 1 2)              87.966
5232       (1 0 1 2 1 1 1)              87.968
5233       (1 0 2 3 2 1 2)              87.971
5234       (1 0 2 3 2 1 2)              87.973
5235       (1 0 0 0 2 2 1)              87.975
5236       (1 0 2 3 1 0 1)              87.978
5237       (1 0 2 3 2 1 2)              87.980
5238       (1 0 3 1 2 1 2)              87.982
5239       (1 0 2 3 2 1 2)              87.984
5240       (1 0 1 2 1 1 1)              87.987
5241       (1 0 1 2 1 2 1)              87.984
5242       (0 0 4 6 0 0 1)              87.975
5243       (1 0 2 3 2 1 2)              87.972
5244       (1 0 1 2 1 1 1)              87.974
5245       (1 0 2 3 2 1 1)              87.968
5246       (1 0 2 3 2 1 2)              87.970
5247       (1 0 2 3 2 1 2)              87.973
5248       (1 0 2 3 2 1 2)              87.975
5249       (1 0 2 3 1 0 1)              87.977
5250       (1 0 3 1 2 1 2)              87.980
5251       (1 0 2 3 2 1 2)              87.982
5252       (1 0 3 1 2 1 1)              87.982
5253       (1 0 1 2 1 1 1)              87.978
5254       (1 0 2 3 2 1 2)              87.981
5255       (1 0 1 2 1 2 1)              87.983
5256       (1 0 2 3 2 1 2)              87.985
5257       (1 0 2 3 2 1 2)              87.982
5258       (1 0 0 0 2 2 1)              87.984
5259       (1 0 3 1 2 1 2)              87.987
5260       (1 0 2 3 2 1 2)              87.981
5261       (1 0 1 2 1 1 1)              87.983
5262       (1 0 1 2 1 1 1)              87.985
5263       (1 0 3 1 2 1 2)              87.985
5264       (1 0 3 1 2 1 2)              87.987
5265       (1 0 2 3 2 1 2)              87.990
5266       (1 0 2 3 2 1 2)              87.992
5267       (1 0 2 3 2 1 2)              87.994
5268       (1 0 2 3 2 1 2)              87.996
5269       (1 0 2 3 2 1 2)              87.999
5270       (0 0 4 6 0 0 1)              87.987
5271       (1 0 2 3 2 1 2)              87.990
5272       (0 0 1 2 1 1 1)              87.981
5273       (1 0 2 3 2 1 2)              87.983
5274       (1 0 2 3 2 1 2)              87.986
5275       (1 0 3 1 2 1 2)              87.988
5276       (1 0 2 3 2 1 2)              87.990
5277       (1 0 2 3 2 1 2)              87.987
5278       (1 0 2 3 2 1 2)              87.989
5279       (1 0 2 3 2 1 2)              87.992
5280       (1 0 4 5 2 2 2)              87.986
5281       (1 0 3 1 2 1 2)              87.985
5282       (1 0 2 3 2 1 2)              87.985
5283       (1 0 1 2 1 1 1)              87.987
5284       (1 0 2 3 2 1 2)              87.984
5285       (1 0 1 2 1 2 1)              87.984
5286       (1 0 3 1 2 1 2)              87.986
5287       (1 0 2 3 2 1 2)              87.988
5288       (1 0 3 1 2 1 2)              87.990
5289       (0 0 4 5 0 0 1)              87.982
5290       (1 0 2 3 2 1 2)              87.979
5291       (1 0 2 3 2 1 2)              87.981
5292       (1 0 1 2 1 1 1)              87.972
5293       (1 0 2 3 2 1 2)              87.975
5294       (1 0 3 1 2 1 2)              87.972
5295       (1 0 1 2 1 1 1)              87.974
5296       (1 0 2 3 2 1 2)              87.971
5297       (1 0 2 3 2 1 2)              87.965
5298       (1 0 4 5 2 2 2)              87.959
5299       (1 0 1 2 1 2 1)              87.948
5300       (1 0 3 1 2 1 2)              87.950
5301       (1 0 3 1 2 1 2)              87.947
5302       (1 0 1 2 1 1 1)              87.938
5303       (1 0 1 2 1 2 1)              87.941
5304       (1 0 2 3 2 1 2)              87.943
5305       (1 0 3 1 2 1 2)              87.943
5306       (1 0 2 3 2 1 1)              87.937
5307       (1 0 2 3 2 1 2)              87.939
5308       (1 0 2 3 2 1 2)              87.936
5309       (1 0 3 1 2 1 2)              87.938
5310       (1 0 2 3 2 1 2)              87.935
5311       (1 0 2 3 2 1 2)              87.932
5312       (0 0 4 6 1 2 2)              87.924
5313       (1 0 2 3 2 1 2)              87.926
5314       (1 0 2 3 2 1 2)              87.928
5315       (1 0 2 3 2 1 1)              87.922
5316       (1 0 2 3 2 1 2)              87.925
5317       (1 0 3 1 2 1 2)              87.924
5318       (1 0 1 2 1 2 1)              87.913
5319       (1 0 1 2 1 1 1)              87.915
5320       (1 0 2 3 2 1 2)              87.917
5321       (1 0 3 1 2 1 2)              87.909
5322       (1 0 3 1 2 1 2)              87.911
5323       (1 0 1 2 1 1 1)              87.914
5324       (0 0 1 2 0 0 1)              87.913
5325       (1 0 2 3 2 1 2)              87.915
5326       (1 0 2 3 2 1 2)              87.918
5327       (1 0 2 3 2 1 2)              87.920
5328       (1 0 2 3 2 1 2)              87.917
5329       (1 0 1 2 1 1 1)              87.919
5330       (1 0 2 3 2 1 2)              87.921
5331       (1 0 3 1 2 1 2)              87.924
5332       (1 0 3 1 2 1 2)              87.921
5333       (1 0 3 1 2 1 2)              87.920
5334       (1 0 3 1 2 1 2)              87.922
5335       (1 0 2 3 2 1 2)              87.925
5336       (1 0 1 2 1 1 1)              87.927
5337       (1 0 3 1 2 1 2)              87.927
5338       (1 0 2 3 2 1 2)              87.929
5339       (1 0 3 1 1 2 1)              87.931
5340       (1 0 1 2 1 2 1)              87.931
5341       (1 0 2 3 2 1 2)              87.928
5342       (1 0 1 2 1 2 1)              87.930
5343       (1 0 2 3 2 1 2)              87.932
5344       (1 0 2 3 2 1 2)              87.934
5345       (1 0 1 2 1 1 1)              87.937
5346       (0 0 4 6 2 2 1)              87.925
5347       (1 0 1 2 1 1 1)              87.928
5348       (1 0 2 3 2 1 2)              87.930
5349       (1 0 1 2 1 1 1)              87.932
5350       (1 0 1 2 1 1 1)              87.935
5351       (1 0 3 1 2 1 2)              87.934
5352       (0 0 1 2 0 0 1)              87.934
5353       (1 0 3 1 1 1 1)              87.936
5354       (1 0 2 3 2 1 2)              87.938
5355       (1 0 2 3 2 1 2)              87.940
5356       (1 0 2 3 2 1 2)              87.943
5357       (1 0 2 3 2 1 2)              87.945
5358       (0 0 2 3 2 0 2)              87.931
5359       (0 0 1 2 2 2 1)              87.925
5360       (1 0 4 5 2 2 2)              87.920
5361       (1 0 2 3 2 1 2)              87.922
5362       (1 0 1 2 0 0 1)              87.914
5363       (1 0 3 1 2 1 2)              87.905
5364       (1 0 2 3 1 2 1)              87.905
5365       (1 0 2 3 2 1 2)              87.907
5366       (1 0 3 1 2 1 2)              87.909
5367       (1 0 2 3 2 1 2)              87.911
5368       (1 0 2 3 2 1 2)              87.914
5369       (1 0 1 2 0 0 1)              87.916
5370       (1 0 3 1 2 1 2)              87.905
5371       (1 0 3 1 2 1 2)              87.902
5372       (0 0 4 3 2 1 1)              87.893
5373       (1 0 2 3 2 1 2)              87.896
5374       (1 0 2 3 2 1 2)              87.898
5375       (1 0 3 1 2 1 2)              87.900
5376       (1 0 2 3 2 1 2)              87.889
5377       (1 0 1 2 1 1 1)              87.891
5378       (1 0 2 3 2 1 2)              87.894
5379       (0 1 4 6 0 0 1)              87.885
5380       (1 0 1 2 1 1 1)              87.888
5381       (1 0 1 2 1 2 1)              87.876
5382       (1 0 2 3 2 1 2)              87.879
5383       (1 0 2 3 2 1 2)              87.876
5384       (1 0 2 3 2 1 2)              87.873
5385       (1 0 1 2 1 1 1)              87.867
5386       (1 0 2 3 2 1 2)              87.869
5387       (1 0 2 3 2 1 2)              87.869
5388       (1 0 2 3 2 1 2)              87.863
5389       (1 0 1 2 1 1 1)              87.865
5390       (1 0 3 1 2 1 2)              87.868
5391       (1 0 2 3 2 1 2)              87.864
5392       (1 0 4 5 2 2 2)              87.859
5393       (1 0 3 1 2 1 2)              87.850
5394       (1 0 3 1 2 1 2)              87.853
5395       (1 0 2 3 2 1 2)              87.855
5396       (1 0 2 3 2 1 2)              87.857
5397       (1 0 2 3 2 1 2)              87.859
5398       (1 0 2 3 2 1 2)              87.856
5399       (1 0 2 3 2 1 2)              87.853
5400       (1 0 1 2 2 2 1)              87.850
5401       (1 0 3 1 2 1 2)              87.853
5402       (1 0 1 2 1 1 1)              87.855
5403       (1 0 1 2 0 0 0)              87.844
5404       (1 0 3 1 2 1 2)              87.841
5405       (1 0 2 3 2 1 2)              87.843
5406       (0 1 4 6 0 0 1)              87.835
5407       (1 0 2 3 2 1 2)              87.837
5408       (0 0 4 6 1 2 1)              87.829
5409       (0 0 4 5 2 2 1)              87.820
5410       (1 0 1 2 1 1 1)              87.822
5411       (1 0 1 2 1 1 1)              87.825
5412       (1 0 2 3 2 1 2)              87.822
5413       (0 0 1 2 1 1 1)              87.819
5414       (1 0 1 2 1 2 1)              87.821
5415       (1 0 1 2 1 1 1)              87.823
5416       (1 0 3 1 2 1 2)              87.823
5417       (1 0 3 1 2 1 1)              87.822
5418       (1 0 2 3 2 1 2)              87.825
5419       (1 0 3 1 2 1 2)              87.824
5420       (1 0 1 2 1 1 1)              87.826
5421       (1 0 2 3 1 2 1)              87.829
5422       (0 0 1 2 1 1 1)              87.820
5423       (1 0 2 3 2 1 2)              87.820
5424       (1 0 1 2 1 1 1)              87.814
5425       (1 0 2 3 2 2 1)              87.817
5426       (1 0 2 3 2 2 1)              87.819
5427       (1 0 2 3 2 1 2)              87.821
5428       (1 0 3 1 2 1 2)              87.810
5429       (1 0 3 1 2 1 2)              87.810
5430       (1 0 2 3 2 1 2)              87.812
5431       (1 0 2 3 2 1 2)              87.814
5432       (1 0 1 2 1 1 1)              87.817
5433       (1 0 2 3 2 1 2)              87.819
5434       (1 0 2 3 2 1 2)              87.818
5435       (1 0 1 2 1 1 1)              87.807
5436       (1 0 2 3 2 1 2)              87.810
5437       (0 0 1 2 1 1 1)              87.807
5438       (1 0 2 3 1 2 1)              87.806
5439       (1 0 3 1 2 1 2)              87.806
5440       (1 0 3 1 2 1 2)              87.806
5441       (1 0 2 3 2 1 2)              87.808
5442       (1 0 3 1 2 1 2)              87.810
5443       (1 0 2 3 2 1 2)              87.812
5444       (1 0 3 1 2 1 2)              87.809
5445       (1 0 1 2 1 1 1)              87.806
5446       (1 0 2 3 2 1 2)              87.803
5447       (1 0 2 3 2 1 2)              87.800
5448       (1 0 2 3 2 1 2)              87.802
5449       (1 0 1 2 1 2 1)              87.799
5450       (1 0 2 3 2 1 2)              87.796
5451       (1 0 3 1 2 1 2)              87.799
5452       (1 0 2 3 2 1 2)              87.801
5453       (1 0 1 2 1 1 1)              87.803
5454       (1 0 2 3 2 1 2)              87.805
5455       (1 0 2 3 2 1 2)              87.808
5456       (1 0 1 2 1 2 1)              87.807
5457       (1 0 1 2 1 1 1)              87.809
5458       (1 0 1 2 1 1 1)              87.812
5459       (1 0 2 3 2 1 2)              87.814
5460       (1 0 2 3 2 1 2)              87.816
5461       (1 0 2 3 2 1 2)              87.811
5462       (1 0 1 2 1 1 1)              87.813
5463       (1 0 2 3 2 1 2)              87.810
5464       (1 0 1 2 1 1 1)              87.812
5465       (1 0 2 3 2 1 2)              87.814
5466       (1 0 3 1 2 1 2)              87.814
5467       (1 0 3 1 2 1 2)              87.816
5468       (1 0 2 3 2 1 2)              87.818
5469       (1 0 1 2 1 2 1)              87.813
5470       (1 0 3 1 2 1 2)              87.807
5471       (1 0 1 2 1 2 1)              87.809
5472       (1 0 1 2 1 2 1)              87.809
5473       (1 0 1 2 1 2 1)              87.809
5474       (1 0 2 3 2 1 2)              87.811
5475       (1 0 2 3 2 1 2)              87.813
5476       (1 0 3 1 2 1 2)              87.810
5477       (1 0 2 3 2 1 2)              87.812
5478       (1 0 2 3 2 1 2)              87.815
5479       (1 0 3 1 2 1 2)              87.817
5480       (1 0 2 3 2 1 2)              87.819
5481       (1 0 2 3 2 1 2)              87.821
5482       (0 0 1 2 1 1 1)              87.821
5483       (1 0 1 2 1 2 1)              87.820
5484       (1 0 3 1 2 1 2)              87.812
5485       (1 0 1 2 1 1 1)              87.814
5486       (1 0 2 3 2 1 2)              87.817
5487       (1 0 3 1 2 1 2)              87.819
5488       (1 0 2 3 2 1 2)              87.821
5489       (1 0 3 1 2 1 1)              87.821
5490       (1 0 3 1 2 1 2)              87.823
5491       (1 0 2 3 2 1 2)              87.825
5492       (1 0 1 2 1 2 1)              87.820
5493       (1 0 2 3 2 1 2)              87.822
5494       (1 0 3 1 2 1 2)              87.824
5495       (1 0 2 3 2 1 2)              87.826
5496       (1 0 1 2 1 1 1)              87.828
5497       (1 0 2 3 2 1 2)              87.831
5498       (1 0 2 3 2 1 2)              87.833
5499       (1 0 3 1 2 1 2)              87.830
5500       (1 0 3 1 1 1 1)              87.832
5501       (1 0 3 1 2 1 2)              87.834
5502       (1 0 3 1 2 1 2)              87.837
5503       (1 0 2 3 2 1 2)              87.839
5504       (1 0 3 1 2 1 2)              87.841
5505       (1 0 3 1 2 1 2)              87.841
5506       (1 0 1 2 1 2 1)              87.830
5507       (1 0 1 2 1 2 1)              87.824
5508       (1 0 1 2 1 1 1)              87.826
5509       (0 0 1 2 1 1 1)              87.818
5510       (1 0 3 1 2 1 2)              87.820
5511       (1 0 2 3 2 1 2)              87.823
5512       (1 0 2 3 2 1 2)              87.825
5513       (0 0 0 4 1 2 1)              87.812
5514       (1 0 3 1 2 1 2)              87.814
5515       (1 0 2 3 2 1 2)              87.816
5516       (1 0 2 3 2 1 2)              87.818
5517       (1 0 2 3 2 1 2)              87.820
5518       (1 0 3 1 2 1 2)              87.820
5519       (1 0 3 1 2 1 2)              87.822
5520       (1 0 2 3 2 1 1)              87.817
5521       (1 0 3 1 2 1 2)              87.819
5522       (1 0 1 2 1 1 1)              87.818
5523       (1 0 1 2 1 1 1)              87.813
5524       (1 0 1 2 1 1 1)              87.815
5525       (1 0 3 1 2 1 2)              87.815
5526       (1 0 2 3 2 1 2)              87.817
5527       (1 0 3 1 2 1 2)              87.817
5528       (1 0 3 1 2 1 2)              87.819
5529       (1 0 2 3 2 1 1)              87.813
5530       (0 0 1 2 1 1 1)              87.805
5531       (1 0 1 2 1 1 1)              87.807
5532       (1 0 3 1 2 1 2)              87.804
5533       (1 0 2 3 2 1 2)              87.807
5534       (1 0 2 3 2 1 2)              87.809
5535       (1 0 0 0 2 2 1)              87.811
5536       (1 0 3 1 2 1 2)              87.813
5537       (1 0 3 1 2 1 2)              87.815
5538       (1 0 2 3 2 1 2)              87.818
5539       (1 0 3 1 2 1 2)              87.807
5540       (1 0 2 3 1 2 1)              87.809
5541       (1 0 0 0 1 2 0)              87.811
5542       (0 0 1 2 1 1 1)              87.811
5543       (1 0 2 3 2 1 2)              87.813
5544       (1 0 2 3 2 1 2)              87.815
5545       (1 0 3 1 2 1 2)              87.815
5546       (1 0 3 1 2 1 2)              87.817
5547       (1 0 2 3 2 1 2)              87.819
5548       (1 0 3 1 2 1 2)              87.822
5549       (1 0 2 3 1 2 1)              87.821
5550       (1 0 1 2 1 2 1)              87.821
5551       (1 0 2 3 2 1 2)              87.815
5552       (1 0 3 1 2 1 2)              87.812
5553       (1 0 2 3 2 1 2)              87.814
5554       (1 0 3 1 2 1 2)              87.811
5555       (1 0 1 2 1 1 1)              87.814
5556       (1 0 1 2 1 1 1)              87.803
5557       (1 0 2 3 2 1 2)              87.805
5558       (1 0 1 2 1 1 1)              87.807
5559       (1 0 2 3 2 1 2)              87.807
5560       (1 0 2 3 2 1 2)              87.809
5561       (1 0 4 5 2 2 2)              87.804
5562       (1 0 2 3 2 1 2)              87.801
5563       (1 0 2 3 2 1 2)              87.803
5564       (1 0 3 1 2 1 2)              87.803
5565       (1 0 2 3 2 1 2)              87.805
5566       (1 0 3 1 2 1 2)              87.807
5567       (1 0 3 1 2 1 2)              87.809
5568       (1 0 3 1 2 1 2)              87.806
5569       (1 0 1 2 1 1 1)              87.808
5570       (1 0 3 1 2 1 2)              87.808
5571       (1 0 2 3 2 1 2)              87.810
5572       (1 0 2 3 2 1 1)              87.805
5573       (1 0 2 3 2 1 2)              87.807
5574       (1 0 2 3 2 1 2)              87.809
5575       (1 0 2 3 2 1 2)              87.811
5576       (1 0 2 3 2 1 2)              87.813
5577       (1 0 0 0 2 2 1)              87.816
5578       (0 0 4 5 2 1 1)              87.808
5579       (1 0 3 1 2 1 2)              87.810
5580       (1 0 2 3 2 1 2)              87.809
5581       (1 0 1 2 1 2 1)              87.809
5582       (1 0 0 0 2 2 1)              87.811
5583       (1 0 2 3 2 1 2)              87.813
5584       (1 0 1 2 1 1 1)              87.816
5585       (1 0 2 3 2 1 2)              87.818
5586       (1 0 2 3 2 1 2)              87.820
5587       (1 0 2 3 2 1 2)              87.822
5588       (1 0 1 2 1 1 1)              87.824
5589       (1 0 1 2 1 1 1)              87.827
5590       (1 0 2 3 2 1 2)              87.829
5591       (1 0 3 1 2 1 2)              87.828
5592       (1 0 2 3 2 1 2)              87.825
5593       (1 0 3 1 2 1 2)              87.828
5594       (1 0 2 3 2 1 2)              87.830
5595       (1 0 3 1 1 1 1)              87.832
5596       (1 0 3 1 2 1 2)              87.834
5597       (1 0 2 3 2 1 2)              87.836
5598       (1 0 3 1 2 1 2)              87.836
5599       (1 0 2 3 2 1 2)              87.833
5600       (1 0 3 1 2 1 2)              87.833
5601       (1 0 1 2 1 1 1)              87.835
5602       (1 0 2 3 2 1 2)              87.837
5603       (1 0 3 1 2 1 2)              87.829
5604       (0 0 4 6 1 2 2)              87.821
5605       (1 0 3 1 1 1 1)              87.823
5606       (1 0 2 3 1 1 1)              87.825
5607       (1 0 3 1 1 1 1)              87.825
5608       (1 0 2 3 2 1 2)              87.827
5609       (1 0 1 2 1 1 1)              87.829
5610       (1 0 2 3 2 1 2)              87.831
5611       (1 0 1 2 1 1 1)              87.834
5612       (1 0 2 3 1 1 1)              87.836
5613       (1 0 2 3 2 1 2)              87.833
5614       (1 0 2 3 2 1 2)              87.835
5615       (1 0 2 3 2 1 2)              87.837
5616       (1 0 3 1 2 1 2)              87.834
5617       (1 0 2 3 2 1 2)              87.836
5618       (1 0 2 3 2 1 2)              87.839
5619       (1 0 2 3 2 1 2)              87.841
5620       (1 0 2 3 2 1 2)              87.843
5621       (1 0 2 3 2 1 2)              87.845
5622       (1 0 2 3 2 1 2)              87.847
5623       (1 0 1 2 1 1 1)              87.849
5624       (1 0 1 2 1 1 1)              87.852
5625       (1 0 3 1 1 2 1)              87.854
5626       (1 0 3 1 2 1 2)              87.856
5627       (1 0 2 3 2 1 2)              87.853
5628       (0 0 4 5 2 1 1)              87.845
5629       (1 0 1 2 0 0 1)              87.847
5630       (1 0 3 1 2 1 2)              87.849
5631       (1 0 2 3 2 1 2)              87.851
5632       (1 0 3 1 2 1 2)              87.854
5633       (1 0 2 3 2 1 2)              87.856
5634       (1 0 1 2 1 1 1)              87.858
5635       (1 0 1 2 1 2 1)              87.858
5636       (1 0 2 3 2 1 2)              87.860
5637       (1 0 1 2 1 1 1)              87.862
5638       (1 0 1 2 1 1 1)              87.864
5639       (1 0 1 2 1 1 1)              87.866
5640       (1 0 0 0 1 2 0)              87.868
5641       (1 0 2 3 2 1 2)              87.865
5642       (1 0 2 3 2 2 1)              87.868
5643       (1 0 2 3 2 1 2)              87.862
5644       (1 0 2 3 2 1 2)              87.862
5645       (1 0 3 1 2 1 2)              87.864
5646       (1 0 1 2 1 2 1)              87.861
5647       (1 0 1 2 1 1 1)              87.863
5648       (1 0 1 2 1 2 1)              87.858
5649       (1 0 2 3 2 1 2)              87.855
5650       (1 0 2 3 2 1 2)              87.852
5651       (1 0 2 3 2 1 2)              87.854
5652       (1 0 2 3 2 1 2)              87.856
5653       (1 0 2 3 2 1 2)              87.858
5654       (1 0 2 3 2 1 2)              87.860
5655       (1 0 1 2 1 2 0)              87.863
5656       (1 0 1 2 1 1 1)              87.865
5657       (1 0 2 3 2 1 2)              87.867
5658       (1 0 3 1 2 1 2)              87.869
5659       (0 0 4 6 1 2 1)              87.861
5660       (1 0 2 3 2 1 2)              87.863
5661       (1 0 2 3 1 2 1)              87.865
5662       (1 0 2 3 2 1 2)              87.868
5663       (1 0 2 3 2 1 2)              87.867
5664       (1 0 2 3 1 2 1)              87.869
5665       (1 0 3 1 2 1 2)              87.871
5666       (1 0 3 1 2 1 2)              87.874
5667       (1 0 2 3 1 2 1)              87.876
5668       (1 0 2 3 2 1 2)              87.878
5669       (0 0 1 2 1 1 1)              87.877
5670       (1 0 2 3 2 2 1)              87.877
5671       (0 0 4 6 1 2 1)              87.867
5672       (1 0 3 1 2 1 2)              87.866
5673       (1 0 2 3 2 1 2)              87.868
5674       (1 0 1 2 0 0 1)              87.860
5675       (1 0 2 3 2 1 2)              87.863
5676       (1 0 1 2 1 2 1)              87.862
5677       (1 0 3 1 2 1 2)              87.859
5678       (1 0 1 2 1 1 1)              87.861
5679       (1 0 2 3 2 1 2)              87.864
5680       (1 0 1 2 1 2 0)              87.863
5681       (1 0 3 1 2 1 2)              87.865
5682       (0 0 4 6 2 2 1)              87.855
5683       (1 0 3 1 2 1 2)              87.847
5684       (1 0 3 1 2 1 2)              87.849
5685       (1 0 3 1 2 1 2)              87.841
5686       (1 0 1 2 1 1 1)              87.843
5687       (1 0 2 3 2 1 2)              87.845
5688       (1 0 3 1 2 1 2)              87.845
5689       (1 0 1 2 1 1 1)              87.847
5690       (1 0 1 2 0 0 0)              87.837
5691       (1 0 2 3 2 1 2)              87.834
5692       (1 0 2 3 2 1 2)              87.836
5693       (1 0 2 3 2 1 2)              87.836
5694       (1 0 2 3 2 1 2)              87.838
5695       (1 0 2 3 2 1 2)              87.840
5696       (1 0 2 3 2 1 2)              87.842
5697       (1 0 3 1 2 1 2)              87.844
5698       (1 0 3 1 2 1 2)              87.841
5699       (1 0 2 3 2 1 2)              87.843
5700       (1 0 3 1 2 1 2)              87.841
5701       (1 0 3 1 2 1 2)              87.843
5702       (1 0 3 1 2 1 2)              87.840
5703       (1 0 2 3 2 1 2)              87.842
5704       (1 0 1 2 1 1 1)              87.844
5705       (1 0 1 2 1 1 1)              87.846
5706       (1 0 3 1 2 1 2)              87.843
5707       (1 0 3 1 2 1 2)              87.843
5708       (1 0 4 5 2 2 2)              87.838
5709       (1 0 2 3 2 1 2)              87.840
5710       (1 0 2 3 2 1 2)              87.839
5711       (1 0 3 1 2 1 2)              87.841
5712       (1 0 2 3 1 2 1)              87.844
5713       (1 0 3 1 2 1 2)              87.846
5714       (1 0 1 2 1 1 1)              87.848
5715       (1 0 2 3 2 1 2)              87.845
5716       (1 0 1 2 1 1 1)              87.847
5717       (1 0 3 1 2 1 2)              87.849
5718       (1 0 1 2 1 1 1)              87.851
5719       (1 0 3 1 2 1 2)              87.851
5720       (1 0 2 3 2 1 2)              87.853
5721       (1 0 3 1 2 1 2)              87.853
5722       (1 0 2 3 2 1 2)              87.855
5723       (1 0 3 1 2 1 2)              87.857
5724       (1 0 2 3 2 1 2)              87.857
5725       (1 0 2 3 1 2 1)              87.859
5726       (1 0 3 1 2 1 2)              87.861
5727       (1 0 2 3 2 1 2)              87.863
5728       (1 0 3 1 2 1 2)              87.860
5729       (1 0 3 1 2 1 2)              87.857
5730       (1 0 2 3 1 2 0)              87.859
5731       (1 0 2 3 2 1 2)              87.862
5732       (1 0 1 2 1 1 1)              87.864
5733       (1 0 2 3 2 1 2)              87.866
5734       (1 0 1 2 1 1 1)              87.860
5735       (0 0 1 2 1 1 1)              87.853
5736       (1 0 2 3 2 1 1)              87.852
5737       (0 0 2 3 1 2 1)              87.844
5738       (1 0 1 2 1 2 1)              87.841
5739       (1 0 2 3 2 1 2)              87.844
5740       (1 0 2 3 2 1 2)              87.841
5741       (1 0 3 1 1 1 1)              87.843
5742       (1 0 3 1 2 1 2)              87.832
5743       (1 0 3 1 2 1 2)              87.835
5744       (1 0 3 1 2 1 2)              87.824
5745       (0 0 2 3 2 2 0)              87.811
5746       (1 0 2 3 2 1 2)              87.814
5747       (1 0 2 3 2 1 2)              87.816
5748       (1 0 1 2 1 1 1)              87.810
5749       (1 0 1 2 1 2 1)              87.810
5750       (1 0 3 1 2 1 2)              87.812
5751       (0 0 1 2 1 1 1)              87.807
5752       (1 0 2 3 2 1 2)              87.809
5753       (1 0 2 3 2 1 2)              87.811
5754       (1 0 2 3 2 1 2)              87.813
5755       (0 0 1 2 1 1 1)              87.810
5756       (1 0 2 3 2 1 2)              87.812
5757       (1 0 2 3 2 1 2)              87.814
5758       (1 0 3 1 2 1 2)              87.804
5759       (1 0 2 3 2 1 2)              87.806
5760       (1 0 2 3 2 1 2)              87.808
5761       (1 0 3 1 2 1 2)              87.798
5762       (1 0 2 3 2 1 2)              87.800
5763       (1 0 2 3 2 1 2)              87.802
5764       (1 0 3 1 2 1 2)              87.804
5765       (1 0 1 2 1 1 1)              87.807
5766       (1 0 1 2 1 2 1)              87.806
5767       (0 0 2 3 1 2 1)              87.798
5768       (1 0 1 2 1 2 1)              87.796
5769       (1 0 2 3 2 1 2)              87.798
5770       (1 0 4 5 2 2 2)              87.792
5771       (1 0 2 3 2 1 2)              87.794
5772       (1 0 2 3 2 1 2)              87.797
5773       (1 0 2 3 2 1 2)              87.799
5774       (1 0 2 3 2 1 2)              87.801
5775       (1 0 2 3 2 1 2)              87.803
5776       (1 0 3 1 2 1 2)              87.805
5777       (1 0 4 5 2 2 2)              87.800
5778       (1 0 2 3 2 1 2)              87.802
5779       (1 0 2 3 2 1 2)              87.799
5780       (1 0 3 1 2 1 2)              87.801
5781       (1 0 2 3 2 1 2)              87.803
5782       (1 0 3 1 2 1 2)              87.805
5783       (1 0 3 1 2 1 2)              87.807
5784       (1 0 2 3 2 1 2)              87.810
5785       (1 0 2 3 2 1 2)              87.812
5786       (1 0 3 1 2 1 2)              87.814
5787       (1 0 2 3 2 1 2)              87.816
5788       (1 0 3 1 2 1 2)              87.806
5789       (1 0 1 2 0 0 1)              87.808
5790       (1 0 3 1 2 1 2)              87.810
5791       (1 0 3 1 2 1 2)              87.802
5792       (1 0 2 3 2 1 2)              87.804
5793       (1 0 1 2 1 1 1)              87.806
5794       (1 0 3 1 2 1 2)              87.803
5795       (1 0 2 3 2 1 2)              87.806
5796       (1 0 3 1 2 1 2)              87.800
5797       (1 0 2 3 2 1 2)              87.797
5798       (0 0 4 3 2 1 1)              87.790
5799       (1 0 3 1 2 1 2)              87.779
5800       (1 0 2 3 2 1 2)              87.782
5801       (1 0 3 1 2 1 2)              87.784
5802       (1 0 2 3 2 1 2)              87.781
5803       (0 0 1 2 1 1 1)              87.780
5804       (1 0 2 3 2 1 2)              87.783
5805       (1 0 2 3 2 1 2)              87.785
5806       (0 0 2 3 1 2 1)              87.782
5807       (1 0 2 3 2 1 2)              87.784
5808       (1 0 2 3 2 1 2)              87.781
5809       (1 0 2 3 2 1 2)              87.783
5810       (1 0 2 3 2 1 2)              87.780
5811       (1 0 3 1 2 1 2)              87.780
5812       (1 0 2 3 2 1 2)              87.782
5813       (1 0 1 2 1 1 1)              87.784
5814       (1 0 2 3 2 1 2)              87.786
5815       (1 0 2 3 2 1 2)              87.784
5816       (1 0 2 3 2 1 2)              87.786
5817       (1 0 2 3 2 1 2)              87.788
5818       (1 0 2 3 2 1 2)              87.790
5819       (1 0 2 3 2 1 2)              87.787
5820       (1 0 3 1 2 1 2)              87.789
5821       (1 0 2 3 2 1 2)              87.791
5822       (1 0 2 3 1 2 1)              87.793
5823       (1 0 2 3 2 1 2)              87.796
5824       (1 0 1 2 1 1 1)              87.798
5825       (0 0 4 2 1 1 1)              87.790
5826       (1 0 2 3 2 1 2)              87.792
5827       (1 0 3 1 2 1 2)              87.792
5828       (1 0 1 2 1 2 1)              87.794
5829       (1 0 2 3 2 1 2)              87.796
5830       (1 0 2 3 2 1 2)              87.793
5831       (1 0 3 1 2 1 2)              87.785
5832       (1 0 3 1 2 1 2)              87.787
5833       (1 0 2 3 2 1 2)              87.787
5834       (0 0 1 2 1 2 1)              87.784
5835       (1 0 3 1 2 1 2)              87.786
5836       (1 0 1 2 1 1 1)              87.788
5837       (0 0 1 2 1 1 1)              87.788
5838       (1 0 3 1 2 1 2)              87.790
5839       (1 0 2 3 2 1 2)              87.792
5840       (1 0 2 3 2 1 2)              87.794
5841       (1 0 2 3 2 1 2)              87.796
5842       (1 0 2 3 2 1 2)              87.799
5843       (1 0 1 2 1 1 1)              87.801
5844       (1 0 1 2 1 2 1)              87.803
5845       (0 0 1 2 1 1 1)              87.802
5846       (1 0 2 3 2 1 2)              87.804
5847       (1 0 2 3 2 1 2)              87.807
5848       (1 0 2 3 2 1 2)              87.806
5849       (1 0 2 3 2 1 2)              87.808
5850       (1 0 2 3 2 1 2)              87.805
5851       (1 0 3 1 2 1 2)              87.808
5852       (1 0 2 3 2 1 2)              87.810
5853       (1 0 3 1 2 1 2)              87.809
5854       (1 0 2 3 2 1 2)              87.811
5855       (1 0 2 3 2 1 2)              87.813
5856       (1 0 2 3 2 1 2)              87.811
5857       (1 0 2 3 2 1 2)              87.810
5858       (1 0 2 3 2 1 2)              87.805
5859       (1 0 2 3 2 1 2)              87.807
5860       (1 0 2 3 1 2 1)              87.809
5861       (1 0 2 3 2 1 2)              87.811
5862       (1 0 3 1 2 1 2)              87.813
5863       (1 0 2 3 2 1 2)              87.811
5864       (1 0 1 2 1 1 1)              87.813
5865       (1 0 0 0 2 2 1)              87.815
5866       (1 0 1 2 1 1 1)              87.817
5867       (1 0 3 1 2 1 2)              87.816
5868       (1 0 1 2 2 2 1)              87.816
5869       (1 0 2 3 2 1 2)              87.818
5870       (1 0 2 3 2 1 2)              87.820
5871       (0 0 4 5 2 1 1)              87.813
5872       (1 0 2 3 2 1 2)              87.812
5873       (1 0 3 1 2 1 2)              87.814
5874       (1 0 2 3 2 1 2)              87.816
5875       (1 0 2 3 2 1 2)              87.818
5876       (1 0 2 3 2 1 2)              87.821
5877       (1 0 3 1 2 1 2)              87.823
5878       (0 0 2 3 1 2 1)              87.815
5879       (1 0 3 1 2 1 2)              87.817
5880       (1 0 4 5 2 2 2)              87.812
5881       (1 0 2 3 2 1 2)              87.814
5882       (1 0 2 3 2 1 2)              87.816
5883       (1 0 1 2 1 1 1)              87.818
5884       (1 0 3 1 2 1 2)              87.820
5885       (1 0 4 5 2 2 2)              87.815
5886       (1 0 2 3 2 1 2)              87.817
5887       (1 0 2 3 2 1 1)              87.812
5888       (1 0 3 1 2 1 2)              87.809
5889       (1 0 2 3 2 1 2)              87.811
5890       (1 0 2 3 2 1 1)              87.808
5891       (1 0 2 3 2 1 2)              87.810
5892       (1 0 2 3 2 1 2)              87.812
5893       (1 0 2 3 2 1 2)              87.814
5894       (1 0 2 3 2 1 2)              87.817
5895       (1 0 3 1 2 1 2)              87.819
5896       (1 0 2 3 1 1 1)              87.821
5897       (1 0 3 1 2 1 2)              87.823
5898       (1 0 3 1 2 1 2)              87.825
5899       (1 0 2 3 2 1 2)              87.827
5900       (1 0 2 3 2 1 2)              87.829
5901       (1 0 1 2 1 1 1)              87.831
5902       (1 0 1 2 1 1 1)              87.833
5903       (1 0 1 2 1 2 1)              87.830
5904       (1 0 3 1 2 1 2)              87.832
5905       (1 0 1 2 1 2 1)              87.830
5906       (0 0 1 2 2 1 2)              87.824
5907       (1 0 1 2 1 1 1)              87.826
5908       (1 0 0 0 2 2 1)              87.829
5909       (1 0 3 1 2 1 2)              87.828
5910       (1 0 2 3 2 1 2)              87.830
5911       (1 0 3 1 2 1 2)              87.832
5912       (1 0 2 3 2 1 2)              87.834
5913       (0 0 4 5 2 1 1)              87.827
5914       (1 0 2 3 2 1 2)              87.829
5915       (1 0 2 3 2 1 2)              87.831
5916       (1 0 2 3 2 1 2)              87.831
5917       (1 0 2 3 2 1 2)              87.833
5918       (1 0 1 2 1 1 1)              87.835
5919       (1 0 2 3 2 1 2)              87.837
5920       (1 0 2 3 2 1 2)              87.839
5921       (1 0 2 3 1 2 1)              87.841
5922       (1 0 1 2 1 1 1)              87.843
5923       (1 0 3 1 2 1 2)              87.833
5924       (1 0 3 1 2 1 2)              87.832
5925       (1 0 3 1 2 1 2)              87.835
5926       (0 0 1 2 1 1 1)              87.834
5927       (1 0 1 2 1 1 1)              87.836
5928       (1 0 3 1 2 1 2)              87.829
5929       (1 0 2 3 2 1 2)              87.826
5930       (1 0 2 3 2 1 2)              87.828
5931       (1 0 2 3 2 1 2)              87.823
5932       (1 0 2 3 1 2 1)              87.825
5933       (1 0 1 2 1 1 1)              87.824
5934       (1 0 3 1 2 1 2)              87.826
5935       (1 0 2 3 2 1 2)              87.829
5936       (1 0 2 3 2 1 2)              87.831
5937       (1 0 2 3 2 1 2)              87.833
5938       (1 0 2 3 2 1 2)              87.835
5939       (1 0 1 2 2 2 1)              87.832
5940       (0 0 1 2 1 1 1)              87.824
5941       (1 0 2 3 1 2 1)              87.826
5942       (1 0 3 1 2 1 2)              87.826
5943       (1 0 1 2 1 1 1)              87.828
5944       (1 0 2 3 2 1 2)              87.830
5945       (1 0 3 1 2 1 2)              87.832
5946       (1 0 0 0 2 2 1)              87.834
5947       (1 0 2 3 2 1 2)              87.834
5948       (1 0 1 2 1 2 1)              87.831
5949       (1 0 3 1 2 1 2)              87.833
5950       (1 0 1 2 1 1 1)              87.835
5951       (1 0 1 2 1 2 1)              87.835
5952       (1 0 1 2 1 1 1)              87.837
5953       (1 0 2 3 2 1 2)              87.839
5954       (0 0 1 2 1 1 1)              87.834
5955       (1 0 2 3 2 1 2)              87.831
5956       (1 0 3 1 2 1 2)              87.828
5957       (1 0 1 2 1 1 1)              87.830
5958       (1 0 2 3 2 1 2)              87.832
5959       (1 0 2 3 2 1 2)              87.830
5960       (0 0 1 2 1 1 1)              87.829
5961       (1 0 1 2 1 1 1)              87.831
5962       (1 0 2 3 2 1 2)              87.833
5963       (0 0 2 3 1 1 1)              87.831
5964       (1 0 1 2 0 0 0)              87.823
5965       (1 0 1 2 1 1 1)              87.823
5966       (1 0 3 1 2 1 2)              87.825
5967       (1 0 2 3 2 1 2)              87.822
5968       (1 0 1 2 1 1 1)              87.824
5969       (1 0 2 3 2 1 2)              87.821
5970       (1 0 2 3 2 1 2)              87.823
5971       (1 0 1 2 1 1 1)              87.825
5972       (1 0 2 3 2 1 2)              87.827
5973       (0 0 0 4 1 2 0)              87.820
5974       (1 0 2 3 2 1 2)              87.822
5975       (1 0 1 2 1 1 1)              87.824
5976       (1 0 1 2 1 2 1)              87.826
5977       (1 0 3 1 2 1 2)              87.823
5978       (1 0 2 3 2 1 2)              87.825
5979       (0 1 4 6 0 0 1)              87.815
5980       (1 0 2 3 2 1 2)              87.815
5981       (1 0 2 3 2 1 2)              87.817
5982       (1 0 2 3 2 1 2)              87.812
5983       (1 0 1 2 1 2 1)              87.807
5984       (0 0 4 3 2 1 1)              87.799
5985       (1 0 2 3 2 1 2)              87.801
5986       (1 0 2 3 2 1 2)              87.803
5987       (1 0 2 3 2 1 2)              87.805
5988       (1 0 1 2 1 1 1)              87.807
5989       (1 0 1 2 1 1 1)              87.809
5990       (1 0 3 1 2 1 2)              87.811
5991       (1 0 3 1 2 1 2)              87.809
5992       (1 0 2 3 2 1 2)              87.811
5993       (1 0 3 1 2 1 2)              87.803
5994       (1 0 2 3 1 2 1)              87.805
5995       (1 0 2 3 2 1 2)              87.807
5996       (1 0 2 3 2 1 2)              87.809
5997       (1 0 2 3 2 1 2)              87.811
5998       (1 0 1 2 1 1 1)              87.813
5999       (1 0 1 2 1 1 1)              87.815
6000       (1 0 1 2 1 1 1)              87.818
6001       (1 0 2 3 2 1 2)              87.820
6002       (1 0 3 1 2 1 2)              87.819
6003       (1 0 2 3 2 1 2)              87.821
6004       (1 0 2 3 2 1 2)              87.823
6005       (1 0 2 3 2 1 2)              87.823
6006       (1 0 2 3 1 2 1)              87.825
6007       (1 0 1 2 1 2 1)              87.825
6008       (1 0 2 3 2 1 1)              87.824
6009       (1 0 2 3 2 1 2)              87.826
6010       (1 0 3 1 2 1 2)              87.824
6011       (1 0 1 2 1 1 1)              87.826
6012       (1 0 2 3 2 1 2)              87.825
6013       (1 0 2 3 2 1 2)              87.822
6014       (0 0 1 2 1 1 1)              87.817
6015       (1 0 2 3 2 1 2)              87.817
6016       (0 0 1 2 1 1 1)              87.812
6017       (0 0 4 5 2 1 1)              87.804
6018       (1 0 3 1 2 1 2)              87.806
6019       (1 0 3 1 2 1 2)              87.799
6020       (1 0 1 2 1 1 1)              87.801
6021       (1 0 3 1 2 1 2)              87.803
6022       (1 0 2 3 2 1 2)              87.803
6023       (1 0 2 3 2 1 2)              87.805
6024       (1 0 0 0 1 2 0)              87.807
6025       (1 0 2 3 2 1 2)              87.809
6026       (1 0 1 2 1 1 1)              87.811
6027       (0 0 1 2 1 1 1)              87.810
6028       (1 0 2 3 1 2 1)              87.812
6029       (1 0 3 1 2 1 1)              87.812
6030       (1 0 3 1 2 1 2)              87.802
6031       (1 0 2 3 2 1 2)              87.804
6032       (1 0 2 3 2 1 2)              87.806
6033       (1 0 2 3 2 1 2)              87.808
6034       (1 0 2 3 1 2 1)              87.803
6035       (1 0 1 2 1 1 1)              87.805
6036       (1 0 3 1 2 1 2)              87.807
6037       (1 0 3 1 2 1 2)              87.809
6038       (1 0 3 1 2 1 2)              87.811
6039       (1 0 2 3 1 1 1)              87.813
6040       (1 0 2 3 1 2 1)              87.815
6041       (1 0 3 1 2 1 2)              87.815
6042       (1 0 3 1 2 1 2)              87.817
6043       (0 0 0 4 1 2 0)              87.810
6044       (1 0 2 3 2 1 2)              87.812
6045       (1 0 1 2 1 1 1)              87.814
6046       (1 0 1 2 1 1 1)              87.816
6047       (1 0 2 3 2 1 2)              87.818
6048       (0 0 1 2 1 1 1)              87.817
6049       (1 0 3 1 2 1 2)              87.819
6050       (0 0 1 2 1 1 1)              87.814
6051       (1 0 1 2 1 2 0)              87.812
6052       (1 0 3 1 2 1 2)              87.802
6053       (1 0 2 3 2 1 2)              87.804
6054       (1 0 3 1 2 1 2)              87.806
6055       (1 0 2 3 2 1 2)              87.805
6056       (1 0 2 3 2 1 2)              87.807
6057       (1 0 3 1 2 1 2)              87.809
6058       (1 0 3 1 2 1 2)              87.800
6059       (1 0 3 1 2 1 2)              87.802
6060       (1 0 2 3 2 1 2)              87.804
6061       (1 0 3 1 2 1 2)              87.796
6062       (0 0 4 3 2 1 1)              87.789
6063       (1 0 1 2 1 1 1)              87.791
6064       (1 0 2 3 2 1 2)              87.793
6065       (1 0 2 3 2 1 2)              87.795
6066       (1 0 2 3 2 1 2)              87.797
6067       (1 0 2 3 2 1 2)              87.799
6068       (1 0 3 1 2 1 2)              87.789
6069       (1 0 3 1 2 1 2)              87.791
6070       (1 0 3 1 2 1 2)              87.793
6071       (1 0 3 1 2 1 2)              87.795
6072       (1 0 2 3 2 1 2)              87.797
6073       (1 0 1 2 1 1 1)              87.799
6074       (1 0 2 3 2 1 2)              87.801
6075       (1 0 2 3 2 1 2)              87.803
6076       (1 0 1 2 1 1 1)              87.805
6077       (1 0 3 1 2 1 2)              87.807
6078       (1 0 2 3 1 1 1)              87.800
6079       (1 0 3 1 2 1 2)              87.802
6080       (1 0 3 1 2 1 2)              87.804
6081       (1 0 2 3 2 1 2)              87.806
6082       (1 0 1 2 1 1 1)              87.808
6083       (1 0 2 3 2 1 2)              87.810
6084       (1 0 3 1 2 1 2)              87.812
6085       (1 0 2 3 2 1 2)              87.812
6086       (1 0 3 1 2 1 2)              87.811
6087       (1 0 2 3 2 1 2)              87.813
6088       (1 0 3 1 2 1 2)              87.813
6089       (1 0 4 5 2 2 2)              87.808
6090       (1 0 2 3 2 1 2)              87.810
6091       (1 0 2 3 2 1 2)              87.812
6092       (1 0 2 3 2 1 2)              87.814
6093       (1 0 1 2 1 1 1)              87.814
6094       (1 0 3 1 2 1 2)              87.811
6095       (1 0 3 1 2 1 2)              87.813
6096       (1 0 2 3 2 1 2)              87.815
6097       (1 0 2 3 2 1 2)              87.817
6098       (1 0 2 3 2 1 2)              87.819
6099       (1 0 3 1 2 1 2)              87.821
6100       (1 0 3 1 2 1 2)              87.823
6101       (1 0 2 3 2 1 2)              87.825
6102       (0 0 4 3 1 1 1)              87.817
6103       (1 0 0 0 2 2 1)              87.819
6104       (1 0 2 3 2 1 2)              87.817
6105       (1 0 1 2 1 2 1)              87.816
6106       (0 0 1 2 1 2 1)              87.814
6107       (1 0 2 3 2 1 2)              87.816
6108       (1 0 3 1 2 1 2)              87.815
6109       (1 0 2 3 2 1 2)              87.817
6110       (1 0 1 2 1 2 1)              87.815
6111       (1 0 3 1 2 1 2)              87.817
6112       (1 0 3 1 2 1 2)              87.819
6113       (1 0 2 3 2 1 2)              87.818
6114       (1 0 1 2 0 0 1)              87.820
6115       (1 0 2 3 2 1 2)              87.822
6116       (1 0 1 2 1 1 1)              87.824
6117       (1 0 3 1 2 1 2)              87.826
6118       (1 0 1 2 1 1 1)              87.828
6119       (1 0 2 3 2 1 2)              87.828
6120       (1 0 3 1 2 1 2)              87.830
6121       (1 0 2 3 2 1 2)              87.832
6122       (1 0 3 1 1 1 1)              87.834
6123       (1 0 1 2 1 2 1)              87.834
6124       (1 0 3 1 2 1 2)              87.836
6125       (1 0 2 3 1 2 1)              87.838
6126       (1 0 2 3 2 1 2)              87.840
6127       (1 0 3 1 2 1 1)              87.839
6128       (1 0 2 3 2 1 2)              87.841
6129       (1 0 2 3 1 1 1)              87.843
6130       (1 0 1 2 1 2 1)              87.845
6131       (1 0 2 3 2 1 2)              87.843
6133       (1 0 3 1 2 1 2)              87.842
6134       (1 0 2 3 2 1 2)              87.844
6135       (1 0 2 3 2 1 2)              87.846
6136       (1 0 2 3 2 1 2)              87.848
6137       (1 0 3 1 2 1 2)              87.850
6138       (1 0 2 3 2 1 2)              87.847
6139       (1 0 2 3 2 1 2)              87.849
6140       (1 0 2 3 2 1 2)              87.851
6141       (1 0 2 3 2 1 2)              87.853
6142       (1 0 2 3 2 1 2)              87.855
6143       (1 0 3 1 2 1 2)              87.850
6144       (1 0 1 2 1 2 1)              87.841
6145       (1 0 2 3 2 1 2)              87.843
6146       (1 0 3 1 2 1 2)              87.835
6147       (1 0 2 3 2 1 2)              87.837
6148       (1 0 2 3 2 1 2)              87.837
6149       (1 0 3 1 2 1 2)              87.834
6150       (1 0 2 3 2 1 2)              87.836
6151       (1 0 2 3 2 1 2)              87.838
6152       (1 0 3 1 2 1 1)              87.838
6153       (1 0 1 2 1 2 1)              87.835
6154       (1 0 3 1 2 1 2)              87.837
6155       (1 0 2 3 2 1 2)              87.839
6156       (1 0 1 2 1 2 1)              87.839
6157       (0 0 1 2 1 1 1)              87.832
6158       (1 0 3 1 2 1 2)              87.834
6159       (1 0 2 3 2 1 2)              87.836
6160       (1 0 3 1 2 1 2)              87.837
6161       (1 0 0 0 2 2 1)              87.839
6162       (1 0 2 3 2 1 2)              87.839
6163       (1 0 2 3 2 1 2)              87.841
6164       (1 0 2 3 2 1 2)              87.843
6165       (1 0 3 1 2 1 2)              87.845
6166       (1 0 2 3 2 1 2)              87.845
6167       (1 0 3 1 2 1 2)              87.847
6168       (1 0 2 3 2 1 2)              87.849
6169       (1 0 1 2 1 1 1)              87.851
6170       (1 0 3 1 2 1 2)              87.850
6171       (1 0 2 3 2 1 2)              87.852
6172       (1 0 1 2 1 1 1)              87.854
6173       (1 0 3 1 2 1 2)              87.854
6174       (1 0 2 3 2 1 2)              87.856
6175       (1 0 2 3 2 1 2)              87.858
6176       (1 0 1 2 1 2 1)              87.857
6177       (1 0 2 3 2 1 2)              87.857
6178       (1 0 3 1 2 1 2)              87.857
6179       (1 0 1 2 1 2 1)              87.859
6180       (1 0 3 1 2 1 2)              87.856
6181       (1 0 2 3 2 1 2)              87.858
6182       (1 0 2 3 1 1 1)              87.858
6183       (1 0 2 3 2 1 2)              87.860
6184       (1 0 2 3 2 1 1)              87.857
6185       (1 0 2 3 2 1 2)              87.859
6186       (1 0 3 1 2 1 2)              87.859
6187       (1 0 2 3 2 1 2)              87.858
6188       (1 0 0 0 2 2 1)              87.860
6189       (1 0 2 3 2 1 2)              87.862
6190       (1 0 1 2 0 0 0)              87.853
6191       (1 0 2 3 2 1 2)              87.850
6192       (1 0 2 3 2 1 2)              87.852
6193       (0 0 4 6 1 2 1)              87.845
6194       (1 0 1 2 1 1 1)              87.847
6195       (1 0 1 2 1 1 1)              87.849
6196       (1 0 2 3 2 1 2)              87.844
6197       (1 0 3 1 2 1 2)              87.841
6198       (1 0 2 3 2 1 2)              87.843
6199       (1 0 2 3 2 1 2)              87.843
6200       (1 0 1 2 1 2 1)              87.842
6201       (1 0 2 3 2 1 2)              87.844
6202       (1 0 2 3 2 1 2)              87.846
6203       (1 0 2 3 2 1 2)              87.848
6204       (1 0 1 2 1 1 1)              87.850
6205       (1 0 3 1 2 1 2)              87.852
6206       (1 0 3 1 2 1 2)              87.852
6207       (1 0 2 3 2 1 2)              87.854
6208       (1 0 2 3 2 1 2)              87.856
6209       (1 0 3 1 1 2 1)              87.858
6210       (1 0 2 3 2 1 2)              87.855
6211       (1 0 2 3 2 1 2)              87.857
6212       (0 0 1 2 2 2 1)              87.854
6213       (1 0 2 3 2 1 2)              87.856
6214       (1 0 2 3 2 1 2)              87.854
6215       (1 0 3 1 2 1 2)              87.851
6216       (1 0 1 2 1 1 1)              87.853
6217       (0 0 1 2 0 0 1)              87.853
6218       (1 0 2 3 2 1 2)              87.854
6219       (1 0 3 1 2 1 2)              87.854
6220       (1 0 3 1 2 1 2)              87.856
6221       (1 0 2 3 2 1 2)              87.851
6222       (1 0 2 3 2 1 2)              87.853
6223       (1 0 1 2 2 2 1)              87.850
6224       (1 0 2 3 2 1 2)              87.852
6225       (1 0 0 0 2 2 1)              87.854
6226       (1 0 3 1 2 1 2)              87.856
6227       (1 0 2 3 2 1 2)              87.856
6228       (1 0 2 3 2 1 2)              87.853
6229       (1 0 1 2 1 1 1)              87.855
6230       (1 0 3 1 2 1 2)              87.853
6231       (1 0 3 1 2 1 2)              87.850
6232       (1 0 2 3 2 1 2)              87.852
6233       (1 0 4 5 2 2 2)              87.847
6234       (1 0 2 3 2 1 1)              87.842
6235       (1 0 2 3 2 1 2)              87.844
6236       (1 0 0 0 2 2 1)              87.846
6237       (1 0 1 2 1 1 1)              87.848
6238       (1 0 2 3 1 2 1)              87.848
6239       (0 0 4 6 1 1 1)              87.843
6240       (0 0 1 2 1 1 1)              87.835
6241       (1 0 2 3 2 1 2)              87.835
6242       (1 0 2 3 2 1 2)              87.837
6243       (1 0 1 2 1 1 1)              87.839
6244       (1 0 2 3 2 1 2)              87.841
6245       (1 0 3 1 2 1 2)              87.843
6246       (1 0 3 1 2 1 2)              87.845
6247       (1 0 1 2 1 1 1)              87.847
6248       (1 0 3 1 1 1 1)              87.849
6249       (1 0 3 1 2 1 2)              87.846
6250       (1 0 2 3 2 1 1)              87.846
6251       (1 0 3 1 2 1 2)              87.845
6252       (1 0 3 1 2 1 2)              87.843
6253       (1 0 2 3 2 1 2)              87.845
6254       (0 0 4 5 2 2 1)              87.840
6255       (1 0 3 1 2 1 2)              87.842
6256       (1 0 2 3 2 1 2)              87.844
6257       (1 0 2 3 1 2 1)              87.846
6258       (1 0 2 3 2 1 2)              87.843
6259       (1 0 2 3 2 1 2)              87.845
6260       (0 0 4 2 1 1 1)              87.842
6261       (1 0 1 2 1 1 1)              87.844
6262       (1 0 3 1 2 1 2)              87.846
6263       (1 0 3 1 2 1 2)              87.848
6264       (1 0 2 3 2 1 2)              87.850
6265       (1 0 1 2 1 1 1)              87.852
6266       (1 0 2 3 2 1 2)              87.849
6267       (1 0 2 3 1 2 1)              87.851
6268       (1 0 2 3 2 1 2)              87.853
6269       (1 0 1 2 1 2 1)              87.853
6270       (1 0 1 2 1 1 1)              87.855
6271       (1 0 2 3 2 1 2)              87.852
6272       (1 0 2 3 2 1 2)              87.850
6273       (1 0 1 2 1 1 1)              87.847
6274       (1 0 3 1 2 1 2)              87.849
6275       (1 0 1 2 1 1 1)              87.851
6276       (1 0 2 3 2 1 2)              87.853
6277       (1 0 2 3 2 1 2)              87.855
6278       (1 0 1 2 1 1 1)              87.857
6279       (1 0 2 3 2 1 2)              87.859
6280       (1 0 3 1 2 1 2)              87.861
6281       (1 0 2 3 1 2 1)              87.863
6282       (1 0 3 1 2 1 2)              87.860
6283       (1 0 2 3 2 1 2)              87.862
6284       (0 0 0 4 1 2 0)              87.850
6285       (1 0 2 3 2 1 2)              87.852
6286       (1 0 2 3 2 1 2)              87.854
6287       (1 0 3 1 2 1 2)              87.851
6288       (1 0 2 3 2 1 2)              87.853
6289       (1 0 3 1 2 1 2)              87.848
6290       (1 0 3 1 2 1 2)              87.841
6291       (1 0 3 1 2 1 2)              87.839
6292       (1 0 1 2 0 0 1)              87.841
6293       (1 0 3 1 2 1 2)              87.843
6294       (1 0 2 3 2 1 2)              87.845
6295       (1 0 3 1 1 1 1)              87.842
6296       (1 0 2 3 1 2 1)              87.842
6297       (1 0 1 2 1 1 1)              87.843
6298       (1 0 3 1 2 1 2)              87.836
6299       (1 0 2 3 2 1 2)              87.834
6300       (1 0 1 2 1 2 1)              87.831
6301       (1 0 3 1 2 1 2)              87.831
6302       (1 0 1 2 1 1 1)              87.833
6303       (0 0 4 6 1 1 1)              87.828
6304       (1 0 2 3 2 1 2)              87.827
6305       (1 0 2 3 2 1 2)              87.827
6306       (0 0 1 2 1 1 1)              87.827
6307       (1 0 2 3 2 1 2)              87.826
6308       (1 0 3 1 2 1 2)              87.817
6309       (1 0 2 3 2 1 2)              87.819
6310       (1 0 2 3 1 2 1)              87.821
6311       (1 0 3 1 2 1 2)              87.814
6312       (1 0 1 2 1 2 1)              87.811
6313       (1 0 2 3 2 1 2)              87.813
6314       (1 0 3 1 2 1 2)              87.815
6315       (1 0 1 2 1 1 1)              87.817
6316       (0 0 4 6 1 2 1)              87.812
6317       (1 0 2 3 2 1 2)              87.812
6318       (0 0 4 6 0 0 1)              87.805
6319       (1 0 2 3 2 1 2)              87.807
6320       (1 0 2 3 1 2 1)              87.809
6321       (1 0 3 1 2 1 2)              87.808
6322       (1 0 3 1 2 1 2)              87.808
6323       (1 0 2 3 2 1 2)              87.810
6324       (1 0 1 2 1 1 1)              87.812
6325       (1 0 2 3 2 1 1)              87.811
6326       (1 0 1 2 1 1 1)              87.813
6327       (1 0 2 3 2 1 2)              87.815
6328       (1 0 1 2 1 1 1)              87.817
6329       (1 0 1 2 1 1 1)              87.815
6330       (1 0 3 1 2 1 2)              87.814
6331       (1 0 2 3 2 1 2)              87.816
6332       (1 0 2 3 2 1 1)              87.816
6333       (1 0 1 2 1 1 1)              87.818
6334       (1 0 2 3 2 1 2)              87.815
6335       (1 0 2 3 2 1 2)              87.817
6336       (1 0 2 3 2 1 2)              87.819
6337       (1 0 2 3 2 1 2)              87.816
6338       (1 0 3 1 2 1 2)              87.816
6339       (1 0 2 3 1 1 1)              87.818
6340       (0 0 1 2 1 1 1)              87.818
6341       (1 0 1 2 1 2 1)              87.817
6342       (1 0 1 2 1 1 1)              87.819
6343       (1 0 3 1 2 1 2)              87.819
6344       (1 0 2 3 2 1 2)              87.819
6345       (1 0 3 1 2 1 2)              87.816
6346       (1 0 2 3 2 1 2)              87.816
6347       (0 0 4 6 1 2 2)              87.809
6348       (1 0 2 3 2 1 2)              87.811
6349       (1 0 2 3 2 1 2)              87.812
6350       (1 0 2 3 2 1 2)              87.814
6351       (1 0 2 3 2 1 2)              87.816
6352       (1 0 2 3 2 1 2)              87.818
6353       (1 0 2 3 1 1 1)              87.816
6354       (1 0 2 3 2 1 2)              87.815
6355       (1 0 3 1 2 1 2)              87.817
6356       (1 0 3 1 2 1 2)              87.819
6357       (1 0 2 3 2 1 2)              87.821
6358       (1 0 1 2 1 1 1)              87.823
6359       (1 0 3 1 2 1 2)              87.820
6360       (1 0 3 1 2 1 2)              87.822
6361       (1 0 3 1 2 1 2)              87.822
6362       (1 0 2 3 2 1 2)              87.824
6363       (1 0 2 3 2 1 2)              87.821
6364       (1 0 2 3 2 1 2)              87.821
6365       (1 0 2 3 2 1 2)              87.821
6366       (1 0 3 1 2 1 2)              87.823
6367       (1 0 2 3 2 1 2)              87.825
6368       (1 0 2 3 2 1 2)              87.826
6369       (1 0 2 3 2 1 2)              87.824
6370       (1 0 1 2 1 1 1)              87.826
6371       (1 0 1 2 0 0 1)              87.823
6372       (1 0 3 1 2 1 2)              87.816
6373       (1 0 3 1 2 1 2)              87.818
6374       (1 0 2 3 2 1 2)              87.820
6375       (1 0 3 1 2 1 2)              87.817
6376       (1 0 2 3 2 1 2)              87.815
6377       (1 0 2 3 2 1 2)              87.817
6378       (1 0 3 1 2 1 2)              87.814
6379       (1 0 2 3 2 1 2)              87.816
6380       (1 0 2 3 1 2 1)              87.818
6381       (1 0 1 2 1 2 1)              87.818
6382       (1 0 2 3 2 1 2)              87.820
6383       (1 0 1 2 1 2 1)              87.821
6384       (1 0 0 0 1 2 0)              87.823
6385       (1 0 2 3 2 1 2)              87.821
6386       (1 0 2 3 2 1 2)              87.823
6387       (1 0 1 2 1 1 1)              87.825
6388       (1 0 2 3 2 1 2)              87.827
6389       (1 0 1 2 1 1 1)              87.828
6390       (1 0 2 3 2 1 2)              87.830
6391       (1 0 3 1 2 1 2)              87.830
6392       (1 0 3 1 2 1 2)              87.823
6393       (1 0 3 1 2 1 2)              87.825
6394       (1 0 2 3 2 1 2)              87.827
6395       (1 0 2 3 2 1 2)              87.829
6396       (1 0 1 2 1 1 1)              87.831
6397       (0 0 1 2 0 0 1)              87.830
6398       (1 0 1 2 1 1 1)              87.832
6399       (1 0 2 3 2 1 2)              87.830
6400       (1 0 2 3 2 1 2)              87.832
6401       (1 0 2 3 2 1 2)              87.833
6402       (1 0 1 2 1 1 1)              87.829
6403       (1 0 3 1 2 1 2)              87.831
6404       (1 0 2 3 2 1 2)              87.832
6405       (1 0 2 3 2 1 2)              87.834
6406       (1 0 3 1 2 1 2)              87.834
6407       (1 0 2 3 2 1 2)              87.836
6408       (1 0 2 3 2 1 2)              87.838
6409       (1 0 2 3 2 1 2)              87.840
6410       (1 0 1 2 1 2 1)              87.837
6411       (1 0 3 1 2 1 2)              87.837
6412       (0 0 1 2 1 1 1)              87.836
6413       (1 0 2 3 2 1 2)              87.827
6414       (1 0 2 3 2 1 2)              87.829
6415       (1 0 2 3 2 1 2)              87.831
6416       (0 0 2 3 1 2 1)              87.824
6417       (1 0 2 3 2 1 2)              87.826
6418       (1 0 1 2 0 0 1)              87.828
6419       (1 0 2 3 2 1 2)              87.830
6420       (1 0 3 1 2 1 2)              87.832
6421       (1 0 3 1 2 1 2)              87.829
6422       (1 0 2 3 2 1 2)              87.831
6423       (1 0 3 1 2 1 2)              87.831
6424       (1 0 2 3 2 1 2)              87.833
6425       (1 0 3 1 2 1 2)              87.832
6426       (1 0 3 1 2 1 2)              87.834
6427       (1 0 2 3 2 1 2)              87.832
6428       (1 0 3 1 2 1 2)              87.833
6429       (1 0 1 2 1 2 1)              87.824
6430       (1 0 2 3 2 1 1)              87.824
6431       (1 0 0 0 1 2 0)              87.826
6432       (1 0 3 1 2 1 2)              87.823
6433       (1 0 3 1 2 1 2)              87.825
6434       (1 0 2 3 2 1 2)              87.827
6435       (1 0 2 3 2 2 1)              87.827
6436       (1 0 2 3 2 1 2)              87.822
6437       (1 0 3 1 2 1 2)              87.824
6438       (1 0 1 2 0 0 1)              87.826
6439       (1 0 1 2 1 2 1)              87.825
6440       (1 0 3 1 2 1 2)              87.823
6441       (1 0 2 3 2 1 2)              87.825
6442       (1 0 2 3 2 1 2)              87.827
6443       (1 0 2 3 2 1 2)              87.824
6444       (0 0 1 2 1 1 1)              87.819
6445       (1 0 4 5 2 2 2)              87.814
6446       (1 0 2 3 2 1 2)              87.816
6447       (1 0 2 3 2 1 2)              87.818
6448       (1 0 2 3 2 1 2)              87.818
6449       (1 0 1 2 1 1 1)              87.809
6450       (1 0 2 3 2 1 2)              87.811
6451       (0 0 4 6 0 0 1)              87.804
6452       (1 0 2 3 2 1 2)              87.806
6453       (0 0 1 2 1 1 1)              87.805
6454       (1 0 1 2 1 2 1)              87.807
6455       (1 0 3 1 2 1 2)              87.800
6456       (1 0 2 3 2 1 2)              87.802
6457       (1 0 3 1 2 1 2)              87.804
6458       (1 0 3 1 2 1 2)              87.806
6459       (1 0 2 3 2 1 2)              87.808
6460       (1 0 1 2 1 1 1)              87.810
6461       (1 0 2 3 2 1 2)              87.811
6462       (1 0 3 1 2 1 2)              87.804
6463       (1 0 3 1 2 1 2)              87.804
6464       (1 0 3 1 2 1 2)              87.806
6465       (1 0 2 3 2 1 2)              87.808
6466       (1 0 2 3 2 1 2)              87.808
6467       (1 0 3 1 2 1 2)              87.810
6468       (1 0 4 5 2 2 2)              87.805
6469       (1 0 2 3 2 1 2)              87.807
6470       (1 0 2 3 2 1 2)              87.809
6471       (1 0 3 1 2 1 2)              87.806
6472       (1 0 2 3 2 1 2)              87.801
6473       (1 0 1 2 1 1 1)              87.803
6474       (1 0 1 2 1 1 1)              87.803
6475       (1 0 2 3 2 1 2)              87.805
6476       (1 0 1 2 1 2 1)              87.804
6477       (1 0 3 1 2 1 2)              87.806
6478       (0 0 2 3 1 1 1)              87.806
6479       (1 0 2 3 2 1 2)              87.808
6480       (1 0 2 3 2 1 2)              87.810
6481       (1 0 2 3 2 1 2)              87.812
6482       (1 0 1 2 1 1 1)              87.814
6483       (1 0 2 3 2 1 2)              87.815
6484       (1 0 1 2 1 1 1)              87.817
6485       (1 0 2 3 2 1 2)              87.819
6486       (1 0 2 3 1 1 1)              87.821
6487       (1 0 2 3 2 1 2)              87.823
6488       (1 0 1 2 1 2 1)              87.823
6489       (1 0 2 3 2 1 2)              87.820
6490       (1 0 3 1 2 1 2)              87.822
6491       (1 0 2 3 2 1 2)              87.824
6492       (1 0 2 3 2 1 2)              87.821
6493       (1 0 1 2 1 1 1)              87.823
6494       (1 0 2 3 2 1 2)              87.825
6495       (1 0 3 1 2 1 2)              87.827
6496       (1 0 1 2 1 1 1)              87.829
6497       (0 0 0 4 1 2 0)              87.820
6498       (1 0 3 1 2 1 2)              87.817
6499       (1 0 2 3 2 1 2)              87.812
6500       (1 0 2 3 2 1 2)              87.814
6501       (1 0 3 1 2 1 2)              87.814
6502       (1 0 2 3 2 1 2)              87.809
6503       (1 0 3 1 2 1 1)              87.809
6504       (1 0 2 3 2 1 2)              87.811
6505       (1 0 2 3 2 1 2)              87.813
6506       (1 0 1 2 1 1 1)              87.815
6507       (1 0 2 3 2 1 2)              87.816
6508       (1 0 1 2 1 1 1)              87.818
6509       (1 0 3 1 2 1 2)              87.818
6510       (1 0 1 2 1 1 1)              87.820
6511       (0 0 4 5 2 2 1)              87.815
6512       (1 0 3 1 2 1 2)              87.813
6513       (0 0 4 6 1 2 1)              87.808
6514       (1 0 1 2 1 1 1)              87.810
6515       (1 0 2 3 1 2 1)              87.812
6516       (1 0 3 1 2 1 2)              87.814
6517       (1 0 2 3 2 1 2)              87.811
6518       (1 0 3 1 2 1 2)              87.808
6519       (1 0 1 2 1 1 1)              87.810
6520       (1 0 2 3 2 1 2)              87.812
6521       (1 0 2 3 2 1 2)              87.814
6522       (1 0 1 2 1 2 1)              87.814
6523       (1 0 2 3 2 1 2)              87.816
6524       (1 0 2 3 2 1 2)              87.818
6525       (1 0 2 3 2 1 2)              87.819
6526       (1 0 2 3 2 1 2)              87.821
6527       (1 0 3 1 2 1 2)              87.823
6528       (0 0 1 2 1 1 1)              87.823
6529       (1 0 3 1 2 1 2)              87.825
6530       (1 0 3 1 2 1 2)              87.824
6531       (1 0 3 1 2 1 2)              87.822
6532       (1 0 1 2 1 1 1)              87.824
6533       (1 0 2 3 2 1 2)              87.826
6534       (1 0 2 3 2 1 2)              87.823
6535       (1 0 1 2 1 1 1)              87.825
6536       (1 0 2 3 2 1 2)              87.825
6537       (1 0 4 5 2 2 2)              87.820
6538       (1 0 3 1 2 1 2)              87.822
6539       (1 0 1 2 1 1 1)              87.824
6540       (1 0 1 2 1 2 1)              87.823
6541       (1 0 2 3 2 1 2)              87.821
6542       (1 0 2 3 2 1 2)              87.820
6543       (1 0 2 3 2 1 2)              87.818
6544       (1 0 2 3 1 2 1)              87.820
6545       (1 0 3 1 2 1 2)              87.822
6546       (1 0 2 3 2 1 2)              87.824
6547       (1 0 2 3 2 1 2)              87.825
6548       (1 0 2 3 2 1 2)              87.823
6549       (1 0 2 3 2 1 2)              87.818
6550       (1 0 2 3 2 1 2)              87.820
6551       (1 0 3 1 2 1 2)              87.822
6552       (1 0 2 3 2 1 2)              87.822
6553       (0 0 4 5 0 0 1)              87.817
6554       (1 0 3 1 2 1 2)              87.819
6555       (1 0 1 2 1 1 1)              87.816
6556       (1 0 1 2 0 0 1)              87.812
6557       (1 0 2 3 2 1 2)              87.809
6558       (1 0 2 3 2 1 2)              87.811
6559       (1 0 1 2 1 1 1)              87.806
6560       (1 0 2 3 2 1 2)              87.806
6561       (1 0 1 2 1 1 1)              87.808
6562       (1 0 1 2 1 1 1)              87.810
6563       (1 0 2 3 2 1 2)              87.807
6564       (1 0 1 2 1 1 1)              87.809
6565       (1 0 2 3 2 1 2)              87.804
6566       (0 0 4 5 2 2 1)              87.795
6567       (1 0 2 3 2 1 2)              87.797
6568       (1 0 1 2 1 1 1)              87.799
6569       (1 0 2 3 2 1 2)              87.794
6570       (1 0 3 1 2 1 2)              87.796
6571       (1 0 2 3 2 1 2)              87.796
6572       (1 0 1 2 1 1 1)              87.798
6573       (1 0 2 3 2 1 2)              87.793
6574       (1 0 2 3 2 1 2)              87.795
6575       (1 0 3 1 2 1 2)              87.797
6576       (1 0 3 1 2 1 2)              87.794
6577       (1 0 3 1 2 1 2)              87.796
6578       (1 0 2 3 1 1 1)              87.798
6579       (1 0 2 3 2 1 2)              87.800
6580       (1 0 3 1 1 1 1)              87.802
6581       (1 0 1 2 1 1 1)              87.804
6582       (1 0 2 3 1 2 1)              87.803
6583       (1 0 2 3 2 1 2)              87.805
6584       (1 0 2 3 2 1 2)              87.803
6585       (1 0 3 1 2 1 2)              87.802
6586       (1 0 3 1 1 2 1)              87.804
6587       (1 0 3 1 2 1 2)              87.804
6588       (1 0 2 3 1 2 1)              87.806
6589       (1 0 2 3 2 1 2)              87.803
6590       (1 0 3 1 2 1 2)              87.805
6591       (1 0 3 1 2 1 2)              87.807
6592       (1 0 2 3 2 1 2)              87.809
6593       (1 0 2 3 2 1 2)              87.811
6594       (1 0 2 3 2 1 2)              87.808
6595       (1 0 1 2 1 1 1)              87.810
6596       (1 0 2 3 2 1 2)              87.808
6597       (1 0 1 2 2 2 1)              87.807
6598       (1 0 3 1 2 1 2)              87.807
6599       (1 0 2 3 2 1 2)              87.809
6600       (1 0 1 2 1 1 1)              87.811
6601       (1 0 2 3 2 1 2)              87.810
6602       (1 0 0 0 1 2 1)              87.806
6603       (1 0 1 2 1 1 1)              87.807
6604       (1 0 2 3 2 1 2)              87.805
6605       (1 0 2 3 1 2 1)              87.807
6606       (1 0 1 2 1 1 1)              87.809
6607       (1 0 2 3 2 1 2)              87.811
6608       (1 0 1 2 1 1 1)              87.812
6609       (1 0 1 2 1 2 1)              87.812
6610       (1 0 1 2 1 1 1)              87.814
6611       (1 0 1 2 1 1 1)              87.816
6612       (1 0 2 3 2 1 2)              87.818
6613       (1 0 2 3 1 1 1)              87.817
6614       (1 0 3 1 2 1 2)              87.817
6615       (1 0 2 3 2 1 2)              87.819
6616       (1 0 2 3 2 1 2)              87.821
6617       (1 0 1 2 1 1 1)              87.823
6618       (1 0 2 3 2 2 1)              87.824
6619       (1 0 1 2 1 1 1)              87.826
6620       (1 0 2 3 2 1 2)              87.828
6621       (1 0 2 3 2 1 2)              87.828
6622       (1 0 3 1 2 1 2)              87.825
6623       (1 0 2 3 2 1 2)              87.827
6624       (1 0 2 3 2 1 2)              87.829
6625       (1 0 2 3 2 1 2)              87.831
6626       (1 0 3 1 2 1 2)              87.828
6627       (1 0 3 1 2 1 2)              87.830
6628       (1 0 2 3 2 1 2)              87.832
6629       (1 0 2 3 1 1 1)              87.834
6630       (1 0 3 1 2 1 2)              87.833
6631       (1 0 3 1 2 1 2)              87.835
6632       (1 0 1 2 1 1 1)              87.837
6633       (1 0 2 3 2 1 2)              87.837
6634       (1 0 3 1 2 1 2)              87.839
6635       (1 0 2 3 2 1 2)              87.836
6636       (1 0 2 3 1 2 1)              87.838
6637       (1 0 3 1 2 1 2)              87.840
6638       (1 0 1 2 1 2 1)              87.840
6639       (1 0 1 2 1 1 1)              87.841
6640       (1 0 1 2 1 1 1)              87.843
6641       (1 0 3 1 2 1 2)              87.845
6642       (1 0 1 2 1 1 1)              87.847
6643       (1 0 2 3 2 1 2)              87.847
6644       (1 0 2 3 2 1 2)              87.848
6645       (1 0 2 3 2 1 2)              87.846
6646       (1 0 2 3 2 1 2)              87.848
6647       (1 0 2 3 2 1 2)              87.850
6648       (1 0 1 2 1 1 1)              87.851
6649       (1 0 1 2 1 1 1)              87.853
6650       (1 0 1 2 1 1 1)              87.855
6651       (1 0 3 1 2 1 2)              87.857
6652       (1 0 3 1 2 1 2)              87.859
6653       (1 0 2 3 2 1 2)              87.856
6654       (1 0 3 1 2 1 2)              87.858
6655       (1 0 2 3 2 1 2)              87.858
6656       (1 0 2 3 2 1 2)              87.860
6657       (1 0 3 1 2 1 2)              87.859
6658       (1 0 1 2 1 2 1)              87.857
6659       (0 0 4 6 1 2 2)              87.850
6660       (1 0 3 1 2 1 2)              87.852
6661       (1 0 2 3 2 1 2)              87.854
6662       (1 0 1 2 1 1 1)              87.856
6663       (1 0 2 3 2 1 2)              87.857
6664       (1 0 2 3 2 1 2)              87.859
6665       (1 0 2 3 2 1 2)              87.861
6666       (1 0 2 3 2 1 2)              87.863
6667       (1 0 2 3 2 1 2)              87.860
6668       (1 0 1 2 1 2 1)              87.862
6669       (1 0 0 0 2 2 1)              87.864
6670       (0 0 2 3 1 2 1)              87.857
6671       (1 0 3 1 2 1 2)              87.859
6672       (1 0 3 1 2 1 2)              87.857
6673       (1 0 1 2 1 1 1)              87.858
6674       (1 0 1 2 1 2 1)              87.856
6675       (1 0 2 3 2 1 2)              87.853
6676       (1 0 2 3 2 1 2)              87.855
6677       (1 0 3 1 2 1 2)              87.857
6678       (1 0 3 1 2 1 2)              87.859
6679       (1 0 2 3 2 1 2)              87.861
6680       (1 0 3 1 2 1 2)              87.860
6681       (1 0 2 3 2 1 2)              87.862
6682       (1 0 2 3 2 1 2)              87.864
6683       (1 0 3 1 2 1 2)              87.866
6684       (1 0 2 3 2 2 1)              87.868
6685       (1 0 2 3 2 1 2)              87.870
6686       (1 0 2 3 1 2 1)              87.871
6689       (0 0 1 2 1 1 1)              87.871
6690       (1 0 3 1 2 1 2)              87.873
6691       (0 1 4 6 0 0 1)              87.866
6692       (0 0 4 5 2 2 1)              87.857
6693       (1 0 3 1 2 1 2)              87.859
6694       (1 0 3 1 2 1 2)              87.861
6695       (1 0 3 1 2 1 2)              87.858
6696       (1 0 1 2 1 1 1)              87.860
6697       (1 0 2 3 2 1 2)              87.862
6698       (1 0 1 2 0 0 1)              87.855
6699       (1 0 2 3 2 1 2)              87.851
6700       (0 0 1 2 1 2 1)              87.848
6701       (1 0 0 0 2 2 1)              87.846
6702       (1 0 2 3 2 1 2)              87.848
6703       (0 0 4 6 1 2 1)              87.841
6704       (1 0 2 3 2 1 2)              87.843
6705       (1 0 2 3 2 1 2)              87.845
6706       (1 0 1 2 1 2 1)              87.844
6707       (1 0 1 2 1 2 1)              87.842
6708       (1 0 1 2 1 1 1)              87.837
6709       (1 0 1 2 0 0 1)              87.830
6710       (1 0 2 3 2 1 2)              87.832
6711       (1 0 2 3 2 1 2)              87.830
6712       (1 0 1 2 1 1 1)              87.832
6713       (1 0 3 1 2 1 2)              87.831
6714       (1 0 1 2 0 0 1)              87.833
6715       (1 0 2 3 2 1 2)              87.835
6716       (1 0 3 1 2 1 2)              87.837
6717       (1 0 3 1 2 1 2)              87.839
6718       (1 0 2 3 2 1 2)              87.840
6719       (1 0 0 0 2 2 1)              87.842
6720       (1 0 2 3 2 1 2)              87.844
6721       (1 0 3 1 2 1 2)              87.844
6722       (1 0 3 1 2 1 2)              87.843
6723       (1 0 1 2 1 2 1)              87.843
6724       (1 0 2 3 2 1 2)              87.841
6725       (1 0 3 1 2 1 2)              87.840
6726       (1 0 2 3 2 1 2)              87.842
6727       (1 0 2 3 2 1 2)              87.844
6728       (1 0 2 3 2 1 2)              87.846
6729       (1 0 2 3 2 1 2)              87.848
6730       (1 0 4 5 2 2 2)              87.843
6731       (0 0 1 2 0 0 1)              87.843
6732       (1 0 3 1 2 1 2)              87.844
6733       (0 0 1 2 1 1 1)              87.844
6734       (1 0 1 2 1 2 1)              87.840
6735       (1 0 1 2 1 1 1)              87.841
6736       (1 0 1 2 1 1 1)              87.843
6737       (1 0 3 1 2 1 2)              87.837
6738       (1 0 1 2 1 1 1)              87.838
6739       (1 0 2 3 1 2 1)              87.840
6740       (1 0 3 1 2 1 1)              87.833
6741       (1 0 2 3 2 1 2)              87.835
6742       (1 0 3 1 2 1 2)              87.833
6743       (0 1 4 6 0 0 1)              87.826
6744       (1 0 3 1 2 1 2)              87.828
6745       (1 0 0 0 2 2 1)              87.830
6746       (1 0 2 3 2 1 2)              87.832
6747       (1 0 3 1 2 1 2)              87.833
6748       (1 0 2 3 2 1 2)              87.835
6749       (1 0 2 3 2 1 2)              87.831
6750       (1 0 1 2 1 1 1)              87.832
6751       (1 0 3 1 2 1 2)              87.834
6752       (1 0 2 3 2 1 2)              87.836
6753       (1 0 3 1 2 1 2)              87.838
6754       (1 0 3 1 2 1 2)              87.838
6755       (1 0 3 1 2 1 2)              87.839
6756       (1 0 0 0 1 2 0)              87.841
6757       (1 0 1 2 1 2 1)              87.841
6758       (1 0 1 2 1 1 1)              87.843
6759       (1 0 1 2 1 1 1)              87.838
6760       (1 0 2 3 1 2 1)              87.840
6761       (1 0 2 3 2 1 2)              87.842
6762       (1 0 2 3 2 1 2)              87.843
6763       (1 0 2 3 2 1 2)              87.841
6764       (1 0 2 3 2 1 2)              87.843
6765       (1 0 3 1 2 1 2)              87.840
6766       (1 0 1 2 1 1 1)              87.842
6767       (1 0 1 2 1 1 1)              87.844
6768       (1 0 3 1 2 1 2)              87.846
6769       (1 0 3 1 2 1 2)              87.846
6770       (1 0 1 2 1 2 1)              87.843
6771       (1 0 1 2 1 1 1)              87.845
6772       (1 0 2 3 2 1 2)              87.842
6773       (1 0 3 1 2 1 2)              87.838
6774       (1 0 3 1 2 1 2)              87.840
6775       (1 0 2 3 2 1 2)              87.841
6776       (1 0 2 3 2 1 2)              87.843
6777       (1 0 3 1 2 1 2)              87.843
6778       (1 0 2 3 2 1 2)              87.845
6779       (1 0 1 2 0 0 1)              87.847
6780       (1 0 2 3 2 1 2)              87.848
6781       (1 0 3 1 2 1 2)              87.850
6782       (1 0 2 3 2 1 2)              87.852
6783       (1 0 2 3 2 1 2)              87.854
6784       (0 0 4 6 1 1 1)              87.847
6785       (1 0 1 2 1 2 1)              87.847
6786       (1 0 2 3 2 1 2)              87.844
6787       (1 0 2 3 2 1 2)              87.846
6788       (0 0 4 5 2 2 1)              87.842
6789       (1 0 2 3 2 1 2)              87.843
6790       (1 0 2 3 2 1 2)              87.841
6791       (1 0 1 2 0 0 1)              87.836
6792       (1 0 3 1 2 1 2)              87.838
6793       (1 0 2 3 2 1 2)              87.840
6794       (1 0 2 3 2 1 2)              87.836
6795       (1 0 3 1 2 1 2)              87.833
6796       (1 0 1 2 1 1 1)              87.835
6797       (1 0 3 1 2 1 2)              87.837
6798       (1 0 2 3 2 1 2)              87.838
6799       (1 0 2 3 1 1 1)              87.840
6800       (1 0 3 1 2 1 2)              87.840
6801       (1 0 1 2 1 2 1)              87.840
6802       (0 0 2 3 1 2 1)              87.833
6803       (1 0 2 3 2 1 2)              87.835
6804       (1 0 2 3 2 1 2)              87.837
6805       (1 0 2 3 1 2 1)              87.838
6806       (1 0 2 3 2 1 2)              87.840
6807       (1 0 3 1 2 1 2)              87.840
6808       (1 0 1 2 1 1 1)              87.842
6810       (1 0 1 2 1 1 1)              87.843
6811       (1 0 2 3 2 1 2)              87.845
6812       (1 0 2 3 2 1 2)              87.847
6813       (1 0 1 2 1 1 1)              87.849
6814       (1 0 2 3 2 1 2)              87.851
6815       (1 0 2 3 2 1 2)              87.852
6816       (1 0 3 1 2 1 2)              87.852
6817       (1 0 1 2 1 2 1)              87.852
6818       (1 0 2 3 2 1 2)              87.854
6819       (1 0 1 2 1 1 1)              87.855
6820       (1 0 3 1 2 1 2)              87.857
6821       (1 0 2 3 2 1 2)              87.859
6822       (1 0 2 3 1 2 1)              87.861
6823       (1 0 2 3 2 1 2)              87.862
6824       (1 0 2 3 2 1 2)              87.864
6825       (1 0 1 2 1 1 1)              87.866
6826       (1 0 3 1 2 1 2)              87.866
6827       (1 0 1 2 1 1 1)              87.868
6828       (1 0 1 2 1 1 1)              87.869
6829       (1 0 3 1 2 1 2)              87.871
6830       (1 0 1 2 1 1 1)              87.867
6831       (1 0 2 3 2 1 2)              87.864
6832       (1 0 3 1 2 1 2)              87.862
6833       (1 0 2 3 2 1 2)              87.864
6834       (1 0 2 3 2 1 2)              87.863
6835       (1 0 0 0 2 2 1)              87.865
6836       (1 0 3 1 2 1 2)              87.867
6837       (1 0 2 3 2 1 2)              87.869
6838       (1 0 2 3 2 1 2)              87.866
6839       (1 0 2 3 2 1 2)              87.868
6840       (1 0 1 2 1 1 1)              87.870
6841       (1 0 3 1 2 1 2)              87.871
6842       (1 0 3 1 2 1 2)              87.873
6843       (1 0 1 2 1 1 1)              87.871
6844       (1 0 2 3 2 1 2)              87.873
6845       (1 0 2 3 1 2 1)              87.872
6846       (1 0 1 2 1 1 1)              87.874
6847       (1 0 2 3 2 1 2)              87.876
6848       (1 0 0 0 2 2 1)              87.878
6849       (1 0 3 1 2 1 2)              87.879
6850       (1 0 2 3 2 1 2)              87.881
6851       (1 0 3 1 2 1 2)              87.881
6852       (1 0 3 1 2 1 2)              87.878
6853       (1 0 3 1 2 1 2)              87.880
6854       (1 0 3 1 2 1 2)              87.880
6855       (1 0 1 2 1 1 1)              87.882
6856       (1 0 3 1 2 1 2)              87.883
6857       (1 0 2 3 1 1 2)              87.883
6858       (1 0 2 3 2 1 2)              87.885
6859       (1 0 1 2 1 1 1)              87.887
6860       (1 0 3 1 2 1 2)              87.884
6861       (1 0 2 3 1 2 1)              87.886
6862       (1 0 2 3 2 1 2)              87.884
6863       (1 0 2 3 2 1 2)              87.885
6864       (1 0 2 3 2 1 2)              87.887
6865       (1 0 2 3 2 1 2)              87.889
6866       (1 0 3 1 2 1 2)              87.887
6867       (1 0 2 3 1 1 1)              87.888
6868       (1 0 0 0 1 2 0)              87.890
6869       (1 0 2 3 2 1 2)              87.892
6870       (1 0 1 2 1 1 1)              87.894
6871       (1 0 2 3 2 1 2)              87.895
6872       (1 0 2 3 2 1 2)              87.897
6873       (1 0 4 6 0 0 1)              87.893
6874       (1 0 3 1 2 1 2)              87.890
6875       (1 0 3 1 2 1 2)              87.892
6876       (1 0 2 3 2 1 2)              87.894
6877       (1 0 3 1 2 1 2)              87.893
6878       (0 0 4 3 2 1 1)              87.887
6879       (1 0 4 5 2 2 2)              87.882
6880       (0 0 1 2 1 1 1)              87.874
6881       (1 0 2 3 2 1 2)              87.871
6882       (1 0 3 1 2 1 2)              87.873
6883       (1 0 2 3 2 1 2)              87.875
6884       (1 0 3 1 2 1 2)              87.877
6885       (1 0 2 3 2 1 2)              87.878
6886       (1 0 2 3 2 1 2)              87.880
6887       (1 0 2 3 2 1 2)              87.878
6888       (1 0 2 3 2 1 1)              87.873
6889       (1 0 3 1 2 1 2)              87.875
6890       (1 0 2 3 2 1 2)              87.875
6891       (1 0 3 1 2 1 2)              87.877
6892       (1 0 2 3 2 1 2)              87.874
6893       (1 0 3 1 2 1 2)              87.876
6894       (1 0 2 3 2 1 1)              87.871
6895       (1 0 2 3 2 1 2)              87.873
6896       (1 0 2 3 2 1 2)              87.875
6897       (1 0 1 2 1 1 1)              87.877
6898       (1 0 2 3 2 1 2)              87.879
6899       (1 0 1 2 1 1 1)              87.880
6900       (1 0 3 1 2 1 2)              87.882
6901       (1 0 3 1 2 1 2)              87.884
6902       (1 0 2 3 2 1 2)              87.886
6903       (1 0 2 3 2 1 2)              87.885
6904       (1 0 3 1 2 1 2)              87.887
6905       (1 0 2 3 2 1 2)              87.887
6906       (1 0 2 3 2 1 2)              87.888
6907       (0 0 4 6 1 2 2)              87.882
6908       (1 0 3 1 2 1 2)              87.884
6909       (1 0 3 1 2 1 2)              87.885
6910       (1 0 2 3 2 1 2)              87.887
6911       (1 0 2 3 2 1 2)              87.885
6912       (1 0 1 2 1 2 1)              87.887
6913       (1 0 1 2 1 2 1)              87.882
6914       (1 0 1 2 1 1 1)              87.884
6915       (1 0 1 2 1 1 1)              87.886
6916       (1 0 2 3 2 1 2)              87.887
6917       (1 0 2 3 1 2 1)              87.887
6918       (1 0 2 3 2 1 2)              87.889
6919       (1 0 1 2 1 1 1)              87.891
6920       (1 0 2 3 2 1 2)              87.892
6921       (1 0 1 2 0 0 0)              87.886
6922       (0 0 4 6 0 0 1)              87.879
6923       (1 0 0 0 2 2 1)              87.881
6924       (1 0 2 3 2 1 2)              87.883
6925       (1 0 2 3 1 2 1)              87.885
6926       (1 0 2 3 2 1 2)              87.886
6927       (1 0 3 1 2 1 2)              87.888
6928       (1 0 1 2 1 1 1)              87.890
6929       (1 0 1 2 1 2 1)              87.881
6930       (1 0 2 3 2 1 2)              87.883
6931       (1 0 2 3 2 1 2)              87.885
6932       (1 0 2 3 2 1 2)              87.886
6933       (1 0 2 3 2 1 2)              87.888
6934       (1 0 1 2 1 1 1)              87.890
6935       (1 0 2 3 2 1 2)              87.888
6936       (1 0 2 3 2 1 2)              87.885
6937       (1 0 3 1 2 1 2)              87.887
6938       (1 0 3 1 2 1 2)              87.885
6939       (1 0 1 2 1 2 1)              87.882
6940       (1 0 3 1 2 1 2)              87.876
6941       (0 0 4 3 2 1 1)              87.869
6942       (1 0 2 3 2 1 2)              87.871
6943       (1 0 2 3 2 1 2)              87.873
6944       (1 0 2 3 2 1 2)              87.874
6945       (1 0 2 3 2 1 2)              87.876
6946       (1 0 2 3 2 1 2)              87.878
6947       (1 0 2 3 1 2 1)              87.880
6948       (1 0 3 1 2 1 2)              87.879
6949       (1 0 3 1 2 1 2)              87.881
6950       (1 0 1 2 1 1 1)              87.879
6951       (1 0 2 3 2 1 2)              87.876
6952       (1 0 3 1 2 1 2)              87.874
6953       (1 0 3 1 2 1 2)              87.876
6954       (1 0 3 1 2 1 2)              87.878
6955       (1 0 1 2 1 1 1)              87.879
6956       (1 0 3 1 2 1 2)              87.879
6957       (1 0 1 2 1 1 1)              87.881
6958       (1 0 2 3 2 1 2)              87.882
6959       (1 0 2 3 2 1 2)              87.882
6960       (1 0 0 0 1 2 0)              87.884
6961       (1 0 2 3 2 1 2)              87.886
6962       (1 0 1 2 1 1 1)              87.887
6963       (1 0 2 3 2 1 2)              87.889
6964       (1 0 1 2 1 1 1)              87.891
6965       (1 0 2 3 2 1 2)              87.891
6966       (0 0 4 6 0 0 1)              87.882
6967       (1 0 2 3 2 1 2)              87.884
6968       (1 0 1 2 0 0 1)              87.886
6969       (1 0 2 3 2 1 2)              87.887
6970       (1 0 2 3 2 1 2)              87.889
6971       (1 0 2 3 1 2 1)              87.891
6972       (1 0 2 3 2 1 1)              87.886
6973       (1 0 3 1 2 1 2)              87.888
6974       (1 0 1 2 1 2 1)              87.888
6975       (1 0 2 3 2 1 1)              87.887
6976       (1 0 3 1 2 1 2)              87.885
6977       (1 0 1 2 1 1 1)              87.883
6978       (0 0 4 5 2 2 1)              87.878
6979       (1 0 3 1 2 1 2)              87.878
6980       (1 0 3 1 2 1 2)              87.878
6981       (1 0 2 3 2 1 2)              87.879
6982       (1 0 2 3 2 1 2)              87.877
6983       (1 0 3 1 2 1 2)              87.879
6984       (1 0 2 3 2 1 2)              87.876
6985       (1 0 2 3 2 1 2)              87.878
6986       (1 0 2 3 2 1 2)              87.880
6987       (1 0 1 2 1 1 1)              87.882
6988       (1 0 2 3 2 1 2)              87.883
6989       (1 0 3 1 2 1 1)              87.883
6990       (1 0 2 3 2 1 2)              87.885
6991       (1 0 3 1 2 1 2)              87.885
6992       (1 0 2 3 2 1 2)              87.886
6993       (1 0 3 1 2 1 2)              87.888
6994       (1 0 2 3 1 2 1)              87.882
6995       (1 0 3 1 2 1 2)              87.883
6996       (1 0 2 3 2 1 2)              87.883
6997       (1 0 2 3 2 1 2)              87.883
6998       (1 0 1 2 0 0 0)              87.876
6999       (1 0 3 1 2 1 2)              87.878
7000       (1 0 2 3 1 2 1)              87.880
7001       (1 0 3 1 2 1 2)              87.881
7002       (1 0 3 1 2 1 2)              87.883
7003       (0 0 2 3 1 1 1)              87.881
7004       (1 0 2 3 2 2 1)              87.880
7005       (1 0 2 3 1 2 1)              87.882
7006       (1 0 1 2 1 1 1)              87.884
7007       (1 0 1 2 1 1 1)              87.886
7008       (1 0 0 0 2 2 1)              87.883
7009       (1 0 3 1 2 1 2)              87.883
7010       (1 0 3 1 2 1 2)              87.883
7011       (1 0 3 1 2 1 2)              87.882
7012       (1 0 2 3 2 1 2)              87.882
7013       (1 0 3 1 2 1 2)              87.884
7014       (1 0 1 2 1 1 1)              87.886
7015       (0 0 1 2 1 1 1)              87.885
7016       (0 0 1 2 1 1 1)              87.885
7017       (1 0 3 1 2 1 2)              87.887
7018       (1 0 2 3 1 1 1)              87.888
7019       (1 0 2 3 2 1 2)              87.886
7020       (1 0 3 1 2 1 2)              87.884
7021       (1 0 1 2 1 1 1)              87.885
7022       (1 0 2 3 2 1 2)              87.887
7023       (1 0 3 1 2 1 2)              87.889
7024       (1 0 2 3 2 1 2)              87.891
7025       (1 0 2 3 2 1 2)              87.892
7026       (1 0 2 3 2 1 2)              87.894
7027       (1 0 2 3 2 1 2)              87.894
7028       (1 0 3 1 2 1 2)              87.891
7029       (1 0 3 1 2 1 2)              87.889
7030       (1 0 2 3 2 1 2)              87.887
7031       (1 0 3 1 2 1 2)              87.888
7032       (1 0 3 1 2 1 2)              87.890
7033       (1 0 3 1 2 1 2)              87.884
7034       (1 0 2 3 2 1 2)              87.881
7035       (1 0 2 3 2 1 2)              87.883
7036       (1 0 3 1 2 1 2)              87.883
7037       (1 0 2 3 2 1 2)              87.885
7038       (0 0 1 2 1 1 1)              87.884
7039       (1 0 1 2 1 1 1)              87.886
7040       (1 0 3 1 2 1 2)              87.888
7041       (0 0 4 6 1 2 1)              87.881
7042       (1 0 1 2 1 1 1)              87.883
7043       (1 0 2 3 2 1 2)              87.881
7044       (1 0 3 1 2 1 2)              87.872
7045       (1 0 3 1 2 1 2)              87.874
7046       (1 0 3 1 2 1 2)              87.876
7047       (1 0 3 1 2 1 2)              87.873
7048       (1 0 3 1 2 1 2)              87.875
7049       (1 0 2 3 2 1 2)              87.877
7050       (1 0 2 3 2 1 2)              87.878
7051       (1 0 2 3 2 1 2)              87.880
7052       (1 0 2 3 2 1 2)              87.882
7053       (1 0 2 3 2 1 2)              87.880
7054       (1 0 3 1 2 1 2)              87.879
7055       (1 0 3 1 2 1 2)              87.881
7056       (1 0 3 1 2 1 2)              87.883
7057       (1 0 1 2 1 1 1)              87.884
7058       (1 0 1 2 0 0 0)              87.886
7059       (0 0 1 2 1 1 1)              87.886
7060       (1 0 2 3 2 1 2)              87.884
7061       (1 0 2 3 2 1 2)              87.885
7062       (1 0 2 3 2 1 2)              87.887
7063       (1 0 4 5 2 2 2)              87.883
7064       (1 0 2 3 1 1 1)              87.880
7065       (1 0 3 1 2 1 2)              87.882
7066       (1 0 3 1 2 1 2)              87.884
7067       (1 0 3 1 2 1 2)              87.885
7068       (1 0 2 3 2 1 2)              87.887
7069       (1 0 2 3 2 1 2)              87.889
7070       (1 0 2 3 2 1 2)              87.891
7071       (1 0 2 3 2 1 2)              87.892
7072       (1 0 2 3 2 1 2)              87.894
7073       (1 0 2 3 2 1 2)              87.896
7074       (1 0 3 1 2 1 2)              87.895
7075       (1 0 1 2 1 1 1)              87.897
7076       (1 0 2 3 2 1 2)              87.899
7077       (1 0 3 1 2 1 2)              87.899
7078       (0 0 1 2 2 2 1)              87.896
7079       (1 0 3 1 2 1 2)              87.898
7080       (1 0 2 3 2 1 2)              87.900
7081       (1 0 2 3 2 1 2)              87.901
7082       (1 0 2 3 2 2 1)              87.901
7083       (1 0 2 3 1 2 1)              87.903
7084       (1 0 1 2 1 1 1)              87.904
7085       (1 0 2 3 2 1 2)              87.906
7086       (1 0 1 2 1 1 1)              87.908
7087       (1 0 1 2 1 1 1)              87.910
7088       (1 0 2 3 2 1 2)              87.905
7089       (1 0 2 3 2 1 2)              87.903
7090       (1 0 2 3 2 1 2)              87.903
7091       (1 0 3 1 2 1 2)              87.904
7092       (1 0 2 3 2 1 2)              87.906
7093       (1 0 3 1 2 1 2)              87.904
7094       (1 0 2 3 2 1 2)              87.905
7095       (0 0 1 2 1 1 1)              87.905
7096       (1 0 2 3 2 1 2)              87.905
7097       (1 0 2 3 2 1 2)              87.902
7098       (0 0 4 6 0 0 1)              87.898
7099       (1 0 2 3 2 1 2)              87.900
7100       (1 0 3 1 2 1 2)              87.902
7101       (1 0 3 1 2 1 2)              87.903
7102       (1 0 2 3 2 1 2)              87.905
7103       (1 0 2 3 2 1 2)              87.907
7104       (0 0 1 2 0 0 1)              87.906
7105       (1 0 2 3 1 2 1)              87.908
7106       (1 0 2 3 2 1 2)              87.910
7107       (0 0 4 5 2 2 1)              87.905
7108       (1 0 2 3 2 1 2)              87.905
7109       (1 0 1 2 1 1 1)              87.899
7110       (1 0 1 2 1 2 1)              87.894
7111       (1 0 2 3 2 1 2)              87.896
7112       (1 0 1 2 1 1 1)              87.898
7113       (1 0 2 3 2 2 1)              87.900
7114       (1 0 2 3 2 1 2)              87.897
7115       (0 0 4 6 1 2 2)              87.891
7116       (1 0 1 2 0 0 1)              87.893
7117       (1 0 2 3 2 1 2)              87.894
7118       (1 0 3 1 1 1 1)              87.896
7119       (1 0 2 3 0 0 0)              87.892
7120       (1 0 2 3 1 2 1)              87.893
7121       (1 0 2 3 2 1 2)              87.895
7122       (1 0 2 3 2 1 2)              87.897
7123       (1 0 2 3 2 1 2)              87.898
7124       (1 0 3 1 2 1 2)              87.896
7125       (1 0 3 1 2 1 2)              87.894
7126       (0 0 1 2 1 1 1)              87.887
7127       (1 0 1 2 1 1 1)              87.889
7128       (1 0 2 3 2 1 2)              87.891
7129       (1 0 3 1 2 1 2)              87.883
7130       (1 0 1 2 1 1 1)              87.884
7131       (1 0 2 3 2 1 2)              87.882
7132       (1 0 2 3 1 2 1)              87.878
7133       (1 0 2 3 2 1 2)              87.879
7134       (1 0 2 3 2 1 2)              87.877
7135       (1 0 1 2 1 1 1)              87.871
7136       (1 0 3 1 2 1 2)              87.868
7137       (1 0 3 1 2 1 2)              87.870
7138       (1 0 2 3 2 1 2)              87.868
7139       (1 0 2 3 2 1 2)              87.869
7140       (0 0 4 6 1 2 1)              87.863
7141       (1 0 3 1 2 1 2)              87.857
7142       (1 0 2 3 1 2 1)              87.859
7143       (1 0 2 3 2 1 2)              87.856
7144       (1 0 2 3 2 1 2)              87.852
7145       (0 0 4 5 2 2 1)              87.844
7146       (1 0 3 1 2 1 2)              87.841
7147       (1 0 2 3 2 1 2)              87.839
7148       (1 0 1 2 1 1 1)              87.841
7149       (1 0 3 1 2 1 2)              87.842
7150       (1 0 1 2 1 1 1)              87.844
7151       (1 0 1 2 1 2 1)              87.840
7152       (1 0 1 2 1 1 1)              87.842
7153       (0 0 1 2 0 0 1)              87.833
7154       (1 0 3 1 2 1 2)              87.833
7155       (1 0 2 3 2 1 2)              87.835
7156       (1 0 3 1 2 1 2)              87.836
7157       (1 0 2 3 2 1 2)              87.838
7158       (1 0 1 2 1 2 1)              87.840
7159       (1 0 2 3 2 1 2)              87.841
7160       (1 0 2 3 2 1 2)              87.843
7161       (1 0 2 3 2 1 2)              87.841
7162       (1 0 1 2 1 2 1)              87.837
7163       (1 0 3 1 2 1 2)              87.838
7164       (1 0 1 2 1 1 1)              87.840
7165       (1 0 2 3 2 1 2)              87.842
7166       (1 0 1 2 1 1 1)              87.843
7167       (1 0 3 1 2 1 2)              87.841
7168       (1 0 1 2 1 1 1)              87.843
7169       (1 0 2 3 2 1 2)              87.844
7170       (0 0 0 4 1 2 1)              87.838
7171       (1 0 2 3 2 1 2)              87.838
7172       (1 0 2 3 2 1 2)              87.840
7173       (1 0 2 3 2 1 2)              87.841
7174       (0 0 4 6 1 1 1)              87.837
7175       (1 0 2 3 1 2 1)              87.839
7176       (1 0 3 1 2 1 2)              87.838
7177       (1 0 3 1 2 1 2)              87.840
7178       (1 0 3 1 2 1 2)              87.838
7179       (0 0 1 2 1 1 1)              87.837
7180       (1 0 1 2 1 2 1)              87.837
7181       (1 0 1 2 1 1 1)              87.839
7182       (1 0 3 1 2 1 2)              87.841
7183       (1 0 2 3 2 1 2)              87.838
7184       (1 0 1 2 0 0 1)              87.834
7185       (1 0 2 3 2 1 2)              87.832
7186       (1 0 1 2 1 2 1)              87.827
7187       (1 0 2 3 1 2 1)              87.825
7188       (1 0 2 3 2 1 2)              87.827
7189       (1 0 2 3 2 1 2)              87.823
7190       (1 0 3 1 2 1 2)              87.824
7191       (1 0 2 3 2 1 2)              87.826
7192       (1 0 2 3 2 1 2)              87.828
7193       (1 0 2 3 2 1 2)              87.825
7194       (1 0 3 1 2 1 2)              87.827
7195       (0 0 1 2 1 1 1)              87.821
7196       (1 0 2 3 2 1 2)              87.817
7197       (1 0 3 1 2 1 2)              87.814
7198       (1 0 1 2 1 1 1)              87.816
7199       (1 0 3 1 1 2 1)              87.818
7200       (1 0 2 3 2 1 2)              87.819
7201       (1 0 2 3 2 1 2)              87.819
7202       (1 0 3 1 2 1 2)              87.821
7203       (1 0 2 3 2 1 2)              87.820
7204       (1 0 1 2 1 2 1)              87.822
7205       (1 0 3 1 2 1 2)              87.820
7206       (1 0 1 2 1 1 1)              87.822
7207       (1 0 3 1 2 1 2)              87.821
7208       (1 0 2 3 2 1 2)              87.823
7209       (1 0 2 3 2 1 2)              87.825
7210       (1 0 2 3 2 1 2)              87.826
7211       (1 0 3 1 2 1 2)              87.828
7212       (0 0 4 6 0 0 1)              87.824
7213       (1 0 1 2 1 1 1)              87.825
7214       (1 0 3 1 2 1 2)              87.827
7215       (0 0 1 2 1 1 1)              87.827
7216       (1 0 2 3 2 1 2)              87.829
7217       (0 0 1 2 1 1 1)              87.828
7218       (1 0 0 0 1 2 0)              87.830
7219       (0 0 1 2 1 1 1)              87.824
7220       (1 0 3 1 2 1 2)              87.825
7221       (1 0 2 3 2 1 2)              87.825
7222       (1 0 3 1 2 1 2)              87.827
7223       (1 0 2 3 2 1 2)              87.828
7224       (1 0 1 2 1 2 1)              87.826
7225       (1 0 3 1 2 1 2)              87.828
7226       (1 0 2 3 1 2 1)              87.828
7227       (1 0 1 2 1 0 1)              87.823
7228       (1 0 2 3 2 1 2)              87.819
7229       (1 0 2 3 2 1 2)              87.821
7230       (0 0 1 2 1 1 1)              87.815
7231       (1 0 3 1 2 1 2)              87.808
7232       (0 0 1 2 1 2 1)              87.806
7233       (1 0 1 2 1 1 1)              87.808
7234       (0 0 4 6 1 2 1)              87.801
7235       (1 0 2 3 2 1 2)              87.799
7236       (0 0 4 6 1 2 1)              87.793
7237       (1 0 2 3 2 1 2)              87.795
7238       (1 0 2 3 2 1 2)              87.796
7239       (1 0 2 3 2 1 2)              87.798
7240       (1 0 2 3 2 1 1)              87.792
7241       (1 0 3 1 2 1 2)              87.794
7242       (1 0 2 3 2 1 2)              87.791
7243       (1 0 2 3 2 1 2)              87.793
7244       (1 0 2 3 2 1 2)              87.793
7245       (1 0 2 3 2 1 2)              87.794
7246       (1 0 3 1 2 1 2)              87.792
7247       (1 0 2 3 2 1 2)              87.794
7248       (1 0 3 1 2 1 2)              87.795
7249       (1 0 2 3 2 1 2)              87.795
7250       (1 0 2 3 2 1 2)              87.797
7251       (0 0 1 2 1 1 1)              87.797
7252       (1 0 3 1 2 1 2)              87.798
7253       (1 0 1 2 1 1 1)              87.800
7254       (1 0 2 3 2 1 2)              87.802
7255       (1 0 3 1 2 1 2)              87.803
7256       (1 0 2 3 2 1 2)              87.803
7257       (1 0 3 1 2 1 2)              87.805
7258       (1 0 2 3 2 1 2)              87.806
7259       (1 0 2 3 2 1 2)              87.808
7260       (1 0 2 3 2 1 2)              87.810
7261       (0 0 4 2 1 1 1)              87.808
7262       (1 0 3 1 2 1 2)              87.809
7263       (1 0 2 3 2 1 2)              87.811
7264       (1 0 2 3 2 1 2)              87.813
7265       (1 0 2 3 2 1 2)              87.814
7266       (1 0 2 3 2 1 2)              87.816
7267       (1 0 2 3 2 1 2)              87.818
7268       (1 0 2 3 2 1 2)              87.819
7269       (1 0 1 2 1 1 1)              87.821
7270       (1 0 1 2 1 1 1)              87.823
7271       (1 0 1 2 1 2 1)              87.822
7272       (1 0 3 1 2 1 2)              87.820
7273       (1 0 2 3 2 1 2)              87.822
7274       (1 0 2 3 2 1 2)              87.820
7275       (1 0 1 2 1 2 1)              87.821
7276       (1 0 2 3 2 1 2)              87.823
7277       (1 0 2 3 1 1 1)              87.821
7278       (1 0 2 3 2 1 2)              87.818
7279       (1 0 3 1 2 1 2)              87.820
7280       (1 0 3 1 2 1 2)              87.818
7281       (1 0 2 3 2 1 2)              87.817
7282       (1 0 1 2 1 1 1)              87.811
7283       (0 0 4 6 1 2 1)              87.805
7284       (1 0 2 3 2 1 2)              87.807
7285       (0 0 1 2 1 1 1)              87.803
7286       (1 0 2 3 2 1 2)              87.804
7287       (1 0 2 3 2 1 2)              87.806
7288       (1 0 1 2 1 1 1)              87.808
7289       (1 0 2 3 2 1 2)              87.809
7290       (1 0 2 3 2 1 2)              87.811
7291       (1 0 1 2 2 2 1)              87.811
7292       (1 0 2 3 2 1 2)              87.812
7293       (1 0 2 3 2 1 2)              87.814
7294       (1 0 3 1 2 1 2)              87.816
7295       (1 0 2 3 1 2 1)              87.817
7296       (1 0 1 2 1 1 1)              87.819
7297       (1 0 4 5 2 2 2)              87.815
7298       (1 0 2 3 2 1 2)              87.817
7299       (1 0 2 3 2 1 2)              87.814
7300       (1 0 3 1 2 1 2)              87.816
7301       (1 0 3 1 2 1 2)              87.818
7302       (0 0 2 3 1 2 1)              87.811
7303       (1 0 2 3 2 1 2)              87.811
7304       (1 0 2 3 2 1 2)              87.813
7305       (1 0 0 0 2 2 1)              87.814
7306       (1 0 2 3 2 1 2)              87.814
7307       (1 0 1 2 1 2 1)              87.806
7308       (1 0 1 2 1 1 1)              87.808
7309       (1 0 2 3 2 1 2)              87.809
7310       (1 0 3 1 2 1 2)              87.809
7311       (1 0 2 3 2 1 2)              87.811
7312       (0 0 1 2 1 1 1)              87.805
7313       (1 0 1 2 1 1 1)              87.806
7314       (1 0 1 2 1 1 1)              87.808
7315       (1 0 2 3 2 1 2)              87.810
7316       (1 0 1 2 1 1 1)              87.811
7317       (1 0 2 3 2 1 2)              87.807
7318       (1 0 1 2 1 1 1)              87.809
7319       (1 0 2 3 2 1 2)              87.810
7320       (1 0 3 1 2 1 2)              87.802
7321       (1 0 1 2 1 1 1)              87.804
7322       (0 0 4 6 0 0 1)              87.796
7323       (1 0 2 3 2 1 2)              87.798
7324       (1 0 2 3 2 1 2)              87.799
7325       (0 0 1 2 1 1 1)              87.799
7326       (1 0 3 1 2 1 2)              87.801
7327       (1 0 3 1 2 1 2)              87.802
7328       (1 0 1 2 1 1 1)              87.804
7329       (1 0 2 3 2 1 2)              87.806
7330       (1 0 2 3 2 1 2)              87.803
7331       (1 0 2 3 2 1 2)              87.805
7332       (1 0 3 1 2 1 2)              87.803
7333       (1 0 3 1 2 1 2)              87.804
7334       (1 0 2 3 2 1 2)              87.806
7335       (1 0 3 1 2 1 2)              87.808
7336       (0 0 2 3 1 1 1)              87.804
7337       (0 0 2 3 1 2 1)              87.803
7338       (1 0 3 1 2 1 2)              87.805
7339       (1 0 1 2 1 1 1)              87.805
7340       (1 0 2 3 2 1 2)              87.806
7341       (1 0 2 3 2 1 2)              87.808
7342       (1 0 3 1 1 1 1)              87.810
7343       (1 0 2 3 2 1 2)              87.811
7344       (1 0 2 3 2 1 2)              87.813
7345       (1 0 0 0 1 2 0)              87.815
7346       (1 0 2 3 1 2 1)              87.816
7347       (1 0 2 3 2 1 2)              87.818
7348       (1 0 2 3 2 1 2)              87.820
7349       (1 0 3 1 2 1 2)              87.817
7350       (1 0 2 3 2 1 2)              87.819
7351       (1 0 2 3 1 2 1)              87.819
7352       (1 0 2 3 2 1 2)              87.821
7353       (1 0 2 3 2 1 2)              87.818
7354       (1 0 3 1 2 1 2)              87.820
7355       (1 0 3 1 2 1 2)              87.822
7356       (1 0 2 3 2 1 2)              87.823
7357       (1 0 2 3 2 1 2)              87.821
7358       (1 0 2 3 2 1 2)              87.823
7359       (1 0 2 3 2 1 2)              87.824
7360       (1 0 2 3 2 1 2)              87.824
7361       (1 0 2 3 2 1 2)              87.826
7362       (1 0 1 2 1 1 1)              87.827
7363       (1 0 2 3 2 1 2)              87.827
7364       (1 0 1 2 1 1 1)              87.829
7365       (1 0 2 3 2 1 2)              87.830
7366       (1 0 2 3 2 1 1)              87.830
7367       (1 0 3 1 2 1 2)              87.832
7368       (1 0 2 3 2 1 2)              87.833
7369       (1 0 3 1 2 1 2)              87.831
7370       (1 0 2 3 2 1 2)              87.829
7371       (1 0 2 3 2 1 2)              87.831
7372       (1 0 2 3 2 1 2)              87.832
7373       (0 0 1 2 1 1 1)              87.828
7374       (1 0 2 3 2 1 2)              87.830
7375       (1 0 2 3 2 1 2)              87.831
7376       (1 0 1 2 1 1 1)              87.833
7377       (1 0 3 1 2 1 2)              87.831
7378       (1 0 2 3 2 2 1)              87.831
7379       (1 0 2 3 2 1 2)              87.832
7380       (1 0 3 1 2 1 2)              87.832
7381       (1 0 3 1 2 1 2)              87.826
7382       (1 0 1 2 1 1 1)              87.827
7383       (0 0 4 6 1 2 1)              87.821
7384       (1 0 2 3 2 1 2)              87.819
7385       (0 0 1 2 1 1 1)              87.815
7386       (1 0 2 3 2 1 2)              87.817
7387       (0 0 4 6 1 2 1)              87.811
7388       (1 0 2 3 1 2 1)              87.812
7389       (1 0 2 3 2 1 2)              87.814
7390       (1 0 3 1 2 1 2)              87.815
7391       (1 0 2 3 2 1 2)              87.813
7392       (1 0 3 1 2 1 2)              87.805
7393       (1 0 2 3 2 1 2)              87.807
7394       (1 0 3 1 2 1 2)              87.807
7395       (1 0 2 3 2 1 2)              87.808
7396       (1 0 2 3 2 1 2)              87.808
7397       (0 0 2 3 1 1 1)              87.806
7398       (1 0 1 2 1 1 1)              87.807
7400       (1 0 2 3 2 1 2)              87.809
7401       (1 0 2 3 2 1 2)              87.811
7402       (1 0 1 2 1 1 1)              87.812
7403       (1 0 2 3 2 1 2)              87.810
7404       (1 0 2 3 2 1 2)              87.808
7405       (1 0 1 2 1 1 1)              87.806
7406       (1 0 2 3 2 1 2)              87.807
7407       (1 0 2 3 2 1 2)              87.805
7408       (1 0 2 3 2 1 2)              87.807
7409       (1 0 3 1 2 1 2)              87.806
7410       (0 0 4 6 0 0 1)              87.798
7411       (1 0 1 2 1 1 1)              87.800
7412       (1 0 3 1 2 1 2)              87.800
7413       (1 0 2 3 2 1 2)              87.801
7414       (1 0 1 2 0 0 1)              87.803
7415       (1 0 3 1 2 1 2)              87.805
7416       (1 0 2 3 2 1 2)              87.805
7417       (0 0 1 2 1 1 1)              87.804
7418       (1 0 2 3 2 1 2)              87.806
7419       (1 0 2 3 1 1 1)              87.800
7420       (1 0 3 1 2 1 2)              87.792
7421       (1 0 1 2 2 2 1)              87.793
7422       (1 0 2 3 2 1 2)              87.795
7423       (1 0 1 2 1 1 1)              87.797
7424       (1 0 2 3 2 1 2)              87.798
7425       (1 0 2 3 2 1 2)              87.800
7426       (1 0 2 3 1 2 1)              87.802
7427       (1 0 3 1 2 1 2)              87.801
7428       (0 1 4 6 0 0 1)              87.795
7429       (1 0 2 3 2 1 2)              87.787
7430       (1 0 0 0 2 2 1)              87.789
7431       (1 0 3 1 2 1 2)              87.791
7432       (1 0 2 3 1 1 1)              87.792
7433       (1 0 2 3 2 1 2)              87.794
7434       (1 0 2 3 2 1 2)              87.796
7435       (1 0 2 3 2 1 2)              87.797
7436       (1 0 3 1 2 1 2)              87.793
7437       (1 0 2 3 2 1 2)              87.795
7438       (1 0 2 3 2 1 2)              87.796
7439       (1 0 2 3 2 1 2)              87.794
7440       (1 0 2 3 2 1 2)              87.792
7441       (1 0 2 3 2 1 2)              87.794
7442       (1 0 1 2 1 1 1)              87.795
7443       (1 0 2 3 1 2 1)              87.787
7444       (0 0 4 6 0 0 1)              87.779
7445       (1 0 2 3 2 1 2)              87.781
7446       (1 0 2 3 2 1 2)              87.779
7447       (1 0 1 2 1 2 1)              87.778
7448       (1 0 3 1 2 1 2)              87.780
7449       (1 0 3 1 2 1 2)              87.782
7450       (0 0 2 3 1 2 1)              87.776
7451       (1 0 2 3 2 1 2)              87.775
7452       (1 0 3 1 2 1 2)              87.777
7453       (1 0 2 3 2 1 2)              87.775
7454       (1 0 3 1 2 1 2)              87.777
7455       (1 0 3 1 2 1 2)              87.776
7456       (1 0 2 3 2 1 2)              87.778
7457       (1 0 2 3 2 1 2)              87.780
7458       (1 0 2 3 2 1 2)              87.781
7459       (1 0 3 1 2 1 2)              87.783
7460       (1 0 1 2 1 2 1)              87.784
7461       (0 0 4 5 2 2 1)              87.780
7462       (1 0 3 1 2 1 2)              87.774
7463       (1 0 1 2 1 1 1)              87.772
7464       (1 0 3 1 2 1 2)              87.770
7465       (1 0 0 0 2 2 1)              87.764
7466       (1 0 2 3 2 1 2)              87.764
7467       (1 0 1 2 1 1 1)              87.765
7468       (1 0 2 3 2 1 2)              87.767
7469       (1 0 2 3 2 1 2)              87.769
7470       (1 0 3 1 2 1 2)              87.770
7471       (1 0 3 1 2 1 2)              87.772
7472       (1 0 3 1 2 1 2)              87.773
7473       (1 0 2 3 2 1 2)              87.775
7474       (1 0 2 3 2 1 2)              87.777
7475       (1 0 1 2 1 1 1)              87.778
7476       (0 0 2 3 1 2 1)              87.772
7477       (1 0 1 2 1 0 1)              87.772
7478       (1 0 2 3 2 1 2)              87.774
7479       (1 0 3 1 2 1 2)              87.775
7480       (1 0 2 3 2 1 2)              87.777
7481       (0 0 4 6 1 1 1)              87.771
7482       (1 0 1 2 1 1 1)              87.773
7483       (1 0 3 1 2 1 2)              87.774
7484       (1 0 2 3 2 1 2)              87.774
7485       (1 0 1 2 1 1 1)              87.776
7486       (1 0 3 1 2 1 2)              87.777
7487       (1 0 1 2 1 1 1)              87.779
7488       (1 0 3 1 2 1 2)              87.777
7489       (1 0 2 3 2 1 2)              87.778
7490       (0 0 4 6 0 0 1)              87.774
7491       (1 0 3 1 2 1 2)              87.776
7492       (1 0 1 2 1 1 1)              87.778
7493       (1 0 1 2 1 1 1)              87.779
7494       (1 0 2 3 1 0 1)              87.781
7495       (1 0 3 1 2 1 2)              87.782
7496       (1 0 1 2 1 2 1)              87.782
7497       (1 0 2 3 2 1 2)              87.784
7498       (1 0 2 3 2 1 2)              87.785
7499       (1 0 2 3 2 1 2)              87.787
7500       (1 0 1 2 1 1 1)              87.789
7501       (1 0 2 3 2 1 2)              87.790
7502       (1 0 3 1 2 1 2)              87.792
7503       (1 0 2 3 0 0 0)              87.794
7504       (0 0 1 2 0 0 1)              87.788
7505       (0 0 4 5 2 2 1)              87.783
7506       (1 0 2 3 2 1 2)              87.785
7507       (1 0 1 2 1 1 1)              87.787
7508       (1 0 1 2 1 1 1)              87.788
7509       (1 0 3 1 2 1 2)              87.780
7510       (1 0 2 3 2 1 2)              87.773
7511       (1 0 2 3 2 1 2)              87.774
7512       (1 0 3 1 2 1 2)              87.776
7513       (1 0 2 3 2 1 2)              87.774
7514       (1 0 1 2 1 1 1)              87.775
7515       (1 0 1 2 1 1 1)              87.777
7516       (1 0 3 1 2 1 2)              87.779
7517       (1 0 2 3 2 1 2)              87.780
7518       (1 0 2 3 2 1 2)              87.782
7519       (1 0 2 3 2 1 2)              87.783
7520       (1 0 3 1 2 1 2)              87.783
7521       (1 0 1 2 1 1 1)              87.785
7522       (1 0 2 3 2 1 2)              87.786
7523       (1 0 1 2 1 1 1)              87.788
7524       (1 0 2 3 2 1 2)              87.790
7525       (1 0 3 1 2 1 2)              87.791
7526       (1 0 2 3 2 1 2)              87.793
7527       (1 0 2 3 2 1 2)              87.795
7528       (1 0 3 1 2 1 2)              87.796
7529       (1 0 2 3 1 1 1)              87.796
7530       (1 0 1 2 1 1 1)              87.798
7531       (1 0 2 3 2 1 2)              87.799
7532       (1 0 2 3 2 1 2)              87.801
7533       (0 0 1 2 1 1 1)              87.795
7534       (1 0 2 3 2 1 2)              87.794
7535       (1 0 2 3 2 1 2)              87.796
7536       (1 0 2 3 2 1 2)              87.798
7537       (1 0 3 1 2 1 2)              87.799
7538       (1 0 3 1 2 1 2)              87.801
7539       (1 0 2 3 2 1 2)              87.797
7540       (1 0 2 3 2 1 2)              87.799
7541       (1 0 3 1 2 1 2)              87.800
7542       (1 0 2 3 2 1 2)              87.800
7543       (1 0 2 3 2 1 2)              87.798
7544       (1 0 3 1 2 1 2)              87.799
7545       (1 0 1 2 1 1 1)              87.801
7546       (1 0 4 5 2 2 2)              87.797
7547       (1 0 2 3 2 1 2)              87.795
7548       (1 0 3 1 2 1 2)              87.794
7549       (1 0 3 1 2 1 2)              87.796
7550       (1 0 2 3 2 1 2)              87.796
7551       (1 0 2 3 2 1 2)              87.797
7552       (1 0 1 2 1 1 1)              87.799
7553       (1 0 3 1 2 1 2)              87.801
7554       (1 0 1 2 1 2 1)              87.798
7555       (1 0 3 1 2 1 2)              87.800
7556       (1 0 3 1 2 1 2)              87.802
7557       (1 0 2 3 2 1 2)              87.803
7558       (1 0 1 2 1 1 1)              87.805
7559       (1 0 2 3 2 1 1)              87.803
7560       (1 0 1 2 1 1 1)              87.804
7561       (1 0 2 3 1 2 1)              87.800
7562       (1 0 2 3 2 1 2)              87.798
7563       (0 0 1 2 0 0 1)              87.798
7564       (1 0 1 2 1 1 1)              87.799
7565       (1 0 2 3 2 1 2)              87.797
7566       (1 0 3 1 2 1 2)              87.799
7567       (1 0 2 3 1 2 1)              87.799
7568       (0 0 3 1 1 1 0)              87.796
7569       (1 0 2 3 2 1 2)              87.798
7570       (1 0 2 3 2 1 2)              87.792
7571       (1 0 1 2 1 1 1)              87.786
7572       (1 0 3 1 2 1 2)              87.788
7573       (1 0 2 3 2 1 2)              87.789
7574       (1 0 3 1 1 2 1)              87.791
7575       (0 0 1 2 1 1 1)              87.789
7576       (1 0 2 3 2 1 2)              87.790
7577       (1 0 2 3 1 1 2)              87.790
7578       (1 0 2 3 2 1 2)              87.788
7579       (1 0 1 2 1 1 1)              87.790
7580       (1 0 2 3 2 1 2)              87.791
7581       (1 0 2 3 2 1 2)              87.793
7582       (1 0 2 3 2 1 2)              87.795
7583       (1 0 2 3 2 1 2)              87.796
7584       (1 0 3 1 2 1 2)              87.796
7585       (1 0 2 3 2 1 2)              87.794
7586       (1 0 2 3 2 1 2)              87.795
7587       (1 0 1 2 1 1 1)              87.791
7588       (1 0 2 3 2 1 2)              87.793
7589       (1 0 1 2 1 1 1)              87.794
7590       (1 0 2 3 2 1 2)              87.792
7591       (1 0 2 3 2 1 2)              87.792
7592       (1 0 1 2 1 1 1)              87.794
7593       (1 0 3 1 2 1 2)              87.795
7594       (1 0 2 3 2 1 2)              87.797
7595       (1 0 1 2 1 1 1)              87.793
7596       (1 0 3 1 2 1 2)              87.793
7597       (1 0 2 3 2 1 2)              87.794
7598       (1 0 2 3 2 1 2)              87.796
7599       (1 0 2 3 2 1 2)              87.797
7600       (1 0 2 3 2 1 2)              87.797
7601       (1 0 2 3 2 1 2)              87.795
7602       (1 0 3 1 2 1 2)              87.797
7603       (1 0 1 2 1 1 1)              87.798
7604       (1 0 3 1 2 1 2)              87.800
7605       (1 0 2 3 1 2 0)              87.801
7606       (1 0 1 2 1 2 1)              87.801
7607       (1 0 2 3 2 1 1)              87.801
7608       (1 0 2 3 2 1 2)              87.802
7609       (1 0 3 1 2 1 2)              87.804
7610       (1 0 2 3 2 1 2)              87.802
7611       (1 0 2 3 2 1 2)              87.804
7612       (1 0 2 3 2 2 1)              87.805
7613       (1 0 1 2 1 1 1)              87.807
7614       (1 0 2 3 2 1 2)              87.808
7615       (1 0 2 3 2 2 1)              87.810
7616       (1 0 2 3 1 2 1)              87.812
7617       (1 0 3 1 2 1 2)              87.813
7618       (1 0 2 3 1 2 1)              87.815
7619       (1 0 3 1 2 1 2)              87.813
7620       (1 0 3 1 2 1 2)              87.814
7621       (1 0 2 3 2 1 2)              87.816
7622       (0 0 2 3 1 1 1)              87.814
7623       (0 0 4 5 2 2 1)              87.806
7624       (1 0 2 3 2 1 2)              87.807
7625       (1 0 2 3 2 1 2)              87.809
7626       (1 0 2 3 2 1 2)              87.811
7627       (1 0 2 3 2 1 2)              87.812
7628       (1 0 1 2 1 1 1)              87.814
7629       (1 0 2 3 2 1 2)              87.815
7630       (1 0 3 1 1 2 1)              87.817
7631       (1 0 3 1 2 1 2)              87.819
7632       (1 0 1 2 1 1 1)              87.820
7633       (1 0 3 1 2 1 2)              87.820
7634       (1 0 2 3 2 1 2)              87.818
7635       (1 0 1 2 1 1 1)              87.814
7636       (1 0 3 1 2 1 2)              87.815
7637       (1 0 3 1 2 1 2)              87.815
7638       (1 0 2 3 2 1 2)              87.817
7639       (1 0 2 3 2 1 2)              87.818
7640       (1 0 0 0 2 2 1)              87.816
7641       (1 0 2 3 2 1 2)              87.818
7642       (1 0 3 1 2 1 2)              87.816
7643       (1 0 3 1 1 2 1)              87.817
7644       (1 0 1 2 1 1 1)              87.819
7645       (1 0 2 3 2 1 2)              87.819
7646       (1 0 2 3 1 2 1)              87.820
7647       (1 0 2 3 2 1 2)              87.818
7648       (1 0 2 3 2 1 2)              87.820
7649       (1 0 1 2 1 1 1)              87.821
7650       (1 0 2 3 2 1 2)              87.823
7651       (1 0 3 1 2 1 2)              87.821
7652       (0 0 1 2 1 1 1)              87.820
7653       (1 0 2 3 2 1 2)              87.820
7654       (1 0 3 1 2 1 2)              87.818
7655       (1 0 3 1 2 1 2)              87.810
7656       (1 0 1 2 1 1 1)              87.812
7657       (1 0 3 1 2 1 2)              87.810
7658       (1 0 3 1 2 1 2)              87.807
7659       (1 0 2 3 2 1 2)              87.803
7660       (1 0 1 2 1 1 1)              87.805
7661       (1 0 0 0 1 2 0)              87.807
7662       (1 0 1 2 1 2 1)              87.806
7663       (1 0 3 1 2 1 2)              87.808
7664       (1 0 2 3 2 1 2)              87.810
7665       (1 0 1 2 1 2 1)              87.809
7666       (1 0 2 3 2 1 2)              87.805
7667       (1 0 1 2 1 1 1)              87.807
7668       (1 0 3 1 2 1 2)              87.808
7669       (1 0 2 3 2 1 2)              87.806
7670       (1 0 3 1 2 1 2)              87.808
7671       (1 0 1 2 1 1 1)              87.810
7672       (0 0 4 6 0 0 1)              87.802
7673       (1 0 2 3 1 2 1)              87.803
7674       (1 0 3 1 2 1 2)              87.803
7675       (1 0 2 3 2 1 2)              87.805
7676       (1 0 3 1 2 1 2)              87.797
7677       (1 0 1 2 1 1 1)              87.799
7678       (1 0 2 3 2 1 2)              87.800
7679       (1 0 1 2 1 1 1)              87.802
7680       (1 0 2 3 2 1 2)              87.801
7681       (1 0 1 2 1 1 1)              87.803
7682       (1 0 2 3 2 1 2)              87.805
7683       (1 0 2 3 2 1 2)              87.803
7684       (1 0 2 3 2 1 2)              87.800
7685       (1 0 2 3 2 1 2)              87.802
7686       (1 0 1 2 1 2 1)              87.802
7687       (1 0 1 2 1 1 1)              87.803
7688       (1 0 1 2 1 2 1)              87.805
7689       (1 0 2 3 2 1 2)              87.803
7690       (1 0 3 1 2 1 2)              87.801
7691       (1 0 2 3 2 1 2)              87.800
7692       (1 0 3 1 2 1 2)              87.802
7693       (1 0 2 3 1 1 1)              87.804
7694       (1 0 2 3 2 1 2)              87.801
7695       (1 0 2 3 2 1 2)              87.799
7696       (1 0 3 1 1 1 1)              87.797
7697       (1 0 1 2 1 1 1)              87.799
7698       (1 0 2 3 2 1 2)              87.800
7699       (1 0 2 3 2 1 2)              87.802
7700       (1 0 2 3 2 1 2)              87.803
7701       (1 0 2 3 2 1 2)              87.805
7702       (1 0 2 3 2 1 2)              87.807
7703       (1 0 2 3 2 1 2)              87.808
7704       (1 0 4 5 2 2 2)              87.804
7705       (1 0 2 3 2 1 2)              87.806
7706       (1 0 2 3 2 1 2)              87.807
7707       (1 0 2 3 2 1 2)              87.807
7708       (1 0 3 1 2 1 2)              87.807
7709       (1 0 2 3 2 1 2)              87.808
7710       (1 0 3 1 2 1 2)              87.806
7711       (1 0 1 2 1 1 1)              87.800
7712       (1 0 2 3 2 1 2)              87.802
7713       (0 0 1 2 1 1 1)              87.802
7714       (1 0 3 1 2 1 2)              87.803
7715       (1 0 2 3 2 1 2)              87.805
7716       (1 0 1 2 1 1 1)              87.807
7717       (1 0 2 3 2 1 2)              87.808
7718       (1 0 1 2 0 0 1)              87.810
7719       (1 0 2 3 2 1 2)              87.809
7720       (0 0 2 3 2 2 0)              87.800
7721       (1 0 2 3 2 1 2)              87.801
7722       (1 0 1 2 1 1 1)              87.803
7723       (1 0 1 2 1 1 1)              87.805
7724       (1 0 2 3 2 1 2)              87.806
7725       (1 0 3 1 2 1 2)              87.808
7726       (1 0 3 1 2 1 2)              87.809
7727       (1 0 1 2 1 1 1)              87.811
7728       (1 0 3 1 2 1 2)              87.809
7729       (1 0 1 2 1 2 1)              87.809
7730       (0 0 1 2 1 1 1)              87.808
7731       (1 0 3 1 2 1 2)              87.810
7732       (1 0 3 1 2 1 2)              87.802
7733       (1 0 4 5 2 2 2)              87.798
7734       (1 0 3 1 2 1 2)              87.800
7735       (1 0 2 3 2 1 2)              87.801
7736       (1 0 3 1 2 1 2)              87.803
7737       (1 0 2 3 2 1 2)              87.805
7738       (1 0 2 3 2 1 2)              87.806
7739       (1 0 2 3 2 1 2)              87.804
7740       (1 0 2 3 2 1 2)              87.806
7741       (1 0 3 1 2 1 2)              87.807
7742       (1 0 3 1 2 1 2)              87.805
7743       (1 0 3 1 2 1 2)              87.807
7744       (1 0 2 3 2 1 2)              87.808
7745       (1 0 0 0 2 2 1)              87.810
7746       (1 0 1 2 0 0 1)              87.811
7747       (0 0 4 3 2 1 1)              87.806
7748       (1 0 2 3 2 1 2)              87.807
7749       (1 0 1 2 1 2 1)              87.807
7750       (1 0 3 1 2 1 2)              87.805
7751       (1 0 2 3 2 1 2)              87.806
7752       (1 0 2 3 2 1 2)              87.808
7753       (1 0 0 0 1 2 0)              87.809
7754       (1 0 1 2 1 1 1)              87.811
7755       (0 0 1 2 0 0 1)              87.811
7756       (1 0 3 1 2 1 2)              87.809
7757       (1 0 2 3 2 1 2)              87.810
7758       (1 0 3 1 2 1 2)              87.812
7759       (1 0 3 1 2 1 2)              87.813
7760       (1 0 2 3 2 1 2)              87.815
7761       (1 0 3 1 2 1 2)              87.813
7762       (1 0 4 5 2 2 2)              87.809
7763       (1 0 2 3 2 1 2)              87.810
7764       (1 0 1 2 1 1 1)              87.812
7765       (1 0 1 2 1 1 1)              87.814
7766       (1 0 2 3 1 2 1)              87.815
7767       (1 0 1 2 1 1 1)              87.817
7768       (1 0 3 1 2 1 2)              87.818
7769       (1 0 2 3 1 2 1)              87.820
7770       (0 0 4 6 0 0 1)              87.816
7771       (0 0 4 5 2 1 1)              87.810
7772       (1 0 2 3 2 1 2)              87.808
7773       (1 0 2 3 2 1 2)              87.810
7774       (1 0 2 3 2 1 2)              87.807
7775       (1 0 4 5 2 2 2)              87.804
7776       (1 0 2 3 2 1 2)              87.805
7777       (1 0 2 3 1 2 1)              87.807
7778       (1 0 2 3 2 1 2)              87.808
7779       (1 0 2 3 2 1 2)              87.804
7780       (1 0 3 1 2 1 2)              87.797
7781       (1 0 0 0 1 2 0)              87.798
7782       (1 0 3 1 2 1 2)              87.800
7783       (1 0 2 3 2 1 2)              87.798
7784       (1 0 2 3 2 1 2)              87.799
7785       (1 0 2 3 2 1 2)              87.797
7786       (1 0 3 1 2 1 2)              87.797
7787       (1 0 3 1 2 1 2)              87.798
7788       (1 0 1 2 1 1 1)              87.800
7789       (1 0 1 2 1 1 1)              87.802
7790       (1 0 2 3 2 1 2)              87.803
7791       (1 0 2 3 2 1 2)              87.805
7792       (1 0 1 2 1 1 1)              87.806
7793       (1 0 3 1 2 1 2)              87.808
7794       (1 0 1 2 1 1 1)              87.809
7795       (1 0 1 2 1 1 1)              87.811
7796       (1 0 2 3 2 1 2)              87.813
7797       (1 0 3 1 2 1 2)              87.809
7798       (1 0 3 1 2 1 2)              87.807
7799       (1 0 1 2 1 2 1)              87.799
7800       (1 0 2 3 2 1 2)              87.791
7801       (1 0 1 2 1 1 1)              87.793
7802       (0 0 1 2 1 1 1)              87.793
7803       (1 0 1 2 1 1 1)              87.794
7804       (1 0 3 1 2 1 2)              87.796
7805       (1 0 2 3 2 1 2)              87.797
7806       (1 0 2 3 2 1 2)              87.799
7807       (1 0 3 1 2 1 2)              87.800
7808       (1 0 3 1 2 1 2)              87.802
7809       (1 0 2 3 2 1 2)              87.804
7810       (1 0 3 1 2 1 2)              87.805
7811       (1 0 2 3 2 1 2)              87.803
7812       (1 0 1 2 1 1 1)              87.805
7813       (1 0 0 0 1 2 0)              87.806
7814       (1 0 1 2 1 2 1)              87.802
7815       (1 0 3 1 1 1 1)              87.804
7816       (1 0 1 2 1 2 1)              87.804
7817       (1 0 2 3 2 1 2)              87.805
7818       (1 0 2 3 2 1 2)              87.807
7819       (1 0 2 3 2 1 2)              87.808
7820       (0 0 1 2 1 1 1)              87.802
7821       (1 0 3 1 2 1 2)              87.797
7822       (1 0 1 2 1 1 1)              87.798
7823       (0 0 1 2 1 1 1)              87.798
7824       (0 1 4 5 1 2 1)              87.790
7825       (1 0 2 3 2 1 2)              87.792
7826       (1 0 2 3 2 1 2)              87.790
7827       (1 0 2 3 2 1 2)              87.791
7828       (1 0 2 3 2 1 2)              87.793
7829       (1 0 2 3 1 2 1)              87.795
7830       (1 0 1 2 1 1 1)              87.796
7831       (1 0 2 3 2 1 2)              87.794
7832       (1 0 2 3 2 1 2)              87.794
7833       (1 0 2 3 2 1 2)              87.795
7834       (1 0 2 3 2 1 2)              87.791
7835       (1 0 2 3 2 1 2)              87.789
7836       (1 0 3 1 2 1 2)              87.782
7837       (1 0 3 1 2 1 2)              87.783
7838       (1 0 3 1 2 1 2)              87.778
7839       (1 0 1 2 1 1 1)              87.772
7840       (0 0 1 2 1 1 1)              87.772
7841       (1 0 2 3 2 1 2)              87.773
7842       (1 0 1 2 2 2 1)              87.771
7843       (1 0 2 3 2 1 2)              87.773
7844       (1 0 2 3 2 1 2)              87.774
7845       (1 0 2 3 2 1 2)              87.776
7846       (1 0 3 1 2 1 2)              87.768
7847       (1 0 2 3 2 1 2)              87.766
7848       (1 0 2 3 2 1 2)              87.768
7849       (1 0 2 3 2 1 2)              87.769
7850       (1 0 3 1 1 2 1)              87.771
7851       (1 0 1 2 1 1 1)              87.772
7852       (1 0 2 3 2 1 2)              87.770
7853       (1 0 2 3 2 1 2)              87.770
7854       (1 0 2 3 2 1 2)              87.772
7855       (1 0 2 3 2 1 2)              87.773
7856       (1 0 3 1 2 1 2)              87.775
7857       (1 0 3 1 2 1 2)              87.776
7858       (1 0 2 3 2 1 2)              87.778
7859       (1 0 2 3 2 1 2)              87.779
7860       (1 0 1 2 1 1 1)              87.781
7861       (1 0 2 3 2 1 2)              87.782
7862       (1 0 2 3 2 1 2)              87.784
7863       (1 0 3 1 2 1 2)              87.782
7864       (1 0 3 1 2 1 2)              87.780
7865       (1 0 3 1 2 1 2)              87.780
7866       (1 0 2 3 2 2 1)              87.781
7867       (1 0 1 2 1 1 1)              87.783
7868       (1 0 2 3 2 1 2)              87.784
7869       (1 0 1 2 1 2 1)              87.786
7870       (1 0 1 2 1 1 1)              87.787
7871       (1 0 2 3 2 1 2)              87.789
7872       (1 0 2 3 2 1 2)              87.787
7873       (0 0 1 2 1 1 1)              87.787
7874       (1 0 2 3 2 1 2)              87.788
7875       (1 0 1 2 1 2 1)              87.788
7876       (1 0 3 1 2 1 2)              87.788
7877       (1 0 1 2 1 1 1)              87.789
7878       (1 0 4 5 2 2 2)              87.785
7879       (1 0 1 2 1 1 1)              87.787
7880       (1 0 2 3 2 1 2)              87.788
7881       (0 0 4 6 0 0 1)              87.784
7882       (1 0 2 3 2 1 2)              87.786
7883       (1 0 2 3 2 1 1)              87.782
7884       (1 0 3 1 2 1 2)              87.784
7885       (1 0 3 1 2 1 2)              87.782
7886       (1 0 2 3 2 1 2)              87.781
7887       (1 0 2 3 2 1 2)              87.779
7888       (1 0 2 3 2 1 2)              87.781
7889       (1 0 2 3 2 1 2)              87.782
7890       (1 0 1 2 1 1 1)              87.784
7891       (1 0 2 3 2 1 2)              87.785
7892       (1 0 2 3 2 1 2)              87.787
7893       (1 0 2 3 2 1 1)              87.785
7894       (1 0 3 1 2 1 2)              87.783
7895       (1 0 3 1 2 1 2)              87.784
7896       (1 0 2 3 2 1 2)              87.786
7897       (1 0 2 3 2 1 2)              87.786
7898       (1 0 3 1 2 1 2)              87.787
7899       (1 0 4 5 2 2 2)              87.783
7900       (1 0 1 2 1 1 1)              87.785
7901       (1 0 3 1 2 1 2)              87.785
7902       (1 0 2 3 2 1 2)              87.786
7903       (1 0 1 2 1 1 1)              87.788
7904       (1 0 2 3 2 1 2)              87.789
7905       (1 0 0 0 1 2 0)              87.791
7906       (0 0 2 3 1 1 1)              87.789
7907       (1 0 2 3 2 1 2)              87.790
7908       (1 0 2 3 2 1 2)              87.792
7909       (1 0 2 3 2 1 2)              87.790
7910       (1 0 2 3 2 2 1)              87.791
7911       (1 0 2 3 2 1 2)              87.793
7912       (1 0 2 3 2 1 2)              87.791
7913       (1 0 2 3 2 1 2)              87.792
7914       (1 0 3 1 2 1 2)              87.794
7915       (0 0 4 3 2 1 1)              87.788
7916       (1 0 1 2 1 1 1)              87.790
7917       (1 0 4 5 2 2 2)              87.786
7918       (1 0 2 3 2 1 2)              87.786
7919       (1 0 3 1 2 1 2)              87.787
7920       (1 0 1 2 0 0 1)              87.789
7921       (1 0 1 2 1 1 1)              87.790
7922       (1 0 3 1 2 1 2)              87.792
7923       (1 0 2 3 1 0 1)              87.793
7924       (1 0 2 3 2 1 1)              87.793
7925       (1 0 2 3 2 1 2)              87.795
7926       (1 0 2 3 2 1 2)              87.796
7927       (1 0 2 3 2 1 2)              87.798
7928       (1 0 2 3 1 1 1)              87.797
7929       (1 0 3 1 2 1 2)              87.799
7930       (1 0 2 3 2 1 2)              87.801
7931       (1 0 2 3 2 1 2)              87.802
7932       (1 0 3 1 2 1 2)              87.804
7933       (1 0 1 2 1 1 1)              87.805
7934       (1 0 1 2 1 1 1)              87.807
7935       (1 0 3 1 2 1 2)              87.808
7936       (1 0 2 3 2 1 2)              87.810
7937       (1 0 2 3 2 1 2)              87.811
7938       (1 0 2 3 2 1 2)              87.813
7939       (1 0 3 1 2 1 2)              87.813
7940       (1 0 2 3 2 1 2)              87.809
7941       (1 0 2 3 2 1 2)              87.810
7942       (1 0 2 3 2 1 2)              87.812
7943       (1 0 2 3 1 2 1)              87.813
7944       (1 0 2 3 2 1 2)              87.815
7945       (1 0 2 3 2 1 2)              87.815
7946       (1 0 2 3 2 1 2)              87.814
7947       (0 0 4 3 2 1 1)              87.809
7948       (1 0 1 2 2 2 1)              87.810
7949       (0 0 1 2 1 1 1)              87.810
7950       (1 0 2 3 2 1 2)              87.811
7951       (1 0 1 2 0 0 0)              87.806
7952       (1 0 1 2 1 1 1)              87.807
7953       (1 0 2 3 2 1 2)              87.809
7954       (1 0 2 3 2 1 2)              87.805
7955       (1 0 1 2 1 1 1)              87.807
7956       (0 0 1 2 2 2 1)              87.803
7957       (1 0 2 3 2 1 2)              87.795
7958       (1 0 2 3 2 1 2)              87.793
7959       (1 0 3 1 2 1 2)              87.793
7960       (1 0 3 1 2 1 2)              87.794
7961       (1 0 2 3 2 1 2)              87.796
7962       (1 0 3 1 2 1 2)              87.794
7963       (1 0 2 3 2 1 2)              87.795
7964       (1 0 2 3 2 1 2)              87.797
7965       (1 0 1 2 1 1 1)              87.799
7966       (1 0 2 3 2 1 2)              87.800
7967       (1 0 2 3 2 1 2)              87.802
7968       (1 0 3 1 2 1 2)              87.803
7969       (1 0 3 1 2 1 2)              87.801
7970       (1 0 1 2 1 1 1)              87.803
7971       (1 0 3 1 2 1 2)              87.801
7972       (1 0 1 2 1 2 1)              87.798
7973       (1 0 2 3 2 1 2)              87.800
7974       (1 0 2 3 2 1 2)              87.802
7975       (1 0 1 2 1 1 1)              87.803
7976       (1 0 2 3 2 1 2)              87.801
7977       (1 0 1 2 1 1 1)              87.803
7978       (1 0 1 2 1 0 1)              87.799
7979       (1 0 3 1 2 1 2)              87.800
7980       (1 0 3 1 2 1 2)              87.798
7981       (1 0 1 2 1 1 1)              87.800
7982       (1 0 3 1 2 1 2)              87.801
7983       (1 0 3 1 2 1 2)              87.801
7984       (1 0 3 1 2 1 2)              87.803
7985       (1 0 2 3 2 1 2)              87.804
7986       (1 0 3 1 2 1 2)              87.804
7987       (1 0 1 2 1 1 1)              87.805
7988       (1 0 2 3 2 1 2)              87.807
7989       (1 0 2 3 2 1 1)              87.807
7990       (1 0 1 2 1 1 1)              87.808
7991       (1 0 2 3 2 1 2)              87.806
7992       (1 0 3 1 2 1 2)              87.808
7993       (1 0 2 3 1 2 1)              87.809
7994       (1 0 2 3 2 1 2)              87.811
7995       (1 0 2 3 2 1 2)              87.809
7996       (1 0 3 1 2 1 2)              87.805
7997       (1 0 1 2 1 1 1)              87.806
7998       (1 0 3 1 2 1 2)              87.804
7999       (1 0 3 1 2 1 2)              87.806
8000       (1 0 1 2 1 0 1)              87.804
8001       (0 0 4 6 1 2 1)              87.798
8002       (1 0 2 3 2 1 2)              87.800
8003       (0 0 1 2 2 2 1)              87.796
8004       (0 0 4 2 2 2 1)              87.788
8005       (1 0 2 3 2 1 2)              87.790
8006       (1 0 2 3 2 1 2)              87.791
8007       (1 0 3 1 2 1 2)              87.793
8008       (1 0 3 1 2 1 2)              87.786
8009       (1 0 1 2 1 2 1)              87.785
8010       (1 0 3 1 2 1 2)              87.787
8011       (1 0 3 1 2 1 2)              87.785
8012       (1 0 2 3 2 1 2)              87.783
8013       (1 0 1 2 1 1 1)              87.784
8014       (0 0 1 2 1 1 1)              87.782
8015       (1 0 2 3 1 2 1)              87.784
8016       (1 0 3 1 2 1 2)              87.776
8017       (1 0 1 2 1 2 1)              87.776
8018       (0 0 4 5 2 1 1)              87.770
8019       (0 1 4 6 0 0 1)              87.763
8020       (1 0 2 3 2 1 2)              87.763
8021       (1 0 2 3 2 1 2)              87.759
8022       (1 0 2 3 2 1 2)              87.757
8023       (1 0 3 1 2 1 2)              87.758
8024       (1 0 2 3 2 1 2)              87.760
8025       (1 0 1 2 1 2 1)              87.760
8026       (1 0 1 2 1 2 1)              87.759
8027       (1 0 3 1 2 1 2)              87.761
8028       (1 0 0 0 2 2 1)              87.762
8029       (0 0 0 4 1 2 0)              87.753
8030       (1 0 3 1 2 1 2)              87.755
8031       (1 0 1 2 1 1 1)              87.756
8032       (1 0 1 2 1 1 1)              87.758
8033       (1 0 1 2 1 1 1)              87.759
8034       (1 0 2 3 2 1 2)              87.761
8035       (1 0 2 3 2 1 2)              87.762
8036       (1 0 3 1 2 1 2)              87.760
8037       (1 0 1 2 1 2 1)              87.758
8038       (1 0 2 3 2 1 2)              87.760
8039       (1 0 1 2 1 1 1)              87.761
8040       (1 0 2 3 2 1 2)              87.763
8041       (1 0 3 1 2 1 2)              87.765
8042       (1 0 3 1 2 1 2)              87.766
8043       (1 0 2 3 2 1 2)              87.768
8044       (1 0 2 3 2 1 2)              87.769
8045       (1 0 3 1 2 1 2)              87.771
8046       (1 0 4 5 2 2 2)              87.767
8047       (1 0 3 1 2 1 2)              87.768
8048       (1 0 2 3 2 1 2)              87.770
8049       (1 0 2 3 2 1 2)              87.770
8050       (1 0 3 1 2 1 2)              87.771
8051       (1 0 1 2 1 1 1)              87.773
8052       (1 0 2 3 2 1 2)              87.774
8053       (1 0 2 3 2 1 2)              87.776
8054       (1 0 2 3 2 1 2)              87.777
8055       (1 0 3 1 2 1 2)              87.779
8056       (1 0 2 3 2 1 2)              87.780
8057       (1 0 1 2 1 1 1)              87.782
8058       (1 0 2 3 2 1 2)              87.783
8059       (1 0 1 2 1 1 1)              87.785
8060       (1 0 3 1 2 1 2)              87.785
8061       (1 0 3 1 2 1 2)              87.779
8062       (1 0 3 1 2 1 2)              87.777
8063       (1 0 1 2 1 1 1)              87.773
8064       (1 0 3 1 2 1 2)              87.775
8065       (1 0 3 1 2 1 2)              87.773
8066       (1 0 0 0 1 2 0)              87.774
8067       (1 0 1 2 1 2 1)              87.774
8068       (0 0 2 3 1 1 1)              87.772
8069       (1 0 1 2 1 1 1)              87.773
8070       (1 0 2 3 2 1 2)              87.775
8071       (1 0 2 3 2 1 2)              87.776
8072       (1 0 2 3 2 1 2)              87.778
8073       (1 0 2 3 2 1 2)              87.779
8074       (0 0 4 5 2 2 1)              87.772
8075       (1 0 3 1 2 1 2)              87.772
8076       (1 0 2 3 1 2 1)              87.773
8077       (1 0 3 1 2 1 2)              87.773
8078       (1 0 1 2 1 1 1)              87.775
8079       (1 0 3 1 2 1 2)              87.776
8080       (1 0 3 1 2 1 2)              87.778
8081       (1 0 2 3 1 2 1)              87.774
8082       (1 0 2 3 1 2 1)              87.775
8083       (1 0 2 3 2 1 2)              87.777
8084       (1 0 2 3 2 1 2)              87.771
8085       (1 0 2 3 2 1 2)              87.773
8086       (1 0 2 3 2 1 2)              87.774
8087       (1 0 3 1 2 1 2)              87.772
8088       (1 0 3 1 2 1 2)              87.770
8089       (1 0 2 3 2 1 2)              87.772
8090       (1 0 2 3 2 1 2)              87.773
8091       (1 0 1 2 1 1 1)              87.775
8092       (1 0 1 2 1 1 1)              87.776
8093       (0 0 2 3 1 2 1)              87.774
8094       (1 0 2 3 2 1 2)              87.776
8095       (1 0 1 2 1 1 1)              87.777
8096       (1 0 2 3 1 2 1)              87.779
8097       (1 0 1 2 1 1 1)              87.777
8098       (1 0 2 3 2 1 2)              87.778
8099       (1 0 3 1 2 1 2)              87.780
8100       (1 0 2 3 2 1 2)              87.781
8101       (1 0 3 1 2 1 2)              87.783
8102       (1 0 3 1 2 1 2)              87.783
8103       (1 0 3 1 2 1 2)              87.782
8104       (1 0 2 3 2 1 2)              87.784
8105       (1 0 2 3 2 1 2)              87.785
8106       (1 0 2 3 2 1 2)              87.787
8107       (1 0 2 3 2 1 2)              87.788
8108       (1 0 2 3 2 1 2)              87.790
8109       (1 0 3 1 2 1 2)              87.791
8110       (1 0 2 3 2 1 2)              87.793
8111       (1 0 2 3 1 2 1)              87.793
8112       (1 0 3 1 2 1 2)              87.791
8113       (0 0 2 3 2 2 0)              87.782
8114       (1 0 3 1 2 1 2)              87.774
8115       (1 0 3 1 2 1 2)              87.776
8116       (1 0 2 3 2 1 1)              87.774
8117       (1 0 2 3 2 1 2)              87.774
8118       (1 0 2 3 1 1 1)              87.775
8119       (1 0 2 3 2 1 2)              87.775
8120       (1 0 2 3 2 1 2)              87.773
8121       (1 0 3 1 2 1 2)              87.771
8122       (1 0 3 1 2 1 2)              87.770
8123       (1 0 3 1 2 1 2)              87.772
8124       (1 0 3 1 2 1 2)              87.773
8125       (1 0 1 2 1 1 1)              87.775
8126       (1 0 2 3 2 1 2)              87.777
8127       (1 0 2 3 2 1 2)              87.778
8128       (1 0 2 3 2 1 2)              87.778
8129       (1 0 3 1 2 1 2)              87.778
8130       (1 0 2 3 2 1 2)              87.774
8131       (1 0 2 3 2 1 2)              87.772
8132       (1 0 2 3 2 1 2)              87.773
8133       (1 0 2 3 2 1 2)              87.775
8134       (1 0 2 3 1 2 1)              87.776
8135       (1 0 2 3 2 1 2)              87.778
8136       (1 0 2 3 2 1 2)              87.779
8137       (1 0 2 3 2 1 2)              87.781
8138       (1 0 2 3 2 1 2)              87.782
8139       (1 0 1 2 1 1 1)              87.784
8140       (1 0 1 2 1 1 1)              87.778
8141       (1 0 3 1 2 1 2)              87.774
8142       (1 0 3 1 2 1 2)              87.776
8143       (1 0 3 1 2 1 2)              87.776
8144       (1 0 2 3 2 1 2)              87.777
8145       (1 0 2 3 2 1 2)              87.770
8146       (1 0 2 3 2 1 2)              87.771
8147       (1 0 3 1 2 1 2)              87.773
8148       (1 0 1 2 1 1 1)              87.774
8149       (1 0 3 1 2 1 2)              87.767
8150       (1 0 2 3 2 1 2)              87.765
8151       (1 0 1 2 1 1 1)              87.767
8152       (0 0 1 2 1 1 1)              87.766
8153       (1 0 2 3 2 1 2)              87.768
8154       (1 0 2 3 2 1 2)              87.769
8155       (1 0 2 3 2 1 2)              87.771
8156       (1 0 2 3 2 1 2)              87.772
8157       (1 0 2 3 1 2 1)              87.774
8158       (1 0 2 3 2 1 2)              87.775
8159       (1 0 3 1 2 1 2)              87.777
8160       (1 0 2 3 2 1 2)              87.773
8161       (1 0 2 3 2 1 2)              87.773
8162       (1 0 2 3 2 1 1)              87.773
8163       (1 0 2 3 2 1 2)              87.774
8164       (1 0 3 1 2 1 2)              87.774
8165       (1 0 2 3 2 1 2)              87.775
8166       (1 0 2 3 2 1 2)              87.773
8167       (1 0 2 3 2 1 2)              87.775
8168       (1 0 1 2 1 1 1)              87.776
8169       (1 0 1 2 1 2 1)              87.776
8170       (1 0 1 2 1 1 1)              87.778
8171       (1 0 2 3 2 1 2)              87.779
8172       (1 0 1 2 1 2 1)              87.779
8173       (1 0 2 3 2 1 2)              87.780
8174       (1 0 3 1 2 1 2)              87.782
8175       (1 0 1 2 1 1 1)              87.783
8176       (1 0 3 1 2 1 2)              87.781
8177       (1 0 3 1 1 1 1)              87.783
8178       (1 0 1 2 1 1 1)              87.784
8179       (1 0 2 3 2 1 2)              87.786
8180       (1 0 3 1 2 1 2)              87.787
8181       (1 0 3 1 2 1 2)              87.782
8182       (1 0 3 1 2 1 2)              87.783
8183       (1 0 1 2 1 2 1)              87.783
8184       (1 0 3 1 2 1 2)              87.785
8185       (1 0 3 1 2 1 2)              87.786
8186       (1 0 2 3 2 1 2)              87.784
8187       (1 0 2 3 2 1 2)              87.786
8188       (1 0 3 1 2 1 2)              87.780
8189       (1 0 2 3 2 1 2)              87.782
8190       (1 0 2 3 2 1 2)              87.783
8191       (1 0 2 3 2 1 1)              87.785
8192       (1 0 2 3 1 1 1)              87.786
8193       (1 0 0 0 2 2 1)              87.788
8194       (1 0 3 1 2 1 2)              87.789
8195       (1 0 1 2 1 1 1)              87.791
8196       (1 0 2 3 2 1 2)              87.789
8197       (1 0 2 3 2 1 2)              87.790
8198       (1 0 3 1 2 1 2)              87.785
8199       (1 0 0 0 2 2 1)              87.786
8200       (1 0 0 0 0 1 1)              87.786
8201       (1 0 1 2 1 1 1)              87.787
8202       (1 0 2 3 2 1 2)              87.789
8203       (1 0 1 2 1 2 1)              87.787
8204       (1 0 2 3 2 1 2)              87.780
8205       (0 1 4 6 0 0 1)              87.772
8206       (1 0 1 2 0 0 1)              87.774
8207       (1 0 2 3 2 1 2)              87.775
8208       (1 0 1 2 1 1 1)              87.777
8209       (1 0 2 3 2 1 2)              87.778
8210       (1 0 2 3 2 1 2)              87.780
8211       (1 0 2 3 2 1 2)              87.781
8212       (1 0 2 3 2 1 2)              87.783
8213       (1 0 3 1 2 1 2)              87.784
8214       (1 0 3 1 2 1 2)              87.782
8215       (1 0 3 1 2 1 2)              87.777
8216       (1 0 1 2 1 2 1)              87.778
8217       (1 0 3 1 2 1 2)              87.780
8218       (1 0 3 1 2 1 2)              87.773
8219       (1 0 1 2 1 1 1)              87.771
8220       (1 0 2 3 2 1 2)              87.772
8221       (1 0 3 1 2 1 2)              87.774
8222       (1 0 3 1 2 1 2)              87.773
8223       (1 0 2 3 2 1 2)              87.775
8224       (1 0 2 3 2 1 2)              87.776
8225       (1 0 2 3 2 1 2)              87.778
8226       (1 0 2 3 2 1 1)              87.774
8227       (1 0 2 3 2 1 2)              87.767
8228       (1 0 2 3 2 1 2)              87.768
8229       (1 0 3 1 2 1 2)              87.770
8230       (1 0 3 1 2 1 2)              87.766
8231       (1 0 2 3 2 1 2)              87.766
8232       (1 0 3 1 2 1 2)              87.766
8233       (1 0 1 2 1 1 1)              87.760
8234       (1 0 1 2 1 2 1)              87.758
8235       (1 0 3 1 2 1 2)              87.758
8236       (1 0 2 3 2 1 2)              87.759
8237       (1 0 3 1 2 1 2)              87.761
8238       (1 0 2 3 2 1 2)              87.762
8239       (1 0 3 1 2 1 2)              87.760
8240       (1 0 3 1 2 1 2)              87.762
8241       (1 0 1 2 1 1 1)              87.763
8242       (1 0 1 2 1 2 1)              87.760
8243       (1 0 2 3 2 1 2)              87.761
8244       (1 0 3 1 2 1 2)              87.763
8245       (1 0 3 1 2 1 2)              87.762
8246       (0 0 4 3 2 1 1)              87.757
8247       (1 0 2 3 2 1 2)              87.757
8248       (1 0 1 2 1 2 1)              87.749
8249       (0 0 4 6 0 0 1)              87.742
8250       (1 0 1 2 1 1 1)              87.744
8251       (1 0 3 1 2 1 2)              87.738
8252       (1 0 2 3 2 1 2)              87.740
8253       (1 0 2 3 2 1 2)              87.741
8254       (1 0 3 1 2 1 2)              87.739
8255       (1 0 1 2 1 1 1)              87.741
8256       (1 0 2 3 2 1 2)              87.742
8257       (1 0 2 3 2 1 2)              87.744
8258       (1 0 3 1 2 1 2)              87.743
8259       (1 0 1 2 1 1 1)              87.745
8260       (1 0 2 3 2 1 2)              87.746
8261       (1 0 2 3 2 1 2)              87.746
8262       (0 0 1 2 1 1 1)              87.741
8263       (1 0 1 2 1 1 1)              87.742
8264       (1 0 3 1 2 1 2)              87.744
8265       (1 0 2 3 2 1 2)              87.745
8266       (1 0 2 3 2 1 1)              87.745
8267       (1 0 1 2 1 2 1)              87.745
8268       (1 0 2 3 2 1 2)              87.741
8269       (0 0 1 2 1 1 1)              87.741
8270       (1 0 3 1 2 1 2)              87.739
8271       (1 0 3 1 2 1 2)              87.737
8272       (1 0 3 1 2 1 2)              87.738
8273       (0 0 4 6 1 2 1)              87.733
8274       (1 0 2 3 2 1 2)              87.734
8275       (1 0 2 3 2 1 2)              87.736
8276       (1 0 2 3 2 1 2)              87.737
8277       (1 0 2 3 1 2 1)              87.739
8278       (1 0 2 3 2 1 2)              87.740
8279       (1 0 2 3 2 1 2)              87.742
8280       (1 0 3 1 2 1 2)              87.743
8281       (1 0 2 3 2 1 2)              87.745
8282       (1 0 3 1 2 1 2)              87.744
8283       (1 0 3 1 2 1 2)              87.743
8284       (1 0 2 3 2 1 2)              87.739
8285       (1 0 3 1 1 1 1)              87.737
8286       (1 0 1 2 1 1 1)              87.738
8287       (0 0 2 3 1 2 1)              87.733
8288       (0 0 1 2 2 2 1)              87.729
8289       (1 0 3 1 2 1 2)              87.731
8290       (1 0 1 2 1 1 1)              87.732
8291       (1 0 1 2 1 2 1)              87.730
8292       (1 0 2 3 2 1 2)              87.732
8293       (1 0 2 3 2 1 2)              87.731
8294       (1 0 2 3 2 1 2)              87.733
8295       (1 0 1 2 1 2 1)              87.729
8296       (1 0 3 1 1 1 1)              87.731
8297       (0 1 4 6 0 0 1)              87.725
8298       (0 0 1 2 1 1 1)              87.725
8299       (1 0 2 3 2 1 2)              87.727
8300       (1 0 1 2 1 2 1)              87.728
8301       (1 0 1 2 1 1 1)              87.729
8302       (1 0 2 3 2 1 2)              87.731
8303       (1 0 2 3 2 1 2)              87.732
8304       (1 0 1 2 1 1 1)              87.734
8305       (1 0 2 3 2 1 2)              87.735
8306       (1 0 1 2 1 1 1)              87.737
8307       (1 0 3 1 2 1 2)              87.731
8308       (0 0 2 3 2 0 2)              87.723
8309       (1 0 2 3 2 1 2)              87.721
8310       (1 0 1 2 1 2 1)              87.719
8311       (1 0 2 3 2 1 2)              87.720
8312       (1 0 2 3 2 1 2)              87.716
8313       (1 0 3 1 2 1 2)              87.718
8314       (1 0 2 3 2 1 2)              87.719
8315       (1 0 3 1 2 1 2)              87.721
8316       (1 0 3 1 2 1 2)              87.719
8317       (1 0 3 1 2 1 2)              87.717
8318       (1 0 2 3 2 1 2)              87.718
8319       (1 0 2 3 2 1 2)              87.716
8320       (1 0 1 2 1 1 1)              87.718
8321       (1 0 2 3 2 1 2)              87.719
8322       (1 0 2 3 1 2 1)              87.721
8323       (0 0 4 6 0 0 1)              87.717
8324       (1 0 2 3 2 1 2)              87.719
8325       (1 0 2 3 2 1 2)              87.717
8326       (1 0 3 1 2 1 2)              87.717
8327       (0 0 0 4 0 1 0)              87.709
8328       (0 0 4 6 0 0 1)              87.706
8329       (0 0 4 3 2 1 1)              87.700
8330       (1 0 2 3 2 1 2)              87.700
8331       (1 0 3 1 2 1 2)              87.700
8332       (1 0 1 2 1 1 1)              87.701
8333       (1 0 3 1 2 1 2)              87.703
8334       (1 0 3 1 2 1 2)              87.696
8335       (1 0 2 3 2 1 2)              87.697
8336       (1 0 2 3 2 1 2)              87.699
8337       (1 0 2 3 2 1 2)              87.700
8338       (1 0 2 3 2 1 2)              87.702
8339       (0 0 1 2 0 0 1)              87.695
8340       (1 0 3 1 2 1 2)              87.696
8341       (1 0 3 1 2 1 2)              87.696
8342       (1 0 2 3 2 1 2)              87.697
8343       (1 0 3 1 2 1 2)              87.699
8344       (1 0 2 3 2 1 2)              87.697
8345       (1 0 2 3 2 1 2)              87.698
8346       (1 0 2 3 2 1 2)              87.700
8347       (1 0 1 2 1 1 1)              87.701
8348       (1 0 3 1 2 1 2)              87.703
8349       (1 0 2 3 2 1 2)              87.704
8350       (1 0 3 1 2 1 2)              87.706
8351       (1 0 2 3 2 1 2)              87.705
8352       (1 0 2 3 2 1 2)              87.707
8353       (1 0 1 2 1 1 1)              87.708
8354       (1 0 2 3 2 1 2)              87.710
8355       (1 0 1 2 1 1 1)              87.711
8356       (1 0 3 1 2 1 2)              87.706
8357       (1 0 1 2 1 2 1)              87.706
8358       (1 0 2 3 2 1 2)              87.704
8359       (1 0 2 3 2 1 2)              87.705
8360       (1 0 2 3 2 1 2)              87.707
8361       (1 0 2 3 2 1 2)              87.705
8362       (1 0 2 3 2 1 2)              87.701
8363       (1 0 2 3 2 1 2)              87.703
8364       (1 0 1 2 1 1 1)              87.704
8365       (1 0 2 3 2 1 2)              87.700
8366       (1 0 3 1 2 1 2)              87.695
8367       (1 0 2 3 1 2 1)              87.696
8368       (1 0 2 3 2 1 2)              87.698
8369       (1 0 1 2 1 1 1)              87.699
8370       (1 0 3 1 2 1 2)              87.692
8371       (1 0 3 1 2 1 2)              87.694
8372       (1 0 1 2 1 1 1)              87.695
8373       (1 0 1 2 1 2 1)              87.692
8374       (1 0 3 1 2 1 2)              87.693
8375       (1 0 2 3 2 1 2)              87.695
8376       (1 0 3 1 2 1 2)              87.687
8377       (1 0 3 1 2 1 2)              87.687
8378       (1 0 3 1 2 1 2)              87.687
8379       (1 0 2 3 1 1 1)              87.687
8380       (1 0 2 3 2 1 2)              87.685
8381       (1 0 1 2 1 1 1)              87.686
8382       (1 0 3 1 2 1 2)              87.681
8383       (1 0 2 3 2 1 2)              87.682
8384       (1 0 3 1 2 1 2)              87.684
8385       (0 0 4 5 0 0 1)              87.680
8386       (1 0 3 1 2 1 2)              87.680
8387       (1 0 3 1 2 1 2)              87.681
8388       (1 0 1 2 1 1 1)              87.683
8389       (1 0 1 2 1 1 1)              87.684
8390       (1 0 2 3 2 1 2)              87.686
8391       (1 0 1 2 1 1 1)              87.687
8392       (0 0 4 6 1 2 1)              87.682
8393       (1 0 4 5 2 2 2)              87.678
8394       (1 0 1 2 1 1 1)              87.680
8395       (1 0 2 3 2 1 2)              87.681
8396       (1 0 2 3 2 1 2)              87.683
8397       (0 0 1 2 0 0 1)              87.682
8398       (1 0 3 1 2 1 2)              87.684
8399       (1 0 1 2 1 2 1)              87.684
8400       (1 0 3 1 2 1 2)              87.677
8401       (1 0 1 2 1 2 0)              87.676
8402       (1 0 2 3 2 1 2)              87.678
8403       (1 0 2 3 2 1 2)              87.679
8404       (1 0 2 3 2 1 2)              87.677
8405       (1 0 2 3 2 1 2)              87.677
8406       (1 0 2 3 2 1 2)              87.679
8407       (1 0 2 3 2 1 2)              87.680
8408       (1 0 2 3 2 1 2)              87.682
8409       (1 0 3 1 2 1 2)              87.683
8410       (1 0 3 1 2 1 2)              87.685
8411       (1 0 3 1 2 1 2)              87.684
8412       (1 0 1 2 1 1 1)              87.686
8413       (1 0 3 1 2 1 2)              87.686
8414       (1 0 1 2 1 1 1)              87.687
8415       (1 0 3 1 2 1 2)              87.685
8416       (1 0 3 1 2 1 2)              87.683
8417       (1 0 2 3 2 1 2)              87.685
8418       (1 0 3 1 2 1 2)              87.684
8419       (1 0 2 3 2 1 2)              87.686
8420       (1 0 1 2 0 0 1)              87.687
8421       (1 0 2 3 2 1 2)              87.689
8422       (1 0 2 3 2 1 2)              87.690
8423       (0 0 2 3 1 1 1)              87.688
8424       (1 0 2 3 2 1 2)              87.690
8425       (1 0 2 3 2 1 2)              87.691
8426       (1 0 1 2 1 1 1)              87.693
8427       (1 0 2 3 2 1 2)              87.694
8428       (1 0 2 3 2 1 2)              87.696
8429       (1 0 2 3 2 1 2)              87.697
8430       (1 0 2 3 2 1 2)              87.695
8431       (1 0 2 3 2 1 2)              87.697
8432       (1 0 1 2 1 2 1)              87.698
8433       (1 0 3 1 2 1 2)              87.700
8434       (1 0 3 1 2 1 2)              87.701
8435       (1 0 2 3 2 1 2)              87.702
8436       (1 0 2 3 2 1 2)              87.704
8437       (1 0 2 3 2 1 2)              87.705
8438       (1 0 3 1 2 1 2)              87.707
8439       (1 0 2 3 2 1 2)              87.708
8440       (1 0 3 1 2 1 2)              87.710
8441       (0 0 1 2 1 1 1)              87.710
8442       (1 0 1 2 1 1 1)              87.711
8443       (1 0 2 3 2 1 2)              87.709
8444       (1 0 2 3 2 1 2)              87.711
8445       (1 0 3 1 2 1 2)              87.712
8446       (1 0 3 1 2 1 2)              87.710
8447       (1 0 2 3 2 1 1)              87.710
8448       (1 0 2 3 2 1 2)              87.708
8449       (1 0 2 3 2 1 2)              87.709
8450       (1 0 2 3 2 1 2)              87.711
8451       (1 0 1 2 1 2 1)              87.711
8452       (1 0 3 1 2 1 2)              87.710
8453       (1 0 2 3 2 1 2)              87.712
8454       (1 0 3 1 2 1 2)              87.713
8455       (1 0 3 1 2 1 2)              87.715
8456       (1 0 3 1 1 1 1)              87.716
8457       (1 0 3 1 2 1 2)              87.718
8458       (1 0 2 3 1 1 1)              87.719
8459       (1 0 2 3 2 1 2)              87.717
8460       (1 0 2 3 2 1 2)              87.719
8461       (1 0 2 3 2 1 2)              87.720
8462       (1 0 2 3 2 1 2)              87.721
8463       (1 0 1 2 1 1 1)              87.723
8464       (1 0 2 3 2 1 2)              87.724
8465       (1 0 2 3 2 1 2)              87.726
8466       (1 0 3 1 2 1 2)              87.719
8467       (1 0 3 1 2 1 2)              87.720
8468       (1 0 2 3 2 1 2)              87.722
8469       (1 0 2 3 2 1 2)              87.723
8470       (1 0 2 3 2 1 2)              87.725
8471       (1 0 3 1 2 1 2)              87.726
8472       (1 0 3 1 2 1 2)              87.728
8473       (1 0 3 1 1 1 1)              87.729
8474       (1 0 1 2 1 1 1)              87.730
8475       (1 0 1 2 1 1 1)              87.732
8476       (1 0 3 1 2 1 2)              87.733
8477       (1 0 2 3 2 1 2)              87.730
8478       (1 0 2 3 2 1 2)              87.731
8479       (1 0 1 2 1 1 1)              87.733
8480       (1 0 1 2 1 1 1)              87.734
8481       (1 0 1 2 1 1 1)              87.736
8482       (1 0 2 3 2 1 2)              87.737
8483       (1 0 3 1 2 1 2)              87.735
8484       (1 0 2 3 2 1 2)              87.737
8485       (1 0 3 1 2 1 2)              87.735
8486       (1 0 2 3 2 1 2)              87.736
8487       (1 0 0 0 1 2 0)              87.738
8488       (1 0 2 3 2 1 2)              87.739
8489       (1 0 0 0 2 2 1)              87.740
8490       (0 0 1 2 1 1 1)              87.737
8491       (1 0 3 1 2 1 2)              87.737
8492       (1 0 2 3 2 1 2)              87.738
8493       (1 0 3 1 2 1 2)              87.739
8494       (1 0 1 2 1 1 1)              87.741
8495       (1 0 1 2 1 1 1)              87.742
8496       (1 0 1 2 1 1 1)              87.744
8497       (1 0 3 1 2 1 2)              87.745
8498       (1 0 3 1 2 1 2)              87.747
8499       (1 0 1 2 1 1 1)              87.748
8500       (1 0 2 3 2 1 2)              87.750
8501       (1 0 2 3 2 1 2)              87.749
8502       (1 0 2 3 2 1 2)              87.746
8503       (1 0 1 2 1 1 1)              87.747
8504       (1 0 3 1 2 1 2)              87.745
8505       (1 0 2 3 2 1 2)              87.747
8506       (1 0 2 3 2 1 2)              87.748
8507       (1 0 3 1 2 1 2)              87.750
8508       (0 0 1 2 1 1 1)              87.749
8509       (1 0 1 2 1 1 1)              87.751
8510       (1 0 2 3 2 1 2)              87.751
8511       (1 0 1 2 1 2 1)              87.750
8512       (0 0 4 3 2 1 1)              87.745
8513       (1 0 2 3 2 1 1)              87.745
8514       (1 0 1 2 1 1 1)              87.746
8515       (1 0 2 3 2 1 2)              87.748
8516       (1 0 2 3 2 1 2)              87.749
8517       (1 0 2 3 2 1 2)              87.751
8518       (1 0 2 3 2 1 2)              87.752
8519       (1 0 2 3 2 1 2)              87.753
8520       (1 0 2 3 2 1 2)              87.750
8521       (1 0 2 3 2 1 2)              87.751
8522       (1 0 3 1 2 1 2)              87.753
8523       (1 0 1 2 1 1 1)              87.754
8524       (1 0 2 3 2 1 2)              87.756
8525       (0 0 4 3 1 1 1)              87.750
8526       (0 0 1 2 1 1 1)              87.750
8527       (1 0 3 1 2 1 2)              87.752
8528       (1 0 2 3 2 1 2)              87.753
8529       (1 0 3 1 2 1 2)              87.754
8530       (1 0 2 3 2 2 1)              87.756
8531       (1 0 3 1 2 1 2)              87.757
8532       (1 0 2 3 2 1 2)              87.759
8533       (1 0 3 1 2 1 2)              87.757
8534       (1 0 1 2 1 1 1)              87.758
8535       (1 0 2 3 2 1 2)              87.760
8536       (1 0 3 1 2 1 2)              87.759
8537       (1 0 2 3 2 1 2)              87.761
8538       (1 0 3 1 2 1 2)              87.762
8539       (1 0 2 3 2 1 2)              87.764
8540       (1 0 0 0 2 2 1)              87.765
8541       (1 0 2 3 2 1 2)              87.765
8542       (0 0 1 2 1 1 1)              87.760
8543       (0 0 1 2 1 1 1)              87.759
8544       (0 0 4 5 2 2 1)              87.756
8545       (1 0 2 3 2 1 2)              87.757
8546       (1 0 2 3 2 1 2)              87.755
8547       (0 0 4 6 0 0 1)              87.748
8548       (1 0 2 3 2 1 2)              87.750
8549       (1 0 1 2 1 1 1)              87.751
8550       (1 0 2 3 2 1 2)              87.748
8551       (1 0 2 3 2 1 2)              87.749
8552       (1 0 2 3 2 1 2)              87.751
8553       (1 0 1 2 1 1 1)              87.752
8554       (1 0 1 2 1 1 1)              87.753
8555       (1 0 1 2 1 1 1)              87.755
8556       (1 0 3 1 2 1 2)              87.755
8557       (1 0 1 2 1 1 1)              87.756
8558       (1 0 3 1 2 1 2)              87.757
8559       (1 0 2 3 2 1 2)              87.759
8560       (1 0 1 2 1 2 1)              87.759
8561       (1 0 1 2 1 2 1)              87.760
8562       (1 0 2 3 1 2 1)              87.762
8563       (1 0 2 3 2 1 2)              87.760
8564       (1 0 1 2 1 1 1)              87.761
8565       (1 0 2 3 2 1 2)              87.759
8566       (1 0 2 3 2 1 2)              87.761
8567       (1 0 1 2 1 1 1)              87.759
8568       (1 0 2 3 2 1 2)              87.760
8569       (1 0 3 1 2 1 2)              87.762
8570       (1 0 1 2 1 2 1)              87.761
8571       (1 0 1 2 1 1 1)              87.763
8572       (1 0 2 3 2 1 2)              87.759
8573       (1 0 2 3 1 1 2)              87.759
8574       (1 0 3 1 2 1 2)              87.760
8575       (1 0 3 1 2 1 2)              87.758
8576       (1 0 1 2 1 1 1)              87.760
8577       (1 0 2 3 2 1 2)              87.758
8578       (1 0 3 1 2 1 2)              87.759
8579       (1 0 3 1 2 1 2)              87.757
8580       (0 0 4 2 2 2 1)              87.752
8581       (1 0 2 3 2 1 2)              87.752
8582       (1 0 3 1 2 1 2)              87.753
8583       (1 0 2 3 2 1 2)              87.753
8584       (1 0 2 3 2 1 2)              87.755
8585       (0 0 4 6 0 0 1)              87.749
8586       (0 0 1 2 1 1 1)              87.749
8587       (1 0 2 3 1 1 1)              87.751
8588       (1 0 1 2 1 1 1)              87.752
8589       (1 0 2 3 2 1 2)              87.753
8590       (1 0 2 3 2 1 2)              87.755
8591       (1 0 2 3 2 1 2)              87.753
8592       (0 0 2 3 1 2 1)              87.748
8593       (1 0 2 3 1 1 2)              87.747
8594       (1 0 3 1 2 1 2)              87.746
8595       (1 0 2 3 2 1 2)              87.747
8596       (1 0 2 3 2 1 2)              87.748
8597       (1 0 3 1 2 1 2)              87.750
8598       (1 0 2 3 2 1 2)              87.751
8599       (1 0 3 1 2 1 2)              87.753
8600       (1 0 2 3 2 1 2)              87.752
8601       (1 0 2 3 2 1 2)              87.754
8602       (1 0 4 5 2 2 2)              87.750
8603       (0 0 1 2 0 0 1)              87.750
8604       (1 0 2 3 2 1 2)              87.748
8605       (1 0 1 2 1 1 1)              87.750
8606       (1 0 2 3 2 1 2)              87.751
8607       (1 0 2 3 2 1 2)              87.752
8608       (1 0 1 2 1 1 1)              87.754
8609       (1 0 1 2 1 1 1)              87.755
8610       (1 0 2 3 2 1 2)              87.757
8611       (1 0 2 3 2 2 1)              87.757
8612       (1 0 2 3 2 1 2)              87.756
8613       (1 0 3 1 2 1 2)              87.754
8614       (1 0 1 2 1 1 1)              87.756
8615       (1 0 2 3 2 1 2)              87.752
8616       (1 0 3 1 2 1 2)              87.754
8617       (1 0 3 1 2 1 2)              87.753
8618       (1 0 2 3 2 1 2)              87.755
8619       (1 0 1 2 1 1 1)              87.756
8620       (1 0 2 3 2 1 2)              87.758
8621       (1 0 3 1 2 1 2)              87.756
8622       (0 0 4 6 0 0 1)              87.752
8623       (1 0 3 1 2 1 2)              87.749
8624       (1 0 1 2 1 2 1)              87.748
8625       (1 0 2 3 2 1 2)              87.750
8626       (1 0 2 3 1 1 1)              87.751
8627       (1 0 2 3 2 1 2)              87.749
8628       (1 0 2 3 2 1 2)              87.751
8629       (0 0 4 3 2 1 1)              87.744
8630       (1 0 2 3 2 1 2)              87.745
8631       (1 0 1 2 1 1 1)              87.747
8632       (1 0 2 3 2 1 2)              87.748
8633       (1 0 3 1 2 1 2)              87.750
8634       (1 0 1 2 1 1 1)              87.751
8635       (1 0 3 1 2 1 2)              87.752
8636       (1 0 2 3 2 1 2)              87.754
8637       (1 0 3 1 2 1 2)              87.755
8638       (1 0 2 3 2 1 2)              87.757
8639       (1 0 2 3 2 1 2)              87.758
8640       (1 0 1 2 1 2 1)              87.758
8641       (1 0 2 3 2 1 2)              87.758
8642       (1 0 3 1 2 1 2)              87.759
8643       (0 0 4 6 1 2 1)              87.754
8644       (1 0 2 3 2 1 2)              87.752
8645       (1 0 2 3 2 1 2)              87.753
8646       (1 0 2 3 2 1 2)              87.755
8647       (1 0 3 1 2 1 2)              87.755
8648       (1 0 2 3 2 1 2)              87.756
8649       (1 0 3 1 2 1 2)              87.757
8650       (1 0 2 3 2 1 2)              87.759
8651       (1 0 1 2 1 2 1)              87.759
8652       (1 0 2 3 2 1 2)              87.757
8653       (0 0 1 2 0 0 1)              87.757
8654       (1 0 3 1 2 1 2)              87.758
8655       (1 0 0 0 1 2 1)              87.759
8656       (1 0 3 1 2 1 2)              87.761
8657       (1 0 1 2 1 2 1)              87.761
8658       (1 0 2 3 2 1 2)              87.762
8659       (1 0 3 1 2 1 2)              87.763
8660       (1 0 3 1 2 1 2)              87.765
8661       (1 0 3 1 2 1 2)              87.766
8662       (1 0 2 3 2 1 2)              87.768
8663       (0 0 1 2 1 1 1)              87.767
8664       (1 0 2 3 2 1 2)              87.765
8665       (1 0 2 3 2 1 2)              87.765
8666       (1 0 1 2 1 1 1)              87.767
8667       (1 0 1 2 1 2 1)              87.768
8668       (1 0 2 3 2 1 2)              87.768
8669       (0 0 4 5 1 1 1)              87.764
8670       (1 0 1 2 0 0 0)              87.759
8671       (1 0 2 3 2 1 2)              87.761
8672       (1 0 2 3 1 1 1)              87.760
8673       (1 0 2 3 2 1 2)              87.762
8674       (1 0 2 3 2 1 2)              87.760
8675       (1 0 3 1 2 1 2)              87.761
8676       (1 0 2 3 2 1 2)              87.759
8677       (1 0 2 3 2 1 2)              87.761
8678       (1 0 2 3 2 1 2)              87.762
8679       (1 0 3 1 2 1 2)              87.764
8680       (1 0 2 3 2 1 2)              87.765
8681       (1 0 1 2 1 2 1)              87.765
8682       (1 0 2 3 1 1 1)              87.766
8683       (1 0 0 0 2 2 1)              87.764
8684       (1 0 3 1 2 1 2)              87.766
8685       (1 0 2 3 1 2 1)              87.765
8686       (1 0 2 3 2 1 2)              87.762
8687       (1 0 2 3 2 1 2)              87.763
8688       (1 0 1 2 1 1 1)              87.765
8689       (1 0 2 3 2 1 2)              87.766
8690       (1 0 3 1 2 1 2)              87.764
8691       (0 0 1 2 1 1 1)              87.764
8692       (1 0 3 1 2 1 2)              87.765
8693       (1 0 2 3 2 1 2)              87.767
8694       (1 0 2 3 2 1 2)              87.765
8695       (1 0 2 3 2 1 2)              87.763
8696       (1 0 1 2 1 1 1)              87.765
8697       (1 0 2 3 2 1 2)              87.766
8698       (1 0 3 1 2 1 2)              87.759
8699       (1 0 2 3 2 1 2)              87.756
8700       (1 0 2 3 2 1 2)              87.754
8701       (1 0 1 2 1 1 1)              87.755
8702       (1 0 2 3 2 1 2)              87.757
8703       (1 0 2 3 2 2 1)              87.758
8704       (1 0 2 3 2 1 2)              87.759
8705       (1 0 2 3 2 1 2)              87.753
8706       (1 0 3 1 2 1 2)              87.754
8707       (1 0 1 2 1 1 1)              87.755
8708       (1 0 3 1 2 1 2)              87.757
8709       (1 0 2 3 2 1 2)              87.755
8710       (1 0 2 3 2 1 2)              87.756
8711       (1 0 2 3 2 1 2)              87.758
8712       (1 0 0 0 1 2 0)              87.759
8713       (1 0 3 1 2 1 2)              87.759
8714       (1 0 2 3 2 1 2)              87.760
8715       (1 0 2 3 2 1 2)              87.762
8716       (1 0 2 3 2 1 2)              87.763
8717       (1 0 2 3 2 1 1)              87.763
8718       (1 0 3 1 2 1 2)              87.764
8719       (1 0 1 2 1 1 1)              87.766
8720       (0 0 2 3 1 2 1)              87.760
8721       (1 0 1 2 1 1 1)              87.762
8722       (1 0 2 3 2 2 1)              87.762
8723       (1 0 3 1 2 1 2)              87.761
8724       (1 0 3 1 2 1 2)              87.763
8725       (1 0 2 3 1 2 1)              87.764
8726       (1 0 2 3 2 1 2)              87.766
8727       (1 0 1 2 1 2 1)              87.765
8728       (1 0 3 1 2 1 2)              87.762
8729       (1 0 3 1 2 1 2)              87.762
8730       (1 0 2 3 2 1 2)              87.763
8731       (1 0 2 3 2 1 2)              87.764
8732       (1 0 2 3 2 1 2)              87.766
8733       (0 1 4 5 2 2 2)              87.756
8734       (1 0 2 3 2 1 2)              87.752
8735       (1 0 2 3 2 1 2)              87.754
8736       (1 0 2 3 2 1 2)              87.753
8737       (1 0 2 3 2 1 2)              87.752
8738       (1 0 2 3 2 1 2)              87.753
8739       (1 0 2 3 2 1 2)              87.754
8740       (1 0 3 1 2 1 2)              87.756
8741       (1 0 2 3 2 1 2)              87.757
8742       (1 0 3 1 2 1 2)              87.759
8743       (1 0 2 3 2 1 2)              87.758
8744       (1 0 3 1 2 1 2)              87.760
8745       (1 0 2 3 2 1 2)              87.761
8746       (1 0 2 3 2 1 2)              87.761
8747       (1 0 2 3 2 1 2)              87.762
8748       (1 0 1 2 1 1 1)              87.764
8749       (0 0 1 2 1 2 1)              87.762
8750       (1 0 2 3 2 1 2)              87.763
8751       (1 0 3 1 2 1 2)              87.761
8752       (1 0 2 3 2 1 2)              87.761
8753       (1 0 1 2 1 1 1)              87.763
8754       (1 0 2 3 2 1 2)              87.761
8755       (1 0 1 2 1 2 1)              87.759
8756       (1 0 2 3 2 1 2)              87.759
8757       (1 0 3 1 1 1 1)              87.757
8758       (1 0 1 2 1 2 1)              87.755
8759       (1 0 2 3 2 1 2)              87.756
8760       (1 0 2 3 2 1 2)              87.758
8761       (1 0 1 2 1 1 1)              87.759
8762       (1 0 2 3 2 1 1)              87.759
8763       (1 0 1 2 1 1 1)              87.760
8764       (1 0 1 2 1 1 1)              87.762
8765       (1 0 3 1 2 1 2)              87.763
8766       (1 0 3 1 2 1 2)              87.764
8767       (1 0 2 3 2 1 2)              87.763
8768       (1 0 2 3 2 1 2)              87.764
8769       (1 0 3 1 2 1 2)              87.764
8770       (1 0 1 2 1 1 1)              87.765
8771       (1 0 2 3 2 1 2)              87.767
8772       (1 0 2 3 2 1 2)              87.768
8773       (1 0 3 1 2 1 2)              87.769
8774       (1 0 2 3 2 1 2)              87.767
8775       (1 0 3 1 2 1 1)              87.767
8776       (1 0 2 3 2 1 2)              87.769
8777       (1 0 2 3 2 1 2)              87.770
8778       (1 0 2 3 2 1 2)              87.771
8779       (1 0 3 1 2 1 2)              87.773
8780       (1 0 2 3 2 1 1)              87.769
8781       (1 0 3 1 2 1 2)              87.771
8782       (1 0 2 3 2 1 2)              87.772
8783       (1 0 2 3 1 2 1)              87.774
8784       (1 0 3 1 2 1 2)              87.775
8785       (0 0 4 5 2 1 1)              87.770
8786       (1 0 2 3 2 1 2)              87.770
8787       (1 0 3 1 2 1 2)              87.771
8788       (1 0 2 3 2 1 1)              87.767
8789       (1 0 1 2 1 1 1)              87.769
8790       (1 0 2 3 2 1 2)              87.769
8791       (1 0 2 3 2 1 2)              87.765
8792       (1 0 2 3 2 1 2)              87.765
8793       (1 0 1 2 1 2 1)              87.765
8794       (1 0 1 2 1 1 1)              87.766
8795       (1 0 2 3 2 1 1)              87.763
8796       (1 0 2 3 2 1 2)              87.764
8797       (1 0 3 1 2 1 2)              87.762
8798       (1 0 2 3 2 1 2)              87.760
8799       (1 0 3 1 2 1 2)              87.762
8800       (1 0 2 3 2 1 2)              87.763
8801       (0 0 1 2 0 0 1)              87.756
8802       (0 0 1 2 1 1 1)              87.751
8803       (1 0 1 2 1 2 1)              87.751
8804       (1 0 2 3 2 1 2)              87.751
8805       (1 0 1 2 1 1 1)              87.752
8806       (1 0 2 3 2 1 2)              87.753
8807       (1 0 1 2 1 2 1)              87.753
8808       (1 0 2 3 2 2 1)              87.755
8809       (1 0 2 3 2 1 2)              87.756
8810       (1 0 2 3 2 1 2)              87.754
8811       (1 0 2 3 2 1 2)              87.754
8812       (1 0 3 1 2 1 2)              87.755
8813       (1 0 3 1 2 1 2)              87.757
8814       (1 0 2 3 2 1 2)              87.758
8815       (1 0 2 3 2 1 2)              87.760
8816       (1 0 2 3 1 2 1)              87.761
8817       (1 0 1 2 1 1 1)              87.762
8818       (0 0 4 3 2 1 1)              87.757
8819       (1 0 2 3 2 1 2)              87.759
8820       (1 0 1 2 1 1 1)              87.760
8821       (1 0 2 3 1 2 1)              87.756
8822       (1 0 2 3 2 1 2)              87.758
8823       (1 0 3 1 1 1 1)              87.758
8824       (1 0 2 3 2 1 2)              87.759
8825       (1 0 3 1 2 1 2)              87.760
8826       (0 0 4 2 2 2 1)              87.755
8827       (1 0 3 1 2 1 2)              87.755
8828       (1 0 3 1 2 1 2)              87.755
8829       (1 0 3 1 2 1 2)              87.755
8830       (1 0 2 3 2 1 2)              87.751
8831       (1 0 2 3 1 2 1)              87.744
8832       (1 0 3 1 2 1 2)              87.746
8833       (1 0 3 1 2 1 2)              87.747
8834       (0 0 4 5 2 1 1)              87.742
8835       (1 0 2 3 2 1 2)              87.744
8836       (1 0 3 1 2 1 2)              87.745
8837       (1 0 2 3 2 1 2)              87.746
8838       (1 0 3 1 2 1 2)              87.744
8839       (1 0 2 3 2 1 2)              87.746
8840       (1 0 2 3 2 1 2)              87.747
8841       (1 0 2 3 2 1 2)              87.749
8842       (1 0 2 3 2 1 2)              87.748
8843       (0 0 2 3 1 1 1)              87.747
8844       (1 0 2 3 2 1 2)              87.748
8845       (1 0 1 2 1 1 1)              87.749
8846       (1 0 1 2 1 2 1)              87.746
8847       (1 0 1 2 1 2 1)              87.746
8848       (1 0 1 2 1 1 1)              87.747
8849       (1 0 2 3 2 1 2)              87.748
8850       (1 0 1 2 1 1 1)              87.750
8851       (1 0 3 1 2 1 2)              87.750
8852       (0 0 2 3 2 2 0)              87.741
8853       (0 0 1 2 0 0 1)              87.741
8854       (1 0 1 2 1 1 1)              87.742
8855       (0 0 4 5 2 1 1)              87.737
8856       (1 0 2 3 2 1 2)              87.739
8857       (1 0 1 2 1 1 1)              87.740
8858       (1 0 3 1 2 1 2)              87.733
8859       (1 0 3 1 2 1 1)              87.735
8860       (1 0 1 2 1 1 1)              87.736
8861       (1 0 2 3 2 1 2)              87.734
8862       (1 0 2 3 2 1 2)              87.736
8863       (1 0 2 3 2 1 2)              87.737
8864       (1 0 2 3 2 1 2)              87.738
8865       (1 0 2 3 2 1 2)              87.737
8866       (1 0 2 3 2 1 2)              87.733
8867       (1 0 2 3 2 1 2)              87.735
8868       (1 0 1 2 1 1 1)              87.736
8869       (1 0 2 3 2 1 2)              87.737
8870       (1 0 2 3 2 1 2)              87.739
8871       (0 0 4 5 2 2 1)              87.734
8872       (1 0 1 2 1 1 1)              87.735
8873       (1 0 3 1 2 1 2)              87.736
8874       (1 0 3 1 2 1 2)              87.735
8875       (1 0 3 1 2 1 2)              87.730
8876       (1 0 3 1 2 1 2)              87.728
8877       (0 0 2 3 1 2 1)              87.723
8878       (0 0 4 5 2 1 1)              87.718
8879       (1 0 1 2 1 2 1)              87.717
8880       (1 0 0 0 2 2 1)              87.719
8881       (1 0 2 3 2 1 2)              87.717
8882       (1 0 3 1 2 1 2)              87.718
8883       (1 0 2 3 2 1 2)              87.720
8884       (1 0 2 3 2 1 2)              87.718
8885       (1 0 2 3 2 1 2)              87.719
8886       (1 0 2 3 2 1 2)              87.717
8887       (1 0 2 3 2 1 2)              87.719
8888       (1 0 2 3 2 1 2)              87.720
8889       (1 0 3 1 2 1 2)              87.722
8890       (1 0 2 3 2 1 2)              87.723
8891       (1 0 1 2 1 2 1)              87.716
8892       (1 0 1 2 1 1 1)              87.713
8893       (1 0 2 3 2 1 2)              87.714
8894       (1 0 3 1 2 1 2)              87.712
8895       (1 0 2 3 2 1 2)              87.714
8896       (1 0 1 2 1 2 1)              87.713
8897       (1 0 3 1 2 1 2)              87.713
8898       (0 0 4 6 1 1 1)              87.710
8899       (1 0 2 3 2 1 2)              87.711
8900       (1 0 2 3 2 1 2)              87.713
8901       (1 0 2 3 2 1 2)              87.714
8902       (1 0 2 3 2 1 2)              87.711
8903       (1 0 2 3 2 1 2)              87.712
8904       (1 0 2 3 2 1 2)              87.713
8905       (1 0 2 3 2 1 2)              87.713
8906       (1 0 1 2 1 2 1)              87.711
8907       (1 0 2 3 2 1 2)              87.711
8908       (1 0 3 1 2 1 2)              87.712
8909       (1 0 1 2 1 1 1)              87.714
8910       (1 0 2 3 2 1 2)              87.715
8911       (1 0 2 3 2 1 2)              87.717
8912       (1 0 2 3 2 1 2)              87.718
8913       (1 0 2 3 2 1 2)              87.719
8914       (1 0 3 1 2 1 2)              87.717
8915       (1 0 2 3 2 1 2)              87.716
8916       (0 0 4 6 1 2 1)              87.712
8917       (0 0 4 2 2 2 1)              87.706
8918       (1 0 3 1 2 1 2)              87.707
8919       (1 0 2 3 2 1 2)              87.708
8920       (1 0 1 2 1 1 1)              87.710
8921       (1 0 3 1 2 1 2)              87.711
8922       (1 0 2 3 2 1 2)              87.712
8923       (0 0 4 3 2 1 1)              87.707
8924       (1 0 3 1 2 1 2)              87.701
8925       (1 0 0 0 2 2 1)              87.702
8926       (1 0 2 3 2 1 2)              87.702
8927       (1 0 3 1 2 1 2)              87.697
8928       (1 0 3 1 2 1 2)              87.697
8929       (1 0 3 1 2 1 2)              87.690
8930       (1 0 2 3 2 1 2)              87.691
8931       (1 0 1 2 1 1 1)              87.693
8932       (0 0 1 2 0 0 1)              87.693
8933       (0 0 1 2 2 2 1)              87.691
8934       (1 0 2 3 2 1 2)              87.691
8935       (0 0 1 2 1 1 1)              87.689
8936       (0 0 4 3 2 1 1)              87.684
8937       (1 0 2 3 2 1 2)              87.685
8938       (1 0 3 1 2 1 2)              87.685
8939       (0 0 1 2 1 1 1)              87.680
8940       (1 0 2 3 2 1 2)              87.681
8941       (1 0 2 3 2 1 2)              87.683
8942       (1 0 1 2 1 1 1)              87.684
8943       (1 0 2 3 2 1 2)              87.682
8944       (1 0 1 2 1 1 1)              87.684
8945       (1 0 2 3 2 1 2)              87.685
8946       (1 0 1 2 1 1 1)              87.686
8947       (1 0 2 3 2 1 2)              87.684
8948       (1 0 3 1 2 1 2)              87.679
8949       (1 0 3 1 2 1 2)              87.678
8950       (1 0 2 3 2 1 2)              87.679
8951       (1 0 3 1 2 1 2)              87.680
8952       (1 0 1 2 1 1 1)              87.682
8953       (1 0 1 2 1 1 1)              87.683
8954       (1 0 1 2 1 1 1)              87.685
8955       (1 0 2 3 1 0 1)              87.684
8956       (1 0 2 3 2 1 2)              87.686
8957       (1 0 2 3 2 1 2)              87.687
8958       (1 0 2 3 1 1 1)              87.688
8959       (1 0 3 1 2 1 2)              87.688
8960       (0 0 4 6 0 0 1)              87.685
8961       (1 0 2 3 2 1 2)              87.683
8962       (0 0 1 2 2 2 1)              87.680
8963       (1 0 1 2 1 1 1)              87.681
8964       (1 0 2 3 1 2 1)              87.679
8965       (1 0 2 3 2 1 2)              87.679
8966       (1 0 3 1 2 1 1)              87.679
8967       (1 0 3 1 2 1 2)              87.680
8968       (1 0 2 3 2 1 2)              87.681
8969       (1 0 1 2 1 1 1)              87.683
8970       (1 0 2 3 2 1 2)              87.684
8971       (0 0 1 2 1 1 1)              87.684
8972       (1 0 2 3 2 1 2)              87.685
8973       (1 0 1 2 1 1 1)              87.687
8974       (1 0 1 2 1 1 1)              87.688
8975       (1 0 3 1 2 1 2)              87.689
8976       (1 0 3 1 2 1 2)              87.691
8977       (1 0 3 1 2 1 2)              87.692
8978       (1 0 2 3 2 1 2)              87.694
8979       (1 0 2 3 2 1 2)              87.695
8980       (1 0 2 3 2 1 2)              87.696
8981       (1 0 2 3 2 1 2)              87.698
8982       (1 0 3 1 2 1 2)              87.699
8983       (1 0 1 2 1 2 1)              87.697
8984       (1 0 3 1 2 1 2)              87.695
8985       (1 0 1 2 2 2 1)              87.694
8986       (1 0 1 2 1 2 1)              87.695
8987       (1 0 1 2 1 1 1)              87.696
8988       (1 0 2 3 2 1 2)              87.698
8989       (1 0 3 1 2 1 2)              87.699
8990       (1 0 2 3 1 2 1)              87.700
8991       (0 0 4 3 2 1 1)              87.695
8992       (1 0 3 1 1 1 1)              87.697
8993       (1 0 2 3 1 2 1)              87.698
8994       (1 0 2 3 2 1 2)              87.696
8995       (1 0 3 1 2 1 2)              87.698
8996       (0 0 1 2 1 1 1)              87.698
8997       (0 0 4 6 0 0 1)              87.694
8998       (1 0 1 2 1 1 1)              87.696
8999       (1 0 1 2 1 2 1)              87.695
9000       (1 0 2 3 2 1 2)              87.697
9001       (1 0 1 2 1 2 1)              87.696
9002       (1 0 2 3 2 1 2)              87.698
9003       (1 0 3 1 2 1 2)              87.699
9004       (1 0 2 3 2 1 2)              87.701
9005       (1 0 2 3 2 1 2)              87.697
9006       (1 0 1 2 1 1 1)              87.699
9007       (1 0 3 1 2 1 2)              87.700
9008       (0 0 1 2 1 2 1)              87.695
9009       (1 0 3 1 2 1 2)              87.688
9010       (1 0 1 2 1 1 1)              87.690
9011       (1 0 3 1 2 1 2)              87.691
9012       (1 0 1 2 1 1 1)              87.692
9013       (1 0 2 3 2 1 2)              87.694
9014       (1 0 2 3 2 1 2)              87.694
9015       (0 0 2 3 1 1 1)              87.692
9016       (1 0 2 3 2 1 2)              87.693
9017       (1 0 2 3 2 1 2)              87.695
9018       (1 0 1 2 1 2 1)              87.694
9019       (1 0 2 3 2 1 2)              87.693
9020       (1 0 3 1 2 1 2)              87.694
9021       (1 0 3 1 2 1 2)              87.695
9022       (1 0 1 2 1 1 1)              87.697
9023       (1 0 2 3 1 1 1)              87.698
9024       (1 0 2 3 2 1 2)              87.699
9025       (1 0 2 3 2 1 2)              87.698
9026       (1 0 1 2 1 1 1)              87.699
9027       (1 0 1 2 1 2 1)              87.700
9028       (1 0 1 2 1 1 1)              87.702
9029       (1 0 2 3 2 1 2)              87.700
9030       (0 0 4 6 1 2 2)              87.695
9031       (1 0 1 2 1 1 1)              87.696
9032       (1 0 2 3 2 1 2)              87.694
9033       (1 0 2 3 2 1 2)              87.696
9034       (1 0 1 2 1 1 1)              87.697
9035       (1 0 2 3 2 1 2)              87.699
9036       (0 0 1 2 1 1 1)              87.698
9037       (1 0 1 2 1 2 1)              87.698
9038       (1 0 2 3 2 1 2)              87.696
9039       (1 0 2 3 2 1 2)              87.698
9040       (1 0 3 1 2 1 2)              87.699
9041       (1 0 1 2 1 1 1)              87.700
9042       (1 0 2 3 2 1 2)              87.702
9043       (1 0 2 3 2 1 2)              87.703
9044       (1 0 1 2 1 1 1)              87.704
9045       (1 0 3 1 2 1 2)              87.701
9046       (1 0 2 3 2 1 2)              87.699
9047       (1 0 3 1 2 1 2)              87.697
9048       (1 0 2 3 2 1 2)              87.699
9049       (1 0 3 1 2 1 2)              87.700
9050       (1 0 1 2 1 1 1)              87.702
9051       (1 0 2 3 2 1 2)              87.703
9052       (1 0 2 3 2 1 2)              87.704
9053       (1 0 1 2 1 2 1)              87.704
9054       (1 0 3 1 2 1 2)              87.705
9055       (1 0 3 1 2 1 2)              87.707
9056       (1 0 3 1 2 1 2)              87.708
9057       (1 0 2 3 2 1 2)              87.706
9058       (1 0 3 1 2 1 2)              87.708
9059       (1 0 2 3 2 1 2)              87.709
9060       (1 0 3 1 2 1 2)              87.710
9061       (1 0 3 1 2 1 2)              87.712
9062       (1 0 1 2 1 1 1)              87.713
9063       (1 0 2 3 2 1 2)              87.711
9064       (0 0 4 5 2 2 1)              87.705
9065       (1 0 3 1 2 1 2)              87.706
9066       (1 0 2 3 2 1 2)              87.707
9067       (1 0 2 3 2 1 1)              87.704
9068       (1 0 1 2 1 1 1)              87.705
9069       (1 0 2 3 2 1 2)              87.707
9070       (1 0 3 1 2 1 2)              87.708
9071       (1 0 3 1 2 1 2)              87.706
9072       (1 0 1 2 1 2 1)              87.706
9073       (1 0 2 3 2 1 2)              87.708
9074       (1 0 2 3 1 2 1)              87.709
9075       (0 0 4 3 2 1 1)              87.704
9076       (1 0 2 3 2 1 2)              87.702
9077       (1 0 2 3 2 1 2)              87.703
9078       (0 0 4 5 2 1 1)              87.699
9079       (1 0 3 1 1 1 1)              87.697
9080       (1 0 2 3 2 1 2)              87.698
9081       (0 0 1 2 1 1 1)              87.698
9082       (1 0 3 1 2 1 2)              87.699
9083       (1 0 1 2 1 1 1)              87.701
9084       (1 0 1 2 1 1 1)              87.702
9085       (1 0 1 2 1 1 1)              87.703
9086       (1 0 1 2 2 2 1)              87.705
9087       (1 0 3 1 2 1 2)              87.703
9088       (1 0 3 1 2 1 2)              87.704
9089       (1 0 2 3 2 1 2)              87.706
9090       (1 0 3 1 2 1 2)              87.705
9091       (1 0 2 3 2 1 2)              87.707
9092       (1 0 3 1 2 1 2)              87.707
9093       (0 0 1 2 1 1 1)              87.706
9094       (1 0 2 3 2 1 2)              87.708
9095       (1 0 2 3 2 1 2)              87.709
9096       (1 0 1 2 1 1 1)              87.707
9097       (1 0 2 3 2 1 2)              87.705
9098       (1 0 1 2 1 1 1)              87.707
9099       (1 0 3 1 2 1 2)              87.707
9100       (1 0 2 3 2 1 2)              87.708
9101       (1 0 3 1 2 1 2)              87.709
9102       (1 0 2 3 1 2 1)              87.709
9103       (1 0 2 3 2 1 2)              87.710
9104       (1 0 2 3 2 1 2)              87.709
9105       (1 0 1 2 1 1 1)              87.710
9106       (1 0 0 0 1 2 0)              87.711
9107       (1 0 2 3 2 1 2)              87.713
9108       (1 0 2 3 2 1 2)              87.714
9109       (1 0 2 3 2 1 2)              87.714
9110       (1 0 2 3 2 1 2)              87.712
9111       (1 0 2 3 2 1 2)              87.713
9112       (1 0 3 1 2 1 2)              87.713
9113       (1 0 2 3 2 1 2)              87.714
9114       (1 0 3 1 2 1 2)              87.716
9115       (1 0 2 3 2 1 2)              87.717
9116       (0 0 1 2 1 1 1)              87.712
9117       (1 0 2 3 2 1 2)              87.714
9118       (1 0 2 3 2 1 2)              87.715
9119       (1 0 3 1 2 1 2)              87.716
9120       (1 0 0 0 1 2 0)              87.718
9121       (1 0 2 3 2 1 2)              87.719
9122       (1 0 2 3 2 1 2)              87.720
9123       (1 0 2 3 2 1 2)              87.719
9124       (1 0 3 1 2 1 2)              87.712
9125       (1 0 2 3 2 1 2)              87.713
9126       (1 0 1 2 1 2 1)              87.712
9127       (1 0 1 2 1 1 1)              87.713
9128       (1 0 2 3 2 1 2)              87.714
9129       (1 0 2 3 2 1 2)              87.716
9130       (1 0 2 3 2 1 2)              87.717
9131       (1 0 2 3 2 1 2)              87.718
9132       (1 0 2 3 2 1 2)              87.720
9133       (1 0 3 1 2 1 2)              87.719
9134       (1 0 1 2 0 0 1)              87.716
9135       (1 0 2 3 2 1 2)              87.717
9136       (1 0 2 3 2 1 2)              87.719
9137       (1 0 3 1 1 1 1)              87.719
9138       (1 0 2 3 2 1 2)              87.720
9139       (1 0 1 2 1 2 1)              87.721
9140       (1 0 3 1 2 1 2)              87.723
9141       (0 0 1 2 1 2 1)              87.721
9142       (1 0 2 3 2 1 2)              87.722
9143       (1 0 3 1 2 1 2)              87.720
9144       (1 0 2 3 2 1 2)              87.722
9145       (1 0 3 1 1 1 1)              87.720
9146       (1 0 3 1 2 1 2)              87.721
9147       (0 0 1 2 1 1 1)              87.716
9148       (1 0 2 3 2 1 2)              87.718
9149       (1 0 3 1 2 1 2)              87.716
9150       (1 0 3 1 2 1 2)              87.717
9151       (0 0 3 1 1 1 0)              87.716
9152       (1 0 3 1 2 1 2)              87.714
9153       (1 0 2 3 2 1 2)              87.712
9154       (1 0 2 3 2 1 2)              87.713
9155       (1 0 1 2 1 1 1)              87.715
9156       (1 0 1 2 1 2 1)              87.714
9157       (1 0 3 1 2 1 2)              87.714
9158       (1 0 2 3 2 1 2)              87.716
9159       (1 0 2 3 2 1 2)              87.717
9160       (0 0 1 2 1 1 1)              87.717
9161       (1 0 3 1 2 1 2)              87.718
9162       (1 0 3 1 2 1 2)              87.719
9163       (1 0 3 1 2 1 2)              87.721
9164       (1 0 3 1 2 1 2)              87.719
9165       (1 0 1 2 1 1 1)              87.720
9166       (1 0 2 3 2 1 2)              87.715
9167       (1 0 2 3 2 1 2)              87.715
9168       (1 0 3 1 2 1 2)              87.717
9169       (1 0 2 3 2 1 2)              87.716
9170       (1 0 2 3 2 1 2)              87.718
9171       (1 0 1 2 1 1 1)              87.717
9172       (1 0 1 2 1 1 1)              87.719
9173       (1 0 3 1 2 1 2)              87.720
9174       (1 0 2 3 2 1 2)              87.721
9175       (1 0 3 1 2 1 2)              87.723
9176       (1 0 2 3 2 1 2)              87.724
9177       (1 0 2 3 2 1 2)              87.725
9178       (1 0 1 2 1 1 1)              87.722
9179       (1 0 2 3 2 1 2)              87.723
9180       (1 0 2 3 2 1 2)              87.723
9181       (1 0 3 1 2 1 2)              87.721
9182       (1 0 3 1 2 1 2)              87.723
9183       (0 1 4 6 0 0 1)              87.718
9184       (1 0 1 2 1 1 1)              87.719
9185       (1 0 2 3 2 1 2)              87.721
9186       (1 0 1 2 1 1 1)              87.722
9187       (0 0 1 2 2 2 1)              87.719
9188       (1 0 2 3 2 1 2)              87.720
9189       (1 0 2 3 2 1 2)              87.721
9190       (0 0 4 6 1 2 1)              87.716
9191       (1 0 3 1 2 1 2)              87.718
9192       (1 0 3 1 2 1 2)              87.717
9193       (1 0 2 3 2 1 2)              87.716
9194       (1 0 2 3 2 1 2)              87.717
9195       (1 0 1 2 1 1 1)              87.718
9196       (1 0 2 3 2 1 2)              87.720
9197       (1 0 2 3 2 1 2)              87.721
9198       (1 0 1 2 1 1 1)              87.722
9199       (0 0 1 2 1 2 1)              87.721
9200       (1 0 2 3 1 1 1)              87.722
9201       (1 0 2 3 2 1 2)              87.722
9202       (1 0 1 2 1 1 1)              87.723
9203       (1 0 2 3 2 1 2)              87.721
9204       (1 0 3 1 2 1 2)              87.723
9205       (1 0 3 1 2 1 2)              87.724
9206       (1 0 2 3 2 1 2)              87.725
9207       (1 0 2 3 2 1 2)              87.727
9208       (1 0 3 1 2 1 2)              87.728
9209       (1 0 2 3 1 2 1)              87.729
9210       (1 0 1 2 1 2 1)              87.726
9211       (1 0 1 2 1 1 1)              87.727
9212       (1 0 2 3 2 1 2)              87.721
9213       (1 0 2 3 2 1 2)              87.719
9214       (1 0 2 3 1 2 1)              87.720
9215       (1 0 1 2 1 1 1)              87.722
9216       (1 0 2 3 2 1 2)              87.723
9217       (1 0 1 2 1 1 1)              87.724
9218       (1 0 2 3 2 1 2)              87.726
9219       (1 0 2 3 2 1 2)              87.724
9220       (1 0 3 1 2 1 2)              87.725
9221       (1 0 2 3 2 1 2)              87.727
9223       (1 0 3 1 2 1 2)              87.728
9224       (1 0 3 1 2 1 2)              87.728
9225       (1 0 2 3 1 2 1)              87.726
9226       (1 0 1 2 1 2 1)              87.726
9227       (1 0 2 3 2 1 2)              87.727
9228       (1 0 3 1 2 1 2)              87.727
9229       (1 0 2 3 2 1 2)              87.728
9230       (1 0 2 3 2 1 2)              87.730
9231       (1 0 3 1 2 1 2)              87.728
9232       (1 0 2 3 2 1 2)              87.729
9233       (1 0 2 3 2 1 2)              87.731
9234       (1 0 3 1 2 1 2)              87.729
9235       (1 0 2 3 1 2 1)              87.730
9236       (1 0 3 1 2 1 2)              87.730
9237       (1 0 2 3 2 1 2)              87.731
9238       (1 0 3 1 2 1 2)              87.733
9239       (0 0 2 3 1 2 1)              87.731
9240       (1 0 1 2 1 2 1)              87.729
9241       (1 0 3 1 2 1 1)              87.729
9242       (1 0 2 3 2 1 2)              87.730
9243       (1 0 1 2 1 1 1)              87.731
9244       (1 0 2 3 2 1 2)              87.733
9245       (0 0 2 3 2 0 2)              87.725
9246       (1 0 1 2 1 1 1)              87.720
9247       (1 0 2 3 2 1 2)              87.721
9248       (1 0 2 3 2 1 2)              87.723
9249       (1 0 3 1 2 1 2)              87.724
9250       (1 0 1 2 1 2 1)              87.724
9251       (1 0 2 3 2 1 2)              87.725
9252       (0 0 1 2 1 1 1)              87.720
9253       (1 0 3 1 2 1 2)              87.720
9254       (1 0 3 1 2 1 2)              87.715
9255       (1 0 2 3 2 1 2)              87.715
9256       (1 0 2 3 2 1 2)              87.716
9257       (1 0 3 1 2 1 2)              87.716
9258       (1 0 3 1 2 1 2)              87.717
9259       (1 0 2 3 2 1 2)              87.716
9260       (0 0 4 5 2 1 1)              87.711
9261       (1 0 2 3 2 1 2)              87.712
9262       (1 0 2 3 2 1 2)              87.713
9263       (1 0 3 1 2 1 2)              87.715
9264       (1 0 2 3 2 1 2)              87.716
9265       (1 0 3 1 2 1 2)              87.717
9266       (1 0 1 2 1 2 1)              87.717
9267       (1 0 2 3 2 1 2)              87.718
9268       (1 0 3 1 2 1 2)              87.718
9269       (0 0 4 6 1 2 1)              87.715
9270       (1 0 2 3 1 1 1)              87.716
9271       (1 0 3 1 2 1 2)              87.718
9272       (1 0 2 3 2 1 2)              87.719
9273       (1 0 2 3 2 1 2)              87.720
9274       (1 0 1 2 1 1 1)              87.722
9275       (1 0 1 2 1 1 1)              87.723
9276       (1 0 2 3 2 1 2)              87.724
9277       (1 0 3 1 2 1 2)              87.726
9278       (1 0 3 1 2 1 2)              87.721
9279       (1 0 0 0 1 2 0)              87.722
9280       (1 0 3 1 2 1 2)              87.723
9281       (1 0 3 1 2 1 2)              87.725
9282       (1 0 2 3 2 1 1)              87.721
9283       (1 0 2 3 2 1 2)              87.723
9284       (0 0 2 3 1 2 1)              87.718
9285       (0 0 1 2 1 1 1)              87.718
9286       (1 0 1 2 1 1 1)              87.719
9287       (1 0 1 2 1 1 1)              87.720
9288       (1 0 3 1 2 1 2)              87.722
9289       (1 0 2 3 2 1 2)              87.720
9290       (1 0 3 1 2 1 2)              87.720
9291       (1 0 3 1 2 1 2)              87.718
9292       (0 0 1 2 1 1 1)              87.715
9293       (1 0 1 2 1 2 1)              87.714
9294       (0 0 1 2 1 1 1)              87.714
9295       (1 0 1 2 1 2 1)              87.714
9296       (1 0 2 3 2 1 2)              87.715
9297       (1 0 3 1 2 1 2)              87.714
9298       (1 0 2 3 2 1 2)              87.715
9299       (1 0 1 2 1 1 1)              87.712
9300       (1 0 2 3 2 1 2)              87.713
9301       (1 0 1 2 1 1 1)              87.714
9302       (1 0 1 2 1 1 1)              87.716
9303       (1 0 1 2 1 1 1)              87.717
9304       (1 0 2 3 2 1 2)              87.718
9305       (1 0 2 3 2 1 2)              87.719
9306       (1 0 2 3 2 1 2)              87.718
9307       (1 0 3 1 2 1 2)              87.719
9308       (1 0 3 1 2 1 2)              87.720
9309       (1 0 3 1 2 1 2)              87.720
9310       (1 0 1 2 1 1 1)              87.721
9311       (1 0 2 3 2 1 2)              87.723
9312       (1 0 3 1 2 1 2)              87.721
9313       (1 0 2 3 2 1 2)              87.722
9314       (1 0 3 1 2 1 2)              87.716
9315       (1 0 2 3 2 1 2)              87.717
9316       (0 0 4 5 2 1 1)              87.709
9317       (1 0 3 1 2 1 2)              87.711
9318       (1 0 2 3 2 1 2)              87.712
9319       (1 0 2 3 1 1 2)              87.712
9320       (0 0 2 3 1 2 1)              87.707
9321       (1 0 1 2 1 1 1)              87.708
9322       (1 0 1 2 1 1 1)              87.710
9323       (1 0 1 2 1 1 1)              87.711
9324       (1 0 2 3 2 1 2)              87.712
9325       (1 0 2 3 2 1 2)              87.714
9326       (1 0 3 1 2 1 2)              87.713
9327       (1 0 3 1 2 1 2)              87.715
9328       (1 0 2 3 2 1 2)              87.716
9329       (1 0 2 3 2 1 2)              87.717
9330       (1 0 2 3 2 1 2)              87.719
9331       (1 0 3 1 2 1 2)              87.720
9332       (1 0 1 2 1 1 1)              87.721
9333       (1 0 2 3 2 1 2)              87.721
9334       (0 0 1 2 2 2 1)              87.718
9335       (1 0 2 3 2 1 2)              87.719
9336       (1 0 2 3 2 1 2)              87.719
9337       (1 0 2 3 2 1 2)              87.720
9338       (1 0 2 3 2 1 2)              87.722
9339       (1 0 1 2 1 2 1)              87.721
9340       (1 0 1 2 1 2 1)              87.721
9341       (1 0 1 2 1 2 1)              87.721
9342       (1 0 2 3 2 1 2)              87.722
9343       (1 0 3 1 1 2 1)              87.724
9344       (1 0 1 2 1 1 1)              87.725
9345       (1 0 2 3 2 1 2)              87.723
9346       (1 0 2 3 2 1 2)              87.721
9347       (1 0 1 2 1 2 1)              87.721
9348       (1 0 2 3 2 1 2)              87.719
9349       (1 0 3 1 2 1 2)              87.721
9350       (1 0 2 3 2 1 2)              87.722
9351       (1 0 1 2 1 1 1)              87.723
9352       (1 0 2 3 2 1 2)              87.722
9353       (1 0 2 3 2 1 2)              87.723
9354       (1 0 1 2 1 1 1)              87.724
9355       (1 0 3 1 2 1 2)              87.726
9356       (1 0 1 2 1 2 1)              87.722
9357       (1 0 3 1 2 1 2)              87.724
9358       (1 0 2 3 2 1 2)              87.725
9359       (1 0 2 3 2 1 2)              87.723
9360       (1 0 2 3 2 1 2)              87.725
9361       (1 0 2 3 2 1 2)              87.720
9362       (0 0 1 2 0 0 1)              87.719
9363       (1 0 2 3 2 1 2)              87.721
9364       (1 0 2 3 2 1 2)              87.719
9365       (1 0 4 5 2 2 2)              87.716
9366       (1 0 2 3 2 1 2)              87.717
9367       (1 0 2 3 2 1 1)              87.714
9368       (0 0 1 2 1 1 1)              87.707
9369       (1 0 2 3 2 1 2)              87.709
9370       (1 0 1 2 1 1 1)              87.710
9371       (0 0 1 2 2 2 1)              87.707
9372       (1 0 2 3 2 1 2)              87.708
9373       (1 0 1 2 1 1 1)              87.709
9374       (1 0 2 3 2 1 2)              87.711
9375       (1 0 1 2 1 1 1)              87.712
9376       (1 0 1 2 1 1 1)              87.713
9377       (1 0 3 1 2 1 2)              87.712
9378       (1 0 1 2 2 2 1)              87.713
9379       (1 0 2 3 2 1 2)              87.710
9380       (0 0 1 2 1 1 1)              87.710
9381       (1 0 2 3 2 1 2)              87.708
9382       (1 0 1 2 1 1 1)              87.709
9383       (1 0 1 2 1 1 1)              87.710
9384       (1 0 2 3 2 1 2)              87.712
9385       (0 0 3 1 1 1 0)              87.710
9386       (1 0 3 1 2 1 2)              87.711
9387       (1 0 1 2 1 1 1)              87.713
9388       (1 0 2 3 2 1 2)              87.712
9389       (1 0 2 3 2 1 2)              87.714
9390       (1 0 3 1 2 1 2)              87.715
9391       (1 0 2 3 1 1 1)              87.716
9392       (1 0 2 3 2 1 2)              87.718
9393       (1 0 1 2 1 1 1)              87.719
9394       (1 0 3 1 2 1 2)              87.720
9395       (1 0 2 3 2 1 2)              87.719
9396       (1 0 2 3 2 1 2)              87.720
9397       (1 0 2 3 2 1 2)              87.721
9398       (1 0 3 1 2 1 2)              87.721
9399       (1 0 3 1 2 1 2)              87.719
9400       (1 0 1 2 1 1 1)              87.721
9401       (0 0 2 3 1 2 1)              87.719
9402       (1 0 2 3 2 1 2)              87.719
9403       (1 0 1 2 1 1 1)              87.720
9404       (1 0 1 2 1 1 1)              87.721
9405       (1 0 1 2 1 2 1)              87.721
9406       (1 0 2 3 2 1 2)              87.722
9407       (1 0 1 2 1 1 1)              87.724
9408       (1 0 2 3 2 1 2)              87.722
9409       (1 0 2 3 2 1 2)              87.720
9410       (1 0 3 1 2 1 2)              87.721
9411       (1 0 2 3 2 1 2)              87.723
9412       (1 0 3 1 2 1 2)              87.724
9413       (1 0 3 1 2 1 2)              87.725
9414       (1 0 3 1 2 1 2)              87.727
9415       (1 0 3 1 2 1 2)              87.726
9416       (1 0 3 1 2 1 2)              87.722
9417       (1 0 2 3 2 1 2)              87.723
9418       (1 0 2 3 2 1 2)              87.724
9419       (1 0 2 3 2 1 2)              87.726
9420       (1 0 3 1 2 1 2)              87.727
9421       (1 0 3 1 2 1 2)              87.727
9422       (1 0 2 3 2 1 2)              87.728
9423       (1 0 3 1 2 1 2)              87.729
9424       (1 0 2 3 2 1 2)              87.731
9425       (1 0 1 2 1 1 1)              87.732
9426       (1 0 2 3 2 1 2)              87.733
9427       (1 0 1 2 1 1 1)              87.734
9428       (1 0 2 3 2 1 2)              87.736
9429       (1 0 2 3 2 1 2)              87.737
9430       (1 0 2 3 2 1 2)              87.737
9431       (1 0 3 1 2 1 2)              87.738
9432       (1 0 2 3 2 1 2)              87.739
9433       (1 0 3 1 2 1 2)              87.736
9434       (1 0 1 2 1 1 1)              87.738
9435       (1 0 2 3 1 2 0)              87.739
9436       (0 0 1 2 1 1 1)              87.739
9437       (1 0 3 1 2 1 2)              87.740
9438       (1 0 3 1 2 1 2)              87.740
9439       (1 0 1 2 1 1 1)              87.741
9440       (1 0 2 3 2 1 2)              87.739
9441       (1 0 2 3 1 1 1)              87.739
9442       (1 0 2 3 2 1 2)              87.740
9443       (0 0 1 2 1 1 1)              87.736
9444       (1 0 2 3 2 1 2)              87.734
9445       (1 0 2 3 2 1 2)              87.735
9446       (1 0 2 3 2 1 2)              87.735
9447       (1 0 3 1 2 1 2)              87.729
9448       (1 0 2 3 2 1 2)              87.727
9449       (1 0 1 2 1 1 1)              87.725
9450       (1 0 3 1 2 1 2)              87.727
9451       (1 0 4 5 2 2 2)              87.723
9452       (1 0 1 2 1 1 1)              87.725
9453       (1 0 0 0 2 2 1)              87.726
9454       (1 0 2 3 2 2 1)              87.726
9455       (1 0 3 1 2 1 2)              87.724
9456       (1 0 1 2 1 1 1)              87.725
9457       (1 0 1 2 1 2 1)              87.725
9458       (1 0 2 3 2 1 2)              87.726
9459       (1 0 2 3 2 1 2)              87.725
9460       (1 0 1 2 1 1 1)              87.726
9461       (1 0 2 3 2 1 2)              87.727
9462       (0 0 4 2 2 2 1)              87.722
9463       (0 0 4 5 2 2 1)              87.719
9464       (1 0 2 3 1 2 1)              87.721
9465       (1 0 1 2 1 1 1)              87.720
9466       (1 0 4 5 2 2 2)              87.717
9467       (1 0 2 3 2 1 2)              87.718
9468       (0 0 2 3 1 2 1)              87.717
9469       (1 0 1 2 1 1 1)              87.718
9470       (1 0 2 3 2 1 2)              87.718
9471       (1 0 3 1 2 1 2)              87.719
9472       (0 0 2 3 1 2 1)              87.714
9473       (1 0 1 2 1 1 1)              87.716
9474       (1 0 3 1 2 1 2)              87.717
9475       (1 0 2 3 2 1 2)              87.718
9476       (1 0 2 3 2 1 2)              87.719
9477       (0 0 4 6 0 0 1)              87.716
9478       (1 0 1 2 1 1 1)              87.718
9479       (1 0 2 3 2 1 2)              87.716
9480       (1 0 3 1 2 1 2)              87.717
9481       (0 0 1 2 1 1 1)              87.717
9482       (1 0 2 3 2 1 2)              87.718
9483       (0 0 4 5 2 2 1)              87.715
9484       (0 0 4 3 2 1 1)              87.710
9485       (1 0 3 1 2 1 2)              87.712
9486       (0 0 1 2 1 1 1)              87.705
9487       (1 0 2 3 2 1 2)              87.704
9488       (1 0 3 1 2 1 2)              87.705
9489       (1 0 2 3 2 1 2)              87.703
9490       (1 0 3 1 2 1 2)              87.698
9491       (1 0 2 3 2 1 2)              87.700
9492       (1 0 0 0 2 2 1)              87.701
9493       (1 0 1 2 1 2 1)              87.701
9494       (1 0 2 3 2 1 2)              87.702
9495       (0 0 1 2 1 1 1)              87.702
9496       (1 0 3 1 2 1 2)              87.700
9497       (1 0 2 3 1 2 1)              87.701
9498       (1 0 3 1 2 1 2)              87.700
9499       (1 0 3 1 2 1 2)              87.701
9500       (1 0 3 1 2 1 2)              87.696
9501       (1 0 2 3 2 1 2)              87.698
9502       (1 0 2 3 2 1 2)              87.699
9503       (1 0 2 3 2 1 2)              87.700
9504       (1 0 2 3 2 1 2)              87.702
9505       (1 0 2 3 2 1 2)              87.700
9506       (1 0 3 1 2 1 2)              87.701
9507       (1 0 3 1 2 1 2)              87.702
9508       (1 0 3 1 2 1 2)              87.702
9509       (1 0 3 1 2 1 2)              87.703
9510       (1 0 3 1 2 1 2)              87.705
9511       (1 0 3 1 2 1 2)              87.703
9512       (1 0 2 3 2 1 1)              87.700
9513       (1 0 1 2 1 1 1)              87.701
9514       (1 0 3 1 2 1 2)              87.696
9515       (1 0 2 3 2 1 2)              87.698
9516       (1 0 2 3 2 1 2)              87.699
9517       (1 0 2 3 2 1 2)              87.700
9518       (0 0 1 2 1 1 1)              87.696
9519       (1 0 2 3 2 1 1)              87.692
9520       (0 0 2 3 1 2 1)              87.691
9521       (1 0 3 1 2 1 2)              87.692
9522       (1 0 2 3 2 1 2)              87.693
9523       (1 0 0 0 2 2 1)              87.695
9524       (1 0 2 3 2 1 2)              87.693
9525       (1 0 3 1 2 1 2)              87.691
9526       (1 0 0 0 2 2 1)              87.692
9527       (1 0 2 3 2 1 2)              87.694
9528       (0 0 4 6 1 2 1)              87.689
9529       (1 0 1 2 1 1 1)              87.690
9530       (1 0 2 3 2 1 2)              87.692
9531       (1 0 2 3 2 1 2)              87.693
9532       (1 0 3 1 2 1 2)              87.694
9533       (1 0 2 3 2 1 2)              87.694
9534       (1 0 2 3 2 1 2)              87.695
9535       (1 0 3 1 2 1 2)              87.691
9536       (1 0 2 3 2 1 2)              87.692
9537       (1 0 2 3 2 1 2)              87.693
9538       (1 0 3 1 2 1 2)              87.694
9539       (1 0 3 1 2 1 2)              87.694
9540       (1 0 2 3 1 1 1)              87.695
9541       (1 0 3 1 2 1 2)              87.697
9542       (1 0 2 3 2 1 2)              87.698
9543       (1 0 1 2 1 1 1)              87.699
9544       (1 0 2 3 2 1 2)              87.701
9545       (1 0 2 3 2 1 2)              87.702
9546       (1 0 2 3 2 1 2)              87.699
9547       (1 0 3 1 2 1 2)              87.700
9548       (1 0 2 3 2 1 2)              87.701
9549       (0 0 1 2 1 1 1)              87.701
9550       (1 0 0 0 1 2 0)              87.702
9551       (1 0 3 1 2 1 2)              87.702
9552       (1 0 1 2 1 1 1)              87.703
9553       (1 0 2 3 2 1 2)              87.702
9554       (1 0 1 2 0 0 1)              87.703
9555       (1 0 2 3 2 1 2)              87.701
9556       (1 0 1 2 1 1 1)              87.703
9557       (0 0 4 6 1 2 1)              87.699
9558       (1 0 1 2 1 1 1)              87.701
9559       (1 0 3 1 2 1 2)              87.702
9560       (1 0 3 1 2 1 2)              87.697
9561       (1 0 0 0 1 2 0)              87.699
9562       (1 0 2 3 2 1 2)              87.700
9563       (1 0 1 2 1 1 1)              87.701
9564       (1 0 2 3 2 1 2)              87.699
9565       (1 0 1 2 1 2 1)              87.699
9566       (1 0 2 3 2 1 2)              87.701
9567       (1 0 3 1 2 1 2)              87.700
9568       (1 0 2 3 2 1 2)              87.702
9569       (1 0 3 1 2 1 2)              87.700
9570       (1 0 1 2 0 0 1)              87.698
9571       (1 0 3 1 2 1 2)              87.694
9572       (1 0 2 3 2 1 2)              87.695
9573       (1 0 3 1 2 1 2)              87.696
9574       (1 0 1 2 1 1 1)              87.697
9575       (1 0 2 3 2 1 2)              87.699
9576       (1 0 2 3 2 1 2)              87.700
9577       (1 0 2 3 1 2 1)              87.694
9578       (1 0 3 1 2 1 2)              87.695
9579       (1 0 2 3 2 1 2)              87.696
9580       (1 0 3 1 2 1 2)              87.698
9581       (1 0 3 1 1 1 1)              87.696
9582       (0 0 4 6 0 0 1)              87.691
9583       (1 0 2 3 1 2 1)              87.693
9584       (1 0 1 2 1 1 1)              87.694
9585       (1 0 1 2 1 1 1)              87.689
9586       (1 0 2 3 2 1 1)              87.689
9587       (1 0 2 3 2 1 2)              87.687
9588       (1 0 2 3 2 1 2)              87.689
9589       (1 0 2 3 2 1 2)              87.690
9590       (1 0 1 2 1 2 1)              87.690
9591       (1 0 2 3 2 1 2)              87.691
9592       (1 0 1 2 1 1 1)              87.692
9593       (1 0 2 3 2 1 2)              87.693
9594       (1 0 3 1 2 1 2)              87.695
9595       (1 0 3 1 2 1 2)              87.696
9596       (1 0 2 3 2 1 2)              87.697
9597       (1 0 3 1 2 1 2)              87.699
9598       (1 0 2 3 2 1 2)              87.700
9599       (1 0 4 5 2 2 2)              87.697
9600       (1 0 2 3 2 1 2)              87.695
9601       (1 0 2 3 2 1 2)              87.695
9602       (1 0 3 1 2 1 2)              87.696
9603       (1 0 1 2 1 1 1)              87.697
9604       (1 0 1 2 1 1 1)              87.699
9605       (0 0 4 6 1 2 1)              87.695
9606       (0 0 1 2 1 1 1)              87.695
9607       (1 0 2 3 2 1 2)              87.697
9608       (1 0 3 1 2 1 2)              87.698
9609       (1 0 2 3 2 1 2)              87.699
9610       (1 0 1 2 1 1 1)              87.700
9611       (1 0 1 2 2 2 1)              87.702
9612       (1 0 2 3 2 1 2)              87.700
9613       (1 0 2 3 2 1 2)              87.701
9614       (1 0 3 1 2 1 2)              87.700
9615       (1 0 1 2 1 2 1)              87.699
9616       (1 0 3 1 2 1 2)              87.698
9617       (1 0 2 3 2 1 2)              87.699
9618       (1 0 2 3 2 1 2)              87.700
9619       (1 0 1 2 1 1 1)              87.702
9620       (0 0 2 3 1 2 1)              87.697
9621       (1 0 2 3 2 1 2)              87.698
9622       (1 0 2 3 2 1 2)              87.699
9623       (1 0 1 2 1 1 1)              87.701
9624       (0 0 4 6 1 2 1)              87.693
9625       (1 0 1 2 1 1 1)              87.694
9626       (1 0 3 1 2 1 2)              87.696
9627       (1 0 1 2 1 2 1)              87.695
9628       (1 0 1 2 1 2 1)              87.694
9629       (1 0 2 3 2 2 1)              87.693
9630       (1 0 2 3 2 1 2)              87.695
9631       (1 0 3 1 2 1 2)              87.696
9632       (1 0 2 3 2 1 2)              87.697
9633       (1 0 1 2 1 2 1)              87.697
9634       (1 0 3 1 2 1 2)              87.698
9635       (1 0 2 3 2 1 2)              87.700
9636       (1 0 2 3 2 1 2)              87.701
9637       (0 0 1 2 1 1 1)              87.701
9638       (1 0 3 1 2 1 2)              87.696
9639       (1 0 2 3 2 1 2)              87.694
9640       (1 0 2 3 2 1 2)              87.696
9641       (1 0 2 3 2 1 2)              87.697
9642       (0 0 4 6 0 0 1)              87.691
9643       (1 0 3 1 2 1 2)              87.689
9644       (1 0 2 3 2 1 2)              87.690
9645       (1 0 2 3 2 1 2)              87.692
9646       (0 0 4 2 2 2 1)              87.687
9647       (1 0 2 3 2 1 2)              87.688
9648       (1 0 2 3 2 1 2)              87.688
9649       (0 0 4 6 0 0 1)              87.682
9650       (1 0 2 3 2 1 2)              87.680
9651       (1 0 0 0 0 1 1)              87.679
9652       (1 0 1 2 0 0 1)              87.680
9653       (1 0 2 3 2 1 2)              87.681
9654       (0 0 4 6 0 0 1)              87.676
9655       (1 0 2 3 2 1 2)              87.678
9656       (1 0 2 3 2 1 2)              87.679
9657       (1 0 2 3 1 2 1)              87.679
9658       (1 0 1 2 1 1 1)              87.680
9659       (1 0 2 3 2 1 2)              87.681
9660       (1 0 3 1 2 1 2)              87.681
9661       (1 0 1 2 1 1 1)              87.682
9662       (1 0 2 3 2 1 2)              87.681
9663       (1 0 2 3 2 1 2)              87.682
9664       (1 0 1 2 1 1 1)              87.680
9665       (1 0 2 3 1 2 1)              87.680
9666       (1 0 1 2 1 2 1)              87.678
9667       (1 0 1 2 1 1 1)              87.678
9668       (1 0 2 3 2 1 2)              87.680
9669       (0 0 2 3 1 2 1)              87.675
9670       (1 0 1 2 1 2 1)              87.672
9671       (1 0 3 1 2 1 2)              87.673
9672       (1 0 3 1 2 1 2)              87.673
9673       (1 0 2 3 2 1 2)              87.674
9674       (1 0 2 3 2 1 2)              87.672
9675       (0 0 4 6 0 0 1)              87.669
9676       (1 0 2 3 2 1 2)              87.668
9677       (1 0 1 2 1 1 1)              87.669
9678       (1 0 2 3 2 1 2)              87.670
9679       (1 0 2 3 2 1 2)              87.671
9680       (1 0 1 2 1 1 1)              87.673
9681       (1 0 3 1 1 1 1)              87.671
9682       (1 0 3 1 2 1 2)              87.668
9683       (1 0 2 3 2 1 2)              87.669
9684       (1 0 3 1 2 1 2)              87.670
9685       (1 0 1 2 1 1 1)              87.672
9686       (0 0 4 5 2 2 1)              87.669
9687       (1 0 2 3 2 1 2)              87.670
9688       (1 0 1 2 1 1 1)              87.670
9689       (1 0 1 2 1 1 1)              87.671
9690       (1 0 2 3 2 1 2)              87.672
9691       (1 0 2 3 2 1 2)              87.673
9692       (1 0 3 1 2 1 2)              87.675
9693       (1 0 1 2 1 1 1)              87.676
9694       (1 0 2 3 2 1 2)              87.677
9695       (1 0 2 3 2 1 2)              87.679
9696       (1 0 2 3 2 1 2)              87.680
9697       (1 0 3 1 2 1 2)              87.678
9698       (1 0 2 3 2 1 2)              87.678
9699       (1 0 2 3 2 1 2)              87.676
9700       (1 0 2 3 2 1 2)              87.678
9701       (1 0 3 1 2 1 2)              87.679
9702       (1 0 2 3 2 1 2)              87.679
9703       (1 0 1 2 1 2 1)              87.678
9704       (1 0 2 3 2 1 2)              87.680
9705       (1 0 2 3 2 1 2)              87.681
9706       (0 0 1 2 0 0 1)              87.681
9707       (1 0 2 3 1 2 1)              87.682
9708       (1 0 2 3 1 1 1)              87.683
9709       (1 0 3 1 2 1 2)              87.685
9710       (1 0 2 3 2 1 2)              87.686
9711       (1 0 2 3 2 1 2)              87.687
9712       (1 0 2 3 2 1 2)              87.688
9713       (1 0 3 1 2 1 2)              87.690
9714       (1 0 1 2 1 2 1)              87.689
9715       (1 0 2 3 2 1 2)              87.691
9716       (1 0 2 3 2 1 2)              87.692
9717       (1 0 2 3 2 1 2)              87.693
9718       (1 0 2 3 2 1 2)              87.694
9719       (1 0 1 2 1 1 1)              87.696
9720       (0 0 4 5 2 2 1)              87.690
9721       (1 0 2 3 2 1 2)              87.691
9722       (1 0 3 1 2 1 2)              87.692
9723       (1 0 2 3 2 1 2)              87.693
9724       (1 0 2 3 2 1 2)              87.692
9725       (1 0 2 3 2 1 2)              87.690
9726       (0 0 1 2 1 1 1)              87.690
9727       (1 0 3 1 2 1 2)              87.688
9728       (1 0 2 3 2 1 2)              87.689
9729       (1 0 2 3 2 1 2)              87.688
9730       (1 0 2 3 2 1 2)              87.689
9731       (1 0 2 3 2 1 2)              87.690
9732       (1 0 2 3 2 1 2)              87.690
9733       (1 0 2 3 1 2 1)              87.691
9734       (1 0 2 3 2 1 2)              87.693
9735       (1 0 2 3 2 1 1)              87.690
9736       (1 0 2 3 2 1 2)              87.688
9737       (1 0 1 2 1 1 1)              87.689
9738       (1 0 2 3 2 1 2)              87.690
9739       (1 0 2 3 2 1 2)              87.687
9740       (1 0 3 1 2 1 2)              87.689
9741       (1 0 1 2 1 1 1)              87.690
9742       (1 0 3 1 2 1 2)              87.691
9743       (1 0 1 2 1 1 1)              87.692
9744       (1 0 2 3 2 1 2)              87.694
9745       (1 0 2 3 2 1 2)              87.695
9746       (0 0 2 3 1 2 1)              87.690
9747       (1 0 3 1 2 1 2)              87.692
9748       (1 0 2 3 2 1 2)              87.693
9749       (1 0 2 3 2 1 2)              87.694
9750       (1 0 1 2 1 1 1)              87.695
9751       (1 0 1 2 1 1 1)              87.692
9752       (0 0 4 2 2 2 1)              87.688
9753       (1 0 1 2 1 1 1)              87.689
9754       (1 0 3 1 2 1 2)              87.690
9755       (1 0 2 3 2 1 1)              87.690
9756       (0 0 1 2 1 1 1)              87.690
9757       (1 0 1 2 1 1 1)              87.691
9758       (1 0 3 1 1 1 1)              87.692
9759       (1 0 2 3 2 1 2)              87.693
9760       (1 0 1 2 1 1 1)              87.695
9761       (1 0 1 2 1 1 1)              87.696
9762       (1 0 1 2 1 2 1)              87.696
9763       (1 0 1 2 1 1 1)              87.697
9764       (1 0 2 3 2 1 2)              87.698
9765       (1 0 3 1 2 1 2)              87.700
9766       (1 0 3 1 2 1 2)              87.701
9767       (1 0 3 1 2 1 2)              87.701
9768       (1 0 2 3 2 1 2)              87.702
9769       (1 0 2 3 2 1 2)              87.703
9770       (1 0 2 3 2 1 2)              87.702
9771       (1 0 2 3 2 1 2)              87.703
9772       (1 0 1 2 1 1 1)              87.704
9773       (1 0 2 3 1 2 1)              87.705
9774       (1 0 2 3 1 2 1)              87.707
9775       (1 0 2 3 2 1 2)              87.708
9776       (1 0 3 1 2 1 2)              87.709
9777       (1 0 1 2 1 2 1)              87.709
9778       (1 0 3 1 2 1 2)              87.710
9779       (1 0 3 1 2 1 2)              87.707
9780       (1 0 3 1 1 1 1)              87.708
9781       (1 0 1 2 1 2 1)              87.710
9782       (1 0 1 2 1 1 1)              87.711
9783       (1 0 2 3 1 1 1)              87.712
9784       (1 0 1 2 1 1 1)              87.713
9785       (1 0 3 1 2 1 2)              87.715
9786       (1 0 2 3 2 1 2)              87.716
9787       (1 0 2 3 2 1 2)              87.714
9788       (1 0 2 3 2 1 2)              87.715
9789       (1 0 2 3 2 1 2)              87.717
9790       (0 0 1 2 1 1 1)              87.714
9791       (1 0 3 1 2 1 2)              87.715
9792       (1 0 2 3 2 1 2)              87.716
9793       (1 0 2 3 2 1 2)              87.717
9794       (1 0 2 3 2 1 2)              87.719
9795       (1 0 2 3 2 1 2)              87.718
9796       (1 0 2 3 1 2 1)              87.720
9797       (1 0 2 3 2 1 2)              87.721
9798       (1 0 3 1 2 1 2)              87.716
9799       (1 0 1 2 1 1 1)              87.718
9800       (1 0 1 2 1 1 1)              87.717
9801       (1 0 2 3 2 1 2)              87.719
9802       (1 0 2 3 2 1 2)              87.720
9803       (1 0 2 3 2 1 2)              87.718
9804       (1 0 2 3 1 2 1)              87.719
9805       (1 0 3 1 2 1 2)              87.718
9806       (1 0 2 3 2 1 2)              87.719
9807       (1 0 3 1 2 1 2)              87.719
9808       (1 0 3 1 2 1 2)              87.720
9809       (1 0 2 3 2 1 2)              87.718
9810       (1 0 2 3 2 1 2)              87.720
9811       (1 0 3 1 2 1 2)              87.721
9812       (1 0 3 1 2 1 2)              87.721
9813       (1 0 1 2 1 1 1)              87.722
9814       (1 0 3 1 2 1 2)              87.717
9815       (1 0 1 2 1 2 1)              87.717
9816       (1 0 3 1 2 1 2)              87.717
9817       (1 0 1 2 1 2 1)              87.718
9818       (1 0 1 2 1 1 1)              87.719
9819       (1 0 3 1 2 1 2)              87.721
9820       (1 0 2 3 2 1 2)              87.722
9821       (1 0 3 1 2 1 2)              87.723
9822       (1 0 1 2 1 2 1)              87.717
9823       (1 0 3 1 2 1 2)              87.717
9824       (1 0 2 3 2 1 2)              87.718
9825       (1 0 1 2 1 2 1)              87.718
9826       (1 0 1 2 1 1 1)              87.719
9827       (1 0 3 1 2 1 2)              87.721
9828       (1 0 1 2 1 2 1)              87.720
9829       (1 0 3 1 2 1 2)              87.719
9830       (1 0 1 2 1 2 1)              87.718
9831       (1 0 2 3 1 1 1)              87.720
9832       (1 0 2 3 2 1 2)              87.721
9833       (1 0 2 3 2 1 2)              87.722
9834       (1 0 1 2 1 1 1)              87.723
9835       (1 0 2 3 2 1 2)              87.725
9836       (1 0 2 3 2 1 2)              87.726
9837       (1 0 2 3 2 1 2)              87.727
9838       (1 0 2 3 2 1 2)              87.728
9839       (1 0 2 3 2 1 2)              87.730
9840       (1 0 3 1 2 1 2)              87.728
9841       (1 0 2 3 2 1 2)              87.729
9842       (0 0 1 2 2 2 1)              87.726
9843       (1 0 2 3 2 1 2)              87.727
9844       (1 0 2 3 2 1 2)              87.729
9845       (1 0 2 3 2 1 2)              87.730
9846       (1 0 2 3 2 1 2)              87.731
9847       (1 0 3 1 2 1 2)              87.727
9848       (1 0 1 2 1 1 1)              87.728
9849       (1 0 2 3 2 1 2)              87.729
9850       (0 0 1 2 1 1 1)              87.725
9851       (1 0 3 1 2 1 2)              87.721
9852       (1 0 3 1 2 1 2)              87.723
9853       (1 0 3 1 2 1 2)              87.723
9854       (1 0 2 3 2 1 2)              87.722
9855       (1 0 2 3 2 1 2)              87.724
9856       (1 0 2 3 2 1 2)              87.725
9857       (1 0 3 1 2 1 2)              87.723
9858       (1 0 2 3 2 1 2)              87.721
9859       (1 0 3 1 2 1 2)              87.721
9860       (1 0 3 1 2 1 2)              87.720
9861       (1 0 2 3 2 1 2)              87.717
9862       (1 0 3 1 2 1 2)              87.718
9863       (1 0 2 3 2 1 2)              87.716
9864       (1 0 3 1 2 1 2)              87.717
9865       (1 0 3 1 2 1 2)              87.719
9866       (1 0 2 3 2 1 2)              87.718
9867       (1 0 2 3 2 1 2)              87.720
9868       (1 0 2 3 2 1 2)              87.719
9869       (1 0 2 3 2 1 2)              87.719
9870       (1 0 2 3 2 1 2)              87.720
9871       (1 0 1 2 1 1 1)              87.722
9872       (1 0 1 2 1 1 1)              87.723
9873       (1 0 2 3 2 1 2)              87.724
9874       (1 0 2 3 2 1 2)              87.725
9875       (1 0 3 1 1 1 1)              87.727
9876       (0 0 4 3 2 1 1)              87.721
9877       (1 0 1 2 1 1 1)              87.722
9878       (1 0 3 1 2 1 2)              87.723
9879       (1 0 2 3 2 1 2)              87.724
9880       (1 0 1 2 1 2 1)              87.726
9881       (1 0 3 1 2 1 2)              87.726
9882       (0 0 0 4 1 2 0)              87.721
9883       (1 0 2 3 2 1 2)              87.722
9884       (0 0 4 6 1 1 1)              87.719
9885       (1 0 3 1 2 1 2)              87.719
9886       (1 0 1 2 1 1 1)              87.720
9887       (1 0 2 3 2 1 2)              87.717
9888       (1 0 1 2 1 2 1)              87.717
9889       (1 0 2 3 2 1 2)              87.717
9890       (1 0 1 2 1 1 1)              87.718
9891       (1 0 0 0 2 2 1)              87.713
9892       (0 0 4 6 1 2 1)              87.709
9893       (1 0 1 2 2 2 1)              87.707
9894       (1 0 2 3 2 1 2)              87.708
9895       (1 0 1 2 1 1 1)              87.710
9896       (1 0 2 3 2 1 2)              87.708
9897       (1 0 3 1 2 1 2)              87.709
9898       (1 0 1 2 1 1 1)              87.705
9899       (1 0 1 2 1 2 1)              87.704
9900       (1 0 2 3 2 1 2)              87.703
9901       (1 0 1 2 1 1 1)              87.704
9902       (1 0 2 3 2 1 2)              87.705
9903       (1 0 2 3 2 1 2)              87.707
9904       (1 0 2 3 2 1 2)              87.705
9905       (1 0 1 2 1 1 1)              87.706
9906       (1 0 2 3 2 1 2)              87.707
9907       (1 0 2 3 2 1 2)              87.709
9908       (0 0 2 3 1 2 1)              87.704
9909       (1 0 3 1 2 1 2)              87.704
9910       (1 0 1 2 1 1 1)              87.705
9911       (1 0 2 3 2 1 2)              87.706
9912       (1 0 0 0 2 2 1)              87.708
9913       (1 0 1 2 1 1 1)              87.709
9914       (1 0 3 1 2 1 2)              87.710
9915       (1 0 3 1 2 1 2)              87.711
9916       (1 0 1 2 1 1 1)              87.713
9917       (1 0 2 3 2 1 2)              87.714
9918       (1 0 2 3 2 1 2)              87.715
9919       (1 0 1 2 1 2 1)              87.715
9920       (1 0 2 3 2 1 2)              87.713
9921       (0 0 1 2 1 2 1)              87.712
9922       (1 0 2 3 2 1 2)              87.710
9923       (1 0 2 3 2 1 2)              87.711
9924       (1 0 3 1 2 1 2)              87.710
9925       (1 0 3 1 2 1 2)              87.709
9926       (1 0 2 3 2 1 2)              87.711
9927       (1 0 1 2 1 1 1)              87.712
9928       (1 0 2 3 2 1 2)              87.712
9929       (1 0 1 2 1 1 1)              87.713
9930       (1 0 3 1 2 1 2)              87.714
9931       (1 0 2 3 2 1 2)              87.715
9932       (1 0 2 3 2 1 2)              87.717
9933       (1 0 1 2 1 2 1)              87.716
9934       (1 0 2 3 2 1 1)              87.716
9935       (1 0 1 2 1 2 1)              87.716
9936       (0 0 1 2 0 0 1)              87.710
9937       (1 0 2 3 2 1 2)              87.711
9938       (1 0 2 3 1 2 1)              87.711
9939       (1 0 2 3 2 1 2)              87.708
9940       (1 0 1 2 1 2 1)              87.708
9941       (1 0 2 3 2 1 2)              87.705
9942       (1 0 2 3 2 1 2)              87.706
9943       (0 0 4 2 1 1 1)              87.704
9944       (1 0 1 2 1 1 1)              87.706
9945       (1 0 3 1 2 1 2)              87.707
9946       (1 0 3 1 2 1 2)              87.708
9947       (1 0 1 2 1 1 1)              87.709
9948       (1 0 2 3 1 2 1)              87.710
9949       (1 0 1 2 1 1 1)              87.712
9950       (1 0 0 0 1 2 0)              87.713
9951       (1 0 3 1 2 1 2)              87.714
9952       (1 0 1 2 1 1 1)              87.715
9953       (1 0 3 1 2 1 2)              87.717
9954       (1 0 3 1 2 1 2)              87.716
9955       (1 0 2 3 2 1 2)              87.718
9956       (1 0 2 3 2 1 2)              87.719
9957       (1 0 2 3 2 1 2)              87.720
9958       (1 0 3 1 2 1 2)              87.720
9959       (1 0 2 3 2 1 2)              87.721
9960       (1 0 3 1 2 1 2)              87.721
9961       (1 0 2 3 2 1 2)              87.719
9962       (1 0 2 3 2 1 2)              87.713
9963       (1 0 3 1 2 1 2)              87.715
9964       (1 0 2 3 2 1 2)              87.716
9965       (1 0 2 3 2 1 2)              87.717
9966       (1 0 1 2 1 1 1)              87.718
9967       (1 0 3 1 1 1 1)              87.718
9968       (0 0 4 6 0 0 1)              87.715
9969       (1 0 2 3 2 1 2)              87.713
9970       (1 0 2 3 2 1 2)              87.715
9971       (1 0 1 2 1 1 1)              87.716
9972       (1 0 2 3 2 1 2)              87.717
9973       (1 0 2 3 2 1 2)              87.718
9974       (1 0 2 3 2 1 2)              87.720
9975       (1 0 2 3 2 1 2)              87.721
9976       (1 0 3 1 2 1 2)              87.722
9977       (1 0 3 1 2 1 2)              87.723
9978       (1 0 1 2 1 1 1)              87.725
9979       (0 0 4 2 1 1 1)              87.723
9980       (1 0 3 1 2 1 2)              87.724
9981       (1 0 1 2 1 2 1)              87.725
9982       (1 0 2 3 2 1 2)              87.727
9983       (1 0 3 1 2 1 2)              87.728
9984       (1 0 2 3 2 1 2)              87.726
9985       (0 0 1 2 1 1 1)              87.726
9986       (1 0 1 2 1 2 1)              87.726
9987       (1 0 2 3 2 1 2)              87.727
9988       (1 0 2 3 2 1 2)              87.728
9989       (1 0 1 2 1 1 1)              87.730
9990       (1 0 2 3 2 1 2)              87.731
9991       (1 0 2 3 2 1 2)              87.732
9992       (1 0 3 1 2 1 2)              87.733
9993       (1 0 3 1 2 1 2)              87.734
9994       (1 0 2 3 2 1 2)              87.736
9995       (1 0 3 1 2 1 2)              87.737
9996       (1 0 2 3 2 1 2)              87.738
9997       (1 0 3 1 2 1 2)              87.735
9998       (1 0 3 1 2 1 2)              87.733
9999       (1 0 1 2 1 1 1)              87.732
10000      (1 0 3 1 2 1 2)              87.733
10001      (1 0 3 1 2 1 2)              87.731
10002      (1 0 2 3 2 1 2)              87.730
10003      (1 0 2 3 2 1 2)              87.731
10004      (1 0 2 3 2 1 2)              87.732
10005      (1 0 2 3 2 1 2)              87.733
10006      (1 0 2 3 1 2 1)              87.730
10007      (0 0 4 6 1 2 1)              87.726
10008      (1 0 2 3 2 1 2)              87.727
10009      (1 0 1 2 1 1 1)              87.728
10010      (1 0 1 2 1 1 1)              87.730
10011      (1 0 3 1 2 1 2)              87.728
10012      (0 0 1 2 1 1 1)              87.728
10013      (1 0 2 3 2 1 1)              87.723
10014      (1 0 3 1 1 1 1)              87.719
10015      (1 0 1 2 1 2 1)              87.717
10016      (1 0 3 1 2 1 2)              87.718
10017      (1 0 1 2 1 1 1)              87.720
10018      (1 0 2 3 1 2 1)              87.721
10019      (1 0 1 2 1 2 1)              87.716
10020      (1 0 2 3 2 1 2)              87.716
10021      (1 0 2 3 2 1 2)              87.717
10022      (1 0 2 3 2 1 2)              87.719
10023      (1 0 2 3 2 1 2)              87.720
10024      (1 0 2 3 2 1 2)              87.718
10025      (1 0 3 1 2 1 2)              87.719
10026      (1 0 1 2 1 2 1)              87.719
10027      (1 0 2 3 2 1 2)              87.719
10028      (1 0 2 3 2 1 2)              87.720
10029      (1 0 3 1 2 1 2)              87.721
10030      (1 0 2 3 2 1 2)              87.721
10031      (1 0 3 1 1 1 1)              87.720
10032      (1 0 1 2 1 1 1)              87.717
10033      (1 0 1 2 1 1 1)              87.718
10034      (1 0 1 2 1 1 1)              87.719
10035      (1 0 2 3 2 1 2)              87.720
10036      (1 0 3 1 2 1 2)              87.721
10037      (1 0 2 3 2 1 2)              87.723
10038      (1 0 3 1 2 1 2)              87.718
10039      (1 0 2 3 2 1 2)              87.717
10040      (1 0 2 3 2 1 2)              87.715
10041      (1 0 0 0 1 2 0)              87.716
10042      (1 0 3 1 2 1 2)              87.717
10043      (1 0 2 3 2 1 2)              87.719
10044      (1 0 2 3 2 1 2)              87.718
10045      (1 0 2 3 2 1 2)              87.718
10046      (1 0 2 3 2 1 2)              87.719
10047      (1 0 2 3 2 1 2)              87.721
10048      (1 0 0 0 1 2 0)              87.722
10049      (1 0 2 3 1 1 1)              87.722
10050      (1 0 2 3 2 1 2)              87.723
10051      (1 0 2 3 2 1 2)              87.724
10052      (1 0 2 3 2 1 2)              87.725
10053      (1 0 2 3 2 1 2)              87.727
10054      (1 0 2 3 2 1 2)              87.726
10055      (1 0 2 3 2 1 2)              87.728
10056      (1 0 2 3 2 1 2)              87.729
10057      (1 0 2 3 1 2 1)              87.730
10058      (1 0 1 2 1 2 1)              87.727
10059      (1 0 1 2 1 1 1)              87.728
10060      (1 0 2 3 2 1 2)              87.729
10061      (1 0 3 1 2 1 2)              87.729
10062      (1 0 2 3 2 1 2)              87.728
10063      (1 0 3 1 2 1 2)              87.729
10064      (1 0 2 3 2 1 2)              87.730
10065      (1 0 3 1 2 1 2)              87.731
10066      (0 0 1 2 1 1 1)              87.731
10067      (1 0 2 3 1 2 1)              87.732
10068      (1 0 1 2 1 2 1)              87.729
10069      (1 0 2 3 2 1 2)              87.729
10070      (1 0 3 1 2 1 2)              87.730
10071      (1 0 2 3 1 2 0)              87.732
10072      (1 0 3 1 2 1 2)              87.731
10073      (1 0 1 2 1 1 1)              87.733
10074      (1 0 2 3 2 1 2)              87.732
10075      (1 0 3 1 2 1 2)              87.731
10076      (1 0 3 1 2 1 2)              87.731
10077      (0 0 1 2 1 1 1)              87.729
10078      (1 0 2 3 2 1 2)              87.730
10079      (1 0 3 1 2 1 2)              87.731
10080      (1 0 1 2 1 1 1)              87.733
10081      (1 0 1 2 1 1 1)              87.734
10082      (1 0 2 3 2 1 2)              87.735
10083      (1 0 3 1 2 1 2)              87.736
10084      (1 0 2 3 2 1 2)              87.737
10085      (1 0 3 1 2 1 2)              87.739
10086      (1 0 2 3 2 1 2)              87.740
10087      (1 0 2 3 2 1 2)              87.741
10088      (1 0 2 3 2 1 2)              87.741
10089      (1 0 1 2 1 1 1)              87.742
10090      (1 0 2 3 1 1 1)              87.743
10091      (1 0 2 3 2 1 2)              87.745
10092      (1 0 2 3 2 1 2)              87.743
10093      (1 0 2 3 2 1 2)              87.744
10094      (0 0 1 2 0 0 1)              87.744
10095      (1 0 1 2 1 1 1)              87.745
10096      (1 0 3 1 2 1 2)              87.746
10097      (1 0 2 3 2 1 2)              87.748
10098      (1 0 1 2 1 1 1)              87.749
10099      (1 0 2 3 1 2 1)              87.750
10100      (1 0 2 3 1 2 1)              87.751
10101      (1 0 2 3 2 1 2)              87.751
10102      (1 0 2 3 2 1 2)              87.752
10103      (1 0 3 1 2 1 2)              87.753
10104      (1 0 3 1 2 1 2)              87.748
10105      (1 0 3 1 2 1 2)              87.749
10106      (1 0 2 3 2 1 2)              87.750
10107      (0 0 1 2 1 1 1)              87.750
10108      (1 0 2 3 2 1 2)              87.751
10109      (1 0 1 2 1 2 1)              87.749
10110      (1 0 3 1 2 1 2)              87.751
10111      (0 0 1 2 1 1 1)              87.750
10112      (1 0 3 1 2 1 2)              87.752
10113      (1 0 2 3 2 1 2)              87.750
10114      (1 0 1 2 1 2 1)              87.747
10115      (1 0 1 2 0 0 1)              87.745
10116      (1 0 3 1 2 1 2)              87.747
10117      (1 0 1 2 1 1 1)              87.748
10118      (1 0 2 3 2 1 2)              87.749
10119      (1 0 2 3 2 1 2)              87.750
10120      (1 0 3 1 2 1 2)              87.749
10121      (1 0 2 3 1 2 1)              87.748
10122      (1 0 1 2 1 1 1)              87.750
10123      (1 0 2 3 2 1 2)              87.751
10124      (1 0 2 3 2 1 2)              87.749
10125      (1 0 3 1 2 1 2)              87.748
10126      (1 0 1 2 1 1 1)              87.749
10127      (0 0 2 3 1 2 1)              87.744
10128      (1 0 3 1 2 1 2)              87.746
10129      (1 0 2 3 2 1 2)              87.747
10130      (1 0 1 2 1 1 1)              87.748
10131      (1 0 2 3 2 1 2)              87.749
10132      (1 0 1 2 1 1 1)              87.750
10133      (1 0 2 3 2 1 2)              87.750
10134      (1 0 1 2 1 1 1)              87.751
10135      (1 0 1 2 1 1 1)              87.753
10136      (1 0 3 1 2 1 2)              87.752
10137      (1 0 2 3 2 1 2)              87.751
10138      (1 0 1 2 1 1 1)              87.752
10139      (1 0 1 2 1 1 1)              87.753
10140      (1 0 3 1 2 1 2)              87.754
10141      (1 0 2 3 2 1 2)              87.756
10142      (1 0 2 3 2 1 2)              87.757
10143      (1 0 1 2 1 2 1)              87.755
10144      (1 0 2 3 2 1 2)              87.757
10145      (1 0 3 1 2 1 2)              87.755
10146      (1 0 2 3 2 1 2)              87.756
10147      (1 0 2 3 2 1 2)              87.757
10148      (1 0 2 3 1 2 1)              87.759
10149      (1 0 3 1 2 1 2)              87.760
10150      (1 0 2 3 2 1 2)              87.761
10151      (1 0 2 3 2 1 2)              87.762
10152      (1 0 3 1 2 1 2)              87.763
10153      (1 0 3 1 2 1 2)              87.759
10154      (1 0 2 3 2 1 2)              87.760
10155      (1 0 1 2 2 2 1)              87.760
10156      (1 0 1 2 1 1 1)              87.760
10157      (1 0 3 1 2 1 2)              87.761
10158      (1 0 1 2 1 1 1)              87.762
10159      (1 0 2 3 2 1 2)              87.763
10160      (1 0 3 1 2 1 2)              87.762
10161      (1 0 1 2 1 1 1)              87.763
10162      (1 0 1 2 1 1 1)              87.764
10163      (1 0 2 3 2 1 2)              87.765
10164      (1 0 1 2 1 2 1)              87.764
10165      (1 0 2 3 2 1 2)              87.765
10166      (1 0 2 3 2 1 2)              87.766
10167      (1 0 2 3 2 1 2)              87.767
10168      (1 0 2 3 2 1 2)              87.766
10169      (1 0 3 1 2 1 2)              87.767
10170      (1 0 3 1 2 1 2)              87.768
10171      (1 0 3 1 2 1 2)              87.769
10172      (1 0 2 3 2 1 2)              87.771
10173      (0 0 1 2 2 2 1)              87.768
10174      (1 0 2 3 2 1 2)              87.766
10175      (1 0 1 2 1 1 1)              87.763
10176      (1 0 3 1 2 1 2)              87.763
10177      (1 0 1 2 1 2 1)              87.763
10178      (1 0 2 3 2 1 2)              87.764
10179      (1 0 2 3 2 1 2)              87.765
10180      (1 0 1 2 1 1 1)              87.766
10181      (1 0 3 1 2 1 2)              87.767
10182      (1 0 2 3 1 2 1)              87.769
10183      (1 0 2 3 1 2 1)              87.768
10184      (1 0 3 1 2 1 2)              87.765
10185      (1 0 3 1 2 1 2)              87.767
10186      (1 0 3 1 2 1 2)              87.768
10187      (1 0 2 3 2 1 2)              87.769
10188      (1 0 2 3 2 1 1)              87.769
10189      (1 0 3 1 2 1 2)              87.770
10190      (1 0 1 2 1 2 1)              87.770
10191      (1 0 2 3 2 1 2)              87.771
10192      (1 0 3 1 2 1 2)              87.772
10193      (1 0 2 3 2 1 2)              87.773
10194      (1 0 2 3 2 1 2)              87.775
10195      (1 0 2 3 2 1 2)              87.774
10196      (1 0 3 1 2 1 2)              87.776
10197      (1 0 2 3 2 1 2)              87.773
10198      (1 0 2 3 2 1 2)              87.770
10199      (1 0 3 1 2 1 2)              87.768
10200      (1 0 3 1 2 1 2)              87.769
10201      (1 0 1 2 1 1 1)              87.770
10202      (1 0 1 2 1 1 1)              87.772
10203      (1 0 1 2 1 0 1)              87.769
10204      (1 0 2 3 2 1 2)              87.770
10205      (1 0 1 2 1 1 1)              87.771
10206      (1 0 2 3 2 1 2)              87.772
10207      (1 0 0 0 1 2 0)              87.773
10208      (1 0 3 1 2 1 2)              87.775
10209      (1 0 3 1 2 1 2)              87.776
10210      (1 0 3 1 2 1 2)              87.777
10211      (1 0 1 2 1 1 1)              87.778
10212      (0 0 4 2 1 1 1)              87.775
10213      (1 0 2 3 2 1 2)              87.772
10214      (1 0 3 1 2 1 2)              87.773
10215      (1 0 2 3 1 2 1)              87.775
10216      (1 0 0 0 2 2 1)              87.776
10217      (1 0 2 3 2 1 2)              87.777
10218      (1 0 2 3 2 1 2)              87.777
10219      (1 0 1 2 1 1 1)              87.778
10220      (1 0 1 2 1 1 1)              87.779
10221      (1 0 1 2 1 1 1)              87.780
10222      (1 0 3 1 2 1 2)              87.779
10223      (1 0 1 2 1 1 1)              87.780
10224      (0 0 3 1 1 1 0)              87.778
10225      (1 0 3 1 2 1 2)              87.774
10226      (1 0 2 3 2 1 2)              87.775
10227      (1 0 3 1 2 1 2)              87.776
10228      (1 0 3 1 2 1 2)              87.777
10229      (1 0 2 3 2 1 2)              87.779
10230      (1 0 3 1 2 1 2)              87.780
10231      (1 0 2 3 2 1 2)              87.781
10232      (1 0 2 3 2 1 2)              87.779
10233      (1 0 1 2 1 1 1)              87.781
10234      (0 0 4 6 1 2 1)              87.778
10235      (0 0 4 3 1 1 1)              87.773
10236      (1 0 3 1 2 1 2)              87.774
10237      (1 0 2 3 2 1 2)              87.776
10238      (1 0 2 3 1 1 1)              87.775
10239      (1 0 3 1 1 1 1)              87.777
10240      (1 0 2 3 2 1 2)              87.775
10241      (1 0 1 2 1 1 1)              87.776
10242      (1 0 2 3 2 1 2)              87.775
10243      (1 0 3 1 2 1 2)              87.770
10244      (1 0 1 2 1 1 1)              87.771
10245      (1 0 2 3 2 1 2)              87.773
10246      (1 0 3 1 2 1 2)              87.774
10247      (1 0 2 3 1 2 1)              87.775
10248      (1 0 2 3 2 1 2)              87.775
10249      (1 0 2 3 2 1 2)              87.776
10250      (1 0 3 1 2 1 2)              87.774
10251      (1 0 2 3 2 1 2)              87.776
10252      (1 0 2 3 2 1 2)              87.774
10253      (1 0 1 2 1 2 1)              87.772
10254      (1 0 2 3 2 1 2)              87.774
10255      (1 0 2 3 2 1 2)              87.775
10256      (1 0 2 3 2 1 2)              87.776
10257      (1 0 3 1 2 1 2)              87.777
10258      (1 0 1 2 1 1 1)              87.778
10259      (1 0 3 1 2 1 2)              87.777
10260      (1 0 3 1 2 1 2)              87.777
10261      (1 0 2 3 2 1 2)              87.778
10262      (1 0 2 3 2 1 2)              87.779
10263      (1 0 3 1 2 1 2)              87.779
10264      (1 0 2 3 2 1 2)              87.777
10265      (1 0 3 1 2 1 2)              87.778
10266      (1 0 3 1 2 1 2)              87.780
10267      (1 0 2 3 2 1 2)              87.779
10268      (1 0 2 3 1 2 1)              87.776
10269      (1 0 2 3 2 1 2)              87.778
10270      (1 0 3 1 2 1 2)              87.779
10271      (1 0 1 2 1 2 1)              87.779
10272      (1 0 2 3 2 1 2)              87.778
10273      (1 0 3 1 2 1 2)              87.780
10274      (1 0 2 3 2 1 2)              87.781
10275      (1 0 1 2 1 1 1)              87.782
10276      (1 0 3 1 2 1 2)              87.783
10277      (1 0 2 3 2 1 2)              87.780
10278      (1 0 2 3 2 1 2)              87.781
10279      (1 0 1 2 1 1 1)              87.783
10280      (1 0 3 1 2 1 2)              87.781
10281      (1 0 2 3 2 1 2)              87.782
10282      (1 0 3 1 2 1 2)              87.783
10283      (1 0 1 2 1 1 1)              87.785
10284      (1 0 0 0 1 2 0)              87.786
10285      (1 0 4 5 2 2 2)              87.783
10286      (1 0 2 3 2 1 2)              87.781
10287      (1 0 2 3 2 1 2)              87.782
10288      (1 0 2 3 2 1 2)              87.784
10289      (1 0 1 2 1 2 1)              87.783
10290      (1 0 3 1 2 1 2)              87.785
10291      (1 0 3 1 2 1 2)              87.783
10292      (1 0 2 3 2 1 2)              87.784
10293      (1 0 3 1 2 1 2)              87.784
10294      (1 0 2 3 2 1 2)              87.785
10295      (1 0 2 3 2 1 2)              87.786
10296      (1 0 3 1 2 1 2)              87.785
10297      (1 0 1 2 1 1 1)              87.786
10298      (0 0 1 2 1 1 1)              87.786
10299      (1 0 2 3 1 2 1)              87.785
10300      (1 0 2 3 2 1 2)              87.787
10301      (1 0 2 3 2 1 2)              87.788
10302      (1 0 3 1 2 1 2)              87.789
10303      (1 0 1 2 1 1 1)              87.790
10304      (1 0 1 2 1 2 1)              87.790
10305      (1 0 2 3 2 1 2)              87.790
10306      (1 0 2 3 2 1 2)              87.790
10307      (1 0 2 3 2 1 2)              87.791
10308      (1 0 2 3 2 1 2)              87.789
10309      (1 0 3 1 2 1 2)              87.790
10310      (1 0 2 3 2 1 2)              87.792
10311      (1 0 3 1 2 1 2)              87.793
10312      (1 0 3 1 2 1 2)              87.791
10313      (1 0 2 3 2 1 2)              87.792
10314      (1 0 3 1 2 1 2)              87.791
10315      (1 0 3 1 1 1 1)              87.792
10316      (1 0 2 3 2 1 2)              87.790
10317      (1 0 1 2 1 2 1)              87.792
10318      (1 0 1 2 1 1 1)              87.793
10319      (1 0 1 2 1 1 1)              87.794
10320      (1 0 2 3 2 1 2)              87.795
10321      (1 0 1 2 1 1 1)              87.796
10322      (1 0 2 3 2 1 2)              87.795
10323      (1 0 2 3 2 1 2)              87.796
10324      (0 0 1 2 0 0 1)              87.793
10325      (1 0 0 0 2 2 1)              87.794
10326      (0 0 1 2 1 1 1)              87.790
10327      (1 0 2 3 1 2 1)              87.790
10328      (1 0 2 3 2 1 2)              87.788
10329      (1 0 2 3 2 1 2)              87.789
10330      (1 0 2 3 2 1 2)              87.790
10331      (1 0 2 3 2 1 2)              87.789
10332      (1 0 2 3 2 1 2)              87.790
10333      (1 0 1 2 1 1 1)              87.791
10334      (1 0 3 1 2 1 2)              87.788
10335      (1 0 3 1 2 1 2)              87.787
10336      (1 0 2 3 2 1 2)              87.788
10337      (1 0 1 2 1 1 1)              87.789
10338      (1 0 2 3 2 1 2)              87.790
10339      (1 0 2 3 2 1 2)              87.791
10340      (1 0 1 2 1 2 1)              87.791
10341      (1 0 2 3 2 1 2)              87.788
10342      (1 0 2 3 2 1 2)              87.789
10343      (1 0 2 3 2 1 2)              87.790
10344      (1 0 3 1 2 1 2)              87.789
10345      (1 0 3 1 2 1 2)              87.790
10346      (1 0 1 2 1 2 1)              87.790
10347      (1 0 2 3 2 1 2)              87.788
10348      (1 0 3 1 2 1 2)              87.787
10349      (0 0 4 5 2 2 1)              87.784
10350      (1 0 1 2 1 2 1)              87.785
10351      (1 0 2 3 2 1 2)              87.786
10352      (1 0 1 2 1 1 1)              87.786
10353      (1 0 2 3 2 1 2)              87.787
10354      (1 0 3 1 2 1 2)              87.783
10355      (1 0 3 1 2 1 2)              87.784
10356      (1 0 2 3 2 1 2)              87.785
10357      (1 0 1 2 1 1 1)              87.786
10358      (1 0 2 3 2 1 2)              87.787
10359      (1 0 3 1 2 1 2)              87.786
10360      (1 0 1 2 1 1 1)              87.787
10361      (1 0 1 2 1 1 1)              87.788
10362      (1 0 1 2 1 1 1)              87.789
10363      (1 0 2 3 2 1 2)              87.791
10364      (1 0 3 1 2 1 2)              87.786
10365      (1 0 3 1 2 1 2)              87.787
10366      (1 0 2 3 2 1 2)              87.789
10367      (1 0 2 3 2 1 2)              87.787
10368      (1 0 2 3 2 1 2)              87.788
10369      (1 0 2 3 2 1 2)              87.789
10370      (1 0 3 1 2 1 2)              87.791
10371      (1 0 2 3 2 1 2)              87.792
10372      (1 0 3 1 2 1 1)              87.792
10373      (1 0 3 1 1 1 1)              87.790
10374      (1 0 2 3 2 1 2)              87.791
10375      (0 0 4 3 2 1 1)              87.787
10376      (1 0 3 1 2 1 2)              87.782
10377      (1 0 2 3 2 1 2)              87.781
10378      (1 0 3 1 2 1 2)              87.779
10379      (1 0 1 2 1 1 1)              87.776
10380      (1 0 3 1 1 1 1)              87.778
10381      (1 0 2 3 2 1 2)              87.779
10382      (1 0 2 3 2 1 2)              87.777
10383      (1 0 1 2 1 1 1)              87.778
10384      (1 0 2 3 2 1 2)              87.775
10385      (1 0 3 1 1 1 1)              87.777
10386      (1 0 3 1 2 1 2)              87.775
10387      (1 0 2 3 2 1 2)              87.776
10388      (1 0 2 3 2 1 2)              87.777
10389      (1 0 2 3 2 1 2)              87.777
10390      (1 0 3 1 2 1 2)              87.778
10391      (1 0 2 3 2 1 2)              87.780
10392      (1 0 2 3 2 1 2)              87.781
10393      (1 0 1 2 1 1 1)              87.782
10394      (1 0 2 3 2 1 2)              87.783
10395      (1 0 3 1 2 1 2)              87.781
10396      (1 0 3 1 2 1 2)              87.783
10397      (1 0 2 3 2 1 2)              87.784
10398      (1 0 3 1 2 1 2)              87.785
10399      (1 0 1 2 1 1 1)              87.779
10400      (1 0 2 3 2 1 2)              87.780
10401      (1 0 2 3 2 1 2)              87.779
10402      (1 0 2 3 2 1 2)              87.780
10403      (1 0 3 1 2 1 2)              87.781
10404      (1 0 2 3 2 1 2)              87.782
10405      (1 0 2 3 2 1 2)              87.784
10406      (1 0 2 3 2 1 2)              87.785
10407      (1 0 3 1 2 1 2)              87.785
10408      (1 0 2 3 2 1 2)              87.786
10409      (1 0 3 1 2 1 2)              87.787
10410      (0 0 1 2 1 1 1)              87.783
10411      (1 0 2 3 2 1 2)              87.784
10412      (1 0 2 3 2 1 2)              87.785
10413      (1 0 2 3 2 1 2)              87.786
10414      (1 0 3 1 2 1 2)              87.787
10415      (1 0 2 3 2 1 2)              87.788
10416      (1 0 1 2 1 1 1)              87.790
10417      (1 0 2 3 2 1 2)              87.791
10418      (1 0 1 2 1 1 1)              87.792
10419      (1 0 1 2 1 1 1)              87.793
10420      (1 0 2 3 2 1 2)              87.794
10421      (1 0 2 3 2 1 2)              87.796
10422      (1 0 2 3 2 1 2)              87.797
10423      (1 0 2 3 2 1 2)              87.795
10424      (1 0 3 1 2 1 2)              87.794
10425      (1 0 3 1 2 1 2)              87.792
10426      (1 0 2 3 2 1 2)              87.793
10427      (1 0 2 3 1 2 1)              87.789
10428      (1 0 2 3 2 1 2)              87.790
10429      (1 0 2 3 2 1 2)              87.791
10430      (1 0 2 3 2 1 2)              87.792
10431      (1 0 0 0 2 2 1)              87.794
10432      (1 0 3 1 2 1 2)              87.789
10433      (1 0 2 3 2 1 2)              87.790
10434      (1 0 2 3 2 1 2)              87.790
10435      (1 0 2 3 2 1 2)              87.791
10436      (1 0 3 1 2 1 2)              87.793
10437      (1 0 2 3 2 1 2)              87.791
10438      (1 0 1 2 1 1 1)              87.792
10439      (1 0 2 3 2 1 2)              87.793
10440      (1 0 3 1 2 1 2)              87.794
10441      (1 0 2 3 2 1 2)              87.796
10442      (1 0 1 2 1 1 1)              87.797
10443      (1 0 3 1 2 1 2)              87.795
10444      (1 0 2 3 2 1 2)              87.796
10445      (1 0 2 3 2 1 2)              87.796
10446      (1 0 1 2 1 2 1)              87.791
10447      (1 0 2 3 2 1 2)              87.792
10448      (1 0 2 3 2 1 2)              87.793
10449      (1 0 2 3 2 1 2)              87.791
10450      (1 0 3 1 2 1 2)              87.792
10451      (1 0 2 3 2 1 2)              87.794
10452      (1 0 2 3 2 1 2)              87.791
10453      (0 0 1 2 1 1 1)              87.788
10454      (1 0 3 1 2 1 2)              87.789
10455      (1 0 2 3 2 1 2)              87.789
10456      (1 0 0 0 1 2 0)              87.790
10457      (1 0 2 3 2 1 2)              87.791
10458      (0 0 4 3 2 1 1)              87.787
10459      (1 0 1 2 1 1 1)              87.788
10460      (1 0 2 3 2 1 1)              87.785
10461      (1 0 2 3 2 1 2)              87.783
10462      (1 0 2 3 2 1 2)              87.785
10463      (1 0 2 3 2 1 2)              87.786
10464      (1 0 2 3 2 1 2)              87.787
10465      (1 0 3 1 2 1 2)              87.788
10466      (1 0 1 2 1 1 1)              87.789
10467      (1 0 1 2 1 2 1)              87.789
10468      (1 0 3 1 2 1 2)              87.790
10469      (1 0 3 1 2 1 2)              87.789
10470      (1 0 2 3 2 1 2)              87.790
10471      (1 0 2 3 2 1 2)              87.791
10472      (1 0 1 2 1 1 1)              87.792
10473      (1 0 3 1 2 1 2)              87.793
10474      (1 0 2 3 2 1 2)              87.793
10475      (1 0 2 3 2 1 2)              87.794
10476      (1 0 1 2 2 2 1)              87.793
10477      (1 0 2 3 2 1 2)              87.794
10478      (1 0 2 3 2 1 2)              87.791
10479      (1 0 2 3 2 1 2)              87.792
10480      (1 0 1 2 1 2 1)              87.793
10481      (1 0 2 3 2 1 2)              87.795
10482      (1 0 2 3 2 1 2)              87.793
10483      (1 0 2 3 2 1 2)              87.794
10484      (1 0 3 1 2 1 2)              87.794
10485      (0 0 2 3 1 2 1)              87.790
10486      (1 0 2 3 2 1 2)              87.791
10487      (1 0 3 1 2 1 2)              87.789
10488      (1 0 2 3 2 1 2)              87.790
10489      (1 0 2 3 2 1 2)              87.792
10490      (1 0 1 2 1 1 1)              87.793
10491      (1 0 3 1 2 1 2)              87.793
10492      (1 0 2 3 2 1 2)              87.794
10493      (1 0 2 3 2 1 2)              87.795
10494      (1 0 2 3 2 1 2)              87.795
10495      (1 0 2 3 2 1 2)              87.796
10496      (1 0 2 3 2 1 2)              87.797
10497      (1 0 3 1 2 1 2)              87.798
10498      (1 0 3 1 2 1 2)              87.797
10499      (1 0 2 3 2 1 2)              87.796
10500      (1 0 1 2 1 1 1)              87.798
10501      (1 0 2 3 1 2 1)              87.799
10502      (1 0 2 3 2 1 1)              87.799
10503      (1 0 2 3 2 1 2)              87.800
10504      (0 0 2 3 2 0 2)              87.793
10505      (1 0 3 1 2 1 2)              87.794
10506      (1 0 1 2 1 1 1)              87.795
10507      (1 0 2 3 2 1 2)              87.793
10508      (1 0 1 2 1 1 1)              87.795
10509      (1 0 3 1 2 1 2)              87.796
10510      (1 0 3 1 2 1 2)              87.797
10511      (1 0 1 2 1 2 1)              87.798
10512      (1 0 2 3 2 1 2)              87.799
10513      (1 0 2 3 2 1 2)              87.800
10514      (1 0 3 1 2 1 2)              87.802
10515      (1 0 2 3 2 1 1)              87.799
10516      (1 0 3 1 2 1 2)              87.797
10517      (1 0 2 3 2 1 2)              87.798
10518      (1 0 2 3 2 1 2)              87.799
10519      (1 0 1 2 1 2 1)              87.797
10520      (1 0 1 2 1 1 1)              87.795
10521      (1 0 2 3 2 1 2)              87.796
10522      (1 0 2 3 2 1 2)              87.797
10523      (1 0 3 1 2 1 2)              87.798
10524      (1 0 2 3 2 1 1)              87.798
10525      (1 0 2 3 2 1 2)              87.799
10526      (1 0 2 3 2 1 2)              87.801
10527      (1 0 1 2 1 1 1)              87.802
10528      (1 0 3 1 2 1 2)              87.803
10529      (1 0 3 1 2 1 2)              87.804
10530      (1 0 3 1 2 1 2)              87.805
10531      (1 0 1 2 1 1 1)              87.806
10532      (1 0 3 1 2 1 2)              87.806
10533      (1 0 1 2 2 2 1)              87.805
10534      (1 0 2 3 2 1 2)              87.802
10535      (1 0 2 3 1 2 1)              87.803
10536      (0 0 4 6 1 2 1)              87.799
10537      (1 0 1 2 1 1 1)              87.800
10538      (1 0 1 2 1 1 1)              87.801
10539      (1 0 2 3 2 1 2)              87.799
10540      (1 0 2 3 2 1 2)              87.801
10541      (1 0 2 3 2 1 2)              87.802
10542      (1 0 2 3 2 1 2)              87.803
10543      (1 0 1 2 1 1 1)              87.804
10544      (1 0 3 1 2 1 2)              87.805
10545      (1 0 2 3 2 1 2)              87.804
10546      (1 0 2 3 2 1 2)              87.805
10547      (1 0 2 3 2 1 2)              87.806
10548      (1 0 2 3 2 1 2)              87.806
10549      (0 0 4 5 2 2 1)              87.803
10550      (1 0 1 2 1 1 1)              87.804
10551      (1 0 3 1 2 1 2)              87.802
10552      (0 0 4 5 2 2 1)              87.797
10553      (1 0 1 2 1 1 1)              87.798
10554      (0 0 2 3 2 2 0)              87.791
10555      (1 0 2 3 2 1 2)              87.789
10556      (1 0 1 2 1 1 1)              87.791
10557      (1 0 1 2 1 1 1)              87.792
10558      (1 0 1 2 1 1 1)              87.793
10559      (1 0 3 1 2 1 2)              87.791
10560      (1 0 3 1 2 1 2)              87.792
10561      (1 0 2 3 2 1 2)              87.794
10562      (1 0 3 1 2 1 2)              87.788
10563      (1 0 2 3 2 1 2)              87.789
10564      (1 0 2 3 2 1 2)              87.788
10565      (1 0 2 3 2 1 2)              87.789
10566      (1 0 2 3 2 1 2)              87.790
10567      (0 0 1 2 0 0 1)              87.790
10568      (1 0 2 3 2 1 2)              87.788
10569      (1 0 3 1 2 1 2)              87.789
10570      (1 0 1 2 1 1 1)              87.791
10571      (1 0 3 1 2 1 2)              87.790
10572      (1 0 2 3 2 1 2)              87.791
10573      (1 0 3 1 2 1 2)              87.791
10574      (1 0 2 3 2 1 2)              87.790
10575      (1 0 3 1 2 1 2)              87.791
10576      (1 0 3 1 2 1 2)              87.792
10577      (1 0 2 3 2 1 2)              87.793
10578      (1 0 4 5 2 2 2)              87.790
10579      (1 0 3 1 2 1 2)              87.791
10580      (1 0 2 3 2 1 2)              87.789
10581      (1 0 2 3 2 1 2)              87.788
10582      (1 0 1 2 1 2 1)              87.790
10583      (1 0 3 1 2 1 2)              87.791
10584      (1 0 3 1 2 1 2)              87.785
10585      (1 0 2 3 2 1 2)              87.786
10586      (1 0 2 3 2 1 2)              87.787
10587      (1 0 2 3 2 1 2)              87.787
10588      (1 0 2 3 2 1 2)              87.788
10589      (1 0 2 3 2 1 2)              87.789
10590      (0 0 4 6 1 2 2)              87.785
10591      (1 0 0 0 2 2 1)              87.781
10592      (1 0 3 1 2 1 2)              87.779
10593      (1 0 1 2 1 1 1)              87.778
10594      (1 0 2 3 2 1 2)              87.779
10595      (1 0 3 1 2 1 2)              87.780
10596      (1 0 2 3 2 1 2)              87.779
10597      (0 0 1 2 1 1 1)              87.774
10598      (1 0 3 1 2 1 2)              87.773
10599      (1 0 0 0 1 2 0)              87.774
10600      (1 0 2 3 2 1 2)              87.775
10601      (1 0 1 2 1 1 1)              87.776
10602      (1 0 2 3 2 1 2)              87.777
10603      (1 0 2 3 2 1 2)              87.772
10604      (1 0 2 3 2 1 2)              87.773
10605      (1 0 1 2 1 2 1)              87.773
10606      (1 0 3 1 2 1 2)              87.774
10607      (1 0 2 3 2 1 2)              87.775
10608      (1 0 2 3 1 2 1)              87.776
10609      (1 0 2 3 2 1 2)              87.777
10610      (1 0 3 1 2 1 2)              87.773
10611      (1 0 1 2 1 1 1)              87.774
10612      (1 0 1 2 1 1 1)              87.776
10613      (1 0 3 1 2 1 2)              87.777
10614      (1 0 2 3 2 1 2)              87.778
10615      (1 0 1 2 1 1 1)              87.779
10616      (1 0 3 1 2 1 2)              87.780
10617      (0 0 1 2 0 0 1)              87.780
10618      (1 0 1 2 1 2 1)              87.781
10619      (1 0 2 3 2 1 2)              87.782
10620      (1 0 2 3 2 2 1)              87.783
10621      (1 0 2 3 2 1 2)              87.785
10622      (1 0 2 3 1 1 1)              87.786
10623      (1 0 2 3 2 1 2)              87.787
10624      (1 0 2 3 1 2 1)              87.788
10625      (1 0 2 3 2 1 2)              87.789
10626      (1 0 2 3 2 1 2)              87.790
10627      (1 0 2 3 2 1 2)              87.791
10628      (1 0 2 3 2 1 2)              87.793
10629      (1 0 1 2 1 1 1)              87.794
10630      (1 0 2 3 2 1 2)              87.795
10631      (1 0 1 2 1 2 1)              87.795
10632      (1 0 2 3 2 1 2)              87.796
10633      (1 0 3 1 2 1 2)              87.797
10634      (1 0 3 1 2 1 2)              87.797
10635      (1 0 2 3 2 1 2)              87.798
10636      (1 0 2 3 2 1 2)              87.799
10637      (1 0 2 3 2 1 2)              87.799
10638      (0 0 4 3 2 1 1)              87.795
10639      (1 0 2 3 2 1 2)              87.796
10640      (1 0 2 3 2 1 2)              87.797
10641      (1 0 1 2 1 1 1)              87.798
10642      (1 0 3 1 2 1 2)              87.798
10643      (1 0 1 2 1 1 1)              87.799
10644      (1 0 0 0 2 2 1)              87.800
10645      (1 0 2 3 1 1 1)              87.800
10646      (1 0 2 3 1 2 1)              87.801
10647      (1 0 2 3 2 1 2)              87.802
10648      (1 0 1 2 1 1 1)              87.804
10649      (1 0 2 3 2 1 2)              87.805
10650      (0 0 1 2 1 1 1)              87.804
10651      (1 0 2 3 2 1 2)              87.806
10652      (0 0 1 2 0 0 1)              87.805
10653      (1 0 2 3 2 1 2)              87.807
10654      (1 0 2 3 2 1 2)              87.808
10655      (1 0 3 1 2 1 2)              87.809
10656      (1 0 2 3 2 1 2)              87.810
10657      (1 0 2 3 1 1 1)              87.811
10658      (1 0 3 1 2 1 2)              87.810
10659      (1 0 1 2 1 1 1)              87.811
10660      (1 0 2 3 2 1 2)              87.812
10661      (1 0 3 1 2 1 2)              87.806
10662      (1 0 3 1 2 1 2)              87.806
10663      (1 0 1 2 1 1 1)              87.807
10664      (1 0 2 3 2 1 2)              87.808
10665      (1 0 2 3 1 2 1)              87.806
10666      (1 0 2 3 2 1 1)              87.807
10667      (1 0 2 3 2 1 2)              87.808
10668      (1 0 2 3 2 1 2)              87.809
10669      (0 0 2 3 1 2 1)              87.807
10670      (1 0 1 2 1 1 1)              87.809
10671      (1 0 2 3 2 1 2)              87.808
10672      (1 0 2 3 2 1 2)              87.807
10673      (1 0 2 3 2 1 2)              87.808
10674      (1 0 2 3 2 1 2)              87.809
10675      (1 0 2 3 2 1 2)              87.809
10676      (1 0 3 1 2 1 2)              87.809
10677      (1 0 2 3 2 1 2)              87.810
10678      (1 0 1 2 1 2 1)              87.808
10679      (1 0 0 0 1 2 0)              87.809
10680      (1 0 2 3 2 1 2)              87.811
10681      (1 0 2 3 2 1 2)              87.810
10682      (1 0 3 1 2 1 2)              87.812
10683      (1 0 2 3 2 1 2)              87.813
10684      (1 0 2 3 1 2 1)              87.814
10685      (1 0 2 3 2 1 2)              87.815
10686      (1 0 2 3 2 1 2)              87.813
10687      (1 0 2 3 2 1 2)              87.812
10688      (1 0 2 3 1 1 1)              87.813
10689      (1 0 2 3 2 1 2)              87.812
10690      (1 0 1 2 1 1 1)              87.813
10691      (1 0 3 1 2 1 2)              87.811
10692      (1 0 1 2 1 2 1)              87.811
10693      (1 0 2 3 2 1 2)              87.812
10694      (1 0 3 1 2 1 2)              87.811
10695      (1 0 2 3 2 1 2)              87.812
10696      (1 0 3 1 2 1 2)              87.813
10697      (1 0 3 1 2 1 2)              87.811
10698      (1 0 2 3 2 1 2)              87.812
10699      (1 0 1 2 1 1 1)              87.814
10700      (1 0 3 1 2 1 2)              87.813
10701      (1 0 1 2 1 2 1)              87.813
10702      (1 0 2 3 2 1 2)              87.814
10703      (1 0 1 2 1 1 1)              87.814
10704      (1 0 2 3 2 1 2)              87.815
10705      (1 0 1 2 1 1 1)              87.816
10706      (1 0 2 3 2 1 2)              87.814
10707      (1 0 2 3 2 1 2)              87.815
10708      (1 0 3 1 2 1 2)              87.813
10709      (1 0 1 2 0 0 1)              87.814
10710      (1 0 2 3 2 1 2)              87.813
10711      (1 0 2 3 2 1 2)              87.811
10712      (1 0 1 2 1 2 1)              87.811
10713      (1 0 1 2 1 1 1)              87.812
10714      (1 0 3 1 2 1 2)              87.813
10715      (1 0 2 3 2 1 2)              87.812
10716      (1 0 2 3 2 1 2)              87.809
10717      (1 0 1 2 2 2 1)              87.807
10718      (1 0 2 3 2 1 2)              87.809
10719      (1 0 2 3 2 1 2)              87.807
10720      (1 0 3 1 2 1 2)              87.807
10721      (1 0 2 3 2 1 2)              87.808
10722      (1 0 3 1 2 1 2)              87.809
10723      (0 0 1 2 2 2 1)              87.808
10724      (0 0 1 2 1 1 1)              87.803
10725      (1 0 2 3 1 2 1)              87.804
10726      (1 0 2 3 2 1 2)              87.806
10727      (1 0 2 3 2 1 2)              87.807
10728      (1 0 2 3 2 1 2)              87.807
10729      (1 0 2 3 2 1 2)              87.808
10730      (1 0 1 2 1 1 1)              87.809
10731      (1 0 2 3 2 1 2)              87.809
10732      (1 0 2 3 2 1 2)              87.810
10733      (0 0 4 5 2 1 1)              87.806
10734      (1 0 3 1 2 1 2)              87.807
10735      (1 0 1 2 1 1 1)              87.808
10736      (1 0 2 3 2 1 2)              87.809
10737      (1 0 3 1 2 1 2)              87.810
10738      (1 0 2 3 1 2 1)              87.811
10739      (1 0 3 1 1 2 1)              87.812
10740      (1 0 3 1 2 1 2)              87.814
10741      (1 0 4 5 2 2 2)              87.811
10742      (1 0 3 1 2 1 2)              87.812
10743      (1 0 3 1 2 1 2)              87.812
10744      (1 0 3 1 2 1 2)              87.810
10745      (1 0 1 2 0 0 1)              87.811
10746      (1 0 2 3 2 1 2)              87.812
10747      (1 0 2 3 2 1 2)              87.814
10748      (1 0 2 3 2 1 2)              87.815
10749      (1 0 3 1 2 1 2)              87.816
10750      (1 0 2 3 2 1 2)              87.817
10751      (1 0 2 3 2 1 2)              87.817
10752      (1 0 2 3 1 2 0)              87.818
10753      (1 0 1 2 1 1 1)              87.819
10754      (1 0 2 3 2 1 2)              87.820
10755      (1 0 1 2 2 2 1)              87.821
10756      (1 0 1 2 1 2 1)              87.820
10757      (1 0 2 3 2 1 2)              87.821
10758      (1 0 2 3 2 1 2)              87.822
10759      (1 0 2 3 2 1 2)              87.820
10760      (1 0 1 2 1 2 1)              87.818
10761      (1 0 3 1 2 1 2)              87.815
10762      (1 0 2 3 2 1 2)              87.816
10763      (1 0 2 3 2 1 2)              87.814
10764      (1 0 2 3 2 1 2)              87.816
10765      (1 0 1 2 1 2 1)              87.814
10766      (1 0 1 2 1 1 1)              87.815
10767      (1 0 2 3 2 1 2)              87.811
10768      (1 0 1 2 1 2 1)              87.805
10769      (1 0 2 3 2 1 2)              87.807
10770      (1 0 2 3 2 1 2)              87.808
10771      (1 0 2 3 2 1 2)              87.808
10772      (1 0 2 3 2 1 2)              87.807
10773      (1 0 3 1 2 1 2)              87.808
10774      (1 0 1 2 2 2 1)              87.808
10775      (1 0 2 3 2 1 2)              87.807
10776      (1 0 2 3 2 1 2)              87.808
10777      (1 0 1 2 1 1 1)              87.809
10778      (1 0 3 1 2 1 2)              87.809
10779      (1 0 3 1 2 1 2)              87.810
10780      (1 0 2 3 2 1 2)              87.808
10781      (1 0 2 3 2 1 2)              87.810
10782      (1 0 2 3 2 1 2)              87.811
10783      (1 0 2 3 2 2 1)              87.812
10784      (1 0 1 2 1 1 1)              87.813
10785      (1 0 2 3 2 1 2)              87.811
10786      (1 0 3 1 2 1 2)              87.810
10787      (1 0 2 3 2 1 2)              87.811
10788      (0 0 1 2 1 1 1)              87.807
10789      (1 0 1 2 1 1 1)              87.808
10790      (1 0 3 1 2 1 2)              87.806
10791      (1 0 2 3 1 2 1)              87.808
10792      (1 0 1 2 1 1 1)              87.809
10793      (1 0 1 2 1 1 1)              87.810
10794      (1 0 2 3 2 1 2)              87.811
10795      (1 0 2 3 2 1 2)              87.811
10796      (1 0 1 2 1 1 1)              87.812
10797      (1 0 2 3 2 1 2)              87.813
10798      (1 0 3 1 2 1 2)              87.808
10799      (1 0 2 3 2 1 1)              87.809
10800      (1 0 2 3 2 1 2)              87.807
10801      (1 0 2 3 2 1 2)              87.808
10802      (1 0 3 1 2 1 2)              87.807
10803      (0 0 4 6 1 2 1)              87.800
10804      (1 0 2 3 2 1 2)              87.801
10805      (1 0 2 3 2 1 2)              87.800
10806      (1 0 1 2 1 1 1)              87.801
10807      (1 0 3 1 2 1 2)              87.802
10808      (1 0 2 3 2 1 2)              87.803
10809      (1 0 2 3 2 1 2)              87.804
10810      (1 0 1 2 1 1 1)              87.805
10811      (1 0 1 2 1 1 1)              87.806
10812      (1 0 2 3 1 1 1)              87.806
10813      (1 0 3 1 1 1 1)              87.805
10814      (0 0 4 6 1 2 1)              87.800
10815      (1 0 3 1 2 1 2)              87.802
10816      (1 0 1 2 0 0 1)              87.803
10817      (1 0 1 2 1 2 1)              87.797
10818      (1 0 2 3 2 1 2)              87.798
10819      (1 0 2 3 2 1 2)              87.800
10820      (0 0 1 2 0 0 1)              87.799
10821      (1 0 2 3 2 1 2)              87.799
10822      (1 0 2 3 2 1 2)              87.800
10823      (1 0 3 1 2 1 2)              87.801
10824      (1 0 2 3 2 1 2)              87.801
10825      (1 0 1 2 1 1 1)              87.802
10826      (1 0 3 1 2 1 2)              87.803
10827      (1 0 3 1 2 1 2)              87.805
10828      (1 0 3 1 2 1 2)              87.806
10829      (1 0 1 2 1 2 1)              87.806
10830      (1 0 1 2 1 2 1)              87.805
10831      (1 0 2 3 2 1 2)              87.806
10832      (1 0 1 2 1 1 1)              87.808
10833      (1 0 3 1 2 1 2)              87.809
10834      (1 0 2 3 2 1 2)              87.810
10835      (1 0 2 3 2 1 2)              87.811
10836      (1 0 2 3 2 1 2)              87.812
10837      (1 0 3 1 2 1 2)              87.812
10838      (0 0 1 2 1 1 1)              87.812
10839      (1 0 2 3 2 1 2)              87.813
10840      (1 0 2 3 2 1 2)              87.814
10841      (1 0 1 2 2 2 1)              87.814
10842      (1 0 3 1 2 1 2)              87.812
10843      (1 0 3 1 2 1 2)              87.811
10844      (1 0 2 3 2 1 2)              87.812
10845      (1 0 2 3 2 1 2)              87.813
10846      (1 0 3 1 2 1 2)              87.808
10847      (1 0 1 2 1 1 1)              87.809
10848      (1 0 2 3 2 1 2)              87.807
10849      (1 0 2 3 2 1 2)              87.808
10850      (1 0 0 0 2 2 1)              87.809
10851      (1 0 2 3 2 1 2)              87.811
10852      (1 0 3 1 2 1 2)              87.806
10853      (1 0 1 2 1 1 1)              87.807
10854      (1 0 3 1 2 1 2)              87.806
10855      (1 0 1 2 1 1 1)              87.803
10856      (0 0 4 6 0 0 1)              87.800
10857      (1 0 2 3 2 1 2)              87.797
10858      (1 0 2 3 2 1 2)              87.799
10859      (1 0 1 2 1 1 1)              87.797
10860      (1 0 2 3 2 1 2)              87.797
10861      (1 0 2 3 2 1 2)              87.797
10862      (1 0 2 3 2 1 2)              87.798
10863      (1 0 2 3 2 1 2)              87.798
10864      (1 0 2 3 2 1 2)              87.799
10865      (1 0 3 1 2 1 2)              87.800
10866      (1 0 2 3 2 1 2)              87.801
10867      (1 0 2 3 2 1 2)              87.802
10868      (1 0 2 3 2 1 2)              87.801
10869      (1 0 2 3 2 1 2)              87.802
10870      (1 0 2 3 2 1 2)              87.803
10871      (0 0 1 2 1 1 1)              87.803
10872      (1 0 2 3 2 1 2)              87.804
10873      (0 0 4 5 2 2 1)              87.801
10874      (1 0 3 1 2 1 2)              87.798
10875      (1 0 3 1 2 1 2)              87.799
10876      (1 0 1 2 1 2 1)              87.800
10877      (0 0 4 5 2 2 1)              87.795
10878      (1 0 2 3 0 0 0)              87.796
10879      (1 0 3 1 2 1 2)              87.796
10880      (1 0 2 3 2 1 2)              87.797
10881      (1 0 2 3 2 1 2)              87.798
10882      (1 0 2 3 2 1 2)              87.799
10883      (1 0 2 3 2 1 2)              87.800
10884      (1 0 2 3 2 1 2)              87.800
10885      (1 0 3 1 2 1 2)              87.801
10886      (1 0 3 1 2 1 2)              87.801
10887      (0 0 4 5 2 1 1)              87.797
10888      (1 0 1 2 1 1 1)              87.798
10889      (1 0 1 2 1 1 1)              87.799
10890      (1 0 3 1 2 1 2)              87.799
10891      (1 0 3 1 2 1 2)              87.800
10892      (1 0 2 3 2 1 2)              87.801
10893      (1 0 4 5 2 2 2)              87.798
10894      (1 0 2 3 2 1 2)              87.800
10895      (1 0 2 3 2 1 2)              87.801
10896      (1 0 3 1 2 1 2)              87.795
10897      (1 0 2 3 2 1 2)              87.794
10898      (1 0 2 3 1 2 1)              87.795
10899      (1 0 2 3 2 1 2)              87.795
10900      (0 0 4 2 1 1 1)              87.789
10901      (0 0 4 6 0 0 1)              87.786
10902      (1 0 3 1 2 1 2)              87.788
10903      (0 0 1 2 1 1 1)              87.785
10904      (1 0 3 1 2 1 2)              87.779
10905      (1 0 2 3 2 1 2)              87.780
10906      (1 0 2 3 2 1 2)              87.782
10907      (1 0 2 3 2 1 2)              87.783
10908      (1 0 1 2 1 2 0)              87.781
10909      (1 0 1 2 2 2 1)              87.782
10910      (1 0 2 3 2 1 2)              87.783
10911      (1 0 3 1 2 1 2)              87.783
10912      (1 0 2 3 2 1 2)              87.784
10913      (1 0 3 1 2 1 2)              87.785
10914      (1 0 1 2 1 2 1)              87.785
10915      (1 0 1 2 1 1 1)              87.786
10916      (1 0 1 2 1 1 1)              87.788
10917      (1 0 2 3 2 1 2)              87.789
10918      (1 0 3 1 2 1 2)              87.785
10919      (0 0 4 6 1 2 1)              87.780
10920      (1 0 3 1 2 1 2)              87.782
10921      (1 0 2 3 2 1 2)              87.783
10922      (1 0 1 2 1 1 1)              87.784
10923      (0 0 1 2 1 1 1)              87.784
10924      (1 0 1 2 1 1 1)              87.785
10925      (1 0 3 1 2 1 2)              87.786
10926      (1 0 2 3 2 1 2)              87.787
10927      (1 0 2 3 2 1 2)              87.788
10928      (1 0 3 1 0 0 1)              87.789
10929      (1 0 1 2 1 2 1)              87.789
10930      (1 0 1 2 1 1 1)              87.790
10931      (1 0 2 3 2 1 2)              87.791
10932      (1 0 2 3 2 1 2)              87.790
10933      (1 0 2 3 2 1 2)              87.791
10934      (1 0 2 3 2 1 2)              87.792
10935      (1 0 3 1 2 1 2)              87.793
10936      (1 0 3 1 2 1 2)              87.793
10937      (1 0 3 1 2 1 2)              87.787
10938      (1 0 3 1 2 1 2)              87.789
10939      (1 0 2 3 2 1 2)              87.790
10940      (0 0 4 6 1 2 1)              87.784
10941      (1 0 3 1 2 1 2)              87.784
10942      (1 0 3 1 2 1 2)              87.783
10943      (1 0 3 1 2 1 2)              87.782
10944      (1 0 0 0 2 2 1)              87.784
10945      (1 0 2 3 1 2 1)              87.785
10946      (1 0 3 1 2 1 2)              87.783
10947      (1 0 1 2 1 2 1)              87.783
10948      (1 0 1 2 1 2 1)              87.783
10949      (1 0 3 1 2 1 2)              87.784
10950      (1 0 2 3 2 1 2)              87.785
10951      (1 0 0 0 1 2 1)              87.786
10952      (1 0 3 1 2 1 2)              87.787
10953      (1 0 2 3 1 2 1)              87.788
10954      (1 0 2 3 1 2 0)              87.789
10955      (1 0 3 1 2 1 2)              87.791
10956      (1 0 2 3 2 1 2)              87.789
10957      (1 0 1 2 1 2 1)              87.790
10958      (1 0 2 3 2 1 2)              87.791
10959      (1 0 2 3 2 1 2)              87.791
10960      (1 0 3 1 2 1 2)              87.787
10961      (0 0 1 2 1 1 1)              87.787
10962      (1 0 2 3 2 1 2)              87.788
10963      (1 0 1 2 1 1 1)              87.789
10964      (1 0 2 3 1 2 1)              87.790
10965      (1 0 2 3 1 2 1)              87.790
10966      (0 0 1 2 1 1 1)              87.790
10967      (1 0 3 1 2 1 2)              87.791
10968      (1 0 2 3 2 1 2)              87.788
10969      (1 0 1 2 1 1 1)              87.789
10970      (1 0 3 1 2 1 2)              87.790
10971      (1 0 3 1 2 1 2)              87.790
10972      (1 0 2 3 2 1 2)              87.791
10973      (0 0 0 4 1 2 0)              87.787
10974      (1 0 2 3 2 1 2)              87.788
10975      (1 0 2 3 2 1 2)              87.789
10976      (0 0 4 5 2 1 1)              87.785
10977      (1 0 2 3 2 1 2)              87.784
10978      (1 0 2 3 2 1 2)              87.785
10979      (1 0 3 1 2 1 2)              87.781
10980      (1 0 3 1 1 0 0)              87.778
10981      (1 0 2 3 2 1 2)              87.779
10982      (1 0 3 1 2 1 2)              87.780
10983      (1 0 2 3 1 1 1)              87.781
10984      (1 0 3 1 2 1 2)              87.779
10985      (1 0 1 2 1 1 1)              87.780
10986      (1 0 3 1 2 1 2)              87.781
10987      (1 0 3 1 2 1 2)              87.782
10988      (1 0 2 3 2 1 2)              87.783
10989      (0 0 4 5 2 2 1)              87.780
10990      (1 0 3 1 2 1 2)              87.781
10991      (1 0 2 3 2 1 2)              87.782
10992      (1 0 2 3 2 1 2)              87.784
10993      (1 0 2 3 2 1 2)              87.785
10994      (1 0 3 1 2 1 2)              87.786
10995      (1 0 2 3 2 1 2)              87.787
10996      (0 0 1 2 1 2 1)              87.785
10997      (1 0 1 2 1 1 1)              87.787
10998      (1 0 2 3 2 1 2)              87.788
10999      (1 0 1 2 1 1 1)              87.789
11000      (1 0 2 3 2 1 1)              87.786
11001      (1 0 2 3 2 1 2)              87.787
11002      (1 0 2 3 2 1 2)              87.788
11003      (1 0 2 3 1 2 1)              87.789
11004      (1 0 2 3 2 1 2)              87.788
11005      (1 0 3 1 2 1 2)              87.789
11006      (0 0 1 2 0 0 1)              87.789
11007      (1 0 2 3 2 1 2)              87.787
11008      (1 0 2 3 2 1 2)              87.788
11009      (1 0 1 2 1 1 1)              87.789
11010      (1 0 2 3 2 1 2)              87.787
11011      (1 0 3 1 2 1 2)              87.786
11012      (1 0 1 2 1 1 1)              87.788
11013      (1 0 3 1 2 1 2)              87.789
11014      (1 0 2 3 2 1 2)              87.790
11015      (1 0 3 1 2 1 2)              87.791
11016      (0 0 0 4 1 2 1)              87.787
11017      (1 0 2 3 2 1 2)              87.788
11018      (1 0 3 1 2 1 2)              87.785
11019      (1 0 3 1 2 1 2)              87.786
11020      (1 0 3 1 2 1 2)              87.787
11021      (1 0 2 3 2 1 2)              87.789
11022      (1 0 3 1 2 1 2)              87.790
11023      (1 0 3 1 2 1 2)              87.791
11024      (1 0 1 2 1 1 1)              87.792
11025      (1 0 2 3 2 1 2)              87.793
11026      (1 0 1 2 1 1 1)              87.794
11027      (1 0 1 2 1 2 1)              87.794
11028      (1 0 2 3 2 1 2)              87.795
11029      (1 0 1 2 1 2 1)              87.792
11030      (1 0 2 3 2 1 2)              87.791
11031      (1 0 3 1 2 1 2)              87.789
11032      (1 0 3 1 2 1 2)              87.785
11033      (1 0 2 3 2 1 2)              87.786
11034      (0 0 4 5 2 2 1)              87.783
11035      (1 0 2 3 2 1 2)              87.782
11036      (0 0 1 2 2 1 2)              87.779
11037      (1 0 1 2 0 0 1)              87.778
11038      (1 0 4 5 2 2 2)              87.775
11039      (0 0 1 2 1 1 1)              87.773
11040      (1 0 1 2 1 1 1)              87.771
11041      (1 0 3 1 2 1 2)              87.765
11042      (0 0 4 2 2 2 1)              87.763
11043      (1 0 4 5 2 2 2)              87.761
11044      (1 0 1 2 1 0 1)              87.758
11045      (0 0 4 2 2 2 1)              87.755
11046      (0 0 4 2 2 2 1)              87.753
11047      (1 0 1 2 1 1 1)              87.749
11048      (0 0 4 2 2 2 1)              87.746
11049      (1 0 2 3 1 2 0)              87.743
11050      (1 0 1 2 1 2 1)              87.742
11051      (1 0 1 2 1 1 1)              87.738
11052      (0 0 1 2 0 0 1)              87.733
11053      (0 0 1 2 1 1 1)              87.727
11054      (0 0 1 2 0 0 1)              87.721
11055      (1 0 3 1 2 1 2)              87.716
11056      (1 0 3 1 2 1 2)              87.712
11057      (0 0 4 2 2 2 1)              87.709
11058      (1 0 2 3 1 0 1)              87.706
11059      (1 0 3 1 2 1 2)              87.702
11060      (1 0 1 2 1 1 1)              87.700
11061      (1 0 3 1 2 1 2)              87.697
11062      (0 0 1 2 0 0 1)              87.693
11063      (1 0 3 1 2 1 2)              87.690
11064      (0 0 1 2 1 1 1)              87.686
11065      (1 0 0 0 1 2 0)              87.685
11066      (1 0 2 3 1 1 1)              87.682
11067      (1 0 1 2 1 2 1)              87.680
11068      (1 0 2 3 2 2 1)              87.680
11069      (1 0 3 1 2 1 2)              87.677
11070      (1 0 1 2 1 1 1)              87.673
11071      (0 0 2 3 1 2 1)              87.671
11072      (1 0 3 1 1 0 0)              87.668
11073      (1 0 1 2 1 1 1)              87.664
11074      (0 0 4 5 2 1 1)              87.660
11075      (0 0 2 3 1 2 1)              87.656
11076      (0 0 4 2 2 2 1)              87.654
11077      (1 0 1 2 1 1 1)              87.651
11078      (1 0 0 0 0 0 0)              87.651
11079      (1 0 1 2 1 2 1)              87.650
11080      (1 0 1 2 1 1 1)              87.647
11081      (1 0 3 1 2 1 2)              87.644
11082      (1 0 1 2 1 1 1)              87.641
11083      (1 0 0 0 0 2 1)              87.640
11084      (1 0 2 3 1 0 1)              87.637
11085      (1 0 3 1 2 1 2)              87.633
11086      (0 0 4 6 0 0 1)              87.630
11087      (0 0 4 3 2 1 1)              87.625
11088      (0 0 4 5 2 1 1)              87.621
11089      (0 0 4 3 1 1 1)              87.620
11090      (1 0 1 2 1 1 1)              87.617
11091      (1 0 3 1 2 1 2)              87.614
11092      (0 0 4 2 1 2 1)              87.610
11093      (1 0 1 2 0 0 0)              87.606
11094      (1 0 2 3 1 0 1)              87.603
11095      (1 0 3 1 2 1 2)              87.598
11096      (0 0 4 3 2 1 1)              87.593
11097      (1 0 2 3 0 0 0)              87.591
11098      (1 0 2 3 1 2 1)              87.592
11099      (1 0 1 2 1 2 1)              87.591
11100      (0 0 1 2 1 1 1)              87.587
11101      (1 0 2 3 1 0 1)              87.584
11102      (1 0 1 2 0 0 1)              87.580
11103      (1 0 1 2 1 1 1)              87.578
11104      (1 0 2 3 2 1 2)              87.573
11105      (0 0 0 4 0 1 0)              87.567
11106      (1 0 1 2 1 1 1)              87.565
11107      (0 0 2 3 1 2 1)              87.562
11108      (1 0 1 2 1 2 1)              87.561
11109      (1 0 1 2 1 1 1)              87.556
11110      (1 0 2 3 2 1 2)              87.552
11111      (0 0 4 2 2 2 1)              87.548
11112      (1 0 3 1 2 1 2)              87.546
11113      (1 0 0 0 1 1 1)              87.543
11114      (1 0 1 2 1 1 1)              87.541
11115      (1 0 1 2 1 1 1)              87.538
11116      (0 0 4 5 2 1 1)              87.533
11117      (0 0 1 2 1 1 1)              87.528
11118      (1 0 1 2 1 0 1)              87.526
11119      (0 0 4 2 2 2 1)              87.522
11120      (0 0 4 5 2 1 1)              87.516
11121      (1 0 2 3 1 1 1)              87.514
11122      (1 0 2 3 1 0 1)              87.512
11123      (0 0 1 2 1 1 1)              87.508
11124      (1 0 1 2 1 2 1)              87.507
11125      (1 0 3 1 2 1 2)              87.503
11126      (0 0 4 6 1 2 1)              87.499
11127      (1 0 1 2 1 1 1)              87.496
11128      (1 0 3 1 2 1 2)              87.491
11129      (0 0 4 2 2 2 1)              87.489
11130      (1 0 1 2 1 1 1)              87.486
11131      (1 0 1 2 1 1 1)              87.484
11132      (0 0 4 2 2 2 1)              87.482
11133      (0 1 0 0 2 2 1)              87.480
11134      (1 0 3 1 2 1 2)              87.478
11135      (0 1 0 0 2 2 1)              87.475
11136      (1 0 1 2 1 1 1)              87.473
11137      (0 0 4 3 2 1 1)              87.466
11138      (1 0 2 3 1 2 0)              87.462
11139      (1 0 1 2 1 2 1)              87.458
11140      (0 0 0 4 2 2 1)              87.454
11141      (1 0 1 2 1 2 1)              87.450
11142      (1 0 3 1 2 1 2)              87.446
11143      (1 0 1 2 1 1 1)              87.442
11144      (1 0 1 2 1 1 1)              87.439
11145      (1 0 2 3 2 1 1)              87.437
11146      (0 1 4 6 0 0 1)              87.433
11147      (0 0 4 2 2 2 1)              87.431
11148      (1 0 1 2 0 0 0)              87.426
11149      (1 0 3 1 2 1 2)              87.421
11150      (1 0 2 3 1 0 1)              87.418
11151      (1 0 2 3 1 0 1)              87.415
11152      (0 0 4 5 2 2 1)              87.412
11153      (0 0 4 2 2 2 1)              87.410
11154      (1 0 2 3 1 2 1)              87.408
11155      (0 0 1 2 0 0 1)              87.406
11156      (0 0 4 2 1 2 1)              87.400
11157      (1 0 1 2 1 1 1)              87.399
11158      (1 0 2 3 1 0 1)              87.397
11159      (1 0 3 1 2 1 2)              87.395
11160      (1 0 1 2 1 1 1)              87.392
11161      (1 0 1 2 1 1 1)              87.389
11162      (0 0 4 2 2 2 1)              87.387
11163      (1 0 3 1 2 1 2)              87.381
11164      (1 0 2 3 1 2 1)              87.380
11165      (0 0 4 5 2 1 1)              87.376
11166      (1 0 3 1 2 1 2)              87.373
11167      (1 0 2 3 1 0 1)              87.372
11168      (1 0 1 2 1 1 1)              87.369
11169      (1 0 2 3 1 2 1)              87.368
11170      (1 0 1 2 0 0 1)              87.365
11171      (1 0 3 1 2 1 2)              87.361
11172      (0 0 4 6 0 0 1)              87.358
11173      (0 0 4 2 2 2 1)              87.355
11174      (0 0 4 6 1 1 1)              87.353
11175      (1 0 1 2 0 0 1)              87.349
11176      (1 0 3 1 2 1 2)              87.345
11177      (1 0 1 2 1 1 1)              87.342
11178      (1 0 1 2 1 1 1)              87.341
11179      (1 0 1 2 1 2 1)              87.339
11180      (1 0 1 2 1 1 1)              87.335
11181      (1 0 2 3 1 0 1)              87.332
11182      (1 0 2 3 1 2 0)              87.330
11183      (0 0 4 3 2 1 1)              87.323
11184      (1 0 2 3 1 2 1)              87.319
11185      (1 0 3 1 2 1 2)              87.317
11186      (1 0 1 2 1 1 1)              87.314
11187      (1 0 1 2 1 1 1)              87.312
11188      (1 0 3 1 2 1 2)              87.308
11189      (1 0 1 2 1 1 1)              87.306
11190      (0 0 4 2 2 2 1)              87.303
11191      (1 0 1 2 0 0 0)              87.299
11192      (1 0 3 1 2 1 2)              87.296
11193      (0 0 4 2 2 2 1)              87.295
11194      (1 0 0 0 1 2 0)              87.293
11195      (1 0 2 3 2 1 2)              87.290
11196      (1 0 0 0 1 2 0)              87.286
11197      (1 0 1 2 1 2 1)              87.283
11198      (1 0 1 2 1 2 1)              87.280
11199      (0 0 4 5 2 1 1)              87.275
11200      (1 0 3 1 2 1 2)              87.272
11201      (0 0 4 2 2 2 1)              87.269
11202      (1 0 1 2 1 2 1)              87.268
11203      (1 0 4 5 2 2 2)              87.267
11204      (1 0 2 3 1 2 1)              87.265
11205      (0 0 4 2 2 2 1)              87.264
11206      (1 0 2 3 2 2 1)              87.260
11207      (1 0 1 2 2 2 1)              87.258
11208      (1 0 3 1 2 1 2)              87.256
11209      (0 0 4 2 2 2 1)              87.253
11210      (1 0 1 2 1 2 1)              87.249
11211      (1 0 1 2 1 2 1)              87.246
11212      (1 0 1 2 1 1 1)              87.244
11213      (0 0 1 2 1 2 1)              87.238
11214      (0 0 0 4 0 1 0)              87.232
11215      (1 0 0 0 0 0 0)              87.231
11216      (0 0 4 2 2 2 1)              87.228
11217      (0 0 1 2 2 2 1)              87.223
11218      (0 0 4 5 2 1 1)              87.217
11219      (1 0 3 1 1 0 0)              87.212
11220      (1 0 1 2 1 1 1)              87.207
11221      (1 0 1 2 1 1 1)              87.203
11222      (1 0 1 2 1 1 1)              87.200
11223      (0 0 4 3 2 1 1)              87.194
11224      (0 0 4 2 2 2 1)              87.191
11225      (1 0 1 2 1 1 1)              87.188
11226      (1 0 1 2 1 1 1)              87.184
11227      (1 0 3 1 2 1 2)              87.180
11228      (1 0 0 0 1 2 1)              87.179
11229      (1 0 3 1 2 1 2)              87.174
11230      (1 0 0 0 1 2 1)              87.171
11231      (1 0 1 2 1 1 1)              87.168
11232      (1 0 1 2 1 1 1)              87.165
11233      (1 0 2 3 0 0 0)              87.163
11234      (1 0 1 2 1 1 1)              87.162
11235      (0 0 4 2 2 2 1)              87.159
11236      (0 0 4 2 2 2 1)              87.156
11237      (1 0 1 2 0 0 0)              87.152
11238      (1 0 2 3 1 0 1)              87.150
11239      (0 1 4 6 0 0 1)              87.143
11240      (1 0 2 3 1 2 0)              87.139
11241      (1 0 1 2 1 1 1)              87.137
11242      (1 0 1 2 1 1 1)              87.134
11243      (1 0 2 3 1 2 1)              87.135
11244      (0 0 4 2 2 2 1)              87.134
11245      (1 0 1 2 1 2 1)              87.131
11246      (0 0 4 2 2 2 1)              87.130
11247      (0 0 4 3 2 1 1)              87.123
11248      (1 0 1 2 1 1 1)              87.120
11249      (0 0 4 3 1 1 1)              87.115
11250      (0 0 1 2 1 2 1)              87.113
11251      (0 0 4 2 2 2 1)              87.110
11252      (0 0 0 0 1 2 1)              87.107
11253      (1 0 3 1 2 1 2)              87.103
11254      (1 0 1 2 0 0 0)              87.098
11255      (0 0 1 2 1 1 1)              87.094
11256      (1 0 1 2 1 2 1)              87.090
11257      (0 0 1 2 0 0 1)              87.085
11258      (1 0 2 3 2 1 1)              87.082
11259      (1 0 2 3 1 0 1)              87.080
11260      (0 0 4 3 2 1 1)              87.073
11261      (0 0 1 2 1 1 1)              87.069
11262      (0 0 4 6 0 0 1)              87.067
11263      (0 0 4 2 2 2 1)              87.064
11264      (1 0 1 2 0 0 1)              87.060
11265      (1 0 0 0 2 2 1)              87.060
11266      (1 0 2 3 1 2 0)              87.056
11267      (0 0 4 2 2 2 1)              87.053
11268      (0 0 2 3 1 2 1)              87.049
11269      (0 0 2 3 1 2 1)              87.049
11270      (1 0 1 2 1 1 1)              87.047
11271      (0 0 1 2 1 1 1)              87.043
11272      (0 0 4 2 2 2 1)              87.040
11273      (1 0 1 2 1 1 1)              87.039
11274      (1 0 0 0 0 0 0)              87.038
11275      (1 0 1 2 1 1 1)              87.036
11276      (0 0 4 2 2 2 1)              87.033
11277      (1 0 2 3 1 0 1)              87.031
11278      (1 0 1 2 1 1 1)              87.028
11279      (0 0 0 4 1 2 1)              87.024
11280      (1 0 1 2 1 2 1)              87.023
11281      (0 0 2 3 1 2 1)              87.020
11282      (1 0 3 1 1 0 0)              87.015
11283      (1 0 1 2 2 2 1)              87.013
11284      (0 0 4 6 1 1 1)              87.011
11285      (1 0 2 3 1 0 1)              87.008
11286      (0 0 4 3 1 1 1)              87.007
11287      (0 0 4 2 2 2 1)              87.003
11288      (0 0 4 2 2 2 1)              87.001
11289      (0 0 4 2 2 2 1)              86.999
11290      (0 0 4 2 1 1 1)              86.996
11291      (0 0 4 2 2 2 1)              86.993
11292      (1 0 3 1 2 1 2)              86.991
11293      (1 0 1 2 1 1 1)              86.988
11294      (0 0 4 6 1 2 1)              86.984
11295      (1 0 2 3 2 1 2)              86.980
11296      (1 0 1 2 1 1 1)              86.978
11297      (1 0 1 2 1 2 1)              86.975
11298      (1 0 2 3 1 0 1)              86.972
11299      (0 0 4 2 2 2 1)              86.971
11300      (0 0 1 2 2 2 1)              86.966
11301      (1 0 1 2 1 1 1)              86.962
11302      (1 0 1 2 1 1 1)              86.959
11303      (0 0 4 6 1 2 1)              86.955
11304      (0 0 4 2 2 2 1)              86.953
11305      (1 0 2 3 1 0 1)              86.950
11306      (1 0 1 2 1 1 1)              86.949
11307      (1 0 1 2 1 1 1)              86.945
11308      (1 0 1 2 1 1 1)              86.943
11309      (1 0 1 2 1 1 1)              86.942
11310      (0 0 4 2 2 2 1)              86.939
11311      (1 0 1 2 0 0 0)              86.935
11312      (1 0 2 3 1 0 1)              86.934
11313      (1 0 1 2 1 2 1)              86.931
11314      (1 0 1 2 1 1 1)              86.930
11315      (1 0 4 5 2 2 2)              86.927
11316      (1 0 1 2 1 1 1)              86.925
11317      (1 0 2 3 1 0 1)              86.923
11318      (1 0 1 2 2 2 1)              86.922
11319      (1 0 3 1 2 1 2)              86.918
11320      (0 0 1 2 0 0 1)              86.913
11321      (1 0 1 2 1 1 1)              86.910
11322      (1 0 1 2 0 0 0)              86.906
11323      (1 0 1 2 0 0 0)              86.903
11324      (1 0 2 3 1 2 1)              86.901
11325      (0 0 4 2 2 2 1)              86.900
11326      (0 0 4 2 2 2 1)              86.897
11327      (0 0 2 3 2 2 0)              86.893
11328      (0 0 4 6 1 1 1)              86.889
11329      (0 0 4 2 2 2 1)              86.888
11330      (1 0 2 3 1 1 1)              86.885
11331      (1 0 3 1 2 1 2)              86.883
11332      (0 0 0 4 0 1 0)              86.881
11333      (1 0 3 1 2 1 2)              86.880
11334      (0 0 2 3 1 2 1)              86.880
11335      (1 0 2 3 2 1 2)              86.876
11336      (1 0 1 2 1 1 1)              86.873
11337      (0 0 1 2 1 1 1)              86.870
11338      (0 0 4 2 2 2 1)              86.868
11339      (0 0 4 2 2 2 1)              86.866
11340      (1 0 1 2 1 1 1)              86.862
11341      (0 0 4 2 2 2 1)              86.859
11342      (1 0 2 3 0 0 0)              86.858
11343      (0 0 4 3 2 1 1)              86.852
11344      (0 0 2 3 1 2 1)              86.850
11345      (0 0 4 5 2 1 1)              86.845
11346      (0 0 1 2 1 1 1)              86.841
11347      (1 0 1 2 1 1 1)              86.838
11348      (1 0 2 3 1 0 1)              86.837
11349      (0 0 4 3 2 1 1)              86.832
11350      (1 0 1 2 0 0 0)              86.828
11351      (0 0 2 3 2 2 0)              86.824
11352      (0 0 0 4 0 1 0)              86.818
11353      (0 0 0 4 1 2 0)              86.816
11354      (0 0 4 2 2 2 1)              86.814
11355      (1 0 1 2 1 1 1)              86.811
11356      (1 0 2 3 0 0 0)              86.810
11357      (1 0 1 2 1 0 1)              86.807
11358      (1 0 1 2 1 1 1)              86.803
11359      (1 0 1 2 1 1 1)              86.800
11360      (1 0 1 2 1 1 1)              86.798
11361      (1 0 1 2 1 1 1)              86.793
11362      (1 0 1 2 1 1 1)              86.790
11363      (1 0 1 2 1 2 1)              86.789
11364      (1 0 1 2 1 1 1)              86.786
11365      (1 0 1 2 1 1 1)              86.784
11366      (1 0 1 2 1 2 1)              86.780
11367      (1 0 1 2 1 2 1)              86.778
11368      (1 0 2 3 1 0 1)              86.776
11369      (0 0 4 3 2 1 1)              86.771
11370      (1 0 2 3 1 0 1)              86.768
11371      (1 0 3 1 2 1 2)              86.764
11372      (1 0 1 2 1 2 1)              86.761
11373      (1 0 2 3 1 2 0)              86.758
11374      (1 0 1 2 1 1 1)              86.755
11375      (1 0 1 2 1 2 1)              86.751
11376      (1 0 1 2 1 1 1)              86.747
11377      (1 0 3 1 2 1 2)              86.745
11378      (0 0 4 2 2 2 1)              86.741
11379      (1 0 1 2 1 2 1)              86.739
11380      (0 0 4 6 1 2 1)              86.738
11381      (1 0 1 2 1 2 1)              86.737
11382      (0 0 1 2 0 0 1)              86.732
11383      (1 0 2 3 1 0 1)              86.729
11384      (1 0 1 2 1 1 1)              86.726
11385      (1 0 3 1 2 1 2)              86.724
11386      (1 0 0 0 1 2 1)              86.722
11387      (0 0 4 2 2 2 1)              86.721
11388      (1 0 1 2 1 2 1)              86.720
11389      (1 0 1 2 1 1 1)              86.717
11390      (1 0 1 2 1 2 1)              86.715
11391      (1 0 3 1 2 1 2)              86.711
11392      (1 0 0 0 1 2 0)              86.707
11393      (1 0 1 2 1 2 1)              86.702
11394      (1 0 3 1 2 1 2)              86.698
11395      (1 0 2 3 1 0 1)              86.695
11396      (1 0 1 2 1 1 1)              86.691
11397      (1 0 2 3 1 0 1)              86.689
11398      (1 0 1 2 1 2 1)              86.688
11399      (1 0 0 0 1 2 0)              86.686
11400      (1 0 1 2 0 0 1)              86.682
11401      (1 0 2 3 2 1 2)              86.677
11402      (0 0 4 2 2 2 1)              86.675
11403      (1 0 1 2 1 1 1)              86.672
11404      (0 0 4 2 2 2 1)              86.669
11405      (1 0 1 2 1 2 1)              86.668
11406      (1 0 2 3 1 2 1)              86.664
11407      (0 0 4 2 2 2 1)              86.662
11408      (1 0 1 2 1 2 1)              86.660
11409      (0 0 4 5 2 1 1)              86.655
11410      (1 0 1 2 1 1 1)              86.654
11411      (1 0 3 1 2 1 2)              86.650
11412      (1 0 4 5 2 2 2)              86.649
11413      (1 0 0 0 2 2 1)              86.645
11414      (0 0 4 3 2 1 1)              86.640
11415      (1 0 3 1 2 1 2)              86.635
11416      (1 0 0 0 1 2 1)              86.633
11417      (0 0 1 2 1 1 1)              86.629
11418      (0 0 4 2 2 2 1)              86.627
11419      (0 0 4 3 2 1 1)              86.621
11420      (0 0 4 3 2 1 1)              86.615
11421      (1 0 1 2 1 2 1)              86.613
11422      (0 0 4 5 2 1 1)              86.608
11423      (1 0 2 3 1 0 1)              86.606
11424      (1 0 1 2 1 1 1)              86.604
11425      (0 0 2 3 1 2 1)              86.604
11426      (1 0 1 2 1 1 1)              86.601
11427      (0 0 4 2 2 2 1)              86.597
11428      (1 0 2 3 1 0 1)              86.595
11429      (1 0 1 2 1 1 1)              86.592
11430      (0 0 4 2 2 2 1)              86.590
11431      (1 0 3 1 2 1 2)              86.586
11432      (1 0 1 2 1 2 1)              86.583
11433      (0 1 4 6 2 2 2)              86.578
11434      (1 0 3 1 2 1 2)              86.576
11435      (1 0 1 2 1 1 1)              86.570
11436      (1 0 1 2 1 1 1)              86.567
11437      (0 0 2 3 1 2 1)              86.567
11438      (1 0 2 3 1 0 1)              86.565
11439      (1 0 1 2 1 2 1)              86.564
11440      (1 0 1 2 1 1 1)              86.561
11441      (1 0 1 2 1 2 1)              86.560
11442      (1 0 1 2 1 1 1)              86.557
11443      (0 0 4 5 2 2 1)              86.555
11444      (0 0 4 2 2 2 1)              86.552
11445      (1 0 1 2 1 2 1)              86.547
11446      (1 0 2 3 1 0 1)              86.545
11447      (0 0 2 3 1 1 1)              86.540
11448      (0 0 4 2 2 2 1)              86.537
11449      (1 0 1 2 1 1 1)              86.533
11450      (1 0 2 3 2 2 1)              86.533
11451      (1 0 1 2 0 0 0)              86.529
11452      (0 0 1 2 1 1 1)              86.525
11453      (1 0 2 3 1 1 1)              86.522
11454      (1 0 2 3 1 2 1)              86.519
11455      (1 0 3 1 2 1 2)              86.514
11456      (0 0 0 4 0 1 0)              86.513
11457      (1 0 1 2 1 1 1)              86.510
11458      (1 0 1 2 0 0 1)              86.508
11459      (0 0 2 3 1 2 1)              86.504
11460      (0 0 4 2 2 2 1)              86.501
11461      (0 0 1 2 2 2 1)              86.496
11462      (1 0 3 1 2 1 2)              86.494
11463      (0 0 4 5 2 1 1)              86.491
11464      (1 0 2 3 1 0 1)              86.488
11465      (0 0 1 2 0 0 1)              86.483
11466      (0 0 4 5 2 1 1)              86.478
11467      (0 0 2 3 1 2 1)              86.474
11468      (1 0 1 2 1 1 1)              86.472
11469      (1 0 2 3 1 0 1)              86.469
11470      (0 0 4 3 1 1 1)              86.468
11471      (1 0 3 1 2 1 2)              86.465
11472      (1 0 1 2 1 2 1)              86.463
11473      (1 0 1 2 1 2 1)              86.462
11474      (1 0 1 2 1 1 1)              86.459
11475      (1 0 1 2 1 1 1)              86.458
11476      (1 0 1 2 1 2 1)              86.454
11477      (0 0 1 2 1 1 0)              86.448
11478      (1 0 0 0 0 0 0)              86.448
11479      (1 0 2 3 1 2 1)              86.446
11480      (0 0 4 6 1 2 1)              86.446
11481      (1 0 1 2 1 2 1)              86.442
11482      (1 0 1 2 1 2 1)              86.441
11483      (0 0 4 2 2 2 1)              86.438
11484      (1 0 1 2 1 1 1)              86.433
11485      (0 0 1 2 0 0 1)              86.430
11486      (1 0 3 1 2 1 2)              86.427
11487      (0 0 4 2 2 2 1)              86.425
11488      (1 0 3 1 2 1 2)              86.423
11489      (1 0 1 2 1 1 1)              86.421
11490      (1 0 2 3 1 0 1)              86.418
11491      (1 0 3 1 2 1 2)              86.413
11492      (1 0 1 2 1 1 1)              86.408
11493      (1 0 1 2 1 1 1)              86.405
11494      (1 0 0 0 2 2 1)              86.404
11495      (1 0 0 0 2 2 1)              86.403
11496      (1 0 2 3 2 1 2)              86.399
11497      (1 0 3 1 2 1 2)              86.397
11498      (1 0 1 2 1 2 1)              86.394
11499      (1 0 3 1 2 1 2)              86.391
11500      (1 0 1 2 1 1 1)              86.389
11501      (1 0 2 3 2 1 2)              86.385
11502      (0 0 4 2 2 2 1)              86.384
11503      (0 0 2 3 1 2 1)              86.384
11504      (1 0 1 2 1 1 1)              86.381
11505      (0 0 1 2 0 0 1)              86.376
11506      (0 0 1 2 0 0 1)              86.371
11507      (0 0 4 2 2 2 1)              86.369
11508      (1 0 2 3 2 1 2)              86.365
11509      (1 0 1 2 1 0 1)              86.362
11510      (0 0 4 2 2 2 1)              86.360
11511      (1 0 3 1 2 1 2)              86.356
11512      (1 0 2 3 1 0 1)              86.353
11513      (0 0 4 2 2 2 1)              86.351
11514      (0 0 1 2 1 1 1)              86.346
11515      (0 1 4 6 0 0 1)              86.342
11516      (0 0 1 2 1 1 1)              86.338
11517      (0 0 4 2 1 2 1)              86.336
11518      (0 0 4 2 2 2 1)              86.331
11519      (1 0 2 3 1 0 1)              86.328
11520      (0 0 4 2 2 2 1)              86.324
11521      (1 0 1 2 1 1 1)              86.322
11522      (0 0 4 2 2 2 1)              86.319
11523      (1 0 1 2 1 1 1)              86.315
11524      (0 0 1 2 0 0 1)              86.310
11525      (0 0 4 2 2 2 1)              86.309
11526      (0 0 4 6 1 2 1)              86.304
11527      (1 0 1 2 1 1 1)              86.302
11528      (1 0 1 2 2 2 1)              86.300
11529      (0 0 1 2 0 0 1)              86.295
11530      (0 0 4 2 2 2 1)              86.292
11531      (1 0 3 1 2 1 2)              86.289
11532      (1 0 2 3 2 1 2)              86.285
11533      (1 0 1 2 1 1 1)              86.283
11534      (1 0 3 1 2 1 2)              86.280
11535      (1 0 1 2 1 1 1)              86.278
11536      (0 0 4 3 2 1 1)              86.271
11537      (1 0 1 2 1 1 1)              86.266
11538      (1 0 3 1 2 1 2)              86.264
11539      (1 0 1 2 1 1 1)              86.261
11540      (0 0 4 2 2 2 1)              86.259
11541      (1 0 1 2 1 1 1)              86.256
11542      (1 0 1 2 1 1 1)              86.254
11543      (1 0 1 2 1 0 1)              86.252
11544      (0 0 4 2 2 2 1)              86.250
11545      (1 0 3 1 2 1 2)              86.249
11546      (0 0 4 5 2 1 1)              86.244
11547      (1 0 1 2 1 2 1)              86.239
11548      (1 0 1 2 1 1 1)              86.234
11549      (1 0 1 2 1 2 1)              86.231
11550      (0 0 2 3 2 2 2)              86.231
11551      (1 0 2 3 2 1 2)              86.227
11552      (0 0 4 2 2 2 1)              86.225
11553      (1 0 0 0 2 2 1)              86.220
11554      (1 0 1 2 1 1 1)              86.218
11555      (1 0 2 3 2 1 2)              86.218
11556      (0 0 4 6 0 0 1)              86.216
11557      (0 0 4 2 2 2 1)              86.215
11558      (1 0 1 2 0 0 0)              86.210
11559      (1 0 2 3 1 0 1)              86.207
11560      (1 0 4 5 2 2 2)              86.206
11561      (1 0 4 5 2 2 2)              86.205
11562      (1 0 4 5 2 2 2)              86.203
11563      (0 0 4 5 1 1 1)              86.198
11564      (1 0 3 1 2 1 2)              86.196
11565      (1 0 2 3 2 1 2)              86.192
11566      (0 0 1 2 0 0 1)              86.187
11567      (0 0 1 2 1 1 1)              86.182
11568      (1 0 3 1 2 1 2)              86.180
11569      (1 0 2 3 1 2 1)              86.178
11570      (1 0 3 1 2 1 2)              86.173
11571      (0 0 0 4 1 2 0)              86.169
11572      (1 0 1 2 1 2 1)              86.168
11573      (1 0 1 2 1 1 1)              86.166
11574      (1 0 3 1 2 1 2)              86.163
11575      (0 0 1 2 1 1 1)              86.159
11576      (0 0 4 3 2 1 1)              86.154
11577      (1 0 1 2 1 1 1)              86.152
11578      (1 0 2 3 1 0 1)              86.149
11579      (0 0 0 4 1 2 0)              86.146
11580      (1 0 1 2 0 0 1)              86.142
11581      (0 0 1 2 1 1 1)              86.138
11582      (0 0 4 3 2 1 1)              86.133
11583      (1 0 1 2 1 1 1)              86.128
11584      (0 0 4 6 1 1 1)              86.127
11585      (1 0 3 1 2 1 2)              86.123
11586      (1 0 1 2 1 1 1)              86.118
11587      (1 0 1 2 1 1 1)              86.115
11588      (1 0 1 2 1 2 1)              86.112
11589      (1 0 2 3 1 1 1)              86.112
11590      (1 0 1 2 1 1 1)              86.109
11591      (1 0 1 2 1 1 1)              86.106
11592      (1 0 1 2 1 1 1)              86.103
11593      (0 0 4 6 0 0 1)              86.099
11594      (1 0 1 2 1 2 1)              86.098
11595      (1 0 3 1 2 1 2)              86.094
11596      (0 0 2 3 2 0 2)              86.088
11597      (1 0 2 3 1 2 1)              86.087
11598      (1 0 1 2 1 1 1)              86.082
11599      (1 0 1 2 1 1 1)              86.078
11600      (0 0 1 2 0 0 1)              86.073
11601      (1 0 1 2 1 1 1)              86.068
11602      (1 0 2 3 1 2 1)              86.067
11603      (1 0 1 2 1 1 1)              86.065
11604      (0 0 4 2 2 2 1)              86.062
11605      (1 0 3 1 2 1 2)              86.060
11606      (1 0 2 3 1 0 1)              86.057
11607      (1 0 1 2 1 2 1)              86.055
11608      (0 1 0 0 2 2 1)              86.052
11609      (1 0 2 3 1 2 0)              86.050
11610      (0 0 4 2 2 2 1)              86.047
11611      (1 0 3 1 2 1 2)              86.045
11612      (1 0 1 2 1 1 1)              86.042
11613      (0 0 4 2 2 2 1)              86.040
11614      (0 0 4 5 2 1 1)              86.036
11615      (1 0 2 3 1 2 0)              86.032
11616      (1 0 3 1 2 1 2)              86.031
11617      (1 0 2 3 1 0 1)              86.028
11618      (1 0 3 1 2 1 2)              86.026
11619      (1 0 1 2 1 2 1)              86.023
11620      (1 0 1 2 1 2 1)              86.021
11621      (1 0 1 2 1 2 1)              86.020
11622      (1 0 1 2 1 2 1)              86.018
11623      (1 0 1 2 1 1 1)              86.016
11624      (0 0 2 3 2 0 2)              86.015
11625      (1 0 3 1 2 1 2)              86.011
11626      (1 0 1 2 1 1 1)              86.006
11627      (1 0 1 2 1 1 1)              86.005
11628      (1 0 2 3 2 1 2)              86.001
11629      (1 0 1 2 1 1 1)              85.996
11630      (0 0 4 2 2 2 1)              85.994
11631      (1 0 1 2 1 2 1)              85.992
11632      (0 0 4 3 2 1 1)              85.989
11633      (1 0 3 1 2 1 2)              85.986
11634      (0 0 4 2 2 2 1)              85.984
11635      (1 0 2 3 2 1 2)              85.980
11636      (0 0 4 2 2 2 1)              85.975
11637      (1 0 1 2 0 0 1)              85.971
11638      (1 0 1 2 1 1 1)              85.969
11639      (0 0 4 6 1 2 1)              85.969
11640      (1 0 4 5 2 2 2)              85.966
11641      (0 1 0 0 2 2 1)              85.964
11642      (0 0 1 2 1 1 0)              85.958
11643      (0 0 4 2 2 2 1)              85.955
11644      (1 0 1 2 0 0 1)              85.952
11645      (0 0 4 6 1 2 1)              85.948
11646      (1 0 3 1 2 1 2)              85.945
11647      (1 0 1 2 0 0 1)              85.943
11648      (0 0 4 6 0 0 1)              85.940
11649      (1 0 1 2 1 1 1)              85.937
11650      (0 0 4 5 2 1 1)              85.933
11651      (1 0 1 2 0 0 0)              85.929
11652      (0 0 4 6 2 2 1)              85.927
11653      (1 0 1 2 1 2 1)              85.926
11654      (0 0 4 3 2 1 1)              85.921
11655      (1 0 2 3 1 0 1)              85.917
11656      (1 0 3 1 2 1 2)              85.914
11657      (1 0 1 2 1 1 1)              85.912
11658      (0 0 4 2 1 2 1)              85.909
11659      (1 0 3 1 2 1 2)              85.908
11660      (1 0 3 1 2 1 2)              85.906
11661      (0 0 0 4 0 1 0)              85.900
11662      (0 1 0 0 2 2 1)              85.897
11663      (1 0 2 3 1 0 1)              85.895
11664      (0 0 4 3 2 1 1)              85.890
11665      (1 0 1 2 1 1 1)              85.887
11666      (0 0 4 6 1 2 1)              85.882
11667      (0 0 1 2 1 1 1)              85.879
11668      (1 0 1 2 1 1 1)              85.876
11669      (0 0 4 6 1 1 1)              85.874
11670      (1 0 2 3 2 1 2)              85.870
11671      (0 0 4 5 2 1 1)              85.865
11672      (1 0 2 3 1 0 1)              85.863
11673      (1 0 2 3 2 2 1)              85.863
11674      (1 0 2 3 2 1 1)              85.860
11675      (0 0 4 2 2 2 1)              85.855
11676      (1 0 1 2 1 2 1)              85.853
11677      (1 0 1 2 1 1 1)              85.850
11678      (0 0 4 3 2 1 1)              85.845
11679      (0 0 4 2 2 2 1)              85.843
11680      (1 0 2 3 1 0 1)              85.844
11681      (0 0 0 4 1 2 0)              85.839
11682      (1 0 2 3 1 2 0)              85.836
11683      (0 0 1 2 0 0 1)              85.831
11684      (0 0 4 2 2 2 1)              85.828
11685      (1 0 0 0 1 1 1)              85.826
11686      (0 0 4 2 2 2 1)              85.823
11687      (0 0 4 3 2 1 1)              85.818
11688      (0 0 4 2 2 2 1)              85.816
11689      (0 0 4 2 2 2 1)              85.813
11690      (0 0 4 5 2 1 1)              85.810
11691      (0 0 4 5 2 1 1)              85.806
11692      (1 0 0 0 0 0 0)              85.806
11693      (0 0 4 5 2 1 1)              85.801
11694      (1 0 1 2 1 1 1)              85.799
11695      (1 0 3 1 2 1 2)              85.796
11696      (1 0 1 2 1 2 1)              85.795
11697      (1 0 1 2 1 1 1)              85.793
11698      (1 0 1 2 1 2 1)              85.791
11699      (1 0 2 3 2 2 1)              85.791
11700      (0 0 4 2 2 2 1)              85.789
11701      (0 0 4 2 2 2 1)              85.786
11702      (1 0 2 3 2 1 2)              85.783
11703      (1 0 1 2 1 1 1)              85.780
11704      (1 0 0 0 1 0 1)              85.780
11705      (1 0 1 2 1 1 1)              85.778
11706      (1 0 2 3 2 2 1)              85.778
11707      (1 0 1 2 1 2 1)              85.775
11708      (1 0 0 0 1 2 0)              85.772
11709      (1 0 4 5 2 2 2)              85.771
11710      (1 0 2 3 1 0 1)              85.767
11711      (1 0 1 2 0 0 1)              85.763
11712      (1 0 1 2 1 1 1)              85.760
11713      (1 0 1 2 1 1 1)              85.755
11714      (0 0 1 2 0 0 1)              85.750
11715      (0 0 1 2 0 0 1)              85.745
11716      (1 0 3 1 2 1 2)              85.742
11717      (0 0 4 2 2 2 1)              85.740
11718      (1 0 1 2 1 2 1)              85.739
11719      (1 0 2 3 1 2 1)              85.740
11720      (1 0 1 2 1 1 1)              85.736
11721      (1 0 4 5 2 2 2)              85.735
11722      (0 0 1 2 1 1 1)              85.730
11723      (0 0 1 2 1 1 1)              85.726
11724      (1 0 1 2 1 1 1)              85.724
11725      (1 0 2 3 1 2 0)              85.720
11726      (1 0 1 2 1 2 1)              85.719
11727      (0 0 4 6 0 0 1)              85.716
11728      (0 0 4 6 0 0 1)              85.711
11729      (1 0 1 2 1 1 1)              85.709
11730      (1 0 1 2 1 1 1)              85.706
11731      (1 0 2 3 2 2 1)              85.701
11732      (1 0 1 2 1 1 1)              85.698
11733      (0 0 4 2 2 2 1)              85.696
11734      (0 0 4 3 2 1 1)              85.690
11735      (0 0 2 3 1 2 1)              85.685
11736      (1 0 2 3 2 1 2)              85.681
11737      (0 0 4 2 1 2 1)              85.679
11738      (1 0 3 1 2 1 2)              85.674
11739      (1 0 3 1 2 1 2)              85.669
11740      (0 0 1 2 1 1 1)              85.666
11741      (1 0 4 5 2 2 2)              85.664
11742      (0 0 4 6 1 2 1)              85.659
11743      (1 0 2 3 2 1 2)              85.656
11744      (1 0 3 1 2 1 2)              85.651
11745      (1 0 3 1 2 1 2)              85.647
11746      (0 0 4 2 2 2 1)              85.645
11747      (1 0 0 0 2 2 1)              85.642
11748      (1 0 1 2 1 2 1)              85.640
11749      (1 0 2 3 1 0 1)              85.638
11750      (0 0 4 2 1 2 1)              85.634
11751      (1 0 2 3 1 0 1)              85.631
11752      (0 0 2 3 2 0 2)              85.625
11753      (1 0 1 2 1 2 1)              85.623
11754      (1 0 3 1 2 1 2)              85.619
11755      (0 0 4 2 2 2 1)              85.617
11756      (1 0 1 2 1 2 1)              85.614
11757      (0 0 4 6 1 2 1)              85.612
11758      (1 0 2 3 1 0 1)              85.611
11759      (1 0 1 2 1 2 1)              85.607
11760      (0 0 1 2 1 1 1)              85.602
11761      (0 0 1 2 0 0 1)              85.597
11762      (0 0 4 2 2 2 1)              85.595
11763      (1 0 2 3 1 1 1)              85.593
11764      (1 0 2 3 1 2 1)              85.594
11765      (0 0 4 2 2 2 1)              85.591
11766      (1 0 2 3 1 1 1)              85.589
11767      (0 0 4 2 2 2 1)              85.587
11768      (1 0 2 3 1 1 1)              85.587
11769      (0 0 4 2 2 2 1)              85.584
11770      (1 0 2 3 2 2 1)              85.584
11771      (1 0 3 1 2 1 2)              85.582
11772      (1 0 2 3 1 2 1)              85.581
11773      (1 0 1 2 1 2 1)              85.578
11774      (1 0 2 3 2 2 1)              85.578
11775      (1 0 1 2 1 1 1)              85.575
11776      (1 0 2 3 2 1 2)              85.575
11777      (0 0 4 2 2 2 1)              85.572
11778      (1 0 3 1 2 1 2)              85.570
11779      (1 0 1 2 1 1 1)              85.567
11780      (0 0 4 2 2 2 1)              85.565
11781      (0 0 1 2 2 2 1)              85.561
11782      (1 0 1 2 1 2 1)              85.559
11783      (1 0 3 1 2 1 2)              85.556
11784      (1 0 1 2 1 1 1)              85.552
11785      (0 0 4 2 2 2 1)              85.549
11786      (0 0 4 2 2 2 1)              85.547
11787      (1 0 2 3 1 2 0)              85.544
11788      (1 0 1 2 1 2 1)              85.543
11789      (0 0 4 2 2 2 1)              85.539
11790      (1 0 2 3 2 1 2)              85.536
11791      (1 0 3 1 2 1 2)              85.531
11792      (1 0 3 1 2 1 2)              85.529
11793      (1 0 3 1 2 1 2)              85.525
11794      (1 0 3 1 2 1 2)              85.521
11795      (1 0 1 2 1 1 1)              85.519
11796      (0 0 1 2 1 1 1)              85.515
11797      (1 0 1 2 1 2 1)              85.510
11798      (1 0 3 1 2 1 2)              85.508
11799      (1 0 1 2 1 1 1)              85.504
11800      (1 0 3 1 2 1 2)              85.502
11801      (1 0 1 2 1 1 1)              85.500
11802      (1 0 2 3 2 1 2)              85.495
11803      (1 0 1 2 0 0 1)              85.491
11804      (1 0 1 2 1 2 1)              85.490
11805      (0 0 4 3 1 1 1)              85.489
11806      (0 0 4 6 1 2 1)              85.488
11807      (1 0 1 2 1 1 1)              85.485
11808      (1 0 2 3 1 0 1)              85.483
11809      (1 0 0 0 1 2 1)              85.482
11810      (1 0 2 3 1 0 1)              85.479
11811      (1 0 1 2 1 1 1)              85.477
11812      (1 0 3 1 2 1 2)              85.474
11813      (1 0 2 3 2 2 1)              85.474
11814      (0 0 0 4 0 1 0)              85.473
11815      (1 0 3 1 2 1 2)              85.470
11816      (1 0 3 1 2 1 2)              85.467
11817      (1 0 1 2 1 2 1)              85.466
11818      (0 0 4 2 2 2 1)              85.464
11819      (1 0 1 2 0 0 0)              85.460
11820      (1 0 1 2 1 1 1)              85.458
11821      (1 0 1 2 1 2 1)              85.456
11822      (0 0 1 2 0 0 1)              85.452
11823      (1 0 1 2 1 1 1)              85.449
11824      (1 0 2 3 1 1 1)              85.447
11825      (1 0 1 2 1 1 1)              85.444
11826      (0 0 1 2 1 1 1)              85.441
11827      (0 0 4 2 2 2 1)              85.436
11828      (0 1 4 6 2 2 2)              85.431
11829      (0 0 4 2 2 2 1)              85.428
11830      (0 0 2 3 1 2 1)              85.426
11831      (1 0 1 2 1 1 1)              85.424
11832      (1 0 1 2 1 1 1)              85.422
11833      (0 0 4 6 1 2 1)              85.418
11834      (1 0 1 2 1 2 1)              85.414
11835      (0 0 1 2 0 0 1)              85.410
11836      (0 0 4 2 2 2 1)              85.407
11837      (0 0 4 2 2 2 1)              85.405
11838      (1 0 1 2 1 2 1)              85.402
11839      (1 0 1 2 1 1 1)              85.400
11840      (0 0 4 5 2 1 1)              85.395
11841      (1 0 1 2 1 1 1)              85.393
11842      (1 0 2 3 1 0 1)              85.392
11843      (0 0 1 2 0 0 1)              85.387
11844      (0 0 2 3 1 2 1)              85.383
11845      (1 0 2 3 1 0 1)              85.381
11846      (0 0 2 3 2 0 2)              85.380
11847      (1 0 1 2 1 1 1)              85.376
11848      (0 0 4 5 2 1 1)              85.372
11849      (1 0 3 1 2 1 2)              85.368
11850      (1 0 2 3 1 0 1)              85.366
11851      (1 0 4 5 2 2 2)              85.365
11852      (1 0 1 2 1 2 1)              85.360
11853      (1 0 3 1 2 1 2)              85.357
11854      (1 0 1 2 0 0 1)              85.353
11855      (1 0 3 1 2 1 2)              85.350
11856      (0 0 4 2 2 2 1)              85.347
11857      (0 0 1 2 1 2 1)              85.344
11858      (0 0 4 6 0 0 1)              85.341
11859      (0 0 1 2 1 1 1)              85.337
11860      (0 0 4 5 2 1 1)              85.332
11861      (0 0 2 3 1 2 1)              85.331
11862      (1 0 2 3 2 1 2)              85.327
11863      (1 0 2 3 1 0 1)              85.328
11864      (1 0 2 3 1 0 1)              85.326
11865      (1 0 1 2 1 2 1)              85.323
11866      (0 0 1 2 1 1 1)              85.319
11867      (1 0 2 3 1 0 1)              85.316
11868      (1 0 1 2 1 1 1)              85.311
11869      (1 0 4 5 2 2 2)              85.310
11870      (0 0 1 2 0 0 1)              85.307
11871      (1 0 1 2 1 2 1)              85.303
11872      (1 0 1 2 1 1 1)              85.301
11873      (1 0 3 1 2 1 2)              85.297
11874      (1 0 0 0 1 2 0)              85.296
11875      (1 0 1 2 1 2 1)              85.295
11876      (1 0 1 2 1 1 1)              85.291
11877      (0 0 4 2 2 2 1)              85.289
11878      (1 0 1 2 1 2 1)              85.288
11879      (0 0 4 2 2 2 1)              85.285
11880      (1 0 3 1 2 1 2)              85.281
11881      (0 0 4 5 2 1 1)              85.277
11882      (1 0 1 2 0 0 1)              85.273
11883      (1 0 0 0 2 2 1)              85.270
11884      (1 0 1 2 1 2 1)              85.266
11885      (1 0 3 1 2 1 2)              85.261
11886      (1 0 2 3 1 0 1)              85.260
11887      (1 0 1 2 1 1 1)              85.258
11888      (1 0 1 2 1 2 1)              85.253
11889      (1 0 2 3 2 1 1)              85.251
11890      (1 0 2 3 1 0 1)              85.248
11891      (0 0 2 3 1 1 1)              85.248
11892      (1 0 3 1 2 1 2)              85.245
11893      (1 0 2 3 2 1 2)              85.241
11894      (1 0 1 2 1 2 1)              85.239
11895      (1 0 2 3 0 0 0)              85.238
11896      (0 0 4 3 1 1 1)              85.237
11897      (1 0 2 3 1 2 1)              85.238
11898      (1 0 2 3 1 1 1)              85.236
11899      (1 0 3 1 2 1 2)              85.233
11900      (1 0 1 2 1 1 1)              85.228
11901      (1 0 3 1 2 1 2)              85.226
11902      (1 0 1 2 0 0 1)              85.224
11903      (0 0 4 2 2 2 1)              85.221
11904      (1 0 1 2 1 1 1)              85.219
11905      (1 0 2 3 2 1 2)              85.215
11906      (0 0 4 2 2 2 1)              85.213
11907      (1 0 2 3 1 0 1)              85.211
11908      (1 0 1 2 1 1 1)              85.208
11909      (1 0 2 3 2 2 1)              85.208
11910      (1 0 1 2 1 1 1)              85.205
11911      (1 0 2 3 1 2 1)              85.204
11912      (1 0 1 2 1 2 1)              85.201
11913      (1 0 3 1 2 1 2)              85.200
11914      (1 0 1 2 1 1 1)              85.198
11915      (1 0 1 2 1 1 1)              85.197
11916      (0 0 4 2 2 2 1)              85.194
11917      (1 0 3 1 2 1 2)              85.192
11918      (1 0 1 2 1 1 1)              85.189
11919      (1 0 2 3 1 2 1)              85.191
11920      (0 0 4 6 0 0 1)              85.187
11921      (0 0 4 3 1 1 1)              85.184
11922      (1 0 1 2 0 0 1)              85.180
11923      (0 0 1 2 1 1 1)              85.174
11924      (1 0 2 3 1 1 1)              85.172
11925      (0 0 4 3 1 1 1)              85.167
11926      (1 0 2 3 1 0 1)              85.166
11927      (1 0 1 2 1 1 1)              85.165
11928      (1 0 1 2 1 1 1)              85.161
11929      (1 0 2 3 1 0 1)              85.159
11930      (1 0 1 2 1 1 1)              85.156
11931      (1 0 3 1 2 1 2)              85.153
11932      (0 0 4 6 1 2 1)              85.153
11933      (1 0 2 3 2 1 2)              85.153
11934      (1 0 3 1 2 1 2)              85.151
11935      (0 0 4 2 2 2 1)              85.149
11936      (0 0 4 3 1 1 1)              85.148
11937      (0 0 4 2 2 2 1)              85.147
11938      (1 0 1 2 1 2 1)              85.146
11939      (1 0 2 3 2 1 2)              85.142
11940      (1 0 1 2 1 2 1)              85.141
11941      (0 0 4 2 2 2 1)              85.139
11942      (0 0 4 3 2 1 1)              85.134
11943      (1 0 2 3 1 2 0)              85.132
11944      (1 0 1 2 1 1 1)              85.131
11945      (1 0 1 2 1 1 1)              85.128
11946      (1 0 1 2 1 1 1)              85.124
11947      (1 0 3 1 2 1 2)              85.121
11948      (0 0 4 2 2 2 1)              85.119
11949      (1 0 1 2 1 2 1)              85.118
11950      (1 0 1 2 1 2 1)              85.115
11951      (1 0 2 3 2 1 2)              85.112
11952      (1 0 2 3 1 0 1)              85.110
11953      (1 0 1 2 1 2 1)              85.108
11954      (1 0 3 1 2 1 2)              85.106
11955      (1 0 2 3 2 1 2)              85.103
11956      (1 0 2 3 1 0 1)              85.100
11957      (0 0 2 3 2 0 2)              85.095
11958      (1 0 2 3 2 1 2)              85.092
11959      (0 0 4 2 1 2 1)              85.091
11960      (1 0 1 2 1 1 1)              85.088
11961      (1 0 1 2 1 1 1)              85.085
11962      (0 0 4 2 2 2 1)              85.084
11963      (1 0 1 2 0 0 1)              85.081
11964      (1 0 2 3 1 0 1)              85.079
11965      (1 0 1 2 1 1 1)              85.074
11966      (1 0 1 2 1 1 1)              85.072
11967      (0 0 4 2 2 2 1)              85.070
11968      (1 0 1 2 1 1 1)              85.066
11969      (1 0 4 5 2 2 2)              85.065
11970      (0 0 2 3 1 2 1)              85.061
11971      (1 0 1 2 1 1 1)              85.059
11972      (1 0 2 3 1 2 1)              85.060
11973      (1 0 1 2 0 0 0)              85.056
11974      (1 0 1 2 1 1 1)              85.055
11975      (1 0 1 2 0 0 1)              85.051
11976      (0 0 4 2 2 2 1)              85.049
11977      (1 0 1 2 1 1 1)              85.047
11978      (1 0 1 2 1 1 1)              85.044
11979      (1 0 1 2 1 2 1)              85.042
11980      (1 0 1 2 1 1 1)              85.039
11981      (1 0 2 3 2 1 2)              85.036
11982      (1 0 1 2 1 2 1)              85.035
11983      (0 0 4 2 2 2 1)              85.032
11984      (1 0 1 2 1 2 1)              85.028
11985      (1 0 1 2 1 2 1)              85.025
11986      (0 0 4 3 2 1 1)              85.023
11987      (1 0 1 2 1 1 1)              85.021
11988      (1 0 2 3 1 0 1)              85.018
11989      (1 0 1 2 1 2 1)              85.015
11990      (1 0 0 0 1 2 1)              85.014
11991      (0 0 1 2 0 0 1)              85.009
11992      (0 0 1 2 0 0 1)              85.005
11993      (1 0 2 3 1 0 1)              85.003
11994      (0 0 4 2 2 2 1)              85.001
11995      (1 0 3 1 2 1 2)              84.998
11996      (0 0 4 2 2 2 1)              84.996
11997      (1 0 1 2 1 1 1)              84.991
11998      (1 0 1 2 1 1 1)              84.988
11999      (1 0 0 0 0 2 1)              84.986
12000      (1 0 1 2 1 2 1)              84.983
12001      (1 0 1 2 0 0 1)              84.981
12002      (1 0 2 3 1 0 1)              84.980
12003      (0 0 1 2 1 1 1)              84.975
12004      (1 0 2 3 2 1 2)              84.972
12005      (0 0 1 2 1 1 1)              84.968
12006      (1 0 1 2 1 1 1)              84.964
12007      (0 0 4 2 2 2 1)              84.962
12008      (1 0 2 3 1 0 1)              84.960
12009      (1 0 1 2 1 2 1)              84.958
12010      (1 0 2 3 1 0 1)              84.956
12011      (1 0 1 2 0 0 1)              84.953
12012      (1 0 1 2 1 1 1)              84.951
12013      (1 0 1 2 0 0 1)              84.947
12014      (1 0 1 2 1 1 1)              84.945
12015      (0 0 4 6 1 1 1)              84.942
12016      (0 0 4 2 2 2 1)              84.937
12017      (0 0 0 4 1 2 0)              84.935
12018      (1 0 2 3 1 1 1)              84.935
12019      (1 0 1 2 1 1 1)              84.932
12020      (1 0 3 1 2 1 2)              84.928
12021      (0 0 1 2 0 0 1)              84.924
12022      (1 0 1 2 1 1 1)              84.921
12023      (0 0 4 6 0 0 1)              84.919
12024      (1 0 1 2 1 1 1)              84.916
12025      (1 0 2 3 1 0 1)              84.913
12026      (1 0 3 1 2 1 2)              84.910
12027      (1 0 1 2 1 2 1)              84.906
12028      (1 0 3 1 2 1 2)              84.904
12029      (1 0 3 1 2 1 2)              84.903
12030      (1 0 1 2 1 2 1)              84.899
12031      (1 0 2 3 1 0 1)              84.901
12032      (1 0 2 3 1 2 0)              84.898
12033      (1 0 1 2 1 1 1)              84.895
12034      (1 0 1 2 1 1 1)              84.892
12035      (1 0 3 1 2 1 2)              84.889
12036      (0 0 4 3 1 1 1)              84.884
12037      (1 0 2 3 1 2 1)              84.882
12038      (0 0 4 3 2 1 1)              84.877
12039      (1 0 1 2 1 1 1)              84.875
12040      (1 0 1 2 1 2 1)              84.874
12041      (1 0 3 1 2 1 2)              84.869
12042      (0 0 2 3 1 2 1)              84.868
12043      (0 0 4 2 2 2 1)              84.866
12044      (0 0 4 2 2 2 1)              84.865
12045      (1 0 2 3 1 0 1)              84.866
12046      (1 0 1 2 1 2 1)              84.865
12047      (0 0 0 4 0 1 0)              84.859
12048      (0 0 4 2 2 2 1)              84.854
12049      (1 0 1 2 1 0 1)              84.852
12050      (0 0 4 5 2 1 1)              84.848
12051      (1 0 1 2 1 1 1)              84.845
12052      (1 0 1 2 1 2 1)              84.844
12053      (1 0 1 2 1 2 1)              84.840
12054      (1 0 2 3 2 2 1)              84.840
12055      (1 0 1 2 1 2 1)              84.839
12056      (0 0 4 2 2 2 1)              84.837
12057      (1 0 1 2 1 1 1)              84.835
12058      (0 1 0 0 2 2 1)              84.832
12059      (1 0 1 2 1 1 1)              84.830
12060      (1 0 4 5 2 2 2)              84.828
12061      (0 0 4 5 2 1 1)              84.823
12062      (0 0 4 5 2 1 1)              84.818
12063      (1 0 1 2 1 1 1)              84.817
12064      (1 0 3 1 2 1 2)              84.815
12065      (1 0 1 2 1 1 1)              84.813
12066      (0 0 4 2 2 2 1)              84.810
12067      (1 0 1 2 1 1 1)              84.808
12068      (0 0 4 2 2 2 1)              84.806
12069      (1 0 1 2 1 1 1)              84.804
12070      (0 0 4 6 0 0 1)              84.801
12071      (0 0 1 2 1 1 1)              84.798
12072      (1 0 2 3 2 1 2)              84.794
12073      (0 0 4 2 2 2 1)              84.791
12074      (1 0 2 3 1 0 1)              84.790
12075      (1 0 1 2 1 1 1)              84.787
12076      (1 0 0 0 1 1 1)              84.785
12077      (1 0 2 3 2 1 2)              84.785
12078      (0 0 1 2 1 1 1)              84.782
12079      (1 0 1 2 1 1 1)              84.778
12080      (1 0 1 2 0 0 1)              84.775
12081      (1 0 1 2 1 2 1)              84.774
12082      (1 0 1 2 1 2 1)              84.771
12083      (1 0 3 1 2 1 2)              84.768
12084      (1 0 1 2 1 1 1)              84.766
12085      (1 0 1 2 1 2 1)              84.765
12086      (0 0 4 6 1 2 1)              84.760
12087      (1 0 1 2 0 0 1)              84.756
12088      (1 0 1 2 1 1 1)              84.754
12089      (1 0 1 2 1 2 1)              84.752
12090      (1 0 1 2 1 1 1)              84.751
12091      (1 0 1 2 1 1 1)              84.750
12092      (1 0 1 2 1 1 1)              84.746
12093      (0 0 4 6 0 0 1)              84.744
12094      (1 0 1 2 1 1 1)              84.742
12095      (0 0 4 2 2 2 1)              84.740
12096      (1 0 2 3 2 1 2)              84.737
12097      (1 0 3 1 2 1 2)              84.734
12098      (1 0 0 0 1 2 1)              84.732
12099      (1 0 2 3 1 0 1)              84.730
12100      (1 0 1 2 1 1 1)              84.728
12101      (1 0 1 2 1 1 1)              84.726
12102      (0 0 0 4 1 2 0)              84.722
12103      (1 0 3 1 2 1 2)              84.720
12104      (1 0 1 2 1 1 1)              84.718
12105      (1 0 1 2 1 1 1)              84.715
12106      (0 0 2 3 2 0 2)              84.709
12107      (1 0 1 2 0 0 0)              84.705
12108      (0 0 1 2 0 0 1)              84.700
12109      (0 0 4 2 2 2 1)              84.698
12110      (0 0 4 6 1 2 1)              84.696
12111      (1 0 1 2 1 1 1)              84.691
12112      (0 0 4 3 1 1 1)              84.687
12113      (0 0 4 5 1 0 1)              84.683
12114      (1 0 3 1 2 1 2)              84.678
12115      (0 0 2 3 1 2 1)              84.676
12116      (1 0 2 3 2 2 1)              84.676
12117      (0 0 1 2 1 1 1)              84.673
12118      (1 0 1 2 1 2 1)              84.670
12119      (1 0 1 2 1 1 1)              84.668
12120      (0 0 4 2 2 2 1)              84.666
12121      (1 0 2 3 1 2 1)              84.665
12122      (1 0 3 1 2 1 2)              84.661
12123      (0 0 4 6 1 2 1)              84.661
12124      (1 0 1 2 1 1 1)              84.659
12125      (0 0 4 2 2 2 1)              84.657
12126      (1 0 1 2 1 1 1)              84.654
12127      (1 0 1 2 1 2 1)              84.652
12128      (0 0 1 2 1 1 1)              84.649
12129      (0 0 4 2 2 2 1)              84.646
12130      (1 0 1 2 2 2 1)              84.645
12131      (1 0 2 3 1 0 1)              84.643
12132      (1 0 1 2 1 1 1)              84.641
12133      (0 0 4 6 2 1 1)              84.637
12134      (0 0 4 2 2 2 1)              84.635
12135      (1 0 2 3 1 2 0)              84.633
12136      (0 0 4 2 2 2 1)              84.632
12137      (0 0 4 2 2 2 1)              84.629
12138      (0 0 4 3 2 1 1)              84.627
12139      (1 0 4 5 2 2 2)              84.626
12140      (1 0 3 1 2 1 2)              84.624
12141      (0 0 4 4 1 1 1)              84.622
12142      (1 0 2 3 1 0 1)              84.623
12143      (1 0 2 3 2 1 2)              84.619
12144      (0 0 4 6 0 0 1)              84.617
12145      (1 0 1 2 1 1 1)              84.615
12146      (1 0 0 0 0 2 1)              84.614
12147      (1 0 1 2 1 1 1)              84.611
12148      (1 0 1 2 0 0 1)              84.608
12149      (1 0 1 2 1 2 1)              84.607
12150      (1 0 1 2 1 1 1)              84.605
12151      (0 0 4 2 2 2 1)              84.602
12152      (0 0 4 6 1 2 1)              84.603
12153      (1 0 1 2 1 2 1)              84.601
12154      (0 0 4 2 2 2 1)              84.598
12155      (0 0 2 3 1 1 1)              84.593
12156      (1 0 1 2 1 2 1)              84.592
12157      (1 0 1 2 1 1 1)              84.590
12158      (0 0 4 2 2 2 1)              84.588
12159      (1 0 3 1 2 1 2)              84.586
12160      (0 0 4 2 2 2 1)              84.582
12161      (0 0 4 3 2 1 1)              84.577
12162      (1 0 1 2 0 0 1)              84.574
12163      (1 0 4 5 2 2 2)              84.573
12164      (1 0 1 2 1 1 1)              84.571
12165      (0 0 4 5 2 1 1)              84.566
12166      (1 0 1 2 1 2 1)              84.563
12167      (1 0 1 2 1 1 1)              84.560
12168      (1 0 2 3 1 0 1)              84.559
12169      (1 0 2 3 1 0 1)              84.557
12170      (1 0 1 2 1 1 1)              84.555
12171      (1 0 2 3 1 0 1)              84.556
12172      (0 0 2 3 1 2 1)              84.553
12173      (1 0 0 0 0 0 0)              84.553
12174      (1 0 1 2 1 1 1)              84.552
12175      (0 0 4 5 2 1 1)              84.547
12176      (1 0 1 2 1 2 1)              84.545
12177      (1 0 2 3 1 2 0)              84.541
12178      (0 1 4 6 0 0 1)              84.536
12179      (0 0 0 4 0 1 0)              84.530
12180      (0 0 2 3 1 2 1)              84.528
12181      (1 0 0 0 1 0 1)              84.528
12182      (1 0 1 2 1 1 1)              84.524
12183      (0 0 4 2 2 2 1)              84.522
12184      (0 0 4 2 2 2 1)              84.520
12185      (1 0 1 2 1 1 1)              84.516
12186      (0 0 4 2 2 2 1)              84.514
12187      (1 0 0 0 2 2 1)              84.514
12188      (0 0 2 3 1 2 1)              84.514
12189      (0 0 4 6 1 2 1)              84.511
12190      (1 0 1 2 1 2 1)              84.510
12191      (1 0 1 2 1 2 1)              84.506
12192      (0 0 4 2 2 2 1)              84.504
12193      (1 0 1 2 1 1 1)              84.501
12194      (1 0 2 3 1 2 0)              84.497
12195      (1 0 2 3 1 2 0)              84.495
12196      (1 0 1 2 1 1 1)              84.492
12197      (1 0 2 3 1 2 0)              84.488
12198      (0 0 4 2 2 2 1)              84.486
12199      (0 0 2 3 1 2 1)              84.484
12200      (0 0 4 2 2 2 1)              84.481
12201      (0 0 4 6 1 2 1)              84.477
12202      (0 0 4 6 2 2 1)              84.472
12203      (1 0 1 2 1 2 1)              84.471
12204      (1 0 4 5 2 2 2)              84.470
12205      (1 0 3 1 2 1 2)              84.468
12206      (0 0 4 2 2 2 1)              84.466
12207      (1 0 1 2 0 0 0)              84.461
12208      (1 0 1 2 1 2 1)              84.458
12209      (0 0 1 2 1 1 1)              84.453
12210      (1 0 1 2 1 1 1)              84.451
12211      (1 0 1 2 1 1 1)              84.449
12212      (1 0 1 2 1 1 1)              84.446
12213      (1 0 2 3 1 0 1)              84.444
12214      (1 0 1 2 2 2 1)              84.443
12215      (0 0 4 2 1 2 1)              84.441
12216      (1 0 1 2 0 0 0)              84.437
12217      (1 0 0 0 2 2 1)              84.437
12218      (0 0 4 3 1 1 1)              84.436
12219      (1 0 1 2 0 0 0)              84.433
12220      (1 0 1 2 1 1 1)              84.431
12221      (0 0 4 6 2 1 1)              84.427
12222      (1 0 2 3 2 1 2)              84.424
12223      (0 0 4 2 2 2 1)              84.422
12224      (1 0 1 2 0 0 0)              84.418
12225      (1 0 3 1 2 1 2)              84.416
12226      (1 0 1 2 1 1 1)              84.413
12227      (0 0 4 2 2 2 1)              84.410
12228      (1 0 1 2 1 2 1)              84.409
12229      (1 0 1 2 1 1 1)              84.407
12230      (1 0 3 1 2 1 2)              84.405
12231      (1 0 1 2 1 1 1)              84.403
12232      (1 0 3 1 2 1 2)              84.400
12233      (1 0 0 0 1 2 1)              84.399
12234      (1 0 2 3 2 1 2)              84.396
12235      (1 0 1 2 1 1 1)              84.394
12236      (0 0 4 2 2 2 1)              84.391
12237      (0 0 0 4 1 2 0)              84.389
12238      (0 0 4 2 2 2 1)              84.387
12239      (0 0 4 2 2 2 1)              84.384
12240      (0 0 4 5 2 1 1)              84.379
12241      (1 0 1 2 1 1 1)              84.377
12242      (0 0 1 2 1 1 1)              84.372
12243      (0 0 1 2 2 2 1)              84.368
12244      (0 0 1 2 1 1 1)              84.365
12245      (1 0 2 3 0 0 0)              84.362
12246      (1 0 1 2 0 0 1)              84.359
12247      (0 0 4 2 2 2 1)              84.356
12248      (0 0 4 6 2 1 1)              84.352
12249      (1 0 1 2 1 2 1)              84.350
12250      (0 0 1 2 1 1 1)              84.345
12251      (1 0 3 1 2 1 2)              84.341
12252      (1 0 0 0 1 2 0)              84.337
12253      (0 0 4 2 1 2 1)              84.334
12254      (0 0 4 2 2 2 1)              84.331
12255      (0 0 4 2 2 2 1)              84.329
12256      (1 0 1 2 1 2 1)              84.325
12257      (1 0 1 2 1 1 1)              84.321
12258      (1 0 2 3 1 0 1)              84.319
12259      (1 0 2 3 1 1 1)              84.316
12260      (1 0 3 1 2 1 2)              84.312
12261      (1 0 1 2 1 2 1)              84.309
12262      (0 0 4 3 2 1 1)              84.304
12263      (1 0 1 2 1 1 1)              84.300
12264      (1 0 0 0 0 2 1)              84.298
12265      (1 0 1 2 1 2 1)              84.295
12266      (1 0 1 2 1 1 1)              84.291
12267      (1 0 1 2 1 1 1)              84.289
12268      (0 0 4 2 2 2 1)              84.286
12269      (1 0 1 2 1 2 1)              84.284
12270      (1 0 2 3 1 1 1)              84.282
12271      (1 0 1 2 1 1 1)              84.280
12272      (1 0 1 2 1 1 1)              84.278
12273      (1 0 1 2 1 2 1)              84.277
12274      (1 0 1 2 1 2 1)              84.274
12275      (1 0 3 1 2 1 2)              84.272
12276      (1 0 3 1 2 1 2)              84.270
12277      (1 0 1 2 0 0 1)              84.268
12278      (1 0 2 3 1 0 1)              84.265
12279      (0 0 4 2 2 2 1)              84.263
12280      (0 0 4 2 2 2 1)              84.259
12281      (1 0 2 3 1 2 1)              84.258
12282      (1 0 1 2 0 0 1)              84.255
12283      (1 0 1 2 1 2 1)              84.254
12284      (1 0 1 2 1 1 1)              84.250
12285      (0 0 4 2 2 2 1)              84.248
12286      (1 0 2 3 1 0 1)              84.245
12287      (1 0 1 2 1 1 1)              84.241
12288      (1 0 1 2 2 2 1)              84.240
12289      (1 0 3 1 2 1 2)              84.235
12290      (0 0 1 2 1 1 1)              84.232
12291      (1 0 2 3 2 2 1)              84.232
12292      (0 0 0 0 1 1 1)              84.230
12293      (0 0 1 2 1 1 0)              84.224
12294      (0 0 1 2 1 2 1)              84.220
12295      (0 0 4 2 2 2 1)              84.216
12296      (1 0 1 2 1 2 1)              84.213
12297      (0 0 1 2 1 1 1)              84.208
12298      (0 0 1 2 0 0 1)              84.205
12299      (0 0 4 2 2 2 1)              84.202
12300      (0 0 4 5 2 1 1)              84.198
12301      (1 0 1 2 2 2 1)              84.197
12302      (1 0 1 2 1 1 1)              84.195
12303      (0 0 4 3 1 1 1)              84.194
12304      (0 0 4 3 2 1 1)              84.189
12305      (1 0 3 1 2 1 2)              84.186
12306      (1 0 3 1 2 1 2)              84.183
12307      (1 0 1 2 0 0 0)              84.179
12308      (1 0 3 1 2 1 2)              84.176
12309      (1 0 2 3 1 1 1)              84.174
12310      (1 0 1 2 0 0 1)              84.170
12311      (1 0 3 1 2 1 2)              84.169
12312      (1 0 2 3 2 1 2)              84.166
12313      (1 0 3 1 2 1 2)              84.164
12314      (0 0 4 2 2 2 1)              84.162
12315      (1 0 2 3 1 0 1)              84.159
12316      (1 0 1 2 1 1 1)              84.156
12317      (1 0 2 3 2 1 1)              84.153
12318      (0 0 4 6 0 0 1)              84.150
12319      (1 0 2 3 1 0 1)              84.149
12320      (1 0 1 2 1 1 1)              84.145
12321      (0 0 4 6 1 2 1)              84.144
12322      (1 0 1 2 1 2 1)              84.143
12323      (0 0 4 5 2 1 1)              84.140
12324      (1 0 1 2 1 1 1)              84.137
12325      (0 0 4 2 2 2 1)              84.135
12326      (1 0 1 2 1 1 1)              84.133
12327      (1 0 1 2 0 0 0)              84.130
12328      (0 0 4 2 2 2 1)              84.127
12329      (1 0 1 2 1 0 1)              84.125
12330      (1 0 1 2 1 2 1)              84.123
12331      (1 0 1 2 1 2 1)              84.120
12332      (1 0 1 2 1 1 1)              84.117
12333      (1 0 4 5 2 2 2)              84.116
12334      (1 0 1 2 1 2 1)              84.114
12335      (1 0 1 2 1 2 1)              84.110
12336      (1 0 0 0 1 1 1)              84.108
12337      (1 0 4 5 2 2 2)              84.106
12338      (1 0 1 2 1 1 1)              84.104
12339      (1 0 3 1 2 1 2)              84.101
12340      (1 0 0 0 1 2 1)              84.100
12341      (1 0 3 1 2 1 2)              84.098
12342      (0 0 1 2 2 2 1)              84.094
12343      (0 0 4 2 2 2 1)              84.092
12344      (0 0 4 2 2 2 1)              84.090
12345      (1 0 1 2 0 0 1)              84.088
12346      (1 0 1 2 1 1 1)              84.086
12347      (0 1 4 6 2 2 2)              84.082
12348      (0 0 4 5 2 1 1)              84.080
12349      (1 0 1 2 1 1 1)              84.077
12350      (1 0 1 2 1 1 1)              84.075
12351      (1 0 1 2 0 0 1)              84.071
12352      (0 0 0 4 0 1 0)              84.068
12353      (1 0 1 2 1 2 1)              84.066
12354      (1 0 1 2 1 1 1)              84.061
12355      (1 0 1 2 1 2 1)              84.059
12356      (1 0 1 2 0 0 1)              84.056
12357      (1 0 2 3 1 2 1)              84.055
12358      (0 0 4 3 2 1 1)              84.050
12359      (1 0 2 3 2 1 2)              84.047
12360      (0 0 4 5 2 1 1)              84.042
12361      (1 0 2 3 1 1 1)              84.040
12362      (1 0 1 2 1 2 1)              84.038
12363      (1 0 3 1 1 1 1)              84.036
12364      (1 0 1 2 1 1 1)              84.034
12365      (0 0 1 2 1 1 1)              84.029
12366      (1 0 1 2 1 2 1)              84.028
12367      (0 0 4 2 2 2 1)              84.026
12368      (1 0 2 3 1 1 1)              84.024
12369      (0 1 4 6 0 0 1)              84.019
12370      (0 0 4 6 0 0 1)              84.016
12371      (1 0 2 3 2 1 1)              84.014
12372      (1 0 0 0 1 2 0)              84.013
12373      (1 0 1 2 1 1 1)              84.011
12374      (0 0 4 2 2 2 1)              84.008
12375      (1 0 1 2 1 1 1)              84.005
12376      (0 0 4 2 2 2 1)              84.003
12377      (1 0 1 2 1 1 1)              84.000
12378      (0 0 4 3 2 1 1)              83.994
12379      (1 0 4 5 2 2 2)              83.993
12380      (1 0 2 3 2 1 2)              83.990
12381      (0 0 2 3 1 2 1)              83.990
12382      (1 0 3 1 2 1 2)              83.988
12383      (1 0 1 2 1 1 1)              83.985
12384      (1 0 1 2 1 1 1)              83.982
12385      (1 0 2 3 1 2 0)              83.979
12386      (0 0 0 4 2 2 1)              83.978
12387      (1 0 1 2 1 1 1)              83.973
12388      (1 0 2 3 1 2 0)              83.971
12389      (1 0 1 2 1 2 1)              83.970
12390      (0 0 4 2 2 2 1)              83.968
12391      (1 0 1 2 1 2 1)              83.966
12392      (1 0 2 3 1 1 1)              83.964
12393      (1 0 3 1 2 1 2)              83.961
12394      (1 0 2 3 1 0 1)              83.959
12395      (0 0 4 2 2 2 1)              83.957
12396      (0 0 1 2 1 1 1)              83.954
12397      (1 0 2 3 1 0 1)              83.953
12398      (1 0 2 3 2 1 2)              83.949
12399      (0 0 1 2 1 1 1)              83.945
12400      (1 0 2 3 1 0 1)              83.943
12401      (1 0 1 2 1 1 1)              83.941
12402      (1 0 1 2 1 2 1)              83.938
12403      (1 0 3 1 2 1 2)              83.935
12404      (1 0 2 3 1 0 1)              83.933
12405      (1 0 1 2 1 2 1)              83.932
12406      (0 0 4 2 2 2 1)              83.929
12407      (1 0 0 0 0 0 1)              83.928
12408      (1 0 3 1 2 1 2)              83.925
12409      (1 0 2 3 1 0 1)              83.923
12410      (1 0 3 1 2 1 2)              83.920
12411      (0 0 4 6 1 2 1)              83.918
12412      (0 0 4 3 2 1 1)              83.913
12413      (0 0 4 2 2 2 1)              83.911
12414      (0 0 4 5 2 1 1)              83.908
12415      (1 0 1 2 1 2 1)              83.907
12416      (1 0 1 2 1 1 1)              83.905
12417      (1 0 2 3 1 0 1)              83.902
12418      (1 0 0 0 1 0 1)              83.903
12419      (1 0 1 2 2 2 1)              83.902
12420      (1 0 1 2 0 0 1)              83.898
12421      (0 0 4 2 2 2 1)              83.894
12422      (1 0 1 2 1 2 1)              83.893
12423      (1 0 0 0 0 1 1)              83.891
12424      (0 0 1 2 1 1 1)              83.887
12425      (1 0 1 2 1 2 1)              83.885
12426      (1 0 3 1 2 1 2)              83.882
12427      (0 0 4 2 2 2 1)              83.880
12428      (0 0 4 5 2 1 1)              83.876
12429      (1 0 1 2 1 2 1)              83.875
12430      (0 0 4 2 2 2 1)              83.872
12431      (1 0 1 2 0 0 1)              83.869
12432      (1 0 1 2 2 2 1)              83.868
12433      (1 0 1 2 0 0 0)              83.865
12434      (1 0 3 1 2 1 2)              83.861
12435      (1 0 2 3 2 1 1)              83.858
12436      (1 0 1 2 1 2 1)              83.857
12437      (1 0 1 2 1 1 1)              83.855
12438      (0 0 1 2 1 1 1)              83.851
12439      (0 0 4 3 1 1 1)              83.847
12440      (0 0 4 6 2 2 1)              83.845
12441      (1 0 1 2 1 1 1)              83.843
12442      (1 0 1 2 1 1 1)              83.838
12443      (1 0 1 2 1 1 1)              83.835
12444      (1 0 1 2 0 0 1)              83.833
12445      (1 0 1 2 0 0 1)              83.830
12446      (1 0 1 2 1 1 1)              83.827
12447      (1 0 1 2 1 2 1)              83.823
12448      (1 0 3 1 2 1 2)              83.821
12449      (1 0 1 2 1 1 1)              83.819
12450      (0 0 4 6 0 0 1)              83.816
12451      (1 0 2 3 1 2 1)              83.814
12452      (1 0 1 2 1 2 1)              83.813
12453      (1 0 1 2 1 1 1)              83.811
12454      (0 0 4 2 2 2 1)              83.809
12455      (1 0 1 2 1 1 1)              83.807
12456      (0 0 4 2 2 2 1)              83.805
12457      (1 0 1 2 0 0 1)              83.801
12458      (1 0 1 2 1 1 1)              83.799
12459      (1 0 2 3 0 0 0)              83.798
12460      (1 0 1 2 1 1 1)              83.795
12461      (0 0 4 2 2 2 1)              83.793
12462      (0 0 4 5 2 1 1)              83.790
12463      (1 0 1 2 1 1 1)              83.787
12464      (1 0 0 0 1 1 1)              83.785
12465      (1 0 1 2 0 0 0)              83.782
12466      (1 0 1 2 1 2 1)              83.781
12467      (0 0 2 3 1 2 1)              83.779
12468      (1 0 1 2 1 1 1)              83.778
12469      (1 0 1 2 1 1 1)              83.776
12470      (0 0 4 2 2 2 1)              83.775
12471      (1 0 1 2 0 0 0)              83.772
12472      (1 0 1 2 1 2 1)              83.768
12473      (1 0 1 2 1 2 1)              83.766
12474      (1 0 2 3 1 0 1)              83.765
12475      (1 0 3 1 2 1 2)              83.762
12476      (1 0 1 2 1 1 1)              83.760
12477      (1 0 2 3 1 0 1)              83.759
12478      (0 0 4 2 2 2 1)              83.755
12479      (1 0 2 3 1 1 1)              83.752
12480      (0 0 2 3 1 2 1)              83.749
12481      (1 0 1 2 1 2 1)              83.748
12482      (1 0 1 2 0 0 1)              83.745
12483      (0 0 4 2 2 2 1)              83.741
12484      (1 0 3 1 2 1 2)              83.739
12485      (1 0 1 2 1 1 1)              83.738
12486      (0 0 4 2 2 2 1)              83.736
12487      (0 0 1 2 1 1 1)              83.733
12488      (1 0 1 2 0 0 0)              83.728
12489      (1 0 1 2 1 2 1)              83.725
12490      (1 0 1 2 1 1 1)              83.722
12491      (1 0 2 3 0 0 0)              83.721
12492      (1 0 1 2 1 2 1)              83.719
12493      (1 0 2 3 1 1 1)              83.715
12494      (1 0 3 1 2 1 2)              83.711
12495      (0 0 2 3 1 2 1)              83.711
12496      (1 0 2 3 1 2 0)              83.709
12497      (1 0 1 2 1 2 1)              83.708
12498      (0 0 4 2 2 2 1)              83.706
12499      (1 0 1 2 1 1 1)              83.704
12500      (1 0 0 0 2 2 1)              83.704
12501      (0 0 2 3 1 2 1)              83.701
12502      (1 0 1 2 1 1 1)              83.698
12503      (1 0 1 2 1 2 1)              83.698
12504      (0 0 4 5 2 1 1)              83.693
12505      (1 0 1 2 1 1 1)              83.689
12506      (1 0 1 2 1 2 1)              83.688
12507      (0 0 4 6 0 0 1)              83.686
12508      (1 0 2 3 2 1 1)              83.683
12509      (1 0 0 0 2 2 1)              83.684
12510      (1 0 1 2 0 0 0)              83.680
12511      (0 1 0 0 2 2 1)              83.678
12512      (0 0 4 2 2 2 1)              83.677
12513      (1 0 2 3 1 2 1)              83.676
12514      (0 0 2 3 1 1 1)              83.673
12515      (0 0 4 2 2 2 1)              83.671
12516      (1 0 1 2 1 2 1)              83.668
12517      (0 0 4 2 2 2 1)              83.665
12518      (1 0 0 0 2 2 1)              83.666
12519      (1 0 1 2 1 1 1)              83.662
12520      (1 0 2 3 1 0 1)              83.660
12521      (1 0 3 1 2 1 2)              83.656
12522      (1 0 1 2 1 1 1)              83.655
12523      (1 0 0 0 2 2 1)              83.655
12524      (1 0 1 2 1 1 1)              83.653
12525      (1 0 2 3 1 2 1)              83.650
12526      (1 0 1 2 1 1 1)              83.646
12527      (1 0 1 2 1 1 1)              83.644
12528      (1 0 1 2 0 0 1)              83.642
12529      (0 0 1 2 0 0 1)              83.638
12530      (1 0 2 3 2 1 2)              83.634
12531      (1 0 1 2 1 1 1)              83.631
12532      (1 0 1 2 0 0 1)              83.629
12533      (1 0 1 2 1 1 1)              83.627
12534      (1 0 2 3 1 2 1)              83.624
12535      (1 0 1 2 1 2 1)              83.619
12536      (0 0 4 2 1 2 1)              83.617
12537      (1 0 3 1 2 1 2)              83.613
12538      (1 0 1 2 1 1 1)              83.611
12539      (1 0 2 3 2 1 2)              83.607
12540      (1 0 1 2 1 1 1)              83.604
12541      (0 0 4 2 2 2 1)              83.602
12542      (0 0 4 2 2 2 1)              83.600
12543      (1 0 1 2 1 2 1)              83.599
12544      (1 0 1 2 1 1 1)              83.596
12545      (0 0 4 2 2 2 1)              83.594
12546      (1 0 1 2 1 1 1)              83.593
12547      (0 0 4 5 2 1 1)              83.589
12548      (1 0 1 2 1 2 1)              83.588
12549      (1 0 3 1 2 1 2)              83.584
12550      (1 0 1 2 0 0 1)              83.581
12551      (1 0 1 2 0 0 1)              83.578
12552      (0 0 4 2 2 2 1)              83.577
12553      (1 0 2 3 1 0 1)              83.574
12554      (1 0 1 2 1 1 1)              83.572
12555      (0 0 4 2 2 2 1)              83.570
12556      (1 0 4 5 2 2 2)              83.569
12557      (1 0 3 1 2 1 2)              83.567
12558      (1 0 2 3 1 2 1)              83.566
12559      (0 0 4 6 1 2 1)              83.564
12560      (1 0 1 2 1 1 1)              83.560
12561      (1 0 2 3 1 0 1)              83.558
12562      (0 1 4 6 0 0 1)              83.554
12563      (1 0 0 0 1 0 1)              83.555
12564      (1 0 1 2 1 1 1)              83.554
12565      (1 0 1 2 1 2 1)              83.549
12566      (1 0 3 1 2 1 2)              83.547
12567      (0 0 4 6 1 2 1)              83.544
12568      (0 0 4 6 1 2 1)              83.539
12569      (0 0 4 2 2 2 1)              83.537
12570      (0 0 4 6 1 2 1)              83.536
12571      (1 0 2 3 1 0 1)              83.538
12572      (1 0 1 2 1 2 1)              83.537
12573      (1 0 1 2 1 1 1)              83.535
12574      (1 0 4 5 2 2 2)              83.534
12575      (1 0 1 2 1 1 1)              83.532
12576      (0 0 4 3 2 1 1)              83.526
12577      (1 0 3 1 2 1 2)              83.522
12578      (1 0 1 2 1 2 1)              83.521
12579      (0 0 1 2 0 0 1)              83.517
12580      (0 0 4 2 2 2 1)              83.515
12581      (1 0 1 2 1 1 1)              83.511
12582      (0 0 4 2 2 2 1)              83.509
12583      (0 0 4 2 2 2 1)              83.507
12584      (1 0 1 2 1 1 1)              83.504
12585      (1 0 0 0 1 0 1)              83.504
12586      (0 0 4 3 2 1 1)              83.498
12587      (1 0 2 3 1 0 1)              83.496
12588      (0 0 4 6 1 2 1)              83.495
12589      (1 0 1 2 1 1 1)              83.494
12590      (0 0 1 2 1 1 1)              83.491
12591      (0 0 0 4 1 2 1)              83.490
12592      (1 0 0 0 2 2 1)              83.486
12593      (1 0 3 1 2 1 2)              83.484
12594      (1 0 1 2 0 0 1)              83.481
12595      (0 0 4 2 2 2 1)              83.479
12596      (1 0 3 1 2 1 2)              83.477
12597      (1 0 3 1 2 1 2)              83.474
12598      (0 0 4 2 2 2 1)              83.472
12599      (1 0 1 2 1 1 1)              83.470
12600      (1 0 1 2 1 1 1)              83.467
12601      (0 0 1 2 1 1 1)              83.462
12602      (0 0 4 2 2 2 1)              83.460
12603      (1 0 2 3 1 0 1)              83.458
12604      (1 0 2 3 2 1 2)              83.455
12605      (1 0 1 2 1 2 1)              83.454
12606      (1 0 2 3 1 2 1)              83.455
12607      (0 0 4 2 2 2 1)              83.453
12608      (0 0 4 2 2 2 1)              83.450
12609      (1 0 1 2 1 1 1)              83.448
12610      (1 0 1 2 1 1 1)              83.445
12611      (1 0 1 2 1 2 1)              83.444
12612      (1 0 1 2 1 1 1)              83.442
12613      (0 0 4 6 0 0 1)              83.437
12614      (1 0 1 2 1 1 1)              83.433
12615      (0 0 4 2 2 2 1)              83.431
12616      (1 0 1 2 1 1 1)              83.429
12617      (1 0 1 2 1 2 1)              83.428
12618      (1 0 3 1 2 1 2)              83.426
12619      (1 0 1 2 1 1 1)              83.425
12620      (0 0 4 2 2 2 1)              83.423
12621      (0 0 1 2 0 0 1)              83.418
12622      (0 1 0 4 2 2 1)              83.417
12623      (0 0 4 6 1 2 1)              83.415
12624      (0 0 4 2 2 2 1)              83.413
12625      (1 0 2 3 2 1 2)              83.410
12626      (1 0 1 2 1 2 1)              83.408
12627      (0 0 4 2 2 2 1)              83.406
12628      (1 0 1 2 0 0 1)              83.402
12629      (0 0 4 5 2 1 1)              83.400
12630      (1 0 1 2 1 1 1)              83.398
12631      (1 0 2 3 2 1 2)              83.395
12632      (0 0 1 2 1 1 1)              83.391
12633      (1 0 1 2 1 1 1)              83.389
12634      (0 0 1 2 0 0 1)              83.384
12635      (0 0 4 3 2 1 1)              83.381
12636      (1 0 1 2 1 1 1)              83.379
12637      (0 0 0 4 0 1 0)              83.374
12638      (1 0 1 2 1 1 1)              83.371
12639      (0 0 4 6 0 0 1)              83.368
12640      (0 0 1 2 1 1 1)              83.363
12641      (1 0 1 2 1 1 1)              83.361
12642      (1 0 3 1 2 1 2)              83.359
12643      (1 0 1 2 1 1 1)              83.357
12644      (1 0 2 3 0 0 0)              83.353
12645      (1 0 3 1 2 1 2)              83.351
12646      (0 0 4 2 2 2 1)              83.348
12647      (1 0 2 3 1 2 0)              83.346
12648      (1 0 2 3 1 2 1)              83.345
12649      (1 0 2 3 2 1 2)              83.345
12650      (1 0 1 2 1 1 1)              83.344
12651      (0 0 1 2 1 1 1)              83.340
12652      (1 0 2 3 1 0 1)              83.338
12653      (0 0 4 2 2 2 1)              83.335
12654      (1 0 2 3 1 2 0)              83.331
12655      (0 0 0 4 0 1 0)              83.326
12656      (1 0 3 1 2 1 2)              83.324
12657      (0 0 4 2 2 2 1)              83.320
12658      (1 0 2 3 0 0 0)              83.319
12659      (1 0 1 2 1 2 1)              83.318
12660      (1 0 3 1 2 1 2)              83.313
12661      (1 0 1 2 1 2 1)              83.312
12662      (1 0 1 2 1 2 1)              83.311
12663      (1 0 3 1 2 1 2)              83.307
12664      (0 0 4 2 2 2 1)              83.306
12665      (1 0 1 2 1 1 1)              83.304
12666      (1 0 2 3 1 0 1)              83.302
12667      (0 0 4 2 2 2 1)              83.300
12668      (1 0 1 2 0 0 1)              83.297
12669      (0 0 4 2 2 2 1)              83.295
12670      (0 0 4 2 2 2 1)              83.293
12671      (0 0 4 3 2 1 1)              83.289
12672      (1 0 1 2 1 1 1)              83.287
12673      (1 0 2 3 1 1 1)              83.284
12674      (1 0 1 2 1 2 1)              83.283
12675      (0 0 1 2 1 1 1)              83.280
12676      (1 0 3 1 2 1 2)              83.278
12677      (0 0 4 2 2 2 1)              83.275
12678      (0 0 4 2 2 2 1)              83.273
12679      (0 0 0 4 0 1 0)              83.267
12680      (0 0 4 2 2 2 1)              83.265
12681      (1 0 4 5 2 2 2)              83.264
12682      (0 0 4 2 2 2 1)              83.262
12683      (1 0 1 2 1 2 1)              83.261
12684      (1 0 3 1 2 1 2)              83.257
12685      (0 0 4 2 1 2 1)              83.255
12686      (0 0 4 2 2 2 1)              83.253
12687      (1 0 3 1 2 1 2)              83.249
12688      (1 0 1 2 1 2 1)              83.248
12689      (0 0 4 2 2 2 1)              83.246
12690      (1 0 3 1 2 1 2)              83.241
12691      (1 0 3 1 2 1 2)              83.239
12692      (0 0 4 2 2 2 1)              83.237
12693      (1 0 1 2 1 1 1)              83.235
12694      (1 0 2 3 1 1 1)              83.232
12695      (1 0 1 2 1 1 1)              83.229
12696      (1 0 1 2 0 0 1)              83.226
12697      (1 0 2 3 0 0 0)              83.225
12698      (0 0 1 2 2 2 1)              83.220
12699      (1 0 1 2 1 1 1)              83.218
12700      (0 1 0 0 2 2 1)              83.216
12701      (1 0 1 2 1 1 1)              83.214
12702      (1 0 0 0 2 2 1)              83.213
12703      (0 0 4 2 2 2 1)              83.211
12704      (1 0 2 3 1 0 1)              83.212
12705      (1 0 1 2 1 2 1)              83.211
12706      (1 0 1 2 1 1 1)              83.209
12707      (1 0 2 3 1 0 1)              83.211
12708      (1 0 1 2 1 2 1)              83.208
12709      (1 0 1 2 1 1 1)              83.207
12710      (1 0 1 2 1 2 1)              83.202
12711      (0 0 4 6 0 0 1)              83.199
12712      (1 0 3 1 2 1 2)              83.195
12713      (1 0 1 2 1 0 1)              83.193
12714      (1 0 3 1 2 1 2)              83.189
12715      (1 0 1 2 1 1 1)              83.186
12716      (1 0 3 1 2 1 2)              83.184
12717      (1 0 4 5 2 2 2)              83.183
12718      (1 0 1 2 1 1 1)              83.180
12719      (1 0 3 1 2 1 2)              83.178
12720      (0 0 4 2 2 2 1)              83.176
12721      (1 0 2 3 1 0 1)              83.174
12722      (0 0 4 2 2 2 1)              83.173
12723      (0 0 4 5 2 1 1)              83.171
12724      (1 0 1 2 2 2 1)              83.170
12725      (1 0 2 3 2 1 2)              83.167
12726      (1 0 4 5 2 2 2)              83.166
12727      (1 0 1 2 1 1 1)              83.165
12728      (1 0 1 2 1 2 1)              83.162
12729      (1 0 2 3 1 0 1)              83.160
12730      (1 0 2 3 2 1 2)              83.156
12731      (0 0 4 6 0 0 1)              83.153
12732      (1 0 1 2 1 1 1)              83.148
12733      (1 0 3 1 2 1 2)              83.146
12734      (0 0 4 3 2 1 1)              83.143
12735      (1 0 1 2 1 1 1)              83.140
12736      (1 0 1 2 1 2 1)              83.139
12737      (1 0 1 2 1 2 1)              83.136
12738      (1 0 1 2 1 2 1)              83.135
12739      (1 0 2 3 1 2 0)              83.133
12740      (0 0 4 6 1 2 1)              83.129
12741      (0 0 4 6 2 2 1)              83.126
12743      (1 0 3 1 2 1 2)              83.124
12744      (1 0 1 2 1 2 1)              83.122
12745      (0 0 0 4 1 2 0)              83.119
12746      (0 0 4 2 2 2 1)              83.117
12747      (0 0 4 2 2 2 1)              83.115
12748      (1 0 2 3 1 0 1)              83.113
12749      (1 0 1 2 1 1 1)              83.111
12750      (1 0 3 1 2 1 2)              83.109
12751      (0 0 4 5 2 1 1)              83.105
12752      (1 0 2 3 1 2 1)              83.104
12753      (1 0 1 2 1 1 1)              83.101
12754      (1 0 3 1 2 1 2)              83.099
12755      (0 0 4 6 2 1 1)              83.095
12756      (1 0 1 2 0 0 1)              83.092
12757      (1 0 1 2 0 0 1)              83.090
12758      (1 0 1 2 1 2 1)              83.089
12759      (0 0 4 2 2 2 1)              83.088
12760      (0 0 4 5 2 1 1)              83.084
12761      (1 0 2 3 2 1 2)              83.081
12762      (1 0 2 3 1 0 1)              83.079
12763      (1 0 1 2 1 1 1)              83.076
12764      (1 0 3 1 2 1 2)              83.073
12765      (1 0 0 0 1 2 0)              83.072
12766      (1 0 3 1 2 1 2)              83.070
12767      (1 0 1 2 1 1 1)              83.068
12768      (0 0 4 2 2 2 1)              83.066
12769      (1 0 3 1 2 1 2)              83.062
12770      (0 0 4 2 2 2 1)              83.060
12771      (1 0 1 2 1 1 1)              83.058
12772      (0 0 4 2 2 2 1)              83.056
12773      (1 0 1 2 1 2 1)              83.052
12774      (1 0 3 1 2 1 2)              83.050
12775      (1 0 1 2 1 1 1)              83.048
12776      (0 0 1 2 0 0 1)              83.044
12777      (1 0 1 2 1 2 1)              83.043
12778      (1 0 1 2 0 0 1)              83.040
12779      (1 0 1 2 0 0 0)              83.035
12780      (1 0 3 1 2 1 2)              83.031
12781      (0 0 4 6 1 2 1)              83.027
12782      (0 1 0 0 2 2 1)              83.025
12783      (1 0 1 2 1 2 1)              83.022
12784      (1 0 1 2 1 2 1)              83.021
12785      (0 0 4 3 2 1 1)              83.017
12786      (0 0 4 3 2 1 1)              83.012
12787      (1 0 1 2 1 2 1)              83.008
12788      (1 0 1 2 0 0 1)              83.005
12789      (1 0 2 3 2 1 2)              83.002
12790      (1 0 1 2 1 1 1)              82.999
12791      (1 0 1 2 1 1 1)              82.997
12792      (1 0 0 0 2 2 1)              82.997
12793      (1 0 1 2 1 2 1)              82.995
12794      (0 0 1 2 2 1 2)              82.990
12795      (1 0 3 1 2 1 2)              82.988
12796      (1 0 1 2 1 2 1)              82.988
12797      (1 0 3 1 2 1 2)              82.983
12798      (0 0 4 2 2 2 1)              82.982
12799      (1 0 1 2 1 1 1)              82.980
12800      (0 0 4 6 0 0 1)              82.977
12801      (0 0 1 2 1 1 1)              82.973
12802      (1 0 1 2 1 2 1)              82.972
12803      (0 0 4 2 2 2 1)              82.970
12804      (1 0 1 2 1 1 1)              82.966
12805      (0 0 1 2 1 1 1)              82.960
12806      (0 0 4 2 2 2 1)              82.958
12807      (1 0 1 2 1 2 1)              82.956
12808      (1 0 3 1 2 1 2)              82.954
12809      (1 0 1 2 1 1 1)              82.951
12810      (1 0 4 5 2 2 2)              82.950
12811      (1 0 3 1 2 1 2)              82.948
12812      (1 0 1 2 0 0 1)              82.946
12813      (1 0 1 2 0 0 1)              82.944
12814      (1 0 1 2 1 1 1)              82.941
12815      (0 0 4 2 2 2 1)              82.938
12816      (0 0 4 6 0 0 1)              82.934
12817      (0 0 1 2 1 1 1)              82.928
12818      (1 0 0 0 1 2 1)              82.927
12819      (0 0 4 6 1 1 1)              82.924
12820      (0 0 4 5 2 1 1)              82.920
12821      (1 0 1 2 1 2 1)              82.919
12822      (0 0 4 5 2 1 1)              82.916
12823      (0 0 4 2 2 2 1)              82.914
12824      (1 0 1 2 2 2 1)              82.913
12825      (0 0 4 2 2 2 1)              82.911
12826      (0 0 4 2 2 2 1)              82.909
12827      (0 0 4 2 2 2 1)              82.906
12828      (0 0 4 2 2 2 1)              82.904
12829      (1 0 1 2 1 1 1)              82.902
12830      (1 0 3 1 2 1 2)              82.900
12831      (1 0 1 2 1 1 1)              82.897
12832      (1 0 2 3 1 2 0)              82.895
12833      (1 0 2 3 1 1 1)              82.892
12834      (0 0 4 3 2 1 1)              82.886
12835      (1 0 3 1 2 1 2)              82.884
12836      (1 0 2 3 1 2 0)              82.881
12837      (0 0 2 3 1 2 1)              82.878
12838      (0 0 4 2 2 2 1)              82.876
12839      (1 0 1 2 1 2 1)              82.874
12840      (1 0 1 2 1 2 1)              82.873
12841      (0 0 4 2 2 2 1)              82.871
12842      (0 0 4 2 2 2 1)              82.869
12843      (1 0 1 2 1 2 1)              82.868
12844      (1 0 3 1 2 1 2)              82.867
12845      (0 0 4 6 1 1 1)              82.864
12846      (1 0 2 3 1 0 1)              82.862
12847      (1 0 3 1 2 1 2)              82.860
12848      (1 0 0 0 1 2 0)              82.859
12849      (0 0 4 3 2 1 1)              82.854
12850      (0 0 4 3 1 1 1)              82.850
12851      (1 0 1 2 1 2 1)              82.848
12852      (1 0 3 1 2 1 2)              82.846
12853      (1 0 1 2 1 1 1)              82.842
12854      (0 0 4 2 2 2 1)              82.840
12855      (0 0 4 2 2 2 1)              82.838
12856      (1 0 2 3 1 0 1)              82.836
12857      (0 0 4 2 2 2 1)              82.834
12858      (1 0 1 2 1 2 1)              82.833
12859      (0 0 4 2 2 2 1)              82.831
12860      (0 0 0 0 1 1 1)              82.829
12861      (1 0 2 3 1 0 1)              82.827
12862      (1 0 3 1 2 1 2)              82.824
12863      (1 0 2 3 2 1 2)              82.819
12864      (0 0 4 6 1 2 1)              82.820
12865      (0 0 4 2 2 2 1)              82.819
12866      (1 0 2 3 1 2 1)              82.820
12867      (1 0 1 2 0 0 0)              82.817
12868      (1 0 2 3 1 0 1)              82.818
12869      (1 0 1 2 1 1 1)              82.815
12870      (1 0 1 2 1 2 1)              82.814
12871      (1 0 1 2 1 1 1)              82.812
12872      (1 0 2 3 2 2 1)              82.812
12873      (1 0 1 2 1 1 1)              82.810
12874      (1 0 2 3 2 1 1)              82.807
12875      (1 0 1 2 1 2 1)              82.806
12876      (0 0 4 3 2 1 1)              82.801
12877      (1 0 1 2 2 2 1)              82.800
12878      (1 0 1 2 1 1 1)              82.797
12879      (1 0 1 2 1 2 1)              82.794
12880      (0 0 1 2 1 1 1)              82.791
12881      (0 0 1 2 0 0 1)              82.787
12882      (0 0 4 3 2 1 1)              82.782
12883      (1 0 1 2 1 2 1)              82.782
12884      (1 0 2 3 1 1 1)              82.780
12885      (0 0 4 3 2 1 1)              82.774
12886      (1 0 3 1 2 1 2)              82.772
12887      (1 0 1 2 1 1 1)              82.769
12888      (1 0 3 1 2 1 2)              82.765
12889      (1 0 1 2 1 2 1)              82.761
12890      (1 0 2 3 1 0 1)              82.762
12891      (1 0 1 2 1 1 1)              82.760
12892      (1 0 3 1 2 1 2)              82.756
12893      (1 0 1 2 0 0 0)              82.753
12894      (1 0 1 2 1 2 1)              82.752
12895      (1 0 3 1 2 1 2)              82.750
12896      (1 0 1 2 1 2 1)              82.749
12897      (1 0 1 2 1 2 1)              82.747
12898      (1 0 2 3 1 0 1)              82.746
12899      (1 0 1 2 0 0 1)              82.743
12900      (1 0 1 2 1 2 1)              82.741
12901      (0 0 1 2 0 0 1)              82.738
12902      (0 0 2 3 1 2 1)              82.735
12903      (1 0 1 2 1 1 1)              82.731
12904      (0 0 1 2 1 1 1)              82.728
12905      (1 0 1 2 1 2 1)              82.727
12906      (1 0 2 3 0 0 0)              82.726
12907      (0 0 1 2 1 1 0)              82.721
12908      (1 0 1 2 1 1 1)              82.717
12909      (1 0 3 1 2 1 2)              82.715
12910      (0 0 1 2 1 1 1)              82.712
12911      (0 0 4 2 2 2 1)              82.710
12912      (0 0 1 2 2 2 1)              82.707
12913      (1 0 1 2 1 1 1)              82.706
12914      (1 0 1 2 1 1 1)              82.704
12915      (1 0 1 2 1 2 1)              82.704
12916      (0 0 4 2 2 2 1)              82.702
12917      (1 0 1 2 0 0 1)              82.700
12918      (1 0 2 3 2 1 2)              82.697
12919      (1 0 3 1 2 1 2)              82.695
12920      (0 0 4 2 2 2 1)              82.693
12921      (0 0 4 2 2 2 1)              82.691
12922      (0 0 4 2 1 2 1)              82.689
12923      (1 0 2 3 1 0 1)              82.687
12924      (1 0 1 2 1 0 1)              82.685
12925      (0 0 4 2 2 2 1)              82.683
12926      (1 0 1 2 1 1 1)              82.680
12927      (1 0 1 2 1 1 1)              82.679
12928      (1 0 1 2 1 1 1)              82.677
12929      (0 0 4 2 2 2 1)              82.675
12930      (1 0 2 3 1 0 1)              82.673
12931      (1 0 1 2 1 1 1)              82.671
12932      (1 0 2 3 1 0 1)              82.670
12933      (0 0 4 2 2 2 1)              82.668
12934      (1 0 3 1 2 1 2)              82.666
12935      (0 0 4 2 2 2 1)              82.664
12936      (1 0 1 2 1 1 1)              82.661
12937      (0 0 4 2 2 2 1)              82.660
12938      (1 0 1 2 1 1 1)              82.657
12939      (0 0 4 2 2 2 1)              82.656
12940      (1 0 0 0 1 2 1)              82.655
12941      (1 0 2 3 2 1 2)              82.652
12942      (1 0 1 2 1 1 1)              82.649
12943      (1 0 4 5 2 2 2)              82.647
12944      (0 0 4 2 2 2 1)              82.646
12945      (1 0 1 2 0 0 0)              82.643
12946      (1 0 1 2 1 2 1)              82.641
12947      (1 0 2 3 2 1 2)              82.637
12948      (1 0 0 0 1 2 1)              82.635
12949      (1 0 2 3 2 1 1)              82.633
12950      (1 0 2 3 1 0 1)              82.631
12951      (1 0 2 3 1 0 1)              82.629
12952      (1 0 3 1 2 1 2)              82.626
12953      (0 0 4 6 1 2 1)              82.624
12954      (1 0 3 1 2 1 2)              82.620
12955      (1 0 2 3 1 1 1)              82.618
12956      (1 0 1 2 0 0 0)              82.614
12957      (1 0 1 2 1 2 1)              82.611
12958      (0 0 4 6 1 2 1)              82.608
12959      (0 0 4 3 2 1 1)              82.603
12960      (0 0 4 5 2 2 1)              82.601
12961      (1 0 1 2 1 2 1)              82.601
12962      (1 0 2 3 1 1 1)              82.597
12963      (0 0 0 4 1 1 1)              82.597
12964      (1 0 2 3 2 1 2)              82.594
12965      (0 0 4 2 2 2 1)              82.592
12966      (0 0 4 2 2 2 1)              82.587
12967      (1 0 1 2 1 2 1)              82.585
12968      (0 0 4 5 2 1 1)              82.583
12969      (0 0 4 6 1 2 1)              82.584
12970      (1 0 2 3 1 2 0)              82.581
12971      (1 0 1 2 0 0 1)              82.579
12972      (0 0 4 3 2 1 1)              82.573
12973      (0 0 4 6 0 0 1)              82.571
12974      (1 0 1 2 0 0 1)              82.568
12975      (1 0 1 2 0 0 0)              82.564
12976      (1 0 1 2 1 1 1)              82.562
12977      (1 0 4 5 2 2 2)              82.561
12978      (1 0 2 3 1 0 1)              82.559
12979      (0 0 1 2 0 0 1)              82.555
12980      (0 0 1 2 1 1 1)              82.552
12981      (0 0 1 2 0 0 1)              82.548
12982      (1 0 1 2 0 0 1)              82.545
12983      (1 0 1 2 1 2 1)              82.544
12984      (1 0 1 2 1 1 1)              82.541
12985      (0 0 1 2 1 1 1)              82.538
12986      (1 0 1 2 1 1 1)              82.536
12987      (0 0 4 3 2 1 1)              82.533
12988      (0 0 4 3 2 1 1)              82.529
12989      (1 0 1 2 1 1 1)              82.527
12990      (1 0 0 0 1 2 0)              82.524
12991      (0 0 4 2 2 2 1)              82.523
12992      (0 0 4 2 1 2 1)              82.521
12993      (1 0 3 1 2 1 2)              82.519
12994      (0 0 4 2 2 2 1)              82.517
12995      (0 0 1 2 1 2 1)              82.513
12996      (1 0 3 1 2 1 2)              82.512
12997      (1 0 2 3 2 1 2)              82.509
12998      (0 0 4 2 2 2 1)              82.507
12999      (1 0 3 1 2 1 2)              82.503
13000      (1 0 1 2 1 1 1)              82.502
13001      (1 0 1 2 1 1 1)              82.500
13002      (1 0 3 1 2 1 2)              82.497
13003      (1 0 3 1 2 1 2)              82.495
13004      (0 0 4 5 2 1 1)              82.491
13005      (0 0 4 2 2 2 1)              82.489
13006      (1 0 1 2 1 1 1)              82.486
13007      (1 0 0 0 1 0 1)              82.486
13008      (0 0 4 6 1 2 1)              82.484
13009      (0 0 4 6 0 0 1)              82.482
13010      (0 0 4 2 2 2 1)              82.478
13011      (1 0 1 2 1 1 1)              82.476
13012      (1 0 2 3 1 0 1)              82.474
13013      (1 0 2 3 2 1 2)              82.471
13014      (1 0 1 2 1 1 1)              82.468
13015      (1 0 2 3 1 0 1)              82.466
13016      (1 0 3 1 2 1 2)              82.463
13017      (1 0 3 1 2 1 2)              82.461
13018      (1 0 1 2 1 1 1)              82.459
13019      (1 0 3 1 2 1 2)              82.456
13020      (1 0 1 2 1 2 1)              82.454
13021      (1 0 1 2 0 0 1)              82.451
13022      (1 0 1 2 0 0 0)              82.447
13023      (1 0 3 1 2 1 2)              82.445
13024      (1 0 1 2 2 2 1)              82.444
13025      (1 0 1 2 1 1 1)              82.442
13026      (0 0 2 3 1 2 1)              82.440
13027      (1 0 1 2 1 1 1)              82.438
13028      (1 0 1 2 0 0 1)              82.436
13029      (1 0 2 3 1 2 1)              82.436
13030      (0 0 0 4 0 1 0)              82.435
13031      (1 0 4 5 2 2 2)              82.434
13032      (0 0 4 2 2 2 1)              82.431
13033      (1 0 1 2 1 1 1)              82.429
13034      (1 0 3 1 2 1 2)              82.426
13035      (1 0 3 1 2 1 2)              82.424
13036      (1 0 2 3 2 1 2)              82.421
13037      (1 0 1 2 1 2 1)              82.420
13038      (1 0 1 2 1 1 1)              82.417
13039      (1 0 1 2 1 1 1)              82.415
13040      (1 0 2 3 2 1 2)              82.412
13041      (1 0 1 2 1 2 1)              82.410
13042      (1 0 1 2 1 2 1)              82.406
13043      (1 0 2 3 0 0 0)              82.407
13044      (1 0 1 2 1 1 1)              82.403
13045      (0 0 4 5 2 1 1)              82.399
13046      (1 0 1 2 1 2 1)              82.396
13047      (0 0 4 6 0 0 1)              82.394
13048      (1 0 1 2 0 0 0)              82.391
13049      (0 0 4 6 0 0 1)              82.389
13050      (0 0 4 6 1 1 1)              82.388
13051      (1 0 1 2 1 1 1)              82.385
13052      (1 0 1 2 2 2 1)              82.384
13053      (1 0 1 2 1 2 1)              82.384
13054      (1 0 2 3 2 1 2)              82.379
13055      (1 0 2 3 1 1 1)              82.377
13056      (0 0 2 3 2 0 2)              82.373
13057      (1 0 1 2 0 0 1)              82.371
13058      (1 0 2 3 2 1 1)              82.368
13059      (1 0 0 0 2 2 1)              82.369
13060      (1 0 1 2 1 1 1)              82.364
13061      (0 0 1 2 1 1 1)              82.361
13062      (0 0 4 2 2 2 1)              82.360
13063      (1 0 1 2 1 1 1)              82.358
13064      (1 0 2 3 2 1 2)              82.358
13065      (1 0 3 1 2 1 2)              82.356
13066      (0 0 1 2 1 1 1)              82.351
13067      (0 0 1 2 0 0 1)              82.347
13068      (1 0 0 0 2 2 1)              82.347
13069      (1 0 1 2 1 1 1)              82.346
13070      (1 0 2 3 1 0 1)              82.345
13071      (0 0 4 2 2 2 1)              82.342
13072      (1 0 3 1 2 1 2)              82.340
13073      (1 0 1 2 0 0 0)              82.336
13074      (1 0 1 2 1 2 1)              82.333
13075      (1 0 2 3 1 0 1)              82.331
13076      (1 0 1 2 1 1 1)              82.329
13077      (0 0 1 2 0 0 1)              82.325
13078      (0 0 4 2 2 2 1)              82.320
13079      (1 0 0 0 0 1 1)              82.318
13080      (1 0 2 3 1 2 1)              82.316
13081      (1 0 1 2 1 2 1)              82.315
13082      (1 0 1 2 1 1 1)              82.313
13083      (1 0 1 2 1 1 1)              82.310
13084      (0 0 4 2 2 2 1)              82.309
13085      (1 0 1 2 1 2 1)              82.309
13086      (1 0 1 2 1 2 1)              82.308
13087      (1 0 3 1 2 1 2)              82.306
13088      (0 0 4 2 2 2 1)              82.303
13089      (0 0 4 2 2 2 1)              82.299
13090      (0 0 4 6 0 0 1)              82.296
13091      (1 0 3 1 2 1 2)              82.293
13092      (0 0 4 2 2 2 1)              82.291
13093      (1 0 1 2 1 2 1)              82.290
13094      (1 0 1 2 1 1 1)              82.287
13095      (1 0 3 1 2 1 2)              82.285
13096      (1 0 0 0 1 2 1)              82.284
13097      (0 0 4 2 2 2 1)              82.282
13098      (1 0 2 3 1 0 1)              82.280
13099      (1 0 2 3 1 0 1)              82.278
13100      (1 0 1 2 0 0 1)              82.275
13101      (1 0 3 1 2 1 2)              82.271
13102      (0 0 4 6 2 2 2)              82.269
13103      (1 0 1 2 1 2 1)              82.267
13104      (0 0 1 2 0 0 1)              82.264
13105      (1 0 1 2 1 2 1)              82.264
13106      (0 0 4 2 2 2 1)              82.262
13107      (1 0 1 2 1 2 1)              82.260
13108      (1 0 1 2 1 2 1)              82.258
13109      (1 0 2 3 1 2 1)              82.257
13110      (1 0 1 2 2 2 1)              82.256
13111      (1 0 1 2 1 1 1)              82.254
13112      (0 0 4 5 2 2 1)              82.252
13113      (1 0 2 3 1 2 1)              82.249
13114      (1 0 2 3 2 2 1)              82.250
13115      (1 0 2 3 1 0 1)              82.249
13116      (1 0 1 2 1 2 1)              82.248
13117      (0 0 4 3 2 1 1)              82.243
13118      (1 0 1 2 1 1 1)              82.241
13119      (1 0 1 2 1 1 1)              82.239
13120      (1 0 4 5 2 2 2)              82.238
13121      (1 0 2 3 2 1 2)              82.235
13122      (0 0 1 2 0 0 1)              82.231
13123      (0 0 1 2 0 0 1)              82.227
13124      (1 0 1 2 1 1 1)              82.225
13125      (1 0 1 2 1 1 1)              82.223
13126      (0 0 4 2 2 2 1)              82.221
13127      (0 0 4 2 2 2 1)              82.219
13128      (0 0 4 2 2 2 1)              82.217
13129      (0 0 1 2 1 2 1)              82.214
13130      (0 0 4 2 2 2 1)              82.212
13131      (0 0 4 2 2 2 1)              82.210
13132      (0 0 2 3 1 2 1)              82.206
13133      (0 0 4 2 2 2 1)              82.204
13134      (1 0 1 2 1 1 1)              82.203
13135      (1 0 1 2 1 2 1)              82.201
13136      (0 0 0 0 1 1 1)              82.199
13137      (0 0 4 2 2 2 1)              82.197
13138      (1 0 4 5 2 2 2)              82.196
13139      (1 0 4 5 2 2 2)              82.195
13140      (0 0 4 5 2 1 1)              82.192
13141      (0 0 4 2 2 2 1)              82.190
13142      (1 0 1 2 1 1 1)              82.189
13143      (0 0 4 6 1 2 1)              82.188
13144      (1 0 1 2 1 1 1)              82.186
13145      (1 0 3 1 2 1 2)              82.184
13146      (1 0 3 1 2 1 2)              82.183
13147      (0 0 1 2 1 1 1)              82.179
13148      (1 0 1 2 1 1 1)              82.178
13149      (0 0 4 2 2 2 1)              82.176
13150      (1 0 2 3 1 1 1)              82.174
13151      (0 0 4 3 2 1 1)              82.170
13152      (1 0 0 0 2 2 1)              82.169
13153      (0 0 4 2 2 2 1)              82.166
13154      (1 0 1 2 1 1 1)              82.164
13155      (1 0 1 2 1 2 1)              82.161
13156      (1 0 1 2 1 1 1)              82.159
13157      (1 0 3 1 2 1 2)              82.156
13158      (0 0 4 2 2 2 1)              82.155
13159      (1 0 2 3 1 2 0)              82.152
13160      (0 0 4 2 2 2 1)              82.146
13161      (1 0 3 1 2 1 2)              82.144
13162      (0 0 1 2 1 1 1)              82.141
13163      (0 0 4 5 2 1 1)              82.139
13164      (0 0 4 2 2 2 1)              82.137
13165      (1 0 1 2 1 0 1)              82.135
13166      (1 0 2 3 1 0 1)              82.134
13167      (1 0 1 2 0 0 0)              82.130
13168      (1 0 1 2 1 1 1)              82.128
13169      (0 0 4 2 2 2 1)              82.126
13170      (1 0 3 1 2 1 2)              82.124
13171      (0 0 1 2 1 1 1)              82.119
13172      (1 0 2 3 1 0 1)              82.118
13173      (1 0 1 2 1 1 1)              82.114
13174      (1 0 3 1 2 1 2)              82.112
13175      (0 0 1 2 0 0 1)              82.109
13176      (1 0 0 0 1 1 1)              82.107
13177      (0 0 1 2 2 1 2)              82.103
13178      (0 0 4 5 2 1 1)              82.100
13179      (1 0 3 1 2 1 2)              82.098
13180      (0 0 4 2 2 2 1)              82.095
13181      (0 0 2 3 1 2 1)              82.092
13182      (1 0 1 2 1 1 1)              82.092
13183      (0 0 4 2 2 2 1)              82.091
13184      (0 0 4 5 2 1 1)              82.089
13185      (1 0 3 1 2 1 2)              82.087
13186      (1 0 3 1 2 1 2)              82.085
13187      (1 0 1 2 1 2 1)              82.084
13188      (1 0 2 3 1 2 0)              82.082
13189      (0 0 4 2 2 2 1)              82.080
13190      (1 0 1 2 1 1 1)              82.079
13191      (1 0 1 2 1 2 1)              82.078
13192      (1 0 4 5 2 2 2)              82.077
13193      (0 0 4 2 2 2 1)              82.075
13194      (1 0 2 3 2 1 2)              82.075
13195      (1 0 1 2 1 2 1)              82.073
13196      (1 0 1 2 1 1 1)              82.072
13197      (0 0 2 3 1 2 1)              82.070
13198      (0 0 4 6 1 2 1)              82.068
13199      (1 0 1 2 1 1 1)              82.066
13200      (1 0 1 2 0 0 0)              82.063
13201      (1 0 1 2 1 2 1)              82.061
13202      (0 0 1 2 1 1 1)              82.056
13203      (1 0 3 1 2 1 2)              82.052
13204      (0 0 4 2 2 2 1)              82.051
13205      (1 0 1 2 1 2 1)              82.050
13206      (0 0 4 2 2 2 1)              82.048
13207      (1 0 3 1 2 1 2)              82.045
13208      (1 0 1 2 1 1 1)              82.043
13209      (0 0 4 2 2 2 1)              82.042
13210      (1 0 2 3 2 1 2)              82.039
13211      (1 0 2 3 1 0 1)              82.038
13212      (0 0 1 2 2 1 2)              82.034
13213      (1 0 1 2 1 1 1)              82.032
13214      (1 0 1 2 1 2 1)              82.031
13215      (1 0 1 2 1 2 1)              82.028
13216      (0 0 2 3 1 2 1)              82.028
13217      (1 0 2 3 1 0 1)              82.026
13218      (0 0 4 3 1 1 1)              82.026
13219      (0 0 4 2 2 2 1)              82.024
13220      (1 0 3 1 2 1 2)              82.022
13221      (1 0 2 3 1 0 1)              82.020
13222      (0 0 4 2 2 2 1)              82.018
13223      (1 0 2 3 1 0 1)              82.016
13224      (1 0 1 2 1 1 1)              82.014
13225      (1 0 1 2 1 2 1)              82.012
13226      (1 0 1 2 1 1 1)              82.011
13227      (1 0 1 2 1 1 1)              82.009
13228      (1 0 1 2 1 2 1)              82.008
13229      (1 0 1 2 0 0 1)              82.005
13230      (1 0 1 2 1 1 1)              82.002
13231      (1 0 2 3 1 2 0)              82.000
13232      (0 0 4 2 2 2 1)              81.999
13233      (0 0 1 2 0 0 1)              81.995
13234      (1 0 2 3 2 2 1)              81.996
13235      (1 0 1 2 1 1 1)              81.991
13236      (0 0 1 2 0 0 1)              81.987
13237      (0 0 4 2 2 2 1)              81.986
13238      (1 0 1 2 1 1 1)              81.984
13239      (1 0 1 2 1 2 1)              81.983
13240      (1 0 2 3 2 1 1)              81.981
13241      (1 0 1 2 1 2 1)              81.979
13242      (1 0 2 3 1 0 1)              81.977
13243      (0 0 4 6 1 2 1)              81.975
13244      (0 0 4 2 2 2 1)              81.972
13245      (0 0 4 6 1 2 1)              81.972
13246      (0 0 0 4 1 2 0)              81.971
13247      (1 0 1 2 1 2 1)              81.970
13248      (1 0 2 3 2 1 1)              81.967
13249      (0 0 4 2 2 2 1)              81.965
13250      (0 0 4 6 1 2 1)              81.963
13251      (1 0 1 2 1 1 1)              81.963
13252      (1 0 1 2 1 1 1)              81.960
13253      (1 0 0 0 2 2 1)              81.960
13254      (1 0 1 2 1 2 1)              81.959
13255      (1 0 1 2 1 2 1)              81.956
13256      (1 0 1 2 1 2 1)              81.953
13257      (0 0 2 3 1 2 1)              81.950
13258      (0 0 1 2 1 1 1)              81.945
13259      (0 0 4 2 2 2 1)              81.944
13260      (0 0 4 2 2 2 1)              81.942
13261      (1 0 2 3 1 0 1)              81.942
13262      (1 0 1 2 1 1 1)              81.940
13263      (1 0 2 3 2 1 1)              81.938
13264      (1 0 2 3 1 2 1)              81.936
13265      (1 0 2 3 1 0 1)              81.935
13266      (1 0 3 1 2 1 2)              81.933
13267      (1 0 2 3 2 2 1)              81.934
13268      (1 0 3 1 2 1 2)              81.932
13269      (1 0 2 3 1 0 1)              81.931
13270      (1 0 1 2 1 1 1)              81.928
13271      (1 0 1 2 1 1 1)              81.926
13272      (1 0 1 2 1 1 1)              81.924
13273      (1 0 3 1 2 1 2)              81.921
13274      (1 0 1 2 1 1 1)              81.919
13275      (1 0 2 3 1 0 1)              81.918
13276      (1 0 1 2 1 1 1)              81.916
13277      (0 0 4 3 2 1 1)              81.912
13278      (0 0 4 6 1 2 1)              81.908
13279      (1 0 2 3 1 2 0)              81.905
13280      (1 0 0 0 1 2 0)              81.904
13281      (1 0 1 2 1 2 1)              81.900
13282      (0 0 4 3 2 1 1)              81.896
13283      (0 0 4 6 0 0 1)              81.895
13284      (0 0 4 2 2 2 1)              81.893
13285      (1 0 1 2 1 2 1)              81.892
13286      (0 0 4 5 2 1 1)              81.888
13287      (1 0 2 3 1 2 0)              81.885
13288      (0 0 1 2 0 0 1)              81.881
13289      (1 0 1 2 1 2 1)              81.878
13290      (0 0 1 2 1 1 1)              81.876
13291      (1 0 1 2 1 1 1)              81.874
13292      (0 0 2 3 1 2 1)              81.870
13293      (0 0 4 2 2 2 1)              81.868
13294      (1 0 3 1 2 1 2)              81.866
13295      (0 0 2 3 1 1 1)              81.863
13296      (1 0 2 3 2 1 2)              81.860
13297      (0 0 4 6 1 2 1)              81.858
13298      (1 0 1 2 0 0 0)              81.855
13299      (1 0 4 5 2 2 2)              81.854
13300      (1 0 1 2 1 1 1)              81.850
13301      (1 0 1 2 1 2 1)              81.849
13302      (1 0 4 5 2 2 2)              81.847
13303      (1 0 1 2 1 2 1)              81.846
13304      (1 0 1 2 1 1 1)              81.844
13305      (1 0 1 2 1 2 1)              81.842
13306      (1 0 2 3 2 1 2)              81.838
13307      (0 0 4 2 2 2 1)              81.836
13308      (1 0 1 2 1 2 1)              81.836
13309      (1 0 2 3 1 0 1)              81.834
13310      (0 0 4 2 2 2 1)              81.832
13311      (0 0 1 2 1 1 1)              81.828
13312      (1 0 1 2 0 0 0)              81.824
13313      (1 0 3 1 2 1 2)              81.820
13314      (1 0 3 1 2 1 2)              81.818
13315      (0 0 1 2 1 1 1)              81.813
13316      (1 0 1 2 1 2 1)              81.810
13317      (1 0 3 1 2 1 2)              81.808
13318      (1 0 3 1 2 1 2)              81.807
13319      (1 0 1 2 1 1 1)              81.804
13320      (0 0 4 6 0 0 1)              81.801
13321      (1 0 1 2 1 1 1)              81.797
13322      (1 0 4 5 2 2 2)              81.796
13323      (1 0 1 2 1 1 1)              81.794
13324      (1 0 3 1 2 1 2)              81.792
13325      (0 0 4 5 2 1 1)              81.790
13326      (0 0 4 2 2 2 1)              81.789
13327      (0 0 1 2 1 2 1)              81.786
13328      (0 0 4 3 2 1 1)              81.782
13329      (0 0 4 2 2 2 1)              81.781
13330      (1 0 2 3 2 1 2)              81.778
13331      (1 0 1 2 1 1 1)              81.776
13332      (1 0 1 2 0 0 1)              81.773
13333      (1 0 0 0 1 2 0)              81.770
13334      (0 0 1 2 1 1 1)              81.765
13335      (1 0 1 2 1 1 1)              81.763
13336      (1 0 2 3 1 1 1)              81.761
13337      (0 0 2 3 1 1 1)              81.757
13338      (0 0 1 2 0 0 1)              81.753
13339      (1 0 1 2 1 1 1)              81.749
13340      (0 0 4 6 1 2 1)              81.747
13341      (1 0 1 2 1 1 1)              81.745
13342      (0 0 4 6 0 0 1)              81.744
13343      (0 0 4 2 2 2 1)              81.743
13344      (1 0 1 2 1 1 1)              81.741
13345      (1 0 1 2 1 1 1)              81.739
13346      (1 0 2 3 1 2 0)              81.737
13347      (1 0 4 5 2 2 2)              81.737
13348      (1 0 1 2 1 2 1)              81.736
13349      (1 0 2 3 1 0 1)              81.734
13350      (0 0 2 3 1 2 1)              81.734
13351      (0 0 4 6 1 2 1)              81.730
13352      (0 0 4 6 0 0 1)              81.727
13353      (1 0 1 2 1 1 1)              81.725
13354      (0 0 4 6 0 0 1)              81.724
13355      (1 0 1 2 1 1 1)              81.721
13356      (0 0 4 3 2 1 1)              81.718
13357      (0 0 4 6 2 2 1)              81.715
13358      (0 0 1 2 0 0 1)              81.711
13359      (0 0 4 2 2 2 1)              81.709
13360      (1 0 0 0 2 2 1)              81.709
13361      (1 0 1 2 1 0 1)              81.707
13362      (1 0 3 1 2 1 2)              81.706
13363      (1 0 2 3 1 0 1)              81.704
13364      (1 0 1 2 1 2 1)              81.703
13365      (0 0 4 2 2 2 1)              81.701
13366      (1 0 3 1 2 1 2)              81.698
13367      (1 0 1 2 1 2 1)              81.697
13368      (1 0 2 3 2 1 2)              81.698
13369      (0 0 1 2 1 1 1)              81.695
13370      (1 0 3 1 2 1 2)              81.693
13371      (1 0 1 2 1 2 1)              81.692
13372      (1 0 3 1 2 1 2)              81.690
13373      (1 0 3 1 2 1 2)              81.689
13374      (0 0 4 6 1 2 1)              81.686
13375      (1 0 1 2 1 1 1)              81.684
13376      (1 0 3 1 2 1 2)              81.680
13377      (1 0 1 2 1 2 1)              81.679
13378      (1 0 1 2 1 1 1)              81.677
13379      (1 0 3 1 2 1 2)              81.674
13380      (1 0 2 3 1 0 1)              81.673
13381      (0 0 4 2 2 2 1)              81.671
13382      (0 0 4 2 2 2 1)              81.668
13383      (1 0 1 2 1 1 1)              81.666
13384      (1 0 1 2 1 2 1)              81.665
13385      (1 0 0 0 1 2 0)              81.664
13386      (1 0 1 2 0 0 1)              81.662
13387      (1 0 3 1 2 1 2)              81.660
13388      (0 0 4 6 1 2 1)              81.658
13389      (0 0 0 4 1 2 1)              81.658
13390      (1 0 1 2 0 0 1)              81.656
13391      (1 0 2 3 2 1 2)              81.657
13392      (0 0 1 2 1 1 1)              81.652
13393      (1 0 2 3 2 2 1)              81.652
13394      (1 0 1 2 1 2 1)              81.650
13395      (1 0 4 5 2 2 2)              81.649
13396      (1 0 4 5 2 2 2)              81.649
13397      (1 0 2 3 1 0 1)              81.647
13398      (1 0 3 1 2 1 2)              81.643
13399      (1 0 1 2 1 2 1)              81.641
13400      (1 0 1 2 1 1 1)              81.639
13401      (1 0 1 2 1 1 1)              81.636
13402      (0 0 4 2 2 2 1)              81.634
13403      (1 0 1 2 1 1 1)              81.630
13404      (1 0 2 3 1 2 1)              81.630
13405      (0 0 1 2 0 0 1)              81.626
13406      (0 0 4 2 2 2 1)              81.624
13407      (1 0 1 2 1 1 1)              81.621
13408      (0 0 4 6 1 2 1)              81.618
13409      (1 0 1 2 1 2 1)              81.617
13410      (1 0 1 2 1 2 1)              81.616
13411      (1 0 1 2 1 1 1)              81.615
13412      (0 0 1 2 1 1 1)              81.610
13413      (0 0 2 3 1 2 1)              81.607
13414      (1 0 0 0 1 0 1)              81.607
13415      (1 0 2 3 1 2 0)              81.605
13416      (1 0 1 2 0 0 0)              81.601
13417      (1 0 3 1 2 1 2)              81.597
13418      (1 0 2 3 2 1 2)              81.594
13419      (1 0 1 2 1 0 1)              81.593
13420      (1 0 0 0 1 2 0)              81.592
13421      (1 0 1 2 1 1 1)              81.590
13422      (1 0 1 2 1 1 1)              81.588
13423      (0 1 0 0 2 2 1)              81.586
13424      (1 0 1 2 1 0 1)              81.585
13425      (1 0 4 5 2 2 2)              81.584
13426      (0 0 4 6 0 0 1)              81.582
13427      (1 0 3 1 2 1 2)              81.578
13428      (0 0 1 2 0 0 1)              81.574
13429      (1 0 1 2 1 2 1)              81.573
13430      (1 0 3 1 2 1 2)              81.569
13431      (1 0 1 2 0 0 0)              81.565
13432      (0 0 4 5 2 1 1)              81.562
13433      (0 0 4 3 2 1 1)              81.559
13434      (1 0 1 2 1 1 1)              81.557
13435      (1 0 3 1 2 1 2)              81.553
13436      (1 0 3 1 2 1 2)              81.551
13437      (1 0 2 3 2 2 1)              81.551
13438      (1 0 2 3 1 2 1)              81.553
13439      (1 0 1 2 1 2 1)              81.551
13440      (1 0 1 2 1 2 1)              81.550
13441      (1 0 1 2 0 0 1)              81.547
13442      (1 0 2 3 2 2 1)              81.547
13443      (1 0 1 2 1 1 1)              81.545
13444      (0 0 1 2 0 0 1)              81.541
13445      (1 0 1 2 0 0 1)              81.538
13446      (0 0 4 5 2 1 1)              81.534
13447      (1 0 1 2 0 0 1)              81.532
13448      (1 0 2 3 2 1 2)              81.529
13449      (1 0 2 3 1 0 1)              81.527
13450      (0 0 4 2 2 2 1)              81.525
13451      (0 0 4 2 2 2 1)              81.525
13452      (0 0 4 2 2 2 1)              81.524
13453      (0 0 1 2 2 2 1)              81.520
13454      (0 0 4 5 2 1 1)              81.517
13455      (1 0 2 3 1 2 1)              81.519
13456      (1 0 1 2 1 1 1)              81.516
13457      (0 0 4 6 1 2 1)              81.512
13458      (1 0 2 3 1 0 1)              81.510
13459      (1 0 1 2 1 1 1)              81.508
13460      (1 0 2 3 1 2 0)              81.505
13461      (1 0 1 2 1 1 1)              81.501
13462      (1 0 2 3 1 0 1)              81.499
13463      (1 0 2 3 2 2 1)              81.500
13464      (1 0 1 2 1 1 1)              81.498
13465      (1 0 3 1 2 1 2)              81.495
13466      (1 0 1 2 1 2 1)              81.492
13467      (0 0 4 2 2 2 1)              81.490
13468      (0 0 4 2 2 2 1)              81.489
13469      (1 0 1 2 1 1 1)              81.487
13470      (1 0 3 1 2 1 2)              81.485
13471      (0 0 4 3 2 1 1)              81.481
13472      (1 0 4 5 2 2 2)              81.479
13473      (1 0 1 2 1 1 1)              81.477
13474      (0 0 2 3 1 2 1)              81.475
13475      (1 0 1 2 1 1 1)              81.472
13476      (1 0 2 3 1 0 1)              81.470
13477      (1 0 3 1 2 1 2)              81.468
13478      (1 0 1 2 0 0 1)              81.465
13479      (0 0 1 2 0 0 1)              81.461
13480      (1 0 1 2 1 2 1)              81.458
13481      (0 0 1 2 1 1 0)              81.453
13482      (1 0 1 2 1 2 1)              81.453
13483      (0 0 4 2 2 2 1)              81.451
13484      (1 0 1 2 1 1 1)              81.448
13485      (0 1 4 6 0 0 1)              81.446
13486      (1 0 1 2 1 2 1)              81.444
13487      (1 0 3 1 2 1 2)              81.443
13488      (0 0 4 3 1 1 1)              81.439
13489      (1 0 2 3 1 0 1)              81.440
13490      (1 0 1 2 1 1 1)              81.438
13491      (0 0 4 2 1 2 1)              81.435
13492      (1 0 2 3 1 0 1)              81.434
13493      (1 0 2 3 1 1 1)              81.431
13494      (1 0 1 2 1 2 1)              81.429
13495      (0 0 1 2 1 1 1)              81.425
13496      (0 0 2 3 1 1 1)              81.421
13497      (1 0 1 2 1 2 1)              81.420
13498      (0 0 4 3 2 1 1)              81.416
13499      (1 0 2 3 1 0 1)              81.415
13500      (1 0 3 1 2 1 2)              81.411
13501      (0 0 4 3 2 1 1)              81.406
13502      (0 0 4 3 2 1 1)              81.402
13503      (1 0 3 1 2 1 2)              81.400
13504      (1 0 1 2 1 1 1)              81.398
13505      (1 0 3 1 2 1 2)              81.396
13506      (1 0 1 2 0 0 0)              81.392
13507      (1 0 3 1 2 1 2)              81.391
13508      (1 0 3 1 2 1 2)              81.387
13509      (1 0 1 2 1 1 1)              81.385
13510      (0 0 1 2 0 0 1)              81.381
13511      (1 0 1 2 1 2 1)              81.380
13512      (1 0 1 2 1 1 1)              81.377
13513      (1 0 1 2 1 2 1)              81.377
13514      (1 0 0 0 1 1 1)              81.375
13515      (0 0 4 2 2 2 1)              81.372
13516      (1 0 3 1 2 1 2)              81.368
13517      (1 0 1 2 1 2 1)              81.366
13518      (1 0 1 2 1 1 1)              81.365
13519      (0 0 1 2 0 0 1)              81.361
13520      (1 0 3 1 2 1 2)              81.359
13521      (0 0 4 2 2 2 1)              81.355
13522      (0 0 4 2 2 2 1)              81.353
13523      (1 0 1 2 1 1 1)              81.351
13524      (0 0 4 2 2 2 1)              81.350
13525      (1 0 1 2 1 2 1)              81.348
13526      (1 0 1 2 1 1 1)              81.346
13527      (1 0 1 2 1 1 1)              81.344
13528      (1 0 1 2 0 0 1)              81.342
13529      (1 0 2 3 1 0 1)              81.341
13530      (0 0 2 3 2 2 0)              81.338
13531      (1 0 1 2 1 1 1)              81.334
13532      (1 0 3 1 2 1 2)              81.330
13533      (0 0 4 2 2 2 1)              81.328
13534      (1 0 0 0 2 2 1)              81.327
13535      (1 0 1 2 1 2 1)              81.326
13536      (1 0 2 3 2 1 2)              81.323
13537      (0 0 4 2 2 2 1)              81.321
13538      (1 0 1 2 1 2 1)              81.320
13539      (1 0 2 3 2 1 2)              81.317
13540      (1 0 1 2 1 0 1)              81.316
13541      (1 0 1 2 1 1 1)              81.312
13542      (1 0 3 1 2 1 2)              81.310
13543      (1 0 1 2 1 2 1)              81.308
13544      (1 0 1 2 1 1 1)              81.305
13545      (1 0 0 0 1 2 1)              81.305
13546      (1 0 1 2 1 2 1)              81.303
13547      (1 0 2 3 2 1 2)              81.300
13548      (1 0 3 1 2 1 2)              81.298
13549      (0 1 0 0 2 2 1)              81.296
13550      (0 0 4 2 2 2 1)              81.295
13551      (1 0 1 2 1 1 1)              81.293
13552      (1 0 2 3 1 1 1)              81.290
13553      (0 0 2 3 1 2 1)              81.287
13554      (1 0 1 2 1 1 1)              81.283
13555      (1 0 0 0 1 2 1)              81.282
13556      (1 0 2 3 1 2 1)              81.282
13557      (1 0 2 3 2 1 2)              81.279
13558      (1 0 1 2 1 2 1)              81.278
13559      (0 0 4 3 1 1 1)              81.274
13560      (1 0 1 2 1 2 1)              81.274
13561      (1 0 2 3 2 2 1)              81.274
13562      (0 0 4 6 2 1 1)              81.271
13563      (0 0 1 2 0 0 1)              81.268
13564      (1 0 0 0 2 2 1)              81.269
13565      (0 0 4 2 2 2 1)              81.267
13566      (1 0 1 2 1 2 1)              81.265
13567      (1 0 2 3 1 1 1)              81.262
13568      (0 0 4 2 2 2 1)              81.260
13569      (0 0 4 6 1 2 1)              81.259
13570      (0 0 1 2 1 1 1)              81.256
13571      (1 0 1 2 1 2 1)              81.253
13572      (1 0 3 1 2 1 2)              81.251
13573      (0 0 4 2 2 2 1)              81.249
13574      (0 0 4 2 2 2 1)              81.248
13575      (1 0 3 1 2 1 2)              81.244
13576      (1 0 1 2 1 1 1)              81.242
13577      (1 0 3 1 2 1 2)              81.240
13578      (1 0 2 3 1 0 1)              81.238
13579      (1 0 1 2 1 1 1)              81.236
13580      (1 0 1 2 1 1 1)              81.234
13581      (1 0 3 1 2 1 2)              81.230
13582      (1 0 1 2 1 1 1)              81.228
13583      (1 0 2 3 1 1 1)              81.225
13584      (1 0 2 3 2 2 1)              81.226
13585      (1 0 1 2 1 2 1)              81.225
13586      (0 0 1 2 1 1 1)              81.222
13587      (0 0 4 5 2 1 1)              81.219
13588      (1 0 3 1 2 1 2)              81.215
13589      (0 0 4 2 2 2 1)              81.214
13590      (1 0 3 1 2 1 2)              81.212
13591      (1 0 1 2 1 2 1)              81.210
13592      (0 0 4 6 1 2 1)              81.207
13593      (1 0 1 2 1 1 1)              81.204
13594      (0 0 4 2 2 2 1)              81.203
13595      (0 0 4 2 2 2 1)              81.201
13596      (1 0 2 3 2 1 2)              81.198
13597      (0 0 4 2 2 2 1)              81.196
13598      (0 0 4 2 2 2 1)              81.194
13599      (1 0 1 2 1 2 1)              81.192
13600      (1 0 1 2 1 2 1)              81.191
13601      (0 0 4 3 2 1 1)              81.188
13602      (1 0 1 2 1 1 1)              81.186
13603      (1 0 1 2 1 2 1)              81.183
13604      (1 0 3 1 2 1 2)              81.182
13605      (1 0 3 1 2 1 2)              81.179
13606      (0 0 4 2 2 2 1)              81.177
13607      (1 0 1 2 2 2 1)              81.176
13608      (0 0 2 3 1 2 1)              81.175
13609      (1 0 2 3 1 2 1)              81.174
13610      (0 0 1 2 1 1 1)              81.169
13611      (1 0 1 2 1 0 1)              81.167
13612      (1 0 1 2 1 1 1)              81.163
13613      (0 0 4 2 2 2 1)              81.162
13614      (1 0 4 5 2 2 2)              81.160
13615      (1 0 2 3 1 2 0)              81.157
13616      (1 0 1 2 1 2 1)              81.156
13617      (1 0 1 2 0 0 1)              81.153
13618      (1 0 1 2 1 1 1)              81.152
13619      (1 0 1 2 1 1 1)              81.150
13620      (1 0 1 2 1 1 1)              81.149
13621      (0 0 4 2 2 2 1)              81.146
13623      (1 0 1 2 1 1 1)              81.145
13624      (0 0 2 3 1 1 1)              81.145
13625      (0 0 1 2 0 0 1)              81.141
13626      (0 0 4 2 2 2 1)              81.139
13627      (1 0 3 1 2 1 2)              81.137
13628      (1 0 3 1 2 1 2)              81.134
13629      (0 0 4 2 2 2 1)              81.132
13630      (0 0 4 3 2 1 1)              81.130
13631      (1 0 1 2 1 1 1)              81.126
13632      (0 0 4 2 2 2 1)              81.125
13633      (0 0 4 2 2 2 1)              81.123
13634      (0 0 0 4 1 2 1)              81.122
13635      (1 0 3 1 2 1 2)              81.119
13636      (1 0 1 2 0 0 0)              81.115
13637      (0 0 4 2 2 2 1)              81.114
13638      (1 0 1 2 1 0 1)              81.112
13639      (0 0 4 5 2 1 1)              81.108
13640      (1 0 1 2 1 1 1)              81.105
13641      (1 0 2 3 2 1 2)              81.102
13642      (0 0 4 5 2 1 1)              81.099
13643      (1 0 1 2 1 2 1)              81.098
13644      (0 0 4 2 2 2 1)              81.096
13645      (1 0 0 0 2 2 1)              81.096
13646      (0 0 4 2 2 2 1)              81.094
13647      (0 0 4 2 2 2 1)              81.090
13648      (0 0 4 6 2 1 1)              81.087
13649      (1 0 3 1 2 1 2)              81.083
13650      (0 0 1 2 1 1 1)              81.079
13651      (0 0 0 0 1 1 1)              81.077
13652      (0 0 4 3 2 1 1)              81.074
13653      (0 0 4 2 2 2 1)              81.072
13654      (0 0 4 2 2 2 1)              81.070
13655      (1 0 1 2 1 1 1)              81.069
13656      (1 0 1 2 1 1 1)              81.066
13657      (1 0 0 0 1 2 0)              81.063
13658      (1 0 1 2 1 2 1)              81.062
13659      (0 0 4 2 2 2 1)              81.061
13660      (0 0 1 2 0 0 1)              81.057
13661      (0 0 4 6 0 0 1)              81.055
13662      (1 0 1 2 1 1 1)              81.052
13663      (1 0 0 0 2 2 1)              81.048
13664      (1 0 1 2 0 0 1)              81.046
13665      (0 0 4 6 0 0 1)              81.045
13666      (0 0 1 2 0 0 1)              81.041
13667      (1 0 4 5 2 2 2)              81.040
13668      (1 0 1 2 0 0 1)              81.037
13669      (1 0 2 3 1 0 1)              81.036
13670      (0 0 0 4 1 2 1)              81.036
13671      (0 0 4 6 1 1 1)              81.035
13672      (1 0 0 0 2 2 1)              81.035
13673      (1 0 1 2 1 1 1)              81.034
13674      (1 0 1 2 1 1 1)              81.032
13675      (1 0 4 5 2 2 2)              81.030
13676      (0 0 4 2 2 2 1)              81.028
13677      (0 0 4 5 2 1 1)              81.025
13678      (1 0 1 2 1 2 1)              81.022
13679      (0 0 4 2 2 2 1)              81.020
13680      (1 0 2 3 2 1 2)              81.016
13681      (1 0 1 2 1 1 1)              81.014
13682      (1 0 3 1 2 1 2)              81.013
13683      (1 0 0 0 1 2 0)              81.013
13684      (1 0 1 2 1 1 1)              81.011
13685      (0 0 4 6 1 2 1)              81.010
13686      (0 0 2 3 1 2 1)              81.007
13687      (1 0 2 3 1 0 1)              81.005
13688      (0 0 4 2 2 2 1)              81.003
13689      (1 0 2 3 2 1 2)              81.000
13690      (1 0 1 2 0 0 1)              80.999
13691      (0 0 4 2 2 2 1)              80.998
13692      (1 0 1 2 0 0 0)              80.995
13693      (1 0 3 1 2 1 2)              80.992
13694      (1 0 1 2 0 0 1)              80.990
13695      (1 0 1 2 1 1 1)              80.988
13696      (0 0 4 2 2 2 1)              80.986
13697      (1 0 2 3 1 0 1)              80.984
13698      (0 0 1 2 0 0 1)              80.981
13699      (1 0 3 1 2 1 2)              80.979
13700      (0 0 4 2 2 2 1)              80.977
13701      (1 0 3 1 2 1 2)              80.975
13702      (1 0 1 2 1 1 1)              80.974
13703      (1 0 1 2 1 2 1)              80.972
13704      (1 0 2 3 1 0 1)              80.970
13705      (1 0 1 2 1 1 1)              80.968
13706      (1 0 1 2 1 1 1)              80.967
13707      (0 0 4 6 0 0 1)              80.965
13708      (1 0 2 3 2 1 1)              80.963
13709      (1 0 1 2 1 2 1)              80.962
13710      (0 0 4 5 2 1 1)              80.960
13711      (0 0 4 5 2 1 1)              80.957
13712      (0 0 4 2 2 2 1)              80.955
13713      (1 0 2 3 1 2 1)              80.954
13714      (0 0 4 6 1 2 1)              80.954
13715      (1 0 1 2 0 0 0)              80.951
13716      (1 0 1 2 1 1 1)              80.949
13717      (0 0 4 2 2 2 1)              80.948
13718      (1 0 1 2 1 1 1)              80.946
13719      (1 0 2 3 1 0 1)              80.945
13720      (1 0 1 2 1 1 1)              80.943
13721      (1 0 2 3 1 2 0)              80.941
13722      (1 0 1 2 1 2 1)              80.938
13723      (0 0 4 2 2 2 1)              80.936
13724      (1 0 2 3 1 0 1)              80.935
13725      (1 0 1 2 1 1 1)              80.934
13726      (1 0 2 3 1 0 1)              80.932
13727      (0 0 4 2 2 2 1)              80.929
13728      (1 0 0 0 1 2 0)              80.926
13729      (0 0 1 2 0 0 1)              80.922
13730      (1 0 1 2 1 2 1)              80.920
13731      (0 0 4 3 1 1 1)              80.917
13732      (1 0 1 2 1 2 1)              80.913
13733      (1 0 1 2 0 0 0)              80.910
13734      (0 0 4 2 2 2 1)              80.910
13735      (0 0 1 2 1 1 1)              80.906
13736      (1 0 2 3 1 0 1)              80.904
13737      (0 0 4 2 2 2 1)              80.902
13738      (1 0 1 2 1 2 1)              80.901
13739      (0 0 4 6 1 2 1)              80.897
13740      (0 0 4 2 2 2 1)              80.895
13741      (1 0 1 2 0 0 1)              80.892
13742      (0 0 4 2 2 2 1)              80.891
13743      (1 0 2 3 1 2 1)              80.890
13744      (1 0 1 2 1 1 1)              80.886
13745      (0 0 2 3 1 2 1)              80.882
13746      (0 0 4 2 2 2 1)              80.878
13747      (1 0 1 2 1 2 1)              80.877
13748      (0 0 4 3 2 1 1)              80.872
13749      (1 0 0 0 1 2 0)              80.871
13750      (1 0 2 3 2 1 2)              80.868
13751      (1 0 1 2 1 2 1)              80.867
13752      (0 0 0 4 1 2 1)              80.866
13753      (0 0 4 2 2 2 1)              80.864
13754      (0 0 4 2 2 2 1)              80.863
13755      (1 0 1 2 2 2 1)              80.862
13756      (1 0 1 2 0 0 1)              80.860
13757      (1 0 1 2 1 1 1)              80.858
13758      (1 0 1 2 1 2 1)              80.858
13759      (1 0 3 1 1 0 0)              80.854
13760      (0 0 4 6 1 1 1)              80.851
13761      (0 0 2 3 1 2 1)              80.849
13762      (1 0 2 3 1 2 1)              80.849
13763      (1 0 1 2 0 0 1)              80.847
13764      (0 0 4 2 2 2 1)              80.845
13765      (1 0 2 3 1 2 1)              80.845
13766      (1 0 2 3 2 1 2)              80.841
13767      (0 0 2 3 1 2 1)              80.839
13768      (1 0 3 1 2 1 2)              80.835
13769      (1 0 1 2 1 2 1)              80.833
13770      (1 0 3 1 2 1 2)              80.832
13771      (1 0 3 1 2 1 2)              80.830
13772      (1 0 1 2 1 1 1)              80.827
13773      (0 0 1 2 1 1 1)              80.825
13774      (1 0 2 3 2 1 2)              80.822
13775      (1 0 3 1 2 1 2)              80.820
13776      (1 0 2 3 2 1 2)              80.817
13777      (1 0 2 3 0 0 0)              80.816
13778      (1 0 1 2 1 1 1)              80.814
13779      (1 0 3 1 2 1 2)              80.812
13780      (1 0 2 3 1 0 1)              80.811
13781      (1 0 2 3 1 1 1)              80.810
13782      (1 0 3 1 2 1 2)              80.806
13783      (1 0 1 2 1 2 1)              80.804
13784      (1 0 0 0 2 2 1)              80.805
13785      (1 0 2 3 1 0 1)              80.803
13786      (1 0 4 5 2 2 2)              80.802
13787      (1 0 3 1 2 1 2)              80.800
13788      (1 0 1 2 1 1 1)              80.799
13789      (1 0 3 1 2 1 2)              80.797
13790      (0 0 1 2 0 0 1)              80.794
13791      (1 0 1 2 1 2 1)              80.794
13792      (1 0 1 2 1 2 1)              80.790
13793      (0 0 1 2 1 1 1)              80.788
13794      (0 0 4 2 2 2 1)              80.785
13795      (0 0 4 2 2 2 1)              80.782
13796      (1 0 2 3 1 1 1)              80.779
13797      (1 0 1 2 1 2 1)              80.778
13798      (0 0 4 3 1 1 1)              80.777
13799      (1 0 3 1 2 1 2)              80.774
13800      (0 0 4 2 2 2 1)              80.772
13801      (1 0 1 2 1 1 1)              80.771
13802      (0 0 4 2 2 2 1)              80.770
13803      (1 0 2 3 2 2 1)              80.770
13804      (1 0 2 3 1 0 1)              80.768
13805      (0 0 4 2 2 2 1)              80.766
13806      (1 0 2 3 1 0 1)              80.765
13807      (1 0 1 2 1 2 1)              80.764
13808      (1 0 3 1 2 1 2)              80.760
13809      (0 0 1 2 0 0 1)              80.758
13810      (0 0 1 2 1 1 1)              80.755
13811      (1 0 1 2 1 2 1)              80.751
13812      (1 0 0 0 1 2 0)              80.748
13813      (1 0 1 2 1 1 1)              80.744
13814      (1 0 3 1 1 1 1)              80.742
13815      (0 0 4 2 2 2 1)              80.740
13816      (1 0 3 1 2 1 2)              80.737
13817      (0 0 2 3 1 2 1)              80.735
13818      (0 0 4 2 2 2 1)              80.733
13819      (0 0 1 2 1 1 1)              80.731
13820      (1 0 0 0 2 2 1)              80.731
13821      (0 0 4 2 1 2 1)              80.730
13822      (0 0 4 2 2 2 1)              80.729
13823      (1 0 1 2 2 2 1)              80.728
13824      (0 0 4 6 1 2 1)              80.728
13825      (1 0 1 2 1 1 1)              80.725
13826      (1 0 2 3 2 1 2)              80.723
13827      (0 0 1 2 1 1 1)              80.720
13828      (1 0 1 2 1 2 1)              80.719
13829      (0 0 4 3 2 1 1)              80.716
13830      (1 0 1 2 1 2 1)              80.715
13831      (0 0 4 2 2 2 1)              80.713
13832      (1 0 3 1 2 1 2)              80.709
13833      (1 0 1 2 1 2 1)              80.708
13834      (1 0 1 2 1 2 1)              80.707
13835      (1 0 1 2 1 1 1)              80.705
13836      (1 0 1 2 1 2 1)              80.702
13837      (0 0 4 6 0 0 1)              80.700
13838      (0 0 4 2 2 2 1)              80.699
13839      (0 0 4 2 2 2 1)              80.697
13840      (0 0 2 3 2 2 2)              80.697
13841      (1 0 2 3 1 0 1)              80.696
13842      (1 0 1 2 1 1 1)              80.692
13843      (1 0 1 2 1 1 1)              80.690
13844      (1 0 2 3 1 0 1)              80.688
13845      (1 0 1 2 1 1 1)              80.687
13846      (0 0 4 6 1 1 1)              80.686
13847      (1 0 1 2 1 2 1)              80.684
13848      (1 0 2 3 1 2 1)              80.686
13849      (1 0 2 3 1 0 1)              80.684
13850      (0 0 4 2 2 2 1)              80.682
13851      (1 0 1 2 1 2 1)              80.681
13852      (0 0 4 6 1 2 1)              80.681
13853      (0 0 4 5 2 1 1)              80.677
13854      (1 0 2 3 1 2 1)              80.676
13855      (1 0 1 2 1 2 1)              80.674
13856      (1 0 2 3 1 0 1)              80.672
13857      (1 0 3 1 2 1 2)              80.669
13858      (1 0 2 3 1 1 1)              80.667
13859      (0 0 4 2 2 2 1)              80.665
13860      (1 0 2 3 2 1 2)              80.662
13861      (1 0 0 0 0 2 1)              80.662
13862      (1 0 1 2 1 1 1)              80.660
13863      (1 0 1 2 1 1 1)              80.657
13864      (1 0 1 2 1 2 1)              80.656
13865      (0 0 4 5 2 1 1)              80.654
13866      (1 0 1 2 1 1 1)              80.652
13867      (0 0 4 3 2 1 1)              80.647
13868      (0 0 4 2 2 2 1)              80.646
13869      (1 0 1 2 1 1 1)              80.644
13870      (1 0 1 2 1 2 1)              80.641
13871      (1 0 1 2 1 1 1)              80.639
13872      (1 0 4 5 2 2 2)              80.639
13873      (0 0 1 2 1 1 1)              80.636
13874      (1 0 3 1 2 1 2)              80.634
13875      (1 0 3 1 2 1 2)              80.633
13876      (1 0 1 2 1 2 1)              80.632
13877      (1 0 3 1 2 1 2)              80.630
13878      (1 0 3 1 2 1 2)              80.627
13879      (1 0 1 2 1 2 1)              80.625
13880      (0 0 4 5 2 1 1)              80.621
13881      (0 0 0 4 0 1 0)              80.620
13882      (0 0 1 2 1 1 1)              80.618
13883      (1 0 3 1 2 1 2)              80.616
13884      (1 0 2 3 1 0 1)              80.614
13885      (0 0 4 6 0 0 1)              80.613
13886      (1 0 1 2 0 0 1)              80.610
13887      (0 0 4 2 2 2 1)              80.609
13888      (1 0 1 2 1 2 1)              80.609
13889      (1 0 1 2 1 1 1)              80.605
13890      (0 0 4 2 2 2 1)              80.604
13891      (1 0 1 2 1 1 1)              80.602
13892      (1 0 4 5 2 2 2)              80.601
13893      (1 0 1 2 0 0 1)              80.599
13894      (1 0 1 2 1 2 1)              80.598
13895      (1 0 3 1 2 1 2)              80.597
13896      (0 0 4 2 2 2 1)              80.594
13897      (0 0 1 2 1 1 1)              80.590
13898      (1 0 1 2 1 1 1)              80.589
13899      (0 0 4 2 2 2 1)              80.586
13900      (1 0 2 3 1 0 1)              80.584
13901      (1 0 1 2 1 1 1)              80.583
13902      (1 0 2 3 1 2 1)              80.583
13903      (1 0 1 2 1 1 1)              80.581
13904      (0 0 1 2 1 1 1)              80.577
13905      (0 0 4 6 1 2 1)              80.577
13906      (1 0 2 3 2 2 1)              80.577
13907      (1 0 3 1 2 1 2)              80.574
13908      (1 0 1 2 1 1 1)              80.572
13909      (1 0 2 3 2 1 2)              80.569
13910      (1 0 2 3 1 0 1)              80.567
13911      (1 0 3 1 2 1 2)              80.566
13912      (1 0 2 3 1 1 1)              80.563
13913      (0 0 4 2 2 2 1)              80.560
13914      (1 0 1 2 1 1 1)              80.557
13915      (1 0 3 1 2 1 2)              80.554
13916      (0 0 4 6 0 0 1)              80.551
13917      (1 0 1 2 0 0 1)              80.549
13918      (1 0 3 1 2 1 2)              80.547
13919      (1 0 1 2 1 2 1)              80.546
13920      (1 0 1 2 1 2 1)              80.545
13921      (0 0 4 2 2 2 1)              80.543
13922      (0 0 4 6 1 2 1)              80.539
13923      (1 0 1 2 1 1 1)              80.537
13924      (1 0 1 2 1 1 1)              80.536
13925      (1 0 1 2 1 1 1)              80.533
13926      (1 0 3 1 2 1 2)              80.530
13927      (1 0 1 2 1 1 1)              80.526
13928      (1 0 4 5 2 2 2)              80.525
13929      (0 0 4 3 2 1 1)              80.521
13930      (0 0 4 5 2 1 1)              80.519
13931      (0 0 4 2 2 2 1)              80.518
13932      (1 0 1 2 1 1 1)              80.514
13933      (1 0 2 3 1 0 1)              80.512
13934      (1 0 1 2 0 0 1)              80.510
13935      (1 0 1 2 1 1 1)              80.509
13936      (1 0 3 1 2 1 2)              80.507
13937      (0 0 4 2 2 2 1)              80.505
13938      (1 0 3 1 2 1 2)              80.504
13939      (0 0 2 3 1 2 1)              80.501
13940      (1 0 0 0 1 2 0)              80.500
13941      (1 0 4 5 2 2 2)              80.500
13942      (1 0 1 2 1 1 1)              80.498
13943      (1 0 3 1 2 1 2)              80.496
13944      (1 0 3 1 2 1 2)              80.495
13945      (0 0 4 2 2 2 1)              80.493
13946      (0 0 4 2 2 2 1)              80.491
13947      (1 0 1 2 1 2 1)              80.491
13948      (0 0 4 2 2 2 1)              80.489
13949      (0 0 4 2 2 2 1)              80.486
13950      (1 0 1 2 1 1 1)              80.485
13951      (1 0 1 2 1 1 1)              80.481
13952      (1 0 0 0 2 2 1)              80.481
13953      (1 0 3 1 2 1 2)              80.480
13954      (1 0 1 2 1 1 1)              80.478
13955      (0 0 4 5 2 1 1)              80.476
13956      (1 0 1 2 1 2 1)              80.475
13957      (1 0 0 0 1 2 0)              80.474
13958      (1 0 1 2 1 2 1)              80.473
13959      (1 0 1 2 1 2 1)              80.472
13960      (1 0 1 2 1 1 1)              80.470
13961      (0 0 4 2 2 2 1)              80.468
13962      (1 0 2 3 1 0 1)              80.467
13963      (1 0 1 2 1 2 1)              80.466
13964      (1 0 1 2 1 2 1)              80.465
13965      (1 0 1 2 1 2 1)              80.465
13966      (0 0 1 2 1 1 1)              80.462
13967      (0 0 4 2 2 2 1)              80.460
13968      (1 0 3 1 2 1 2)              80.457
13969      (0 0 1 2 0 0 1)              80.453
13970      (1 0 1 2 1 2 1)              80.451
13971      (1 0 1 2 1 1 1)              80.449
13972      (0 0 4 2 2 2 1)              80.448
13973      (0 0 4 6 1 1 1)              80.447
13974      (1 0 1 2 1 0 1)              80.445
13975      (1 0 3 1 2 1 2)              80.443
13976      (1 0 1 2 2 2 1)              80.442
13977      (1 0 1 2 1 1 1)              80.439
13978      (1 0 3 1 2 1 2)              80.438
13979      (1 0 1 2 1 2 1)              80.437
13980      (1 0 2 3 1 0 1)              80.435
13981      (1 0 3 1 2 1 2)              80.435
13982      (0 0 4 2 2 2 1)              80.433
13983      (0 0 4 6 1 1 1)              80.432
13984      (0 0 4 2 2 2 1)              80.432
13985      (0 0 4 2 2 2 1)              80.430
13986      (0 0 2 3 1 1 1)              80.427
13987      (0 0 1 2 1 1 1)              80.425
13988      (1 0 1 2 1 1 1)              80.423
13989      (1 0 1 2 1 1 1)              80.422
13990      (0 0 1 2 1 1 1)              80.419
13991      (1 0 4 5 2 2 2)              80.418
13992      (1 0 1 2 1 1 1)              80.416
13993      (0 0 4 5 2 1 1)              80.413
13994      (1 0 3 1 2 1 2)              80.410
13995      (0 0 4 6 1 2 1)              80.408
13996      (0 0 1 2 1 1 1)              80.404
13997      (0 0 4 3 1 1 1)              80.400
13998      (1 0 1 2 1 2 1)              80.397
13999      (0 0 4 6 1 2 1)              80.394
14000      (1 0 1 2 1 2 1)              80.393
14001      (1 0 1 2 1 0 1)              80.392
14002      (1 0 2 3 1 0 1)              80.391
14003      (0 0 1 2 0 0 1)              80.388
14004      (1 0 1 2 1 2 1)              80.386
14005      (1 0 0 0 1 2 1)              80.386
14006      (0 0 4 2 2 2 1)              80.384
14007      (1 0 1 2 0 0 1)              80.381
14008      (0 0 4 2 2 2 1)              80.380
14009      (0 0 4 2 2 2 1)              80.377
14010      (0 0 2 3 2 2 2)              80.374
14011      (1 0 3 1 2 1 2)              80.372
14012      (1 0 0 0 1 2 0)              80.371
14013      (0 0 4 6 1 2 1)              80.371
14014      (0 0 4 2 2 2 1)              80.370
14015      (1 0 1 2 1 1 1)              80.369
14016      (0 0 4 2 2 2 1)              80.367
14017      (1 0 1 2 1 1 1)              80.366
14018      (1 0 2 3 2 1 2)              80.362
14019      (0 0 4 2 1 2 1)              80.360
14020      (0 0 4 6 0 0 1)              80.359
14021      (1 0 1 2 0 0 0)              80.355
14022      (1 0 1 2 1 2 1)              80.353
14023      (1 0 2 3 2 1 2)              80.351
14024      (0 0 1 2 0 0 1)              80.347
14025      (1 0 1 2 1 2 1)              80.345
14026      (1 0 1 2 1 2 1)              80.345
14027      (1 0 3 1 2 1 2)              80.341
14028      (0 0 4 3 2 1 1)              80.337
14029      (1 0 1 2 1 1 1)              80.336
14030      (1 0 2 3 1 0 1)              80.334
14031      (1 0 2 3 1 0 1)              80.333
14032      (0 0 4 2 2 2 1)              80.332
14033      (1 0 4 6 0 0 1)              80.331
14034      (1 0 1 2 0 0 0)              80.327
14035      (0 0 4 6 1 2 1)              80.326
14036      (1 0 1 2 1 2 1)              80.324
14037      (0 0 1 2 1 1 1)              80.320
14038      (1 0 2 3 2 2 1)              80.318
14039      (1 0 0 0 2 2 1)              80.318
14040      (1 0 0 0 2 2 1)              80.317
14041      (1 0 1 2 0 0 1)              80.316
14042      (1 0 1 2 1 1 1)              80.314
14043      (1 0 1 2 1 1 1)              80.310
14044      (1 0 1 2 1 2 1)              80.310
14045      (0 0 4 2 2 2 1)              80.308
14046      (0 0 4 2 2 2 1)              80.307
14047      (1 0 1 2 1 1 1)              80.306
14048      (1 0 1 2 1 1 1)              80.303
14049      (1 0 1 2 1 1 1)              80.302
14050      (1 0 2 3 2 1 2)              80.299
14051      (1 0 3 1 2 1 2)              80.297
14052      (1 0 3 1 2 1 2)              80.293
14053      (0 0 4 2 2 2 1)              80.292
14054      (1 0 2 3 1 0 1)              80.290
14055      (1 0 3 1 2 1 2)              80.288
14056      (0 0 4 3 2 1 1)              80.283
14057      (1 0 1 2 1 2 1)              80.281
14058      (1 0 3 1 2 1 2)              80.279
14059      (1 0 1 2 1 1 1)              80.277
14060      (0 0 4 2 2 2 1)              80.275
14061      (0 0 4 6 1 2 1)              80.273
14062      (0 0 4 2 2 2 1)              80.271
14063      (0 0 4 6 1 2 1)              80.268
14064      (1 0 1 2 1 2 1)              80.268
14065      (1 0 3 1 2 1 2)              80.264
14066      (1 0 4 5 2 2 2)              80.263
14067      (1 0 1 2 1 1 1)              80.262
14068      (1 0 3 1 2 1 2)              80.260
14069      (1 0 1 2 1 1 1)              80.257
14070      (1 0 1 2 1 1 1)              80.256
14071      (1 0 3 1 2 1 2)              80.254
14072      (0 0 4 5 2 1 1)              80.251
14073      (0 0 2 3 1 2 1)              80.250
14074      (1 0 1 2 1 1 1)              80.248
14075      (1 0 1 2 1 1 1)              80.247
14076      (1 0 1 2 1 1 1)              80.245
14077      (1 0 2 3 2 2 1)              80.245
14078      (1 0 1 2 1 1 1)              80.244
14079      (1 0 0 0 1 2 0)              80.243
14080      (1 0 1 2 1 2 1)              80.242
14081      (1 0 3 1 2 1 2)              80.241
14082      (1 0 1 2 0 0 1)              80.238
14083      (1 0 3 1 2 1 2)              80.235
14084      (1 0 1 2 1 2 1)              80.235
14085      (1 0 1 2 2 2 1)              80.234
14086      (0 0 4 2 2 2 1)              80.232
14087      (1 0 2 3 1 2 0)              80.230
14088      (0 0 1 2 0 0 1)              80.226
14089      (1 0 1 2 0 0 1)              80.224
14090      (1 0 1 2 0 0 1)              80.222
14091      (1 0 1 2 1 2 1)              80.220
14092      (0 0 4 2 2 2 1)              80.218
14093      (1 0 1 2 1 1 1)              80.215
14094      (0 0 4 2 2 2 1)              80.213
14095      (1 0 1 2 1 1 1)              80.210
14096      (1 0 3 1 2 1 2)              80.208
14097      (1 0 2 3 2 1 2)              80.208
14098      (1 0 1 2 1 1 1)              80.205
14099      (1 0 3 1 2 1 2)              80.202
14100      (1 0 2 3 2 1 2)              80.198
14101      (1 0 0 0 0 2 1)              80.196
14102      (1 0 3 1 2 1 2)              80.195
14103      (0 0 4 5 2 1 1)              80.192
14104      (0 0 4 2 2 2 1)              80.190
14105      (1 0 3 1 2 1 2)              80.188
14106      (1 0 1 2 0 0 1)              80.185
14107      (1 0 1 2 1 1 1)              80.184
14108      (0 0 4 2 1 2 1)              80.182
14109      (1 0 0 0 2 2 1)              80.182
14110      (1 0 1 2 1 1 1)              80.180
14111      (1 0 2 3 1 2 0)              80.178
14112      (0 0 4 2 2 2 1)              80.177
14113      (1 0 1 2 0 0 0)              80.174
14114      (1 0 2 3 1 0 1)              80.172
14115      (1 0 1 2 1 1 1)              80.171
14116      (1 0 1 2 1 2 0)              80.168
14117      (0 0 1 2 0 0 1)              80.164
14118      (0 0 4 3 2 1 1)              80.162
14119      (0 0 1 2 1 1 1)              80.159
14120      (0 0 2 3 1 2 1)              80.156
14121      (1 0 2 3 1 0 1)              80.155
14122      (1 0 1 2 1 2 1)              80.154
14123      (1 0 1 2 1 2 1)              80.153
14124      (1 0 1 2 1 1 1)              80.149
14125      (0 0 4 2 2 2 1)              80.147
14126      (1 0 3 1 2 1 2)              80.146
14127      (1 0 2 3 1 0 1)              80.144
14128      (1 0 2 3 2 1 2)              80.140
14129      (0 0 4 5 2 1 1)              80.137
14130      (1 0 1 2 1 1 1)              80.135
14131      (1 0 2 3 1 2 0)              80.132
14132      (1 0 2 3 1 0 1)              80.131
14133      (0 0 4 2 2 2 1)              80.129
14134      (1 0 1 2 1 2 1)              80.126
14135      (0 0 4 2 2 2 1)              80.124
14136      (1 0 1 2 1 2 1)              80.121
14137      (1 0 3 1 2 1 2)              80.119
14138      (1 0 3 1 2 1 2)              80.117
14139      (1 0 3 1 2 1 2)              80.115
14140      (1 0 2 3 2 1 2)              80.116
14141      (1 0 1 2 1 1 1)              80.113
14142      (1 0 1 2 1 1 1)              80.112
14143      (1 0 1 2 1 1 1)              80.110
14144      (0 0 4 2 2 2 1)              80.108
14145      (1 0 1 2 1 2 1)              80.107
14146      (1 0 1 2 1 2 1)              80.105
14147      (1 0 1 2 1 1 1)              80.101
14148      (0 0 4 3 2 1 1)              80.098
14149      (0 0 4 6 1 2 1)              80.096
14150      (0 0 4 3 2 1 1)              80.092
14151      (1 0 1 2 0 2 0)              80.089
14152      (1 0 2 3 0 0 0)              80.088
14153      (1 0 3 1 2 1 2)              80.087
14154      (0 0 1 2 1 1 1)              80.083
14155      (1 0 2 3 2 1 1)              80.080
14156      (0 0 4 3 2 1 1)              80.077
14157      (1 0 1 2 1 1 1)              80.074
14158      (1 0 1 2 1 2 1)              80.071
14159      (1 0 1 2 1 2 1)              80.071
14160      (0 0 1 2 1 1 1)              80.068
14161      (0 0 4 3 2 1 1)              80.063
14162      (1 0 3 1 2 1 2)              80.060
14163      (1 0 1 2 1 1 1)              80.058
14164      (1 0 1 2 1 1 1)              80.056
14165      (0 0 4 2 2 2 1)              80.054
14166      (0 0 2 3 2 2 0)              80.051
14167      (1 0 2 3 1 0 1)              80.050
14168      (1 0 4 5 2 2 2)              80.048
14169      (1 0 1 2 1 1 1)              80.045
14170      (1 0 1 2 0 0 0)              80.043
14171      (1 0 2 3 1 0 1)              80.041
14172      (1 0 3 1 2 1 2)              80.038
14173      (0 0 4 2 2 2 1)              80.036
14174      (0 0 4 2 2 2 1)              80.034
14175      (1 0 1 2 1 1 1)              80.031
14176      (1 0 1 2 1 2 1)              80.029
14177      (0 0 4 6 1 2 1)              80.026
14178      (0 0 4 3 2 1 1)              80.023
14179      (1 0 1 2 1 1 1)              80.019
14180      (1 0 3 1 2 1 2)              80.018
14181      (0 0 4 2 2 2 1)              80.016
14182      (1 0 2 3 1 0 1)              80.014
14183      (1 0 2 3 1 0 1)              80.013
14184      (1 0 3 1 2 1 2)              80.010
14185      (1 0 1 2 1 2 1)              80.008
14186      (0 0 1 2 1 1 1)              80.006
14187      (0 0 1 2 1 2 1)              80.003
14188      (1 0 1 2 1 2 1)              80.001
14189      (0 0 4 3 2 1 1)              79.997
14190      (1 0 3 1 2 1 2)              79.995
14191      (1 0 4 5 2 2 2)              79.995
14192      (0 0 4 5 2 1 1)              79.991
14193      (1 0 3 1 2 1 2)              79.989
14194      (1 0 1 2 1 1 1)              79.987
14195      (0 0 4 2 2 2 1)              79.985
14196      (0 0 4 2 2 2 1)              79.985
14197      (1 0 2 3 1 0 1)              79.984
14198      (0 0 2 3 1 2 1)              79.984
14199      (1 0 2 3 1 0 1)              79.983
14200      (1 0 3 1 2 1 2)              79.979
14201      (1 0 3 1 2 1 2)              79.976
14202      (0 1 4 6 0 0 1)              79.973
14203      (1 0 1 2 1 2 1)              79.969
14204      (1 0 0 0 0 0 0)              79.970
14205      (1 0 1 2 1 1 1)              79.966
14206      (0 0 4 2 2 2 1)              79.965
14207      (0 0 1 2 1 1 0)              79.960
14208      (1 0 2 3 2 2 1)              79.960
14209      (1 0 1 2 1 1 1)              79.960
14210      (0 0 4 2 2 2 1)              79.958
14211      (1 0 1 2 1 1 1)              79.955
14212      (0 0 4 2 2 2 1)              79.954
14213      (0 0 4 2 2 2 1)              79.952
14214      (1 0 3 1 2 1 2)              79.950
14215      (1 0 1 2 1 1 1)              79.947
14216      (1 0 0 0 2 2 1)              79.946
14217      (0 0 1 2 0 0 1)              79.943
14218      (1 0 2 3 2 1 2)              79.940
14219      (0 0 1 2 1 1 1)              79.937
14220      (1 0 1 2 1 1 1)              79.933
14221      (0 0 4 6 1 2 1)              79.932
14222      (1 0 1 2 1 2 1)              79.932
14223      (1 0 1 2 1 1 1)              79.930
14224      (0 0 4 2 2 2 1)              79.930
14225      (1 0 2 3 2 1 2)              79.927
14226      (1 0 1 2 1 1 1)              79.926
14227      (1 0 3 1 2 1 2)              79.923
14228      (1 0 2 3 2 2 1)              79.923
14229      (0 0 4 6 2 2 1)              79.921
14230      (1 0 2 3 1 2 1)              79.920
14231      (0 0 4 2 2 2 1)              79.918
14232      (0 0 4 2 2 2 1)              79.917
14233      (0 0 4 3 2 1 1)              79.913
14234      (1 0 1 2 1 1 1)              79.912
14235      (1 0 0 0 1 1 1)              79.910
14236      (1 0 2 3 2 1 2)              79.906
14237      (1 0 2 3 1 0 1)              79.908
14238      (0 0 4 5 2 1 1)              79.905
14239      (1 0 1 2 1 1 1)              79.904
14240      (0 0 4 3 2 1 1)              79.900
14241      (0 0 2 3 2 0 2)              79.896
14242      (0 0 4 2 2 2 1)              79.894
14243      (1 0 1 2 1 1 1)              79.891
14244      (0 0 4 6 1 1 1)              79.889
14245      (1 0 2 3 1 2 0)              79.888
14246      (1 0 1 2 1 2 1)              79.887
14247      (1 0 1 2 1 1 1)              79.885
14248      (1 0 1 2 1 1 1)              79.883
14249      (1 0 3 1 2 1 2)              79.880
14250      (1 0 3 1 2 1 2)              79.879
14251      (1 0 1 2 0 0 1)              79.876
14252      (1 0 1 2 1 2 1)              79.876
14253      (0 0 4 3 2 1 1)              79.871
14254      (0 0 4 2 2 2 1)              79.869
14255      (0 0 4 6 1 2 1)              79.866
14256      (0 0 4 2 2 2 1)              79.865
14257      (0 0 4 6 1 2 1)              79.863
14258      (0 0 0 4 1 2 0)              79.859
14259      (0 0 4 2 2 2 1)              79.858
14260      (1 0 2 3 1 0 1)              79.857
14261      (0 0 4 5 2 1 1)              79.854
14262      (0 0 1 2 1 1 1)              79.850
14263      (1 0 1 2 1 2 1)              79.847
14264      (0 0 1 2 0 0 1)              79.843
14265      (1 0 2 3 2 1 2)              79.841
14266      (1 0 1 2 1 1 1)              79.839
14267      (1 0 2 3 1 2 1)              79.838
14268      (1 0 1 2 1 1 1)              79.836
14269      (1 0 1 2 1 2 1)              79.836
14271      (0 0 4 6 2 2 1)              79.833
14272      (1 0 1 2 1 2 1)              79.830
14273      (0 0 4 2 2 2 1)              79.830
14274      (0 0 4 6 1 2 1)              79.829
14276      (1 0 3 1 2 1 2)              79.828
14277      (1 0 1 2 1 1 1)              79.826
14278      (0 0 4 3 1 1 1)              79.822
14279      (1 0 1 2 0 0 1)              79.820
14280      (0 0 4 6 0 0 1)              79.818
14281      (0 0 4 2 2 2 1)              79.817
14282      (0 0 1 2 0 0 1)              79.813
14283      (1 0 3 1 2 1 2)              79.811
14284      (1 0 2 3 1 0 1)              79.810
14285      (1 0 2 3 1 0 1)              79.809
14286      (1 0 1 2 1 1 1)              79.808
14287      (1 0 2 3 2 1 2)              79.805
14288      (1 0 1 2 1 2 1)              79.802
14289      (0 0 4 2 2 2 1)              79.801
14290      (1 0 1 2 1 1 1)              79.798
14291      (1 0 2 3 1 0 1)              79.797
14292      (0 0 0 4 1 2 0)              79.794
14293      (1 0 1 2 1 1 1)              79.794
14294      (1 0 1 2 1 2 1)              79.792
14295      (1 0 3 1 2 1 2)              79.790
14296      (1 0 1 2 1 2 1)              79.789
14297      (0 0 4 3 2 1 1)              79.785
14298      (1 0 1 2 1 2 1)              79.784
14299      (1 0 1 2 1 1 1)              79.783
14300      (1 0 3 1 2 1 2)              79.779
14301      (0 0 4 2 2 2 1)              79.778
14302      (0 0 0 4 0 1 0)              79.775
14303      (0 0 4 2 2 2 1)              79.774
14304      (1 0 1 2 1 1 1)              79.772
14305      (1 0 1 2 1 2 1)              79.770
14306      (0 1 4 6 0 0 1)              79.768
14307      (1 0 3 1 2 1 2)              79.764
14308      (0 0 1 2 0 0 1)              79.761
14309      (1 0 1 2 1 1 1)              79.759
14310      (0 0 4 2 2 2 1)              79.758
14311      (0 0 4 2 2 2 1)              79.756
14312      (1 0 2 3 1 0 1)              79.754
14313      (0 0 4 3 2 1 1)              79.751
14314      (1 0 3 1 2 1 2)              79.748
14315      (1 0 1 2 0 0 1)              79.746
14316      (0 0 4 3 2 1 1)              79.742
14317      (0 0 4 2 2 2 1)              79.741
14318      (0 0 2 3 2 0 2)              79.737
14319      (0 0 4 2 2 2 1)              79.735
14320      (1 0 1 2 1 2 1)              79.735
14321      (0 0 2 3 1 2 1)              79.735
14322      (0 0 2 3 1 2 1)              79.732
14323      (1 0 3 1 2 1 2)              79.729
14324      (1 0 1 2 0 0 0)              79.726
14325      (1 0 2 3 2 2 1)              79.727
14326      (1 0 1 2 1 2 1)              79.725
14327      (1 0 3 1 2 1 2)              79.724
14328      (1 0 1 2 1 1 1)              79.720
14329      (0 0 4 6 1 2 1)              79.719
14330      (1 0 1 2 1 1 1)              79.717
14331      (1 0 1 2 1 1 1)              79.714
14332      (1 0 1 2 1 1 1)              79.712
14333      (1 0 4 5 2 2 2)              79.711
14334      (1 0 3 1 2 1 2)              79.710
14335      (0 0 1 2 1 1 1)              79.707
14336      (1 0 1 2 1 1 1)              79.706
14337      (0 0 1 2 0 0 1)              79.702
14338      (1 0 1 2 0 0 1)              79.699
14339      (1 0 1 2 1 2 1)              79.699
14340      (0 0 4 3 1 1 1)              79.695
14341      (1 0 2 3 1 0 1)              79.694
14342      (1 0 1 2 1 1 1)              79.691
14343      (1 0 1 2 1 2 1)              79.689
14344      (1 0 1 2 1 1 1)              79.686
14345      (1 0 1 2 2 2 1)              79.685
14346      (0 0 1 2 0 0 1)              79.682
14347      (1 0 1 2 0 0 0)              79.679
14348      (0 0 4 2 2 2 1)              79.678
14349      (1 0 1 2 1 2 1)              79.674
14350      (1 0 1 2 1 1 1)              79.671
14351      (1 0 1 2 0 0 1)              79.670
14352      (0 0 4 6 0 0 1)              79.668
14353      (1 0 1 2 1 2 1)              79.668
14354      (1 0 2 3 1 2 0)              79.665
14355      (1 0 0 0 0 1 1)              79.664
14356      (1 0 3 1 2 1 2)              79.661
14357      (1 0 1 2 1 1 1)              79.658
14358      (1 0 1 2 1 1 1)              79.657
14359      (1 0 2 3 1 2 1)              79.655
14360      (1 0 0 0 2 2 1)              79.655
14361      (0 0 4 2 2 2 1)              79.653
14362      (1 0 1 2 1 0 1)              79.652
14363      (1 0 2 3 1 0 1)              79.650
14364      (1 0 2 3 1 0 1)              79.648
14365      (0 0 4 2 2 2 1)              79.647
14366      (1 0 3 1 2 1 2)              79.645
14367      (1 0 1 2 1 1 1)              79.643
14368      (1 0 1 2 1 2 1)              79.641
14369      (1 0 1 2 1 1 1)              79.639
14370      (1 0 1 2 1 1 1)              79.637
14371      (1 0 1 2 1 2 1)              79.637
14372      (1 0 1 2 1 2 1)              79.635
14373      (0 0 1 2 1 2 1)              79.632
14374      (0 0 1 2 1 2 1)              79.630
14375      (1 0 1 2 0 0 0)              79.626
14376      (1 0 1 2 1 2 1)              79.625
14377      (1 0 1 2 1 1 1)              79.622
14378      (1 0 2 3 2 1 2)              79.619
14379      (0 0 4 6 0 0 1)              79.617
14380      (1 0 1 2 1 1 1)              79.614
14381      (1 0 1 2 1 1 1)              79.612
14382      (0 0 4 2 2 2 1)              79.610
14383      (1 0 1 2 1 2 1)              79.609
14384      (0 0 4 3 2 1 1)              79.606
14385      (1 0 0 0 2 2 1)              79.607
14386      (1 0 3 1 2 1 2)              79.605
14387      (1 0 2 3 2 2 1)              79.605
14388      (1 0 1 2 0 0 1)              79.604
14389      (1 0 1 2 1 1 1)              79.602
14390      (1 0 2 3 2 2 1)              79.603
14391      (1 0 2 3 1 0 1)              79.604
14392      (1 0 3 1 2 1 2)              79.601
14393      (1 0 1 2 0 0 1)              79.598
14394      (1 0 3 1 2 1 2)              79.597
14395      (1 0 1 2 1 2 1)              79.594
14396      (1 0 1 2 2 2 1)              79.593
14397      (0 0 4 2 2 2 1)              79.592
14398      (1 0 0 0 0 0 0)              79.592
14399      (1 0 0 0 1 2 0)              79.593
14400      (1 0 1 2 1 1 1)              79.591
14401      (0 0 1 2 2 1 2)              79.588
14402      (1 0 1 2 1 1 1)              79.586
14403      (1 0 1 2 1 1 1)              79.584
14404      (1 0 1 2 1 2 1)              79.582
14405      (0 0 2 3 1 2 1)              79.582
14406      (1 0 0 0 1 2 0)              79.582
14407      (0 0 2 3 1 2 1)              79.578
14408      (1 0 3 1 2 1 2)              79.577
14409      (0 0 4 2 2 2 1)              79.575
14410      (0 0 4 2 2 2 1)              79.574
14411      (1 0 1 2 1 1 1)              79.570
14412      (1 0 4 5 2 2 2)              79.569
14413      (1 0 1 2 1 1 1)              79.567
14414      (1 0 3 1 2 1 2)              79.563
14415      (0 0 1 2 1 2 1)              79.560
14416      (1 0 1 2 1 2 1)              79.558
14417      (0 0 2 3 1 2 1)              79.555
14418      (1 0 4 5 2 2 2)              79.554
14419      (1 0 1 2 1 2 1)              79.554
14420      (0 0 1 2 0 0 1)              79.550
14421      (1 0 2 3 1 2 0)              79.547
14422      (1 0 2 3 1 0 1)              79.546
14423      (0 0 4 2 2 2 1)              79.544
14424      (0 0 4 6 1 1 1)              79.542
14425      (1 0 1 2 1 2 1)              79.541
14426      (0 0 4 5 2 1 1)              79.538
14427      (1 0 0 0 2 2 1)              79.538
14428      (0 0 4 2 2 2 1)              79.537
14429      (1 0 1 2 1 2 1)              79.535
14430      (0 0 1 2 2 2 1)              79.531
14431      (1 0 2 3 1 0 1)              79.529
14432      (0 0 4 2 2 2 1)              79.526
14433      (1 0 0 0 1 2 1)              79.526
14434      (1 0 1 2 1 1 1)              79.524
14435      (0 0 4 6 1 1 1)              79.523
14436      (0 0 4 2 2 2 1)              79.521
14437      (0 0 1 2 0 0 1)              79.518
14438      (1 0 3 1 2 1 2)              79.515
14439      (1 0 1 2 0 0 1)              79.514
14440      (1 0 1 2 1 1 1)              79.512
14441      (1 0 3 1 2 1 2)              79.510
14442      (1 0 2 3 2 1 2)              79.508
14443      (0 0 1 2 1 1 1)              79.503
14444      (1 0 4 5 2 2 2)              79.502
14445      (0 0 1 2 1 1 1)              79.499
14446      (1 0 3 1 2 1 2)              79.498
14447      (1 0 1 2 1 1 1)              79.496
14448      (0 0 4 2 2 2 1)              79.495
14449      (1 0 1 2 1 1 1)              79.492
14450      (1 0 1 2 0 0 0)              79.489
14451      (1 0 1 2 1 2 1)              79.485
14452      (0 0 4 5 2 1 1)              79.482
14453      (0 0 4 6 0 0 1)              79.481
14454      (1 0 1 2 1 1 1)              79.479
14455      (1 0 1 2 1 2 1)              79.479
14456      (0 0 4 2 2 2 1)              79.477
14457      (0 0 1 2 1 1 1)              79.474
14458      (1 0 1 2 1 1 1)              79.472
14459      (1 0 1 2 1 2 1)              79.471
14460      (0 0 1 2 1 1 1)              79.468
14461      (0 0 2 3 2 2 0)              79.466
14462      (0 0 4 6 1 2 1)              79.464
14463      (1 0 1 2 0 0 0)              79.462
14464      (0 0 1 2 1 1 1)              79.459
14465      (1 0 1 2 0 0 1)              79.456
14466      (0 0 1 2 1 1 1)              79.454
14467      (0 0 4 2 2 2 1)              79.452
14468      (1 0 1 2 1 1 1)              79.451
14469      (1 0 2 3 2 1 1)              79.449
14470      (1 0 1 2 1 1 1)              79.448
14471      (0 0 4 2 2 2 1)              79.446
14472      (0 0 2 3 1 2 1)              79.447
14473      (0 0 4 6 1 2 1)              79.446
14474      (1 0 1 2 1 2 1)              79.445
14475      (0 0 1 2 0 0 1)              79.442
14476      (0 0 2 3 1 2 1)              79.441
14477      (0 0 1 2 0 0 1)              79.438
14478      (1 0 2 3 1 0 1)              79.436
14479      (0 0 4 2 2 2 1)              79.435
14480      (1 0 2 3 1 0 1)              79.434
14481      (1 0 0 0 1 2 0)              79.432
14482      (1 0 1 2 1 2 1)              79.431
14483      (1 0 1 2 1 1 1)              79.429
14484      (1 0 2 3 1 0 1)              79.427
14485      (1 0 0 0 1 2 1)              79.427
14486      (1 0 1 2 1 1 1)              79.424
14487      (0 0 4 6 1 2 1)              79.423
14488      (1 0 2 3 1 0 1)              79.422
14489      (0 0 4 2 2 2 1)              79.421
14490      (1 0 1 2 1 1 1)              79.420
14491      (1 0 1 2 1 2 1)              79.417
14492      (0 0 1 2 1 1 1)              79.415
14493      (1 0 1 2 1 2 1)              79.414
14494      (1 0 3 1 2 1 2)              79.412
14495      (1 0 1 2 0 0 1)              79.410
14496      (1 0 1 2 0 0 0)              79.407
14497      (0 0 4 5 2 1 1)              79.404
14498      (0 0 2 3 1 2 1)              79.402
14499      (0 0 4 3 2 1 1)              79.397
14500      (1 0 3 1 2 1 2)              79.394
14501      (0 0 4 6 0 0 1)              79.392
14502      (0 0 4 2 2 2 1)              79.391
14503      (1 0 1 2 2 2 1)              79.390
14504      (1 0 2 3 2 2 1)              79.390
14505      (1 0 2 3 2 2 1)              79.391
14506      (1 0 1 2 1 1 1)              79.389
14507      (1 0 1 2 1 2 1)              79.386
14508      (0 0 4 5 2 1 1)              79.382
14509      (1 0 1 2 1 1 1)              79.379
14510      (1 0 1 2 1 1 1)              79.376
14511      (0 0 4 2 2 2 1)              79.375
14512      (0 0 4 6 1 1 1)              79.372
14513      (1 0 2 3 1 0 1)              79.371
14514      (1 0 1 2 1 2 1)              79.369
14515      (1 0 2 3 2 2 1)              79.370
14516      (0 0 4 5 2 1 1)              79.366
14517      (1 0 1 2 1 2 1)              79.366
14518      (1 0 1 2 1 2 1)              79.362
14519      (1 0 2 3 1 0 1)              79.361
14520      (0 0 1 2 2 2 1)              79.358
14521      (1 0 1 2 1 1 1)              79.354
14522      (1 0 1 2 0 0 1)              79.353
14523      (1 0 3 1 2 1 2)              79.349
14524      (1 0 1 2 1 2 1)              79.349
14525      (0 0 4 2 2 2 1)              79.346
14526      (1 0 1 2 1 2 1)              79.346
14527      (0 0 2 3 1 2 1)              79.343
14528      (1 0 3 1 2 1 2)              79.342
14529      (1 0 1 2 1 2 1)              79.340
14530      (1 0 2 3 1 0 1)              79.339
14531      (1 0 1 2 1 1 1)              79.337
14532      (1 0 2 3 2 1 2)              79.335
14533      (0 0 1 2 0 0 1)              79.331
14534      (1 0 1 2 1 2 1)              79.330
14535      (0 0 1 2 0 0 1)              79.326
14536      (1 0 1 2 1 1 1)              79.325
14537      (0 0 2 3 2 2 2)              79.325
14538      (1 0 3 1 2 1 2)              79.324
14539      (0 0 2 3 2 2 2)              79.325
14540      (0 0 4 2 2 2 1)              79.323
14541      (1 0 2 3 1 0 1)              79.323
14542      (1 0 4 5 2 2 2)              79.321
14543      (0 0 2 3 1 2 1)              79.319
14544      (1 0 2 3 1 0 1)              79.317
14545      (0 0 4 2 2 2 1)              79.316
14546      (0 0 2 3 1 2 1)              79.316
14547      (1 0 1 2 1 1 1)              79.315
14548      (1 0 1 2 1 1 1)              79.313
14549      (1 0 1 2 1 2 1)              79.313
14550      (1 0 3 1 2 1 2)              79.310
14551      (0 0 4 2 2 2 1)              79.309
14552      (1 0 1 2 0 0 1)              79.306
14553      (1 0 1 2 0 0 1)              79.305
14554      (0 0 0 4 1 2 0)              79.302
14555      (1 0 3 1 2 1 2)              79.301
14556      (1 0 1 2 0 0 1)              79.298
14557      (1 0 4 5 2 2 2)              79.297
14558      (1 0 4 5 2 2 2)              79.297
14559      (1 0 2 3 1 0 1)              79.295
14560      (1 0 2 3 1 2 1)              79.295
14561      (1 0 3 1 2 1 2)              79.293
14562      (1 0 1 2 0 0 1)              79.292
14563      (1 0 3 1 2 1 2)              79.290
14564      (0 0 4 5 2 1 1)              79.289
14565      (0 0 4 2 2 2 1)              79.287
14566      (1 0 4 5 2 2 2)              79.286
14567      (0 0 4 2 2 2 1)              79.284
14568      (1 0 1 2 0 0 1)              79.283
14569      (1 0 1 2 1 1 1)              79.281
14570      (1 0 2 3 2 1 2)              79.279
14571      (1 0 0 0 2 2 1)              79.275
14572      (0 0 4 3 2 1 1)              79.272
14573      (1 0 1 2 1 2 1)              79.270
14574      (1 0 0 0 2 2 1)              79.270
14575      (1 0 1 2 1 1 1)              79.269
14578      (1 0 2 3 1 2 0)              79.267
14579      (0 0 4 5 2 1 1)              79.264
14580      (1 0 3 1 2 1 2)              79.261
14581      (1 0 1 2 1 1 1)              79.258
14582      (0 0 4 2 2 2 1)              79.257
14583      (1 0 1 2 1 1 1)              79.256
14584      (1 0 2 3 2 1 1)              79.254
14585      (0 0 2 3 1 2 1)              79.251
14586      (1 0 1 2 1 1 1)              79.250
14587      (0 0 1 2 0 0 1)              79.247
14588      (0 0 4 5 2 1 1)              79.244
14589      (1 0 1 2 1 1 1)              79.241
14590      (0 0 2 3 1 2 1)              79.238
14591      (1 0 1 2 0 0 1)              79.236
14592      (1 0 1 2 1 1 1)              79.235
14593      (0 0 4 2 2 2 1)              79.234
14594      (1 0 2 3 2 2 1)              79.234
14595      (1 0 1 2 1 2 1)              79.234
14596      (1 0 3 1 1 2 1)              79.232
14597      (0 0 1 2 1 1 1)              79.228
14598      (0 0 0 4 1 1 1)              79.227
14599      (1 0 0 0 1 1 1)              79.226
14600      (1 0 1 2 2 2 1)              79.225
14601      (1 0 0 0 1 2 1)              79.225
14602      (1 0 1 2 0 0 1)              79.222
14603      (0 0 4 3 2 1 1)              79.219
14604      (0 0 4 5 2 1 1)              79.216
14605      (0 0 4 2 2 2 1)              79.215
14606      (1 0 1 2 1 2 1)              79.214
14607      (1 0 1 2 1 1 1)              79.213
14608      (1 0 1 2 1 1 1)              79.211
14609      (0 0 0 4 0 1 0)              79.207
14610      (1 0 1 2 1 1 1)              79.205
14611      (1 0 3 1 2 1 2)              79.204
14612      (0 0 4 6 1 2 1)              79.201
14613      (1 0 3 1 2 1 2)              79.198
14614      (0 0 1 2 0 0 1)              79.194
14615      (1 0 1 2 1 2 1)              79.193
14616      (1 0 1 2 1 2 1)              79.192
14617      (1 0 4 5 2 2 2)              79.191
14618      (0 0 4 6 1 2 1)              79.190
14619      (0 0 4 2 2 2 1)              79.189
14620      (1 0 2 3 1 2 1)              79.188
14621      (0 0 4 6 2 1 1)              79.186
14622      (1 0 3 1 2 1 2)              79.184
14623      (1 0 1 2 1 2 1)              79.184
14624      (1 0 2 3 2 1 2)              79.181
14625      (0 0 4 3 2 1 1)              79.178
14626      (1 0 2 3 1 0 1)              79.176
14627      (0 0 2 3 1 2 1)              79.176
14628      (1 0 1 2 1 1 1)              79.172
14629      (0 0 4 5 2 1 1)              79.170
14630      (1 0 1 2 1 2 1)              79.167
14631      (1 0 1 2 1 2 1)              79.166
14632      (1 0 1 2 1 1 1)              79.163
14633      (1 0 3 1 2 1 2)              79.162
14634      (1 0 3 1 2 1 2)              79.160
14635      (1 0 0 0 1 2 1)              79.160
14636      (1 0 2 3 1 0 1)              79.158
14637      (1 0 2 3 1 2 0)              79.156
14638      (1 0 3 1 2 1 2)              79.153
14639      (1 0 2 3 1 0 1)              79.153
14640      (0 0 2 3 1 2 1)              79.152
14641      (1 0 3 1 2 1 2)              79.151
14642      (1 0 2 3 2 1 2)              79.148
14643      (1 0 2 3 0 0 0)              79.148
14644      (1 0 1 2 1 2 1)              79.145
14645      (1 0 1 2 1 1 1)              79.144
14646      (0 0 4 3 2 1 1)              79.140
14647      (1 0 1 2 0 0 1)              79.138
14648      (1 0 2 3 2 1 1)              79.136
14649      (1 0 0 0 1 2 1)              79.136
14650      (0 0 4 2 2 2 1)              79.134
14651      (0 0 4 6 1 2 1)              79.131
14652      (1 0 1 2 1 1 1)              79.127
14653      (1 0 1 2 1 2 1)              79.127
14654      (1 0 1 2 1 2 1)              79.125
14655      (0 0 1 2 0 0 1)              79.122
14656      (1 0 1 2 1 2 1)              79.121
14657      (0 0 4 2 2 2 1)              79.120
14658      (1 0 2 3 1 0 1)              79.118
14659      (1 0 1 2 1 2 1)              79.117
14660      (1 0 1 2 1 1 1)              79.115
14661      (1 0 2 3 1 2 1)              79.115
14662      (1 0 3 1 2 1 2)              79.112
14663      (1 0 2 3 1 0 1)              79.111
14664      (0 1 4 6 0 0 1)              79.108
14665      (0 0 1 2 0 0 1)              79.105
14666      (1 0 1 2 1 2 1)              79.104
14667      (0 0 4 6 2 2 1)              79.102
14668      (0 0 4 3 2 1 1)              79.097
14669      (1 0 1 2 0 0 1)              79.095
14670      (1 0 1 2 1 1 1)              79.093
14671      (1 0 1 2 1 2 1)              79.093
14672      (1 0 1 2 1 1 1)              79.091
14673      (1 0 2 3 1 2 0)              79.090
14674      (0 0 4 2 2 2 1)              79.089
14675      (1 0 1 2 1 1 1)              79.088
14676      (0 0 4 2 2 2 1)              79.086
14677      (1 0 1 2 1 2 1)              79.085
14678      (1 0 0 0 2 2 1)              79.085
14679      (1 0 1 2 1 1 1)              79.084
14680      (1 0 1 2 1 1 1)              79.081
14681      (1 0 1 2 1 1 1)              79.080
14682      (1 0 3 1 2 1 2)              79.078
14683      (1 0 1 2 1 1 1)              79.077
14684      (1 0 1 2 1 1 1)              79.075
14685      (1 0 3 1 2 1 2)              79.073
14686      (1 0 3 1 2 1 2)              79.071
14687      (0 0 4 2 2 2 1)              79.071
14688      (0 0 4 2 2 2 1)              79.069
14689      (1 0 3 1 2 1 2)              79.066
14690      (0 0 4 2 2 2 1)              79.064
14691      (0 0 4 2 2 2 1)              79.063
14692      (1 0 1 2 0 0 1)              79.060
14693      (1 0 1 2 1 2 1)              79.059
14694      (1 0 1 2 1 1 1)              79.056
14695      (0 0 4 2 2 2 1)              79.055
14696      (1 0 1 2 1 2 1)              79.055
14697      (0 0 1 2 0 0 1)              79.051
14698      (0 0 4 2 2 2 1)              79.050
14699      (1 0 1 2 1 1 1)              79.047
14700      (0 0 4 3 2 1 1)              79.043
14701      (1 0 3 1 2 1 2)              79.041
14702      (1 0 3 1 2 1 2)              79.040
14703      (0 0 2 3 1 2 1)              79.038
14704      (1 0 1 2 1 1 1)              79.037
14705      (1 0 2 3 2 1 1)              79.035
14706      (0 0 4 2 2 2 1)              79.034
14707      (1 0 1 2 0 0 0)              79.031
14708      (1 0 2 3 1 0 1)              79.030
14709      (1 0 2 3 1 0 1)              79.028
14710      (1 0 2 3 2 1 2)              79.026
14711      (0 0 4 2 2 2 1)              79.024
14712      (1 0 1 2 1 0 1)              79.023
14713      (1 0 1 2 1 1 1)              79.021
14714      (1 0 1 2 1 1 1)              79.019
14715      (1 0 1 2 1 1 1)              79.017
14716      (1 0 1 2 1 2 1)              79.017
14717      (1 0 4 5 2 2 2)              79.016
14718      (1 0 3 1 2 1 2)              79.013
14719      (0 0 4 5 2 1 1)              79.010
14720      (0 0 1 2 1 1 1)              79.008
14721      (1 0 2 3 1 0 1)              79.007
14722      (1 0 1 2 1 1 1)              79.004
14723      (1 0 1 2 1 1 1)              79.003
14724      (1 0 2 3 1 0 1)              79.001
14725      (1 0 1 2 1 1 1)              79.000
14726      (1 0 2 3 1 0 1)              78.998
14727      (0 0 4 2 2 2 1)              78.996
14728      (1 0 1 2 1 0 1)              78.994
14729      (0 0 4 6 0 0 1)              78.991
14730      (0 0 4 3 2 1 1)              78.988
14731      (1 0 3 1 2 1 2)              78.985
14732      (1 0 1 2 1 1 1)              78.983
14733      (1 0 2 3 1 0 1)              78.982
14734      (1 0 0 0 2 2 1)              78.982
14735      (1 0 2 3 1 0 1)              78.982
14736      (0 0 4 2 2 2 1)              78.981
14737      (0 0 4 3 2 1 1)              78.980
14738      (1 0 1 2 1 1 1)              78.978
14739      (1 0 1 2 0 0 0)              78.976
14740      (0 0 4 2 2 2 1)              78.973
14741      (1 0 1 2 1 2 1)              78.972
14742      (1 0 2 3 1 0 1)              78.970
14743      (1 0 1 2 1 2 1)              78.970
14744      (0 0 4 6 0 0 1)              78.968
14745      (1 0 1 2 1 1 1)              78.967
14746      (1 0 2 3 1 2 0)              78.966
14747      (1 0 1 2 0 0 0)              78.963
14748      (1 0 3 1 2 1 2)              78.961
14749      (0 0 1 2 0 0 1)              78.957
14750      (1 0 1 2 0 0 0)              78.955
14751      (1 0 2 3 1 2 0)              78.953
14752      (1 0 2 3 1 1 1)              78.952
14753      (1 0 1 2 1 1 1)              78.951
14754      (1 0 3 1 2 1 2)              78.951
14755      (0 0 4 2 2 2 1)              78.947
14756      (1 0 3 1 2 1 2)              78.946
14757      (1 0 1 2 1 2 1)              78.945
14758      (1 0 2 3 2 2 1)              78.946
14759      (1 0 0 3 1 0 1)              78.946
14760      (1 0 1 2 1 2 1)              78.944
14761      (1 0 4 5 2 2 2)              78.943
14762      (1 0 1 2 0 0 1)              78.942
14763      (1 0 1 2 1 1 1)              78.940
14764      (0 0 1 2 0 0 1)              78.937
14765      (0 0 4 3 2 1 1)              78.933
14766      (0 0 4 2 2 2 1)              78.930
14767      (1 0 4 5 2 2 2)              78.929
14768      (1 0 2 3 2 1 2)              78.926
14769      (1 0 1 2 1 1 1)              78.926
14770      (0 0 4 2 2 2 1)              78.923
14771      (1 0 1 2 1 2 1)              78.921
14772      (0 0 4 2 2 2 1)              78.919
14773      (1 0 1 2 1 2 1)              78.919
14774      (0 0 4 6 1 2 1)              78.917
14775      (0 0 1 2 0 0 1)              78.914
14776      (1 0 1 2 0 0 1)              78.912
14777      (1 0 3 1 2 1 2)              78.909
14778      (0 0 4 2 2 2 1)              78.906
14779      (0 0 1 2 1 2 1)              78.903
14780      (0 0 4 2 2 2 1)              78.902
14781      (1 0 3 1 2 1 2)              78.900
14782      (1 0 3 1 2 1 2)              78.899
14783      (1 0 1 2 1 1 1)              78.897
14784      (1 0 2 3 2 1 2)              78.894
14785      (1 0 1 2 1 1 1)              78.892
14786      (1 0 1 2 1 2 1)              78.892
14787      (0 0 4 2 2 2 1)              78.890
14788      (0 0 2 3 1 2 1)              78.888
14789      (1 0 2 3 2 1 2)              78.885
14790      (1 0 2 3 1 0 1)              78.884
14791      (0 0 4 6 1 2 1)              78.883
14792      (1 0 1 2 1 1 1)              78.881
14793      (0 0 4 3 2 1 1)              78.878
14794      (1 0 1 2 1 1 1)              78.876
14795      (0 0 4 2 2 2 1)              78.875
14796      (1 0 4 5 2 2 2)              78.873
14797      (1 0 1 2 1 1 1)              78.872
14798      (1 0 1 2 1 2 1)              78.871
14799      (1 0 3 1 2 1 2)              78.870
14800      (1 0 1 2 1 2 1)              78.869
14801      (1 0 0 0 1 1 1)              78.868
14802      (0 0 1 2 1 1 1)              78.865
14803      (1 0 1 2 1 1 1)              78.863
14804      (1 0 1 2 1 1 1)              78.861
14805      (0 0 1 2 0 0 1)              78.858
14806      (1 0 1 2 1 1 1)              78.856
14807      (1 0 1 2 1 1 1)              78.854
14808      (0 0 4 2 2 2 1)              78.854
14809      (1 0 1 2 1 1 1)              78.852
14810      (1 0 1 2 1 2 1)              78.850
14811      (1 0 1 2 1 1 1)              78.848
14812      (1 0 4 5 2 2 2)              78.848
14813      (1 0 1 2 1 2 1)              78.847
14814      (1 0 3 1 2 1 2)              78.846
14815      (1 0 1 2 1 2 1)              78.845
14816      (1 0 1 2 1 1 1)              78.843
14817      (1 0 2 3 1 0 1)              78.841
14818      (0 0 4 2 2 2 1)              78.837
14819      (1 0 2 3 1 0 1)              78.836
14820      (1 0 0 0 1 2 0)              78.835
14821      (1 0 2 3 1 0 1)              78.834
14822      (1 0 1 2 1 1 1)              78.832
14823      (1 0 2 3 0 0 0)              78.832
14824      (1 0 0 0 1 2 0)              78.831
14825      (0 0 4 2 2 2 1)              78.830
14826      (0 0 2 3 1 2 1)              78.828
14827      (1 0 3 1 2 1 2)              78.827
14828      (0 0 4 6 0 0 1)              78.824
14829      (1 0 1 2 1 1 1)              78.822
14830      (1 0 3 1 2 1 2)              78.819
14831      (1 0 1 2 1 1 1)              78.818
14832      (0 0 2 3 1 2 1)              78.815
14833      (1 0 3 1 2 1 2)              78.811
14834      (1 0 3 1 2 1 2)              78.809
14835      (1 0 1 2 1 1 1)              78.806
14836      (1 0 1 2 1 1 1)              78.804
14837      (0 0 4 2 2 2 1)              78.802
14838      (1 0 1 2 1 1 1)              78.801
14839      (1 0 1 2 1 2 1)              78.801
14840      (1 0 3 1 2 1 2)              78.799
14841      (1 0 2 3 2 1 2)              78.797
14842      (1 0 3 1 2 1 2)              78.795
14843      (0 0 4 2 2 2 1)              78.794
14844      (0 0 4 2 2 2 1)              78.792
14845      (1 0 2 3 2 2 1)              78.793
14846      (1 0 2 3 2 1 2)              78.790
14847      (0 0 4 3 2 1 1)              78.786
14848      (0 0 4 2 2 2 1)              78.785
14849      (1 0 2 3 2 1 1)              78.784
14850      (0 0 4 2 2 2 1)              78.781
14851      (1 0 1 2 1 2 1)              78.778
14852      (1 0 1 2 1 1 1)              78.777
14853      (0 0 4 2 2 2 1)              78.775
14854      (0 0 4 5 2 1 1)              78.773
14855      (0 0 4 2 2 2 1)              78.772
14856      (0 0 1 2 1 2 1)              78.770
14857      (1 0 1 2 1 2 1)              78.768
14858      (0 0 4 2 2 2 1)              78.767
14859      (0 0 4 2 2 2 1)              78.766
14860      (1 0 1 2 1 1 1)              78.765
14861      (1 0 1 2 1 2 1)              78.765
14862      (0 0 2 3 2 2 0)              78.762
14863      (1 0 3 1 2 1 2)              78.760
14864      (1 0 3 1 2 1 2)              78.758
14865      (0 0 4 6 1 2 1)              78.757
14866      (1 0 1 2 1 1 1)              78.756
14867      (1 0 1 2 1 1 1)              78.755
14868      (0 0 0 4 0 1 0)              78.752
14869      (0 0 4 2 2 2 1)              78.751
14870      (1 0 1 2 1 2 1)              78.749
14871      (1 0 1 2 1 1 1)              78.746
14872      (0 0 4 5 2 1 1)              78.743
14873      (0 0 4 6 1 2 1)              78.739
14874      (1 0 1 2 1 2 1)              78.739
14875      (1 0 3 1 2 1 2)              78.737
14876      (0 0 4 5 2 1 1)              78.734
14877      (1 0 1 2 1 1 1)              78.733
14878      (1 0 2 3 1 0 1)              78.731
14879      (1 0 2 3 1 0 1)              78.730
14880      (1 0 1 2 1 2 1)              78.729
14881      (1 0 1 2 1 1 1)              78.728
14882      (1 0 1 2 1 1 1)              78.726
14883      (1 0 2 3 2 2 1)              78.727
14884      (1 0 2 3 2 1 2)              78.727
14885      (1 0 1 2 1 1 1)              78.725
14886      (1 0 1 2 1 1 1)              78.723
14887      (0 0 4 2 2 2 1)              78.721
14888      (0 1 0 0 2 2 1)              78.719
14889      (0 0 4 6 0 0 1)              78.718
14890      (0 0 4 3 2 1 1)              78.715
14891      (1 0 1 2 1 1 1)              78.713
14892      (1 0 1 2 2 2 1)              78.713
14893      (1 0 2 3 1 2 1)              78.712
14894      (1 0 1 2 1 1 1)              78.709
14895      (0 0 4 5 2 1 1)              78.705
14896      (0 0 4 2 2 2 1)              78.702
14897      (1 0 1 2 1 2 1)              78.702
14898      (0 0 4 2 2 2 1)              78.698
14899      (1 0 3 1 2 1 2)              78.697
14900      (0 0 4 2 2 2 1)              78.695
14901      (0 0 1 2 0 0 1)              78.693
14902      (1 0 1 2 1 2 1)              78.692
14903      (0 0 1 2 1 1 1)              78.690
14904      (0 0 1 2 1 1 1)              78.688
14905      (1 0 3 1 2 1 2)              78.685
14906      (0 0 4 2 2 2 1)              78.684
14907      (1 0 2 3 1 0 1)              78.682
14908      (0 0 4 6 1 1 1)              78.681
14909      (1 0 2 3 2 1 2)              78.678
14910      (1 0 4 5 2 2 2)              78.678
14911      (1 0 1 2 1 2 1)              78.677
14912      (1 0 1 2 1 1 1)              78.676
14913      (0 0 1 2 1 1 1)              78.673
14914      (1 0 1 2 1 1 1)              78.671
14915      (0 0 4 2 2 2 1)              78.670
14916      (1 0 1 2 1 2 1)              78.669
14917      (1 0 1 2 1 1 1)              78.668
14918      (1 0 1 2 1 2 1)              78.665
14919      (1 0 3 1 2 1 2)              78.664
14920      (1 0 2 3 1 2 0)              78.663
14921      (0 0 2 3 1 2 1)              78.660
14922      (0 0 1 2 1 1 1)              78.658
14923      (1 0 2 3 1 0 1)              78.656
14924      (0 0 4 2 2 2 1)              78.655
14925      (0 0 1 2 0 0 1)              78.652
14926      (0 0 0 4 2 2 1)              78.652
14927      (1 0 2 3 1 1 1)              78.650
14928      (0 0 4 5 2 1 1)              78.646
14929      (1 0 0 0 2 2 1)              78.647
14930      (0 0 4 2 2 2 1)              78.645
14931      (1 0 1 2 1 1 1)              78.644
14932      (1 0 2 3 2 2 1)              78.640
14933      (0 0 4 2 2 2 1)              78.639
14934      (0 0 4 3 2 1 1)              78.636
14935      (1 0 1 2 1 1 1)              78.634
14936      (1 0 3 1 2 1 2)              78.633
14937      (0 0 1 2 1 1 1)              78.629
14938      (1 0 2 3 1 1 1)              78.628
14939      (0 0 4 5 2 1 1)              78.625
14940      (1 0 2 3 1 0 1)              78.623
14941      (1 0 4 5 2 2 2)              78.623
14942      (1 0 2 3 1 0 1)              78.622
14943      (0 0 4 2 2 2 1)              78.621
14944      (1 0 0 0 1 0 1)              78.621
14945      (1 0 2 3 1 0 1)              78.621
14946      (0 0 4 4 1 1 1)              78.618
14947      (1 0 1 2 1 1 1)              78.617
14948      (0 0 4 2 2 2 1)              78.615
14949      (1 0 1 2 1 2 1)              78.615
14950      (0 0 4 6 1 1 1)              78.614
14951      (1 0 1 2 1 1 1)              78.610
14952      (0 0 1 2 1 1 1)              78.608
14953      (1 0 0 0 0 2 1)              78.605
14954      (0 0 4 6 2 2 1)              78.603
14955      (1 0 2 3 1 2 0)              78.602
14956      (1 0 3 1 2 1 2)              78.598
14957      (0 0 4 6 1 2 1)              78.597
14958      (0 0 1 2 1 1 1)              78.592
14959      (1 0 0 0 0 2 1)              78.590
14960      (1 0 2 3 2 1 2)              78.591
14961      (1 0 1 2 1 2 1)              78.588
14962      (1 0 1 2 1 1 1)              78.586
14963      (0 0 4 6 0 0 1)              78.583
14964      (0 0 4 2 2 2 1)              78.583
14965      (1 0 3 1 2 1 2)              78.581
14966      (1 0 1 2 1 1 1)              78.581
14967      (1 0 1 2 1 1 1)              78.580
14968      (1 0 1 2 2 2 1)              78.579
14969      (1 0 3 1 2 1 2)              78.576
14970      (1 0 1 2 1 1 1)              78.574
14971      (1 0 1 2 1 2 1)              78.572
14972      (1 0 0 0 0 1 1)              78.570
14973      (0 0 4 6 1 2 1)              78.568
14974      (1 0 0 0 2 2 1)              78.565
14975      (0 0 4 2 2 2 1)              78.563
14976      (0 0 4 2 2 2 1)              78.562
14977      (0 0 4 2 2 2 1)              78.560
14978      (0 0 4 2 2 2 1)              78.559
14979      (0 0 1 2 0 0 1)              78.556
14980      (0 0 4 5 2 1 1)              78.553
14981      (1 0 1 2 1 1 1)              78.552
14982      (0 0 4 2 2 2 1)              78.551
14983      (1 0 3 1 2 1 2)              78.550
14984      (1 0 2 3 1 0 1)              78.549
14985      (1 0 1 2 0 0 1)              78.547
14986      (1 0 1 2 1 2 1)              78.547
14987      (1 0 1 2 0 0 1)              78.544
14988      (1 0 1 2 1 2 1)              78.544
14989      (1 0 1 2 1 1 1)              78.541
14990      (1 0 1 2 1 1 1)              78.540
14991      (1 0 1 2 1 1 1)              78.539
14992      (1 0 2 3 1 2 1)              78.539
14993      (1 0 3 1 2 1 2)              78.538
14994      (1 0 2 3 1 0 1)              78.537
14995      (1 0 2 3 1 0 1)              78.536
14996      (1 0 1 2 0 0 0)              78.532
14997      (1 0 2 3 1 2 1)              78.532
14998      (0 0 1 2 1 1 1)              78.529
14999      (1 0 3 1 2 1 2)              78.526
15000      (0 0 1 2 0 0 1)              78.523
15001      (1 0 1 2 1 2 1)              78.522
15002      (1 0 1 2 1 1 1)              78.521
15003      (1 0 1 2 1 2 1)              78.520
15004      (1 0 2 3 1 0 1)              78.522
15005      (1 0 1 2 1 1 1)              78.520
15006      (0 0 4 2 2 2 1)              78.519
15007      (0 0 4 2 2 2 1)              78.518
15008      (1 0 1 2 1 1 1)              78.516
15009      (0 0 4 2 2 2 1)              78.515
15010      (1 0 1 2 1 2 1)              78.513
15011      (1 0 1 2 1 2 1)              78.512
15012      (1 0 3 1 2 1 2)              78.510
15013      (0 0 4 4 1 1 1)              78.509
15014      (1 0 1 2 1 1 1)              78.508
15015      (1 0 2 3 1 2 1)              78.507
15016      (1 0 1 2 1 2 1)              78.506
15017      (0 0 4 5 2 1 1)              78.503
15018      (0 0 4 2 2 2 1)              78.502
15019      (1 0 1 2 1 1 1)              78.500
15021      (1 0 1 2 0 0 1)              78.498
15022      (1 0 1 2 1 1 1)              78.496
15023      (1 0 1 2 1 1 1)              78.495
15024      (1 0 1 2 1 1 1)              78.494
15025      (0 0 4 2 2 2 1)              78.492
15026      (1 0 3 1 2 1 2)              78.491
15027      (0 0 0 4 0 1 0)              78.490
15028      (1 0 2 3 1 2 0)              78.488
15029      (1 0 1 2 1 2 0)              78.486
15030      (1 0 1 2 1 1 1)              78.484
15031      (1 0 3 1 2 1 2)              78.483
15032      (1 0 1 2 1 1 1)              78.480
15033      (0 0 0 4 0 1 0)              78.478
15034      (0 0 1 2 2 2 1)              78.476
15035      (1 0 2 3 1 0 1)              78.474
15036      (1 0 2 3 1 2 1)              78.474
15037      (0 0 4 2 2 2 1)              78.473
15038      (1 0 3 1 2 1 2)              78.472
15039      (1 0 1 2 1 1 1)              78.471
15040      (1 0 3 1 2 1 2)              78.469
15041      (0 0 4 2 2 2 1)              78.469
15042      (1 0 0 0 1 2 1)              78.468
15043      (0 0 2 3 1 1 1)              78.466
15044      (1 0 1 2 0 0 1)              78.463
15045      (0 0 4 2 2 2 1)              78.462
15046      (1 0 2 3 1 0 1)              78.461
15047      (1 0 1 2 1 2 1)              78.458
15048      (1 0 1 2 1 0 1)              78.457
15049      (1 0 2 3 2 1 2)              78.453
15050      (1 0 1 2 0 0 1)              78.451
15051      (1 0 1 2 2 2 1)              78.451
15052      (1 0 1 2 1 1 1)              78.448
15053      (0 0 4 2 2 2 1)              78.447
15054      (1 0 2 3 1 0 1)              78.445
15055      (0 0 1 2 2 1 2)              78.442
15056      (0 0 2 3 1 2 1)              78.442
15057      (1 0 1 2 1 1 1)              78.440
15059      (1 0 1 2 0 0 1)              78.439
15060      (1 0 1 2 0 0 1)              78.436
15061      (1 0 3 1 2 1 2)              78.434
15062      (1 0 3 1 2 1 2)              78.432
15063      (0 0 4 3 2 1 1)              78.427
15064      (1 0 0 0 0 0 1)              78.427
15065      (0 0 0 4 1 2 1)              78.427
15066      (0 0 4 6 0 0 1)              78.425
15067      (0 0 4 2 2 2 1)              78.424
15068      (1 0 2 3 1 2 1)              78.423
15069      (1 0 3 1 2 1 2)              78.422
15070      (0 0 4 2 1 2 1)              78.420
15071      (1 0 1 2 1 1 1)              78.419
15072      (1 0 1 2 0 0 1)              78.417
15073      (1 0 1 2 1 2 1)              78.415
15074      (1 0 2 3 1 0 1)              78.414
15075      (1 0 2 3 2 2 1)              78.414
15076      (0 0 1 2 1 1 1)              78.412
15077      (1 0 2 3 1 0 1)              78.411
15078      (1 0 2 3 2 1 2)              78.411
15079      (0 0 4 2 2 2 1)              78.410
15080      (1 0 2 3 1 0 1)              78.408
15081      (1 0 1 2 0 0 1)              78.406
15082      (1 0 1 2 1 2 1)              78.402
15083      (0 0 2 3 1 2 1)              78.400
15084      (0 0 4 6 0 0 1)              78.399
15085      (0 0 1 2 1 1 1)              78.396
15086      (0 0 4 3 2 1 1)              78.393
15087      (1 0 3 1 2 1 2)              78.391
15088      (0 0 1 2 1 1 1)              78.386
15089      (1 0 1 2 1 1 1)              78.385
15090      (1 0 1 2 1 2 1)              78.385
15091      (1 0 2 3 1 0 1)              78.383
15092      (0 0 1 2 1 1 1)              78.380
15093      (0 0 4 2 2 2 1)              78.379
15094      (0 0 4 3 2 1 1)              78.375
15095      (0 0 4 6 1 2 1)              78.374
15096      (0 0 4 6 1 2 1)              78.371
15097      (1 0 1 2 1 1 1)              78.368
15098      (1 0 1 2 1 1 1)              78.368
15099      (1 0 3 1 2 1 2)              78.366
15100      (0 0 4 2 2 2 1)              78.365
15101      (1 0 3 1 2 1 2)              78.363
15102      (1 0 0 0 0 1 1)              78.363
15103      (0 0 4 3 2 1 1)              78.360
15104      (1 0 3 1 2 1 2)              78.356
15105      (1 0 2 3 1 0 1)              78.355
15106      (0 0 4 2 2 2 1)              78.353
15107      (1 0 1 2 2 2 1)              78.353
15108      (1 0 3 1 2 1 2)              78.352
15109      (1 0 0 0 1 2 0)              78.351
15110      (1 0 3 1 2 1 2)              78.348
15111      (1 0 1 2 1 1 1)              78.346
15112      (0 0 4 2 2 2 1)              78.345
15113      (1 0 1 2 1 0 1)              78.344
15114      (0 0 4 6 1 2 1)              78.342
15115      (1 0 1 2 1 1 1)              78.340
15116      (1 0 3 1 2 1 2)              78.337
15117      (1 0 1 2 1 1 1)              78.335
15118      (1 0 3 1 2 1 2)              78.334
15119      (1 0 1 2 0 0 1)              78.331
15120      (0 0 4 2 2 2 1)              78.330
15121      (1 0 3 1 2 1 2)              78.330
15122      (1 0 3 1 2 1 2)              78.328
15123      (1 0 2 3 1 0 1)              78.327
15124      (0 0 1 2 1 1 1)              78.324
15125      (1 0 1 2 0 0 1)              78.322
15126      (0 0 4 3 2 1 1)              78.319
15127      (1 0 1 2 0 0 1)              78.317
15128      (0 0 2 3 1 1 1)              78.315
15129      (1 0 3 1 2 1 2)              78.314
15130      (0 0 0 4 1 2 0)              78.311
15131      (0 0 4 3 1 1 1)              78.310
15132      (0 0 1 2 1 1 1)              78.308
15133      (1 0 1 2 1 2 1)              78.307
15134      (1 0 1 2 1 1 1)              78.307
15135      (1 0 3 1 1 1 1)              78.304
15136      (1 0 3 1 2 1 2)              78.303
15137      (1 0 1 2 1 1 1)              78.301
15138      (0 0 4 2 2 2 1)              78.299
15139      (1 0 1 2 1 1 1)              78.297
15140      (0 0 4 2 2 2 1)              78.294
15141      (1 0 1 2 1 1 1)              78.294
15142      (1 0 1 2 1 2 1)              78.293
15143      (1 0 1 2 0 0 1)              78.291
15144      (1 0 1 2 1 2 1)              78.291
15145      (0 0 1 2 1 1 1)              78.288
15146      (1 0 1 2 0 0 1)              78.286
15147      (1 0 3 1 2 1 2)              78.285
15148      (1 0 1 2 1 1 1)              78.284
15149      (1 0 1 2 1 2 1)              78.283
15150      (1 0 3 1 2 1 2)              78.281
15151      (1 0 1 2 1 0 1)              78.280
15152      (1 0 1 2 0 0 0)              78.277
15153      (1 0 1 2 0 0 1)              78.274
15154      (1 0 2 3 1 0 1)              78.274
15155      (0 0 0 4 1 2 0)              78.272
15156      (1 0 1 2 0 0 1)              78.270
15157      (0 0 4 5 2 1 1)              78.267
15158      (1 0 1 2 1 1 1)              78.265
15159      (1 0 1 2 1 2 1)              78.265
15160      (1 0 1 2 1 1 1)              78.263
15161      (1 0 1 2 1 2 1)              78.260
15162      (0 0 1 2 0 0 1)              78.257
15163      (1 0 2 3 2 1 2)              78.255
15164      (1 0 1 2 1 1 1)              78.251
15165      (1 0 2 3 1 0 1)              78.251
15166      (0 0 1 2 0 0 1)              78.248
15167      (0 0 2 3 1 2 1)              78.246
15168      (1 0 3 1 2 1 2)              78.244
15169      (1 0 1 2 1 2 1)              78.244
15170      (1 0 3 1 2 1 2)              78.242
15171      (1 0 1 2 1 2 1)              78.241
15172      (1 0 1 2 1 2 1)              78.237
15173      (0 0 1 2 0 0 1)              78.234
15174      (1 0 1 2 1 1 1)              78.232
15175      (1 0 3 1 2 1 2)              78.230
15176      (0 0 1 2 1 1 1)              78.227
15177      (0 0 4 2 2 2 1)              78.226
15178      (1 0 1 2 1 1 1)              78.225
15179      (0 0 1 2 1 1 1)              78.223
15180      (1 0 1 2 2 2 1)              78.223
15181      (1 0 2 3 1 0 1)              78.221
15182      (1 0 1 2 1 1 1)              78.218
15183      (0 0 4 2 2 2 1)              78.216
15184      (1 0 2 3 1 0 1)              78.216
15185      (1 0 3 1 2 1 2)              78.213
15186      (1 0 1 2 0 0 0)              78.209
15187      (0 0 1 2 1 1 1)              78.206
15188      (0 0 4 3 2 1 1)              78.203
15189      (1 0 1 2 1 1 1)              78.201
15190      (1 0 1 2 1 2 1)              78.200
15191      (1 0 1 2 1 1 1)              78.200
15192      (1 0 1 2 1 1 1)              78.197
15193      (1 0 3 1 2 1 2)              78.196
15194      (1 0 1 2 1 2 1)              78.195
15195      (0 0 4 2 2 2 1)              78.193
15196      (1 0 1 2 1 2 1)              78.193
15197      (1 0 1 2 0 0 1)              78.191
15198      (0 0 1 2 1 2 1)              78.190
15199      (1 0 1 2 0 0 1)              78.189
15200      (0 0 1 2 1 1 1)              78.184
15201      (0 0 1 2 0 0 1)              78.181
15202      (1 0 2 3 1 1 1)              78.180
15203      (1 0 1 2 1 1 1)              78.177
15204      (0 0 0 4 1 2 1)              78.178
15205      (0 0 1 2 1 1 1)              78.176
15206      (0 0 1 2 0 0 1)              78.172
15207      (0 0 4 6 0 0 1)              78.172
15208      (0 0 1 2 2 1 2)              78.170
15209      (1 0 2 3 1 1 1)              78.168
15210      (0 0 4 3 2 1 1)              78.166
15211      (0 0 4 3 2 1 1)              78.163
15212      (1 0 2 3 2 2 1)              78.163
15213      (0 0 4 2 2 2 1)              78.162
15214      (0 0 1 2 1 1 1)              78.159
15215      (0 0 4 2 2 2 1)              78.158
15216      (1 0 2 3 1 0 1)              78.158
15217      (1 0 1 2 1 1 1)              78.155
15218      (0 0 4 6 0 0 1)              78.154
15219      (1 0 1 2 1 1 1)              78.152
15220      (0 0 4 2 2 2 1)              78.150
15221      (0 0 4 3 1 1 1)              78.147
15222      (0 0 4 5 2 2 1)              78.145
15223      (0 0 1 2 1 1 1)              78.141
15224      (1 0 3 1 2 1 2)              78.138
15225      (1 0 1 2 1 2 1)              78.137
15226      (1 0 1 2 1 1 1)              78.135
15227      (0 0 4 2 2 2 1)              78.134
15228      (0 0 1 2 1 1 1)              78.132
15229      (1 0 1 2 0 0 1)              78.129
15230      (0 0 4 6 0 0 1)              78.128
15231      (1 0 3 1 2 1 2)              78.126
15232      (1 0 1 2 1 0 1)              78.125
15233      (0 0 4 2 2 2 1)              78.124
15234      (0 0 2 3 1 1 1)              78.120
15235      (1 0 1 2 1 2 1)              78.119
15236      (0 0 1 2 0 0 1)              78.116
15237      (0 0 4 3 1 1 1)              78.113
15238      (0 0 4 2 2 2 1)              78.112
15239      (0 0 1 2 0 0 1)              78.109
15240      (0 0 4 3 1 1 1)              78.106
15241      (1 0 2 3 1 1 1)              78.104
15242      (0 0 4 2 2 2 1)              78.103
15243      (1 0 2 3 0 0 0)              78.104
15244      (1 0 2 3 2 2 1)              78.105
15245      (1 0 3 1 2 1 2)              78.102
15246      (1 0 2 3 2 2 1)              78.103
15247      (0 0 1 2 0 0 1)              78.100
15248      (0 0 4 6 1 2 1)              78.099
15249      (1 0 3 1 2 1 2)              78.098
15250      (1 0 1 2 1 1 1)              78.096
15251      (0 0 4 2 2 2 1)              78.094
15252      (1 0 1 2 1 1 1)              78.092
15253      (1 0 1 2 0 0 1)              78.090
15254      (0 0 4 3 2 1 1)              78.085
15255      (1 0 2 3 2 2 1)              78.086
15256      (1 0 0 0 0 0 0)              78.085
15257      (1 0 1 2 1 0 1)              78.084
15258      (1 0 1 2 1 1 1)              78.083
15259      (0 0 4 2 2 2 1)              78.081
15260      (1 0 2 3 2 1 2)              78.079
15261      (0 0 2 3 1 2 1)              78.079
15262      (0 0 4 5 2 1 1)              78.076
15263      (1 0 2 3 1 0 1)              78.078
15264      (1 0 2 3 1 0 1)              78.079
15265      (1 0 1 2 1 2 1)              78.078
15266      (1 0 0 0 1 1 1)              78.076
15267      (0 0 4 2 2 2 1)              78.076
15268      (0 0 1 2 2 1 2)              78.073
15269      (1 0 1 2 1 1 1)              78.071
15270      (1 0 1 2 2 2 1)              78.071
15271      (1 0 1 2 1 2 1)              78.068
15272      (1 0 1 2 1 1 1)              78.066
15273      (0 0 4 2 2 2 1)              78.066
15274      (1 0 1 2 1 1 1)              78.064
15275      (0 0 4 5 2 1 1)              78.061
15276      (1 0 1 2 1 0 1)              78.060
15277      (0 0 1 2 0 0 1)              78.057
15278      (0 0 4 6 1 1 1)              78.054
15279      (0 0 4 6 0 0 1)              78.053
15280      (0 0 2 3 1 2 1)              78.052
15281      (1 0 3 1 2 1 2)              78.048
15282      (1 0 2 3 1 2 0)              78.046
15283      (1 0 3 1 2 1 2)              78.045
15284      (0 0 4 2 2 2 1)              78.043
15285      (1 0 3 1 1 0 0)              78.040
15286      (1 0 1 2 0 0 0)              78.037
15287      (0 0 4 3 2 1 1)              78.035
15288      (0 1 0 0 2 2 1)              78.034
15289      (0 0 0 4 2 2 1)              78.034
15290      (1 0 2 3 0 0 0)              78.035
15291      (1 0 2 3 2 1 2)              78.033
15292      (0 0 2 3 1 2 1)              78.031
15293      (0 0 2 3 1 1 1)              78.029
15294      (0 0 2 3 1 2 1)              78.027
15295      (1 0 2 3 1 0 1)              78.025
15296      (1 0 2 3 1 0 1)              78.024
15297      (1 0 1 2 1 2 1)              78.023
15298      (1 0 1 2 1 1 1)              78.020
15299      (0 0 1 2 1 1 1)              78.018
15300      (0 0 4 3 1 1 1)              78.018
15301      (1 0 1 2 1 2 1)              78.017
15302      (1 0 3 1 2 1 2)              78.015
15303      (0 0 4 2 2 2 1)              78.013
15304      (0 0 1 2 1 1 1)              78.011
15305      (1 0 1 2 1 2 1)              78.008
15306      (1 0 2 3 1 0 1)              78.008
15307      (1 0 1 2 1 1 1)              78.006
15308      (1 0 1 2 1 1 1)              78.005
15309      (0 0 4 2 2 2 1)              78.003
15310      (0 0 4 2 2 2 1)              78.002
15311      (1 0 2 3 1 2 0)              78.000
15312      (1 0 1 2 1 2 1)              77.998
15313      (1 0 3 1 2 1 2)              77.997
15314      (1 0 3 1 2 1 2)              77.995
15315      (1 0 2 3 2 1 2)              77.992
15316      (1 0 1 2 0 0 1)              77.991
15317      (1 0 1 2 1 2 1)              77.991
15318      (1 0 1 2 1 1 1)              77.989
15319      (1 0 1 2 1 1 1)              77.988
15320      (0 0 4 6 1 2 1)              77.986
15321      (1 0 2 3 2 1 2)              77.982
15322      (0 0 4 3 2 1 1)              77.978
15323      (1 0 2 3 2 1 2)              77.976
15324      (1 0 2 3 2 1 2)              77.974
15325      (1 0 2 3 1 2 1)              77.975
15326      (1 0 2 3 1 0 1)              77.975
15327      (1 0 1 2 0 0 1)              77.973
15328      (0 0 4 2 2 2 1)              77.972
15329      (1 0 2 3 2 1 2)              77.970
15330      (0 0 4 2 2 2 1)              77.966
15331      (1 0 3 1 2 1 2)              77.965
15332      (0 0 4 2 2 2 1)              77.964
15333      (0 0 4 2 2 2 1)              77.962
15334      (1 0 1 2 1 1 1)              77.961
15335      (1 0 2 3 1 2 0)              77.959
15336      (1 0 3 1 2 1 2)              77.957
15337      (1 0 3 1 2 1 2)              77.956
15338      (1 0 1 2 1 2 1)              77.956
15339      (1 0 0 0 1 2 0)              77.955
15340      (1 0 2 3 1 0 1)              77.954
15341      (1 0 2 3 2 1 2)              77.951
15342      (1 0 3 1 2 1 2)              77.949
15343      (1 0 1 2 1 2 1)              77.949
15344      (0 0 1 2 2 1 2)              77.945
15345      (1 0 1 2 1 2 1)              77.945
15346      (0 0 4 6 1 2 1)              77.944
15347      (1 0 1 2 1 2 1)              77.942
15348      (0 0 4 2 2 2 1)              77.941
15349      (1 0 2 3 2 1 2)              77.939
15350      (1 0 2 3 1 0 1)              77.938
15351      (1 0 1 2 1 2 1)              77.938
15352      (0 0 1 2 2 1 2)              77.934
15353      (0 0 4 2 2 2 1)              77.932
15354      (1 0 3 1 2 1 2)              77.930
15355      (1 0 1 2 0 0 0)              77.927
15356      (1 0 3 1 2 1 2)              77.925
15357      (1 0 2 3 1 0 1)              77.925
15358      (1 0 1 2 2 2 1)              77.925
15359      (0 0 1 2 2 2 1)              77.922
15360      (0 0 4 6 0 0 1)              77.921
15361      (1 0 1 2 1 1 1)              77.920
15362      (1 0 3 1 2 1 2)              77.918
15363      (0 0 4 2 1 2 1)              77.916
15364      (0 0 4 5 2 1 1)              77.914
15365      (1 0 1 2 1 1 1)              77.912
15366      (1 0 2 3 2 1 2)              77.910
15367      (0 0 0 4 1 2 1)              77.911
15368      (0 0 4 2 2 2 1)              77.908
15369      (1 0 1 2 0 0 1)              77.906
15370      (1 0 3 1 2 1 2)              77.903
15371      (0 0 1 2 1 1 1)              77.900
15372      (1 0 3 1 0 0 1)              77.897
15373      (1 0 0 0 0 2 1)              77.895
15374      (1 0 2 3 2 1 2)              77.892
15375      (1 0 1 2 1 2 1)              77.891
15376      (1 0 3 1 2 1 2)              77.891
15377      (0 1 0 0 2 2 1)              77.890
15378      (1 0 2 3 2 1 2)              77.890
15379      (1 0 1 2 1 2 1)              77.888
15380      (0 0 1 2 1 1 1)              77.885
15381      (0 0 2 3 1 2 1)              77.881
15382      (1 0 2 3 1 2 1)              77.881
15383      (1 0 2 3 1 2 1)              77.882
15384      (0 0 1 2 1 1 1)              77.880
15385      (0 0 4 2 2 2 1)              77.880
15386      (1 0 1 2 1 1 1)              77.878
15387      (1 0 1 2 0 0 0)              77.876
15388      (0 0 4 6 1 2 1)              77.874
15389      (0 0 2 3 1 2 1)              77.873
15390      (0 0 2 3 2 2 0)              77.871
15391      (1 0 2 3 1 2 1)              77.870
15392      (0 0 4 5 2 1 1)              77.867
15393      (0 0 1 2 0 0 1)              77.864
15394      (1 0 1 2 1 1 1)              77.862
15395      (1 0 1 2 1 2 1)              77.861
15396      (1 0 0 0 1 1 1)              77.859
15397      (0 0 4 5 2 1 1)              77.857
15398      (0 0 4 3 2 1 1)              77.854
15399      (1 0 1 2 2 2 1)              77.853
15400      (1 0 1 2 1 2 1)              77.853
15401      (0 0 4 2 2 2 1)              77.853
15402      (0 0 2 3 1 2 1)              77.851
15403      (0 0 4 6 0 0 1)              77.850
15404      (1 0 1 2 1 0 1)              77.849
15405      (1 0 1 2 1 1 1)              77.847
15406      (1 0 1 2 1 1 1)              77.846
15407      (1 0 1 2 1 2 1)              77.844
15408      (1 0 4 5 2 2 2)              77.844
15409      (0 0 2 3 1 2 1)              77.845
15410      (1 0 1 2 1 1 1)              77.843
15411      (1 0 0 0 1 2 0)              77.843
15412      (1 0 2 3 1 0 1)              77.841
15413      (1 0 2 3 1 2 1)              77.840
15414      (1 0 1 2 1 1 1)              77.839
15415      (0 0 4 3 2 1 1)              77.836
15416      (0 0 2 3 1 2 1)              77.833
15417      (1 0 0 0 1 2 0)              77.833
15418      (1 0 1 2 1 2 1)              77.832
15419      (1 0 1 2 0 0 0)              77.830
15420      (1 0 1 2 0 0 1)              77.829
15421      (1 0 1 2 0 0 1)              77.827
15422      (1 0 3 1 2 1 2)              77.825
15423      (1 0 1 2 0 0 0)              77.823
15424      (0 0 4 6 2 1 1)              77.821
15425      (1 0 0 0 1 2 0)              77.820
15426      (1 0 3 1 2 1 2)              77.817
15427      (1 0 3 1 2 1 2)              77.815
15428      (0 0 4 2 2 2 1)              77.813
15429      (1 0 1 2 1 2 1)              77.812
15430      (1 0 1 2 1 2 1)              77.812
15431      (0 0 2 3 1 2 1)              77.811
15432      (1 0 1 2 1 1 1)              77.810
15433      (0 0 4 5 2 1 1)              77.808
15434      (1 0 1 2 1 1 1)              77.806
15435      (0 0 4 6 2 1 1)              77.804
15436      (0 0 4 2 2 2 1)              77.804
15437      (1 0 4 5 2 2 2)              77.802
15438      (0 0 4 2 2 2 1)              77.801
15439      (1 0 2 3 2 2 1)              77.801
15440      (1 0 0 0 2 2 1)              77.801
15441      (0 0 4 6 1 2 1)              77.801
15442      (0 0 4 2 2 2 1)              77.798
15443      (1 0 1 2 1 1 1)              77.797
15444      (1 0 2 3 1 2 1)              77.797
15445      (1 0 4 5 2 2 2)              77.796
15446      (0 0 4 2 2 2 1)              77.795
15447      (1 0 3 1 2 1 2)              77.794
15448      (1 0 3 1 2 1 2)              77.792
15449      (1 0 3 1 2 1 2)              77.789
15450      (1 0 3 1 2 1 2)              77.786
15451      (1 0 4 5 2 2 2)              77.785
15452      (1 0 1 2 1 2 1)              77.785
15453      (1 0 1 2 1 2 1)              77.784
15454      (0 0 4 2 2 2 1)              77.781
15455      (1 0 3 1 2 1 2)              77.779
15456      (0 0 0 4 1 2 0)              77.778
15457      (0 0 4 6 1 2 1)              77.775
15458      (1 0 1 2 1 1 1)              77.773
15459      (0 0 4 2 2 2 1)              77.772
15460      (1 0 3 1 2 1 2)              77.772
15461      (1 0 3 1 2 1 2)              77.770
15462      (1 0 0 0 1 2 1)              77.770
15463      (1 0 2 3 1 0 1)              77.768
15464      (1 0 3 1 2 1 1)              77.767
15465      (0 0 4 2 2 2 1)              77.766
15466      (1 0 1 2 1 1 1)              77.763
15467      (1 0 2 3 1 2 1)              77.762
15468      (1 0 1 2 1 1 1)              77.760
15469      (0 0 4 2 2 2 1)              77.759
15470      (1 0 1 2 1 2 1)              77.758
15471      (0 0 1 2 0 0 1)              77.755
15472      (1 0 2 3 1 0 1)              77.755
15473      (1 0 1 2 1 1 1)              77.753
15474      (1 0 1 2 1 2 1)              77.753
15475      (0 0 4 3 2 1 1)              77.749
15476      (0 0 4 2 2 2 1)              77.747
15477      (1 0 1 2 1 2 1)              77.747
15478      (1 0 2 3 2 1 1)              77.746
15479      (1 0 1 2 1 1 1)              77.744
15480      (0 0 4 2 2 2 1)              77.743
15481      (0 0 4 5 2 1 1)              77.740
15482      (1 0 1 2 1 2 1)              77.739
15483      (1 0 0 0 1 2 0)              77.739
15484      (0 0 4 3 2 1 1)              77.735
15485      (0 0 2 3 1 2 1)              77.734
15486      (1 0 1 2 0 0 1)              77.732
15487      (1 0 2 3 2 1 1)              77.730
15488      (0 0 1 2 1 2 1)              77.727
15489      (1 0 1 2 1 2 1)              77.726
15490      (1 0 2 3 1 0 1)              77.725
15491      (1 0 2 3 1 0 1)              77.724
15492      (0 0 2 3 1 2 1)              77.721
15493      (1 0 1 2 1 1 1)              77.720
15494      (1 0 1 2 0 0 1)              77.719
15495      (1 0 1 2 1 1 1)              77.716
15496      (1 0 4 5 2 2 2)              77.714
15497      (0 0 4 2 2 2 1)              77.713
15498      (1 0 2 3 1 1 1)              77.712
15499      (1 0 2 3 1 2 1)              77.709
15500      (1 0 1 2 1 2 1)              77.709
15501      (1 0 3 1 2 1 2)              77.706
15502      (0 0 4 2 2 2 1)              77.704
15503      (1 0 3 1 2 1 2)              77.703
15504      (1 0 1 2 1 1 1)              77.702
15505      (0 0 1 2 1 1 1)              77.699
15506      (1 0 1 2 1 1 1)              77.697
15507      (1 0 2 3 1 0 1)              77.696
15508      (0 0 2 3 1 2 1)              77.696
15509      (1 0 3 1 2 1 2)              77.693
15510      (1 0 1 2 1 2 1)              77.693
15511      (0 0 4 2 2 2 1)              77.692
15512      (1 0 2 3 2 1 2)              77.689
15513      (1 0 1 2 1 1 1)              77.687
15514      (0 0 4 2 2 2 1)              77.684
15515      (1 0 1 2 0 0 0)              77.681
15516      (0 0 4 2 2 2 1)              77.678
15517      (0 0 1 2 1 1 1)              77.675
15518      (0 0 4 2 2 2 1)              77.674
15519      (0 0 4 3 1 1 1)              77.674
15520      (1 0 1 2 1 1 1)              77.671
15521      (1 0 2 3 1 2 0)              77.670
15522      (1 0 3 1 2 1 2)              77.667
15523      (1 0 1 2 1 1 1)              77.665
15524      (1 0 2 3 1 2 1)              77.664
15525      (1 0 1 2 1 2 1)              77.664
15526      (1 0 1 2 1 1 1)              77.662
15527      (0 0 4 2 2 2 1)              77.657
15528      (1 0 1 2 1 1 1)              77.655
15529      (0 0 4 2 2 2 1)              77.654
15530      (1 0 3 1 2 1 2)              77.651
15531      (0 0 4 6 1 2 1)              77.648
15532      (1 0 2 3 2 1 2)              77.646
15533      (1 0 1 2 1 2 1)              77.643
15534      (1 0 2 3 1 0 1)              77.642
15535      (1 0 1 2 0 0 1)              77.639
15536      (0 0 0 0 1 1 1)              77.638
15537      (1 0 1 2 1 1 1)              77.638
15538      (0 0 4 2 2 2 1)              77.636
15539      (0 0 1 2 0 0 1)              77.633
15540      (1 0 3 1 2 1 2)              77.630
15541      (1 0 2 3 2 1 1)              77.628
15542      (1 0 1 2 1 1 1)              77.626
15543      (1 0 1 2 1 2 1)              77.624
15544      (0 0 1 2 1 1 1)              77.622
15545      (1 0 1 2 1 2 1)              77.622
15546      (1 0 1 2 1 1 1)              77.620
15547      (0 0 4 2 2 2 1)              77.619
15548      (1 0 0 0 1 1 1)              77.618
15549      (0 0 4 2 2 2 1)              77.616
15550      (1 0 3 1 2 1 2)              77.615
15551      (1 0 1 2 0 0 1)              77.614
15552      (0 0 4 2 2 2 1)              77.612
15553      (1 0 1 2 1 1 1)              77.609
15554      (0 0 4 2 2 2 1)              77.608
15555      (1 0 1 2 0 0 1)              77.607
15556      (0 0 4 2 2 2 1)              77.606
15557      (0 0 4 2 2 2 1)              77.605
15558      (0 0 4 2 2 2 1)              77.603
15559      (1 0 1 2 1 2 1)              77.601
15560      (1 0 3 1 2 1 2)              77.598
15561      (0 0 4 2 2 2 1)              77.597
15562      (1 0 1 2 1 2 1)              77.596
15563      (0 0 4 2 2 2 1)              77.595
15564      (1 0 1 2 1 2 1)              77.595
15565      (1 0 3 1 2 1 2)              77.593
15566      (1 0 1 2 1 2 1)              77.592
15567      (0 0 1 2 1 1 1)              77.590
15568      (1 0 1 2 1 2 1)              77.590
15569      (1 0 2 3 2 2 1)              77.590
15570      (0 0 1 2 0 0 1)              77.587
15571      (1 0 3 1 2 1 2)              77.586
15572      (1 0 1 2 1 2 1)              77.585
15573      (1 0 2 3 1 1 1)              77.584
15574      (0 0 4 2 2 2 1)              77.583
15575      (0 0 4 2 2 2 1)              77.579
15576      (1 0 1 2 0 0 0)              77.576
15577      (0 0 4 2 2 2 1)              77.573
15578      (1 0 3 1 2 1 2)              77.572
15579      (0 0 4 6 0 0 1)              77.570
15580      (1 0 1 2 1 1 1)              77.567
15581      (1 0 2 3 1 1 1)              77.565
15582      (0 0 4 2 2 2 1)              77.564
15583      (1 0 0 0 2 2 1)              77.564
15584      (0 0 4 2 2 2 1)              77.563
15585      (1 0 3 1 2 1 2)              77.563
15586      (1 0 3 1 1 2 1)              77.562
15587      (0 0 4 2 2 2 1)              77.560
15588      (0 0 1 2 1 1 0)              77.556
15589      (1 0 3 1 2 1 2)              77.555
15590      (1 0 1 2 1 1 1)              77.554
15591      (1 0 0 0 2 2 1)              77.554
15592      (1 0 1 2 1 2 1)              77.552
15593      (1 0 1 2 2 2 1)              77.551
15594      (1 0 1 2 1 2 1)              77.549
15595      (1 0 2 3 1 0 1)              77.548
15596      (1 0 1 2 0 0 1)              77.546
15597      (1 0 1 2 1 2 1)              77.546
15598      (0 0 4 2 2 2 1)              77.545
15599      (1 0 3 1 2 1 2)              77.543
15600      (0 0 4 2 2 2 1)              77.542
15601      (1 0 2 3 1 0 1)              77.542
15602      (0 0 4 2 2 2 1)              77.541
15603      (1 0 1 2 0 0 1)              77.539
15604      (0 0 4 6 1 2 1)              77.539
15605      (1 0 1 2 0 0 0)              77.538
15606      (1 0 1 2 2 2 1)              77.538
15607      (1 0 1 2 1 2 1)              77.536
15608      (1 0 1 2 1 2 1)              77.535
15609      (0 0 4 2 2 2 1)              77.535
15610      (1 0 1 2 1 1 1)              77.533
15611      (1 0 1 2 1 2 1)              77.533
15612      (1 0 2 3 1 1 1)              77.532
15613      (0 0 4 5 2 1 1)              77.529
15614      (0 0 1 2 0 0 1)              77.525
15615      (0 0 1 2 1 1 1)              77.523
15616      (1 0 1 2 1 2 1)              77.523
15617      (1 0 1 2 1 1 1)              77.522
15618      (0 1 0 0 2 2 1)              77.520
15619      (1 0 1 2 0 0 1)              77.518
15620      (1 0 3 1 1 1 1)              77.517
15621      (1 0 3 1 2 1 2)              77.515
15622      (1 0 2 3 1 0 1)              77.514
15623      (1 0 1 2 1 2 1)              77.513
15624      (0 0 4 2 1 2 1)              77.511
15625      (1 0 3 1 2 1 2)              77.508
15626      (1 0 1 2 1 2 1)              77.506
15627      (0 0 1 2 1 1 1)              77.504
15628      (1 0 2 3 1 0 1)              77.503
15629      (0 0 4 2 2 2 1)              77.501
15630      (1 0 1 2 1 1 1)              77.500
15631      (1 0 1 2 1 1 1)              77.497
15632      (0 0 4 3 2 1 1)              77.493
15633      (0 0 4 2 2 2 1)              77.492
15634      (1 0 0 0 1 2 0)              77.491
15635      (0 0 4 2 2 2 1)              77.489
15636      (1 0 1 2 1 2 1)              77.489
15637      (0 0 4 2 2 2 1)              77.487
15638      (1 0 3 1 2 1 2)              77.485
15639      (0 0 2 3 2 2 0)              77.483
15640      (1 0 2 3 2 1 2)              77.481
15641      (1 0 1 2 1 2 1)              77.479
15642      (1 0 1 2 1 2 1)              77.479
15643      (1 0 1 2 1 1 1)              77.478
15644      (0 0 4 2 2 2 1)              77.476
15645      (1 0 1 2 0 0 1)              77.474
15646      (1 0 2 3 2 1 2)              77.472
15647      (1 0 3 1 2 1 2)              77.469
15648      (1 0 1 2 1 1 1)              77.466
15649      (0 0 1 2 1 1 1)              77.463
15650      (1 0 2 3 2 1 2)              77.461
15651      (1 0 3 1 2 1 2)              77.459
15652      (0 0 4 2 2 2 1)              77.458
15653      (0 0 1 2 1 2 1)              77.454
15654      (1 0 2 3 2 1 2)              77.451
15655      (1 0 3 1 2 1 2)              77.448
15656      (1 0 3 1 2 1 2)              77.445
15657      (1 0 1 2 0 0 0)              77.442
15658      (0 0 1 2 0 0 1)              77.439
15659      (1 0 3 1 2 1 2)              77.438
15660      (1 0 1 2 1 2 1)              77.437
15661      (1 0 1 2 0 0 1)              77.435
15662      (1 0 0 0 2 2 1)              77.435
15663      (0 0 4 6 1 2 1)              77.435
15664      (0 0 1 2 0 0 1)              77.433
15665      (1 0 1 2 1 2 1)              77.430
15666      (1 0 1 2 1 2 1)              77.429
15667      (1 0 1 2 1 1 1)              77.428
15668      (1 0 1 2 1 2 1)              77.428
15669      (0 0 4 2 2 2 1)              77.427
15670      (1 0 2 3 1 0 1)              77.426
15671      (1 0 1 2 1 1 1)              77.426
15672      (1 0 1 2 0 0 1)              77.423
15673      (1 0 3 1 2 1 2)              77.422
15674      (1 0 1 2 1 2 1)              77.422
15675      (1 0 2 3 1 0 1)              77.421
15676      (1 0 1 2 1 2 1)              77.418
15677      (1 0 1 2 0 0 0)              77.415
15678      (0 0 4 2 2 2 1)              77.414
15679      (1 0 3 1 2 1 2)              77.413
15680      (0 0 4 2 2 2 1)              77.411
15681      (1 0 2 3 1 0 1)              77.410
15682      (1 0 2 3 1 0 1)              77.409
15683      (1 0 3 1 2 1 2)              77.407
15684      (0 1 4 6 0 0 1)              77.405
15685      (0 0 4 2 2 2 1)              77.404
15686      (0 0 4 3 2 1 1)              77.401
15687      (0 0 1 2 1 1 1)              77.399
15688      (0 0 4 2 2 2 1)              77.397
15689      (0 0 4 2 2 2 1)              77.396
15690      (1 0 2 3 1 0 1)              77.395
15691      (0 0 1 2 1 1 1)              77.392
15692      (0 0 1 2 0 0 1)              77.389
15693      (0 0 4 5 2 1 1)              77.387
15694      (0 1 0 0 2 2 1)              77.386
15695      (1 0 1 2 0 0 0)              77.384
15696      (0 0 4 2 2 2 1)              77.382
15697      (1 0 3 1 2 1 2)              77.381
15698      (0 0 2 3 1 2 1)              77.380
15699      (1 0 2 3 1 0 1)              77.379
15700      (1 0 1 2 1 2 1)              77.378
15701      (0 0 0 0 1 1 1)              77.377
15702      (1 0 1 2 1 1 1)              77.374
15703      (1 0 1 2 1 1 1)              77.371
15704      (0 0 4 2 2 2 1)              77.369
15705      (1 0 3 1 2 1 2)              77.366
15706      (1 0 1 2 0 0 1)              77.364
15707      (0 0 4 6 1 1 1)              77.363
15708      (1 0 3 1 2 1 2)              77.361
15709      (1 0 1 2 1 1 1)              77.360
15710      (0 0 0 4 1 2 0)              77.358
15711      (1 0 1 2 1 2 1)              77.357
15712      (1 0 1 2 1 1 1)              77.355
15713      (0 0 4 6 1 2 1)              77.356
15714      (1 0 1 2 1 1 1)              77.354
15715      (1 0 1 2 1 1 1)              77.351
15716      (1 0 2 3 1 1 1)              77.349
15717      (1 0 1 2 1 1 1)              77.348
15718      (0 0 4 2 2 2 1)              77.347
15719      (1 0 1 2 1 1 1)              77.345
15720      (0 0 4 2 2 2 1)              77.344
15721      (1 0 3 1 2 1 2)              77.343
15722      (0 0 4 6 1 2 1)              77.342
15723      (0 1 4 6 0 0 1)              77.339
15724      (1 0 2 3 1 2 0)              77.337
15725      (1 0 1 2 0 0 1)              77.335
15726      (1 0 3 1 2 1 2)              77.333
15727      (0 0 1 2 1 1 1)              77.330
15728      (1 0 3 1 2 1 2)              77.327
15729      (1 0 3 1 2 1 2)              77.324
15730      (0 0 1 2 1 1 1)              77.322
15731      (0 0 4 2 2 2 1)              77.321
15732      (1 0 3 1 1 0 0)              77.318
15733      (1 0 1 2 0 0 1)              77.316
15734      (1 0 2 3 1 0 1)              77.314
15735      (1 0 3 1 2 1 2)              77.313
15736      (1 0 1 2 1 1 1)              77.313
15737      (1 0 1 2 1 1 1)              77.312
15738      (1 0 4 6 0 0 1)              77.312
15739      (0 0 4 2 2 2 1)              77.310
15740      (1 0 4 5 2 2 2)              77.309
15741      (1 0 1 2 1 2 1)              77.309
15742      (1 0 1 2 1 2 1)              77.309
15743      (0 0 4 6 2 1 1)              77.307
15744      (1 0 2 3 0 0 0)              77.307
15745      (0 0 4 2 1 2 1)              77.305
15746      (1 0 1 2 1 1 1)              77.303
15747      (0 0 4 3 2 1 1)              77.300
15748      (0 0 4 2 2 2 1)              77.299
15749      (0 0 2 3 1 2 1)              77.298
15750      (0 0 1 2 0 0 1)              77.295
15751      (0 0 4 3 2 1 1)              77.292
15752      (1 0 1 2 1 2 1)              77.291
15753      (1 0 3 1 2 1 2)              77.289
15754      (0 0 1 2 0 0 1)              77.287
15755      (1 0 1 2 1 1 1)              77.285
15756      (0 0 4 2 1 2 1)              77.284
15757      (0 0 4 2 2 2 1)              77.281
15758      (1 0 0 0 1 2 1)              77.281
15759      (1 0 1 2 1 2 1)              77.280
15760      (1 0 3 1 2 1 2)              77.277
15761      (1 0 1 2 0 0 1)              77.275
15762      (1 0 1 2 1 1 1)              77.272
15763      (1 0 1 2 1 1 1)              77.270
15764      (1 0 1 2 1 2 1)              77.269
15765      (0 0 4 6 0 0 1)              77.266
15766      (1 0 2 3 1 2 1)              77.265
15767      (0 0 4 2 2 2 1)              77.264
15768      (1 0 1 2 1 1 1)              77.261
15769      (0 0 4 2 1 2 1)              77.258
15770      (1 0 1 2 1 1 1)              77.258
15771      (1 0 3 1 2 1 2)              77.257
15772      (1 0 1 2 2 2 1)              77.256
15773      (1 0 2 3 1 0 1)              77.255
15774      (0 0 4 2 2 2 1)              77.254
15775      (0 0 1 2 1 1 1)              77.252
15776      (1 0 1 2 1 1 1)              77.250
15777      (0 0 4 6 1 2 1)              77.247
15778      (1 0 1 2 1 1 1)              77.246
15779      (1 0 1 2 1 1 1)              77.245
15780      (1 0 3 1 2 1 2)              77.243
15781      (0 0 2 3 1 2 1)              77.240
15782      (1 0 3 1 2 1 2)              77.238
15783      (1 0 1 2 1 2 1)              77.237
15784      (0 0 4 5 2 1 1)              77.235
15785      (1 0 3 1 2 1 2)              77.234
15786      (0 0 4 2 2 2 1)              77.232
15787      (1 0 1 2 1 1 1)              77.231
15788      (1 0 1 2 1 2 1)              77.231
15789      (1 0 3 1 2 1 2)              77.228
15790      (1 0 3 1 2 1 2)              77.227
15791      (1 0 1 2 1 1 1)              77.226
15792      (1 0 1 2 0 0 1)              77.224
15793      (1 0 1 2 1 1 1)              77.222
15794      (1 0 1 2 1 2 1)              77.221
15795      (1 0 2 3 1 0 1)              77.220
15796      (1 0 1 2 1 1 1)              77.218
15797      (0 0 4 3 2 1 1)              77.214
15798      (1 0 0 0 1 2 0)              77.213
15799      (1 0 2 3 1 0 1)              77.213
15800      (1 0 3 1 2 1 2)              77.212
15801      (0 0 1 2 0 0 1)              77.209
15802      (1 0 4 5 2 2 2)              77.208
15803      (1 0 1 2 1 1 1)              77.207
15804      (0 0 1 2 0 0 1)              77.204
15805      (1 0 1 2 1 2 1)              77.204
15806      (1 0 1 2 1 1 1)              77.202
15807      (1 0 1 2 0 0 1)              77.201
15808      (1 0 3 1 2 1 2)              77.198
15809      (1 0 2 3 2 1 1)              77.195
15810      (1 0 2 3 1 0 1)              77.194
15811      (1 0 1 2 1 1 1)              77.192
15812      (1 0 3 1 2 1 2)              77.190
15813      (1 0 3 1 2 1 2)              77.189
15814      (1 0 2 3 1 2 1)              77.187
15815      (1 0 3 1 2 1 2)              77.185
15816      (1 0 3 1 2 1 2)              77.184
15817      (0 0 2 3 2 2 0)              77.182
15818      (1 0 1 2 1 2 1)              77.182
15819      (1 0 3 1 2 1 2)              77.180
15820      (1 0 1 2 1 1 1)              77.179
15821      (0 0 4 2 2 2 1)              77.178
15822      (0 0 2 3 1 2 1)              77.176
15823      (1 0 1 2 1 1 1)              77.174
15824      (1 0 2 3 1 2 1)              77.174
15825      (0 0 4 3 2 1 1)              77.171
15826      (0 0 4 2 2 2 1)              77.170
15827      (1 0 1 2 1 2 1)              77.168
15828      (0 0 4 2 2 2 1)              77.167
15829      (0 0 4 2 2 2 1)              77.166
15830      (0 0 1 2 2 2 1)              77.164
15831      (1 0 2 3 2 1 2)              77.164
15832      (1 0 1 2 1 1 1)              77.163
15833      (0 0 4 2 2 2 1)              77.162
15834      (0 0 4 6 1 2 1)              77.160
15835      (1 0 3 1 2 1 2)              77.157
15836      (0 0 4 2 2 2 1)              77.156
15837      (1 0 0 0 1 2 0)              77.156
15838      (0 0 2 3 1 2 1)              77.154
15839      (0 0 4 2 2 2 1)              77.152
15840      (1 0 3 1 2 1 2)              77.152
15841      (0 0 4 2 2 2 1)              77.150
15842      (0 0 4 2 2 2 1)              77.148
15843      (1 0 1 2 0 0 0)              77.146
15844      (1 0 0 0 1 2 0)              77.146
15845      (0 0 0 4 1 2 0)              77.143
15846      (0 0 2 3 1 2 1)              77.141
15847      (1 0 2 3 2 1 2)              77.139
15848      (1 0 1 2 1 2 1)              77.138
15849      (0 0 4 2 2 2 1)              77.137
15850      (1 0 1 2 1 1 1)              77.136
15851      (0 0 4 2 1 2 1)              77.134
15852      (1 0 1 2 1 1 1)              77.133
15853      (0 0 4 2 2 2 1)              77.132
15854      (1 0 1 2 1 2 1)              77.130
15855      (1 0 2 3 1 1 1)              77.128
15856      (1 0 1 2 1 1 1)              77.128
15857      (1 0 3 1 2 1 2)              77.126
15858      (0 0 1 2 1 1 1)              77.124
15859      (0 0 1 2 1 1 1)              77.121
15860      (1 0 3 1 2 1 2)              77.119
15861      (0 0 1 2 1 1 1)              77.117
15862      (0 0 4 2 2 2 1)              77.116
15863      (1 0 1 2 1 1 1)              77.113
15864      (1 0 1 2 1 2 1)              77.110
15865      (0 1 0 0 2 2 1)              77.109
15866      (0 0 4 5 2 1 1)              77.106
15867      (1 0 1 2 1 1 1)              77.106
15868      (1 0 1 2 1 1 1)              77.105
15869      (1 0 2 3 1 0 1)              77.104
15870      (1 0 2 3 1 2 1)              77.103
15871      (0 0 4 6 1 1 1)              77.101
15872      (0 0 4 3 2 1 1)              77.098
15873      (1 0 1 2 1 1 1)              77.098
15874      (1 0 1 2 1 1 1)              77.096
15875      (1 0 3 1 2 1 2)              77.095
15876      (1 0 3 1 2 1 2)              77.094
15877      (0 0 4 5 2 1 1)              77.092
15878      (0 0 2 3 1 2 1)              77.089
15879      (1 0 2 3 1 0 1)              77.088
15880      (0 0 4 2 2 2 1)              77.086
15881      (1 0 2 3 1 2 1)              77.086
15882      (0 1 4 6 0 0 1)              77.083
15883      (1 0 3 1 2 1 2)              77.080
15884      (1 0 1 2 1 1 1)              77.078
15885      (1 0 3 1 2 1 2)              77.077
15886      (1 0 1 2 1 1 1)              77.074
15887      (0 0 2 3 2 2 0)              77.072
15888      (0 0 4 2 2 2 1)              77.072
15889      (0 0 2 3 2 2 2)              77.068
15890      (0 0 4 3 2 1 1)              77.064
15891      (1 0 1 2 1 1 1)              77.062
15892      (0 0 4 3 2 1 1)              77.059
15893      (1 0 0 0 1 2 0)              77.059
15894      (0 0 4 3 2 1 1)              77.056
15895      (1 0 1 2 1 1 1)              77.053
15896      (1 0 2 3 1 2 1)              77.052
15897      (0 0 4 2 2 2 1)              77.051
15898      (0 0 4 6 0 0 1)              77.050
15899      (1 0 0 0 1 1 1)              77.049
15900      (1 0 1 2 1 2 1)              77.047
15901      (1 0 2 3 1 2 1)              77.046
15902      (1 0 2 3 1 0 1)              77.045
15903      (1 0 1 2 1 2 1)              77.045
15904      (1 0 1 2 1 2 1)              77.044
15905      (1 0 1 2 1 1 1)              77.043
15906      (1 0 1 2 0 0 1)              77.042
15907      (1 0 2 3 1 0 1)              77.040
15908      (1 0 2 3 1 0 1)              77.039
15909      (1 0 1 2 1 2 1)              77.038
15910      (1 0 1 2 1 1 1)              77.037
15911      (0 0 4 2 2 2 1)              77.035
15912      (1 0 1 2 1 1 1)              77.034
15913      (1 0 1 2 1 1 1)              77.033
15914      (1 0 3 1 2 1 2)              77.030
15915      (0 0 2 3 1 2 1)              77.027
15916      (1 0 1 2 1 1 1)              77.025
15917      (0 0 1 2 1 1 1)              77.022
15918      (1 0 1 2 1 2 1)              77.020
15919      (1 0 1 2 1 1 1)              77.019
15920      (0 0 4 6 0 0 1)              77.018
15921      (1 0 1 2 1 2 1)              77.017
15922      (1 0 4 5 2 2 2)              77.015
15923      (0 0 0 4 1 2 0)              77.013
15924      (0 0 4 6 0 0 1)              77.011
15925      (0 0 4 2 2 2 1)              77.010
15926      (1 0 1 2 1 1 1)              77.008
15927      (0 0 4 2 2 2 1)              77.006
15928      (0 0 4 3 2 1 1)              77.003
15929      (1 0 1 2 1 2 1)              77.002
15930      (1 0 1 2 1 2 1)              77.002
15931      (1 0 2 3 2 1 2)              77.000
15932      (1 0 1 2 0 0 1)              76.998
15933      (1 0 4 5 2 2 2)              76.997
15934      (1 0 3 1 2 1 2)              76.997
15935      (0 0 2 3 1 2 1)              76.994
15936      (1 0 1 2 1 2 1)              76.993
15937      (0 0 4 2 2 2 1)              76.991
15938      (1 0 1 2 1 2 1)              76.991
15939      (1 0 1 2 2 2 1)              76.991
15940      (1 0 2 3 1 1 1)              76.989
15941      (0 0 4 6 0 0 1)              76.987
15942      (1 0 1 2 1 1 1)              76.986
15943      (1 0 1 2 1 1 1)              76.985
15944      (1 0 1 2 1 1 1)              76.983
15945      (1 0 1 2 1 1 1)              76.981
15946      (1 0 1 2 1 0 1)              76.981
15947      (1 0 1 2 1 2 1)              76.979
15948      (1 0 2 3 1 0 1)              76.978
15949      (1 0 1 2 1 2 1)              76.977
15950      (1 0 1 2 1 2 1)              76.977
15951      (1 0 1 2 0 0 0)              76.974
15952      (0 0 2 3 1 2 1)              76.972
15953      (1 0 3 1 2 1 2)              76.970
15954      (0 0 4 2 2 2 1)              76.969
15955      (1 0 1 2 1 1 1)              76.968
15956      (0 0 4 5 2 1 1)              76.965
15957      (1 0 1 2 1 2 1)              76.965
15958      (0 0 4 2 2 2 1)              76.963
15959      (1 0 1 2 1 1 1)              76.963
15960      (1 0 1 2 1 1 1)              76.962
15961      (1 0 1 2 0 0 1)              76.960
15962      (1 0 0 0 1 1 1)              76.958
15963      (1 0 1 2 1 1 1)              76.957
15964      (1 0 2 3 1 2 1)              76.957
15965      (0 0 4 2 2 2 1)              76.955
15966      (1 0 1 2 1 1 1)              76.954
15967      (0 0 2 3 1 2 1)              76.951
15968      (0 0 4 6 0 0 1)              76.950
15969      (0 0 4 3 2 1 1)              76.947
15970      (0 0 4 6 0 0 1)              76.946
15971      (0 0 0 4 1 2 0)              76.944
15972      (0 0 4 3 1 1 1)              76.943
15973      (1 0 1 2 1 1 1)              76.941
15974      (1 0 1 2 1 1 1)              76.940
15975      (1 0 1 2 1 2 1)              76.939
15976      (1 0 2 3 1 0 1)              76.941
15977      (1 0 0 0 2 2 1)              76.941
15978      (1 0 1 2 0 0 1)              76.939
15979      (0 0 4 2 2 2 1)              76.939
15980      (1 0 1 2 1 1 1)              76.938
15981      (1 0 1 2 1 1 1)              76.937
15982      (0 0 4 3 1 1 1)              76.935
15983      (1 0 1 2 1 1 1)              76.934
15984      (1 0 2 3 1 0 1)              76.935
15985      (1 0 3 1 2 1 2)              76.932
15986      (0 0 4 6 1 1 1)              76.930
15987      (0 0 4 5 2 1 1)              76.928
15988      (1 0 3 1 2 1 2)              76.927
15989      (0 0 0 4 1 2 0)              76.924
15990      (1 0 1 2 1 1 1)              76.922
15991      (1 0 1 2 1 1 1)              76.920
15992      (0 0 4 3 2 1 1)              76.917
15993      (1 0 1 2 1 1 1)              76.915
15994      (1 0 1 2 1 1 1)              76.914
15995      (1 0 1 2 1 1 1)              76.911
15996      (1 0 2 3 2 1 2)              76.909
15997      (0 0 1 2 0 0 1)              76.906
15998      (1 0 2 3 1 0 1)              76.905
15999      (0 0 4 2 2 2 1)              76.903
16000      (1 0 3 1 2 1 2)              76.900
16001      (0 0 4 2 2 2 1)              76.898
16002      (0 0 1 2 0 0 1)              76.895
16003      (0 0 1 2 0 0 1)              76.892
16004      (0 0 4 5 2 2 1)              76.891
16005      (0 0 1 2 1 1 1)              76.888
16006      (0 0 2 3 1 2 1)              76.886
16007      (0 0 2 3 1 2 1)              76.886
16008      (1 0 1 2 1 2 1)              76.884
16009      (0 0 4 5 2 1 1)              76.882
16010      (1 0 2 3 1 2 0)              76.881
16011      (1 0 1 2 1 1 1)              76.880
16012      (1 0 1 2 1 1 1)              76.878
16013      (0 0 1 2 1 1 1)              76.876
16014      (0 0 4 6 1 2 1)              76.876
16015      (0 0 4 2 2 2 1)              76.875
16016      (1 0 3 1 2 1 2)              76.874
16017      (0 0 4 2 2 2 1)              76.872
16018      (1 0 1 2 0 0 1)              76.870
16019      (0 0 4 2 2 2 1)              76.869
16020      (0 0 4 2 2 2 1)              76.869
16021      (1 0 3 1 2 1 2)              76.867
16022      (1 0 4 5 2 2 2)              76.866
16023      (0 0 4 6 1 2 1)              76.866
16024      (0 0 4 2 2 2 1)              76.865
16025      (1 0 1 2 1 1 1)              76.863
16026      (0 1 0 0 2 2 1)              76.862
16027      (1 0 2 3 2 1 2)              76.860
16028      (1 0 1 2 1 2 1)              76.859
16029      (1 0 2 3 2 1 2)              76.856
16030      (1 0 1 2 1 1 1)              76.854
16031      (1 0 2 3 2 2 1)              76.854
16032      (1 0 3 1 2 1 2)              76.853
16033      (0 0 1 2 1 1 1)              76.851
16034      (1 0 1 2 1 1 1)              76.849
16035      (1 0 2 3 1 1 1)              76.847
16036      (0 0 2 3 1 2 1)              76.844
16037      (1 0 1 2 1 2 1)              76.842
16038      (0 0 4 6 2 2 1)              76.839
16039      (0 0 4 2 2 2 1)              76.839
16040      (1 0 1 2 1 2 1)              76.839
16041      (0 0 4 6 0 0 1)              76.837
16042      (1 0 3 1 2 1 2)              76.836
16043      (0 0 4 5 2 1 1)              76.834
16044      (1 0 3 1 2 1 2)              76.831
16045      (1 0 2 3 1 0 1)              76.830
16046      (1 0 2 3 1 2 1)              76.829
16047      (0 0 4 5 2 1 1)              76.826
16048      (1 0 1 2 1 2 1)              76.823
16049      (0 0 2 3 1 2 1)              76.822
16050      (1 0 2 3 2 1 2)              76.819
16051      (1 0 1 2 0 0 1)              76.817
16052      (1 0 2 3 1 2 0)              76.815
16053      (0 0 4 6 2 1 1)              76.813
16054      (0 0 4 6 0 0 1)              76.812
16055      (0 0 4 2 2 2 1)              76.810
16056      (0 0 4 2 2 2 1)              76.809
16057      (1 0 2 3 2 1 2)              76.807
16058      (0 0 1 2 2 2 1)              76.804
16059      (1 0 3 1 2 1 2)              76.803
16060      (0 0 1 2 2 2 1)              76.801
16061      (1 0 1 2 1 2 1)              76.799
16062      (0 0 2 3 1 2 1)              76.799
16063      (1 0 1 2 1 1 1)              76.797
16064      (1 0 1 2 1 2 1)              76.797
16065      (1 0 2 3 2 1 2)              76.795
16066      (1 0 1 2 1 1 1)              76.793
16067      (0 0 4 2 2 2 1)              76.792
16068      (1 0 3 1 2 1 2)              76.789
16069      (1 0 3 1 2 1 2)              76.786
16070      (0 0 2 3 1 1 1)              76.783
16071      (1 0 1 2 0 0 1)              76.782
16072      (1 0 1 2 1 1 1)              76.779
16073      (1 0 2 3 1 0 1)              76.778
16074      (0 0 2 3 1 2 1)              76.776
16075      (0 0 2 3 1 2 1)              76.775
16076      (1 0 1 2 0 0 1)              76.774
16077      (0 0 1 2 0 0 1)              76.771
16078      (0 0 1 2 1 1 1)              76.769
16079      (1 0 2 3 2 1 2)              76.766
16080      (1 0 1 2 1 1 1)              76.765
16081      (1 0 1 2 0 0 1)              76.762
16082      (1 0 2 3 1 2 1)              76.762
16083      (1 0 4 5 2 2 2)              76.762
16084      (1 0 3 1 2 1 2)              76.761
16085      (1 0 1 2 1 2 1)              76.758
16086      (1 0 1 2 2 2 1)              76.758
16087      (1 0 3 1 2 1 2)              76.755
16088      (1 0 2 3 1 2 1)              76.755
16089      (1 0 1 2 0 0 1)              76.753
16090      (0 0 2 3 1 2 1)              76.750
16091      (1 0 3 1 2 1 2)              76.748
16092      (1 0 3 1 2 1 2)              76.745
16093      (1 0 1 2 1 1 1)              76.743
16094      (1 0 0 0 0 0 0)              76.743
16095      (0 0 4 3 2 1 1)              76.740
16096      (1 0 1 2 1 1 1)              76.739
16097      (1 0 0 0 1 2 0)              76.737
16098      (1 0 1 2 1 1 1)              76.734
16099      (0 0 4 2 2 2 1)              76.732
16100      (1 0 1 2 1 1 1)              76.731
16101      (0 0 4 2 2 2 1)              76.730
16102      (1 0 1 2 1 1 1)              76.729
16103      (1 0 1 2 1 2 1)              76.728
16104      (1 0 4 5 2 2 2)              76.727
16105      (0 0 4 2 2 2 1)              76.726
16106      (0 0 4 2 2 2 1)              76.724
16107      (1 0 0 0 0 2 1)              76.723
16108      (1 0 2 3 1 2 0)              76.721
16109      (0 0 1 2 1 1 1)              76.719
16110      (1 0 2 3 2 1 2)              76.716
16111      (0 0 0 4 1 2 0)              76.713
16112      (1 0 2 3 1 0 1)              76.712
16113      (1 0 2 3 1 0 1)              76.712
16114      (0 0 1 2 0 0 1)              76.709
16115      (1 0 3 1 2 1 2)              76.708
16116      (1 0 1 2 1 2 1)              76.706
16117      (1 0 1 2 1 2 1)              76.704
16118      (1 0 1 2 0 0 0)              76.702
16119      (1 0 2 3 2 1 2)              76.700
16120      (0 1 4 6 0 0 1)              76.698
16121      (1 0 1 2 1 1 1)              76.697
16122      (0 0 4 2 2 2 1)              76.695
16123      (0 0 4 2 2 2 1)              76.694
16124      (1 0 0 0 1 2 0)              76.695
16125      (1 0 1 2 0 0 1)              76.694
16126      (0 0 4 2 2 2 1)              76.693
16127      (1 0 1 2 0 0 1)              76.690
16128      (1 0 2 3 1 1 1)              76.689
16129      (0 0 4 2 2 2 1)              76.686
16130      (1 0 1 2 1 0 1)              76.685
16131      (1 0 2 3 2 1 1)              76.683
16132      (1 0 1 2 1 1 1)              76.680
16133      (0 0 2 3 1 2 1)              76.677
16134      (1 0 2 3 1 0 1)              76.677
16135      (1 0 2 3 1 2 1)              76.675
16136      (0 0 1 2 1 1 1)              76.673
16137      (0 0 4 5 2 1 1)              76.670
16138      (1 0 2 3 1 0 1)              76.670
16139      (0 0 4 2 2 2 1)              76.669
16140      (0 0 4 2 2 2 1)              76.668
16141      (1 0 1 2 1 1 1)              76.666
16142      (0 0 4 6 1 2 1)              76.666
16143      (0 0 4 6 1 2 1)              76.665
16144      (1 0 2 3 1 0 1)              76.664
16145      (0 0 4 2 2 2 1)              76.663
16146      (1 0 2 3 1 0 1)              76.662
16147      (1 0 1 2 1 2 1)              76.661
16148      (0 0 4 2 2 2 1)              76.660
16149      (1 0 1 2 1 2 1)              76.659
16150      (0 0 1 2 1 1 0)              76.658
16151      (1 0 0 0 1 2 0)              76.658
16152      (1 0 1 2 1 1 1)              76.657
16153      (1 0 2 3 2 1 2)              76.654
16154      (1 0 3 1 2 1 2)              76.652
16155      (1 0 1 2 2 2 1)              76.652
16156      (0 0 4 6 1 2 1)              76.650
16157      (1 0 3 1 2 1 2)              76.647
16158      (1 0 1 2 1 1 1)              76.647
16159      (1 0 1 2 1 1 1)              76.645
16160      (1 0 1 2 1 2 1)              76.643
16161      (1 0 3 1 2 1 2)              76.642
16162      (1 0 1 2 0 0 1)              76.640
16163      (1 0 1 2 1 1 1)              76.639
16164      (1 0 1 2 1 1 1)              76.638
16165      (1 0 1 2 1 2 1)              76.637
16166      (0 0 4 3 2 1 1)              76.634
16167      (1 0 1 2 1 1 1)              76.634
16168      (1 0 1 2 1 0 1)              76.634
16169      (0 0 4 2 2 2 1)              76.632
16170      (1 0 1 2 1 1 1)              76.630
16171      (1 0 1 2 1 1 1)              76.629
16172      (1 0 1 2 1 0 1)              76.628
16173      (1 0 3 1 2 1 2)              76.625
16174      (0 0 1 2 0 0 1)              76.623
16175      (0 0 4 2 2 2 1)              76.622
16176      (1 0 1 2 2 2 1)              76.621
16177      (1 0 2 3 2 1 2)              76.619
16178      (1 0 1 2 1 1 1)              76.619
16179      (0 0 4 6 2 2 1)              76.617
16180      (0 0 4 2 2 2 1)              76.616
16181      (1 0 2 3 2 1 2)              76.614
16182      (1 0 2 3 2 1 1)              76.612
16183      (1 0 1 2 1 2 1)              76.612
16184      (1 0 1 2 1 2 1)              76.612
16185      (1 0 1 2 1 1 1)              76.611
16186      (0 0 4 2 2 2 1)              76.609
16187      (1 0 1 2 1 2 1)              76.608
16188      (1 0 3 1 2 1 2)              76.607
16189      (0 0 4 5 2 1 1)              76.605
16190      (1 0 1 2 1 1 1)              76.603
16191      (1 0 4 5 2 2 2)              76.602
16192      (0 0 4 2 2 2 1)              76.601
16193      (1 0 1 2 1 2 1)              76.601
16194      (0 0 0 0 1 1 1)              76.598
16195      (1 0 1 2 1 2 1)              76.598
16196      (1 0 1 2 0 0 1)              76.596
16197      (0 0 2 3 1 2 1)              76.594
16198      (1 0 1 2 0 0 0)              76.591
16199      (0 0 4 3 2 1 1)              76.588
16200      (1 0 2 3 1 0 1)              76.587
16201      (1 0 2 3 1 0 1)              76.586
16202      (1 0 3 1 2 1 2)              76.585
16203      (0 0 2 3 1 2 1)              76.582
16204      (0 0 4 3 1 1 1)              76.581
16205      (1 0 0 0 2 2 1)              76.581
16206      (0 0 4 6 1 2 1)              76.580
16207      (1 0 2 3 2 1 1)              76.577
16208      (1 0 1 2 0 0 1)              76.575
16209      (1 0 1 2 1 1 1)              76.572
16210      (1 0 1 2 2 2 1)              76.572
16211      (0 0 4 5 2 2 1)              76.570
16212      (0 0 1 2 0 0 1)              76.567
16213      (0 0 4 5 2 1 1)              76.565
16214      (1 0 3 1 2 1 2)              76.565
16215      (1 0 2 3 1 0 1)              76.564
16216      (1 0 1 2 1 2 1)              76.564
16217      (1 0 1 2 0 0 1)              76.561
16218      (1 0 1 2 1 1 1)              76.560
16219      (0 1 0 4 2 2 1)              76.560
16220      (1 0 1 2 1 2 1)              76.559
16221      (1 0 1 2 1 1 1)              76.557
16222      (1 0 3 1 2 1 2)              76.555
16223      (1 0 1 2 1 1 1)              76.555
16224      (0 0 1 2 0 0 1)              76.552
16225      (1 0 1 2 1 1 1)              76.551
16226      (1 0 1 2 1 1 1)              76.549
16227      (1 0 1 2 0 0 1)              76.547
16228      (1 0 3 1 2 1 2)              76.546
16229      (1 0 3 1 2 1 2)              76.544
16230      (1 0 3 1 2 1 2)              76.543
16231      (1 0 1 2 1 2 1)              76.543
16232      (1 0 1 2 1 2 1)              76.543
16233      (1 0 2 3 2 1 2)              76.540
16234      (1 0 4 5 2 2 2)              76.539
16235      (1 0 1 2 1 2 1)              76.539
16236      (1 0 3 1 2 1 2)              76.538
16237      (1 0 1 2 1 2 1)              76.537
16238      (1 0 1 2 1 1 1)              76.537
16239      (1 0 2 3 1 0 1)              76.539
16240      (1 0 2 3 1 0 1)              76.537
16241      (1 0 1 2 2 2 1)              76.537
16242      (1 0 4 5 2 2 2)              76.537
16243      (0 0 4 2 2 2 1)              76.536
16244      (0 0 4 3 2 1 1)              76.534
16245      (1 0 1 2 1 1 1)              76.532
16246      (0 0 4 2 2 2 1)              76.531
16247      (1 0 3 1 2 1 2)              76.530
16248      (1 0 1 2 0 0 1)              76.528
16249      (0 0 2 3 1 2 1)              76.528
16250      (0 0 4 2 2 2 1)              76.526
16251      (0 1 4 6 0 0 1)              76.522
16252      (1 0 1 2 1 1 1)              76.521
16253      (1 0 3 1 2 1 2)              76.520
16254      (1 0 1 2 1 1 1)              76.519
16255      (1 0 2 3 1 0 1)              76.518
16256      (0 0 4 2 2 2 1)              76.517
16257      (1 0 1 2 1 1 1)              76.514
16258      (1 0 3 1 2 1 2)              76.511
16259      (1 0 3 1 2 1 2)              76.510
16260      (1 0 0 0 1 0 1)              76.509
16261      (1 0 1 2 1 1 1)              76.508
16262      (1 0 1 2 1 2 1)              76.507
16263      (0 0 4 2 2 2 1)              76.506
16264      (0 0 1 2 1 1 1)              76.503
16265      (1 0 3 1 2 1 2)              76.502
16266      (0 0 4 5 2 1 1)              76.499
16267      (0 0 1 2 0 0 1)              76.496
16268      (1 0 1 2 1 2 1)              76.494
16269      (0 0 1 2 1 1 1)              76.491
16270      (0 0 4 6 1 1 1)              76.489
16271      (1 0 2 3 2 1 2)              76.487
16272      (1 0 1 2 0 0 0)              76.484
16273      (1 0 2 3 1 1 1)              76.482
16274      (1 0 0 0 1 2 1)              76.482
16275      (1 0 1 2 1 1 1)              76.481
16276      (0 0 2 3 1 2 1)              76.479
16277      (1 0 0 0 1 2 1)              76.478
16278      (0 0 4 2 1 2 1)              76.477
16279      (0 0 1 2 0 0 1)              76.474
16280      (1 0 1 2 1 2 1)              76.471
16281      (0 0 4 2 2 2 1)              76.470
16282      (1 0 1 2 1 1 1)              76.470
16283      (0 0 1 2 1 1 1)              76.468
16284      (1 0 1 2 1 2 0)              76.466
16285      (1 0 3 1 2 1 2)              76.463
16286      (0 1 4 5 1 2 1)              76.461
16287      (1 0 1 2 0 0 1)              76.460
16288      (1 0 1 2 1 2 1)              76.460
16289      (0 0 1 2 1 1 1)              76.458
16290      (1 0 1 2 1 1 1)              76.455
16291      (0 0 4 2 2 2 1)              76.454
16292      (1 0 1 2 0 0 0)              76.451
16293      (1 0 1 2 1 1 1)              76.449
16294      (0 0 2 3 1 2 1)              76.446
16295      (1 0 1 2 1 1 1)              76.445
16296      (0 0 4 3 2 1 1)              76.443
16297      (0 0 2 3 1 2 1)              76.440
16298      (1 0 3 1 2 1 2)              76.438
16299      (1 0 1 2 1 1 1)              76.437
16300      (0 1 4 6 0 0 1)              76.435
16301      (1 0 1 2 1 2 1)              76.435
16302      (0 0 1 2 1 1 1)              76.433
16303      (1 0 1 2 1 1 1)              76.431
16304      (0 0 4 3 2 1 1)              76.429
16305      (1 0 1 2 1 1 1)              76.427
16306      (0 0 4 2 2 2 1)              76.425
16307      (0 0 4 2 2 2 1)              76.424
16308      (1 0 3 1 2 1 2)              76.422
16309      (1 0 3 1 2 1 2)              76.421
16310      (1 0 1 2 1 1 1)              76.420
16311      (1 0 1 2 1 1 1)              76.418
16312      (1 0 1 2 1 1 1)              76.417
16313      (0 0 4 2 2 2 1)              76.414
16314      (1 0 1 2 1 2 1)              76.414
16315      (1 0 1 2 1 1 1)              76.412
16316      (1 0 3 1 2 1 2)              76.411
16317      (0 0 2 3 2 2 2)              76.412
16318      (0 0 2 3 1 2 1)              76.409
16319      (1 0 1 2 1 1 1)              76.407
16320      (1 0 1 2 1 1 1)              76.406
16321      (0 0 4 5 2 1 1)              76.404
16322      (0 0 4 6 0 0 1)              76.403
16323      (1 0 3 1 2 1 2)              76.402
16324      (1 0 2 3 1 0 1)              76.401
16325      (0 0 4 2 2 2 1)              76.399
16326      (1 0 2 3 2 1 1)              76.398
16327      (1 0 2 3 1 0 1)              76.398
16328      (1 0 0 0 1 2 0)              76.398
16329      (1 0 1 2 1 1 1)              76.396
16330      (0 0 4 5 2 1 1)              76.395
16331      (1 0 1 2 1 1 1)              76.394
16332      (0 0 2 3 1 2 1)              76.395
16333      (1 0 2 3 1 0 1)              76.393
16334      (0 0 4 2 2 2 1)              76.392
16335      (1 0 1 2 1 2 1)              76.392
16336      (0 0 1 2 1 1 1)              76.390
16337      (0 0 1 2 1 1 1)              76.388
16338      (1 0 1 2 1 1 1)              76.386
16339      (1 0 3 1 2 1 2)              76.383
16340      (1 0 2 3 1 2 0)              76.381
16341      (1 0 2 3 2 2 1)              76.381
16342      (1 0 4 5 2 2 2)              76.381
16343      (0 0 4 2 2 2 1)              76.380
16344      (1 0 1 2 1 2 1)              76.380
16345      (0 0 4 3 1 1 1)              76.378
16346      (0 0 4 6 1 2 1)              76.378
16347      (1 0 1 2 1 1 1)              76.377
16348      (0 0 1 2 0 0 1)              76.374
16349      (0 0 4 2 2 2 1)              76.373
16350      (0 0 4 2 2 2 1)              76.372
16351      (1 0 1 2 1 2 1)              76.371
16352      (1 0 1 2 1 2 1)              76.370
16353      (1 0 1 2 1 1 1)              76.369
16354      (0 0 1 2 0 0 1)              76.366
16355      (0 0 1 2 1 1 1)              76.362
16356      (1 0 1 2 1 1 1)              76.362
16357      (0 0 4 3 2 1 1)              76.358
16358      (0 0 1 2 0 0 1)              76.356
16359      (1 0 3 1 2 1 2)              76.354
16360      (1 0 3 1 2 1 2)              76.353
16361      (1 0 1 2 1 1 1)              76.352
16362      (1 0 1 2 1 1 1)              76.350
16363      (0 0 4 5 2 1 1)              76.348
16364      (1 0 1 2 1 2 1)              76.346
16365      (1 0 1 2 1 2 1)              76.344
16366      (0 0 4 5 2 1 1)              76.341
16367      (0 0 4 5 2 1 1)              76.339
16368      (1 0 1 2 1 1 1)              76.337
16369      (1 0 2 3 1 0 1)              76.336
16370      (0 0 4 3 2 1 1)              76.333
16371      (1 0 4 5 2 2 2)              76.333
16372      (1 0 1 2 1 1 1)              76.330
16373      (1 0 3 1 2 1 2)              76.329
16374      (0 0 4 6 1 2 1)              76.329
16375      (0 0 4 2 2 2 1)              76.327
16376      (1 0 1 2 1 1 1)              76.326
16377      (1 0 1 2 1 2 1)              76.326
16378      (1 0 2 3 1 0 1)              76.325
16379      (1 0 1 2 1 2 1)              76.324
16380      (1 0 1 2 1 1 1)              76.322
16381      (1 0 1 2 1 1 1)              76.321
16382      (1 0 1 2 1 0 1)              76.321
16383      (1 0 0 0 1 2 0)              76.322
16384      (1 0 1 2 1 0 1)              76.320
16385      (0 0 4 2 2 2 1)              76.317
16386      (1 0 1 2 1 2 1)              76.316
16387      (1 0 3 1 2 1 2)              76.315
16388      (1 0 0 0 1 2 1)              76.315
16389      (1 0 4 5 2 2 2)              76.314
16390      (1 0 2 3 1 1 1)              76.312
16391      (1 0 1 2 1 1 1)              76.310
16392      (1 0 0 0 1 2 1)              76.310
16393      (1 0 1 2 1 1 1)              76.309
16394      (1 0 2 3 2 2 1)              76.309
16395      (1 0 1 2 2 2 1)              76.309
16396      (1 0 1 2 1 1 1)              76.307
16397      (1 0 1 2 1 2 1)              76.307
16398      (1 0 1 2 0 0 1)              76.306
16399      (1 0 1 2 1 1 1)              76.305
16400      (0 0 4 2 2 2 1)              76.303
16401      (1 0 3 1 0 0 1)              76.301
16402      (0 0 4 6 0 0 1)              76.300
16403      (1 0 1 2 1 2 1)              76.298
16404      (0 0 4 2 2 2 1)              76.297
16405      (1 0 3 1 2 1 2)              76.296
16406      (1 0 1 2 0 0 1)              76.294
16407      (1 0 1 2 1 1 1)              76.293
16408      (1 0 1 2 1 1 1)              76.291
16409      (0 0 4 5 2 1 1)              76.290
16410      (0 0 0 0 1 2 1)              76.290
16411      (1 0 1 2 1 2 1)              76.289
16412      (1 0 1 2 1 1 1)              76.288
16413      (0 0 4 3 2 1 1)              76.285
16414      (1 0 1 2 0 0 1)              76.283
16415      (1 0 3 1 2 1 2)              76.282
16416      (1 0 1 2 1 2 1)              76.281
16417      (1 0 1 2 1 2 1)              76.280
16418      (0 0 2 3 1 2 1)              76.279
16419      (1 0 1 2 1 1 1)              76.277
16420      (1 0 2 3 1 0 1)              76.276
16421      (0 0 4 3 2 1 1)              76.273
16422      (0 0 4 6 1 2 1)              76.271
16423      (1 0 2 3 1 0 1)              76.269
16424      (1 0 2 3 1 0 1)              76.268
16425      (0 0 0 4 1 2 0)              76.266
16426      (1 0 1 2 1 2 1)              76.265
16427      (0 0 2 3 1 2 1)              76.264
16428      (0 0 4 6 1 2 1)              76.262
16429      (1 0 3 1 2 1 2)              76.261
16430      (1 0 3 1 1 0 0)              76.258
16431      (0 0 4 6 2 1 1)              76.256
16432      (1 0 1 2 0 0 0)              76.254
16433      (0 0 1 2 0 0 1)              76.251
16434      (0 0 4 3 2 1 1)              76.248
16435      (1 0 2 3 2 1 1)              76.246
16436      (0 0 4 6 1 1 1)              76.246
16437      (0 0 1 2 1 1 1)              76.244
16438      (1 0 1 2 1 1 1)              76.242
16439      (1 0 1 2 1 2 1)              76.241
16440      (0 0 4 2 2 2 1)              76.240
16441      (1 0 3 1 2 1 2)              76.237
16442      (1 0 1 2 1 1 1)              76.236
16443      (1 0 1 2 1 1 1)              76.236
16444      (1 0 1 2 1 2 1)              76.234
16445      (0 0 4 2 2 2 1)              76.233
16446      (1 0 1 2 1 1 1)              76.230
16447      (1 0 1 2 1 1 1)              76.228
16448      (0 0 2 3 1 2 1)              76.228
16449      (1 0 1 2 0 0 0)              76.226
16450      (0 0 4 3 2 1 1)              76.223
16451      (1 0 1 2 0 0 1)              76.222
16452      (1 0 2 3 1 2 0)              76.221
16453      (1 0 3 1 2 1 2)              76.220
16454      (1 0 1 2 1 1 1)              76.219
16455      (1 0 1 2 1 2 1)              76.218
16456      (0 0 4 2 2 2 1)              76.215
16457      (1 0 3 1 2 1 2)              76.213
16458      (1 0 1 2 1 2 1)              76.213
16459      (1 0 1 2 1 1 1)              76.211
16460      (1 0 1 2 1 1 1)              76.210
16461      (1 0 3 1 2 1 2)              76.208
16462      (1 0 1 2 1 1 1)              76.207
16463      (1 0 3 1 2 1 2)              76.204
16464      (1 0 1 2 1 1 1)              76.203
16465      (0 0 4 3 2 1 1)              76.199
16466      (0 0 4 2 2 2 1)              76.198
16467      (1 0 1 2 0 0 1)              76.196
16468      (1 0 1 2 1 0 1)              76.195
16469      (0 0 4 2 2 2 1)              76.193
16470      (1 0 3 1 2 1 2)              76.192
16471      (0 0 4 5 2 1 1)              76.191
16472      (0 0 0 4 0 1 0)              76.187
16473      (1 0 2 3 1 0 1)              76.186
16474      (0 0 4 2 2 2 1)              76.185
16475      (1 0 1 2 1 1 1)              76.183
16476      (0 0 1 2 0 0 1)              76.180
16477      (1 0 3 1 2 1 2)              76.179
16478      (1 0 1 2 0 0 1)              76.178
16479      (1 0 1 2 1 1 1)              76.176
16480      (0 0 4 6 1 2 1)              76.175
16481      (0 0 4 2 2 2 1)              76.173
16482      (0 0 4 2 2 2 1)              76.172
16483      (0 0 1 2 0 0 1)              76.169
16484      (0 0 1 2 1 1 1)              76.168
16485      (1 0 0 0 1 2 0)              76.168
16486      (1 0 4 5 2 2 2)              76.167
16487      (1 0 2 3 2 1 2)              76.165
16488      (1 0 2 3 1 0 1)              76.164
16489      (0 0 4 6 1 1 1)              76.162
16490      (0 0 1 2 2 2 1)              76.160
16491      (1 0 1 2 0 0 1)              76.159
16492      (1 0 1 2 1 2 1)              76.159
16493      (1 0 3 1 2 1 2)              76.157
16494      (0 0 4 6 2 2 1)              76.156
16495      (1 0 1 2 1 1 1)              76.155
16496      (0 0 4 6 1 2 1)              76.154
16497      (1 0 1 2 1 1 1)              76.153
16498      (1 0 1 2 1 1 1)              76.151
16499      (1 0 1 2 1 2 1)              76.150
16500      (1 0 3 1 2 1 2)              76.149
16501      (1 0 1 2 1 1 1)              76.147
16502      (0 0 4 2 2 2 1)              76.146
16503      (0 0 4 2 2 2 1)              76.145
16504      (1 0 1 2 1 2 1)              76.144
16505      (1 0 1 2 1 2 1)              76.144
16506      (1 0 2 3 1 0 1)              76.143
16507      (0 0 2 3 1 2 1)              76.142
16508      (1 0 1 2 0 0 1)              76.140
16509      (1 0 1 2 1 1 1)              76.138
16510      (1 0 1 2 1 2 1)              76.136
16511      (1 0 3 1 2 1 2)              76.135
16512      (0 0 4 2 1 2 1)              76.134
16513      (1 0 1 2 1 2 1)              76.134
16514      (1 0 1 2 1 1 1)              76.132
16515      (0 0 4 6 1 1 1)              76.132
16516      (0 0 4 5 2 1 1)              76.130
16517      (0 0 1 2 1 2 1)              76.127
16518      (0 0 4 2 2 2 1)              76.125
16519      (1 0 1 2 1 1 1)              76.124
16520      (0 0 1 2 1 1 1)              76.122
16521      (1 0 4 5 2 2 2)              76.122
16522      (1 0 3 1 1 1 1)              76.121
16523      (1 0 0 0 2 2 1)              76.119
16524      (1 0 1 2 1 2 1)              76.118
16525      (1 0 1 2 1 2 1)              76.117
16526      (1 0 1 2 1 1 1)              76.115
16527      (1 0 3 1 2 1 2)              76.114
16528      (0 0 4 6 0 0 1)              76.113
16529      (0 0 4 5 2 1 1)              76.111
16530      (1 0 1 2 2 2 1)              76.110
16531      (0 0 4 2 2 2 1)              76.109
16532      (1 0 3 1 2 1 2)              76.108
16533      (0 0 1 2 1 1 1)              76.105
16534      (1 0 2 3 1 2 0)              76.104
16535      (1 0 1 2 1 1 1)              76.103
16536      (0 0 4 2 2 2 1)              76.102
16537      (0 0 4 3 2 1 1)              76.099
16538      (1 0 2 3 2 1 2)              76.097
16539      (1 0 3 1 2 1 2)              76.097
16540      (0 0 2 3 1 2 1)              76.098
16541      (0 0 4 2 2 2 1)              76.096
16542      (0 0 4 2 2 2 1)              76.094
16543      (0 0 1 2 0 0 1)              76.092
16544      (1 0 2 3 2 1 2)              76.089
16545      (0 0 4 3 2 1 1)              76.085
16546      (1 0 1 2 1 2 1)              76.085
16547      (0 0 1 2 1 1 1)              76.082
16548      (0 0 4 6 1 2 1)              76.081
16549      (1 0 1 2 1 2 1)              76.080
16550      (0 0 0 4 1 2 1)              76.080
16551      (1 0 1 2 1 2 1)              76.079
16552      (1 0 3 1 2 1 2)              76.076
16553      (1 0 2 3 1 1 1)              76.074
16554      (1 0 3 1 2 1 2)              76.072
16555      (0 0 4 2 2 2 1)              76.071
16556      (0 0 4 6 2 2 1)              76.069
16557      (0 0 4 6 1 2 1)              76.068
16558      (1 0 3 1 2 1 2)              76.067
16559      (1 0 3 1 2 1 2)              76.065
16560      (1 0 2 3 2 1 1)              76.063
16561      (0 0 4 2 2 2 1)              76.062
16562      (1 0 1 2 1 2 1)              76.061
16563      (1 0 3 1 2 1 2)              76.060
16564      (1 0 1 2 1 1 1)              76.057
16565      (1 0 2 3 2 1 2)              76.055
16566      (0 0 4 5 2 1 1)              76.053
16567      (1 0 1 2 1 2 1)              76.053
16568      (0 0 4 2 2 2 1)              76.052
16569      (0 0 4 6 0 0 1)              76.051
16570      (1 0 3 1 2 1 2)              76.049
16571      (0 0 4 2 2 2 1)              76.049
16572      (1 0 2 3 1 0 1)              76.049
16573      (1 0 1 2 1 2 1)              76.048
16574      (1 0 1 2 1 2 1)              76.047
16575      (0 0 1 2 1 1 1)              76.045
16576      (0 0 1 2 1 1 1)              76.043
16577      (1 0 1 2 1 1 1)              76.041
16578      (0 0 4 3 2 1 1)              76.038
16579      (0 0 4 2 2 2 1)              76.037
16580      (1 0 2 3 0 0 0)              76.038
16581      (1 0 1 2 1 1 1)              76.036
16582      (1 0 3 1 2 1 2)              76.034
16583      (1 0 2 3 1 0 1)              76.033
16584      (0 0 4 2 2 2 1)              76.033
16585      (0 0 4 2 2 2 1)              76.030
16586      (1 0 2 3 1 0 1)              76.029
16587      (0 0 4 2 2 2 1)              76.027
16588      (0 0 4 5 2 1 1)              76.024
16589      (1 0 1 2 1 1 1)              76.023
16590      (1 0 1 2 1 1 1)              76.021
16591      (0 0 4 2 2 2 1)              76.021
16592      (0 0 4 2 2 2 1)              76.020
16593      (1 0 1 2 1 2 1)              76.020
16594      (1 0 3 1 2 1 2)              76.017
16595      (1 0 1 2 1 1 1)              76.016
16596      (1 0 1 2 1 1 1)              76.015
16597      (0 0 4 2 2 2 1)              76.014
16598      (1 0 1 2 0 0 1)              76.012
16599      (0 0 4 2 2 2 1)              76.009
16600      (1 0 1 2 1 1 1)              76.007
16601      (0 0 4 2 2 2 1)              76.006
16602      (0 0 4 6 1 2 1)              76.006
16603      (1 0 2 3 1 0 1)              76.007
16604      (1 0 1 2 1 2 1)              76.007
16605      (0 1 0 0 2 2 1)              76.006
16606      (0 0 4 3 2 1 1)              76.003
16607      (1 0 3 1 2 1 2)              76.001
16608      (1 0 3 1 2 1 2)              76.000
16609      (1 0 3 1 2 1 2)              75.997
16610      (1 0 1 2 1 1 1)              75.996
16611      (0 0 4 2 2 2 1)              75.995
16612      (0 0 4 5 2 1 1)              75.993
16613      (1 0 1 2 0 0 1)              75.991
16614      (1 0 1 2 1 1 1)              75.990
16615      (1 0 2 3 1 0 1)              75.989
16616      (1 0 2 3 1 0 1)              75.988
16617      (0 0 4 6 1 2 1)              75.989
16618      (0 0 4 6 1 2 1)              75.990
16619      (1 0 4 5 2 2 2)              75.989
16620      (1 0 1 2 1 1 1)              75.988
16621      (0 0 1 2 1 1 1)              75.985
16622      (1 0 3 1 2 1 2)              75.983
16623      (1 0 0 0 2 2 1)              75.984
16624      (1 0 1 2 1 1 1)              75.983
16625      (0 0 1 2 1 1 1)              75.979
16626      (1 0 2 3 1 0 1)              75.979
16627      (1 0 1 2 1 2 1)              75.978
16628      (1 0 2 3 1 2 1)              75.976
16629      (0 0 1 2 1 1 1)              75.974
16630      (1 0 1 2 1 1 1)              75.972
16631      (1 0 1 2 1 1 1)              75.971
16632      (0 0 4 2 2 2 1)              75.970
16633      (1 0 1 2 1 1 1)              75.967
16634      (0 0 4 2 2 2 1)              75.967
16635      (1 0 1 2 1 0 1)              75.966
16636      (0 0 2 3 2 2 2)              75.964
16637      (0 0 1 2 1 1 1)              75.962
16638      (1 0 1 2 1 2 1)              75.960
16639      (0 0 4 6 0 0 1)              75.959
16640      (1 0 3 1 2 1 2)              75.958
16641      (1 0 1 2 1 2 1)              75.957
16642      (1 0 1 2 1 1 1)              75.956
16643      (1 0 3 1 2 1 2)              75.955
16644      (1 0 2 3 1 2 1)              75.955
16645      (0 0 2 3 1 1 1)              75.952
16646      (1 0 1 2 0 0 1)              75.950
16647      (0 0 4 6 0 0 1)              75.948
16648      (1 0 1 2 1 1 1)              75.945
16649      (1 0 1 2 1 1 1)              75.944
16650      (0 0 4 2 2 2 1)              75.943
16651      (1 0 1 2 1 2 1)              75.942
16652      (1 0 2 3 2 1 2)              75.940
16653      (0 0 0 4 0 1 0)              75.938
16654      (1 0 2 3 0 0 0)              75.937
16655      (1 0 2 3 1 0 1)              75.936
16656      (1 0 2 3 1 0 1)              75.934
16657      (1 0 2 3 1 0 1)              75.934
16658      (0 0 1 2 1 1 1)              75.932
16659      (1 0 0 0 1 2 0)              75.932
16660      (1 0 2 3 1 2 0)              75.930
16661      (1 0 1 2 1 2 1)              75.928
16662      (0 0 4 3 1 1 1)              75.925
16663      (0 0 1 2 0 0 1)              75.922
16664      (1 0 1 2 1 2 1)              75.919
16665      (0 0 4 2 2 2 1)              75.917
16666      (1 0 0 0 1 2 0)              75.917
16667      (1 0 0 0 1 2 1)              75.916
16668      (1 0 1 2 1 2 1)              75.916
16669      (1 0 1 2 0 0 0)              75.914
16670      (1 0 1 2 1 2 1)              75.912
16671      (1 0 1 2 1 1 1)              75.911
16672      (1 0 1 2 1 1 1)              75.909
16673      (1 0 3 1 2 1 2)              75.908
16674      (1 0 3 1 2 1 2)              75.907
16675      (1 0 1 2 1 2 1)              75.906
16676      (1 0 3 1 2 1 2)              75.905
16677      (1 0 3 1 2 1 2)              75.902
16678      (1 0 3 1 2 1 2)              75.901
16679      (1 0 1 2 1 1 1)              75.898
16680      (0 0 4 2 2 2 1)              75.897
16681      (0 0 4 3 2 1 1)              75.894
16682      (1 0 1 2 1 1 1)              75.893
16683      (1 0 3 1 2 1 2)              75.890
16684      (1 0 3 1 2 1 2)              75.889
16685      (0 0 1 2 1 1 1)              75.886
16686      (1 0 1 2 1 2 1)              75.885
16687      (0 0 1 2 0 0 1)              75.882
16688      (1 0 1 2 1 1 1)              75.881
16689      (1 0 1 2 1 1 1)              75.880
16690      (1 0 1 2 0 0 1)              75.878
16691      (0 0 1 2 0 0 1)              75.875
16692      (0 0 4 5 2 1 1)              75.872
16693      (0 0 4 2 2 2 1)              75.871
16694      (0 0 4 2 2 2 1)              75.870
16695      (0 0 2 3 1 2 1)              75.871
16696      (1 0 2 3 2 2 1)              75.869
16697      (1 0 1 2 0 0 1)              75.868
16698      (0 0 1 2 0 0 1)              75.865
16699      (1 0 1 2 1 1 1)              75.862
16700      (1 0 1 2 1 1 1)              75.860
16701      (1 0 1 2 1 1 1)              75.858
16702      (0 0 2 3 1 2 1)              75.856
16703      (1 0 1 2 1 1 1)              75.855
16704      (1 0 1 2 1 2 1)              75.854
16705      (1 0 2 3 1 0 1)              75.854
16706      (1 0 2 3 1 1 1)              75.852
16707      (0 0 4 2 2 2 1)              75.850
16708      (0 0 4 2 2 2 1)              75.849
16709      (1 0 1 2 1 1 1)              75.847
16710      (1 0 1 2 1 1 1)              75.847
16711      (0 0 1 2 1 1 1)              75.845
16712      (1 0 3 1 2 1 2)              75.842
16713      (1 0 2 3 1 2 0)              75.841
16714      (0 0 4 2 2 2 1)              75.840
16715      (1 0 1 2 1 1 1)              75.839
16716      (0 0 4 2 2 2 1)              75.838
16717      (1 0 1 2 1 1 1)              75.837
16718      (0 0 2 3 1 2 1)              75.835
16719      (0 0 2 3 1 2 1)              75.833
16720      (0 0 4 2 2 2 1)              75.832
16721      (1 0 2 3 1 0 1)              75.833
16722      (0 0 1 2 1 2 1)              75.830
16723      (1 0 2 3 1 0 1)              75.829
16724      (1 0 3 1 2 1 2)              75.828
16725      (0 0 4 6 1 1 1)              75.827
16726      (1 0 1 2 0 0 1)              75.826
16727      (0 0 4 2 1 2 1)              75.825
16728      (0 0 4 2 2 2 1)              75.823
16729      (1 0 0 0 2 2 1)              75.823
16730      (1 0 3 1 2 1 2)              75.820
16731      (1 0 2 3 1 2 0)              75.819
16732      (1 0 1 2 1 1 1)              75.818
16733      (1 0 1 2 1 2 1)              75.818
16734      (0 0 1 2 1 1 1)              75.815
16735      (0 1 0 0 2 2 1)              75.814
16736      (1 0 1 2 1 1 1)              75.814
16737      (1 0 1 2 1 2 1)              75.813
16738      (1 0 1 2 1 2 1)              75.811
16739      (0 0 4 2 2 2 1)              75.810
16740      (1 0 2 3 1 2 1)              75.810
16741      (1 0 3 1 2 1 2)              75.807
16742      (1 0 2 3 1 0 1)              75.806
16743      (0 0 4 3 1 1 1)              75.803
16744      (1 0 2 3 1 2 0)              75.802
16745      (0 0 1 2 2 2 1)              75.798
16746      (1 0 0 0 1 0 1)              75.799
16747      (0 0 4 2 2 2 1)              75.798
16748      (0 0 4 2 2 2 1)              75.797
16749      (1 0 3 1 2 1 2)              75.795
16750      (0 0 4 2 2 2 1)              75.793
16751      (1 0 3 1 2 1 2)              75.790
16752      (1 0 1 2 1 1 1)              75.788
16753      (1 0 1 2 1 1 1)              75.786
16754      (1 0 1 2 0 0 0)              75.784
16755      (0 0 1 2 0 0 1)              75.782
16756      (1 0 1 2 1 1 1)              75.781
16757      (1 0 2 3 2 1 2)              75.782
16758      (1 0 1 2 1 1 1)              75.781
16759      (1 0 1 2 1 1 1)              75.778
16760      (1 0 1 2 1 2 1)              75.775
16761      (1 0 1 2 1 1 1)              75.774
16762      (0 0 4 2 2 2 1)              75.773
16763      (1 0 3 1 2 1 2)              75.772
16764      (0 0 1 2 1 1 1)              75.770
16765      (1 0 1 2 1 2 1)              75.769
16766      (1 0 3 1 2 1 2)              75.768
16767      (1 0 3 1 2 1 2)              75.767
16768      (1 0 1 2 1 2 1)              75.765
16769      (0 0 4 2 2 2 1)              75.763
16770      (0 0 1 2 1 1 1)              75.761
16771      (0 0 1 2 1 1 1)              75.759
16772      (0 0 4 2 2 2 1)              75.758
16773      (1 0 3 1 2 1 2)              75.757
16774      (1 0 1 2 1 2 1)              75.756
16775      (1 0 4 5 2 2 2)              75.755
16776      (1 0 2 3 1 1 1)              75.753
16777      (1 0 2 3 1 0 1)              75.754
16778      (1 0 3 1 2 1 2)              75.752
16779      (0 0 4 2 2 2 1)              75.752
16780      (0 0 4 2 2 2 1)              75.750
16781      (1 0 1 2 1 1 1)              75.749
16782      (1 0 2 3 1 0 1)              75.749
16783      (0 0 4 6 1 2 1)              75.748
16784      (1 0 3 1 2 1 2)              75.747
16785      (1 0 2 3 2 1 2)              75.745
16786      (0 0 2 3 2 0 2)              75.744
16787      (1 0 1 2 1 2 1)              75.744
16788      (1 0 1 2 1 1 1)              75.743
16789      (1 0 3 1 2 1 2)              75.742
16790      (0 0 1 2 0 0 1)              75.739
16791      (1 0 1 2 1 2 1)              75.739
16792      (0 0 1 2 1 1 1)              75.737
16793      (1 0 1 2 1 2 1)              75.737
16794      (1 0 1 2 1 2 1)              75.736
16795      (0 0 4 3 2 1 1)              75.733
16796      (1 0 1 2 1 2 1)              75.733
16797      (1 0 2 3 2 1 2)              75.731
16798      (0 0 2 3 1 1 1)              75.728
16799      (0 0 4 5 2 1 1)              75.726
16800      (1 0 1 2 1 1 1)              75.725
16801      (1 0 3 1 2 1 2)              75.723
16802      (1 0 1 2 1 2 1)              75.722
16803      (0 0 4 2 2 2 1)              75.721
16804      (1 0 1 2 1 2 1)              75.720
16805      (0 0 0 4 1 2 1)              75.719
16806      (1 0 3 1 2 1 2)              75.718
16807      (1 0 2 3 1 0 1)              75.717
16808      (1 0 1 2 1 1 1)              75.715
16809      (0 0 1 2 0 0 1)              75.713
16810      (0 0 1 2 0 0 1)              75.710
16811      (0 0 4 3 2 1 1)              75.707
16812      (1 0 1 2 0 0 1)              75.705
16813      (1 0 3 1 2 1 2)              75.704
16814      (0 0 4 6 1 2 1)              75.704
16815      (1 0 2 3 1 0 1)              75.704
16816      (0 0 4 2 2 2 1)              75.703
16817      (1 0 1 2 0 0 0)              75.700
16818      (0 0 1 2 1 1 1)              75.698
16819      (1 0 3 1 2 1 2)              75.696
16820      (1 0 0 0 2 2 1)              75.695
16821      (0 0 4 2 2 2 1)              75.693
16822      (1 0 1 2 1 1 1)              75.691
16823      (1 0 2 3 2 1 2)              75.688
16824      (1 0 0 0 2 2 1)              75.685
16825      (1 0 2 3 2 1 2)              75.683
16826      (0 0 4 6 1 2 1)              75.683
16827      (1 0 1 2 1 1 1)              75.682
16828      (1 0 2 3 1 0 1)              75.682
16829      (0 0 4 2 2 2 1)              75.681
16830      (1 0 2 3 1 0 1)              75.680
16831      (1 0 1 2 1 1 1)              75.679
16832      (1 0 1 2 2 2 1)              75.679
16833      (0 0 4 2 2 2 1)              75.679
16834      (0 0 4 2 2 2 1)              75.678
16835      (1 0 1 2 1 2 1)              75.678
16836      (1 0 2 3 2 1 2)              75.676
16837      (0 0 4 2 2 2 1)              75.676
16838      (1 0 1 2 1 1 1)              75.675
16839      (0 0 4 6 0 0 1)              75.674
16840      (1 0 1 2 1 1 1)              75.673
16841      (1 0 2 3 1 2 1)              75.672
16842      (1 0 1 2 1 1 1)              75.671
16843      (1 0 1 2 1 0 1)              75.670
16844      (1 0 0 0 0 1 1)              75.669
16845      (1 0 2 3 1 0 1)              75.668
16846      (1 0 1 2 1 1 1)              75.666
16847      (1 0 2 3 2 1 2)              75.664
16848      (1 0 1 2 1 1 1)              75.663
16849      (0 0 4 5 2 1 1)              75.661
16850      (1 0 0 0 1 2 0)              75.661
16851      (1 0 2 3 1 0 1)              75.660
16852      (0 0 4 2 2 2 1)              75.659
16853      (1 0 1 2 1 1 1)              75.657
16854      (1 0 1 2 0 0 0)              75.655
16855      (1 0 0 0 1 2 1)              75.654
16856      (0 0 4 2 2 2 1)              75.653
16857      (1 0 1 2 1 1 1)              75.651
16858      (0 0 4 3 2 1 1)              75.648
16859      (1 0 1 2 1 1 1)              75.647
16860      (0 0 4 6 1 2 1)              75.646
16861      (1 0 2 3 2 1 2)              75.644
16862      (0 0 4 6 0 0 1)              75.642
16863      (1 0 1 2 1 0 1)              75.641
16864      (1 0 1 2 0 0 1)              75.639
16865      (1 0 1 2 1 1 1)              75.638
16866      (1 0 1 2 1 2 1)              75.637
16867      (0 0 4 5 2 1 1)              75.634
16868      (1 0 3 1 2 1 2)              75.633
16869      (0 0 1 2 1 1 1)              75.630
16870      (0 0 4 6 1 1 1)              75.629
16871      (1 0 1 2 1 1 1)              75.626
16872      (1 0 1 2 1 2 1)              75.625
16873      (0 0 4 2 2 2 1)              75.622
16874      (1 0 2 3 2 1 2)              75.620
16875      (0 0 4 2 2 2 1)              75.619
16876      (0 0 2 3 2 0 2)              75.617
16877      (0 0 4 2 2 2 1)              75.616
16878      (1 0 1 2 1 2 1)              75.616
16879      (0 0 4 3 2 1 1)              75.613
16880      (1 0 3 1 2 1 2)              75.611
16881      (1 0 1 2 1 2 1)              75.610
16882      (1 0 2 3 1 0 1)              75.609
16883      (1 0 3 1 2 1 2)              75.608
16884      (0 0 2 3 1 2 1)              75.606
16885      (0 0 4 2 2 2 1)              75.605
16886      (0 0 4 2 2 2 1)              75.604
16887      (0 0 4 2 2 2 1)              75.603
16888      (1 0 2 3 2 1 1)              75.602
16889      (1 0 1 2 1 1 1)              75.601
16890      (0 0 4 6 1 2 1)              75.600
16891      (1 0 3 1 2 1 2)              75.599
16892      (1 0 1 2 1 2 1)              75.599
16893      (1 0 2 3 0 0 0)              75.598
16894      (1 0 4 5 2 2 2)              75.598
16895      (1 0 1 2 1 2 1)              75.596
16896      (0 0 4 2 1 2 1)              75.594
16897      (0 0 4 2 1 1 1)              75.593
16898      (1 0 2 3 1 0 1)              75.592
16899      (1 0 1 2 1 1 1)              75.591
16900      (0 0 4 2 2 2 1)              75.590
16901      (1 0 1 2 1 1 1)              75.588
16902      (1 0 2 3 2 1 2)              75.588
16903      (1 0 2 3 2 1 2)              75.587
16904      (1 0 1 2 1 2 1)              75.586
16905      (1 0 3 1 2 1 2)              75.584
16906      (1 0 1 2 0 0 1)              75.582
16907      (1 0 2 3 2 2 1)              75.583
16908      (1 0 1 2 1 2 1)              75.581
16909      (1 0 1 2 1 1 1)              75.580
16910      (1 0 1 2 1 1 1)              75.577
16911      (1 0 1 2 1 2 1)              75.577
16912      (1 0 0 0 2 2 1)              75.577
16913      (0 0 1 2 1 1 1)              75.575
16914      (0 0 4 2 2 2 1)              75.573
16915      (1 0 1 2 1 1 1)              75.571
16916      (1 0 1 2 0 0 1)              75.570
16917      (0 0 4 2 2 2 1)              75.569
16918      (1 0 1 2 1 1 1)              75.568
16919      (1 0 3 1 2 1 2)              75.567
16920      (1 0 2 3 1 2 1)              75.566
16921      (1 0 1 2 0 0 0)              75.563
16922      (0 0 4 2 2 2 1)              75.562
16923      (1 0 2 3 1 0 1)              75.561
16924      (1 0 1 2 1 1 1)              75.560
16925      (0 0 4 3 2 1 1)              75.557
16926      (1 0 1 2 1 2 1)              75.556
16927      (0 0 4 2 2 2 1)              75.555
16928      (1 0 1 2 1 1 1)              75.554
16929      (1 0 3 1 2 1 2)              75.551
16930      (1 0 1 2 1 1 1)              75.550
16931      (0 0 2 3 1 2 1)              75.548
16932      (1 0 1 2 1 2 1)              75.548
16933      (0 0 4 2 2 2 1)              75.545
16934      (1 0 1 2 1 1 1)              75.544
16935      (1 0 3 1 2 1 2)              75.543
16936      (1 0 1 2 1 1 1)              75.541
16937      (1 0 2 3 1 2 1)              75.541
16938      (1 0 0 0 1 0 1)              75.542
16939      (1 0 1 2 1 2 1)              75.541
16940      (0 0 1 2 1 1 1)              75.539
16941      (1 0 2 3 1 0 1)              75.538
16942      (1 0 3 1 2 1 2)              75.537
16943      (0 0 4 6 1 2 1)              75.537
16944      (1 0 1 2 1 1 1)              75.536
16945      (1 0 1 2 1 1 1)              75.535
16946      (1 0 3 1 2 1 2)              75.534
16947      (0 0 1 2 0 0 1)              75.531
16948      (1 0 1 2 1 1 1)              75.531
16949      (0 0 4 5 2 1 1)              75.528
16950      (1 0 1 2 1 1 1)              75.527
16951      (0 0 2 3 1 2 1)              75.525
16952      (0 0 4 3 1 1 1)              75.525
16953      (1 0 1 2 1 1 1)              75.524
16954      (0 0 2 3 1 1 1)              75.524
16955      (1 0 4 5 2 2 2)              75.524
16956      (1 0 0 0 2 2 1)              75.524
16957      (1 0 1 2 1 2 1)              75.523
16958      (0 0 4 2 2 2 1)              75.522
16959      (1 0 1 2 1 2 1)              75.520
16960      (1 0 1 2 0 0 1)              75.518
16961      (1 0 3 1 2 1 2)              75.517
16962      (0 0 4 5 2 1 1)              75.514
16963      (0 0 4 2 2 2 1)              75.513
16964      (1 0 3 1 2 1 2)              75.511
16965      (1 0 3 1 2 1 2)              75.509
16966      (1 0 2 3 1 0 1)              75.508
16967      (1 0 0 0 0 0 0)              75.508
16968      (0 0 1 2 1 1 1)              75.506
16969      (0 0 4 2 2 2 1)              75.505
16970      (0 0 1 2 1 1 1)              75.503
16971      (1 0 1 2 1 1 1)              75.500
16972      (1 0 2 3 1 0 1)              75.499
16973      (1 0 1 2 1 1 1)              75.496
16974      (0 0 2 3 1 2 1)              75.493
16975      (1 0 1 2 1 1 1)              75.492
16976      (1 0 3 1 2 1 2)              75.491
16977      (0 0 1 2 0 0 1)              75.488
16978      (1 0 1 2 1 1 1)              75.487
16979      (1 0 1 2 0 0 1)              75.485
16980      (1 0 1 2 1 2 1)              75.484
16981      (1 0 4 5 2 2 2)              75.483
16982      (0 0 2 3 1 1 1)              75.480
16983      (1 0 1 2 0 0 1)              75.478
16984      (0 1 0 0 2 2 1)              75.477
16985      (0 0 4 2 2 2 1)              75.476
16986      (1 0 1 2 1 1 1)              75.475
16987      (0 0 4 2 2 2 1)              75.475
16988      (1 0 1 2 1 1 1)              75.472
16989      (0 0 4 2 2 2 1)              75.470
16990      (0 0 1 2 1 1 0)              75.467
16991      (0 0 4 2 2 2 1)              75.466
16992      (1 0 1 2 0 0 1)              75.464
16993      (1 0 3 1 2 1 2)              75.463
16994      (1 0 2 3 1 0 1)              75.462
16995      (1 0 1 2 1 2 1)              75.461
16996      (1 0 0 0 2 2 1)              75.458
16997      (0 0 2 3 1 2 1)              75.458
16998      (1 0 1 2 1 1 1)              75.456
16999      (1 0 1 2 0 0 0)              75.454
17000      (1 0 1 2 1 2 1)              75.453
17001      (1 0 2 3 1 0 1)              75.452
17002      (1 0 2 3 1 2 1)              75.452
17003      (0 0 2 3 1 2 1)              75.451
17004      (1 0 1 2 0 0 1)              75.450
17005      (0 0 2 3 2 2 2)              75.447
17006      (1 0 1 2 1 1 1)              75.446
17007      (0 0 4 2 2 2 1)              75.445
17008      (1 0 3 1 2 1 2)              75.444
17009      (0 0 1 2 1 1 1)              75.442
17010      (1 0 3 1 2 1 2)              75.440
17011      (1 0 2 3 2 2 1)              75.441
17012      (0 0 1 2 1 1 1)              75.439
17013      (1 0 1 2 1 1 1)              75.438
17014      (0 0 4 2 2 2 1)              75.437
17015      (1 0 2 3 1 2 0)              75.435
17016      (0 0 4 2 2 2 1)              75.433
17017      (0 0 4 3 2 1 1)              75.430
17018      (0 0 4 2 2 2 1)              75.428
17019      (0 0 4 2 2 2 1)              75.427
17020      (1 0 0 0 1 2 0)              75.427
17021      (1 0 1 2 1 1 1)              75.425
17022      (1 0 3 1 2 1 2)              75.424
17023      (0 0 4 3 2 1 1)              75.420
17024      (1 0 1 2 1 1 1)              75.420
17025      (1 0 2 3 1 0 1)              75.419
17026      (1 0 1 2 1 1 1)              75.417
17027      (1 0 1 2 1 2 1)              75.417
17028      (1 0 1 2 1 2 1)              75.416
17029      (1 0 1 2 1 2 1)              75.415
17030      (0 0 4 5 2 1 1)              75.414
17031      (1 0 1 2 1 1 1)              75.412
17032      (1 0 1 2 1 2 1)              75.412
17033      (0 0 4 2 2 2 1)              75.411
17034      (1 0 1 2 1 1 1)              75.409
17035      (0 0 4 2 2 2 1)              75.407
17036      (0 0 4 2 2 2 1)              75.406
17037      (0 0 2 3 1 2 1)              75.405
17038      (1 0 2 3 1 1 1)              75.404
17039      (1 0 1 2 1 1 1)              75.403
17040      (1 0 1 2 1 1 1)              75.402
17041      (1 0 2 3 2 1 2)              75.400
17042      (1 0 3 1 2 1 2)              75.399
17043      (1 0 1 2 1 1 1)              75.396
17044      (1 0 1 2 1 1 1)              75.395
17045      (1 0 1 2 1 1 1)              75.392
17046      (1 0 1 2 1 2 1)              75.392
17047      (1 0 1 2 1 1 1)              75.391
17048      (1 0 0 0 1 1 1)              75.390
17049      (1 0 1 2 1 2 1)              75.389
17050      (1 0 4 5 2 2 2)              75.389
17051      (0 0 4 2 2 2 1)              75.388
17052      (0 0 4 2 2 2 1)              75.386
17053      (0 0 4 5 0 0 1)              75.385
17054      (0 0 1 2 0 0 1)              75.383
17055      (1 0 3 1 2 1 2)              75.382
17056      (1 0 1 2 1 2 1)              75.381
17057      (1 0 4 5 2 2 2)              75.380
17058      (0 0 4 3 2 1 1)              75.378
17059      (1 0 1 2 1 2 1)              75.377
17060      (1 0 1 2 1 2 1)              75.377
17061      (1 0 2 3 2 1 2)              75.378
17062      (1 0 2 3 2 1 2)              75.376
17063      (0 0 4 3 1 1 1)              75.374
17064      (0 0 4 2 2 2 1)              75.373
17065      (1 0 1 2 1 1 1)              75.372
17066      (1 0 1 2 1 1 1)              75.371
17067      (1 0 1 2 1 1 1)              75.370
17068      (0 0 0 4 2 2 1)              75.369
17069      (1 0 1 2 1 1 1)              75.368
17070      (0 0 4 3 2 1 1)              75.366
17071      (0 0 4 2 2 2 1)              75.366
17072      (1 0 3 1 2 1 2)              75.365
17073      (1 0 3 1 2 1 2)              75.364
17074      (1 0 3 1 2 1 2)              75.363
17075      (1 0 2 3 1 2 1)              75.363
17076      (0 0 4 2 2 2 1)              75.362
17077      (1 0 4 5 2 2 2)              75.361
17078      (1 0 1 2 1 1 1)              75.360
17079      (0 0 4 5 2 1 1)              75.358
17080      (0 0 4 3 2 1 1)              75.356
17081      (1 0 1 2 0 0 1)              75.355
17082      (1 0 1 2 1 0 1)              75.354
17083      (0 0 4 5 2 1 1)              75.352
17084      (1 0 1 2 1 1 1)              75.351
17085      (1 0 1 2 1 1 1)              75.349
17086      (1 0 1 2 1 1 1)              75.348
17087      (1 0 1 2 1 1 1)              75.347
17088      (1 0 1 2 1 1 1)              75.345
17089      (1 0 0 0 1 1 1)              75.344
17090      (0 0 4 2 2 2 1)              75.341
17091      (1 0 1 2 1 2 1)              75.341
17092      (0 0 4 2 2 2 1)              75.340
17093      (0 0 4 2 2 2 1)              75.338
17094      (1 0 1 2 1 1 1)              75.337
17095      (1 0 2 3 1 0 1)              75.335
17096      (1 0 2 3 2 2 1)              75.334
17097      (0 0 4 2 2 2 1)              75.333
17098      (1 0 2 3 1 2 1)              75.333
17099      (0 0 4 6 1 2 1)              75.331
17100      (0 0 4 2 2 2 1)              75.330
17101      (0 0 1 2 2 1 2)              75.327
17102      (1 0 3 1 2 1 2)              75.326
17103      (0 0 4 2 2 2 1)              75.326
17104      (1 0 1 2 1 1 1)              75.323
17105      (0 0 4 2 1 1 1)              75.322
17106      (1 0 2 3 2 1 2)              75.320
17107      (1 0 3 1 2 1 2)              75.319
17108      (0 0 4 3 2 1 1)              75.317
17109      (0 0 0 4 1 2 1)              75.317
17110      (0 0 4 6 1 2 1)              75.316
17111      (1 0 1 2 1 1 1)              75.315
17112      (0 0 4 6 0 0 1)              75.312
17113      (1 0 1 2 1 1 1)              75.310
17114      (0 0 1 2 0 0 1)              75.308
17115      (1 0 1 2 1 2 1)              75.307
17116      (1 0 1 2 1 1 1)              75.306
17117      (1 0 3 1 2 1 2)              75.305
17118      (0 0 4 5 2 1 1)              75.303
17119      (1 0 1 2 1 2 1)              75.302
17120      (0 0 1 2 0 0 1)              75.300
17121      (0 0 4 2 2 2 1)              75.299
17122      (1 0 2 3 1 2 1)              75.298
17123      (1 0 1 2 1 1 1)              75.297
17124      (0 0 0 4 1 2 0)              75.295
17125      (1 0 3 1 2 1 2)              75.294
17126      (0 0 1 2 1 1 1)              75.292
17127      (1 0 2 3 2 1 2)              75.290
17128      (0 0 4 2 2 2 1)              75.289
17129      (1 0 1 2 0 0 0)              75.287
17130      (0 0 1 2 1 1 1)              75.285
17131      (1 0 1 2 1 1 1)              75.284
17132      (1 0 1 2 1 2 1)              75.283
17133      (1 0 1 2 1 2 1)              75.281
17134      (1 0 3 1 2 1 2)              75.278
17135      (0 0 4 2 2 2 1)              75.278
17136      (1 0 1 2 1 2 1)              75.276
17137      (0 0 4 2 2 2 1)              75.275
17138      (0 0 1 2 1 1 1)              75.273
17139      (1 0 3 1 2 1 2)              75.272
17140      (0 0 4 2 2 2 1)              75.269
17141      (0 0 4 2 2 2 1)              75.268
17142      (1 0 1 2 1 2 1)              75.267
17143      (1 0 1 2 1 1 1)              75.265
17144      (1 0 3 1 2 1 2)              75.264
17145      (1 0 1 2 1 2 1)              75.263
17146      (1 0 1 2 1 1 1)              75.260
17147      (1 0 1 2 1 1 1)              75.259
17148      (0 0 4 2 2 2 1)              75.257
17149      (1 0 2 3 2 2 1)              75.258
17150      (1 0 3 1 2 1 2)              75.257
17151      (0 0 4 3 2 1 1)              75.255
17152      (1 0 3 1 2 1 2)              75.252
17153      (0 0 4 2 2 2 1)              75.251
17154      (1 0 1 2 1 1 1)              75.250
17155      (1 0 1 2 1 1 1)              75.248
17156      (0 0 4 5 2 1 1)              75.246
17157      (1 0 2 3 1 0 1)              75.245
17158      (0 0 4 3 2 1 1)              75.242
17159      (0 0 4 2 2 2 1)              75.242
17160      (1 0 0 0 1 0 1)              75.242
17161      (1 0 1 2 1 2 1)              75.240
17162      (0 0 4 2 2 2 1)              75.238
17163      (1 0 4 5 2 2 2)              75.237
17164      (0 0 4 6 1 2 1)              75.237
17165      (0 0 4 2 2 2 1)              75.236
17166      (0 0 4 2 2 2 1)              75.235
17167      (1 0 2 3 1 0 1)              75.234
17168      (1 0 1 2 1 2 1)              75.233
17169      (0 0 4 2 2 2 1)              75.231
17170      (1 0 2 3 1 2 1)              75.229
17171      (1 0 1 2 1 1 1)              75.227
17172      (1 0 1 2 1 1 1)              75.226
17173      (0 0 4 2 2 2 1)              75.224
17174      (0 0 4 3 2 1 1)              75.222
17175      (1 0 1 2 1 1 1)              75.221
17176      (1 0 2 3 1 1 1)              75.220
17177      (0 0 4 2 2 2 1)              75.218
17178      (1 0 1 2 1 2 1)              75.218
17179      (0 0 4 2 2 2 1)              75.217
17180      (1 0 2 3 1 0 1)              75.217
17181      (0 0 4 2 2 2 1)              75.217
17182      (1 0 3 1 2 1 2)              75.215
17183      (1 0 1 2 0 0 1)              75.213
17184      (1 0 2 3 1 0 1)              75.211
17185      (1 0 1 2 0 0 0)              75.208
17186      (0 0 4 2 2 2 1)              75.207
17187      (1 0 1 2 1 1 1)              75.206
17188      (1 0 1 2 1 2 1)              75.204
17189      (0 0 2 3 1 2 1)              75.202
17190      (0 0 1 2 1 1 1)              75.200
17191      (1 0 1 2 1 0 1)              75.199
17192      (1 0 1 2 1 1 1)              75.197
17193      (1 0 3 1 2 1 2)              75.196
17194      (1 0 1 2 1 2 1)              75.196
17195      (1 0 1 2 1 2 1)              75.194
17196      (1 0 1 2 1 2 1)              75.193
17197      (0 0 4 2 2 2 1)              75.192
17198      (0 0 4 2 2 2 1)              75.191
17199      (0 0 4 6 1 2 1)              75.189
17200      (1 0 1 2 2 2 1)              75.188
17201      (1 0 3 1 2 1 2)              75.187
17202      (1 0 1 2 1 1 1)              75.187
17203      (1 0 4 5 2 2 2)              75.186
17204      (1 0 1 2 1 1 1)              75.185
17205      (0 0 4 2 2 2 1)              75.184
17206      (0 0 4 5 2 1 1)              75.183
17207      (1 0 3 1 2 1 2)              75.181
17208      (0 0 2 3 1 2 1)              75.179
17209      (1 0 1 2 1 2 1)              75.179
17210      (1 0 2 3 1 2 1)              75.178
17211      (1 0 1 2 1 1 1)              75.177
17212      (0 0 4 2 2 2 1)              75.176
17213      (0 0 4 2 2 2 1)              75.175
17214      (1 0 1 2 1 2 1)              75.175
17215      (1 0 3 1 2 1 2)              75.172
17216      (1 0 0 0 2 2 1)              75.172
17217      (1 0 1 2 1 2 1)              75.171
17218      (0 0 4 2 2 2 1)              75.170
17219      (0 0 4 2 2 2 1)              75.169
17220      (0 0 4 2 2 2 1)              75.168
17221      (1 0 2 3 1 2 1)              75.170
17222      (1 0 2 3 1 2 0)              75.168
17223      (0 0 4 2 2 2 1)              75.167
17224      (1 0 2 3 1 2 1)              75.167
17225      (1 0 2 3 1 0 1)              75.166
17226      (1 0 3 1 2 1 2)              75.165
17227      (0 0 4 2 2 2 1)              75.163
17228      (1 0 1 2 1 2 1)              75.163
17229      (1 0 4 5 2 2 2)              75.163
17230      (0 0 4 6 0 0 1)              75.162
17231      (1 0 1 2 1 1 1)              75.161
17232      (1 0 1 2 1 2 1)              75.161
17233      (0 0 0 4 0 1 0)              75.159
17234      (1 0 1 2 1 1 1)              75.156
17235      (1 0 1 2 1 2 1)              75.154
17236      (1 0 1 2 1 2 1)              75.152
17237      (1 0 1 2 0 0 0)              75.150
17238      (1 0 1 2 1 0 1)              75.149
17239      (1 0 0 0 1 0 1)              75.150
17240      (1 0 1 2 1 2 1)              75.150
17241      (1 0 2 3 1 2 0)              75.149
17242      (0 0 4 2 2 2 1)              75.148
17243      (1 0 1 2 1 2 1)              75.148
17244      (0 0 4 3 2 1 1)              75.144
17245      (1 0 2 3 1 0 1)              75.143
17246      (1 0 1 2 1 1 1)              75.140
17247      (1 0 3 1 2 1 2)              75.139
17248      (1 0 2 3 0 0 0)              75.139
17249      (1 0 2 3 1 1 1)              75.138
17250      (1 0 1 2 1 2 1)              75.137
17251      (0 0 4 5 2 1 1)              75.134
17252      (1 0 1 2 1 2 1)              75.134
17253      (0 0 4 5 2 1 1)              75.131
17254      (0 0 2 3 2 2 0)              75.129
17255      (0 0 4 6 1 2 1)              75.128
17256      (1 0 1 2 1 1 1)              75.126
17257      (0 0 4 2 2 2 1)              75.125
17258      (1 0 1 2 1 1 1)              75.124
17259      (0 0 4 6 0 0 1)              75.123
17260      (1 0 4 5 2 2 2)              75.121
17261      (1 0 2 3 1 0 1)              75.120
17262      (1 0 1 2 1 1 1)              75.119
17263      (1 0 1 2 1 2 1)              75.118
17264      (1 0 4 5 2 2 2)              75.118
17265      (0 0 4 2 2 2 1)              75.118
17266      (0 0 4 2 2 2 1)              75.117
17267      (0 0 4 5 2 1 1)              75.114
17268      (0 0 1 2 1 1 1)              75.112
17269      (0 0 4 5 2 1 1)              75.110
17270      (1 0 1 2 1 2 1)              75.109
17271      (1 0 1 2 1 1 1)              75.108
17272      (0 0 4 2 2 2 1)              75.107
17273      (0 0 4 6 1 2 1)              75.107
17274      (1 0 1 2 1 2 1)              75.107
17275      (1 0 1 2 1 1 1)              75.106
17276      (1 0 1 2 0 0 1)              75.105
17277      (1 0 3 1 2 1 2)              75.102
17278      (0 0 4 3 2 1 1)              75.099
17279      (1 0 2 3 1 0 1)              75.098
17280      (1 0 1 2 1 1 1)              75.096
17281      (1 0 2 3 2 2 1)              75.094
17282      (0 0 4 2 2 2 1)              75.092
17283      (1 0 0 0 1 0 1)              75.093
17284      (1 0 1 2 1 1 1)              75.091
17285      (1 0 3 1 2 1 2)              75.089
17286      (1 0 1 2 1 1 1)              75.088
17287      (0 0 4 2 2 2 1)              75.087
17288      (1 0 1 2 1 1 1)              75.084
17289      (1 0 4 5 2 2 2)              75.084
17290      (0 0 4 2 2 2 1)              75.083
17291      (1 0 1 2 1 1 1)              75.081
17292      (1 0 3 1 2 1 2)              75.080
17293      (0 1 4 6 0 0 1)              75.078
17294      (1 0 4 5 2 2 2)              75.078
17295      (1 0 3 1 2 1 2)              75.076
17296      (1 0 1 2 0 0 0)              75.073
17297      (1 0 0 0 1 2 0)              75.073
17298      (1 0 2 3 1 0 1)              75.072
17299      (0 0 1 2 0 0 1)              75.070
17300      (1 0 1 2 1 1 1)              75.070
17301      (1 0 1 2 1 1 1)              75.069
17302      (0 0 4 2 2 2 1)              75.068
17303      (0 0 4 2 2 2 1)              75.067
17304      (1 0 1 2 1 1 1)              75.066
17305      (1 0 1 2 1 1 1)              75.065
17306      (1 0 4 5 2 2 2)              75.064
17307      (0 0 4 2 2 2 1)              75.063
17308      (0 0 4 2 2 2 1)              75.062
17309      (1 0 1 2 0 0 1)              75.061
17310      (0 0 4 5 2 1 1)              75.058
17311      (0 0 4 2 2 2 1)              75.058
17312      (1 0 1 2 1 1 1)              75.057
17313      (1 0 1 2 1 2 1)              75.056
17314      (1 0 2 3 1 0 1)              75.055
17315      (0 0 1 2 1 1 1)              75.053
17316      (0 0 4 2 1 2 1)              75.051
17317      (0 0 4 2 2 2 1)              75.051
17318      (1 0 1 2 1 1 1)              75.050
17319      (1 0 1 2 0 0 0)              75.047
17320      (0 0 4 2 2 2 1)              75.046
17321      (0 0 1 2 1 1 1)              75.044
17322      (1 0 1 2 2 2 1)              75.044
17323      (1 0 2 3 2 2 1)              75.044
17324      (0 0 1 2 1 1 1)              75.043
17325      (1 0 1 2 0 0 1)              75.042
17326      (0 0 2 3 1 2 1)              75.040
17327      (1 0 2 3 2 1 1)              75.039
17328      (0 0 4 5 2 1 1)              75.036
17329      (0 0 4 2 2 2 1)              75.035
17330      (1 0 1 2 1 2 1)              75.035
17331      (0 0 0 4 0 1 0)              75.032
17332      (0 0 4 2 1 1 1)              75.031
17333      (1 0 2 3 1 2 0)              75.029
17334      (0 0 2 3 1 2 1)              75.029
17335      (1 0 2 3 2 1 2)              75.027
17336      (1 0 2 3 0 0 0)              75.027
17337      (0 0 4 2 2 2 1)              75.027
17338      (1 0 3 1 2 1 2)              75.024
17339      (1 0 2 3 2 1 2)              75.022
17340      (1 0 3 1 2 1 2)              75.020
17341      (0 0 4 5 2 1 1)              75.018
17342      (0 0 1 2 1 2 1)              75.017
17343      (0 0 1 2 0 0 1)              75.014
17344      (0 0 4 3 2 1 1)              75.011
17345      (0 0 4 2 2 2 1)              75.010
17346      (0 0 4 6 0 0 1)              75.009
17347      (0 0 0 4 1 2 1)              75.010
17348      (1 0 0 0 0 1 1)              75.009
17349      (0 0 1 2 2 1 2)              75.007
17350      (0 0 4 5 2 1 1)              75.004
17351      (0 0 4 2 2 2 1)              75.004
17352      (1 0 2 3 1 0 1)              75.003
17353      (1 0 1 2 1 1 1)              75.002
17354      (0 0 1 2 0 0 1)              74.999
17355      (0 0 4 2 2 2 1)              74.996
17356      (1 0 1 2 1 1 1)              74.995
17357      (0 0 4 2 2 2 1)              74.994
17358      (1 0 1 2 1 2 1)              74.994
17359      (0 0 2 3 1 2 1)              74.992
17360      (0 0 4 3 2 1 1)              74.990
17361      (1 0 2 3 1 1 1)              74.988
17362      (1 0 3 1 2 1 2)              74.987
17363      (0 0 4 2 2 2 1)              74.987
17364      (0 0 4 2 2 2 1)              74.986
17365      (1 0 3 1 2 1 2)              74.985
17366      (0 0 4 3 2 1 1)              74.984
17367      (1 0 1 2 1 2 1)              74.982
17368      (1 0 2 3 1 2 0)              74.981
17369      (1 0 3 1 2 1 2)              74.980
17370      (0 0 4 5 2 1 1)              74.977
17371      (1 0 1 2 1 1 1)              74.975
17372      (1 0 1 2 1 1 1)              74.974
17373      (1 0 1 2 1 1 1)              74.973
17374      (1 0 1 2 1 1 1)              74.972
17375      (1 0 1 2 1 2 1)              74.972
17376      (1 0 1 2 1 1 1)              74.971
17377      (1 0 1 2 1 1 1)              74.970
17378      (1 0 2 3 1 0 1)              74.969
17379      (1 0 3 1 2 1 2)              74.968
17380      (1 0 2 3 1 0 1)              74.967
17381      (1 0 1 2 1 2 1)              74.965
17382      (1 0 1 2 1 2 1)              74.965
17383      (1 0 2 3 1 0 1)              74.964
17384      (0 0 1 2 1 1 1)              74.961
17385      (0 0 4 2 2 2 1)              74.960
17386      (1 0 2 3 1 0 1)              74.959
17387      (0 0 4 2 2 2 1)              74.958
17388      (1 0 1 2 0 0 0)              74.956
17389      (1 0 0 0 1 2 0)              74.956
17390      (1 0 1 2 1 1 1)              74.954
17391      (0 0 4 3 2 1 1)              74.951
17392      (0 0 4 6 1 2 1)              74.950
17393      (0 0 4 2 2 2 1)              74.949
17394      (1 0 1 2 1 1 1)              74.947
17395      (1 0 1 2 1 1 1)              74.945
17396      (0 0 4 2 2 2 1)              74.944
17397      (0 0 4 2 2 2 1)              74.943
17398      (1 0 2 3 2 1 2)              74.942
17399      (0 0 1 2 1 1 1)              74.939
17400      (0 0 4 5 2 1 1)              74.938
17401      (1 0 3 1 2 1 2)              74.936
17402      (1 0 3 1 2 1 2)              74.936
17403      (0 0 4 2 2 2 1)              74.935
17404      (1 0 2 3 2 2 1)              74.935
17405      (0 0 4 2 2 2 1)              74.934
17406      (1 0 1 2 0 0 0)              74.932
17407      (1 0 1 2 1 1 1)              74.930
17408      (1 0 0 0 1 2 0)              74.930
17409      (1 0 2 3 1 0 1)              74.930
17410      (1 0 3 1 2 1 2)              74.928
17411      (0 0 1 2 0 0 1)              74.926
17412      (1 0 3 1 2 1 2)              74.925
17413      (1 0 3 1 2 1 2)              74.924
17414      (1 0 1 2 1 1 1)              74.922
17415      (0 0 2 3 1 2 1)              74.920
17416      (0 0 4 2 2 2 1)              74.919
17417      (1 0 3 1 2 1 2)              74.917
17418      (1 0 3 1 2 1 2)              74.915
17419      (1 0 4 5 2 2 2)              74.914
17420      (0 0 4 2 2 2 1)              74.912
17421      (1 0 2 3 1 0 1)              74.911
17422      (1 0 1 2 1 1 1)              74.910
17423      (1 0 0 0 2 2 1)              74.909
17424      (1 0 1 2 1 2 1)              74.908
17425      (1 0 1 2 1 2 1)              74.906
17426      (0 1 0 0 2 2 1)              74.905
17427      (0 0 0 4 2 2 1)              74.905
17428      (1 0 1 2 1 1 1)              74.904
17429      (0 0 1 2 1 1 1)              74.902
17430      (0 0 4 3 1 1 1)              74.902
17431      (0 0 4 6 1 2 1)              74.900
17432      (0 0 4 2 2 2 1)              74.899
17433      (1 0 1 2 1 2 1)              74.898
17434      (1 0 1 2 1 2 1)              74.896
17435      (0 0 1 2 1 1 1)              74.894
17436      (1 0 3 1 2 1 2)              74.893
17437      (0 0 1 2 1 1 1)              74.889
17438      (1 0 1 2 1 1 1)              74.887
17439      (1 0 1 2 1 2 1)              74.887
17440      (1 0 1 2 1 1 1)              74.884
17441      (1 0 1 2 1 2 1)              74.882
17442      (1 0 1 2 1 2 1)              74.880
17443      (1 0 1 2 1 2 1)              74.880
17444      (1 0 1 2 1 1 1)              74.879
17445      (1 0 1 2 1 1 1)              74.879
17446      (0 0 4 6 1 2 1)              74.877
17447      (1 0 2 3 2 1 1)              74.875
17448      (0 0 4 2 2 2 1)              74.874
17449      (1 0 1 2 1 2 1)              74.873
17450      (0 0 1 2 0 0 1)              74.871
17451      (0 0 4 6 1 2 1)              74.871
17452      (1 0 2 3 1 0 1)              74.870
17453      (1 0 2 3 1 0 1)              74.869
17454      (0 0 1 2 0 0 1)              74.866
17455      (0 0 4 5 2 1 1)              74.865
17456      (0 0 1 2 1 1 1)              74.863
17457      (1 0 2 3 1 1 1)              74.862
17458      (1 0 1 2 1 2 1)              74.861
17459      (1 0 2 3 2 2 1)              74.862
17460      (0 0 4 2 1 2 1)              74.860
17461      (1 0 2 3 2 1 1)              74.859
17462      (1 0 1 2 1 1 1)              74.858
17463      (1 0 1 2 1 2 1)              74.857
17464      (1 0 2 3 1 0 1)              74.856
17465      (1 0 2 3 1 2 0)              74.855
17466      (1 0 1 2 1 2 1)              74.853
17467      (0 0 4 2 2 2 1)              74.852
17468      (1 0 2 3 1 0 1)              74.852
17469      (0 0 4 2 2 2 1)              74.851
17470      (1 0 1 2 1 1 1)              74.850
17471      (1 0 0 0 1 1 1)              74.849
17472      (0 0 4 5 2 1 1)              74.846
17473      (1 0 3 1 2 1 2)              74.845
17474      (1 0 1 2 1 1 1)              74.844
17475      (0 0 4 2 2 2 1)              74.843
17476      (1 0 1 2 1 2 1)              74.842
17477      (1 0 1 2 1 1 1)              74.841
17478      (1 0 3 1 2 1 2)              74.839
17479      (1 0 0 0 1 0 1)              74.838
17480      (1 0 1 2 1 1 1)              74.837
17481      (1 0 2 3 1 0 1)              74.836
17482      (1 0 1 2 1 2 1)              74.835
17483      (1 0 3 1 2 1 2)              74.834
17484      (1 0 1 2 1 1 1)              74.832
17485      (1 0 2 3 1 0 1)              74.831
17486      (1 0 1 2 1 1 1)              74.830
17487      (1 0 2 3 1 0 1)              74.829
17488      (1 0 1 2 1 1 1)              74.828
17489      (0 0 4 2 2 2 1)              74.827
17490      (0 0 4 2 2 2 1)              74.826
17491      (1 0 1 2 1 2 1)              74.824
17492      (0 0 0 4 0 1 0)              74.821
17493      (1 0 0 0 2 2 1)              74.822
17494      (1 0 1 2 0 0 0)              74.820
17495      (1 0 1 2 1 2 1)              74.820
17496      (0 0 1 2 1 1 1)              74.818
17497      (0 0 4 2 2 2 1)              74.817
17498      (0 0 4 2 2 2 1)              74.816
17499      (0 0 4 2 2 2 1)              74.816
17500      (0 0 4 2 2 2 1)              74.815
17501      (1 0 2 3 2 2 1)              74.815
17502      (0 0 4 2 2 2 1)              74.814
17503      (1 0 2 3 1 0 1)              74.813
17504      (1 0 2 3 1 2 1)              74.815
17505      (1 0 2 3 1 2 0)              74.814
17506      (0 1 0 0 2 2 1)              74.813
17507      (1 0 1 2 0 0 0)              74.811
17508      (1 0 1 2 1 1 1)              74.810
17509      (0 0 4 3 2 1 1)              74.807
17510      (0 0 4 2 1 2 1)              74.806
17511      (1 0 1 2 1 0 1)              74.805
17512      (0 0 4 2 2 2 1)              74.804
17513      (1 0 1 2 1 1 1)              74.802
17514      (1 0 3 1 2 1 2)              74.799
17515      (1 0 2 3 1 0 1)              74.798
17516      (1 0 1 2 2 2 1)              74.798
17517      (1 0 1 2 1 2 1)              74.796
17518      (1 0 3 1 2 1 2)              74.795
17519      (1 0 1 2 1 2 1)              74.794
17520      (1 0 2 3 1 1 1)              74.795
17521      (0 0 4 3 2 1 1)              74.792
17522      (1 0 2 3 1 0 1)              74.791
17523      (1 0 1 2 1 0 1)              74.791
17524      (1 0 0 0 1 2 0)              74.791
17525      (0 0 1 2 1 1 1)              74.787
17526      (1 0 4 5 2 2 2)              74.787
17527      (1 0 2 3 1 2 1)              74.787
17528      (0 0 4 2 2 2 1)              74.787
17529      (0 0 4 2 2 2 1)              74.785
17530      (1 0 1 2 0 0 1)              74.784
17531      (0 0 4 3 1 1 1)              74.784
17532      (0 0 4 2 2 2 1)              74.783
17533      (1 0 1 2 1 2 1)              74.782
17534      (1 0 1 2 1 1 1)              74.781
17535      (1 0 3 1 2 1 2)              74.781
17536      (1 0 4 5 2 2 2)              74.780
17537      (1 0 1 2 1 2 1)              74.780
17538      (1 0 1 2 0 0 1)              74.779
17539      (1 0 1 2 1 1 1)              74.778
17540      (1 0 1 2 1 1 1)              74.776
17541      (1 0 3 1 2 1 2)              74.775
17542      (1 0 4 5 2 2 2)              74.775
17543      (1 0 1 2 1 1 1)              74.774
17544      (0 0 0 4 1 2 1)              74.774
17545      (1 0 2 3 1 2 1)              74.774
17546      (0 0 2 3 1 2 1)              74.772
17547      (0 0 4 6 0 0 1)              74.771
17548      (0 0 2 3 2 2 0)              74.770
17549      (1 0 1 2 1 1 1)              74.769
17550      (1 0 1 2 1 1 1)              74.768
17551      (0 0 4 2 1 1 1)              74.766
17552      (1 0 2 3 1 0 1)              74.766
17553      (1 0 0 0 2 2 1)              74.766
17554      (1 0 1 2 1 0 1)              74.765
17555      (1 0 3 1 2 1 2)              74.763
17556      (0 0 4 3 2 1 1)              74.760
17557      (1 0 1 2 1 2 1)              74.760
17558      (1 0 2 3 1 2 0)              74.759
17559      (1 0 1 2 1 1 1)              74.758
17560      (1 0 3 1 2 1 2)              74.757
17561      (1 0 2 3 2 1 2)              74.755
17562      (1 0 1 2 1 1 1)              74.754
17563      (1 0 2 3 1 2 1)              74.754
17564      (1 0 1 2 1 1 1)              74.753
17565      (1 0 3 1 2 1 2)              74.750
17566      (1 0 1 2 1 2 1)              74.748
17567      (1 0 3 1 2 1 2)              74.746
17568      (1 0 2 3 1 2 0)              74.745
17569      (0 0 0 4 0 1 0)              74.745
17570      (1 0 2 3 1 2 1)              74.744
17571      (0 0 4 5 2 1 1)              74.742
17572      (0 0 4 2 2 2 1)              74.741
17573      (1 0 1 2 1 1 1)              74.740
17574      (0 0 4 2 2 2 1)              74.739
17575      (0 0 1 2 0 0 1)              74.737
17576      (1 0 1 2 1 1 1)              74.737
17577      (1 0 2 3 1 0 1)              74.736
17578      (1 0 1 2 1 2 1)              74.735
17579      (1 0 3 1 2 1 2)              74.734
17580      (1 0 1 2 1 2 1)              74.734
17581      (0 0 4 2 2 2 1)              74.733
17582      (0 0 4 3 2 1 1)              74.730
17583      (1 0 1 2 1 1 1)              74.728
17584      (0 0 1 2 1 1 1)              74.726
17585      (1 0 3 1 2 1 2)              74.724
17586      (1 0 1 2 0 0 1)              74.722
17587      (1 0 1 2 1 2 1)              74.722
17588      (1 0 2 3 1 0 1)              74.723
17589      (1 0 2 3 1 1 1)              74.722
17590      (1 0 1 2 1 1 1)              74.721
17591      (0 1 0 0 2 2 1)              74.720
17592      (1 0 3 1 2 1 2)              74.719
17593      (0 0 4 3 1 1 1)              74.719
17594      (1 0 1 2 1 1 1)              74.718
17595      (1 0 1 2 0 0 1)              74.717
17596      (1 0 1 2 0 0 0)              74.714
17597      (1 0 1 2 1 1 1)              74.712
17598      (0 0 4 2 2 2 1)              74.711
17599      (1 0 1 2 1 2 1)              74.711
17600      (0 0 1 2 1 1 1)              74.709
17601      (1 0 2 3 1 2 1)              74.710
17602      (1 0 1 2 1 2 1)              74.710
17603      (0 0 4 5 2 1 1)              74.709
17604      (1 0 1 2 0 0 1)              74.707
17605      (0 0 4 2 2 2 1)              74.706
17606      (1 0 1 2 1 2 1)              74.704
17607      (1 0 2 3 1 2 1)              74.704
17608      (0 0 4 3 2 1 1)              74.701
17609      (0 0 2 3 2 0 2)              74.698
17610      (1 0 2 3 2 1 1)              74.696
17611      (1 0 3 1 1 0 0)              74.694
17612      (1 0 3 1 2 1 2)              74.694
17613      (1 0 3 1 2 1 2)              74.691
17614      (1 0 2 3 2 2 1)              74.692
17615      (1 0 1 2 1 1 1)              74.691
17616      (0 0 4 3 2 1 1)              74.689
17617      (0 0 4 2 2 2 1)              74.688
17618      (0 0 4 2 2 2 1)              74.687
17619      (1 0 1 2 1 2 1)              74.686
17620      (1 0 3 1 1 0 0)              74.684
17621      (1 0 0 0 2 2 1)              74.683
17622      (0 0 4 2 2 2 1)              74.683
17623      (1 0 2 3 1 0 1)              74.682
17624      (1 0 0 0 1 2 0)              74.682
17625      (0 0 4 2 2 2 1)              74.681
17626      (1 0 3 1 2 1 2)              74.680
17627      (1 0 2 3 1 2 0)              74.678
17628      (1 0 1 2 1 2 1)              74.677
17629      (1 0 3 1 2 1 2)              74.676
17630      (0 0 1 2 1 1 1)              74.674
17631      (1 0 2 3 1 0 1)              74.673
17632      (1 0 2 3 1 2 1)              74.673
17633      (1 0 1 2 0 0 1)              74.671
17634      (0 0 4 3 2 1 1)              74.668
17635      (1 0 3 1 2 1 2)              74.667
17636      (1 0 1 2 1 1 1)              74.666
17637      (1 0 2 3 1 2 0)              74.664
17638      (0 0 1 2 1 1 1)              74.661
17639      (0 0 4 6 1 2 1)              74.658
17640      (1 0 0 0 1 2 0)              74.658
17641      (1 0 3 1 1 1 1)              74.656
17642      (0 0 4 2 2 2 1)              74.655
17643      (1 0 1 2 1 2 1)              74.655
17644      (0 0 4 2 2 2 1)              74.654
17645      (0 0 4 2 2 2 1)              74.653
17646      (1 0 2 3 2 2 1)              74.654
17647      (1 0 1 2 1 0 1)              74.653
17648      (1 0 2 3 1 0 1)              74.652
17649      (1 0 2 3 1 0 1)              74.651
17650      (1 0 1 2 0 0 1)              74.650
17651      (1 0 2 3 1 0 1)              74.649
17652      (1 0 3 1 2 1 2)              74.647
17653      (0 0 2 3 1 2 1)              74.644
17654      (0 0 4 3 2 1 1)              74.642
17655      (1 0 1 2 1 1 1)              74.641
17656      (1 0 1 2 1 2 1)              74.641
17657      (1 0 2 3 1 2 1)              74.639
17658      (1 0 1 2 1 2 1)              74.638
17659      (1 0 1 2 2 2 1)              74.638
17660      (0 0 4 3 2 1 1)              74.635
17661      (0 0 4 2 2 2 1)              74.634
17662      (0 0 1 2 0 0 1)              74.631
17663      (0 0 1 2 1 1 1)              74.629
17664      (0 0 4 2 2 2 1)              74.629
17665      (1 0 1 2 0 0 1)              74.628
17666      (1 0 1 2 1 2 1)              74.627
17667      (1 0 1 2 1 1 1)              74.626
17668      (1 0 1 2 1 1 1)              74.625
17669      (1 0 3 1 2 1 2)              74.622
17670      (1 0 2 3 1 2 1)              74.623
17671      (1 0 4 5 2 2 2)              74.622
17672      (0 0 4 2 2 2 1)              74.621
17673      (1 0 1 2 1 1 1)              74.620
17674      (1 0 1 2 1 1 1)              74.619
17675      (1 0 1 2 1 1 1)              74.618
17676      (0 0 4 2 2 2 1)              74.617
17677      (1 0 1 2 1 1 1)              74.616
17678      (1 0 3 1 2 1 2)              74.613
17679      (0 0 4 6 1 1 1)              74.612
17680      (1 0 1 2 0 0 1)              74.610
17681      (0 0 4 6 1 2 1)              74.608
17682      (1 0 1 2 1 1 1)              74.607
17683      (0 0 4 2 2 2 1)              74.607
17684      (0 0 4 2 2 2 1)              74.606
17685      (0 0 2 3 2 2 0)              74.604
17686      (0 0 4 3 2 1 1)              74.601
17687      (1 0 0 0 1 2 0)              74.600
17688      (0 0 4 2 2 2 1)              74.599
17689      (0 0 1 2 1 1 1)              74.597
17690      (1 0 3 1 2 1 2)              74.595
17691      (1 0 2 3 1 0 1)              74.594
17692      (1 0 1 2 1 2 1)              74.594
17693      (0 0 4 3 2 1 1)              74.592
17694      (0 0 1 2 1 1 1)              74.590
17695      (1 0 1 2 1 2 1)              74.590
17696      (0 0 4 2 2 2 1)              74.589
17697      (0 0 1 2 0 0 1)              74.586
17698      (1 0 2 3 1 2 0)              74.585
17699      (1 0 1 2 1 2 1)              74.584
17700      (0 0 4 3 2 1 1)              74.582
17701      (1 0 1 2 1 1 1)              74.581
17702      (0 0 1 2 1 1 1)              74.578
17703      (1 0 1 2 1 1 1)              74.578
17704      (1 0 4 5 2 2 2)              74.577
17705      (0 0 4 2 2 2 1)              74.576
17706      (0 0 2 3 1 2 1)              74.576
17707      (1 0 1 2 1 1 1)              74.574
17708      (1 0 1 2 1 2 1)              74.572
17709      (1 0 2 3 1 0 1)              74.571
17710      (1 0 2 3 2 1 2)              74.572
17711      (0 0 4 3 2 1 1)              74.569
17712      (1 0 2 3 1 0 1)              74.568
17713      (1 0 2 3 1 0 1)              74.567
17714      (1 0 1 2 1 2 1)              74.567
17715      (1 0 1 2 1 1 1)              74.566
17716      (1 0 3 1 1 0 0)              74.563
17717      (1 0 2 3 2 1 2)              74.564
17718      (0 0 0 4 1 2 1)              74.563
17719      (0 0 4 6 1 2 1)              74.562
17720      (1 0 1 2 1 1 1)              74.560
17721      (1 0 3 1 2 1 2)              74.558
17722      (1 0 1 2 1 1 1)              74.558
17723      (0 0 4 6 0 0 1)              74.557
17724      (1 0 1 2 1 1 1)              74.555
17725      (0 0 4 3 2 1 1)              74.551
17726      (1 0 1 2 1 1 1)              74.550
17727      (1 0 2 3 1 1 1)              74.548
17728      (0 0 4 6 1 2 1)              74.545
17729      (1 0 3 1 2 1 2)              74.543
17730      (0 0 4 2 2 2 1)              74.542
17731      (0 0 4 2 2 2 1)              74.541
17732      (0 0 4 2 2 2 1)              74.540
17733      (1 0 1 2 1 1 1)              74.539
17734      (1 0 1 2 1 2 1)              74.539
17735      (0 0 4 2 2 2 1)              74.538
17736      (1 0 1 2 1 1 1)              74.537
17737      (1 0 2 3 1 2 1)              74.536
17738      (1 0 1 2 1 1 1)              74.535
17739      (1 0 3 1 2 1 2)              74.532
17740      (1 0 1 2 1 1 1)              74.531
17741      (1 0 0 0 1 2 0)              74.531
17742      (1 0 2 3 1 0 1)              74.530
17743      (0 0 2 3 1 2 1)              74.530
17744      (1 0 2 3 1 0 1)              74.530
17745      (1 0 0 0 1 0 1)              74.531
17746      (1 0 1 2 1 2 1)              74.530
17747      (1 0 1 2 1 1 1)              74.529
17748      (0 0 4 3 2 1 1)              74.526
17749      (1 0 2 3 2 1 1)              74.525
17750      (0 0 4 2 2 2 1)              74.524
17751      (1 0 1 2 1 1 1)              74.523
17752      (1 0 0 0 0 2 1)              74.522
17753      (0 0 1 2 1 1 1)              74.519
17754      (1 0 3 1 2 1 2)              74.518
17755      (1 0 1 2 1 1 1)              74.518
17756      (0 0 4 2 2 2 1)              74.515
17757      (0 0 4 2 2 2 1)              74.515
17758      (1 0 2 3 1 0 1)              74.514
17759      (1 0 3 1 1 0 0)              74.511
17760      (0 0 4 2 2 2 1)              74.509
17761      (1 0 3 1 2 1 2)              74.508
17762      (1 0 3 1 2 1 2)              74.506
17763      (0 0 4 2 2 2 1)              74.505
17764      (0 0 4 6 1 2 1)              74.504
17765      (1 0 1 2 1 2 1)              74.504
17766      (1 0 1 2 1 1 1)              74.503
17767      (0 0 4 2 2 2 1)              74.502
17768      (1 0 0 0 1 1 1)              74.501
17769      (1 0 1 2 1 1 1)              74.500
17770      (1 0 0 0 1 2 1)              74.500
17771      (1 0 3 1 2 1 2)              74.497
17772      (1 0 3 1 2 1 2)              74.496
17773      (1 0 1 2 1 1 1)              74.494
17774      (1 0 1 2 1 1 1)              74.492
17775      (1 0 1 2 1 2 1)              74.492
17776      (1 0 1 2 1 2 1)              74.491
17777      (0 0 1 2 0 0 1)              74.488
17778      (1 0 1 2 1 1 1)              74.486
17779      (1 0 2 3 1 0 1)              74.485
17780      (1 0 1 2 1 1 1)              74.485
17781      (1 0 1 2 1 1 1)              74.483
17782      (1 0 1 2 1 1 1)              74.483
17783      (0 0 4 2 2 2 1)              74.482
17784      (0 0 1 2 0 0 1)              74.479
17785      (1 0 3 1 2 1 2)              74.477
17786      (1 0 4 5 2 2 2)              74.477
17787      (0 0 1 2 0 0 1)              74.474
17788      (1 0 1 2 0 0 0)              74.473
17789      (1 0 3 1 2 1 2)              74.471
17790      (1 0 1 2 1 1 1)              74.470
17791      (1 0 2 3 1 0 1)              74.470
17792      (1 0 1 2 1 1 1)              74.467
17793      (0 0 4 2 1 2 1)              74.465
17794      (1 0 1 2 1 1 1)              74.465
17795      (0 0 4 2 2 2 1)              74.463
17796      (0 0 1 2 2 1 2)              74.460
17797      (1 0 2 3 2 1 2)              74.458
17798      (1 0 3 1 2 1 2)              74.456
17799      (1 0 1 2 1 2 1)              74.456
17800      (1 0 3 1 2 1 2)              74.454
17801      (1 0 2 3 2 1 2)              74.451
17802      (1 0 1 2 1 1 1)              74.450
17803      (0 0 0 4 1 2 1)              74.448
17804      (1 0 1 2 1 1 1)              74.447
17805      (1 0 1 2 1 1 1)              74.446
17806      (1 0 2 3 1 1 1)              74.445
17807      (1 0 1 2 1 1 1)              74.445
17808      (0 0 4 3 2 1 1)              74.441
17809      (0 0 4 2 2 2 1)              74.441
17810      (0 0 4 2 2 2 1)              74.440
17811      (0 0 4 6 1 2 1)              74.440
17812      (1 0 2 3 1 1 1)              74.438
17813      (1 0 2 3 2 1 1)              74.436
17814      (1 0 4 5 2 2 2)              74.435
17815      (1 0 3 1 2 1 2)              74.433
17816      (1 0 1 2 1 2 1)              74.432
17817      (1 0 4 5 2 2 2)              74.431
17818      (0 0 1 2 1 1 1)              74.429
17819      (1 0 1 2 1 2 1)              74.428
17820      (0 0 4 2 2 2 1)              74.427
17821      (0 0 1 2 0 0 1)              74.424
17822      (0 0 4 2 2 2 1)              74.423
17823      (0 0 2 3 1 2 1)              74.424
17824      (1 0 1 2 1 1 1)              74.423
17825      (1 0 1 2 1 1 1)              74.421
17826      (1 0 1 2 1 1 1)              74.420
17827      (0 0 4 2 2 2 1)              74.419
17828      (0 0 2 3 1 2 1)              74.418
17829      (0 0 4 6 2 2 1)              74.416
17830      (1 0 1 2 1 2 1)              74.416
17831      (0 0 4 5 2 1 1)              74.414
17832      (0 0 4 5 2 1 1)              74.411
17833      (1 0 1 2 1 2 1)              74.411
17834      (1 0 1 2 1 1 1)              74.409
17835      (1 0 1 2 1 1 1)              74.407
17836      (1 0 3 1 2 1 2)              74.406
17837      (0 0 4 2 2 2 1)              74.405
17838      (1 0 0 0 1 2 0)              74.404
17839      (1 0 1 2 1 2 1)              74.401
17840      (1 0 1 2 1 2 1)              74.400
17841      (1 0 1 2 0 0 0)              74.399
17842      (1 0 0 0 1 0 1)              74.398
17843      (1 0 3 1 2 1 2)              74.397
17844      (1 0 2 3 1 2 0)              74.395
17845      (0 0 4 2 2 2 1)              74.394
17846      (0 0 0 4 0 1 0)              74.391
17847      (1 0 3 1 2 1 2)              74.390
17848      (1 0 3 1 2 1 2)              74.388
17849      (0 0 4 3 2 1 1)              74.384
17850      (1 0 1 2 1 1 1)              74.384
