Obtaining JSON from switch...
Done
Control utility for runtime P4 table manipulation
RuntimeCmd: Adding entry to ternary match table MyIngress.tb_hwimo_tree_1_2_3_4_5_6_7
match key:           TERNARY-00:00:00:00 &&& 00:f8:50:00
action:              MyIngress.set_pred_1_2_3_4_5_6_7
runtime data:        00	00	01	02	00	00	01
Entry has been added with handle 0
RuntimeCmd: Adding entry to ternary match table MyIngress.tb_hwimo_tree_1_2_3_4_5_6_7
match key:           TERNARY-00:80:00:00 &&& 00:f8:50:40
action:              MyIngress.set_pred_1_2_3_4_5_6_7
runtime data:        01	00	00	00	01	02	01
Entry has been added with handle 1
RuntimeCmd: Adding entry to ternary match table MyIngress.tb_hwimo_tree_1_2_3_4_5_6_7
match key:           TERNARY-00:80:00:40 &&& 00:f8:50:40
action:              MyIngress.set_pred_1_2_3_4_5_6_7
runtime data:        01	00	03	01	01	02	01
Entry has been added with handle 2
RuntimeCmd: Adding entry to ternary match table MyIngress.tb_hwimo_tree_1_2_3_4_5_6_7
match key:           TERNARY-00:20:00:00 &&& 00:78:50:40
action:              MyIngress.set_pred_1_2_3_4_5_6_7
runtime data:        01	00	01	02	00	00	01
Entry has been added with handle 3
RuntimeCmd: Adding entry to ternary match table MyIngress.tb_hwimo_tree_1_2_3_4_5_6_7
match key:           TERNARY-00:20:00:40 &&& 00:78:50:40
action:              MyIngress.set_pred_1_2_3_4_5_6_7
runtime data:        01	00	01	02	00	00	00
Entry has been added with handle 4
RuntimeCmd: Adding entry to ternary match table MyIngress.tb_hwimo_tree_1_2_3_4_5_6_7
match key:           TERNARY-00:08:00:00 &&& 00:f8:50:20
action:              MyIngress.set_pred_1_2_3_4_5_6_7
runtime data:        00	00	01	02	00	00	01
Entry has been added with handle 5
RuntimeCmd: Adding entry to ternary match table MyIngress.tb_hwimo_tree_1_2_3_4_5_6_7
match key:           TERNARY-00:08:00:20 &&& 00:f8:50:20
action:              MyIngress.set_pred_1_2_3_4_5_6_7
runtime data:        01	00	02	03	00	00	00
Entry has been added with handle 6
RuntimeCmd: Adding entry to ternary match table MyIngress.tb_hwimo_tree_1_2_3_4_5_6_7
match key:           TERNARY-00:88:00:00 &&& 00:f8:50:10
action:              MyIngress.set_pred_1_2_3_4_5_6_7
runtime data:        01	00	03	01	00	00	01
Entry has been added with handle 7
RuntimeCmd: Adding entry to ternary match table MyIngress.tb_hwimo_tree_1_2_3_4_5_6_7
match key:           TERNARY-00:88:00:10 &&& 00:f8:50:10
action:              MyIngress.set_pred_1_2_3_4_5_6_7
runtime data:        01	00	02	03	01	00	01
Entry has been added with handle 8
RuntimeCmd: Adding entry to ternary match table MyIngress.tb_hwimo_tree_1_2_3_4_5_6_7
match key:           TERNARY-00:28:00:00 &&& 00:f8:50:40
action:              MyIngress.set_pred_1_2_3_4_5_6_7
runtime data:        00	00	04	06	00	00	01
Entry has been added with handle 9
RuntimeCmd: Adding entry to ternary match table MyIngress.tb_hwimo_tree_1_2_3_4_5_6_7
match key:           TERNARY-00:28:00:40 &&& 00:f8:50:40
action:              MyIngress.set_pred_1_2_3_4_5_6_7
runtime data:        01	00	03	01	00	00	01
Entry has been added with handle 10
RuntimeCmd: Adding entry to ternary match table MyIngress.tb_hwimo_tree_1_2_3_4_5_6_7
match key:           TERNARY-00:a8:00:00 &&& 00:f8:50:00
action:              MyIngress.set_pred_1_2_3_4_5_6_7
runtime data:        01	00	01	02	00	00	01
Entry has been added with handle 11
RuntimeCmd: Adding entry to ternary match table MyIngress.tb_hwimo_tree_1_2_3_4_5_6_7
match key:           TERNARY-00:10:00:00 &&& 00:f8:50:10
action:              MyIngress.set_pred_1_2_3_4_5_6_7
runtime data:        00	00	04	05	00	00	01
Entry has been added with handle 12
RuntimeCmd: Adding entry to ternary match table MyIngress.tb_hwimo_tree_1_2_3_4_5_6_7
match key:           TERNARY-00:10:00:10 &&& 00:f8:50:10
action:              MyIngress.set_pred_1_2_3_4_5_6_7
runtime data:        01	00	02	03	01	00	01
Entry has been added with handle 13
RuntimeCmd: Adding entry to ternary match table MyIngress.tb_hwimo_tree_1_2_3_4_5_6_7
match key:           TERNARY-00:90:00:00 &&& 00:f8:50:00
action:              MyIngress.set_pred_1_2_3_4_5_6_7
runtime data:        01	00	01	02	01	00	01
Entry has been added with handle 14
RuntimeCmd: Adding entry to ternary match table MyIngress.tb_hwimo_tree_1_2_3_4_5_6_7
match key:           TERNARY-00:30:00:00 &&& 00:78:50:00
action:              MyIngress.set_pred_1_2_3_4_5_6_7
runtime data:        00	00	04	06	00	00	01
Entry has been added with handle 15
RuntimeCmd: Adding entry to ternary match table MyIngress.tb_hwimo_tree_1_2_3_4_5_6_7
match key:           TERNARY-00:18:00:00 &&& 00:f8:50:00
action:              MyIngress.set_pred_1_2_3_4_5_6_7
runtime data:        00	00	04	06	00	00	01
Entry has been added with handle 16
RuntimeCmd: Adding entry to ternary match table MyIngress.tb_hwimo_tree_1_2_3_4_5_6_7
match key:           TERNARY-00:38:00:00 &&& 00:f8:50:00
action:              MyIngress.set_pred_1_2_3_4_5_6_7
runtime data:        00	00	04	06	00	00	01
Entry has been added with handle 17
RuntimeCmd: Adding entry to ternary match table MyIngress.tb_hwimo_tree_1_2_3_4_5_6_7
match key:           TERNARY-00:98:00:00 &&& 01:f8:50:10
action:              MyIngress.set_pred_1_2_3_4_5_6_7
runtime data:        01	00	01	02	00	00	01
Entry has been added with handle 18
RuntimeCmd: Adding entry to ternary match table MyIngress.tb_hwimo_tree_1_2_3_4_5_6_7
match key:           TERNARY-00:b8:00:00 &&& 01:f8:70:10
action:              MyIngress.set_pred_1_2_3_4_5_6_7
runtime data:        01	00	01	02	01	02	01
Entry has been added with handle 19
RuntimeCmd: Adding entry to ternary match table MyIngress.tb_hwimo_tree_1_2_3_4_5_6_7
match key:           TERNARY-00:b8:20:00 &&& 01:f8:70:10
action:              MyIngress.set_pred_1_2_3_4_5_6_7
runtime data:        01	00	01	02	01	00	01
Entry has been added with handle 20
RuntimeCmd: Adding entry to ternary match table MyIngress.tb_hwimo_tree_1_2_3_4_5_6_7
match key:           TERNARY-00:98:00:10 &&& 01:f8:50:10
action:              MyIngress.set_pred_1_2_3_4_5_6_7
runtime data:        01	00	02	03	01	00	01
Entry has been added with handle 21
RuntimeCmd: Adding entry to ternary match table MyIngress.tb_hwimo_tree_1_2_3_4_5_6_7
match key:           TERNARY-00:b8:00:10 &&& 01:f8:50:10
action:              MyIngress.set_pred_1_2_3_4_5_6_7
runtime data:        01	00	02	03	01	01	01
Entry has been added with handle 22
RuntimeCmd: Adding entry to ternary match table MyIngress.tb_hwimo_tree_1_2_3_4_5_6_7
match key:           TERNARY-01:98:00:00 &&& 01:d8:50:00
action:              MyIngress.set_pred_1_2_3_4_5_6_7
runtime data:        01	00	00	00	01	00	01
Entry has been added with handle 23
RuntimeCmd: Adding entry to ternary match table MyIngress.tb_hwimo_tree_1_2_3_4_5_6_7
match key:           TERNARY-00:00:10:00 &&& 00:78:50:40
action:              MyIngress.set_pred_1_2_3_4_5_6_7
runtime data:        01	00	01	02	00	00	01
Entry has been added with handle 24
RuntimeCmd: Adding entry to ternary match table MyIngress.tb_hwimo_tree_1_2_3_4_5_6_7
match key:           TERNARY-00:08:10:00 &&& 00:78:50:40
action:              MyIngress.set_pred_1_2_3_4_5_6_7
runtime data:        01	00	01	02	00	00	01
Entry has been added with handle 25
RuntimeCmd: Adding entry to ternary match table MyIngress.tb_hwimo_tree_1_2_3_4_5_6_7
match key:           TERNARY-00:20:10:00 &&& 00:78:50:70
action:              MyIngress.set_pred_1_2_3_4_5_6_7
runtime data:        01	00	04	06	00	00	01
Entry has been added with handle 26
RuntimeCmd: Adding entry to ternary match table MyIngress.tb_hwimo_tree_1_2_3_4_5_6_7
match key:           TERNARY-00:28:10:00 &&& 00:78:50:70
action:              MyIngress.set_pred_1_2_3_4_5_6_7
runtime data:        00	01	04	06	00	00	01
Entry has been added with handle 27
RuntimeCmd: Adding entry to ternary match table MyIngress.tb_hwimo_tree_1_2_3_4_5_6_7
match key:           TERNARY-00:20:10:10 &&& 00:70:50:70
action:              MyIngress.set_pred_1_2_3_4_5_6_7
runtime data:        01	00	00	00	00	00	01
Entry has been added with handle 28
RuntimeCmd: Adding entry to ternary match table MyIngress.tb_hwimo_tree_1_2_3_4_5_6_7
match key:           TERNARY-00:20:10:20 &&& 00:70:50:60
action:              MyIngress.set_pred_1_2_3_4_5_6_7
runtime data:        01	00	00	00	00	00	01
Entry has been added with handle 29
RuntimeCmd: Adding entry to ternary match table MyIngress.tb_hwimo_tree_1_2_3_4_5_6_7
match key:           TERNARY-00:10:10:00 &&& 00:f8:50:40
action:              MyIngress.set_pred_1_2_3_4_5_6_7
runtime data:        00	01	04	06	00	00	01
Entry has been added with handle 30
RuntimeCmd: Adding entry to ternary match table MyIngress.tb_hwimo_tree_1_2_3_4_5_6_7
match key:           TERNARY-00:18:10:00 &&& 00:f8:50:40
action:              MyIngress.set_pred_1_2_3_4_5_6_7
runtime data:        00	01	04	06	00	00	01
Entry has been added with handle 31
RuntimeCmd: Adding entry to ternary match table MyIngress.tb_hwimo_tree_1_2_3_4_5_6_7
match key:           TERNARY-00:90:10:00 &&& 00:f0:50:40
action:              MyIngress.set_pred_1_2_3_4_5_6_7
runtime data:        00	01	04	06	01	01	01
Entry has been added with handle 32
RuntimeCmd: Adding entry to ternary match table MyIngress.tb_hwimo_tree_1_2_3_4_5_6_7
match key:           TERNARY-00:30:10:00 &&& 00:78:50:40
action:              MyIngress.set_pred_1_2_3_4_5_6_7
runtime data:        01	00	01	02	01	02	01
Entry has been added with handle 33
RuntimeCmd: Adding entry to ternary match table MyIngress.tb_hwimo_tree_1_2_3_4_5_6_7
match key:           TERNARY-00:38:10:00 &&& 00:f8:50:60
action:              MyIngress.set_pred_1_2_3_4_5_6_7
runtime data:        01	00	01	02	01	02	00
Entry has been added with handle 34
RuntimeCmd: Adding entry to ternary match table MyIngress.tb_hwimo_tree_1_2_3_4_5_6_7
match key:           TERNARY-00:b8:10:00 &&& 00:f8:50:60
action:              MyIngress.set_pred_1_2_3_4_5_6_7
runtime data:        01	00	01	02	01	02	01
Entry has been added with handle 35
RuntimeCmd: Adding entry to ternary match table MyIngress.tb_hwimo_tree_1_2_3_4_5_6_7
match key:           TERNARY-00:38:10:20 &&& 00:78:50:60
action:              MyIngress.set_pred_1_2_3_4_5_6_7
runtime data:        01	00	00	00	01	02	01
Entry has been added with handle 36
RuntimeCmd: Adding entry to ternary match table MyIngress.tb_hwimo_tree_1_2_3_4_5_6_7
match key:           TERNARY-00:00:10:40 &&& 01:60:50:40
action:              MyIngress.set_pred_1_2_3_4_5_6_7
runtime data:        00	01	04	06	00	00	01
Entry has been added with handle 37
RuntimeCmd: Adding entry to ternary match table MyIngress.tb_hwimo_tree_1_2_3_4_5_6_7
match key:           TERNARY-00:20:10:40 &&& 01:f8:50:40
action:              MyIngress.set_pred_1_2_3_4_5_6_7
runtime data:        01	00	00	00	00	00	01
Entry has been added with handle 38
RuntimeCmd: Adding entry to ternary match table MyIngress.tb_hwimo_tree_1_2_3_4_5_6_7
match key:           TERNARY-00:30:10:40 &&& 01:f8:50:40
action:              MyIngress.set_pred_1_2_3_4_5_6_7
runtime data:        01	00	00	00	00	00	01
Entry has been added with handle 39
RuntimeCmd: Adding entry to ternary match table MyIngress.tb_hwimo_tree_1_2_3_4_5_6_7
match key:           TERNARY-00:28:10:40 &&& 01:e8:50:60
action:              MyIngress.set_pred_1_2_3_4_5_6_7
runtime data:        01	00	00	00	01	02	01
Entry has been added with handle 40
RuntimeCmd: Adding entry to ternary match table MyIngress.tb_hwimo_tree_1_2_3_4_5_6_7
match key:           TERNARY-00:28:10:60 &&& 01:e8:50:60
action:              MyIngress.set_pred_1_2_3_4_5_6_7
runtime data:        00	01	04	06	00	00	01
Entry has been added with handle 41
RuntimeCmd: Adding entry to ternary match table MyIngress.tb_hwimo_tree_1_2_3_4_5_6_7
match key:           TERNARY-00:a0:10:40 &&& 01:e8:50:50
action:              MyIngress.set_pred_1_2_3_4_5_6_7
runtime data:        00	01	04	06	00	00	01
Entry has been added with handle 42
RuntimeCmd: Adding entry to ternary match table MyIngress.tb_hwimo_tree_1_2_3_4_5_6_7
match key:           TERNARY-00:a0:10:50 &&& 01:e8:50:50
action:              MyIngress.set_pred_1_2_3_4_5_6_7
runtime data:        00	01	04	06	00	00	01
Entry has been added with handle 43
RuntimeCmd: Adding entry to ternary match table MyIngress.tb_hwimo_tree_1_2_3_4_5_6_7
match key:           TERNARY-00:a8:10:40 &&& 01:e8:50:60
action:              MyIngress.set_pred_1_2_3_4_5_6_7
runtime data:        01	00	01	02	00	00	01
Entry has been added with handle 44
RuntimeCmd: Adding entry to ternary match table MyIngress.tb_hwimo_tree_1_2_3_4_5_6_7
match key:           TERNARY-00:a8:10:60 &&& 01:e8:50:60
action:              MyIngress.set_pred_1_2_3_4_5_6_7
runtime data:        00	01	04	06	00	00	01
Entry has been added with handle 45
RuntimeCmd: Adding entry to ternary match table MyIngress.tb_hwimo_tree_1_2_3_4_5_6_7
match key:           TERNARY-01:00:10:40 &&& 01:40:50:40
action:              MyIngress.set_pred_1_2_3_4_5_6_7
runtime data:        01	00	00	00	01	00	01
Entry has been added with handle 46
RuntimeCmd: Adding entry to ternary match table MyIngress.tb_hwimo_tree_1_2_3_4_5_6_7
match key:           TERNARY-00:40:00:00 &&& 00:f8:70:70
action:              MyIngress.set_pred_1_2_3_4_5_6_7
runtime data:        00	00	00	04	01	02	00
Entry has been added with handle 47
RuntimeCmd: Adding entry to ternary match table MyIngress.tb_hwimo_tree_1_2_3_4_5_6_7
match key:           TERNARY-00:40:00:20 &&& 00:f8:70:70
action:              MyIngress.set_pred_1_2_3_4_5_6_7
runtime data:        01	00	00	00	00	00	00
Entry has been added with handle 48
RuntimeCmd: Adding entry to ternary match table MyIngress.tb_hwimo_tree_1_2_3_4_5_6_7
match key:           TERNARY-00:40:00:40 &&& 00:f8:70:50
action:              MyIngress.set_pred_1_2_3_4_5_6_7
runtime data:        01	00	00	00	00	00	00
Entry has been added with handle 49
RuntimeCmd: Adding entry to ternary match table MyIngress.tb_hwimo_tree_1_2_3_4_5_6_7
match key:           TERNARY-00:60:00:00 &&& 00:f8:70:10
action:              MyIngress.set_pred_1_2_3_4_5_6_7
runtime data:        00	00	04	06	00	00	01
Entry has been added with handle 50
RuntimeCmd: Adding entry to ternary match table MyIngress.tb_hwimo_tree_1_2_3_4_5_6_7
match key:           TERNARY-00:40:20:00 &&& 00:d8:70:50
action:              MyIngress.set_pred_1_2_3_4_5_6_7
runtime data:        01	00	01	02	00	02	00
Entry has been added with handle 51
RuntimeCmd: Adding entry to ternary match table MyIngress.tb_hwimo_tree_1_2_3_4_5_6_7
match key:           TERNARY-00:40:20:40 &&& 00:d8:70:50
action:              MyIngress.set_pred_1_2_3_4_5_6_7
runtime data:        01	00	03	01	01	02	01
Entry has been added with handle 52
RuntimeCmd: Adding entry to ternary match table MyIngress.tb_hwimo_tree_1_2_3_4_5_6_7
match key:           TERNARY-00:c0:00:00 &&& 00:f8:70:10
action:              MyIngress.set_pred_1_2_3_4_5_6_7
runtime data:        01	00	01	02	01	02	01
Entry has been added with handle 53
RuntimeCmd: Adding entry to ternary match table MyIngress.tb_hwimo_tree_1_2_3_4_5_6_7
match key:           TERNARY-00:e0:00:00 &&& 00:f8:70:10
action:              MyIngress.set_pred_1_2_3_4_5_6_7
runtime data:        01	00	01	02	01	02	01
Entry has been added with handle 54
RuntimeCmd: Adding entry to ternary match table MyIngress.tb_hwimo_tree_1_2_3_4_5_6_7
match key:           TERNARY-00:c0:20:00 &&& 00:d8:70:10
action:              MyIngress.set_pred_1_2_3_4_5_6_7
runtime data:        01	00	03	01	01	02	01
Entry has been added with handle 55
RuntimeCmd: Adding entry to ternary match table MyIngress.tb_hwimo_tree_1_2_3_4_5_6_7
match key:           TERNARY-00:40:10:00 &&& 00:f8:50:50
action:              MyIngress.set_pred_1_2_3_4_5_6_7
runtime data:        01	00	01	02	01	02	00
Entry has been added with handle 56
RuntimeCmd: Adding entry to ternary match table MyIngress.tb_hwimo_tree_1_2_3_4_5_6_7
match key:           TERNARY-00:c0:10:00 &&& 00:f8:50:50
action:              MyIngress.set_pred_1_2_3_4_5_6_7
runtime data:        01	00	01	02	01	02	01
Entry has been added with handle 57
RuntimeCmd: Adding entry to ternary match table MyIngress.tb_hwimo_tree_1_2_3_4_5_6_7
match key:           TERNARY-00:40:10:40 &&& 00:78:50:50
action:              MyIngress.set_pred_1_2_3_4_5_6_7
runtime data:        00	01	04	06	00	00	01
Entry has been added with handle 58
RuntimeCmd: Adding entry to ternary match table MyIngress.tb_hwimo_tree_1_2_3_4_5_6_7
match key:           TERNARY-00:60:10:00 &&& 00:78:50:10
action:              MyIngress.set_pred_1_2_3_4_5_6_7
runtime data:        01	00	00	00	00	00	01
Entry has been added with handle 59
RuntimeCmd: Adding entry to ternary match table MyIngress.tb_hwimo_tree_1_2_3_4_5_6_7
match key:           TERNARY-00:50:00:00 &&& 01:78:70:30
action:              MyIngress.set_pred_1_2_3_4_5_6_7
runtime data:        01	00	01	02	00	00	00
Entry has been added with handle 60
RuntimeCmd: Adding entry to ternary match table MyIngress.tb_hwimo_tree_1_2_3_4_5_6_7
match key:           TERNARY-01:50:00:00 &&& 01:78:70:30
action:              MyIngress.set_pred_1_2_3_4_5_6_7
runtime data:        01	00	02	03	01	00	01
Entry has been added with handle 61
RuntimeCmd: Adding entry to ternary match table MyIngress.tb_hwimo_tree_1_2_3_4_5_6_7
match key:           TERNARY-00:50:20:00 &&& 00:78:70:30
action:              MyIngress.set_pred_1_2_3_4_5_6_7
runtime data:        01	00	03	01	01	02	01
Entry has been added with handle 62
RuntimeCmd: Adding entry to ternary match table MyIngress.tb_hwimo_tree_1_2_3_4_5_6_7
match key:           TERNARY-00:50:10:00 &&& 00:78:50:30
action:              MyIngress.set_pred_1_2_3_4_5_6_7
runtime data:        00	00	01	02	00	00	01
Entry has been added with handle 63
RuntimeCmd: Adding entry to ternary match table MyIngress.tb_hwimo_tree_1_2_3_4_5_6_7
match key:           TERNARY-00:70:00:00 &&& 00:f8:70:70
action:              MyIngress.set_pred_1_2_3_4_5_6_7
runtime data:        00	00	00	04	00	01	00
Entry has been added with handle 64
RuntimeCmd: Adding entry to ternary match table MyIngress.tb_hwimo_tree_1_2_3_4_5_6_7
match key:           TERNARY-00:70:10:00 &&& 00:f8:70:70
action:              MyIngress.set_pred_1_2_3_4_5_6_7
runtime data:        00	00	00	04	00	01	00
Entry has been added with handle 65
RuntimeCmd: Adding entry to ternary match table MyIngress.tb_hwimo_tree_1_2_3_4_5_6_7
match key:           TERNARY-00:70:00:40 &&& 00:f8:60:70
action:              MyIngress.set_pred_1_2_3_4_5_6_7
runtime data:        01	00	00	00	01	02	01
Entry has been added with handle 66
RuntimeCmd: Adding entry to ternary match table MyIngress.tb_hwimo_tree_1_2_3_4_5_6_7
match key:           TERNARY-00:70:20:00 &&& 00:f8:60:30
action:              MyIngress.set_pred_1_2_3_4_5_6_7
runtime data:        01	00	01	02	00	00	00
Entry has been added with handle 67
RuntimeCmd: Adding entry to ternary match table MyIngress.tb_hwimo_tree_1_2_3_4_5_6_7
match key:           TERNARY-00:f0:00:00 &&& 00:f8:40:70
action:              MyIngress.set_pred_1_2_3_4_5_6_7
runtime data:        01	00	01	02	00	00	01
Entry has been added with handle 68
RuntimeCmd: Adding entry to ternary match table MyIngress.tb_hwimo_tree_1_2_3_4_5_6_7
match key:           TERNARY-00:f0:00:40 &&& 00:f8:40:70
action:              MyIngress.set_pred_1_2_3_4_5_6_7
runtime data:        00	01	04	06	00	00	01
Entry has been added with handle 69
RuntimeCmd: Adding entry to ternary match table MyIngress.tb_hwimo_tree_1_2_3_4_5_6_7
match key:           TERNARY-00:50:00:20 &&& 00:78:40:30
action:              MyIngress.set_pred_1_2_3_4_5_6_7
runtime data:        01	00	00	00	02	02	01
Entry has been added with handle 70
RuntimeCmd: Adding entry to ternary match table MyIngress.tb_hwimo_tree_1_2_3_4_5_6_7
match key:           TERNARY-00:70:00:20 &&& 00:78:40:30
action:              MyIngress.set_pred_1_2_3_4_5_6_7
runtime data:        01	00	00	00	01	02	01
Entry has been added with handle 71
RuntimeCmd: Adding entry to ternary match table MyIngress.tb_hwimo_tree_1_2_3_4_5_6_7
match key:           TERNARY-00:48:00:00 &&& 00:f8:70:70
action:              MyIngress.set_pred_1_2_3_4_5_6_7
runtime data:        01	00	01	02	01	02	01
Entry has been added with handle 72
RuntimeCmd: Adding entry to ternary match table MyIngress.tb_hwimo_tree_1_2_3_4_5_6_7
match key:           TERNARY-00:48:20:00 &&& 00:f8:70:70
action:              MyIngress.set_pred_1_2_3_4_5_6_7
runtime data:        01	00	01	02	00	00	00
Entry has been added with handle 73
RuntimeCmd: Adding entry to ternary match table MyIngress.tb_hwimo_tree_1_2_3_4_5_6_7
match key:           TERNARY-00:48:00:40 &&& 00:f8:50:70
action:              MyIngress.set_pred_1_2_3_4_5_6_7
runtime data:        01	00	00	00	00	02	01
Entry has been added with handle 74
RuntimeCmd: Adding entry to ternary match table MyIngress.tb_hwimo_tree_1_2_3_4_5_6_7
match key:           TERNARY-00:48:00:20 &&& 00:f8:50:30
action:              MyIngress.set_pred_1_2_3_4_5_6_7
runtime data:        01	00	00	00	00	01	01
Entry has been added with handle 75
RuntimeCmd: Adding entry to ternary match table MyIngress.tb_hwimo_tree_1_2_3_4_5_6_7
match key:           TERNARY-00:68:00:00 &&& 00:f8:70:30
action:              MyIngress.set_pred_1_2_3_4_5_6_7
runtime data:        00	00	04	06	00	00	01
Entry has been added with handle 76
RuntimeCmd: Adding entry to ternary match table MyIngress.tb_hwimo_tree_1_2_3_4_5_6_7
match key:           TERNARY-00:68:00:20 &&& 00:f8:70:30
action:              MyIngress.set_pred_1_2_3_4_5_6_7
runtime data:        01	00	03	01	00	00	01
Entry has been added with handle 77
RuntimeCmd: Adding entry to ternary match table MyIngress.tb_hwimo_tree_1_2_3_4_5_6_7
match key:           TERNARY-00:68:20:00 &&& 00:f8:70:10
action:              MyIngress.set_pred_1_2_3_4_5_6_7
runtime data:        01	00	03	01	01	02	01
Entry has been added with handle 78
RuntimeCmd: Adding entry to ternary match table MyIngress.tb_hwimo_tree_1_2_3_4_5_6_7
match key:           TERNARY-00:58:00:00 &&& 00:f8:50:10
action:              MyIngress.set_pred_1_2_3_4_5_6_7
runtime data:        00	00	04	06	00	00	01
Entry has been added with handle 79
RuntimeCmd: Adding entry to ternary match table MyIngress.tb_hwimo_tree_1_2_3_4_5_6_7
match key:           TERNARY-00:78:00:00 &&& 00:f8:50:50
action:              MyIngress.set_pred_1_2_3_4_5_6_7
runtime data:        01	00	01	02	00	00	01
Entry has been added with handle 80
RuntimeCmd: Adding entry to ternary match table MyIngress.tb_hwimo_tree_1_2_3_4_5_6_7
match key:           TERNARY-00:78:00:40 &&& 00:f8:50:50
action:              MyIngress.set_pred_1_2_3_4_5_6_7
runtime data:        01	00	03	01	01	02	01
Entry has been added with handle 81
RuntimeCmd: Adding entry to ternary match table MyIngress.tb_hwimo_tree_1_2_3_4_5_6_7
match key:           TERNARY-00:c8:00:00 &&& 00:f8:50:10
action:              MyIngress.set_pred_1_2_3_4_5_6_7
runtime data:        01	00	01	02	00	00	01
Entry has been added with handle 82
RuntimeCmd: Adding entry to ternary match table MyIngress.tb_hwimo_tree_1_2_3_4_5_6_7
match key:           TERNARY-00:d8:00:00 &&& 00:f8:50:10
action:              MyIngress.set_pred_1_2_3_4_5_6_7
runtime data:        01	00	01	02	01	02	01
Entry has been added with handle 83
RuntimeCmd: Adding entry to ternary match table MyIngress.tb_hwimo_tree_1_2_3_4_5_6_7
match key:           TERNARY-00:e8:00:00 &&& 00:f8:50:10
action:              MyIngress.set_pred_1_2_3_4_5_6_7
runtime data:        01	00	01	02	01	00	01
Entry has been added with handle 84
RuntimeCmd: Adding entry to ternary match table MyIngress.tb_hwimo_tree_1_2_3_4_5_6_7
match key:           TERNARY-00:f8:00:00 &&& 00:f8:50:10
action:              MyIngress.set_pred_1_2_3_4_5_6_7
runtime data:        01	00	00	00	00	02	01
Entry has been added with handle 85
RuntimeCmd: Adding entry to ternary match table MyIngress.tb_hwimo_tree_1_2_3_4_5_6_7
match key:           TERNARY-00:48:10:00 &&& 00:f8:50:10
action:              MyIngress.set_pred_1_2_3_4_5_6_7
runtime data:        01	00	01	02	00	00	01
Entry has been added with handle 86
RuntimeCmd: Adding entry to ternary match table MyIngress.tb_hwimo_tree_1_2_3_4_5_6_7
match key:           TERNARY-00:c8:10:00 &&& 00:f8:50:10
action:              MyIngress.set_pred_1_2_3_4_5_6_7
runtime data:        01	00	01	02	01	02	01
Entry has been added with handle 87
RuntimeCmd: Adding entry to ternary match table MyIngress.tb_hwimo_tree_1_2_3_4_5_6_7
match key:           TERNARY-00:68:10:00 &&& 00:f8:50:10
action:              MyIngress.set_pred_1_2_3_4_5_6_7
runtime data:        01	00	01	02	00	00	01
Entry has been added with handle 88
RuntimeCmd: Adding entry to ternary match table MyIngress.tb_hwimo_tree_1_2_3_4_5_6_7
match key:           TERNARY-00:e8:10:00 &&& 00:f8:50:10
action:              MyIngress.set_pred_1_2_3_4_5_6_7
runtime data:        01	00	01	02	00	00	01
Entry has been added with handle 89
RuntimeCmd: Adding entry to ternary match table MyIngress.tb_hwimo_tree_1_2_3_4_5_6_7
match key:           TERNARY-00:58:10:00 &&& 00:f8:50:10
action:              MyIngress.set_pred_1_2_3_4_5_6_7
runtime data:        01	00	00	00	02	02	01
Entry has been added with handle 90
RuntimeCmd: Adding entry to ternary match table MyIngress.tb_hwimo_tree_1_2_3_4_5_6_7
match key:           TERNARY-00:d8:10:00 &&& 00:f8:50:10
action:              MyIngress.set_pred_1_2_3_4_5_6_7
runtime data:        01	00	01	02	01	02	01
Entry has been added with handle 91
RuntimeCmd: Adding entry to ternary match table MyIngress.tb_hwimo_tree_1_2_3_4_5_6_7
match key:           TERNARY-00:78:10:00 &&& 00:f8:50:50
action:              MyIngress.set_pred_1_2_3_4_5_6_7
runtime data:        01	00	01	02	01	02	01
Entry has been added with handle 92
RuntimeCmd: Adding entry to ternary match table MyIngress.tb_hwimo_tree_1_2_3_4_5_6_7
match key:           TERNARY-00:f8:10:00 &&& 00:f8:50:50
action:              MyIngress.set_pred_1_2_3_4_5_6_7
runtime data:        01	00	01	02	01	02	01
Entry has been added with handle 93
RuntimeCmd: Adding entry to ternary match table MyIngress.tb_hwimo_tree_1_2_3_4_5_6_7
match key:           TERNARY-00:78:10:40 &&& 00:78:50:50
action:              MyIngress.set_pred_1_2_3_4_5_6_7
runtime data:        00	01	04	06	00	00	01
Entry has been added with handle 94
RuntimeCmd: Adding entry to ternary match table MyIngress.tb_hwimo_tree_1_2_3_4_5_6_7
match key:           TERNARY-00:40:00:10 &&& 01:60:50:70
action:              MyIngress.set_pred_1_2_3_4_5_6_7
runtime data:        01	00	02	03	01	00	01
Entry has been added with handle 95
RuntimeCmd: Adding entry to ternary match table MyIngress.tb_hwimo_tree_1_2_3_4_5_6_7
match key:           TERNARY-00:60:00:10 &&& 01:60:50:70
action:              MyIngress.set_pred_1_2_3_4_5_6_7
runtime data:        01	00	02	03	01	00	01
Entry has been added with handle 96
RuntimeCmd: Adding entry to ternary match table MyIngress.tb_hwimo_tree_1_2_3_4_5_6_7
match key:           TERNARY-01:40:00:10 &&& 01:40:50:70
action:              MyIngress.set_pred_1_2_3_4_5_6_7
runtime data:        01	00	02	03	01	00	01
Entry has been added with handle 97
RuntimeCmd: Adding entry to ternary match table MyIngress.tb_hwimo_tree_1_2_3_4_5_6_7
match key:           TERNARY-00:40:00:30 &&& 00:48:50:70
action:              MyIngress.set_pred_1_2_3_4_5_6_7
runtime data:        01	00	00	00	00	00	00
Entry has been added with handle 98
RuntimeCmd: Adding entry to ternary match table MyIngress.tb_hwimo_tree_1_2_3_4_5_6_7
match key:           TERNARY-00:48:00:30 &&& 00:48:50:70
action:              MyIngress.set_pred_1_2_3_4_5_6_7
runtime data:        01	00	02	03	00	00	00
Entry has been added with handle 99
RuntimeCmd: Adding entry to ternary match table MyIngress.tb_hwimo_tree_1_2_3_4_5_6_7
match key:           TERNARY-00:40:10:10 &&& 00:c0:50:50
action:              MyIngress.set_pred_1_2_3_4_5_6_7
runtime data:        01	00	00	00	00	00	00
Entry has been added with handle 100
RuntimeCmd: Adding entry to ternary match table MyIngress.tb_hwimo_tree_1_2_3_4_5_6_7
match key:           TERNARY-00:c0:10:10 &&& 00:c0:50:50
action:              MyIngress.set_pred_1_2_3_4_5_6_7
runtime data:        00	01	04	06	00	00	01
Entry has been added with handle 101
RuntimeCmd: Adding entry to ternary match table MyIngress.tb_hwimo_tree_1_2_3_4_5_6_7
match key:           TERNARY-00:40:00:50 &&& 00:e8:40:50
action:              MyIngress.set_pred_1_2_3_4_5_6_7
runtime data:        00	01	04	06	00	00	01
Entry has been added with handle 102
RuntimeCmd: Adding entry to ternary match table MyIngress.tb_hwimo_tree_1_2_3_4_5_6_7
match key:           TERNARY-00:48:00:50 &&& 00:e8:40:50
action:              MyIngress.set_pred_1_2_3_4_5_6_7
runtime data:        00	01	04	06	00	00	01
Entry has been added with handle 103
RuntimeCmd: Adding entry to ternary match table MyIngress.tb_hwimo_tree_1_2_3_4_5_6_7
match key:           TERNARY-00:c0:00:50 &&& 00:f8:40:50
action:              MyIngress.set_pred_1_2_3_4_5_6_7
runtime data:        00	01	04	06	00	00	01
Entry has been added with handle 104
RuntimeCmd: Adding entry to ternary match table MyIngress.tb_hwimo_tree_1_2_3_4_5_6_7
match key:           TERNARY-00:d0:00:50 &&& 00:f8:40:50
action:              MyIngress.set_pred_1_2_3_4_5_6_7
runtime data:        00	01	04	06	00	00	01
Entry has been added with handle 105
RuntimeCmd: Adding entry to ternary match table MyIngress.tb_hwimo_tree_1_2_3_4_5_6_7
match key:           TERNARY-00:c8:00:50 &&& 00:e8:40:50
action:              MyIngress.set_pred_1_2_3_4_5_6_7
runtime data:        01	00	00	00	01	00	01
Entry has been added with handle 106
RuntimeCmd: Adding entry to ternary match table MyIngress.tb_hwimo_tree_1_2_3_4_5_6_7
match key:           TERNARY-00:60:00:50 &&& 00:f8:40:50
action:              MyIngress.set_pred_1_2_3_4_5_6_7
runtime data:        00	01	04	06	00	00	01
Entry has been added with handle 107
RuntimeCmd: Adding entry to ternary match table MyIngress.tb_hwimo_tree_1_2_3_4_5_6_7
match key:           TERNARY-00:70:00:50 &&& 00:f8:40:50
action:              MyIngress.set_pred_1_2_3_4_5_6_7
runtime data:        01	00	00	00	00	00	01
Entry has been added with handle 108
RuntimeCmd: Adding entry to ternary match table MyIngress.tb_hwimo_tree_1_2_3_4_5_6_7
match key:           TERNARY-00:68:00:50 &&& 00:e8:40:70
action:              MyIngress.set_pred_1_2_3_4_5_6_7
runtime data:        01	00	03	01	01	01	01
Entry has been added with handle 109
RuntimeCmd: Adding entry to ternary match table MyIngress.tb_hwimo_tree_1_2_3_4_5_6_7
match key:           TERNARY-00:68:00:70 &&& 00:e8:40:70
action:              MyIngress.set_pred_1_2_3_4_5_6_7
runtime data:        01	00	00	00	01	00	01
Entry has been added with handle 110
RuntimeCmd: Adding entry to ternary match table MyIngress.tb_hwimo_tree_1_2_3_4_5_6_7
match key:           TERNARY-00:e0:00:50 &&& 00:e0:40:50
action:              MyIngress.set_pred_1_2_3_4_5_6_7
runtime data:        00	01	04	06	00	00	01
Entry has been added with handle 111
RuntimeCmd: Adding entry to ternary match table MyIngress.tb_hwimo_tree_1_2_3_4_5_6_7
match key:           TERNARY-00:00:40:00 &&& 01:f8:72:d3
action:              MyIngress.set_pred_1_2_3_4_5_6_7
runtime data:        00	00	04	02	02	02	01
Entry has been added with handle 112
RuntimeCmd: Adding entry to ternary match table MyIngress.tb_hwimo_tree_1_2_3_4_5_6_7
match key:           TERNARY-01:00:40:00 &&& 01:f8:72:d3
action:              MyIngress.set_pred_1_2_3_4_5_6_7
runtime data:        00	00	04	06	01	02	01
Entry has been added with handle 113
RuntimeCmd: Adding entry to ternary match table MyIngress.tb_hwimo_tree_1_2_3_4_5_6_7
match key:           TERNARY-00:40:40:00 &&& 01:f8:72:d3
action:              MyIngress.set_pred_1_2_3_4_5_6_7
runtime data:        00	00	04	03	02	01	01
Entry has been added with handle 114
RuntimeCmd: Adding entry to ternary match table MyIngress.tb_hwimo_tree_1_2_3_4_5_6_7
match key:           TERNARY-01:40:40:00 &&& 01:f8:72:d3
action:              MyIngress.set_pred_1_2_3_4_5_6_7
runtime data:        00	00	02	03	02	02	02
Entry has been added with handle 115
RuntimeCmd: Adding entry to ternary match table MyIngress.tb_hwimo_tree_1_2_3_4_5_6_7
match key:           TERNARY-00:00:42:00 &&& 00:b8:76:d3
action:              MyIngress.set_pred_1_2_3_4_5_6_7
runtime data:        00	00	01	02	01	01	01
Entry has been added with handle 116
RuntimeCmd: Adding entry to ternary match table MyIngress.tb_hwimo_tree_1_2_3_4_5_6_7
match key:           TERNARY-00:00:46:00 &&& 00:b8:76:d3
action:              MyIngress.set_pred_1_2_3_4_5_6_7
runtime data:        00	00	04	06	01	01	01
Entry has been added with handle 117
RuntimeCmd: Adding entry to ternary match table MyIngress.tb_hwimo_tree_1_2_3_4_5_6_7
match key:           TERNARY-00:10:40:00 &&& 01:f8:70:d3
action:              MyIngress.set_pred_1_2_3_4_5_6_7
runtime data:        00	00	01	02	01	01	01
Entry has been added with handle 118
RuntimeCmd: Adding entry to ternary match table MyIngress.tb_hwimo_tree_1_2_3_4_5_6_7
match key:           TERNARY-00:50:40:00 &&& 01:f8:70:d3
action:              MyIngress.set_pred_1_2_3_4_5_6_7
runtime data:        00	00	01	02	01	01	01
Entry has been added with handle 119
RuntimeCmd: Adding entry to ternary match table MyIngress.tb_hwimo_tree_1_2_3_4_5_6_7
match key:           TERNARY-01:10:40:00 &&& 01:f8:70:d3
action:              MyIngress.set_pred_1_2_3_4_5_6_7
runtime data:        00	00	04	03	02	02	01
Entry has been added with handle 120
RuntimeCmd: Adding entry to ternary match table MyIngress.tb_hwimo_tree_1_2_3_4_5_6_7
match key:           TERNARY-01:50:40:00 &&& 01:f8:70:d3
action:              MyIngress.set_pred_1_2_3_4_5_6_7
runtime data:        00	00	04	06	01	02	01
Entry has been added with handle 121
RuntimeCmd: Adding entry to ternary match table MyIngress.tb_hwimo_tree_1_2_3_4_5_6_7
match key:           TERNARY-00:00:40:80 &&& 00:a8:70:d3
action:              MyIngress.set_pred_1_2_3_4_5_6_7
runtime data:        00	00	01	02	01	01	01
Entry has been added with handle 122
RuntimeCmd: Adding entry to ternary match table MyIngress.tb_hwimo_tree_1_2_3_4_5_6_7
match key:           TERNARY-00:08:40:00 &&& 01:f8:70:53
action:              MyIngress.set_pred_1_2_3_4_5_6_7
runtime data:        00	00	01	02	01	01	01
Entry has been added with handle 123
RuntimeCmd: Adding entry to ternary match table MyIngress.tb_hwimo_tree_1_2_3_4_5_6_7
match key:           TERNARY-00:48:40:00 &&& 01:f8:70:53
action:              MyIngress.set_pred_1_2_3_4_5_6_7
runtime data:        00	00	01	02	01	01	01
Entry has been added with handle 124
RuntimeCmd: Adding entry to ternary match table MyIngress.tb_hwimo_tree_1_2_3_4_5_6_7
match key:           TERNARY-01:08:40:00 &&& 01:f8:70:53
action:              MyIngress.set_pred_1_2_3_4_5_6_7
runtime data:        00	00	01	02	01	01	01
Entry has been added with handle 125
RuntimeCmd: Adding entry to ternary match table MyIngress.tb_hwimo_tree_1_2_3_4_5_6_7
match key:           TERNARY-01:48:40:00 &&& 01:f8:70:53
action:              MyIngress.set_pred_1_2_3_4_5_6_7
runtime data:        01	00	01	02	01	01	01
Entry has been added with handle 126
RuntimeCmd: Adding entry to ternary match table MyIngress.tb_hwimo_tree_1_2_3_4_5_6_7
match key:           TERNARY-00:18:40:00 &&& 01:f8:70:53
action:              MyIngress.set_pred_1_2_3_4_5_6_7
runtime data:        00	00	01	02	01	01	01
Entry has been added with handle 127
RuntimeCmd: Adding entry to ternary match table MyIngress.tb_hwimo_tree_1_2_3_4_5_6_7
match key:           TERNARY-01:18:40:00 &&& 01:f8:70:53
action:              MyIngress.set_pred_1_2_3_4_5_6_7
runtime data:        00	00	01	02	01	02	01
Entry has been added with handle 128
RuntimeCmd: Adding entry to ternary match table MyIngress.tb_hwimo_tree_1_2_3_4_5_6_7
match key:           TERNARY-00:58:40:00 &&& 01:f8:70:53
action:              MyIngress.set_pred_1_2_3_4_5_6_7
runtime data:        00	00	04	05	02	02	01
Entry has been added with handle 129
RuntimeCmd: Adding entry to ternary match table MyIngress.tb_hwimo_tree_1_2_3_4_5_6_7
match key:           TERNARY-01:58:40:00 &&& 01:f8:70:53
action:              MyIngress.set_pred_1_2_3_4_5_6_7
runtime data:        00	00	01	02	01	01	01
Entry has been added with handle 130
RuntimeCmd: Adding entry to ternary match table MyIngress.tb_hwimo_tree_1_2_3_4_5_6_7
match key:           TERNARY-00:00:60:00 &&& 01:f8:70:53
action:              MyIngress.set_pred_1_2_3_4_5_6_7
runtime data:        00	00	04	06	01	02	01
Entry has been added with handle 131
RuntimeCmd: Adding entry to ternary match table MyIngress.tb_hwimo_tree_1_2_3_4_5_6_7
match key:           TERNARY-00:10:60:00 &&& 01:f8:70:53
action:              MyIngress.set_pred_1_2_3_4_5_6_7
runtime data:        00	00	04	06	01	01	01
Entry has been added with handle 132
RuntimeCmd: Adding entry to ternary match table MyIngress.tb_hwimo_tree_1_2_3_4_5_6_7
match key:           TERNARY-00:40:60:00 &&& 01:f8:72:d3
action:              MyIngress.set_pred_1_2_3_4_5_6_7
runtime data:        00	00	04	06	01	02	01
Entry has been added with handle 133
RuntimeCmd: Adding entry to ternary match table MyIngress.tb_hwimo_tree_1_2_3_4_5_6_7
match key:           TERNARY-00:50:60:00 &&& 01:f8:72:d3
action:              MyIngress.set_pred_1_2_3_4_5_6_7
runtime data:        00	00	04	06	01	02	01
Entry has been added with handle 134
RuntimeCmd: Adding entry to ternary match table MyIngress.tb_hwimo_tree_1_2_3_4_5_6_7
match key:           TERNARY-00:40:62:00 &&& 01:e8:76:d3
action:              MyIngress.set_pred_1_2_3_4_5_6_7
runtime data:        00	00	01	02	01	01	01
Entry has been added with handle 135
RuntimeCmd: Adding entry to ternary match table MyIngress.tb_hwimo_tree_1_2_3_4_5_6_7
match key:           TERNARY-00:40:66:00 &&& 01:e8:76:d3
action:              MyIngress.set_pred_1_2_3_4_5_6_7
runtime data:        00	00	04	06	01	01	01
Entry has been added with handle 136
RuntimeCmd: Adding entry to ternary match table MyIngress.tb_hwimo_tree_1_2_3_4_5_6_7
match key:           TERNARY-00:40:60:80 &&& 01:e8:70:d3
action:              MyIngress.set_pred_1_2_3_4_5_6_7
runtime data:        00	00	04	06	01	01	01
Entry has been added with handle 137
RuntimeCmd: Adding entry to ternary match table MyIngress.tb_hwimo_tree_1_2_3_4_5_6_7
match key:           TERNARY-00:08:60:00 &&& 01:f8:70:53
action:              MyIngress.set_pred_1_2_3_4_5_6_7
runtime data:        00	00	01	02	02	01	02
Entry has been added with handle 138
RuntimeCmd: Adding entry to ternary match table MyIngress.tb_hwimo_tree_1_2_3_4_5_6_7
match key:           TERNARY-00:48:60:00 &&& 01:f8:70:53
action:              MyIngress.set_pred_1_2_3_4_5_6_7
runtime data:        00	00	01	02	01	01	01
Entry has been added with handle 139
RuntimeCmd: Adding entry to ternary match table MyIngress.tb_hwimo_tree_1_2_3_4_5_6_7
match key:           TERNARY-00:18:60:00 &&& 01:f8:70:53
action:              MyIngress.set_pred_1_2_3_4_5_6_7
runtime data:        00	00	04	06	01	02	01
Entry has been added with handle 140
RuntimeCmd: Adding entry to ternary match table MyIngress.tb_hwimo_tree_1_2_3_4_5_6_7
match key:           TERNARY-00:58:60:00 &&& 01:f8:70:53
action:              MyIngress.set_pred_1_2_3_4_5_6_7
runtime data:        00	00	04	05	01	01	01
Entry has been added with handle 141
RuntimeCmd: Adding entry to ternary match table MyIngress.tb_hwimo_tree_1_2_3_4_5_6_7
match key:           TERNARY-01:00:60:00 &&& 01:b0:70:53
action:              MyIngress.set_pred_1_2_3_4_5_6_7
runtime data:        00	00	04	06	01	02	01
Entry has been added with handle 142
RuntimeCmd: Adding entry to ternary match table MyIngress.tb_hwimo_tree_1_2_3_4_5_6_7
match key:           TERNARY-01:10:60:00 &&& 01:f8:70:53
action:              MyIngress.set_pred_1_2_3_4_5_6_7
runtime data:        00	00	04	06	01	02	01
Entry has been added with handle 143
RuntimeCmd: Adding entry to ternary match table MyIngress.tb_hwimo_tree_1_2_3_4_5_6_7
match key:           TERNARY-01:18:60:00 &&& 01:f8:70:53
action:              MyIngress.set_pred_1_2_3_4_5_6_7
runtime data:        00	00	04	06	01	02	01
Entry has been added with handle 144
RuntimeCmd: Adding entry to ternary match table MyIngress.tb_hwimo_tree_1_2_3_4_5_6_7
match key:           TERNARY-01:50:60:00 &&& 01:f8:70:53
action:              MyIngress.set_pred_1_2_3_4_5_6_7
runtime data:        00	00	04	06	01	02	01
Entry has been added with handle 145
RuntimeCmd: Adding entry to ternary match table MyIngress.tb_hwimo_tree_1_2_3_4_5_6_7
match key:           TERNARY-01:58:60:00 &&& 01:f8:70:53
action:              MyIngress.set_pred_1_2_3_4_5_6_7
runtime data:        00	00	04	06	01	02	01
Entry has been added with handle 146
RuntimeCmd: Adding entry to ternary match table MyIngress.tb_hwimo_tree_1_2_3_4_5_6_7
match key:           TERNARY-00:00:50:00 &&& 00:f8:70:53
action:              MyIngress.set_pred_1_2_3_4_5_6_7
runtime data:        01	00	03	01	02	01	02
Entry has been added with handle 147
RuntimeCmd: Adding entry to ternary match table MyIngress.tb_hwimo_tree_1_2_3_4_5_6_7
match key:           TERNARY-00:40:50:00 &&& 00:f8:72:d3
action:              MyIngress.set_pred_1_2_3_4_5_6_7
runtime data:        00	00	04	05	02	01	01
Entry has been added with handle 148
RuntimeCmd: Adding entry to ternary match table MyIngress.tb_hwimo_tree_1_2_3_4_5_6_7
match key:           TERNARY-00:40:50:80 &&& 00:f8:72:d3
action:              MyIngress.set_pred_1_2_3_4_5_6_7
runtime data:        00	00	04	06	01	02	01
Entry has been added with handle 149
RuntimeCmd: Adding entry to ternary match table MyIngress.tb_hwimo_tree_1_2_3_4_5_6_7
match key:           TERNARY-00:40:52:00 &&& 00:f8:72:53
action:              MyIngress.set_pred_1_2_3_4_5_6_7
runtime data:        00	01	04	06	00	01	00
Entry has been added with handle 150
RuntimeCmd: Adding entry to ternary match table MyIngress.tb_hwimo_tree_1_2_3_4_5_6_7
match key:           TERNARY-00:10:50:00 &&& 00:f8:70:53
action:              MyIngress.set_pred_1_2_3_4_5_6_7
runtime data:        00	00	00	04	01	02	01
Entry has been added with handle 151
RuntimeCmd: Adding entry to ternary match table MyIngress.tb_hwimo_tree_1_2_3_4_5_6_7
match key:           TERNARY-00:50:50:00 &&& 01:f8:70:53
action:              MyIngress.set_pred_1_2_3_4_5_6_7
runtime data:        01	00	00	03	01	00	01
Entry has been added with handle 152
RuntimeCmd: Adding entry to ternary match table MyIngress.tb_hwimo_tree_1_2_3_4_5_6_7
match key:           TERNARY-01:50:50:00 &&& 01:f8:70:53
action:              MyIngress.set_pred_1_2_3_4_5_6_7
runtime data:        01	00	00	00	01	00	01
Entry has been added with handle 153
RuntimeCmd: Adding entry to ternary match table MyIngress.tb_hwimo_tree_1_2_3_4_5_6_7
match key:           TERNARY-00:08:50:00 &&& 01:f8:70:53
action:              MyIngress.set_pred_1_2_3_4_5_6_7
runtime data:        01	00	02	03	01	02	01
Entry has been added with handle 154
RuntimeCmd: Adding entry to ternary match table MyIngress.tb_hwimo_tree_1_2_3_4_5_6_7
match key:           TERNARY-00:48:50:00 &&& 01:f8:70:53
action:              MyIngress.set_pred_1_2_3_4_5_6_7
runtime data:        01	00	02	03	01	02	01
Entry has been added with handle 155
RuntimeCmd: Adding entry to ternary match table MyIngress.tb_hwimo_tree_1_2_3_4_5_6_7
match key:           TERNARY-01:08:50:00 &&& 01:b8:70:53
action:              MyIngress.set_pred_1_2_3_4_5_6_7
runtime data:        01	00	01	02	01	01	01
Entry has been added with handle 156
RuntimeCmd: Adding entry to ternary match table MyIngress.tb_hwimo_tree_1_2_3_4_5_6_7
match key:           TERNARY-00:18:50:00 &&& 01:f8:70:53
action:              MyIngress.set_pred_1_2_3_4_5_6_7
runtime data:        00	00	01	02	01	01	01
Entry has been added with handle 157
RuntimeCmd: Adding entry to ternary match table MyIngress.tb_hwimo_tree_1_2_3_4_5_6_7
match key:           TERNARY-00:58:50:00 &&& 01:f8:70:53
action:              MyIngress.set_pred_1_2_3_4_5_6_7
runtime data:        01	00	01	02	01	01	01
Entry has been added with handle 158
RuntimeCmd: Adding entry to ternary match table MyIngress.tb_hwimo_tree_1_2_3_4_5_6_7
match key:           TERNARY-01:18:50:00 &&& 01:b8:70:53
action:              MyIngress.set_pred_1_2_3_4_5_6_7
runtime data:        00	00	04	06	02	02	01
Entry has been added with handle 159
RuntimeCmd: Adding entry to ternary match table MyIngress.tb_hwimo_tree_1_2_3_4_5_6_7
match key:           TERNARY-00:00:70:00 &&& 00:a0:70:53
action:              MyIngress.set_pred_1_2_3_4_5_6_7
runtime data:        01	00	00	00	01	02	00
Entry has been added with handle 160
RuntimeCmd: Adding entry to ternary match table MyIngress.tb_hwimo_tree_1_2_3_4_5_6_7
match key:           TERNARY-00:00:40:10 &&& 00:f8:50:73
action:              MyIngress.set_pred_1_2_3_4_5_6_7
runtime data:        01	00	02	03	01	01	01
Entry has been added with handle 161
RuntimeCmd: Adding entry to ternary match table MyIngress.tb_hwimo_tree_1_2_3_4_5_6_7
match key:           TERNARY-00:10:40:10 &&& 00:f8:50:73
action:              MyIngress.set_pred_1_2_3_4_5_6_7
runtime data:        01	00	02	03	01	02	01
Entry has been added with handle 162
RuntimeCmd: Adding entry to ternary match table MyIngress.tb_hwimo_tree_1_2_3_4_5_6_7
match key:           TERNARY-00:08:40:10 &&& 00:f8:50:73
action:              MyIngress.set_pred_1_2_3_4_5_6_7
runtime data:        01	00	01	02	01	01	01
Entry has been added with handle 163
RuntimeCmd: Adding entry to ternary match table MyIngress.tb_hwimo_tree_1_2_3_4_5_6_7
match key:           TERNARY-00:18:40:10 &&& 00:f8:50:73
action:              MyIngress.set_pred_1_2_3_4_5_6_7
runtime data:        01	00	01	02	01	02	01
Entry has been added with handle 164
RuntimeCmd: Adding entry to ternary match table MyIngress.tb_hwimo_tree_1_2_3_4_5_6_7
match key:           TERNARY-00:40:40:10 &&& 00:f8:50:73
action:              MyIngress.set_pred_1_2_3_4_5_6_7
runtime data:        01	00	01	02	01	01	01
Entry has been added with handle 165
RuntimeCmd: Adding entry to ternary match table MyIngress.tb_hwimo_tree_1_2_3_4_5_6_7
match key:           TERNARY-00:50:40:10 &&& 00:f8:50:73
action:              MyIngress.set_pred_1_2_3_4_5_6_7
runtime data:        01	00	01	02	01	01	01
Entry has been added with handle 166
RuntimeCmd: Adding entry to ternary match table MyIngress.tb_hwimo_tree_1_2_3_4_5_6_7
match key:           TERNARY-00:48:40:10 &&& 00:f8:50:73
action:              MyIngress.set_pred_1_2_3_4_5_6_7
runtime data:        01	00	01	02	01	01	01
Entry has been added with handle 167
RuntimeCmd: Adding entry to ternary match table MyIngress.tb_hwimo_tree_1_2_3_4_5_6_7
match key:           TERNARY-00:58:40:10 &&& 00:f8:50:73
action:              MyIngress.set_pred_1_2_3_4_5_6_7
runtime data:        01	00	01	02	01	01	01
Entry has been added with handle 168
RuntimeCmd: Adding entry to ternary match table MyIngress.tb_hwimo_tree_1_2_3_4_5_6_7
match key:           TERNARY-00:00:40:30 &&& 00:f8:70:73
action:              MyIngress.set_pred_1_2_3_4_5_6_7
runtime data:        01	00	01	02	02	02	01
Entry has been added with handle 169
RuntimeCmd: Adding entry to ternary match table MyIngress.tb_hwimo_tree_1_2_3_4_5_6_7
match key:           TERNARY-00:10:40:30 &&& 00:f8:70:73
action:              MyIngress.set_pred_1_2_3_4_5_6_7
runtime data:        01	00	01	02	02	02	01
Entry has been added with handle 170
RuntimeCmd: Adding entry to ternary match table MyIngress.tb_hwimo_tree_1_2_3_4_5_6_7
match key:           TERNARY-00:40:40:30 &&& 00:f8:72:73
action:              MyIngress.set_pred_1_2_3_4_5_6_7
runtime data:        01	00	00	00	02	02	01
Entry has been added with handle 171
RuntimeCmd: Adding entry to ternary match table MyIngress.tb_hwimo_tree_1_2_3_4_5_6_7
match key:           TERNARY-00:40:42:30 &&& 00:f8:72:73
action:              MyIngress.set_pred_1_2_3_4_5_6_7
runtime data:        01	00	01	02	01	01	01
Entry has been added with handle 172
RuntimeCmd: Adding entry to ternary match table MyIngress.tb_hwimo_tree_1_2_3_4_5_6_7
match key:           TERNARY-00:50:40:30 &&& 00:f8:70:73
action:              MyIngress.set_pred_1_2_3_4_5_6_7
runtime data:        01	00	01	02	01	02	01
Entry has been added with handle 173
RuntimeCmd: Adding entry to ternary match table MyIngress.tb_hwimo_tree_1_2_3_4_5_6_7
match key:           TERNARY-00:08:40:30 &&& 00:f8:70:73
action:              MyIngress.set_pred_1_2_3_4_5_6_7
runtime data:        01	00	01	02	01	02	01
Entry has been added with handle 174
RuntimeCmd: Adding entry to ternary match table MyIngress.tb_hwimo_tree_1_2_3_4_5_6_7
match key:           TERNARY-00:18:40:30 &&& 01:f8:70:73
action:              MyIngress.set_pred_1_2_3_4_5_6_7
runtime data:        01	00	01	02	02	02	01
Entry has been added with handle 175
RuntimeCmd: Adding entry to ternary match table MyIngress.tb_hwimo_tree_1_2_3_4_5_6_7
match key:           TERNARY-01:18:40:30 &&& 01:f8:70:73
action:              MyIngress.set_pred_1_2_3_4_5_6_7
runtime data:        01	00	01	02	02	02	01
Entry has been added with handle 176
RuntimeCmd: Adding entry to ternary match table MyIngress.tb_hwimo_tree_1_2_3_4_5_6_7
match key:           TERNARY-00:48:40:30 &&& 00:f8:70:73
action:              MyIngress.set_pred_1_2_3_4_5_6_7
runtime data:        01	00	01	02	01	02	00
Entry has been added with handle 177
RuntimeCmd: Adding entry to ternary match table MyIngress.tb_hwimo_tree_1_2_3_4_5_6_7
match key:           TERNARY-00:58:40:30 &&& 00:f8:70:73
action:              MyIngress.set_pred_1_2_3_4_5_6_7
runtime data:        01	00	01	02	01	02	00
Entry has been added with handle 178
RuntimeCmd: Adding entry to ternary match table MyIngress.tb_hwimo_tree_1_2_3_4_5_6_7
match key:           TERNARY-00:00:60:30 &&& 00:a0:70:73
action:              MyIngress.set_pred_1_2_3_4_5_6_7
runtime data:        01	00	01	02	01	01	01
Entry has been added with handle 179
RuntimeCmd: Adding entry to ternary match table MyIngress.tb_hwimo_tree_1_2_3_4_5_6_7
match key:           TERNARY-00:00:50:10 &&& 00:a0:70:53
action:              MyIngress.set_pred_1_2_3_4_5_6_7
runtime data:        01	00	00	00	01	02	01
Entry has been added with handle 180
RuntimeCmd: Adding entry to ternary match table MyIngress.tb_hwimo_tree_1_2_3_4_5_6_7
match key:           TERNARY-00:00:70:10 &&& 00:a0:70:53
action:              MyIngress.set_pred_1_2_3_4_5_6_7
runtime data:        01	00	00	00	01	02	00
Entry has been added with handle 181
RuntimeCmd: Adding entry to ternary match table MyIngress.tb_hwimo_tree_1_2_3_4_5_6_7
match key:           TERNARY-00:20:40:00 &&& 01:f8:70:53
action:              MyIngress.set_pred_1_2_3_4_5_6_7
runtime data:        00	00	01	02	02	02	01
Entry has been added with handle 182
RuntimeCmd: Adding entry to ternary match table MyIngress.tb_hwimo_tree_1_2_3_4_5_6_7
match key:           TERNARY-00:60:40:00 &&& 01:f8:70:f3
action:              MyIngress.set_pred_1_2_3_4_5_6_7
runtime data:        01	00	01	02	01	02	01
Entry has been added with handle 183
RuntimeCmd: Adding entry to ternary match table MyIngress.tb_hwimo_tree_1_2_3_4_5_6_7
match key:           TERNARY-00:60:40:20 &&& 01:f8:70:f3
action:              MyIngress.set_pred_1_2_3_4_5_6_7
runtime data:        01	00	00	00	01	02	00
Entry has been added with handle 184
RuntimeCmd: Adding entry to ternary match table MyIngress.tb_hwimo_tree_1_2_3_4_5_6_7
match key:           TERNARY-00:60:40:80 &&& 01:f8:70:d3
action:              MyIngress.set_pred_1_2_3_4_5_6_7
runtime data:        01	00	01	02	01	01	01
Entry has been added with handle 185
RuntimeCmd: Adding entry to ternary match table MyIngress.tb_hwimo_tree_1_2_3_4_5_6_7
match key:           TERNARY-00:20:60:00 &&& 01:f8:70:53
action:              MyIngress.set_pred_1_2_3_4_5_6_7
runtime data:        00	00	04	06	02	02	01
Entry has been added with handle 186
RuntimeCmd: Adding entry to ternary match table MyIngress.tb_hwimo_tree_1_2_3_4_5_6_7
match key:           TERNARY-00:60:60:00 &&& 01:f8:70:53
action:              MyIngress.set_pred_1_2_3_4_5_6_7
runtime data:        00	00	04	06	01	02	01
Entry has been added with handle 187
RuntimeCmd: Adding entry to ternary match table MyIngress.tb_hwimo_tree_1_2_3_4_5_6_7
match key:           TERNARY-00:30:40:00 &&& 01:f8:70:53
action:              MyIngress.set_pred_1_2_3_4_5_6_7
runtime data:        00	00	04	06	01	02	01
Entry has been added with handle 188
RuntimeCmd: Adding entry to ternary match table MyIngress.tb_hwimo_tree_1_2_3_4_5_6_7
match key:           TERNARY-00:30:60:00 &&& 01:f8:70:53
action:              MyIngress.set_pred_1_2_3_4_5_6_7
runtime data:        00	00	04	06	01	02	01
Entry has been added with handle 189
RuntimeCmd: Adding entry to ternary match table MyIngress.tb_hwimo_tree_1_2_3_4_5_6_7
match key:           TERNARY-00:70:40:00 &&& 01:f8:70:73
action:              MyIngress.set_pred_1_2_3_4_5_6_7
runtime data:        00	00	04	06	01	01	01
Entry has been added with handle 190
RuntimeCmd: Adding entry to ternary match table MyIngress.tb_hwimo_tree_1_2_3_4_5_6_7
match key:           TERNARY-00:70:60:00 &&& 01:f8:70:73
action:              MyIngress.set_pred_1_2_3_4_5_6_7
runtime data:        00	00	01	02	01	01	01
Entry has been added with handle 191
RuntimeCmd: Adding entry to ternary match table MyIngress.tb_hwimo_tree_1_2_3_4_5_6_7
match key:           TERNARY-00:70:40:20 &&& 01:f8:50:73
action:              MyIngress.set_pred_1_2_3_4_5_6_7
runtime data:        01	00	00	00	01	02	00
Entry has been added with handle 192
RuntimeCmd: Adding entry to ternary match table MyIngress.tb_hwimo_tree_1_2_3_4_5_6_7
match key:           TERNARY-00:28:40:00 &&& 01:f8:70:53
action:              MyIngress.set_pred_1_2_3_4_5_6_7
runtime data:        00	00	01	02	01	02	01
Entry has been added with handle 193
RuntimeCmd: Adding entry to ternary match table MyIngress.tb_hwimo_tree_1_2_3_4_5_6_7
match key:           TERNARY-00:28:60:00 &&& 01:f8:70:53
action:              MyIngress.set_pred_1_2_3_4_5_6_7
runtime data:        00	00	04	06	01	02	01
Entry has been added with handle 194
RuntimeCmd: Adding entry to ternary match table MyIngress.tb_hwimo_tree_1_2_3_4_5_6_7
match key:           TERNARY-00:68:40:00 &&& 01:f8:70:53
action:              MyIngress.set_pred_1_2_3_4_5_6_7
runtime data:        00	00	04	06	01	02	01
Entry has been added with handle 195
RuntimeCmd: Adding entry to ternary match table MyIngress.tb_hwimo_tree_1_2_3_4_5_6_7
match key:           TERNARY-00:68:60:00 &&& 01:f8:70:53
action:              MyIngress.set_pred_1_2_3_4_5_6_7
runtime data:        00	00	04	06	01	01	01
Entry has been added with handle 196
RuntimeCmd: Adding entry to ternary match table MyIngress.tb_hwimo_tree_1_2_3_4_5_6_7
match key:           TERNARY-00:38:40:00 &&& 01:f8:70:d3
action:              MyIngress.set_pred_1_2_3_4_5_6_7
runtime data:        00	00	01	02	01	01	01
Entry has been added with handle 197
RuntimeCmd: Adding entry to ternary match table MyIngress.tb_hwimo_tree_1_2_3_4_5_6_7
match key:           TERNARY-00:78:40:00 &&& 01:f8:70:d3
action:              MyIngress.set_pred_1_2_3_4_5_6_7
runtime data:        00	00	01	02	01	01	01
Entry has been added with handle 198
RuntimeCmd: Adding entry to ternary match table MyIngress.tb_hwimo_tree_1_2_3_4_5_6_7
match key:           TERNARY-00:38:40:80 &&& 01:b8:70:d3
action:              MyIngress.set_pred_1_2_3_4_5_6_7
runtime data:        00	00	01	02	01	01	01
Entry has been added with handle 199
RuntimeCmd: Adding entry to ternary match table MyIngress.tb_hwimo_tree_1_2_3_4_5_6_7
match key:           TERNARY-00:38:60:00 &&& 01:f8:70:53
action:              MyIngress.set_pred_1_2_3_4_5_6_7
runtime data:        00	00	04	06	01	02	01
Entry has been added with handle 200
RuntimeCmd: Adding entry to ternary match table MyIngress.tb_hwimo_tree_1_2_3_4_5_6_7
match key:           TERNARY-00:78:60:00 &&& 01:f8:70:53
action:              MyIngress.set_pred_1_2_3_4_5_6_7
runtime data:        00	00	01	02	01	01	01
Entry has been added with handle 201
RuntimeCmd: Adding entry to ternary match table MyIngress.tb_hwimo_tree_1_2_3_4_5_6_7
match key:           TERNARY-01:20:40:00 &&& 01:f8:70:53
action:              MyIngress.set_pred_1_2_3_4_5_6_7
runtime data:        01	00	01	02	01	01	01
Entry has been added with handle 202
RuntimeCmd: Adding entry to ternary match table MyIngress.tb_hwimo_tree_1_2_3_4_5_6_7
match key:           TERNARY-01:60:40:00 &&& 01:f8:70:53
action:              MyIngress.set_pred_1_2_3_4_5_6_7
runtime data:        00	00	04	05	01	01	01
Entry has been added with handle 203
RuntimeCmd: Adding entry to ternary match table MyIngress.tb_hwimo_tree_1_2_3_4_5_6_7
match key:           TERNARY-01:30:40:00 &&& 01:f8:70:53
action:              MyIngress.set_pred_1_2_3_4_5_6_7
runtime data:        00	00	04	06	02	02	01
Entry has been added with handle 204
RuntimeCmd: Adding entry to ternary match table MyIngress.tb_hwimo_tree_1_2_3_4_5_6_7
match key:           TERNARY-01:70:40:00 &&& 01:f8:70:53
action:              MyIngress.set_pred_1_2_3_4_5_6_7
runtime data:        00	00	04	06	02	01	01
Entry has been added with handle 205
RuntimeCmd: Adding entry to ternary match table MyIngress.tb_hwimo_tree_1_2_3_4_5_6_7
match key:           TERNARY-01:20:60:00 &&& 01:e8:70:53
action:              MyIngress.set_pred_1_2_3_4_5_6_7
runtime data:        00	00	04	06	01	02	01
Entry has been added with handle 206
RuntimeCmd: Adding entry to ternary match table MyIngress.tb_hwimo_tree_1_2_3_4_5_6_7
match key:           TERNARY-01:60:60:00 &&& 01:f8:70:53
action:              MyIngress.set_pred_1_2_3_4_5_6_7
runtime data:        00	00	04	06	01	02	01
Entry has been added with handle 207
RuntimeCmd: Adding entry to ternary match table MyIngress.tb_hwimo_tree_1_2_3_4_5_6_7
match key:           TERNARY-01:70:60:00 &&& 01:f8:70:53
action:              MyIngress.set_pred_1_2_3_4_5_6_7
runtime data:        00	00	04	06	02	02	01
Entry has been added with handle 208
RuntimeCmd: Adding entry to ternary match table MyIngress.tb_hwimo_tree_1_2_3_4_5_6_7
match key:           TERNARY-01:28:40:00 &&& 01:f8:70:53
action:              MyIngress.set_pred_1_2_3_4_5_6_7
runtime data:        00	00	04	06	01	02	01
Entry has been added with handle 209
RuntimeCmd: Adding entry to ternary match table MyIngress.tb_hwimo_tree_1_2_3_4_5_6_7
match key:           TERNARY-01:38:40:00 &&& 01:f8:70:53
action:              MyIngress.set_pred_1_2_3_4_5_6_7
runtime data:        00	01	04	05	01	02	01
Entry has been added with handle 210
RuntimeCmd: Adding entry to ternary match table MyIngress.tb_hwimo_tree_1_2_3_4_5_6_7
match key:           TERNARY-01:28:60:00 &&& 01:e8:70:53
action:              MyIngress.set_pred_1_2_3_4_5_6_7
runtime data:        00	00	04	06	01	02	01
Entry has been added with handle 211
RuntimeCmd: Adding entry to ternary match table MyIngress.tb_hwimo_tree_1_2_3_4_5_6_7
match key:           TERNARY-01:68:40:00 &&& 01:f8:50:d3
action:              MyIngress.set_pred_1_2_3_4_5_6_7
runtime data:        00	00	00	00	01	02	01
Entry has been added with handle 212
RuntimeCmd: Adding entry to ternary match table MyIngress.tb_hwimo_tree_1_2_3_4_5_6_7
match key:           TERNARY-01:78:40:00 &&& 01:f8:70:d3
action:              MyIngress.set_pred_1_2_3_4_5_6_7
runtime data:        00	00	01	02	01	02	01
Entry has been added with handle 213
RuntimeCmd: Adding entry to ternary match table MyIngress.tb_hwimo_tree_1_2_3_4_5_6_7
match key:           TERNARY-01:78:60:00 &&& 01:f8:70:d3
action:              MyIngress.set_pred_1_2_3_4_5_6_7
runtime data:        00	00	04	06	02	02	01
Entry has been added with handle 214
RuntimeCmd: Adding entry to ternary match table MyIngress.tb_hwimo_tree_1_2_3_4_5_6_7
match key:           TERNARY-01:68:40:80 &&& 01:e8:50:d3
action:              MyIngress.set_pred_1_2_3_4_5_6_7
runtime data:        01	00	02	03	01	01	01
Entry has been added with handle 215
RuntimeCmd: Adding entry to ternary match table MyIngress.tb_hwimo_tree_1_2_3_4_5_6_7
match key:           TERNARY-00:20:40:10 &&& 00:f8:50:f3
action:              MyIngress.set_pred_1_2_3_4_5_6_7
runtime data:        01	00	01	02	01	01	01
Entry has been added with handle 216
RuntimeCmd: Adding entry to ternary match table MyIngress.tb_hwimo_tree_1_2_3_4_5_6_7
match key:           TERNARY-00:60:40:10 &&& 00:f8:50:f3
action:              MyIngress.set_pred_1_2_3_4_5_6_7
runtime data:        01	00	01	02	01	01	01
Entry has been added with handle 217
RuntimeCmd: Adding entry to ternary match table MyIngress.tb_hwimo_tree_1_2_3_4_5_6_7
match key:           TERNARY-00:20:40:90 &&& 00:b8:50:f3
action:              MyIngress.set_pred_1_2_3_4_5_6_7
runtime data:        01	00	01	02	01	01	01
Entry has been added with handle 218
RuntimeCmd: Adding entry to ternary match table MyIngress.tb_hwimo_tree_1_2_3_4_5_6_7
match key:           TERNARY-00:28:40:10 &&& 00:b8:50:73
action:              MyIngress.set_pred_1_2_3_4_5_6_7
runtime data:        01	00	01	02	01	01	01
Entry has been added with handle 219
RuntimeCmd: Adding entry to ternary match table MyIngress.tb_hwimo_tree_1_2_3_4_5_6_7
match key:           TERNARY-00:30:40:10 &&& 00:b8:50:73
action:              MyIngress.set_pred_1_2_3_4_5_6_7
runtime data:        01	00	02	03	01	02	01
Entry has been added with handle 220
RuntimeCmd: Adding entry to ternary match table MyIngress.tb_hwimo_tree_1_2_3_4_5_6_7
match key:           TERNARY-00:38:40:10 &&& 00:b8:50:73
action:              MyIngress.set_pred_1_2_3_4_5_6_7
runtime data:        01	00	01	02	01	02	01
Entry has been added with handle 221
RuntimeCmd: Adding entry to ternary match table MyIngress.tb_hwimo_tree_1_2_3_4_5_6_7
match key:           TERNARY-00:20:40:30 &&& 00:f8:70:73
action:              MyIngress.set_pred_1_2_3_4_5_6_7
runtime data:        01	00	01	02	01	02	01
Entry has been added with handle 222
RuntimeCmd: Adding entry to ternary match table MyIngress.tb_hwimo_tree_1_2_3_4_5_6_7
match key:           TERNARY-00:60:40:30 &&& 00:f8:70:73
action:              MyIngress.set_pred_1_2_3_4_5_6_7
runtime data:        01	00	01	02	01	02	01
Entry has been added with handle 223
RuntimeCmd: Adding entry to ternary match table MyIngress.tb_hwimo_tree_1_2_3_4_5_6_7
match key:           TERNARY-00:30:40:30 &&& 00:b8:70:73
action:              MyIngress.set_pred_1_2_3_4_5_6_7
runtime data:        01	00	01	02	01	01	01
Entry has been added with handle 224
RuntimeCmd: Adding entry to ternary match table MyIngress.tb_hwimo_tree_1_2_3_4_5_6_7
match key:           TERNARY-00:28:40:30 &&& 01:f8:70:73
action:              MyIngress.set_pred_1_2_3_4_5_6_7
runtime data:        01	00	01	02	02	02	01
Entry has been added with handle 225
RuntimeCmd: Adding entry to ternary match table MyIngress.tb_hwimo_tree_1_2_3_4_5_6_7
match key:           TERNARY-00:38:40:30 &&& 01:f8:70:73
action:              MyIngress.set_pred_1_2_3_4_5_6_7
runtime data:        01	00	01	02	02	02	01
Entry has been added with handle 226
RuntimeCmd: Adding entry to ternary match table MyIngress.tb_hwimo_tree_1_2_3_4_5_6_7
match key:           TERNARY-00:68:40:30 &&& 01:e8:70:73
action:              MyIngress.set_pred_1_2_3_4_5_6_7
runtime data:        01	00	01	02	01	02	01
Entry has been added with handle 227
RuntimeCmd: Adding entry to ternary match table MyIngress.tb_hwimo_tree_1_2_3_4_5_6_7
match key:           TERNARY-01:28:40:30 &&& 01:b8:70:73
action:              MyIngress.set_pred_1_2_3_4_5_6_7
runtime data:        01	00	01	02	01	01	01
Entry has been added with handle 228
RuntimeCmd: Adding entry to ternary match table MyIngress.tb_hwimo_tree_1_2_3_4_5_6_7
match key:           TERNARY-01:38:40:30 &&& 01:b8:70:73
action:              MyIngress.set_pred_1_2_3_4_5_6_7
runtime data:        01	00	01	02	02	02	01
Entry has been added with handle 229
RuntimeCmd: Adding entry to ternary match table MyIngress.tb_hwimo_tree_1_2_3_4_5_6_7
match key:           TERNARY-00:20:60:30 &&& 00:a0:70:73
action:              MyIngress.set_pred_1_2_3_4_5_6_7
runtime data:        01	00	01	02	01	01	01
Entry has been added with handle 230
RuntimeCmd: Adding entry to ternary match table MyIngress.tb_hwimo_tree_1_2_3_4_5_6_7
match key:           TERNARY-00:20:50:00 &&& 00:f8:70:c3
action:              MyIngress.set_pred_1_2_3_4_5_6_7
runtime data:        01	00	01	02	01	01	01
Entry has been added with handle 231
RuntimeCmd: Adding entry to ternary match table MyIngress.tb_hwimo_tree_1_2_3_4_5_6_7
match key:           TERNARY-00:60:50:00 &&& 01:f8:70:c3
action:              MyIngress.set_pred_1_2_3_4_5_6_7
runtime data:        01	00	03	01	02	01	02
Entry has been added with handle 232
RuntimeCmd: Adding entry to ternary match table MyIngress.tb_hwimo_tree_1_2_3_4_5_6_7
match key:           TERNARY-01:60:50:00 &&& 01:f8:70:c3
action:              MyIngress.set_pred_1_2_3_4_5_6_7
runtime data:        01	00	01	02	01	01	01
Entry has been added with handle 233
RuntimeCmd: Adding entry to ternary match table MyIngress.tb_hwimo_tree_1_2_3_4_5_6_7
match key:           TERNARY-00:20:50:80 &&& 00:b8:70:c3
action:              MyIngress.set_pred_1_2_3_4_5_6_7
runtime data:        01	00	01	02	01	01	01
Entry has been added with handle 234
RuntimeCmd: Adding entry to ternary match table MyIngress.tb_hwimo_tree_1_2_3_4_5_6_7
match key:           TERNARY-00:20:70:00 &&& 00:b8:70:43
action:              MyIngress.set_pred_1_2_3_4_5_6_7
runtime data:        00	01	04	06	01	02	00
Entry has been added with handle 235
RuntimeCmd: Adding entry to ternary match table MyIngress.tb_hwimo_tree_1_2_3_4_5_6_7
match key:           TERNARY-00:30:50:00 &&& 01:f8:50:43
action:              MyIngress.set_pred_1_2_3_4_5_6_7
runtime data:        00	00	04	06	01	02	01
Entry has been added with handle 236
RuntimeCmd: Adding entry to ternary match table MyIngress.tb_hwimo_tree_1_2_3_4_5_6_7
match key:           TERNARY-01:30:50:00 &&& 01:f8:50:43
action:              MyIngress.set_pred_1_2_3_4_5_6_7
runtime data:        00	00	04	06	01	01	01
Entry has been added with handle 237
RuntimeCmd: Adding entry to ternary match table MyIngress.tb_hwimo_tree_1_2_3_4_5_6_7
match key:           TERNARY-00:70:50:00 &&& 00:f8:50:43
action:              MyIngress.set_pred_1_2_3_4_5_6_7
runtime data:        00	00	04	06	01	02	01
Entry has been added with handle 238
RuntimeCmd: Adding entry to ternary match table MyIngress.tb_hwimo_tree_1_2_3_4_5_6_7
match key:           TERNARY-00:28:50:00 &&& 01:f8:50:43
action:              MyIngress.set_pred_1_2_3_4_5_6_7
runtime data:        00	00	04	06	01	02	01
Entry has been added with handle 239
RuntimeCmd: Adding entry to ternary match table MyIngress.tb_hwimo_tree_1_2_3_4_5_6_7
match key:           TERNARY-00:68:50:00 &&& 01:f8:50:43
action:              MyIngress.set_pred_1_2_3_4_5_6_7
runtime data:        00	00	04	06	01	02	01
Entry has been added with handle 240
RuntimeCmd: Adding entry to ternary match table MyIngress.tb_hwimo_tree_1_2_3_4_5_6_7
match key:           TERNARY-01:28:50:00 &&& 01:f8:50:43
action:              MyIngress.set_pred_1_2_3_4_5_6_7
runtime data:        00	00	04	04	02	02	01
Entry has been added with handle 241
RuntimeCmd: Adding entry to ternary match table MyIngress.tb_hwimo_tree_1_2_3_4_5_6_7
match key:           TERNARY-01:68:50:00 &&& 01:f8:50:43
action:              MyIngress.set_pred_1_2_3_4_5_6_7
runtime data:        00	00	01	02	01	02	01
Entry has been added with handle 242
RuntimeCmd: Adding entry to ternary match table MyIngress.tb_hwimo_tree_1_2_3_4_5_6_7
match key:           TERNARY-00:38:50:00 &&& 01:f8:50:43
action:              MyIngress.set_pred_1_2_3_4_5_6_7
runtime data:        01	00	01	02	01	01	01
Entry has been added with handle 243
RuntimeCmd: Adding entry to ternary match table MyIngress.tb_hwimo_tree_1_2_3_4_5_6_7
match key:           TERNARY-00:78:50:00 &&& 01:f8:50:43
action:              MyIngress.set_pred_1_2_3_4_5_6_7
runtime data:        01	00	01	02	01	01	01
Entry has been added with handle 244
RuntimeCmd: Adding entry to ternary match table MyIngress.tb_hwimo_tree_1_2_3_4_5_6_7
match key:           TERNARY-01:38:50:00 &&& 01:b8:50:43
action:              MyIngress.set_pred_1_2_3_4_5_6_7
runtime data:        00	01	04	05	02	02	02
Entry has been added with handle 245
RuntimeCmd: Adding entry to ternary match table MyIngress.tb_hwimo_tree_1_2_3_4_5_6_7
match key:           TERNARY-00:00:40:40 &&& 00:e0:70:73
action:              MyIngress.set_pred_1_2_3_4_5_6_7
runtime data:        01	00	00	00	02	02	01
Entry has been added with handle 246
RuntimeCmd: Adding entry to ternary match table MyIngress.tb_hwimo_tree_1_2_3_4_5_6_7
match key:           TERNARY-00:40:40:40 &&& 00:e0:70:73
action:              MyIngress.set_pred_1_2_3_4_5_6_7
runtime data:        01	00	00	00	02	02	01
Entry has been added with handle 247
RuntimeCmd: Adding entry to ternary match table MyIngress.tb_hwimo_tree_1_2_3_4_5_6_7
match key:           TERNARY-00:20:40:40 &&& 00:a0:70:73
action:              MyIngress.set_pred_1_2_3_4_5_6_7
runtime data:        01	00	02	03	01	02	00
Entry has been added with handle 248
RuntimeCmd: Adding entry to ternary match table MyIngress.tb_hwimo_tree_1_2_3_4_5_6_7
match key:           TERNARY-00:00:40:50 &&& 00:e8:72:f3
action:              MyIngress.set_pred_1_2_3_4_5_6_7
runtime data:        01	00	02	03	02	01	02
Entry has been added with handle 249
RuntimeCmd: Adding entry to ternary match table MyIngress.tb_hwimo_tree_1_2_3_4_5_6_7
match key:           TERNARY-00:40:40:50 &&& 00:e8:72:f3
action:              MyIngress.set_pred_1_2_3_4_5_6_7
runtime data:        01	00	02	03	02	01	02
Entry has been added with handle 250
RuntimeCmd: Adding entry to ternary match table MyIngress.tb_hwimo_tree_1_2_3_4_5_6_7
match key:           TERNARY-00:08:40:50 &&& 00:a8:72:f3
action:              MyIngress.set_pred_1_2_3_4_5_6_7
runtime data:        01	00	02	03	02	01	02
Entry has been added with handle 251
RuntimeCmd: Adding entry to ternary match table MyIngress.tb_hwimo_tree_1_2_3_4_5_6_7
match key:           TERNARY-00:20:40:50 &&& 00:a8:72:f3
action:              MyIngress.set_pred_1_2_3_4_5_6_7
runtime data:        01	00	02	03	02	01	02
Entry has been added with handle 252
RuntimeCmd: Adding entry to ternary match table MyIngress.tb_hwimo_tree_1_2_3_4_5_6_7
match key:           TERNARY-00:28:40:50 &&& 00:e8:72:f3
action:              MyIngress.set_pred_1_2_3_4_5_6_7
runtime data:        01	00	02	03	01	01	01
Entry has been added with handle 253
RuntimeCmd: Adding entry to ternary match table MyIngress.tb_hwimo_tree_1_2_3_4_5_6_7
match key:           TERNARY-00:68:40:50 &&& 00:e8:72:f3
action:              MyIngress.set_pred_1_2_3_4_5_6_7
runtime data:        01	00	02	03	01	02	01
Entry has been added with handle 254
RuntimeCmd: Adding entry to ternary match table MyIngress.tb_hwimo_tree_1_2_3_4_5_6_7
match key:           TERNARY-00:00:40:d0 &&& 00:80:72:f3
action:              MyIngress.set_pred_1_2_3_4_5_6_7
runtime data:        01	00	02	03	01	01	01
Entry has been added with handle 255
RuntimeCmd: Adding entry to ternary match table MyIngress.tb_hwimo_tree_1_2_3_4_5_6_7
match key:           TERNARY-00:00:42:50 &&& 00:80:72:73
action:              MyIngress.set_pred_1_2_3_4_5_6_7
runtime data:        01	00	02	03	01	01	01
Entry has been added with handle 256
RuntimeCmd: Adding entry to ternary match table MyIngress.tb_hwimo_tree_1_2_3_4_5_6_7
match key:           TERNARY-00:00:40:60 &&& 00:e8:70:73
action:              MyIngress.set_pred_1_2_3_4_5_6_7
runtime data:        01	00	02	03	02	01	02
Entry has been added with handle 257
RuntimeCmd: Adding entry to ternary match table MyIngress.tb_hwimo_tree_1_2_3_4_5_6_7
match key:           TERNARY-00:08:40:60 &&& 00:e8:70:73
action:              MyIngress.set_pred_1_2_3_4_5_6_7
runtime data:        01	00	02	03	01	01	01
Entry has been added with handle 258
RuntimeCmd: Adding entry to ternary match table MyIngress.tb_hwimo_tree_1_2_3_4_5_6_7
match key:           TERNARY-00:20:40:60 &&& 00:e8:70:73
action:              MyIngress.set_pred_1_2_3_4_5_6_7
runtime data:        01	00	00	00	01	02	00
Entry has been added with handle 259
RuntimeCmd: Adding entry to ternary match table MyIngress.tb_hwimo_tree_1_2_3_4_5_6_7
match key:           TERNARY-00:28:40:60 &&& 00:e8:70:73
action:              MyIngress.set_pred_1_2_3_4_5_6_7
runtime data:        01	00	02	03	01	02	01
Entry has been added with handle 260
RuntimeCmd: Adding entry to ternary match table MyIngress.tb_hwimo_tree_1_2_3_4_5_6_7
match key:           TERNARY-00:40:40:60 &&& 00:c8:74:f3
action:              MyIngress.set_pred_1_2_3_4_5_6_7
runtime data:        01	00	02	03	01	01	01
Entry has been added with handle 261
RuntimeCmd: Adding entry to ternary match table MyIngress.tb_hwimo_tree_1_2_3_4_5_6_7
match key:           TERNARY-00:40:44:60 &&& 00:f8:74:f3
action:              MyIngress.set_pred_1_2_3_4_5_6_7
runtime data:        01	00	00	00	01	02	00
Entry has been added with handle 262
RuntimeCmd: Adding entry to ternary match table MyIngress.tb_hwimo_tree_1_2_3_4_5_6_7
match key:           TERNARY-00:60:44:60 &&& 00:f8:74:f3
action:              MyIngress.set_pred_1_2_3_4_5_6_7
runtime data:        01	00	02	03	02	01	02
Entry has been added with handle 263
RuntimeCmd: Adding entry to ternary match table MyIngress.tb_hwimo_tree_1_2_3_4_5_6_7
match key:           TERNARY-00:50:44:60 &&& 00:f8:74:f3
action:              MyIngress.set_pred_1_2_3_4_5_6_7
runtime data:        01	00	02	03	02	01	02
Entry has been added with handle 264
RuntimeCmd: Adding entry to ternary match table MyIngress.tb_hwimo_tree_1_2_3_4_5_6_7
match key:           TERNARY-00:70:44:60 &&& 00:f8:74:f3
action:              MyIngress.set_pred_1_2_3_4_5_6_7
runtime data:        01	00	00	00	01	02	00
Entry has been added with handle 265
RuntimeCmd: Adding entry to ternary match table MyIngress.tb_hwimo_tree_1_2_3_4_5_6_7
match key:           TERNARY-00:40:40:e0 &&& 00:c8:70:f3
action:              MyIngress.set_pred_1_2_3_4_5_6_7
runtime data:        01	00	03	01	01	01	01
Entry has been added with handle 266
RuntimeCmd: Adding entry to ternary match table MyIngress.tb_hwimo_tree_1_2_3_4_5_6_7
match key:           TERNARY-00:48:40:60 &&& 00:d8:70:73
action:              MyIngress.set_pred_1_2_3_4_5_6_7
runtime data:        01	00	02	03	01	02	01
Entry has been added with handle 267
RuntimeCmd: Adding entry to ternary match table MyIngress.tb_hwimo_tree_1_2_3_4_5_6_7
match key:           TERNARY-00:58:40:60 &&& 00:d8:70:73
action:              MyIngress.set_pred_1_2_3_4_5_6_7
runtime data:        01	00	02	03	01	01	01
Entry has been added with handle 268
RuntimeCmd: Adding entry to ternary match table MyIngress.tb_hwimo_tree_1_2_3_4_5_6_7
match key:           TERNARY-00:00:40:70 &&& 01:c8:70:73
action:              MyIngress.set_pred_1_2_3_4_5_6_7
runtime data:        01	00	03	01	02	01	02
Entry has been added with handle 269
RuntimeCmd: Adding entry to ternary match table MyIngress.tb_hwimo_tree_1_2_3_4_5_6_7
match key:           TERNARY-01:00:40:70 &&& 01:c8:70:73
action:              MyIngress.set_pred_1_2_3_4_5_6_7
runtime data:        01	00	03	01	02	01	01
Entry has been added with handle 270
RuntimeCmd: Adding entry to ternary match table MyIngress.tb_hwimo_tree_1_2_3_4_5_6_7
match key:           TERNARY-00:08:40:70 &&& 00:c8:70:73
action:              MyIngress.set_pred_1_2_3_4_5_6_7
runtime data:        01	00	03	01	01	01	01
Entry has been added with handle 271
RuntimeCmd: Adding entry to ternary match table MyIngress.tb_hwimo_tree_1_2_3_4_5_6_7
match key:           TERNARY-00:40:40:70 &&& 01:d8:70:f3
action:              MyIngress.set_pred_1_2_3_4_5_6_7
runtime data:        01	00	03	01	01	01	01
Entry has been added with handle 272
RuntimeCmd: Adding entry to ternary match table MyIngress.tb_hwimo_tree_1_2_3_4_5_6_7
match key:           TERNARY-00:48:40:70 &&& 01:d8:70:f3
action:              MyIngress.set_pred_1_2_3_4_5_6_7
runtime data:        01	00	03	01	01	01	01
Entry has been added with handle 273
RuntimeCmd: Adding entry to ternary match table MyIngress.tb_hwimo_tree_1_2_3_4_5_6_7
match key:           TERNARY-00:50:40:70 &&& 01:d0:70:f3
action:              MyIngress.set_pred_1_2_3_4_5_6_7
runtime data:        01	00	03	01	01	01	01
Entry has been added with handle 274
RuntimeCmd: Adding entry to ternary match table MyIngress.tb_hwimo_tree_1_2_3_4_5_6_7
match key:           TERNARY-00:40:40:f0 &&& 01:c0:70:f3
action:              MyIngress.set_pred_1_2_3_4_5_6_7
runtime data:        01	00	03	01	01	01	01
Entry has been added with handle 275
RuntimeCmd: Adding entry to ternary match table MyIngress.tb_hwimo_tree_1_2_3_4_5_6_7
match key:           TERNARY-01:40:40:70 &&& 01:c0:70:73
action:              MyIngress.set_pred_1_2_3_4_5_6_7
runtime data:        01	00	03	01	02	01	02
Entry has been added with handle 276
RuntimeCmd: Adding entry to ternary match table MyIngress.tb_hwimo_tree_1_2_3_4_5_6_7
match key:           TERNARY-00:00:60:40 &&& 00:c0:70:53
action:              MyIngress.set_pred_1_2_3_4_5_6_7
runtime data:        01	00	01	02	01	01	01
Entry has been added with handle 277
RuntimeCmd: Adding entry to ternary match table MyIngress.tb_hwimo_tree_1_2_3_4_5_6_7
match key:           TERNARY-00:40:60:40 &&& 00:e0:72:53
action:              MyIngress.set_pred_1_2_3_4_5_6_7
runtime data:        01	00	00	00	01	02	00
Entry has been added with handle 278
RuntimeCmd: Adding entry to ternary match table MyIngress.tb_hwimo_tree_1_2_3_4_5_6_7
match key:           TERNARY-00:40:62:40 &&& 00:e0:72:53
action:              MyIngress.set_pred_1_2_3_4_5_6_7
runtime data:        01	00	01	02	01	01	01
Entry has been added with handle 279
RuntimeCmd: Adding entry to ternary match table MyIngress.tb_hwimo_tree_1_2_3_4_5_6_7
match key:           TERNARY-00:60:60:40 &&& 00:e0:70:53
action:              MyIngress.set_pred_1_2_3_4_5_6_7
runtime data:        01	00	01	02	01	01	01
Entry has been added with handle 280
RuntimeCmd: Adding entry to ternary match table MyIngress.tb_hwimo_tree_1_2_3_4_5_6_7
match key:           TERNARY-00:00:60:50 &&& 00:80:70:53
action:              MyIngress.set_pred_1_2_3_4_5_6_7
runtime data:        01	00	01	02	01	01	01
Entry has been added with handle 281
RuntimeCmd: Adding entry to ternary match table MyIngress.tb_hwimo_tree_1_2_3_4_5_6_7
match key:           TERNARY-00:00:50:40 &&& 01:d8:72:73
action:              MyIngress.set_pred_1_2_3_4_5_6_7
runtime data:        01	00	01	02	01	02	01
Entry has been added with handle 282
RuntimeCmd: Adding entry to ternary match table MyIngress.tb_hwimo_tree_1_2_3_4_5_6_7
match key:           TERNARY-00:08:50:40 &&& 01:f8:72:73
action:              MyIngress.set_pred_1_2_3_4_5_6_7
runtime data:        01	00	01	02	01	02	01
Entry has been added with handle 283
RuntimeCmd: Adding entry to ternary match table MyIngress.tb_hwimo_tree_1_2_3_4_5_6_7
match key:           TERNARY-00:28:50:40 &&& 01:f8:72:73
action:              MyIngress.set_pred_1_2_3_4_5_6_7
runtime data:        01	00	00	00	01	02	01
Entry has been added with handle 284
RuntimeCmd: Adding entry to ternary match table MyIngress.tb_hwimo_tree_1_2_3_4_5_6_7
match key:           TERNARY-00:10:50:40 &&& 01:d0:72:73
action:              MyIngress.set_pred_1_2_3_4_5_6_7
runtime data:        01	00	01	02	01	02	01
Entry has been added with handle 285
RuntimeCmd: Adding entry to ternary match table MyIngress.tb_hwimo_tree_1_2_3_4_5_6_7
match key:           TERNARY-01:00:50:40 &&& 01:f8:72:73
action:              MyIngress.set_pred_1_2_3_4_5_6_7
runtime data:        01	00	00	00	02	01	02
Entry has been added with handle 286
RuntimeCmd: Adding entry to ternary match table MyIngress.tb_hwimo_tree_1_2_3_4_5_6_7
match key:           TERNARY-01:10:50:40 &&& 01:f8:72:73
action:              MyIngress.set_pred_1_2_3_4_5_6_7
runtime data:        01	00	00	00	01	02	01
Entry has been added with handle 287
RuntimeCmd: Adding entry to ternary match table MyIngress.tb_hwimo_tree_1_2_3_4_5_6_7
match key:           TERNARY-01:20:50:40 &&& 01:e8:72:73
action:              MyIngress.set_pred_1_2_3_4_5_6_7
runtime data:        01	00	00	00	02	01	02
Entry has been added with handle 288
RuntimeCmd: Adding entry to ternary match table MyIngress.tb_hwimo_tree_1_2_3_4_5_6_7
match key:           TERNARY-01:08:50:40 &&& 01:c8:72:73
action:              MyIngress.set_pred_1_2_3_4_5_6_7
runtime data:        01	00	01	02	01	02	01
Entry has been added with handle 289
RuntimeCmd: Adding entry to ternary match table MyIngress.tb_hwimo_tree_1_2_3_4_5_6_7
match key:           TERNARY-00:00:50:50 &&& 00:c0:72:73
action:              MyIngress.set_pred_1_2_3_4_5_6_7
runtime data:        01	00	00	00	01	02	01
Entry has been added with handle 290
RuntimeCmd: Adding entry to ternary match table MyIngress.tb_hwimo_tree_1_2_3_4_5_6_7
match key:           TERNARY-00:40:50:40 &&& 01:f0:72:f3
action:              MyIngress.set_pred_1_2_3_4_5_6_7
runtime data:        01	00	00	00	01	02	01
Entry has been added with handle 291
RuntimeCmd: Adding entry to ternary match table MyIngress.tb_hwimo_tree_1_2_3_4_5_6_7
match key:           TERNARY-00:60:50:40 &&& 01:f0:72:f3
action:              MyIngress.set_pred_1_2_3_4_5_6_7
runtime data:        01	00	00	00	01	02	01
Entry has been added with handle 292
RuntimeCmd: Adding entry to ternary match table MyIngress.tb_hwimo_tree_1_2_3_4_5_6_7
match key:           TERNARY-00:40:50:c0 &&& 01:d0:72:f3
action:              MyIngress.set_pred_1_2_3_4_5_6_7
runtime data:        01	00	00	00	01	00	01
Entry has been added with handle 293
RuntimeCmd: Adding entry to ternary match table MyIngress.tb_hwimo_tree_1_2_3_4_5_6_7
match key:           TERNARY-00:40:50:50 &&& 01:d0:72:73
action:              MyIngress.set_pred_1_2_3_4_5_6_7
runtime data:        01	00	00	00	01	02	01
Entry has been added with handle 294
RuntimeCmd: Adding entry to ternary match table MyIngress.tb_hwimo_tree_1_2_3_4_5_6_7
match key:           TERNARY-01:40:50:40 &&& 01:d0:72:63
action:              MyIngress.set_pred_1_2_3_4_5_6_7
runtime data:        01	00	00	00	02	01	02
Entry has been added with handle 295
RuntimeCmd: Adding entry to ternary match table MyIngress.tb_hwimo_tree_1_2_3_4_5_6_7
match key:           TERNARY-00:50:50:40 &&& 01:f8:72:73
action:              MyIngress.set_pred_1_2_3_4_5_6_7
runtime data:        01	00	01	02	01	02	01
Entry has been added with handle 296
RuntimeCmd: Adding entry to ternary match table MyIngress.tb_hwimo_tree_1_2_3_4_5_6_7
match key:           TERNARY-00:50:50:50 &&& 01:f8:72:73
action:              MyIngress.set_pred_1_2_3_4_5_6_7
runtime data:        01	00	00	00	01	02	01
Entry has been added with handle 297
RuntimeCmd: Adding entry to ternary match table MyIngress.tb_hwimo_tree_1_2_3_4_5_6_7
match key:           TERNARY-01:50:50:40 &&& 01:f8:72:63
action:              MyIngress.set_pred_1_2_3_4_5_6_7
runtime data:        01	00	00	00	01	02	01
Entry has been added with handle 298
RuntimeCmd: Adding entry to ternary match table MyIngress.tb_hwimo_tree_1_2_3_4_5_6_7
match key:           TERNARY-00:70:50:40 &&& 00:f8:72:63
action:              MyIngress.set_pred_1_2_3_4_5_6_7
runtime data:        01	00	00	00	02	01	02
Entry has been added with handle 299
RuntimeCmd: Adding entry to ternary match table MyIngress.tb_hwimo_tree_1_2_3_4_5_6_7
match key:           TERNARY-00:58:50:40 &&& 00:f8:72:63
action:              MyIngress.set_pred_1_2_3_4_5_6_7
runtime data:        01	00	00	00	02	01	02
Entry has been added with handle 300
RuntimeCmd: Adding entry to ternary match table MyIngress.tb_hwimo_tree_1_2_3_4_5_6_7
match key:           TERNARY-00:78:50:40 &&& 00:f8:72:63
action:              MyIngress.set_pred_1_2_3_4_5_6_7
runtime data:        01	00	00	00	01	02	01
Entry has been added with handle 301
RuntimeCmd: Adding entry to ternary match table MyIngress.tb_hwimo_tree_1_2_3_4_5_6_7
match key:           TERNARY-00:00:52:40 &&& 00:80:72:63
action:              MyIngress.set_pred_1_2_3_4_5_6_7
runtime data:        00	01	04	06	00	00	00
Entry has been added with handle 302
RuntimeCmd: Adding entry to ternary match table MyIngress.tb_hwimo_tree_1_2_3_4_5_6_7
match key:           TERNARY-00:00:70:40 &&& 00:80:74:63
action:              MyIngress.set_pred_1_2_3_4_5_6_7
runtime data:        01	00	00	00	00	00	00
Entry has been added with handle 303
RuntimeCmd: Adding entry to ternary match table MyIngress.tb_hwimo_tree_1_2_3_4_5_6_7
match key:           TERNARY-00:00:74:40 &&& 00:80:74:63
action:              MyIngress.set_pred_1_2_3_4_5_6_7
runtime data:        01	00	00	00	01	02	00
Entry has been added with handle 304
RuntimeCmd: Adding entry to ternary match table MyIngress.tb_hwimo_tree_1_2_3_4_5_6_7
match key:           TERNARY-00:00:50:60 &&& 00:b0:52:63
action:              MyIngress.set_pred_1_2_3_4_5_6_7
runtime data:        01	00	00	00	01	02	01
Entry has been added with handle 305
RuntimeCmd: Adding entry to ternary match table MyIngress.tb_hwimo_tree_1_2_3_4_5_6_7
match key:           TERNARY-00:00:52:60 &&& 00:b0:52:63
action:              MyIngress.set_pred_1_2_3_4_5_6_7
runtime data:        00	01	04	06	00	01	00
Entry has been added with handle 306
RuntimeCmd: Adding entry to ternary match table MyIngress.tb_hwimo_tree_1_2_3_4_5_6_7
match key:           TERNARY-00:20:50:60 &&& 00:b8:70:e3
action:              MyIngress.set_pred_1_2_3_4_5_6_7
runtime data:        00	01	04	06	00	02	00
Entry has been added with handle 307
RuntimeCmd: Adding entry to ternary match table MyIngress.tb_hwimo_tree_1_2_3_4_5_6_7
match key:           TERNARY-00:20:70:60 &&& 00:b8:71:e3
action:              MyIngress.set_pred_1_2_3_4_5_6_7
runtime data:        00	01	04	06	00	02	00
Entry has been added with handle 308
RuntimeCmd: Adding entry to ternary match table MyIngress.tb_hwimo_tree_1_2_3_4_5_6_7
match key:           TERNARY-00:20:71:60 &&& 00:b8:71:e3
action:              MyIngress.set_pred_1_2_3_4_5_6_7
runtime data:        01	00	00	00	00	00	00
Entry has been added with handle 309
RuntimeCmd: Adding entry to ternary match table MyIngress.tb_hwimo_tree_1_2_3_4_5_6_7
match key:           TERNARY-00:20:50:e0 &&& 00:b8:70:e3
action:              MyIngress.set_pred_1_2_3_4_5_6_7
runtime data:        00	01	04	06	00	01	00
Entry has been added with handle 310
RuntimeCmd: Adding entry to ternary match table MyIngress.tb_hwimo_tree_1_2_3_4_5_6_7
match key:           TERNARY-00:20:70:e0 &&& 00:b8:70:e3
action:              MyIngress.set_pred_1_2_3_4_5_6_7
runtime data:        00	01	04	06	00	01	00
Entry has been added with handle 311
RuntimeCmd: Adding entry to ternary match table MyIngress.tb_hwimo_tree_1_2_3_4_5_6_7
match key:           TERNARY-00:28:50:60 &&& 01:f8:50:63
action:              MyIngress.set_pred_1_2_3_4_5_6_7
runtime data:        01	00	00	00	01	02	01
Entry has been added with handle 312
RuntimeCmd: Adding entry to ternary match table MyIngress.tb_hwimo_tree_1_2_3_4_5_6_7
match key:           TERNARY-00:68:50:60 &&& 01:f8:50:63
action:              MyIngress.set_pred_1_2_3_4_5_6_7
runtime data:        01	00	00	00	01	02	01
Entry has been added with handle 313
RuntimeCmd: Adding entry to ternary match table MyIngress.tb_hwimo_tree_1_2_3_4_5_6_7
match key:           TERNARY-01:28:50:60 &&& 01:b8:50:63
action:              MyIngress.set_pred_1_2_3_4_5_6_7
runtime data:        00	01	04	06	02	02	02
Entry has been added with handle 314
RuntimeCmd: Adding entry to ternary match table MyIngress.tb_hwimo_tree_1_2_3_4_5_6_7
match key:           TERNARY-00:10:50:60 &&& 01:f8:50:63
action:              MyIngress.set_pred_1_2_3_4_5_6_7
runtime data:        00	01	04	06	01	00	01
Entry has been added with handle 315
RuntimeCmd: Adding entry to ternary match table MyIngress.tb_hwimo_tree_1_2_3_4_5_6_7
match key:           TERNARY-00:50:50:60 &&& 01:f8:50:63
action:              MyIngress.set_pred_1_2_3_4_5_6_7
runtime data:        00	01	04	06	01	00	01
Entry has been added with handle 316
RuntimeCmd: Adding entry to ternary match table MyIngress.tb_hwimo_tree_1_2_3_4_5_6_7
match key:           TERNARY-00:18:50:60 &&& 01:f8:50:63
action:              MyIngress.set_pred_1_2_3_4_5_6_7
runtime data:        00	01	04	06	01	00	01
Entry has been added with handle 317
RuntimeCmd: Adding entry to ternary match table MyIngress.tb_hwimo_tree_1_2_3_4_5_6_7
match key:           TERNARY-00:58:50:60 &&& 01:f8:70:63
action:              MyIngress.set_pred_1_2_3_4_5_6_7
runtime data:        00	01	04	06	00	01	00
Entry has been added with handle 318
RuntimeCmd: Adding entry to ternary match table MyIngress.tb_hwimo_tree_1_2_3_4_5_6_7
match key:           TERNARY-00:58:70:60 &&& 01:f8:70:63
action:              MyIngress.set_pred_1_2_3_4_5_6_7
runtime data:        00	01	04	06	00	01	00
Entry has been added with handle 319
RuntimeCmd: Adding entry to ternary match table MyIngress.tb_hwimo_tree_1_2_3_4_5_6_7
match key:           TERNARY-01:10:50:60 &&& 01:b0:50:63
action:              MyIngress.set_pred_1_2_3_4_5_6_7
runtime data:        00	01	04	06	02	02	02
Entry has been added with handle 320
RuntimeCmd: Adding entry to ternary match table MyIngress.tb_hwimo_tree_1_2_3_4_5_6_7
match key:           TERNARY-00:30:50:60 &&& 01:f0:50:63
action:              MyIngress.set_pred_1_2_3_4_5_6_7
runtime data:        00	01	04	06	01	00	01
Entry has been added with handle 321
RuntimeCmd: Adding entry to ternary match table MyIngress.tb_hwimo_tree_1_2_3_4_5_6_7
match key:           TERNARY-01:30:50:60 &&& 01:f0:50:63
action:              MyIngress.set_pred_1_2_3_4_5_6_7
runtime data:        00	01	04	06	02	02	02
Entry has been added with handle 322
RuntimeCmd: Adding entry to ternary match table MyIngress.tb_hwimo_tree_1_2_3_4_5_6_7
match key:           TERNARY-00:70:50:60 &&& 01:f8:50:63
action:              MyIngress.set_pred_1_2_3_4_5_6_7
runtime data:        00	01	04	06	02	02	02
Entry has been added with handle 323
RuntimeCmd: Adding entry to ternary match table MyIngress.tb_hwimo_tree_1_2_3_4_5_6_7
match key:           TERNARY-01:70:50:60 &&& 01:f8:50:63
action:              MyIngress.set_pred_1_2_3_4_5_6_7
runtime data:        00	01	04	06	02	02	02
Entry has been added with handle 324
RuntimeCmd: Adding entry to ternary match table MyIngress.tb_hwimo_tree_1_2_3_4_5_6_7
match key:           TERNARY-00:78:50:60 &&& 00:f8:50:63
action:              MyIngress.set_pred_1_2_3_4_5_6_7
runtime data:        01	00	00	00	01	02	01
Entry has been added with handle 325
RuntimeCmd: Adding entry to ternary match table MyIngress.tb_hwimo_tree_1_2_3_4_5_6_7
match key:           TERNARY-00:80:40:00 &&& 01:f8:70:33
action:              MyIngress.set_pred_1_2_3_4_5_6_7
runtime data:        00	00	04	02	02	02	01
Entry has been added with handle 326
RuntimeCmd: Adding entry to ternary match table MyIngress.tb_hwimo_tree_1_2_3_4_5_6_7
match key:           TERNARY-01:80:40:00 &&& 01:f8:70:33
action:              MyIngress.set_pred_1_2_3_4_5_6_7
runtime data:        00	00	01	02	01	01	01
Entry has been added with handle 327
RuntimeCmd: Adding entry to ternary match table MyIngress.tb_hwimo_tree_1_2_3_4_5_6_7
match key:           TERNARY-00:c0:40:00 &&& 01:f8:70:33
action:              MyIngress.set_pred_1_2_3_4_5_6_7
runtime data:        00	00	04	06	02	02	01
Entry has been added with handle 328
RuntimeCmd: Adding entry to ternary match table MyIngress.tb_hwimo_tree_1_2_3_4_5_6_7
match key:           TERNARY-01:c0:40:00 &&& 01:f8:70:33
action:              MyIngress.set_pred_1_2_3_4_5_6_7
runtime data:        00	00	04	06	02	02	02
Entry has been added with handle 329
RuntimeCmd: Adding entry to ternary match table MyIngress.tb_hwimo_tree_1_2_3_4_5_6_7
match key:           TERNARY-00:80:40:20 &&& 00:b8:70:33
action:              MyIngress.set_pred_1_2_3_4_5_6_7
runtime data:        01	00	03	01	01	00	00
Entry has been added with handle 330
RuntimeCmd: Adding entry to ternary match table MyIngress.tb_hwimo_tree_1_2_3_4_5_6_7
match key:           TERNARY-00:a0:40:00 &&& 01:f8:70:13
action:              MyIngress.set_pred_1_2_3_4_5_6_7
runtime data:        00	00	02	03	02	00	02
Entry has been added with handle 331
RuntimeCmd: Adding entry to ternary match table MyIngress.tb_hwimo_tree_1_2_3_4_5_6_7
match key:           TERNARY-01:a0:40:00 &&& 01:f8:70:13
action:              MyIngress.set_pred_1_2_3_4_5_6_7
runtime data:        00	00	04	06	02	01	02
Entry has been added with handle 332
RuntimeCmd: Adding entry to ternary match table MyIngress.tb_hwimo_tree_1_2_3_4_5_6_7
match key:           TERNARY-00:e0:40:00 &&& 00:f8:70:53
action:              MyIngress.set_pred_1_2_3_4_5_6_7
runtime data:        00	00	02	03	02	02	02
Entry has been added with handle 333
RuntimeCmd: Adding entry to ternary match table MyIngress.tb_hwimo_tree_1_2_3_4_5_6_7
match key:           TERNARY-00:e0:40:40 &&& 00:f8:70:73
action:              MyIngress.set_pred_1_2_3_4_5_6_7
runtime data:        01	00	00	00	02	02	01
Entry has been added with handle 334
RuntimeCmd: Adding entry to ternary match table MyIngress.tb_hwimo_tree_1_2_3_4_5_6_7
match key:           TERNARY-00:e0:40:60 &&& 00:f8:70:73
action:              MyIngress.set_pred_1_2_3_4_5_6_7
runtime data:        01	00	03	01	02	01	02
Entry has been added with handle 335
RuntimeCmd: Adding entry to ternary match table MyIngress.tb_hwimo_tree_1_2_3_4_5_6_7
match key:           TERNARY-00:80:40:10 &&& 00:b8:70:73
action:              MyIngress.set_pred_1_2_3_4_5_6_7
runtime data:        01	00	01	02	01	01	01
Entry has been added with handle 336
RuntimeCmd: Adding entry to ternary match table MyIngress.tb_hwimo_tree_1_2_3_4_5_6_7
match key:           TERNARY-00:a0:40:10 &&& 01:b8:70:73
action:              MyIngress.set_pred_1_2_3_4_5_6_7
runtime data:        01	00	01	02	01	01	01
Entry has been added with handle 337
RuntimeCmd: Adding entry to ternary match table MyIngress.tb_hwimo_tree_1_2_3_4_5_6_7
match key:           TERNARY-01:a0:40:10 &&& 01:b8:70:73
action:              MyIngress.set_pred_1_2_3_4_5_6_7
runtime data:        01	00	01	02	01	01	01
Entry has been added with handle 338
RuntimeCmd: Adding entry to ternary match table MyIngress.tb_hwimo_tree_1_2_3_4_5_6_7
match key:           TERNARY-00:80:40:30 &&& 00:d8:70:73
action:              MyIngress.set_pred_1_2_3_4_5_6_7
runtime data:        01	00	01	02	01	01	01
Entry has been added with handle 339
RuntimeCmd: Adding entry to ternary match table MyIngress.tb_hwimo_tree_1_2_3_4_5_6_7
match key:           TERNARY-00:c0:40:30 &&& 00:d8:70:73
action:              MyIngress.set_pred_1_2_3_4_5_6_7
runtime data:        01	00	01	02	01	02	00
Entry has been added with handle 340
RuntimeCmd: Adding entry to ternary match table MyIngress.tb_hwimo_tree_1_2_3_4_5_6_7
match key:           TERNARY-00:80:40:50 &&& 00:f8:70:53
action:              MyIngress.set_pred_1_2_3_4_5_6_7
runtime data:        01	00	03	01	02	01	02
Entry has been added with handle 341
RuntimeCmd: Adding entry to ternary match table MyIngress.tb_hwimo_tree_1_2_3_4_5_6_7
match key:           TERNARY-00:c0:40:50 &&& 00:f8:70:53
action:              MyIngress.set_pred_1_2_3_4_5_6_7
runtime data:        01	00	03	01	01	01	01
Entry has been added with handle 342
RuntimeCmd: Adding entry to ternary match table MyIngress.tb_hwimo_tree_1_2_3_4_5_6_7
match key:           TERNARY-00:a0:40:50 &&& 00:b8:70:53
action:              MyIngress.set_pred_1_2_3_4_5_6_7
runtime data:        01	00	03	01	01	01	01
Entry has been added with handle 343
RuntimeCmd: Adding entry to ternary match table MyIngress.tb_hwimo_tree_1_2_3_4_5_6_7
match key:           TERNARY-00:90:40:00 &&& 01:f8:70:73
action:              MyIngress.set_pred_1_2_3_4_5_6_7
runtime data:        00	00	04	06	01	02	01
Entry has been added with handle 344
RuntimeCmd: Adding entry to ternary match table MyIngress.tb_hwimo_tree_1_2_3_4_5_6_7
match key:           TERNARY-01:90:40:00 &&& 01:f8:70:73
action:              MyIngress.set_pred_1_2_3_4_5_6_7
runtime data:        00	00	04	06	01	02	01
Entry has been added with handle 345
RuntimeCmd: Adding entry to ternary match table MyIngress.tb_hwimo_tree_1_2_3_4_5_6_7
match key:           TERNARY-00:d0:40:00 &&& 01:f8:70:73
action:              MyIngress.set_pred_1_2_3_4_5_6_7
runtime data:        00	00	04	02	01	01	01
Entry has been added with handle 346
RuntimeCmd: Adding entry to ternary match table MyIngress.tb_hwimo_tree_1_2_3_4_5_6_7
match key:           TERNARY-01:d0:40:00 &&& 01:f8:70:73
action:              MyIngress.set_pred_1_2_3_4_5_6_7
runtime data:        00	00	04	06	02	01	01
Entry has been added with handle 347
RuntimeCmd: Adding entry to ternary match table MyIngress.tb_hwimo_tree_1_2_3_4_5_6_7
match key:           TERNARY-00:90:40:10 &&& 00:b8:70:73
action:              MyIngress.set_pred_1_2_3_4_5_6_7
runtime data:        01	00	01	02	01	01	01
Entry has been added with handle 348
RuntimeCmd: Adding entry to ternary match table MyIngress.tb_hwimo_tree_1_2_3_4_5_6_7
match key:           TERNARY-00:b0:40:00 &&& 01:f8:70:63
action:              MyIngress.set_pred_1_2_3_4_5_6_7
runtime data:        01	00	01	02	01	01	01
Entry has been added with handle 349
RuntimeCmd: Adding entry to ternary match table MyIngress.tb_hwimo_tree_1_2_3_4_5_6_7
match key:           TERNARY-01:b0:40:00 &&& 01:f8:70:63
action:              MyIngress.set_pred_1_2_3_4_5_6_7
runtime data:        00	00	04	05	02	01	01
Entry has been added with handle 350
RuntimeCmd: Adding entry to ternary match table MyIngress.tb_hwimo_tree_1_2_3_4_5_6_7
match key:           TERNARY-00:f0:40:00 &&& 01:f8:70:63
action:              MyIngress.set_pred_1_2_3_4_5_6_7
runtime data:        00	00	01	02	01	01	01
Entry has been added with handle 351
RuntimeCmd: Adding entry to ternary match table MyIngress.tb_hwimo_tree_1_2_3_4_5_6_7
match key:           TERNARY-01:f0:40:00 &&& 01:f8:70:63
action:              MyIngress.set_pred_1_2_3_4_5_6_7
runtime data:        00	00	01	02	01	01	01
Entry has been added with handle 352
RuntimeCmd: Adding entry to ternary match table MyIngress.tb_hwimo_tree_1_2_3_4_5_6_7
match key:           TERNARY-00:90:40:20 &&& 01:98:70:63
action:              MyIngress.set_pred_1_2_3_4_5_6_7
runtime data:        01	00	00	00	02	02	01
Entry has been added with handle 353
RuntimeCmd: Adding entry to ternary match table MyIngress.tb_hwimo_tree_1_2_3_4_5_6_7
match key:           TERNARY-01:90:40:20 &&& 01:98:70:63
action:              MyIngress.set_pred_1_2_3_4_5_6_7
runtime data:        01	00	01	02	02	02	01
Entry has been added with handle 354
RuntimeCmd: Adding entry to ternary match table MyIngress.tb_hwimo_tree_1_2_3_4_5_6_7
match key:           TERNARY-00:90:40:40 &&& 00:f8:70:43
action:              MyIngress.set_pred_1_2_3_4_5_6_7
runtime data:        01	00	00	00	02	02	01
Entry has been added with handle 355
RuntimeCmd: Adding entry to ternary match table MyIngress.tb_hwimo_tree_1_2_3_4_5_6_7
match key:           TERNARY-00:d0:40:40 &&& 00:f8:70:73
action:              MyIngress.set_pred_1_2_3_4_5_6_7
runtime data:        01	00	00	00	02	02	01
Entry has been added with handle 356
RuntimeCmd: Adding entry to ternary match table MyIngress.tb_hwimo_tree_1_2_3_4_5_6_7
match key:           TERNARY-00:d0:40:60 &&& 00:f8:70:73
action:              MyIngress.set_pred_1_2_3_4_5_6_7
runtime data:        01	00	02	03	02	01	02
Entry has been added with handle 357
RuntimeCmd: Adding entry to ternary match table MyIngress.tb_hwimo_tree_1_2_3_4_5_6_7
match key:           TERNARY-00:d0:40:50 &&& 00:f8:70:53
action:              MyIngress.set_pred_1_2_3_4_5_6_7
runtime data:        01	00	02	03	02	01	02
Entry has been added with handle 358
RuntimeCmd: Adding entry to ternary match table MyIngress.tb_hwimo_tree_1_2_3_4_5_6_7
match key:           TERNARY-00:b0:40:40 &&& 00:f8:70:43
action:              MyIngress.set_pred_1_2_3_4_5_6_7
runtime data:        01	00	03	01	02	01	01
Entry has been added with handle 359
RuntimeCmd: Adding entry to ternary match table MyIngress.tb_hwimo_tree_1_2_3_4_5_6_7
match key:           TERNARY-00:f0:40:40 &&& 00:f8:70:43
action:              MyIngress.set_pred_1_2_3_4_5_6_7
runtime data:        01	00	03	01	02	01	02
Entry has been added with handle 360
RuntimeCmd: Adding entry to ternary match table MyIngress.tb_hwimo_tree_1_2_3_4_5_6_7
match key:           TERNARY-00:80:50:00 &&& 03:f8:70:43
action:              MyIngress.set_pred_1_2_3_4_5_6_7
runtime data:        00	00	00	06	01	01	01
Entry has been added with handle 361
RuntimeCmd: Adding entry to ternary match table MyIngress.tb_hwimo_tree_1_2_3_4_5_6_7
match key:           TERNARY-01:80:50:00 &&& 03:f8:70:43
action:              MyIngress.set_pred_1_2_3_4_5_6_7
runtime data:        01	00	01	02	01	01	01
Entry has been added with handle 362
RuntimeCmd: Adding entry to ternary match table MyIngress.tb_hwimo_tree_1_2_3_4_5_6_7
match key:           TERNARY-00:80:50:40 &&& 02:f8:70:43
action:              MyIngress.set_pred_1_2_3_4_5_6_7
runtime data:        01	00	00	00	02	01	02
Entry has been added with handle 363
RuntimeCmd: Adding entry to ternary match table MyIngress.tb_hwimo_tree_1_2_3_4_5_6_7
match key:           TERNARY-00:c0:50:00 &&& 02:f8:70:03
action:              MyIngress.set_pred_1_2_3_4_5_6_7
runtime data:        01	00	03	01	02	01	01
Entry has been added with handle 364
RuntimeCmd: Adding entry to ternary match table MyIngress.tb_hwimo_tree_1_2_3_4_5_6_7
match key:           TERNARY-02:80:50:00 &&& 02:b8:70:03
action:              MyIngress.set_pred_1_2_3_4_5_6_7
runtime data:        00	01	04	06	02	02	02
Entry has been added with handle 365
RuntimeCmd: Adding entry to ternary match table MyIngress.tb_hwimo_tree_1_2_3_4_5_6_7
match key:           TERNARY-00:a0:50:00 &&& 00:f8:70:03
action:              MyIngress.set_pred_1_2_3_4_5_6_7
runtime data:        00	00	01	02	02	01	02
Entry has been added with handle 366
RuntimeCmd: Adding entry to ternary match table MyIngress.tb_hwimo_tree_1_2_3_4_5_6_7
match key:           TERNARY-00:e0:50:00 &&& 00:f8:70:03
action:              MyIngress.set_pred_1_2_3_4_5_6_7
runtime data:        00	00	01	02	02	01	02
Entry has been added with handle 367
RuntimeCmd: Adding entry to ternary match table MyIngress.tb_hwimo_tree_1_2_3_4_5_6_7
match key:           TERNARY-00:90:50:00 &&& 00:f8:70:43
action:              MyIngress.set_pred_1_2_3_4_5_6_7
runtime data:        00	00	00	00	01	01	01
Entry has been added with handle 368
RuntimeCmd: Adding entry to ternary match table MyIngress.tb_hwimo_tree_1_2_3_4_5_6_7
match key:           TERNARY-00:b0:50:00 &&& 00:f8:70:43
action:              MyIngress.set_pred_1_2_3_4_5_6_7
runtime data:        01	00	01	02	01	01	01
Entry has been added with handle 369
RuntimeCmd: Adding entry to ternary match table MyIngress.tb_hwimo_tree_1_2_3_4_5_6_7
match key:           TERNARY-00:d0:50:00 &&& 00:f8:70:43
action:              MyIngress.set_pred_1_2_3_4_5_6_7
runtime data:        01	00	03	01	02	01	02
Entry has been added with handle 370
RuntimeCmd: Adding entry to ternary match table MyIngress.tb_hwimo_tree_1_2_3_4_5_6_7
match key:           TERNARY-00:f0:50:00 &&& 00:f8:70:43
action:              MyIngress.set_pred_1_2_3_4_5_6_7
runtime data:        00	00	04	06	01	01	01
Entry has been added with handle 371
RuntimeCmd: Adding entry to ternary match table MyIngress.tb_hwimo_tree_1_2_3_4_5_6_7
match key:           TERNARY-00:90:50:40 &&& 02:98:70:43
action:              MyIngress.set_pred_1_2_3_4_5_6_7
runtime data:        01	00	00	00	01	02	01
Entry has been added with handle 372
RuntimeCmd: Adding entry to ternary match table MyIngress.tb_hwimo_tree_1_2_3_4_5_6_7
match key:           TERNARY-02:90:50:40 &&& 02:98:70:43
action:              MyIngress.set_pred_1_2_3_4_5_6_7
runtime data:        00	01	04	06	02	02	02
Entry has been added with handle 373
RuntimeCmd: Adding entry to ternary match table MyIngress.tb_hwimo_tree_1_2_3_4_5_6_7
match key:           TERNARY-00:80:60:00 &&& 00:f8:60:13
action:              MyIngress.set_pred_1_2_3_4_5_6_7
runtime data:        00	00	04	06	01	02	01
Entry has been added with handle 374
RuntimeCmd: Adding entry to ternary match table MyIngress.tb_hwimo_tree_1_2_3_4_5_6_7
match key:           TERNARY-00:c0:60:00 &&& 00:f8:60:13
action:              MyIngress.set_pred_1_2_3_4_5_6_7
runtime data:        00	00	04	06	02	02	01
Entry has been added with handle 375
RuntimeCmd: Adding entry to ternary match table MyIngress.tb_hwimo_tree_1_2_3_4_5_6_7
match key:           TERNARY-00:a0:60:00 &&& 01:f8:60:13
action:              MyIngress.set_pred_1_2_3_4_5_6_7
runtime data:        00	00	04	06	01	02	01
Entry has been added with handle 376
RuntimeCmd: Adding entry to ternary match table MyIngress.tb_hwimo_tree_1_2_3_4_5_6_7
match key:           TERNARY-01:a0:60:00 &&& 01:f8:60:13
action:              MyIngress.set_pred_1_2_3_4_5_6_7
runtime data:        00	00	04	06	01	02	01
Entry has been added with handle 377
RuntimeCmd: Adding entry to ternary match table MyIngress.tb_hwimo_tree_1_2_3_4_5_6_7
match key:           TERNARY-00:e0:60:00 &&& 01:f8:60:13
action:              MyIngress.set_pred_1_2_3_4_5_6_7
runtime data:        00	00	04	06	01	01	01
Entry has been added with handle 378
RuntimeCmd: Adding entry to ternary match table MyIngress.tb_hwimo_tree_1_2_3_4_5_6_7
match key:           TERNARY-01:e0:60:00 &&& 01:f8:60:13
action:              MyIngress.set_pred_1_2_3_4_5_6_7
runtime data:        00	00	04	06	02	02	01
Entry has been added with handle 379
RuntimeCmd: Adding entry to ternary match table MyIngress.tb_hwimo_tree_1_2_3_4_5_6_7
match key:           TERNARY-00:90:60:00 &&& 01:b8:60:13
action:              MyIngress.set_pred_1_2_3_4_5_6_7
runtime data:        00	00	04	06	01	02	01
Entry has been added with handle 380
RuntimeCmd: Adding entry to ternary match table MyIngress.tb_hwimo_tree_1_2_3_4_5_6_7
match key:           TERNARY-00:b0:60:00 &&& 01:f8:60:13
action:              MyIngress.set_pred_1_2_3_4_5_6_7
runtime data:        00	00	04	06	01	01	01
Entry has been added with handle 381
RuntimeCmd: Adding entry to ternary match table MyIngress.tb_hwimo_tree_1_2_3_4_5_6_7
match key:           TERNARY-00:f0:60:00 &&& 01:f8:60:13
action:              MyIngress.set_pred_1_2_3_4_5_6_7
runtime data:        00	00	04	06	01	01	01
Entry has been added with handle 382
RuntimeCmd: Adding entry to ternary match table MyIngress.tb_hwimo_tree_1_2_3_4_5_6_7
match key:           TERNARY-01:90:60:00 &&& 01:b8:60:13
action:              MyIngress.set_pred_1_2_3_4_5_6_7
runtime data:        00	00	04	06	01	01	01
Entry has been added with handle 383
RuntimeCmd: Adding entry to ternary match table MyIngress.tb_hwimo_tree_1_2_3_4_5_6_7
match key:           TERNARY-01:b0:60:00 &&& 01:f8:60:13
action:              MyIngress.set_pred_1_2_3_4_5_6_7
runtime data:        00	00	04	06	02	02	01
Entry has been added with handle 384
RuntimeCmd: Adding entry to ternary match table MyIngress.tb_hwimo_tree_1_2_3_4_5_6_7
match key:           TERNARY-01:f0:60:00 &&& 01:f8:60:13
action:              MyIngress.set_pred_1_2_3_4_5_6_7
runtime data:        00	00	04	06	02	02	02
Entry has been added with handle 385
RuntimeCmd: Adding entry to ternary match table MyIngress.tb_hwimo_tree_1_2_3_4_5_6_7
match key:           TERNARY-00:80:60:10 &&& 00:88:60:13
action:              MyIngress.set_pred_1_2_3_4_5_6_7
runtime data:        01	00	01	02	01	01	01
Entry has been added with handle 386
RuntimeCmd: Adding entry to ternary match table MyIngress.tb_hwimo_tree_1_2_3_4_5_6_7
match key:           TERNARY-00:88:40:00 &&& 01:f8:70:53
action:              MyIngress.set_pred_1_2_3_4_5_6_7
runtime data:        00	00	01	02	01	01	01
Entry has been added with handle 387
RuntimeCmd: Adding entry to ternary match table MyIngress.tb_hwimo_tree_1_2_3_4_5_6_7
match key:           TERNARY-01:88:40:00 &&& 01:f8:70:53
action:              MyIngress.set_pred_1_2_3_4_5_6_7
runtime data:        01	00	02	03	01	02	01
Entry has been added with handle 388
RuntimeCmd: Adding entry to ternary match table MyIngress.tb_hwimo_tree_1_2_3_4_5_6_7
match key:           TERNARY-00:88:50:00 &&& 01:f8:70:53
action:              MyIngress.set_pred_1_2_3_4_5_6_7
runtime data:        01	00	02	03	01	01	01
Entry has been added with handle 389
RuntimeCmd: Adding entry to ternary match table MyIngress.tb_hwimo_tree_1_2_3_4_5_6_7
match key:           TERNARY-01:88:50:00 &&& 01:f8:70:53
action:              MyIngress.set_pred_1_2_3_4_5_6_7
runtime data:        00	00	01	02	02	01	02
Entry has been added with handle 390
RuntimeCmd: Adding entry to ternary match table MyIngress.tb_hwimo_tree_1_2_3_4_5_6_7
match key:           TERNARY-00:88:60:00 &&& 01:f8:60:53
action:              MyIngress.set_pred_1_2_3_4_5_6_7
runtime data:        00	00	04	06	01	02	01
Entry has been added with handle 391
RuntimeCmd: Adding entry to ternary match table MyIngress.tb_hwimo_tree_1_2_3_4_5_6_7
match key:           TERNARY-01:88:60:00 &&& 01:f8:60:53
action:              MyIngress.set_pred_1_2_3_4_5_6_7
runtime data:        00	00	04	06	01	02	01
Entry has been added with handle 392
RuntimeCmd: Adding entry to ternary match table MyIngress.tb_hwimo_tree_1_2_3_4_5_6_7
match key:           TERNARY-00:98:40:00 &&& 00:f8:70:53
action:              MyIngress.set_pred_1_2_3_4_5_6_7
runtime data:        00	00	01	02	01	01	01
Entry has been added with handle 393
RuntimeCmd: Adding entry to ternary match table MyIngress.tb_hwimo_tree_1_2_3_4_5_6_7
match key:           TERNARY-00:98:60:00 &&& 00:f8:70:53
action:              MyIngress.set_pred_1_2_3_4_5_6_7
runtime data:        00	00	04	06	01	02	01
Entry has been added with handle 394
RuntimeCmd: Adding entry to ternary match table MyIngress.tb_hwimo_tree_1_2_3_4_5_6_7
match key:           TERNARY-00:98:50:00 &&& 01:f8:50:53
action:              MyIngress.set_pred_1_2_3_4_5_6_7
runtime data:        01	00	00	00	01	00	01
Entry has been added with handle 395
RuntimeCmd: Adding entry to ternary match table MyIngress.tb_hwimo_tree_1_2_3_4_5_6_7
match key:           TERNARY-01:98:50:00 &&& 01:f8:50:53
action:              MyIngress.set_pred_1_2_3_4_5_6_7
runtime data:        01	00	00	00	01	00	01
Entry has been added with handle 396
RuntimeCmd: Adding entry to ternary match table MyIngress.tb_hwimo_tree_1_2_3_4_5_6_7
match key:           TERNARY-00:a8:40:00 &&& 01:f8:70:53
action:              MyIngress.set_pred_1_2_3_4_5_6_7
runtime data:        00	00	01	02	02	01	02
Entry has been added with handle 397
RuntimeCmd: Adding entry to ternary match table MyIngress.tb_hwimo_tree_1_2_3_4_5_6_7
match key:           TERNARY-00:a8:50:00 &&& 01:f8:70:53
action:              MyIngress.set_pred_1_2_3_4_5_6_7
runtime data:        00	00	01	02	02	01	02
Entry has been added with handle 398
RuntimeCmd: Adding entry to ternary match table MyIngress.tb_hwimo_tree_1_2_3_4_5_6_7
match key:           TERNARY-00:a8:60:00 &&& 01:f8:60:53
action:              MyIngress.set_pred_1_2_3_4_5_6_7
runtime data:        00	00	04	06	01	02	01
Entry has been added with handle 399
RuntimeCmd: Adding entry to ternary match table MyIngress.tb_hwimo_tree_1_2_3_4_5_6_7
match key:           TERNARY-01:a8:40:00 &&& 01:f8:40:53
action:              MyIngress.set_pred_1_2_3_4_5_6_7
runtime data:        00	00	00	04	02	02	01
Entry has been added with handle 400
RuntimeCmd: Adding entry to ternary match table MyIngress.tb_hwimo_tree_1_2_3_4_5_6_7
match key:           TERNARY-00:b8:40:00 &&& 01:f8:70:53
action:              MyIngress.set_pred_1_2_3_4_5_6_7
runtime data:        00	00	01	02	01	01	01
Entry has been added with handle 401
RuntimeCmd: Adding entry to ternary match table MyIngress.tb_hwimo_tree_1_2_3_4_5_6_7
match key:           TERNARY-00:b8:60:00 &&& 01:f8:70:53
action:              MyIngress.set_pred_1_2_3_4_5_6_7
runtime data:        00	00	04	06	01	02	01
Entry has been added with handle 402
RuntimeCmd: Adding entry to ternary match table MyIngress.tb_hwimo_tree_1_2_3_4_5_6_7
match key:           TERNARY-01:b8:40:00 &&& 01:f8:70:53
action:              MyIngress.set_pred_1_2_3_4_5_6_7
runtime data:        00	00	04	05	02	02	01
Entry has been added with handle 403
RuntimeCmd: Adding entry to ternary match table MyIngress.tb_hwimo_tree_1_2_3_4_5_6_7
match key:           TERNARY-01:b8:60:00 &&& 01:f8:70:53
action:              MyIngress.set_pred_1_2_3_4_5_6_7
runtime data:        00	00	04	06	01	01	01
Entry has been added with handle 404
RuntimeCmd: Adding entry to ternary match table MyIngress.tb_hwimo_tree_1_2_3_4_5_6_7
match key:           TERNARY-00:b8:50:00 &&& 00:f8:50:53
action:              MyIngress.set_pred_1_2_3_4_5_6_7
runtime data:        01	00	02	03	02	01	02
Entry has been added with handle 405
RuntimeCmd: Adding entry to ternary match table MyIngress.tb_hwimo_tree_1_2_3_4_5_6_7
match key:           TERNARY-00:c8:40:00 &&& 01:f8:70:53
action:              MyIngress.set_pred_1_2_3_4_5_6_7
runtime data:        00	00	02	03	01	01	01
Entry has been added with handle 406
RuntimeCmd: Adding entry to ternary match table MyIngress.tb_hwimo_tree_1_2_3_4_5_6_7
match key:           TERNARY-01:c8:40:00 &&& 01:f8:70:53
action:              MyIngress.set_pred_1_2_3_4_5_6_7
runtime data:        01	00	02	03	01	02	01
Entry has been added with handle 407
RuntimeCmd: Adding entry to ternary match table MyIngress.tb_hwimo_tree_1_2_3_4_5_6_7
match key:           TERNARY-00:c8:60:00 &&& 01:f8:70:53
action:              MyIngress.set_pred_1_2_3_4_5_6_7
runtime data:        00	00	04	06	01	02	01
Entry has been added with handle 408
RuntimeCmd: Adding entry to ternary match table MyIngress.tb_hwimo_tree_1_2_3_4_5_6_7
match key:           TERNARY-01:c8:60:00 &&& 01:f8:70:53
action:              MyIngress.set_pred_1_2_3_4_5_6_7
runtime data:        00	00	04	05	01	01	01
Entry has been added with handle 409
RuntimeCmd: Adding entry to ternary match table MyIngress.tb_hwimo_tree_1_2_3_4_5_6_7
match key:           TERNARY-00:d8:40:00 &&& 01:f8:70:53
action:              MyIngress.set_pred_1_2_3_4_5_6_7
runtime data:        00	00	04	05	01	01	01
Entry has been added with handle 410
RuntimeCmd: Adding entry to ternary match table MyIngress.tb_hwimo_tree_1_2_3_4_5_6_7
match key:           TERNARY-00:d8:60:00 &&& 01:f8:70:53
action:              MyIngress.set_pred_1_2_3_4_5_6_7
runtime data:        00	00	04	06	01	01	01
Entry has been added with handle 411
RuntimeCmd: Adding entry to ternary match table MyIngress.tb_hwimo_tree_1_2_3_4_5_6_7
match key:           TERNARY-01:d8:40:00 &&& 01:f8:50:53
action:              MyIngress.set_pred_1_2_3_4_5_6_7
runtime data:        00	00	01	02	02	02	02
Entry has been added with handle 412
RuntimeCmd: Adding entry to ternary match table MyIngress.tb_hwimo_tree_1_2_3_4_5_6_7
match key:           TERNARY-00:c8:50:00 &&& 00:f8:50:53
action:              MyIngress.set_pred_1_2_3_4_5_6_7
runtime data:        01	00	02	03	01	02	01
Entry has been added with handle 413
RuntimeCmd: Adding entry to ternary match table MyIngress.tb_hwimo_tree_1_2_3_4_5_6_7
match key:           TERNARY-00:d8:50:00 &&& 00:f8:50:53
action:              MyIngress.set_pred_1_2_3_4_5_6_7
runtime data:        01	00	03	01	01	01	01
Entry has been added with handle 414
RuntimeCmd: Adding entry to ternary match table MyIngress.tb_hwimo_tree_1_2_3_4_5_6_7
match key:           TERNARY-00:e8:40:00 &&& 01:f8:70:73
action:              MyIngress.set_pred_1_2_3_4_5_6_7
runtime data:        00	00	04	02	01	02	01
Entry has been added with handle 415
RuntimeCmd: Adding entry to ternary match table MyIngress.tb_hwimo_tree_1_2_3_4_5_6_7
match key:           TERNARY-00:f8:40:00 &&& 01:f8:70:73
action:              MyIngress.set_pred_1_2_3_4_5_6_7
runtime data:        00	00	04	06	01	02	01
Entry has been added with handle 416
RuntimeCmd: Adding entry to ternary match table MyIngress.tb_hwimo_tree_1_2_3_4_5_6_7
match key:           TERNARY-00:e8:50:00 &&& 01:f8:70:73
action:              MyIngress.set_pred_1_2_3_4_5_6_7
runtime data:        00	00	04	06	01	02	01
Entry has been added with handle 417
RuntimeCmd: Adding entry to ternary match table MyIngress.tb_hwimo_tree_1_2_3_4_5_6_7
match key:           TERNARY-00:f8:50:00 &&& 01:f8:70:73
action:              MyIngress.set_pred_1_2_3_4_5_6_7
runtime data:        01	00	01	02	01	02	01
Entry has been added with handle 418
RuntimeCmd: Adding entry to ternary match table MyIngress.tb_hwimo_tree_1_2_3_4_5_6_7
match key:           TERNARY-00:e8:60:00 &&& 01:f8:60:73
action:              MyIngress.set_pred_1_2_3_4_5_6_7
runtime data:        00	00	04	06	02	02	01
Entry has been added with handle 419
RuntimeCmd: Adding entry to ternary match table MyIngress.tb_hwimo_tree_1_2_3_4_5_6_7
match key:           TERNARY-00:f8:60:00 &&& 01:f8:60:73
action:              MyIngress.set_pred_1_2_3_4_5_6_7
runtime data:        00	00	04	06	01	02	01
Entry has been added with handle 420
RuntimeCmd: Adding entry to ternary match table MyIngress.tb_hwimo_tree_1_2_3_4_5_6_7
match key:           TERNARY-00:e8:40:20 &&& 01:e8:40:73
action:              MyIngress.set_pred_1_2_3_4_5_6_7
runtime data:        01	00	00	00	01	02	00
Entry has been added with handle 421
RuntimeCmd: Adding entry to ternary match table MyIngress.tb_hwimo_tree_1_2_3_4_5_6_7
match key:           TERNARY-01:e8:40:00 &&& 01:f8:50:53
action:              MyIngress.set_pred_1_2_3_4_5_6_7
runtime data:        00	00	00	00	01	02	01
Entry has been added with handle 422
RuntimeCmd: Adding entry to ternary match table MyIngress.tb_hwimo_tree_1_2_3_4_5_6_7
match key:           TERNARY-01:f8:40:00 &&& 01:f8:50:53
action:              MyIngress.set_pred_1_2_3_4_5_6_7
runtime data:        00	00	04	06	01	02	01
Entry has been added with handle 423
RuntimeCmd: Adding entry to ternary match table MyIngress.tb_hwimo_tree_1_2_3_4_5_6_7
match key:           TERNARY-01:e8:50:00 &&& 01:e8:50:53
action:              MyIngress.set_pred_1_2_3_4_5_6_7
runtime data:        00	00	00	04	02	02	01
Entry has been added with handle 424
RuntimeCmd: Adding entry to ternary match table MyIngress.tb_hwimo_tree_1_2_3_4_5_6_7
match key:           TERNARY-00:88:40:10 &&& 00:f8:40:73
action:              MyIngress.set_pred_1_2_3_4_5_6_7
runtime data:        01	00	01	02	01	01	01
Entry has been added with handle 425
RuntimeCmd: Adding entry to ternary match table MyIngress.tb_hwimo_tree_1_2_3_4_5_6_7
match key:           TERNARY-00:c8:40:10 &&& 00:f8:40:73
action:              MyIngress.set_pred_1_2_3_4_5_6_7
runtime data:        01	00	01	02	01	01	01
Entry has been added with handle 426
RuntimeCmd: Adding entry to ternary match table MyIngress.tb_hwimo_tree_1_2_3_4_5_6_7
match key:           TERNARY-00:98:40:10 &&& 00:b8:40:73
action:              MyIngress.set_pred_1_2_3_4_5_6_7
runtime data:        01	00	01	02	01	01	01
Entry has been added with handle 427
RuntimeCmd: Adding entry to ternary match table MyIngress.tb_hwimo_tree_1_2_3_4_5_6_7
match key:           TERNARY-00:a8:40:10 &&& 00:e8:40:73
action:              MyIngress.set_pred_1_2_3_4_5_6_7
runtime data:        01	00	01	02	01	01	01
Entry has been added with handle 428
RuntimeCmd: Adding entry to ternary match table MyIngress.tb_hwimo_tree_1_2_3_4_5_6_7
match key:           TERNARY-00:e8:40:10 &&& 01:e8:40:73
action:              MyIngress.set_pred_1_2_3_4_5_6_7
runtime data:        01	00	01	02	01	01	01
Entry has been added with handle 429
RuntimeCmd: Adding entry to ternary match table MyIngress.tb_hwimo_tree_1_2_3_4_5_6_7
match key:           TERNARY-01:e8:40:10 &&& 01:e8:40:73
action:              MyIngress.set_pred_1_2_3_4_5_6_7
runtime data:        01	00	01	02	01	01	01
Entry has been added with handle 430
RuntimeCmd: Adding entry to ternary match table MyIngress.tb_hwimo_tree_1_2_3_4_5_6_7
match key:           TERNARY-00:88:40:30 &&& 01:e8:60:73
action:              MyIngress.set_pred_1_2_3_4_5_6_7
runtime data:        01	00	01	02	01	02	00
Entry has been added with handle 431
RuntimeCmd: Adding entry to ternary match table MyIngress.tb_hwimo_tree_1_2_3_4_5_6_7
match key:           TERNARY-01:88:40:30 &&& 01:e8:60:73
action:              MyIngress.set_pred_1_2_3_4_5_6_7
runtime data:        01	00	01	02	02	02	01
Entry has been added with handle 432
RuntimeCmd: Adding entry to ternary match table MyIngress.tb_hwimo_tree_1_2_3_4_5_6_7
match key:           TERNARY-00:a8:40:30 &&& 00:e8:60:73
action:              MyIngress.set_pred_1_2_3_4_5_6_7
runtime data:        01	00	01	02	02	02	01
Entry has been added with handle 433
RuntimeCmd: Adding entry to ternary match table MyIngress.tb_hwimo_tree_1_2_3_4_5_6_7
match key:           TERNARY-00:c8:40:30 &&& 00:e8:60:73
action:              MyIngress.set_pred_1_2_3_4_5_6_7
runtime data:        01	00	01	02	01	02	01
Entry has been added with handle 434
RuntimeCmd: Adding entry to ternary match table MyIngress.tb_hwimo_tree_1_2_3_4_5_6_7
match key:           TERNARY-00:e8:40:30 &&& 00:e8:60:73
action:              MyIngress.set_pred_1_2_3_4_5_6_7
runtime data:        01	00	01	02	01	02	01
Entry has been added with handle 435
RuntimeCmd: Adding entry to ternary match table MyIngress.tb_hwimo_tree_1_2_3_4_5_6_7
match key:           TERNARY-00:88:60:30 &&& 00:88:60:73
action:              MyIngress.set_pred_1_2_3_4_5_6_7
runtime data:        01	00	01	02	01	01	01
Entry has been added with handle 436
RuntimeCmd: Adding entry to ternary match table MyIngress.tb_hwimo_tree_1_2_3_4_5_6_7
match key:           TERNARY-00:88:40:40 &&& 00:e8:70:53
action:              MyIngress.set_pred_1_2_3_4_5_6_7
runtime data:        01	00	02	03	01	02	01
Entry has been added with handle 437
RuntimeCmd: Adding entry to ternary match table MyIngress.tb_hwimo_tree_1_2_3_4_5_6_7
match key:           TERNARY-00:c8:40:40 &&& 00:e8:70:53
action:              MyIngress.set_pred_1_2_3_4_5_6_7
runtime data:        01	00	02	03	01	02	01
Entry has been added with handle 438
RuntimeCmd: Adding entry to ternary match table MyIngress.tb_hwimo_tree_1_2_3_4_5_6_7
match key:           TERNARY-00:88:40:50 &&& 00:f8:70:73
action:              MyIngress.set_pred_1_2_3_4_5_6_7
runtime data:        01	00	02	03	01	01	01
Entry has been added with handle 439
RuntimeCmd: Adding entry to ternary match table MyIngress.tb_hwimo_tree_1_2_3_4_5_6_7
match key:           TERNARY-00:98:40:50 &&& 00:f8:70:73
action:              MyIngress.set_pred_1_2_3_4_5_6_7
runtime data:        01	00	02	03	01	01	01
Entry has been added with handle 440
RuntimeCmd: Adding entry to ternary match table MyIngress.tb_hwimo_tree_1_2_3_4_5_6_7
match key:           TERNARY-00:c8:40:50 &&& 00:f8:70:73
action:              MyIngress.set_pred_1_2_3_4_5_6_7
runtime data:        01	00	02	03	01	01	01
Entry has been added with handle 441
RuntimeCmd: Adding entry to ternary match table MyIngress.tb_hwimo_tree_1_2_3_4_5_6_7
match key:           TERNARY-00:d8:40:50 &&& 00:f8:70:73
action:              MyIngress.set_pred_1_2_3_4_5_6_7
runtime data:        01	00	02	03	01	01	01
Entry has been added with handle 442
RuntimeCmd: Adding entry to ternary match table MyIngress.tb_hwimo_tree_1_2_3_4_5_6_7
match key:           TERNARY-00:88:40:70 &&& 00:b8:70:73
action:              MyIngress.set_pred_1_2_3_4_5_6_7
runtime data:        01	00	03	01	02	01	02
Entry has been added with handle 443
RuntimeCmd: Adding entry to ternary match table MyIngress.tb_hwimo_tree_1_2_3_4_5_6_7
match key:           TERNARY-00:98:40:70 &&& 00:b8:70:73
action:              MyIngress.set_pred_1_2_3_4_5_6_7
runtime data:        01	00	03	01	01	01	01
Entry has been added with handle 444
RuntimeCmd: Adding entry to ternary match table MyIngress.tb_hwimo_tree_1_2_3_4_5_6_7
match key:           TERNARY-00:a8:40:40 &&& 00:f8:70:43
action:              MyIngress.set_pred_1_2_3_4_5_6_7
runtime data:        01	00	03	01	01	01	01
Entry has been added with handle 445
RuntimeCmd: Adding entry to ternary match table MyIngress.tb_hwimo_tree_1_2_3_4_5_6_7
match key:           TERNARY-00:b8:40:40 &&& 00:f8:70:43
action:              MyIngress.set_pred_1_2_3_4_5_6_7
runtime data:        01	00	03	01	02	01	02
Entry has been added with handle 446
RuntimeCmd: Adding entry to ternary match table MyIngress.tb_hwimo_tree_1_2_3_4_5_6_7
match key:           TERNARY-00:e8:40:40 &&& 00:f8:70:53
action:              MyIngress.set_pred_1_2_3_4_5_6_7
runtime data:        01	00	03	01	02	01	02
Entry has been added with handle 447
RuntimeCmd: Adding entry to ternary match table MyIngress.tb_hwimo_tree_1_2_3_4_5_6_7
match key:           TERNARY-00:e8:40:50 &&& 00:f8:70:53
action:              MyIngress.set_pred_1_2_3_4_5_6_7
runtime data:        01	00	03	01	02	01	01
Entry has been added with handle 448
RuntimeCmd: Adding entry to ternary match table MyIngress.tb_hwimo_tree_1_2_3_4_5_6_7
match key:           TERNARY-00:f8:40:40 &&& 00:f8:70:43
action:              MyIngress.set_pred_1_2_3_4_5_6_7
runtime data:        01	00	03	01	02	01	01
Entry has been added with handle 449
RuntimeCmd: Adding entry to ternary match table MyIngress.tb_hwimo_tree_1_2_3_4_5_6_7
match key:           TERNARY-00:88:60:40 &&& 00:88:70:43
action:              MyIngress.set_pred_1_2_3_4_5_6_7
runtime data:        01	00	01	02	01	01	01
Entry has been added with handle 450
RuntimeCmd: Adding entry to ternary match table MyIngress.tb_hwimo_tree_1_2_3_4_5_6_7
match key:           TERNARY-00:88:50:40 &&& 00:a8:50:63
action:              MyIngress.set_pred_1_2_3_4_5_6_7
runtime data:        01	00	00	00	01	02	00
Entry has been added with handle 451
RuntimeCmd: Adding entry to ternary match table MyIngress.tb_hwimo_tree_1_2_3_4_5_6_7
match key:           TERNARY-00:88:50:60 &&& 00:f8:50:63
action:              MyIngress.set_pred_1_2_3_4_5_6_7
runtime data:        00	01	04	06	01	00	01
Entry has been added with handle 452
RuntimeCmd: Adding entry to ternary match table MyIngress.tb_hwimo_tree_1_2_3_4_5_6_7
match key:           TERNARY-00:98:50:60 &&& 00:f8:50:63
action:              MyIngress.set_pred_1_2_3_4_5_6_7
runtime data:        00	01	04	06	01	00	01
Entry has been added with handle 453
RuntimeCmd: Adding entry to ternary match table MyIngress.tb_hwimo_tree_1_2_3_4_5_6_7
match key:           TERNARY-00:c8:50:60 &&& 00:e8:50:63
action:              MyIngress.set_pred_1_2_3_4_5_6_7
runtime data:        00	01	04	06	02	02	02
Entry has been added with handle 454
RuntimeCmd: Adding entry to ternary match table MyIngress.tb_hwimo_tree_1_2_3_4_5_6_7
match key:           TERNARY-00:a8:50:40 &&& 00:f8:50:43
action:              MyIngress.set_pred_1_2_3_4_5_6_7
runtime data:        01	00	00	00	01	02	01
Entry has been added with handle 455
RuntimeCmd: Adding entry to ternary match table MyIngress.tb_hwimo_tree_1_2_3_4_5_6_7
match key:           TERNARY-00:e8:50:40 &&& 00:f8:50:43
action:              MyIngress.set_pred_1_2_3_4_5_6_7
runtime data:        01	00	00	00	01	02	01
Entry has been added with handle 456
RuntimeCmd: Adding entry to ternary match table MyIngress.tb_hwimo_tree_1_2_3_4_5_6_7
match key:           TERNARY-00:b8:50:40 &&& 00:b8:50:43
action:              MyIngress.set_pred_1_2_3_4_5_6_7
runtime data:        01	00	01	02	01	02	01
Entry has been added with handle 457
RuntimeCmd: Adding entry to ternary match table MyIngress.tb_hwimo_tree_1_2_3_4_5_6_7
match key:           TERNARY-00:00:40:01 &&& 01:f8:70:b3
action:              MyIngress.set_pred_1_2_3_4_5_6_7
runtime data:        00	00	04	05	02	01	01
Entry has been added with handle 458
RuntimeCmd: Adding entry to ternary match table MyIngress.tb_hwimo_tree_1_2_3_4_5_6_7
match key:           TERNARY-00:00:40:11 &&& 01:f8:70:b3
action:              MyIngress.set_pred_1_2_3_4_5_6_7
runtime data:        01	00	00	00	01	00	01
Entry has been added with handle 459
RuntimeCmd: Adding entry to ternary match table MyIngress.tb_hwimo_tree_1_2_3_4_5_6_7
match key:           TERNARY-01:00:40:01 &&& 01:f8:70:a3
action:              MyIngress.set_pred_1_2_3_4_5_6_7
runtime data:        00	00	04	05	01	01	01
Entry has been added with handle 460
RuntimeCmd: Adding entry to ternary match table MyIngress.tb_hwimo_tree_1_2_3_4_5_6_7
match key:           TERNARY-00:00:40:21 &&& 00:f8:70:e3
action:              MyIngress.set_pred_1_2_3_4_5_6_7
runtime data:        01	00	00	00	01	00	01
Entry has been added with handle 461
RuntimeCmd: Adding entry to ternary match table MyIngress.tb_hwimo_tree_1_2_3_4_5_6_7
match key:           TERNARY-00:00:40:61 &&& 00:f8:70:e3
action:              MyIngress.set_pred_1_2_3_4_5_6_7
runtime data:        01	00	02	03	02	02	01
Entry has been added with handle 462
RuntimeCmd: Adding entry to ternary match table MyIngress.tb_hwimo_tree_1_2_3_4_5_6_7
match key:           TERNARY-00:10:40:01 &&& 01:f8:70:83
action:              MyIngress.set_pred_1_2_3_4_5_6_7
runtime data:        00	00	00	04	01	02	01
Entry has been added with handle 463
RuntimeCmd: Adding entry to ternary match table MyIngress.tb_hwimo_tree_1_2_3_4_5_6_7
match key:           TERNARY-01:10:40:01 &&& 01:f8:70:83
action:              MyIngress.set_pred_1_2_3_4_5_6_7
runtime data:        00	00	04	05	02	01	01
Entry has been added with handle 464
RuntimeCmd: Adding entry to ternary match table MyIngress.tb_hwimo_tree_1_2_3_4_5_6_7
match key:           TERNARY-00:00:60:01 &&& 01:f8:70:83
action:              MyIngress.set_pred_1_2_3_4_5_6_7
runtime data:        00	00	04	05	02	01	02
Entry has been added with handle 465
RuntimeCmd: Adding entry to ternary match table MyIngress.tb_hwimo_tree_1_2_3_4_5_6_7
match key:           TERNARY-00:10:60:01 &&& 01:f8:70:83
action:              MyIngress.set_pred_1_2_3_4_5_6_7
runtime data:        00	00	04	05	02	01	02
Entry has been added with handle 466
RuntimeCmd: Adding entry to ternary match table MyIngress.tb_hwimo_tree_1_2_3_4_5_6_7
match key:           TERNARY-01:00:60:01 &&& 01:f8:70:83
action:              MyIngress.set_pred_1_2_3_4_5_6_7
runtime data:        00	00	04	05	01	01	01
Entry has been added with handle 467
RuntimeCmd: Adding entry to ternary match table MyIngress.tb_hwimo_tree_1_2_3_4_5_6_7
match key:           TERNARY-01:10:60:01 &&& 01:f8:70:83
action:              MyIngress.set_pred_1_2_3_4_5_6_7
runtime data:        00	00	04	05	02	01	01
Entry has been added with handle 468
RuntimeCmd: Adding entry to ternary match table MyIngress.tb_hwimo_tree_1_2_3_4_5_6_7
match key:           TERNARY-00:40:40:01 &&& 01:f8:72:83
action:              MyIngress.set_pred_1_2_3_4_5_6_7
runtime data:        00	00	04	05	02	01	01
Entry has been added with handle 469
RuntimeCmd: Adding entry to ternary match table MyIngress.tb_hwimo_tree_1_2_3_4_5_6_7
match key:           TERNARY-00:40:42:01 &&& 01:f8:72:83
action:              MyIngress.set_pred_1_2_3_4_5_6_7
runtime data:        00	00	04	06	01	01	01
Entry has been added with handle 470
RuntimeCmd: Adding entry to ternary match table MyIngress.tb_hwimo_tree_1_2_3_4_5_6_7
match key:           TERNARY-01:40:40:01 &&& 01:f8:70:83
action:              MyIngress.set_pred_1_2_3_4_5_6_7
runtime data:        00	00	04	03	02	02	01
Entry has been added with handle 471
RuntimeCmd: Adding entry to ternary match table MyIngress.tb_hwimo_tree_1_2_3_4_5_6_7
match key:           TERNARY-00:50:40:01 &&& 01:f8:70:83
action:              MyIngress.set_pred_1_2_3_4_5_6_7
runtime data:        00	00	00	04	01	02	01
Entry has been added with handle 472
RuntimeCmd: Adding entry to ternary match table MyIngress.tb_hwimo_tree_1_2_3_4_5_6_7
match key:           TERNARY-01:50:40:01 &&& 01:f8:70:83
action:              MyIngress.set_pred_1_2_3_4_5_6_7
runtime data:        00	00	04	05	02	01	01
Entry has been added with handle 473
RuntimeCmd: Adding entry to ternary match table MyIngress.tb_hwimo_tree_1_2_3_4_5_6_7
match key:           TERNARY-00:40:60:01 &&& 01:f8:70:83
action:              MyIngress.set_pred_1_2_3_4_5_6_7
runtime data:        00	00	04	02	02	01	02
Entry has been added with handle 474
RuntimeCmd: Adding entry to ternary match table MyIngress.tb_hwimo_tree_1_2_3_4_5_6_7
match key:           TERNARY-00:50:60:01 &&& 01:f8:70:83
action:              MyIngress.set_pred_1_2_3_4_5_6_7
runtime data:        00	00	04	05	02	01	02
Entry has been added with handle 475
RuntimeCmd: Adding entry to ternary match table MyIngress.tb_hwimo_tree_1_2_3_4_5_6_7
match key:           TERNARY-01:40:60:01 &&& 01:f8:70:83
action:              MyIngress.set_pred_1_2_3_4_5_6_7
runtime data:        00	00	04	05	02	01	01
Entry has been added with handle 476
RuntimeCmd: Adding entry to ternary match table MyIngress.tb_hwimo_tree_1_2_3_4_5_6_7
match key:           TERNARY-01:50:60:01 &&& 01:f8:70:83
action:              MyIngress.set_pred_1_2_3_4_5_6_7
runtime data:        00	00	04	05	02	01	02
Entry has been added with handle 477
RuntimeCmd: Adding entry to ternary match table MyIngress.tb_hwimo_tree_1_2_3_4_5_6_7
match key:           TERNARY-00:00:50:01 &&& 00:f8:50:c3
action:              MyIngress.set_pred_1_2_3_4_5_6_7
runtime data:        01	00	02	03	02	01	01
Entry has been added with handle 478
RuntimeCmd: Adding entry to ternary match table MyIngress.tb_hwimo_tree_1_2_3_4_5_6_7
match key:           TERNARY-00:10:50:01 &&& 00:f8:50:c3
action:              MyIngress.set_pred_1_2_3_4_5_6_7
runtime data:        00	00	00	04	01	02	01
Entry has been added with handle 479
RuntimeCmd: Adding entry to ternary match table MyIngress.tb_hwimo_tree_1_2_3_4_5_6_7
match key:           TERNARY-00:40:50:01 &&& 00:f8:52:c3
action:              MyIngress.set_pred_1_2_3_4_5_6_7
runtime data:        00	00	04	05	02	01	01
Entry has been added with handle 480
RuntimeCmd: Adding entry to ternary match table MyIngress.tb_hwimo_tree_1_2_3_4_5_6_7
match key:           TERNARY-00:40:52:01 &&& 00:f8:52:c3
action:              MyIngress.set_pred_1_2_3_4_5_6_7
runtime data:        00	00	04	06	01	01	01
Entry has been added with handle 481
RuntimeCmd: Adding entry to ternary match table MyIngress.tb_hwimo_tree_1_2_3_4_5_6_7
match key:           TERNARY-00:50:50:01 &&& 01:f8:50:c3
action:              MyIngress.set_pred_1_2_3_4_5_6_7
runtime data:        00	00	00	04	01	02	01
Entry has been added with handle 482
RuntimeCmd: Adding entry to ternary match table MyIngress.tb_hwimo_tree_1_2_3_4_5_6_7
match key:           TERNARY-01:50:50:01 &&& 01:f8:50:c3
action:              MyIngress.set_pred_1_2_3_4_5_6_7
runtime data:        00	01	04	06	02	02	02
Entry has been added with handle 483
RuntimeCmd: Adding entry to ternary match table MyIngress.tb_hwimo_tree_1_2_3_4_5_6_7
match key:           TERNARY-00:00:50:41 &&& 00:b8:50:c3
action:              MyIngress.set_pred_1_2_3_4_5_6_7
runtime data:        01	00	00	00	01	00	00
Entry has been added with handle 484
RuntimeCmd: Adding entry to ternary match table MyIngress.tb_hwimo_tree_1_2_3_4_5_6_7
match key:           TERNARY-00:10:50:41 &&& 00:b8:50:c3
action:              MyIngress.set_pred_1_2_3_4_5_6_7
runtime data:        01	00	00	00	01	00	00
Entry has been added with handle 485
RuntimeCmd: Adding entry to ternary match table MyIngress.tb_hwimo_tree_1_2_3_4_5_6_7
match key:           TERNARY-00:00:40:81 &&& 00:a8:70:83
action:              MyIngress.set_pred_1_2_3_4_5_6_7
runtime data:        00	00	04	03	01	01	01
Entry has been added with handle 486
RuntimeCmd: Adding entry to ternary match table MyIngress.tb_hwimo_tree_1_2_3_4_5_6_7
match key:           TERNARY-00:00:60:81 &&& 00:a8:70:83
action:              MyIngress.set_pred_1_2_3_4_5_6_7
runtime data:        00	00	00	04	01	02	00
Entry has been added with handle 487
RuntimeCmd: Adding entry to ternary match table MyIngress.tb_hwimo_tree_1_2_3_4_5_6_7
match key:           TERNARY-00:00:50:81 &&& 00:a8:50:c3
action:              MyIngress.set_pred_1_2_3_4_5_6_7
runtime data:        00	00	04	06	01	02	01
Entry has been added with handle 488
RuntimeCmd: Adding entry to ternary match table MyIngress.tb_hwimo_tree_1_2_3_4_5_6_7
match key:           TERNARY-00:00:50:c1 &&& 00:a8:50:c3
action:              MyIngress.set_pred_1_2_3_4_5_6_7
runtime data:        01	00	00	00	01	00	00
Entry has been added with handle 489
RuntimeCmd: Adding entry to ternary match table MyIngress.tb_hwimo_tree_1_2_3_4_5_6_7
match key:           TERNARY-00:20:40:01 &&& 01:f8:70:03
action:              MyIngress.set_pred_1_2_3_4_5_6_7
runtime data:        00	00	04	05	02	01	01
Entry has been added with handle 490
RuntimeCmd: Adding entry to ternary match table MyIngress.tb_hwimo_tree_1_2_3_4_5_6_7
match key:           TERNARY-00:20:50:01 &&& 01:f8:70:03
action:              MyIngress.set_pred_1_2_3_4_5_6_7
runtime data:        00	00	04	05	02	01	01
Entry has been added with handle 491
RuntimeCmd: Adding entry to ternary match table MyIngress.tb_hwimo_tree_1_2_3_4_5_6_7
match key:           TERNARY-00:20:60:01 &&& 01:f8:60:03
action:              MyIngress.set_pred_1_2_3_4_5_6_7
runtime data:        00	00	04	05	02	01	01
Entry has been added with handle 492
RuntimeCmd: Adding entry to ternary match table MyIngress.tb_hwimo_tree_1_2_3_4_5_6_7
match key:           TERNARY-00:30:40:01 &&& 01:f8:70:03
action:              MyIngress.set_pred_1_2_3_4_5_6_7
runtime data:        00	00	04	05	02	01	01
Entry has been added with handle 493
RuntimeCmd: Adding entry to ternary match table MyIngress.tb_hwimo_tree_1_2_3_4_5_6_7
match key:           TERNARY-00:30:60:01 &&& 01:f8:70:03
action:              MyIngress.set_pred_1_2_3_4_5_6_7
runtime data:        00	00	04	06	01	01	01
Entry has been added with handle 494
RuntimeCmd: Adding entry to ternary match table MyIngress.tb_hwimo_tree_1_2_3_4_5_6_7
match key:           TERNARY-00:30:50:01 &&& 01:f8:50:03
action:              MyIngress.set_pred_1_2_3_4_5_6_7
runtime data:        00	00	04	06	01	02	01
Entry has been added with handle 495
RuntimeCmd: Adding entry to ternary match table MyIngress.tb_hwimo_tree_1_2_3_4_5_6_7
match key:           TERNARY-01:20:40:01 &&& 01:f8:70:03
action:              MyIngress.set_pred_1_2_3_4_5_6_7
runtime data:        00	00	04	06	02	02	01
Entry has been added with handle 496
RuntimeCmd: Adding entry to ternary match table MyIngress.tb_hwimo_tree_1_2_3_4_5_6_7
match key:           TERNARY-01:30:40:01 &&& 01:f8:70:03
action:              MyIngress.set_pred_1_2_3_4_5_6_7
runtime data:        00	00	04	05	02	01	01
Entry has been added with handle 497
RuntimeCmd: Adding entry to ternary match table MyIngress.tb_hwimo_tree_1_2_3_4_5_6_7
match key:           TERNARY-01:20:50:01 &&& 01:e8:70:03
action:              MyIngress.set_pred_1_2_3_4_5_6_7
runtime data:        00	00	04	06	01	02	01
Entry has been added with handle 498
RuntimeCmd: Adding entry to ternary match table MyIngress.tb_hwimo_tree_1_2_3_4_5_6_7
match key:           TERNARY-01:20:60:01 &&& 01:e8:60:03
action:              MyIngress.set_pred_1_2_3_4_5_6_7
runtime data:        00	00	04	05	02	01	02
Entry has been added with handle 499
RuntimeCmd: Adding entry to ternary match table MyIngress.tb_hwimo_tree_1_2_3_4_5_6_7
match key:           TERNARY-00:60:40:01 &&& 01:f8:70:c3
action:              MyIngress.set_pred_1_2_3_4_5_6_7
runtime data:        00	00	02	03	01	02	01
Entry has been added with handle 500
RuntimeCmd: Adding entry to ternary match table MyIngress.tb_hwimo_tree_1_2_3_4_5_6_7
match key:           TERNARY-00:60:40:81 &&& 01:f8:70:c3
action:              MyIngress.set_pred_1_2_3_4_5_6_7
runtime data:        01	00	01	02	01	01	01
Entry has been added with handle 501
RuntimeCmd: Adding entry to ternary match table MyIngress.tb_hwimo_tree_1_2_3_4_5_6_7
match key:           TERNARY-01:60:40:01 &&& 01:f8:70:43
action:              MyIngress.set_pred_1_2_3_4_5_6_7
runtime data:        00	00	04	06	02	02	01
Entry has been added with handle 502
RuntimeCmd: Adding entry to ternary match table MyIngress.tb_hwimo_tree_1_2_3_4_5_6_7
match key:           TERNARY-00:60:60:01 &&& 01:f8:70:53
action:              MyIngress.set_pred_1_2_3_4_5_6_7
runtime data:        00	00	04	05	02	01	02
Entry has been added with handle 503
RuntimeCmd: Adding entry to ternary match table MyIngress.tb_hwimo_tree_1_2_3_4_5_6_7
match key:           TERNARY-01:60:60:01 &&& 01:f8:70:53
action:              MyIngress.set_pred_1_2_3_4_5_6_7
runtime data:        00	00	04	05	02	01	01
Entry has been added with handle 504
RuntimeCmd: Adding entry to ternary match table MyIngress.tb_hwimo_tree_1_2_3_4_5_6_7
match key:           TERNARY-00:60:60:11 &&& 00:f8:70:53
action:              MyIngress.set_pred_1_2_3_4_5_6_7
runtime data:        01	00	01	02	01	01	01
Entry has been added with handle 505
RuntimeCmd: Adding entry to ternary match table MyIngress.tb_hwimo_tree_1_2_3_4_5_6_7
match key:           TERNARY-00:60:40:41 &&& 00:f8:50:53
action:              MyIngress.set_pred_1_2_3_4_5_6_7
runtime data:        01	00	02	03	02	01	02
Entry has been added with handle 506
RuntimeCmd: Adding entry to ternary match table MyIngress.tb_hwimo_tree_1_2_3_4_5_6_7
match key:           TERNARY-00:60:40:51 &&& 00:f8:50:53
action:              MyIngress.set_pred_1_2_3_4_5_6_7
runtime data:        01	00	02	03	02	01	02
Entry has been added with handle 507
RuntimeCmd: Adding entry to ternary match table MyIngress.tb_hwimo_tree_1_2_3_4_5_6_7
match key:           TERNARY-00:60:50:01 &&& 00:f8:54:e3
action:              MyIngress.set_pred_1_2_3_4_5_6_7
runtime data:        01	00	03	01	01	01	01
Entry has been added with handle 508
RuntimeCmd: Adding entry to ternary match table MyIngress.tb_hwimo_tree_1_2_3_4_5_6_7
match key:           TERNARY-00:60:54:01 &&& 00:f8:54:e3
action:              MyIngress.set_pred_1_2_3_4_5_6_7
runtime data:        01	00	03	01	02	01	02
Entry has been added with handle 509
RuntimeCmd: Adding entry to ternary match table MyIngress.tb_hwimo_tree_1_2_3_4_5_6_7
match key:           TERNARY-00:60:50:41 &&& 00:f8:50:e3
action:              MyIngress.set_pred_1_2_3_4_5_6_7
runtime data:        01	00	00	00	01	00	01
Entry has been added with handle 510
RuntimeCmd: Adding entry to ternary match table MyIngress.tb_hwimo_tree_1_2_3_4_5_6_7
match key:           TERNARY-00:60:50:81 &&& 00:f8:50:a3
action:              MyIngress.set_pred_1_2_3_4_5_6_7
runtime data:        00	00	03	01	01	01	00
Entry has been added with handle 511
RuntimeCmd: Adding entry to ternary match table MyIngress.tb_hwimo_tree_1_2_3_4_5_6_7
match key:           TERNARY-00:60:50:21 &&& 00:f8:70:23
action:              MyIngress.set_pred_1_2_3_4_5_6_7
runtime data:        00	01	04	06	02	02	02
Entry has been added with handle 512
RuntimeCmd: Adding entry to ternary match table MyIngress.tb_hwimo_tree_1_2_3_4_5_6_7
match key:           TERNARY-00:60:70:21 &&& 00:f8:70:e3
action:              MyIngress.set_pred_1_2_3_4_5_6_7
runtime data:        00	01	04	06	00	02	00
Entry has been added with handle 513
RuntimeCmd: Adding entry to ternary match table MyIngress.tb_hwimo_tree_1_2_3_4_5_6_7
match key:           TERNARY-00:60:70:a1 &&& 00:f8:70:e3
action:              MyIngress.set_pred_1_2_3_4_5_6_7
runtime data:        00	01	04	06	01	01	00
Entry has been added with handle 514
RuntimeCmd: Adding entry to ternary match table MyIngress.tb_hwimo_tree_1_2_3_4_5_6_7
match key:           TERNARY-00:60:70:61 &&& 00:f8:70:e3
action:              MyIngress.set_pred_1_2_3_4_5_6_7
runtime data:        00	01	04	06	00	01	00
Entry has been added with handle 515
RuntimeCmd: Adding entry to ternary match table MyIngress.tb_hwimo_tree_1_2_3_4_5_6_7
match key:           TERNARY-00:60:70:e1 &&& 00:f8:70:e3
action:              MyIngress.set_pred_1_2_3_4_5_6_7
runtime data:        00	01	04	06	00	01	00
Entry has been added with handle 516
RuntimeCmd: Adding entry to ternary match table MyIngress.tb_hwimo_tree_1_2_3_4_5_6_7
match key:           TERNARY-00:70:40:01 &&& 01:f8:70:03
action:              MyIngress.set_pred_1_2_3_4_5_6_7
runtime data:        00	00	00	04	01	02	00
Entry has been added with handle 517
RuntimeCmd: Adding entry to ternary match table MyIngress.tb_hwimo_tree_1_2_3_4_5_6_7
match key:           TERNARY-01:70:40:01 &&& 01:f8:70:03
action:              MyIngress.set_pred_1_2_3_4_5_6_7
runtime data:        00	00	04	05	02	01	01
Entry has been added with handle 518
RuntimeCmd: Adding entry to ternary match table MyIngress.tb_hwimo_tree_1_2_3_4_5_6_7
match key:           TERNARY-00:70:50:01 &&& 01:f8:70:13
action:              MyIngress.set_pred_1_2_3_4_5_6_7
runtime data:        00	00	04	06	01	02	02
Entry has been added with handle 519
RuntimeCmd: Adding entry to ternary match table MyIngress.tb_hwimo_tree_1_2_3_4_5_6_7
match key:           TERNARY-00:70:50:11 &&& 01:f8:70:13
action:              MyIngress.set_pred_1_2_3_4_5_6_7
runtime data:        00	01	04	06	02	02	02
Entry has been added with handle 520
RuntimeCmd: Adding entry to ternary match table MyIngress.tb_hwimo_tree_1_2_3_4_5_6_7
match key:           TERNARY-01:70:50:01 &&& 01:f8:70:03
action:              MyIngress.set_pred_1_2_3_4_5_6_7
runtime data:        00	01	04	06	02	02	02
Entry has been added with handle 521
RuntimeCmd: Adding entry to ternary match table MyIngress.tb_hwimo_tree_1_2_3_4_5_6_7
match key:           TERNARY-00:70:60:01 &&& 01:f8:60:03
action:              MyIngress.set_pred_1_2_3_4_5_6_7
runtime data:        00	00	04	05	02	01	02
Entry has been added with handle 522
RuntimeCmd: Adding entry to ternary match table MyIngress.tb_hwimo_tree_1_2_3_4_5_6_7
match key:           TERNARY-01:70:60:01 &&& 01:f8:60:03
action:              MyIngress.set_pred_1_2_3_4_5_6_7
runtime data:        00	00	04	05	02	01	02
Entry has been added with handle 523
RuntimeCmd: Adding entry to ternary match table MyIngress.tb_hwimo_tree_1_2_3_4_5_6_7
match key:           TERNARY-00:80:40:01 &&& 01:f8:70:03
action:              MyIngress.set_pred_1_2_3_4_5_6_7
runtime data:        00	00	04	05	02	01	01
Entry has been added with handle 524
RuntimeCmd: Adding entry to ternary match table MyIngress.tb_hwimo_tree_1_2_3_4_5_6_7
match key:           TERNARY-01:80:40:01 &&& 01:f8:70:03
action:              MyIngress.set_pred_1_2_3_4_5_6_7
runtime data:        00	00	04	05	02	01	01
Entry has been added with handle 525
RuntimeCmd: Adding entry to ternary match table MyIngress.tb_hwimo_tree_1_2_3_4_5_6_7
match key:           TERNARY-00:c0:40:01 &&& 01:f8:70:03
action:              MyIngress.set_pred_1_2_3_4_5_6_7
runtime data:        00	00	04	05	02	01	01
Entry has been added with handle 526
RuntimeCmd: Adding entry to ternary match table MyIngress.tb_hwimo_tree_1_2_3_4_5_6_7
match key:           TERNARY-01:c0:40:01 &&& 01:f8:70:03
action:              MyIngress.set_pred_1_2_3_4_5_6_7
runtime data:        00	00	04	05	01	01	01
Entry has been added with handle 527
RuntimeCmd: Adding entry to ternary match table MyIngress.tb_hwimo_tree_1_2_3_4_5_6_7
match key:           TERNARY-00:a0:40:01 &&& 01:f8:70:03
action:              MyIngress.set_pred_1_2_3_4_5_6_7
runtime data:        00	00	04	05	02	01	01
Entry has been added with handle 528
RuntimeCmd: Adding entry to ternary match table MyIngress.tb_hwimo_tree_1_2_3_4_5_6_7
match key:           TERNARY-01:a0:40:01 &&& 01:f8:70:03
action:              MyIngress.set_pred_1_2_3_4_5_6_7
runtime data:        00	00	04	05	02	01	01
Entry has been added with handle 529
RuntimeCmd: Adding entry to ternary match table MyIngress.tb_hwimo_tree_1_2_3_4_5_6_7
match key:           TERNARY-00:e0:40:01 &&& 01:f8:70:03
action:              MyIngress.set_pred_1_2_3_4_5_6_7
runtime data:        00	00	04	05	01	01	01
Entry has been added with handle 530
RuntimeCmd: Adding entry to ternary match table MyIngress.tb_hwimo_tree_1_2_3_4_5_6_7
match key:           TERNARY-01:e0:40:01 &&& 01:f8:70:03
action:              MyIngress.set_pred_1_2_3_4_5_6_7
runtime data:        00	00	04	05	02	01	02
Entry has been added with handle 531
RuntimeCmd: Adding entry to ternary match table MyIngress.tb_hwimo_tree_1_2_3_4_5_6_7
match key:           TERNARY-00:90:40:01 &&& 01:f8:70:03
action:              MyIngress.set_pred_1_2_3_4_5_6_7
runtime data:        00	00	04	03	01	00	01
Entry has been added with handle 532
RuntimeCmd: Adding entry to ternary match table MyIngress.tb_hwimo_tree_1_2_3_4_5_6_7
match key:           TERNARY-01:90:40:01 &&& 01:f8:70:03
action:              MyIngress.set_pred_1_2_3_4_5_6_7
runtime data:        00	00	04	05	02	01	01
Entry has been added with handle 533
RuntimeCmd: Adding entry to ternary match table MyIngress.tb_hwimo_tree_1_2_3_4_5_6_7
match key:           TERNARY-00:d0:40:01 &&& 01:f8:70:03
action:              MyIngress.set_pred_1_2_3_4_5_6_7
runtime data:        00	00	04	05	02	02	01
Entry has been added with handle 534
RuntimeCmd: Adding entry to ternary match table MyIngress.tb_hwimo_tree_1_2_3_4_5_6_7
match key:           TERNARY-01:d0:40:01 &&& 01:f8:70:03
action:              MyIngress.set_pred_1_2_3_4_5_6_7
runtime data:        00	00	00	04	01	01	01
Entry has been added with handle 535
RuntimeCmd: Adding entry to ternary match table MyIngress.tb_hwimo_tree_1_2_3_4_5_6_7
match key:           TERNARY-00:b0:40:01 &&& 01:f8:70:03
action:              MyIngress.set_pred_1_2_3_4_5_6_7
runtime data:        00	00	04	05	02	01	01
Entry has been added with handle 536
RuntimeCmd: Adding entry to ternary match table MyIngress.tb_hwimo_tree_1_2_3_4_5_6_7
match key:           TERNARY-00:f0:40:01 &&& 01:f8:70:03
action:              MyIngress.set_pred_1_2_3_4_5_6_7
runtime data:        00	00	04	05	01	01	01
Entry has been added with handle 537
RuntimeCmd: Adding entry to ternary match table MyIngress.tb_hwimo_tree_1_2_3_4_5_6_7
match key:           TERNARY-01:b0:40:01 &&& 01:f8:70:03
action:              MyIngress.set_pred_1_2_3_4_5_6_7
runtime data:        00	00	04	05	02	01	01
Entry has been added with handle 538
RuntimeCmd: Adding entry to ternary match table MyIngress.tb_hwimo_tree_1_2_3_4_5_6_7
match key:           TERNARY-01:f0:40:01 &&& 01:f8:70:03
action:              MyIngress.set_pred_1_2_3_4_5_6_7
runtime data:        00	00	04	05	02	01	01
Entry has been added with handle 539
RuntimeCmd: Adding entry to ternary match table MyIngress.tb_hwimo_tree_1_2_3_4_5_6_7
match key:           TERNARY-00:80:50:01 &&& 01:f8:70:03
action:              MyIngress.set_pred_1_2_3_4_5_6_7
runtime data:        00	00	04	06	01	02	01
Entry has been added with handle 540
RuntimeCmd: Adding entry to ternary match table MyIngress.tb_hwimo_tree_1_2_3_4_5_6_7
match key:           TERNARY-00:a0:50:01 &&& 01:f8:70:03
action:              MyIngress.set_pred_1_2_3_4_5_6_7
runtime data:        00	00	04	06	01	02	01
Entry has been added with handle 541
RuntimeCmd: Adding entry to ternary match table MyIngress.tb_hwimo_tree_1_2_3_4_5_6_7
match key:           TERNARY-00:c0:50:01 &&& 01:d8:70:03
action:              MyIngress.set_pred_1_2_3_4_5_6_7
runtime data:        00	00	04	06	01	01	01
Entry has been added with handle 542
RuntimeCmd: Adding entry to ternary match table MyIngress.tb_hwimo_tree_1_2_3_4_5_6_7
match key:           TERNARY-00:90:50:01 &&& 01:f8:70:03
action:              MyIngress.set_pred_1_2_3_4_5_6_7
runtime data:        00	00	04	06	01	02	01
Entry has been added with handle 543
RuntimeCmd: Adding entry to ternary match table MyIngress.tb_hwimo_tree_1_2_3_4_5_6_7
match key:           TERNARY-00:d0:50:01 &&& 01:f8:70:03
action:              MyIngress.set_pred_1_2_3_4_5_6_7
runtime data:        00	00	00	04	01	02	01
Entry has been added with handle 544
RuntimeCmd: Adding entry to ternary match table MyIngress.tb_hwimo_tree_1_2_3_4_5_6_7
match key:           TERNARY-00:b0:50:01 &&& 01:f8:70:03
action:              MyIngress.set_pred_1_2_3_4_5_6_7
runtime data:        00	00	04	06	01	01	01
Entry has been added with handle 545
RuntimeCmd: Adding entry to ternary match table MyIngress.tb_hwimo_tree_1_2_3_4_5_6_7
match key:           TERNARY-00:f0:50:01 &&& 01:f8:70:03
action:              MyIngress.set_pred_1_2_3_4_5_6_7
runtime data:        00	00	04	06	01	02	01
Entry has been added with handle 546
RuntimeCmd: Adding entry to ternary match table MyIngress.tb_hwimo_tree_1_2_3_4_5_6_7
match key:           TERNARY-01:80:50:01 &&& 01:88:70:03
action:              MyIngress.set_pred_1_2_3_4_5_6_7
runtime data:        00	01	04	06	02	02	02
Entry has been added with handle 547
RuntimeCmd: Adding entry to ternary match table MyIngress.tb_hwimo_tree_1_2_3_4_5_6_7
match key:           TERNARY-00:80:60:01 &&& 01:f8:60:03
action:              MyIngress.set_pred_1_2_3_4_5_6_7
runtime data:        00	00	04	05	02	01	02
Entry has been added with handle 548
RuntimeCmd: Adding entry to ternary match table MyIngress.tb_hwimo_tree_1_2_3_4_5_6_7
match key:           TERNARY-01:80:60:01 &&& 01:f8:60:03
action:              MyIngress.set_pred_1_2_3_4_5_6_7
runtime data:        00	00	04	05	02	01	02
Entry has been added with handle 549
RuntimeCmd: Adding entry to ternary match table MyIngress.tb_hwimo_tree_1_2_3_4_5_6_7
match key:           TERNARY-00:c0:60:01 &&& 01:f8:60:03
action:              MyIngress.set_pred_1_2_3_4_5_6_7
runtime data:        00	00	04	05	02	01	02
Entry has been added with handle 550
RuntimeCmd: Adding entry to ternary match table MyIngress.tb_hwimo_tree_1_2_3_4_5_6_7
match key:           TERNARY-01:c0:60:01 &&& 01:f8:60:03
action:              MyIngress.set_pred_1_2_3_4_5_6_7
runtime data:        00	00	04	05	02	01	02
Entry has been added with handle 551
RuntimeCmd: Adding entry to ternary match table MyIngress.tb_hwimo_tree_1_2_3_4_5_6_7
match key:           TERNARY-00:a0:60:01 &&& 01:f8:60:03
action:              MyIngress.set_pred_1_2_3_4_5_6_7
runtime data:        00	00	04	05	02	01	02
Entry has been added with handle 552
RuntimeCmd: Adding entry to ternary match table MyIngress.tb_hwimo_tree_1_2_3_4_5_6_7
match key:           TERNARY-01:a0:60:01 &&& 01:f8:60:03
action:              MyIngress.set_pred_1_2_3_4_5_6_7
runtime data:        00	00	04	05	02	01	02
Entry has been added with handle 553
RuntimeCmd: Adding entry to ternary match table MyIngress.tb_hwimo_tree_1_2_3_4_5_6_7
match key:           TERNARY-00:e0:60:01 &&& 01:f8:60:03
action:              MyIngress.set_pred_1_2_3_4_5_6_7
runtime data:        00	00	04	05	02	01	01
Entry has been added with handle 554
RuntimeCmd: Adding entry to ternary match table MyIngress.tb_hwimo_tree_1_2_3_4_5_6_7
match key:           TERNARY-01:e0:60:01 &&& 01:f8:60:03
action:              MyIngress.set_pred_1_2_3_4_5_6_7
runtime data:        00	00	04	05	02	01	01
Entry has been added with handle 555
RuntimeCmd: Adding entry to ternary match table MyIngress.tb_hwimo_tree_1_2_3_4_5_6_7
match key:           TERNARY-00:90:60:01 &&& 01:f8:60:03
action:              MyIngress.set_pred_1_2_3_4_5_6_7
runtime data:        00	00	04	05	02	01	02
Entry has been added with handle 556
RuntimeCmd: Adding entry to ternary match table MyIngress.tb_hwimo_tree_1_2_3_4_5_6_7
match key:           TERNARY-00:b0:60:01 &&& 01:f8:60:03
action:              MyIngress.set_pred_1_2_3_4_5_6_7
runtime data:        00	00	04	05	02	01	02
Entry has been added with handle 557
RuntimeCmd: Adding entry to ternary match table MyIngress.tb_hwimo_tree_1_2_3_4_5_6_7
match key:           TERNARY-00:d0:60:01 &&& 01:f8:60:03
action:              MyIngress.set_pred_1_2_3_4_5_6_7
runtime data:        00	00	04	05	01	01	01
Entry has been added with handle 558
RuntimeCmd: Adding entry to ternary match table MyIngress.tb_hwimo_tree_1_2_3_4_5_6_7
match key:           TERNARY-00:f0:60:01 &&& 01:f8:60:03
action:              MyIngress.set_pred_1_2_3_4_5_6_7
runtime data:        00	00	04	05	02	01	02
Entry has been added with handle 559
RuntimeCmd: Adding entry to ternary match table MyIngress.tb_hwimo_tree_1_2_3_4_5_6_7
match key:           TERNARY-01:90:60:01 &&& 01:f8:60:03
action:              MyIngress.set_pred_1_2_3_4_5_6_7
runtime data:        00	00	04	05	02	01	01
Entry has been added with handle 560
RuntimeCmd: Adding entry to ternary match table MyIngress.tb_hwimo_tree_1_2_3_4_5_6_7
match key:           TERNARY-01:d0:60:01 &&& 01:f8:60:03
action:              MyIngress.set_pred_1_2_3_4_5_6_7
runtime data:        00	00	04	05	02	01	01
Entry has been added with handle 561
RuntimeCmd: Adding entry to ternary match table MyIngress.tb_hwimo_tree_1_2_3_4_5_6_7
match key:           TERNARY-01:b0:60:01 &&& 01:b8:60:03
action:              MyIngress.set_pred_1_2_3_4_5_6_7
runtime data:        00	00	04	05	02	01	01
Entry has been added with handle 562
RuntimeCmd: Adding entry to ternary match table MyIngress.tb_hwimo_tree_1_2_3_4_5_6_7
match key:           TERNARY-00:08:40:01 &&& 01:f8:70:43
action:              MyIngress.set_pred_1_2_3_4_5_6_7
runtime data:        00	00	02	03	02	02	00
Entry has been added with handle 563
RuntimeCmd: Adding entry to ternary match table MyIngress.tb_hwimo_tree_1_2_3_4_5_6_7
match key:           TERNARY-00:08:60:01 &&& 01:f8:70:43
action:              MyIngress.set_pred_1_2_3_4_5_6_7
runtime data:        00	00	00	04	01	02	00
Entry has been added with handle 564
RuntimeCmd: Adding entry to ternary match table MyIngress.tb_hwimo_tree_1_2_3_4_5_6_7
match key:           TERNARY-00:88:40:01 &&& 01:f8:70:43
action:              MyIngress.set_pred_1_2_3_4_5_6_7
runtime data:        00	00	01	02	01	01	01
Entry has been added with handle 565
RuntimeCmd: Adding entry to ternary match table MyIngress.tb_hwimo_tree_1_2_3_4_5_6_7
match key:           TERNARY-00:88:60:01 &&& 01:f8:70:43
action:              MyIngress.set_pred_1_2_3_4_5_6_7
runtime data:        00	00	00	04	01	01	00
Entry has been added with handle 566
RuntimeCmd: Adding entry to ternary match table MyIngress.tb_hwimo_tree_1_2_3_4_5_6_7
match key:           TERNARY-00:18:40:01 &&& 01:f8:70:43
action:              MyIngress.set_pred_1_2_3_4_5_6_7
runtime data:        00	00	01	02	01	01	01
Entry has been added with handle 567
RuntimeCmd: Adding entry to ternary match table MyIngress.tb_hwimo_tree_1_2_3_4_5_6_7
match key:           TERNARY-00:18:60:01 &&& 01:f8:70:43
action:              MyIngress.set_pred_1_2_3_4_5_6_7
runtime data:        00	00	01	02	01	01	01
Entry has been added with handle 568
RuntimeCmd: Adding entry to ternary match table MyIngress.tb_hwimo_tree_1_2_3_4_5_6_7
match key:           TERNARY-00:98:40:01 &&& 01:f8:70:43
action:              MyIngress.set_pred_1_2_3_4_5_6_7
runtime data:        00	00	00	00	02	02	01
Entry has been added with handle 569
RuntimeCmd: Adding entry to ternary match table MyIngress.tb_hwimo_tree_1_2_3_4_5_6_7
match key:           TERNARY-00:98:60:01 &&& 01:f8:70:43
action:              MyIngress.set_pred_1_2_3_4_5_6_7
runtime data:        00	00	04	06	01	02	01
Entry has been added with handle 570
RuntimeCmd: Adding entry to ternary match table MyIngress.tb_hwimo_tree_1_2_3_4_5_6_7
match key:           TERNARY-00:48:40:01 &&& 01:f8:70:43
action:              MyIngress.set_pred_1_2_3_4_5_6_7
runtime data:        00	00	00	04	01	02	01
Entry has been added with handle 571
RuntimeCmd: Adding entry to ternary match table MyIngress.tb_hwimo_tree_1_2_3_4_5_6_7
match key:           TERNARY-00:48:60:01 &&& 01:f8:70:43
action:              MyIngress.set_pred_1_2_3_4_5_6_7
runtime data:        00	00	00	02	01	01	01
Entry has been added with handle 572
RuntimeCmd: Adding entry to ternary match table MyIngress.tb_hwimo_tree_1_2_3_4_5_6_7
match key:           TERNARY-00:58:40:01 &&& 01:f8:70:43
action:              MyIngress.set_pred_1_2_3_4_5_6_7
runtime data:        00	00	00	04	01	02	01
Entry has been added with handle 573
RuntimeCmd: Adding entry to ternary match table MyIngress.tb_hwimo_tree_1_2_3_4_5_6_7
match key:           TERNARY-00:58:60:01 &&& 01:f8:70:43
action:              MyIngress.set_pred_1_2_3_4_5_6_7
runtime data:        00	00	04	06	01	01	01
Entry has been added with handle 574
RuntimeCmd: Adding entry to ternary match table MyIngress.tb_hwimo_tree_1_2_3_4_5_6_7
match key:           TERNARY-00:c8:40:01 &&& 01:f8:70:43
action:              MyIngress.set_pred_1_2_3_4_5_6_7
runtime data:        00	00	01	02	01	01	01
Entry has been added with handle 575
RuntimeCmd: Adding entry to ternary match table MyIngress.tb_hwimo_tree_1_2_3_4_5_6_7
match key:           TERNARY-00:c8:60:01 &&& 01:f8:70:43
action:              MyIngress.set_pred_1_2_3_4_5_6_7
runtime data:        00	00	01	02	01	01	01
Entry has been added with handle 576
RuntimeCmd: Adding entry to ternary match table MyIngress.tb_hwimo_tree_1_2_3_4_5_6_7
match key:           TERNARY-00:d8:40:01 &&& 01:f8:70:43
action:              MyIngress.set_pred_1_2_3_4_5_6_7
runtime data:        00	00	04	06	01	01	01
Entry has been added with handle 577
RuntimeCmd: Adding entry to ternary match table MyIngress.tb_hwimo_tree_1_2_3_4_5_6_7
match key:           TERNARY-00:d8:60:01 &&& 01:f8:70:43
action:              MyIngress.set_pred_1_2_3_4_5_6_7
runtime data:        00	00	04	06	01	02	01
Entry has been added with handle 578
RuntimeCmd: Adding entry to ternary match table MyIngress.tb_hwimo_tree_1_2_3_4_5_6_7
match key:           TERNARY-01:08:40:01 &&& 01:f8:70:43
action:              MyIngress.set_pred_1_2_3_4_5_6_7
runtime data:        00	00	04	06	01	01	01
Entry has been added with handle 579
RuntimeCmd: Adding entry to ternary match table MyIngress.tb_hwimo_tree_1_2_3_4_5_6_7
match key:           TERNARY-01:48:40:01 &&& 01:f8:70:43
action:              MyIngress.set_pred_1_2_3_4_5_6_7
runtime data:        00	00	04	06	01	01	01
Entry has been added with handle 580
RuntimeCmd: Adding entry to ternary match table MyIngress.tb_hwimo_tree_1_2_3_4_5_6_7
match key:           TERNARY-01:08:60:01 &&& 01:b8:70:43
action:              MyIngress.set_pred_1_2_3_4_5_6_7
runtime data:        00	00	04	06	02	02	01
Entry has been added with handle 581
RuntimeCmd: Adding entry to ternary match table MyIngress.tb_hwimo_tree_1_2_3_4_5_6_7
match key:           TERNARY-01:18:40:01 &&& 01:f8:70:73
action:              MyIngress.set_pred_1_2_3_4_5_6_7
runtime data:        00	00	04	05	01	00	01
Entry has been added with handle 582
RuntimeCmd: Adding entry to ternary match table MyIngress.tb_hwimo_tree_1_2_3_4_5_6_7
match key:           TERNARY-01:18:40:11 &&& 01:f8:70:73
action:              MyIngress.set_pred_1_2_3_4_5_6_7
runtime data:        01	00	00	00	01	00	01
Entry has been added with handle 583
RuntimeCmd: Adding entry to ternary match table MyIngress.tb_hwimo_tree_1_2_3_4_5_6_7
match key:           TERNARY-01:18:40:21 &&& 01:f8:70:63
action:              MyIngress.set_pred_1_2_3_4_5_6_7
runtime data:        01	00	00	00	01	00	01
Entry has been added with handle 584
RuntimeCmd: Adding entry to ternary match table MyIngress.tb_hwimo_tree_1_2_3_4_5_6_7
match key:           TERNARY-01:18:60:01 &&& 01:f8:70:43
action:              MyIngress.set_pred_1_2_3_4_5_6_7
runtime data:        00	00	04	06	02	02	02
Entry has been added with handle 585
RuntimeCmd: Adding entry to ternary match table MyIngress.tb_hwimo_tree_1_2_3_4_5_6_7
match key:           TERNARY-01:58:40:01 &&& 01:f8:70:43
action:              MyIngress.set_pred_1_2_3_4_5_6_7
runtime data:        00	00	04	04	02	02	01
Entry has been added with handle 586
RuntimeCmd: Adding entry to ternary match table MyIngress.tb_hwimo_tree_1_2_3_4_5_6_7
match key:           TERNARY-01:58:60:01 &&& 01:f8:70:43
action:              MyIngress.set_pred_1_2_3_4_5_6_7
runtime data:        00	00	04	06	01	01	01
Entry has been added with handle 587
RuntimeCmd: Adding entry to ternary match table MyIngress.tb_hwimo_tree_1_2_3_4_5_6_7
match key:           TERNARY-01:88:40:01 &&& 01:b8:70:43
action:              MyIngress.set_pred_1_2_3_4_5_6_7
runtime data:        01	00	02	03	02	02	01
Entry has been added with handle 588
RuntimeCmd: Adding entry to ternary match table MyIngress.tb_hwimo_tree_1_2_3_4_5_6_7
match key:           TERNARY-01:88:60:01 &&& 01:b8:70:43
action:              MyIngress.set_pred_1_2_3_4_5_6_7
runtime data:        00	00	04	05	02	01	01
Entry has been added with handle 589
RuntimeCmd: Adding entry to ternary match table MyIngress.tb_hwimo_tree_1_2_3_4_5_6_7
match key:           TERNARY-01:98:40:01 &&& 01:f8:50:43
action:              MyIngress.set_pred_1_2_3_4_5_6_7
runtime data:        00	00	00	04	02	02	01
Entry has been added with handle 590
RuntimeCmd: Adding entry to ternary match table MyIngress.tb_hwimo_tree_1_2_3_4_5_6_7
match key:           TERNARY-01:d8:40:01 &&& 01:f8:50:43
action:              MyIngress.set_pred_1_2_3_4_5_6_7
runtime data:        00	00	04	06	01	02	01
Entry has been added with handle 591
RuntimeCmd: Adding entry to ternary match table MyIngress.tb_hwimo_tree_1_2_3_4_5_6_7
match key:           TERNARY-00:28:40:01 &&& 01:f8:70:43
action:              MyIngress.set_pred_1_2_3_4_5_6_7
runtime data:        00	00	04	06	01	02	01
Entry has been added with handle 592
RuntimeCmd: Adding entry to ternary match table MyIngress.tb_hwimo_tree_1_2_3_4_5_6_7
match key:           TERNARY-00:28:60:01 &&& 01:f8:70:43
action:              MyIngress.set_pred_1_2_3_4_5_6_7
runtime data:        00	00	01	02	02	01	02
Entry has been added with handle 593
RuntimeCmd: Adding entry to ternary match table MyIngress.tb_hwimo_tree_1_2_3_4_5_6_7
match key:           TERNARY-00:68:40:01 &&& 01:f8:70:43
action:              MyIngress.set_pred_1_2_3_4_5_6_7
runtime data:        00	00	04	06	01	02	01
Entry has been added with handle 594
RuntimeCmd: Adding entry to ternary match table MyIngress.tb_hwimo_tree_1_2_3_4_5_6_7
match key:           TERNARY-00:68:60:01 &&& 01:f8:70:43
action:              MyIngress.set_pred_1_2_3_4_5_6_7
runtime data:        00	00	04	05	02	01	01
Entry has been added with handle 595
RuntimeCmd: Adding entry to ternary match table MyIngress.tb_hwimo_tree_1_2_3_4_5_6_7
match key:           TERNARY-00:38:40:01 &&& 01:f8:70:63
action:              MyIngress.set_pred_1_2_3_4_5_6_7
runtime data:        00	00	01	02	01	01	00
Entry has been added with handle 596
RuntimeCmd: Adding entry to ternary match table MyIngress.tb_hwimo_tree_1_2_3_4_5_6_7
match key:           TERNARY-00:78:40:01 &&& 01:f8:70:63
action:              MyIngress.set_pred_1_2_3_4_5_6_7
runtime data:        00	00	04	04	01	01	01
Entry has been added with handle 597
RuntimeCmd: Adding entry to ternary match table MyIngress.tb_hwimo_tree_1_2_3_4_5_6_7
match key:           TERNARY-00:38:60:01 &&& 01:f8:70:63
action:              MyIngress.set_pred_1_2_3_4_5_6_7
runtime data:        00	00	04	06	01	02	01
Entry has been added with handle 598
RuntimeCmd: Adding entry to ternary match table MyIngress.tb_hwimo_tree_1_2_3_4_5_6_7
match key:           TERNARY-00:78:60:01 &&& 01:f8:70:63
action:              MyIngress.set_pred_1_2_3_4_5_6_7
runtime data:        00	00	01	02	01	01	01
Entry has been added with handle 599
RuntimeCmd: Adding entry to ternary match table MyIngress.tb_hwimo_tree_1_2_3_4_5_6_7
match key:           TERNARY-00:38:40:21 &&& 01:b8:50:63
action:              MyIngress.set_pred_1_2_3_4_5_6_7
runtime data:        01	00	00	00	01	00	01
Entry has been added with handle 600
RuntimeCmd: Adding entry to ternary match table MyIngress.tb_hwimo_tree_1_2_3_4_5_6_7
match key:           TERNARY-01:28:40:01 &&& 01:f8:50:43
action:              MyIngress.set_pred_1_2_3_4_5_6_7
runtime data:        00	00	00	00	01	02	01
Entry has been added with handle 601
RuntimeCmd: Adding entry to ternary match table MyIngress.tb_hwimo_tree_1_2_3_4_5_6_7
match key:           TERNARY-01:38:40:01 &&& 01:f8:70:43
action:              MyIngress.set_pred_1_2_3_4_5_6_7
runtime data:        00	01	04	05	01	02	01
Entry has been added with handle 602
RuntimeCmd: Adding entry to ternary match table MyIngress.tb_hwimo_tree_1_2_3_4_5_6_7
match key:           TERNARY-01:38:60:01 &&& 01:f8:70:43
action:              MyIngress.set_pred_1_2_3_4_5_6_7
runtime data:        00	00	04	06	01	01	01
Entry has been added with handle 603
RuntimeCmd: Adding entry to ternary match table MyIngress.tb_hwimo_tree_1_2_3_4_5_6_7
match key:           TERNARY-01:68:40:01 &&& 01:f8:50:43
action:              MyIngress.set_pred_1_2_3_4_5_6_7
runtime data:        00	00	01	02	01	01	01
Entry has been added with handle 604
RuntimeCmd: Adding entry to ternary match table MyIngress.tb_hwimo_tree_1_2_3_4_5_6_7
match key:           TERNARY-01:78:40:01 &&& 01:f8:50:43
action:              MyIngress.set_pred_1_2_3_4_5_6_7
runtime data:        00	00	04	06	01	02	01
Entry has been added with handle 605
RuntimeCmd: Adding entry to ternary match table MyIngress.tb_hwimo_tree_1_2_3_4_5_6_7
match key:           TERNARY-00:a8:40:01 &&& 01:f8:70:43
action:              MyIngress.set_pred_1_2_3_4_5_6_7
runtime data:        00	00	00	04	02	02	01
Entry has been added with handle 606
RuntimeCmd: Adding entry to ternary match table MyIngress.tb_hwimo_tree_1_2_3_4_5_6_7
match key:           TERNARY-00:e8:40:01 &&& 01:f8:70:43
action:              MyIngress.set_pred_1_2_3_4_5_6_7
runtime data:        00	00	00	04	02	02	01
Entry has been added with handle 607
RuntimeCmd: Adding entry to ternary match table MyIngress.tb_hwimo_tree_1_2_3_4_5_6_7
match key:           TERNARY-00:a8:60:01 &&& 01:b8:70:43
action:              MyIngress.set_pred_1_2_3_4_5_6_7
runtime data:        00	00	04	06	01	02	01
Entry has been added with handle 608
RuntimeCmd: Adding entry to ternary match table MyIngress.tb_hwimo_tree_1_2_3_4_5_6_7
match key:           TERNARY-01:a8:40:01 &&& 01:f8:70:43
action:              MyIngress.set_pred_1_2_3_4_5_6_7
runtime data:        00	00	00	00	01	02	01
Entry has been added with handle 609
RuntimeCmd: Adding entry to ternary match table MyIngress.tb_hwimo_tree_1_2_3_4_5_6_7
match key:           TERNARY-01:e8:40:01 &&& 01:f8:70:43
action:              MyIngress.set_pred_1_2_3_4_5_6_7
runtime data:        00	00	00	00	01	02	01
Entry has been added with handle 610
RuntimeCmd: Adding entry to ternary match table MyIngress.tb_hwimo_tree_1_2_3_4_5_6_7
match key:           TERNARY-01:a8:60:01 &&& 01:b8:70:43
action:              MyIngress.set_pred_1_2_3_4_5_6_7
runtime data:        00	00	04	05	02	01	02
Entry has been added with handle 611
RuntimeCmd: Adding entry to ternary match table MyIngress.tb_hwimo_tree_1_2_3_4_5_6_7
match key:           TERNARY-00:b8:40:01 &&& 01:f8:70:43
action:              MyIngress.set_pred_1_2_3_4_5_6_7
runtime data:        00	00	00	04	01	02	01
Entry has been added with handle 612
RuntimeCmd: Adding entry to ternary match table MyIngress.tb_hwimo_tree_1_2_3_4_5_6_7
match key:           TERNARY-00:f8:40:01 &&& 01:f8:70:43
action:              MyIngress.set_pred_1_2_3_4_5_6_7
runtime data:        01	00	01	02	01	01	01
Entry has been added with handle 613
RuntimeCmd: Adding entry to ternary match table MyIngress.tb_hwimo_tree_1_2_3_4_5_6_7
match key:           TERNARY-00:b8:60:01 &&& 01:f8:70:43
action:              MyIngress.set_pred_1_2_3_4_5_6_7
runtime data:        00	00	04	05	02	01	02
Entry has been added with handle 614
RuntimeCmd: Adding entry to ternary match table MyIngress.tb_hwimo_tree_1_2_3_4_5_6_7
match key:           TERNARY-00:f8:60:01 &&& 01:f8:70:43
action:              MyIngress.set_pred_1_2_3_4_5_6_7
runtime data:        00	00	04	06	01	02	01
Entry has been added with handle 615
RuntimeCmd: Adding entry to ternary match table MyIngress.tb_hwimo_tree_1_2_3_4_5_6_7
match key:           TERNARY-01:b8:40:01 &&& 01:f8:50:43
action:              MyIngress.set_pred_1_2_3_4_5_6_7
runtime data:        00	00	04	05	02	01	01
Entry has been added with handle 616
RuntimeCmd: Adding entry to ternary match table MyIngress.tb_hwimo_tree_1_2_3_4_5_6_7
match key:           TERNARY-01:f8:40:01 &&& 01:f8:70:43
action:              MyIngress.set_pred_1_2_3_4_5_6_7
runtime data:        00	00	00	04	01	02	01
Entry has been added with handle 617
RuntimeCmd: Adding entry to ternary match table MyIngress.tb_hwimo_tree_1_2_3_4_5_6_7
match key:           TERNARY-01:f8:60:01 &&& 01:f8:70:43
action:              MyIngress.set_pred_1_2_3_4_5_6_7
runtime data:        00	00	04	05	02	01	01
Entry has been added with handle 618
RuntimeCmd: Adding entry to ternary match table MyIngress.tb_hwimo_tree_1_2_3_4_5_6_7
match key:           TERNARY-00:08:40:41 &&& 00:28:50:43
action:              MyIngress.set_pred_1_2_3_4_5_6_7
runtime data:        01	00	02	03	02	02	01
Entry has been added with handle 619
RuntimeCmd: Adding entry to ternary match table MyIngress.tb_hwimo_tree_1_2_3_4_5_6_7
match key:           TERNARY-00:28:40:41 &&& 00:28:50:43
action:              MyIngress.set_pred_1_2_3_4_5_6_7
runtime data:        01	00	02	03	02	02	01
Entry has been added with handle 620
RuntimeCmd: Adding entry to ternary match table MyIngress.tb_hwimo_tree_1_2_3_4_5_6_7
match key:           TERNARY-00:08:50:01 &&& 01:f8:50:03
action:              MyIngress.set_pred_1_2_3_4_5_6_7
runtime data:        00	00	04	05	01	02	01
Entry has been added with handle 621
RuntimeCmd: Adding entry to ternary match table MyIngress.tb_hwimo_tree_1_2_3_4_5_6_7
match key:           TERNARY-00:48:50:01 &&& 01:f8:50:03
action:              MyIngress.set_pred_1_2_3_4_5_6_7
runtime data:        00	00	01	02	01	02	01
Entry has been added with handle 622
RuntimeCmd: Adding entry to ternary match table MyIngress.tb_hwimo_tree_1_2_3_4_5_6_7
match key:           TERNARY-00:88:50:01 &&& 01:b8:50:03
action:              MyIngress.set_pred_1_2_3_4_5_6_7
runtime data:        00	00	04	06	01	02	01
Entry has been added with handle 623
RuntimeCmd: Adding entry to ternary match table MyIngress.tb_hwimo_tree_1_2_3_4_5_6_7
match key:           TERNARY-00:28:50:01 &&& 01:f8:50:03
action:              MyIngress.set_pred_1_2_3_4_5_6_7
runtime data:        00	00	04	06	01	02	01
Entry has been added with handle 624
RuntimeCmd: Adding entry to ternary match table MyIngress.tb_hwimo_tree_1_2_3_4_5_6_7
match key:           TERNARY-00:68:50:01 &&& 01:f8:50:03
action:              MyIngress.set_pred_1_2_3_4_5_6_7
runtime data:        00	00	04	06	01	02	01
Entry has been added with handle 625
RuntimeCmd: Adding entry to ternary match table MyIngress.tb_hwimo_tree_1_2_3_4_5_6_7
match key:           TERNARY-00:a8:50:01 &&& 01:f8:50:03
action:              MyIngress.set_pred_1_2_3_4_5_6_7
runtime data:        00	00	04	06	01	02	01
Entry has been added with handle 626
RuntimeCmd: Adding entry to ternary match table MyIngress.tb_hwimo_tree_1_2_3_4_5_6_7
match key:           TERNARY-00:e8:50:01 &&& 01:f8:50:03
action:              MyIngress.set_pred_1_2_3_4_5_6_7
runtime data:        00	00	04	06	02	02	01
Entry has been added with handle 627
RuntimeCmd: Adding entry to ternary match table MyIngress.tb_hwimo_tree_1_2_3_4_5_6_7
match key:           TERNARY-01:08:50:01 &&& 01:f8:50:43
action:              MyIngress.set_pred_1_2_3_4_5_6_7
runtime data:        00	00	04	06	01	02	01
Entry has been added with handle 628
RuntimeCmd: Adding entry to ternary match table MyIngress.tb_hwimo_tree_1_2_3_4_5_6_7
match key:           TERNARY-01:28:50:01 &&& 01:f8:50:43
action:              MyIngress.set_pred_1_2_3_4_5_6_7
runtime data:        00	00	04	06	01	02	01
Entry has been added with handle 629
RuntimeCmd: Adding entry to ternary match table MyIngress.tb_hwimo_tree_1_2_3_4_5_6_7
match key:           TERNARY-01:88:50:01 &&& 01:f8:50:43
action:              MyIngress.set_pred_1_2_3_4_5_6_7
runtime data:        00	01	04	06	01	02	01
Entry has been added with handle 630
RuntimeCmd: Adding entry to ternary match table MyIngress.tb_hwimo_tree_1_2_3_4_5_6_7
match key:           TERNARY-01:a8:50:01 &&& 01:f8:50:43
action:              MyIngress.set_pred_1_2_3_4_5_6_7
runtime data:        00	00	00	04	02	02	01
Entry has been added with handle 631
RuntimeCmd: Adding entry to ternary match table MyIngress.tb_hwimo_tree_1_2_3_4_5_6_7
match key:           TERNARY-01:08:50:41 &&& 01:58:50:43
action:              MyIngress.set_pred_1_2_3_4_5_6_7
runtime data:        01	00	00	00	01	00	01
Entry has been added with handle 632
RuntimeCmd: Adding entry to ternary match table MyIngress.tb_hwimo_tree_1_2_3_4_5_6_7
match key:           TERNARY-01:48:50:01 &&& 01:f8:50:03
action:              MyIngress.set_pred_1_2_3_4_5_6_7
runtime data:        00	00	04	06	01	02	01
Entry has been added with handle 633
RuntimeCmd: Adding entry to ternary match table MyIngress.tb_hwimo_tree_1_2_3_4_5_6_7
match key:           TERNARY-01:68:50:01 &&& 01:f8:50:03
action:              MyIngress.set_pred_1_2_3_4_5_6_7
runtime data:        00	00	04	06	01	01	01
Entry has been added with handle 634
RuntimeCmd: Adding entry to ternary match table MyIngress.tb_hwimo_tree_1_2_3_4_5_6_7
match key:           TERNARY-01:c8:50:01 &&& 01:d8:50:03
action:              MyIngress.set_pred_1_2_3_4_5_6_7
runtime data:        00	00	04	06	01	02	01
Entry has been added with handle 635
RuntimeCmd: Adding entry to ternary match table MyIngress.tb_hwimo_tree_1_2_3_4_5_6_7
match key:           TERNARY-00:18:50:01 &&& 01:f8:50:13
action:              MyIngress.set_pred_1_2_3_4_5_6_7
runtime data:        00	00	01	02	02	01	01
Entry has been added with handle 636
RuntimeCmd: Adding entry to ternary match table MyIngress.tb_hwimo_tree_1_2_3_4_5_6_7
match key:           TERNARY-00:58:50:01 &&& 01:f8:50:13
action:              MyIngress.set_pred_1_2_3_4_5_6_7
runtime data:        00	00	04	06	01	02	01
Entry has been added with handle 637
RuntimeCmd: Adding entry to ternary match table MyIngress.tb_hwimo_tree_1_2_3_4_5_6_7
match key:           TERNARY-00:18:50:11 &&& 01:b8:50:53
action:              MyIngress.set_pred_1_2_3_4_5_6_7
runtime data:        00	01	04	06	01	01	00
Entry has been added with handle 638
RuntimeCmd: Adding entry to ternary match table MyIngress.tb_hwimo_tree_1_2_3_4_5_6_7
match key:           TERNARY-00:18:50:51 &&& 01:b8:50:53
action:              MyIngress.set_pred_1_2_3_4_5_6_7
runtime data:        00	01	04	06	00	01	00
Entry has been added with handle 639
RuntimeCmd: Adding entry to ternary match table MyIngress.tb_hwimo_tree_1_2_3_4_5_6_7
match key:           TERNARY-00:38:50:01 &&& 01:f8:50:03
action:              MyIngress.set_pred_1_2_3_4_5_6_7
runtime data:        00	00	04	04	01	02	01
Entry has been added with handle 640
RuntimeCmd: Adding entry to ternary match table MyIngress.tb_hwimo_tree_1_2_3_4_5_6_7
match key:           TERNARY-00:78:50:01 &&& 01:f8:50:03
action:              MyIngress.set_pred_1_2_3_4_5_6_7
runtime data:        00	00	04	06	02	02	01
Entry has been added with handle 641
RuntimeCmd: Adding entry to ternary match table MyIngress.tb_hwimo_tree_1_2_3_4_5_6_7
match key:           TERNARY-00:98:50:01 &&& 01:f8:50:03
action:              MyIngress.set_pred_1_2_3_4_5_6_7
runtime data:        00	00	04	06	01	01	01
Entry has been added with handle 642
RuntimeCmd: Adding entry to ternary match table MyIngress.tb_hwimo_tree_1_2_3_4_5_6_7
match key:           TERNARY-00:d8:50:01 &&& 01:f8:50:03
action:              MyIngress.set_pred_1_2_3_4_5_6_7
runtime data:        00	00	04	06	01	01	01
Entry has been added with handle 643
RuntimeCmd: Adding entry to ternary match table MyIngress.tb_hwimo_tree_1_2_3_4_5_6_7
match key:           TERNARY-00:b8:50:01 &&& 01:f8:50:03
action:              MyIngress.set_pred_1_2_3_4_5_6_7
runtime data:        00	00	02	03	01	02	01
Entry has been added with handle 644
RuntimeCmd: Adding entry to ternary match table MyIngress.tb_hwimo_tree_1_2_3_4_5_6_7
match key:           TERNARY-00:f8:50:01 &&& 01:f8:50:03
action:              MyIngress.set_pred_1_2_3_4_5_6_7
runtime data:        00	00	04	06	01	02	01
Entry has been added with handle 645
RuntimeCmd: Adding entry to ternary match table MyIngress.tb_hwimo_tree_1_2_3_4_5_6_7
match key:           TERNARY-01:18:50:01 &&& 01:b8:50:03
action:              MyIngress.set_pred_1_2_3_4_5_6_7
runtime data:        00	01	04	06	02	02	02
Entry has been added with handle 646
RuntimeCmd: Adding entry to ternary match table MyIngress.tb_hwimo_tree_1_2_3_4_5_6_7
match key:           TERNARY-01:98:50:01 &&& 01:b8:50:03
action:              MyIngress.set_pred_1_2_3_4_5_6_7
runtime data:        00	01	02	03	01	02	01
Entry has been added with handle 647
RuntimeCmd: Adding entry to ternary match table MyIngress.tb_hwimo_tree_1_2_3_4_5_6_7
match key:           TERNARY-01:38:50:01 &&& 01:38:50:03
action:              MyIngress.set_pred_1_2_3_4_5_6_7
runtime data:        00	01	04	05	01	02	01
Entry has been added with handle 648
RuntimeCmd: Adding entry to ternary match table MyIngress.tb_hwimo_tree_1_2_3_4_5_6_7
match key:           TERNARY-00:00:40:02 &&& 01:f8:50:83
action:              MyIngress.set_pred_1_2_3_4_5_6_7
runtime data:        01	00	01	02	01	01	01
Entry has been added with handle 649
RuntimeCmd: Adding entry to ternary match table MyIngress.tb_hwimo_tree_1_2_3_4_5_6_7
match key:           TERNARY-00:40:40:02 &&& 01:f8:50:83
action:              MyIngress.set_pred_1_2_3_4_5_6_7
runtime data:        01	00	01	02	01	01	01
Entry has been added with handle 650
RuntimeCmd: Adding entry to ternary match table MyIngress.tb_hwimo_tree_1_2_3_4_5_6_7
match key:           TERNARY-00:10:40:02 &&& 01:b8:50:83
action:              MyIngress.set_pred_1_2_3_4_5_6_7
runtime data:        01	00	01	02	01	01	01
Entry has been added with handle 651
RuntimeCmd: Adding entry to ternary match table MyIngress.tb_hwimo_tree_1_2_3_4_5_6_7
match key:           TERNARY-00:00:40:82 &&& 01:a8:50:83
action:              MyIngress.set_pred_1_2_3_4_5_6_7
runtime data:        01	00	01	02	01	01	01
Entry has been added with handle 652
RuntimeCmd: Adding entry to ternary match table MyIngress.tb_hwimo_tree_1_2_3_4_5_6_7
match key:           TERNARY-00:20:40:02 &&& 01:f8:51:43
action:              MyIngress.set_pred_1_2_3_4_5_6_7
runtime data:        00	00	02	03	02	02	02
Entry has been added with handle 653
RuntimeCmd: Adding entry to ternary match table MyIngress.tb_hwimo_tree_1_2_3_4_5_6_7
match key:           TERNARY-00:30:40:02 &&& 01:f8:51:43
action:              MyIngress.set_pred_1_2_3_4_5_6_7
runtime data:        00	01	04	05	01	02	01
Entry has been added with handle 654
RuntimeCmd: Adding entry to ternary match table MyIngress.tb_hwimo_tree_1_2_3_4_5_6_7
match key:           TERNARY-00:60:40:02 &&& 01:f8:51:43
action:              MyIngress.set_pred_1_2_3_4_5_6_7
runtime data:        00	00	02	03	01	01	01
Entry has been added with handle 655
RuntimeCmd: Adding entry to ternary match table MyIngress.tb_hwimo_tree_1_2_3_4_5_6_7
match key:           TERNARY-00:70:40:02 &&& 01:f8:51:43
action:              MyIngress.set_pred_1_2_3_4_5_6_7
runtime data:        01	00	00	00	01	02	00
Entry has been added with handle 656
RuntimeCmd: Adding entry to ternary match table MyIngress.tb_hwimo_tree_1_2_3_4_5_6_7
match key:           TERNARY-00:20:41:02 &&& 01:a8:75:43
action:              MyIngress.set_pred_1_2_3_4_5_6_7
runtime data:        00	00	02	03	01	01	01
Entry has been added with handle 657
RuntimeCmd: Adding entry to ternary match table MyIngress.tb_hwimo_tree_1_2_3_4_5_6_7
match key:           TERNARY-00:20:45:02 &&& 01:a8:75:43
action:              MyIngress.set_pred_1_2_3_4_5_6_7
runtime data:        00	00	04	03	01	01	01
Entry has been added with handle 658
RuntimeCmd: Adding entry to ternary match table MyIngress.tb_hwimo_tree_1_2_3_4_5_6_7
match key:           TERNARY-00:20:61:02 &&& 01:a8:71:43
action:              MyIngress.set_pred_1_2_3_4_5_6_7
runtime data:        00	00	04	05	02	01	01
Entry has been added with handle 659
RuntimeCmd: Adding entry to ternary match table MyIngress.tb_hwimo_tree_1_2_3_4_5_6_7
match key:           TERNARY-00:20:40:42 &&& 01:a8:70:63
action:              MyIngress.set_pred_1_2_3_4_5_6_7
runtime data:        01	00	02	03	02	01	02
Entry has been added with handle 660
RuntimeCmd: Adding entry to ternary match table MyIngress.tb_hwimo_tree_1_2_3_4_5_6_7
match key:           TERNARY-00:20:60:42 &&& 01:a8:70:63
action:              MyIngress.set_pred_1_2_3_4_5_6_7
runtime data:        01	00	01	02	01	01	01
Entry has been added with handle 661
RuntimeCmd: Adding entry to ternary match table MyIngress.tb_hwimo_tree_1_2_3_4_5_6_7
match key:           TERNARY-00:20:40:62 &&& 01:a8:50:73
action:              MyIngress.set_pred_1_2_3_4_5_6_7
runtime data:        01	00	02	03	02	01	02
Entry has been added with handle 662
RuntimeCmd: Adding entry to ternary match table MyIngress.tb_hwimo_tree_1_2_3_4_5_6_7
match key:           TERNARY-00:20:40:72 &&& 01:a8:50:73
action:              MyIngress.set_pred_1_2_3_4_5_6_7
runtime data:        01	00	03	01	02	01	01
Entry has been added with handle 663
RuntimeCmd: Adding entry to ternary match table MyIngress.tb_hwimo_tree_1_2_3_4_5_6_7
match key:           TERNARY-00:00:40:03 &&& 01:f8:70:03
action:              MyIngress.set_pred_1_2_3_4_5_6_7
runtime data:        01	00	04	05	02	02	02
Entry has been added with handle 664
RuntimeCmd: Adding entry to ternary match table MyIngress.tb_hwimo_tree_1_2_3_4_5_6_7
match key:           TERNARY-00:20:40:03 &&& 05:f8:70:03
action:              MyIngress.set_pred_1_2_3_4_5_6_7
runtime data:        00	00	02	03	02	02	02
Entry has been added with handle 665
RuntimeCmd: Adding entry to ternary match table MyIngress.tb_hwimo_tree_1_2_3_4_5_6_7
match key:           TERNARY-04:20:40:03 &&& 05:f8:70:03
action:              MyIngress.set_pred_1_2_3_4_5_6_7
runtime data:        01	00	01	02	02	01	02
Entry has been added with handle 666
RuntimeCmd: Adding entry to ternary match table MyIngress.tb_hwimo_tree_1_2_3_4_5_6_7
match key:           TERNARY-00:10:40:03 &&& 01:f8:70:03
action:              MyIngress.set_pred_1_2_3_4_5_6_7
runtime data:        01	00	01	02	02	02	01
Entry has been added with handle 667
RuntimeCmd: Adding entry to ternary match table MyIngress.tb_hwimo_tree_1_2_3_4_5_6_7
match key:           TERNARY-00:30:40:03 &&& 01:f8:70:03
action:              MyIngress.set_pred_1_2_3_4_5_6_7
runtime data:        01	00	01	02	01	02	01
Entry has been added with handle 668
RuntimeCmd: Adding entry to ternary match table MyIngress.tb_hwimo_tree_1_2_3_4_5_6_7
match key:           TERNARY-00:40:40:03 &&& 01:f8:71:83
action:              MyIngress.set_pred_1_2_3_4_5_6_7
runtime data:        01	00	01	02	01	01	01
Entry has been added with handle 669
RuntimeCmd: Adding entry to ternary match table MyIngress.tb_hwimo_tree_1_2_3_4_5_6_7
match key:           TERNARY-00:60:40:03 &&& 01:f8:71:83
action:              MyIngress.set_pred_1_2_3_4_5_6_7
runtime data:        01	00	01	02	01	01	01
Entry has been added with handle 670
RuntimeCmd: Adding entry to ternary match table MyIngress.tb_hwimo_tree_1_2_3_4_5_6_7
match key:           TERNARY-00:40:40:83 &&& 01:d8:71:83
action:              MyIngress.set_pred_1_2_3_4_5_6_7
runtime data:        01	00	01	02	01	01	01
Entry has been added with handle 671
RuntimeCmd: Adding entry to ternary match table MyIngress.tb_hwimo_tree_1_2_3_4_5_6_7
match key:           TERNARY-00:50:40:03 &&& 01:f8:71:03
action:              MyIngress.set_pred_1_2_3_4_5_6_7
runtime data:        00	01	04	05	02	02	02
Entry has been added with handle 672
RuntimeCmd: Adding entry to ternary match table MyIngress.tb_hwimo_tree_1_2_3_4_5_6_7
match key:           TERNARY-00:70:40:03 &&& 01:f8:71:03
action:              MyIngress.set_pred_1_2_3_4_5_6_7
runtime data:        01	00	01	02	01	01	01
Entry has been added with handle 673
RuntimeCmd: Adding entry to ternary match table MyIngress.tb_hwimo_tree_1_2_3_4_5_6_7
match key:           TERNARY-00:40:41:03 &&& 01:c8:75:03
action:              MyIngress.set_pred_1_2_3_4_5_6_7
runtime data:        01	00	01	02	01	01	01
Entry has been added with handle 674
RuntimeCmd: Adding entry to ternary match table MyIngress.tb_hwimo_tree_1_2_3_4_5_6_7
match key:           TERNARY-00:40:45:03 &&& 01:c8:75:13
action:              MyIngress.set_pred_1_2_3_4_5_6_7
runtime data:        01	00	01	02	01	01	01
Entry has been added with handle 675
RuntimeCmd: Adding entry to ternary match table MyIngress.tb_hwimo_tree_1_2_3_4_5_6_7
match key:           TERNARY-00:40:45:13 &&& 01:c8:75:33
action:              MyIngress.set_pred_1_2_3_4_5_6_7
runtime data:        01	00	01	02	01	01	01
Entry has been added with handle 676
RuntimeCmd: Adding entry to ternary match table MyIngress.tb_hwimo_tree_1_2_3_4_5_6_7
match key:           TERNARY-00:40:45:33 &&& 01:c8:75:33
action:              MyIngress.set_pred_1_2_3_4_5_6_7
runtime data:        01	00	01	02	01	01	01
Entry has been added with handle 677
RuntimeCmd: Adding entry to ternary match table MyIngress.tb_hwimo_tree_1_2_3_4_5_6_7
match key:           TERNARY-00:00:60:03 &&& 01:d8:70:13
action:              MyIngress.set_pred_1_2_3_4_5_6_7
runtime data:        01	00	01	02	01	01	01
Entry has been added with handle 678
RuntimeCmd: Adding entry to ternary match table MyIngress.tb_hwimo_tree_1_2_3_4_5_6_7
match key:           TERNARY-00:10:60:03 &&& 01:f8:70:13
action:              MyIngress.set_pred_1_2_3_4_5_6_7
runtime data:        01	00	01	02	01	02	01
Entry has been added with handle 679
RuntimeCmd: Adding entry to ternary match table MyIngress.tb_hwimo_tree_1_2_3_4_5_6_7
match key:           TERNARY-00:30:60:03 &&& 01:f8:70:13
action:              MyIngress.set_pred_1_2_3_4_5_6_7
runtime data:        01	00	01	02	01	01	01
Entry has been added with handle 680
RuntimeCmd: Adding entry to ternary match table MyIngress.tb_hwimo_tree_1_2_3_4_5_6_7
match key:           TERNARY-00:40:60:03 &&& 01:e8:70:93
action:              MyIngress.set_pred_1_2_3_4_5_6_7
runtime data:        00	01	04	05	01	02	01
Entry has been added with handle 681
RuntimeCmd: Adding entry to ternary match table MyIngress.tb_hwimo_tree_1_2_3_4_5_6_7
match key:           TERNARY-00:40:60:83 &&& 01:e8:70:93
action:              MyIngress.set_pred_1_2_3_4_5_6_7
runtime data:        00	01	04	05	01	02	01
Entry has been added with handle 682
RuntimeCmd: Adding entry to ternary match table MyIngress.tb_hwimo_tree_1_2_3_4_5_6_7
match key:           TERNARY-00:60:60:03 &&& 01:f8:71:13
action:              MyIngress.set_pred_1_2_3_4_5_6_7
runtime data:        01	00	01	02	01	02	01
Entry has been added with handle 683
RuntimeCmd: Adding entry to ternary match table MyIngress.tb_hwimo_tree_1_2_3_4_5_6_7
match key:           TERNARY-00:60:61:03 &&& 01:f8:71:13
action:              MyIngress.set_pred_1_2_3_4_5_6_7
runtime data:        00	01	04	05	01	02	01
Entry has been added with handle 684
RuntimeCmd: Adding entry to ternary match table MyIngress.tb_hwimo_tree_1_2_3_4_5_6_7
match key:           TERNARY-00:70:60:03 &&& 01:f8:70:13
action:              MyIngress.set_pred_1_2_3_4_5_6_7
runtime data:        00	01	04	05	01	02	01
Entry has been added with handle 685
RuntimeCmd: Adding entry to ternary match table MyIngress.tb_hwimo_tree_1_2_3_4_5_6_7
match key:           TERNARY-00:00:60:13 &&& 01:88:70:13
action:              MyIngress.set_pred_1_2_3_4_5_6_7
runtime data:        01	00	01	02	01	01	01
Entry has been added with handle 686
RuntimeCmd: Adding entry to ternary match table MyIngress.tb_hwimo_tree_1_2_3_4_5_6_7
match key:           TERNARY-00:80:40:02 &&& 01:f8:70:02
action:              MyIngress.set_pred_1_2_3_4_5_6_7
runtime data:        01	00	01	02	01	01	01
Entry has been added with handle 687
RuntimeCmd: Adding entry to ternary match table MyIngress.tb_hwimo_tree_1_2_3_4_5_6_7
match key:           TERNARY-00:80:60:02 &&& 01:f8:70:02
action:              MyIngress.set_pred_1_2_3_4_5_6_7
runtime data:        01	00	01	02	01	01	01
Entry has been added with handle 688
RuntimeCmd: Adding entry to ternary match table MyIngress.tb_hwimo_tree_1_2_3_4_5_6_7
match key:           TERNARY-00:90:40:02 &&& 01:f8:70:03
action:              MyIngress.set_pred_1_2_3_4_5_6_7
runtime data:        01	00	00	00	01	02	01
Entry has been added with handle 689
RuntimeCmd: Adding entry to ternary match table MyIngress.tb_hwimo_tree_1_2_3_4_5_6_7
match key:           TERNARY-00:90:40:03 &&& 01:f8:70:03
action:              MyIngress.set_pred_1_2_3_4_5_6_7
runtime data:        01	00	01	02	01	02	01
Entry has been added with handle 690
RuntimeCmd: Adding entry to ternary match table MyIngress.tb_hwimo_tree_1_2_3_4_5_6_7
match key:           TERNARY-00:90:60:02 &&& 01:f8:70:02
action:              MyIngress.set_pred_1_2_3_4_5_6_7
runtime data:        01	00	01	02	01	01	00
Entry has been added with handle 691
RuntimeCmd: Adding entry to ternary match table MyIngress.tb_hwimo_tree_1_2_3_4_5_6_7
match key:           TERNARY-00:a0:40:02 &&& 01:e8:50:03
action:              MyIngress.set_pred_1_2_3_4_5_6_7
runtime data:        00	00	02	03	02	02	02
Entry has been added with handle 692
RuntimeCmd: Adding entry to ternary match table MyIngress.tb_hwimo_tree_1_2_3_4_5_6_7
match key:           TERNARY-00:a0:40:03 &&& 01:f8:70:03
action:              MyIngress.set_pred_1_2_3_4_5_6_7
runtime data:        00	01	04	06	01	02	01
Entry has been added with handle 693
RuntimeCmd: Adding entry to ternary match table MyIngress.tb_hwimo_tree_1_2_3_4_5_6_7
match key:           TERNARY-00:a0:60:03 &&& 01:f8:70:03
action:              MyIngress.set_pred_1_2_3_4_5_6_7
runtime data:        01	00	01	02	01	01	01
Entry has been added with handle 694
RuntimeCmd: Adding entry to ternary match table MyIngress.tb_hwimo_tree_1_2_3_4_5_6_7
match key:           TERNARY-00:b0:40:03 &&& 01:f8:50:03
action:              MyIngress.set_pred_1_2_3_4_5_6_7
runtime data:        01	00	01	02	01	01	01
Entry has been added with handle 695
RuntimeCmd: Adding entry to ternary match table MyIngress.tb_hwimo_tree_1_2_3_4_5_6_7
match key:           TERNARY-00:c0:40:02 &&& 01:f8:50:03
action:              MyIngress.set_pred_1_2_3_4_5_6_7
runtime data:        00	00	02	03	02	02	02
Entry has been added with handle 696
RuntimeCmd: Adding entry to ternary match table MyIngress.tb_hwimo_tree_1_2_3_4_5_6_7
match key:           TERNARY-00:d0:40:02 &&& 01:f8:50:03
action:              MyIngress.set_pred_1_2_3_4_5_6_7
runtime data:        01	00	01	02	01	01	01
Entry has been added with handle 697
RuntimeCmd: Adding entry to ternary match table MyIngress.tb_hwimo_tree_1_2_3_4_5_6_7
match key:           TERNARY-00:e0:40:02 &&& 01:f8:50:03
action:              MyIngress.set_pred_1_2_3_4_5_6_7
runtime data:        01	00	01	02	01	01	01
Entry has been added with handle 698
RuntimeCmd: Adding entry to ternary match table MyIngress.tb_hwimo_tree_1_2_3_4_5_6_7
match key:           TERNARY-00:f0:40:02 &&& 01:f8:50:03
action:              MyIngress.set_pred_1_2_3_4_5_6_7
runtime data:        00	01	04	05	01	02	01
Entry has been added with handle 699
RuntimeCmd: Adding entry to ternary match table MyIngress.tb_hwimo_tree_1_2_3_4_5_6_7
match key:           TERNARY-00:c0:40:03 &&& 01:e8:70:03
action:              MyIngress.set_pred_1_2_3_4_5_6_7
runtime data:        00	01	04	06	02	02	02
Entry has been added with handle 700
RuntimeCmd: Adding entry to ternary match table MyIngress.tb_hwimo_tree_1_2_3_4_5_6_7
match key:           TERNARY-00:e0:40:03 &&& 01:f8:70:03
action:              MyIngress.set_pred_1_2_3_4_5_6_7
runtime data:        00	01	04	05	02	02	02
Entry has been added with handle 701
RuntimeCmd: Adding entry to ternary match table MyIngress.tb_hwimo_tree_1_2_3_4_5_6_7
match key:           TERNARY-00:f0:40:03 &&& 01:f8:70:03
action:              MyIngress.set_pred_1_2_3_4_5_6_7
runtime data:        00	01	04	05	02	02	02
Entry has been added with handle 702
RuntimeCmd: Adding entry to ternary match table MyIngress.tb_hwimo_tree_1_2_3_4_5_6_7
match key:           TERNARY-00:c0:60:03 &&& 01:c8:70:03
action:              MyIngress.set_pred_1_2_3_4_5_6_7
runtime data:        00	01	04	05	01	02	01
Entry has been added with handle 703
RuntimeCmd: Adding entry to ternary match table MyIngress.tb_hwimo_tree_1_2_3_4_5_6_7
match key:           TERNARY-00:08:40:02 &&& 01:f8:50:03
action:              MyIngress.set_pred_1_2_3_4_5_6_7
runtime data:        01	00	01	02	01	01	01
Entry has been added with handle 704
RuntimeCmd: Adding entry to ternary match table MyIngress.tb_hwimo_tree_1_2_3_4_5_6_7
match key:           TERNARY-00:08:40:03 &&& 01:f8:70:03
action:              MyIngress.set_pred_1_2_3_4_5_6_7
runtime data:        01	00	01	02	01	02	01
Entry has been added with handle 705
RuntimeCmd: Adding entry to ternary match table MyIngress.tb_hwimo_tree_1_2_3_4_5_6_7
match key:           TERNARY-00:08:60:03 &&& 01:f8:70:03
action:              MyIngress.set_pred_1_2_3_4_5_6_7
runtime data:        01	00	01	02	01	02	01
Entry has been added with handle 706
RuntimeCmd: Adding entry to ternary match table MyIngress.tb_hwimo_tree_1_2_3_4_5_6_7
match key:           TERNARY-00:88:40:02 &&& 01:f8:50:13
action:              MyIngress.set_pred_1_2_3_4_5_6_7
runtime data:        01	00	02	03	01	01	01
Entry has been added with handle 707
RuntimeCmd: Adding entry to ternary match table MyIngress.tb_hwimo_tree_1_2_3_4_5_6_7
match key:           TERNARY-00:88:40:03 &&& 01:f8:70:13
action:              MyIngress.set_pred_1_2_3_4_5_6_7
runtime data:        01	00	01	02	01	01	01
Entry has been added with handle 708
RuntimeCmd: Adding entry to ternary match table MyIngress.tb_hwimo_tree_1_2_3_4_5_6_7
match key:           TERNARY-00:88:60:03 &&& 01:f8:70:13
action:              MyIngress.set_pred_1_2_3_4_5_6_7
runtime data:        01	00	01	02	01	02	01
Entry has been added with handle 709
RuntimeCmd: Adding entry to ternary match table MyIngress.tb_hwimo_tree_1_2_3_4_5_6_7
match key:           TERNARY-00:88:40:12 &&& 01:f8:50:12
action:              MyIngress.set_pred_1_2_3_4_5_6_7
runtime data:        01	00	00	00	01	02	01
Entry has been added with handle 710
RuntimeCmd: Adding entry to ternary match table MyIngress.tb_hwimo_tree_1_2_3_4_5_6_7
match key:           TERNARY-00:28:40:02 &&& 01:f8:50:03
action:              MyIngress.set_pred_1_2_3_4_5_6_7
runtime data:        01	00	00	00	01	02	01
Entry has been added with handle 711
RuntimeCmd: Adding entry to ternary match table MyIngress.tb_hwimo_tree_1_2_3_4_5_6_7
match key:           TERNARY-00:28:40:03 &&& 01:f8:70:03
action:              MyIngress.set_pred_1_2_3_4_5_6_7
runtime data:        01	00	01	02	01	02	01
Entry has been added with handle 712
RuntimeCmd: Adding entry to ternary match table MyIngress.tb_hwimo_tree_1_2_3_4_5_6_7
match key:           TERNARY-00:28:60:03 &&& 01:f8:70:03
action:              MyIngress.set_pred_1_2_3_4_5_6_7
runtime data:        01	00	01	02	01	02	01
Entry has been added with handle 713
RuntimeCmd: Adding entry to ternary match table MyIngress.tb_hwimo_tree_1_2_3_4_5_6_7
match key:           TERNARY-00:a8:40:02 &&& 01:f8:50:03
action:              MyIngress.set_pred_1_2_3_4_5_6_7
runtime data:        01	00	00	00	01	02	01
Entry has been added with handle 714
RuntimeCmd: Adding entry to ternary match table MyIngress.tb_hwimo_tree_1_2_3_4_5_6_7
match key:           TERNARY-00:a8:40:03 &&& 01:f8:50:03
action:              MyIngress.set_pred_1_2_3_4_5_6_7
runtime data:        01	00	00	00	01	02	01
Entry has been added with handle 715
RuntimeCmd: Adding entry to ternary match table MyIngress.tb_hwimo_tree_1_2_3_4_5_6_7
match key:           TERNARY-00:48:40:02 &&& 01:f8:50:03
action:              MyIngress.set_pred_1_2_3_4_5_6_7
runtime data:        01	00	01	02	01	01	01
Entry has been added with handle 716
RuntimeCmd: Adding entry to ternary match table MyIngress.tb_hwimo_tree_1_2_3_4_5_6_7
match key:           TERNARY-00:68:40:02 &&& 01:f8:50:03
action:              MyIngress.set_pred_1_2_3_4_5_6_7
runtime data:        01	00	01	02	01	02	00
Entry has been added with handle 717
RuntimeCmd: Adding entry to ternary match table MyIngress.tb_hwimo_tree_1_2_3_4_5_6_7
match key:           TERNARY-00:c8:40:02 &&& 01:d8:50:03
action:              MyIngress.set_pred_1_2_3_4_5_6_7
runtime data:        01	00	00	00	01	02	01
Entry has been added with handle 718
RuntimeCmd: Adding entry to ternary match table MyIngress.tb_hwimo_tree_1_2_3_4_5_6_7
match key:           TERNARY-00:48:40:03 &&& 01:f8:70:13
action:              MyIngress.set_pred_1_2_3_4_5_6_7
runtime data:        01	00	01	02	01	01	01
Entry has been added with handle 719
RuntimeCmd: Adding entry to ternary match table MyIngress.tb_hwimo_tree_1_2_3_4_5_6_7
match key:           TERNARY-00:48:60:03 &&& 01:f8:70:13
action:              MyIngress.set_pred_1_2_3_4_5_6_7
runtime data:        01	00	01	02	01	01	00
Entry has been added with handle 720
RuntimeCmd: Adding entry to ternary match table MyIngress.tb_hwimo_tree_1_2_3_4_5_6_7
match key:           TERNARY-00:c8:40:03 &&& 01:f8:50:13
action:              MyIngress.set_pred_1_2_3_4_5_6_7
runtime data:        01	00	01	02	01	01	01
Entry has been added with handle 721
RuntimeCmd: Adding entry to ternary match table MyIngress.tb_hwimo_tree_1_2_3_4_5_6_7
match key:           TERNARY-00:68:40:03 &&& 01:f8:50:13
action:              MyIngress.set_pred_1_2_3_4_5_6_7
runtime data:        01	00	01	02	01	01	01
Entry has been added with handle 722
RuntimeCmd: Adding entry to ternary match table MyIngress.tb_hwimo_tree_1_2_3_4_5_6_7
match key:           TERNARY-00:e8:40:03 &&& 01:f8:50:13
action:              MyIngress.set_pred_1_2_3_4_5_6_7
runtime data:        01	00	00	00	01	02	01
Entry has been added with handle 723
RuntimeCmd: Adding entry to ternary match table MyIngress.tb_hwimo_tree_1_2_3_4_5_6_7
match key:           TERNARY-00:48:40:13 &&& 01:58:50:13
action:              MyIngress.set_pred_1_2_3_4_5_6_7
runtime data:        01	00	00	00	01	02	01
Entry has been added with handle 724
RuntimeCmd: Adding entry to ternary match table MyIngress.tb_hwimo_tree_1_2_3_4_5_6_7
match key:           TERNARY-00:18:40:02 &&& 01:b8:50:03
action:              MyIngress.set_pred_1_2_3_4_5_6_7
runtime data:        01	00	01	02	01	01	01
Entry has been added with handle 725
RuntimeCmd: Adding entry to ternary match table MyIngress.tb_hwimo_tree_1_2_3_4_5_6_7
match key:           TERNARY-00:98:40:02 &&& 01:b8:50:03
action:              MyIngress.set_pred_1_2_3_4_5_6_7
runtime data:        01	00	01	02	01	01	01
Entry has been added with handle 726
RuntimeCmd: Adding entry to ternary match table MyIngress.tb_hwimo_tree_1_2_3_4_5_6_7
match key:           TERNARY-00:38:40:02 &&& 01:f8:50:03
action:              MyIngress.set_pred_1_2_3_4_5_6_7
runtime data:        01	00	01	02	01	01	01
Entry has been added with handle 727
RuntimeCmd: Adding entry to ternary match table MyIngress.tb_hwimo_tree_1_2_3_4_5_6_7
match key:           TERNARY-00:b8:40:02 &&& 01:f8:50:03
action:              MyIngress.set_pred_1_2_3_4_5_6_7
runtime data:        01	00	01	02	01	01	01
Entry has been added with handle 728
RuntimeCmd: Adding entry to ternary match table MyIngress.tb_hwimo_tree_1_2_3_4_5_6_7
match key:           TERNARY-00:78:40:02 &&& 01:78:50:03
action:              MyIngress.set_pred_1_2_3_4_5_6_7
runtime data:        01	00	01	02	01	01	01
Entry has been added with handle 729
RuntimeCmd: Adding entry to ternary match table MyIngress.tb_hwimo_tree_1_2_3_4_5_6_7
match key:           TERNARY-00:18:40:03 &&& 01:f8:70:03
action:              MyIngress.set_pred_1_2_3_4_5_6_7
runtime data:        01	00	01	02	01	02	01
Entry has been added with handle 730
RuntimeCmd: Adding entry to ternary match table MyIngress.tb_hwimo_tree_1_2_3_4_5_6_7
match key:           TERNARY-00:58:40:03 &&& 01:f8:70:03
action:              MyIngress.set_pred_1_2_3_4_5_6_7
runtime data:        01	00	01	02	01	02	01
Entry has been added with handle 731
RuntimeCmd: Adding entry to ternary match table MyIngress.tb_hwimo_tree_1_2_3_4_5_6_7
match key:           TERNARY-00:98:40:03 &&& 01:b8:70:03
action:              MyIngress.set_pred_1_2_3_4_5_6_7
runtime data:        01	00	01	02	01	02	01
Entry has been added with handle 732
RuntimeCmd: Adding entry to ternary match table MyIngress.tb_hwimo_tree_1_2_3_4_5_6_7
match key:           TERNARY-00:18:60:03 &&& 01:b8:70:03
action:              MyIngress.set_pred_1_2_3_4_5_6_7
runtime data:        00	00	01	02	01	02	01
Entry has been added with handle 733
RuntimeCmd: Adding entry to ternary match table MyIngress.tb_hwimo_tree_1_2_3_4_5_6_7
match key:           TERNARY-00:98:60:03 &&& 01:b8:70:03
action:              MyIngress.set_pred_1_2_3_4_5_6_7
runtime data:        01	00	01	02	01	02	01
Entry has been added with handle 734
RuntimeCmd: Adding entry to ternary match table MyIngress.tb_hwimo_tree_1_2_3_4_5_6_7
match key:           TERNARY-00:38:40:03 &&& 03:f8:70:03
action:              MyIngress.set_pred_1_2_3_4_5_6_7
runtime data:        01	00	01	02	01	01	01
Entry has been added with handle 735
RuntimeCmd: Adding entry to ternary match table MyIngress.tb_hwimo_tree_1_2_3_4_5_6_7
match key:           TERNARY-02:38:40:03 &&& 03:f8:70:03
action:              MyIngress.set_pred_1_2_3_4_5_6_7
runtime data:        01	00	01	02	01	01	01
Entry has been added with handle 736
RuntimeCmd: Adding entry to ternary match table MyIngress.tb_hwimo_tree_1_2_3_4_5_6_7
match key:           TERNARY-00:38:60:03 &&& 01:f8:70:03
action:              MyIngress.set_pred_1_2_3_4_5_6_7
runtime data:        01	00	01	02	01	02	01
Entry has been added with handle 737
RuntimeCmd: Adding entry to ternary match table MyIngress.tb_hwimo_tree_1_2_3_4_5_6_7
match key:           TERNARY-00:b8:40:03 &&& 01:f8:70:03
action:              MyIngress.set_pred_1_2_3_4_5_6_7
runtime data:        01	00	01	02	01	01	01
Entry has been added with handle 738
RuntimeCmd: Adding entry to ternary match table MyIngress.tb_hwimo_tree_1_2_3_4_5_6_7
match key:           TERNARY-00:b8:60:03 &&& 01:f8:70:03
action:              MyIngress.set_pred_1_2_3_4_5_6_7
runtime data:        01	00	01	02	01	01	01
Entry has been added with handle 739
RuntimeCmd: Adding entry to ternary match table MyIngress.tb_hwimo_tree_1_2_3_4_5_6_7
match key:           TERNARY-00:78:40:03 &&& 01:f8:70:03
action:              MyIngress.set_pred_1_2_3_4_5_6_7
runtime data:        01	00	01	02	01	01	01
Entry has been added with handle 740
RuntimeCmd: Adding entry to ternary match table MyIngress.tb_hwimo_tree_1_2_3_4_5_6_7
match key:           TERNARY-00:78:60:03 &&& 01:f8:70:03
action:              MyIngress.set_pred_1_2_3_4_5_6_7
runtime data:        01	00	01	02	01	02	01
Entry has been added with handle 741
RuntimeCmd: Adding entry to ternary match table MyIngress.tb_hwimo_tree_1_2_3_4_5_6_7
match key:           TERNARY-00:f8:40:03 &&& 01:f8:50:03
action:              MyIngress.set_pred_1_2_3_4_5_6_7
runtime data:        01	00	01	02	01	01	01
Entry has been added with handle 742
RuntimeCmd: Adding entry to ternary match table MyIngress.tb_hwimo_tree_1_2_3_4_5_6_7
match key:           TERNARY-01:00:40:02 &&& 03:f8:70:02
action:              MyIngress.set_pred_1_2_3_4_5_6_7
runtime data:        00	01	04	05	01	02	01
Entry has been added with handle 743
RuntimeCmd: Adding entry to ternary match table MyIngress.tb_hwimo_tree_1_2_3_4_5_6_7
match key:           TERNARY-01:10:40:02 &&& 13:f8:70:02
action:              MyIngress.set_pred_1_2_3_4_5_6_7
runtime data:        01	00	01	02	02	02	01
Entry has been added with handle 744
RuntimeCmd: Adding entry to ternary match table MyIngress.tb_hwimo_tree_1_2_3_4_5_6_7
match key:           TERNARY-11:10:40:02 &&& 13:f8:70:02
action:              MyIngress.set_pred_1_2_3_4_5_6_7
runtime data:        01	00	01	02	02	01	02
Entry has been added with handle 745
RuntimeCmd: Adding entry to ternary match table MyIngress.tb_hwimo_tree_1_2_3_4_5_6_7
match key:           TERNARY-03:00:40:02 &&& 03:e8:70:02
action:              MyIngress.set_pred_1_2_3_4_5_6_7
runtime data:        01	00	01	02	01	01	01
Entry has been added with handle 746
RuntimeCmd: Adding entry to ternary match table MyIngress.tb_hwimo_tree_1_2_3_4_5_6_7
match key:           TERNARY-01:08:40:02 &&& 01:f8:70:02
action:              MyIngress.set_pred_1_2_3_4_5_6_7
runtime data:        01	00	01	02	01	01	01
Entry has been added with handle 747
RuntimeCmd: Adding entry to ternary match table MyIngress.tb_hwimo_tree_1_2_3_4_5_6_7
match key:           TERNARY-01:18:40:02 &&& 01:f8:70:02
action:              MyIngress.set_pred_1_2_3_4_5_6_7
runtime data:        00	00	01	02	01	01	01
Entry has been added with handle 748
RuntimeCmd: Adding entry to ternary match table MyIngress.tb_hwimo_tree_1_2_3_4_5_6_7
match key:           TERNARY-01:80:40:02 &&& 03:f8:70:02
action:              MyIngress.set_pred_1_2_3_4_5_6_7
runtime data:        00	01	02	03	02	02	02
Entry has been added with handle 749
RuntimeCmd: Adding entry to ternary match table MyIngress.tb_hwimo_tree_1_2_3_4_5_6_7
match key:           TERNARY-01:90:40:02 &&& 03:f8:70:02
action:              MyIngress.set_pred_1_2_3_4_5_6_7
runtime data:        00	01	02	03	02	02	02
Entry has been added with handle 750
RuntimeCmd: Adding entry to ternary match table MyIngress.tb_hwimo_tree_1_2_3_4_5_6_7
match key:           TERNARY-01:88:40:02 &&& 03:f8:70:02
action:              MyIngress.set_pred_1_2_3_4_5_6_7
runtime data:        00	00	01	02	02	01	02
Entry has been added with handle 751
RuntimeCmd: Adding entry to ternary match table MyIngress.tb_hwimo_tree_1_2_3_4_5_6_7
match key:           TERNARY-01:98:40:02 &&& 03:f8:70:02
action:              MyIngress.set_pred_1_2_3_4_5_6_7
runtime data:        01	00	01	02	02	01	02
Entry has been added with handle 752
RuntimeCmd: Adding entry to ternary match table MyIngress.tb_hwimo_tree_1_2_3_4_5_6_7
match key:           TERNARY-03:80:40:02 &&& 03:e0:70:02
action:              MyIngress.set_pred_1_2_3_4_5_6_7
runtime data:        01	00	01	02	02	01	02
Entry has been added with handle 753
RuntimeCmd: Adding entry to ternary match table MyIngress.tb_hwimo_tree_1_2_3_4_5_6_7
match key:           TERNARY-01:20:40:02 &&& 03:f0:70:03
action:              MyIngress.set_pred_1_2_3_4_5_6_7
runtime data:        01	00	01	02	01	01	01
Entry has been added with handle 754
RuntimeCmd: Adding entry to ternary match table MyIngress.tb_hwimo_tree_1_2_3_4_5_6_7
match key:           TERNARY-01:30:40:02 &&& 03:f0:70:03
action:              MyIngress.set_pred_1_2_3_4_5_6_7
runtime data:        00	01	04	05	01	02	01
Entry has been added with handle 755
RuntimeCmd: Adding entry to ternary match table MyIngress.tb_hwimo_tree_1_2_3_4_5_6_7
match key:           TERNARY-01:20:40:03 &&& 03:f8:70:03
action:              MyIngress.set_pred_1_2_3_4_5_6_7
runtime data:        00	01	04	05	01	02	01
Entry has been added with handle 756
RuntimeCmd: Adding entry to ternary match table MyIngress.tb_hwimo_tree_1_2_3_4_5_6_7
match key:           TERNARY-01:28:40:03 &&& 03:f8:70:03
action:              MyIngress.set_pred_1_2_3_4_5_6_7
runtime data:        00	01	04	05	02	02	02
Entry has been added with handle 757
RuntimeCmd: Adding entry to ternary match table MyIngress.tb_hwimo_tree_1_2_3_4_5_6_7
match key:           TERNARY-01:30:40:03 &&& 03:f8:70:03
action:              MyIngress.set_pred_1_2_3_4_5_6_7
runtime data:        00	01	00	04	02	02	01
Entry has been added with handle 758
RuntimeCmd: Adding entry to ternary match table MyIngress.tb_hwimo_tree_1_2_3_4_5_6_7
match key:           TERNARY-01:38:40:03 &&& 03:f8:70:03
action:              MyIngress.set_pred_1_2_3_4_5_6_7
runtime data:        00	01	04	05	02	02	01
Entry has been added with handle 759
RuntimeCmd: Adding entry to ternary match table MyIngress.tb_hwimo_tree_1_2_3_4_5_6_7
match key:           TERNARY-03:20:40:02 &&& 03:e0:70:02
action:              MyIngress.set_pred_1_2_3_4_5_6_7
runtime data:        01	00	01	02	02	01	02
Entry has been added with handle 760
RuntimeCmd: Adding entry to ternary match table MyIngress.tb_hwimo_tree_1_2_3_4_5_6_7
match key:           TERNARY-01:a0:40:02 &&& 01:f0:70:02
action:              MyIngress.set_pred_1_2_3_4_5_6_7
runtime data:        01	00	01	02	01	01	01
Entry has been added with handle 761
RuntimeCmd: Adding entry to ternary match table MyIngress.tb_hwimo_tree_1_2_3_4_5_6_7
match key:           TERNARY-01:b0:40:02 &&& 01:f0:70:02
action:              MyIngress.set_pred_1_2_3_4_5_6_7
runtime data:        01	00	01	02	02	01	01
Entry has been added with handle 762
RuntimeCmd: Adding entry to ternary match table MyIngress.tb_hwimo_tree_1_2_3_4_5_6_7
match key:           TERNARY-01:00:60:02 &&& 01:58:70:02
action:              MyIngress.set_pred_1_2_3_4_5_6_7
runtime data:        01	00	01	02	01	02	01
Entry has been added with handle 763
RuntimeCmd: Adding entry to ternary match table MyIngress.tb_hwimo_tree_1_2_3_4_5_6_7
match key:           TERNARY-01:08:60:02 &&& 01:58:70:02
action:              MyIngress.set_pred_1_2_3_4_5_6_7
runtime data:        01	00	01	02	01	01	01
Entry has been added with handle 764
RuntimeCmd: Adding entry to ternary match table MyIngress.tb_hwimo_tree_1_2_3_4_5_6_7
match key:           TERNARY-01:10:60:02 &&& 01:50:70:02
action:              MyIngress.set_pred_1_2_3_4_5_6_7
runtime data:        00	01	04	05	01	02	01
Entry has been added with handle 765
RuntimeCmd: Adding entry to ternary match table MyIngress.tb_hwimo_tree_1_2_3_4_5_6_7
match key:           TERNARY-01:40:40:02 &&& 01:48:50:03
action:              MyIngress.set_pred_1_2_3_4_5_6_7
runtime data:        01	00	01	02	01	01	01
Entry has been added with handle 766
RuntimeCmd: Adding entry to ternary match table MyIngress.tb_hwimo_tree_1_2_3_4_5_6_7
match key:           TERNARY-01:40:40:03 &&& 01:f8:50:03
action:              MyIngress.set_pred_1_2_3_4_5_6_7
runtime data:        00	00	02	03	02	02	02
Entry has been added with handle 767
RuntimeCmd: Adding entry to ternary match table MyIngress.tb_hwimo_tree_1_2_3_4_5_6_7
match key:           TERNARY-01:60:40:03 &&& 01:f8:50:03
action:              MyIngress.set_pred_1_2_3_4_5_6_7
runtime data:        00	00	01	02	01	01	01
Entry has been added with handle 768
RuntimeCmd: Adding entry to ternary match table MyIngress.tb_hwimo_tree_1_2_3_4_5_6_7
match key:           TERNARY-01:50:40:03 &&& 01:d8:50:03
action:              MyIngress.set_pred_1_2_3_4_5_6_7
runtime data:        00	01	04	05	02	02	02
Entry has been added with handle 769
RuntimeCmd: Adding entry to ternary match table MyIngress.tb_hwimo_tree_1_2_3_4_5_6_7
match key:           TERNARY-01:c0:40:03 &&& 01:e8:50:03
action:              MyIngress.set_pred_1_2_3_4_5_6_7
runtime data:        01	00	01	02	01	01	01
Entry has been added with handle 770
RuntimeCmd: Adding entry to ternary match table MyIngress.tb_hwimo_tree_1_2_3_4_5_6_7
match key:           TERNARY-01:e0:40:03 &&& 01:e8:50:03
action:              MyIngress.set_pred_1_2_3_4_5_6_7
runtime data:        01	00	01	02	02	01	02
Entry has been added with handle 771
RuntimeCmd: Adding entry to ternary match table MyIngress.tb_hwimo_tree_1_2_3_4_5_6_7
match key:           TERNARY-01:48:40:02 &&& 01:f8:50:03
action:              MyIngress.set_pred_1_2_3_4_5_6_7
runtime data:        01	00	01	02	01	01	01
Entry has been added with handle 772
RuntimeCmd: Adding entry to ternary match table MyIngress.tb_hwimo_tree_1_2_3_4_5_6_7
match key:           TERNARY-01:48:40:03 &&& 01:f8:50:03
action:              MyIngress.set_pred_1_2_3_4_5_6_7
runtime data:        00	01	00	04	02	02	01
Entry has been added with handle 773
RuntimeCmd: Adding entry to ternary match table MyIngress.tb_hwimo_tree_1_2_3_4_5_6_7
match key:           TERNARY-01:68:40:02 &&& 01:f8:50:02
action:              MyIngress.set_pred_1_2_3_4_5_6_7
runtime data:        01	00	01	02	01	01	01
Entry has been added with handle 774
RuntimeCmd: Adding entry to ternary match table MyIngress.tb_hwimo_tree_1_2_3_4_5_6_7
match key:           TERNARY-01:c8:40:02 &&& 01:f8:50:02
action:              MyIngress.set_pred_1_2_3_4_5_6_7
runtime data:        01	00	01	02	01	01	01
Entry has been added with handle 775
RuntimeCmd: Adding entry to ternary match table MyIngress.tb_hwimo_tree_1_2_3_4_5_6_7
match key:           TERNARY-01:e8:40:02 &&& 01:f8:50:02
action:              MyIngress.set_pred_1_2_3_4_5_6_7
runtime data:        01	00	01	02	01	01	01
Entry has been added with handle 776
RuntimeCmd: Adding entry to ternary match table MyIngress.tb_hwimo_tree_1_2_3_4_5_6_7
match key:           TERNARY-01:58:40:02 &&& 01:78:50:03
action:              MyIngress.set_pred_1_2_3_4_5_6_7
runtime data:        01	00	01	02	01	01	01
Entry has been added with handle 777
RuntimeCmd: Adding entry to ternary match table MyIngress.tb_hwimo_tree_1_2_3_4_5_6_7
match key:           TERNARY-01:58:40:03 &&& 01:78:50:03
action:              MyIngress.set_pred_1_2_3_4_5_6_7
runtime data:        00	01	01	02	02	02	02
Entry has been added with handle 778
RuntimeCmd: Adding entry to ternary match table MyIngress.tb_hwimo_tree_1_2_3_4_5_6_7
match key:           TERNARY-01:78:40:02 &&& 01:78:70:03
action:              MyIngress.set_pred_1_2_3_4_5_6_7
runtime data:        01	00	01	02	01	01	01
Entry has been added with handle 779
RuntimeCmd: Adding entry to ternary match table MyIngress.tb_hwimo_tree_1_2_3_4_5_6_7
match key:           TERNARY-01:78:40:03 &&& 01:78:70:03
action:              MyIngress.set_pred_1_2_3_4_5_6_7
runtime data:        01	00	01	02	01	01	01
Entry has been added with handle 780
RuntimeCmd: Adding entry to ternary match table MyIngress.tb_hwimo_tree_1_2_3_4_5_6_7
match key:           TERNARY-01:78:60:02 &&& 01:78:70:02
action:              MyIngress.set_pred_1_2_3_4_5_6_7
runtime data:        01	00	01	02	01	02	01
Entry has been added with handle 781
RuntimeCmd: Adding entry to ternary match table MyIngress.tb_hwimo_tree_1_2_3_4_5_6_7
match key:           TERNARY-00:00:50:02 &&& 00:20:74:03
action:              MyIngress.set_pred_1_2_3_4_5_6_7
runtime data:        00	01	04	06	00	00	00
Entry has been added with handle 782
RuntimeCmd: Adding entry to ternary match table MyIngress.tb_hwimo_tree_1_2_3_4_5_6_7
match key:           TERNARY-00:00:70:02 &&& 00:20:74:03
action:              MyIngress.set_pred_1_2_3_4_5_6_7
runtime data:        01	00	00	00	00	00	00
Entry has been added with handle 783
RuntimeCmd: Adding entry to ternary match table MyIngress.tb_hwimo_tree_1_2_3_4_5_6_7
match key:           TERNARY-00:20:50:02 &&& 00:20:54:03
action:              MyIngress.set_pred_1_2_3_4_5_6_7
runtime data:        00	00	04	06	01	01	01
Entry has been added with handle 784
RuntimeCmd: Adding entry to ternary match table MyIngress.tb_hwimo_tree_1_2_3_4_5_6_7
match key:           TERNARY-00:00:54:02 &&& 00:78:54:43
action:              MyIngress.set_pred_1_2_3_4_5_6_7
runtime data:        01	00	01	02	01	01	01
Entry has been added with handle 785
RuntimeCmd: Adding entry to ternary match table MyIngress.tb_hwimo_tree_1_2_3_4_5_6_7
match key:           TERNARY-00:40:54:02 &&& 00:f8:54:c3
action:              MyIngress.set_pred_1_2_3_4_5_6_7
runtime data:        00	00	04	05	02	02	01
Entry has been added with handle 786
RuntimeCmd: Adding entry to ternary match table MyIngress.tb_hwimo_tree_1_2_3_4_5_6_7
match key:           TERNARY-00:c0:54:02 &&& 00:f8:54:c3
action:              MyIngress.set_pred_1_2_3_4_5_6_7
runtime data:        00	00	00	00	02	01	01
Entry has been added with handle 787
RuntimeCmd: Adding entry to ternary match table MyIngress.tb_hwimo_tree_1_2_3_4_5_6_7
match key:           TERNARY-00:40:54:82 &&& 00:78:54:c3
action:              MyIngress.set_pred_1_2_3_4_5_6_7
runtime data:        01	00	00	00	01	00	01
Entry has been added with handle 788
RuntimeCmd: Adding entry to ternary match table MyIngress.tb_hwimo_tree_1_2_3_4_5_6_7
match key:           TERNARY-00:10:54:02 &&& 01:f8:54:43
action:              MyIngress.set_pred_1_2_3_4_5_6_7
runtime data:        01	00	00	00	02	02	01
Entry has been added with handle 789
RuntimeCmd: Adding entry to ternary match table MyIngress.tb_hwimo_tree_1_2_3_4_5_6_7
match key:           TERNARY-00:50:54:02 &&& 01:f8:54:43
action:              MyIngress.set_pred_1_2_3_4_5_6_7
runtime data:        00	00	04	05	02	02	01
Entry has been added with handle 790
RuntimeCmd: Adding entry to ternary match table MyIngress.tb_hwimo_tree_1_2_3_4_5_6_7
match key:           TERNARY-00:90:54:02 &&& 01:f8:54:43
action:              MyIngress.set_pred_1_2_3_4_5_6_7
runtime data:        01	00	00	00	02	02	01
Entry has been added with handle 791
RuntimeCmd: Adding entry to ternary match table MyIngress.tb_hwimo_tree_1_2_3_4_5_6_7
match key:           TERNARY-00:d0:54:02 &&& 01:f8:54:43
action:              MyIngress.set_pred_1_2_3_4_5_6_7
runtime data:        01	00	00	00	02	02	01
Entry has been added with handle 792
RuntimeCmd: Adding entry to ternary match table MyIngress.tb_hwimo_tree_1_2_3_4_5_6_7
match key:           TERNARY-01:10:54:02 &&& 01:38:54:43
action:              MyIngress.set_pred_1_2_3_4_5_6_7
runtime data:        00	00	04	05	02	02	01
Entry has been added with handle 793
RuntimeCmd: Adding entry to ternary match table MyIngress.tb_hwimo_tree_1_2_3_4_5_6_7
match key:           TERNARY-00:08:54:02 &&& 00:f8:54:43
action:              MyIngress.set_pred_1_2_3_4_5_6_7
runtime data:        00	00	04	05	02	02	01
Entry has been added with handle 794
RuntimeCmd: Adding entry to ternary match table MyIngress.tb_hwimo_tree_1_2_3_4_5_6_7
match key:           TERNARY-00:48:54:02 &&& 00:f8:54:43
action:              MyIngress.set_pred_1_2_3_4_5_6_7
runtime data:        01	00	01	02	01	02	01
Entry has been added with handle 795
RuntimeCmd: Adding entry to ternary match table MyIngress.tb_hwimo_tree_1_2_3_4_5_6_7
match key:           TERNARY-00:18:54:02 &&& 00:b8:54:43
action:              MyIngress.set_pred_1_2_3_4_5_6_7
runtime data:        00	00	04	05	02	02	01
Entry has been added with handle 796
RuntimeCmd: Adding entry to ternary match table MyIngress.tb_hwimo_tree_1_2_3_4_5_6_7
match key:           TERNARY-00:88:54:02 &&& 00:b8:54:43
action:              MyIngress.set_pred_1_2_3_4_5_6_7
runtime data:        00	00	04	05	02	02	01
Entry has been added with handle 797
RuntimeCmd: Adding entry to ternary match table MyIngress.tb_hwimo_tree_1_2_3_4_5_6_7
match key:           TERNARY-00:98:54:02 &&& 00:b8:54:43
action:              MyIngress.set_pred_1_2_3_4_5_6_7
runtime data:        00	01	04	05	01	02	01
Entry has been added with handle 798
RuntimeCmd: Adding entry to ternary match table MyIngress.tb_hwimo_tree_1_2_3_4_5_6_7
match key:           TERNARY-00:00:54:42 &&& 00:28:54:43
action:              MyIngress.set_pred_1_2_3_4_5_6_7
runtime data:        01	00	00	00	01	00	01
Entry has been added with handle 799
RuntimeCmd: Adding entry to ternary match table MyIngress.tb_hwimo_tree_1_2_3_4_5_6_7
match key:           TERNARY-00:08:54:42 &&& 00:28:54:43
action:              MyIngress.set_pred_1_2_3_4_5_6_7
runtime data:        01	00	00	00	02	01	02
Entry has been added with handle 800
RuntimeCmd: Adding entry to ternary match table MyIngress.tb_hwimo_tree_1_2_3_4_5_6_7
match key:           TERNARY-00:20:54:02 &&& 00:f8:54:03
action:              MyIngress.set_pred_1_2_3_4_5_6_7
runtime data:        00	01	04	06	01	02	01
Entry has been added with handle 801
RuntimeCmd: Adding entry to ternary match table MyIngress.tb_hwimo_tree_1_2_3_4_5_6_7
match key:           TERNARY-00:a0:54:02 &&& 00:f8:54:03
action:              MyIngress.set_pred_1_2_3_4_5_6_7
runtime data:        00	01	04	05	01	02	01
Entry has been added with handle 802
RuntimeCmd: Adding entry to ternary match table MyIngress.tb_hwimo_tree_1_2_3_4_5_6_7
match key:           TERNARY-00:60:54:02 &&& 00:f8:55:03
action:              MyIngress.set_pred_1_2_3_4_5_6_7
runtime data:        01	00	02	03	02	01	02
Entry has been added with handle 803
RuntimeCmd: Adding entry to ternary match table MyIngress.tb_hwimo_tree_1_2_3_4_5_6_7
match key:           TERNARY-00:e0:54:02 &&& 00:f8:55:03
action:              MyIngress.set_pred_1_2_3_4_5_6_7
runtime data:        01	00	00	00	02	02	01
Entry has been added with handle 804
RuntimeCmd: Adding entry to ternary match table MyIngress.tb_hwimo_tree_1_2_3_4_5_6_7
match key:           TERNARY-00:60:55:02 &&& 00:78:55:03
action:              MyIngress.set_pred_1_2_3_4_5_6_7
runtime data:        01	00	00	00	01	00	00
Entry has been added with handle 805
RuntimeCmd: Adding entry to ternary match table MyIngress.tb_hwimo_tree_1_2_3_4_5_6_7
match key:           TERNARY-00:28:54:02 &&& 01:f8:54:03
action:              MyIngress.set_pred_1_2_3_4_5_6_7
runtime data:        01	00	01	02	01	02	01
Entry has been added with handle 806
RuntimeCmd: Adding entry to ternary match table MyIngress.tb_hwimo_tree_1_2_3_4_5_6_7
match key:           TERNARY-01:28:54:02 &&& 01:f8:54:03
action:              MyIngress.set_pred_1_2_3_4_5_6_7
runtime data:        00	01	04	05	01	02	01
Entry has been added with handle 807
RuntimeCmd: Adding entry to ternary match table MyIngress.tb_hwimo_tree_1_2_3_4_5_6_7
match key:           TERNARY-00:68:54:02 &&& 00:f8:54:03
action:              MyIngress.set_pred_1_2_3_4_5_6_7
runtime data:        01	00	01	02	01	02	00
Entry has been added with handle 808
RuntimeCmd: Adding entry to ternary match table MyIngress.tb_hwimo_tree_1_2_3_4_5_6_7
match key:           TERNARY-00:a8:54:02 &&& 00:f8:54:03
action:              MyIngress.set_pred_1_2_3_4_5_6_7
runtime data:        01	00	00	00	01	02	01
Entry has been added with handle 809
RuntimeCmd: Adding entry to ternary match table MyIngress.tb_hwimo_tree_1_2_3_4_5_6_7
match key:           TERNARY-00:e8:54:02 &&& 00:f8:54:43
action:              MyIngress.set_pred_1_2_3_4_5_6_7
runtime data:        00	00	04	05	02	02	01
Entry has been added with handle 810
RuntimeCmd: Adding entry to ternary match table MyIngress.tb_hwimo_tree_1_2_3_4_5_6_7
match key:           TERNARY-00:e8:54:42 &&& 00:f8:54:43
action:              MyIngress.set_pred_1_2_3_4_5_6_7
runtime data:        01	00	00	00	02	01	02
Entry has been added with handle 811
RuntimeCmd: Adding entry to ternary match table MyIngress.tb_hwimo_tree_1_2_3_4_5_6_7
match key:           TERNARY-00:30:54:02 &&& 01:78:54:43
action:              MyIngress.set_pred_1_2_3_4_5_6_7
runtime data:        00	01	04	05	02	02	01
Entry has been added with handle 812
RuntimeCmd: Adding entry to ternary match table MyIngress.tb_hwimo_tree_1_2_3_4_5_6_7
match key:           TERNARY-00:38:54:02 &&& 01:78:54:43
action:              MyIngress.set_pred_1_2_3_4_5_6_7
runtime data:        00	00	01	02	01	02	01
Entry has been added with handle 813
RuntimeCmd: Adding entry to ternary match table MyIngress.tb_hwimo_tree_1_2_3_4_5_6_7
match key:           TERNARY-01:30:54:02 &&& 01:70:54:43
action:              MyIngress.set_pred_1_2_3_4_5_6_7
runtime data:        00	01	04	05	01	02	01
Entry has been added with handle 814
RuntimeCmd: Adding entry to ternary match table MyIngress.tb_hwimo_tree_1_2_3_4_5_6_7
match key:           TERNARY-00:30:54:42 &&& 00:f8:54:43
action:              MyIngress.set_pred_1_2_3_4_5_6_7
runtime data:        01	00	00	00	02	01	02
Entry has been added with handle 815
RuntimeCmd: Adding entry to ternary match table MyIngress.tb_hwimo_tree_1_2_3_4_5_6_7
match key:           TERNARY-00:38:54:42 &&& 00:f8:54:43
action:              MyIngress.set_pred_1_2_3_4_5_6_7
runtime data:        01	00	00	00	01	00	01
Entry has been added with handle 816
RuntimeCmd: Adding entry to ternary match table MyIngress.tb_hwimo_tree_1_2_3_4_5_6_7
match key:           TERNARY-00:b0:54:42 &&& 00:f0:54:43
action:              MyIngress.set_pred_1_2_3_4_5_6_7
runtime data:        01	00	00	00	01	00	01
Entry has been added with handle 817
RuntimeCmd: Adding entry to ternary match table MyIngress.tb_hwimo_tree_1_2_3_4_5_6_7
match key:           TERNARY-00:70:54:02 &&& 00:f8:54:43
action:              MyIngress.set_pred_1_2_3_4_5_6_7
runtime data:        01	00	00	00	01	02	00
Entry has been added with handle 818
RuntimeCmd: Adding entry to ternary match table MyIngress.tb_hwimo_tree_1_2_3_4_5_6_7
match key:           TERNARY-00:78:54:02 &&& 00:f8:54:43
action:              MyIngress.set_pred_1_2_3_4_5_6_7
runtime data:        01	00	01	02	01	02	01
Entry has been added with handle 819
RuntimeCmd: Adding entry to ternary match table MyIngress.tb_hwimo_tree_1_2_3_4_5_6_7
match key:           TERNARY-00:f0:54:02 &&& 00:f0:54:43
action:              MyIngress.set_pred_1_2_3_4_5_6_7
runtime data:        00	01	04	05	02	02	02
Entry has been added with handle 820
RuntimeCmd: Adding entry to ternary match table MyIngress.tb_hwimo_tree_1_2_3_4_5_6_7
match key:           TERNARY-00:70:54:42 &&& 00:70:54:43
action:              MyIngress.set_pred_1_2_3_4_5_6_7
runtime data:        01	00	00	00	02	01	02
Entry has been added with handle 821
RuntimeCmd: Adding entry to ternary match table MyIngress.tb_hwimo_tree_1_2_3_4_5_6_7
match key:           TERNARY-00:00:50:03 &&& 01:f8:50:03
action:              MyIngress.set_pred_1_2_3_4_5_6_7
runtime data:        01	00	02	03	02	01	02
Entry has been added with handle 822
RuntimeCmd: Adding entry to ternary match table MyIngress.tb_hwimo_tree_1_2_3_4_5_6_7
match key:           TERNARY-00:20:50:03 &&& 01:f8:50:03
action:              MyIngress.set_pred_1_2_3_4_5_6_7
runtime data:        01	00	00	00	01	00	01
Entry has been added with handle 823
RuntimeCmd: Adding entry to ternary match table MyIngress.tb_hwimo_tree_1_2_3_4_5_6_7
match key:           TERNARY-00:10:50:03 &&& 01:f8:50:43
action:              MyIngress.set_pred_1_2_3_4_5_6_7
runtime data:        01	00	00	00	01	00	01
Entry has been added with handle 824
RuntimeCmd: Adding entry to ternary match table MyIngress.tb_hwimo_tree_1_2_3_4_5_6_7
match key:           TERNARY-00:10:50:43 &&& 01:f8:50:43
action:              MyIngress.set_pred_1_2_3_4_5_6_7
runtime data:        01	00	00	00	01	00	01
Entry has been added with handle 825
RuntimeCmd: Adding entry to ternary match table MyIngress.tb_hwimo_tree_1_2_3_4_5_6_7
match key:           TERNARY-00:30:50:03 &&& 01:f8:50:03
action:              MyIngress.set_pred_1_2_3_4_5_6_7
runtime data:        01	00	00	00	01	00	01
Entry has been added with handle 826
RuntimeCmd: Adding entry to ternary match table MyIngress.tb_hwimo_tree_1_2_3_4_5_6_7
match key:           TERNARY-00:08:50:03 &&& 01:f8:50:03
action:              MyIngress.set_pred_1_2_3_4_5_6_7
runtime data:        00	01	04	02	02	02	02
Entry has been added with handle 827
RuntimeCmd: Adding entry to ternary match table MyIngress.tb_hwimo_tree_1_2_3_4_5_6_7
match key:           TERNARY-00:28:50:03 &&& 01:f8:50:03
action:              MyIngress.set_pred_1_2_3_4_5_6_7
runtime data:        01	00	00	00	01	00	01
Entry has been added with handle 828
RuntimeCmd: Adding entry to ternary match table MyIngress.tb_hwimo_tree_1_2_3_4_5_6_7
match key:           TERNARY-00:18:50:03 &&& 01:f8:50:43
action:              MyIngress.set_pred_1_2_3_4_5_6_7
runtime data:        01	00	01	02	01	01	01
Entry has been added with handle 829
RuntimeCmd: Adding entry to ternary match table MyIngress.tb_hwimo_tree_1_2_3_4_5_6_7
match key:           TERNARY-00:18:50:43 &&& 01:f8:50:43
action:              MyIngress.set_pred_1_2_3_4_5_6_7
runtime data:        01	00	00	00	02	01	02
Entry has been added with handle 830
RuntimeCmd: Adding entry to ternary match table MyIngress.tb_hwimo_tree_1_2_3_4_5_6_7
match key:           TERNARY-00:38:50:03 &&& 01:f8:50:03
action:              MyIngress.set_pred_1_2_3_4_5_6_7
runtime data:        01	00	02	03	02	01	02
Entry has been added with handle 831
RuntimeCmd: Adding entry to ternary match table MyIngress.tb_hwimo_tree_1_2_3_4_5_6_7
match key:           TERNARY-00:80:50:03 &&& 01:f8:50:03
action:              MyIngress.set_pred_1_2_3_4_5_6_7
runtime data:        01	00	00	00	02	01	02
Entry has been added with handle 832
RuntimeCmd: Adding entry to ternary match table MyIngress.tb_hwimo_tree_1_2_3_4_5_6_7
match key:           TERNARY-00:a0:50:03 &&& 01:f8:50:43
action:              MyIngress.set_pred_1_2_3_4_5_6_7
runtime data:        00	01	02	03	02	02	01
Entry has been added with handle 833
RuntimeCmd: Adding entry to ternary match table MyIngress.tb_hwimo_tree_1_2_3_4_5_6_7
match key:           TERNARY-00:a0:50:43 &&& 01:f8:50:43
action:              MyIngress.set_pred_1_2_3_4_5_6_7
runtime data:        01	00	00	00	02	01	02
Entry has been added with handle 834
RuntimeCmd: Adding entry to ternary match table MyIngress.tb_hwimo_tree_1_2_3_4_5_6_7
match key:           TERNARY-00:88:50:03 &&& 01:f8:50:03
action:              MyIngress.set_pred_1_2_3_4_5_6_7
runtime data:        01	00	02	03	01	01	01
Entry has been added with handle 835
RuntimeCmd: Adding entry to ternary match table MyIngress.tb_hwimo_tree_1_2_3_4_5_6_7
match key:           TERNARY-00:a8:50:03 &&& 01:f8:50:43
action:              MyIngress.set_pred_1_2_3_4_5_6_7
runtime data:        00	01	00	00	01	02	01
Entry has been added with handle 836
RuntimeCmd: Adding entry to ternary match table MyIngress.tb_hwimo_tree_1_2_3_4_5_6_7
match key:           TERNARY-00:a8:50:43 &&& 01:f8:50:43
action:              MyIngress.set_pred_1_2_3_4_5_6_7
runtime data:        01	00	00	00	01	00	01
Entry has been added with handle 837
RuntimeCmd: Adding entry to ternary match table MyIngress.tb_hwimo_tree_1_2_3_4_5_6_7
match key:           TERNARY-00:90:50:03 &&& 01:f8:50:03
action:              MyIngress.set_pred_1_2_3_4_5_6_7
runtime data:        01	00	00	00	01	02	01
Entry has been added with handle 838
RuntimeCmd: Adding entry to ternary match table MyIngress.tb_hwimo_tree_1_2_3_4_5_6_7
match key:           TERNARY-00:98:50:03 &&& 01:f8:50:03
action:              MyIngress.set_pred_1_2_3_4_5_6_7
runtime data:        01	00	00	00	01	00	01
Entry has been added with handle 839
RuntimeCmd: Adding entry to ternary match table MyIngress.tb_hwimo_tree_1_2_3_4_5_6_7
match key:           TERNARY-00:b0:50:03 &&& 01:f8:50:43
action:              MyIngress.set_pred_1_2_3_4_5_6_7
runtime data:        01	00	00	00	01	01	01
Entry has been added with handle 840
RuntimeCmd: Adding entry to ternary match table MyIngress.tb_hwimo_tree_1_2_3_4_5_6_7
match key:           TERNARY-00:b8:50:03 &&& 01:f8:50:43
action:              MyIngress.set_pred_1_2_3_4_5_6_7
runtime data:        01	00	02	03	02	01	02
Entry has been added with handle 841
RuntimeCmd: Adding entry to ternary match table MyIngress.tb_hwimo_tree_1_2_3_4_5_6_7
match key:           TERNARY-00:b0:50:43 &&& 01:f0:50:43
action:              MyIngress.set_pred_1_2_3_4_5_6_7
runtime data:        01	00	00	00	01	00	01
Entry has been added with handle 842
RuntimeCmd: Adding entry to ternary match table MyIngress.tb_hwimo_tree_1_2_3_4_5_6_7
match key:           TERNARY-00:40:50:03 &&& 01:f8:51:83
action:              MyIngress.set_pred_1_2_3_4_5_6_7
runtime data:        00	01	04	05	02	02	02
Entry has been added with handle 843
RuntimeCmd: Adding entry to ternary match table MyIngress.tb_hwimo_tree_1_2_3_4_5_6_7
match key:           TERNARY-00:50:50:03 &&& 01:f8:51:83
action:              MyIngress.set_pred_1_2_3_4_5_6_7
runtime data:        01	00	00	00	02	01	02
Entry has been added with handle 844
RuntimeCmd: Adding entry to ternary match table MyIngress.tb_hwimo_tree_1_2_3_4_5_6_7
match key:           TERNARY-00:48:50:03 &&& 01:e8:51:83
action:              MyIngress.set_pred_1_2_3_4_5_6_7
runtime data:        01	00	02	03	01	01	01
Entry has been added with handle 845
RuntimeCmd: Adding entry to ternary match table MyIngress.tb_hwimo_tree_1_2_3_4_5_6_7
match key:           TERNARY-00:40:51:03 &&& 01:e0:51:83
action:              MyIngress.set_pred_1_2_3_4_5_6_7
runtime data:        01	00	00	00	00	00	00
Entry has been added with handle 846
RuntimeCmd: Adding entry to ternary match table MyIngress.tb_hwimo_tree_1_2_3_4_5_6_7
match key:           TERNARY-00:40:50:83 &&& 01:e0:50:83
action:              MyIngress.set_pred_1_2_3_4_5_6_7
runtime data:        00	01	04	05	01	02	01
Entry has been added with handle 847
RuntimeCmd: Adding entry to ternary match table MyIngress.tb_hwimo_tree_1_2_3_4_5_6_7
match key:           TERNARY-00:c0:50:03 &&& 01:f8:50:43
action:              MyIngress.set_pred_1_2_3_4_5_6_7
runtime data:        01	00	00	00	02	01	02
Entry has been added with handle 848
RuntimeCmd: Adding entry to ternary match table MyIngress.tb_hwimo_tree_1_2_3_4_5_6_7
match key:           TERNARY-00:c8:50:03 &&& 01:f8:50:43
action:              MyIngress.set_pred_1_2_3_4_5_6_7
runtime data:        01	00	00	00	01	00	01
Entry has been added with handle 849
RuntimeCmd: Adding entry to ternary match table MyIngress.tb_hwimo_tree_1_2_3_4_5_6_7
match key:           TERNARY-00:d0:50:03 &&& 01:f0:50:43
action:              MyIngress.set_pred_1_2_3_4_5_6_7
runtime data:        01	00	00	00	01	02	01
Entry has been added with handle 850
RuntimeCmd: Adding entry to ternary match table MyIngress.tb_hwimo_tree_1_2_3_4_5_6_7
match key:           TERNARY-00:c0:50:43 &&& 01:f0:50:43
action:              MyIngress.set_pred_1_2_3_4_5_6_7
runtime data:        01	00	00	00	01	00	01
Entry has been added with handle 851
RuntimeCmd: Adding entry to ternary match table MyIngress.tb_hwimo_tree_1_2_3_4_5_6_7
match key:           TERNARY-00:d0:50:43 &&& 01:f0:50:43
action:              MyIngress.set_pred_1_2_3_4_5_6_7
runtime data:        01	00	00	00	01	00	01
Entry has been added with handle 852
RuntimeCmd: Adding entry to ternary match table MyIngress.tb_hwimo_tree_1_2_3_4_5_6_7
match key:           TERNARY-00:60:50:03 &&& 01:78:51:83
action:              MyIngress.set_pred_1_2_3_4_5_6_7
runtime data:        01	00	02	03	02	01	02
Entry has been added with handle 853
RuntimeCmd: Adding entry to ternary match table MyIngress.tb_hwimo_tree_1_2_3_4_5_6_7
match key:           TERNARY-00:60:50:83 &&& 01:78:51:83
action:              MyIngress.set_pred_1_2_3_4_5_6_7
runtime data:        01	00	02	03	01	01	01
Entry has been added with handle 854
RuntimeCmd: Adding entry to ternary match table MyIngress.tb_hwimo_tree_1_2_3_4_5_6_7
match key:           TERNARY-00:68:50:03 &&& 01:f8:51:03
action:              MyIngress.set_pred_1_2_3_4_5_6_7
runtime data:        01	00	01	02	01	00	00
Entry has been added with handle 855
RuntimeCmd: Adding entry to ternary match table MyIngress.tb_hwimo_tree_1_2_3_4_5_6_7
match key:           TERNARY-00:e8:50:03 &&& 01:f8:51:03
action:              MyIngress.set_pred_1_2_3_4_5_6_7
runtime data:        00	01	02	03	02	02	02
Entry has been added with handle 856
RuntimeCmd: Adding entry to ternary match table MyIngress.tb_hwimo_tree_1_2_3_4_5_6_7
match key:           TERNARY-00:60:51:03 &&& 01:70:55:03
action:              MyIngress.set_pred_1_2_3_4_5_6_7
runtime data:        01	00	02	03	02	01	01
Entry has been added with handle 857
RuntimeCmd: Adding entry to ternary match table MyIngress.tb_hwimo_tree_1_2_3_4_5_6_7
match key:           TERNARY-00:60:55:03 &&& 01:70:55:43
action:              MyIngress.set_pred_1_2_3_4_5_6_7
runtime data:        00	01	04	06	01	01	01
Entry has been added with handle 858
RuntimeCmd: Adding entry to ternary match table MyIngress.tb_hwimo_tree_1_2_3_4_5_6_7
match key:           TERNARY-00:60:55:43 &&& 01:70:55:53
action:              MyIngress.set_pred_1_2_3_4_5_6_7
runtime data:        01	00	00	00	01	00	01
Entry has been added with handle 859
RuntimeCmd: Adding entry to ternary match table MyIngress.tb_hwimo_tree_1_2_3_4_5_6_7
match key:           TERNARY-00:60:55:53 &&& 01:70:55:53
action:              MyIngress.set_pred_1_2_3_4_5_6_7
runtime data:        00	01	04	06	01	00	01
Entry has been added with handle 860
RuntimeCmd: Adding entry to ternary match table MyIngress.tb_hwimo_tree_1_2_3_4_5_6_7
match key:           TERNARY-00:70:50:03 &&& 01:f8:50:43
action:              MyIngress.set_pred_1_2_3_4_5_6_7
runtime data:        01	00	00	00	01	02	00
Entry has been added with handle 861
RuntimeCmd: Adding entry to ternary match table MyIngress.tb_hwimo_tree_1_2_3_4_5_6_7
match key:           TERNARY-00:f0:50:03 &&& 01:f8:50:43
action:              MyIngress.set_pred_1_2_3_4_5_6_7
runtime data:        00	01	04	06	01	02	01
Entry has been added with handle 862
RuntimeCmd: Adding entry to ternary match table MyIngress.tb_hwimo_tree_1_2_3_4_5_6_7
match key:           TERNARY-00:70:50:43 &&& 01:78:50:43
action:              MyIngress.set_pred_1_2_3_4_5_6_7
runtime data:        01	00	00	00	01	00	01
Entry has been added with handle 863
RuntimeCmd: Adding entry to ternary match table MyIngress.tb_hwimo_tree_1_2_3_4_5_6_7
match key:           TERNARY-00:78:50:03 &&& 01:f8:50:03
action:              MyIngress.set_pred_1_2_3_4_5_6_7
runtime data:        01	00	02	03	01	01	02
Entry has been added with handle 864
RuntimeCmd: Adding entry to ternary match table MyIngress.tb_hwimo_tree_1_2_3_4_5_6_7
match key:           TERNARY-00:f8:50:03 &&& 01:f8:50:03
action:              MyIngress.set_pred_1_2_3_4_5_6_7
runtime data:        01	00	02	03	02	01	02
Entry has been added with handle 865
RuntimeCmd: Adding entry to ternary match table MyIngress.tb_hwimo_tree_1_2_3_4_5_6_7
match key:           TERNARY-01:00:50:03 &&& 01:28:50:43
action:              MyIngress.set_pred_1_2_3_4_5_6_7
runtime data:        00	01	04	06	01	01	01
Entry has been added with handle 866
RuntimeCmd: Adding entry to ternary match table MyIngress.tb_hwimo_tree_1_2_3_4_5_6_7
match key:           TERNARY-01:08:50:03 &&& 01:b8:50:43
action:              MyIngress.set_pred_1_2_3_4_5_6_7
runtime data:        01	00	00	00	01	01	01
Entry has been added with handle 867
RuntimeCmd: Adding entry to ternary match table MyIngress.tb_hwimo_tree_1_2_3_4_5_6_7
match key:           TERNARY-01:18:50:03 &&& 01:b8:50:43
action:              MyIngress.set_pred_1_2_3_4_5_6_7
runtime data:        00	01	00	00	02	02	01
Entry has been added with handle 868
RuntimeCmd: Adding entry to ternary match table MyIngress.tb_hwimo_tree_1_2_3_4_5_6_7
match key:           TERNARY-01:88:50:03 &&& 01:a8:50:43
action:              MyIngress.set_pred_1_2_3_4_5_6_7
runtime data:        00	01	00	00	02	02	01
Entry has been added with handle 869
RuntimeCmd: Adding entry to ternary match table MyIngress.tb_hwimo_tree_1_2_3_4_5_6_7
match key:           TERNARY-01:20:50:03 &&& 01:70:50:43
action:              MyIngress.set_pred_1_2_3_4_5_6_7
runtime data:        00	01	04	05	01	02	01
Entry has been added with handle 870
RuntimeCmd: Adding entry to ternary match table MyIngress.tb_hwimo_tree_1_2_3_4_5_6_7
match key:           TERNARY-01:30:50:03 &&& 01:70:50:43
action:              MyIngress.set_pred_1_2_3_4_5_6_7
runtime data:        00	01	04	05	02	02	02
Entry has been added with handle 871
RuntimeCmd: Adding entry to ternary match table MyIngress.tb_hwimo_tree_1_2_3_4_5_6_7
match key:           TERNARY-01:60:50:03 &&& 01:68:50:43
action:              MyIngress.set_pred_1_2_3_4_5_6_7
runtime data:        00	01	04	06	01	01	01
Entry has been added with handle 872
RuntimeCmd: Adding entry to ternary match table MyIngress.tb_hwimo_tree_1_2_3_4_5_6_7
match key:           TERNARY-01:68:50:03 &&& 01:68:50:43
action:              MyIngress.set_pred_1_2_3_4_5_6_7
runtime data:        00	01	00	00	02	02	01
Entry has been added with handle 873
RuntimeCmd: Adding entry to ternary match table MyIngress.tb_hwimo_tree_1_2_3_4_5_6_7
match key:           TERNARY-01:00:50:43 &&& 01:00:50:43
action:              MyIngress.set_pred_1_2_3_4_5_6_7
runtime data:        01	00	00	00	02	01	02
Entry has been added with handle 874
RuntimeCmd: 
