Obtaining JSON from switch...
Done
Control utility for runtime P4 table manipulation
RuntimeCmd: Adding entry to ternary match table MyIngress.tb_hwimo_tree_1
match key:           TERNARY-00:00:00:00 &&& 00:20:84:00
action:              MyIngress.set_pred_1
runtime data:        01
Entry has been added with handle 0
RuntimeCmd: Adding entry to ternary match table MyIngress.tb_hwimo_tree_1
match key:           TERNARY-00:20:00:00 &&& 00:20:94:02
action:              MyIngress.set_pred_1
runtime data:        01
Entry has been added with handle 1
RuntimeCmd: Adding entry to ternary match table MyIngress.tb_hwimo_tree_1
match key:           TERNARY-00:20:10:00 &&& 00:20:94:02
action:              MyIngress.set_pred_1
runtime data:        00
Entry has been added with handle 2
RuntimeCmd: Adding entry to ternary match table MyIngress.tb_hwimo_tree_1
match key:           TERNARY-00:20:00:02 &&& 00:20:84:42
action:              MyIngress.set_pred_1
runtime data:        01
Entry has been added with handle 3
RuntimeCmd: Adding entry to ternary match table MyIngress.tb_hwimo_tree_1
match key:           TERNARY-00:20:00:42 &&& 28:20:84:42
action:              MyIngress.set_pred_1
runtime data:        01
Entry has been added with handle 4
RuntimeCmd: Adding entry to ternary match table MyIngress.tb_hwimo_tree_1
match key:           TERNARY-08:20:00:42 &&& 28:20:84:42
action:              MyIngress.set_pred_1
runtime data:        00
Entry has been added with handle 5
RuntimeCmd: Adding entry to ternary match table MyIngress.tb_hwimo_tree_1
match key:           TERNARY-20:20:00:42 &&& 20:20:84:42
action:              MyIngress.set_pred_1
runtime data:        01
Entry has been added with handle 6
RuntimeCmd: Adding entry to ternary match table MyIngress.tb_hwimo_tree_1
match key:           TERNARY-00:00:80:00 &&& 00:10:84:01
action:              MyIngress.set_pred_1
runtime data:        01
Entry has been added with handle 7
RuntimeCmd: Adding entry to ternary match table MyIngress.tb_hwimo_tree_1
match key:           TERNARY-00:00:80:01 &&& 00:90:84:21
action:              MyIngress.set_pred_1
runtime data:        00
Entry has been added with handle 8
RuntimeCmd: Adding entry to ternary match table MyIngress.tb_hwimo_tree_1
match key:           TERNARY-00:00:80:21 &&& 00:90:84:21
action:              MyIngress.set_pred_1
runtime data:        01
Entry has been added with handle 9
RuntimeCmd: Adding entry to ternary match table MyIngress.tb_hwimo_tree_1
match key:           TERNARY-00:80:80:01 &&& 00:90:84:01
action:              MyIngress.set_pred_1
runtime data:        01
Entry has been added with handle 10
RuntimeCmd: Adding entry to ternary match table MyIngress.tb_hwimo_tree_1
match key:           TERNARY-00:10:80:00 &&& 20:13:84:80
action:              MyIngress.set_pred_1
runtime data:        00
Entry has been added with handle 11
RuntimeCmd: Adding entry to ternary match table MyIngress.tb_hwimo_tree_1
match key:           TERNARY-20:10:80:00 &&& 20:13:84:80
action:              MyIngress.set_pred_1
runtime data:        01
Entry has been added with handle 12
RuntimeCmd: Adding entry to ternary match table MyIngress.tb_hwimo_tree_1
match key:           TERNARY-00:10:80:80 &&& 00:13:84:80
action:              MyIngress.set_pred_1
runtime data:        01
Entry has been added with handle 13
RuntimeCmd: Adding entry to ternary match table MyIngress.tb_hwimo_tree_1
match key:           TERNARY-00:12:80:00 &&& 00:13:84:00
action:              MyIngress.set_pred_1
runtime data:        01
Entry has been added with handle 14
RuntimeCmd: Adding entry to ternary match table MyIngress.tb_hwimo_tree_1
match key:           TERNARY-00:11:80:00 &&& 10:11:84:00
action:              MyIngress.set_pred_1
runtime data:        01
Entry has been added with handle 15
RuntimeCmd: Adding entry to ternary match table MyIngress.tb_hwimo_tree_1
match key:           TERNARY-10:11:80:00 &&& 14:11:84:00
action:              MyIngress.set_pred_1
runtime data:        00
Entry has been added with handle 16
RuntimeCmd: Adding entry to ternary match table MyIngress.tb_hwimo_tree_1
match key:           TERNARY-14:11:80:00 &&& 14:11:84:00
action:              MyIngress.set_pred_1
runtime data:        01
Entry has been added with handle 17
RuntimeCmd: Adding entry to ternary match table MyIngress.tb_hwimo_tree_1
match key:           TERNARY-00:00:04:00 &&& 03:00:4e:50
action:              MyIngress.set_pred_1
runtime data:        01
Entry has been added with handle 18
RuntimeCmd: Adding entry to ternary match table MyIngress.tb_hwimo_tree_1
match key:           TERNARY-00:00:06:00 &&& 03:00:4e:50
action:              MyIngress.set_pred_1
runtime data:        00
Entry has been added with handle 19
RuntimeCmd: Adding entry to ternary match table MyIngress.tb_hwimo_tree_1
match key:           TERNARY-00:00:04:40 &&& 23:00:4c:50
action:              MyIngress.set_pred_1
runtime data:        01
Entry has been added with handle 20
RuntimeCmd: Adding entry to ternary match table MyIngress.tb_hwimo_tree_1
match key:           TERNARY-20:00:04:40 &&& 23:00:6c:50
action:              MyIngress.set_pred_1
runtime data:        00
Entry has been added with handle 21
RuntimeCmd: Adding entry to ternary match table MyIngress.tb_hwimo_tree_1
match key:           TERNARY-20:00:24:40 &&& 23:00:6c:70
action:              MyIngress.set_pred_1
runtime data:        01
Entry has been added with handle 22
RuntimeCmd: Adding entry to ternary match table MyIngress.tb_hwimo_tree_1
match key:           TERNARY-20:00:24:60 &&& 23:00:6c:70
action:              MyIngress.set_pred_1
runtime data:        00
Entry has been added with handle 23
RuntimeCmd: Adding entry to ternary match table MyIngress.tb_hwimo_tree_1
match key:           TERNARY-00:00:0c:00 &&& 03:00:4c:10
action:              MyIngress.set_pred_1
runtime data:        00
Entry has been added with handle 24
RuntimeCmd: Adding entry to ternary match table MyIngress.tb_hwimo_tree_1
match key:           TERNARY-00:00:04:10 &&& 03:10:44:10
action:              MyIngress.set_pred_1
runtime data:        01
Entry has been added with handle 25
RuntimeCmd: Adding entry to ternary match table MyIngress.tb_hwimo_tree_1
match key:           TERNARY-00:10:04:10 &&& 03:10:44:10
action:              MyIngress.set_pred_1
runtime data:        00
Entry has been added with handle 26
RuntimeCmd: Adding entry to ternary match table MyIngress.tb_hwimo_tree_1
match key:           TERNARY-01:00:04:00 &&& 23:04:46:00
action:              MyIngress.set_pred_1
runtime data:        00
Entry has been added with handle 27
RuntimeCmd: Adding entry to ternary match table MyIngress.tb_hwimo_tree_1
match key:           TERNARY-21:00:04:00 &&& 23:04:46:00
action:              MyIngress.set_pred_1
runtime data:        01
Entry has been added with handle 28
RuntimeCmd: Adding entry to ternary match table MyIngress.tb_hwimo_tree_1
match key:           TERNARY-01:00:06:00 &&& 03:44:47:00
action:              MyIngress.set_pred_1
runtime data:        01
Entry has been added with handle 29
RuntimeCmd: Adding entry to ternary match table MyIngress.tb_hwimo_tree_1
match key:           TERNARY-01:40:06:00 &&& 03:44:47:00
action:              MyIngress.set_pred_1
runtime data:        00
Entry has been added with handle 30
RuntimeCmd: Adding entry to ternary match table MyIngress.tb_hwimo_tree_1
match key:           TERNARY-01:00:07:00 &&& 03:44:47:00
action:              MyIngress.set_pred_1
runtime data:        01
Entry has been added with handle 31
RuntimeCmd: Adding entry to ternary match table MyIngress.tb_hwimo_tree_1
match key:           TERNARY-01:40:07:00 &&& 03:44:c7:08
action:              MyIngress.set_pred_1
runtime data:        01
Entry has been added with handle 32
RuntimeCmd: Adding entry to ternary match table MyIngress.tb_hwimo_tree_1
match key:           TERNARY-01:40:07:08 &&& 03:44:c7:08
action:              MyIngress.set_pred_1
runtime data:        00
Entry has been added with handle 33
RuntimeCmd: Adding entry to ternary match table MyIngress.tb_hwimo_tree_1
match key:           TERNARY-01:40:87:00 &&& 03:44:c7:00
action:              MyIngress.set_pred_1
runtime data:        01
Entry has been added with handle 34
RuntimeCmd: Adding entry to ternary match table MyIngress.tb_hwimo_tree_1
match key:           TERNARY-01:04:04:00 &&& 03:05:46:00
action:              MyIngress.set_pred_1
runtime data:        00
Entry has been added with handle 35
RuntimeCmd: Adding entry to ternary match table MyIngress.tb_hwimo_tree_1
match key:           TERNARY-01:04:06:00 &&& 03:05:46:00
action:              MyIngress.set_pred_1
runtime data:        01
Entry has been added with handle 36
RuntimeCmd: Adding entry to ternary match table MyIngress.tb_hwimo_tree_1
match key:           TERNARY-01:05:04:00 &&& 03:05:44:00
action:              MyIngress.set_pred_1
runtime data:        01
Entry has been added with handle 37
RuntimeCmd: Adding entry to ternary match table MyIngress.tb_hwimo_tree_1
match key:           TERNARY-02:00:04:00 &&& 02:08:44:04
action:              MyIngress.set_pred_1
runtime data:        00
Entry has been added with handle 38
RuntimeCmd: Adding entry to ternary match table MyIngress.tb_hwimo_tree_1
match key:           TERNARY-02:00:04:04 &&& 02:08:44:04
action:              MyIngress.set_pred_1
runtime data:        01
Entry has been added with handle 39
RuntimeCmd: Adding entry to ternary match table MyIngress.tb_hwimo_tree_1
match key:           TERNARY-02:08:04:00 &&& 02:08:46:00
action:              MyIngress.set_pred_1
runtime data:        00
Entry has been added with handle 40
RuntimeCmd: Adding entry to ternary match table MyIngress.tb_hwimo_tree_1
match key:           TERNARY-02:08:06:00 &&& 02:08:46:00
action:              MyIngress.set_pred_1
runtime data:        01
Entry has been added with handle 41
RuntimeCmd: Adding entry to ternary match table MyIngress.tb_hwimo_tree_1
match key:           TERNARY-00:00:44:00 &&& 00:00:44:0c
action:              MyIngress.set_pred_1
runtime data:        01
Entry has been added with handle 42
RuntimeCmd: Adding entry to ternary match table MyIngress.tb_hwimo_tree_1
match key:           TERNARY-00:00:44:08 &&& 00:20:6c:0c
action:              MyIngress.set_pred_1
runtime data:        00
Entry has been added with handle 43
RuntimeCmd: Adding entry to ternary match table MyIngress.tb_hwimo_tree_1
match key:           TERNARY-00:00:4c:08 &&& 00:20:6c:0c
action:              MyIngress.set_pred_1
runtime data:        01
Entry has been added with handle 44
RuntimeCmd: Adding entry to ternary match table MyIngress.tb_hwimo_tree_1
match key:           TERNARY-00:20:44:08 &&& 00:20:64:0c
action:              MyIngress.set_pred_1
runtime data:        00
Entry has been added with handle 45
RuntimeCmd: Adding entry to ternary match table MyIngress.tb_hwimo_tree_1
match key:           TERNARY-00:00:64:08 &&& 00:20:64:0c
action:              MyIngress.set_pred_1
runtime data:        01
Entry has been added with handle 46
RuntimeCmd: Adding entry to ternary match table MyIngress.tb_hwimo_tree_1
match key:           TERNARY-00:20:64:08 &&& 00:20:64:0c
action:              MyIngress.set_pred_1
runtime data:        00
Entry has been added with handle 47
RuntimeCmd: Adding entry to ternary match table MyIngress.tb_hwimo_tree_1
match key:           TERNARY-00:00:44:04 &&& 00:02:44:04
action:              MyIngress.set_pred_1
runtime data:        00
Entry has been added with handle 48
RuntimeCmd: Adding entry to ternary match table MyIngress.tb_hwimo_tree_1
match key:           TERNARY-00:02:44:04 &&& 00:02:44:04
action:              MyIngress.set_pred_1
runtime data:        01
Entry has been added with handle 49
RuntimeCmd: Adding entry to ternary match table MyIngress.tb_hwimo_tree_2
match key:           TERNARY-00:00:00:00 &&& 00:42:a0:12
action:              MyIngress.set_pred_2
runtime data:        00
Entry has been added with handle 0
RuntimeCmd: Adding entry to ternary match table MyIngress.tb_hwimo_tree_2
match key:           TERNARY-00:00:20:00 &&& 08:42:a0:12
action:              MyIngress.set_pred_2
runtime data:        00
Entry has been added with handle 1
RuntimeCmd: Adding entry to ternary match table MyIngress.tb_hwimo_tree_2
match key:           TERNARY-08:00:20:00 &&& 08:42:a0:12
action:              MyIngress.set_pred_2
runtime data:        01
Entry has been added with handle 2
RuntimeCmd: Adding entry to ternary match table MyIngress.tb_hwimo_tree_2
match key:           TERNARY-00:00:80:00 &&& 00:42:88:12
action:              MyIngress.set_pred_2
runtime data:        00
Entry has been added with handle 3
RuntimeCmd: Adding entry to ternary match table MyIngress.tb_hwimo_tree_2
match key:           TERNARY-00:00:88:00 &&& 10:42:88:12
action:              MyIngress.set_pred_2
runtime data:        00
Entry has been added with handle 4
RuntimeCmd: Adding entry to ternary match table MyIngress.tb_hwimo_tree_2
match key:           TERNARY-10:00:88:00 &&& 10:42:88:12
action:              MyIngress.set_pred_2
runtime data:        01
Entry has been added with handle 5
RuntimeCmd: Adding entry to ternary match table MyIngress.tb_hwimo_tree_2
match key:           TERNARY-00:02:00:00 &&& 10:46:01:16
action:              MyIngress.set_pred_2
runtime data:        00
Entry has been added with handle 6
RuntimeCmd: Adding entry to ternary match table MyIngress.tb_hwimo_tree_2
match key:           TERNARY-00:02:00:04 &&& 10:46:01:16
action:              MyIngress.set_pred_2
runtime data:        01
Entry has been added with handle 7
RuntimeCmd: Adding entry to ternary match table MyIngress.tb_hwimo_tree_2
match key:           TERNARY-00:06:00:00 &&& 11:46:01:12
action:              MyIngress.set_pred_2
runtime data:        00
Entry has been added with handle 8
RuntimeCmd: Adding entry to ternary match table MyIngress.tb_hwimo_tree_2
match key:           TERNARY-01:06:00:00 &&& 11:46:01:12
action:              MyIngress.set_pred_2
runtime data:        01
Entry has been added with handle 9
RuntimeCmd: Adding entry to ternary match table MyIngress.tb_hwimo_tree_2
match key:           TERNARY-10:02:00:00 &&& 10:42:13:12
action:              MyIngress.set_pred_2
runtime data:        00
Entry has been added with handle 10
RuntimeCmd: Adding entry to ternary match table MyIngress.tb_hwimo_tree_2
match key:           TERNARY-10:02:10:00 &&& 10:42:93:12
action:              MyIngress.set_pred_2
runtime data:        01
Entry has been added with handle 11
RuntimeCmd: Adding entry to ternary match table MyIngress.tb_hwimo_tree_2
match key:           TERNARY-10:02:90:00 &&& 18:42:93:12
action:              MyIngress.set_pred_2
runtime data:        00
Entry has been added with handle 12
RuntimeCmd: Adding entry to ternary match table MyIngress.tb_hwimo_tree_2
match key:           TERNARY-18:02:90:00 &&& 18:42:93:12
action:              MyIngress.set_pred_2
runtime data:        01
Entry has been added with handle 13
RuntimeCmd: Adding entry to ternary match table MyIngress.tb_hwimo_tree_2
match key:           TERNARY-10:02:02:00 &&& 10:42:03:12
action:              MyIngress.set_pred_2
runtime data:        01
Entry has been added with handle 14
RuntimeCmd: Adding entry to ternary match table MyIngress.tb_hwimo_tree_2
match key:           TERNARY-00:02:01:00 &&& 20:56:01:52
action:              MyIngress.set_pred_2
runtime data:        00
Entry has been added with handle 15
RuntimeCmd: Adding entry to ternary match table MyIngress.tb_hwimo_tree_2
match key:           TERNARY-00:12:01:00 &&& 20:76:01:56
action:              MyIngress.set_pred_2
runtime data:        00
Entry has been added with handle 16
RuntimeCmd: Adding entry to ternary match table MyIngress.tb_hwimo_tree_2
match key:           TERNARY-00:12:01:04 &&& 20:76:01:56
action:              MyIngress.set_pred_2
runtime data:        01
Entry has been added with handle 17
RuntimeCmd: Adding entry to ternary match table MyIngress.tb_hwimo_tree_2
match key:           TERNARY-00:32:01:00 &&& 20:76:01:52
action:              MyIngress.set_pred_2
runtime data:        00
Entry has been added with handle 18
RuntimeCmd: Adding entry to ternary match table MyIngress.tb_hwimo_tree_2
match key:           TERNARY-00:06:01:00 &&& 20:46:01:52
action:              MyIngress.set_pred_2
runtime data:        00
Entry has been added with handle 19
RuntimeCmd: Adding entry to ternary match table MyIngress.tb_hwimo_tree_2
match key:           TERNARY-20:02:01:00 &&& 28:42:01:52
action:              MyIngress.set_pred_2
runtime data:        00
Entry has been added with handle 20
RuntimeCmd: Adding entry to ternary match table MyIngress.tb_hwimo_tree_2
match key:           TERNARY-28:02:01:00 &&& 28:52:05:72
action:              MyIngress.set_pred_2
runtime data:        01
Entry has been added with handle 21
RuntimeCmd: Adding entry to ternary match table MyIngress.tb_hwimo_tree_2
match key:           TERNARY-28:02:05:00 &&& 28:52:05:72
action:              MyIngress.set_pred_2
runtime data:        00
Entry has been added with handle 22
RuntimeCmd: Adding entry to ternary match table MyIngress.tb_hwimo_tree_2
match key:           TERNARY-28:12:01:00 &&& 28:52:01:72
action:              MyIngress.set_pred_2
runtime data:        01
Entry has been added with handle 23
RuntimeCmd: Adding entry to ternary match table MyIngress.tb_hwimo_tree_2
match key:           TERNARY-28:02:01:20 &&& 29:42:01:72
action:              MyIngress.set_pred_2
runtime data:        00
Entry has been added with handle 24
RuntimeCmd: Adding entry to ternary match table MyIngress.tb_hwimo_tree_2
match key:           TERNARY-29:02:01:20 &&& 29:42:01:72
action:              MyIngress.set_pred_2
runtime data:        01
Entry has been added with handle 25
RuntimeCmd: Adding entry to ternary match table MyIngress.tb_hwimo_tree_2
match key:           TERNARY-00:02:01:40 &&& 00:42:11:d2
action:              MyIngress.set_pred_2
runtime data:        01
Entry has been added with handle 26
RuntimeCmd: Adding entry to ternary match table MyIngress.tb_hwimo_tree_2
match key:           TERNARY-00:02:01:c0 &&& 00:42:11:d2
action:              MyIngress.set_pred_2
runtime data:        00
Entry has been added with handle 27
RuntimeCmd: Adding entry to ternary match table MyIngress.tb_hwimo_tree_2
match key:           TERNARY-00:02:11:40 &&& 00:42:11:56
action:              MyIngress.set_pred_2
runtime data:        00
Entry has been added with handle 28
RuntimeCmd: Adding entry to ternary match table MyIngress.tb_hwimo_tree_2
match key:           TERNARY-00:02:11:44 &&& 00:42:11:56
action:              MyIngress.set_pred_2
runtime data:        01
Entry has been added with handle 29
RuntimeCmd: Adding entry to ternary match table MyIngress.tb_hwimo_tree_2
match key:           TERNARY-00:40:00:00 &&& 00:40:00:1e
action:              MyIngress.set_pred_2
runtime data:        00
Entry has been added with handle 30
RuntimeCmd: Adding entry to ternary match table MyIngress.tb_hwimo_tree_2
match key:           TERNARY-00:40:00:08 &&& 00:40:10:1e
action:              MyIngress.set_pred_2
runtime data:        00
Entry has been added with handle 31
RuntimeCmd: Adding entry to ternary match table MyIngress.tb_hwimo_tree_2
match key:           TERNARY-00:40:10:08 &&& 00:40:10:1e
action:              MyIngress.set_pred_2
runtime data:        01
Entry has been added with handle 32
RuntimeCmd: Adding entry to ternary match table MyIngress.tb_hwimo_tree_2
match key:           TERNARY-00:40:00:04 &&& 14:40:00:16
action:              MyIngress.set_pred_2
runtime data:        00
Entry has been added with handle 33
RuntimeCmd: Adding entry to ternary match table MyIngress.tb_hwimo_tree_2
match key:           TERNARY-04:40:00:04 &&& 14:40:00:16
action:              MyIngress.set_pred_2
runtime data:        01
Entry has been added with handle 34
RuntimeCmd: Adding entry to ternary match table MyIngress.tb_hwimo_tree_2
match key:           TERNARY-10:40:00:04 &&& 10:40:00:16
action:              MyIngress.set_pred_2
runtime data:        00
Entry has been added with handle 35
RuntimeCmd: Adding entry to ternary match table MyIngress.tb_hwimo_tree_2
match key:           TERNARY-00:00:00:10 &&& 00:00:0a:12
action:              MyIngress.set_pred_2
runtime data:        00
Entry has been added with handle 36
RuntimeCmd: Adding entry to ternary match table MyIngress.tb_hwimo_tree_2
match key:           TERNARY-00:00:02:10 &&& 00:00:0a:12
action:              MyIngress.set_pred_2
runtime data:        01
Entry has been added with handle 37
RuntimeCmd: Adding entry to ternary match table MyIngress.tb_hwimo_tree_2
match key:           TERNARY-00:00:08:10 &&& 00:00:08:12
action:              MyIngress.set_pred_2
runtime data:        00
Entry has been added with handle 38
RuntimeCmd: Adding entry to ternary match table MyIngress.tb_hwimo_tree_2
match key:           TERNARY-00:00:00:02 &&& 04:85:00:03
action:              MyIngress.set_pred_2
runtime data:        00
Entry has been added with handle 39
RuntimeCmd: Adding entry to ternary match table MyIngress.tb_hwimo_tree_2
match key:           TERNARY-00:04:00:02 &&& 04:85:00:03
action:              MyIngress.set_pred_2
runtime data:        01
Entry has been added with handle 40
RuntimeCmd: Adding entry to ternary match table MyIngress.tb_hwimo_tree_2
match key:           TERNARY-00:00:00:03 &&& 04:95:00:03
action:              MyIngress.set_pred_2
runtime data:        00
Entry has been added with handle 41
RuntimeCmd: Adding entry to ternary match table MyIngress.tb_hwimo_tree_2
match key:           TERNARY-00:04:00:03 &&& 04:95:00:03
action:              MyIngress.set_pred_2
runtime data:        01
Entry has been added with handle 42
RuntimeCmd: Adding entry to ternary match table MyIngress.tb_hwimo_tree_2
match key:           TERNARY-00:10:00:03 &&& 04:91:00:03
action:              MyIngress.set_pred_2
runtime data:        01
Entry has been added with handle 43
RuntimeCmd: Adding entry to ternary match table MyIngress.tb_hwimo_tree_2
match key:           TERNARY-04:00:00:02 &&& 06:81:00:02
action:              MyIngress.set_pred_2
runtime data:        01
Entry has been added with handle 44
RuntimeCmd: Adding entry to ternary match table MyIngress.tb_hwimo_tree_2
match key:           TERNARY-06:00:00:02 &&& 06:81:00:02
action:              MyIngress.set_pred_2
runtime data:        00
Entry has been added with handle 45
RuntimeCmd: Adding entry to ternary match table MyIngress.tb_hwimo_tree_2
match key:           TERNARY-00:01:00:02 &&& 00:81:04:32
action:              MyIngress.set_pred_2
runtime data:        00
Entry has been added with handle 46
RuntimeCmd: Adding entry to ternary match table MyIngress.tb_hwimo_tree_2
match key:           TERNARY-00:01:00:12 &&& 00:81:04:32
action:              MyIngress.set_pred_2
runtime data:        01
Entry has been added with handle 47
RuntimeCmd: Adding entry to ternary match table MyIngress.tb_hwimo_tree_2
match key:           TERNARY-00:01:00:22 &&& 00:81:04:22
action:              MyIngress.set_pred_2
runtime data:        01
Entry has been added with handle 48
RuntimeCmd: Adding entry to ternary match table MyIngress.tb_hwimo_tree_2
match key:           TERNARY-00:01:04:02 &&& 00:a1:04:02
action:              MyIngress.set_pred_2
runtime data:        00
Entry has been added with handle 49
RuntimeCmd: Adding entry to ternary match table MyIngress.tb_hwimo_tree_2
match key:           TERNARY-00:21:04:02 &&& 00:a1:04:02
action:              MyIngress.set_pred_2
runtime data:        01
Entry has been added with handle 50
RuntimeCmd: Adding entry to ternary match table MyIngress.tb_hwimo_tree_2
match key:           TERNARY-00:80:00:02 &&& 01:80:00:0a
action:              MyIngress.set_pred_2
runtime data:        00
Entry has been added with handle 51
RuntimeCmd: Adding entry to ternary match table MyIngress.tb_hwimo_tree_2
match key:           TERNARY-00:80:00:0a &&& 01:80:00:1a
action:              MyIngress.set_pred_2
runtime data:        00
Entry has been added with handle 52
RuntimeCmd: Adding entry to ternary match table MyIngress.tb_hwimo_tree_2
match key:           TERNARY-00:80:00:1a &&& 01:80:00:1a
action:              MyIngress.set_pred_2
runtime data:        01
Entry has been added with handle 53
RuntimeCmd: Adding entry to ternary match table MyIngress.tb_hwimo_tree_2
match key:           TERNARY-01:80:00:02 &&& 01:80:00:82
action:              MyIngress.set_pred_2
runtime data:        01
Entry has been added with handle 54
RuntimeCmd: Adding entry to ternary match table MyIngress.tb_hwimo_tree_2
match key:           TERNARY-01:80:00:82 &&& 01:80:00:82
action:              MyIngress.set_pred_2
runtime data:        00
Entry has been added with handle 55
RuntimeCmd: Adding entry to ternary match table MyIngress.tb_hwimo_tree_3
match key:           TERNARY-00:00:00:00 &&& 00:40:b4:88
action:              MyIngress.set_pred_3
runtime data:        01
Entry has been added with handle 0
RuntimeCmd: Adding entry to ternary match table MyIngress.tb_hwimo_tree_3
match key:           TERNARY-00:40:00:00 &&& 00:40:b4:88
action:              MyIngress.set_pred_3
runtime data:        00
Entry has been added with handle 1
RuntimeCmd: Adding entry to ternary match table MyIngress.tb_hwimo_tree_3
match key:           TERNARY-00:00:20:00 &&& 10:00:b4:a8
action:              MyIngress.set_pred_3
runtime data:        01
Entry has been added with handle 2
RuntimeCmd: Adding entry to ternary match table MyIngress.tb_hwimo_tree_3
match key:           TERNARY-10:00:20:00 &&& 10:00:b4:a8
action:              MyIngress.set_pred_3
runtime data:        00
Entry has been added with handle 3
RuntimeCmd: Adding entry to ternary match table MyIngress.tb_hwimo_tree_3
match key:           TERNARY-00:00:20:20 &&& 00:08:b4:a8
action:              MyIngress.set_pred_3
runtime data:        00
Entry has been added with handle 4
RuntimeCmd: Adding entry to ternary match table MyIngress.tb_hwimo_tree_3
match key:           TERNARY-00:08:20:20 &&& 00:08:b4:a8
action:              MyIngress.set_pred_3
runtime data:        04
Entry has been added with handle 5
RuntimeCmd: Adding entry to ternary match table MyIngress.tb_hwimo_tree_3
match key:           TERNARY-00:00:10:00 &&& 00:00:9c:88
action:              MyIngress.set_pred_3
runtime data:        03
Entry has been added with handle 6
RuntimeCmd: Adding entry to ternary match table MyIngress.tb_hwimo_tree_3
match key:           TERNARY-00:00:18:00 &&& 00:00:9c:88
action:              MyIngress.set_pred_3
runtime data:        01
Entry has been added with handle 7
RuntimeCmd: Adding entry to ternary match table MyIngress.tb_hwimo_tree_3
match key:           TERNARY-00:00:00:08 &&& 20:00:94:88
action:              MyIngress.set_pred_3
runtime data:        04
Entry has been added with handle 8
RuntimeCmd: Adding entry to ternary match table MyIngress.tb_hwimo_tree_3
match key:           TERNARY-00:00:10:08 &&& 30:00:94:b9
action:              MyIngress.set_pred_3
runtime data:        04
Entry has been added with handle 9
RuntimeCmd: Adding entry to ternary match table MyIngress.tb_hwimo_tree_3
match key:           TERNARY-00:00:10:09 &&& 30:00:94:b9
action:              MyIngress.set_pred_3
runtime data:        04
Entry has been added with handle 10
RuntimeCmd: Adding entry to ternary match table MyIngress.tb_hwimo_tree_3
match key:           TERNARY-00:00:10:28 &&& 30:00:94:b8
action:              MyIngress.set_pred_3
runtime data:        00
Entry has been added with handle 11
RuntimeCmd: Adding entry to ternary match table MyIngress.tb_hwimo_tree_3
match key:           TERNARY-00:00:10:18 &&& 30:00:95:98
action:              MyIngress.set_pred_3
runtime data:        01
Entry has been added with handle 12
RuntimeCmd: Adding entry to ternary match table MyIngress.tb_hwimo_tree_3
match key:           TERNARY-00:00:11:18 &&& 30:00:95:99
action:              MyIngress.set_pred_3
runtime data:        02
Entry has been added with handle 13
RuntimeCmd: Adding entry to ternary match table MyIngress.tb_hwimo_tree_3
match key:           TERNARY-00:00:11:19 &&& 30:00:95:99
action:              MyIngress.set_pred_3
runtime data:        02
Entry has been added with handle 14
RuntimeCmd: Adding entry to ternary match table MyIngress.tb_hwimo_tree_3
match key:           TERNARY-10:00:10:08 &&& 30:00:94:88
action:              MyIngress.set_pred_3
runtime data:        04
Entry has been added with handle 15
RuntimeCmd: Adding entry to ternary match table MyIngress.tb_hwimo_tree_3
match key:           TERNARY-20:00:00:08 &&& 20:00:86:8c
action:              MyIngress.set_pred_3
runtime data:        00
Entry has been added with handle 16
RuntimeCmd: Adding entry to ternary match table MyIngress.tb_hwimo_tree_3
match key:           TERNARY-20:00:00:0c &&& 20:20:86:8c
action:              MyIngress.set_pred_3
runtime data:        01
Entry has been added with handle 17
RuntimeCmd: Adding entry to ternary match table MyIngress.tb_hwimo_tree_3
match key:           TERNARY-20:20:00:0c &&& 20:20:86:8c
action:              MyIngress.set_pred_3
runtime data:        04
Entry has been added with handle 18
RuntimeCmd: Adding entry to ternary match table MyIngress.tb_hwimo_tree_3
match key:           TERNARY-20:00:02:08 &&& 20:80:86:88
action:              MyIngress.set_pred_3
runtime data:        01
Entry has been added with handle 19
RuntimeCmd: Adding entry to ternary match table MyIngress.tb_hwimo_tree_3
match key:           TERNARY-20:80:02:08 &&& 20:80:86:88
action:              MyIngress.set_pred_3
runtime data:        00
Entry has been added with handle 20
RuntimeCmd: Adding entry to ternary match table MyIngress.tb_hwimo_tree_3
match key:           TERNARY-00:00:80:00 &&& 00:06:84:c0
action:              MyIngress.set_pred_3
runtime data:        00
Entry has been added with handle 21
RuntimeCmd: Adding entry to ternary match table MyIngress.tb_hwimo_tree_3
match key:           TERNARY-00:04:80:00 &&& 00:06:84:c0
action:              MyIngress.set_pred_3
runtime data:        02
Entry has been added with handle 22
RuntimeCmd: Adding entry to ternary match table MyIngress.tb_hwimo_tree_3
match key:           TERNARY-00:00:80:40 &&& 00:aa:84:f0
action:              MyIngress.set_pred_3
runtime data:        01
Entry has been added with handle 23
RuntimeCmd: Adding entry to ternary match table MyIngress.tb_hwimo_tree_3
match key:           TERNARY-00:00:80:60 &&& 00:aa:84:f0
action:              MyIngress.set_pred_3
runtime data:        01
Entry has been added with handle 24
RuntimeCmd: Adding entry to ternary match table MyIngress.tb_hwimo_tree_3
match key:           TERNARY-00:00:80:50 &&& 00:aa:84:f0
action:              MyIngress.set_pred_3
runtime data:        01
Entry has been added with handle 25
RuntimeCmd: Adding entry to ternary match table MyIngress.tb_hwimo_tree_3
match key:           TERNARY-00:00:80:70 &&& 00:aa:84:f0
action:              MyIngress.set_pred_3
runtime data:        01
Entry has been added with handle 26
RuntimeCmd: Adding entry to ternary match table MyIngress.tb_hwimo_tree_3
match key:           TERNARY-00:08:80:40 &&& 00:aa:84:c0
action:              MyIngress.set_pred_3
runtime data:        01
Entry has been added with handle 27
RuntimeCmd: Adding entry to ternary match table MyIngress.tb_hwimo_tree_3
match key:           TERNARY-00:20:80:40 &&& 00:a2:84:c0
action:              MyIngress.set_pred_3
runtime data:        00
Entry has been added with handle 28
RuntimeCmd: Adding entry to ternary match table MyIngress.tb_hwimo_tree_3
match key:           TERNARY-00:80:80:40 &&& 00:82:84:c0
action:              MyIngress.set_pred_3
runtime data:        00
Entry has been added with handle 29
RuntimeCmd: Adding entry to ternary match table MyIngress.tb_hwimo_tree_3
match key:           TERNARY-00:02:80:00 &&& 00:0b:94:80
action:              MyIngress.set_pred_3
runtime data:        00
Entry has been added with handle 30
RuntimeCmd: Adding entry to ternary match table MyIngress.tb_hwimo_tree_3
match key:           TERNARY-00:0a:80:00 &&& 04:0b:94:80
action:              MyIngress.set_pred_3
runtime data:        01
Entry has been added with handle 31
RuntimeCmd: Adding entry to ternary match table MyIngress.tb_hwimo_tree_3
match key:           TERNARY-04:0a:80:00 &&& 04:0b:94:80
action:              MyIngress.set_pred_3
runtime data:        00
Entry has been added with handle 32
RuntimeCmd: Adding entry to ternary match table MyIngress.tb_hwimo_tree_3
match key:           TERNARY-00:02:90:00 &&& 00:03:96:80
action:              MyIngress.set_pred_3
runtime data:        01
Entry has been added with handle 33
RuntimeCmd: Adding entry to ternary match table MyIngress.tb_hwimo_tree_3
match key:           TERNARY-00:02:92:00 &&& 00:23:96:88
action:              MyIngress.set_pred_3
runtime data:        01
Entry has been added with handle 34
RuntimeCmd: Adding entry to ternary match table MyIngress.tb_hwimo_tree_3
match key:           TERNARY-00:22:92:00 &&& 00:23:96:88
action:              MyIngress.set_pred_3
runtime data:        00
Entry has been added with handle 35
RuntimeCmd: Adding entry to ternary match table MyIngress.tb_hwimo_tree_3
match key:           TERNARY-00:02:92:08 &&& 00:03:96:88
action:              MyIngress.set_pred_3
runtime data:        00
Entry has been added with handle 36
RuntimeCmd: Adding entry to ternary match table MyIngress.tb_hwimo_tree_3
match key:           TERNARY-00:03:80:00 &&& 00:4b:94:88
action:              MyIngress.set_pred_3
runtime data:        00
Entry has been added with handle 37
RuntimeCmd: Adding entry to ternary match table MyIngress.tb_hwimo_tree_3
match key:           TERNARY-00:03:90:00 &&& 00:4b:94:88
action:              MyIngress.set_pred_3
runtime data:        03
Entry has been added with handle 38
RuntimeCmd: Adding entry to ternary match table MyIngress.tb_hwimo_tree_3
match key:           TERNARY-00:0b:80:00 &&& 00:4b:84:88
action:              MyIngress.set_pred_3
runtime data:        01
Entry has been added with handle 39
RuntimeCmd: Adding entry to ternary match table MyIngress.tb_hwimo_tree_3
match key:           TERNARY-00:03:80:08 &&& 00:43:84:88
action:              MyIngress.set_pred_3
runtime data:        02
Entry has been added with handle 40
RuntimeCmd: Adding entry to ternary match table MyIngress.tb_hwimo_tree_3
match key:           TERNARY-00:43:80:00 &&& 20:43:84:80
action:              MyIngress.set_pred_3
runtime data:        04
Entry has been added with handle 41
RuntimeCmd: Adding entry to ternary match table MyIngress.tb_hwimo_tree_3
match key:           TERNARY-20:43:80:00 &&& 20:43:84:80
action:              MyIngress.set_pred_3
runtime data:        00
Entry has been added with handle 42
RuntimeCmd: Adding entry to ternary match table MyIngress.tb_hwimo_tree_3
match key:           TERNARY-00:00:04:00 &&& 28:00:1e:c0
action:              MyIngress.set_pred_3
runtime data:        01
Entry has been added with handle 43
RuntimeCmd: Adding entry to ternary match table MyIngress.tb_hwimo_tree_3
match key:           TERNARY-20:00:04:00 &&& 28:00:1e:c0
action:              MyIngress.set_pred_3
runtime data:        00
Entry has been added with handle 44
RuntimeCmd: Adding entry to ternary match table MyIngress.tb_hwimo_tree_3
match key:           TERNARY-08:00:04:00 &&& 08:08:1e:c0
action:              MyIngress.set_pred_3
runtime data:        04
Entry has been added with handle 45
RuntimeCmd: Adding entry to ternary match table MyIngress.tb_hwimo_tree_3
match key:           TERNARY-08:08:04:00 &&& 08:08:1e:c0
action:              MyIngress.set_pred_3
runtime data:        01
Entry has been added with handle 46
RuntimeCmd: Adding entry to ternary match table MyIngress.tb_hwimo_tree_3
match key:           TERNARY-00:00:04:40 &&& 10:08:1e:c0
action:              MyIngress.set_pred_3
runtime data:        03
Entry has been added with handle 47
RuntimeCmd: Adding entry to ternary match table MyIngress.tb_hwimo_tree_3
match key:           TERNARY-00:08:04:40 &&& 10:08:1e:c0
action:              MyIngress.set_pred_3
runtime data:        01
Entry has been added with handle 48
RuntimeCmd: Adding entry to ternary match table MyIngress.tb_hwimo_tree_3
match key:           TERNARY-10:00:04:40 &&& 10:00:1e:c0
action:              MyIngress.set_pred_3
runtime data:        00
Entry has been added with handle 49
RuntimeCmd: Adding entry to ternary match table MyIngress.tb_hwimo_tree_3
match key:           TERNARY-00:00:06:00 &&& 04:08:3e:80
action:              MyIngress.set_pred_3
runtime data:        02
Entry has been added with handle 50
RuntimeCmd: Adding entry to ternary match table MyIngress.tb_hwimo_tree_3
match key:           TERNARY-00:08:06:00 &&& 14:08:3e:80
action:              MyIngress.set_pred_3
runtime data:        01
Entry has been added with handle 51
RuntimeCmd: Adding entry to ternary match table MyIngress.tb_hwimo_tree_3
match key:           TERNARY-10:08:06:00 &&& 14:08:3e:80
action:              MyIngress.set_pred_3
runtime data:        00
Entry has been added with handle 52
RuntimeCmd: Adding entry to ternary match table MyIngress.tb_hwimo_tree_3
match key:           TERNARY-00:00:26:00 &&& 04:08:3f:b0
action:              MyIngress.set_pred_3
runtime data:        01
Entry has been added with handle 53
RuntimeCmd: Adding entry to ternary match table MyIngress.tb_hwimo_tree_3
match key:           TERNARY-00:00:26:20 &&& 04:08:3f:b0
action:              MyIngress.set_pred_3
runtime data:        01
Entry has been added with handle 54
RuntimeCmd: Adding entry to ternary match table MyIngress.tb_hwimo_tree_3
match key:           TERNARY-00:00:27:00 &&& 04:08:3f:90
action:              MyIngress.set_pred_3
runtime data:        01
Entry has been added with handle 55
RuntimeCmd: Adding entry to ternary match table MyIngress.tb_hwimo_tree_3
match key:           TERNARY-00:00:26:10 &&& 04:08:3f:b0
action:              MyIngress.set_pred_3
runtime data:        01
Entry has been added with handle 56
RuntimeCmd: Adding entry to ternary match table MyIngress.tb_hwimo_tree_3
match key:           TERNARY-00:00:27:10 &&& 04:08:3f:b0
action:              MyIngress.set_pred_3
runtime data:        01
Entry has been added with handle 57
RuntimeCmd: Adding entry to ternary match table MyIngress.tb_hwimo_tree_3
match key:           TERNARY-00:00:26:30 &&& 04:08:3e:b0
action:              MyIngress.set_pred_3
runtime data:        01
Entry has been added with handle 58
RuntimeCmd: Adding entry to ternary match table MyIngress.tb_hwimo_tree_3
match key:           TERNARY-00:08:26:00 &&& 04:08:3e:80
action:              MyIngress.set_pred_3
runtime data:        01
Entry has been added with handle 59
RuntimeCmd: Adding entry to ternary match table MyIngress.tb_hwimo_tree_3
match key:           TERNARY-04:00:06:00 &&& 04:02:1e:80
action:              MyIngress.set_pred_3
runtime data:        04
Entry has been added with handle 60
RuntimeCmd: Adding entry to ternary match table MyIngress.tb_hwimo_tree_3
match key:           TERNARY-04:02:06:00 &&& 04:02:1e:80
action:              MyIngress.set_pred_3
runtime data:        00
Entry has been added with handle 61
RuntimeCmd: Adding entry to ternary match table MyIngress.tb_hwimo_tree_3
match key:           TERNARY-00:00:0c:00 &&& 00:40:3c:80
action:              MyIngress.set_pred_3
runtime data:        01
Entry has been added with handle 62
RuntimeCmd: Adding entry to ternary match table MyIngress.tb_hwimo_tree_3
match key:           TERNARY-00:40:0c:00 &&& 00:40:3c:80
action:              MyIngress.set_pred_3
runtime data:        00
Entry has been added with handle 63
RuntimeCmd: Adding entry to ternary match table MyIngress.tb_hwimo_tree_3
match key:           TERNARY-00:00:2c:00 &&& 00:41:3c:80
action:              MyIngress.set_pred_3
runtime data:        01
Entry has been added with handle 64
RuntimeCmd: Adding entry to ternary match table MyIngress.tb_hwimo_tree_3
match key:           TERNARY-00:01:2c:00 &&& 00:41:3c:b0
action:              MyIngress.set_pred_3
runtime data:        01
Entry has been added with handle 65
RuntimeCmd: Adding entry to ternary match table MyIngress.tb_hwimo_tree_3
match key:           TERNARY-00:01:2c:10 &&& 20:41:3c:b0
action:              MyIngress.set_pred_3
runtime data:        00
Entry has been added with handle 66
RuntimeCmd: Adding entry to ternary match table MyIngress.tb_hwimo_tree_3
match key:           TERNARY-20:01:2c:10 &&& 20:41:3c:b0
action:              MyIngress.set_pred_3
runtime data:        03
Entry has been added with handle 67
RuntimeCmd: Adding entry to ternary match table MyIngress.tb_hwimo_tree_3
match key:           TERNARY-00:01:2c:20 &&& 00:41:3c:b0
action:              MyIngress.set_pred_3
runtime data:        04
Entry has been added with handle 68
RuntimeCmd: Adding entry to ternary match table MyIngress.tb_hwimo_tree_3
match key:           TERNARY-00:01:2c:30 &&& 00:41:3c:b1
action:              MyIngress.set_pred_3
runtime data:        02
Entry has been added with handle 69
RuntimeCmd: Adding entry to ternary match table MyIngress.tb_hwimo_tree_3
match key:           TERNARY-00:01:2c:31 &&& 00:41:3c:b1
action:              MyIngress.set_pred_3
runtime data:        02
Entry has been added with handle 70
RuntimeCmd: Adding entry to ternary match table MyIngress.tb_hwimo_tree_3
match key:           TERNARY-00:40:2c:00 &&& 20:40:3c:80
action:              MyIngress.set_pred_3
runtime data:        04
Entry has been added with handle 71
RuntimeCmd: Adding entry to ternary match table MyIngress.tb_hwimo_tree_3
match key:           TERNARY-20:40:2c:00 &&& 20:40:3c:80
action:              MyIngress.set_pred_3
runtime data:        00
Entry has been added with handle 72
RuntimeCmd: Adding entry to ternary match table MyIngress.tb_hwimo_tree_3
match key:           TERNARY-00:00:14:00 &&& 30:00:14:88
action:              MyIngress.set_pred_3
runtime data:        03
Entry has been added with handle 73
RuntimeCmd: Adding entry to ternary match table MyIngress.tb_hwimo_tree_3
match key:           TERNARY-20:00:14:00 &&& 30:00:14:88
action:              MyIngress.set_pred_3
runtime data:        01
Entry has been added with handle 74
RuntimeCmd: Adding entry to ternary match table MyIngress.tb_hwimo_tree_3
match key:           TERNARY-10:00:14:00 &&& 10:00:16:88
action:              MyIngress.set_pred_3
runtime data:        00
Entry has been added with handle 75
RuntimeCmd: Adding entry to ternary match table MyIngress.tb_hwimo_tree_3
match key:           TERNARY-10:00:16:00 &&& 10:00:16:88
action:              MyIngress.set_pred_3
runtime data:        04
Entry has been added with handle 76
RuntimeCmd: Adding entry to ternary match table MyIngress.tb_hwimo_tree_3
match key:           TERNARY-00:00:14:08 &&& 20:00:15:c8
action:              MyIngress.set_pred_3
runtime data:        04
Entry has been added with handle 77
RuntimeCmd: Adding entry to ternary match table MyIngress.tb_hwimo_tree_3
match key:           TERNARY-00:00:14:48 &&& 20:00:15:e8
action:              MyIngress.set_pred_3
runtime data:        00
Entry has been added with handle 78
RuntimeCmd: Adding entry to ternary match table MyIngress.tb_hwimo_tree_3
match key:           TERNARY-00:00:14:68 &&& 20:00:15:e8
action:              MyIngress.set_pred_3
runtime data:        00
Entry has been added with handle 79
RuntimeCmd: Adding entry to ternary match table MyIngress.tb_hwimo_tree_3
match key:           TERNARY-00:00:15:08 &&& 24:00:15:a8
action:              MyIngress.set_pred_3
runtime data:        04
Entry has been added with handle 80
RuntimeCmd: Adding entry to ternary match table MyIngress.tb_hwimo_tree_3
match key:           TERNARY-00:00:15:28 &&& 24:00:15:b8
action:              MyIngress.set_pred_3
runtime data:        02
Entry has been added with handle 81
RuntimeCmd: Adding entry to ternary match table MyIngress.tb_hwimo_tree_3
match key:           TERNARY-00:00:15:38 &&& 24:00:15:b8
action:              MyIngress.set_pred_3
runtime data:        04
Entry has been added with handle 82
RuntimeCmd: Adding entry to ternary match table MyIngress.tb_hwimo_tree_3
match key:           TERNARY-04:00:15:08 &&& 24:04:15:88
action:              MyIngress.set_pred_3
runtime data:        00
Entry has been added with handle 83
RuntimeCmd: Adding entry to ternary match table MyIngress.tb_hwimo_tree_3
match key:           TERNARY-04:04:15:08 &&& 24:04:15:88
action:              MyIngress.set_pred_3
runtime data:        04
Entry has been added with handle 84
RuntimeCmd: Adding entry to ternary match table MyIngress.tb_hwimo_tree_3
match key:           TERNARY-20:00:14:08 &&& 24:20:54:88
action:              MyIngress.set_pred_3
runtime data:        01
Entry has been added with handle 85
RuntimeCmd: Adding entry to ternary match table MyIngress.tb_hwimo_tree_3
match key:           TERNARY-20:00:54:08 &&& 24:28:54:88
action:              MyIngress.set_pred_3
runtime data:        03
Entry has been added with handle 86
RuntimeCmd: Adding entry to ternary match table MyIngress.tb_hwimo_tree_3
match key:           TERNARY-20:08:54:08 &&& 24:28:54:88
action:              MyIngress.set_pred_3
runtime data:        01
Entry has been added with handle 87
RuntimeCmd: Adding entry to ternary match table MyIngress.tb_hwimo_tree_3
match key:           TERNARY-24:00:14:08 &&& 24:20:14:88
action:              MyIngress.set_pred_3
runtime data:        00
Entry has been added with handle 88
RuntimeCmd: Adding entry to ternary match table MyIngress.tb_hwimo_tree_3
match key:           TERNARY-20:20:14:08 &&& 20:30:14:88
action:              MyIngress.set_pred_3
runtime data:        01
Entry has been added with handle 89
RuntimeCmd: Adding entry to ternary match table MyIngress.tb_hwimo_tree_3
match key:           TERNARY-20:30:14:08 &&& 20:38:14:b8
action:              MyIngress.set_pred_3
runtime data:        00
Entry has been added with handle 90
RuntimeCmd: Adding entry to ternary match table MyIngress.tb_hwimo_tree_3
match key:           TERNARY-20:30:14:18 &&& 20:38:14:b8
action:              MyIngress.set_pred_3
runtime data:        00
Entry has been added with handle 91
RuntimeCmd: Adding entry to ternary match table MyIngress.tb_hwimo_tree_3
match key:           TERNARY-20:30:14:28 &&& 20:38:14:b8
action:              MyIngress.set_pred_3
runtime data:        00
Entry has been added with handle 92
RuntimeCmd: Adding entry to ternary match table MyIngress.tb_hwimo_tree_3
match key:           TERNARY-20:30:14:38 &&& 20:38:14:b8
action:              MyIngress.set_pred_3
runtime data:        00
Entry has been added with handle 93
RuntimeCmd: Adding entry to ternary match table MyIngress.tb_hwimo_tree_3
match key:           TERNARY-20:38:14:08 &&& 20:38:14:b8
action:              MyIngress.set_pred_3
runtime data:        00
Entry has been added with handle 94
RuntimeCmd: Adding entry to ternary match table MyIngress.tb_hwimo_tree_3
match key:           TERNARY-20:38:14:28 &&& 20:38:14:b8
action:              MyIngress.set_pred_3
runtime data:        00
Entry has been added with handle 95
RuntimeCmd: Adding entry to ternary match table MyIngress.tb_hwimo_tree_3
match key:           TERNARY-20:38:14:18 &&& 20:38:14:b8
action:              MyIngress.set_pred_3
runtime data:        00
Entry has been added with handle 96
RuntimeCmd: Adding entry to ternary match table MyIngress.tb_hwimo_tree_3
match key:           TERNARY-20:38:14:38 &&& 20:38:14:b8
action:              MyIngress.set_pred_3
runtime data:        00
Entry has been added with handle 97
RuntimeCmd: Adding entry to ternary match table MyIngress.tb_hwimo_tree_3
match key:           TERNARY-00:00:00:80 &&& 0a:30:20:90
action:              MyIngress.set_pred_3
runtime data:        01
Entry has been added with handle 98
RuntimeCmd: Adding entry to ternary match table MyIngress.tb_hwimo_tree_3
match key:           TERNARY-00:00:20:80 &&& 0a:30:20:90
action:              MyIngress.set_pred_3
runtime data:        00
Entry has been added with handle 99
RuntimeCmd: Adding entry to ternary match table MyIngress.tb_hwimo_tree_3
match key:           TERNARY-08:00:00:80 &&& 0a:70:00:90
action:              MyIngress.set_pred_3
runtime data:        03
Entry has been added with handle 100
RuntimeCmd: Adding entry to ternary match table MyIngress.tb_hwimo_tree_3
match key:           TERNARY-08:40:00:80 &&& 1a:70:00:90
action:              MyIngress.set_pred_3
runtime data:        01
Entry has been added with handle 101
RuntimeCmd: Adding entry to ternary match table MyIngress.tb_hwimo_tree_3
match key:           TERNARY-18:40:00:80 &&& 3a:70:04:98
action:              MyIngress.set_pred_3
runtime data:        04
Entry has been added with handle 102
RuntimeCmd: Adding entry to ternary match table MyIngress.tb_hwimo_tree_3
match key:           TERNARY-18:40:04:80 &&& 3a:70:04:98
action:              MyIngress.set_pred_3
runtime data:        04
Entry has been added with handle 103
RuntimeCmd: Adding entry to ternary match table MyIngress.tb_hwimo_tree_3
match key:           TERNARY-38:40:00:80 &&& 3a:70:00:98
action:              MyIngress.set_pred_3
runtime data:        01
Entry has been added with handle 104
RuntimeCmd: Adding entry to ternary match table MyIngress.tb_hwimo_tree_3
match key:           TERNARY-18:40:00:88 &&& 1a:72:00:98
action:              MyIngress.set_pred_3
runtime data:        02
Entry has been added with handle 105
RuntimeCmd: Adding entry to ternary match table MyIngress.tb_hwimo_tree_3
match key:           TERNARY-18:42:00:88 &&& 1a:72:00:98
action:              MyIngress.set_pred_3
runtime data:        04
Entry has been added with handle 106
RuntimeCmd: Adding entry to ternary match table MyIngress.tb_hwimo_tree_3
match key:           TERNARY-00:00:00:90 &&& 22:30:0c:90
action:              MyIngress.set_pred_3
runtime data:        04
Entry has been added with handle 107
RuntimeCmd: Adding entry to ternary match table MyIngress.tb_hwimo_tree_3
match key:           TERNARY-00:00:04:90 &&& 22:30:2c:90
action:              MyIngress.set_pred_3
runtime data:        00
Entry has been added with handle 108
RuntimeCmd: Adding entry to ternary match table MyIngress.tb_hwimo_tree_3
match key:           TERNARY-00:00:24:90 &&& 22:30:2c:90
action:              MyIngress.set_pred_3
runtime data:        04
Entry has been added with handle 109
RuntimeCmd: Adding entry to ternary match table MyIngress.tb_hwimo_tree_3
match key:           TERNARY-20:00:00:90 &&& 22:30:08:94
action:              MyIngress.set_pred_3
runtime data:        04
Entry has been added with handle 110
RuntimeCmd: Adding entry to ternary match table MyIngress.tb_hwimo_tree_3
match key:           TERNARY-20:00:00:94 &&& 22:30:08:94
action:              MyIngress.set_pred_3
runtime data:        01
Entry has been added with handle 111
RuntimeCmd: Adding entry to ternary match table MyIngress.tb_hwimo_tree_3
match key:           TERNARY-00:00:08:90 &&& 02:30:08:b0
action:              MyIngress.set_pred_3
runtime data:        00
Entry has been added with handle 112
RuntimeCmd: Adding entry to ternary match table MyIngress.tb_hwimo_tree_3
match key:           TERNARY-00:00:08:b0 &&& 02:30:08:b0
action:              MyIngress.set_pred_3
runtime data:        01
Entry has been added with handle 113
RuntimeCmd: Adding entry to ternary match table MyIngress.tb_hwimo_tree_3
match key:           TERNARY-02:00:00:80 &&& 26:b0:01:80
action:              MyIngress.set_pred_3
runtime data:        00
Entry has been added with handle 114
RuntimeCmd: Adding entry to ternary match table MyIngress.tb_hwimo_tree_3
match key:           TERNARY-22:00:00:80 &&& 26:b0:09:88
action:              MyIngress.set_pred_3
runtime data:        03
Entry has been added with handle 115
RuntimeCmd: Adding entry to ternary match table MyIngress.tb_hwimo_tree_3
match key:           TERNARY-22:00:00:88 &&& 26:b0:09:88
action:              MyIngress.set_pred_3
runtime data:        03
Entry has been added with handle 116
RuntimeCmd: Adding entry to ternary match table MyIngress.tb_hwimo_tree_3
match key:           TERNARY-22:00:08:80 &&& 26:b0:09:80
action:              MyIngress.set_pred_3
runtime data:        01
Entry has been added with handle 117
RuntimeCmd: Adding entry to ternary match table MyIngress.tb_hwimo_tree_3
match key:           TERNARY-02:80:00:80 &&& 06:b0:01:80
action:              MyIngress.set_pred_3
runtime data:        02
Entry has been added with handle 118
RuntimeCmd: Adding entry to ternary match table MyIngress.tb_hwimo_tree_3
match key:           TERNARY-02:00:01:80 &&& 06:30:21:80
action:              MyIngress.set_pred_3
runtime data:        01
Entry has been added with handle 119
RuntimeCmd: Adding entry to ternary match table MyIngress.tb_hwimo_tree_3
match key:           TERNARY-02:00:21:80 &&& 06:30:29:80
action:              MyIngress.set_pred_3
runtime data:        04
Entry has been added with handle 120
RuntimeCmd: Adding entry to ternary match table MyIngress.tb_hwimo_tree_3
match key:           TERNARY-02:00:29:80 &&& 06:30:29:80
action:              MyIngress.set_pred_3
runtime data:        00
Entry has been added with handle 121
RuntimeCmd: Adding entry to ternary match table MyIngress.tb_hwimo_tree_3
match key:           TERNARY-06:00:00:80 &&& 06:30:40:82
action:              MyIngress.set_pred_3
runtime data:        01
Entry has been added with handle 122
RuntimeCmd: Adding entry to ternary match table MyIngress.tb_hwimo_tree_3
match key:           TERNARY-06:00:00:82 &&& 06:30:42:82
action:              MyIngress.set_pred_3
runtime data:        00
Entry has been added with handle 123
RuntimeCmd: Adding entry to ternary match table MyIngress.tb_hwimo_tree_3
match key:           TERNARY-06:00:02:82 &&& 06:30:42:82
action:              MyIngress.set_pred_3
runtime data:        02
Entry has been added with handle 124
RuntimeCmd: Adding entry to ternary match table MyIngress.tb_hwimo_tree_3
match key:           TERNARY-06:00:40:80 &&& 06:30:48:80
action:              MyIngress.set_pred_3
runtime data:        04
Entry has been added with handle 125
RuntimeCmd: Adding entry to ternary match table MyIngress.tb_hwimo_tree_3
match key:           TERNARY-06:00:48:80 &&& 06:30:48:80
action:              MyIngress.set_pred_3
runtime data:        00
Entry has been added with handle 126
RuntimeCmd: Adding entry to ternary match table MyIngress.tb_hwimo_tree_3
match key:           TERNARY-00:20:00:80 &&& 00:30:42:b0
action:              MyIngress.set_pred_3
runtime data:        03
Entry has been added with handle 127
RuntimeCmd: Adding entry to ternary match table MyIngress.tb_hwimo_tree_3
match key:           TERNARY-00:20:02:80 &&& 00:30:42:b0
action:              MyIngress.set_pred_3
runtime data:        01
Entry has been added with handle 128
RuntimeCmd: Adding entry to ternary match table MyIngress.tb_hwimo_tree_3
match key:           TERNARY-00:20:40:80 &&& 08:30:40:b0
action:              MyIngress.set_pred_3
runtime data:        00
Entry has been added with handle 129
RuntimeCmd: Adding entry to ternary match table MyIngress.tb_hwimo_tree_3
match key:           TERNARY-08:20:40:80 &&& 08:30:c0:b0
action:              MyIngress.set_pred_3
runtime data:        04
Entry has been added with handle 130
RuntimeCmd: Adding entry to ternary match table MyIngress.tb_hwimo_tree_3
match key:           TERNARY-08:20:c0:80 &&& 08:30:c0:b0
action:              MyIngress.set_pred_3
runtime data:        01
Entry has been added with handle 131
RuntimeCmd: Adding entry to ternary match table MyIngress.tb_hwimo_tree_3
match key:           TERNARY-00:20:00:90 &&& 08:32:06:b0
action:              MyIngress.set_pred_3
runtime data:        03
Entry has been added with handle 132
RuntimeCmd: Adding entry to ternary match table MyIngress.tb_hwimo_tree_3
match key:           TERNARY-00:20:04:90 &&& 08:32:0e:b0
action:              MyIngress.set_pred_3
runtime data:        00
Entry has been added with handle 133
RuntimeCmd: Adding entry to ternary match table MyIngress.tb_hwimo_tree_3
match key:           TERNARY-00:20:0c:90 &&& 08:32:0e:b0
action:              MyIngress.set_pred_3
runtime data:        01
Entry has been added with handle 134
RuntimeCmd: Adding entry to ternary match table MyIngress.tb_hwimo_tree_3
match key:           TERNARY-00:20:02:90 &&& 08:32:02:b0
action:              MyIngress.set_pred_3
runtime data:        01
Entry has been added with handle 135
RuntimeCmd: Adding entry to ternary match table MyIngress.tb_hwimo_tree_3
match key:           TERNARY-00:22:00:90 &&& 08:32:00:b0
action:              MyIngress.set_pred_3
runtime data:        00
Entry has been added with handle 136
RuntimeCmd: Adding entry to ternary match table MyIngress.tb_hwimo_tree_3
match key:           TERNARY-08:20:00:90 &&& 08:30:00:b0
action:              MyIngress.set_pred_3
runtime data:        01
Entry has been added with handle 137
RuntimeCmd: Adding entry to ternary match table MyIngress.tb_hwimo_tree_3
match key:           TERNARY-00:20:00:a0 &&& 09:70:00:a8
action:              MyIngress.set_pred_3
runtime data:        00
Entry has been added with handle 138
RuntimeCmd: Adding entry to ternary match table MyIngress.tb_hwimo_tree_3
match key:           TERNARY-00:60:00:a0 &&& 09:70:00:a9
action:              MyIngress.set_pred_3
runtime data:        00
Entry has been added with handle 139
RuntimeCmd: Adding entry to ternary match table MyIngress.tb_hwimo_tree_3
match key:           TERNARY-00:60:00:a1 &&& 09:70:00:a9
action:              MyIngress.set_pred_3
runtime data:        01
Entry has been added with handle 140
RuntimeCmd: Adding entry to ternary match table MyIngress.tb_hwimo_tree_3
match key:           TERNARY-08:20:00:a0 &&& 09:b0:00:a8
action:              MyIngress.set_pred_3
runtime data:        01
Entry has been added with handle 141
RuntimeCmd: Adding entry to ternary match table MyIngress.tb_hwimo_tree_3
match key:           TERNARY-08:a0:00:a0 &&& 09:b0:00:a8
action:              MyIngress.set_pred_3
runtime data:        04
Entry has been added with handle 142
RuntimeCmd: Adding entry to ternary match table MyIngress.tb_hwimo_tree_3
match key:           TERNARY-00:20:00:a8 &&& 11:30:20:e8
action:              MyIngress.set_pred_3
runtime data:        02
Entry has been added with handle 143
RuntimeCmd: Adding entry to ternary match table MyIngress.tb_hwimo_tree_3
match key:           TERNARY-00:20:00:e8 &&& 11:30:20:e8
action:              MyIngress.set_pred_3
runtime data:        02
Entry has been added with handle 144
RuntimeCmd: Adding entry to ternary match table MyIngress.tb_hwimo_tree_3
match key:           TERNARY-10:20:00:a8 &&& 11:30:20:a9
action:              MyIngress.set_pred_3
runtime data:        01
Entry has been added with handle 145
RuntimeCmd: Adding entry to ternary match table MyIngress.tb_hwimo_tree_3
match key:           TERNARY-10:20:00:a9 &&& 11:30:20:a9
action:              MyIngress.set_pred_3
runtime data:        04
Entry has been added with handle 146
RuntimeCmd: Adding entry to ternary match table MyIngress.tb_hwimo_tree_3
match key:           TERNARY-00:20:20:a8 &&& 01:30:20:a8
action:              MyIngress.set_pred_3
runtime data:        00
Entry has been added with handle 147
RuntimeCmd: Adding entry to ternary match table MyIngress.tb_hwimo_tree_3
match key:           TERNARY-01:20:00:a0 &&& 21:30:0a:b0
action:              MyIngress.set_pred_3
runtime data:        04
Entry has been added with handle 148
RuntimeCmd: Adding entry to ternary match table MyIngress.tb_hwimo_tree_3
match key:           TERNARY-21:20:00:a0 &&& 21:30:0a:b0
action:              MyIngress.set_pred_3
runtime data:        03
Entry has been added with handle 149
RuntimeCmd: Adding entry to ternary match table MyIngress.tb_hwimo_tree_3
match key:           TERNARY-01:20:02:a0 &&& 01:30:0a:b0
action:              MyIngress.set_pred_3
runtime data:        00
Entry has been added with handle 150
RuntimeCmd: Adding entry to ternary match table MyIngress.tb_hwimo_tree_3
match key:           TERNARY-01:20:00:b0 &&& 21:b0:08:b0
action:              MyIngress.set_pred_3
runtime data:        04
Entry has been added with handle 151
RuntimeCmd: Adding entry to ternary match table MyIngress.tb_hwimo_tree_3
match key:           TERNARY-21:20:00:b0 &&& 21:b0:08:b0
action:              MyIngress.set_pred_3
runtime data:        03
Entry has been added with handle 152
RuntimeCmd: Adding entry to ternary match table MyIngress.tb_hwimo_tree_3
match key:           TERNARY-01:a0:00:b0 &&& 01:f0:08:b0
action:              MyIngress.set_pred_3
runtime data:        00
Entry has been added with handle 153
RuntimeCmd: Adding entry to ternary match table MyIngress.tb_hwimo_tree_3
match key:           TERNARY-01:e0:00:b0 &&& 01:f0:08:b0
action:              MyIngress.set_pred_3
runtime data:        04
Entry has been added with handle 154
RuntimeCmd: Adding entry to ternary match table MyIngress.tb_hwimo_tree_3
match key:           TERNARY-01:20:08:a0 &&& 09:30:08:a0
action:              MyIngress.set_pred_3
runtime data:        00
Entry has been added with handle 155
RuntimeCmd: Adding entry to ternary match table MyIngress.tb_hwimo_tree_3
match key:           TERNARY-09:20:08:a0 &&& 09:30:08:a0
action:              MyIngress.set_pred_3
runtime data:        01
Entry has been added with handle 156
RuntimeCmd: Adding entry to ternary match table MyIngress.tb_hwimo_tree_3
match key:           TERNARY-00:10:00:80 &&& 00:50:00:87
action:              MyIngress.set_pred_3
runtime data:        03
Entry has been added with handle 157
RuntimeCmd: Adding entry to ternary match table MyIngress.tb_hwimo_tree_3
match key:           TERNARY-00:10:00:82 &&& 00:50:42:87
action:              MyIngress.set_pred_3
runtime data:        00
Entry has been added with handle 158
RuntimeCmd: Adding entry to ternary match table MyIngress.tb_hwimo_tree_3
match key:           TERNARY-00:10:40:82 &&& 00:50:42:c7
action:              MyIngress.set_pred_3
runtime data:        04
Entry has been added with handle 159
RuntimeCmd: Adding entry to ternary match table MyIngress.tb_hwimo_tree_3
match key:           TERNARY-00:10:40:c2 &&& 00:50:42:c7
action:              MyIngress.set_pred_3
runtime data:        00
Entry has been added with handle 160
RuntimeCmd: Adding entry to ternary match table MyIngress.tb_hwimo_tree_3
match key:           TERNARY-00:10:02:82 &&& 00:50:02:87
action:              MyIngress.set_pred_3
runtime data:        02
Entry has been added with handle 161
RuntimeCmd: Adding entry to ternary match table MyIngress.tb_hwimo_tree_3
match key:           TERNARY-00:50:00:80 &&& 00:50:22:c5
action:              MyIngress.set_pred_3
runtime data:        00
Entry has been added with handle 162
RuntimeCmd: Adding entry to ternary match table MyIngress.tb_hwimo_tree_3
match key:           TERNARY-00:50:20:80 &&& 00:50:22:c5
action:              MyIngress.set_pred_3
runtime data:        04
Entry has been added with handle 163
RuntimeCmd: Adding entry to ternary match table MyIngress.tb_hwimo_tree_3
match key:           TERNARY-00:50:00:c0 &&& 00:50:02:c5
action:              MyIngress.set_pred_3
runtime data:        00
Entry has been added with handle 164
RuntimeCmd: Adding entry to ternary match table MyIngress.tb_hwimo_tree_3
match key:           TERNARY-00:50:02:80 &&& 00:d0:02:85
action:              MyIngress.set_pred_3
runtime data:        02
Entry has been added with handle 165
RuntimeCmd: Adding entry to ternary match table MyIngress.tb_hwimo_tree_3
match key:           TERNARY-00:d0:02:80 &&& 00:f0:0a:85
action:              MyIngress.set_pred_3
runtime data:        02
Entry has been added with handle 166
RuntimeCmd: Adding entry to ternary match table MyIngress.tb_hwimo_tree_3
match key:           TERNARY-00:d0:0a:80 &&& 00:f0:0a:85
action:              MyIngress.set_pred_3
runtime data:        01
Entry has been added with handle 167
RuntimeCmd: Adding entry to ternary match table MyIngress.tb_hwimo_tree_3
match key:           TERNARY-00:f0:02:80 &&& 00:f8:02:85
action:              MyIngress.set_pred_3
runtime data:        01
Entry has been added with handle 168
RuntimeCmd: Adding entry to ternary match table MyIngress.tb_hwimo_tree_3
match key:           TERNARY-00:f8:02:80 &&& 00:f8:02:e5
action:              MyIngress.set_pred_3
runtime data:        00
Entry has been added with handle 169
RuntimeCmd: Adding entry to ternary match table MyIngress.tb_hwimo_tree_3
match key:           TERNARY-00:f8:02:c0 &&& 00:f8:02:e5
action:              MyIngress.set_pred_3
runtime data:        01
Entry has been added with handle 170
RuntimeCmd: Adding entry to ternary match table MyIngress.tb_hwimo_tree_3
match key:           TERNARY-00:f8:02:a0 &&& 00:f8:12:b7
action:              MyIngress.set_pred_3
runtime data:        00
Entry has been added with handle 171
RuntimeCmd: Adding entry to ternary match table MyIngress.tb_hwimo_tree_3
match key:           TERNARY-00:f8:12:a0 &&& 00:f8:12:b7
action:              MyIngress.set_pred_3
runtime data:        01
Entry has been added with handle 172
RuntimeCmd: Adding entry to ternary match table MyIngress.tb_hwimo_tree_3
match key:           TERNARY-00:f8:02:b0 &&& 00:f8:02:b7
action:              MyIngress.set_pred_3
runtime data:        00
Entry has been added with handle 173
RuntimeCmd: Adding entry to ternary match table MyIngress.tb_hwimo_tree_3
match key:           TERNARY-00:f8:02:a2 &&& 00:f8:02:a7
action:              MyIngress.set_pred_3
runtime data:        01
Entry has been added with handle 174
RuntimeCmd: Adding entry to ternary match table MyIngress.tb_hwimo_tree_3
match key:           TERNARY-00:10:00:84 &&& 20:51:80:85
action:              MyIngress.set_pred_3
runtime data:        03
Entry has been added with handle 175
RuntimeCmd: Adding entry to ternary match table MyIngress.tb_hwimo_tree_3
match key:           TERNARY-00:10:80:84 &&& 20:51:c0:85
action:              MyIngress.set_pred_3
runtime data:        02
Entry has been added with handle 176
RuntimeCmd: Adding entry to ternary match table MyIngress.tb_hwimo_tree_3
match key:           TERNARY-00:10:c0:84 &&& 20:51:e0:a5
action:              MyIngress.set_pred_3
runtime data:        01
Entry has been added with handle 177
RuntimeCmd: Adding entry to ternary match table MyIngress.tb_hwimo_tree_3
match key:           TERNARY-00:10:c0:a4 &&& 20:51:e0:a5
action:              MyIngress.set_pred_3
runtime data:        00
Entry has been added with handle 178
RuntimeCmd: Adding entry to ternary match table MyIngress.tb_hwimo_tree_3
match key:           TERNARY-00:10:e0:84 &&& 20:51:e0:85
action:              MyIngress.set_pred_3
runtime data:        01
Entry has been added with handle 179
RuntimeCmd: Adding entry to ternary match table MyIngress.tb_hwimo_tree_3
match key:           TERNARY-00:50:00:84 &&& 20:51:00:9d
action:              MyIngress.set_pred_3
runtime data:        00
Entry has been added with handle 180
RuntimeCmd: Adding entry to ternary match table MyIngress.tb_hwimo_tree_3
match key:           TERNARY-00:50:00:94 &&& 20:51:00:9d
action:              MyIngress.set_pred_3
runtime data:        04
Entry has been added with handle 181
RuntimeCmd: Adding entry to ternary match table MyIngress.tb_hwimo_tree_3
match key:           TERNARY-00:50:00:8c &&& 20:51:00:cd
action:              MyIngress.set_pred_3
runtime data:        04
Entry has been added with handle 182
RuntimeCmd: Adding entry to ternary match table MyIngress.tb_hwimo_tree_3
match key:           TERNARY-00:50:00:cc &&& 20:53:40:cd
action:              MyIngress.set_pred_3
runtime data:        04
Entry has been added with handle 183
RuntimeCmd: Adding entry to ternary match table MyIngress.tb_hwimo_tree_3
match key:           TERNARY-00:50:40:cc &&& 20:53:40:cd
action:              MyIngress.set_pred_3
runtime data:        00
Entry has been added with handle 184
RuntimeCmd: Adding entry to ternary match table MyIngress.tb_hwimo_tree_3
match key:           TERNARY-00:52:00:cc &&& 20:53:00:cd
action:              MyIngress.set_pred_3
runtime data:        00
Entry has been added with handle 185
RuntimeCmd: Adding entry to ternary match table MyIngress.tb_hwimo_tree_3
match key:           TERNARY-00:11:00:84 &&& 32:55:00:8f
action:              MyIngress.set_pred_3
runtime data:        04
Entry has been added with handle 186
RuntimeCmd: Adding entry to ternary match table MyIngress.tb_hwimo_tree_3
match key:           TERNARY-00:51:00:84 &&& 32:d5:00:8f
action:              MyIngress.set_pred_3
runtime data:        00
Entry has been added with handle 187
RuntimeCmd: Adding entry to ternary match table MyIngress.tb_hwimo_tree_3
match key:           TERNARY-00:d1:00:84 &&& 32:d5:00:8f
action:              MyIngress.set_pred_3
runtime data:        04
Entry has been added with handle 188
RuntimeCmd: Adding entry to ternary match table MyIngress.tb_hwimo_tree_3
match key:           TERNARY-02:11:00:84 &&& 36:15:00:8f
action:              MyIngress.set_pred_3
runtime data:        00
Entry has been added with handle 189
RuntimeCmd: Adding entry to ternary match table MyIngress.tb_hwimo_tree_3
match key:           TERNARY-06:11:00:84 &&& 36:15:00:8f
action:              MyIngress.set_pred_3
runtime data:        04
Entry has been added with handle 190
RuntimeCmd: Adding entry to ternary match table MyIngress.tb_hwimo_tree_3
match key:           TERNARY-10:11:00:84 &&& 32:95:04:8f
action:              MyIngress.set_pred_3
runtime data:        04
Entry has been added with handle 191
RuntimeCmd: Adding entry to ternary match table MyIngress.tb_hwimo_tree_3
match key:           TERNARY-10:91:00:84 &&& 32:9d:04:af
action:              MyIngress.set_pred_3
runtime data:        04
Entry has been added with handle 192
RuntimeCmd: Adding entry to ternary match table MyIngress.tb_hwimo_tree_3
match key:           TERNARY-10:99:00:84 &&& 32:9d:04:af
action:              MyIngress.set_pred_3
runtime data:        04
Entry has been added with handle 193
RuntimeCmd: Adding entry to ternary match table MyIngress.tb_hwimo_tree_3
match key:           TERNARY-10:91:00:a4 &&& 32:95:04:bf
action:              MyIngress.set_pred_3
runtime data:        04
Entry has been added with handle 194
RuntimeCmd: Adding entry to ternary match table MyIngress.tb_hwimo_tree_3
match key:           TERNARY-10:91:00:b4 &&& 32:95:04:bf
action:              MyIngress.set_pred_3
runtime data:        04
Entry has been added with handle 195
RuntimeCmd: Adding entry to ternary match table MyIngress.tb_hwimo_tree_3
match key:           TERNARY-10:11:04:84 &&& 32:15:04:8f
action:              MyIngress.set_pred_3
runtime data:        04
Entry has been added with handle 196
RuntimeCmd: Adding entry to ternary match table MyIngress.tb_hwimo_tree_3
match key:           TERNARY-12:11:00:84 &&& 32:35:00:8f
action:              MyIngress.set_pred_3
runtime data:        01
Entry has been added with handle 197
RuntimeCmd: Adding entry to ternary match table MyIngress.tb_hwimo_tree_3
match key:           TERNARY-12:31:00:84 &&& 32:35:00:8f
action:              MyIngress.set_pred_3
runtime data:        04
Entry has been added with handle 198
RuntimeCmd: Adding entry to ternary match table MyIngress.tb_hwimo_tree_3
match key:           TERNARY-00:15:00:84 &&& 30:15:00:8f
action:              MyIngress.set_pred_3
runtime data:        01
Entry has been added with handle 199
RuntimeCmd: Adding entry to ternary match table MyIngress.tb_hwimo_tree_3
match key:           TERNARY-10:15:00:84 &&& 30:15:00:8f
action:              MyIngress.set_pred_3
runtime data:        04
Entry has been added with handle 200
RuntimeCmd: Adding entry to ternary match table MyIngress.tb_hwimo_tree_3
match key:           TERNARY-00:11:00:8c &&& 28:11:40:8f
action:              MyIngress.set_pred_3
runtime data:        00
Entry has been added with handle 201
RuntimeCmd: Adding entry to ternary match table MyIngress.tb_hwimo_tree_3
match key:           TERNARY-08:11:00:8c &&& 28:11:40:8f
action:              MyIngress.set_pred_3
runtime data:        01
Entry has been added with handle 202
RuntimeCmd: Adding entry to ternary match table MyIngress.tb_hwimo_tree_3
match key:           TERNARY-00:11:40:8c &&& 21:d9:c0:8f
action:              MyIngress.set_pred_3
runtime data:        04
Entry has been added with handle 203
RuntimeCmd: Adding entry to ternary match table MyIngress.tb_hwimo_tree_3
match key:           TERNARY-00:11:c0:8c &&& 21:d9:c0:8f
action:              MyIngress.set_pred_3
runtime data:        02
Entry has been added with handle 204
RuntimeCmd: Adding entry to ternary match table MyIngress.tb_hwimo_tree_3
match key:           TERNARY-00:51:40:8c &&& 21:d9:40:8f
action:              MyIngress.set_pred_3
runtime data:        00
Entry has been added with handle 205
RuntimeCmd: Adding entry to ternary match table MyIngress.tb_hwimo_tree_3
match key:           TERNARY-00:91:40:8c &&& 21:99:40:8f
action:              MyIngress.set_pred_3
runtime data:        04
Entry has been added with handle 206
RuntimeCmd: Adding entry to ternary match table MyIngress.tb_hwimo_tree_3
match key:           TERNARY-01:11:40:8c &&& 21:19:40:9f
action:              MyIngress.set_pred_3
runtime data:        04
Entry has been added with handle 207
RuntimeCmd: Adding entry to ternary match table MyIngress.tb_hwimo_tree_3
match key:           TERNARY-01:11:40:9c &&& 23:19:40:9f
action:              MyIngress.set_pred_3
runtime data:        04
Entry has been added with handle 208
RuntimeCmd: Adding entry to ternary match table MyIngress.tb_hwimo_tree_3
match key:           TERNARY-03:11:40:9c &&& 23:19:40:9f
action:              MyIngress.set_pred_3
runtime data:        00
Entry has been added with handle 209
RuntimeCmd: Adding entry to ternary match table MyIngress.tb_hwimo_tree_3
match key:           TERNARY-00:19:40:8c &&& 28:5d:40:8f
action:              MyIngress.set_pred_3
runtime data:        00
Entry has been added with handle 210
RuntimeCmd: Adding entry to ternary match table MyIngress.tb_hwimo_tree_3
match key:           TERNARY-00:59:40:8c &&& 28:dd:40:8f
action:              MyIngress.set_pred_3
runtime data:        00
Entry has been added with handle 211
RuntimeCmd: Adding entry to ternary match table MyIngress.tb_hwimo_tree_3
match key:           TERNARY-00:d9:40:8c &&& 28:dd:40:8f
action:              MyIngress.set_pred_3
runtime data:        04
Entry has been added with handle 212
RuntimeCmd: Adding entry to ternary match table MyIngress.tb_hwimo_tree_3
match key:           TERNARY-08:19:40:8c &&& 28:5d:40:bf
action:              MyIngress.set_pred_3
runtime data:        04
Entry has been added with handle 213
RuntimeCmd: Adding entry to ternary match table MyIngress.tb_hwimo_tree_3
match key:           TERNARY-08:59:40:8c &&& 28:5d:40:bf
action:              MyIngress.set_pred_3
runtime data:        00
Entry has been added with handle 214
RuntimeCmd: Adding entry to ternary match table MyIngress.tb_hwimo_tree_3
match key:           TERNARY-08:19:40:9c &&& 28:1d:40:bf
action:              MyIngress.set_pred_3
runtime data:        00
Entry has been added with handle 215
RuntimeCmd: Adding entry to ternary match table MyIngress.tb_hwimo_tree_3
match key:           TERNARY-08:19:40:ac &&& 28:1d:40:af
action:              MyIngress.set_pred_3
runtime data:        04
Entry has been added with handle 216
RuntimeCmd: Adding entry to ternary match table MyIngress.tb_hwimo_tree_3
match key:           TERNARY-00:1d:40:8c &&& 20:1d:48:af
action:              MyIngress.set_pred_3
runtime data:        04
Entry has been added with handle 217
RuntimeCmd: Adding entry to ternary match table MyIngress.tb_hwimo_tree_3
match key:           TERNARY-00:1d:40:ac &&& 20:1d:c9:af
action:              MyIngress.set_pred_3
runtime data:        01
Entry has been added with handle 218
RuntimeCmd: Adding entry to ternary match table MyIngress.tb_hwimo_tree_3
match key:           TERNARY-00:1d:c0:ac &&& 20:1d:c9:af
action:              MyIngress.set_pred_3
runtime data:        04
Entry has been added with handle 219
RuntimeCmd: Adding entry to ternary match table MyIngress.tb_hwimo_tree_3
match key:           TERNARY-00:1d:41:ac &&& 20:1d:49:af
action:              MyIngress.set_pred_3
runtime data:        04
Entry has been added with handle 220
RuntimeCmd: Adding entry to ternary match table MyIngress.tb_hwimo_tree_3
match key:           TERNARY-00:1d:48:8c &&& 20:1d:48:8f
action:              MyIngress.set_pred_3
runtime data:        04
Entry has been added with handle 221
RuntimeCmd: Adding entry to ternary match table MyIngress.tb_hwimo_tree_3
match key:           TERNARY-00:11:00:86 &&& 20:19:08:87
action:              MyIngress.set_pred_3
runtime data:        04
Entry has been added with handle 222
RuntimeCmd: Adding entry to ternary match table MyIngress.tb_hwimo_tree_3
match key:           TERNARY-00:19:00:86 &&& 20:19:08:87
action:              MyIngress.set_pred_3
runtime data:        00
Entry has been added with handle 223
RuntimeCmd: Adding entry to ternary match table MyIngress.tb_hwimo_tree_3
match key:           TERNARY-00:11:08:86 &&& 20:11:08:87
action:              MyIngress.set_pred_3
runtime data:        00
Entry has been added with handle 224
RuntimeCmd: Adding entry to ternary match table MyIngress.tb_hwimo_tree_3
match key:           TERNARY-20:10:00:84 &&& 2c:18:00:95
action:              MyIngress.set_pred_3
runtime data:        02
Entry has been added with handle 225
RuntimeCmd: Adding entry to ternary match table MyIngress.tb_hwimo_tree_3
match key:           TERNARY-28:10:00:84 &&& 2c:18:00:95
action:              MyIngress.set_pred_3
runtime data:        04
Entry has been added with handle 226
RuntimeCmd: Adding entry to ternary match table MyIngress.tb_hwimo_tree_3
match key:           TERNARY-20:18:00:84 &&& 24:19:00:95
action:              MyIngress.set_pred_3
runtime data:        01
Entry has been added with handle 227
RuntimeCmd: Adding entry to ternary match table MyIngress.tb_hwimo_tree_3
match key:           TERNARY-20:19:00:84 &&& 24:19:00:95
action:              MyIngress.set_pred_3
runtime data:        00
Entry has been added with handle 228
RuntimeCmd: Adding entry to ternary match table MyIngress.tb_hwimo_tree_3
match key:           TERNARY-20:10:00:94 &&& 25:39:02:95
action:              MyIngress.set_pred_3
runtime data:        03
Entry has been added with handle 229
RuntimeCmd: Adding entry to ternary match table MyIngress.tb_hwimo_tree_3
match key:           TERNARY-20:30:00:94 &&& 25:39:02:95
action:              MyIngress.set_pred_3
runtime data:        00
Entry has been added with handle 230
RuntimeCmd: Adding entry to ternary match table MyIngress.tb_hwimo_tree_3
match key:           TERNARY-20:11:00:94 &&& 25:19:02:f5
action:              MyIngress.set_pred_3
runtime data:        03
Entry has been added with handle 231
RuntimeCmd: Adding entry to ternary match table MyIngress.tb_hwimo_tree_3
match key:           TERNARY-20:11:00:d4 &&& 25:19:02:f5
action:              MyIngress.set_pred_3
runtime data:        02
Entry has been added with handle 232
RuntimeCmd: Adding entry to ternary match table MyIngress.tb_hwimo_tree_3
match key:           TERNARY-20:11:00:b4 &&& 25:19:02:b5
action:              MyIngress.set_pred_3
runtime data:        00
Entry has been added with handle 233
RuntimeCmd: Adding entry to ternary match table MyIngress.tb_hwimo_tree_3
match key:           TERNARY-21:10:00:94 &&& 25:18:02:95
action:              MyIngress.set_pred_3
runtime data:        04
Entry has been added with handle 234
RuntimeCmd: Adding entry to ternary match table MyIngress.tb_hwimo_tree_3
match key:           TERNARY-20:10:02:94 &&& 24:18:12:95
action:              MyIngress.set_pred_3
runtime data:        01
Entry has been added with handle 235
RuntimeCmd: Adding entry to ternary match table MyIngress.tb_hwimo_tree_3
match key:           TERNARY-20:10:12:94 &&& 24:18:52:95
action:              MyIngress.set_pred_3
runtime data:        03
Entry has been added with handle 236
RuntimeCmd: Adding entry to ternary match table MyIngress.tb_hwimo_tree_3
match key:           TERNARY-20:10:52:94 &&& 24:18:52:95
action:              MyIngress.set_pred_3
runtime data:        04
Entry has been added with handle 237
RuntimeCmd: Adding entry to ternary match table MyIngress.tb_hwimo_tree_3
match key:           TERNARY-20:18:00:94 &&& 24:98:10:97
action:              MyIngress.set_pred_3
runtime data:        01
Entry has been added with handle 238
RuntimeCmd: Adding entry to ternary match table MyIngress.tb_hwimo_tree_3
match key:           TERNARY-20:98:00:94 &&& 25:98:10:97
action:              MyIngress.set_pred_3
runtime data:        00
Entry has been added with handle 239
RuntimeCmd: Adding entry to ternary match table MyIngress.tb_hwimo_tree_3
match key:           TERNARY-21:98:00:94 &&& 25:98:10:97
action:              MyIngress.set_pred_3
runtime data:        01
Entry has been added with handle 240
RuntimeCmd: Adding entry to ternary match table MyIngress.tb_hwimo_tree_3
match key:           TERNARY-20:18:10:94 &&& 24:18:10:97
action:              MyIngress.set_pred_3
runtime data:        01
Entry has been added with handle 241
RuntimeCmd: Adding entry to ternary match table MyIngress.tb_hwimo_tree_3
match key:           TERNARY-20:18:00:96 &&& 24:18:00:9f
action:              MyIngress.set_pred_3
runtime data:        03
Entry has been added with handle 242
RuntimeCmd: Adding entry to ternary match table MyIngress.tb_hwimo_tree_3
match key:           TERNARY-20:18:00:9e &&& 24:18:00:9f
action:              MyIngress.set_pred_3
runtime data:        00
Entry has been added with handle 243
RuntimeCmd: Adding entry to ternary match table MyIngress.tb_hwimo_tree_3
match key:           TERNARY-24:10:00:84 &&& 27:10:40:85
action:              MyIngress.set_pred_3
runtime data:        00
Entry has been added with handle 244
RuntimeCmd: Adding entry to ternary match table MyIngress.tb_hwimo_tree_3
match key:           TERNARY-25:10:00:84 &&& 27:10:40:85
action:              MyIngress.set_pred_3
runtime data:        01
Entry has been added with handle 245
RuntimeCmd: Adding entry to ternary match table MyIngress.tb_hwimo_tree_3
match key:           TERNARY-26:10:00:84 &&& 26:10:40:85
action:              MyIngress.set_pred_3
runtime data:        01
Entry has been added with handle 246
RuntimeCmd: Adding entry to ternary match table MyIngress.tb_hwimo_tree_3
match key:           TERNARY-24:10:40:84 &&& 24:11:40:85
action:              MyIngress.set_pred_3
runtime data:        00
Entry has been added with handle 247
RuntimeCmd: Adding entry to ternary match table MyIngress.tb_hwimo_tree_3
match key:           TERNARY-24:11:40:84 &&& 24:11:64:85
action:              MyIngress.set_pred_3
runtime data:        00
Entry has been added with handle 248
RuntimeCmd: Adding entry to ternary match table MyIngress.tb_hwimo_tree_3
match key:           TERNARY-24:11:60:84 &&& 24:11:64:f5
action:              MyIngress.set_pred_3
runtime data:        04
Entry has been added with handle 249
RuntimeCmd: Adding entry to ternary match table MyIngress.tb_hwimo_tree_3
match key:           TERNARY-24:11:60:94 &&& 24:11:64:f5
action:              MyIngress.set_pred_3
runtime data:        04
Entry has been added with handle 250
RuntimeCmd: Adding entry to ternary match table MyIngress.tb_hwimo_tree_3
match key:           TERNARY-24:11:60:c4 &&& 24:11:64:ed
action:              MyIngress.set_pred_3
runtime data:        04
Entry has been added with handle 251
RuntimeCmd: Adding entry to ternary match table MyIngress.tb_hwimo_tree_3
match key:           TERNARY-24:11:60:cc &&& 24:11:64:ed
action:              MyIngress.set_pred_3
runtime data:        04
Entry has been added with handle 252
RuntimeCmd: Adding entry to ternary match table MyIngress.tb_hwimo_tree_3
match key:           TERNARY-24:11:60:a4 &&& 24:11:64:b5
action:              MyIngress.set_pred_3
runtime data:        04
Entry has been added with handle 253
RuntimeCmd: Adding entry to ternary match table MyIngress.tb_hwimo_tree_3
match key:           TERNARY-24:11:60:b4 &&& 24:11:64:b5
action:              MyIngress.set_pred_3
runtime data:        04
Entry has been added with handle 254
RuntimeCmd: Adding entry to ternary match table MyIngress.tb_hwimo_tree_3
match key:           TERNARY-24:11:44:84 &&& 24:11:44:8d
action:              MyIngress.set_pred_3
runtime data:        04
Entry has been added with handle 255
RuntimeCmd: Adding entry to ternary match table MyIngress.tb_hwimo_tree_3
match key:           TERNARY-24:11:44:8c &&& 24:11:44:8d
action:              MyIngress.set_pred_3
runtime data:        00
Entry has been added with handle 256
RuntimeCmd: Adding entry to ternary match table MyIngress.tb_hwimo_tree_3
match key:           TERNARY-00:10:00:81 &&& 00:35:04:91
action:              MyIngress.set_pred_3
runtime data:        01
Entry has been added with handle 257
RuntimeCmd: Adding entry to ternary match table MyIngress.tb_hwimo_tree_3
match key:           TERNARY-00:10:04:81 &&& 00:35:14:91
action:              MyIngress.set_pred_3
runtime data:        01
Entry has been added with handle 258
RuntimeCmd: Adding entry to ternary match table MyIngress.tb_hwimo_tree_3
match key:           TERNARY-00:10:14:81 &&& 00:35:14:91
action:              MyIngress.set_pred_3
runtime data:        02
Entry has been added with handle 259
RuntimeCmd: Adding entry to ternary match table MyIngress.tb_hwimo_tree_3
match key:           TERNARY-00:14:00:81 &&& 00:35:04:91
action:              MyIngress.set_pred_3
runtime data:        02
Entry has been added with handle 260
RuntimeCmd: Adding entry to ternary match table MyIngress.tb_hwimo_tree_3
match key:           TERNARY-00:14:04:81 &&& 00:35:04:91
action:              MyIngress.set_pred_3
runtime data:        03
Entry has been added with handle 261
RuntimeCmd: Adding entry to ternary match table MyIngress.tb_hwimo_tree_3
match key:           TERNARY-00:10:00:91 &&& 04:39:00:99
action:              MyIngress.set_pred_3
runtime data:        03
Entry has been added with handle 262
RuntimeCmd: Adding entry to ternary match table MyIngress.tb_hwimo_tree_3
match key:           TERNARY-00:18:00:91 &&& 04:39:00:99
action:              MyIngress.set_pred_3
runtime data:        01
Entry has been added with handle 263
RuntimeCmd: Adding entry to ternary match table MyIngress.tb_hwimo_tree_3
match key:           TERNARY-04:10:00:91 &&& 04:31:00:99
action:              MyIngress.set_pred_3
runtime data:        00
Entry has been added with handle 264
RuntimeCmd: Adding entry to ternary match table MyIngress.tb_hwimo_tree_3
match key:           TERNARY-00:10:00:99 &&& 00:31:12:99
action:              MyIngress.set_pred_3
runtime data:        04
Entry has been added with handle 265
RuntimeCmd: Adding entry to ternary match table MyIngress.tb_hwimo_tree_3
match key:           TERNARY-00:10:10:99 &&& 00:31:12:99
action:              MyIngress.set_pred_3
runtime data:        01
Entry has been added with handle 266
RuntimeCmd: Adding entry to ternary match table MyIngress.tb_hwimo_tree_3
match key:           TERNARY-00:10:02:99 &&& 08:31:82:99
action:              MyIngress.set_pred_3
runtime data:        04
Entry has been added with handle 267
RuntimeCmd: Adding entry to ternary match table MyIngress.tb_hwimo_tree_3
match key:           TERNARY-08:10:02:99 &&& 08:31:82:99
action:              MyIngress.set_pred_3
runtime data:        01
Entry has been added with handle 268
RuntimeCmd: Adding entry to ternary match table MyIngress.tb_hwimo_tree_3
match key:           TERNARY-00:10:82:99 &&& 00:31:82:99
action:              MyIngress.set_pred_3
runtime data:        01
Entry has been added with handle 269
RuntimeCmd: Adding entry to ternary match table MyIngress.tb_hwimo_tree_3
match key:           TERNARY-00:30:00:81 &&& 00:31:00:81
action:              MyIngress.set_pred_3
runtime data:        04
Entry has been added with handle 270
RuntimeCmd: Adding entry to ternary match table MyIngress.tb_hwimo_tree_3
match key:           TERNARY-00:11:00:81 &&& 12:11:41:81
action:              MyIngress.set_pred_3
runtime data:        00
Entry has been added with handle 271
RuntimeCmd: Adding entry to ternary match table MyIngress.tb_hwimo_tree_3
match key:           TERNARY-00:11:40:81 &&& 12:11:41:c1
action:              MyIngress.set_pred_3
runtime data:        01
Entry has been added with handle 272
RuntimeCmd: Adding entry to ternary match table MyIngress.tb_hwimo_tree_3
match key:           TERNARY-00:11:40:c1 &&& 12:11:41:c1
action:              MyIngress.set_pred_3
runtime data:        02
Entry has been added with handle 273
RuntimeCmd: Adding entry to ternary match table MyIngress.tb_hwimo_tree_3
match key:           TERNARY-00:11:01:81 &&& 12:15:01:81
action:              MyIngress.set_pred_3
runtime data:        01
Entry has been added with handle 274
RuntimeCmd: Adding entry to ternary match table MyIngress.tb_hwimo_tree_3
match key:           TERNARY-00:15:01:81 &&& 12:15:01:81
action:              MyIngress.set_pred_3
runtime data:        04
Entry has been added with handle 275
RuntimeCmd: Adding entry to ternary match table MyIngress.tb_hwimo_tree_3
match key:           TERNARY-02:11:00:81 &&& 12:11:00:81
action:              MyIngress.set_pred_3
runtime data:        00
Entry has been added with handle 276
RuntimeCmd: Adding entry to ternary match table MyIngress.tb_hwimo_tree_3
match key:           TERNARY-10:11:00:81 &&& 14:11:40:81
action:              MyIngress.set_pred_3
runtime data:        00
Entry has been added with handle 277
RuntimeCmd: Adding entry to ternary match table MyIngress.tb_hwimo_tree_3
match key:           TERNARY-10:11:40:81 &&& 14:91:40:81
action:              MyIngress.set_pred_3
runtime data:        00
Entry has been added with handle 278
RuntimeCmd: Adding entry to ternary match table MyIngress.tb_hwimo_tree_3
match key:           TERNARY-10:91:40:81 &&& 14:91:40:81
action:              MyIngress.set_pred_3
runtime data:        04
Entry has been added with handle 279
RuntimeCmd: Adding entry to ternary match table MyIngress.tb_hwimo_tree_3
match key:           TERNARY-14:11:00:81 &&& 14:19:00:81
action:              MyIngress.set_pred_3
runtime data:        03
Entry has been added with handle 280
RuntimeCmd: Adding entry to ternary match table MyIngress.tb_hwimo_tree_3
match key:           TERNARY-14:19:00:81 &&& 14:19:00:81
action:              MyIngress.set_pred_3
runtime data:        00
Entry has been added with handle 281
RuntimeCmd: Adding entry to ternary match table MyIngress.tb_hwimo_tree_4
match key:           TERNARY-00:00:00:00 &&& 2b:04:92:3c
action:              MyIngress.set_pred_4
runtime data:        06
Entry has been added with handle 0
RuntimeCmd: Adding entry to ternary match table MyIngress.tb_hwimo_tree_4
match key:           TERNARY-00:00:00:20 &&& 2b:24:92:3c
action:              MyIngress.set_pred_4
runtime data:        00
Entry has been added with handle 1
RuntimeCmd: Adding entry to ternary match table MyIngress.tb_hwimo_tree_4
match key:           TERNARY-00:20:00:20 &&& 2b:24:92:3c
action:              MyIngress.set_pred_4
runtime data:        06
Entry has been added with handle 2
RuntimeCmd: Adding entry to ternary match table MyIngress.tb_hwimo_tree_4
match key:           TERNARY-00:00:02:00 &&& 2b:04:92:1c
action:              MyIngress.set_pred_4
runtime data:        02
Entry has been added with handle 3
RuntimeCmd: Adding entry to ternary match table MyIngress.tb_hwimo_tree_4
match key:           TERNARY-00:04:00:00 &&& 2b:0c:90:1e
action:              MyIngress.set_pred_4
runtime data:        06
Entry has been added with handle 4
RuntimeCmd: Adding entry to ternary match table MyIngress.tb_hwimo_tree_4
match key:           TERNARY-00:04:00:02 &&& 2b:0c:90:1f
action:              MyIngress.set_pred_4
runtime data:        02
Entry has been added with handle 5
RuntimeCmd: Adding entry to ternary match table MyIngress.tb_hwimo_tree_4
match key:           TERNARY-00:04:00:03 &&& 2b:0c:b0:1f
action:              MyIngress.set_pred_4
runtime data:        02
Entry has been added with handle 6
RuntimeCmd: Adding entry to ternary match table MyIngress.tb_hwimo_tree_4
match key:           TERNARY-00:04:20:03 &&& 2b:0c:b0:1f
action:              MyIngress.set_pred_4
runtime data:        06
Entry has been added with handle 7
RuntimeCmd: Adding entry to ternary match table MyIngress.tb_hwimo_tree_4
match key:           TERNARY-00:0c:00:00 &&& 2b:2c:90:1f
action:              MyIngress.set_pred_4
runtime data:        02
Entry has been added with handle 8
RuntimeCmd: Adding entry to ternary match table MyIngress.tb_hwimo_tree_4
match key:           TERNARY-00:0c:00:02 &&& 2b:2c:90:1f
action:              MyIngress.set_pred_4
runtime data:        00
Entry has been added with handle 9
RuntimeCmd: Adding entry to ternary match table MyIngress.tb_hwimo_tree_4
match key:           TERNARY-00:2c:00:00 &&& 2b:2c:90:1d
action:              MyIngress.set_pred_4
runtime data:        02
Entry has been added with handle 10
RuntimeCmd: Adding entry to ternary match table MyIngress.tb_hwimo_tree_4
match key:           TERNARY-00:0c:00:01 &&& 2b:0c:92:1d
action:              MyIngress.set_pred_4
runtime data:        06
Entry has been added with handle 11
RuntimeCmd: Adding entry to ternary match table MyIngress.tb_hwimo_tree_4
match key:           TERNARY-00:0c:02:01 &&& 2b:0c:92:1d
action:              MyIngress.set_pred_4
runtime data:        02
Entry has been added with handle 12
RuntimeCmd: Adding entry to ternary match table MyIngress.tb_hwimo_tree_4
match key:           TERNARY-20:00:00:00 &&& 2f:80:90:3c
action:              MyIngress.set_pred_4
runtime data:        02
Entry has been added with handle 13
RuntimeCmd: Adding entry to ternary match table MyIngress.tb_hwimo_tree_4
match key:           TERNARY-24:00:00:00 &&& 2f:80:90:3c
action:              MyIngress.set_pred_4
runtime data:        06
Entry has been added with handle 14
RuntimeCmd: Adding entry to ternary match table MyIngress.tb_hwimo_tree_4
match key:           TERNARY-20:80:00:00 &&& 2b:80:90:3c
action:              MyIngress.set_pred_4
runtime data:        04
Entry has been added with handle 15
RuntimeCmd: Adding entry to ternary match table MyIngress.tb_hwimo_tree_4
match key:           TERNARY-20:00:00:20 &&& 2b:00:90:3c
action:              MyIngress.set_pred_4
runtime data:        00
Entry has been added with handle 16
RuntimeCmd: Adding entry to ternary match table MyIngress.tb_hwimo_tree_4
match key:           TERNARY-01:00:00:00 &&& 2f:80:b4:1c
action:              MyIngress.set_pred_4
runtime data:        02
Entry has been added with handle 17
RuntimeCmd: Adding entry to ternary match table MyIngress.tb_hwimo_tree_4
match key:           TERNARY-05:00:00:00 &&& 2f:80:b4:3e
action:              MyIngress.set_pred_4
runtime data:        06
Entry has been added with handle 18
RuntimeCmd: Adding entry to ternary match table MyIngress.tb_hwimo_tree_4
match key:           TERNARY-05:00:00:02 &&& 2f:80:b4:3e
action:              MyIngress.set_pred_4
runtime data:        05
Entry has been added with handle 19
RuntimeCmd: Adding entry to ternary match table MyIngress.tb_hwimo_tree_4
match key:           TERNARY-05:00:00:20 &&& 2f:80:b4:3e
action:              MyIngress.set_pred_4
runtime data:        05
Entry has been added with handle 20
RuntimeCmd: Adding entry to ternary match table MyIngress.tb_hwimo_tree_4
match key:           TERNARY-05:00:00:22 &&& 2f:80:b4:3e
action:              MyIngress.set_pred_4
runtime data:        05
Entry has been added with handle 21
RuntimeCmd: Adding entry to ternary match table MyIngress.tb_hwimo_tree_4
match key:           TERNARY-01:00:04:00 &&& 2b:80:b4:1c
action:              MyIngress.set_pred_4
runtime data:        05
Entry has been added with handle 22
RuntimeCmd: Adding entry to ternary match table MyIngress.tb_hwimo_tree_4
match key:           TERNARY-21:00:00:00 &&& 2b:80:b1:3c
action:              MyIngress.set_pred_4
runtime data:        05
Entry has been added with handle 23
RuntimeCmd: Adding entry to ternary match table MyIngress.tb_hwimo_tree_4
match key:           TERNARY-21:00:01:00 &&& 2b:80:b1:fc
action:              MyIngress.set_pred_4
runtime data:        03
Entry has been added with handle 24
RuntimeCmd: Adding entry to ternary match table MyIngress.tb_hwimo_tree_4
match key:           TERNARY-21:00:01:80 &&& 2b:80:b1:fc
action:              MyIngress.set_pred_4
runtime data:        05
Entry has been added with handle 25
RuntimeCmd: Adding entry to ternary match table MyIngress.tb_hwimo_tree_4
match key:           TERNARY-21:00:01:40 &&& 2b:80:b1:7c
action:              MyIngress.set_pred_4
runtime data:        05
Entry has been added with handle 26
RuntimeCmd: Adding entry to ternary match table MyIngress.tb_hwimo_tree_4
match key:           TERNARY-21:00:00:20 &&& 2b:80:b0:3c
action:              MyIngress.set_pred_4
runtime data:        06
Entry has been added with handle 27
RuntimeCmd: Adding entry to ternary match table MyIngress.tb_hwimo_tree_4
match key:           TERNARY-01:80:00:00 &&& 0b:80:b0:1c
action:              MyIngress.set_pred_4
runtime data:        02
Entry has been added with handle 28
RuntimeCmd: Adding entry to ternary match table MyIngress.tb_hwimo_tree_4
match key:           TERNARY-01:00:20:00 &&& 0b:00:b0:1c
action:              MyIngress.set_pred_4
runtime data:        04
Entry has been added with handle 29
RuntimeCmd: Adding entry to ternary match table MyIngress.tb_hwimo_tree_4
match key:           TERNARY-00:00:10:00 &&& 2a:00:90:3c
action:              MyIngress.set_pred_4
runtime data:        04
Entry has been added with handle 30
RuntimeCmd: Adding entry to ternary match table MyIngress.tb_hwimo_tree_4
match key:           TERNARY-00:00:10:20 &&& 2a:00:90:3c
action:              MyIngress.set_pred_4
runtime data:        01
Entry has been added with handle 31
RuntimeCmd: Adding entry to ternary match table MyIngress.tb_hwimo_tree_4
match key:           TERNARY-20:00:10:00 &&& 2a:00:90:1c
action:              MyIngress.set_pred_4
runtime data:        03
Entry has been added with handle 32
RuntimeCmd: Adding entry to ternary match table MyIngress.tb_hwimo_tree_4
match key:           TERNARY-00:00:00:04 &&& 2a:48:e0:5c
action:              MyIngress.set_pred_4
runtime data:        02
Entry has been added with handle 33
RuntimeCmd: Adding entry to ternary match table MyIngress.tb_hwimo_tree_4
match key:           TERNARY-00:40:00:04 &&& 2a:58:e0:5c
action:              MyIngress.set_pred_4
runtime data:        04
Entry has been added with handle 34
RuntimeCmd: Adding entry to ternary match table MyIngress.tb_hwimo_tree_4
match key:           TERNARY-00:50:00:04 &&& 2a:5c:e0:5c
action:              MyIngress.set_pred_4
runtime data:        01
Entry has been added with handle 35
RuntimeCmd: Adding entry to ternary match table MyIngress.tb_hwimo_tree_4
match key:           TERNARY-00:54:00:04 &&& 2a:5c:e0:5c
action:              MyIngress.set_pred_4
runtime data:        00
Entry has been added with handle 36
RuntimeCmd: Adding entry to ternary match table MyIngress.tb_hwimo_tree_4
match key:           TERNARY-00:00:20:04 &&& 2a:6a:e0:7c
action:              MyIngress.set_pred_4
runtime data:        06
Entry has been added with handle 37
RuntimeCmd: Adding entry to ternary match table MyIngress.tb_hwimo_tree_4
match key:           TERNARY-00:20:20:04 &&& 2a:6a:e0:7c
action:              MyIngress.set_pred_4
runtime data:        06
Entry has been added with handle 38
RuntimeCmd: Adding entry to ternary match table MyIngress.tb_hwimo_tree_4
match key:           TERNARY-00:02:20:04 &&& 2a:4a:e0:7c
action:              MyIngress.set_pred_4
runtime data:        06
Entry has been added with handle 39
RuntimeCmd: Adding entry to ternary match table MyIngress.tb_hwimo_tree_4
match key:           TERNARY-00:00:20:24 &&& 2a:4a:e0:7c
action:              MyIngress.set_pred_4
runtime data:        00
Entry has been added with handle 40
RuntimeCmd: Adding entry to ternary match table MyIngress.tb_hwimo_tree_4
match key:           TERNARY-00:02:20:24 &&& 2a:4a:e0:7c
action:              MyIngress.set_pred_4
runtime data:        06
Entry has been added with handle 41
RuntimeCmd: Adding entry to ternary match table MyIngress.tb_hwimo_tree_4
match key:           TERNARY-00:40:20:04 &&& 2a:48:e8:5c
action:              MyIngress.set_pred_4
runtime data:        03
Entry has been added with handle 42
RuntimeCmd: Adding entry to ternary match table MyIngress.tb_hwimo_tree_4
match key:           TERNARY-00:40:28:04 &&& 2a:48:e8:5c
action:              MyIngress.set_pred_4
runtime data:        04
Entry has been added with handle 43
RuntimeCmd: Adding entry to ternary match table MyIngress.tb_hwimo_tree_4
match key:           TERNARY-20:00:00:04 &&& 2a:19:c8:5c
action:              MyIngress.set_pred_4
runtime data:        05
Entry has been added with handle 44
RuntimeCmd: Adding entry to ternary match table MyIngress.tb_hwimo_tree_4
match key:           TERNARY-20:00:08:04 &&& 2a:19:c9:dc
action:              MyIngress.set_pred_4
runtime data:        02
Entry has been added with handle 45
RuntimeCmd: Adding entry to ternary match table MyIngress.tb_hwimo_tree_4
match key:           TERNARY-20:00:09:04 &&& 2a:19:c9:dc
action:              MyIngress.set_pred_4
runtime data:        00
Entry has been added with handle 46
RuntimeCmd: Adding entry to ternary match table MyIngress.tb_hwimo_tree_4
match key:           TERNARY-20:00:08:84 &&& 2a:19:c8:dc
action:              MyIngress.set_pred_4
runtime data:        05
Entry has been added with handle 47
RuntimeCmd: Adding entry to ternary match table MyIngress.tb_hwimo_tree_4
match key:           TERNARY-20:01:00:04 &&& 2a:19:c0:5c
action:              MyIngress.set_pred_4
runtime data:        05
Entry has been added with handle 48
RuntimeCmd: Adding entry to ternary match table MyIngress.tb_hwimo_tree_4
match key:           TERNARY-20:10:00:04 &&& 2a:18:c0:5c
action:              MyIngress.set_pred_4
runtime data:        00
Entry has been added with handle 49
RuntimeCmd: Adding entry to ternary match table MyIngress.tb_hwimo_tree_4
match key:           TERNARY-00:00:00:44 &&& 0a:08:e2:dc
action:              MyIngress.set_pred_4
runtime data:        00
Entry has been added with handle 50
RuntimeCmd: Adding entry to ternary match table MyIngress.tb_hwimo_tree_4
match key:           TERNARY-00:00:20:44 &&& 0a:48:e2:dc
action:              MyIngress.set_pred_4
runtime data:        06
Entry has been added with handle 51
RuntimeCmd: Adding entry to ternary match table MyIngress.tb_hwimo_tree_4
match key:           TERNARY-00:40:20:44 &&& 0a:58:e2:dc
action:              MyIngress.set_pred_4
runtime data:        04
Entry has been added with handle 52
RuntimeCmd: Adding entry to ternary match table MyIngress.tb_hwimo_tree_4
match key:           TERNARY-00:50:20:44 &&& 0a:58:e2:dc
action:              MyIngress.set_pred_4
runtime data:        03
Entry has been added with handle 53
RuntimeCmd: Adding entry to ternary match table MyIngress.tb_hwimo_tree_4
match key:           TERNARY-00:00:00:c4 &&& 0e:28:cb:dc
action:              MyIngress.set_pred_4
runtime data:        00
Entry has been added with handle 54
RuntimeCmd: Adding entry to ternary match table MyIngress.tb_hwimo_tree_4
match key:           TERNARY-00:20:00:c4 &&& 0e:28:cb:dc
action:              MyIngress.set_pred_4
runtime data:        05
Entry has been added with handle 55
RuntimeCmd: Adding entry to ternary match table MyIngress.tb_hwimo_tree_4
match key:           TERNARY-00:00:08:c4 &&& 0e:08:eb:dc
action:              MyIngress.set_pred_4
runtime data:        03
Entry has been added with handle 56
RuntimeCmd: Adding entry to ternary match table MyIngress.tb_hwimo_tree_4
match key:           TERNARY-00:00:28:c4 &&& 0e:08:eb:dc
action:              MyIngress.set_pred_4
runtime data:        06
Entry has been added with handle 57
RuntimeCmd: Adding entry to ternary match table MyIngress.tb_hwimo_tree_4
match key:           TERNARY-00:00:01:c4 &&& 0e:08:c3:dc
action:              MyIngress.set_pred_4
runtime data:        03
Entry has been added with handle 58
RuntimeCmd: Adding entry to ternary match table MyIngress.tb_hwimo_tree_4
match key:           TERNARY-04:00:00:c4 &&& 0e:08:c2:dc
action:              MyIngress.set_pred_4
runtime data:        06
Entry has been added with handle 59
RuntimeCmd: Adding entry to ternary match table MyIngress.tb_hwimo_tree_4
match key:           TERNARY-00:00:02:44 &&& 0a:08:ca:5c
action:              MyIngress.set_pred_4
runtime data:        05
Entry has been added with handle 60
RuntimeCmd: Adding entry to ternary match table MyIngress.tb_hwimo_tree_4
match key:           TERNARY-00:00:0a:44 &&& 0a:18:ca:5c
action:              MyIngress.set_pred_4
runtime data:        02
Entry has been added with handle 61
RuntimeCmd: Adding entry to ternary match table MyIngress.tb_hwimo_tree_4
match key:           TERNARY-00:10:0a:44 &&& 2a:18:ca:dc
action:              MyIngress.set_pred_4
runtime data:        00
Entry has been added with handle 62
RuntimeCmd: Adding entry to ternary match table MyIngress.tb_hwimo_tree_4
match key:           TERNARY-00:10:0a:c4 &&& 2a:18:ca:dc
action:              MyIngress.set_pred_4
runtime data:        01
Entry has been added with handle 63
RuntimeCmd: Adding entry to ternary match table MyIngress.tb_hwimo_tree_4
match key:           TERNARY-20:10:0a:44 &&& 2a:18:ca:5c
action:              MyIngress.set_pred_4
runtime data:        00
Entry has been added with handle 64
RuntimeCmd: Adding entry to ternary match table MyIngress.tb_hwimo_tree_4
match key:           TERNARY-00:08:00:04 &&& 0a:0c:c0:1d
action:              MyIngress.set_pred_4
runtime data:        06
Entry has been added with handle 65
RuntimeCmd: Adding entry to ternary match table MyIngress.tb_hwimo_tree_4
match key:           TERNARY-00:08:00:05 &&& 0a:0c:c0:1d
action:              MyIngress.set_pred_4
runtime data:        02
Entry has been added with handle 66
RuntimeCmd: Adding entry to ternary match table MyIngress.tb_hwimo_tree_4
match key:           TERNARY-00:0c:00:04 &&& 0a:2c:c0:1c
action:              MyIngress.set_pred_4
runtime data:        00
Entry has been added with handle 67
RuntimeCmd: Adding entry to ternary match table MyIngress.tb_hwimo_tree_4
match key:           TERNARY-00:2c:00:04 &&& 0a:2c:c0:1c
action:              MyIngress.set_pred_4
runtime data:        06
Entry has been added with handle 68
RuntimeCmd: Adding entry to ternary match table MyIngress.tb_hwimo_tree_4
match key:           TERNARY-00:00:40:04 &&& 2a:02:e8:1c
action:              MyIngress.set_pred_4
runtime data:        03
Entry has been added with handle 69
RuntimeCmd: Adding entry to ternary match table MyIngress.tb_hwimo_tree_4
match key:           TERNARY-00:00:48:04 &&& 2a:02:f9:dc
action:              MyIngress.set_pred_4
runtime data:        05
Entry has been added with handle 70
RuntimeCmd: Adding entry to ternary match table MyIngress.tb_hwimo_tree_4
match key:           TERNARY-00:00:49:04 &&& 2a:02:f9:dc
action:              MyIngress.set_pred_4
runtime data:        05
Entry has been added with handle 71
RuntimeCmd: Adding entry to ternary match table MyIngress.tb_hwimo_tree_4
match key:           TERNARY-00:00:48:44 &&& 2a:02:f9:dc
action:              MyIngress.set_pred_4
runtime data:        06
Entry has been added with handle 72
RuntimeCmd: Adding entry to ternary match table MyIngress.tb_hwimo_tree_4
match key:           TERNARY-00:00:49:44 &&& 2a:02:f9:dc
action:              MyIngress.set_pred_4
runtime data:        06
Entry has been added with handle 73
RuntimeCmd: Adding entry to ternary match table MyIngress.tb_hwimo_tree_4
match key:           TERNARY-00:00:48:84 &&& 2a:02:f8:de
action:              MyIngress.set_pred_4
runtime data:        06
Entry has been added with handle 74
RuntimeCmd: Adding entry to ternary match table MyIngress.tb_hwimo_tree_4
match key:           TERNARY-00:00:48:86 &&& 2a:02:f8:de
action:              MyIngress.set_pred_4
runtime data:        06
Entry has been added with handle 75
RuntimeCmd: Adding entry to ternary match table MyIngress.tb_hwimo_tree_4
match key:           TERNARY-00:00:48:c4 &&& 2a:02:f9:dc
action:              MyIngress.set_pred_4
runtime data:        06
Entry has been added with handle 76
RuntimeCmd: Adding entry to ternary match table MyIngress.tb_hwimo_tree_4
match key:           TERNARY-00:00:49:c4 &&& 2a:02:f9:dc
action:              MyIngress.set_pred_4
runtime data:        02
Entry has been added with handle 77
RuntimeCmd: Adding entry to ternary match table MyIngress.tb_hwimo_tree_4
match key:           TERNARY-00:00:58:04 &&& 2a:0a:f8:1c
action:              MyIngress.set_pred_4
runtime data:        01
Entry has been added with handle 78
RuntimeCmd: Adding entry to ternary match table MyIngress.tb_hwimo_tree_4
match key:           TERNARY-00:08:58:04 &&& 2a:0a:f8:1c
action:              MyIngress.set_pred_4
runtime data:        02
Entry has been added with handle 79
RuntimeCmd: Adding entry to ternary match table MyIngress.tb_hwimo_tree_4
match key:           TERNARY-00:00:60:04 &&& 2a:02:e0:1c
action:              MyIngress.set_pred_4
runtime data:        04
Entry has been added with handle 80
RuntimeCmd: Adding entry to ternary match table MyIngress.tb_hwimo_tree_4
match key:           TERNARY-00:02:40:04 &&& 2a:02:e2:1c
action:              MyIngress.set_pred_4
runtime data:        01
Entry has been added with handle 81
RuntimeCmd: Adding entry to ternary match table MyIngress.tb_hwimo_tree_4
match key:           TERNARY-00:02:60:04 &&& 2a:02:e2:1c
action:              MyIngress.set_pred_4
runtime data:        02
Entry has been added with handle 82
RuntimeCmd: Adding entry to ternary match table MyIngress.tb_hwimo_tree_4
match key:           TERNARY-00:02:42:04 &&& 2a:02:c2:1c
action:              MyIngress.set_pred_4
runtime data:        02
Entry has been added with handle 83
RuntimeCmd: Adding entry to ternary match table MyIngress.tb_hwimo_tree_4
match key:           TERNARY-20:00:40:04 &&& 2a:00:c1:1d
action:              MyIngress.set_pred_4
runtime data:        02
Entry has been added with handle 84
RuntimeCmd: Adding entry to ternary match table MyIngress.tb_hwimo_tree_4
match key:           TERNARY-20:00:41:04 &&& 2a:00:c1:1d
action:              MyIngress.set_pred_4
runtime data:        00
Entry has been added with handle 85
RuntimeCmd: Adding entry to ternary match table MyIngress.tb_hwimo_tree_4
match key:           TERNARY-20:00:40:05 &&& 2e:14:c4:1d
action:              MyIngress.set_pred_4
runtime data:        02
Entry has been added with handle 86
RuntimeCmd: Adding entry to ternary match table MyIngress.tb_hwimo_tree_4
match key:           TERNARY-20:00:44:05 &&& 2e:14:c4:1d
action:              MyIngress.set_pred_4
runtime data:        00
Entry has been added with handle 87
RuntimeCmd: Adding entry to ternary match table MyIngress.tb_hwimo_tree_4
match key:           TERNARY-20:04:40:05 &&& 2e:14:c0:1d
action:              MyIngress.set_pred_4
runtime data:        06
Entry has been added with handle 88
RuntimeCmd: Adding entry to ternary match table MyIngress.tb_hwimo_tree_4
match key:           TERNARY-20:10:40:05 &&& 2e:14:d0:1d
action:              MyIngress.set_pred_4
runtime data:        01
Entry has been added with handle 89
RuntimeCmd: Adding entry to ternary match table MyIngress.tb_hwimo_tree_4
match key:           TERNARY-20:14:40:05 &&& 2e:14:d0:1d
action:              MyIngress.set_pred_4
runtime data:        04
Entry has been added with handle 90
RuntimeCmd: Adding entry to ternary match table MyIngress.tb_hwimo_tree_4
match key:           TERNARY-20:10:50:05 &&& 2e:10:f0:1d
action:              MyIngress.set_pred_4
runtime data:        03
Entry has been added with handle 91
RuntimeCmd: Adding entry to ternary match table MyIngress.tb_hwimo_tree_4
match key:           TERNARY-20:10:70:05 &&& 2e:10:f0:1d
action:              MyIngress.set_pred_4
runtime data:        00
Entry has been added with handle 92
RuntimeCmd: Adding entry to ternary match table MyIngress.tb_hwimo_tree_4
match key:           TERNARY-24:00:40:05 &&& 2e:00:e0:1f
action:              MyIngress.set_pred_4
runtime data:        06
Entry has been added with handle 93
RuntimeCmd: Adding entry to ternary match table MyIngress.tb_hwimo_tree_4
match key:           TERNARY-24:00:60:05 &&& 2e:00:e0:1f
action:              MyIngress.set_pred_4
runtime data:        04
Entry has been added with handle 94
RuntimeCmd: Adding entry to ternary match table MyIngress.tb_hwimo_tree_4
match key:           TERNARY-24:00:40:07 &&& 2e:00:c0:1f
action:              MyIngress.set_pred_4
runtime data:        06
Entry has been added with handle 95
RuntimeCmd: Adding entry to ternary match table MyIngress.tb_hwimo_tree_4
match key:           TERNARY-02:00:00:00 &&& 0a:02:c2:18
action:              MyIngress.set_pred_4
runtime data:        06
Entry has been added with handle 96
RuntimeCmd: Adding entry to ternary match table MyIngress.tb_hwimo_tree_4
match key:           TERNARY-02:00:40:00 &&& 0a:02:c2:18
action:              MyIngress.set_pred_4
runtime data:        01
Entry has been added with handle 97
RuntimeCmd: Adding entry to ternary match table MyIngress.tb_hwimo_tree_4
match key:           TERNARY-02:00:02:00 &&& 0a:02:82:58
action:              MyIngress.set_pred_4
runtime data:        02
Entry has been added with handle 98
RuntimeCmd: Adding entry to ternary match table MyIngress.tb_hwimo_tree_4
match key:           TERNARY-02:00:02:40 &&& 0a:0a:8a:58
action:              MyIngress.set_pred_4
runtime data:        05
Entry has been added with handle 99
RuntimeCmd: Adding entry to ternary match table MyIngress.tb_hwimo_tree_4
match key:           TERNARY-02:08:02:40 &&& 0a:0a:8a:58
action:              MyIngress.set_pred_4
runtime data:        02
Entry has been added with handle 100
RuntimeCmd: Adding entry to ternary match table MyIngress.tb_hwimo_tree_4
match key:           TERNARY-02:00:0a:40 &&& 0a:02:8a:58
action:              MyIngress.set_pred_4
runtime data:        03
Entry has been added with handle 101
RuntimeCmd: Adding entry to ternary match table MyIngress.tb_hwimo_tree_4
match key:           TERNARY-02:02:00:00 &&& 0a:3a:80:38
action:              MyIngress.set_pred_4
runtime data:        03
Entry has been added with handle 102
RuntimeCmd: Adding entry to ternary match table MyIngress.tb_hwimo_tree_4
match key:           TERNARY-02:12:00:00 &&& 0a:3a:80:3c
action:              MyIngress.set_pred_4
runtime data:        06
Entry has been added with handle 103
RuntimeCmd: Adding entry to ternary match table MyIngress.tb_hwimo_tree_4
match key:           TERNARY-02:12:00:04 &&& 0a:3a:88:3c
action:              MyIngress.set_pred_4
runtime data:        02
Entry has been added with handle 104
RuntimeCmd: Adding entry to ternary match table MyIngress.tb_hwimo_tree_4
match key:           TERNARY-02:12:08:04 &&& 0a:3a:88:3c
action:              MyIngress.set_pred_4
runtime data:        00
Entry has been added with handle 105
RuntimeCmd: Adding entry to ternary match table MyIngress.tb_hwimo_tree_4
match key:           TERNARY-02:02:00:20 &&& 0a:2a:80:38
action:              MyIngress.set_pred_4
runtime data:        02
Entry has been added with handle 106
RuntimeCmd: Adding entry to ternary match table MyIngress.tb_hwimo_tree_4
match key:           TERNARY-02:22:00:00 &&& 0a:2a:80:18
action:              MyIngress.set_pred_4
runtime data:        03
Entry has been added with handle 107
RuntimeCmd: Adding entry to ternary match table MyIngress.tb_hwimo_tree_4
match key:           TERNARY-02:0a:00:00 &&& 0a:0a:80:18
action:              MyIngress.set_pred_4
runtime data:        04
Entry has been added with handle 108
RuntimeCmd: Adding entry to ternary match table MyIngress.tb_hwimo_tree_4
match key:           TERNARY-00:00:00:08 &&& 09:90:84:5a
action:              MyIngress.set_pred_4
runtime data:        02
Entry has been added with handle 109
RuntimeCmd: Adding entry to ternary match table MyIngress.tb_hwimo_tree_4
match key:           TERNARY-00:00:00:48 &&& 09:90:84:5a
action:              MyIngress.set_pred_4
runtime data:        06
Entry has been added with handle 110
RuntimeCmd: Adding entry to ternary match table MyIngress.tb_hwimo_tree_4
match key:           TERNARY-00:00:04:08 &&& 09:b2:84:1e
action:              MyIngress.set_pred_4
runtime data:        06
Entry has been added with handle 111
RuntimeCmd: Adding entry to ternary match table MyIngress.tb_hwimo_tree_4
match key:           TERNARY-00:00:04:0c &&& 09:b2:84:3e
action:              MyIngress.set_pred_4
runtime data:        06
Entry has been added with handle 112
RuntimeCmd: Adding entry to ternary match table MyIngress.tb_hwimo_tree_4
match key:           TERNARY-00:00:04:2c &&& 09:b2:84:3e
action:              MyIngress.set_pred_4
runtime data:        06
Entry has been added with handle 113
RuntimeCmd: Adding entry to ternary match table MyIngress.tb_hwimo_tree_4
match key:           TERNARY-00:02:04:08 &&& 09:ba:84:1b
action:              MyIngress.set_pred_4
runtime data:        06
Entry has been added with handle 114
RuntimeCmd: Adding entry to ternary match table MyIngress.tb_hwimo_tree_4
match key:           TERNARY-00:02:04:09 &&& 09:ba:84:1b
action:              MyIngress.set_pred_4
runtime data:        00
Entry has been added with handle 115
RuntimeCmd: Adding entry to ternary match table MyIngress.tb_hwimo_tree_4
match key:           TERNARY-00:0a:04:08 &&& 09:ba:84:1a
action:              MyIngress.set_pred_4
runtime data:        00
Entry has been added with handle 116
RuntimeCmd: Adding entry to ternary match table MyIngress.tb_hwimo_tree_4
match key:           TERNARY-00:20:04:08 &&& 09:b0:84:1b
action:              MyIngress.set_pred_4
runtime data:        06
Entry has been added with handle 117
RuntimeCmd: Adding entry to ternary match table MyIngress.tb_hwimo_tree_4
match key:           TERNARY-00:20:04:09 &&& 09:b0:84:1b
action:              MyIngress.set_pred_4
runtime data:        02
Entry has been added with handle 118
RuntimeCmd: Adding entry to ternary match table MyIngress.tb_hwimo_tree_4
match key:           TERNARY-01:00:00:08 &&& 2b:90:b0:3e
action:              MyIngress.set_pred_4
runtime data:        06
Entry has been added with handle 119
RuntimeCmd: Adding entry to ternary match table MyIngress.tb_hwimo_tree_4
match key:           TERNARY-01:00:00:0c &&& 2b:90:b0:3e
action:              MyIngress.set_pred_4
runtime data:        06
Entry has been added with handle 120
RuntimeCmd: Adding entry to ternary match table MyIngress.tb_hwimo_tree_4
match key:           TERNARY-01:00:00:28 &&& 2b:90:b0:3e
action:              MyIngress.set_pred_4
runtime data:        06
Entry has been added with handle 121
RuntimeCmd: Adding entry to ternary match table MyIngress.tb_hwimo_tree_4
match key:           TERNARY-01:00:00:2c &&& 2b:90:b0:3e
action:              MyIngress.set_pred_4
runtime data:        02
Entry has been added with handle 122
RuntimeCmd: Adding entry to ternary match table MyIngress.tb_hwimo_tree_4
match key:           TERNARY-01:00:10:08 &&& 2b:90:b0:1a
action:              MyIngress.set_pred_4
runtime data:        04
Entry has been added with handle 123
RuntimeCmd: Adding entry to ternary match table MyIngress.tb_hwimo_tree_4
match key:           TERNARY-21:00:00:08 &&& 3b:90:b2:1a
action:              MyIngress.set_pred_4
runtime data:        05
Entry has been added with handle 124
RuntimeCmd: Adding entry to ternary match table MyIngress.tb_hwimo_tree_4
match key:           TERNARY-21:00:02:08 &&& 3b:90:b2:5a
action:              MyIngress.set_pred_4
runtime data:        05
Entry has been added with handle 125
RuntimeCmd: Adding entry to ternary match table MyIngress.tb_hwimo_tree_4
match key:           TERNARY-21:00:02:48 &&& 3b:90:b2:5a
action:              MyIngress.set_pred_4
runtime data:        06
Entry has been added with handle 126
RuntimeCmd: Adding entry to ternary match table MyIngress.tb_hwimo_tree_4
match key:           TERNARY-21:00:10:08 &&& 3b:90:b0:1a
action:              MyIngress.set_pred_4
runtime data:        04
Entry has been added with handle 127
RuntimeCmd: Adding entry to ternary match table MyIngress.tb_hwimo_tree_4
match key:           TERNARY-31:00:00:08 &&& 3b:90:a0:1a
action:              MyIngress.set_pred_4
runtime data:        04
Entry has been added with handle 128
RuntimeCmd: Adding entry to ternary match table MyIngress.tb_hwimo_tree_4
match key:           TERNARY-01:00:20:08 &&& 0b:d0:e0:1a
action:              MyIngress.set_pred_4
runtime data:        06
Entry has been added with handle 129
RuntimeCmd: Adding entry to ternary match table MyIngress.tb_hwimo_tree_4
match key:           TERNARY-01:40:20:08 &&& 0b:d0:e0:1a
action:              MyIngress.set_pred_4
runtime data:        04
Entry has been added with handle 130
RuntimeCmd: Adding entry to ternary match table MyIngress.tb_hwimo_tree_4
match key:           TERNARY-01:00:60:08 &&& 0b:91:e0:1a
action:              MyIngress.set_pred_4
runtime data:        06
Entry has been added with handle 131
RuntimeCmd: Adding entry to ternary match table MyIngress.tb_hwimo_tree_4
match key:           TERNARY-01:01:60:08 &&& 0b:91:e0:1a
action:              MyIngress.set_pred_4
runtime data:        04
Entry has been added with handle 132
RuntimeCmd: Adding entry to ternary match table MyIngress.tb_hwimo_tree_4
match key:           TERNARY-03:00:00:08 &&& 0b:90:80:1a
action:              MyIngress.set_pred_4
runtime data:        01
Entry has been added with handle 133
RuntimeCmd: Adding entry to ternary match table MyIngress.tb_hwimo_tree_4
match key:           TERNARY-00:80:00:08 &&& 08:d4:80:3a
action:              MyIngress.set_pred_4
runtime data:        02
Entry has been added with handle 134
RuntimeCmd: Adding entry to ternary match table MyIngress.tb_hwimo_tree_4
match key:           TERNARY-00:80:00:28 &&& 08:d4:80:3a
action:              MyIngress.set_pred_4
runtime data:        06
Entry has been added with handle 135
RuntimeCmd: Adding entry to ternary match table MyIngress.tb_hwimo_tree_4
match key:           TERNARY-00:84:00:08 &&& 08:d4:80:1a
action:              MyIngress.set_pred_4
runtime data:        02
Entry has been added with handle 136
RuntimeCmd: Adding entry to ternary match table MyIngress.tb_hwimo_tree_4
match key:           TERNARY-00:c0:00:08 &&& 08:d2:80:1a
action:              MyIngress.set_pred_4
runtime data:        02
Entry has been added with handle 137
RuntimeCmd: Adding entry to ternary match table MyIngress.tb_hwimo_tree_4
match key:           TERNARY-00:c2:00:08 &&& 08:d2:80:1a
action:              MyIngress.set_pred_4
runtime data:        03
Entry has been added with handle 138
RuntimeCmd: Adding entry to ternary match table MyIngress.tb_hwimo_tree_4
match key:           TERNARY-00:10:00:08 &&& 09:d0:80:1a
action:              MyIngress.set_pred_4
runtime data:        06
Entry has been added with handle 139
RuntimeCmd: Adding entry to ternary match table MyIngress.tb_hwimo_tree_4
match key:           TERNARY-01:10:00:08 &&& 09:d0:80:1a
action:              MyIngress.set_pred_4
runtime data:        01
Entry has been added with handle 140
RuntimeCmd: Adding entry to ternary match table MyIngress.tb_hwimo_tree_4
match key:           TERNARY-00:50:00:08 &&& 08:d0:80:1a
action:              MyIngress.set_pred_4
runtime data:        01
Entry has been added with handle 141
RuntimeCmd: Adding entry to ternary match table MyIngress.tb_hwimo_tree_4
match key:           TERNARY-00:90:00:08 &&& 0c:94:80:1a
action:              MyIngress.set_pred_4
runtime data:        02
Entry has been added with handle 142
RuntimeCmd: Adding entry to ternary match table MyIngress.tb_hwimo_tree_4
match key:           TERNARY-00:94:00:08 &&& 0c:94:80:1a
action:              MyIngress.set_pred_4
runtime data:        04
Entry has been added with handle 143
RuntimeCmd: Adding entry to ternary match table MyIngress.tb_hwimo_tree_4
match key:           TERNARY-04:90:00:08 &&& 0c:90:80:1a
action:              MyIngress.set_pred_4
runtime data:        03
Entry has been added with handle 144
RuntimeCmd: Adding entry to ternary match table MyIngress.tb_hwimo_tree_4
match key:           TERNARY-00:00:00:0a &&& 08:22:86:1a
action:              MyIngress.set_pred_4
runtime data:        01
Entry has been added with handle 145
RuntimeCmd: Adding entry to ternary match table MyIngress.tb_hwimo_tree_4
match key:           TERNARY-00:00:02:0a &&& 18:a2:86:7e
action:              MyIngress.set_pred_4
runtime data:        06
Entry has been added with handle 146
RuntimeCmd: Adding entry to ternary match table MyIngress.tb_hwimo_tree_4
match key:           TERNARY-00:00:02:0e &&& 18:a2:86:7e
action:              MyIngress.set_pred_4
runtime data:        02
Entry has been added with handle 147
RuntimeCmd: Adding entry to ternary match table MyIngress.tb_hwimo_tree_4
match key:           TERNARY-00:00:02:4a &&& 18:a2:86:7a
action:              MyIngress.set_pred_4
runtime data:        06
Entry has been added with handle 148
RuntimeCmd: Adding entry to ternary match table MyIngress.tb_hwimo_tree_4
match key:           TERNARY-10:00:02:0a &&& 18:a2:86:3a
action:              MyIngress.set_pred_4
runtime data:        02
Entry has been added with handle 149
RuntimeCmd: Adding entry to ternary match table MyIngress.tb_hwimo_tree_4
match key:           TERNARY-00:80:02:0a &&& 08:a2:86:3a
action:              MyIngress.set_pred_4
runtime data:        04
Entry has been added with handle 150
RuntimeCmd: Adding entry to ternary match table MyIngress.tb_hwimo_tree_4
match key:           TERNARY-00:00:02:2a &&& 28:22:86:3b
action:              MyIngress.set_pred_4
runtime data:        02
Entry has been added with handle 151
RuntimeCmd: Adding entry to ternary match table MyIngress.tb_hwimo_tree_4
match key:           TERNARY-00:00:02:2b &&& 28:22:86:3f
action:              MyIngress.set_pred_4
runtime data:        06
Entry has been added with handle 152
RuntimeCmd: Adding entry to ternary match table MyIngress.tb_hwimo_tree_4
match key:           TERNARY-00:00:02:2f &&& 28:22:86:3f
action:              MyIngress.set_pred_4
runtime data:        05
Entry has been added with handle 153
RuntimeCmd: Adding entry to ternary match table MyIngress.tb_hwimo_tree_4
match key:           TERNARY-20:00:02:2a &&& 28:22:86:3e
action:              MyIngress.set_pred_4
runtime data:        05
Entry has been added with handle 154
RuntimeCmd: Adding entry to ternary match table MyIngress.tb_hwimo_tree_4
match key:           TERNARY-20:00:02:2e &&& 28:22:86:7e
action:              MyIngress.set_pred_4
runtime data:        05
Entry has been added with handle 155
RuntimeCmd: Adding entry to ternary match table MyIngress.tb_hwimo_tree_4
match key:           TERNARY-20:00:02:6e &&& 28:22:86:7e
action:              MyIngress.set_pred_4
runtime data:        06
Entry has been added with handle 156
RuntimeCmd: Adding entry to ternary match table MyIngress.tb_hwimo_tree_4
match key:           TERNARY-00:02:00:0a &&& 28:a2:85:1a
action:              MyIngress.set_pred_4
runtime data:        00
Entry has been added with handle 157
RuntimeCmd: Adding entry to ternary match table MyIngress.tb_hwimo_tree_4
match key:           TERNARY-00:82:00:0a &&& 2c:a2:85:1a
action:              MyIngress.set_pred_4
runtime data:        01
Entry has been added with handle 158
RuntimeCmd: Adding entry to ternary match table MyIngress.tb_hwimo_tree_4
match key:           TERNARY-04:82:00:0a &&& 2c:a2:85:1a
action:              MyIngress.set_pred_4
runtime data:        02
Entry has been added with handle 159
RuntimeCmd: Adding entry to ternary match table MyIngress.tb_hwimo_tree_4
match key:           TERNARY-20:02:00:0a &&& 28:22:85:1a
action:              MyIngress.set_pred_4
runtime data:        06
Entry has been added with handle 160
RuntimeCmd: Adding entry to ternary match table MyIngress.tb_hwimo_tree_4
match key:           TERNARY-00:02:01:0a &&& 08:22:85:1a
action:              MyIngress.set_pred_4
runtime data:        00
Entry has been added with handle 161
RuntimeCmd: Adding entry to ternary match table MyIngress.tb_hwimo_tree_4
match key:           TERNARY-00:20:00:0a &&& 08:22:87:5a
action:              MyIngress.set_pred_4
runtime data:        00
Entry has been added with handle 162
RuntimeCmd: Adding entry to ternary match table MyIngress.tb_hwimo_tree_4
match key:           TERNARY-00:20:02:0a &&& 08:22:87:5a
action:              MyIngress.set_pred_4
runtime data:        02
Entry has been added with handle 163
RuntimeCmd: Adding entry to ternary match table MyIngress.tb_hwimo_tree_4
match key:           TERNARY-00:22:00:0a &&& 2c:23:87:7a
action:              MyIngress.set_pred_4
runtime data:        01
Entry has been added with handle 164
RuntimeCmd: Adding entry to ternary match table MyIngress.tb_hwimo_tree_4
match key:           TERNARY-00:22:00:2a &&& 2c:23:87:7a
action:              MyIngress.set_pred_4
runtime data:        00
Entry has been added with handle 165
RuntimeCmd: Adding entry to ternary match table MyIngress.tb_hwimo_tree_4
match key:           TERNARY-00:23:00:0a &&& 2c:23:87:5a
action:              MyIngress.set_pred_4
runtime data:        02
Entry has been added with handle 166
RuntimeCmd: Adding entry to ternary match table MyIngress.tb_hwimo_tree_4
match key:           TERNARY-00:22:02:0a &&& 2c:22:87:5a
action:              MyIngress.set_pred_4
runtime data:        02
Entry has been added with handle 167
RuntimeCmd: Adding entry to ternary match table MyIngress.tb_hwimo_tree_4
match key:           TERNARY-20:22:00:0a &&& 2c:22:85:5a
action:              MyIngress.set_pred_4
runtime data:        04
Entry has been added with handle 168
RuntimeCmd: Adding entry to ternary match table MyIngress.tb_hwimo_tree_4
match key:           TERNARY-04:22:00:0a &&& 0c:22:85:5a
action:              MyIngress.set_pred_4
runtime data:        01
Entry has been added with handle 169
RuntimeCmd: Adding entry to ternary match table MyIngress.tb_hwimo_tree_4
match key:           TERNARY-00:20:00:4a &&& 08:22:85:5b
action:              MyIngress.set_pred_4
runtime data:        03
Entry has been added with handle 170
RuntimeCmd: Adding entry to ternary match table MyIngress.tb_hwimo_tree_4
match key:           TERNARY-00:20:00:4b &&& 08:22:85:5b
action:              MyIngress.set_pred_4
runtime data:        06
Entry has been added with handle 171
RuntimeCmd: Adding entry to ternary match table MyIngress.tb_hwimo_tree_4
match key:           TERNARY-00:22:00:4a &&& 08:32:85:5a
action:              MyIngress.set_pred_4
runtime data:        02
Entry has been added with handle 172
RuntimeCmd: Adding entry to ternary match table MyIngress.tb_hwimo_tree_4
match key:           TERNARY-00:32:00:4a &&& 08:32:85:5a
action:              MyIngress.set_pred_4
runtime data:        05
Entry has been added with handle 173
RuntimeCmd: Adding entry to ternary match table MyIngress.tb_hwimo_tree_4
match key:           TERNARY-00:20:01:0a &&& 08:60:85:3a
action:              MyIngress.set_pred_4
runtime data:        02
Entry has been added with handle 174
RuntimeCmd: Adding entry to ternary match table MyIngress.tb_hwimo_tree_4
match key:           TERNARY-00:20:01:2a &&& 08:60:85:3a
action:              MyIngress.set_pred_4
runtime data:        01
Entry has been added with handle 175
RuntimeCmd: Adding entry to ternary match table MyIngress.tb_hwimo_tree_4
match key:           TERNARY-00:60:01:0a &&& 08:60:85:1a
action:              MyIngress.set_pred_4
runtime data:        03
Entry has been added with handle 176
RuntimeCmd: Adding entry to ternary match table MyIngress.tb_hwimo_tree_4
match key:           TERNARY-00:00:04:0a &&& 28:08:84:3a
action:              MyIngress.set_pred_4
runtime data:        06
Entry has been added with handle 177
RuntimeCmd: Adding entry to ternary match table MyIngress.tb_hwimo_tree_4
match key:           TERNARY-00:08:04:0a &&& 29:08:84:3a
action:              MyIngress.set_pred_4
runtime data:        02
Entry has been added with handle 178
RuntimeCmd: Adding entry to ternary match table MyIngress.tb_hwimo_tree_4
match key:           TERNARY-01:08:04:0a &&& 29:08:84:3a
action:              MyIngress.set_pred_4
runtime data:        00
Entry has been added with handle 179
RuntimeCmd: Adding entry to ternary match table MyIngress.tb_hwimo_tree_4
match key:           TERNARY-20:00:04:0a &&& 28:40:84:3b
action:              MyIngress.set_pred_4
runtime data:        02
Entry has been added with handle 180
RuntimeCmd: Adding entry to ternary match table MyIngress.tb_hwimo_tree_4
match key:           TERNARY-20:40:04:0a &&& 28:40:84:3b
action:              MyIngress.set_pred_4
runtime data:        06
Entry has been added with handle 181
RuntimeCmd: Adding entry to ternary match table MyIngress.tb_hwimo_tree_4
match key:           TERNARY-20:00:04:0b &&& 28:00:84:3b
action:              MyIngress.set_pred_4
runtime data:        02
Entry has been added with handle 182
RuntimeCmd: Adding entry to ternary match table MyIngress.tb_hwimo_tree_4
match key:           TERNARY-00:00:04:2a &&& 08:00:84:ba
action:              MyIngress.set_pred_4
runtime data:        02
Entry has been added with handle 183
RuntimeCmd: Adding entry to ternary match table MyIngress.tb_hwimo_tree_4
match key:           TERNARY-00:00:04:aa &&& 08:02:94:ba
action:              MyIngress.set_pred_4
runtime data:        00
Entry has been added with handle 184
RuntimeCmd: Adding entry to ternary match table MyIngress.tb_hwimo_tree_4
match key:           TERNARY-00:00:14:aa &&& 08:02:94:ba
action:              MyIngress.set_pred_4
runtime data:        04
Entry has been added with handle 185
RuntimeCmd: Adding entry to ternary match table MyIngress.tb_hwimo_tree_4
match key:           TERNARY-00:02:04:aa &&& 08:02:84:ba
action:              MyIngress.set_pred_4
runtime data:        06
Entry has been added with handle 186
RuntimeCmd: Adding entry to ternary match table MyIngress.tb_hwimo_tree_4
match key:           TERNARY-00:00:80:00 &&& 09:05:cc:18
action:              MyIngress.set_pred_4
runtime data:        00
Entry has been added with handle 187
RuntimeCmd: Adding entry to ternary match table MyIngress.tb_hwimo_tree_4
match key:           TERNARY-00:00:88:00 &&& 09:05:cd:d8
action:              MyIngress.set_pred_4
runtime data:        02
Entry has been added with handle 188
RuntimeCmd: Adding entry to ternary match table MyIngress.tb_hwimo_tree_4
match key:           TERNARY-00:00:88:40 &&& 09:05:cd:d8
action:              MyIngress.set_pred_4
runtime data:        00
Entry has been added with handle 189
RuntimeCmd: Adding entry to ternary match table MyIngress.tb_hwimo_tree_4
match key:           TERNARY-00:00:88:80 &&& 09:05:cd:98
action:              MyIngress.set_pred_4
runtime data:        03
Entry has been added with handle 190
RuntimeCmd: Adding entry to ternary match table MyIngress.tb_hwimo_tree_4
match key:           TERNARY-00:00:89:00 &&& 09:05:cd:18
action:              MyIngress.set_pred_4
runtime data:        06
Entry has been added with handle 191
RuntimeCmd: Adding entry to ternary match table MyIngress.tb_hwimo_tree_4
match key:           TERNARY-00:00:84:00 &&& 09:05:c4:18
action:              MyIngress.set_pred_4
runtime data:        03
Entry has been added with handle 192
RuntimeCmd: Adding entry to ternary match table MyIngress.tb_hwimo_tree_4
match key:           TERNARY-00:00:c0:00 &&& 09:05:c0:18
action:              MyIngress.set_pred_4
runtime data:        02
Entry has been added with handle 193
RuntimeCmd: Adding entry to ternary match table MyIngress.tb_hwimo_tree_4
match key:           TERNARY-00:04:80:00 &&& 09:05:80:18
action:              MyIngress.set_pred_4
runtime data:        00
Entry has been added with handle 194
RuntimeCmd: Adding entry to ternary match table MyIngress.tb_hwimo_tree_4
match key:           TERNARY-01:00:80:00 &&& 09:01:89:18
action:              MyIngress.set_pred_4
runtime data:        04
Entry has been added with handle 195
RuntimeCmd: Adding entry to ternary match table MyIngress.tb_hwimo_tree_4
match key:           TERNARY-01:00:88:00 &&& 09:01:89:18
action:              MyIngress.set_pred_4
runtime data:        06
Entry has been added with handle 196
RuntimeCmd: Adding entry to ternary match table MyIngress.tb_hwimo_tree_4
match key:           TERNARY-01:00:81:00 &&& 09:01:81:18
action:              MyIngress.set_pred_4
runtime data:        04
Entry has been added with handle 197
RuntimeCmd: Adding entry to ternary match table MyIngress.tb_hwimo_tree_4
match key:           TERNARY-00:01:80:00 &&& 0c:01:84:18
action:              MyIngress.set_pred_4
runtime data:        02
Entry has been added with handle 198
RuntimeCmd: Adding entry to ternary match table MyIngress.tb_hwimo_tree_4
match key:           TERNARY-00:01:84:00 &&& 2c:01:84:1c
action:              MyIngress.set_pred_4
runtime data:        01
Entry has been added with handle 199
RuntimeCmd: Adding entry to ternary match table MyIngress.tb_hwimo_tree_4
match key:           TERNARY-00:01:84:04 &&& 2c:01:84:1c
action:              MyIngress.set_pred_4
runtime data:        02
Entry has been added with handle 200
RuntimeCmd: Adding entry to ternary match table MyIngress.tb_hwimo_tree_4
match key:           TERNARY-20:01:84:00 &&& 2c:01:84:18
action:              MyIngress.set_pred_4
runtime data:        05
Entry has been added with handle 201
RuntimeCmd: Adding entry to ternary match table MyIngress.tb_hwimo_tree_4
match key:           TERNARY-04:01:80:00 &&& 2c:01:80:19
action:              MyIngress.set_pred_4
runtime data:        02
Entry has been added with handle 202
RuntimeCmd: Adding entry to ternary match table MyIngress.tb_hwimo_tree_4
match key:           TERNARY-04:01:80:01 &&& 2c:01:80:19
action:              MyIngress.set_pred_4
runtime data:        04
Entry has been added with handle 203
RuntimeCmd: Adding entry to ternary match table MyIngress.tb_hwimo_tree_4
match key:           TERNARY-24:01:80:00 &&& 2c:01:88:d8
action:              MyIngress.set_pred_4
runtime data:        06
Entry has been added with handle 204
RuntimeCmd: Adding entry to ternary match table MyIngress.tb_hwimo_tree_4
match key:           TERNARY-24:01:80:40 &&& 2c:01:88:d8
action:              MyIngress.set_pred_4
runtime data:        02
Entry has been added with handle 205
RuntimeCmd: Adding entry to ternary match table MyIngress.tb_hwimo_tree_4
match key:           TERNARY-24:01:88:00 &&& 2c:01:88:98
action:              MyIngress.set_pred_4
runtime data:        06
Entry has been added with handle 206
RuntimeCmd: Adding entry to ternary match table MyIngress.tb_hwimo_tree_4
match key:           TERNARY-24:01:80:80 &&& 2c:01:84:98
action:              MyIngress.set_pred_4
runtime data:        06
Entry has been added with handle 207
RuntimeCmd: Adding entry to ternary match table MyIngress.tb_hwimo_tree_4
match key:           TERNARY-24:01:84:80 &&& 2c:01:94:98
action:              MyIngress.set_pred_4
runtime data:        04
Entry has been added with handle 208
RuntimeCmd: Adding entry to ternary match table MyIngress.tb_hwimo_tree_4
match key:           TERNARY-24:01:94:80 &&& 2c:01:94:98
action:              MyIngress.set_pred_4
runtime data:        06
Entry has been added with handle 209
RuntimeCmd: Adding entry to ternary match table MyIngress.tb_hwimo_tree_4
match key:           TERNARY-00:00:80:08 &&& 09:00:c3:18
action:              MyIngress.set_pred_4
runtime data:        04
Entry has been added with handle 210
RuntimeCmd: Adding entry to ternary match table MyIngress.tb_hwimo_tree_4
match key:           TERNARY-00:00:82:08 &&& 09:00:d3:18
action:              MyIngress.set_pred_4
runtime data:        00
Entry has been added with handle 211
RuntimeCmd: Adding entry to ternary match table MyIngress.tb_hwimo_tree_4
match key:           TERNARY-00:00:92:08 &&& 09:00:d3:18
action:              MyIngress.set_pred_4
runtime data:        01
Entry has been added with handle 212
RuntimeCmd: Adding entry to ternary match table MyIngress.tb_hwimo_tree_4
match key:           TERNARY-00:00:81:08 &&& 29:00:c1:98
action:              MyIngress.set_pred_4
runtime data:        02
Entry has been added with handle 213
RuntimeCmd: Adding entry to ternary match table MyIngress.tb_hwimo_tree_4
match key:           TERNARY-20:00:81:08 &&& 29:00:c1:98
action:              MyIngress.set_pred_4
runtime data:        00
Entry has been added with handle 214
RuntimeCmd: Adding entry to ternary match table MyIngress.tb_hwimo_tree_4
match key:           TERNARY-00:00:81:88 &&& 09:00:c1:98
action:              MyIngress.set_pred_4
runtime data:        05
Entry has been added with handle 215
RuntimeCmd: Adding entry to ternary match table MyIngress.tb_hwimo_tree_4
match key:           TERNARY-00:00:c0:08 &&& 09:04:c0:18
action:              MyIngress.set_pred_4
runtime data:        02
Entry has been added with handle 216
RuntimeCmd: Adding entry to ternary match table MyIngress.tb_hwimo_tree_4
match key:           TERNARY-00:04:c0:08 &&& 09:04:c0:19
action:              MyIngress.set_pred_4
runtime data:        02
Entry has been added with handle 217
RuntimeCmd: Adding entry to ternary match table MyIngress.tb_hwimo_tree_4
match key:           TERNARY-00:04:c0:09 &&& 09:04:c0:19
action:              MyIngress.set_pred_4
runtime data:        06
Entry has been added with handle 218
RuntimeCmd: Adding entry to ternary match table MyIngress.tb_hwimo_tree_4
match key:           TERNARY-01:00:80:08 &&& 09:00:84:18
action:              MyIngress.set_pred_4
runtime data:        04
Entry has been added with handle 219
RuntimeCmd: Adding entry to ternary match table MyIngress.tb_hwimo_tree_4
match key:           TERNARY-01:00:84:08 &&& 09:00:84:38
action:              MyIngress.set_pred_4
runtime data:        05
Entry has been added with handle 220
RuntimeCmd: Adding entry to ternary match table MyIngress.tb_hwimo_tree_4
match key:           TERNARY-01:00:84:28 &&& 09:00:84:38
action:              MyIngress.set_pred_4
runtime data:        04
Entry has been added with handle 221
RuntimeCmd: Adding entry to ternary match table MyIngress.tb_hwimo_tree_4
match key:           TERNARY-00:00:00:10 &&& 0a:66:0a:33
action:              MyIngress.set_pred_4
runtime data:        06
Entry has been added with handle 222
RuntimeCmd: Adding entry to ternary match table MyIngress.tb_hwimo_tree_4
match key:           TERNARY-00:20:00:10 &&& 0a:66:0a:33
action:              MyIngress.set_pred_4
runtime data:        06
Entry has been added with handle 223
RuntimeCmd: Adding entry to ternary match table MyIngress.tb_hwimo_tree_4
match key:           TERNARY-00:02:00:10 &&& 0a:46:0a:33
action:              MyIngress.set_pred_4
runtime data:        06
Entry has been added with handle 224
RuntimeCmd: Adding entry to ternary match table MyIngress.tb_hwimo_tree_4
match key:           TERNARY-00:00:00:12 &&& 0a:44:0a:33
action:              MyIngress.set_pred_4
runtime data:        06
Entry has been added with handle 225
RuntimeCmd: Adding entry to ternary match table MyIngress.tb_hwimo_tree_4
match key:           TERNARY-00:00:00:30 &&& 0a:46:0a:31
action:              MyIngress.set_pred_4
runtime data:        06
Entry has been added with handle 226
RuntimeCmd: Adding entry to ternary match table MyIngress.tb_hwimo_tree_4
match key:           TERNARY-00:02:00:30 &&& 0a:46:0a:3d
action:              MyIngress.set_pred_4
runtime data:        06
Entry has been added with handle 227
RuntimeCmd: Adding entry to ternary match table MyIngress.tb_hwimo_tree_4
match key:           TERNARY-00:02:00:38 &&& 0a:46:0a:3f
action:              MyIngress.set_pred_4
runtime data:        00
Entry has been added with handle 228
RuntimeCmd: Adding entry to ternary match table MyIngress.tb_hwimo_tree_4
match key:           TERNARY-00:02:00:3a &&& 0a:46:0a:3f
action:              MyIngress.set_pred_4
runtime data:        06
Entry has been added with handle 229
RuntimeCmd: Adding entry to ternary match table MyIngress.tb_hwimo_tree_4
match key:           TERNARY-00:02:00:34 &&& 0a:46:0a:35
action:              MyIngress.set_pred_4
runtime data:        00
Entry has been added with handle 230
RuntimeCmd: Adding entry to ternary match table MyIngress.tb_hwimo_tree_4
match key:           TERNARY-00:00:00:11 &&& 0a:44:0a:11
action:              MyIngress.set_pred_4
runtime data:        02
Entry has been added with handle 231
RuntimeCmd: Adding entry to ternary match table MyIngress.tb_hwimo_tree_4
match key:           TERNARY-00:00:02:10 &&& 0a:44:0a:10
action:              MyIngress.set_pred_4
runtime data:        02
Entry has been added with handle 232
RuntimeCmd: Adding entry to ternary match table MyIngress.tb_hwimo_tree_4
match key:           TERNARY-02:00:00:10 &&& 0a:64:08:38
action:              MyIngress.set_pred_4
runtime data:        00
Entry has been added with handle 233
RuntimeCmd: Adding entry to ternary match table MyIngress.tb_hwimo_tree_4
match key:           TERNARY-02:00:00:18 &&& 0a:64:08:38
action:              MyIngress.set_pred_4
runtime data:        02
Entry has been added with handle 234
RuntimeCmd: Adding entry to ternary match table MyIngress.tb_hwimo_tree_4
match key:           TERNARY-02:20:00:10 &&& 0a:64:08:30
action:              MyIngress.set_pred_4
runtime data:        06
Entry has been added with handle 235
RuntimeCmd: Adding entry to ternary match table MyIngress.tb_hwimo_tree_4
match key:           TERNARY-02:00:00:30 &&& 0a:44:08:30
action:              MyIngress.set_pred_4
runtime data:        05
Entry has been added with handle 236
RuntimeCmd: Adding entry to ternary match table MyIngress.tb_hwimo_tree_4
match key:           TERNARY-00:40:00:10 &&& 39:44:08:10
action:              MyIngress.set_pred_4
runtime data:        01
Entry has been added with handle 237
RuntimeCmd: Adding entry to ternary match table MyIngress.tb_hwimo_tree_4
match key:           TERNARY-20:40:00:10 &&& 39:44:08:18
action:              MyIngress.set_pred_4
runtime data:        06
Entry has been added with handle 238
RuntimeCmd: Adding entry to ternary match table MyIngress.tb_hwimo_tree_4
match key:           TERNARY-20:40:00:18 &&& 39:44:08:18
action:              MyIngress.set_pred_4
runtime data:        03
Entry has been added with handle 239
RuntimeCmd: Adding entry to ternary match table MyIngress.tb_hwimo_tree_4
match key:           TERNARY-01:40:00:10 &&& 19:44:08:10
action:              MyIngress.set_pred_4
runtime data:        04
Entry has been added with handle 240
RuntimeCmd: Adding entry to ternary match table MyIngress.tb_hwimo_tree_4
match key:           TERNARY-10:40:00:10 &&& 38:64:08:10
action:              MyIngress.set_pred_4
runtime data:        02
Entry has been added with handle 241
RuntimeCmd: Adding entry to ternary match table MyIngress.tb_hwimo_tree_4
match key:           TERNARY-30:40:00:10 &&& 38:64:08:10
action:              MyIngress.set_pred_4
runtime data:        00
Entry has been added with handle 242
RuntimeCmd: Adding entry to ternary match table MyIngress.tb_hwimo_tree_4
match key:           TERNARY-10:60:00:10 &&& 18:6c:08:10
action:              MyIngress.set_pred_4
runtime data:        02
Entry has been added with handle 243
RuntimeCmd: Adding entry to ternary match table MyIngress.tb_hwimo_tree_4
match key:           TERNARY-10:68:00:10 &&& 18:6c:08:10
action:              MyIngress.set_pred_4
runtime data:        00
Entry has been added with handle 244
RuntimeCmd: Adding entry to ternary match table MyIngress.tb_hwimo_tree_4
match key:           TERNARY-00:00:08:10 &&& 0c:4e:08:50
action:              MyIngress.set_pred_4
runtime data:        00
Entry has been added with handle 245
RuntimeCmd: Adding entry to ternary match table MyIngress.tb_hwimo_tree_4
match key:           TERNARY-04:00:08:10 &&& 0c:4e:08:50
action:              MyIngress.set_pred_4
runtime data:        03
Entry has been added with handle 246
RuntimeCmd: Adding entry to ternary match table MyIngress.tb_hwimo_tree_4
match key:           TERNARY-00:08:08:10 &&& 08:4e:08:50
action:              MyIngress.set_pred_4
runtime data:        06
Entry has been added with handle 247
RuntimeCmd: Adding entry to ternary match table MyIngress.tb_hwimo_tree_4
match key:           TERNARY-00:02:08:10 &&& 08:46:08:5a
action:              MyIngress.set_pred_4
runtime data:        02
Entry has been added with handle 248
RuntimeCmd: Adding entry to ternary match table MyIngress.tb_hwimo_tree_4
match key:           TERNARY-00:02:08:12 &&& 08:46:08:da
action:              MyIngress.set_pred_4
runtime data:        02
Entry has been added with handle 249
RuntimeCmd: Adding entry to ternary match table MyIngress.tb_hwimo_tree_4
match key:           TERNARY-00:02:08:92 &&& 08:46:08:da
action:              MyIngress.set_pred_4
runtime data:        04
Entry has been added with handle 250
RuntimeCmd: Adding entry to ternary match table MyIngress.tb_hwimo_tree_4
match key:           TERNARY-00:02:08:18 &&& 08:46:08:58
action:              MyIngress.set_pred_4
runtime data:        02
Entry has been added with handle 251
RuntimeCmd: Adding entry to ternary match table MyIngress.tb_hwimo_tree_4
match key:           TERNARY-00:00:08:50 &&& 08:4c:08:d0
action:              MyIngress.set_pred_4
runtime data:        02
Entry has been added with handle 252
RuntimeCmd: Adding entry to ternary match table MyIngress.tb_hwimo_tree_4
match key:           TERNARY-00:08:08:50 &&& 08:4c:08:d0
action:              MyIngress.set_pred_4
runtime data:        04
Entry has been added with handle 253
RuntimeCmd: Adding entry to ternary match table MyIngress.tb_hwimo_tree_4
match key:           TERNARY-00:00:08:d0 &&& 08:c4:08:d1
action:              MyIngress.set_pred_4
runtime data:        01
Entry has been added with handle 254
RuntimeCmd: Adding entry to ternary match table MyIngress.tb_hwimo_tree_4
match key:           TERNARY-00:80:08:d0 &&& 08:c4:08:d1
action:              MyIngress.set_pred_4
runtime data:        03
Entry has been added with handle 255
RuntimeCmd: Adding entry to ternary match table MyIngress.tb_hwimo_tree_4
match key:           TERNARY-00:00:08:d1 &&& 08:45:0c:d1
action:              MyIngress.set_pred_4
runtime data:        06
Entry has been added with handle 256
RuntimeCmd: Adding entry to ternary match table MyIngress.tb_hwimo_tree_4
match key:           TERNARY-00:00:0c:d1 &&& 08:45:0c:d1
action:              MyIngress.set_pred_4
runtime data:        00
Entry has been added with handle 257
RuntimeCmd: Adding entry to ternary match table MyIngress.tb_hwimo_tree_4
match key:           TERNARY-00:01:08:d1 &&& 08:45:08:d1
action:              MyIngress.set_pred_4
runtime data:        02
Entry has been added with handle 258
RuntimeCmd: Adding entry to ternary match table MyIngress.tb_hwimo_tree_4
match key:           TERNARY-00:40:08:10 &&& 28:44:0b:10
action:              MyIngress.set_pred_4
runtime data:        01
Entry has been added with handle 259
RuntimeCmd: Adding entry to ternary match table MyIngress.tb_hwimo_tree_4
match key:           TERNARY-00:40:0a:10 &&& 28:46:0b:3e
action:              MyIngress.set_pred_4
runtime data:        05
Entry has been added with handle 260
RuntimeCmd: Adding entry to ternary match table MyIngress.tb_hwimo_tree_4
match key:           TERNARY-00:40:0a:18 &&& 28:46:0b:3e
action:              MyIngress.set_pred_4
runtime data:        02
Entry has been added with handle 261
RuntimeCmd: Adding entry to ternary match table MyIngress.tb_hwimo_tree_4
match key:           TERNARY-00:40:0a:12 &&& 28:46:0b:3e
action:              MyIngress.set_pred_4
runtime data:        05
Entry has been added with handle 262
RuntimeCmd: Adding entry to ternary match table MyIngress.tb_hwimo_tree_4
match key:           TERNARY-00:40:0a:1a &&& 28:46:0b:3e
action:              MyIngress.set_pred_4
runtime data:        05
Entry has been added with handle 263
RuntimeCmd: Adding entry to ternary match table MyIngress.tb_hwimo_tree_4
match key:           TERNARY-00:40:0a:14 &&& 28:46:0b:3e
action:              MyIngress.set_pred_4
runtime data:        06
Entry has been added with handle 264
RuntimeCmd: Adding entry to ternary match table MyIngress.tb_hwimo_tree_4
match key:           TERNARY-00:40:0a:1c &&& 28:46:0b:3e
action:              MyIngress.set_pred_4
runtime data:        06
Entry has been added with handle 265
RuntimeCmd: Adding entry to ternary match table MyIngress.tb_hwimo_tree_4
match key:           TERNARY-00:40:0a:16 &&& 28:46:0b:3e
action:              MyIngress.set_pred_4
runtime data:        02
Entry has been added with handle 266
RuntimeCmd: Adding entry to ternary match table MyIngress.tb_hwimo_tree_4
match key:           TERNARY-00:40:0a:1e &&& 28:46:0b:3e
action:              MyIngress.set_pred_4
runtime data:        05
Entry has been added with handle 267
RuntimeCmd: Adding entry to ternary match table MyIngress.tb_hwimo_tree_4
match key:           TERNARY-00:40:0a:30 &&& 28:46:0b:3e
action:              MyIngress.set_pred_4
runtime data:        06
Entry has been added with handle 268
RuntimeCmd: Adding entry to ternary match table MyIngress.tb_hwimo_tree_4
match key:           TERNARY-00:40:0a:34 &&& 28:46:0b:3e
action:              MyIngress.set_pred_4
runtime data:        06
Entry has been added with handle 269
RuntimeCmd: Adding entry to ternary match table MyIngress.tb_hwimo_tree_4
match key:           TERNARY-00:40:0a:32 &&& 28:46:0b:3e
action:              MyIngress.set_pred_4
runtime data:        02
Entry has been added with handle 270
RuntimeCmd: Adding entry to ternary match table MyIngress.tb_hwimo_tree_4
match key:           TERNARY-00:40:0a:36 &&& 28:46:0b:3e
action:              MyIngress.set_pred_4
runtime data:        02
Entry has been added with handle 271
RuntimeCmd: Adding entry to ternary match table MyIngress.tb_hwimo_tree_4
match key:           TERNARY-00:40:0a:38 &&& 28:46:0b:3e
action:              MyIngress.set_pred_4
runtime data:        06
Entry has been added with handle 272
RuntimeCmd: Adding entry to ternary match table MyIngress.tb_hwimo_tree_4
match key:           TERNARY-00:40:0a:3a &&& 28:46:0b:3e
action:              MyIngress.set_pred_4
runtime data:        06
Entry has been added with handle 273
RuntimeCmd: Adding entry to ternary match table MyIngress.tb_hwimo_tree_4
match key:           TERNARY-00:40:0a:3c &&& 28:46:0b:3e
action:              MyIngress.set_pred_4
runtime data:        02
Entry has been added with handle 274
RuntimeCmd: Adding entry to ternary match table MyIngress.tb_hwimo_tree_4
match key:           TERNARY-00:40:0a:3e &&& 28:46:0b:3e
action:              MyIngress.set_pred_4
runtime data:        06
Entry has been added with handle 275
RuntimeCmd: Adding entry to ternary match table MyIngress.tb_hwimo_tree_4
match key:           TERNARY-00:42:0a:10 &&& 28:46:0b:10
action:              MyIngress.set_pred_4
runtime data:        02
Entry has been added with handle 276
RuntimeCmd: Adding entry to ternary match table MyIngress.tb_hwimo_tree_4
match key:           TERNARY-00:40:09:10 &&& 28:44:09:90
action:              MyIngress.set_pred_4
runtime data:        00
Entry has been added with handle 277
RuntimeCmd: Adding entry to ternary match table MyIngress.tb_hwimo_tree_4
match key:           TERNARY-00:40:09:90 &&& 28:44:09:90
action:              MyIngress.set_pred_4
runtime data:        04
Entry has been added with handle 278
RuntimeCmd: Adding entry to ternary match table MyIngress.tb_hwimo_tree_4
match key:           TERNARY-20:40:08:10 &&& 28:44:4c:10
action:              MyIngress.set_pred_4
runtime data:        00
Entry has been added with handle 279
RuntimeCmd: Adding entry to ternary match table MyIngress.tb_hwimo_tree_4
match key:           TERNARY-20:40:0c:10 &&& 28:44:4c:10
action:              MyIngress.set_pred_4
runtime data:        04
Entry has been added with handle 280
RuntimeCmd: Adding entry to ternary match table MyIngress.tb_hwimo_tree_4
match key:           TERNARY-20:40:48:10 &&& 28:cc:4c:30
action:              MyIngress.set_pred_4
runtime data:        03
Entry has been added with handle 281
RuntimeCmd: Adding entry to ternary match table MyIngress.tb_hwimo_tree_4
match key:           TERNARY-20:c0:48:10 &&& 28:ce:4c:30
action:              MyIngress.set_pred_4
runtime data:        00
Entry has been added with handle 282
RuntimeCmd: Adding entry to ternary match table MyIngress.tb_hwimo_tree_4
match key:           TERNARY-20:c2:48:10 &&& 28:ce:4c:30
action:              MyIngress.set_pred_4
runtime data:        03
Entry has been added with handle 283
RuntimeCmd: Adding entry to ternary match table MyIngress.tb_hwimo_tree_4
match key:           TERNARY-20:40:48:30 &&& 28:6c:4c:b0
action:              MyIngress.set_pred_4
runtime data:        05
Entry has been added with handle 284
RuntimeCmd: Adding entry to ternary match table MyIngress.tb_hwimo_tree_4
match key:           TERNARY-20:40:48:b0 &&& 38:6c:4c:b0
action:              MyIngress.set_pred_4
runtime data:        04
Entry has been added with handle 285
RuntimeCmd: Adding entry to ternary match table MyIngress.tb_hwimo_tree_4
match key:           TERNARY-30:40:48:b0 &&& 38:6c:4c:b0
action:              MyIngress.set_pred_4
runtime data:        06
Entry has been added with handle 286
RuntimeCmd: Adding entry to ternary match table MyIngress.tb_hwimo_tree_4
match key:           TERNARY-20:60:48:30 &&& 28:6c:4c:30
action:              MyIngress.set_pred_4
runtime data:        03
Entry has been added with handle 287
RuntimeCmd: Adding entry to ternary match table MyIngress.tb_hwimo_tree_4
match key:           TERNARY-20:40:4c:10 &&& 28:4c:4c:10
action:              MyIngress.set_pred_4
runtime data:        04
Entry has been added with handle 288
RuntimeCmd: Adding entry to ternary match table MyIngress.tb_hwimo_tree_4
match key:           TERNARY-20:48:48:10 &&& 29:4c:4a:10
action:              MyIngress.set_pred_4
runtime data:        00
Entry has been added with handle 289
RuntimeCmd: Adding entry to ternary match table MyIngress.tb_hwimo_tree_4
match key:           TERNARY-21:48:48:10 &&& 29:4c:4a:10
action:              MyIngress.set_pred_4
runtime data:        01
Entry has been added with handle 290
RuntimeCmd: Adding entry to ternary match table MyIngress.tb_hwimo_tree_4
match key:           TERNARY-20:48:4a:10 &&& 28:4c:4a:10
action:              MyIngress.set_pred_4
runtime data:        06
Entry has been added with handle 291
RuntimeCmd: Adding entry to ternary match table MyIngress.tb_hwimo_tree_4
match key:           TERNARY-00:04:00:10 &&& 0a:04:06:50
action:              MyIngress.set_pred_4
runtime data:        00
Entry has been added with handle 292
RuntimeCmd: Adding entry to ternary match table MyIngress.tb_hwimo_tree_4
match key:           TERNARY-02:04:00:10 &&& 0a:04:06:50
action:              MyIngress.set_pred_4
runtime data:        01
Entry has been added with handle 293
RuntimeCmd: Adding entry to ternary match table MyIngress.tb_hwimo_tree_4
match key:           TERNARY-00:04:04:10 &&& 08:04:06:54
action:              MyIngress.set_pred_4
runtime data:        00
Entry has been added with handle 294
RuntimeCmd: Adding entry to ternary match table MyIngress.tb_hwimo_tree_4
match key:           TERNARY-00:04:04:14 &&& 08:04:06:54
action:              MyIngress.set_pred_4
runtime data:        02
Entry has been added with handle 295
RuntimeCmd: Adding entry to ternary match table MyIngress.tb_hwimo_tree_4
match key:           TERNARY-00:04:02:10 &&& 08:1c:02:50
action:              MyIngress.set_pred_4
runtime data:        02
Entry has been added with handle 296
RuntimeCmd: Adding entry to ternary match table MyIngress.tb_hwimo_tree_4
match key:           TERNARY-00:14:02:10 &&& 38:1c:12:50
action:              MyIngress.set_pred_4
runtime data:        02
Entry has been added with handle 297
RuntimeCmd: Adding entry to ternary match table MyIngress.tb_hwimo_tree_4
match key:           TERNARY-00:14:12:10 &&& 38:1c:12:50
action:              MyIngress.set_pred_4
runtime data:        00
Entry has been added with handle 298
RuntimeCmd: Adding entry to ternary match table MyIngress.tb_hwimo_tree_4
match key:           TERNARY-20:14:02:10 &&& 38:1c:02:50
action:              MyIngress.set_pred_4
runtime data:        06
Entry has been added with handle 299
RuntimeCmd: Adding entry to ternary match table MyIngress.tb_hwimo_tree_4
match key:           TERNARY-10:14:02:10 &&& 18:1c:03:50
action:              MyIngress.set_pred_4
runtime data:        05
Entry has been added with handle 300
RuntimeCmd: Adding entry to ternary match table MyIngress.tb_hwimo_tree_4
match key:           TERNARY-10:14:03:10 &&& 18:1c:03:50
action:              MyIngress.set_pred_4
runtime data:        04
Entry has been added with handle 301
RuntimeCmd: Adding entry to ternary match table MyIngress.tb_hwimo_tree_4
match key:           TERNARY-00:0c:02:10 &&& 28:3e:02:51
action:              MyIngress.set_pred_4
runtime data:        02
Entry has been added with handle 302
RuntimeCmd: Adding entry to ternary match table MyIngress.tb_hwimo_tree_4
match key:           TERNARY-00:0e:02:10 &&& 28:3e:03:d1
action:              MyIngress.set_pred_4
runtime data:        00
Entry has been added with handle 303
RuntimeCmd: Adding entry to ternary match table MyIngress.tb_hwimo_tree_4
match key:           TERNARY-00:0e:03:10 &&& 28:3e:03:d1
action:              MyIngress.set_pred_4
runtime data:        00
Entry has been added with handle 304
RuntimeCmd: Adding entry to ternary match table MyIngress.tb_hwimo_tree_4
match key:           TERNARY-00:0e:02:90 &&& 28:3e:02:d1
action:              MyIngress.set_pred_4
runtime data:        00
Entry has been added with handle 305
RuntimeCmd: Adding entry to ternary match table MyIngress.tb_hwimo_tree_4
match key:           TERNARY-00:1c:02:10 &&& 28:3c:03:d1
action:              MyIngress.set_pred_4
runtime data:        00
Entry has been added with handle 306
RuntimeCmd: Adding entry to ternary match table MyIngress.tb_hwimo_tree_4
match key:           TERNARY-00:1c:02:90 &&& 28:3c:03:d1
action:              MyIngress.set_pred_4
runtime data:        00
Entry has been added with handle 307
RuntimeCmd: Adding entry to ternary match table MyIngress.tb_hwimo_tree_4
match key:           TERNARY-00:1c:03:10 &&& 28:3c:03:51
action:              MyIngress.set_pred_4
runtime data:        00
Entry has been added with handle 308
RuntimeCmd: Adding entry to ternary match table MyIngress.tb_hwimo_tree_4
match key:           TERNARY-00:2c:02:10 &&& 28:2c:02:51
action:              MyIngress.set_pred_4
runtime data:        02
Entry has been added with handle 309
RuntimeCmd: Adding entry to ternary match table MyIngress.tb_hwimo_tree_4
match key:           TERNARY-00:0c:02:11 &&& 28:0c:02:51
action:              MyIngress.set_pred_4
runtime data:        02
Entry has been added with handle 310
RuntimeCmd: Adding entry to ternary match table MyIngress.tb_hwimo_tree_4
match key:           TERNARY-20:0c:02:10 &&& 28:0c:02:50
action:              MyIngress.set_pred_4
runtime data:        05
Entry has been added with handle 311
RuntimeCmd: Adding entry to ternary match table MyIngress.tb_hwimo_tree_4
match key:           TERNARY-00:04:00:50 &&& 08:84:0c:74
action:              MyIngress.set_pred_4
runtime data:        00
Entry has been added with handle 312
RuntimeCmd: Adding entry to ternary match table MyIngress.tb_hwimo_tree_4
match key:           TERNARY-00:84:00:50 &&& 08:84:0c:74
action:              MyIngress.set_pred_4
runtime data:        02
Entry has been added with handle 313
RuntimeCmd: Adding entry to ternary match table MyIngress.tb_hwimo_tree_4
match key:           TERNARY-00:04:00:54 &&& 08:04:0c:74
action:              MyIngress.set_pred_4
runtime data:        03
Entry has been added with handle 314
RuntimeCmd: Adding entry to ternary match table MyIngress.tb_hwimo_tree_4
match key:           TERNARY-00:04:00:70 &&& 08:04:0c:70
action:              MyIngress.set_pred_4
runtime data:        05
Entry has been added with handle 315
RuntimeCmd: Adding entry to ternary match table MyIngress.tb_hwimo_tree_4
match key:           TERNARY-00:04:08:50 &&& 08:06:0c:50
action:              MyIngress.set_pred_4
runtime data:        06
Entry has been added with handle 316
RuntimeCmd: Adding entry to ternary match table MyIngress.tb_hwimo_tree_4
match key:           TERNARY-00:06:08:50 &&& 08:86:0c:50
action:              MyIngress.set_pred_4
runtime data:        06
Entry has been added with handle 317
RuntimeCmd: Adding entry to ternary match table MyIngress.tb_hwimo_tree_4
match key:           TERNARY-00:86:08:50 &&& 08:86:0c:50
action:              MyIngress.set_pred_4
runtime data:        05
Entry has been added with handle 318
RuntimeCmd: Adding entry to ternary match table MyIngress.tb_hwimo_tree_4
match key:           TERNARY-00:04:04:50 &&& 08:0c:04:53
action:              MyIngress.set_pred_4
runtime data:        06
Entry has been added with handle 319
RuntimeCmd: Adding entry to ternary match table MyIngress.tb_hwimo_tree_4
match key:           TERNARY-00:04:04:52 &&& 08:0c:04:53
action:              MyIngress.set_pred_4
runtime data:        02
Entry has been added with handle 320
RuntimeCmd: Adding entry to ternary match table MyIngress.tb_hwimo_tree_4
match key:           TERNARY-00:0c:04:50 &&& 08:2c:05:d1
action:              MyIngress.set_pred_4
runtime data:        00
Entry has been added with handle 321
RuntimeCmd: Adding entry to ternary match table MyIngress.tb_hwimo_tree_4
match key:           TERNARY-00:0c:05:50 &&& 08:3c:05:d1
action:              MyIngress.set_pred_4
runtime data:        00
Entry has been added with handle 322
RuntimeCmd: Adding entry to ternary match table MyIngress.tb_hwimo_tree_4
match key:           TERNARY-00:1c:05:50 &&& 08:3c:05:d1
action:              MyIngress.set_pred_4
runtime data:        00
Entry has been added with handle 323
RuntimeCmd: Adding entry to ternary match table MyIngress.tb_hwimo_tree_4
match key:           TERNARY-00:0c:04:d0 &&& 08:3e:04:d1
action:              MyIngress.set_pred_4
runtime data:        02
Entry has been added with handle 324
RuntimeCmd: Adding entry to ternary match table MyIngress.tb_hwimo_tree_4
match key:           TERNARY-00:0e:04:d0 &&& 08:3e:05:d1
action:              MyIngress.set_pred_4
runtime data:        00
Entry has been added with handle 325
RuntimeCmd: Adding entry to ternary match table MyIngress.tb_hwimo_tree_4
match key:           TERNARY-00:0e:05:d0 &&& 08:3e:05:d1
action:              MyIngress.set_pred_4
runtime data:        00
Entry has been added with handle 326
RuntimeCmd: Adding entry to ternary match table MyIngress.tb_hwimo_tree_4
match key:           TERNARY-00:1c:04:d0 &&& 08:3c:05:d1
action:              MyIngress.set_pred_4
runtime data:        00
Entry has been added with handle 327
RuntimeCmd: Adding entry to ternary match table MyIngress.tb_hwimo_tree_4
match key:           TERNARY-00:1c:05:d0 &&& 08:3c:05:d1
action:              MyIngress.set_pred_4
runtime data:        00
Entry has been added with handle 328
RuntimeCmd: Adding entry to ternary match table MyIngress.tb_hwimo_tree_4
match key:           TERNARY-00:2c:04:50 &&& 08:2c:04:51
action:              MyIngress.set_pred_4
runtime data:        02
Entry has been added with handle 329
RuntimeCmd: Adding entry to ternary match table MyIngress.tb_hwimo_tree_4
match key:           TERNARY-00:04:04:51 &&& 08:06:06:51
action:              MyIngress.set_pred_4
runtime data:        00
Entry has been added with handle 330
RuntimeCmd: Adding entry to ternary match table MyIngress.tb_hwimo_tree_4
match key:           TERNARY-00:06:04:51 &&& 08:46:06:51
action:              MyIngress.set_pred_4
runtime data:        06
Entry has been added with handle 331
RuntimeCmd: Adding entry to ternary match table MyIngress.tb_hwimo_tree_4
match key:           TERNARY-00:46:04:51 &&& 08:46:06:51
action:              MyIngress.set_pred_4
runtime data:        00
Entry has been added with handle 332
RuntimeCmd: Adding entry to ternary match table MyIngress.tb_hwimo_tree_4
match key:           TERNARY-00:04:06:51 &&& 08:04:06:51
action:              MyIngress.set_pred_4
runtime data:        06
Entry has been added with handle 333
RuntimeCmd: Adding entry to ternary match table MyIngress.tb_hwimo_tree_4
match key:           TERNARY-08:00:00:00 &&& 18:08:00:82
action:              MyIngress.set_pred_4
runtime data:        04
Entry has been added with handle 334
RuntimeCmd: Adding entry to ternary match table MyIngress.tb_hwimo_tree_4
match key:           TERNARY-18:00:00:00 &&& 18:08:40:82
action:              MyIngress.set_pred_4
runtime data:        00
Entry has been added with handle 335
RuntimeCmd: Adding entry to ternary match table MyIngress.tb_hwimo_tree_4
match key:           TERNARY-18:00:40:00 &&& 18:08:40:82
action:              MyIngress.set_pred_4
runtime data:        02
Entry has been added with handle 336
RuntimeCmd: Adding entry to ternary match table MyIngress.tb_hwimo_tree_4
match key:           TERNARY-08:00:00:02 &&& 08:08:0c:82
action:              MyIngress.set_pred_4
runtime data:        02
Entry has been added with handle 337
RuntimeCmd: Adding entry to ternary match table MyIngress.tb_hwimo_tree_4
match key:           TERNARY-08:00:08:02 &&& 08:08:0c:c6
action:              MyIngress.set_pred_4
runtime data:        01
Entry has been added with handle 338
RuntimeCmd: Adding entry to ternary match table MyIngress.tb_hwimo_tree_4
match key:           TERNARY-08:00:08:06 &&& 08:08:0c:c6
action:              MyIngress.set_pred_4
runtime data:        02
Entry has been added with handle 339
RuntimeCmd: Adding entry to ternary match table MyIngress.tb_hwimo_tree_4
match key:           TERNARY-08:00:08:42 &&& 08:08:0c:c2
action:              MyIngress.set_pred_4
runtime data:        04
Entry has been added with handle 340
RuntimeCmd: Adding entry to ternary match table MyIngress.tb_hwimo_tree_4
match key:           TERNARY-08:00:04:02 &&& 08:08:04:82
action:              MyIngress.set_pred_4
runtime data:        00
Entry has been added with handle 341
RuntimeCmd: Adding entry to ternary match table MyIngress.tb_hwimo_tree_4
match key:           TERNARY-08:08:00:00 &&& 08:08:0b:80
action:              MyIngress.set_pred_4
runtime data:        06
Entry has been added with handle 342
RuntimeCmd: Adding entry to ternary match table MyIngress.tb_hwimo_tree_4
match key:           TERNARY-08:08:02:00 &&& 08:08:0b:80
action:              MyIngress.set_pred_4
runtime data:        02
Entry has been added with handle 343
RuntimeCmd: Adding entry to ternary match table MyIngress.tb_hwimo_tree_4
match key:           TERNARY-08:08:08:00 &&& 08:08:09:80
action:              MyIngress.set_pred_4
runtime data:        05
Entry has been added with handle 344
RuntimeCmd: Adding entry to ternary match table MyIngress.tb_hwimo_tree_4
match key:           TERNARY-08:08:01:00 &&& 08:08:09:80
action:              MyIngress.set_pred_4
runtime data:        02
Entry has been added with handle 345
RuntimeCmd: Adding entry to ternary match table MyIngress.tb_hwimo_tree_4
match key:           TERNARY-08:08:09:00 &&& 08:08:09:c0
action:              MyIngress.set_pred_4
runtime data:        04
Entry has been added with handle 346
RuntimeCmd: Adding entry to ternary match table MyIngress.tb_hwimo_tree_4
match key:           TERNARY-08:08:09:40 &&& 08:08:09:c0
action:              MyIngress.set_pred_4
runtime data:        01
Entry has been added with handle 347
RuntimeCmd: Adding entry to ternary match table MyIngress.tb_hwimo_tree_4
match key:           TERNARY-08:00:00:80 &&& 29:00:02:80
action:              MyIngress.set_pred_4
runtime data:        06
Entry has been added with handle 348
RuntimeCmd: Adding entry to ternary match table MyIngress.tb_hwimo_tree_4
match key:           TERNARY-28:00:00:80 &&& 29:00:02:80
action:              MyIngress.set_pred_4
runtime data:        00
Entry has been added with handle 349
RuntimeCmd: Adding entry to ternary match table MyIngress.tb_hwimo_tree_4
match key:           TERNARY-08:00:02:80 &&& 0b:00:02:80
action:              MyIngress.set_pred_4
runtime data:        02
Entry has been added with handle 350
RuntimeCmd: Adding entry to ternary match table MyIngress.tb_hwimo_tree_4
match key:           TERNARY-0a:00:02:80 &&& 0b:02:02:a0
action:              MyIngress.set_pred_4
runtime data:        04
Entry has been added with handle 351
RuntimeCmd: Adding entry to ternary match table MyIngress.tb_hwimo_tree_4
match key:           TERNARY-0a:02:02:80 &&& 0b:02:02:a0
action:              MyIngress.set_pred_4
runtime data:        05
Entry has been added with handle 352
RuntimeCmd: Adding entry to ternary match table MyIngress.tb_hwimo_tree_4
match key:           TERNARY-0a:00:02:a0 &&& 0b:0a:02:a8
action:              MyIngress.set_pred_4
runtime data:        00
Entry has been added with handle 353
RuntimeCmd: Adding entry to ternary match table MyIngress.tb_hwimo_tree_4
match key:           TERNARY-0a:08:02:a0 &&& 0b:0a:02:a8
action:              MyIngress.set_pred_4
runtime data:        02
Entry has been added with handle 354
RuntimeCmd: Adding entry to ternary match table MyIngress.tb_hwimo_tree_4
match key:           TERNARY-0a:00:02:a8 &&& 0b:02:02:a8
action:              MyIngress.set_pred_4
runtime data:        05
Entry has been added with handle 355
RuntimeCmd: Adding entry to ternary match table MyIngress.tb_hwimo_tree_4
match key:           TERNARY-0a:02:02:a0 &&& 0b:02:02:a0
action:              MyIngress.set_pred_4
runtime data:        05
Entry has been added with handle 356
RuntimeCmd: Adding entry to ternary match table MyIngress.tb_hwimo_tree_4
match key:           TERNARY-09:00:00:80 &&& 1d:44:08:80
action:              MyIngress.set_pred_4
runtime data:        02
Entry has been added with handle 357
RuntimeCmd: Adding entry to ternary match table MyIngress.tb_hwimo_tree_4
match key:           TERNARY-09:00:08:80 &&& 1d:44:08:80
action:              MyIngress.set_pred_4
runtime data:        04
Entry has been added with handle 358
RuntimeCmd: Adding entry to ternary match table MyIngress.tb_hwimo_tree_4
match key:           TERNARY-09:04:00:80 &&& 1d:44:00:80
action:              MyIngress.set_pred_4
runtime data:        03
Entry has been added with handle 359
RuntimeCmd: Adding entry to ternary match table MyIngress.tb_hwimo_tree_4
match key:           TERNARY-09:40:00:80 &&& 3d:40:04:80
action:              MyIngress.set_pred_4
runtime data:        02
Entry has been added with handle 360
RuntimeCmd: Adding entry to ternary match table MyIngress.tb_hwimo_tree_4
match key:           TERNARY-09:40:04:80 &&& 3d:40:04:80
action:              MyIngress.set_pred_4
runtime data:        00
Entry has been added with handle 361
RuntimeCmd: Adding entry to ternary match table MyIngress.tb_hwimo_tree_4
match key:           TERNARY-29:40:00:80 &&& 3d:40:00:80
action:              MyIngress.set_pred_4
runtime data:        04
Entry has been added with handle 362
RuntimeCmd: Adding entry to ternary match table MyIngress.tb_hwimo_tree_4
match key:           TERNARY-0d:00:00:80 &&& 1d:08:00:84
action:              MyIngress.set_pred_4
runtime data:        02
Entry has been added with handle 363
RuntimeCmd: Adding entry to ternary match table MyIngress.tb_hwimo_tree_4
match key:           TERNARY-0d:08:00:80 &&& 1d:08:08:94
action:              MyIngress.set_pred_4
runtime data:        02
Entry has been added with handle 364
RuntimeCmd: Adding entry to ternary match table MyIngress.tb_hwimo_tree_4
match key:           TERNARY-0d:08:08:80 &&& 1d:08:08:94
action:              MyIngress.set_pred_4
runtime data:        06
Entry has been added with handle 365
RuntimeCmd: Adding entry to ternary match table MyIngress.tb_hwimo_tree_4
match key:           TERNARY-0d:08:00:90 &&& 1d:08:00:94
action:              MyIngress.set_pred_4
runtime data:        06
Entry has been added with handle 366
RuntimeCmd: Adding entry to ternary match table MyIngress.tb_hwimo_tree_4
match key:           TERNARY-0d:00:00:84 &&& 1d:80:00:cc
action:              MyIngress.set_pred_4
runtime data:        06
Entry has been added with handle 367
RuntimeCmd: Adding entry to ternary match table MyIngress.tb_hwimo_tree_4
match key:           TERNARY-0d:80:00:84 &&& 1d:80:00:cc
action:              MyIngress.set_pred_4
runtime data:        04
Entry has been added with handle 368
RuntimeCmd: Adding entry to ternary match table MyIngress.tb_hwimo_tree_4
match key:           TERNARY-0d:00:00:8c &&& 1d:00:00:cc
action:              MyIngress.set_pred_4
runtime data:        03
Entry has been added with handle 369
RuntimeCmd: Adding entry to ternary match table MyIngress.tb_hwimo_tree_4
match key:           TERNARY-0d:00:00:c4 &&& 1d:00:00:c4
action:              MyIngress.set_pred_4
runtime data:        02
Entry has been added with handle 370
RuntimeCmd: Adding entry to ternary match table MyIngress.tb_hwimo_tree_4
match key:           TERNARY-19:00:00:80 &&& 19:00:00:c0
action:              MyIngress.set_pred_4
runtime data:        04
Entry has been added with handle 371
RuntimeCmd: Adding entry to ternary match table MyIngress.tb_hwimo_tree_4
match key:           TERNARY-19:00:00:c0 &&& 1d:20:08:c4
action:              MyIngress.set_pred_4
runtime data:        02
Entry has been added with handle 372
RuntimeCmd: Adding entry to ternary match table MyIngress.tb_hwimo_tree_4
match key:           TERNARY-19:00:08:c0 &&& 1d:20:08:c4
action:              MyIngress.set_pred_4
runtime data:        06
Entry has been added with handle 373
RuntimeCmd: Adding entry to ternary match table MyIngress.tb_hwimo_tree_4
match key:           TERNARY-19:20:00:c0 &&& 1d:20:20:c6
action:              MyIngress.set_pred_4
runtime data:        06
Entry has been added with handle 374
RuntimeCmd: Adding entry to ternary match table MyIngress.tb_hwimo_tree_4
match key:           TERNARY-19:20:20:c0 &&& 1d:20:20:c6
action:              MyIngress.set_pred_4
runtime data:        00
Entry has been added with handle 375
RuntimeCmd: Adding entry to ternary match table MyIngress.tb_hwimo_tree_4
match key:           TERNARY-19:20:00:c2 &&& 1d:20:00:c6
action:              MyIngress.set_pred_4
runtime data:        02
Entry has been added with handle 376
RuntimeCmd: Adding entry to ternary match table MyIngress.tb_hwimo_tree_4
match key:           TERNARY-19:00:00:c4 &&& 1d:00:00:c4
action:              MyIngress.set_pred_4
runtime data:        06
Entry has been added with handle 377
RuntimeCmd: Adding entry to ternary match table MyIngress.tb_hwimo_tree_4
match key:           TERNARY-1d:00:00:c0 &&& 1d:00:00:c2
action:              MyIngress.set_pred_4
runtime data:        02
Entry has been added with handle 378
RuntimeCmd: Adding entry to ternary match table MyIngress.tb_hwimo_tree_4
match key:           TERNARY-1d:00:00:c2 &&& 1d:00:00:c2
action:              MyIngress.set_pred_4
runtime data:        00
Entry has been added with handle 379
RuntimeCmd: Adding entry to ternary match table MyIngress.tb_hwimo_tree_5_6_7
match key:           TERNARY-00:00:00:00 &&& 31:20:50:70
action:              MyIngress.set_pred_5_6_7
runtime data:        01	00	00
Entry has been added with handle 0
RuntimeCmd: Adding entry to ternary match table MyIngress.tb_hwimo_tree_5_6_7
match key:           TERNARY-00:00:00:10 &&& 31:20:50:70
action:              MyIngress.set_pred_5_6_7
runtime data:        01	02	00
Entry has been added with handle 1
RuntimeCmd: Adding entry to ternary match table MyIngress.tb_hwimo_tree_5_6_7
match key:           TERNARY-00:00:00:40 &&& 31:20:50:60
action:              MyIngress.set_pred_5_6_7
runtime data:        01	02	01
Entry has been added with handle 2
RuntimeCmd: Adding entry to ternary match table MyIngress.tb_hwimo_tree_5_6_7
match key:           TERNARY-00:00:10:00 &&& 31:a0:50:aa
action:              MyIngress.set_pred_5_6_7
runtime data:        01	02	00
Entry has been added with handle 3
RuntimeCmd: Adding entry to ternary match table MyIngress.tb_hwimo_tree_5_6_7
match key:           TERNARY-00:00:10:08 &&& 31:a0:58:aa
action:              MyIngress.set_pred_5_6_7
runtime data:        02	02	02
Entry has been added with handle 4
RuntimeCmd: Adding entry to ternary match table MyIngress.tb_hwimo_tree_5_6_7
match key:           TERNARY-00:00:18:08 &&& 31:a0:58:af
action:              MyIngress.set_pred_5_6_7
runtime data:        01	02	01
Entry has been added with handle 5
RuntimeCmd: Adding entry to ternary match table MyIngress.tb_hwimo_tree_5_6_7
match key:           TERNARY-00:00:18:09 &&& 31:a0:58:af
action:              MyIngress.set_pred_5_6_7
runtime data:        02	02	02
Entry has been added with handle 6
RuntimeCmd: Adding entry to ternary match table MyIngress.tb_hwimo_tree_5_6_7
match key:           TERNARY-00:00:18:0c &&& 31:a0:58:ae
action:              MyIngress.set_pred_5_6_7
runtime data:        02	02	02
Entry has been added with handle 7
RuntimeCmd: Adding entry to ternary match table MyIngress.tb_hwimo_tree_5_6_7
match key:           TERNARY-00:00:10:02 &&& 31:b3:5a:a2
action:              MyIngress.set_pred_5_6_7
runtime data:        01	02	01
Entry has been added with handle 8
RuntimeCmd: Adding entry to ternary match table MyIngress.tb_hwimo_tree_5_6_7
match key:           TERNARY-00:00:18:02 &&& 31:b3:5a:a2
action:              MyIngress.set_pred_5_6_7
runtime data:        00	00	00
Entry has been added with handle 9
RuntimeCmd: Adding entry to ternary match table MyIngress.tb_hwimo_tree_5_6_7
match key:           TERNARY-00:02:10:02 &&& 31:b3:52:a2
action:              MyIngress.set_pred_5_6_7
runtime data:        02	02	02
Entry has been added with handle 10
RuntimeCmd: Adding entry to ternary match table MyIngress.tb_hwimo_tree_5_6_7
match key:           TERNARY-00:01:10:02 &&& 31:b1:52:a2
action:              MyIngress.set_pred_5_6_7
runtime data:        02	02	01
Entry has been added with handle 11
RuntimeCmd: Adding entry to ternary match table MyIngress.tb_hwimo_tree_5_6_7
match key:           TERNARY-00:00:12:02 &&& 31:b0:5a:a6
action:              MyIngress.set_pred_5_6_7
runtime data:        02	02	02
Entry has been added with handle 12
RuntimeCmd: Adding entry to ternary match table MyIngress.tb_hwimo_tree_5_6_7
match key:           TERNARY-00:00:1a:02 &&& 31:b0:5a:a7
action:              MyIngress.set_pred_5_6_7
runtime data:        02	02	02
Entry has been added with handle 13
RuntimeCmd: Adding entry to ternary match table MyIngress.tb_hwimo_tree_5_6_7
match key:           TERNARY-00:00:1a:03 &&& 31:b0:5a:a7
action:              MyIngress.set_pred_5_6_7
runtime data:        01	02	01
Entry has been added with handle 14
RuntimeCmd: Adding entry to ternary match table MyIngress.tb_hwimo_tree_5_6_7
match key:           TERNARY-00:00:12:06 &&& 31:b0:52:b6
action:              MyIngress.set_pred_5_6_7
runtime data:        00	00	00
Entry has been added with handle 15
RuntimeCmd: Adding entry to ternary match table MyIngress.tb_hwimo_tree_5_6_7
match key:           TERNARY-00:00:12:16 &&& 31:b0:52:b7
action:              MyIngress.set_pred_5_6_7
runtime data:        02	02	02
Entry has been added with handle 16
RuntimeCmd: Adding entry to ternary match table MyIngress.tb_hwimo_tree_5_6_7
match key:           TERNARY-00:00:12:17 &&& 31:b0:52:b7
action:              MyIngress.set_pred_5_6_7
runtime data:        02	02	02
Entry has been added with handle 17
RuntimeCmd: Adding entry to ternary match table MyIngress.tb_hwimo_tree_5_6_7
match key:           TERNARY-00:10:10:02 &&& 31:b0:50:aa
action:              MyIngress.set_pred_5_6_7
runtime data:        01	02	00
Entry has been added with handle 18
RuntimeCmd: Adding entry to ternary match table MyIngress.tb_hwimo_tree_5_6_7
match key:           TERNARY-00:10:10:0a &&& 31:b0:50:aa
action:              MyIngress.set_pred_5_6_7
runtime data:        02	02	01
Entry has been added with handle 19
RuntimeCmd: Adding entry to ternary match table MyIngress.tb_hwimo_tree_5_6_7
match key:           TERNARY-00:80:10:00 &&& 31:a0:50:a0
action:              MyIngress.set_pred_5_6_7
runtime data:        01	01	01
Entry has been added with handle 20
RuntimeCmd: Adding entry to ternary match table MyIngress.tb_hwimo_tree_5_6_7
match key:           TERNARY-00:00:10:80 &&& 33:20:58:a0
action:              MyIngress.set_pred_5_6_7
runtime data:        02	02	02
Entry has been added with handle 21
RuntimeCmd: Adding entry to ternary match table MyIngress.tb_hwimo_tree_5_6_7
match key:           TERNARY-02:00:10:80 &&& 33:20:58:a0
action:              MyIngress.set_pred_5_6_7
runtime data:        02	02	01
Entry has been added with handle 22
RuntimeCmd: Adding entry to ternary match table MyIngress.tb_hwimo_tree_5_6_7
match key:           TERNARY-00:00:18:80 &&& 31:60:59:b0
action:              MyIngress.set_pred_5_6_7
runtime data:        01	02	00
Entry has been added with handle 23
RuntimeCmd: Adding entry to ternary match table MyIngress.tb_hwimo_tree_5_6_7
match key:           TERNARY-00:00:18:90 &&& 31:60:5b:b0
action:              MyIngress.set_pred_5_6_7
runtime data:        01	01	00
Entry has been added with handle 24
RuntimeCmd: Adding entry to ternary match table MyIngress.tb_hwimo_tree_5_6_7
match key:           TERNARY-00:00:1a:90 &&& 31:60:5b:b0
action:              MyIngress.set_pred_5_6_7
runtime data:        00	01	00
Entry has been added with handle 25
RuntimeCmd: Adding entry to ternary match table MyIngress.tb_hwimo_tree_5_6_7
match key:           TERNARY-00:00:19:80 &&& 31:60:59:a0
action:              MyIngress.set_pred_5_6_7
runtime data:        01	00	00
Entry has been added with handle 26
RuntimeCmd: Adding entry to ternary match table MyIngress.tb_hwimo_tree_5_6_7
match key:           TERNARY-00:40:18:80 &&& 31:60:58:a0
action:              MyIngress.set_pred_5_6_7
runtime data:        01	01	01
Entry has been added with handle 27
RuntimeCmd: Adding entry to ternary match table MyIngress.tb_hwimo_tree_5_6_7
match key:           TERNARY-00:20:00:00 &&& 31:a4:44:70
action:              MyIngress.set_pred_5_6_7
runtime data:        01	02	01
Entry has been added with handle 28
RuntimeCmd: Adding entry to ternary match table MyIngress.tb_hwimo_tree_5_6_7
match key:           TERNARY-00:20:00:10 &&& 31:a4:44:76
action:              MyIngress.set_pred_5_6_7
runtime data:        01	02	00
Entry has been added with handle 29
RuntimeCmd: Adding entry to ternary match table MyIngress.tb_hwimo_tree_5_6_7
match key:           TERNARY-00:20:00:12 &&& 31:a4:44:76
action:              MyIngress.set_pred_5_6_7
runtime data:        01	00	00
Entry has been added with handle 30
RuntimeCmd: Adding entry to ternary match table MyIngress.tb_hwimo_tree_5_6_7
match key:           TERNARY-00:20:00:14 &&& 31:a4:44:74
action:              MyIngress.set_pred_5_6_7
runtime data:        00	02	00
Entry has been added with handle 31
RuntimeCmd: Adding entry to ternary match table MyIngress.tb_hwimo_tree_5_6_7
match key:           TERNARY-00:20:04:00 &&& 31:a4:c4:60
action:              MyIngress.set_pred_5_6_7
runtime data:        01	00	00
Entry has been added with handle 32
RuntimeCmd: Adding entry to ternary match table MyIngress.tb_hwimo_tree_5_6_7
match key:           TERNARY-00:20:84:00 &&& 31:a4:c6:66
action:              MyIngress.set_pred_5_6_7
runtime data:        01	01	01
Entry has been added with handle 33
RuntimeCmd: Adding entry to ternary match table MyIngress.tb_hwimo_tree_5_6_7
match key:           TERNARY-00:20:84:04 &&& 31:a4:c6:66
action:              MyIngress.set_pred_5_6_7
runtime data:        01	01	01
Entry has been added with handle 34
RuntimeCmd: Adding entry to ternary match table MyIngress.tb_hwimo_tree_5_6_7
match key:           TERNARY-00:20:84:02 &&& 31:a4:c6:62
action:              MyIngress.set_pred_5_6_7
runtime data:        01	01	01
Entry has been added with handle 35
RuntimeCmd: Adding entry to ternary match table MyIngress.tb_hwimo_tree_5_6_7
match key:           TERNARY-00:20:86:00 &&& 31:a4:c6:60
action:              MyIngress.set_pred_5_6_7
runtime data:        02	01	02
Entry has been added with handle 36
RuntimeCmd: Adding entry to ternary match table MyIngress.tb_hwimo_tree_5_6_7
match key:           TERNARY-00:24:00:00 &&& 31:a4:58:f8
action:              MyIngress.set_pred_5_6_7
runtime data:        02	02	02
Entry has been added with handle 37
RuntimeCmd: Adding entry to ternary match table MyIngress.tb_hwimo_tree_5_6_7
match key:           TERNARY-00:24:00:80 &&& 31:a4:5c:f8
action:              MyIngress.set_pred_5_6_7
runtime data:        02	01	02
Entry has been added with handle 38
RuntimeCmd: Adding entry to ternary match table MyIngress.tb_hwimo_tree_5_6_7
match key:           TERNARY-00:24:04:80 &&& 31:a4:5c:f8
action:              MyIngress.set_pred_5_6_7
runtime data:        01	01	01
Entry has been added with handle 39
RuntimeCmd: Adding entry to ternary match table MyIngress.tb_hwimo_tree_5_6_7
match key:           TERNARY-00:24:08:00 &&& 31:a4:5a:f8
action:              MyIngress.set_pred_5_6_7
runtime data:        02	02	02
Entry has been added with handle 40
RuntimeCmd: Adding entry to ternary match table MyIngress.tb_hwimo_tree_5_6_7
match key:           TERNARY-00:24:08:80 &&& 31:a4:5a:f8
action:              MyIngress.set_pred_5_6_7
runtime data:        02	00	02
Entry has been added with handle 41
RuntimeCmd: Adding entry to ternary match table MyIngress.tb_hwimo_tree_5_6_7
match key:           TERNARY-00:24:0a:00 &&& 31:a4:5e:78
action:              MyIngress.set_pred_5_6_7
runtime data:        02	02	02
Entry has been added with handle 42
RuntimeCmd: Adding entry to ternary match table MyIngress.tb_hwimo_tree_5_6_7
match key:           TERNARY-00:24:0e:00 &&& 31:a4:5e:78
action:              MyIngress.set_pred_5_6_7
runtime data:        02	02	02
Entry has been added with handle 43
RuntimeCmd: Adding entry to ternary match table MyIngress.tb_hwimo_tree_5_6_7
match key:           TERNARY-00:24:00:08 &&& 31:a4:54:f8
action:              MyIngress.set_pred_5_6_7
runtime data:        02	02	00
Entry has been added with handle 44
RuntimeCmd: Adding entry to ternary match table MyIngress.tb_hwimo_tree_5_6_7
match key:           TERNARY-00:24:04:08 &&& 31:a4:54:f8
action:              MyIngress.set_pred_5_6_7
runtime data:        01	02	00
Entry has been added with handle 45
RuntimeCmd: Adding entry to ternary match table MyIngress.tb_hwimo_tree_5_6_7
match key:           TERNARY-00:24:00:88 &&& 31:a4:56:f8
action:              MyIngress.set_pred_5_6_7
runtime data:        02	00	02
Entry has been added with handle 46
RuntimeCmd: Adding entry to ternary match table MyIngress.tb_hwimo_tree_5_6_7
match key:           TERNARY-00:24:02:88 &&& 31:a4:56:f8
action:              MyIngress.set_pred_5_6_7
runtime data:        01	01	01
Entry has been added with handle 47
RuntimeCmd: Adding entry to ternary match table MyIngress.tb_hwimo_tree_5_6_7
match key:           TERNARY-00:24:04:88 &&& 31:a4:56:f8
action:              MyIngress.set_pred_5_6_7
runtime data:        02	00	02
Entry has been added with handle 48
RuntimeCmd: Adding entry to ternary match table MyIngress.tb_hwimo_tree_5_6_7
match key:           TERNARY-00:24:06:88 &&& 31:a4:56:f8
action:              MyIngress.set_pred_5_6_7
runtime data:        02	00	02
Entry has been added with handle 49
RuntimeCmd: Adding entry to ternary match table MyIngress.tb_hwimo_tree_5_6_7
match key:           TERNARY-00:24:10:00 &&& 33:a4:50:78
action:              MyIngress.set_pred_5_6_7
runtime data:        01	02	01
Entry has been added with handle 50
RuntimeCmd: Adding entry to ternary match table MyIngress.tb_hwimo_tree_5_6_7
match key:           TERNARY-02:24:10:00 &&& 33:a4:50:78
action:              MyIngress.set_pred_5_6_7
runtime data:        02	02	01
Entry has been added with handle 51
RuntimeCmd: Adding entry to ternary match table MyIngress.tb_hwimo_tree_5_6_7
match key:           TERNARY-00:24:10:08 &&& 39:a4:50:78
action:              MyIngress.set_pred_5_6_7
runtime data:        01	01	01
Entry has been added with handle 52
RuntimeCmd: Adding entry to ternary match table MyIngress.tb_hwimo_tree_5_6_7
match key:           TERNARY-08:24:10:08 &&& 39:a4:50:78
action:              MyIngress.set_pred_5_6_7
runtime data:        00	00	00
Entry has been added with handle 53
RuntimeCmd: Adding entry to ternary match table MyIngress.tb_hwimo_tree_5_6_7
match key:           TERNARY-00:24:00:10 &&& 31:a4:52:70
action:              MyIngress.set_pred_5_6_7
runtime data:        02	01	02
Entry has been added with handle 54
RuntimeCmd: Adding entry to ternary match table MyIngress.tb_hwimo_tree_5_6_7
match key:           TERNARY-00:24:10:10 &&& 31:a4:52:70
action:              MyIngress.set_pred_5_6_7
runtime data:        01	02	00
Entry has been added with handle 55
RuntimeCmd: Adding entry to ternary match table MyIngress.tb_hwimo_tree_5_6_7
match key:           TERNARY-00:24:02:10 &&& 31:ac:42:70
action:              MyIngress.set_pred_5_6_7
runtime data:        01	01	01
Entry has been added with handle 56
RuntimeCmd: Adding entry to ternary match table MyIngress.tb_hwimo_tree_5_6_7
match key:           TERNARY-00:2c:02:10 &&& 39:ac:4e:70
action:              MyIngress.set_pred_5_6_7
runtime data:        02	00	02
Entry has been added with handle 57
RuntimeCmd: Adding entry to ternary match table MyIngress.tb_hwimo_tree_5_6_7
match key:           TERNARY-00:2c:06:10 &&& 39:ac:4e:70
action:              MyIngress.set_pred_5_6_7
runtime data:        01	01	01
Entry has been added with handle 58
RuntimeCmd: Adding entry to ternary match table MyIngress.tb_hwimo_tree_5_6_7
match key:           TERNARY-00:2c:0a:10 &&& 39:ac:4e:70
action:              MyIngress.set_pred_5_6_7
runtime data:        01	00	01
Entry has been added with handle 59
RuntimeCmd: Adding entry to ternary match table MyIngress.tb_hwimo_tree_5_6_7
match key:           TERNARY-00:2c:0e:10 &&& 39:ac:4e:70
action:              MyIngress.set_pred_5_6_7
runtime data:        01	00	01
Entry has been added with handle 60
RuntimeCmd: Adding entry to ternary match table MyIngress.tb_hwimo_tree_5_6_7
match key:           TERNARY-08:2c:02:10 &&& 39:ac:42:70
action:              MyIngress.set_pred_5_6_7
runtime data:        01	02	00
Entry has been added with handle 61
RuntimeCmd: Adding entry to ternary match table MyIngress.tb_hwimo_tree_5_6_7
match key:           TERNARY-00:20:00:40 &&& 33:a0:40:70
action:              MyIngress.set_pred_5_6_7
runtime data:        01	02	01
Entry has been added with handle 62
RuntimeCmd: Adding entry to ternary match table MyIngress.tb_hwimo_tree_5_6_7
match key:           TERNARY-02:20:00:40 &&& 33:a0:c6:f8
action:              MyIngress.set_pred_5_6_7
runtime data:        01	01	01
Entry has been added with handle 63
RuntimeCmd: Adding entry to ternary match table MyIngress.tb_hwimo_tree_5_6_7
match key:           TERNARY-02:20:02:40 &&& 33:a0:c6:f8
action:              MyIngress.set_pred_5_6_7
runtime data:        01	01	01
Entry has been added with handle 64
RuntimeCmd: Adding entry to ternary match table MyIngress.tb_hwimo_tree_5_6_7
match key:           TERNARY-02:20:00:c0 &&& 33:a0:c4:f8
action:              MyIngress.set_pred_5_6_7
runtime data:        01	01	01
Entry has been added with handle 65
RuntimeCmd: Adding entry to ternary match table MyIngress.tb_hwimo_tree_5_6_7
match key:           TERNARY-02:20:00:48 &&& 33:a0:c4:78
action:              MyIngress.set_pred_5_6_7
runtime data:        01	00	01
Entry has been added with handle 66
RuntimeCmd: Adding entry to ternary match table MyIngress.tb_hwimo_tree_5_6_7
match key:           TERNARY-02:20:80:40 &&& 33:a0:ce:78
action:              MyIngress.set_pred_5_6_7
runtime data:        01	00	01
Entry has been added with handle 67
RuntimeCmd: Adding entry to ternary match table MyIngress.tb_hwimo_tree_5_6_7
match key:           TERNARY-02:20:80:48 &&& 33:a0:ce:78
action:              MyIngress.set_pred_5_6_7
runtime data:        01	01	01
Entry has been added with handle 68
RuntimeCmd: Adding entry to ternary match table MyIngress.tb_hwimo_tree_5_6_7
match key:           TERNARY-02:20:82:40 &&& 33:a0:ce:70
action:              MyIngress.set_pred_5_6_7
runtime data:        02	00	02
Entry has been added with handle 69
RuntimeCmd: Adding entry to ternary match table MyIngress.tb_hwimo_tree_5_6_7
match key:           TERNARY-02:20:88:40 &&& 33:a0:cc:70
action:              MyIngress.set_pred_5_6_7
runtime data:        01	01	01
Entry has been added with handle 70
RuntimeCmd: Adding entry to ternary match table MyIngress.tb_hwimo_tree_5_6_7
match key:           TERNARY-02:20:04:40 &&& 33:a0:44:f7
action:              MyIngress.set_pred_5_6_7
runtime data:        01	01	01
Entry has been added with handle 71
RuntimeCmd: Adding entry to ternary match table MyIngress.tb_hwimo_tree_5_6_7
match key:           TERNARY-02:20:04:c0 &&& 33:a0:44:f7
action:              MyIngress.set_pred_5_6_7
runtime data:        01	01	01
Entry has been added with handle 72
RuntimeCmd: Adding entry to ternary match table MyIngress.tb_hwimo_tree_5_6_7
match key:           TERNARY-02:20:04:42 &&& 33:a1:44:77
action:              MyIngress.set_pred_5_6_7
runtime data:        01	01	01
Entry has been added with handle 73
RuntimeCmd: Adding entry to ternary match table MyIngress.tb_hwimo_tree_5_6_7
match key:           TERNARY-02:21:04:42 &&& 33:a1:44:77
action:              MyIngress.set_pred_5_6_7
runtime data:        01	01	01
Entry has been added with handle 74
RuntimeCmd: Adding entry to ternary match table MyIngress.tb_hwimo_tree_5_6_7
match key:           TERNARY-02:20:04:41 &&& 33:a0:c4:77
action:              MyIngress.set_pred_5_6_7
runtime data:        01	01	01
Entry has been added with handle 75
RuntimeCmd: Adding entry to ternary match table MyIngress.tb_hwimo_tree_5_6_7
match key:           TERNARY-02:20:04:43 &&& 33:a0:c4:77
action:              MyIngress.set_pred_5_6_7
runtime data:        02	01	01
Entry has been added with handle 76
RuntimeCmd: Adding entry to ternary match table MyIngress.tb_hwimo_tree_5_6_7
match key:           TERNARY-02:20:84:41 &&& 33:a0:c6:75
action:              MyIngress.set_pred_5_6_7
runtime data:        02	00	02
Entry has been added with handle 77
RuntimeCmd: Adding entry to ternary match table MyIngress.tb_hwimo_tree_5_6_7
match key:           TERNARY-02:20:86:41 &&& 33:a0:c6:75
action:              MyIngress.set_pred_5_6_7
runtime data:        01	01	01
Entry has been added with handle 78
RuntimeCmd: Adding entry to ternary match table MyIngress.tb_hwimo_tree_5_6_7
match key:           TERNARY-02:20:04:44 &&& 33:a0:44:77
action:              MyIngress.set_pred_5_6_7
runtime data:        02	01	01
Entry has been added with handle 79
RuntimeCmd: Adding entry to ternary match table MyIngress.tb_hwimo_tree_5_6_7
match key:           TERNARY-02:20:04:46 &&& 33:a0:44:77
action:              MyIngress.set_pred_5_6_7
runtime data:        01	01	01
Entry has been added with handle 80
RuntimeCmd: Adding entry to ternary match table MyIngress.tb_hwimo_tree_5_6_7
match key:           TERNARY-02:20:04:45 &&& 33:a0:46:77
action:              MyIngress.set_pred_5_6_7
runtime data:        01	01	01
Entry has been added with handle 81
RuntimeCmd: Adding entry to ternary match table MyIngress.tb_hwimo_tree_5_6_7
match key:           TERNARY-02:20:06:45 &&& 33:a0:46:77
action:              MyIngress.set_pred_5_6_7
runtime data:        01	01	00
Entry has been added with handle 82
RuntimeCmd: Adding entry to ternary match table MyIngress.tb_hwimo_tree_5_6_7
match key:           TERNARY-02:20:04:47 &&& 33:a1:44:77
action:              MyIngress.set_pred_5_6_7
runtime data:        01	00	01
Entry has been added with handle 83
RuntimeCmd: Adding entry to ternary match table MyIngress.tb_hwimo_tree_5_6_7
match key:           TERNARY-02:21:04:47 &&& 33:a1:44:77
action:              MyIngress.set_pred_5_6_7
runtime data:        01	01	01
Entry has been added with handle 84
RuntimeCmd: Adding entry to ternary match table MyIngress.tb_hwimo_tree_5_6_7
match key:           TERNARY-00:20:00:50 &&& 31:a3:e6:70
action:              MyIngress.set_pred_5_6_7
runtime data:        02	02	02
Entry has been added with handle 85
RuntimeCmd: Adding entry to ternary match table MyIngress.tb_hwimo_tree_5_6_7
match key:           TERNARY-00:22:00:50 &&& 31:a3:e6:70
action:              MyIngress.set_pred_5_6_7
runtime data:        01	02	01
Entry has been added with handle 86
RuntimeCmd: Adding entry to ternary match table MyIngress.tb_hwimo_tree_5_6_7
match key:           TERNARY-00:20:04:50 &&& 31:a3:e6:70
action:              MyIngress.set_pred_5_6_7
runtime data:        01	02	01
Entry has been added with handle 87
RuntimeCmd: Adding entry to ternary match table MyIngress.tb_hwimo_tree_5_6_7
match key:           TERNARY-00:22:04:50 &&& 31:a3:e6:70
action:              MyIngress.set_pred_5_6_7
runtime data:        01	02	01
Entry has been added with handle 88
RuntimeCmd: Adding entry to ternary match table MyIngress.tb_hwimo_tree_5_6_7
match key:           TERNARY-00:20:20:50 &&& 31:a3:f2:70
action:              MyIngress.set_pred_5_6_7
runtime data:        01	01	01
Entry has been added with handle 89
RuntimeCmd: Adding entry to ternary match table MyIngress.tb_hwimo_tree_5_6_7
match key:           TERNARY-00:22:20:50 &&& 31:a3:f2:70
action:              MyIngress.set_pred_5_6_7
runtime data:        01	02	01
Entry has been added with handle 90
RuntimeCmd: Adding entry to ternary match table MyIngress.tb_hwimo_tree_5_6_7
match key:           TERNARY-00:20:30:50 &&& 31:a1:f2:78
action:              MyIngress.set_pred_5_6_7
runtime data:        01	00	00
Entry has been added with handle 91
RuntimeCmd: Adding entry to ternary match table MyIngress.tb_hwimo_tree_5_6_7
match key:           TERNARY-00:20:30:58 &&& 31:a1:f2:78
action:              MyIngress.set_pred_5_6_7
runtime data:        01	01	01
Entry has been added with handle 92
RuntimeCmd: Adding entry to ternary match table MyIngress.tb_hwimo_tree_5_6_7
match key:           TERNARY-00:20:02:50 &&& 31:a3:f2:70
action:              MyIngress.set_pred_5_6_7
runtime data:        01	01	01
Entry has been added with handle 93
RuntimeCmd: Adding entry to ternary match table MyIngress.tb_hwimo_tree_5_6_7
match key:           TERNARY-00:20:22:50 &&& 31:a3:f2:70
action:              MyIngress.set_pred_5_6_7
runtime data:        01	02	01
Entry has been added with handle 94
RuntimeCmd: Adding entry to ternary match table MyIngress.tb_hwimo_tree_5_6_7
match key:           TERNARY-00:20:12:50 &&& 31:a3:d6:70
action:              MyIngress.set_pred_5_6_7
runtime data:        02	02	02
Entry has been added with handle 95
RuntimeCmd: Adding entry to ternary match table MyIngress.tb_hwimo_tree_5_6_7
match key:           TERNARY-00:20:16:50 &&& 31:a3:d6:70
action:              MyIngress.set_pred_5_6_7
runtime data:        01	02	01
Entry has been added with handle 96
RuntimeCmd: Adding entry to ternary match table MyIngress.tb_hwimo_tree_5_6_7
match key:           TERNARY-00:22:02:50 &&& 31:a3:cb:70
action:              MyIngress.set_pred_5_6_7
runtime data:        01	02	01
Entry has been added with handle 97
RuntimeCmd: Adding entry to ternary match table MyIngress.tb_hwimo_tree_5_6_7
match key:           TERNARY-00:22:03:50 &&& 31:a3:cb:70
action:              MyIngress.set_pred_5_6_7
runtime data:        02	02	01
Entry has been added with handle 98
RuntimeCmd: Adding entry to ternary match table MyIngress.tb_hwimo_tree_5_6_7
match key:           TERNARY-00:22:0a:50 &&& 31:a3:ce:70
action:              MyIngress.set_pred_5_6_7
runtime data:        02	02	01
Entry has been added with handle 99
RuntimeCmd: Adding entry to ternary match table MyIngress.tb_hwimo_tree_5_6_7
match key:           TERNARY-00:22:0e:50 &&& 31:a3:ce:70
action:              MyIngress.set_pred_5_6_7
runtime data:        01	02	01
Entry has been added with handle 100
RuntimeCmd: Adding entry to ternary match table MyIngress.tb_hwimo_tree_5_6_7
match key:           TERNARY-00:21:00:50 &&& 31:a3:c0:70
action:              MyIngress.set_pred_5_6_7
runtime data:        00	02	00
Entry has been added with handle 101
RuntimeCmd: Adding entry to ternary match table MyIngress.tb_hwimo_tree_5_6_7
match key:           TERNARY-00:23:00:50 &&& 31:a3:c0:70
action:              MyIngress.set_pred_5_6_7
runtime data:        02	02	01
Entry has been added with handle 102
RuntimeCmd: Adding entry to ternary match table MyIngress.tb_hwimo_tree_5_6_7
match key:           TERNARY-00:20:80:50 &&& 31:b0:dc:f0
action:              MyIngress.set_pred_5_6_7
runtime data:        01	01	01
Entry has been added with handle 103
RuntimeCmd: Adding entry to ternary match table MyIngress.tb_hwimo_tree_5_6_7
match key:           TERNARY-00:30:80:50 &&& 31:b0:dc:f0
action:              MyIngress.set_pred_5_6_7
runtime data:        01	02	01
Entry has been added with handle 104
RuntimeCmd: Adding entry to ternary match table MyIngress.tb_hwimo_tree_5_6_7
match key:           TERNARY-00:20:88:50 &&& 31:a4:dc:f0
action:              MyIngress.set_pred_5_6_7
runtime data:        01	01	01
Entry has been added with handle 105
RuntimeCmd: Adding entry to ternary match table MyIngress.tb_hwimo_tree_5_6_7
match key:           TERNARY-00:24:88:50 &&& 31:a4:dc:f0
action:              MyIngress.set_pred_5_6_7
runtime data:        02	02	02
Entry has been added with handle 106
RuntimeCmd: Adding entry to ternary match table MyIngress.tb_hwimo_tree_5_6_7
match key:           TERNARY-00:20:90:50 &&& 31:e0:d4:f4
action:              MyIngress.set_pred_5_6_7
runtime data:        01	02	01
Entry has been added with handle 107
RuntimeCmd: Adding entry to ternary match table MyIngress.tb_hwimo_tree_5_6_7
match key:           TERNARY-00:20:90:54 &&& 31:e0:d4:f4
action:              MyIngress.set_pred_5_6_7
runtime data:        01	01	01
Entry has been added with handle 108
RuntimeCmd: Adding entry to ternary match table MyIngress.tb_hwimo_tree_5_6_7
match key:           TERNARY-00:60:90:50 &&& 31:e0:d4:f0
action:              MyIngress.set_pred_5_6_7
runtime data:        01	02	01
Entry has been added with handle 109
RuntimeCmd: Adding entry to ternary match table MyIngress.tb_hwimo_tree_5_6_7
match key:           TERNARY-00:20:84:50 &&& 31:a0:c4:f8
action:              MyIngress.set_pred_5_6_7
runtime data:        01	02	00
Entry has been added with handle 110
RuntimeCmd: Adding entry to ternary match table MyIngress.tb_hwimo_tree_5_6_7
match key:           TERNARY-00:20:84:58 &&& 31:a1:c4:f8
action:              MyIngress.set_pred_5_6_7
runtime data:        01	01	01
Entry has been added with handle 111
RuntimeCmd: Adding entry to ternary match table MyIngress.tb_hwimo_tree_5_6_7
match key:           TERNARY-00:21:84:58 &&& 31:a3:c4:f8
action:              MyIngress.set_pred_5_6_7
runtime data:        01	01	01
Entry has been added with handle 112
RuntimeCmd: Adding entry to ternary match table MyIngress.tb_hwimo_tree_5_6_7
match key:           TERNARY-00:23:84:58 &&& 31:a3:c4:f8
action:              MyIngress.set_pred_5_6_7
runtime data:        01	02	01
Entry has been added with handle 113
RuntimeCmd: Adding entry to ternary match table MyIngress.tb_hwimo_tree_5_6_7
match key:           TERNARY-00:20:80:d0 &&& 31:a0:c0:f8
action:              MyIngress.set_pred_5_6_7
runtime data:        02	00	02
Entry has been added with handle 114
RuntimeCmd: Adding entry to ternary match table MyIngress.tb_hwimo_tree_5_6_7
match key:           TERNARY-00:20:80:d8 &&& 31:b0:c8:f8
action:              MyIngress.set_pred_5_6_7
runtime data:        01	01	01
Entry has been added with handle 115
RuntimeCmd: Adding entry to ternary match table MyIngress.tb_hwimo_tree_5_6_7
match key:           TERNARY-00:30:80:d8 &&& 31:b0:c8:f8
action:              MyIngress.set_pred_5_6_7
runtime data:        02	01	02
Entry has been added with handle 116
RuntimeCmd: Adding entry to ternary match table MyIngress.tb_hwimo_tree_5_6_7
match key:           TERNARY-00:20:88:d8 &&& 31:a0:cc:f8
action:              MyIngress.set_pred_5_6_7
runtime data:        02	00	02
Entry has been added with handle 117
RuntimeCmd: Adding entry to ternary match table MyIngress.tb_hwimo_tree_5_6_7
match key:           TERNARY-00:20:8c:d8 &&& 31:a0:ce:f8
action:              MyIngress.set_pred_5_6_7
runtime data:        02	00	02
Entry has been added with handle 118
RuntimeCmd: Adding entry to ternary match table MyIngress.tb_hwimo_tree_5_6_7
match key:           TERNARY-00:20:8e:d8 &&& 31:a0:ce:f8
action:              MyIngress.set_pred_5_6_7
runtime data:        01	00	01
Entry has been added with handle 119
RuntimeCmd: Adding entry to ternary match table MyIngress.tb_hwimo_tree_5_6_7
match key:           TERNARY-00:a0:00:00 &&& 31:e8:44:20
action:              MyIngress.set_pred_5_6_7
runtime data:        01	02	00
Entry has been added with handle 120
RuntimeCmd: Adding entry to ternary match table MyIngress.tb_hwimo_tree_5_6_7
match key:           TERNARY-00:a8:00:00 &&& 31:e8:44:20
action:              MyIngress.set_pred_5_6_7
runtime data:        01	00	00
Entry has been added with handle 121
RuntimeCmd: Adding entry to ternary match table MyIngress.tb_hwimo_tree_5_6_7
match key:           TERNARY-00:e0:00:00 &&& 31:ec:45:a0
action:              MyIngress.set_pred_5_6_7
runtime data:        01	02	01
Entry has been added with handle 122
RuntimeCmd: Adding entry to ternary match table MyIngress.tb_hwimo_tree_5_6_7
match key:           TERNARY-00:e0:00:80 &&& 31:ec:45:a0
action:              MyIngress.set_pred_5_6_7
runtime data:        01	01	01
Entry has been added with handle 123
RuntimeCmd: Adding entry to ternary match table MyIngress.tb_hwimo_tree_5_6_7
match key:           TERNARY-00:e4:00:00 &&& 31:ec:45:20
action:              MyIngress.set_pred_5_6_7
runtime data:        01	02	01
Entry has been added with handle 124
RuntimeCmd: Adding entry to ternary match table MyIngress.tb_hwimo_tree_5_6_7
match key:           TERNARY-00:e8:00:00 &&& 31:e8:45:20
action:              MyIngress.set_pred_5_6_7
runtime data:        02	02	01
Entry has been added with handle 125
RuntimeCmd: Adding entry to ternary match table MyIngress.tb_hwimo_tree_5_6_7
match key:           TERNARY-00:e0:01:00 &&& 33:e0:45:20
action:              MyIngress.set_pred_5_6_7
runtime data:        01	02	01
Entry has been added with handle 126
RuntimeCmd: Adding entry to ternary match table MyIngress.tb_hwimo_tree_5_6_7
match key:           TERNARY-02:e0:01:00 &&& 33:e0:45:20
action:              MyIngress.set_pred_5_6_7
runtime data:        02	02	02
Entry has been added with handle 127
RuntimeCmd: Adding entry to ternary match table MyIngress.tb_hwimo_tree_5_6_7
match key:           TERNARY-00:a0:04:00 &&& 31:a2:46:20
action:              MyIngress.set_pred_5_6_7
runtime data:        01	01	01
Entry has been added with handle 128
RuntimeCmd: Adding entry to ternary match table MyIngress.tb_hwimo_tree_5_6_7
match key:           TERNARY-00:a0:06:00 &&& 31:a2:46:a8
action:              MyIngress.set_pred_5_6_7
runtime data:        02	02	01
Entry has been added with handle 129
RuntimeCmd: Adding entry to ternary match table MyIngress.tb_hwimo_tree_5_6_7
match key:           TERNARY-00:a0:06:08 &&& 31:a2:46:b8
action:              MyIngress.set_pred_5_6_7
runtime data:        02	01	02
Entry has been added with handle 130
RuntimeCmd: Adding entry to ternary match table MyIngress.tb_hwimo_tree_5_6_7
match key:           TERNARY-00:a0:06:18 &&& 31:a2:46:b8
action:              MyIngress.set_pred_5_6_7
runtime data:        01	01	01
Entry has been added with handle 131
RuntimeCmd: Adding entry to ternary match table MyIngress.tb_hwimo_tree_5_6_7
match key:           TERNARY-00:a0:06:80 &&& 31:a2:46:a8
action:              MyIngress.set_pred_5_6_7
runtime data:        01	01	01
Entry has been added with handle 132
RuntimeCmd: Adding entry to ternary match table MyIngress.tb_hwimo_tree_5_6_7
match key:           TERNARY-00:a0:06:88 &&& 31:a2:46:a8
action:              MyIngress.set_pred_5_6_7
runtime data:        01	01	01
Entry has been added with handle 133
RuntimeCmd: Adding entry to ternary match table MyIngress.tb_hwimo_tree_5_6_7
match key:           TERNARY-00:a2:04:00 &&& 31:a2:4e:2d
action:              MyIngress.set_pred_5_6_7
runtime data:        01	01	01
Entry has been added with handle 134
RuntimeCmd: Adding entry to ternary match table MyIngress.tb_hwimo_tree_5_6_7
match key:           TERNARY-00:a2:04:08 &&& 31:a2:4e:2f
action:              MyIngress.set_pred_5_6_7
runtime data:        02	01	02
Entry has been added with handle 135
RuntimeCmd: Adding entry to ternary match table MyIngress.tb_hwimo_tree_5_6_7
match key:           TERNARY-00:a2:04:0a &&& 31:a2:4e:2f
action:              MyIngress.set_pred_5_6_7
runtime data:        02	01	02
Entry has been added with handle 136
RuntimeCmd: Adding entry to ternary match table MyIngress.tb_hwimo_tree_5_6_7
match key:           TERNARY-00:a2:04:04 &&& 31:a2:4e:25
action:              MyIngress.set_pred_5_6_7
runtime data:        02	01	02
Entry has been added with handle 137
RuntimeCmd: Adding entry to ternary match table MyIngress.tb_hwimo_tree_5_6_7
match key:           TERNARY-00:a2:06:00 &&& 31:a2:4e:2b
action:              MyIngress.set_pred_5_6_7
runtime data:        02	01	02
Entry has been added with handle 138
RuntimeCmd: Adding entry to ternary match table MyIngress.tb_hwimo_tree_5_6_7
match key:           TERNARY-00:a2:06:02 &&& 31:a2:4e:2f
action:              MyIngress.set_pred_5_6_7
runtime data:        01	01	01
Entry has been added with handle 139
RuntimeCmd: Adding entry to ternary match table MyIngress.tb_hwimo_tree_5_6_7
match key:           TERNARY-00:a2:06:06 &&& 31:a2:4e:2f
action:              MyIngress.set_pred_5_6_7
runtime data:        02	01	02
Entry has been added with handle 140
RuntimeCmd: Adding entry to ternary match table MyIngress.tb_hwimo_tree_5_6_7
match key:           TERNARY-00:a2:06:08 &&& 31:a2:4e:29
action:              MyIngress.set_pred_5_6_7
runtime data:        01	01	01
Entry has been added with handle 141
RuntimeCmd: Adding entry to ternary match table MyIngress.tb_hwimo_tree_5_6_7
match key:           TERNARY-00:a2:04:01 &&& 31:a2:4d:2f
action:              MyIngress.set_pred_5_6_7
runtime data:        01	01	01
Entry has been added with handle 142
RuntimeCmd: Adding entry to ternary match table MyIngress.tb_hwimo_tree_5_6_7
match key:           TERNARY-00:a2:04:05 &&& 31:a2:4d:2f
action:              MyIngress.set_pred_5_6_7
runtime data:        01	01	01
Entry has been added with handle 143
RuntimeCmd: Adding entry to ternary match table MyIngress.tb_hwimo_tree_5_6_7
match key:           TERNARY-00:a2:05:01 &&& 31:a2:4d:2b
action:              MyIngress.set_pred_5_6_7
runtime data:        01	01	01
Entry has been added with handle 144
RuntimeCmd: Adding entry to ternary match table MyIngress.tb_hwimo_tree_5_6_7
match key:           TERNARY-00:a2:04:09 &&& 31:a2:4e:2f
action:              MyIngress.set_pred_5_6_7
runtime data:        02	01	02
Entry has been added with handle 145
RuntimeCmd: Adding entry to ternary match table MyIngress.tb_hwimo_tree_5_6_7
match key:           TERNARY-00:a2:04:0d &&& 31:a2:4e:2f
action:              MyIngress.set_pred_5_6_7
runtime data:        02	01	02
Entry has been added with handle 146
RuntimeCmd: Adding entry to ternary match table MyIngress.tb_hwimo_tree_5_6_7
match key:           TERNARY-00:a2:06:09 &&& 31:a2:4e:2b
action:              MyIngress.set_pred_5_6_7
runtime data:        01	01	01
Entry has been added with handle 147
RuntimeCmd: Adding entry to ternary match table MyIngress.tb_hwimo_tree_5_6_7
match key:           TERNARY-00:a2:04:03 &&& 31:a2:4c:27
action:              MyIngress.set_pred_5_6_7
runtime data:        02	01	02
Entry has been added with handle 148
RuntimeCmd: Adding entry to ternary match table MyIngress.tb_hwimo_tree_5_6_7
match key:           TERNARY-00:a2:04:07 &&& 31:a2:4d:27
action:              MyIngress.set_pred_5_6_7
runtime data:        02	01	02
Entry has been added with handle 149
RuntimeCmd: Adding entry to ternary match table MyIngress.tb_hwimo_tree_5_6_7
match key:           TERNARY-00:a2:05:07 &&& 31:a2:4d:2f
action:              MyIngress.set_pred_5_6_7
runtime data:        01	01	01
Entry has been added with handle 150
RuntimeCmd: Adding entry to ternary match table MyIngress.tb_hwimo_tree_5_6_7
match key:           TERNARY-00:a2:05:0f &&& 31:a2:4d:2f
action:              MyIngress.set_pred_5_6_7
runtime data:        02	01	02
Entry has been added with handle 151
RuntimeCmd: Adding entry to ternary match table MyIngress.tb_hwimo_tree_5_6_7
match key:           TERNARY-00:a2:0c:00 &&& 31:a2:4c:20
action:              MyIngress.set_pred_5_6_7
runtime data:        01	02	00
Entry has been added with handle 152
RuntimeCmd: Adding entry to ternary match table MyIngress.tb_hwimo_tree_5_6_7
match key:           TERNARY-00:00:00:20 &&& 31:08:62:34
action:              MyIngress.set_pred_5_6_7
runtime data:        02	01	02
Entry has been added with handle 153
RuntimeCmd: Adding entry to ternary match table MyIngress.tb_hwimo_tree_5_6_7
match key:           TERNARY-00:08:00:20 &&& 31:48:62:34
action:              MyIngress.set_pred_5_6_7
runtime data:        01	01	01
Entry has been added with handle 154
RuntimeCmd: Adding entry to ternary match table MyIngress.tb_hwimo_tree_5_6_7
match key:           TERNARY-00:48:00:20 &&& 31:48:6a:37
action:              MyIngress.set_pred_5_6_7
runtime data:        01	01	01
Entry has been added with handle 155
RuntimeCmd: Adding entry to ternary match table MyIngress.tb_hwimo_tree_5_6_7
match key:           TERNARY-00:48:00:22 &&& 31:48:6a:37
action:              MyIngress.set_pred_5_6_7
runtime data:        01	01	01
Entry has been added with handle 156
RuntimeCmd: Adding entry to ternary match table MyIngress.tb_hwimo_tree_5_6_7
match key:           TERNARY-00:48:00:21 &&& 31:48:6a:35
action:              MyIngress.set_pred_5_6_7
runtime data:        01	01	01
Entry has been added with handle 157
RuntimeCmd: Adding entry to ternary match table MyIngress.tb_hwimo_tree_5_6_7
match key:           TERNARY-00:48:08:20 &&& 31:48:6a:37
action:              MyIngress.set_pred_5_6_7
runtime data:        01	01	01
Entry has been added with handle 158
RuntimeCmd: Adding entry to ternary match table MyIngress.tb_hwimo_tree_5_6_7
match key:           TERNARY-00:48:08:22 &&& 31:48:6a:37
action:              MyIngress.set_pred_5_6_7
runtime data:        01	01	01
Entry has been added with handle 159
RuntimeCmd: Adding entry to ternary match table MyIngress.tb_hwimo_tree_5_6_7
match key:           TERNARY-00:48:08:21 &&& 31:48:6a:35
action:              MyIngress.set_pred_5_6_7
runtime data:        02	01	02
Entry has been added with handle 160
RuntimeCmd: Adding entry to ternary match table MyIngress.tb_hwimo_tree_5_6_7
match key:           TERNARY-00:00:00:30 &&& 31:01:e2:34
action:              MyIngress.set_pred_5_6_7
runtime data:        01	02	01
Entry has been added with handle 161
RuntimeCmd: Adding entry to ternary match table MyIngress.tb_hwimo_tree_5_6_7
match key:           TERNARY-00:01:00:30 &&& 31:01:e2:34
action:              MyIngress.set_pred_5_6_7
runtime data:        00	01	00
Entry has been added with handle 162
RuntimeCmd: Adding entry to ternary match table MyIngress.tb_hwimo_tree_5_6_7
match key:           TERNARY-00:00:80:30 &&& 31:22:e2:34
action:              MyIngress.set_pred_5_6_7
runtime data:        02	01	02
Entry has been added with handle 163
RuntimeCmd: Adding entry to ternary match table MyIngress.tb_hwimo_tree_5_6_7
match key:           TERNARY-00:20:80:30 &&& 31:22:ea:37
action:              MyIngress.set_pred_5_6_7
runtime data:        02	02	02
Entry has been added with handle 164
RuntimeCmd: Adding entry to ternary match table MyIngress.tb_hwimo_tree_5_6_7
match key:           TERNARY-00:20:80:31 &&& 31:22:ea:37
action:              MyIngress.set_pred_5_6_7
runtime data:        02	02	02
Entry has been added with handle 165
RuntimeCmd: Adding entry to ternary match table MyIngress.tb_hwimo_tree_5_6_7
match key:           TERNARY-00:20:88:30 &&& 31:22:ea:37
action:              MyIngress.set_pred_5_6_7
runtime data:        01	01	01
Entry has been added with handle 166
RuntimeCmd: Adding entry to ternary match table MyIngress.tb_hwimo_tree_5_6_7
match key:           TERNARY-00:20:88:31 &&& 31:22:ea:37
action:              MyIngress.set_pred_5_6_7
runtime data:        01	01	01
Entry has been added with handle 167
RuntimeCmd: Adding entry to ternary match table MyIngress.tb_hwimo_tree_5_6_7
match key:           TERNARY-00:20:80:32 &&& 31:22:ea:37
action:              MyIngress.set_pred_5_6_7
runtime data:        01	01	01
Entry has been added with handle 168
RuntimeCmd: Adding entry to ternary match table MyIngress.tb_hwimo_tree_5_6_7
match key:           TERNARY-00:20:80:33 &&& 31:22:ea:37
action:              MyIngress.set_pred_5_6_7
runtime data:        02	02	02
Entry has been added with handle 169
RuntimeCmd: Adding entry to ternary match table MyIngress.tb_hwimo_tree_5_6_7
match key:           TERNARY-00:20:88:32 &&& 31:22:ea:37
action:              MyIngress.set_pred_5_6_7
runtime data:        02	02	02
Entry has been added with handle 170
RuntimeCmd: Adding entry to ternary match table MyIngress.tb_hwimo_tree_5_6_7
match key:           TERNARY-00:20:88:33 &&& 31:22:ea:37
action:              MyIngress.set_pred_5_6_7
runtime data:        02	02	02
Entry has been added with handle 171
RuntimeCmd: Adding entry to ternary match table MyIngress.tb_hwimo_tree_5_6_7
match key:           TERNARY-00:02:80:30 &&& 31:12:e2:34
action:              MyIngress.set_pred_5_6_7
runtime data:        01	01	01
Entry has been added with handle 172
RuntimeCmd: Adding entry to ternary match table MyIngress.tb_hwimo_tree_5_6_7
match key:           TERNARY-00:12:80:30 &&& 31:12:e2:37
action:              MyIngress.set_pred_5_6_7
runtime data:        01	02	00
Entry has been added with handle 173
RuntimeCmd: Adding entry to ternary match table MyIngress.tb_hwimo_tree_5_6_7
match key:           TERNARY-00:12:80:32 &&& 31:12:e2:37
action:              MyIngress.set_pred_5_6_7
runtime data:        01	02	01
Entry has been added with handle 174
RuntimeCmd: Adding entry to ternary match table MyIngress.tb_hwimo_tree_5_6_7
match key:           TERNARY-00:12:80:31 &&& 31:12:e2:35
action:              MyIngress.set_pred_5_6_7
runtime data:        01	02	01
Entry has been added with handle 175
RuntimeCmd: Adding entry to ternary match table MyIngress.tb_hwimo_tree_5_6_7
match key:           TERNARY-00:00:20:20 &&& 31:40:63:27
action:              MyIngress.set_pred_5_6_7
runtime data:        02	01	02
Entry has been added with handle 176
RuntimeCmd: Adding entry to ternary match table MyIngress.tb_hwimo_tree_5_6_7
match key:           TERNARY-00:00:20:22 &&& 31:40:63:27
action:              MyIngress.set_pred_5_6_7
runtime data:        02	01	02
Entry has been added with handle 177
RuntimeCmd: Adding entry to ternary match table MyIngress.tb_hwimo_tree_5_6_7
match key:           TERNARY-00:00:20:21 &&& 31:40:63:27
action:              MyIngress.set_pred_5_6_7
runtime data:        02	01	02
Entry has been added with handle 178
RuntimeCmd: Adding entry to ternary match table MyIngress.tb_hwimo_tree_5_6_7
match key:           TERNARY-00:00:20:23 &&& 31:40:63:27
action:              MyIngress.set_pred_5_6_7
runtime data:        02	01	02
Entry has been added with handle 179
RuntimeCmd: Adding entry to ternary match table MyIngress.tb_hwimo_tree_5_6_7
match key:           TERNARY-00:00:21:20 &&& 31:40:6b:2c
action:              MyIngress.set_pred_5_6_7
runtime data:        01	01	01
Entry has been added with handle 180
RuntimeCmd: Adding entry to ternary match table MyIngress.tb_hwimo_tree_5_6_7
match key:           TERNARY-00:00:21:28 &&& 31:42:6b:2e
action:              MyIngress.set_pred_5_6_7
runtime data:        01	01	01
Entry has been added with handle 181
RuntimeCmd: Adding entry to ternary match table MyIngress.tb_hwimo_tree_5_6_7
match key:           TERNARY-00:02:21:28 &&& 31:42:6b:2f
action:              MyIngress.set_pred_5_6_7
runtime data:        01	01	01
Entry has been added with handle 182
RuntimeCmd: Adding entry to ternary match table MyIngress.tb_hwimo_tree_5_6_7
match key:           TERNARY-00:02:21:29 &&& 31:42:6b:2f
action:              MyIngress.set_pred_5_6_7
runtime data:        01	01	01
Entry has been added with handle 183
RuntimeCmd: Adding entry to ternary match table MyIngress.tb_hwimo_tree_5_6_7
match key:           TERNARY-00:00:21:2a &&& 31:40:6b:2f
action:              MyIngress.set_pred_5_6_7
runtime data:        01	01	01
Entry has been added with handle 184
RuntimeCmd: Adding entry to ternary match table MyIngress.tb_hwimo_tree_5_6_7
match key:           TERNARY-00:00:21:2b &&& 31:40:6b:2f
action:              MyIngress.set_pred_5_6_7
runtime data:        02	01	02
Entry has been added with handle 185
RuntimeCmd: Adding entry to ternary match table MyIngress.tb_hwimo_tree_5_6_7
match key:           TERNARY-00:00:29:20 &&& 31:40:6b:24
action:              MyIngress.set_pred_5_6_7
runtime data:        01	02	00
Entry has been added with handle 186
RuntimeCmd: Adding entry to ternary match table MyIngress.tb_hwimo_tree_5_6_7
match key:           TERNARY-00:40:20:20 &&& 31:44:63:6f
action:              MyIngress.set_pred_5_6_7
runtime data:        01	01	00
Entry has been added with handle 187
RuntimeCmd: Adding entry to ternary match table MyIngress.tb_hwimo_tree_5_6_7
match key:           TERNARY-00:40:20:28 &&& 31:44:63:6f
action:              MyIngress.set_pred_5_6_7
runtime data:        01	01	01
Entry has been added with handle 188
RuntimeCmd: Adding entry to ternary match table MyIngress.tb_hwimo_tree_5_6_7
match key:           TERNARY-00:40:20:22 &&& 31:44:63:6f
action:              MyIngress.set_pred_5_6_7
runtime data:        01	01	01
Entry has been added with handle 189
RuntimeCmd: Adding entry to ternary match table MyIngress.tb_hwimo_tree_5_6_7
match key:           TERNARY-00:40:20:2a &&& 31:44:63:6f
action:              MyIngress.set_pred_5_6_7
runtime data:        01	01	01
Entry has been added with handle 190
RuntimeCmd: Adding entry to ternary match table MyIngress.tb_hwimo_tree_5_6_7
match key:           TERNARY-00:40:20:21 &&& 31:44:63:6d
action:              MyIngress.set_pred_5_6_7
runtime data:        01	01	01
Entry has been added with handle 191
RuntimeCmd: Adding entry to ternary match table MyIngress.tb_hwimo_tree_5_6_7
match key:           TERNARY-00:40:20:29 &&& 31:44:63:6f
action:              MyIngress.set_pred_5_6_7
runtime data:        02	01	01
Entry has been added with handle 192
RuntimeCmd: Adding entry to ternary match table MyIngress.tb_hwimo_tree_5_6_7
match key:           TERNARY-00:40:20:2b &&& 31:44:63:6f
action:              MyIngress.set_pred_5_6_7
runtime data:        01	01	01
Entry has been added with handle 193
RuntimeCmd: Adding entry to ternary match table MyIngress.tb_hwimo_tree_5_6_7
match key:           TERNARY-00:40:21:20 &&& 31:44:63:64
action:              MyIngress.set_pred_5_6_7
runtime data:        01	00	01
Entry has been added with handle 194
RuntimeCmd: Adding entry to ternary match table MyIngress.tb_hwimo_tree_5_6_7
match key:           TERNARY-00:44:20:20 &&& 31:44:62:e4
action:              MyIngress.set_pred_5_6_7
runtime data:        01	02	00
Entry has been added with handle 195
RuntimeCmd: Adding entry to ternary match table MyIngress.tb_hwimo_tree_5_6_7
match key:           TERNARY-00:44:20:a0 &&& 31:44:6e:f4
action:              MyIngress.set_pred_5_6_7
runtime data:        01	00	01
Entry has been added with handle 196
RuntimeCmd: Adding entry to ternary match table MyIngress.tb_hwimo_tree_5_6_7
match key:           TERNARY-00:44:20:b0 &&& 31:44:6e:f4
action:              MyIngress.set_pred_5_6_7
runtime data:        02	00	02
Entry has been added with handle 197
RuntimeCmd: Adding entry to ternary match table MyIngress.tb_hwimo_tree_5_6_7
match key:           TERNARY-00:44:24:a0 &&& 31:44:6e:ec
action:              MyIngress.set_pred_5_6_7
runtime data:        01	00	01
Entry has been added with handle 198
RuntimeCmd: Adding entry to ternary match table MyIngress.tb_hwimo_tree_5_6_7
match key:           TERNARY-00:44:24:a8 &&& 31:44:6e:ec
action:              MyIngress.set_pred_5_6_7
runtime data:        02	00	02
Entry has been added with handle 199
RuntimeCmd: Adding entry to ternary match table MyIngress.tb_hwimo_tree_5_6_7
match key:           TERNARY-00:44:28:a0 &&& 31:44:6e:ec
action:              MyIngress.set_pred_5_6_7
runtime data:        01	01	01
Entry has been added with handle 200
RuntimeCmd: Adding entry to ternary match table MyIngress.tb_hwimo_tree_5_6_7
match key:           TERNARY-00:44:28:a8 &&& 31:44:6e:ec
action:              MyIngress.set_pred_5_6_7
runtime data:        01	01	01
Entry has been added with handle 201
RuntimeCmd: Adding entry to ternary match table MyIngress.tb_hwimo_tree_5_6_7
match key:           TERNARY-00:44:2c:a0 &&& 31:44:6e:f4
action:              MyIngress.set_pred_5_6_7
runtime data:        02	00	02
Entry has been added with handle 202
RuntimeCmd: Adding entry to ternary match table MyIngress.tb_hwimo_tree_5_6_7
match key:           TERNARY-00:44:2c:b0 &&& 31:44:6e:f4
action:              MyIngress.set_pred_5_6_7
runtime data:        01	00	01
Entry has been added with handle 203
RuntimeCmd: Adding entry to ternary match table MyIngress.tb_hwimo_tree_5_6_7
match key:           TERNARY-00:40:20:60 &&& 31:40:e2:64
action:              MyIngress.set_pred_5_6_7
runtime data:        01	00	00
Entry has been added with handle 204
RuntimeCmd: Adding entry to ternary match table MyIngress.tb_hwimo_tree_5_6_7
match key:           TERNARY-00:40:a0:60 &&& 31:40:ee:6d
action:              MyIngress.set_pred_5_6_7
runtime data:        01	01	01
Entry has been added with handle 205
RuntimeCmd: Adding entry to ternary match table MyIngress.tb_hwimo_tree_5_6_7
match key:           TERNARY-00:40:a0:61 &&& 31:40:ee:6d
action:              MyIngress.set_pred_5_6_7
runtime data:        01	00	01
Entry has been added with handle 206
RuntimeCmd: Adding entry to ternary match table MyIngress.tb_hwimo_tree_5_6_7
match key:           TERNARY-00:40:a4:60 &&& 31:40:ee:6c
action:              MyIngress.set_pred_5_6_7
runtime data:        01	01	01
Entry has been added with handle 207
RuntimeCmd: Adding entry to ternary match table MyIngress.tb_hwimo_tree_5_6_7
match key:           TERNARY-00:40:a8:60 &&& 31:40:ea:6c
action:              MyIngress.set_pred_5_6_7
runtime data:        01	01	01
Entry has been added with handle 208
RuntimeCmd: Adding entry to ternary match table MyIngress.tb_hwimo_tree_5_6_7
match key:           TERNARY-00:40:a0:68 &&& 31:40:e2:7c
action:              MyIngress.set_pred_5_6_7
runtime data:        02	00	02
Entry has been added with handle 209
RuntimeCmd: Adding entry to ternary match table MyIngress.tb_hwimo_tree_5_6_7
match key:           TERNARY-00:40:a0:78 &&& 31:40:ee:7c
action:              MyIngress.set_pred_5_6_7
runtime data:        01	00	01
Entry has been added with handle 210
RuntimeCmd: Adding entry to ternary match table MyIngress.tb_hwimo_tree_5_6_7
match key:           TERNARY-00:40:a4:78 &&& 31:40:ee:7c
action:              MyIngress.set_pred_5_6_7
runtime data:        01	00	01
Entry has been added with handle 211
RuntimeCmd: Adding entry to ternary match table MyIngress.tb_hwimo_tree_5_6_7
match key:           TERNARY-00:40:a8:78 &&& 31:40:ea:7c
action:              MyIngress.set_pred_5_6_7
runtime data:        01	01	01
Entry has been added with handle 212
RuntimeCmd: Adding entry to ternary match table MyIngress.tb_hwimo_tree_5_6_7
match key:           TERNARY-00:00:00:24 &&& 31:0a:42:b4
action:              MyIngress.set_pred_5_6_7
runtime data:        01	01	01
Entry has been added with handle 213
RuntimeCmd: Adding entry to ternary match table MyIngress.tb_hwimo_tree_5_6_7
match key:           TERNARY-00:02:00:24 &&& 31:0a:c2:b5
action:              MyIngress.set_pred_5_6_7
runtime data:        02	01	02
Entry has been added with handle 214
RuntimeCmd: Adding entry to ternary match table MyIngress.tb_hwimo_tree_5_6_7
match key:           TERNARY-00:02:00:25 &&& 31:0a:c2:bd
action:              MyIngress.set_pred_5_6_7
runtime data:        01	01	01
Entry has been added with handle 215
RuntimeCmd: Adding entry to ternary match table MyIngress.tb_hwimo_tree_5_6_7
match key:           TERNARY-00:02:00:2d &&& 31:0a:c2:bf
action:              MyIngress.set_pred_5_6_7
runtime data:        01	01	01
Entry has been added with handle 216
RuntimeCmd: Adding entry to ternary match table MyIngress.tb_hwimo_tree_5_6_7
match key:           TERNARY-00:02:00:2f &&& 31:0a:c2:bf
action:              MyIngress.set_pred_5_6_7
runtime data:        02	01	02
Entry has been added with handle 217
RuntimeCmd: Adding entry to ternary match table MyIngress.tb_hwimo_tree_5_6_7
match key:           TERNARY-00:02:80:24 &&& 31:0a:c6:b5
action:              MyIngress.set_pred_5_6_7
runtime data:        02	01	02
Entry has been added with handle 218
RuntimeCmd: Adding entry to ternary match table MyIngress.tb_hwimo_tree_5_6_7
match key:           TERNARY-00:02:80:25 &&& 31:0a:c6:b7
action:              MyIngress.set_pred_5_6_7
runtime data:        01	01	01
Entry has been added with handle 219
RuntimeCmd: Adding entry to ternary match table MyIngress.tb_hwimo_tree_5_6_7
match key:           TERNARY-00:02:80:27 &&& 31:0a:c6:b7
action:              MyIngress.set_pred_5_6_7
runtime data:        02	01	02
Entry has been added with handle 220
RuntimeCmd: Adding entry to ternary match table MyIngress.tb_hwimo_tree_5_6_7
match key:           TERNARY-00:02:84:24 &&& 31:0a:c6:b7
action:              MyIngress.set_pred_5_6_7
runtime data:        02	01	02
Entry has been added with handle 221
RuntimeCmd: Adding entry to ternary match table MyIngress.tb_hwimo_tree_5_6_7
match key:           TERNARY-00:02:84:26 &&& 31:0a:c6:b7
action:              MyIngress.set_pred_5_6_7
runtime data:        02	01	02
Entry has been added with handle 222
RuntimeCmd: Adding entry to ternary match table MyIngress.tb_hwimo_tree_5_6_7
match key:           TERNARY-00:02:84:25 &&& 31:0a:c6:b7
action:              MyIngress.set_pred_5_6_7
runtime data:        02	01	02
Entry has been added with handle 223
RuntimeCmd: Adding entry to ternary match table MyIngress.tb_hwimo_tree_5_6_7
match key:           TERNARY-00:02:84:27 &&& 31:0a:c6:b7
action:              MyIngress.set_pred_5_6_7
runtime data:        02	01	02
Entry has been added with handle 224
RuntimeCmd: Adding entry to ternary match table MyIngress.tb_hwimo_tree_5_6_7
match key:           TERNARY-00:08:00:24 &&& 31:48:42:b4
action:              MyIngress.set_pred_5_6_7
runtime data:        01	01	01
Entry has been added with handle 225
RuntimeCmd: Adding entry to ternary match table MyIngress.tb_hwimo_tree_5_6_7
match key:           TERNARY-00:48:00:24 &&& 31:4a:42:bc
action:              MyIngress.set_pred_5_6_7
runtime data:        01	02	00
Entry has been added with handle 226
RuntimeCmd: Adding entry to ternary match table MyIngress.tb_hwimo_tree_5_6_7
match key:           TERNARY-00:48:00:2c &&& 31:4a:c2:be
action:              MyIngress.set_pred_5_6_7
runtime data:        02	01	02
Entry has been added with handle 227
RuntimeCmd: Adding entry to ternary match table MyIngress.tb_hwimo_tree_5_6_7
match key:           TERNARY-00:48:80:2c &&& 31:4a:c2:be
action:              MyIngress.set_pred_5_6_7
runtime data:        01	01	01
Entry has been added with handle 228
RuntimeCmd: Adding entry to ternary match table MyIngress.tb_hwimo_tree_5_6_7
match key:           TERNARY-00:48:00:2e &&& 31:4a:42:be
action:              MyIngress.set_pred_5_6_7
runtime data:        01	01	01
Entry has been added with handle 229
RuntimeCmd: Adding entry to ternary match table MyIngress.tb_hwimo_tree_5_6_7
match key:           TERNARY-00:4a:00:24 &&& 31:4a:42:bc
action:              MyIngress.set_pred_5_6_7
runtime data:        01	01	01
Entry has been added with handle 230
RuntimeCmd: Adding entry to ternary match table MyIngress.tb_hwimo_tree_5_6_7
match key:           TERNARY-00:4a:00:2c &&& 31:4a:42:bd
action:              MyIngress.set_pred_5_6_7
runtime data:        01	01	01
Entry has been added with handle 231
RuntimeCmd: Adding entry to ternary match table MyIngress.tb_hwimo_tree_5_6_7
match key:           TERNARY-00:4a:00:2d &&& 31:4a:42:bd
action:              MyIngress.set_pred_5_6_7
runtime data:        01	01	01
Entry has been added with handle 232
RuntimeCmd: Adding entry to ternary match table MyIngress.tb_hwimo_tree_5_6_7
match key:           TERNARY-00:00:00:34 &&& 31:20:4b:b4
action:              MyIngress.set_pred_5_6_7
runtime data:        02	01	02
Entry has been added with handle 233
RuntimeCmd: Adding entry to ternary match table MyIngress.tb_hwimo_tree_5_6_7
match key:           TERNARY-00:20:00:34 &&& 31:20:4b:b7
action:              MyIngress.set_pred_5_6_7
runtime data:        02	02	02
Entry has been added with handle 234
RuntimeCmd: Adding entry to ternary match table MyIngress.tb_hwimo_tree_5_6_7
match key:           TERNARY-00:20:00:35 &&& 31:20:4b:b7
action:              MyIngress.set_pred_5_6_7
runtime data:        02	02	02
Entry has been added with handle 235
RuntimeCmd: Adding entry to ternary match table MyIngress.tb_hwimo_tree_5_6_7
match key:           TERNARY-00:20:00:36 &&& 31:20:4b:b7
action:              MyIngress.set_pred_5_6_7
runtime data:        01	01	01
Entry has been added with handle 236
RuntimeCmd: Adding entry to ternary match table MyIngress.tb_hwimo_tree_5_6_7
match key:           TERNARY-00:20:00:37 &&& 31:20:4b:b7
action:              MyIngress.set_pred_5_6_7
runtime data:        02	02	02
Entry has been added with handle 237
RuntimeCmd: Adding entry to ternary match table MyIngress.tb_hwimo_tree_5_6_7
match key:           TERNARY-00:00:01:34 &&& 31:00:4b:b4
action:              MyIngress.set_pred_5_6_7
runtime data:        01	01	00
Entry has been added with handle 238
RuntimeCmd: Adding entry to ternary match table MyIngress.tb_hwimo_tree_5_6_7
match key:           TERNARY-00:00:08:34 &&& 31:04:4a:b5
action:              MyIngress.set_pred_5_6_7
runtime data:        01	02	00
Entry has been added with handle 239
RuntimeCmd: Adding entry to ternary match table MyIngress.tb_hwimo_tree_5_6_7
match key:           TERNARY-00:00:08:35 &&& 31:04:4a:b5
action:              MyIngress.set_pred_5_6_7
runtime data:        01	02	01
Entry has been added with handle 240
RuntimeCmd: Adding entry to ternary match table MyIngress.tb_hwimo_tree_5_6_7
match key:           TERNARY-00:04:08:34 &&& 31:44:ea:b4
action:              MyIngress.set_pred_5_6_7
runtime data:        01	02	01
Entry has been added with handle 241
RuntimeCmd: Adding entry to ternary match table MyIngress.tb_hwimo_tree_5_6_7
match key:           TERNARY-00:04:88:34 &&& 31:44:ea:b4
action:              MyIngress.set_pred_5_6_7
runtime data:        01	01	01
Entry has been added with handle 242
RuntimeCmd: Adding entry to ternary match table MyIngress.tb_hwimo_tree_5_6_7
match key:           TERNARY-00:04:28:34 &&& 31:44:6a:b4
action:              MyIngress.set_pred_5_6_7
runtime data:        01	01	01
Entry has been added with handle 243
RuntimeCmd: Adding entry to ternary match table MyIngress.tb_hwimo_tree_5_6_7
match key:           TERNARY-00:44:08:34 &&& 31:44:4a:b7
action:              MyIngress.set_pred_5_6_7
runtime data:        01	01	01
Entry has been added with handle 244
RuntimeCmd: Adding entry to ternary match table MyIngress.tb_hwimo_tree_5_6_7
match key:           TERNARY-00:44:08:35 &&& 31:44:4a:b7
action:              MyIngress.set_pred_5_6_7
runtime data:        01	01	01
Entry has been added with handle 245
RuntimeCmd: Adding entry to ternary match table MyIngress.tb_hwimo_tree_5_6_7
match key:           TERNARY-00:44:08:36 &&& 31:44:4a:b7
action:              MyIngress.set_pred_5_6_7
runtime data:        01	01	01
Entry has been added with handle 246
RuntimeCmd: Adding entry to ternary match table MyIngress.tb_hwimo_tree_5_6_7
match key:           TERNARY-00:44:08:37 &&& 31:44:4a:b7
action:              MyIngress.set_pred_5_6_7
runtime data:        01	01	01
Entry has been added with handle 247
RuntimeCmd: Adding entry to ternary match table MyIngress.tb_hwimo_tree_5_6_7
match key:           TERNARY-00:00:00:a4 &&& 31:00:4b:a6
action:              MyIngress.set_pred_5_6_7
runtime data:        01	00	01
Entry has been added with handle 248
RuntimeCmd: Adding entry to ternary match table MyIngress.tb_hwimo_tree_5_6_7
match key:           TERNARY-00:00:08:a4 &&& 31:00:4b:a6
action:              MyIngress.set_pred_5_6_7
runtime data:        01	01	01
Entry has been added with handle 249
RuntimeCmd: Adding entry to ternary match table MyIngress.tb_hwimo_tree_5_6_7
match key:           TERNARY-00:00:01:a4 &&& 31:00:43:a6
action:              MyIngress.set_pred_5_6_7
runtime data:        00	00	00
Entry has been added with handle 250
RuntimeCmd: Adding entry to ternary match table MyIngress.tb_hwimo_tree_5_6_7
match key:           TERNARY-00:00:00:a6 &&& 31:01:42:a6
action:              MyIngress.set_pred_5_6_7
runtime data:        01	01	01
Entry has been added with handle 251
RuntimeCmd: Adding entry to ternary match table MyIngress.tb_hwimo_tree_5_6_7
match key:           TERNARY-00:01:00:a6 &&& 31:01:42:ae
action:              MyIngress.set_pred_5_6_7
runtime data:        01	01	01
Entry has been added with handle 252
RuntimeCmd: Adding entry to ternary match table MyIngress.tb_hwimo_tree_5_6_7
match key:           TERNARY-00:01:00:ae &&& 31:01:4a:ae
action:              MyIngress.set_pred_5_6_7
runtime data:        01	00	01
Entry has been added with handle 253
RuntimeCmd: Adding entry to ternary match table MyIngress.tb_hwimo_tree_5_6_7
match key:           TERNARY-00:01:08:ae &&& 31:01:4a:ee
action:              MyIngress.set_pred_5_6_7
runtime data:        01	00	01
Entry has been added with handle 254
RuntimeCmd: Adding entry to ternary match table MyIngress.tb_hwimo_tree_5_6_7
match key:           TERNARY-00:01:08:ee &&& 31:01:4a:ee
action:              MyIngress.set_pred_5_6_7
runtime data:        01	01	01
Entry has been added with handle 255
RuntimeCmd: Adding entry to ternary match table MyIngress.tb_hwimo_tree_5_6_7
match key:           TERNARY-00:00:02:20 &&& 31:18:52:28
action:              MyIngress.set_pred_5_6_7
runtime data:        01	01	01
Entry has been added with handle 256
RuntimeCmd: Adding entry to ternary match table MyIngress.tb_hwimo_tree_5_6_7
match key:           TERNARY-00:10:02:20 &&& 31:18:72:2f
action:              MyIngress.set_pred_5_6_7
runtime data:        02	01	01
Entry has been added with handle 257
RuntimeCmd: Adding entry to ternary match table MyIngress.tb_hwimo_tree_5_6_7
match key:           TERNARY-00:10:02:24 &&& 31:18:72:2f
action:              MyIngress.set_pred_5_6_7
runtime data:        02	01	01
Entry has been added with handle 258
RuntimeCmd: Adding entry to ternary match table MyIngress.tb_hwimo_tree_5_6_7
match key:           TERNARY-00:10:02:22 &&& 31:18:72:2b
action:              MyIngress.set_pred_5_6_7
runtime data:        02	01	01
Entry has been added with handle 259
RuntimeCmd: Adding entry to ternary match table MyIngress.tb_hwimo_tree_5_6_7
match key:           TERNARY-00:10:02:21 &&& 31:18:72:2d
action:              MyIngress.set_pred_5_6_7
runtime data:        02	01	01
Entry has been added with handle 260
RuntimeCmd: Adding entry to ternary match table MyIngress.tb_hwimo_tree_5_6_7
match key:           TERNARY-00:10:02:25 &&& 31:18:72:2f
action:              MyIngress.set_pred_5_6_7
runtime data:        02	01	01
Entry has been added with handle 261
RuntimeCmd: Adding entry to ternary match table MyIngress.tb_hwimo_tree_5_6_7
match key:           TERNARY-00:10:02:27 &&& 31:18:72:2f
action:              MyIngress.set_pred_5_6_7
runtime data:        01	01	01
Entry has been added with handle 262
RuntimeCmd: Adding entry to ternary match table MyIngress.tb_hwimo_tree_5_6_7
match key:           TERNARY-00:10:22:20 &&& 31:18:76:28
action:              MyIngress.set_pred_5_6_7
runtime data:        02	01	01
Entry has been added with handle 263
RuntimeCmd: Adding entry to ternary match table MyIngress.tb_hwimo_tree_5_6_7
match key:           TERNARY-00:10:26:20 &&& 31:18:76:28
action:              MyIngress.set_pred_5_6_7
runtime data:        02	01	02
Entry has been added with handle 264
RuntimeCmd: Adding entry to ternary match table MyIngress.tb_hwimo_tree_5_6_7
match key:           TERNARY-00:08:02:20 &&& 31:08:f2:6c
action:              MyIngress.set_pred_5_6_7
runtime data:        01	02	01
Entry has been added with handle 265
RuntimeCmd: Adding entry to ternary match table MyIngress.tb_hwimo_tree_5_6_7
match key:           TERNARY-00:08:82:20 &&& 31:08:f2:6c
action:              MyIngress.set_pred_5_6_7
runtime data:        02	02	01
Entry has been added with handle 266
RuntimeCmd: Adding entry to ternary match table MyIngress.tb_hwimo_tree_5_6_7
match key:           TERNARY-00:08:02:60 &&& 31:08:72:6c
action:              MyIngress.set_pred_5_6_7
runtime data:        01	01	00
Entry has been added with handle 267
RuntimeCmd: Adding entry to ternary match table MyIngress.tb_hwimo_tree_5_6_7
match key:           TERNARY-00:08:02:24 &&& 31:08:72:2c
action:              MyIngress.set_pred_5_6_7
runtime data:        01	02	01
Entry has been added with handle 268
RuntimeCmd: Adding entry to ternary match table MyIngress.tb_hwimo_tree_5_6_7
match key:           TERNARY-00:08:22:20 &&& 31:0a:76:68
action:              MyIngress.set_pred_5_6_7
runtime data:        02	00	02
Entry has been added with handle 269
RuntimeCmd: Adding entry to ternary match table MyIngress.tb_hwimo_tree_5_6_7
match key:           TERNARY-00:08:22:60 &&& 31:0a:76:68
action:              MyIngress.set_pred_5_6_7
runtime data:        01	01	01
Entry has been added with handle 270
RuntimeCmd: Adding entry to ternary match table MyIngress.tb_hwimo_tree_5_6_7
match key:           TERNARY-00:08:26:20 &&& 31:0a:7e:68
action:              MyIngress.set_pred_5_6_7
runtime data:        01	01	01
Entry has been added with handle 271
RuntimeCmd: Adding entry to ternary match table MyIngress.tb_hwimo_tree_5_6_7
match key:           TERNARY-00:08:26:60 &&& 31:0a:7e:68
action:              MyIngress.set_pred_5_6_7
runtime data:        02	00	02
Entry has been added with handle 272
RuntimeCmd: Adding entry to ternary match table MyIngress.tb_hwimo_tree_5_6_7
match key:           TERNARY-00:08:2e:20 &&& 31:0a:7e:78
action:              MyIngress.set_pred_5_6_7
runtime data:        01	00	01
Entry has been added with handle 273
RuntimeCmd: Adding entry to ternary match table MyIngress.tb_hwimo_tree_5_6_7
match key:           TERNARY-00:08:2e:60 &&& 31:0a:7e:78
action:              MyIngress.set_pred_5_6_7
runtime data:        01	00	01
Entry has been added with handle 274
RuntimeCmd: Adding entry to ternary match table MyIngress.tb_hwimo_tree_5_6_7
match key:           TERNARY-00:08:2e:30 &&& 31:0a:7e:3c
action:              MyIngress.set_pred_5_6_7
runtime data:        01	00	01
Entry has been added with handle 275
RuntimeCmd: Adding entry to ternary match table MyIngress.tb_hwimo_tree_5_6_7
match key:           TERNARY-00:08:2e:34 &&& 31:0a:7e:3c
action:              MyIngress.set_pred_5_6_7
runtime data:        01	00	01
Entry has been added with handle 276
RuntimeCmd: Adding entry to ternary match table MyIngress.tb_hwimo_tree_5_6_7
match key:           TERNARY-00:0a:22:20 &&& 31:1a:72:68
action:              MyIngress.set_pred_5_6_7
runtime data:        01	02	00
Entry has been added with handle 277
RuntimeCmd: Adding entry to ternary match table MyIngress.tb_hwimo_tree_5_6_7
match key:           TERNARY-00:1a:22:20 &&& 31:1a:72:68
action:              MyIngress.set_pred_5_6_7
runtime data:        01	02	01
Entry has been added with handle 278
RuntimeCmd: Adding entry to ternary match table MyIngress.tb_hwimo_tree_5_6_7
match key:           TERNARY-00:0a:22:60 &&& 31:0a:72:68
action:              MyIngress.set_pred_5_6_7
runtime data:        01	00	00
Entry has been added with handle 279
RuntimeCmd: Adding entry to ternary match table MyIngress.tb_hwimo_tree_5_6_7
match key:           TERNARY-00:00:02:28 &&& 31:40:52:38
action:              MyIngress.set_pred_5_6_7
runtime data:        01	01	01
Entry has been added with handle 280
RuntimeCmd: Adding entry to ternary match table MyIngress.tb_hwimo_tree_5_6_7
match key:           TERNARY-00:00:02:38 &&& 31:40:5a:3e
action:              MyIngress.set_pred_5_6_7
runtime data:        01	01	01
Entry has been added with handle 281
RuntimeCmd: Adding entry to ternary match table MyIngress.tb_hwimo_tree_5_6_7
match key:           TERNARY-00:00:0a:38 &&& 31:44:5a:3f
action:              MyIngress.set_pred_5_6_7
runtime data:        01	01	01
Entry has been added with handle 282
RuntimeCmd: Adding entry to ternary match table MyIngress.tb_hwimo_tree_5_6_7
match key:           TERNARY-00:04:0a:38 &&& 31:44:5a:3f
action:              MyIngress.set_pred_5_6_7
runtime data:        01	01	01
Entry has been added with handle 283
RuntimeCmd: Adding entry to ternary match table MyIngress.tb_hwimo_tree_5_6_7
match key:           TERNARY-00:00:0a:39 &&& 31:50:5a:3f
action:              MyIngress.set_pred_5_6_7
runtime data:        01	01	01
Entry has been added with handle 284
RuntimeCmd: Adding entry to ternary match table MyIngress.tb_hwimo_tree_5_6_7
match key:           TERNARY-00:10:0a:39 &&& 31:50:5a:3f
action:              MyIngress.set_pred_5_6_7
runtime data:        01	01	01
Entry has been added with handle 285
RuntimeCmd: Adding entry to ternary match table MyIngress.tb_hwimo_tree_5_6_7
match key:           TERNARY-00:00:02:3c &&& 31:40:5a:3f
action:              MyIngress.set_pred_5_6_7
runtime data:        01	01	01
Entry has been added with handle 286
RuntimeCmd: Adding entry to ternary match table MyIngress.tb_hwimo_tree_5_6_7
match key:           TERNARY-00:00:0a:3c &&& 31:40:5a:3f
action:              MyIngress.set_pred_5_6_7
runtime data:        01	01	01
Entry has been added with handle 287
RuntimeCmd: Adding entry to ternary match table MyIngress.tb_hwimo_tree_5_6_7
match key:           TERNARY-00:00:02:3d &&& 31:50:52:3f
action:              MyIngress.set_pred_5_6_7
runtime data:        01	01	01
Entry has been added with handle 288
RuntimeCmd: Adding entry to ternary match table MyIngress.tb_hwimo_tree_5_6_7
match key:           TERNARY-00:10:02:3d &&& 31:50:52:3f
action:              MyIngress.set_pred_5_6_7
runtime data:        01	01	01
Entry has been added with handle 289
RuntimeCmd: Adding entry to ternary match table MyIngress.tb_hwimo_tree_5_6_7
match key:           TERNARY-00:00:02:3a &&& 31:50:52:3b
action:              MyIngress.set_pred_5_6_7
runtime data:        01	01	01
Entry has been added with handle 290
RuntimeCmd: Adding entry to ternary match table MyIngress.tb_hwimo_tree_5_6_7
match key:           TERNARY-00:10:02:3a &&& 31:50:56:3b
action:              MyIngress.set_pred_5_6_7
runtime data:        01	01	01
Entry has been added with handle 291
RuntimeCmd: Adding entry to ternary match table MyIngress.tb_hwimo_tree_5_6_7
match key:           TERNARY-00:10:06:3a &&& 31:50:56:3b
action:              MyIngress.set_pred_5_6_7
runtime data:        01	02	01
Entry has been added with handle 292
RuntimeCmd: Adding entry to ternary match table MyIngress.tb_hwimo_tree_5_6_7
match key:           TERNARY-00:00:02:3b &&& 31:60:56:3b
action:              MyIngress.set_pred_5_6_7
runtime data:        02	02	01
Entry has been added with handle 293
RuntimeCmd: Adding entry to ternary match table MyIngress.tb_hwimo_tree_5_6_7
match key:           TERNARY-00:20:02:3b &&& 31:60:56:3f
action:              MyIngress.set_pred_5_6_7
runtime data:        01	02	01
Entry has been added with handle 294
RuntimeCmd: Adding entry to ternary match table MyIngress.tb_hwimo_tree_5_6_7
match key:           TERNARY-00:20:02:3f &&& 31:60:56:3f
action:              MyIngress.set_pred_5_6_7
runtime data:        01	01	01
Entry has been added with handle 295
RuntimeCmd: Adding entry to ternary match table MyIngress.tb_hwimo_tree_5_6_7
match key:           TERNARY-00:00:06:3b &&& 31:51:56:3b
action:              MyIngress.set_pred_5_6_7
runtime data:        01	02	01
Entry has been added with handle 296
RuntimeCmd: Adding entry to ternary match table MyIngress.tb_hwimo_tree_5_6_7
match key:           TERNARY-00:01:06:3b &&& 31:51:56:3b
action:              MyIngress.set_pred_5_6_7
runtime data:        01	01	01
Entry has been added with handle 297
RuntimeCmd: Adding entry to ternary match table MyIngress.tb_hwimo_tree_5_6_7
match key:           TERNARY-00:10:06:3b &&& 31:50:56:3b
action:              MyIngress.set_pred_5_6_7
runtime data:        02	02	01
Entry has been added with handle 298
RuntimeCmd: Adding entry to ternary match table MyIngress.tb_hwimo_tree_5_6_7
match key:           TERNARY-00:40:02:28 &&& 31:40:d2:2b
action:              MyIngress.set_pred_5_6_7
runtime data:        02	01	02
Entry has been added with handle 299
RuntimeCmd: Adding entry to ternary match table MyIngress.tb_hwimo_tree_5_6_7
match key:           TERNARY-00:40:02:2a &&& 31:40:d2:2b
action:              MyIngress.set_pred_5_6_7
runtime data:        02	01	02
Entry has been added with handle 300
RuntimeCmd: Adding entry to ternary match table MyIngress.tb_hwimo_tree_5_6_7
match key:           TERNARY-00:40:02:29 &&& 31:40:d2:2d
action:              MyIngress.set_pred_5_6_7
runtime data:        02	01	02
Entry has been added with handle 301
RuntimeCmd: Adding entry to ternary match table MyIngress.tb_hwimo_tree_5_6_7
match key:           TERNARY-00:40:02:2d &&& 31:40:d2:2d
action:              MyIngress.set_pred_5_6_7
runtime data:        02	01	02
Entry has been added with handle 302
RuntimeCmd: Adding entry to ternary match table MyIngress.tb_hwimo_tree_5_6_7
match key:           TERNARY-00:40:82:28 &&& 31:40:de:2f
action:              MyIngress.set_pred_5_6_7
runtime data:        01	01	01
Entry has been added with handle 303
RuntimeCmd: Adding entry to ternary match table MyIngress.tb_hwimo_tree_5_6_7
match key:           TERNARY-00:40:82:2a &&& 31:40:de:2f
action:              MyIngress.set_pred_5_6_7
runtime data:        01	01	01
Entry has been added with handle 304
RuntimeCmd: Adding entry to ternary match table MyIngress.tb_hwimo_tree_5_6_7
match key:           TERNARY-00:40:82:2c &&& 31:40:de:3d
action:              MyIngress.set_pred_5_6_7
runtime data:        01	01	01
Entry has been added with handle 305
RuntimeCmd: Adding entry to ternary match table MyIngress.tb_hwimo_tree_5_6_7
match key:           TERNARY-00:40:82:3c &&& 31:40:de:3d
action:              MyIngress.set_pred_5_6_7
runtime data:        01	01	01
Entry has been added with handle 306
RuntimeCmd: Adding entry to ternary match table MyIngress.tb_hwimo_tree_5_6_7
match key:           TERNARY-00:40:82:29 &&& 31:40:de:3b
action:              MyIngress.set_pred_5_6_7
runtime data:        02	01	02
Entry has been added with handle 307
RuntimeCmd: Adding entry to ternary match table MyIngress.tb_hwimo_tree_5_6_7
match key:           TERNARY-00:40:82:39 &&& 31:40:de:3b
action:              MyIngress.set_pred_5_6_7
runtime data:        01	01	01
Entry has been added with handle 308
RuntimeCmd: Adding entry to ternary match table MyIngress.tb_hwimo_tree_5_6_7
match key:           TERNARY-00:40:82:2b &&& 31:40:de:3b
action:              MyIngress.set_pred_5_6_7
runtime data:        01	01	01
Entry has been added with handle 309
RuntimeCmd: Adding entry to ternary match table MyIngress.tb_hwimo_tree_5_6_7
match key:           TERNARY-00:40:82:3b &&& 31:40:de:3b
action:              MyIngress.set_pred_5_6_7
runtime data:        01	01	01
Entry has been added with handle 310
RuntimeCmd: Adding entry to ternary match table MyIngress.tb_hwimo_tree_5_6_7
match key:           TERNARY-00:40:86:28 &&& 31:40:de:78
action:              MyIngress.set_pred_5_6_7
runtime data:        01	01	01
Entry has been added with handle 311
RuntimeCmd: Adding entry to ternary match table MyIngress.tb_hwimo_tree_5_6_7
match key:           TERNARY-00:40:86:38 &&& 31:40:de:7c
action:              MyIngress.set_pred_5_6_7
runtime data:        01	00	01
Entry has been added with handle 312
RuntimeCmd: Adding entry to ternary match table MyIngress.tb_hwimo_tree_5_6_7
match key:           TERNARY-00:40:86:3c &&& 31:40:de:7c
action:              MyIngress.set_pred_5_6_7
runtime data:        01	00	01
Entry has been added with handle 313
RuntimeCmd: Adding entry to ternary match table MyIngress.tb_hwimo_tree_5_6_7
match key:           TERNARY-00:40:86:68 &&& 31:40:de:68
action:              MyIngress.set_pred_5_6_7
runtime data:        02	00	02
Entry has been added with handle 314
RuntimeCmd: Adding entry to ternary match table MyIngress.tb_hwimo_tree_5_6_7
match key:           TERNARY-00:40:8a:28 &&& 31:40:da:7e
action:              MyIngress.set_pred_5_6_7
runtime data:        01	00	01
Entry has been added with handle 315
RuntimeCmd: Adding entry to ternary match table MyIngress.tb_hwimo_tree_5_6_7
match key:           TERNARY-00:40:8a:2a &&& 31:40:da:7e
action:              MyIngress.set_pred_5_6_7
runtime data:        01	00	01
Entry has been added with handle 316
RuntimeCmd: Adding entry to ternary match table MyIngress.tb_hwimo_tree_5_6_7
match key:           TERNARY-00:40:8a:2c &&& 31:40:da:7c
action:              MyIngress.set_pred_5_6_7
runtime data:        01	00	01
Entry has been added with handle 317
RuntimeCmd: Adding entry to ternary match table MyIngress.tb_hwimo_tree_5_6_7
match key:           TERNARY-00:40:8a:68 &&& 31:40:da:78
action:              MyIngress.set_pred_5_6_7
runtime data:        01	00	01
Entry has been added with handle 318
RuntimeCmd: Adding entry to ternary match table MyIngress.tb_hwimo_tree_5_6_7
match key:           TERNARY-00:40:8a:38 &&& 31:40:da:b8
action:              MyIngress.set_pred_5_6_7
runtime data:        01	01	01
Entry has been added with handle 319
RuntimeCmd: Adding entry to ternary match table MyIngress.tb_hwimo_tree_5_6_7
match key:           TERNARY-00:40:8a:b8 &&& 31:40:da:b8
action:              MyIngress.set_pred_5_6_7
runtime data:        02	01	02
Entry has been added with handle 320
RuntimeCmd: Adding entry to ternary match table MyIngress.tb_hwimo_tree_5_6_7
match key:           TERNARY-00:00:12:20 &&& 31:60:56:20
action:              MyIngress.set_pred_5_6_7
runtime data:        01	01	01
Entry has been added with handle 321
RuntimeCmd: Adding entry to ternary match table MyIngress.tb_hwimo_tree_5_6_7
match key:           TERNARY-00:40:12:20 &&& 35:60:56:20
action:              MyIngress.set_pred_5_6_7
runtime data:        01	01	01
Entry has been added with handle 322
RuntimeCmd: Adding entry to ternary match table MyIngress.tb_hwimo_tree_5_6_7
match key:           TERNARY-04:40:12:20 &&& 35:60:56:20
action:              MyIngress.set_pred_5_6_7
runtime data:        02	02	02
Entry has been added with handle 323
RuntimeCmd: Adding entry to ternary match table MyIngress.tb_hwimo_tree_5_6_7
match key:           TERNARY-00:20:12:20 &&& 39:20:76:30
action:              MyIngress.set_pred_5_6_7
runtime data:        01	02	00
Entry has been added with handle 324
RuntimeCmd: Adding entry to ternary match table MyIngress.tb_hwimo_tree_5_6_7
match key:           TERNARY-00:20:12:30 &&& 39:20:76:30
action:              MyIngress.set_pred_5_6_7
runtime data:        01	01	00
Entry has been added with handle 325
RuntimeCmd: Adding entry to ternary match table MyIngress.tb_hwimo_tree_5_6_7
match key:           TERNARY-00:20:32:20 &&& 39:20:76:20
action:              MyIngress.set_pred_5_6_7
runtime data:        01	02	01
Entry has been added with handle 326
RuntimeCmd: Adding entry to ternary match table MyIngress.tb_hwimo_tree_5_6_7
match key:           TERNARY-08:20:12:20 &&& 39:28:56:a8
action:              MyIngress.set_pred_5_6_7
runtime data:        01	02	01
Entry has been added with handle 327
RuntimeCmd: Adding entry to ternary match table MyIngress.tb_hwimo_tree_5_6_7
match key:           TERNARY-08:28:12:20 &&& 39:28:56:aa
action:              MyIngress.set_pred_5_6_7
runtime data:        01	01	01
Entry has been added with handle 328
RuntimeCmd: Adding entry to ternary match table MyIngress.tb_hwimo_tree_5_6_7
match key:           TERNARY-08:28:12:22 &&& 3b:28:56:aa
action:              MyIngress.set_pred_5_6_7
runtime data:        01	02	00
Entry has been added with handle 329
RuntimeCmd: Adding entry to ternary match table MyIngress.tb_hwimo_tree_5_6_7
match key:           TERNARY-0a:28:12:22 &&& 3b:28:56:aa
action:              MyIngress.set_pred_5_6_7
runtime data:        01	01	01
Entry has been added with handle 330
RuntimeCmd: Adding entry to ternary match table MyIngress.tb_hwimo_tree_5_6_7
match key:           TERNARY-08:20:12:28 &&& 39:20:56:a8
action:              MyIngress.set_pred_5_6_7
runtime data:        01	01	01
Entry has been added with handle 331
RuntimeCmd: Adding entry to ternary match table MyIngress.tb_hwimo_tree_5_6_7
match key:           TERNARY-08:20:12:a0 &&& 39:20:57:b8
action:              MyIngress.set_pred_5_6_7
runtime data:        01	01	01
Entry has been added with handle 332
RuntimeCmd: Adding entry to ternary match table MyIngress.tb_hwimo_tree_5_6_7
match key:           TERNARY-08:20:12:a8 &&& 39:20:57:b8
action:              MyIngress.set_pred_5_6_7
runtime data:        01	02	01
Entry has been added with handle 333
RuntimeCmd: Adding entry to ternary match table MyIngress.tb_hwimo_tree_5_6_7
match key:           TERNARY-08:20:12:b0 &&& 39:28:57:b0
action:              MyIngress.set_pred_5_6_7
runtime data:        01	02	01
Entry has been added with handle 334
RuntimeCmd: Adding entry to ternary match table MyIngress.tb_hwimo_tree_5_6_7
match key:           TERNARY-08:28:12:b0 &&& 39:68:57:b0
action:              MyIngress.set_pred_5_6_7
runtime data:        01	02	01
Entry has been added with handle 335
RuntimeCmd: Adding entry to ternary match table MyIngress.tb_hwimo_tree_5_6_7
match key:           TERNARY-08:68:12:b0 &&& 39:68:57:b0
action:              MyIngress.set_pred_5_6_7
runtime data:        01	02	01
Entry has been added with handle 336
RuntimeCmd: Adding entry to ternary match table MyIngress.tb_hwimo_tree_5_6_7
match key:           TERNARY-08:20:13:a0 &&& 3b:20:57:b8
action:              MyIngress.set_pred_5_6_7
runtime data:        01	02	01
Entry has been added with handle 337
RuntimeCmd: Adding entry to ternary match table MyIngress.tb_hwimo_tree_5_6_7
match key:           TERNARY-08:20:13:a8 &&& 3b:20:57:b8
action:              MyIngress.set_pred_5_6_7
runtime data:        01	02	01
Entry has been added with handle 338
RuntimeCmd: Adding entry to ternary match table MyIngress.tb_hwimo_tree_5_6_7
match key:           TERNARY-08:20:13:b0 &&& 3b:28:57:b0
action:              MyIngress.set_pred_5_6_7
runtime data:        01	02	01
Entry has been added with handle 339
RuntimeCmd: Adding entry to ternary match table MyIngress.tb_hwimo_tree_5_6_7
match key:           TERNARY-08:28:13:b0 &&& 3b:28:57:b0
action:              MyIngress.set_pred_5_6_7
runtime data:        01	02	01
Entry has been added with handle 340
RuntimeCmd: Adding entry to ternary match table MyIngress.tb_hwimo_tree_5_6_7
match key:           TERNARY-0a:20:13:a0 &&& 3b:20:57:a0
action:              MyIngress.set_pred_5_6_7
runtime data:        02	01	02
Entry has been added with handle 341
RuntimeCmd: Adding entry to ternary match table MyIngress.tb_hwimo_tree_5_6_7
match key:           TERNARY-00:00:16:20 &&& 31:58:56:3b
action:              MyIngress.set_pred_5_6_7
runtime data:        02	02	02
Entry has been added with handle 342
RuntimeCmd: Adding entry to ternary match table MyIngress.tb_hwimo_tree_5_6_7
match key:           TERNARY-00:08:16:20 &&& 31:58:56:3b
action:              MyIngress.set_pred_5_6_7
runtime data:        00	01	00
Entry has been added with handle 343
RuntimeCmd: Adding entry to ternary match table MyIngress.tb_hwimo_tree_5_6_7
match key:           TERNARY-00:00:16:21 &&& 33:50:56:3b
action:              MyIngress.set_pred_5_6_7
runtime data:        01	01	01
Entry has been added with handle 344
RuntimeCmd: Adding entry to ternary match table MyIngress.tb_hwimo_tree_5_6_7
match key:           TERNARY-02:00:16:21 &&& 33:50:56:3b
action:              MyIngress.set_pred_5_6_7
runtime data:        01	01	01
Entry has been added with handle 345
RuntimeCmd: Adding entry to ternary match table MyIngress.tb_hwimo_tree_5_6_7
match key:           TERNARY-00:10:16:20 &&& 31:50:56:3a
action:              MyIngress.set_pred_5_6_7
runtime data:        00	01	00
Entry has been added with handle 346
RuntimeCmd: Adding entry to ternary match table MyIngress.tb_hwimo_tree_5_6_7
match key:           TERNARY-00:00:16:28 &&& 31:40:56:bb
action:              MyIngress.set_pred_5_6_7
runtime data:        02	02	02
Entry has been added with handle 347
RuntimeCmd: Adding entry to ternary match table MyIngress.tb_hwimo_tree_5_6_7
match key:           TERNARY-00:00:16:29 &&& 31:40:56:bf
action:              MyIngress.set_pred_5_6_7
runtime data:        01	01	01
Entry has been added with handle 348
RuntimeCmd: Adding entry to ternary match table MyIngress.tb_hwimo_tree_5_6_7
match key:           TERNARY-00:00:16:2d &&& 31:40:56:bf
action:              MyIngress.set_pred_5_6_7
runtime data:        01	01	01
Entry has been added with handle 349
RuntimeCmd: Adding entry to ternary match table MyIngress.tb_hwimo_tree_5_6_7
match key:           TERNARY-00:00:16:a8 &&& 31:40:56:ba
action:              MyIngress.set_pred_5_6_7
runtime data:        02	02	02
Entry has been added with handle 350
RuntimeCmd: Adding entry to ternary match table MyIngress.tb_hwimo_tree_5_6_7
match key:           TERNARY-00:00:16:22 &&& 31:40:56:3f
action:              MyIngress.set_pred_5_6_7
runtime data:        01	01	01
Entry has been added with handle 351
RuntimeCmd: Adding entry to ternary match table MyIngress.tb_hwimo_tree_5_6_7
match key:           TERNARY-00:00:16:26 &&& 31:40:56:3f
action:              MyIngress.set_pred_5_6_7
runtime data:        02	02	02
Entry has been added with handle 352
RuntimeCmd: Adding entry to ternary match table MyIngress.tb_hwimo_tree_5_6_7
match key:           TERNARY-00:00:16:2a &&& 31:40:56:bf
action:              MyIngress.set_pred_5_6_7
runtime data:        01	01	01
Entry has been added with handle 353
RuntimeCmd: Adding entry to ternary match table MyIngress.tb_hwimo_tree_5_6_7
match key:           TERNARY-00:00:16:2e &&& 31:40:56:bf
action:              MyIngress.set_pred_5_6_7
runtime data:        02	02	02
Entry has been added with handle 354
RuntimeCmd: Adding entry to ternary match table MyIngress.tb_hwimo_tree_5_6_7
match key:           TERNARY-00:00:16:aa &&& 31:40:56:bb
action:              MyIngress.set_pred_5_6_7
runtime data:        02	02	02
Entry has been added with handle 355
RuntimeCmd: Adding entry to ternary match table MyIngress.tb_hwimo_tree_5_6_7
match key:           TERNARY-00:00:16:23 &&& 31:c0:56:3b
action:              MyIngress.set_pred_5_6_7
runtime data:        01	01	01
Entry has been added with handle 356
RuntimeCmd: Adding entry to ternary match table MyIngress.tb_hwimo_tree_5_6_7
match key:           TERNARY-00:00:16:2b &&& 31:c0:56:3b
action:              MyIngress.set_pred_5_6_7
runtime data:        00	01	00
Entry has been added with handle 357
RuntimeCmd: Adding entry to ternary match table MyIngress.tb_hwimo_tree_5_6_7
match key:           TERNARY-00:80:16:23 &&& 31:c0:56:33
action:              MyIngress.set_pred_5_6_7
runtime data:        02	02	02
Entry has been added with handle 358
RuntimeCmd: Adding entry to ternary match table MyIngress.tb_hwimo_tree_5_6_7
match key:           TERNARY-00:40:16:20 &&& 31:40:56:30
action:              MyIngress.set_pred_5_6_7
runtime data:        01	02	01
Entry has been added with handle 359
RuntimeCmd: Adding entry to ternary match table MyIngress.tb_hwimo_tree_5_6_7
match key:           TERNARY-00:00:16:30 &&& 31:10:57:30
action:              MyIngress.set_pred_5_6_7
runtime data:        01	01	01
Entry has been added with handle 360
RuntimeCmd: Adding entry to ternary match table MyIngress.tb_hwimo_tree_5_6_7
match key:           TERNARY-00:00:17:30 &&& 31:d0:57:38
action:              MyIngress.set_pred_5_6_7
runtime data:        00	01	00
Entry has been added with handle 361
RuntimeCmd: Adding entry to ternary match table MyIngress.tb_hwimo_tree_5_6_7
match key:           TERNARY-00:40:17:30 &&& 31:d0:57:38
action:              MyIngress.set_pred_5_6_7
runtime data:        01	02	00
Entry has been added with handle 362
RuntimeCmd: Adding entry to ternary match table MyIngress.tb_hwimo_tree_5_6_7
match key:           TERNARY-00:80:17:30 &&& 31:90:57:38
action:              MyIngress.set_pred_5_6_7
runtime data:        01	02	01
Entry has been added with handle 363
RuntimeCmd: Adding entry to ternary match table MyIngress.tb_hwimo_tree_5_6_7
match key:           TERNARY-00:00:17:38 &&& 31:10:57:39
action:              MyIngress.set_pred_5_6_7
runtime data:        01	01	01
Entry has been added with handle 364
RuntimeCmd: Adding entry to ternary match table MyIngress.tb_hwimo_tree_5_6_7
match key:           TERNARY-00:00:17:39 &&& 31:10:5f:39
action:              MyIngress.set_pred_5_6_7
runtime data:        01	01	01
Entry has been added with handle 365
RuntimeCmd: Adding entry to ternary match table MyIngress.tb_hwimo_tree_5_6_7
match key:           TERNARY-00:00:1f:39 &&& 31:10:5f:39
action:              MyIngress.set_pred_5_6_7
runtime data:        01	01	01
Entry has been added with handle 366
RuntimeCmd: Adding entry to ternary match table MyIngress.tb_hwimo_tree_5_6_7
match key:           TERNARY-00:10:16:30 &&& 31:10:56:30
action:              MyIngress.set_pred_5_6_7
runtime data:        02	02	02
Entry has been added with handle 367
RuntimeCmd: Adding entry to ternary match table MyIngress.tb_hwimo_tree_5_6_7
match key:           TERNARY-01:00:00:00 &&& 39:1c:43:00
action:              MyIngress.set_pred_5_6_7
runtime data:        01	02	01
Entry has been added with handle 368
RuntimeCmd: Adding entry to ternary match table MyIngress.tb_hwimo_tree_5_6_7
match key:           TERNARY-01:10:00:00 &&& 39:1e:43:05
action:              MyIngress.set_pred_5_6_7
runtime data:        00	02	00
Entry has been added with handle 369
RuntimeCmd: Adding entry to ternary match table MyIngress.tb_hwimo_tree_5_6_7
match key:           TERNARY-01:10:00:01 &&& 39:1e:43:05
action:              MyIngress.set_pred_5_6_7
runtime data:        00	02	00
Entry has been added with handle 370
RuntimeCmd: Adding entry to ternary match table MyIngress.tb_hwimo_tree_5_6_7
match key:           TERNARY-01:10:00:04 &&& 39:1e:43:24
action:              MyIngress.set_pred_5_6_7
runtime data:        00	01	00
Entry has been added with handle 371
RuntimeCmd: Adding entry to ternary match table MyIngress.tb_hwimo_tree_5_6_7
match key:           TERNARY-01:10:00:24 &&& 39:1e:43:24
action:              MyIngress.set_pred_5_6_7
runtime data:        00	01	00
Entry has been added with handle 372
RuntimeCmd: Adding entry to ternary match table MyIngress.tb_hwimo_tree_5_6_7
match key:           TERNARY-01:12:00:00 &&& 39:1e:53:00
action:              MyIngress.set_pred_5_6_7
runtime data:        01	00	01
Entry has been added with handle 373
RuntimeCmd: Adding entry to ternary match table MyIngress.tb_hwimo_tree_5_6_7
match key:           TERNARY-01:12:10:00 &&& 39:1e:53:70
action:              MyIngress.set_pred_5_6_7
runtime data:        02	01	02
Entry has been added with handle 374
RuntimeCmd: Adding entry to ternary match table MyIngress.tb_hwimo_tree_5_6_7
match key:           TERNARY-01:12:10:20 &&& 39:1e:53:70
action:              MyIngress.set_pred_5_6_7
runtime data:        02	01	02
Entry has been added with handle 375
RuntimeCmd: Adding entry to ternary match table MyIngress.tb_hwimo_tree_5_6_7
match key:           TERNARY-01:12:10:10 &&& 39:1e:53:58
action:              MyIngress.set_pred_5_6_7
runtime data:        02	01	01
Entry has been added with handle 376
RuntimeCmd: Adding entry to ternary match table MyIngress.tb_hwimo_tree_5_6_7
match key:           TERNARY-01:12:10:18 &&& 39:1e:53:58
action:              MyIngress.set_pred_5_6_7
runtime data:        02	01	02
Entry has been added with handle 377
RuntimeCmd: Adding entry to ternary match table MyIngress.tb_hwimo_tree_5_6_7
match key:           TERNARY-01:12:10:40 &&& 39:1e:53:58
action:              MyIngress.set_pred_5_6_7
runtime data:        02	01	01
Entry has been added with handle 378
RuntimeCmd: Adding entry to ternary match table MyIngress.tb_hwimo_tree_5_6_7
match key:           TERNARY-01:12:10:48 &&& 39:1e:53:58
action:              MyIngress.set_pred_5_6_7
runtime data:        02	01	01
Entry has been added with handle 379
RuntimeCmd: Adding entry to ternary match table MyIngress.tb_hwimo_tree_5_6_7
match key:           TERNARY-01:12:10:50 &&& 39:1e:53:70
action:              MyIngress.set_pred_5_6_7
runtime data:        02	01	01
Entry has been added with handle 380
RuntimeCmd: Adding entry to ternary match table MyIngress.tb_hwimo_tree_5_6_7
match key:           TERNARY-01:12:10:70 &&& 39:1e:53:70
action:              MyIngress.set_pred_5_6_7
runtime data:        02	01	02
Entry has been added with handle 381
RuntimeCmd: Adding entry to ternary match table MyIngress.tb_hwimo_tree_5_6_7
match key:           TERNARY-01:00:01:00 &&& 39:0c:43:90
action:              MyIngress.set_pred_5_6_7
runtime data:        01	02	00
Entry has been added with handle 382
RuntimeCmd: Adding entry to ternary match table MyIngress.tb_hwimo_tree_5_6_7
match key:           TERNARY-01:00:01:80 &&& 39:8c:43:98
action:              MyIngress.set_pred_5_6_7
runtime data:        02	01	01
Entry has been added with handle 383
RuntimeCmd: Adding entry to ternary match table MyIngress.tb_hwimo_tree_5_6_7
match key:           TERNARY-01:00:01:88 &&& 39:8c:43:9a
action:              MyIngress.set_pred_5_6_7
runtime data:        02	01	01
Entry has been added with handle 384
RuntimeCmd: Adding entry to ternary match table MyIngress.tb_hwimo_tree_5_6_7
match key:           TERNARY-01:00:01:8a &&& 39:8c:43:9a
action:              MyIngress.set_pred_5_6_7
runtime data:        02	01	01
Entry has been added with handle 385
RuntimeCmd: Adding entry to ternary match table MyIngress.tb_hwimo_tree_5_6_7
match key:           TERNARY-01:80:01:80 &&& 39:8e:43:90
action:              MyIngress.set_pred_5_6_7
runtime data:        00	00	00
Entry has been added with handle 386
RuntimeCmd: Adding entry to ternary match table MyIngress.tb_hwimo_tree_5_6_7
match key:           TERNARY-01:82:01:80 &&& 39:8e:43:95
action:              MyIngress.set_pred_5_6_7
runtime data:        02	01	02
Entry has been added with handle 387
RuntimeCmd: Adding entry to ternary match table MyIngress.tb_hwimo_tree_5_6_7
match key:           TERNARY-01:82:01:84 &&& 39:8e:43:95
action:              MyIngress.set_pred_5_6_7
runtime data:        02	01	02
Entry has been added with handle 388
RuntimeCmd: Adding entry to ternary match table MyIngress.tb_hwimo_tree_5_6_7
match key:           TERNARY-01:82:01:81 &&& 39:8e:43:93
action:              MyIngress.set_pred_5_6_7
runtime data:        01	01	01
Entry has been added with handle 389
RuntimeCmd: Adding entry to ternary match table MyIngress.tb_hwimo_tree_5_6_7
match key:           TERNARY-01:82:01:83 &&& 39:8e:43:93
action:              MyIngress.set_pred_5_6_7
runtime data:        02	01	02
Entry has been added with handle 390
RuntimeCmd: Adding entry to ternary match table MyIngress.tb_hwimo_tree_5_6_7
match key:           TERNARY-01:00:01:10 &&& 39:2c:43:17
action:              MyIngress.set_pred_5_6_7
runtime data:        02	01	02
Entry has been added with handle 391
RuntimeCmd: Adding entry to ternary match table MyIngress.tb_hwimo_tree_5_6_7
match key:           TERNARY-01:00:01:12 &&& 39:2c:43:17
action:              MyIngress.set_pred_5_6_7
runtime data:        02	01	02
Entry has been added with handle 392
RuntimeCmd: Adding entry to ternary match table MyIngress.tb_hwimo_tree_5_6_7
match key:           TERNARY-01:00:01:14 &&& 39:2c:43:15
action:              MyIngress.set_pred_5_6_7
runtime data:        02	01	02
Entry has been added with handle 393
RuntimeCmd: Adding entry to ternary match table MyIngress.tb_hwimo_tree_5_6_7
match key:           TERNARY-01:00:01:11 &&& 39:2c:43:17
action:              MyIngress.set_pred_5_6_7
runtime data:        02	01	02
Entry has been added with handle 394
RuntimeCmd: Adding entry to ternary match table MyIngress.tb_hwimo_tree_5_6_7
match key:           TERNARY-01:00:01:15 &&& 39:2c:43:17
action:              MyIngress.set_pred_5_6_7
runtime data:        02	01	02
Entry has been added with handle 395
RuntimeCmd: Adding entry to ternary match table MyIngress.tb_hwimo_tree_5_6_7
match key:           TERNARY-01:00:01:13 &&& 39:2c:43:17
action:              MyIngress.set_pred_5_6_7
runtime data:        02	01	02
Entry has been added with handle 396
RuntimeCmd: Adding entry to ternary match table MyIngress.tb_hwimo_tree_5_6_7
match key:           TERNARY-01:00:01:17 &&& 39:2c:43:17
action:              MyIngress.set_pred_5_6_7
runtime data:        02	01	02
Entry has been added with handle 397
RuntimeCmd: Adding entry to ternary match table MyIngress.tb_hwimo_tree_5_6_7
match key:           TERNARY-01:20:01:10 &&& 39:2c:43:39
action:              MyIngress.set_pred_5_6_7
runtime data:        02	01	02
Entry has been added with handle 398
RuntimeCmd: Adding entry to ternary match table MyIngress.tb_hwimo_tree_5_6_7
match key:           TERNARY-01:20:01:11 &&& 39:2c:43:39
action:              MyIngress.set_pred_5_6_7
runtime data:        02	01	02
Entry has been added with handle 399
RuntimeCmd: Adding entry to ternary match table MyIngress.tb_hwimo_tree_5_6_7
match key:           TERNARY-01:20:01:30 &&& 39:2c:43:b9
action:              MyIngress.set_pred_5_6_7
runtime data:        02	01	02
Entry has been added with handle 400
RuntimeCmd: Adding entry to ternary match table MyIngress.tb_hwimo_tree_5_6_7
match key:           TERNARY-01:20:01:31 &&& 39:2c:43:b9
action:              MyIngress.set_pred_5_6_7
runtime data:        02	01	02
Entry has been added with handle 401
RuntimeCmd: Adding entry to ternary match table MyIngress.tb_hwimo_tree_5_6_7
match key:           TERNARY-01:20:01:b0 &&& 39:2c:43:bc
action:              MyIngress.set_pred_5_6_7
runtime data:        02	01	01
Entry has been added with handle 402
RuntimeCmd: Adding entry to ternary match table MyIngress.tb_hwimo_tree_5_6_7
match key:           TERNARY-01:20:01:b4 &&& 39:2c:43:bc
action:              MyIngress.set_pred_5_6_7
runtime data:        02	01	02
Entry has been added with handle 403
RuntimeCmd: Adding entry to ternary match table MyIngress.tb_hwimo_tree_5_6_7
match key:           TERNARY-01:20:01:18 &&& 39:2c:43:d8
action:              MyIngress.set_pred_5_6_7
runtime data:        02	01	01
Entry has been added with handle 404
RuntimeCmd: Adding entry to ternary match table MyIngress.tb_hwimo_tree_5_6_7
match key:           TERNARY-01:20:01:98 &&& 39:2c:43:d9
action:              MyIngress.set_pred_5_6_7
runtime data:        02	01	01
Entry has been added with handle 405
RuntimeCmd: Adding entry to ternary match table MyIngress.tb_hwimo_tree_5_6_7
match key:           TERNARY-01:20:01:99 &&& 39:2c:43:d9
action:              MyIngress.set_pred_5_6_7
runtime data:        02	01	01
Entry has been added with handle 406
RuntimeCmd: Adding entry to ternary match table MyIngress.tb_hwimo_tree_5_6_7
match key:           TERNARY-01:20:01:58 &&& 39:2c:43:58
action:              MyIngress.set_pred_5_6_7
runtime data:        02	01	02
Entry has been added with handle 407
RuntimeCmd: Adding entry to ternary match table MyIngress.tb_hwimo_tree_5_6_7
match key:           TERNARY-01:08:00:00 &&& 3d:0c:42:08
action:              MyIngress.set_pred_5_6_7
runtime data:        01	00	01
Entry has been added with handle 408
RuntimeCmd: Adding entry to ternary match table MyIngress.tb_hwimo_tree_5_6_7
match key:           TERNARY-01:08:00:08 &&& 3d:0c:42:1f
action:              MyIngress.set_pred_5_6_7
runtime data:        01	00	01
Entry has been added with handle 409
RuntimeCmd: Adding entry to ternary match table MyIngress.tb_hwimo_tree_5_6_7
match key:           TERNARY-01:08:00:0c &&& 3d:0c:42:1f
action:              MyIngress.set_pred_5_6_7
runtime data:        02	01	02
Entry has been added with handle 410
RuntimeCmd: Adding entry to ternary match table MyIngress.tb_hwimo_tree_5_6_7
match key:           TERNARY-01:08:00:0a &&& 3d:0c:42:1f
action:              MyIngress.set_pred_5_6_7
runtime data:        02	01	02
Entry has been added with handle 411
RuntimeCmd: Adding entry to ternary match table MyIngress.tb_hwimo_tree_5_6_7
match key:           TERNARY-01:08:00:0e &&& 3d:0c:42:1f
action:              MyIngress.set_pred_5_6_7
runtime data:        02	01	02
Entry has been added with handle 412
RuntimeCmd: Adding entry to ternary match table MyIngress.tb_hwimo_tree_5_6_7
match key:           TERNARY-01:08:00:09 &&& 3d:0c:42:1f
action:              MyIngress.set_pred_5_6_7
runtime data:        01	00	01
Entry has been added with handle 413
RuntimeCmd: Adding entry to ternary match table MyIngress.tb_hwimo_tree_5_6_7
match key:           TERNARY-01:08:00:0d &&& 3d:0c:42:1f
action:              MyIngress.set_pred_5_6_7
runtime data:        02	01	02
Entry has been added with handle 414
RuntimeCmd: Adding entry to ternary match table MyIngress.tb_hwimo_tree_5_6_7
match key:           TERNARY-01:08:00:0b &&& 3d:0c:42:1b
action:              MyIngress.set_pred_5_6_7
runtime data:        01	00	01
Entry has been added with handle 415
RuntimeCmd: Adding entry to ternary match table MyIngress.tb_hwimo_tree_5_6_7
match key:           TERNARY-01:08:00:18 &&& 3d:0c:42:18
action:              MyIngress.set_pred_5_6_7
runtime data:        01	00	01
Entry has been added with handle 416
RuntimeCmd: Adding entry to ternary match table MyIngress.tb_hwimo_tree_5_6_7
match key:           TERNARY-05:08:00:00 &&& 3d:0c:42:00
action:              MyIngress.set_pred_5_6_7
runtime data:        01	02	00
Entry has been added with handle 417
RuntimeCmd: Adding entry to ternary match table MyIngress.tb_hwimo_tree_5_6_7
match key:           TERNARY-01:04:00:00 &&& 3d:06:4b:04
action:              MyIngress.set_pred_5_6_7
runtime data:        00	00	00
Entry has been added with handle 418
RuntimeCmd: Adding entry to ternary match table MyIngress.tb_hwimo_tree_5_6_7
match key:           TERNARY-01:04:08:00 &&& 3d:06:4f:05
action:              MyIngress.set_pred_5_6_7
runtime data:        01	02	01
Entry has been added with handle 419
RuntimeCmd: Adding entry to ternary match table MyIngress.tb_hwimo_tree_5_6_7
match key:           TERNARY-01:04:0c:00 &&& 3d:06:4f:05
action:              MyIngress.set_pred_5_6_7
runtime data:        01	02	01
Entry has been added with handle 420
RuntimeCmd: Adding entry to ternary match table MyIngress.tb_hwimo_tree_5_6_7
match key:           TERNARY-01:04:08:01 &&& 3d:06:4b:05
action:              MyIngress.set_pred_5_6_7
runtime data:        01	02	00
Entry has been added with handle 421
RuntimeCmd: Adding entry to ternary match table MyIngress.tb_hwimo_tree_5_6_7
match key:           TERNARY-01:06:00:00 &&& 3d:06:43:04
action:              MyIngress.set_pred_5_6_7
runtime data:        01	02	01
Entry has been added with handle 422
RuntimeCmd: Adding entry to ternary match table MyIngress.tb_hwimo_tree_5_6_7
match key:           TERNARY-05:04:00:00 &&& 3d:04:43:04
action:              MyIngress.set_pred_5_6_7
runtime data:        02	02	01
Entry has been added with handle 423
RuntimeCmd: Adding entry to ternary match table MyIngress.tb_hwimo_tree_5_6_7
match key:           TERNARY-01:04:00:04 &&& 39:06:43:04
action:              MyIngress.set_pred_5_6_7
runtime data:        01	02	00
Entry has been added with handle 424
RuntimeCmd: Adding entry to ternary match table MyIngress.tb_hwimo_tree_5_6_7
match key:           TERNARY-01:06:00:04 &&& 39:06:43:05
action:              MyIngress.set_pred_5_6_7
runtime data:        01	02	01
Entry has been added with handle 425
RuntimeCmd: Adding entry to ternary match table MyIngress.tb_hwimo_tree_5_6_7
match key:           TERNARY-01:06:00:05 &&& 3b:06:43:05
action:              MyIngress.set_pred_5_6_7
runtime data:        02	02	01
Entry has been added with handle 426
RuntimeCmd: Adding entry to ternary match table MyIngress.tb_hwimo_tree_5_6_7
match key:           TERNARY-03:06:00:05 &&& 3b:06:43:05
action:              MyIngress.set_pred_5_6_7
runtime data:        01	02	01
Entry has been added with handle 427
RuntimeCmd: Adding entry to ternary match table MyIngress.tb_hwimo_tree_5_6_7
match key:           TERNARY-01:04:01:00 &&& 39:04:4b:40
action:              MyIngress.set_pred_5_6_7
runtime data:        01	00	01
Entry has been added with handle 428
RuntimeCmd: Adding entry to ternary match table MyIngress.tb_hwimo_tree_5_6_7
match key:           TERNARY-01:04:09:00 &&& 39:04:4b:47
action:              MyIngress.set_pred_5_6_7
runtime data:        01	00	01
Entry has been added with handle 429
RuntimeCmd: Adding entry to ternary match table MyIngress.tb_hwimo_tree_5_6_7
match key:           TERNARY-01:04:09:02 &&& 39:04:4b:47
action:              MyIngress.set_pred_5_6_7
runtime data:        02	01	02
Entry has been added with handle 430
RuntimeCmd: Adding entry to ternary match table MyIngress.tb_hwimo_tree_5_6_7
match key:           TERNARY-01:04:09:04 &&& 39:04:4b:45
action:              MyIngress.set_pred_5_6_7
runtime data:        02	01	02
Entry has been added with handle 431
RuntimeCmd: Adding entry to ternary match table MyIngress.tb_hwimo_tree_5_6_7
match key:           TERNARY-01:04:09:01 &&& 39:04:4b:45
action:              MyIngress.set_pred_5_6_7
runtime data:        01	00	01
Entry has been added with handle 432
RuntimeCmd: Adding entry to ternary match table MyIngress.tb_hwimo_tree_5_6_7
match key:           TERNARY-01:04:09:05 &&& 39:04:4b:47
action:              MyIngress.set_pred_5_6_7
runtime data:        01	00	01
Entry has been added with handle 433
RuntimeCmd: Adding entry to ternary match table MyIngress.tb_hwimo_tree_5_6_7
match key:           TERNARY-01:04:09:07 &&& 39:04:4b:47
action:              MyIngress.set_pred_5_6_7
runtime data:        02	01	02
Entry has been added with handle 434
RuntimeCmd: Adding entry to ternary match table MyIngress.tb_hwimo_tree_5_6_7
match key:           TERNARY-01:04:01:40 &&& 39:04:43:40
action:              MyIngress.set_pred_5_6_7
runtime data:        01	00	00
Entry has been added with handle 435
RuntimeCmd: Adding entry to ternary match table MyIngress.tb_hwimo_tree_5_6_7
match key:           TERNARY-01:00:02:00 &&& 39:80:62:05
action:              MyIngress.set_pred_5_6_7
runtime data:        00	00	00
Entry has been added with handle 436
RuntimeCmd: Adding entry to ternary match table MyIngress.tb_hwimo_tree_5_6_7
match key:           TERNARY-01:00:22:00 &&& 39:8c:62:05
action:              MyIngress.set_pred_5_6_7
runtime data:        02	02	01
Entry has been added with handle 437
RuntimeCmd: Adding entry to ternary match table MyIngress.tb_hwimo_tree_5_6_7
match key:           TERNARY-01:04:22:00 &&& 39:8c:62:05
action:              MyIngress.set_pred_5_6_7
runtime data:        01	02	00
Entry has been added with handle 438
RuntimeCmd: Adding entry to ternary match table MyIngress.tb_hwimo_tree_5_6_7
match key:           TERNARY-01:08:22:00 &&& 39:88:62:05
action:              MyIngress.set_pred_5_6_7
runtime data:        01	02	00
Entry has been added with handle 439
RuntimeCmd: Adding entry to ternary match table MyIngress.tb_hwimo_tree_5_6_7
match key:           TERNARY-01:00:02:01 &&& 39:84:42:05
action:              MyIngress.set_pred_5_6_7
runtime data:        02	02	01
Entry has been added with handle 440
RuntimeCmd: Adding entry to ternary match table MyIngress.tb_hwimo_tree_5_6_7
match key:           TERNARY-01:04:02:01 &&& 39:84:42:05
action:              MyIngress.set_pred_5_6_7
runtime data:        00	00	00
Entry has been added with handle 441
RuntimeCmd: Adding entry to ternary match table MyIngress.tb_hwimo_tree_5_6_7
match key:           TERNARY-01:00:02:04 &&& 39:c2:43:14
action:              MyIngress.set_pred_5_6_7
runtime data:        01	02	01
Entry has been added with handle 442
RuntimeCmd: Adding entry to ternary match table MyIngress.tb_hwimo_tree_5_6_7
match key:           TERNARY-01:40:02:04 &&& 39:c2:43:14
action:              MyIngress.set_pred_5_6_7
runtime data:        01	02	00
Entry has been added with handle 443
RuntimeCmd: Adding entry to ternary match table MyIngress.tb_hwimo_tree_5_6_7
match key:           TERNARY-01:00:02:14 &&& 39:82:43:94
action:              MyIngress.set_pred_5_6_7
runtime data:        02	02	02
Entry has been added with handle 444
RuntimeCmd: Adding entry to ternary match table MyIngress.tb_hwimo_tree_5_6_7
match key:           TERNARY-01:00:02:94 &&& 39:82:43:94
action:              MyIngress.set_pred_5_6_7
runtime data:        02	02	02
Entry has been added with handle 445
RuntimeCmd: Adding entry to ternary match table MyIngress.tb_hwimo_tree_5_6_7
match key:           TERNARY-01:02:02:04 &&& 39:82:43:04
action:              MyIngress.set_pred_5_6_7
runtime data:        02	02	01
Entry has been added with handle 446
RuntimeCmd: Adding entry to ternary match table MyIngress.tb_hwimo_tree_5_6_7
match key:           TERNARY-01:00:03:04 &&& 39:80:43:84
action:              MyIngress.set_pred_5_6_7
runtime data:        01	02	01
Entry has been added with handle 447
RuntimeCmd: Adding entry to ternary match table MyIngress.tb_hwimo_tree_5_6_7
match key:           TERNARY-01:00:03:84 &&& 39:80:43:84
action:              MyIngress.set_pred_5_6_7
runtime data:        00	00	00
Entry has been added with handle 448
RuntimeCmd: Adding entry to ternary match table MyIngress.tb_hwimo_tree_5_6_7
match key:           TERNARY-01:80:02:00 &&& 3d:88:42:c0
action:              MyIngress.set_pred_5_6_7
runtime data:        01	00	01
Entry has been added with handle 449
RuntimeCmd: Adding entry to ternary match table MyIngress.tb_hwimo_tree_5_6_7
match key:           TERNARY-01:80:02:80 &&& 3d:88:42:c0
action:              MyIngress.set_pred_5_6_7
runtime data:        01	01	01
Entry has been added with handle 450
RuntimeCmd: Adding entry to ternary match table MyIngress.tb_hwimo_tree_5_6_7
match key:           TERNARY-01:88:02:00 &&& 3d:88:42:40
action:              MyIngress.set_pred_5_6_7
runtime data:        01	00	00
Entry has been added with handle 451
RuntimeCmd: Adding entry to ternary match table MyIngress.tb_hwimo_tree_5_6_7
match key:           TERNARY-05:80:02:00 &&& 3d:84:42:58
action:              MyIngress.set_pred_5_6_7
runtime data:        01	01	01
Entry has been added with handle 452
RuntimeCmd: Adding entry to ternary match table MyIngress.tb_hwimo_tree_5_6_7
match key:           TERNARY-05:80:02:10 &&& 3d:84:42:f8
action:              MyIngress.set_pred_5_6_7
runtime data:        01	01	01
Entry has been added with handle 453
RuntimeCmd: Adding entry to ternary match table MyIngress.tb_hwimo_tree_5_6_7
match key:           TERNARY-05:80:02:30 &&& 3d:84:42:f8
action:              MyIngress.set_pred_5_6_7
runtime data:        01	02	01
Entry has been added with handle 454
RuntimeCmd: Adding entry to ternary match table MyIngress.tb_hwimo_tree_5_6_7
match key:           TERNARY-05:80:02:90 &&& 3d:84:42:d8
action:              MyIngress.set_pred_5_6_7
runtime data:        01	02	01
Entry has been added with handle 455
RuntimeCmd: Adding entry to ternary match table MyIngress.tb_hwimo_tree_5_6_7
match key:           TERNARY-05:80:02:08 &&& 3d:84:47:58
action:              MyIngress.set_pred_5_6_7
runtime data:        01	01	01
Entry has been added with handle 456
RuntimeCmd: Adding entry to ternary match table MyIngress.tb_hwimo_tree_5_6_7
match key:           TERNARY-05:80:03:08 &&& 3d:84:47:58
action:              MyIngress.set_pred_5_6_7
runtime data:        01	02	01
Entry has been added with handle 457
RuntimeCmd: Adding entry to ternary match table MyIngress.tb_hwimo_tree_5_6_7
match key:           TERNARY-05:80:06:08 &&& 3d:84:46:58
action:              MyIngress.set_pred_5_6_7
runtime data:        01	02	01
Entry has been added with handle 458
RuntimeCmd: Adding entry to ternary match table MyIngress.tb_hwimo_tree_5_6_7
match key:           TERNARY-05:80:02:18 &&& 3d:8c:42:58
action:              MyIngress.set_pred_5_6_7
runtime data:        01	01	01
Entry has been added with handle 459
RuntimeCmd: Adding entry to ternary match table MyIngress.tb_hwimo_tree_5_6_7
match key:           TERNARY-05:88:02:18 &&& 3d:8c:42:d8
action:              MyIngress.set_pred_5_6_7
runtime data:        01	02	01
Entry has been added with handle 460
RuntimeCmd: Adding entry to ternary match table MyIngress.tb_hwimo_tree_5_6_7
match key:           TERNARY-05:88:02:98 &&& 3d:8c:42:d8
action:              MyIngress.set_pred_5_6_7
runtime data:        01	01	01
Entry has been added with handle 461
RuntimeCmd: Adding entry to ternary match table MyIngress.tb_hwimo_tree_5_6_7
match key:           TERNARY-05:84:02:00 &&& 3d:8c:42:c0
action:              MyIngress.set_pred_5_6_7
runtime data:        01	02	01
Entry has been added with handle 462
RuntimeCmd: Adding entry to ternary match table MyIngress.tb_hwimo_tree_5_6_7
match key:           TERNARY-05:8c:02:00 &&& 3d:8c:42:c0
action:              MyIngress.set_pred_5_6_7
runtime data:        01	01	01
Entry has been added with handle 463
RuntimeCmd: Adding entry to ternary match table MyIngress.tb_hwimo_tree_5_6_7
match key:           TERNARY-05:84:02:80 &&& 3d:84:42:c0
action:              MyIngress.set_pred_5_6_7
runtime data:        01	02	00
Entry has been added with handle 464
RuntimeCmd: Adding entry to ternary match table MyIngress.tb_hwimo_tree_5_6_7
match key:           TERNARY-01:80:02:40 &&& 3d:80:56:41
action:              MyIngress.set_pred_5_6_7
runtime data:        00	02	00
Entry has been added with handle 465
RuntimeCmd: Adding entry to ternary match table MyIngress.tb_hwimo_tree_5_6_7
match key:           TERNARY-01:80:06:40 &&& 3d:80:56:41
action:              MyIngress.set_pred_5_6_7
runtime data:        00	02	00
Entry has been added with handle 466
RuntimeCmd: Adding entry to ternary match table MyIngress.tb_hwimo_tree_5_6_7
match key:           TERNARY-01:80:02:41 &&& 3d:80:52:41
action:              MyIngress.set_pred_5_6_7
runtime data:        00	02	00
Entry has been added with handle 467
RuntimeCmd: Adding entry to ternary match table MyIngress.tb_hwimo_tree_5_6_7
match key:           TERNARY-05:80:02:40 &&& 3d:80:52:40
action:              MyIngress.set_pred_5_6_7
runtime data:        01	01	01
Entry has been added with handle 468
RuntimeCmd: Adding entry to ternary match table MyIngress.tb_hwimo_tree_5_6_7
match key:           TERNARY-01:80:12:40 &&& 39:d0:d3:c4
action:              MyIngress.set_pred_5_6_7
runtime data:        01	02	01
Entry has been added with handle 469
RuntimeCmd: Adding entry to ternary match table MyIngress.tb_hwimo_tree_5_6_7
match key:           TERNARY-01:80:12:44 &&& 39:d0:d3:c4
action:              MyIngress.set_pred_5_6_7
runtime data:        01	02	01
Entry has been added with handle 470
RuntimeCmd: Adding entry to ternary match table MyIngress.tb_hwimo_tree_5_6_7
match key:           TERNARY-01:80:12:c0 &&& 39:d4:d3:c0
action:              MyIngress.set_pred_5_6_7
runtime data:        01	02	01
Entry has been added with handle 471
RuntimeCmd: Adding entry to ternary match table MyIngress.tb_hwimo_tree_5_6_7
match key:           TERNARY-01:84:12:c0 &&& 39:d4:d3:c0
action:              MyIngress.set_pred_5_6_7
runtime data:        01	01	00
Entry has been added with handle 472
RuntimeCmd: Adding entry to ternary match table MyIngress.tb_hwimo_tree_5_6_7
match key:           TERNARY-01:90:12:40 &&& 39:d2:d7:40
action:              MyIngress.set_pred_5_6_7
runtime data:        00	02	01
Entry has been added with handle 473
RuntimeCmd: Adding entry to ternary match table MyIngress.tb_hwimo_tree_5_6_7
match key:           TERNARY-01:90:16:40 &&& 39:d2:d7:40
action:              MyIngress.set_pred_5_6_7
runtime data:        00	02	00
Entry has been added with handle 474
RuntimeCmd: Adding entry to ternary match table MyIngress.tb_hwimo_tree_5_6_7
match key:           TERNARY-01:92:12:40 &&& 39:d2:d3:60
action:              MyIngress.set_pred_5_6_7
runtime data:        01	02	01
Entry has been added with handle 475
RuntimeCmd: Adding entry to ternary match table MyIngress.tb_hwimo_tree_5_6_7
match key:           TERNARY-01:92:12:60 &&& 39:d2:d3:60
action:              MyIngress.set_pred_5_6_7
runtime data:        02	02	01
Entry has been added with handle 476
RuntimeCmd: Adding entry to ternary match table MyIngress.tb_hwimo_tree_5_6_7
match key:           TERNARY-01:c0:12:40 &&& 39:c0:d3:40
action:              MyIngress.set_pred_5_6_7
runtime data:        01	01	01
Entry has been added with handle 477
RuntimeCmd: Adding entry to ternary match table MyIngress.tb_hwimo_tree_5_6_7
match key:           TERNARY-01:80:13:40 &&& 39:80:d3:50
action:              MyIngress.set_pred_5_6_7
runtime data:        02	02	02
Entry has been added with handle 478
RuntimeCmd: Adding entry to ternary match table MyIngress.tb_hwimo_tree_5_6_7
match key:           TERNARY-01:80:13:50 &&& 39:84:d3:53
action:              MyIngress.set_pred_5_6_7
runtime data:        01	02	01
Entry has been added with handle 479
RuntimeCmd: Adding entry to ternary match table MyIngress.tb_hwimo_tree_5_6_7
match key:           TERNARY-01:80:13:52 &&& 39:84:d3:53
action:              MyIngress.set_pred_5_6_7
runtime data:        01	02	01
Entry has been added with handle 480
RuntimeCmd: Adding entry to ternary match table MyIngress.tb_hwimo_tree_5_6_7
match key:           TERNARY-01:80:13:51 &&& 39:84:d3:53
action:              MyIngress.set_pred_5_6_7
runtime data:        01	02	01
Entry has been added with handle 481
RuntimeCmd: Adding entry to ternary match table MyIngress.tb_hwimo_tree_5_6_7
match key:           TERNARY-01:80:13:53 &&& 39:84:d3:53
action:              MyIngress.set_pred_5_6_7
runtime data:        02	02	01
Entry has been added with handle 482
RuntimeCmd: Adding entry to ternary match table MyIngress.tb_hwimo_tree_5_6_7
match key:           TERNARY-01:84:13:50 &&& 39:84:d3:70
action:              MyIngress.set_pred_5_6_7
runtime data:        02	02	02
Entry has been added with handle 483
RuntimeCmd: Adding entry to ternary match table MyIngress.tb_hwimo_tree_5_6_7
match key:           TERNARY-01:84:13:70 &&& 39:84:d3:70
action:              MyIngress.set_pred_5_6_7
runtime data:        01	02	01
Entry has been added with handle 484
RuntimeCmd: Adding entry to ternary match table MyIngress.tb_hwimo_tree_5_6_7
match key:           TERNARY-01:80:92:40 &&& 39:80:d2:40
action:              MyIngress.set_pred_5_6_7
runtime data:        01	02	00
Entry has been added with handle 485
RuntimeCmd: Adding entry to ternary match table MyIngress.tb_hwimo_tree_5_6_7
match key:           TERNARY-09:00:00:00 &&& 39:20:48:a8
action:              MyIngress.set_pred_5_6_7
runtime data:        00	00	00
Entry has been added with handle 486
RuntimeCmd: Adding entry to ternary match table MyIngress.tb_hwimo_tree_5_6_7
match key:           TERNARY-09:00:00:20 &&& 39:20:48:a8
action:              MyIngress.set_pred_5_6_7
runtime data:        02	02	02
Entry has been added with handle 487
RuntimeCmd: Adding entry to ternary match table MyIngress.tb_hwimo_tree_5_6_7
match key:           TERNARY-09:00:00:80 &&& 39:20:48:a8
action:              MyIngress.set_pred_5_6_7
runtime data:        02	02	02
Entry has been added with handle 488
RuntimeCmd: Adding entry to ternary match table MyIngress.tb_hwimo_tree_5_6_7
match key:           TERNARY-09:00:00:a0 &&& 39:20:48:b8
action:              MyIngress.set_pred_5_6_7
runtime data:        01	02	00
Entry has been added with handle 489
RuntimeCmd: Adding entry to ternary match table MyIngress.tb_hwimo_tree_5_6_7
match key:           TERNARY-09:00:00:b0 &&& 39:20:48:b8
action:              MyIngress.set_pred_5_6_7
runtime data:        01	02	01
Entry has been added with handle 490
RuntimeCmd: Adding entry to ternary match table MyIngress.tb_hwimo_tree_5_6_7
match key:           TERNARY-09:20:00:00 &&& 39:2a:48:88
action:              MyIngress.set_pred_5_6_7
runtime data:        02	02	02
Entry has been added with handle 491
RuntimeCmd: Adding entry to ternary match table MyIngress.tb_hwimo_tree_5_6_7
match key:           TERNARY-09:28:00:00 &&& 39:2a:48:8c
action:              MyIngress.set_pred_5_6_7
runtime data:        00	01	00
Entry has been added with handle 492
RuntimeCmd: Adding entry to ternary match table MyIngress.tb_hwimo_tree_5_6_7
match key:           TERNARY-09:28:00:04 &&& 39:2a:48:8c
action:              MyIngress.set_pred_5_6_7
runtime data:        01	02	01
Entry has been added with handle 493
RuntimeCmd: Adding entry to ternary match table MyIngress.tb_hwimo_tree_5_6_7
match key:           TERNARY-09:20:00:80 &&& 39:36:48:88
action:              MyIngress.set_pred_5_6_7
runtime data:        01	02	00
Entry has been added with handle 494
RuntimeCmd: Adding entry to ternary match table MyIngress.tb_hwimo_tree_5_6_7
match key:           TERNARY-09:30:00:80 &&& 39:36:48:88
action:              MyIngress.set_pred_5_6_7
runtime data:        01	02	01
Entry has been added with handle 495
RuntimeCmd: Adding entry to ternary match table MyIngress.tb_hwimo_tree_5_6_7
match key:           TERNARY-09:24:00:80 &&& 39:26:48:88
action:              MyIngress.set_pred_5_6_7
runtime data:        01	02	01
Entry has been added with handle 496
RuntimeCmd: Adding entry to ternary match table MyIngress.tb_hwimo_tree_5_6_7
match key:           TERNARY-09:22:00:00 &&& 39:22:4c:08
action:              MyIngress.set_pred_5_6_7
runtime data:        01	01	01
Entry has been added with handle 497
RuntimeCmd: Adding entry to ternary match table MyIngress.tb_hwimo_tree_5_6_7
match key:           TERNARY-09:22:04:00 &&& 39:22:4c:08
action:              MyIngress.set_pred_5_6_7
runtime data:        01	01	00
Entry has been added with handle 498
RuntimeCmd: Adding entry to ternary match table MyIngress.tb_hwimo_tree_5_6_7
match key:           TERNARY-09:00:00:08 &&& 39:00:49:1a
action:              MyIngress.set_pred_5_6_7
runtime data:        02	02	00
Entry has been added with handle 499
RuntimeCmd: Adding entry to ternary match table MyIngress.tb_hwimo_tree_5_6_7
match key:           TERNARY-09:00:01:08 &&& 39:00:49:1a
action:              MyIngress.set_pred_5_6_7
runtime data:        02	02	02
Entry has been added with handle 500
RuntimeCmd: Adding entry to ternary match table MyIngress.tb_hwimo_tree_5_6_7
match key:           TERNARY-09:00:00:0a &&& 39:00:49:1b
action:              MyIngress.set_pred_5_6_7
runtime data:        02	02	00
Entry has been added with handle 501
RuntimeCmd: Adding entry to ternary match table MyIngress.tb_hwimo_tree_5_6_7
match key:           TERNARY-09:00:01:0a &&& 39:00:49:1b
action:              MyIngress.set_pred_5_6_7
runtime data:        02	02	02
Entry has been added with handle 502
RuntimeCmd: Adding entry to ternary match table MyIngress.tb_hwimo_tree_5_6_7
match key:           TERNARY-09:00:00:0b &&& 39:00:48:1b
action:              MyIngress.set_pred_5_6_7
runtime data:        02	02	02
Entry has been added with handle 503
RuntimeCmd: Adding entry to ternary match table MyIngress.tb_hwimo_tree_5_6_7
match key:           TERNARY-09:00:00:18 &&& 39:00:48:b8
action:              MyIngress.set_pred_5_6_7
runtime data:        02	02	02
Entry has been added with handle 504
RuntimeCmd: Adding entry to ternary match table MyIngress.tb_hwimo_tree_5_6_7
match key:           TERNARY-09:00:00:98 &&& 39:08:48:b8
action:              MyIngress.set_pred_5_6_7
runtime data:        02	02	02
Entry has been added with handle 505
RuntimeCmd: Adding entry to ternary match table MyIngress.tb_hwimo_tree_5_6_7
match key:           TERNARY-09:08:00:98 &&& 39:08:48:b8
action:              MyIngress.set_pred_5_6_7
runtime data:        01	01	01
Entry has been added with handle 506
RuntimeCmd: Adding entry to ternary match table MyIngress.tb_hwimo_tree_5_6_7
match key:           TERNARY-09:00:00:38 &&& 39:02:4c:38
action:              MyIngress.set_pred_5_6_7
runtime data:        01	02	01
Entry has been added with handle 507
RuntimeCmd: Adding entry to ternary match table MyIngress.tb_hwimo_tree_5_6_7
match key:           TERNARY-09:00:04:38 &&& 39:02:4c:38
action:              MyIngress.set_pred_5_6_7
runtime data:        01	01	01
Entry has been added with handle 508
RuntimeCmd: Adding entry to ternary match table MyIngress.tb_hwimo_tree_5_6_7
match key:           TERNARY-09:02:00:38 &&& 39:02:49:3f
action:              MyIngress.set_pred_5_6_7
runtime data:        01	02	00
Entry has been added with handle 509
RuntimeCmd: Adding entry to ternary match table MyIngress.tb_hwimo_tree_5_6_7
match key:           TERNARY-09:02:00:3c &&& 39:02:49:3f
action:              MyIngress.set_pred_5_6_7
runtime data:        02	02	02
Entry has been added with handle 510
RuntimeCmd: Adding entry to ternary match table MyIngress.tb_hwimo_tree_5_6_7
match key:           TERNARY-09:02:01:38 &&& 39:02:49:3b
action:              MyIngress.set_pred_5_6_7
runtime data:        02	02	02
Entry has been added with handle 511
RuntimeCmd: Adding entry to ternary match table MyIngress.tb_hwimo_tree_5_6_7
match key:           TERNARY-09:02:00:39 &&& 39:02:48:3b
action:              MyIngress.set_pred_5_6_7
runtime data:        02	02	02
Entry has been added with handle 512
RuntimeCmd: Adding entry to ternary match table MyIngress.tb_hwimo_tree_5_6_7
match key:           TERNARY-09:02:00:3a &&& 39:02:49:3f
action:              MyIngress.set_pred_5_6_7
runtime data:        02	02	02
Entry has been added with handle 513
RuntimeCmd: Adding entry to ternary match table MyIngress.tb_hwimo_tree_5_6_7
match key:           TERNARY-09:02:01:3a &&& 39:02:49:3f
action:              MyIngress.set_pred_5_6_7
runtime data:        02	02	02
Entry has been added with handle 514
RuntimeCmd: Adding entry to ternary match table MyIngress.tb_hwimo_tree_5_6_7
match key:           TERNARY-09:02:00:3e &&& 39:02:48:3f
action:              MyIngress.set_pred_5_6_7
runtime data:        02	02	02
Entry has been added with handle 515
RuntimeCmd: Adding entry to ternary match table MyIngress.tb_hwimo_tree_5_6_7
match key:           TERNARY-09:02:00:3b &&& 39:02:48:3b
action:              MyIngress.set_pred_5_6_7
runtime data:        02	02	02
Entry has been added with handle 516
RuntimeCmd: Adding entry to ternary match table MyIngress.tb_hwimo_tree_5_6_7
match key:           TERNARY-09:00:08:00 &&& 39:04:4f:8f
action:              MyIngress.set_pred_5_6_7
runtime data:        02	00	02
Entry has been added with handle 517
RuntimeCmd: Adding entry to ternary match table MyIngress.tb_hwimo_tree_5_6_7
match key:           TERNARY-09:00:08:08 &&& 39:04:4f:8f
action:              MyIngress.set_pred_5_6_7
runtime data:        01	01	01
Entry has been added with handle 518
RuntimeCmd: Adding entry to ternary match table MyIngress.tb_hwimo_tree_5_6_7
match key:           TERNARY-09:00:08:80 &&& 39:04:4f:8f
action:              MyIngress.set_pred_5_6_7
runtime data:        01	01	01
Entry has been added with handle 519
RuntimeCmd: Adding entry to ternary match table MyIngress.tb_hwimo_tree_5_6_7
match key:           TERNARY-09:00:08:88 &&& 39:04:4f:8f
action:              MyIngress.set_pred_5_6_7
runtime data:        01	01	01
Entry has been added with handle 520
RuntimeCmd: Adding entry to ternary match table MyIngress.tb_hwimo_tree_5_6_7
match key:           TERNARY-09:00:09:00 &&& 39:04:4f:0f
action:              MyIngress.set_pred_5_6_7
runtime data:        01	00	01
Entry has been added with handle 521
RuntimeCmd: Adding entry to ternary match table MyIngress.tb_hwimo_tree_5_6_7
match key:           TERNARY-09:00:09:08 &&& 39:04:4f:1f
action:              MyIngress.set_pred_5_6_7
runtime data:        02	01	02
Entry has been added with handle 522
RuntimeCmd: Adding entry to ternary match table MyIngress.tb_hwimo_tree_5_6_7
match key:           TERNARY-09:00:09:18 &&& 39:04:4f:1f
action:              MyIngress.set_pred_5_6_7
runtime data:        02	00	02
Entry has been added with handle 523
RuntimeCmd: Adding entry to ternary match table MyIngress.tb_hwimo_tree_5_6_7
match key:           TERNARY-09:00:0a:00 &&& 39:04:4e:2f
action:              MyIngress.set_pred_5_6_7
runtime data:        02	00	02
Entry has been added with handle 524
RuntimeCmd: Adding entry to ternary match table MyIngress.tb_hwimo_tree_5_6_7
match key:           TERNARY-09:00:0a:08 &&& 39:04:4e:3f
action:              MyIngress.set_pred_5_6_7
runtime data:        02	00	02
Entry has been added with handle 525
RuntimeCmd: Adding entry to ternary match table MyIngress.tb_hwimo_tree_5_6_7
match key:           TERNARY-09:00:0a:18 &&& 39:04:4e:3f
action:              MyIngress.set_pred_5_6_7
runtime data:        01	00	01
Entry has been added with handle 526
RuntimeCmd: Adding entry to ternary match table MyIngress.tb_hwimo_tree_5_6_7
match key:           TERNARY-09:00:0a:20 &&& 39:04:4e:b7
action:              MyIngress.set_pred_5_6_7
runtime data:        01	01	01
Entry has been added with handle 527
RuntimeCmd: Adding entry to ternary match table MyIngress.tb_hwimo_tree_5_6_7
match key:           TERNARY-09:00:0a:30 &&& 39:04:4e:b7
action:              MyIngress.set_pred_5_6_7
runtime data:        01	01	01
Entry has been added with handle 528
RuntimeCmd: Adding entry to ternary match table MyIngress.tb_hwimo_tree_5_6_7
match key:           TERNARY-09:00:0a:a0 &&& 39:04:4e:b7
action:              MyIngress.set_pred_5_6_7
runtime data:        02	00	02
Entry has been added with handle 529
RuntimeCmd: Adding entry to ternary match table MyIngress.tb_hwimo_tree_5_6_7
match key:           TERNARY-09:00:0a:b0 &&& 39:04:4e:b7
action:              MyIngress.set_pred_5_6_7
runtime data:        01	00	01
Entry has been added with handle 530
RuntimeCmd: Adding entry to ternary match table MyIngress.tb_hwimo_tree_5_6_7
match key:           TERNARY-09:00:0c:00 &&& 39:04:4d:67
action:              MyIngress.set_pred_5_6_7
runtime data:        02	00	02
Entry has been added with handle 531
RuntimeCmd: Adding entry to ternary match table MyIngress.tb_hwimo_tree_5_6_7
match key:           TERNARY-09:00:0c:20 &&& 39:04:4d:6f
action:              MyIngress.set_pred_5_6_7
runtime data:        01	00	01
Entry has been added with handle 532
RuntimeCmd: Adding entry to ternary match table MyIngress.tb_hwimo_tree_5_6_7
match key:           TERNARY-09:00:0c:28 &&& 39:04:4d:6f
action:              MyIngress.set_pred_5_6_7
runtime data:        01	00	01
Entry has been added with handle 533
RuntimeCmd: Adding entry to ternary match table MyIngress.tb_hwimo_tree_5_6_7
match key:           TERNARY-09:00:0d:00 &&& 39:04:4f:57
action:              MyIngress.set_pred_5_6_7
runtime data:        02	00	02
Entry has been added with handle 534
RuntimeCmd: Adding entry to ternary match table MyIngress.tb_hwimo_tree_5_6_7
match key:           TERNARY-09:00:0d:10 &&& 39:04:4f:57
action:              MyIngress.set_pred_5_6_7
runtime data:        01	00	01
Entry has been added with handle 535
RuntimeCmd: Adding entry to ternary match table MyIngress.tb_hwimo_tree_5_6_7
match key:           TERNARY-09:00:0f:00 &&& 39:04:4f:4f
action:              MyIngress.set_pred_5_6_7
runtime data:        01	00	01
Entry has been added with handle 536
RuntimeCmd: Adding entry to ternary match table MyIngress.tb_hwimo_tree_5_6_7
match key:           TERNARY-09:00:0f:08 &&& 39:04:4f:4f
action:              MyIngress.set_pred_5_6_7
runtime data:        01	01	01
Entry has been added with handle 537
RuntimeCmd: Adding entry to ternary match table MyIngress.tb_hwimo_tree_5_6_7
match key:           TERNARY-09:00:0c:40 &&& 39:04:4e:6f
action:              MyIngress.set_pred_5_6_7
runtime data:        01	01	01
Entry has been added with handle 538
RuntimeCmd: Adding entry to ternary match table MyIngress.tb_hwimo_tree_5_6_7
match key:           TERNARY-09:00:0c:60 &&& 39:04:4e:6f
action:              MyIngress.set_pred_5_6_7
runtime data:        01	01	01
Entry has been added with handle 539
RuntimeCmd: Adding entry to ternary match table MyIngress.tb_hwimo_tree_5_6_7
match key:           TERNARY-09:00:0c:48 &&& 39:04:4f:4f
action:              MyIngress.set_pred_5_6_7
runtime data:        01	01	01
Entry has been added with handle 540
RuntimeCmd: Adding entry to ternary match table MyIngress.tb_hwimo_tree_5_6_7
match key:           TERNARY-09:00:0d:48 &&& 39:04:4f:4f
action:              MyIngress.set_pred_5_6_7
runtime data:        02	00	02
Entry has been added with handle 541
RuntimeCmd: Adding entry to ternary match table MyIngress.tb_hwimo_tree_5_6_7
match key:           TERNARY-09:00:0e:40 &&& 39:04:4e:6f
action:              MyIngress.set_pred_5_6_7
runtime data:        02	00	02
Entry has been added with handle 542
RuntimeCmd: Adding entry to ternary match table MyIngress.tb_hwimo_tree_5_6_7
match key:           TERNARY-09:00:0e:48 &&& 39:04:4e:6f
action:              MyIngress.set_pred_5_6_7
runtime data:        01	00	01
Entry has been added with handle 543
RuntimeCmd: Adding entry to ternary match table MyIngress.tb_hwimo_tree_5_6_7
match key:           TERNARY-09:00:0e:60 &&& 39:04:4e:77
action:              MyIngress.set_pred_5_6_7
runtime data:        01	00	01
Entry has been added with handle 544
RuntimeCmd: Adding entry to ternary match table MyIngress.tb_hwimo_tree_5_6_7
match key:           TERNARY-09:00:0e:70 &&& 39:04:4e:77
action:              MyIngress.set_pred_5_6_7
runtime data:        01	00	01
Entry has been added with handle 545
RuntimeCmd: Adding entry to ternary match table MyIngress.tb_hwimo_tree_5_6_7
match key:           TERNARY-09:00:08:02 &&& 39:04:4d:cf
action:              MyIngress.set_pred_5_6_7
runtime data:        02	00	02
Entry has been added with handle 546
RuntimeCmd: Adding entry to ternary match table MyIngress.tb_hwimo_tree_5_6_7
match key:           TERNARY-09:00:08:0a &&& 39:04:4d:cf
action:              MyIngress.set_pred_5_6_7
runtime data:        02	00	02
Entry has been added with handle 547
RuntimeCmd: Adding entry to ternary match table MyIngress.tb_hwimo_tree_5_6_7
match key:           TERNARY-09:00:09:02 &&& 39:04:4d:e7
action:              MyIngress.set_pred_5_6_7
runtime data:        01	00	01
Entry has been added with handle 548
RuntimeCmd: Adding entry to ternary match table MyIngress.tb_hwimo_tree_5_6_7
match key:           TERNARY-09:00:09:22 &&& 39:04:4d:e7
action:              MyIngress.set_pred_5_6_7
runtime data:        01	01	01
Entry has been added with handle 549
RuntimeCmd: Adding entry to ternary match table MyIngress.tb_hwimo_tree_5_6_7
match key:           TERNARY-09:00:08:82 &&& 39:04:4d:d7
action:              MyIngress.set_pred_5_6_7
runtime data:        02	00	02
Entry has been added with handle 550
RuntimeCmd: Adding entry to ternary match table MyIngress.tb_hwimo_tree_5_6_7
match key:           TERNARY-09:00:08:92 &&& 39:04:4d:d7
action:              MyIngress.set_pred_5_6_7
runtime data:        02	00	02
Entry has been added with handle 551
RuntimeCmd: Adding entry to ternary match table MyIngress.tb_hwimo_tree_5_6_7
match key:           TERNARY-09:00:09:82 &&& 39:04:4d:d7
action:              MyIngress.set_pred_5_6_7
runtime data:        02	00	02
Entry has been added with handle 552
RuntimeCmd: Adding entry to ternary match table MyIngress.tb_hwimo_tree_5_6_7
match key:           TERNARY-09:00:09:92 &&& 39:04:4d:d7
action:              MyIngress.set_pred_5_6_7
runtime data:        02	00	02
Entry has been added with handle 553
RuntimeCmd: Adding entry to ternary match table MyIngress.tb_hwimo_tree_5_6_7
match key:           TERNARY-09:00:08:42 &&& 39:04:4e:d7
action:              MyIngress.set_pred_5_6_7
runtime data:        02	00	02
Entry has been added with handle 554
RuntimeCmd: Adding entry to ternary match table MyIngress.tb_hwimo_tree_5_6_7
match key:           TERNARY-09:00:08:c2 &&& 39:04:4e:d7
action:              MyIngress.set_pred_5_6_7
runtime data:        01	01	01
Entry has been added with handle 555
RuntimeCmd: Adding entry to ternary match table MyIngress.tb_hwimo_tree_5_6_7
match key:           TERNARY-09:00:08:52 &&& 39:04:4f:57
action:              MyIngress.set_pred_5_6_7
runtime data:        01	01	01
Entry has been added with handle 556
RuntimeCmd: Adding entry to ternary match table MyIngress.tb_hwimo_tree_5_6_7
match key:           TERNARY-09:00:09:52 &&& 39:04:4f:57
action:              MyIngress.set_pred_5_6_7
runtime data:        02	00	02
Entry has been added with handle 557
RuntimeCmd: Adding entry to ternary match table MyIngress.tb_hwimo_tree_5_6_7
match key:           TERNARY-09:00:0a:42 &&& 39:04:4f:67
action:              MyIngress.set_pred_5_6_7
runtime data:        02	00	02
Entry has been added with handle 558
RuntimeCmd: Adding entry to ternary match table MyIngress.tb_hwimo_tree_5_6_7
match key:           TERNARY-09:00:0a:62 &&& 39:04:4f:67
action:              MyIngress.set_pred_5_6_7
runtime data:        02	01	02
Entry has been added with handle 559
RuntimeCmd: Adding entry to ternary match table MyIngress.tb_hwimo_tree_5_6_7
match key:           TERNARY-09:00:0b:42 &&& 39:04:4f:4f
action:              MyIngress.set_pred_5_6_7
runtime data:        02	00	02
Entry has been added with handle 560
RuntimeCmd: Adding entry to ternary match table MyIngress.tb_hwimo_tree_5_6_7
match key:           TERNARY-09:00:0b:4a &&& 39:04:4f:4f
action:              MyIngress.set_pred_5_6_7
runtime data:        02	00	02
Entry has been added with handle 561
RuntimeCmd: Adding entry to ternary match table MyIngress.tb_hwimo_tree_5_6_7
match key:           TERNARY-09:00:0c:02 &&& 39:04:4e:e7
action:              MyIngress.set_pred_5_6_7
runtime data:        02	00	02
Entry has been added with handle 562
RuntimeCmd: Adding entry to ternary match table MyIngress.tb_hwimo_tree_5_6_7
match key:           TERNARY-09:00:0c:22 &&& 39:04:4e:e7
action:              MyIngress.set_pred_5_6_7
runtime data:        02	00	02
Entry has been added with handle 563
RuntimeCmd: Adding entry to ternary match table MyIngress.tb_hwimo_tree_5_6_7
match key:           TERNARY-09:00:0c:82 &&& 39:04:4e:d7
action:              MyIngress.set_pred_5_6_7
runtime data:        02	00	02
Entry has been added with handle 564
RuntimeCmd: Adding entry to ternary match table MyIngress.tb_hwimo_tree_5_6_7
match key:           TERNARY-09:00:0c:92 &&& 39:04:4e:d7
action:              MyIngress.set_pred_5_6_7
runtime data:        01	00	01
Entry has been added with handle 565
RuntimeCmd: Adding entry to ternary match table MyIngress.tb_hwimo_tree_5_6_7
match key:           TERNARY-09:00:0e:02 &&& 39:04:4f:4f
action:              MyIngress.set_pred_5_6_7
runtime data:        02	01	02
Entry has been added with handle 566
RuntimeCmd: Adding entry to ternary match table MyIngress.tb_hwimo_tree_5_6_7
match key:           TERNARY-09:00:0e:0a &&& 39:04:4f:4f
action:              MyIngress.set_pred_5_6_7
runtime data:        02	00	02
Entry has been added with handle 567
RuntimeCmd: Adding entry to ternary match table MyIngress.tb_hwimo_tree_5_6_7
match key:           TERNARY-09:00:0f:02 &&& 39:04:4f:57
action:              MyIngress.set_pred_5_6_7
runtime data:        01	00	01
Entry has been added with handle 568
RuntimeCmd: Adding entry to ternary match table MyIngress.tb_hwimo_tree_5_6_7
match key:           TERNARY-09:00:0f:12 &&& 39:04:4f:57
action:              MyIngress.set_pred_5_6_7
runtime data:        02	00	02
Entry has been added with handle 569
RuntimeCmd: Adding entry to ternary match table MyIngress.tb_hwimo_tree_5_6_7
match key:           TERNARY-09:00:0c:42 &&& 39:04:4e:6f
action:              MyIngress.set_pred_5_6_7
runtime data:        01	01	01
Entry has been added with handle 570
RuntimeCmd: Adding entry to ternary match table MyIngress.tb_hwimo_tree_5_6_7
match key:           TERNARY-09:00:0c:62 &&& 39:04:4e:6f
action:              MyIngress.set_pred_5_6_7
runtime data:        01	00	01
Entry has been added with handle 571
RuntimeCmd: Adding entry to ternary match table MyIngress.tb_hwimo_tree_5_6_7
match key:           TERNARY-09:00:0c:4a &&& 39:04:4e:6f
action:              MyIngress.set_pred_5_6_7
runtime data:        02	00	02
Entry has been added with handle 572
RuntimeCmd: Adding entry to ternary match table MyIngress.tb_hwimo_tree_5_6_7
match key:           TERNARY-09:00:0c:6a &&& 39:04:4e:6f
action:              MyIngress.set_pred_5_6_7
runtime data:        01	01	01
Entry has been added with handle 573
RuntimeCmd: Adding entry to ternary match table MyIngress.tb_hwimo_tree_5_6_7
match key:           TERNARY-09:00:0e:42 &&& 39:04:4e:6f
action:              MyIngress.set_pred_5_6_7
runtime data:        02	00	02
Entry has been added with handle 574
RuntimeCmd: Adding entry to ternary match table MyIngress.tb_hwimo_tree_5_6_7
match key:           TERNARY-09:00:0e:4a &&& 39:04:4e:6f
action:              MyIngress.set_pred_5_6_7
runtime data:        01	00	01
Entry has been added with handle 575
RuntimeCmd: Adding entry to ternary match table MyIngress.tb_hwimo_tree_5_6_7
match key:           TERNARY-09:00:0e:62 &&& 39:04:4e:77
action:              MyIngress.set_pred_5_6_7
runtime data:        01	00	01
Entry has been added with handle 576
RuntimeCmd: Adding entry to ternary match table MyIngress.tb_hwimo_tree_5_6_7
match key:           TERNARY-09:00:0e:72 &&& 39:04:4e:77
action:              MyIngress.set_pred_5_6_7
runtime data:        01	00	01
Entry has been added with handle 577
RuntimeCmd: Adding entry to ternary match table MyIngress.tb_hwimo_tree_5_6_7
match key:           TERNARY-09:00:08:04 &&& 39:14:4a:35
action:              MyIngress.set_pred_5_6_7
runtime data:        02	00	02
Entry has been added with handle 578
RuntimeCmd: Adding entry to ternary match table MyIngress.tb_hwimo_tree_5_6_7
match key:           TERNARY-09:00:08:14 &&& 39:14:4a:7d
action:              MyIngress.set_pred_5_6_7
runtime data:        02	00	02
Entry has been added with handle 579
RuntimeCmd: Adding entry to ternary match table MyIngress.tb_hwimo_tree_5_6_7
match key:           TERNARY-09:00:08:1c &&& 39:14:4a:7d
action:              MyIngress.set_pred_5_6_7
runtime data:        02	00	02
Entry has been added with handle 580
RuntimeCmd: Adding entry to ternary match table MyIngress.tb_hwimo_tree_5_6_7
match key:           TERNARY-09:00:08:54 &&& 39:14:4a:75
action:              MyIngress.set_pred_5_6_7
runtime data:        02	01	02
Entry has been added with handle 581
RuntimeCmd: Adding entry to ternary match table MyIngress.tb_hwimo_tree_5_6_7
match key:           TERNARY-09:00:0a:04 &&& 39:14:4a:25
action:              MyIngress.set_pred_5_6_7
runtime data:        02	00	02
Entry has been added with handle 582
RuntimeCmd: Adding entry to ternary match table MyIngress.tb_hwimo_tree_5_6_7
match key:           TERNARY-09:00:08:24 &&& 39:14:49:35
action:              MyIngress.set_pred_5_6_7
runtime data:        02	00	02
Entry has been added with handle 583
RuntimeCmd: Adding entry to ternary match table MyIngress.tb_hwimo_tree_5_6_7
match key:           TERNARY-09:00:09:24 &&& 39:14:49:3d
action:              MyIngress.set_pred_5_6_7
runtime data:        02	00	02
Entry has been added with handle 584
RuntimeCmd: Adding entry to ternary match table MyIngress.tb_hwimo_tree_5_6_7
match key:           TERNARY-09:00:09:2c &&& 39:14:4b:3d
action:              MyIngress.set_pred_5_6_7
runtime data:        02	01	02
Entry has been added with handle 585
RuntimeCmd: Adding entry to ternary match table MyIngress.tb_hwimo_tree_5_6_7
match key:           TERNARY-09:00:0b:2c &&& 39:14:4b:3d
action:              MyIngress.set_pred_5_6_7
runtime data:        02	00	02
Entry has been added with handle 586
RuntimeCmd: Adding entry to ternary match table MyIngress.tb_hwimo_tree_5_6_7
match key:           TERNARY-09:00:08:34 &&& 39:14:49:3d
action:              MyIngress.set_pred_5_6_7
runtime data:        02	01	02
Entry has been added with handle 587
RuntimeCmd: Adding entry to ternary match table MyIngress.tb_hwimo_tree_5_6_7
match key:           TERNARY-09:00:09:34 &&& 39:14:49:3d
action:              MyIngress.set_pred_5_6_7
runtime data:        02	00	02
Entry has been added with handle 588
RuntimeCmd: Adding entry to ternary match table MyIngress.tb_hwimo_tree_5_6_7
match key:           TERNARY-09:00:08:3c &&& 39:14:49:7d
action:              MyIngress.set_pred_5_6_7
runtime data:        02	00	02
Entry has been added with handle 589
RuntimeCmd: Adding entry to ternary match table MyIngress.tb_hwimo_tree_5_6_7
match key:           TERNARY-09:00:08:7c &&& 39:14:49:7d
action:              MyIngress.set_pred_5_6_7
runtime data:        02	01	02
Entry has been added with handle 590
RuntimeCmd: Adding entry to ternary match table MyIngress.tb_hwimo_tree_5_6_7
match key:           TERNARY-09:00:09:3c &&& 39:14:49:3d
action:              MyIngress.set_pred_5_6_7
runtime data:        02	00	02
Entry has been added with handle 591
RuntimeCmd: Adding entry to ternary match table MyIngress.tb_hwimo_tree_5_6_7
match key:           TERNARY-09:10:08:04 &&& 39:14:48:05
action:              MyIngress.set_pred_5_6_7
runtime data:        01	01	01
Entry has been added with handle 592
RuntimeCmd: Adding entry to ternary match table MyIngress.tb_hwimo_tree_5_6_7
match key:           TERNARY-09:00:08:01 &&& 39:04:49:11
action:              MyIngress.set_pred_5_6_7
runtime data:        02	00	02
Entry has been added with handle 593
RuntimeCmd: Adding entry to ternary match table MyIngress.tb_hwimo_tree_5_6_7
match key:           TERNARY-09:00:09:01 &&& 39:04:4f:17
action:              MyIngress.set_pred_5_6_7
runtime data:        02	00	02
Entry has been added with handle 594
RuntimeCmd: Adding entry to ternary match table MyIngress.tb_hwimo_tree_5_6_7
match key:           TERNARY-09:00:09:03 &&& 39:04:4f:17
action:              MyIngress.set_pred_5_6_7
runtime data:        02	00	02
Entry has been added with handle 595
RuntimeCmd: Adding entry to ternary match table MyIngress.tb_hwimo_tree_5_6_7
match key:           TERNARY-09:00:09:05 &&& 39:04:4f:17
action:              MyIngress.set_pred_5_6_7
runtime data:        02	01	02
Entry has been added with handle 596
RuntimeCmd: Adding entry to ternary match table MyIngress.tb_hwimo_tree_5_6_7
match key:           TERNARY-09:00:09:07 &&& 39:04:4f:17
action:              MyIngress.set_pred_5_6_7
runtime data:        02	00	02
Entry has been added with handle 597
RuntimeCmd: Adding entry to ternary match table MyIngress.tb_hwimo_tree_5_6_7
match key:           TERNARY-09:00:0b:01 &&& 39:04:4f:17
action:              MyIngress.set_pred_5_6_7
runtime data:        02	01	02
Entry has been added with handle 598
RuntimeCmd: Adding entry to ternary match table MyIngress.tb_hwimo_tree_5_6_7
match key:           TERNARY-09:00:0b:03 &&& 39:04:4f:17
action:              MyIngress.set_pred_5_6_7
runtime data:        02	01	02
Entry has been added with handle 599
RuntimeCmd: Adding entry to ternary match table MyIngress.tb_hwimo_tree_5_6_7
match key:           TERNARY-09:00:0b:05 &&& 39:04:4f:17
action:              MyIngress.set_pred_5_6_7
runtime data:        02	00	02
Entry has been added with handle 600
RuntimeCmd: Adding entry to ternary match table MyIngress.tb_hwimo_tree_5_6_7
match key:           TERNARY-09:00:0b:07 &&& 39:04:4f:17
action:              MyIngress.set_pred_5_6_7
runtime data:        02	00	02
Entry has been added with handle 601
RuntimeCmd: Adding entry to ternary match table MyIngress.tb_hwimo_tree_5_6_7
match key:           TERNARY-09:00:0d:01 &&& 39:04:4d:11
action:              MyIngress.set_pred_5_6_7
runtime data:        02	00	02
Entry has been added with handle 602
RuntimeCmd: Adding entry to ternary match table MyIngress.tb_hwimo_tree_5_6_7
match key:           TERNARY-09:00:08:11 &&& 39:04:4b:39
action:              MyIngress.set_pred_5_6_7
runtime data:        02	00	02
Entry has been added with handle 603
RuntimeCmd: Adding entry to ternary match table MyIngress.tb_hwimo_tree_5_6_7
match key:           TERNARY-09:00:08:19 &&& 39:04:4b:39
action:              MyIngress.set_pred_5_6_7
runtime data:        02	02	02
Entry has been added with handle 604
RuntimeCmd: Adding entry to ternary match table MyIngress.tb_hwimo_tree_5_6_7
match key:           TERNARY-09:00:0a:11 &&& 39:04:4b:31
action:              MyIngress.set_pred_5_6_7
runtime data:        02	00	02
Entry has been added with handle 605
RuntimeCmd: Adding entry to ternary match table MyIngress.tb_hwimo_tree_5_6_7
match key:           TERNARY-09:00:08:31 &&& 39:04:49:39
action:              MyIngress.set_pred_5_6_7
runtime data:        02	01	02
Entry has been added with handle 606
RuntimeCmd: Adding entry to ternary match table MyIngress.tb_hwimo_tree_5_6_7
match key:           TERNARY-09:00:08:39 &&& 39:04:49:79
action:              MyIngress.set_pred_5_6_7
runtime data:        02	00	02
Entry has been added with handle 607
RuntimeCmd: Adding entry to ternary match table MyIngress.tb_hwimo_tree_5_6_7
match key:           TERNARY-09:00:08:79 &&& 39:04:49:79
action:              MyIngress.set_pred_5_6_7
runtime data:        02	01	02
Entry has been added with handle 608
RuntimeCmd: Adding entry to ternary match table MyIngress.tb_hwimo_tree_5_6_7
match key:           TERNARY-09:00:09:11 &&& 39:04:4f:31
action:              MyIngress.set_pred_5_6_7
runtime data:        02	01	02
Entry has been added with handle 609
RuntimeCmd: Adding entry to ternary match table MyIngress.tb_hwimo_tree_5_6_7
match key:           TERNARY-09:00:0d:11 &&& 39:04:4f:31
action:              MyIngress.set_pred_5_6_7
runtime data:        02	00	02
Entry has been added with handle 610
RuntimeCmd: Adding entry to ternary match table MyIngress.tb_hwimo_tree_5_6_7
match key:           TERNARY-09:00:0b:11 &&& 39:04:4b:31
action:              MyIngress.set_pred_5_6_7
runtime data:        02	00	02
Entry has been added with handle 611
RuntimeCmd: Adding entry to ternary match table MyIngress.tb_hwimo_tree_5_6_7
match key:           TERNARY-09:00:09:31 &&& 39:04:49:31
action:              MyIngress.set_pred_5_6_7
runtime data:        02	00	02
Entry has been added with handle 612
RuntimeCmd: Adding entry to ternary match table MyIngress.tb_hwimo_tree_5_6_7
match key:           TERNARY-09:04:08:00 &&& 39:04:48:00
action:              MyIngress.set_pred_5_6_7
runtime data:        01	01	01
Entry has been added with handle 613
RuntimeCmd: Adding entry to ternary match table MyIngress.tb_hwimo_tree_5_6_7
match key:           TERNARY-00:00:40:00 &&& 38:20:47:2a
action:              MyIngress.set_pred_5_6_7
runtime data:        01	02	01
Entry has been added with handle 614
RuntimeCmd: Adding entry to ternary match table MyIngress.tb_hwimo_tree_5_6_7
match key:           TERNARY-00:00:40:02 &&& 38:20:47:2a
action:              MyIngress.set_pred_5_6_7
runtime data:        01	02	01
Entry has been added with handle 615
RuntimeCmd: Adding entry to ternary match table MyIngress.tb_hwimo_tree_5_6_7
match key:           TERNARY-00:00:44:00 &&& 38:20:47:28
action:              MyIngress.set_pred_5_6_7
runtime data:        01	02	01
Entry has been added with handle 616
RuntimeCmd: Adding entry to ternary match table MyIngress.tb_hwimo_tree_5_6_7
match key:           TERNARY-00:00:42:00 &&& 38:20:43:28
action:              MyIngress.set_pred_5_6_7
runtime data:        01	02	01
Entry has been added with handle 617
RuntimeCmd: Adding entry to ternary match table MyIngress.tb_hwimo_tree_5_6_7
match key:           TERNARY-08:00:40:00 &&& 38:20:41:29
action:              MyIngress.set_pred_5_6_7
runtime data:        02	01	02
Entry has been added with handle 618
RuntimeCmd: Adding entry to ternary match table MyIngress.tb_hwimo_tree_5_6_7
match key:           TERNARY-08:00:40:01 &&& 38:20:41:29
action:              MyIngress.set_pred_5_6_7
runtime data:        00	00	00
Entry has been added with handle 619
RuntimeCmd: Adding entry to ternary match table MyIngress.tb_hwimo_tree_5_6_7
match key:           TERNARY-00:00:40:20 &&& 30:a0:43:28
action:              MyIngress.set_pred_5_6_7
runtime data:        02	02	01
Entry has been added with handle 620
RuntimeCmd: Adding entry to ternary match table MyIngress.tb_hwimo_tree_5_6_7
match key:           TERNARY-00:00:42:20 &&& 30:a0:43:28
action:              MyIngress.set_pred_5_6_7
runtime data:        02	02	02
Entry has been added with handle 621
RuntimeCmd: Adding entry to ternary match table MyIngress.tb_hwimo_tree_5_6_7
match key:           TERNARY-00:80:40:20 &&& 32:a0:49:28
action:              MyIngress.set_pred_5_6_7
runtime data:        00	01	00
Entry has been added with handle 622
RuntimeCmd: Adding entry to ternary match table MyIngress.tb_hwimo_tree_5_6_7
match key:           TERNARY-00:80:48:20 &&& 32:a0:49:28
action:              MyIngress.set_pred_5_6_7
runtime data:        01	02	00
Entry has been added with handle 623
RuntimeCmd: Adding entry to ternary match table MyIngress.tb_hwimo_tree_5_6_7
match key:           TERNARY-02:80:40:20 &&& 32:b8:43:28
action:              MyIngress.set_pred_5_6_7
runtime data:        02	01	01
Entry has been added with handle 624
RuntimeCmd: Adding entry to ternary match table MyIngress.tb_hwimo_tree_5_6_7
match key:           TERNARY-02:88:40:20 &&& 32:b8:43:2c
action:              MyIngress.set_pred_5_6_7
runtime data:        02	01	02
Entry has been added with handle 625
RuntimeCmd: Adding entry to ternary match table MyIngress.tb_hwimo_tree_5_6_7
match key:           TERNARY-02:88:40:24 &&& 32:b8:43:2c
action:              MyIngress.set_pred_5_6_7
runtime data:        02	01	01
Entry has been added with handle 626
RuntimeCmd: Adding entry to ternary match table MyIngress.tb_hwimo_tree_5_6_7
match key:           TERNARY-02:90:40:20 &&& 32:b0:43:38
action:              MyIngress.set_pred_5_6_7
runtime data:        02	01	02
Entry has been added with handle 627
RuntimeCmd: Adding entry to ternary match table MyIngress.tb_hwimo_tree_5_6_7
match key:           TERNARY-02:90:40:30 &&& 32:b0:43:3a
action:              MyIngress.set_pred_5_6_7
runtime data:        02	01	02
Entry has been added with handle 628
RuntimeCmd: Adding entry to ternary match table MyIngress.tb_hwimo_tree_5_6_7
match key:           TERNARY-02:90:40:32 &&& 32:b0:43:3a
action:              MyIngress.set_pred_5_6_7
runtime data:        02	01	02
Entry has been added with handle 629
RuntimeCmd: Adding entry to ternary match table MyIngress.tb_hwimo_tree_5_6_7
match key:           TERNARY-02:80:42:20 &&& 36:a0:43:28
action:              MyIngress.set_pred_5_6_7
runtime data:        02	01	02
Entry has been added with handle 630
RuntimeCmd: Adding entry to ternary match table MyIngress.tb_hwimo_tree_5_6_7
match key:           TERNARY-06:80:42:20 &&& 36:a0:43:28
action:              MyIngress.set_pred_5_6_7
runtime data:        01	01	01
Entry has been added with handle 631
RuntimeCmd: Adding entry to ternary match table MyIngress.tb_hwimo_tree_5_6_7
match key:           TERNARY-00:00:41:00 &&& 38:30:65:28
action:              MyIngress.set_pred_5_6_7
runtime data:        00	01	00
Entry has been added with handle 632
RuntimeCmd: Adding entry to ternary match table MyIngress.tb_hwimo_tree_5_6_7
match key:           TERNARY-00:00:41:20 &&& 38:30:65:28
action:              MyIngress.set_pred_5_6_7
runtime data:        00	01	00
Entry has been added with handle 633
RuntimeCmd: Adding entry to ternary match table MyIngress.tb_hwimo_tree_5_6_7
match key:           TERNARY-00:10:41:00 &&& 38:30:65:08
action:              MyIngress.set_pred_5_6_7
runtime data:        01	01	00
Entry has been added with handle 634
RuntimeCmd: Adding entry to ternary match table MyIngress.tb_hwimo_tree_5_6_7
match key:           TERNARY-08:00:41:00 &&& 38:20:65:08
action:              MyIngress.set_pred_5_6_7
runtime data:        01	00	00
Entry has been added with handle 635
RuntimeCmd: Adding entry to ternary match table MyIngress.tb_hwimo_tree_5_6_7
match key:           TERNARY-00:00:45:00 &&& 34:20:65:08
action:              MyIngress.set_pred_5_6_7
runtime data:        01	00	01
Entry has been added with handle 636
RuntimeCmd: Adding entry to ternary match table MyIngress.tb_hwimo_tree_5_6_7
match key:           TERNARY-04:00:45:00 &&& 34:20:65:08
action:              MyIngress.set_pred_5_6_7
runtime data:        01	01	01
Entry has been added with handle 637
RuntimeCmd: Adding entry to ternary match table MyIngress.tb_hwimo_tree_5_6_7
match key:           TERNARY-00:00:61:00 &&& 34:20:61:68
action:              MyIngress.set_pred_5_6_7
runtime data:        01	02	01
Entry has been added with handle 638
RuntimeCmd: Adding entry to ternary match table MyIngress.tb_hwimo_tree_5_6_7
match key:           TERNARY-00:00:61:20 &&& 34:20:61:6e
action:              MyIngress.set_pred_5_6_7
runtime data:        01	02	01
Entry has been added with handle 639
RuntimeCmd: Adding entry to ternary match table MyIngress.tb_hwimo_tree_5_6_7
match key:           TERNARY-00:00:61:24 &&& 34:20:61:6f
action:              MyIngress.set_pred_5_6_7
runtime data:        01	01	01
Entry has been added with handle 640
RuntimeCmd: Adding entry to ternary match table MyIngress.tb_hwimo_tree_5_6_7
match key:           TERNARY-00:00:61:25 &&& 34:20:61:6f
action:              MyIngress.set_pred_5_6_7
runtime data:        01	01	01
Entry has been added with handle 641
RuntimeCmd: Adding entry to ternary match table MyIngress.tb_hwimo_tree_5_6_7
match key:           TERNARY-00:00:61:22 &&& 34:20:61:6a
action:              MyIngress.set_pred_5_6_7
runtime data:        01	02	01
Entry has been added with handle 642
RuntimeCmd: Adding entry to ternary match table MyIngress.tb_hwimo_tree_5_6_7
match key:           TERNARY-04:00:61:00 &&& 34:20:61:48
action:              MyIngress.set_pred_5_6_7
runtime data:        01	01	01
Entry has been added with handle 643
RuntimeCmd: Adding entry to ternary match table MyIngress.tb_hwimo_tree_5_6_7
match key:           TERNARY-00:00:61:40 &&& 30:20:61:48
action:              MyIngress.set_pred_5_6_7
runtime data:        01	01	01
Entry has been added with handle 644
RuntimeCmd: Adding entry to ternary match table MyIngress.tb_hwimo_tree_5_6_7
match key:           TERNARY-00:20:40:00 &&& 30:e3:c0:08
action:              MyIngress.set_pred_5_6_7
runtime data:        00	02	00
Entry has been added with handle 645
RuntimeCmd: Adding entry to ternary match table MyIngress.tb_hwimo_tree_5_6_7
match key:           TERNARY-00:60:40:00 &&& 30:f3:c0:08
action:              MyIngress.set_pred_5_6_7
runtime data:        00	00	00
Entry has been added with handle 646
RuntimeCmd: Adding entry to ternary match table MyIngress.tb_hwimo_tree_5_6_7
match key:           TERNARY-00:70:40:00 &&& 30:f3:c0:08
action:              MyIngress.set_pred_5_6_7
runtime data:        00	01	00
Entry has been added with handle 647
RuntimeCmd: Adding entry to ternary match table MyIngress.tb_hwimo_tree_5_6_7
match key:           TERNARY-00:20:c0:00 &&& 30:a3:c6:08
action:              MyIngress.set_pred_5_6_7
runtime data:        02	01	02
Entry has been added with handle 648
RuntimeCmd: Adding entry to ternary match table MyIngress.tb_hwimo_tree_5_6_7
match key:           TERNARY-00:20:c2:00 &&& 30:a3:c6:0f
action:              MyIngress.set_pred_5_6_7
runtime data:        02	01	01
Entry has been added with handle 649
RuntimeCmd: Adding entry to ternary match table MyIngress.tb_hwimo_tree_5_6_7
match key:           TERNARY-00:20:c2:01 &&& 30:a3:c6:0f
action:              MyIngress.set_pred_5_6_7
runtime data:        02	01	01
Entry has been added with handle 650
RuntimeCmd: Adding entry to ternary match table MyIngress.tb_hwimo_tree_5_6_7
match key:           TERNARY-00:20:c2:04 &&& 30:a3:c6:0f
action:              MyIngress.set_pred_5_6_7
runtime data:        02	01	01
Entry has been added with handle 651
RuntimeCmd: Adding entry to ternary match table MyIngress.tb_hwimo_tree_5_6_7
match key:           TERNARY-00:20:c2:05 &&& 30:a3:c6:0f
action:              MyIngress.set_pred_5_6_7
runtime data:        02	01	01
Entry has been added with handle 652
RuntimeCmd: Adding entry to ternary match table MyIngress.tb_hwimo_tree_5_6_7
match key:           TERNARY-00:20:c2:02 &&& 30:a3:c6:0f
action:              MyIngress.set_pred_5_6_7
runtime data:        02	01	01
Entry has been added with handle 653
RuntimeCmd: Adding entry to ternary match table MyIngress.tb_hwimo_tree_5_6_7
match key:           TERNARY-00:20:c2:03 &&& 30:a3:c6:0f
action:              MyIngress.set_pred_5_6_7
runtime data:        02	01	01
Entry has been added with handle 654
RuntimeCmd: Adding entry to ternary match table MyIngress.tb_hwimo_tree_5_6_7
match key:           TERNARY-00:20:c2:06 &&& 30:a3:c6:0f
action:              MyIngress.set_pred_5_6_7
runtime data:        02	01	01
Entry has been added with handle 655
RuntimeCmd: Adding entry to ternary match table MyIngress.tb_hwimo_tree_5_6_7
match key:           TERNARY-00:20:c2:07 &&& 30:a3:c6:0f
action:              MyIngress.set_pred_5_6_7
runtime data:        02	01	01
Entry has been added with handle 656
RuntimeCmd: Adding entry to ternary match table MyIngress.tb_hwimo_tree_5_6_7
match key:           TERNARY-00:20:c4:00 &&& 30:a3:cc:0f
action:              MyIngress.set_pred_5_6_7
runtime data:        02	01	01
Entry has been added with handle 657
RuntimeCmd: Adding entry to ternary match table MyIngress.tb_hwimo_tree_5_6_7
match key:           TERNARY-00:20:c4:01 &&& 30:a3:cc:0f
action:              MyIngress.set_pred_5_6_7
runtime data:        02	01	01
Entry has been added with handle 658
RuntimeCmd: Adding entry to ternary match table MyIngress.tb_hwimo_tree_5_6_7
match key:           TERNARY-00:20:cc:00 &&& 30:a3:cc:0f
action:              MyIngress.set_pred_5_6_7
runtime data:        02	01	01
Entry has been added with handle 659
RuntimeCmd: Adding entry to ternary match table MyIngress.tb_hwimo_tree_5_6_7
match key:           TERNARY-00:20:cc:01 &&& 30:a3:cc:0f
action:              MyIngress.set_pred_5_6_7
runtime data:        02	01	01
Entry has been added with handle 660
RuntimeCmd: Adding entry to ternary match table MyIngress.tb_hwimo_tree_5_6_7
match key:           TERNARY-00:20:c4:04 &&& 30:a3:c6:0f
action:              MyIngress.set_pred_5_6_7
runtime data:        02	01	01
Entry has been added with handle 661
RuntimeCmd: Adding entry to ternary match table MyIngress.tb_hwimo_tree_5_6_7
match key:           TERNARY-00:20:c6:04 &&& 30:a3:c6:0f
action:              MyIngress.set_pred_5_6_7
runtime data:        02	01	01
Entry has been added with handle 662
RuntimeCmd: Adding entry to ternary match table MyIngress.tb_hwimo_tree_5_6_7
match key:           TERNARY-00:20:c4:05 &&& 30:a3:c6:0f
action:              MyIngress.set_pred_5_6_7
runtime data:        02	01	01
Entry has been added with handle 663
RuntimeCmd: Adding entry to ternary match table MyIngress.tb_hwimo_tree_5_6_7
match key:           TERNARY-00:20:c6:05 &&& 30:a3:c6:0f
action:              MyIngress.set_pred_5_6_7
runtime data:        02	01	01
Entry has been added with handle 664
RuntimeCmd: Adding entry to ternary match table MyIngress.tb_hwimo_tree_5_6_7
match key:           TERNARY-00:20:c4:02 &&& 30:a3:cc:0f
action:              MyIngress.set_pred_5_6_7
runtime data:        02	01	01
Entry has been added with handle 665
RuntimeCmd: Adding entry to ternary match table MyIngress.tb_hwimo_tree_5_6_7
match key:           TERNARY-00:20:c4:03 &&& 30:a3:cc:0f
action:              MyIngress.set_pred_5_6_7
runtime data:        02	01	01
Entry has been added with handle 666
RuntimeCmd: Adding entry to ternary match table MyIngress.tb_hwimo_tree_5_6_7
match key:           TERNARY-00:20:c4:06 &&& 30:a3:cc:0f
action:              MyIngress.set_pred_5_6_7
runtime data:        02	01	01
Entry has been added with handle 667
RuntimeCmd: Adding entry to ternary match table MyIngress.tb_hwimo_tree_5_6_7
match key:           TERNARY-00:20:c4:07 &&& 30:a3:cc:0f
action:              MyIngress.set_pred_5_6_7
runtime data:        02	01	01
Entry has been added with handle 668
RuntimeCmd: Adding entry to ternary match table MyIngress.tb_hwimo_tree_5_6_7
match key:           TERNARY-00:20:cc:02 &&& 30:a3:cc:0f
action:              MyIngress.set_pred_5_6_7
runtime data:        02	01	01
Entry has been added with handle 669
RuntimeCmd: Adding entry to ternary match table MyIngress.tb_hwimo_tree_5_6_7
match key:           TERNARY-00:20:cc:06 &&& 30:a3:cc:0f
action:              MyIngress.set_pred_5_6_7
runtime data:        02	01	01
Entry has been added with handle 670
RuntimeCmd: Adding entry to ternary match table MyIngress.tb_hwimo_tree_5_6_7
match key:           TERNARY-00:20:cc:03 &&& 30:a3:cc:0f
action:              MyIngress.set_pred_5_6_7
runtime data:        02	01	01
Entry has been added with handle 671
RuntimeCmd: Adding entry to ternary match table MyIngress.tb_hwimo_tree_5_6_7
match key:           TERNARY-00:20:cc:07 &&& 30:a3:cc:0f
action:              MyIngress.set_pred_5_6_7
runtime data:        02	01	01
Entry has been added with handle 672
RuntimeCmd: Adding entry to ternary match table MyIngress.tb_hwimo_tree_5_6_7
match key:           TERNARY-00:21:40:00 &&& 30:a7:46:38
action:              MyIngress.set_pred_5_6_7
runtime data:        02	01	02
Entry has been added with handle 673
RuntimeCmd: Adding entry to ternary match table MyIngress.tb_hwimo_tree_5_6_7
match key:           TERNARY-00:21:40:10 &&& 30:a7:46:38
action:              MyIngress.set_pred_5_6_7
runtime data:        01	01	01
Entry has been added with handle 674
RuntimeCmd: Adding entry to ternary match table MyIngress.tb_hwimo_tree_5_6_7
match key:           TERNARY-00:21:42:00 &&& 30:a7:46:28
action:              MyIngress.set_pred_5_6_7
runtime data:        02	01	02
Entry has been added with handle 675
RuntimeCmd: Adding entry to ternary match table MyIngress.tb_hwimo_tree_5_6_7
match key:           TERNARY-00:21:40:20 &&& 30:a7:44:28
action:              MyIngress.set_pred_5_6_7
runtime data:        02	01	02
Entry has been added with handle 676
RuntimeCmd: Adding entry to ternary match table MyIngress.tb_hwimo_tree_5_6_7
match key:           TERNARY-00:21:44:00 &&& 30:a7:4e:28
action:              MyIngress.set_pred_5_6_7
runtime data:        01	01	01
Entry has been added with handle 677
RuntimeCmd: Adding entry to ternary match table MyIngress.tb_hwimo_tree_5_6_7
match key:           TERNARY-00:21:4c:00 &&& 30:a7:4e:28
action:              MyIngress.set_pred_5_6_7
runtime data:        02	01	02
Entry has been added with handle 678
RuntimeCmd: Adding entry to ternary match table MyIngress.tb_hwimo_tree_5_6_7
match key:           TERNARY-00:21:46:00 &&& 30:a7:46:28
action:              MyIngress.set_pred_5_6_7
runtime data:        02	01	02
Entry has been added with handle 679
RuntimeCmd: Adding entry to ternary match table MyIngress.tb_hwimo_tree_5_6_7
match key:           TERNARY-00:21:44:20 &&& 30:a7:4c:68
action:              MyIngress.set_pred_5_6_7
runtime data:        02	01	01
Entry has been added with handle 680
RuntimeCmd: Adding entry to ternary match table MyIngress.tb_hwimo_tree_5_6_7
match key:           TERNARY-00:21:44:60 &&& 30:a7:4e:68
action:              MyIngress.set_pred_5_6_7
runtime data:        01	01	01
Entry has been added with handle 681
RuntimeCmd: Adding entry to ternary match table MyIngress.tb_hwimo_tree_5_6_7
match key:           TERNARY-00:21:46:60 &&& 30:a7:4e:6c
action:              MyIngress.set_pred_5_6_7
runtime data:        02	01	01
Entry has been added with handle 682
RuntimeCmd: Adding entry to ternary match table MyIngress.tb_hwimo_tree_5_6_7
match key:           TERNARY-00:21:46:64 &&& 30:a7:4e:6c
action:              MyIngress.set_pred_5_6_7
runtime data:        02	01	01
Entry has been added with handle 683
RuntimeCmd: Adding entry to ternary match table MyIngress.tb_hwimo_tree_5_6_7
match key:           TERNARY-00:21:4c:20 &&& 30:a7:4c:38
action:              MyIngress.set_pred_5_6_7
runtime data:        02	01	02
Entry has been added with handle 684
RuntimeCmd: Adding entry to ternary match table MyIngress.tb_hwimo_tree_5_6_7
match key:           TERNARY-00:21:4c:30 &&& 30:a7:4e:3a
action:              MyIngress.set_pred_5_6_7
runtime data:        02	01	01
Entry has been added with handle 685
RuntimeCmd: Adding entry to ternary match table MyIngress.tb_hwimo_tree_5_6_7
match key:           TERNARY-00:21:4c:32 &&& 30:a7:4e:3a
action:              MyIngress.set_pred_5_6_7
runtime data:        02	01	01
Entry has been added with handle 686
RuntimeCmd: Adding entry to ternary match table MyIngress.tb_hwimo_tree_5_6_7
match key:           TERNARY-00:21:4e:30 &&& 30:a7:4e:38
action:              MyIngress.set_pred_5_6_7
runtime data:        02	01	02
Entry has been added with handle 687
RuntimeCmd: Adding entry to ternary match table MyIngress.tb_hwimo_tree_5_6_7
match key:           TERNARY-00:25:40:00 &&& 30:a7:40:08
action:              MyIngress.set_pred_5_6_7
runtime data:        01	02	00
Entry has been added with handle 688
RuntimeCmd: Adding entry to ternary match table MyIngress.tb_hwimo_tree_5_6_7
match key:           TERNARY-00:22:40:00 &&& 30:a2:66:18
action:              MyIngress.set_pred_5_6_7
runtime data:        02	01	02
Entry has been added with handle 689
RuntimeCmd: Adding entry to ternary match table MyIngress.tb_hwimo_tree_5_6_7
match key:           TERNARY-00:22:60:00 &&& 30:a2:66:1f
action:              MyIngress.set_pred_5_6_7
runtime data:        02	01	02
Entry has been added with handle 690
RuntimeCmd: Adding entry to ternary match table MyIngress.tb_hwimo_tree_5_6_7
match key:           TERNARY-00:22:60:04 &&& 30:a2:66:1f
action:              MyIngress.set_pred_5_6_7
runtime data:        02	01	01
Entry has been added with handle 691
RuntimeCmd: Adding entry to ternary match table MyIngress.tb_hwimo_tree_5_6_7
match key:           TERNARY-00:22:60:02 &&& 30:a2:66:1f
action:              MyIngress.set_pred_5_6_7
runtime data:        02	01	02
Entry has been added with handle 692
RuntimeCmd: Adding entry to ternary match table MyIngress.tb_hwimo_tree_5_6_7
match key:           TERNARY-00:22:60:06 &&& 30:a2:66:1f
action:              MyIngress.set_pred_5_6_7
runtime data:        02	01	02
Entry has been added with handle 693
RuntimeCmd: Adding entry to ternary match table MyIngress.tb_hwimo_tree_5_6_7
match key:           TERNARY-00:22:60:01 &&& 30:a2:66:1f
action:              MyIngress.set_pred_5_6_7
runtime data:        02	01	01
Entry has been added with handle 694
RuntimeCmd: Adding entry to ternary match table MyIngress.tb_hwimo_tree_5_6_7
match key:           TERNARY-00:22:60:05 &&& 30:a2:66:1f
action:              MyIngress.set_pred_5_6_7
runtime data:        02	01	02
Entry has been added with handle 695
RuntimeCmd: Adding entry to ternary match table MyIngress.tb_hwimo_tree_5_6_7
match key:           TERNARY-00:22:60:03 &&& 30:a2:66:1f
action:              MyIngress.set_pred_5_6_7
runtime data:        02	01	01
Entry has been added with handle 696
RuntimeCmd: Adding entry to ternary match table MyIngress.tb_hwimo_tree_5_6_7
match key:           TERNARY-00:22:60:07 &&& 30:a2:66:1f
action:              MyIngress.set_pred_5_6_7
runtime data:        02	01	01
Entry has been added with handle 697
RuntimeCmd: Adding entry to ternary match table MyIngress.tb_hwimo_tree_5_6_7
match key:           TERNARY-00:22:44:00 &&& 30:e2:4e:1f
action:              MyIngress.set_pred_5_6_7
runtime data:        02	01	02
Entry has been added with handle 698
RuntimeCmd: Adding entry to ternary match table MyIngress.tb_hwimo_tree_5_6_7
match key:           TERNARY-00:22:44:04 &&& 30:e2:4e:1f
action:              MyIngress.set_pred_5_6_7
runtime data:        02	01	02
Entry has been added with handle 699
RuntimeCmd: Adding entry to ternary match table MyIngress.tb_hwimo_tree_5_6_7
match key:           TERNARY-00:22:4c:00 &&& 30:e2:4e:1f
action:              MyIngress.set_pred_5_6_7
runtime data:        02	01	02
Entry has been added with handle 700
RuntimeCmd: Adding entry to ternary match table MyIngress.tb_hwimo_tree_5_6_7
match key:           TERNARY-00:22:4c:04 &&& 30:e2:4e:1f
action:              MyIngress.set_pred_5_6_7
runtime data:        02	01	02
Entry has been added with handle 701
RuntimeCmd: Adding entry to ternary match table MyIngress.tb_hwimo_tree_5_6_7
match key:           TERNARY-00:22:44:01 &&& 30:e2:4e:1f
action:              MyIngress.set_pred_5_6_7
runtime data:        02	01	01
Entry has been added with handle 702
RuntimeCmd: Adding entry to ternary match table MyIngress.tb_hwimo_tree_5_6_7
match key:           TERNARY-00:22:4c:01 &&& 30:e2:4e:1f
action:              MyIngress.set_pred_5_6_7
runtime data:        02	01	02
Entry has been added with handle 703
RuntimeCmd: Adding entry to ternary match table MyIngress.tb_hwimo_tree_5_6_7
match key:           TERNARY-00:22:44:05 &&& 30:e2:4e:1f
action:              MyIngress.set_pred_5_6_7
runtime data:        02	01	02
Entry has been added with handle 704
RuntimeCmd: Adding entry to ternary match table MyIngress.tb_hwimo_tree_5_6_7
match key:           TERNARY-00:22:4c:05 &&& 30:e2:4e:1f
action:              MyIngress.set_pred_5_6_7
runtime data:        02	01	01
Entry has been added with handle 705
RuntimeCmd: Adding entry to ternary match table MyIngress.tb_hwimo_tree_5_6_7
match key:           TERNARY-00:22:44:02 &&& 30:e2:4e:1f
action:              MyIngress.set_pred_5_6_7
runtime data:        02	01	02
Entry has been added with handle 706
RuntimeCmd: Adding entry to ternary match table MyIngress.tb_hwimo_tree_5_6_7
match key:           TERNARY-00:22:4c:02 &&& 30:e2:4e:1f
action:              MyIngress.set_pred_5_6_7
runtime data:        02	01	02
Entry has been added with handle 707
RuntimeCmd: Adding entry to ternary match table MyIngress.tb_hwimo_tree_5_6_7
match key:           TERNARY-00:22:44:06 &&& 30:e2:4e:1f
action:              MyIngress.set_pred_5_6_7
runtime data:        02	01	02
Entry has been added with handle 708
RuntimeCmd: Adding entry to ternary match table MyIngress.tb_hwimo_tree_5_6_7
match key:           TERNARY-00:22:4c:06 &&& 30:e2:4e:1f
action:              MyIngress.set_pred_5_6_7
runtime data:        02	01	01
Entry has been added with handle 709
RuntimeCmd: Adding entry to ternary match table MyIngress.tb_hwimo_tree_5_6_7
match key:           TERNARY-00:22:44:03 &&& 30:e2:4e:1f
action:              MyIngress.set_pred_5_6_7
runtime data:        02	01	02
Entry has been added with handle 710
RuntimeCmd: Adding entry to ternary match table MyIngress.tb_hwimo_tree_5_6_7
match key:           TERNARY-00:22:4c:03 &&& 30:e2:4e:1f
action:              MyIngress.set_pred_5_6_7
runtime data:        02	01	01
Entry has been added with handle 711
RuntimeCmd: Adding entry to ternary match table MyIngress.tb_hwimo_tree_5_6_7
match key:           TERNARY-00:22:44:07 &&& 30:e2:4e:1f
action:              MyIngress.set_pred_5_6_7
runtime data:        02	01	02
Entry has been added with handle 712
RuntimeCmd: Adding entry to ternary match table MyIngress.tb_hwimo_tree_5_6_7
match key:           TERNARY-00:22:4c:07 &&& 30:e2:4e:1f
action:              MyIngress.set_pred_5_6_7
runtime data:        02	01	02
Entry has been added with handle 713
RuntimeCmd: Adding entry to ternary match table MyIngress.tb_hwimo_tree_5_6_7
match key:           TERNARY-00:62:44:00 &&& 30:e2:46:1f
action:              MyIngress.set_pred_5_6_7
runtime data:        02	01	01
Entry has been added with handle 714
RuntimeCmd: Adding entry to ternary match table MyIngress.tb_hwimo_tree_5_6_7
match key:           TERNARY-00:62:44:02 &&& 30:e2:46:1f
action:              MyIngress.set_pred_5_6_7
runtime data:        02	01	01
Entry has been added with handle 715
RuntimeCmd: Adding entry to ternary match table MyIngress.tb_hwimo_tree_5_6_7
match key:           TERNARY-00:62:44:04 &&& 30:e2:46:1f
action:              MyIngress.set_pred_5_6_7
runtime data:        02	01	01
Entry has been added with handle 716
RuntimeCmd: Adding entry to ternary match table MyIngress.tb_hwimo_tree_5_6_7
match key:           TERNARY-00:62:44:06 &&& 30:e2:46:1f
action:              MyIngress.set_pred_5_6_7
runtime data:        02	01	01
Entry has been added with handle 717
RuntimeCmd: Adding entry to ternary match table MyIngress.tb_hwimo_tree_5_6_7
match key:           TERNARY-00:62:44:01 &&& 30:e2:46:1f
action:              MyIngress.set_pred_5_6_7
runtime data:        02	01	01
Entry has been added with handle 718
RuntimeCmd: Adding entry to ternary match table MyIngress.tb_hwimo_tree_5_6_7
match key:           TERNARY-00:62:44:03 &&& 30:e2:46:1f
action:              MyIngress.set_pred_5_6_7
runtime data:        02	01	01
Entry has been added with handle 719
RuntimeCmd: Adding entry to ternary match table MyIngress.tb_hwimo_tree_5_6_7
match key:           TERNARY-00:62:44:05 &&& 30:e2:46:1f
action:              MyIngress.set_pred_5_6_7
runtime data:        02	01	02
Entry has been added with handle 720
RuntimeCmd: Adding entry to ternary match table MyIngress.tb_hwimo_tree_5_6_7
match key:           TERNARY-00:62:44:07 &&& 30:e2:46:1f
action:              MyIngress.set_pred_5_6_7
runtime data:        02	01	01
Entry has been added with handle 721
RuntimeCmd: Adding entry to ternary match table MyIngress.tb_hwimo_tree_5_6_7
match key:           TERNARY-00:22:42:00 &&& 30:e2:6e:99
action:              MyIngress.set_pred_5_6_7
runtime data:        02	01	02
Entry has been added with handle 722
RuntimeCmd: Adding entry to ternary match table MyIngress.tb_hwimo_tree_5_6_7
match key:           TERNARY-00:22:42:01 &&& 30:e2:6e:99
action:              MyIngress.set_pred_5_6_7
runtime data:        02	01	02
Entry has been added with handle 723
RuntimeCmd: Adding entry to ternary match table MyIngress.tb_hwimo_tree_5_6_7
match key:           TERNARY-00:62:42:00 &&& 30:e2:6e:98
action:              MyIngress.set_pred_5_6_7
runtime data:        02	01	01
Entry has been added with handle 724
RuntimeCmd: Adding entry to ternary match table MyIngress.tb_hwimo_tree_5_6_7
match key:           TERNARY-00:22:4a:00 &&& 30:a3:6e:98
action:              MyIngress.set_pred_5_6_7
runtime data:        02	01	02
Entry has been added with handle 725
RuntimeCmd: Adding entry to ternary match table MyIngress.tb_hwimo_tree_5_6_7
match key:           TERNARY-00:23:4a:00 &&& 30:a3:6e:9c
action:              MyIngress.set_pred_5_6_7
runtime data:        02	01	02
Entry has been added with handle 726
RuntimeCmd: Adding entry to ternary match table MyIngress.tb_hwimo_tree_5_6_7
match key:           TERNARY-00:23:4a:04 &&& 30:a3:6e:9c
action:              MyIngress.set_pred_5_6_7
runtime data:        02	01	02
Entry has been added with handle 727
RuntimeCmd: Adding entry to ternary match table MyIngress.tb_hwimo_tree_5_6_7
match key:           TERNARY-00:22:46:00 &&& 30:aa:66:9e
action:              MyIngress.set_pred_5_6_7
runtime data:        02	01	02
Entry has been added with handle 728
RuntimeCmd: Adding entry to ternary match table MyIngress.tb_hwimo_tree_5_6_7
match key:           TERNARY-00:22:46:02 &&& 30:aa:66:9e
action:              MyIngress.set_pred_5_6_7
runtime data:        02	01	02
Entry has been added with handle 729
RuntimeCmd: Adding entry to ternary match table MyIngress.tb_hwimo_tree_5_6_7
match key:           TERNARY-00:22:46:04 &&& 30:aa:66:9d
action:              MyIngress.set_pred_5_6_7
runtime data:        02	01	02
Entry has been added with handle 730
RuntimeCmd: Adding entry to ternary match table MyIngress.tb_hwimo_tree_5_6_7
match key:           TERNARY-00:22:46:05 &&& 30:aa:66:9d
action:              MyIngress.set_pred_5_6_7
runtime data:        02	01	02
Entry has been added with handle 731
RuntimeCmd: Adding entry to ternary match table MyIngress.tb_hwimo_tree_5_6_7
match key:           TERNARY-00:2a:46:00 &&& 30:aa:6e:99
action:              MyIngress.set_pred_5_6_7
runtime data:        02	01	02
Entry has been added with handle 732
RuntimeCmd: Adding entry to ternary match table MyIngress.tb_hwimo_tree_5_6_7
match key:           TERNARY-00:2a:4e:00 &&& 30:aa:6e:99
action:              MyIngress.set_pred_5_6_7
runtime data:        02	01	02
Entry has been added with handle 733
RuntimeCmd: Adding entry to ternary match table MyIngress.tb_hwimo_tree_5_6_7
match key:           TERNARY-00:2a:46:01 &&& 30:aa:6e:99
action:              MyIngress.set_pred_5_6_7
runtime data:        02	01	02
Entry has been added with handle 734
RuntimeCmd: Adding entry to ternary match table MyIngress.tb_hwimo_tree_5_6_7
match key:           TERNARY-00:2a:4e:01 &&& 30:aa:6e:99
action:              MyIngress.set_pred_5_6_7
runtime data:        02	01	02
Entry has been added with handle 735
RuntimeCmd: Adding entry to ternary match table MyIngress.tb_hwimo_tree_5_6_7
match key:           TERNARY-00:22:62:00 &&& 30:a2:66:9d
action:              MyIngress.set_pred_5_6_7
runtime data:        02	01	02
Entry has been added with handle 736
RuntimeCmd: Adding entry to ternary match table MyIngress.tb_hwimo_tree_5_6_7
match key:           TERNARY-00:22:62:01 &&& 30:a2:66:9f
action:              MyIngress.set_pred_5_6_7
runtime data:        01	01	01
Entry has been added with handle 737
RuntimeCmd: Adding entry to ternary match table MyIngress.tb_hwimo_tree_5_6_7
match key:           TERNARY-00:22:62:03 &&& 30:a2:66:9f
action:              MyIngress.set_pred_5_6_7
runtime data:        02	01	02
Entry has been added with handle 738
RuntimeCmd: Adding entry to ternary match table MyIngress.tb_hwimo_tree_5_6_7
match key:           TERNARY-00:22:62:04 &&& 30:a2:66:9f
action:              MyIngress.set_pred_5_6_7
runtime data:        02	01	02
Entry has been added with handle 739
RuntimeCmd: Adding entry to ternary match table MyIngress.tb_hwimo_tree_5_6_7
match key:           TERNARY-00:22:62:06 &&& 30:a2:66:9f
action:              MyIngress.set_pred_5_6_7
runtime data:        01	01	01
Entry has been added with handle 740
RuntimeCmd: Adding entry to ternary match table MyIngress.tb_hwimo_tree_5_6_7
match key:           TERNARY-00:22:62:05 &&& 30:a2:66:9f
action:              MyIngress.set_pred_5_6_7
runtime data:        01	01	01
Entry has been added with handle 741
RuntimeCmd: Adding entry to ternary match table MyIngress.tb_hwimo_tree_5_6_7
match key:           TERNARY-00:22:62:07 &&& 30:a2:66:9f
action:              MyIngress.set_pred_5_6_7
runtime data:        02	01	02
Entry has been added with handle 742
RuntimeCmd: Adding entry to ternary match table MyIngress.tb_hwimo_tree_5_6_7
match key:           TERNARY-00:22:66:00 &&& 30:a2:66:98
action:              MyIngress.set_pred_5_6_7
runtime data:        02	01	02
Entry has been added with handle 743
RuntimeCmd: Adding entry to ternary match table MyIngress.tb_hwimo_tree_5_6_7
match key:           TERNARY-00:22:42:80 &&& 30:a2:42:98
action:              MyIngress.set_pred_5_6_7
runtime data:        01	01	01
Entry has been added with handle 744
RuntimeCmd: Adding entry to ternary match table MyIngress.tb_hwimo_tree_5_6_7
match key:           TERNARY-00:22:40:10 &&& 30:a2:41:18
action:              MyIngress.set_pred_5_6_7
runtime data:        01	01	00
Entry has been added with handle 745
RuntimeCmd: Adding entry to ternary match table MyIngress.tb_hwimo_tree_5_6_7
match key:           TERNARY-00:22:41:10 &&& 30:b2:41:18
action:              MyIngress.set_pred_5_6_7
runtime data:        00	00	00
Entry has been added with handle 746
RuntimeCmd: Adding entry to ternary match table MyIngress.tb_hwimo_tree_5_6_7
match key:           TERNARY-00:32:41:10 &&& 30:b2:41:18
action:              MyIngress.set_pred_5_6_7
runtime data:        01	02	00
Entry has been added with handle 747
RuntimeCmd: Adding entry to ternary match table MyIngress.tb_hwimo_tree_5_6_7
match key:           TERNARY-00:a0:40:00 &&& 39:a0:48:08
action:              MyIngress.set_pred_5_6_7
runtime data:        01	02	00
Entry has been added with handle 748
RuntimeCmd: Adding entry to ternary match table MyIngress.tb_hwimo_tree_5_6_7
match key:           TERNARY-01:a0:40:00 &&& 39:a2:4a:08
action:              MyIngress.set_pred_5_6_7
runtime data:        00	00	00
Entry has been added with handle 749
RuntimeCmd: Adding entry to ternary match table MyIngress.tb_hwimo_tree_5_6_7
match key:           TERNARY-01:a0:42:00 &&& 39:a2:4a:08
action:              MyIngress.set_pred_5_6_7
runtime data:        00	00	00
Entry has been added with handle 750
RuntimeCmd: Adding entry to ternary match table MyIngress.tb_hwimo_tree_5_6_7
match key:           TERNARY-01:a2:40:00 &&& 39:a2:48:0a
action:              MyIngress.set_pred_5_6_7
runtime data:        00	02	00
Entry has been added with handle 751
RuntimeCmd: Adding entry to ternary match table MyIngress.tb_hwimo_tree_5_6_7
match key:           TERNARY-01:a2:40:02 &&& 39:a2:48:0a
action:              MyIngress.set_pred_5_6_7
runtime data:        00	01	00
Entry has been added with handle 752
RuntimeCmd: Adding entry to ternary match table MyIngress.tb_hwimo_tree_5_6_7
match key:           TERNARY-08:a0:40:00 &&& 38:a8:68:08
action:              MyIngress.set_pred_5_6_7
runtime data:        01	00	01
Entry has been added with handle 753
RuntimeCmd: Adding entry to ternary match table MyIngress.tb_hwimo_tree_5_6_7
match key:           TERNARY-08:a0:60:00 &&& 38:a8:68:88
action:              MyIngress.set_pred_5_6_7
runtime data:        01	01	00
Entry has been added with handle 754
RuntimeCmd: Adding entry to ternary match table MyIngress.tb_hwimo_tree_5_6_7
match key:           TERNARY-08:a0:60:80 &&& 38:a8:68:8e
action:              MyIngress.set_pred_5_6_7
runtime data:        01	02	01
Entry has been added with handle 755
RuntimeCmd: Adding entry to ternary match table MyIngress.tb_hwimo_tree_5_6_7
match key:           TERNARY-08:a0:60:82 &&& 38:a8:68:8e
action:              MyIngress.set_pred_5_6_7
runtime data:        00	00	00
Entry has been added with handle 756
RuntimeCmd: Adding entry to ternary match table MyIngress.tb_hwimo_tree_5_6_7
match key:           TERNARY-08:a0:60:84 &&& 38:ac:69:8c
action:              MyIngress.set_pred_5_6_7
runtime data:        01	02	01
Entry has been added with handle 757
RuntimeCmd: Adding entry to ternary match table MyIngress.tb_hwimo_tree_5_6_7
match key:           TERNARY-08:a4:60:84 &&& 38:ac:69:8e
action:              MyIngress.set_pred_5_6_7
runtime data:        01	02	01
Entry has been added with handle 758
RuntimeCmd: Adding entry to ternary match table MyIngress.tb_hwimo_tree_5_6_7
match key:           TERNARY-08:a4:60:86 &&& 38:ac:69:8e
action:              MyIngress.set_pred_5_6_7
runtime data:        01	02	01
Entry has been added with handle 759
RuntimeCmd: Adding entry to ternary match table MyIngress.tb_hwimo_tree_5_6_7
match key:           TERNARY-08:a0:61:84 &&& 38:a8:69:8e
action:              MyIngress.set_pred_5_6_7
runtime data:        01	02	01
Entry has been added with handle 760
RuntimeCmd: Adding entry to ternary match table MyIngress.tb_hwimo_tree_5_6_7
match key:           TERNARY-08:a0:61:86 &&& 38:a8:69:8e
action:              MyIngress.set_pred_5_6_7
runtime data:        01	02	01
Entry has been added with handle 761
RuntimeCmd: Adding entry to ternary match table MyIngress.tb_hwimo_tree_5_6_7
match key:           TERNARY-08:a8:40:00 &&& 38:a8:48:0c
action:              MyIngress.set_pred_5_6_7
runtime data:        00	01	00
Entry has been added with handle 762
RuntimeCmd: Adding entry to ternary match table MyIngress.tb_hwimo_tree_5_6_7
match key:           TERNARY-08:a8:40:04 &&& 38:a8:48:0c
action:              MyIngress.set_pred_5_6_7
runtime data:        00	02	00
Entry has been added with handle 763
RuntimeCmd: Adding entry to ternary match table MyIngress.tb_hwimo_tree_5_6_7
match key:           TERNARY-00:a0:48:00 &&& 32:a0:48:78
action:              MyIngress.set_pred_5_6_7
runtime data:        02	01	02
Entry has been added with handle 764
RuntimeCmd: Adding entry to ternary match table MyIngress.tb_hwimo_tree_5_6_7
match key:           TERNARY-00:a0:48:40 &&& 32:a0:49:7e
action:              MyIngress.set_pred_5_6_7
runtime data:        01	01	01
Entry has been added with handle 765
RuntimeCmd: Adding entry to ternary match table MyIngress.tb_hwimo_tree_5_6_7
match key:           TERNARY-00:a0:48:44 &&& 32:a0:49:7e
action:              MyIngress.set_pred_5_6_7
runtime data:        02	01	02
Entry has been added with handle 766
RuntimeCmd: Adding entry to ternary match table MyIngress.tb_hwimo_tree_5_6_7
match key:           TERNARY-00:a0:49:40 &&& 32:a0:49:7a
action:              MyIngress.set_pred_5_6_7
runtime data:        02	01	02
Entry has been added with handle 767
RuntimeCmd: Adding entry to ternary match table MyIngress.tb_hwimo_tree_5_6_7
match key:           TERNARY-00:a0:48:42 &&& 32:a0:48:7a
action:              MyIngress.set_pred_5_6_7
runtime data:        01	01	01
Entry has been added with handle 768
RuntimeCmd: Adding entry to ternary match table MyIngress.tb_hwimo_tree_5_6_7
match key:           TERNARY-00:a0:48:20 &&& 32:a0:48:78
action:              MyIngress.set_pred_5_6_7
runtime data:        01	01	01
Entry has been added with handle 769
RuntimeCmd: Adding entry to ternary match table MyIngress.tb_hwimo_tree_5_6_7
match key:           TERNARY-00:a0:48:60 &&& 32:a0:48:f8
action:              MyIngress.set_pred_5_6_7
runtime data:        01	01	01
Entry has been added with handle 770
RuntimeCmd: Adding entry to ternary match table MyIngress.tb_hwimo_tree_5_6_7
match key:           TERNARY-00:a0:48:e0 &&& 32:a0:4c:f8
action:              MyIngress.set_pred_5_6_7
runtime data:        02	01	02
Entry has been added with handle 771
RuntimeCmd: Adding entry to ternary match table MyIngress.tb_hwimo_tree_5_6_7
match key:           TERNARY-00:a0:4c:e0 &&& 32:a0:4c:f8
action:              MyIngress.set_pred_5_6_7
runtime data:        01	01	01
Entry has been added with handle 772
RuntimeCmd: Adding entry to ternary match table MyIngress.tb_hwimo_tree_5_6_7
match key:           TERNARY-00:a0:48:10 &&& 32:a0:49:18
action:              MyIngress.set_pred_5_6_7
runtime data:        02	01	02
Entry has been added with handle 773
RuntimeCmd: Adding entry to ternary match table MyIngress.tb_hwimo_tree_5_6_7
match key:           TERNARY-00:a0:49:10 &&& 32:a0:4b:38
action:              MyIngress.set_pred_5_6_7
runtime data:        02	01	02
Entry has been added with handle 774
RuntimeCmd: Adding entry to ternary match table MyIngress.tb_hwimo_tree_5_6_7
match key:           TERNARY-00:a0:49:30 &&& 32:a0:4b:38
action:              MyIngress.set_pred_5_6_7
runtime data:        01	01	01
Entry has been added with handle 775
RuntimeCmd: Adding entry to ternary match table MyIngress.tb_hwimo_tree_5_6_7
match key:           TERNARY-00:a0:4b:10 &&& 32:a0:4b:5c
action:              MyIngress.set_pred_5_6_7
runtime data:        02	01	02
Entry has been added with handle 776
RuntimeCmd: Adding entry to ternary match table MyIngress.tb_hwimo_tree_5_6_7
match key:           TERNARY-00:a0:4b:14 &&& 32:a0:4f:5d
action:              MyIngress.set_pred_5_6_7
runtime data:        02	01	02
Entry has been added with handle 777
RuntimeCmd: Adding entry to ternary match table MyIngress.tb_hwimo_tree_5_6_7
match key:           TERNARY-00:a0:4f:14 &&& 32:a0:4f:5d
action:              MyIngress.set_pred_5_6_7
runtime data:        02	01	01
Entry has been added with handle 778
RuntimeCmd: Adding entry to ternary match table MyIngress.tb_hwimo_tree_5_6_7
match key:           TERNARY-00:a0:4b:15 &&& 32:a0:4b:5d
action:              MyIngress.set_pred_5_6_7
runtime data:        02	01	02
Entry has been added with handle 779
RuntimeCmd: Adding entry to ternary match table MyIngress.tb_hwimo_tree_5_6_7
match key:           TERNARY-00:a0:4b:50 &&& 32:a0:4b:58
action:              MyIngress.set_pred_5_6_7
runtime data:        02	01	02
Entry has been added with handle 780
RuntimeCmd: Adding entry to ternary match table MyIngress.tb_hwimo_tree_5_6_7
match key:           TERNARY-02:a0:48:00 &&& 32:a0:48:0c
action:              MyIngress.set_pred_5_6_7
runtime data:        01	02	00
Entry has been added with handle 781
RuntimeCmd: Adding entry to ternary match table MyIngress.tb_hwimo_tree_5_6_7
match key:           TERNARY-02:a0:48:04 &&& 32:a0:48:0c
action:              MyIngress.set_pred_5_6_7
runtime data:        01	02	00
Entry has been added with handle 782
RuntimeCmd: Adding entry to ternary match table MyIngress.tb_hwimo_tree_5_6_7
match key:           TERNARY-00:00:40:08 &&& 38:14:50:ca
action:              MyIngress.set_pred_5_6_7
runtime data:        00	01	00
Entry has been added with handle 783
RuntimeCmd: Adding entry to ternary match table MyIngress.tb_hwimo_tree_5_6_7
match key:           TERNARY-00:00:40:48 &&& 38:14:50:ca
action:              MyIngress.set_pred_5_6_7
runtime data:        01	01	01
Entry has been added with handle 784
RuntimeCmd: Adding entry to ternary match table MyIngress.tb_hwimo_tree_5_6_7
match key:           TERNARY-00:10:40:08 &&& 39:14:54:ca
action:              MyIngress.set_pred_5_6_7
runtime data:        01	02	01
Entry has been added with handle 785
RuntimeCmd: Adding entry to ternary match table MyIngress.tb_hwimo_tree_5_6_7
match key:           TERNARY-00:10:44:08 &&& 39:14:56:ca
action:              MyIngress.set_pred_5_6_7
runtime data:        01	01	01
Entry has been added with handle 786
RuntimeCmd: Adding entry to ternary match table MyIngress.tb_hwimo_tree_5_6_7
match key:           TERNARY-00:10:46:08 &&& 39:14:56:ca
action:              MyIngress.set_pred_5_6_7
runtime data:        01	02	01
Entry has been added with handle 787
RuntimeCmd: Adding entry to ternary match table MyIngress.tb_hwimo_tree_5_6_7
match key:           TERNARY-00:10:40:48 &&& 39:14:50:ca
action:              MyIngress.set_pred_5_6_7
runtime data:        01	01	01
Entry has been added with handle 788
RuntimeCmd: Adding entry to ternary match table MyIngress.tb_hwimo_tree_5_6_7
match key:           TERNARY-01:10:40:08 &&& 39:14:50:9a
action:              MyIngress.set_pred_5_6_7
runtime data:        00	00	00
Entry has been added with handle 789
RuntimeCmd: Adding entry to ternary match table MyIngress.tb_hwimo_tree_5_6_7
match key:           TERNARY-01:10:40:18 &&& 39:14:56:9a
action:              MyIngress.set_pred_5_6_7
runtime data:        00	00	00
Entry has been added with handle 790
RuntimeCmd: Adding entry to ternary match table MyIngress.tb_hwimo_tree_5_6_7
match key:           TERNARY-01:10:44:18 &&& 39:14:56:9a
action:              MyIngress.set_pred_5_6_7
runtime data:        01	00	01
Entry has been added with handle 791
RuntimeCmd: Adding entry to ternary match table MyIngress.tb_hwimo_tree_5_6_7
match key:           TERNARY-01:10:42:18 &&& 39:16:52:9a
action:              MyIngress.set_pred_5_6_7
runtime data:        01	01	01
Entry has been added with handle 792
RuntimeCmd: Adding entry to ternary match table MyIngress.tb_hwimo_tree_5_6_7
match key:           TERNARY-01:12:42:18 &&& 39:16:52:9a
action:              MyIngress.set_pred_5_6_7
runtime data:        00	02	00
Entry has been added with handle 793
RuntimeCmd: Adding entry to ternary match table MyIngress.tb_hwimo_tree_5_6_7
match key:           TERNARY-00:00:40:0a &&& 38:24:70:ab
action:              MyIngress.set_pred_5_6_7
runtime data:        00	01	00
Entry has been added with handle 794
RuntimeCmd: Adding entry to ternary match table MyIngress.tb_hwimo_tree_5_6_7
match key:           TERNARY-00:00:40:2a &&& 38:24:70:ab
action:              MyIngress.set_pred_5_6_7
runtime data:        00	01	00
Entry has been added with handle 795
RuntimeCmd: Adding entry to ternary match table MyIngress.tb_hwimo_tree_5_6_7
match key:           TERNARY-00:00:40:0b &&& 38:24:70:8b
action:              MyIngress.set_pred_5_6_7
runtime data:        00	02	00
Entry has been added with handle 796
RuntimeCmd: Adding entry to ternary match table MyIngress.tb_hwimo_tree_5_6_7
match key:           TERNARY-00:00:60:0a &&& 38:24:70:8a
action:              MyIngress.set_pred_5_6_7
runtime data:        01	01	01
Entry has been added with handle 797
RuntimeCmd: Adding entry to ternary match table MyIngress.tb_hwimo_tree_5_6_7
match key:           TERNARY-00:20:40:0a &&& 38:24:76:9a
action:              MyIngress.set_pred_5_6_7
runtime data:        01	02	01
Entry has been added with handle 798
RuntimeCmd: Adding entry to ternary match table MyIngress.tb_hwimo_tree_5_6_7
match key:           TERNARY-00:20:44:0a &&& 38:24:76:9a
action:              MyIngress.set_pred_5_6_7
runtime data:        01	01	01
Entry has been added with handle 799
RuntimeCmd: Adding entry to ternary match table MyIngress.tb_hwimo_tree_5_6_7
match key:           TERNARY-00:20:42:0a &&& 38:24:76:9a
action:              MyIngress.set_pred_5_6_7
runtime data:        01	02	01
Entry has been added with handle 800
RuntimeCmd: Adding entry to ternary match table MyIngress.tb_hwimo_tree_5_6_7
match key:           TERNARY-00:20:46:0a &&& 38:24:76:9a
action:              MyIngress.set_pred_5_6_7
runtime data:        01	02	01
Entry has been added with handle 801
RuntimeCmd: Adding entry to ternary match table MyIngress.tb_hwimo_tree_5_6_7
match key:           TERNARY-00:20:40:1a &&& 39:24:72:9a
action:              MyIngress.set_pred_5_6_7
runtime data:        01	01	01
Entry has been added with handle 802
RuntimeCmd: Adding entry to ternary match table MyIngress.tb_hwimo_tree_5_6_7
match key:           TERNARY-01:20:40:1a &&& 39:24:72:9a
action:              MyIngress.set_pred_5_6_7
runtime data:        01	00	01
Entry has been added with handle 803
RuntimeCmd: Adding entry to ternary match table MyIngress.tb_hwimo_tree_5_6_7
match key:           TERNARY-00:20:42:1a &&& 38:24:73:9a
action:              MyIngress.set_pred_5_6_7
runtime data:        01	01	01
Entry has been added with handle 804
RuntimeCmd: Adding entry to ternary match table MyIngress.tb_hwimo_tree_5_6_7
match key:           TERNARY-00:20:43:1a &&& 38:24:73:9a
action:              MyIngress.set_pred_5_6_7
runtime data:        01	02	01
Entry has been added with handle 805
RuntimeCmd: Adding entry to ternary match table MyIngress.tb_hwimo_tree_5_6_7
match key:           TERNARY-00:20:60:0a &&& 38:25:70:8b
action:              MyIngress.set_pred_5_6_7
runtime data:        01	01	01
Entry has been added with handle 806
RuntimeCmd: Adding entry to ternary match table MyIngress.tb_hwimo_tree_5_6_7
match key:           TERNARY-00:20:60:0b &&& 38:25:70:8b
action:              MyIngress.set_pred_5_6_7
runtime data:        01	00	00
Entry has been added with handle 807
RuntimeCmd: Adding entry to ternary match table MyIngress.tb_hwimo_tree_5_6_7
match key:           TERNARY-00:21:60:0a &&& 38:25:70:8a
action:              MyIngress.set_pred_5_6_7
runtime data:        01	02	00
Entry has been added with handle 808
RuntimeCmd: Adding entry to ternary match table MyIngress.tb_hwimo_tree_5_6_7
match key:           TERNARY-08:00:40:08 &&& 3c:04:50:88
action:              MyIngress.set_pred_5_6_7
runtime data:        01	02	00
Entry has been added with handle 809
RuntimeCmd: Adding entry to ternary match table MyIngress.tb_hwimo_tree_5_6_7
match key:           TERNARY-0c:00:40:08 &&& 3c:24:55:89
action:              MyIngress.set_pred_5_6_7
runtime data:        01	01	01
Entry has been added with handle 810
RuntimeCmd: Adding entry to ternary match table MyIngress.tb_hwimo_tree_5_6_7
match key:           TERNARY-0c:20:40:08 &&& 3c:24:55:ab
action:              MyIngress.set_pred_5_6_7
runtime data:        01	01	01
Entry has been added with handle 811
RuntimeCmd: Adding entry to ternary match table MyIngress.tb_hwimo_tree_5_6_7
match key:           TERNARY-0c:20:40:28 &&& 3c:24:55:ab
action:              MyIngress.set_pred_5_6_7
runtime data:        02	01	02
Entry has been added with handle 812
RuntimeCmd: Adding entry to ternary match table MyIngress.tb_hwimo_tree_5_6_7
match key:           TERNARY-0c:20:40:0a &&& 3c:24:55:8b
action:              MyIngress.set_pred_5_6_7
runtime data:        02	01	02
Entry has been added with handle 813
RuntimeCmd: Adding entry to ternary match table MyIngress.tb_hwimo_tree_5_6_7
match key:           TERNARY-0c:00:41:08 &&& 3c:04:55:b9
action:              MyIngress.set_pred_5_6_7
runtime data:        02	01	02
Entry has been added with handle 814
RuntimeCmd: Adding entry to ternary match table MyIngress.tb_hwimo_tree_5_6_7
match key:           TERNARY-0c:00:41:28 &&& 3c:04:55:b9
action:              MyIngress.set_pred_5_6_7
runtime data:        01	01	01
Entry has been added with handle 815
RuntimeCmd: Adding entry to ternary match table MyIngress.tb_hwimo_tree_5_6_7
match key:           TERNARY-0c:00:41:18 &&& 3c:04:55:99
action:              MyIngress.set_pred_5_6_7
runtime data:        02	01	02
Entry has been added with handle 816
RuntimeCmd: Adding entry to ternary match table MyIngress.tb_hwimo_tree_5_6_7
match key:           TERNARY-0c:00:44:08 &&& 3c:1c:54:89
action:              MyIngress.set_pred_5_6_7
runtime data:        01	01	01
Entry has been added with handle 817
RuntimeCmd: Adding entry to ternary match table MyIngress.tb_hwimo_tree_5_6_7
match key:           TERNARY-0c:10:44:08 &&& 3c:1c:54:b9
action:              MyIngress.set_pred_5_6_7
runtime data:        02	01	02
Entry has been added with handle 818
RuntimeCmd: Adding entry to ternary match table MyIngress.tb_hwimo_tree_5_6_7
match key:           TERNARY-0c:10:44:18 &&& 3c:1c:54:b9
action:              MyIngress.set_pred_5_6_7
runtime data:        02	01	02
Entry has been added with handle 819
RuntimeCmd: Adding entry to ternary match table MyIngress.tb_hwimo_tree_5_6_7
match key:           TERNARY-0c:10:44:28 &&& 3c:1c:56:a9
action:              MyIngress.set_pred_5_6_7
runtime data:        02	01	02
Entry has been added with handle 820
RuntimeCmd: Adding entry to ternary match table MyIngress.tb_hwimo_tree_5_6_7
match key:           TERNARY-0c:10:46:28 &&& 3c:1c:56:a9
action:              MyIngress.set_pred_5_6_7
runtime data:        01	01	01
Entry has been added with handle 821
RuntimeCmd: Adding entry to ternary match table MyIngress.tb_hwimo_tree_5_6_7
match key:           TERNARY-0c:08:44:08 &&& 3c:0c:54:89
action:              MyIngress.set_pred_5_6_7
runtime data:        02	01	02
Entry has been added with handle 822
RuntimeCmd: Adding entry to ternary match table MyIngress.tb_hwimo_tree_5_6_7
match key:           TERNARY-0c:00:40:09 &&& 3c:04:51:a9
action:              MyIngress.set_pred_5_6_7
runtime data:        02	01	02
Entry has been added with handle 823
RuntimeCmd: Adding entry to ternary match table MyIngress.tb_hwimo_tree_5_6_7
match key:           TERNARY-0c:00:40:29 &&& 3c:04:51:a9
action:              MyIngress.set_pred_5_6_7
runtime data:        02	01	01
Entry has been added with handle 824
RuntimeCmd: Adding entry to ternary match table MyIngress.tb_hwimo_tree_5_6_7
match key:           TERNARY-0c:00:41:09 &&& 3c:04:51:89
action:              MyIngress.set_pred_5_6_7
runtime data:        02	01	02
Entry has been added with handle 825
RuntimeCmd: Adding entry to ternary match table MyIngress.tb_hwimo_tree_5_6_7
match key:           TERNARY-00:00:40:88 &&& 3a:05:58:88
action:              MyIngress.set_pred_5_6_7
runtime data:        00	01	00
Entry has been added with handle 826
RuntimeCmd: Adding entry to ternary match table MyIngress.tb_hwimo_tree_5_6_7
match key:           TERNARY-08:00:40:88 &&& 3a:05:5a:b8
action:              MyIngress.set_pred_5_6_7
runtime data:        01	02	01
Entry has been added with handle 827
RuntimeCmd: Adding entry to ternary match table MyIngress.tb_hwimo_tree_5_6_7
match key:           TERNARY-08:00:40:a8 &&& 3a:25:5a:b8
action:              MyIngress.set_pred_5_6_7
runtime data:        01	00	01
Entry has been added with handle 828
RuntimeCmd: Adding entry to ternary match table MyIngress.tb_hwimo_tree_5_6_7
match key:           TERNARY-08:20:40:a8 &&& 3a:25:5a:b8
action:              MyIngress.set_pred_5_6_7
runtime data:        01	01	01
Entry has been added with handle 829
RuntimeCmd: Adding entry to ternary match table MyIngress.tb_hwimo_tree_5_6_7
match key:           TERNARY-08:00:40:98 &&& 3a:05:5a:98
action:              MyIngress.set_pred_5_6_7
runtime data:        01	02	01
Entry has been added with handle 830
RuntimeCmd: Adding entry to ternary match table MyIngress.tb_hwimo_tree_5_6_7
match key:           TERNARY-08:00:42:88 &&& 3a:05:5a:88
action:              MyIngress.set_pred_5_6_7
runtime data:        01	01	01
Entry has been added with handle 831
RuntimeCmd: Adding entry to ternary match table MyIngress.tb_hwimo_tree_5_6_7
match key:           TERNARY-02:00:40:88 &&& 36:05:78:98
action:              MyIngress.set_pred_5_6_7
runtime data:        01	02	00
Entry has been added with handle 832
RuntimeCmd: Adding entry to ternary match table MyIngress.tb_hwimo_tree_5_6_7
match key:           TERNARY-02:00:40:98 &&& 36:05:78:b8
action:              MyIngress.set_pred_5_6_7
runtime data:        00	01	00
Entry has been added with handle 833
RuntimeCmd: Adding entry to ternary match table MyIngress.tb_hwimo_tree_5_6_7
match key:           TERNARY-02:00:40:b8 &&& 36:05:78:b8
action:              MyIngress.set_pred_5_6_7
runtime data:        00	00	00
Entry has been added with handle 834
RuntimeCmd: Adding entry to ternary match table MyIngress.tb_hwimo_tree_5_6_7
match key:           TERNARY-02:00:60:88 &&& 36:05:78:d8
action:              MyIngress.set_pred_5_6_7
runtime data:        01	02	01
Entry has been added with handle 835
RuntimeCmd: Adding entry to ternary match table MyIngress.tb_hwimo_tree_5_6_7
match key:           TERNARY-02:00:60:c8 &&& 36:05:78:d8
action:              MyIngress.set_pred_5_6_7
runtime data:        01	02	00
Entry has been added with handle 836
RuntimeCmd: Adding entry to ternary match table MyIngress.tb_hwimo_tree_5_6_7
match key:           TERNARY-02:00:60:98 &&& 36:05:7a:98
action:              MyIngress.set_pred_5_6_7
runtime data:        01	02	01
Entry has been added with handle 837
RuntimeCmd: Adding entry to ternary match table MyIngress.tb_hwimo_tree_5_6_7
match key:           TERNARY-02:00:62:98 &&& 36:05:7a:98
action:              MyIngress.set_pred_5_6_7
runtime data:        02	02	01
Entry has been added with handle 838
RuntimeCmd: Adding entry to ternary match table MyIngress.tb_hwimo_tree_5_6_7
match key:           TERNARY-06:00:40:88 &&& 36:05:5c:88
action:              MyIngress.set_pred_5_6_7
runtime data:        01	01	01
Entry has been added with handle 839
RuntimeCmd: Adding entry to ternary match table MyIngress.tb_hwimo_tree_5_6_7
match key:           TERNARY-06:00:44:88 &&& 36:0d:5c:88
action:              MyIngress.set_pred_5_6_7
runtime data:        02	01	02
Entry has been added with handle 840
RuntimeCmd: Adding entry to ternary match table MyIngress.tb_hwimo_tree_5_6_7
match key:           TERNARY-06:08:44:88 &&& 36:0d:5c:98
action:              MyIngress.set_pred_5_6_7
runtime data:        02	01	01
Entry has been added with handle 841
RuntimeCmd: Adding entry to ternary match table MyIngress.tb_hwimo_tree_5_6_7
match key:           TERNARY-06:08:44:98 &&& 36:0d:5c:98
action:              MyIngress.set_pred_5_6_7
runtime data:        01	01	01
Entry has been added with handle 842
RuntimeCmd: Adding entry to ternary match table MyIngress.tb_hwimo_tree_5_6_7
match key:           TERNARY-00:01:40:88 &&& 30:05:5c:e8
action:              MyIngress.set_pred_5_6_7
runtime data:        01	01	01
Entry has been added with handle 843
RuntimeCmd: Adding entry to ternary match table MyIngress.tb_hwimo_tree_5_6_7
match key:           TERNARY-00:01:40:c8 &&& 30:05:5e:e8
action:              MyIngress.set_pred_5_6_7
runtime data:        01	01	01
Entry has been added with handle 844
RuntimeCmd: Adding entry to ternary match table MyIngress.tb_hwimo_tree_5_6_7
match key:           TERNARY-00:01:42:c8 &&& 30:05:5e:e8
action:              MyIngress.set_pred_5_6_7
runtime data:        02	01	02
Entry has been added with handle 845
RuntimeCmd: Adding entry to ternary match table MyIngress.tb_hwimo_tree_5_6_7
match key:           TERNARY-00:01:40:a8 &&& 30:05:5e:b8
action:              MyIngress.set_pred_5_6_7
runtime data:        02	01	02
Entry has been added with handle 846
RuntimeCmd: Adding entry to ternary match table MyIngress.tb_hwimo_tree_5_6_7
match key:           TERNARY-00:01:42:a8 &&& 30:05:5e:bb
action:              MyIngress.set_pred_5_6_7
runtime data:        02	01	02
Entry has been added with handle 847
RuntimeCmd: Adding entry to ternary match table MyIngress.tb_hwimo_tree_5_6_7
match key:           TERNARY-00:01:42:aa &&& 30:05:5e:bb
action:              MyIngress.set_pred_5_6_7
runtime data:        02	01	02
Entry has been added with handle 848
RuntimeCmd: Adding entry to ternary match table MyIngress.tb_hwimo_tree_5_6_7
match key:           TERNARY-00:01:42:a9 &&& 30:05:5e:bb
action:              MyIngress.set_pred_5_6_7
runtime data:        01	01	01
Entry has been added with handle 849
RuntimeCmd: Adding entry to ternary match table MyIngress.tb_hwimo_tree_5_6_7
match key:           TERNARY-00:01:42:ab &&& 30:05:5e:bb
action:              MyIngress.set_pred_5_6_7
runtime data:        01	01	01
Entry has been added with handle 850
RuntimeCmd: Adding entry to ternary match table MyIngress.tb_hwimo_tree_5_6_7
match key:           TERNARY-00:01:40:b8 &&& 30:05:5c:f8
action:              MyIngress.set_pred_5_6_7
runtime data:        02	01	02
Entry has been added with handle 851
RuntimeCmd: Adding entry to ternary match table MyIngress.tb_hwimo_tree_5_6_7
match key:           TERNARY-00:01:40:f8 &&& 30:05:5c:fd
action:              MyIngress.set_pred_5_6_7
runtime data:        02	01	01
Entry has been added with handle 852
RuntimeCmd: Adding entry to ternary match table MyIngress.tb_hwimo_tree_5_6_7
match key:           TERNARY-00:01:40:f9 &&& 30:05:5c:fd
action:              MyIngress.set_pred_5_6_7
runtime data:        02	01	01
Entry has been added with handle 853
RuntimeCmd: Adding entry to ternary match table MyIngress.tb_hwimo_tree_5_6_7
match key:           TERNARY-00:01:40:fc &&& 30:05:5c:fc
action:              MyIngress.set_pred_5_6_7
runtime data:        02	01	01
Entry has been added with handle 854
RuntimeCmd: Adding entry to ternary match table MyIngress.tb_hwimo_tree_5_6_7
match key:           TERNARY-00:01:44:88 &&& 30:05:5e:88
action:              MyIngress.set_pred_5_6_7
runtime data:        01	01	01
Entry has been added with handle 855
RuntimeCmd: Adding entry to ternary match table MyIngress.tb_hwimo_tree_5_6_7
match key:           TERNARY-00:01:46:88 &&& 30:05:5e:a8
action:              MyIngress.set_pred_5_6_7
runtime data:        02	01	02
Entry has been added with handle 856
RuntimeCmd: Adding entry to ternary match table MyIngress.tb_hwimo_tree_5_6_7
match key:           TERNARY-00:01:46:a8 &&& 30:05:5e:aa
action:              MyIngress.set_pred_5_6_7
runtime data:        01	01	01
Entry has been added with handle 857
RuntimeCmd: Adding entry to ternary match table MyIngress.tb_hwimo_tree_5_6_7
match key:           TERNARY-00:01:46:aa &&& 30:05:5e:aa
action:              MyIngress.set_pred_5_6_7
runtime data:        02	01	02
Entry has been added with handle 858
RuntimeCmd: Adding entry to ternary match table MyIngress.tb_hwimo_tree_5_6_7
match key:           TERNARY-00:00:48:88 &&& 30:04:58:d8
action:              MyIngress.set_pred_5_6_7
runtime data:        02	01	02
Entry has been added with handle 859
RuntimeCmd: Adding entry to ternary match table MyIngress.tb_hwimo_tree_5_6_7
match key:           TERNARY-00:00:48:c8 &&& 30:04:78:d8
action:              MyIngress.set_pred_5_6_7
runtime data:        02	01	01
Entry has been added with handle 860
RuntimeCmd: Adding entry to ternary match table MyIngress.tb_hwimo_tree_5_6_7
match key:           TERNARY-00:00:68:c8 &&& 30:04:78:d8
action:              MyIngress.set_pred_5_6_7
runtime data:        02	01	02
Entry has been added with handle 861
RuntimeCmd: Adding entry to ternary match table MyIngress.tb_hwimo_tree_5_6_7
match key:           TERNARY-00:00:48:98 &&& 30:04:5f:99
action:              MyIngress.set_pred_5_6_7
runtime data:        02	01	02
Entry has been added with handle 862
RuntimeCmd: Adding entry to ternary match table MyIngress.tb_hwimo_tree_5_6_7
match key:           TERNARY-00:00:48:99 &&& 30:04:5f:d9
action:              MyIngress.set_pred_5_6_7
runtime data:        02	01	02
Entry has been added with handle 863
RuntimeCmd: Adding entry to ternary match table MyIngress.tb_hwimo_tree_5_6_7
match key:           TERNARY-00:00:48:d9 &&& 30:24:5f:d9
action:              MyIngress.set_pred_5_6_7
runtime data:        02	01	02
Entry has been added with handle 864
RuntimeCmd: Adding entry to ternary match table MyIngress.tb_hwimo_tree_5_6_7
match key:           TERNARY-00:20:48:d9 &&& 30:24:5f:d9
action:              MyIngress.set_pred_5_6_7
runtime data:        01	01	01
Entry has been added with handle 865
RuntimeCmd: Adding entry to ternary match table MyIngress.tb_hwimo_tree_5_6_7
match key:           TERNARY-00:00:4c:98 &&& 30:84:5f:d8
action:              MyIngress.set_pred_5_6_7
runtime data:        01	01	01
Entry has been added with handle 866
RuntimeCmd: Adding entry to ternary match table MyIngress.tb_hwimo_tree_5_6_7
match key:           TERNARY-00:00:4c:d8 &&& 30:84:5f:d9
action:              MyIngress.set_pred_5_6_7
runtime data:        01	01	01
Entry has been added with handle 867
RuntimeCmd: Adding entry to ternary match table MyIngress.tb_hwimo_tree_5_6_7
match key:           TERNARY-00:00:4c:d9 &&& 30:84:5f:d9
action:              MyIngress.set_pred_5_6_7
runtime data:        02	01	02
Entry has been added with handle 868
RuntimeCmd: Adding entry to ternary match table MyIngress.tb_hwimo_tree_5_6_7
match key:           TERNARY-00:80:4c:98 &&& 30:84:5f:98
action:              MyIngress.set_pred_5_6_7
runtime data:        02	01	01
Entry has been added with handle 869
RuntimeCmd: Adding entry to ternary match table MyIngress.tb_hwimo_tree_5_6_7
match key:           TERNARY-00:00:4a:98 &&& 30:04:5f:9f
action:              MyIngress.set_pred_5_6_7
runtime data:        02	01	02
Entry has been added with handle 870
RuntimeCmd: Adding entry to ternary match table MyIngress.tb_hwimo_tree_5_6_7
match key:           TERNARY-00:00:4a:9c &&& 30:04:5f:9f
action:              MyIngress.set_pred_5_6_7
runtime data:        02	01	02
Entry has been added with handle 871
RuntimeCmd: Adding entry to ternary match table MyIngress.tb_hwimo_tree_5_6_7
match key:           TERNARY-00:00:4a:9a &&& 30:04:5f:9b
action:              MyIngress.set_pred_5_6_7
runtime data:        02	01	01
Entry has been added with handle 872
RuntimeCmd: Adding entry to ternary match table MyIngress.tb_hwimo_tree_5_6_7
match key:           TERNARY-00:00:4a:99 &&& 30:04:5f:9f
action:              MyIngress.set_pred_5_6_7
runtime data:        02	01	01
Entry has been added with handle 873
RuntimeCmd: Adding entry to ternary match table MyIngress.tb_hwimo_tree_5_6_7
match key:           TERNARY-00:00:4a:9d &&& 30:04:5f:9f
action:              MyIngress.set_pred_5_6_7
runtime data:        02	01	02
Entry has been added with handle 874
RuntimeCmd: Adding entry to ternary match table MyIngress.tb_hwimo_tree_5_6_7
match key:           TERNARY-00:00:4a:9b &&& 30:04:5f:9b
action:              MyIngress.set_pred_5_6_7
runtime data:        02	01	02
Entry has been added with handle 875
RuntimeCmd: Adding entry to ternary match table MyIngress.tb_hwimo_tree_5_6_7
match key:           TERNARY-00:00:4e:98 &&& 30:04:5f:d8
action:              MyIngress.set_pred_5_6_7
runtime data:        02	01	02
Entry has been added with handle 876
RuntimeCmd: Adding entry to ternary match table MyIngress.tb_hwimo_tree_5_6_7
match key:           TERNARY-00:00:4e:d8 &&& 30:04:5f:d9
action:              MyIngress.set_pred_5_6_7
runtime data:        02	01	02
Entry has been added with handle 877
RuntimeCmd: Adding entry to ternary match table MyIngress.tb_hwimo_tree_5_6_7
match key:           TERNARY-00:00:4e:d9 &&& 30:04:5f:f9
action:              MyIngress.set_pred_5_6_7
runtime data:        02	01	01
Entry has been added with handle 878
RuntimeCmd: Adding entry to ternary match table MyIngress.tb_hwimo_tree_5_6_7
match key:           TERNARY-00:00:4e:f9 &&& 30:04:5f:f9
action:              MyIngress.set_pred_5_6_7
runtime data:        02	01	02
Entry has been added with handle 879
RuntimeCmd: Adding entry to ternary match table MyIngress.tb_hwimo_tree_5_6_7
match key:           TERNARY-00:00:49:98 &&& 30:04:59:98
action:              MyIngress.set_pred_5_6_7
runtime data:        02	01	02
Entry has been added with handle 880
RuntimeCmd: Adding entry to ternary match table MyIngress.tb_hwimo_tree_5_6_7
match key:           TERNARY-00:00:50:08 &&& 30:0d:54:0c
action:              MyIngress.set_pred_5_6_7
runtime data:        01	01	00
Entry has been added with handle 881
RuntimeCmd: Adding entry to ternary match table MyIngress.tb_hwimo_tree_5_6_7
match key:           TERNARY-00:00:50:0c &&& 30:0d:54:0e
action:              MyIngress.set_pred_5_6_7
runtime data:        00	01	00
Entry has been added with handle 882
RuntimeCmd: Adding entry to ternary match table MyIngress.tb_hwimo_tree_5_6_7
match key:           TERNARY-00:00:50:0e &&& 30:0d:74:0e
action:              MyIngress.set_pred_5_6_7
runtime data:        00	02	00
Entry has been added with handle 883
RuntimeCmd: Adding entry to ternary match table MyIngress.tb_hwimo_tree_5_6_7
match key:           TERNARY-00:00:70:0e &&& 30:0d:74:0e
action:              MyIngress.set_pred_5_6_7
runtime data:        00	02	00
Entry has been added with handle 884
RuntimeCmd: Adding entry to ternary match table MyIngress.tb_hwimo_tree_5_6_7
match key:           TERNARY-00:01:50:08 &&& 30:0d:d4:08
action:              MyIngress.set_pred_5_6_7
runtime data:        01	00	01
Entry has been added with handle 885
RuntimeCmd: Adding entry to ternary match table MyIngress.tb_hwimo_tree_5_6_7
match key:           TERNARY-00:01:d0:08 &&& 30:0d:d4:08
action:              MyIngress.set_pred_5_6_7
runtime data:        01	02	00
Entry has been added with handle 886
RuntimeCmd: Adding entry to ternary match table MyIngress.tb_hwimo_tree_5_6_7
match key:           TERNARY-00:08:50:08 &&& 30:0c:56:08
action:              MyIngress.set_pred_5_6_7
runtime data:        02	02	01
Entry has been added with handle 887
RuntimeCmd: Adding entry to ternary match table MyIngress.tb_hwimo_tree_5_6_7
match key:           TERNARY-00:08:52:08 &&& 30:0c:56:08
action:              MyIngress.set_pred_5_6_7
runtime data:        01	02	01
Entry has been added with handle 888
RuntimeCmd: Adding entry to ternary match table MyIngress.tb_hwimo_tree_5_6_7
match key:           TERNARY-00:00:54:08 &&& 30:04:d4:08
action:              MyIngress.set_pred_5_6_7
runtime data:        01	00	01
Entry has been added with handle 889
RuntimeCmd: Adding entry to ternary match table MyIngress.tb_hwimo_tree_5_6_7
match key:           TERNARY-00:00:d4:08 &&& 30:04:d4:08
action:              MyIngress.set_pred_5_6_7
runtime data:        02	02	02
Entry has been added with handle 890
RuntimeCmd: Adding entry to ternary match table MyIngress.tb_hwimo_tree_5_6_7
match key:           TERNARY-00:04:40:08 &&& 30:0d:70:cb
action:              MyIngress.set_pred_5_6_7
runtime data:        00	01	00
Entry has been added with handle 891
RuntimeCmd: Adding entry to ternary match table MyIngress.tb_hwimo_tree_5_6_7
match key:           TERNARY-00:04:40:0a &&& 30:0d:70:cb
action:              MyIngress.set_pred_5_6_7
runtime data:        01	01	00
Entry has been added with handle 892
RuntimeCmd: Adding entry to ternary match table MyIngress.tb_hwimo_tree_5_6_7
match key:           TERNARY-00:04:40:09 &&& 34:0d:74:c9
action:              MyIngress.set_pred_5_6_7
runtime data:        00	01	00
Entry has been added with handle 893
RuntimeCmd: Adding entry to ternary match table MyIngress.tb_hwimo_tree_5_6_7
match key:           TERNARY-04:04:40:09 &&& 34:0d:74:c9
action:              MyIngress.set_pred_5_6_7
runtime data:        00	01	00
Entry has been added with handle 894
RuntimeCmd: Adding entry to ternary match table MyIngress.tb_hwimo_tree_5_6_7
match key:           TERNARY-00:04:44:09 &&& 30:0d:74:c9
action:              MyIngress.set_pred_5_6_7
runtime data:        00	01	00
Entry has been added with handle 895
RuntimeCmd: Adding entry to ternary match table MyIngress.tb_hwimo_tree_5_6_7
match key:           TERNARY-00:04:40:48 &&& 30:0d:70:c8
action:              MyIngress.set_pred_5_6_7
runtime data:        01	00	01
Entry has been added with handle 896
RuntimeCmd: Adding entry to ternary match table MyIngress.tb_hwimo_tree_5_6_7
match key:           TERNARY-00:04:40:88 &&& 30:8d:70:88
action:              MyIngress.set_pred_5_6_7
runtime data:        00	02	00
Entry has been added with handle 897
RuntimeCmd: Adding entry to ternary match table MyIngress.tb_hwimo_tree_5_6_7
match key:           TERNARY-00:84:40:88 &&& 30:8d:70:88
action:              MyIngress.set_pred_5_6_7
runtime data:        01	00	01
Entry has been added with handle 898
RuntimeCmd: Adding entry to ternary match table MyIngress.tb_hwimo_tree_5_6_7
match key:           TERNARY-00:04:60:08 &&& 38:0d:70:28
action:              MyIngress.set_pred_5_6_7
runtime data:        01	01	01
Entry has been added with handle 899
RuntimeCmd: Adding entry to ternary match table MyIngress.tb_hwimo_tree_5_6_7
match key:           TERNARY-08:04:60:08 &&& 38:0d:70:28
action:              MyIngress.set_pred_5_6_7
runtime data:        01	01	01
Entry has been added with handle 900
RuntimeCmd: Adding entry to ternary match table MyIngress.tb_hwimo_tree_5_6_7
match key:           TERNARY-00:04:60:28 &&& 30:0d:70:28
action:              MyIngress.set_pred_5_6_7
runtime data:        01	02	01
Entry has been added with handle 901
RuntimeCmd: Adding entry to ternary match table MyIngress.tb_hwimo_tree_5_6_7
match key:           TERNARY-00:05:40:08 &&& 30:0d:50:08
action:              MyIngress.set_pred_5_6_7
runtime data:        01	02	00
Entry has been added with handle 902
RuntimeCmd: Adding entry to ternary match table MyIngress.tb_hwimo_tree_5_6_7
match key:           TERNARY-00:0c:40:08 &&& 30:0c:58:18
action:              MyIngress.set_pred_5_6_7
runtime data:        02	02	01
Entry has been added with handle 903
RuntimeCmd: Adding entry to ternary match table MyIngress.tb_hwimo_tree_5_6_7
match key:           TERNARY-00:0c:40:18 &&& 30:5c:7c:38
action:              MyIngress.set_pred_5_6_7
runtime data:        00	02	01
Entry has been added with handle 904
RuntimeCmd: Adding entry to ternary match table MyIngress.tb_hwimo_tree_5_6_7
match key:           TERNARY-00:4c:40:18 &&& 30:5c:7c:38
action:              MyIngress.set_pred_5_6_7
runtime data:        01	02	01
Entry has been added with handle 905
RuntimeCmd: Adding entry to ternary match table MyIngress.tb_hwimo_tree_5_6_7
match key:           TERNARY-00:0c:40:38 &&& 30:1c:7c:3a
action:              MyIngress.set_pred_5_6_7
runtime data:        02	02	01
Entry has been added with handle 906
RuntimeCmd: Adding entry to ternary match table MyIngress.tb_hwimo_tree_5_6_7
match key:           TERNARY-00:0c:40:3a &&& 30:1c:7c:3a
action:              MyIngress.set_pred_5_6_7
runtime data:        01	01	01
Entry has been added with handle 907
RuntimeCmd: Adding entry to ternary match table MyIngress.tb_hwimo_tree_5_6_7
match key:           TERNARY-00:0c:44:18 &&& 30:1e:7c:18
action:              MyIngress.set_pred_5_6_7
runtime data:        02	02	01
Entry has been added with handle 908
RuntimeCmd: Adding entry to ternary match table MyIngress.tb_hwimo_tree_5_6_7
match key:           TERNARY-00:0e:44:18 &&& 30:1e:7c:18
action:              MyIngress.set_pred_5_6_7
runtime data:        01	02	01
Entry has been added with handle 909
RuntimeCmd: Adding entry to ternary match table MyIngress.tb_hwimo_tree_5_6_7
match key:           TERNARY-00:0c:60:18 &&& 30:1c:78:38
action:              MyIngress.set_pred_5_6_7
runtime data:        01	02	01
Entry has been added with handle 910
RuntimeCmd: Adding entry to ternary match table MyIngress.tb_hwimo_tree_5_6_7
match key:           TERNARY-00:0c:60:38 &&& 30:1c:78:38
action:              MyIngress.set_pred_5_6_7
runtime data:        01	02	00
Entry has been added with handle 911
RuntimeCmd: Adding entry to ternary match table MyIngress.tb_hwimo_tree_5_6_7
match key:           TERNARY-00:1c:40:18 &&& 30:1c:58:38
action:              MyIngress.set_pred_5_6_7
runtime data:        00	01	00
Entry has been added with handle 912
RuntimeCmd: Adding entry to ternary match table MyIngress.tb_hwimo_tree_5_6_7
match key:           TERNARY-00:1c:40:38 &&& 30:1c:58:38
action:              MyIngress.set_pred_5_6_7
runtime data:        01	00	01
Entry has been added with handle 913
RuntimeCmd: Adding entry to ternary match table MyIngress.tb_hwimo_tree_5_6_7
match key:           TERNARY-00:0c:48:08 &&& 30:4c:59:48
action:              MyIngress.set_pred_5_6_7
runtime data:        00	00	00
Entry has been added with handle 914
RuntimeCmd: Adding entry to ternary match table MyIngress.tb_hwimo_tree_5_6_7
match key:           TERNARY-00:4c:48:08 &&& 30:4c:59:48
action:              MyIngress.set_pred_5_6_7
runtime data:        01	01	00
Entry has been added with handle 915
RuntimeCmd: Adding entry to ternary match table MyIngress.tb_hwimo_tree_5_6_7
match key:           TERNARY-00:0c:49:08 &&& 30:0c:59:58
action:              MyIngress.set_pred_5_6_7
runtime data:        01	02	00
Entry has been added with handle 916
RuntimeCmd: Adding entry to ternary match table MyIngress.tb_hwimo_tree_5_6_7
match key:           TERNARY-00:0c:49:18 &&& 30:0c:59:5a
action:              MyIngress.set_pred_5_6_7
runtime data:        01	02	00
Entry has been added with handle 917
RuntimeCmd: Adding entry to ternary match table MyIngress.tb_hwimo_tree_5_6_7
match key:           TERNARY-00:0c:49:1a &&& 30:0c:59:5a
action:              MyIngress.set_pred_5_6_7
runtime data:        01	00	00
Entry has been added with handle 918
RuntimeCmd: Adding entry to ternary match table MyIngress.tb_hwimo_tree_5_6_7
match key:           TERNARY-00:0c:48:48 &&& 30:2c:7a:4f
action:              MyIngress.set_pred_5_6_7
runtime data:        01	02	01
Entry has been added with handle 919
RuntimeCmd: Adding entry to ternary match table MyIngress.tb_hwimo_tree_5_6_7
match key:           TERNARY-00:0c:48:4c &&& 30:2c:7a:4f
action:              MyIngress.set_pred_5_6_7
runtime data:        02	02	02
Entry has been added with handle 920
RuntimeCmd: Adding entry to ternary match table MyIngress.tb_hwimo_tree_5_6_7
match key:           TERNARY-00:0c:48:49 &&& 30:2c:7a:4f
action:              MyIngress.set_pred_5_6_7
runtime data:        02	02	02
Entry has been added with handle 921
RuntimeCmd: Adding entry to ternary match table MyIngress.tb_hwimo_tree_5_6_7
match key:           TERNARY-00:0c:48:4d &&& 30:2c:7a:4f
action:              MyIngress.set_pred_5_6_7
runtime data:        02	02	02
Entry has been added with handle 922
RuntimeCmd: Adding entry to ternary match table MyIngress.tb_hwimo_tree_5_6_7
match key:           TERNARY-00:0c:48:4a &&& 30:2c:7a:4b
action:              MyIngress.set_pred_5_6_7
runtime data:        01	02	01
Entry has been added with handle 923
RuntimeCmd: Adding entry to ternary match table MyIngress.tb_hwimo_tree_5_6_7
match key:           TERNARY-00:0c:48:4b &&& 30:2c:7a:4f
action:              MyIngress.set_pred_5_6_7
runtime data:        02	02	02
Entry has been added with handle 924
RuntimeCmd: Adding entry to ternary match table MyIngress.tb_hwimo_tree_5_6_7
match key:           TERNARY-00:0c:48:4f &&& 30:2c:7a:4f
action:              MyIngress.set_pred_5_6_7
runtime data:        01	02	01
Entry has been added with handle 925
RuntimeCmd: Adding entry to ternary match table MyIngress.tb_hwimo_tree_5_6_7
match key:           TERNARY-00:0c:68:48 &&& 30:2c:7a:48
action:              MyIngress.set_pred_5_6_7
runtime data:        02	02	02
Entry has been added with handle 926
RuntimeCmd: Adding entry to ternary match table MyIngress.tb_hwimo_tree_5_6_7
match key:           TERNARY-00:2c:48:48 &&& 30:ae:7a:48
action:              MyIngress.set_pred_5_6_7
runtime data:        01	02	01
Entry has been added with handle 927
RuntimeCmd: Adding entry to ternary match table MyIngress.tb_hwimo_tree_5_6_7
match key:           TERNARY-00:ac:48:48 &&& 30:ae:7a:48
action:              MyIngress.set_pred_5_6_7
runtime data:        01	01	01
Entry has been added with handle 928
RuntimeCmd: Adding entry to ternary match table MyIngress.tb_hwimo_tree_5_6_7
match key:           TERNARY-00:2e:48:48 &&& 30:2e:7a:48
action:              MyIngress.set_pred_5_6_7
runtime data:        01	01	01
Entry has been added with handle 929
RuntimeCmd: Adding entry to ternary match table MyIngress.tb_hwimo_tree_5_6_7
match key:           TERNARY-00:2c:68:48 &&& 30:2c:7a:48
action:              MyIngress.set_pred_5_6_7
runtime data:        02	02	01
Entry has been added with handle 930
RuntimeCmd: Adding entry to ternary match table MyIngress.tb_hwimo_tree_5_6_7
match key:           TERNARY-00:0c:4a:48 &&& 30:0c:5a:48
action:              MyIngress.set_pred_5_6_7
runtime data:        02	01	02
Entry has been added with handle 931
RuntimeCmd: Adding entry to ternary match table MyIngress.tb_hwimo_tree_5_6_7
match key:           TERNARY-00:04:50:08 &&& 30:24:50:08
action:              MyIngress.set_pred_5_6_7
runtime data:        01	00	01
Entry has been added with handle 932
RuntimeCmd: Adding entry to ternary match table MyIngress.tb_hwimo_tree_5_6_7
match key:           TERNARY-00:24:50:08 &&& 30:24:d1:0b
action:              MyIngress.set_pred_5_6_7
runtime data:        01	02	01
Entry has been added with handle 933
RuntimeCmd: Adding entry to ternary match table MyIngress.tb_hwimo_tree_5_6_7
match key:           TERNARY-00:24:d0:08 &&& 30:24:d1:0b
action:              MyIngress.set_pred_5_6_7
runtime data:        01	02	00
Entry has been added with handle 934
RuntimeCmd: Adding entry to ternary match table MyIngress.tb_hwimo_tree_5_6_7
match key:           TERNARY-00:24:50:0a &&& 30:24:51:0b
action:              MyIngress.set_pred_5_6_7
runtime data:        01	02	01
Entry has been added with handle 935
RuntimeCmd: Adding entry to ternary match table MyIngress.tb_hwimo_tree_5_6_7
match key:           TERNARY-00:24:51:08 &&& 30:24:51:09
action:              MyIngress.set_pred_5_6_7
runtime data:        01	02	00
Entry has been added with handle 936
RuntimeCmd: Adding entry to ternary match table MyIngress.tb_hwimo_tree_5_6_7
match key:           TERNARY-00:24:50:09 &&& 30:24:50:09
action:              MyIngress.set_pred_5_6_7
runtime data:        01	02	01
Entry has been added with handle 937
RuntimeCmd: Adding entry to ternary match table MyIngress.tb_hwimo_tree_5_6_7
match key:           TERNARY-10:00:00:00 &&& 31:00:62:88
action:              MyIngress.set_pred_5_6_7
runtime data:        01	02	00
Entry has been added with handle 938
RuntimeCmd: Adding entry to ternary match table MyIngress.tb_hwimo_tree_5_6_7
match key:           TERNARY-10:00:00:08 &&& 31:00:62:c8
action:              MyIngress.set_pred_5_6_7
runtime data:        00	00	00
Entry has been added with handle 939
RuntimeCmd: Adding entry to ternary match table MyIngress.tb_hwimo_tree_5_6_7
match key:           TERNARY-10:00:00:48 &&& 31:00:62:c8
action:              MyIngress.set_pred_5_6_7
runtime data:        01	00	01
Entry has been added with handle 940
RuntimeCmd: Adding entry to ternary match table MyIngress.tb_hwimo_tree_5_6_7
match key:           TERNARY-10:00:02:00 &&& 31:40:e2:c0
action:              MyIngress.set_pred_5_6_7
runtime data:        00	00	00
Entry has been added with handle 941
RuntimeCmd: Adding entry to ternary match table MyIngress.tb_hwimo_tree_5_6_7
match key:           TERNARY-10:00:82:00 &&& 31:40:e2:c0
action:              MyIngress.set_pred_5_6_7
runtime data:        00	00	01
Entry has been added with handle 942
RuntimeCmd: Adding entry to ternary match table MyIngress.tb_hwimo_tree_5_6_7
match key:           TERNARY-10:00:02:40 &&& 31:40:66:c0
action:              MyIngress.set_pred_5_6_7
runtime data:        01	01	01
Entry has been added with handle 943
RuntimeCmd: Adding entry to ternary match table MyIngress.tb_hwimo_tree_5_6_7
match key:           TERNARY-10:00:06:40 &&& 31:40:66:c0
action:              MyIngress.set_pred_5_6_7
runtime data:        01	00	01
Entry has been added with handle 944
RuntimeCmd: Adding entry to ternary match table MyIngress.tb_hwimo_tree_5_6_7
match key:           TERNARY-10:40:02:00 &&& 31:41:62:80
action:              MyIngress.set_pred_5_6_7
runtime data:        00	01	00
Entry has been added with handle 945
RuntimeCmd: Adding entry to ternary match table MyIngress.tb_hwimo_tree_5_6_7
match key:           TERNARY-10:41:02:00 &&& 31:43:62:80
action:              MyIngress.set_pred_5_6_7
runtime data:        00	00	00
Entry has been added with handle 946
RuntimeCmd: Adding entry to ternary match table MyIngress.tb_hwimo_tree_5_6_7
match key:           TERNARY-10:43:02:00 &&& 31:43:72:80
action:              MyIngress.set_pred_5_6_7
runtime data:        00	01	00
Entry has been added with handle 947
RuntimeCmd: Adding entry to ternary match table MyIngress.tb_hwimo_tree_5_6_7
match key:           TERNARY-10:43:12:00 &&& 31:43:72:80
action:              MyIngress.set_pred_5_6_7
runtime data:        00	01	00
Entry has been added with handle 948
RuntimeCmd: Adding entry to ternary match table MyIngress.tb_hwimo_tree_5_6_7
match key:           TERNARY-10:00:20:00 &&& 3b:00:e0:80
action:              MyIngress.set_pred_5_6_7
runtime data:        00	01	00
Entry has been added with handle 949
RuntimeCmd: Adding entry to ternary match table MyIngress.tb_hwimo_tree_5_6_7
match key:           TERNARY-18:00:20:00 &&& 3b:80:e2:80
action:              MyIngress.set_pred_5_6_7
runtime data:        01	02	01
Entry has been added with handle 950
RuntimeCmd: Adding entry to ternary match table MyIngress.tb_hwimo_tree_5_6_7
match key:           TERNARY-18:00:22:00 &&& 3b:80:e2:80
action:              MyIngress.set_pred_5_6_7
runtime data:        01	02	01
Entry has been added with handle 951
RuntimeCmd: Adding entry to ternary match table MyIngress.tb_hwimo_tree_5_6_7
match key:           TERNARY-18:80:20:00 &&& 3b:80:e0:80
action:              MyIngress.set_pred_5_6_7
runtime data:        00	00	00
Entry has been added with handle 952
RuntimeCmd: Adding entry to ternary match table MyIngress.tb_hwimo_tree_5_6_7
match key:           TERNARY-12:00:20:00 &&& 33:88:e2:80
action:              MyIngress.set_pred_5_6_7
runtime data:        00	00	01
Entry has been added with handle 953
RuntimeCmd: Adding entry to ternary match table MyIngress.tb_hwimo_tree_5_6_7
match key:           TERNARY-12:00:22:00 &&& 33:88:e2:80
action:              MyIngress.set_pred_5_6_7
runtime data:        00	01	01
Entry has been added with handle 954
RuntimeCmd: Adding entry to ternary match table MyIngress.tb_hwimo_tree_5_6_7
match key:           TERNARY-12:08:20:00 &&& 33:c8:eb:80
action:              MyIngress.set_pred_5_6_7
runtime data:        00	00	01
Entry has been added with handle 955
RuntimeCmd: Adding entry to ternary match table MyIngress.tb_hwimo_tree_5_6_7
match key:           TERNARY-12:08:21:00 &&& 33:c8:eb:80
action:              MyIngress.set_pred_5_6_7
runtime data:        00	00	00
Entry has been added with handle 956
RuntimeCmd: Adding entry to ternary match table MyIngress.tb_hwimo_tree_5_6_7
match key:           TERNARY-12:08:22:00 &&& 33:c8:ea:80
action:              MyIngress.set_pred_5_6_7
runtime data:        00	00	01
Entry has been added with handle 957
RuntimeCmd: Adding entry to ternary match table MyIngress.tb_hwimo_tree_5_6_7
match key:           TERNARY-12:08:28:00 &&& 33:c8:ea:80
action:              MyIngress.set_pred_5_6_7
runtime data:        00	00	01
Entry has been added with handle 958
RuntimeCmd: Adding entry to ternary match table MyIngress.tb_hwimo_tree_5_6_7
match key:           TERNARY-12:08:2a:00 &&& 33:e8:ee:80
action:              MyIngress.set_pred_5_6_7
runtime data:        00	00	01
Entry has been added with handle 959
RuntimeCmd: Adding entry to ternary match table MyIngress.tb_hwimo_tree_5_6_7
match key:           TERNARY-12:28:2a:00 &&& 33:e8:ee:80
action:              MyIngress.set_pred_5_6_7
runtime data:        00	00	01
Entry has been added with handle 960
RuntimeCmd: Adding entry to ternary match table MyIngress.tb_hwimo_tree_5_6_7
match key:           TERNARY-12:08:2e:00 &&& 33:c8:ee:80
action:              MyIngress.set_pred_5_6_7
runtime data:        00	00	01
Entry has been added with handle 961
RuntimeCmd: Adding entry to ternary match table MyIngress.tb_hwimo_tree_5_6_7
match key:           TERNARY-12:48:20:00 &&& 33:d9:e4:a0
action:              MyIngress.set_pred_5_6_7
runtime data:        00	00	01
Entry has been added with handle 962
RuntimeCmd: Adding entry to ternary match table MyIngress.tb_hwimo_tree_5_6_7
match key:           TERNARY-12:48:20:20 &&& 33:d9:e4:a0
action:              MyIngress.set_pred_5_6_7
runtime data:        00	00	01
Entry has been added with handle 963
RuntimeCmd: Adding entry to ternary match table MyIngress.tb_hwimo_tree_5_6_7
match key:           TERNARY-12:48:24:00 &&& 33:d9:f4:80
action:              MyIngress.set_pred_5_6_7
runtime data:        00	00	01
Entry has been added with handle 964
RuntimeCmd: Adding entry to ternary match table MyIngress.tb_hwimo_tree_5_6_7
match key:           TERNARY-12:48:34:00 &&& 33:d9:f4:80
action:              MyIngress.set_pred_5_6_7
runtime data:        00	00	00
Entry has been added with handle 965
RuntimeCmd: Adding entry to ternary match table MyIngress.tb_hwimo_tree_5_6_7
match key:           TERNARY-12:58:20:00 &&& 33:d9:e0:80
action:              MyIngress.set_pred_5_6_7
runtime data:        00	00	00
Entry has been added with handle 966
RuntimeCmd: Adding entry to ternary match table MyIngress.tb_hwimo_tree_5_6_7
match key:           TERNARY-12:49:20:00 &&& 33:c9:e0:80
action:              MyIngress.set_pred_5_6_7
runtime data:        00	00	00
Entry has been added with handle 967
RuntimeCmd: Adding entry to ternary match table MyIngress.tb_hwimo_tree_5_6_7
match key:           TERNARY-12:80:20:00 &&& 33:80:e0:80
action:              MyIngress.set_pred_5_6_7
runtime data:        00	01	00
Entry has been added with handle 968
RuntimeCmd: Adding entry to ternary match table MyIngress.tb_hwimo_tree_5_6_7
match key:           TERNARY-10:00:a0:00 &&& 31:51:e0:c0
action:              MyIngress.set_pred_5_6_7
runtime data:        00	00	00
Entry has been added with handle 969
RuntimeCmd: Adding entry to ternary match table MyIngress.tb_hwimo_tree_5_6_7
match key:           TERNARY-10:01:a0:00 &&& 31:51:e0:c0
action:              MyIngress.set_pred_5_6_7
runtime data:        00	00	01
Entry has been added with handle 970
RuntimeCmd: Adding entry to ternary match table MyIngress.tb_hwimo_tree_5_6_7
match key:           TERNARY-10:00:a0:40 &&& 31:50:e0:c0
action:              MyIngress.set_pred_5_6_7
runtime data:        00	00	00
Entry has been added with handle 971
RuntimeCmd: Adding entry to ternary match table MyIngress.tb_hwimo_tree_5_6_7
match key:           TERNARY-10:10:a0:00 &&& 31:50:e0:80
action:              MyIngress.set_pred_5_6_7
runtime data:        01	00	01
Entry has been added with handle 972
RuntimeCmd: Adding entry to ternary match table MyIngress.tb_hwimo_tree_5_6_7
match key:           TERNARY-10:40:a0:00 &&& 31:40:e0:c0
action:              MyIngress.set_pred_5_6_7
runtime data:        00	00	00
Entry has been added with handle 973
RuntimeCmd: Adding entry to ternary match table MyIngress.tb_hwimo_tree_5_6_7
match key:           TERNARY-10:40:a0:40 &&& 31:43:e0:c0
action:              MyIngress.set_pred_5_6_7
runtime data:        00	00	00
Entry has been added with handle 974
RuntimeCmd: Adding entry to ternary match table MyIngress.tb_hwimo_tree_5_6_7
match key:           TERNARY-10:41:a0:40 &&& 31:43:e0:c0
action:              MyIngress.set_pred_5_6_7
runtime data:        00	01	00
Entry has been added with handle 975
RuntimeCmd: Adding entry to ternary match table MyIngress.tb_hwimo_tree_5_6_7
match key:           TERNARY-10:42:a0:40 &&& 31:42:e0:e0
action:              MyIngress.set_pred_5_6_7
runtime data:        00	00	00
Entry has been added with handle 976
RuntimeCmd: Adding entry to ternary match table MyIngress.tb_hwimo_tree_5_6_7
match key:           TERNARY-10:42:a0:60 &&& 31:42:e0:e0
action:              MyIngress.set_pred_5_6_7
runtime data:        00	01	00
Entry has been added with handle 977
RuntimeCmd: Adding entry to ternary match table MyIngress.tb_hwimo_tree_5_6_7
match key:           TERNARY-11:00:00:00 &&& 39:00:60:c8
action:              MyIngress.set_pred_5_6_7
runtime data:        00	00	01
Entry has been added with handle 978
RuntimeCmd: Adding entry to ternary match table MyIngress.tb_hwimo_tree_5_6_7
match key:           TERNARY-11:00:00:40 &&& 39:00:60:c8
action:              MyIngress.set_pred_5_6_7
runtime data:        01	00	01
Entry has been added with handle 979
RuntimeCmd: Adding entry to ternary match table MyIngress.tb_hwimo_tree_5_6_7
match key:           TERNARY-19:00:00:00 &&& 39:04:60:88
action:              MyIngress.set_pred_5_6_7
runtime data:        01	02	01
Entry has been added with handle 980
RuntimeCmd: Adding entry to ternary match table MyIngress.tb_hwimo_tree_5_6_7
match key:           TERNARY-19:04:00:00 &&& 39:04:60:88
action:              MyIngress.set_pred_5_6_7
runtime data:        01	02	01
Entry has been added with handle 981
RuntimeCmd: Adding entry to ternary match table MyIngress.tb_hwimo_tree_5_6_7
match key:           TERNARY-11:00:00:08 &&& 31:04:6e:88
action:              MyIngress.set_pred_5_6_7
runtime data:        00	00	01
Entry has been added with handle 982
RuntimeCmd: Adding entry to ternary match table MyIngress.tb_hwimo_tree_5_6_7
match key:           TERNARY-11:00:02:08 &&& 31:04:6e:88
action:              MyIngress.set_pred_5_6_7
runtime data:        00	00	01
Entry has been added with handle 983
RuntimeCmd: Adding entry to ternary match table MyIngress.tb_hwimo_tree_5_6_7
match key:           TERNARY-11:00:08:08 &&& 31:04:6c:88
action:              MyIngress.set_pred_5_6_7
runtime data:        00	00	01
Entry has been added with handle 984
RuntimeCmd: Adding entry to ternary match table MyIngress.tb_hwimo_tree_5_6_7
match key:           TERNARY-11:00:04:08 &&& 31:04:6c:88
action:              MyIngress.set_pred_5_6_7
runtime data:        00	00	01
Entry has been added with handle 985
RuntimeCmd: Adding entry to ternary match table MyIngress.tb_hwimo_tree_5_6_7
match key:           TERNARY-11:00:0c:08 &&& 31:04:6e:88
action:              MyIngress.set_pred_5_6_7
runtime data:        00	00	01
Entry has been added with handle 986
RuntimeCmd: Adding entry to ternary match table MyIngress.tb_hwimo_tree_5_6_7
match key:           TERNARY-11:00:0e:08 &&& 31:04:6e:88
action:              MyIngress.set_pred_5_6_7
runtime data:        00	00	01
Entry has been added with handle 987
RuntimeCmd: Adding entry to ternary match table MyIngress.tb_hwimo_tree_5_6_7
match key:           TERNARY-11:04:00:08 &&& 31:04:6b:88
action:              MyIngress.set_pred_5_6_7
runtime data:        00	00	01
Entry has been added with handle 988
RuntimeCmd: Adding entry to ternary match table MyIngress.tb_hwimo_tree_5_6_7
match key:           TERNARY-11:04:02:08 &&& 31:04:6f:88
action:              MyIngress.set_pred_5_6_7
runtime data:        00	00	01
Entry has been added with handle 989
RuntimeCmd: Adding entry to ternary match table MyIngress.tb_hwimo_tree_5_6_7
match key:           TERNARY-11:04:06:08 &&& 31:04:6f:88
action:              MyIngress.set_pred_5_6_7
runtime data:        01	00	01
Entry has been added with handle 990
RuntimeCmd: Adding entry to ternary match table MyIngress.tb_hwimo_tree_5_6_7
match key:           TERNARY-11:04:01:08 &&& 31:04:69:88
action:              MyIngress.set_pred_5_6_7
runtime data:        00	00	01
Entry has been added with handle 991
RuntimeCmd: Adding entry to ternary match table MyIngress.tb_hwimo_tree_5_6_7
match key:           TERNARY-11:04:08:08 &&& 31:04:68:88
action:              MyIngress.set_pred_5_6_7
runtime data:        01	00	01
Entry has been added with handle 992
RuntimeCmd: Adding entry to ternary match table MyIngress.tb_hwimo_tree_5_6_7
match key:           TERNARY-11:00:20:00 &&& 31:00:6c:90
action:              MyIngress.set_pred_5_6_7
runtime data:        00	00	00
Entry has been added with handle 993
RuntimeCmd: Adding entry to ternary match table MyIngress.tb_hwimo_tree_5_6_7
match key:           TERNARY-11:00:28:00 &&& 31:20:6c:90
action:              MyIngress.set_pred_5_6_7
runtime data:        00	01	00
Entry has been added with handle 994
RuntimeCmd: Adding entry to ternary match table MyIngress.tb_hwimo_tree_5_6_7
match key:           TERNARY-11:20:28:00 &&& 31:20:6c:90
action:              MyIngress.set_pred_5_6_7
runtime data:        00	00	00
Entry has been added with handle 995
RuntimeCmd: Adding entry to ternary match table MyIngress.tb_hwimo_tree_5_6_7
match key:           TERNARY-11:00:24:00 &&& 31:0c:66:90
action:              MyIngress.set_pred_5_6_7
runtime data:        00	00	01
Entry has been added with handle 996
RuntimeCmd: Adding entry to ternary match table MyIngress.tb_hwimo_tree_5_6_7
match key:           TERNARY-11:00:26:00 &&& 31:0c:66:90
action:              MyIngress.set_pred_5_6_7
runtime data:        00	00	00
Entry has been added with handle 997
RuntimeCmd: Adding entry to ternary match table MyIngress.tb_hwimo_tree_5_6_7
match key:           TERNARY-11:08:24:00 &&& 31:0c:64:90
action:              MyIngress.set_pred_5_6_7
runtime data:        00	02	01
Entry has been added with handle 998
RuntimeCmd: Adding entry to ternary match table MyIngress.tb_hwimo_tree_5_6_7
match key:           TERNARY-11:04:24:00 &&& 35:44:64:90
action:              MyIngress.set_pred_5_6_7
runtime data:        01	02	00
Entry has been added with handle 999
RuntimeCmd: Adding entry to ternary match table MyIngress.tb_hwimo_tree_5_6_7
match key:           TERNARY-11:44:24:00 &&& 35:44:64:90
action:              MyIngress.set_pred_5_6_7
runtime data:        00	00	00
Entry has been added with handle 1000
RuntimeCmd: Adding entry to ternary match table MyIngress.tb_hwimo_tree_5_6_7
match key:           TERNARY-15:04:24:00 &&& 35:04:64:d0
action:              MyIngress.set_pred_5_6_7
runtime data:        00	00	00
Entry has been added with handle 1001
RuntimeCmd: Adding entry to ternary match table MyIngress.tb_hwimo_tree_5_6_7
match key:           TERNARY-15:04:24:40 &&& 35:14:64:d0
action:              MyIngress.set_pred_5_6_7
runtime data:        01	02	01
Entry has been added with handle 1002
RuntimeCmd: Adding entry to ternary match table MyIngress.tb_hwimo_tree_5_6_7
match key:           TERNARY-15:14:24:40 &&& 35:54:66:d0
action:              MyIngress.set_pred_5_6_7
runtime data:        01	00	01
Entry has been added with handle 1003
RuntimeCmd: Adding entry to ternary match table MyIngress.tb_hwimo_tree_5_6_7
match key:           TERNARY-15:54:24:40 &&& 35:54:66:d0
action:              MyIngress.set_pred_5_6_7
runtime data:        00	00	00
Entry has been added with handle 1004
RuntimeCmd: Adding entry to ternary match table MyIngress.tb_hwimo_tree_5_6_7
match key:           TERNARY-15:14:26:40 &&& 37:14:66:d0
action:              MyIngress.set_pred_5_6_7
runtime data:        01	02	01
Entry has been added with handle 1005
RuntimeCmd: Adding entry to ternary match table MyIngress.tb_hwimo_tree_5_6_7
match key:           TERNARY-17:14:26:40 &&& 37:14:66:d0
action:              MyIngress.set_pred_5_6_7
runtime data:        01	00	01
Entry has been added with handle 1006
RuntimeCmd: Adding entry to ternary match table MyIngress.tb_hwimo_tree_5_6_7
match key:           TERNARY-11:00:20:10 &&& 31:10:60:90
action:              MyIngress.set_pred_5_6_7
runtime data:        00	00	01
Entry has been added with handle 1007
RuntimeCmd: Adding entry to ternary match table MyIngress.tb_hwimo_tree_5_6_7
match key:           TERNARY-11:10:20:10 &&& 31:10:60:90
action:              MyIngress.set_pred_5_6_7
runtime data:        02	02	01
Entry has been added with handle 1008
RuntimeCmd: Adding entry to ternary match table MyIngress.tb_hwimo_tree_5_6_7
match key:           TERNARY-10:00:40:00 &&& 30:1d:43:88
action:              MyIngress.set_pred_5_6_7
runtime data:        00	00	01
Entry has been added with handle 1009
RuntimeCmd: Adding entry to ternary match table MyIngress.tb_hwimo_tree_5_6_7
match key:           TERNARY-10:08:40:00 &&& 30:1d:43:88
action:              MyIngress.set_pred_5_6_7
runtime data:        01	02	01
Entry has been added with handle 1010
RuntimeCmd: Adding entry to ternary match table MyIngress.tb_hwimo_tree_5_6_7
match key:           TERNARY-10:10:40:00 &&& 30:15:43:88
action:              MyIngress.set_pred_5_6_7
runtime data:        01	01	01
Entry has been added with handle 1011
RuntimeCmd: Adding entry to ternary match table MyIngress.tb_hwimo_tree_5_6_7
match key:           TERNARY-10:00:40:08 &&& 30:15:57:88
action:              MyIngress.set_pred_5_6_7
runtime data:        00	00	01
Entry has been added with handle 1012
RuntimeCmd: Adding entry to ternary match table MyIngress.tb_hwimo_tree_5_6_7
match key:           TERNARY-10:00:50:08 &&& 30:15:57:88
action:              MyIngress.set_pred_5_6_7
runtime data:        00	01	01
Entry has been added with handle 1013
RuntimeCmd: Adding entry to ternary match table MyIngress.tb_hwimo_tree_5_6_7
match key:           TERNARY-10:10:40:08 &&& 30:1d:47:88
action:              MyIngress.set_pred_5_6_7
runtime data:        00	00	01
Entry has been added with handle 1014
RuntimeCmd: Adding entry to ternary match table MyIngress.tb_hwimo_tree_5_6_7
match key:           TERNARY-10:18:40:08 &&& 30:1d:47:88
action:              MyIngress.set_pred_5_6_7
runtime data:        01	02	01
Entry has been added with handle 1015
RuntimeCmd: Adding entry to ternary match table MyIngress.tb_hwimo_tree_5_6_7
match key:           TERNARY-10:00:44:08 &&& 30:05:47:88
action:              MyIngress.set_pred_5_6_7
runtime data:        01	02	01
Entry has been added with handle 1016
RuntimeCmd: Adding entry to ternary match table MyIngress.tb_hwimo_tree_5_6_7
match key:           TERNARY-10:04:40:00 &&& 30:05:43:a8
action:              MyIngress.set_pred_5_6_7
runtime data:        00	00	01
Entry has been added with handle 1017
RuntimeCmd: Adding entry to ternary match table MyIngress.tb_hwimo_tree_5_6_7
match key:           TERNARY-10:04:40:08 &&& 30:05:43:a8
action:              MyIngress.set_pred_5_6_7
runtime data:        01	02	01
Entry has been added with handle 1018
RuntimeCmd: Adding entry to ternary match table MyIngress.tb_hwimo_tree_5_6_7
match key:           TERNARY-10:04:40:20 &&& 38:05:43:a0
action:              MyIngress.set_pred_5_6_7
runtime data:        00	00	00
Entry has been added with handle 1019
RuntimeCmd: Adding entry to ternary match table MyIngress.tb_hwimo_tree_5_6_7
match key:           TERNARY-18:04:40:20 &&& 38:05:43:a0
action:              MyIngress.set_pred_5_6_7
runtime data:        00	00	01
Entry has been added with handle 1020
RuntimeCmd: Adding entry to ternary match table MyIngress.tb_hwimo_tree_5_6_7
match key:           TERNARY-10:00:41:00 &&& 30:41:47:80
action:              MyIngress.set_pred_5_6_7
runtime data:        00	00	00
Entry has been added with handle 1021
RuntimeCmd: Adding entry to ternary match table MyIngress.tb_hwimo_tree_5_6_7
match key:           TERNARY-10:40:41:00 &&& 30:41:47:80
action:              MyIngress.set_pred_5_6_7
runtime data:        00	00	01
Entry has been added with handle 1022
RuntimeCmd: Adding entry to ternary match table MyIngress.tb_hwimo_tree_5_6_7
match key:           TERNARY-10:00:45:00 &&& 30:01:57:80
action:              MyIngress.set_pred_5_6_7
runtime data:        01	02	00
Entry has been added with handle 1023
RuntimeCmd: Adding entry to ternary match table MyIngress.tb_hwimo_tree_5_6_7
match key:           TERNARY-10:00:55:00 &&& 30:01:57:80
action:              MyIngress.set_pred_5_6_7
runtime data:        00	00	00
Entry has been added with handle 1024
RuntimeCmd: Adding entry to ternary match table MyIngress.tb_hwimo_tree_5_6_7
match key:           TERNARY-10:00:42:00 &&& 30:09:43:88
action:              MyIngress.set_pred_5_6_7
runtime data:        00	00	01
Entry has been added with handle 1025
RuntimeCmd: Adding entry to ternary match table MyIngress.tb_hwimo_tree_5_6_7
match key:           TERNARY-10:00:42:08 &&& 30:09:43:e8
action:              MyIngress.set_pred_5_6_7
runtime data:        01	00	01
Entry has been added with handle 1026
RuntimeCmd: Adding entry to ternary match table MyIngress.tb_hwimo_tree_5_6_7
match key:           TERNARY-10:00:42:48 &&& 30:09:43:e8
action:              MyIngress.set_pred_5_6_7
runtime data:        00	00	01
Entry has been added with handle 1027
RuntimeCmd: Adding entry to ternary match table MyIngress.tb_hwimo_tree_5_6_7
match key:           TERNARY-10:00:42:28 &&& 30:49:43:e8
action:              MyIngress.set_pred_5_6_7
runtime data:        00	00	01
Entry has been added with handle 1028
RuntimeCmd: Adding entry to ternary match table MyIngress.tb_hwimo_tree_5_6_7
match key:           TERNARY-10:40:42:28 &&& 30:49:4b:e8
action:              MyIngress.set_pred_5_6_7
runtime data:        01	01	01
Entry has been added with handle 1029
RuntimeCmd: Adding entry to ternary match table MyIngress.tb_hwimo_tree_5_6_7
match key:           TERNARY-10:40:4a:28 &&& 30:49:4b:e8
action:              MyIngress.set_pred_5_6_7
runtime data:        00	01	01
Entry has been added with handle 1030
RuntimeCmd: Adding entry to ternary match table MyIngress.tb_hwimo_tree_5_6_7
match key:           TERNARY-10:00:42:68 &&& 30:09:53:e8
action:              MyIngress.set_pred_5_6_7
runtime data:        01	02	01
Entry has been added with handle 1031
RuntimeCmd: Adding entry to ternary match table MyIngress.tb_hwimo_tree_5_6_7
match key:           TERNARY-10:00:52:68 &&& 30:09:53:e8
action:              MyIngress.set_pred_5_6_7
runtime data:        01	02	01
Entry has been added with handle 1032
RuntimeCmd: Adding entry to ternary match table MyIngress.tb_hwimo_tree_5_6_7
match key:           TERNARY-10:08:42:00 &&& 31:19:43:80
action:              MyIngress.set_pred_5_6_7
runtime data:        01	00	01
Entry has been added with handle 1033
RuntimeCmd: Adding entry to ternary match table MyIngress.tb_hwimo_tree_5_6_7
match key:           TERNARY-10:18:42:00 &&& 31:19:43:80
action:              MyIngress.set_pred_5_6_7
runtime data:        00	00	01
Entry has been added with handle 1034
RuntimeCmd: Adding entry to ternary match table MyIngress.tb_hwimo_tree_5_6_7
match key:           TERNARY-11:08:42:00 &&& 31:09:43:80
action:              MyIngress.set_pred_5_6_7
runtime data:        02	02	01
Entry has been added with handle 1035
RuntimeCmd: Adding entry to ternary match table MyIngress.tb_hwimo_tree_5_6_7
match key:           TERNARY-10:00:43:00 &&& 30:45:63:88
action:              MyIngress.set_pred_5_6_7
runtime data:        00	01	01
Entry has been added with handle 1036
RuntimeCmd: Adding entry to ternary match table MyIngress.tb_hwimo_tree_5_6_7
match key:           TERNARY-10:00:63:00 &&& 30:45:63:88
action:              MyIngress.set_pred_5_6_7
runtime data:        00	00	01
Entry has been added with handle 1037
RuntimeCmd: Adding entry to ternary match table MyIngress.tb_hwimo_tree_5_6_7
match key:           TERNARY-10:04:43:00 &&& 30:45:43:88
action:              MyIngress.set_pred_5_6_7
runtime data:        00	00	01
Entry has been added with handle 1038
RuntimeCmd: Adding entry to ternary match table MyIngress.tb_hwimo_tree_5_6_7
match key:           TERNARY-10:00:43:08 &&& 30:45:43:88
action:              MyIngress.set_pred_5_6_7
runtime data:        01	00	01
Entry has been added with handle 1039
RuntimeCmd: Adding entry to ternary match table MyIngress.tb_hwimo_tree_5_6_7
match key:           TERNARY-10:04:43:08 &&& 38:45:63:d8
action:              MyIngress.set_pred_5_6_7
runtime data:        00	00	01
Entry has been added with handle 1040
RuntimeCmd: Adding entry to ternary match table MyIngress.tb_hwimo_tree_5_6_7
match key:           TERNARY-10:04:43:48 &&& 38:45:63:d8
action:              MyIngress.set_pred_5_6_7
runtime data:        00	00	01
Entry has been added with handle 1041
RuntimeCmd: Adding entry to ternary match table MyIngress.tb_hwimo_tree_5_6_7
match key:           TERNARY-18:04:43:08 &&& 38:45:63:98
action:              MyIngress.set_pred_5_6_7
runtime data:        00	00	01
Entry has been added with handle 1042
RuntimeCmd: Adding entry to ternary match table MyIngress.tb_hwimo_tree_5_6_7
match key:           TERNARY-10:04:63:08 &&& 30:45:63:98
action:              MyIngress.set_pred_5_6_7
runtime data:        00	00	01
Entry has been added with handle 1043
RuntimeCmd: Adding entry to ternary match table MyIngress.tb_hwimo_tree_5_6_7
match key:           TERNARY-10:04:43:18 &&& 30:45:43:98
action:              MyIngress.set_pred_5_6_7
runtime data:        00	00	01
Entry has been added with handle 1044
RuntimeCmd: Adding entry to ternary match table MyIngress.tb_hwimo_tree_5_6_7
match key:           TERNARY-10:40:43:00 &&& 30:41:63:80
action:              MyIngress.set_pred_5_6_7
runtime data:        00	01	00
Entry has been added with handle 1045
RuntimeCmd: Adding entry to ternary match table MyIngress.tb_hwimo_tree_5_6_7
match key:           TERNARY-10:40:63:00 &&& 30:41:63:80
action:              MyIngress.set_pred_5_6_7
runtime data:        00	00	00
Entry has been added with handle 1046
RuntimeCmd: Adding entry to ternary match table MyIngress.tb_hwimo_tree_5_6_7
match key:           TERNARY-10:01:40:00 &&& 30:51:40:88
action:              MyIngress.set_pred_5_6_7
runtime data:        00	00	00
Entry has been added with handle 1047
RuntimeCmd: Adding entry to ternary match table MyIngress.tb_hwimo_tree_5_6_7
match key:           TERNARY-10:11:40:00 &&& 30:51:40:88
action:              MyIngress.set_pred_5_6_7
runtime data:        01	01	01
Entry has been added with handle 1048
RuntimeCmd: Adding entry to ternary match table MyIngress.tb_hwimo_tree_5_6_7
match key:           TERNARY-10:01:40:08 &&& 30:41:50:c8
action:              MyIngress.set_pred_5_6_7
runtime data:        00	00	01
Entry has been added with handle 1049
RuntimeCmd: Adding entry to ternary match table MyIngress.tb_hwimo_tree_5_6_7
match key:           TERNARY-10:01:40:48 &&& 30:41:50:c8
action:              MyIngress.set_pred_5_6_7
runtime data:        00	00	00
Entry has been added with handle 1050
RuntimeCmd: Adding entry to ternary match table MyIngress.tb_hwimo_tree_5_6_7
match key:           TERNARY-10:01:50:08 &&& 30:73:51:88
action:              MyIngress.set_pred_5_6_7
runtime data:        00	00	01
Entry has been added with handle 1051
RuntimeCmd: Adding entry to ternary match table MyIngress.tb_hwimo_tree_5_6_7
match key:           TERNARY-10:03:50:08 &&& 30:73:51:88
action:              MyIngress.set_pred_5_6_7
runtime data:        00	00	00
Entry has been added with handle 1052
RuntimeCmd: Adding entry to ternary match table MyIngress.tb_hwimo_tree_5_6_7
match key:           TERNARY-10:21:50:08 &&& 30:71:51:88
action:              MyIngress.set_pred_5_6_7
runtime data:        00	00	01
Entry has been added with handle 1053
RuntimeCmd: Adding entry to ternary match table MyIngress.tb_hwimo_tree_5_6_7
match key:           TERNARY-10:11:50:08 &&& 30:59:73:88
action:              MyIngress.set_pred_5_6_7
runtime data:        00	00	01
Entry has been added with handle 1054
RuntimeCmd: Adding entry to ternary match table MyIngress.tb_hwimo_tree_5_6_7
match key:           TERNARY-10:11:70:08 &&& 30:59:77:88
action:              MyIngress.set_pred_5_6_7
runtime data:        00	00	01
Entry has been added with handle 1055
RuntimeCmd: Adding entry to ternary match table MyIngress.tb_hwimo_tree_5_6_7
match key:           TERNARY-10:11:74:08 &&& 30:59:77:88
action:              MyIngress.set_pred_5_6_7
runtime data:        00	01	01
Entry has been added with handle 1056
RuntimeCmd: Adding entry to ternary match table MyIngress.tb_hwimo_tree_5_6_7
match key:           TERNARY-10:11:52:08 &&& 30:59:53:88
action:              MyIngress.set_pred_5_6_7
runtime data:        00	00	01
Entry has been added with handle 1057
RuntimeCmd: Adding entry to ternary match table MyIngress.tb_hwimo_tree_5_6_7
match key:           TERNARY-10:19:50:08 &&& 30:59:51:88
action:              MyIngress.set_pred_5_6_7
runtime data:        00	00	01
Entry has been added with handle 1058
RuntimeCmd: Adding entry to ternary match table MyIngress.tb_hwimo_tree_5_6_7
match key:           TERNARY-10:01:51:08 &&& 30:41:51:88
action:              MyIngress.set_pred_5_6_7
runtime data:        00	01	01
Entry has been added with handle 1059
RuntimeCmd: Adding entry to ternary match table MyIngress.tb_hwimo_tree_5_6_7
match key:           TERNARY-10:41:40:00 &&& 30:41:41:90
action:              MyIngress.set_pred_5_6_7
runtime data:        00	01	00
Entry has been added with handle 1060
RuntimeCmd: Adding entry to ternary match table MyIngress.tb_hwimo_tree_5_6_7
match key:           TERNARY-10:41:40:10 &&& 30:41:41:90
action:              MyIngress.set_pred_5_6_7
runtime data:        00	00	00
Entry has been added with handle 1061
RuntimeCmd: Adding entry to ternary match table MyIngress.tb_hwimo_tree_5_6_7
match key:           TERNARY-10:41:41:00 &&& 30:43:41:90
action:              MyIngress.set_pred_5_6_7
runtime data:        00	00	00
Entry has been added with handle 1062
RuntimeCmd: Adding entry to ternary match table MyIngress.tb_hwimo_tree_5_6_7
match key:           TERNARY-10:43:41:00 &&& 30:43:41:90
action:              MyIngress.set_pred_5_6_7
runtime data:        00	01	00
Entry has been added with handle 1063
RuntimeCmd: Adding entry to ternary match table MyIngress.tb_hwimo_tree_5_6_7
match key:           TERNARY-10:41:41:10 &&& 30:41:41:90
action:              MyIngress.set_pred_5_6_7
runtime data:        00	01	00
Entry has been added with handle 1064
RuntimeCmd: Adding entry to ternary match table MyIngress.tb_hwimo_tree_5_6_7
match key:           TERNARY-10:00:00:80 &&& 30:a0:0b:a8
action:              MyIngress.set_pred_5_6_7
runtime data:        00	01	00
Entry has been added with handle 1065
RuntimeCmd: Adding entry to ternary match table MyIngress.tb_hwimo_tree_5_6_7
match key:           TERNARY-10:00:01:80 &&& 30:a0:0b:a8
action:              MyIngress.set_pred_5_6_7
runtime data:        00	00	00
Entry has been added with handle 1066
RuntimeCmd: Adding entry to ternary match table MyIngress.tb_hwimo_tree_5_6_7
match key:           TERNARY-10:00:00:88 &&& 30:a0:0a:a8
action:              MyIngress.set_pred_5_6_7
runtime data:        00	00	00
Entry has been added with handle 1067
RuntimeCmd: Adding entry to ternary match table MyIngress.tb_hwimo_tree_5_6_7
match key:           TERNARY-10:20:00:80 &&& 30:a0:2a:a0
action:              MyIngress.set_pred_5_6_7
runtime data:        00	00	01
Entry has been added with handle 1068
RuntimeCmd: Adding entry to ternary match table MyIngress.tb_hwimo_tree_5_6_7
match key:           TERNARY-10:20:20:80 &&& 30:a0:2a:a0
action:              MyIngress.set_pred_5_6_7
runtime data:        00	02	01
Entry has been added with handle 1069
RuntimeCmd: Adding entry to ternary match table MyIngress.tb_hwimo_tree_5_6_7
match key:           TERNARY-10:00:00:a0 &&& 32:80:4a:a0
action:              MyIngress.set_pred_5_6_7
runtime data:        00	00	00
Entry has been added with handle 1070
RuntimeCmd: Adding entry to ternary match table MyIngress.tb_hwimo_tree_5_6_7
match key:           TERNARY-12:00:00:a0 &&& 32:80:4e:b8
action:              MyIngress.set_pred_5_6_7
runtime data:        00	01	00
Entry has been added with handle 1071
RuntimeCmd: Adding entry to ternary match table MyIngress.tb_hwimo_tree_5_6_7
match key:           TERNARY-12:00:00:a8 &&& 32:80:5e:b8
action:              MyIngress.set_pred_5_6_7
runtime data:        00	00	00
Entry has been added with handle 1072
RuntimeCmd: Adding entry to ternary match table MyIngress.tb_hwimo_tree_5_6_7
match key:           TERNARY-12:00:10:a8 &&& 32:80:5e:b8
action:              MyIngress.set_pred_5_6_7
runtime data:        01	02	01
Entry has been added with handle 1073
RuntimeCmd: Adding entry to ternary match table MyIngress.tb_hwimo_tree_5_6_7
match key:           TERNARY-12:00:04:a0 &&& 32:80:4e:b0
action:              MyIngress.set_pred_5_6_7
runtime data:        01	02	01
Entry has been added with handle 1074
RuntimeCmd: Adding entry to ternary match table MyIngress.tb_hwimo_tree_5_6_7
match key:           TERNARY-12:00:00:b0 &&& 32:80:4a:f0
action:              MyIngress.set_pred_5_6_7
runtime data:        00	00	00
Entry has been added with handle 1075
RuntimeCmd: Adding entry to ternary match table MyIngress.tb_hwimo_tree_5_6_7
match key:           TERNARY-12:00:00:f0 &&& 32:80:4a:f0
action:              MyIngress.set_pred_5_6_7
runtime data:        01	02	00
Entry has been added with handle 1076
RuntimeCmd: Adding entry to ternary match table MyIngress.tb_hwimo_tree_5_6_7
match key:           TERNARY-10:00:40:a0 &&& 30:80:7a:e8
action:              MyIngress.set_pred_5_6_7
runtime data:        00	00	01
Entry has been added with handle 1077
RuntimeCmd: Adding entry to ternary match table MyIngress.tb_hwimo_tree_5_6_7
match key:           TERNARY-10:00:60:a0 &&& 30:80:7a:e8
action:              MyIngress.set_pred_5_6_7
runtime data:        00	02	01
Entry has been added with handle 1078
RuntimeCmd: Adding entry to ternary match table MyIngress.tb_hwimo_tree_5_6_7
match key:           TERNARY-10:00:40:e0 &&& 30:80:5a:e8
action:              MyIngress.set_pred_5_6_7
runtime data:        00	00	00
Entry has been added with handle 1079
RuntimeCmd: Adding entry to ternary match table MyIngress.tb_hwimo_tree_5_6_7
match key:           TERNARY-10:00:50:a0 &&& 30:82:5a:e8
action:              MyIngress.set_pred_5_6_7
runtime data:        00	00	00
Entry has been added with handle 1080
RuntimeCmd: Adding entry to ternary match table MyIngress.tb_hwimo_tree_5_6_7
match key:           TERNARY-10:00:50:e0 &&& 30:82:5a:e8
action:              MyIngress.set_pred_5_6_7
runtime data:        00	01	00
Entry has been added with handle 1081
RuntimeCmd: Adding entry to ternary match table MyIngress.tb_hwimo_tree_5_6_7
match key:           TERNARY-10:02:50:a0 &&& 30:82:5a:a8
action:              MyIngress.set_pred_5_6_7
runtime data:        00	00	00
Entry has been added with handle 1082
RuntimeCmd: Adding entry to ternary match table MyIngress.tb_hwimo_tree_5_6_7
match key:           TERNARY-10:00:40:a8 &&& 30:80:6a:a8
action:              MyIngress.set_pred_5_6_7
runtime data:        00	00	01
Entry has been added with handle 1083
RuntimeCmd: Adding entry to ternary match table MyIngress.tb_hwimo_tree_5_6_7
match key:           TERNARY-10:00:60:a8 &&& 30:80:ea:a8
action:              MyIngress.set_pred_5_6_7
runtime data:        01	02	01
Entry has been added with handle 1084
RuntimeCmd: Adding entry to ternary match table MyIngress.tb_hwimo_tree_5_6_7
match key:           TERNARY-10:00:e0:a8 &&& 30:80:ea:b8
action:              MyIngress.set_pred_5_6_7
runtime data:        01	00	01
Entry has been added with handle 1085
RuntimeCmd: Adding entry to ternary match table MyIngress.tb_hwimo_tree_5_6_7
match key:           TERNARY-10:00:e0:b8 &&& 30:82:ea:b8
action:              MyIngress.set_pred_5_6_7
runtime data:        01	02	01
Entry has been added with handle 1086
RuntimeCmd: Adding entry to ternary match table MyIngress.tb_hwimo_tree_5_6_7
match key:           TERNARY-10:02:e0:b8 &&& 30:82:ea:b8
action:              MyIngress.set_pred_5_6_7
runtime data:        01	02	01
Entry has been added with handle 1087
RuntimeCmd: Adding entry to ternary match table MyIngress.tb_hwimo_tree_5_6_7
match key:           TERNARY-10:00:02:80 &&& 30:80:2b:c0
action:              MyIngress.set_pred_5_6_7
runtime data:        00	01	01
Entry has been added with handle 1088
RuntimeCmd: Adding entry to ternary match table MyIngress.tb_hwimo_tree_5_6_7
match key:           TERNARY-10:00:03:80 &&& 30:90:2b:c0
action:              MyIngress.set_pred_5_6_7
runtime data:        01	00	01
Entry has been added with handle 1089
RuntimeCmd: Adding entry to ternary match table MyIngress.tb_hwimo_tree_5_6_7
match key:           TERNARY-10:10:03:80 &&& 30:90:2b:c0
action:              MyIngress.set_pred_5_6_7
runtime data:        00	00	01
Entry has been added with handle 1090
RuntimeCmd: Adding entry to ternary match table MyIngress.tb_hwimo_tree_5_6_7
match key:           TERNARY-10:00:02:c0 &&& 30:80:3a:c0
action:              MyIngress.set_pred_5_6_7
runtime data:        00	01	01
Entry has been added with handle 1091
RuntimeCmd: Adding entry to ternary match table MyIngress.tb_hwimo_tree_5_6_7
match key:           TERNARY-10:00:12:c0 &&& 30:80:3a:c0
action:              MyIngress.set_pred_5_6_7
runtime data:        00	00	01
Entry has been added with handle 1092
RuntimeCmd: Adding entry to ternary match table MyIngress.tb_hwimo_tree_5_6_7
match key:           TERNARY-10:00:22:80 &&& 30:c0:2b:90
action:              MyIngress.set_pred_5_6_7
runtime data:        00	00	01
Entry has been added with handle 1093
RuntimeCmd: Adding entry to ternary match table MyIngress.tb_hwimo_tree_5_6_7
match key:           TERNARY-10:00:22:90 &&& 30:e0:2b:90
action:              MyIngress.set_pred_5_6_7
runtime data:        00	00	01
Entry has been added with handle 1094
RuntimeCmd: Adding entry to ternary match table MyIngress.tb_hwimo_tree_5_6_7
match key:           TERNARY-10:20:22:90 &&& 30:e0:2b:d8
action:              MyIngress.set_pred_5_6_7
runtime data:        00	00	01
Entry has been added with handle 1095
RuntimeCmd: Adding entry to ternary match table MyIngress.tb_hwimo_tree_5_6_7
match key:           TERNARY-10:20:22:d0 &&& 30:e0:2b:d8
action:              MyIngress.set_pred_5_6_7
runtime data:        00	00	01
Entry has been added with handle 1096
RuntimeCmd: Adding entry to ternary match table MyIngress.tb_hwimo_tree_5_6_7
match key:           TERNARY-10:20:22:98 &&& 30:e0:2b:98
action:              MyIngress.set_pred_5_6_7
runtime data:        00	00	01
Entry has been added with handle 1097
RuntimeCmd: Adding entry to ternary match table MyIngress.tb_hwimo_tree_5_6_7
match key:           TERNARY-10:40:22:80 &&& 30:c0:2b:d0
action:              MyIngress.set_pred_5_6_7
runtime data:        00	00	01
Entry has been added with handle 1098
RuntimeCmd: Adding entry to ternary match table MyIngress.tb_hwimo_tree_5_6_7
match key:           TERNARY-10:40:22:90 &&& 30:c0:2b:f8
action:              MyIngress.set_pred_5_6_7
runtime data:        00	00	01
Entry has been added with handle 1099
RuntimeCmd: Adding entry to ternary match table MyIngress.tb_hwimo_tree_5_6_7
match key:           TERNARY-10:40:22:98 &&& 30:c0:2b:f8
action:              MyIngress.set_pred_5_6_7
runtime data:        00	00	01
Entry has been added with handle 1100
RuntimeCmd: Adding entry to ternary match table MyIngress.tb_hwimo_tree_5_6_7
match key:           TERNARY-10:40:22:b0 &&& 30:c0:2b:f8
action:              MyIngress.set_pred_5_6_7
runtime data:        00	00	01
Entry has been added with handle 1101
RuntimeCmd: Adding entry to ternary match table MyIngress.tb_hwimo_tree_5_6_7
match key:           TERNARY-10:40:22:b8 &&& 30:c0:2b:f8
action:              MyIngress.set_pred_5_6_7
runtime data:        00	00	01
Entry has been added with handle 1102
RuntimeCmd: Adding entry to ternary match table MyIngress.tb_hwimo_tree_5_6_7
match key:           TERNARY-10:40:22:c0 &&& 30:c2:2b:d8
action:              MyIngress.set_pred_5_6_7
runtime data:        00	00	01
Entry has been added with handle 1103
RuntimeCmd: Adding entry to ternary match table MyIngress.tb_hwimo_tree_5_6_7
match key:           TERNARY-10:42:22:c0 &&& 30:c2:2b:d8
action:              MyIngress.set_pred_5_6_7
runtime data:        00	00	01
Entry has been added with handle 1104
RuntimeCmd: Adding entry to ternary match table MyIngress.tb_hwimo_tree_5_6_7
match key:           TERNARY-10:40:22:d0 &&& 30:c0:2b:d8
action:              MyIngress.set_pred_5_6_7
runtime data:        00	00	01
Entry has been added with handle 1105
RuntimeCmd: Adding entry to ternary match table MyIngress.tb_hwimo_tree_5_6_7
match key:           TERNARY-10:40:22:c8 &&& 30:c0:2b:c8
action:              MyIngress.set_pred_5_6_7
runtime data:        00	00	01
Entry has been added with handle 1106
RuntimeCmd: Adding entry to ternary match table MyIngress.tb_hwimo_tree_5_6_7
match key:           TERNARY-10:00:23:80 &&& 38:80:2b:f8
action:              MyIngress.set_pred_5_6_7
runtime data:        00	00	01
Entry has been added with handle 1107
RuntimeCmd: Adding entry to ternary match table MyIngress.tb_hwimo_tree_5_6_7
match key:           TERNARY-18:00:23:80 &&& 38:80:2b:f8
action:              MyIngress.set_pred_5_6_7
runtime data:        00	00	01
Entry has been added with handle 1108
RuntimeCmd: Adding entry to ternary match table MyIngress.tb_hwimo_tree_5_6_7
match key:           TERNARY-10:00:23:a0 &&& 30:80:2b:f8
action:              MyIngress.set_pred_5_6_7
runtime data:        00	00	01
Entry has been added with handle 1109
RuntimeCmd: Adding entry to ternary match table MyIngress.tb_hwimo_tree_5_6_7
match key:           TERNARY-10:00:23:90 &&& 30:80:2b:d8
action:              MyIngress.set_pred_5_6_7
runtime data:        00	00	01
Entry has been added with handle 1110
RuntimeCmd: Adding entry to ternary match table MyIngress.tb_hwimo_tree_5_6_7
match key:           TERNARY-10:00:23:88 &&& 30:80:2b:f8
action:              MyIngress.set_pred_5_6_7
runtime data:        00	00	01
Entry has been added with handle 1111
RuntimeCmd: Adding entry to ternary match table MyIngress.tb_hwimo_tree_5_6_7
match key:           TERNARY-10:00:23:a8 &&& 30:c0:2b:f8
action:              MyIngress.set_pred_5_6_7
runtime data:        00	00	01
Entry has been added with handle 1112
RuntimeCmd: Adding entry to ternary match table MyIngress.tb_hwimo_tree_5_6_7
match key:           TERNARY-10:40:23:a8 &&& 30:c0:2b:f8
action:              MyIngress.set_pred_5_6_7
runtime data:        00	00	01
Entry has been added with handle 1113
RuntimeCmd: Adding entry to ternary match table MyIngress.tb_hwimo_tree_5_6_7
match key:           TERNARY-10:00:23:98 &&& 30:80:2b:f8
action:              MyIngress.set_pred_5_6_7
runtime data:        01	01	01
Entry has been added with handle 1114
RuntimeCmd: Adding entry to ternary match table MyIngress.tb_hwimo_tree_5_6_7
match key:           TERNARY-10:00:23:b8 &&& 30:80:2b:f8
action:              MyIngress.set_pred_5_6_7
runtime data:        00	00	01
Entry has been added with handle 1115
RuntimeCmd: Adding entry to ternary match table MyIngress.tb_hwimo_tree_5_6_7
match key:           TERNARY-10:00:23:c0 &&& 38:80:2b:f8
action:              MyIngress.set_pred_5_6_7
runtime data:        00	00	01
Entry has been added with handle 1116
RuntimeCmd: Adding entry to ternary match table MyIngress.tb_hwimo_tree_5_6_7
match key:           TERNARY-10:00:23:c8 &&& 38:80:2b:f8
action:              MyIngress.set_pred_5_6_7
runtime data:        00	00	01
Entry has been added with handle 1117
RuntimeCmd: Adding entry to ternary match table MyIngress.tb_hwimo_tree_5_6_7
match key:           TERNARY-10:00:23:e0 &&& 38:80:2b:f8
action:              MyIngress.set_pred_5_6_7
runtime data:        00	00	01
Entry has been added with handle 1118
RuntimeCmd: Adding entry to ternary match table MyIngress.tb_hwimo_tree_5_6_7
match key:           TERNARY-10:00:23:e8 &&& 38:80:2b:f8
action:              MyIngress.set_pred_5_6_7
runtime data:        00	00	01
Entry has been added with handle 1119
RuntimeCmd: Adding entry to ternary match table MyIngress.tb_hwimo_tree_5_6_7
match key:           TERNARY-18:00:23:c0 &&& 38:80:2b:d0
action:              MyIngress.set_pred_5_6_7
runtime data:        00	00	01
Entry has been added with handle 1120
RuntimeCmd: Adding entry to ternary match table MyIngress.tb_hwimo_tree_5_6_7
match key:           TERNARY-10:00:23:d0 &&& 30:80:2b:d8
action:              MyIngress.set_pred_5_6_7
runtime data:        00	00	01
Entry has been added with handle 1121
RuntimeCmd: Adding entry to ternary match table MyIngress.tb_hwimo_tree_5_6_7
match key:           TERNARY-10:00:23:d8 &&& 30:84:2b:f8
action:              MyIngress.set_pred_5_6_7
runtime data:        00	00	01
Entry has been added with handle 1122
RuntimeCmd: Adding entry to ternary match table MyIngress.tb_hwimo_tree_5_6_7
match key:           TERNARY-10:04:23:d8 &&& 30:84:2b:f8
action:              MyIngress.set_pred_5_6_7
runtime data:        00	00	01
Entry has been added with handle 1123
RuntimeCmd: Adding entry to ternary match table MyIngress.tb_hwimo_tree_5_6_7
match key:           TERNARY-10:00:23:f8 &&& 30:80:2b:f8
action:              MyIngress.set_pred_5_6_7
runtime data:        00	00	01
Entry has been added with handle 1124
RuntimeCmd: Adding entry to ternary match table MyIngress.tb_hwimo_tree_5_6_7
match key:           TERNARY-10:00:08:80 &&& 30:c0:28:98
action:              MyIngress.set_pred_5_6_7
runtime data:        00	00	01
Entry has been added with handle 1125
RuntimeCmd: Adding entry to ternary match table MyIngress.tb_hwimo_tree_5_6_7
match key:           TERNARY-10:00:28:80 &&& 30:c0:28:98
action:              MyIngress.set_pred_5_6_7
runtime data:        00	00	00
Entry has been added with handle 1126
RuntimeCmd: Adding entry to ternary match table MyIngress.tb_hwimo_tree_5_6_7
match key:           TERNARY-10:00:08:90 &&& 30:c0:08:98
action:              MyIngress.set_pred_5_6_7
runtime data:        00	02	00
Entry has been added with handle 1127
RuntimeCmd: Adding entry to ternary match table MyIngress.tb_hwimo_tree_5_6_7
match key:           TERNARY-10:40:08:80 &&& 30:c0:58:88
action:              MyIngress.set_pred_5_6_7
runtime data:        00	00	00
Entry has been added with handle 1128
RuntimeCmd: Adding entry to ternary match table MyIngress.tb_hwimo_tree_5_6_7
match key:           TERNARY-10:40:48:80 &&& 30:c0:d8:88
action:              MyIngress.set_pred_5_6_7
runtime data:        00	00	00
Entry has been added with handle 1129
RuntimeCmd: Adding entry to ternary match table MyIngress.tb_hwimo_tree_5_6_7
match key:           TERNARY-10:40:c8:80 &&& 30:c0:d8:88
action:              MyIngress.set_pred_5_6_7
runtime data:        00	01	00
Entry has been added with handle 1130
RuntimeCmd: Adding entry to ternary match table MyIngress.tb_hwimo_tree_5_6_7
match key:           TERNARY-10:40:18:80 &&& 30:c1:18:88
action:              MyIngress.set_pred_5_6_7
runtime data:        00	00	00
Entry has been added with handle 1131
RuntimeCmd: Adding entry to ternary match table MyIngress.tb_hwimo_tree_5_6_7
match key:           TERNARY-10:41:18:80 &&& 30:c1:18:88
action:              MyIngress.set_pred_5_6_7
runtime data:        00	01	00
Entry has been added with handle 1132
RuntimeCmd: Adding entry to ternary match table MyIngress.tb_hwimo_tree_5_6_7
match key:           TERNARY-10:00:08:88 &&& 30:e0:c8:98
action:              MyIngress.set_pred_5_6_7
runtime data:        01	02	01
Entry has been added with handle 1133
RuntimeCmd: Adding entry to ternary match table MyIngress.tb_hwimo_tree_5_6_7
match key:           TERNARY-10:00:48:88 &&& 38:e1:c8:98
action:              MyIngress.set_pred_5_6_7
runtime data:        00	00	00
Entry has been added with handle 1134
RuntimeCmd: Adding entry to ternary match table MyIngress.tb_hwimo_tree_5_6_7
match key:           TERNARY-18:00:48:88 &&& 38:e9:c8:98
action:              MyIngress.set_pred_5_6_7
runtime data:        00	02	01
Entry has been added with handle 1135
RuntimeCmd: Adding entry to ternary match table MyIngress.tb_hwimo_tree_5_6_7
match key:           TERNARY-18:08:48:88 &&& 38:e9:c8:98
action:              MyIngress.set_pred_5_6_7
runtime data:        01	00	01
Entry has been added with handle 1136
RuntimeCmd: Adding entry to ternary match table MyIngress.tb_hwimo_tree_5_6_7
match key:           TERNARY-10:01:48:88 &&& 30:e1:c8:98
action:              MyIngress.set_pred_5_6_7
runtime data:        01	02	01
Entry has been added with handle 1137
RuntimeCmd: Adding entry to ternary match table MyIngress.tb_hwimo_tree_5_6_7
match key:           TERNARY-10:40:08:88 &&& 38:e4:98:98
action:              MyIngress.set_pred_5_6_7
runtime data:        00	00	00
Entry has been added with handle 1138
RuntimeCmd: Adding entry to ternary match table MyIngress.tb_hwimo_tree_5_6_7
match key:           TERNARY-10:44:08:88 &&& 38:e4:98:98
action:              MyIngress.set_pred_5_6_7
runtime data:        01	00	01
Entry has been added with handle 1139
RuntimeCmd: Adding entry to ternary match table MyIngress.tb_hwimo_tree_5_6_7
match key:           TERNARY-10:40:18:88 &&& 38:e0:98:98
action:              MyIngress.set_pred_5_6_7
runtime data:        01	02	01
Entry has been added with handle 1140
RuntimeCmd: Adding entry to ternary match table MyIngress.tb_hwimo_tree_5_6_7
match key:           TERNARY-18:40:08:88 &&& 38:e0:88:98
action:              MyIngress.set_pred_5_6_7
runtime data:        00	00	00
Entry has been added with handle 1141
RuntimeCmd: Adding entry to ternary match table MyIngress.tb_hwimo_tree_5_6_7
match key:           TERNARY-10:00:88:88 &&& 30:a0:d8:98
action:              MyIngress.set_pred_5_6_7
runtime data:        00	00	00
Entry has been added with handle 1142
RuntimeCmd: Adding entry to ternary match table MyIngress.tb_hwimo_tree_5_6_7
match key:           TERNARY-10:00:98:88 &&& 30:a0:d8:98
action:              MyIngress.set_pred_5_6_7
runtime data:        00	02	00
Entry has been added with handle 1143
RuntimeCmd: Adding entry to ternary match table MyIngress.tb_hwimo_tree_5_6_7
match key:           TERNARY-10:00:c8:88 &&& 30:a0:d8:98
action:              MyIngress.set_pred_5_6_7
runtime data:        00	02	01
Entry has been added with handle 1144
RuntimeCmd: Adding entry to ternary match table MyIngress.tb_hwimo_tree_5_6_7
match key:           TERNARY-10:00:d8:88 &&& 30:a0:d8:98
action:              MyIngress.set_pred_5_6_7
runtime data:        01	02	01
Entry has been added with handle 1145
RuntimeCmd: Adding entry to ternary match table MyIngress.tb_hwimo_tree_5_6_7
match key:           TERNARY-10:00:08:98 &&& 30:a0:18:98
action:              MyIngress.set_pred_5_6_7
runtime data:        01	02	00
Entry has been added with handle 1146
RuntimeCmd: Adding entry to ternary match table MyIngress.tb_hwimo_tree_5_6_7
match key:           TERNARY-10:00:18:98 &&& 30:a0:18:98
action:              MyIngress.set_pred_5_6_7
runtime data:        01	02	01
Entry has been added with handle 1147
RuntimeCmd: Adding entry to ternary match table MyIngress.tb_hwimo_tree_5_6_7
match key:           TERNARY-10:20:08:88 &&& 30:a8:88:88
action:              MyIngress.set_pred_5_6_7
runtime data:        00	02	01
Entry has been added with handle 1148
RuntimeCmd: Adding entry to ternary match table MyIngress.tb_hwimo_tree_5_6_7
match key:           TERNARY-10:28:08:88 &&& 31:a8:88:b8
action:              MyIngress.set_pred_5_6_7
runtime data:        00	00	00
Entry has been added with handle 1149
RuntimeCmd: Adding entry to ternary match table MyIngress.tb_hwimo_tree_5_6_7
match key:           TERNARY-10:28:08:98 &&& 31:a9:a8:b8
action:              MyIngress.set_pred_5_6_7
runtime data:        00	00	00
Entry has been added with handle 1150
RuntimeCmd: Adding entry to ternary match table MyIngress.tb_hwimo_tree_5_6_7
match key:           TERNARY-10:28:28:98 &&& 31:a9:e8:b8
action:              MyIngress.set_pred_5_6_7
runtime data:        00	00	00
Entry has been added with handle 1151
RuntimeCmd: Adding entry to ternary match table MyIngress.tb_hwimo_tree_5_6_7
match key:           TERNARY-10:28:68:98 &&& 31:a9:e8:b8
action:              MyIngress.set_pred_5_6_7
runtime data:        00	01	00
Entry has been added with handle 1152
RuntimeCmd: Adding entry to ternary match table MyIngress.tb_hwimo_tree_5_6_7
match key:           TERNARY-10:29:08:98 &&& 31:a9:88:b8
action:              MyIngress.set_pred_5_6_7
runtime data:        00	01	00
Entry has been added with handle 1153
RuntimeCmd: Adding entry to ternary match table MyIngress.tb_hwimo_tree_5_6_7
match key:           TERNARY-10:28:08:a8 &&& 31:a8:88:a8
action:              MyIngress.set_pred_5_6_7
runtime data:        00	01	00
Entry has been added with handle 1154
RuntimeCmd: Adding entry to ternary match table MyIngress.tb_hwimo_tree_5_6_7
match key:           TERNARY-11:28:08:88 &&& 31:a8:88:88
action:              MyIngress.set_pred_5_6_7
runtime data:        00	00	00
Entry has been added with handle 1155
RuntimeCmd: Adding entry to ternary match table MyIngress.tb_hwimo_tree_5_6_7
match key:           TERNARY-10:20:88:88 &&& 30:a0:99:88
action:              MyIngress.set_pred_5_6_7
runtime data:        00	00	00
Entry has been added with handle 1156
RuntimeCmd: Adding entry to ternary match table MyIngress.tb_hwimo_tree_5_6_7
match key:           TERNARY-10:20:98:88 &&& 30:a0:99:88
action:              MyIngress.set_pred_5_6_7
runtime data:        01	02	00
Entry has been added with handle 1157
RuntimeCmd: Adding entry to ternary match table MyIngress.tb_hwimo_tree_5_6_7
match key:           TERNARY-10:20:89:88 &&& 30:a0:89:98
action:              MyIngress.set_pred_5_6_7
runtime data:        00	00	00
Entry has been added with handle 1158
RuntimeCmd: Adding entry to ternary match table MyIngress.tb_hwimo_tree_5_6_7
match key:           TERNARY-10:20:89:98 &&& 30:a0:89:d8
action:              MyIngress.set_pred_5_6_7
runtime data:        00	00	00
Entry has been added with handle 1159
RuntimeCmd: Adding entry to ternary match table MyIngress.tb_hwimo_tree_5_6_7
match key:           TERNARY-10:20:89:d8 &&& 30:a0:89:d8
action:              MyIngress.set_pred_5_6_7
runtime data:        00	01	00
Entry has been added with handle 1160
RuntimeCmd: Adding entry to ternary match table MyIngress.tb_hwimo_tree_5_6_7
match key:           TERNARY-10:80:00:80 &&& 34:84:40:80
action:              MyIngress.set_pred_5_6_7
runtime data:        01	02	00
Entry has been added with handle 1161
RuntimeCmd: Adding entry to ternary match table MyIngress.tb_hwimo_tree_5_6_7
match key:           TERNARY-10:84:00:80 &&& 34:84:60:80
action:              MyIngress.set_pred_5_6_7
runtime data:        01	00	01
Entry has been added with handle 1162
RuntimeCmd: Adding entry to ternary match table MyIngress.tb_hwimo_tree_5_6_7
match key:           TERNARY-10:84:20:80 &&& 34:84:60:80
action:              MyIngress.set_pred_5_6_7
runtime data:        00	00	00
Entry has been added with handle 1163
RuntimeCmd: Adding entry to ternary match table MyIngress.tb_hwimo_tree_5_6_7
match key:           TERNARY-14:80:00:80 &&& 34:a8:40:80
action:              MyIngress.set_pred_5_6_7
runtime data:        00	00	00
Entry has been added with handle 1164
RuntimeCmd: Adding entry to ternary match table MyIngress.tb_hwimo_tree_5_6_7
match key:           TERNARY-14:a0:00:80 &&& 34:ac:40:80
action:              MyIngress.set_pred_5_6_7
runtime data:        00	02	01
Entry has been added with handle 1165
RuntimeCmd: Adding entry to ternary match table MyIngress.tb_hwimo_tree_5_6_7
match key:           TERNARY-14:a4:00:80 &&& 34:ac:40:80
action:              MyIngress.set_pred_5_6_7
runtime data:        00	00	01
Entry has been added with handle 1166
RuntimeCmd: Adding entry to ternary match table MyIngress.tb_hwimo_tree_5_6_7
match key:           TERNARY-14:88:00:80 &&& 34:88:44:80
action:              MyIngress.set_pred_5_6_7
runtime data:        00	00	00
Entry has been added with handle 1167
RuntimeCmd: Adding entry to ternary match table MyIngress.tb_hwimo_tree_5_6_7
match key:           TERNARY-14:88:04:80 &&& 34:8c:44:80
action:              MyIngress.set_pred_5_6_7
runtime data:        00	00	00
Entry has been added with handle 1168
RuntimeCmd: Adding entry to ternary match table MyIngress.tb_hwimo_tree_5_6_7
match key:           TERNARY-14:8c:04:80 &&& 34:8c:44:80
action:              MyIngress.set_pred_5_6_7
runtime data:        00	02	00
Entry has been added with handle 1169
RuntimeCmd: Adding entry to ternary match table MyIngress.tb_hwimo_tree_5_6_7
match key:           TERNARY-10:80:40:80 &&& 30:80:62:80
action:              MyIngress.set_pred_5_6_7
runtime data:        00	00	00
Entry has been added with handle 1170
RuntimeCmd: Adding entry to ternary match table MyIngress.tb_hwimo_tree_5_6_7
match key:           TERNARY-10:80:42:80 &&& 34:80:62:a0
action:              MyIngress.set_pred_5_6_7
runtime data:        00	00	01
Entry has been added with handle 1171
RuntimeCmd: Adding entry to ternary match table MyIngress.tb_hwimo_tree_5_6_7
match key:           TERNARY-10:80:42:a0 &&& 34:80:62:b8
action:              MyIngress.set_pred_5_6_7
runtime data:        00	00	01
Entry has been added with handle 1172
RuntimeCmd: Adding entry to ternary match table MyIngress.tb_hwimo_tree_5_6_7
match key:           TERNARY-10:80:42:a8 &&& 34:80:62:b8
action:              MyIngress.set_pred_5_6_7
runtime data:        00	00	01
Entry has been added with handle 1173
RuntimeCmd: Adding entry to ternary match table MyIngress.tb_hwimo_tree_5_6_7
match key:           TERNARY-10:80:42:b0 &&& 34:80:62:b0
action:              MyIngress.set_pred_5_6_7
runtime data:        00	00	01
Entry has been added with handle 1174
RuntimeCmd: Adding entry to ternary match table MyIngress.tb_hwimo_tree_5_6_7
match key:           TERNARY-14:80:42:80 &&& 34:80:62:80
action:              MyIngress.set_pred_5_6_7
runtime data:        01	00	01
Entry has been added with handle 1175
RuntimeCmd: Adding entry to ternary match table MyIngress.tb_hwimo_tree_5_6_7
match key:           TERNARY-10:80:60:80 &&& 31:80:60:a0
action:              MyIngress.set_pred_5_6_7
runtime data:        01	01	01
Entry has been added with handle 1176
RuntimeCmd: Adding entry to ternary match table MyIngress.tb_hwimo_tree_5_6_7
match key:           TERNARY-10:80:60:a0 &&& 31:80:60:a0
action:              MyIngress.set_pred_5_6_7
runtime data:        01	00	01
Entry has been added with handle 1177
RuntimeCmd: Adding entry to ternary match table MyIngress.tb_hwimo_tree_5_6_7
match key:           TERNARY-11:80:60:80 &&& 31:94:6e:80
action:              MyIngress.set_pred_5_6_7
runtime data:        00	00	00
Entry has been added with handle 1178
RuntimeCmd: Adding entry to ternary match table MyIngress.tb_hwimo_tree_5_6_7
match key:           TERNARY-11:90:60:80 &&& 31:94:6e:80
action:              MyIngress.set_pred_5_6_7
runtime data:        00	00	00
Entry has been added with handle 1179
RuntimeCmd: Adding entry to ternary match table MyIngress.tb_hwimo_tree_5_6_7
match key:           TERNARY-11:80:62:80 &&& 31:84:6e:80
action:              MyIngress.set_pred_5_6_7
runtime data:        00	00	00
Entry has been added with handle 1180
RuntimeCmd: Adding entry to ternary match table MyIngress.tb_hwimo_tree_5_6_7
match key:           TERNARY-11:80:64:80 &&& 31:94:6e:80
action:              MyIngress.set_pred_5_6_7
runtime data:        00	00	00
Entry has been added with handle 1181
RuntimeCmd: Adding entry to ternary match table MyIngress.tb_hwimo_tree_5_6_7
match key:           TERNARY-11:80:66:80 &&& 31:94:6e:80
action:              MyIngress.set_pred_5_6_7
runtime data:        00	00	00
Entry has been added with handle 1182
RuntimeCmd: Adding entry to ternary match table MyIngress.tb_hwimo_tree_5_6_7
match key:           TERNARY-11:90:64:80 &&& 31:94:6e:80
action:              MyIngress.set_pred_5_6_7
runtime data:        00	00	00
Entry has been added with handle 1183
RuntimeCmd: Adding entry to ternary match table MyIngress.tb_hwimo_tree_5_6_7
match key:           TERNARY-11:90:66:80 &&& 31:94:6e:80
action:              MyIngress.set_pred_5_6_7
runtime data:        00	00	00
Entry has been added with handle 1184
RuntimeCmd: Adding entry to ternary match table MyIngress.tb_hwimo_tree_5_6_7
match key:           TERNARY-11:84:60:80 &&& 31:84:68:80
action:              MyIngress.set_pred_5_6_7
runtime data:        00	00	00
Entry has been added with handle 1185
RuntimeCmd: Adding entry to ternary match table MyIngress.tb_hwimo_tree_5_6_7
match key:           TERNARY-11:80:68:80 &&& 31:80:68:80
action:              MyIngress.set_pred_5_6_7
runtime data:        00	00	00
Entry has been added with handle 1186
RuntimeCmd: Adding entry to ternary match table MyIngress.tb_hwimo_tree_5_6_7
match key:           TERNARY-20:00:00:00 &&& 21:22:82:00
action:              MyIngress.set_pred_5_6_7
runtime data:        01	01	01
Entry has been added with handle 1187
RuntimeCmd: Adding entry to ternary match table MyIngress.tb_hwimo_tree_5_6_7
match key:           TERNARY-20:20:00:00 &&& 21:22:8a:42
action:              MyIngress.set_pred_5_6_7
runtime data:        01	02	01
Entry has been added with handle 1188
RuntimeCmd: Adding entry to ternary match table MyIngress.tb_hwimo_tree_5_6_7
match key:           TERNARY-20:20:08:00 &&& 21:22:8f:f2
action:              MyIngress.set_pred_5_6_7
runtime data:        01	01	01
Entry has been added with handle 1189
RuntimeCmd: Adding entry to ternary match table MyIngress.tb_hwimo_tree_5_6_7
match key:           TERNARY-20:20:0c:00 &&& 21:22:8f:f2
action:              MyIngress.set_pred_5_6_7
runtime data:        02	01	02
Entry has been added with handle 1190
RuntimeCmd: Adding entry to ternary match table MyIngress.tb_hwimo_tree_5_6_7
match key:           TERNARY-20:20:09:00 &&& 21:22:8b:f2
action:              MyIngress.set_pred_5_6_7
runtime data:        02	01	02
Entry has been added with handle 1191
RuntimeCmd: Adding entry to ternary match table MyIngress.tb_hwimo_tree_5_6_7
match key:           TERNARY-20:20:08:20 &&& 21:22:8a:f2
action:              MyIngress.set_pred_5_6_7
runtime data:        01	01	01
Entry has been added with handle 1192
RuntimeCmd: Adding entry to ternary match table MyIngress.tb_hwimo_tree_5_6_7
match key:           TERNARY-20:20:08:10 &&& 21:22:8e:d2
action:              MyIngress.set_pred_5_6_7
runtime data:        02	01	02
Entry has been added with handle 1193
RuntimeCmd: Adding entry to ternary match table MyIngress.tb_hwimo_tree_5_6_7
match key:           TERNARY-20:20:0c:10 &&& 21:22:8f:f2
action:              MyIngress.set_pred_5_6_7
runtime data:        02	01	02
Entry has been added with handle 1194
RuntimeCmd: Adding entry to ternary match table MyIngress.tb_hwimo_tree_5_6_7
match key:           TERNARY-20:20:0c:30 &&& 21:22:8f:f2
action:              MyIngress.set_pred_5_6_7
runtime data:        02	01	01
Entry has been added with handle 1195
RuntimeCmd: Adding entry to ternary match table MyIngress.tb_hwimo_tree_5_6_7
match key:           TERNARY-20:20:0d:10 &&& 21:22:8f:d2
action:              MyIngress.set_pred_5_6_7
runtime data:        02	01	02
Entry has been added with handle 1196
RuntimeCmd: Adding entry to ternary match table MyIngress.tb_hwimo_tree_5_6_7
match key:           TERNARY-20:20:08:80 &&& 21:22:8a:c2
action:              MyIngress.set_pred_5_6_7
runtime data:        02	01	02
Entry has been added with handle 1197
RuntimeCmd: Adding entry to ternary match table MyIngress.tb_hwimo_tree_5_6_7
match key:           TERNARY-20:20:00:02 &&& 21:22:82:42
action:              MyIngress.set_pred_5_6_7
runtime data:        02	01	02
Entry has been added with handle 1198
RuntimeCmd: Adding entry to ternary match table MyIngress.tb_hwimo_tree_5_6_7
match key:           TERNARY-20:20:00:40 &&& 21:22:8e:71
action:              MyIngress.set_pred_5_6_7
runtime data:        01	02	01
Entry has been added with handle 1199
RuntimeCmd: Adding entry to ternary match table MyIngress.tb_hwimo_tree_5_6_7
match key:           TERNARY-20:20:00:60 &&& 21:22:8e:71
action:              MyIngress.set_pred_5_6_7
runtime data:        01	01	01
Entry has been added with handle 1200
RuntimeCmd: Adding entry to ternary match table MyIngress.tb_hwimo_tree_5_6_7
match key:           TERNARY-20:20:08:40 &&& 21:22:8e:51
action:              MyIngress.set_pred_5_6_7
runtime data:        01	01	01
Entry has been added with handle 1201
RuntimeCmd: Adding entry to ternary match table MyIngress.tb_hwimo_tree_5_6_7
match key:           TERNARY-20:20:04:40 &&& 21:22:86:51
action:              MyIngress.set_pred_5_6_7
runtime data:        02	01	02
Entry has been added with handle 1202
RuntimeCmd: Adding entry to ternary match table MyIngress.tb_hwimo_tree_5_6_7
match key:           TERNARY-20:20:00:41 &&& 21:23:82:51
action:              MyIngress.set_pred_5_6_7
runtime data:        02	01	02
Entry has been added with handle 1203
RuntimeCmd: Adding entry to ternary match table MyIngress.tb_hwimo_tree_5_6_7
match key:           TERNARY-20:21:00:41 &&& 21:23:82:51
action:              MyIngress.set_pred_5_6_7
runtime data:        02	01	02
Entry has been added with handle 1204
RuntimeCmd: Adding entry to ternary match table MyIngress.tb_hwimo_tree_5_6_7
match key:           TERNARY-20:20:00:50 &&& 21:22:9a:70
action:              MyIngress.set_pred_5_6_7
runtime data:        01	02	01
Entry has been added with handle 1205
RuntimeCmd: Adding entry to ternary match table MyIngress.tb_hwimo_tree_5_6_7
match key:           TERNARY-20:20:10:50 &&& 21:22:9a:70
action:              MyIngress.set_pred_5_6_7
runtime data:        02	02	02
Entry has been added with handle 1206
RuntimeCmd: Adding entry to ternary match table MyIngress.tb_hwimo_tree_5_6_7
match key:           TERNARY-20:20:08:50 &&& 21:32:8a:70
action:              MyIngress.set_pred_5_6_7
runtime data:        01	01	01
Entry has been added with handle 1207
RuntimeCmd: Adding entry to ternary match table MyIngress.tb_hwimo_tree_5_6_7
match key:           TERNARY-20:30:08:50 &&& 21:32:8a:f2
action:              MyIngress.set_pred_5_6_7
runtime data:        01	01	01
Entry has been added with handle 1208
RuntimeCmd: Adding entry to ternary match table MyIngress.tb_hwimo_tree_5_6_7
match key:           TERNARY-20:30:08:d0 &&& 21:32:8a:f2
action:              MyIngress.set_pred_5_6_7
runtime data:        02	01	02
Entry has been added with handle 1209
RuntimeCmd: Adding entry to ternary match table MyIngress.tb_hwimo_tree_5_6_7
match key:           TERNARY-20:30:08:52 &&& 21:32:8a:72
action:              MyIngress.set_pred_5_6_7
runtime data:        02	01	02
Entry has been added with handle 1210
RuntimeCmd: Adding entry to ternary match table MyIngress.tb_hwimo_tree_5_6_7
match key:           TERNARY-20:20:00:70 &&& 23:22:86:70
action:              MyIngress.set_pred_5_6_7
runtime data:        02	01	02
Entry has been added with handle 1211
RuntimeCmd: Adding entry to ternary match table MyIngress.tb_hwimo_tree_5_6_7
match key:           TERNARY-22:20:00:70 &&& 23:22:86:78
action:              MyIngress.set_pred_5_6_7
runtime data:        02	01	02
Entry has been added with handle 1212
RuntimeCmd: Adding entry to ternary match table MyIngress.tb_hwimo_tree_5_6_7
match key:           TERNARY-22:20:00:78 &&& 23:22:86:78
action:              MyIngress.set_pred_5_6_7
runtime data:        01	01	01
Entry has been added with handle 1213
RuntimeCmd: Adding entry to ternary match table MyIngress.tb_hwimo_tree_5_6_7
match key:           TERNARY-20:20:04:70 &&& 21:22:86:78
action:              MyIngress.set_pred_5_6_7
runtime data:        02	01	01
Entry has been added with handle 1214
RuntimeCmd: Adding entry to ternary match table MyIngress.tb_hwimo_tree_5_6_7
match key:           TERNARY-20:20:04:78 &&& 21:22:86:78
action:              MyIngress.set_pred_5_6_7
runtime data:        02	01	02
Entry has been added with handle 1215
RuntimeCmd: Adding entry to ternary match table MyIngress.tb_hwimo_tree_5_6_7
match key:           TERNARY-21:00:00:00 &&& 21:06:82:0d
action:              MyIngress.set_pred_5_6_7
runtime data:        01	00	01
Entry has been added with handle 1216
RuntimeCmd: Adding entry to ternary match table MyIngress.tb_hwimo_tree_5_6_7
match key:           TERNARY-21:04:00:00 &&& 21:06:82:0d
action:              MyIngress.set_pred_5_6_7
runtime data:        02	01	02
Entry has been added with handle 1217
RuntimeCmd: Adding entry to ternary match table MyIngress.tb_hwimo_tree_5_6_7
match key:           TERNARY-21:00:00:08 &&& 21:02:82:1f
action:              MyIngress.set_pred_5_6_7
runtime data:        02	01	02
Entry has been added with handle 1218
RuntimeCmd: Adding entry to ternary match table MyIngress.tb_hwimo_tree_5_6_7
match key:           TERNARY-21:00:00:0a &&& 21:02:82:1f
action:              MyIngress.set_pred_5_6_7
runtime data:        02	01	02
Entry has been added with handle 1219
RuntimeCmd: Adding entry to ternary match table MyIngress.tb_hwimo_tree_5_6_7
match key:           TERNARY-21:00:00:18 &&& 21:02:82:1d
action:              MyIngress.set_pred_5_6_7
runtime data:        01	00	01
Entry has been added with handle 1220
RuntimeCmd: Adding entry to ternary match table MyIngress.tb_hwimo_tree_5_6_7
match key:           TERNARY-21:00:00:01 &&& 21:02:8a:0d
action:              MyIngress.set_pred_5_6_7
runtime data:        01	00	01
Entry has been added with handle 1221
RuntimeCmd: Adding entry to ternary match table MyIngress.tb_hwimo_tree_5_6_7
match key:           TERNARY-21:00:08:01 &&& 21:02:8a:0d
action:              MyIngress.set_pred_5_6_7
runtime data:        01	00	01
Entry has been added with handle 1222
RuntimeCmd: Adding entry to ternary match table MyIngress.tb_hwimo_tree_5_6_7
match key:           TERNARY-21:00:00:09 &&& 21:02:82:1d
action:              MyIngress.set_pred_5_6_7
runtime data:        01	00	01
Entry has been added with handle 1223
RuntimeCmd: Adding entry to ternary match table MyIngress.tb_hwimo_tree_5_6_7
match key:           TERNARY-21:00:00:19 &&& 21:02:82:1d
action:              MyIngress.set_pred_5_6_7
runtime data:        01	00	01
Entry has been added with handle 1224
RuntimeCmd: Adding entry to ternary match table MyIngress.tb_hwimo_tree_5_6_7
match key:           TERNARY-21:00:00:04 &&& 21:1a:a3:1c
action:              MyIngress.set_pred_5_6_7
runtime data:        02	01	02
Entry has been added with handle 1225
RuntimeCmd: Adding entry to ternary match table MyIngress.tb_hwimo_tree_5_6_7
match key:           TERNARY-21:08:00:04 &&& 21:1a:a3:1c
action:              MyIngress.set_pred_5_6_7
runtime data:        02	01	02
Entry has been added with handle 1226
RuntimeCmd: Adding entry to ternary match table MyIngress.tb_hwimo_tree_5_6_7
match key:           TERNARY-21:00:00:0c &&& 21:12:a3:1c
action:              MyIngress.set_pred_5_6_7
runtime data:        02	01	02
Entry has been added with handle 1227
RuntimeCmd: Adding entry to ternary match table MyIngress.tb_hwimo_tree_5_6_7
match key:           TERNARY-21:00:00:14 &&& 21:12:a3:34
action:              MyIngress.set_pred_5_6_7
runtime data:        02	01	01
Entry has been added with handle 1228
RuntimeCmd: Adding entry to ternary match table MyIngress.tb_hwimo_tree_5_6_7
match key:           TERNARY-21:00:00:34 &&& 21:1a:a3:34
action:              MyIngress.set_pred_5_6_7
runtime data:        02	01	01
Entry has been added with handle 1229
RuntimeCmd: Adding entry to ternary match table MyIngress.tb_hwimo_tree_5_6_7
match key:           TERNARY-21:08:00:34 &&& 21:1a:a3:34
action:              MyIngress.set_pred_5_6_7
runtime data:        02	01	02
Entry has been added with handle 1230
RuntimeCmd: Adding entry to ternary match table MyIngress.tb_hwimo_tree_5_6_7
match key:           TERNARY-21:10:00:04 &&& 21:12:a3:1c
action:              MyIngress.set_pred_5_6_7
runtime data:        02	01	02
Entry has been added with handle 1231
RuntimeCmd: Adding entry to ternary match table MyIngress.tb_hwimo_tree_5_6_7
match key:           TERNARY-21:10:00:14 &&& 21:12:a3:5c
action:              MyIngress.set_pred_5_6_7
runtime data:        02	01	02
Entry has been added with handle 1232
RuntimeCmd: Adding entry to ternary match table MyIngress.tb_hwimo_tree_5_6_7
match key:           TERNARY-21:10:00:54 &&& 21:12:a3:5c
action:              MyIngress.set_pred_5_6_7
runtime data:        02	01	02
Entry has been added with handle 1233
RuntimeCmd: Adding entry to ternary match table MyIngress.tb_hwimo_tree_5_6_7
match key:           TERNARY-21:10:00:0c &&& 21:1a:a3:2c
action:              MyIngress.set_pred_5_6_7
runtime data:        02	01	02
Entry has been added with handle 1234
RuntimeCmd: Adding entry to ternary match table MyIngress.tb_hwimo_tree_5_6_7
match key:           TERNARY-21:18:00:0c &&& 21:1a:a3:3c
action:              MyIngress.set_pred_5_6_7
runtime data:        02	01	02
Entry has been added with handle 1235
RuntimeCmd: Adding entry to ternary match table MyIngress.tb_hwimo_tree_5_6_7
match key:           TERNARY-21:18:00:1c &&& 21:1a:a3:3c
action:              MyIngress.set_pred_5_6_7
runtime data:        01	01	01
Entry has been added with handle 1236
RuntimeCmd: Adding entry to ternary match table MyIngress.tb_hwimo_tree_5_6_7
match key:           TERNARY-21:10:00:2c &&& 21:1a:a3:bc
action:              MyIngress.set_pred_5_6_7
runtime data:        02	01	02
Entry has been added with handle 1237
RuntimeCmd: Adding entry to ternary match table MyIngress.tb_hwimo_tree_5_6_7
match key:           TERNARY-21:10:00:3c &&& 21:1a:a3:bc
action:              MyIngress.set_pred_5_6_7
runtime data:        02	01	01
Entry has been added with handle 1238
RuntimeCmd: Adding entry to ternary match table MyIngress.tb_hwimo_tree_5_6_7
match key:           TERNARY-21:10:00:ac &&& 21:1a:a3:ac
action:              MyIngress.set_pred_5_6_7
runtime data:        02	01	01
Entry has been added with handle 1239
RuntimeCmd: Adding entry to ternary match table MyIngress.tb_hwimo_tree_5_6_7
match key:           TERNARY-21:18:00:2c &&& 21:1a:a3:2c
action:              MyIngress.set_pred_5_6_7
runtime data:        02	01	02
Entry has been added with handle 1240
RuntimeCmd: Adding entry to ternary match table MyIngress.tb_hwimo_tree_5_6_7
match key:           TERNARY-21:00:01:04 &&& 21:02:a3:0c
action:              MyIngress.set_pred_5_6_7
runtime data:        02	01	01
Entry has been added with handle 1241
RuntimeCmd: Adding entry to ternary match table MyIngress.tb_hwimo_tree_5_6_7
match key:           TERNARY-21:00:01:0c &&& 21:02:a3:2c
action:              MyIngress.set_pred_5_6_7
runtime data:        02	01	02
Entry has been added with handle 1242
RuntimeCmd: Adding entry to ternary match table MyIngress.tb_hwimo_tree_5_6_7
match key:           TERNARY-21:00:01:2c &&& 25:02:a3:2c
action:              MyIngress.set_pred_5_6_7
runtime data:        02	01	02
Entry has been added with handle 1243
RuntimeCmd: Adding entry to ternary match table MyIngress.tb_hwimo_tree_5_6_7
match key:           TERNARY-25:00:01:2c &&& 25:02:a3:2c
action:              MyIngress.set_pred_5_6_7
runtime data:        02	01	01
Entry has been added with handle 1244
RuntimeCmd: Adding entry to ternary match table MyIngress.tb_hwimo_tree_5_6_7
match key:           TERNARY-21:00:20:04 &&& 21:02:a3:04
action:              MyIngress.set_pred_5_6_7
runtime data:        02	01	02
Entry has been added with handle 1245
RuntimeCmd: Adding entry to ternary match table MyIngress.tb_hwimo_tree_5_6_7
match key:           TERNARY-21:00:21:04 &&& 21:02:a3:64
action:              MyIngress.set_pred_5_6_7
runtime data:        01	02	01
Entry has been added with handle 1246
RuntimeCmd: Adding entry to ternary match table MyIngress.tb_hwimo_tree_5_6_7
match key:           TERNARY-21:00:21:24 &&& 21:02:a3:64
action:              MyIngress.set_pred_5_6_7
runtime data:        01	01	01
Entry has been added with handle 1247
RuntimeCmd: Adding entry to ternary match table MyIngress.tb_hwimo_tree_5_6_7
match key:           TERNARY-21:00:21:44 &&& 21:02:a3:44
action:              MyIngress.set_pred_5_6_7
runtime data:        01	01	01
Entry has been added with handle 1248
RuntimeCmd: Adding entry to ternary match table MyIngress.tb_hwimo_tree_5_6_7
match key:           TERNARY-20:02:00:00 &&& 22:02:82:50
action:              MyIngress.set_pred_5_6_7
runtime data:        02	01	02
Entry has been added with handle 1249
RuntimeCmd: Adding entry to ternary match table MyIngress.tb_hwimo_tree_5_6_7
match key:           TERNARY-20:02:00:40 &&& 22:02:82:58
action:              MyIngress.set_pred_5_6_7
runtime data:        02	01	01
Entry has been added with handle 1250
RuntimeCmd: Adding entry to ternary match table MyIngress.tb_hwimo_tree_5_6_7
match key:           TERNARY-20:02:00:48 &&& 22:02:83:58
action:              MyIngress.set_pred_5_6_7
runtime data:        02	01	01
Entry has been added with handle 1251
RuntimeCmd: Adding entry to ternary match table MyIngress.tb_hwimo_tree_5_6_7
match key:           TERNARY-20:02:01:48 &&& 22:82:83:58
action:              MyIngress.set_pred_5_6_7
runtime data:        02	01	02
Entry has been added with handle 1252
RuntimeCmd: Adding entry to ternary match table MyIngress.tb_hwimo_tree_5_6_7
match key:           TERNARY-20:82:01:48 &&& 22:82:83:58
action:              MyIngress.set_pred_5_6_7
runtime data:        01	01	01
Entry has been added with handle 1253
RuntimeCmd: Adding entry to ternary match table MyIngress.tb_hwimo_tree_5_6_7
match key:           TERNARY-20:02:00:10 &&& 22:02:82:58
action:              MyIngress.set_pred_5_6_7
runtime data:        02	01	02
Entry has been added with handle 1254
RuntimeCmd: Adding entry to ternary match table MyIngress.tb_hwimo_tree_5_6_7
match key:           TERNARY-20:02:00:50 &&& 22:02:83:58
action:              MyIngress.set_pred_5_6_7
runtime data:        02	01	02
Entry has been added with handle 1255
RuntimeCmd: Adding entry to ternary match table MyIngress.tb_hwimo_tree_5_6_7
match key:           TERNARY-20:02:01:50 &&& 2a:02:83:d8
action:              MyIngress.set_pred_5_6_7
runtime data:        02	01	02
Entry has been added with handle 1256
RuntimeCmd: Adding entry to ternary match table MyIngress.tb_hwimo_tree_5_6_7
match key:           TERNARY-20:02:01:d0 &&& 2a:02:83:d8
action:              MyIngress.set_pred_5_6_7
runtime data:        02	01	02
Entry has been added with handle 1257
RuntimeCmd: Adding entry to ternary match table MyIngress.tb_hwimo_tree_5_6_7
match key:           TERNARY-28:02:01:50 &&& 2a:02:83:58
action:              MyIngress.set_pred_5_6_7
runtime data:        01	01	01
Entry has been added with handle 1258
RuntimeCmd: Adding entry to ternary match table MyIngress.tb_hwimo_tree_5_6_7
match key:           TERNARY-20:02:00:18 &&& 22:02:82:d8
action:              MyIngress.set_pred_5_6_7
runtime data:        02	01	01
Entry has been added with handle 1259
RuntimeCmd: Adding entry to ternary match table MyIngress.tb_hwimo_tree_5_6_7
match key:           TERNARY-20:02:00:98 &&& 22:02:82:d8
action:              MyIngress.set_pred_5_6_7
runtime data:        02	01	02
Entry has been added with handle 1260
RuntimeCmd: Adding entry to ternary match table MyIngress.tb_hwimo_tree_5_6_7
match key:           TERNARY-20:02:00:58 &&& 22:12:82:58
action:              MyIngress.set_pred_5_6_7
runtime data:        02	02	01
Entry has been added with handle 1261
RuntimeCmd: Adding entry to ternary match table MyIngress.tb_hwimo_tree_5_6_7
match key:           TERNARY-20:12:00:58 &&& 22:12:82:58
action:              MyIngress.set_pred_5_6_7
runtime data:        02	01	02
Entry has been added with handle 1262
RuntimeCmd: Adding entry to ternary match table MyIngress.tb_hwimo_tree_5_6_7
match key:           TERNARY-22:02:00:00 &&& 22:02:8a:38
action:              MyIngress.set_pred_5_6_7
runtime data:        02	01	02
Entry has been added with handle 1263
RuntimeCmd: Adding entry to ternary match table MyIngress.tb_hwimo_tree_5_6_7
match key:           TERNARY-22:02:00:10 &&& 22:02:8a:38
action:              MyIngress.set_pred_5_6_7
runtime data:        02	01	01
Entry has been added with handle 1264
RuntimeCmd: Adding entry to ternary match table MyIngress.tb_hwimo_tree_5_6_7
match key:           TERNARY-22:02:00:20 &&& 22:02:8a:38
action:              MyIngress.set_pred_5_6_7
runtime data:        02	01	01
Entry has been added with handle 1265
RuntimeCmd: Adding entry to ternary match table MyIngress.tb_hwimo_tree_5_6_7
match key:           TERNARY-22:02:00:30 &&& 22:02:8a:38
action:              MyIngress.set_pred_5_6_7
runtime data:        02	01	01
Entry has been added with handle 1266
RuntimeCmd: Adding entry to ternary match table MyIngress.tb_hwimo_tree_5_6_7
match key:           TERNARY-22:02:00:08 &&& 22:82:8a:88
action:              MyIngress.set_pred_5_6_7
runtime data:        02	01	01
Entry has been added with handle 1267
RuntimeCmd: Adding entry to ternary match table MyIngress.tb_hwimo_tree_5_6_7
match key:           TERNARY-22:82:00:08 &&& 22:82:8a:c8
action:              MyIngress.set_pred_5_6_7
runtime data:        02	01	02
Entry has been added with handle 1268
RuntimeCmd: Adding entry to ternary match table MyIngress.tb_hwimo_tree_5_6_7
match key:           TERNARY-22:82:00:48 &&& 22:82:8a:e8
action:              MyIngress.set_pred_5_6_7
runtime data:        02	01	01
Entry has been added with handle 1269
RuntimeCmd: Adding entry to ternary match table MyIngress.tb_hwimo_tree_5_6_7
match key:           TERNARY-22:82:00:68 &&& 22:82:8a:e8
action:              MyIngress.set_pred_5_6_7
runtime data:        02	01	01
Entry has been added with handle 1270
RuntimeCmd: Adding entry to ternary match table MyIngress.tb_hwimo_tree_5_6_7
match key:           TERNARY-22:02:00:88 &&& 22:12:8a:88
action:              MyIngress.set_pred_5_6_7
runtime data:        01	01	01
Entry has been added with handle 1271
RuntimeCmd: Adding entry to ternary match table MyIngress.tb_hwimo_tree_5_6_7
match key:           TERNARY-22:12:00:88 &&& 22:12:8a:88
action:              MyIngress.set_pred_5_6_7
runtime data:        02	01	02
Entry has been added with handle 1272
RuntimeCmd: Adding entry to ternary match table MyIngress.tb_hwimo_tree_5_6_7
match key:           TERNARY-22:02:08:00 &&& 22:06:8f:40
action:              MyIngress.set_pred_5_6_7
runtime data:        01	01	01
Entry has been added with handle 1273
RuntimeCmd: Adding entry to ternary match table MyIngress.tb_hwimo_tree_5_6_7
match key:           TERNARY-22:02:0c:00 &&& 22:06:8f:48
action:              MyIngress.set_pred_5_6_7
runtime data:        01	00	01
Entry has been added with handle 1274
RuntimeCmd: Adding entry to ternary match table MyIngress.tb_hwimo_tree_5_6_7
match key:           TERNARY-22:02:0c:08 &&& 22:06:8f:c8
action:              MyIngress.set_pred_5_6_7
runtime data:        01	01	01
Entry has been added with handle 1275
RuntimeCmd: Adding entry to ternary match table MyIngress.tb_hwimo_tree_5_6_7
match key:           TERNARY-22:02:0c:88 &&& 22:06:8f:c8
action:              MyIngress.set_pred_5_6_7
runtime data:        01	00	01
Entry has been added with handle 1276
RuntimeCmd: Adding entry to ternary match table MyIngress.tb_hwimo_tree_5_6_7
match key:           TERNARY-22:02:09:00 &&& 22:06:8b:40
action:              MyIngress.set_pred_5_6_7
runtime data:        01	00	01
Entry has been added with handle 1277
RuntimeCmd: Adding entry to ternary match table MyIngress.tb_hwimo_tree_5_6_7
match key:           TERNARY-22:02:08:40 &&& 22:06:8e:40
action:              MyIngress.set_pred_5_6_7
runtime data:        01	01	01
Entry has been added with handle 1278
RuntimeCmd: Adding entry to ternary match table MyIngress.tb_hwimo_tree_5_6_7
match key:           TERNARY-22:02:0c:40 &&& 22:06:8f:e8
action:              MyIngress.set_pred_5_6_7
runtime data:        01	00	01
Entry has been added with handle 1279
RuntimeCmd: Adding entry to ternary match table MyIngress.tb_hwimo_tree_5_6_7
match key:           TERNARY-22:02:0c:c0 &&& 22:06:8f:e8
action:              MyIngress.set_pred_5_6_7
runtime data:        01	01	01
Entry has been added with handle 1280
RuntimeCmd: Adding entry to ternary match table MyIngress.tb_hwimo_tree_5_6_7
match key:           TERNARY-22:02:0c:60 &&& 22:06:8f:e8
action:              MyIngress.set_pred_5_6_7
runtime data:        01	01	01
Entry has been added with handle 1281
RuntimeCmd: Adding entry to ternary match table MyIngress.tb_hwimo_tree_5_6_7
match key:           TERNARY-22:02:0c:e0 &&& 22:06:8f:e8
action:              MyIngress.set_pred_5_6_7
runtime data:        01	00	01
Entry has been added with handle 1282
RuntimeCmd: Adding entry to ternary match table MyIngress.tb_hwimo_tree_5_6_7
match key:           TERNARY-22:02:0c:48 &&& 22:06:8f:48
action:              MyIngress.set_pred_5_6_7
runtime data:        01	01	01
Entry has been added with handle 1283
RuntimeCmd: Adding entry to ternary match table MyIngress.tb_hwimo_tree_5_6_7
match key:           TERNARY-22:02:0d:40 &&& 22:06:8f:40
action:              MyIngress.set_pred_5_6_7
runtime data:        01	01	01
Entry has been added with handle 1284
RuntimeCmd: Adding entry to ternary match table MyIngress.tb_hwimo_tree_5_6_7
match key:           TERNARY-22:06:08:00 &&& 22:06:8a:05
action:              MyIngress.set_pred_5_6_7
runtime data:        01	02	01
Entry has been added with handle 1285
RuntimeCmd: Adding entry to ternary match table MyIngress.tb_hwimo_tree_5_6_7
match key:           TERNARY-22:06:08:01 &&& 22:06:8a:05
action:              MyIngress.set_pred_5_6_7
runtime data:        02	02	02
Entry has been added with handle 1286
RuntimeCmd: Adding entry to ternary match table MyIngress.tb_hwimo_tree_5_6_7
match key:           TERNARY-22:06:08:04 &&& 22:06:8e:04
action:              MyIngress.set_pred_5_6_7
runtime data:        02	02	01
Entry has been added with handle 1287
RuntimeCmd: Adding entry to ternary match table MyIngress.tb_hwimo_tree_5_6_7
match key:           TERNARY-22:06:0c:04 &&& 22:06:8e:04
action:              MyIngress.set_pred_5_6_7
runtime data:        02	02	02
Entry has been added with handle 1288
RuntimeCmd: Adding entry to ternary match table MyIngress.tb_hwimo_tree_5_6_7
match key:           TERNARY-20:00:02:00 &&& 21:0a:b2:00
action:              MyIngress.set_pred_5_6_7
runtime data:        01	00	01
Entry has been added with handle 1289
RuntimeCmd: Adding entry to ternary match table MyIngress.tb_hwimo_tree_5_6_7
match key:           TERNARY-20:08:02:00 &&& 21:0b:b6:00
action:              MyIngress.set_pred_5_6_7
runtime data:        02	01	02
Entry has been added with handle 1290
RuntimeCmd: Adding entry to ternary match table MyIngress.tb_hwimo_tree_5_6_7
match key:           TERNARY-20:09:02:00 &&& 21:0b:b6:00
action:              MyIngress.set_pred_5_6_7
runtime data:        02	01	02
Entry has been added with handle 1291
RuntimeCmd: Adding entry to ternary match table MyIngress.tb_hwimo_tree_5_6_7
match key:           TERNARY-20:08:06:00 &&& 21:0e:be:40
action:              MyIngress.set_pred_5_6_7
runtime data:        02	01	01
Entry has been added with handle 1292
RuntimeCmd: Adding entry to ternary match table MyIngress.tb_hwimo_tree_5_6_7
match key:           TERNARY-20:08:06:40 &&& 21:0e:be:40
action:              MyIngress.set_pred_5_6_7
runtime data:        02	01	02
Entry has been added with handle 1293
RuntimeCmd: Adding entry to ternary match table MyIngress.tb_hwimo_tree_5_6_7
match key:           TERNARY-20:08:0e:00 &&& 21:0e:be:40
action:              MyIngress.set_pred_5_6_7
runtime data:        02	01	02
Entry has been added with handle 1294
RuntimeCmd: Adding entry to ternary match table MyIngress.tb_hwimo_tree_5_6_7
match key:           TERNARY-20:08:0e:40 &&& 21:0e:be:50
action:              MyIngress.set_pred_5_6_7
runtime data:        02	01	01
Entry has been added with handle 1295
RuntimeCmd: Adding entry to ternary match table MyIngress.tb_hwimo_tree_5_6_7
match key:           TERNARY-20:08:0e:50 &&& 21:0e:be:70
action:              MyIngress.set_pred_5_6_7
runtime data:        02	01	01
Entry has been added with handle 1296
RuntimeCmd: Adding entry to ternary match table MyIngress.tb_hwimo_tree_5_6_7
match key:           TERNARY-20:08:0e:70 &&& 21:0e:be:70
action:              MyIngress.set_pred_5_6_7
runtime data:        02	01	02
Entry has been added with handle 1297
RuntimeCmd: Adding entry to ternary match table MyIngress.tb_hwimo_tree_5_6_7
match key:           TERNARY-20:0c:06:00 &&& 21:0e:b6:00
action:              MyIngress.set_pred_5_6_7
runtime data:        01	01	01
Entry has been added with handle 1298
RuntimeCmd: Adding entry to ternary match table MyIngress.tb_hwimo_tree_5_6_7
match key:           TERNARY-20:00:22:00 &&& 25:0e:b3:02
action:              MyIngress.set_pred_5_6_7
runtime data:        01	01	01
Entry has been added with handle 1299
RuntimeCmd: Adding entry to ternary match table MyIngress.tb_hwimo_tree_5_6_7
match key:           TERNARY-20:00:23:00 &&& 25:0e:b3:02
action:              MyIngress.set_pred_5_6_7
runtime data:        01	02	01
Entry has been added with handle 1300
RuntimeCmd: Adding entry to ternary match table MyIngress.tb_hwimo_tree_5_6_7
match key:           TERNARY-20:08:22:00 &&& 25:0e:b2:02
action:              MyIngress.set_pred_5_6_7
runtime data:        01	00	01
Entry has been added with handle 1301
RuntimeCmd: Adding entry to ternary match table MyIngress.tb_hwimo_tree_5_6_7
match key:           TERNARY-20:04:22:00 &&& 25:06:b2:16
action:              MyIngress.set_pred_5_6_7
runtime data:        01	00	01
Entry has been added with handle 1302
RuntimeCmd: Adding entry to ternary match table MyIngress.tb_hwimo_tree_5_6_7
match key:           TERNARY-20:04:22:10 &&& 25:06:b2:16
action:              MyIngress.set_pred_5_6_7
runtime data:        01	00	02
Entry has been added with handle 1303
RuntimeCmd: Adding entry to ternary match table MyIngress.tb_hwimo_tree_5_6_7
match key:           TERNARY-20:04:22:04 &&& 25:06:b2:16
action:              MyIngress.set_pred_5_6_7
runtime data:        01	01	01
Entry has been added with handle 1304
RuntimeCmd: Adding entry to ternary match table MyIngress.tb_hwimo_tree_5_6_7
match key:           TERNARY-20:04:22:14 &&& 25:0e:b2:16
action:              MyIngress.set_pred_5_6_7
runtime data:        01	02	01
Entry has been added with handle 1305
RuntimeCmd: Adding entry to ternary match table MyIngress.tb_hwimo_tree_5_6_7
match key:           TERNARY-20:0c:22:14 &&& 25:0e:b2:17
action:              MyIngress.set_pred_5_6_7
runtime data:        01	02	01
Entry has been added with handle 1306
RuntimeCmd: Adding entry to ternary match table MyIngress.tb_hwimo_tree_5_6_7
match key:           TERNARY-20:0c:22:15 &&& 25:0e:ba:17
action:              MyIngress.set_pred_5_6_7
runtime data:        02	02	01
Entry has been added with handle 1307
RuntimeCmd: Adding entry to ternary match table MyIngress.tb_hwimo_tree_5_6_7
match key:           TERNARY-20:0c:2a:15 &&& 25:0e:ba:17
action:              MyIngress.set_pred_5_6_7
runtime data:        01	02	01
Entry has been added with handle 1308
RuntimeCmd: Adding entry to ternary match table MyIngress.tb_hwimo_tree_5_6_7
match key:           TERNARY-20:00:22:02 &&& 25:02:b2:06
action:              MyIngress.set_pred_5_6_7
runtime data:        01	02	01
Entry has been added with handle 1309
RuntimeCmd: Adding entry to ternary match table MyIngress.tb_hwimo_tree_5_6_7
match key:           TERNARY-20:00:22:06 &&& 25:02:b2:06
action:              MyIngress.set_pred_5_6_7
runtime data:        02	02	01
Entry has been added with handle 1310
RuntimeCmd: Adding entry to ternary match table MyIngress.tb_hwimo_tree_5_6_7
match key:           TERNARY-24:00:22:00 &&& 25:02:b3:b2
action:              MyIngress.set_pred_5_6_7
runtime data:        01	01	01
Entry has been added with handle 1311
RuntimeCmd: Adding entry to ternary match table MyIngress.tb_hwimo_tree_5_6_7
match key:           TERNARY-24:00:23:00 &&& 25:02:b3:b2
action:              MyIngress.set_pred_5_6_7
runtime data:        02	01	02
Entry has been added with handle 1312
RuntimeCmd: Adding entry to ternary match table MyIngress.tb_hwimo_tree_5_6_7
match key:           TERNARY-24:00:22:20 &&& 25:02:b3:ba
action:              MyIngress.set_pred_5_6_7
runtime data:        01	01	01
Entry has been added with handle 1313
RuntimeCmd: Adding entry to ternary match table MyIngress.tb_hwimo_tree_5_6_7
match key:           TERNARY-24:00:22:28 &&& 25:02:b3:ba
action:              MyIngress.set_pred_5_6_7
runtime data:        02	01	01
Entry has been added with handle 1314
RuntimeCmd: Adding entry to ternary match table MyIngress.tb_hwimo_tree_5_6_7
match key:           TERNARY-24:00:23:20 &&& 25:02:b3:b2
action:              MyIngress.set_pred_5_6_7
runtime data:        01	01	01
Entry has been added with handle 1315
RuntimeCmd: Adding entry to ternary match table MyIngress.tb_hwimo_tree_5_6_7
match key:           TERNARY-24:00:22:80 &&& 25:02:b6:da
action:              MyIngress.set_pred_5_6_7
runtime data:        01	01	01
Entry has been added with handle 1316
RuntimeCmd: Adding entry to ternary match table MyIngress.tb_hwimo_tree_5_6_7
match key:           TERNARY-24:00:22:88 &&& 25:02:b6:da
action:              MyIngress.set_pred_5_6_7
runtime data:        02	01	02
Entry has been added with handle 1317
RuntimeCmd: Adding entry to ternary match table MyIngress.tb_hwimo_tree_5_6_7
match key:           TERNARY-24:00:22:c0 &&& 25:02:b6:d2
action:              MyIngress.set_pred_5_6_7
runtime data:        02	01	02
Entry has been added with handle 1318
RuntimeCmd: Adding entry to ternary match table MyIngress.tb_hwimo_tree_5_6_7
match key:           TERNARY-24:00:26:80 &&& 25:02:b7:b2
action:              MyIngress.set_pred_5_6_7
runtime data:        02	01	02
Entry has been added with handle 1319
RuntimeCmd: Adding entry to ternary match table MyIngress.tb_hwimo_tree_5_6_7
match key:           TERNARY-24:00:26:a0 &&& 25:02:b7:b2
action:              MyIngress.set_pred_5_6_7
runtime data:        02	01	02
Entry has been added with handle 1320
RuntimeCmd: Adding entry to ternary match table MyIngress.tb_hwimo_tree_5_6_7
match key:           TERNARY-24:00:27:80 &&& 25:02:b7:f2
action:              MyIngress.set_pred_5_6_7
runtime data:        02	01	02
Entry has been added with handle 1321
RuntimeCmd: Adding entry to ternary match table MyIngress.tb_hwimo_tree_5_6_7
match key:           TERNARY-24:00:27:a0 &&& 25:02:b7:f2
action:              MyIngress.set_pred_5_6_7
runtime data:        02	01	01
Entry has been added with handle 1322
RuntimeCmd: Adding entry to ternary match table MyIngress.tb_hwimo_tree_5_6_7
match key:           TERNARY-24:00:27:c0 &&& 25:02:b7:d2
action:              MyIngress.set_pred_5_6_7
runtime data:        01	01	01
Entry has been added with handle 1323
RuntimeCmd: Adding entry to ternary match table MyIngress.tb_hwimo_tree_5_6_7
match key:           TERNARY-24:00:22:02 &&& 25:02:b6:12
action:              MyIngress.set_pred_5_6_7
runtime data:        01	01	01
Entry has been added with handle 1324
RuntimeCmd: Adding entry to ternary match table MyIngress.tb_hwimo_tree_5_6_7
match key:           TERNARY-24:00:26:02 &&& 25:02:b6:d2
action:              MyIngress.set_pred_5_6_7
runtime data:        01	01	01
Entry has been added with handle 1325
RuntimeCmd: Adding entry to ternary match table MyIngress.tb_hwimo_tree_5_6_7
match key:           TERNARY-24:00:26:42 &&& 25:02:b6:d2
action:              MyIngress.set_pred_5_6_7
runtime data:        02	01	01
Entry has been added with handle 1326
RuntimeCmd: Adding entry to ternary match table MyIngress.tb_hwimo_tree_5_6_7
match key:           TERNARY-24:00:26:82 &&& 25:02:b6:92
action:              MyIngress.set_pred_5_6_7
runtime data:        02	01	01
Entry has been added with handle 1327
RuntimeCmd: Adding entry to ternary match table MyIngress.tb_hwimo_tree_5_6_7
match key:           TERNARY-24:00:22:10 &&& 25:02:b7:38
action:              MyIngress.set_pred_5_6_7
runtime data:        02	01	02
Entry has been added with handle 1328
RuntimeCmd: Adding entry to ternary match table MyIngress.tb_hwimo_tree_5_6_7
match key:           TERNARY-24:00:22:18 &&& 25:02:b7:38
action:              MyIngress.set_pred_5_6_7
runtime data:        01	01	01
Entry has been added with handle 1329
RuntimeCmd: Adding entry to ternary match table MyIngress.tb_hwimo_tree_5_6_7
match key:           TERNARY-24:00:26:10 &&& 25:02:b7:30
action:              MyIngress.set_pred_5_6_7
runtime data:        02	01	02
Entry has been added with handle 1330
RuntimeCmd: Adding entry to ternary match table MyIngress.tb_hwimo_tree_5_6_7
match key:           TERNARY-24:00:23:10 &&& 25:02:b3:38
action:              MyIngress.set_pred_5_6_7
runtime data:        02	01	01
Entry has been added with handle 1331
RuntimeCmd: Adding entry to ternary match table MyIngress.tb_hwimo_tree_5_6_7
match key:           TERNARY-24:00:23:18 &&& 25:02:b3:38
action:              MyIngress.set_pred_5_6_7
runtime data:        02	01	02
Entry has been added with handle 1332
RuntimeCmd: Adding entry to ternary match table MyIngress.tb_hwimo_tree_5_6_7
match key:           TERNARY-24:00:22:30 &&& 25:02:b3:3a
action:              MyIngress.set_pred_5_6_7
runtime data:        02	01	02
Entry has been added with handle 1333
RuntimeCmd: Adding entry to ternary match table MyIngress.tb_hwimo_tree_5_6_7
match key:           TERNARY-24:00:22:38 &&& 25:02:b7:3a
action:              MyIngress.set_pred_5_6_7
runtime data:        02	01	02
Entry has been added with handle 1334
RuntimeCmd: Adding entry to ternary match table MyIngress.tb_hwimo_tree_5_6_7
match key:           TERNARY-24:00:26:38 &&& 25:02:b7:3a
action:              MyIngress.set_pred_5_6_7
runtime data:        02	01	02
Entry has been added with handle 1335
RuntimeCmd: Adding entry to ternary match table MyIngress.tb_hwimo_tree_5_6_7
match key:           TERNARY-24:00:23:30 &&& 25:02:b3:32
action:              MyIngress.set_pred_5_6_7
runtime data:        02	01	02
Entry has been added with handle 1336
RuntimeCmd: Adding entry to ternary match table MyIngress.tb_hwimo_tree_5_6_7
match key:           TERNARY-24:00:22:32 &&& 25:02:b2:32
action:              MyIngress.set_pred_5_6_7
runtime data:        02	01	02
Entry has been added with handle 1337
RuntimeCmd: Adding entry to ternary match table MyIngress.tb_hwimo_tree_5_6_7
match key:           TERNARY-20:02:02:00 &&& 21:02:92:00
action:              MyIngress.set_pred_5_6_7
runtime data:        01	02	01
Entry has been added with handle 1338
RuntimeCmd: Adding entry to ternary match table MyIngress.tb_hwimo_tree_5_6_7
match key:           TERNARY-21:00:02:00 &&& 25:08:92:00
action:              MyIngress.set_pred_5_6_7
runtime data:        01	00	01
Entry has been added with handle 1339
RuntimeCmd: Adding entry to ternary match table MyIngress.tb_hwimo_tree_5_6_7
match key:           TERNARY-25:00:02:00 &&& 25:08:92:00
action:              MyIngress.set_pred_5_6_7
runtime data:        01	01	01
Entry has been added with handle 1340
RuntimeCmd: Adding entry to ternary match table MyIngress.tb_hwimo_tree_5_6_7
match key:           TERNARY-21:08:02:00 &&& 29:08:92:02
action:              MyIngress.set_pred_5_6_7
runtime data:        01	02	01
Entry has been added with handle 1341
RuntimeCmd: Adding entry to ternary match table MyIngress.tb_hwimo_tree_5_6_7
match key:           TERNARY-21:08:02:02 &&& 29:08:92:02
action:              MyIngress.set_pred_5_6_7
runtime data:        02	02	01
Entry has been added with handle 1342
RuntimeCmd: Adding entry to ternary match table MyIngress.tb_hwimo_tree_5_6_7
match key:           TERNARY-29:08:02:00 &&& 29:0c:92:00
action:              MyIngress.set_pred_5_6_7
runtime data:        02	01	02
Entry has been added with handle 1343
RuntimeCmd: Adding entry to ternary match table MyIngress.tb_hwimo_tree_5_6_7
match key:           TERNARY-29:0c:02:00 &&& 29:0c:92:00
action:              MyIngress.set_pred_5_6_7
runtime data:        02	02	02
Entry has been added with handle 1344
RuntimeCmd: Adding entry to ternary match table MyIngress.tb_hwimo_tree_5_6_7
match key:           TERNARY-20:00:12:00 &&& 20:22:92:30
action:              MyIngress.set_pred_5_6_7
runtime data:        02	02	01
Entry has been added with handle 1345
RuntimeCmd: Adding entry to ternary match table MyIngress.tb_hwimo_tree_5_6_7
match key:           TERNARY-20:00:12:10 &&& 20:22:92:30
action:              MyIngress.set_pred_5_6_7
runtime data:        02	02	02
Entry has been added with handle 1346
RuntimeCmd: Adding entry to ternary match table MyIngress.tb_hwimo_tree_5_6_7
match key:           TERNARY-20:20:12:00 &&& 28:22:96:60
action:              MyIngress.set_pred_5_6_7
runtime data:        02	02	02
Entry has been added with handle 1347
RuntimeCmd: Adding entry to ternary match table MyIngress.tb_hwimo_tree_5_6_7
match key:           TERNARY-20:20:12:40 &&& 28:22:96:60
action:              MyIngress.set_pred_5_6_7
runtime data:        02	02	02
Entry has been added with handle 1348
RuntimeCmd: Adding entry to ternary match table MyIngress.tb_hwimo_tree_5_6_7
match key:           TERNARY-28:20:12:00 &&& 28:22:96:20
action:              MyIngress.set_pred_5_6_7
runtime data:        02	02	02
Entry has been added with handle 1349
RuntimeCmd: Adding entry to ternary match table MyIngress.tb_hwimo_tree_5_6_7
match key:           TERNARY-20:20:16:00 &&& 20:22:96:30
action:              MyIngress.set_pred_5_6_7
runtime data:        02	01	02
Entry has been added with handle 1350
RuntimeCmd: Adding entry to ternary match table MyIngress.tb_hwimo_tree_5_6_7
match key:           TERNARY-20:20:16:10 &&& 20:22:97:30
action:              MyIngress.set_pred_5_6_7
runtime data:        02	02	01
Entry has been added with handle 1351
RuntimeCmd: Adding entry to ternary match table MyIngress.tb_hwimo_tree_5_6_7
match key:           TERNARY-20:20:17:10 &&& 20:22:97:30
action:              MyIngress.set_pred_5_6_7
runtime data:        01	01	01
Entry has been added with handle 1352
RuntimeCmd: Adding entry to ternary match table MyIngress.tb_hwimo_tree_5_6_7
match key:           TERNARY-20:00:12:20 &&& 28:02:96:20
action:              MyIngress.set_pred_5_6_7
runtime data:        01	02	01
Entry has been added with handle 1353
RuntimeCmd: Adding entry to ternary match table MyIngress.tb_hwimo_tree_5_6_7
match key:           TERNARY-20:00:16:20 &&& 28:02:96:20
action:              MyIngress.set_pred_5_6_7
runtime data:        01	01	01
Entry has been added with handle 1354
RuntimeCmd: Adding entry to ternary match table MyIngress.tb_hwimo_tree_5_6_7
match key:           TERNARY-28:00:12:20 &&& 29:02:92:20
action:              MyIngress.set_pred_5_6_7
runtime data:        02	02	02
Entry has been added with handle 1355
RuntimeCmd: Adding entry to ternary match table MyIngress.tb_hwimo_tree_5_6_7
match key:           TERNARY-29:00:12:20 &&& 29:02:92:28
action:              MyIngress.set_pred_5_6_7
runtime data:        01	02	01
Entry has been added with handle 1356
RuntimeCmd: Adding entry to ternary match table MyIngress.tb_hwimo_tree_5_6_7
match key:           TERNARY-29:00:12:28 &&& 29:02:92:28
action:              MyIngress.set_pred_5_6_7
runtime data:        02	02	02
Entry has been added with handle 1357
RuntimeCmd: Adding entry to ternary match table MyIngress.tb_hwimo_tree_5_6_7
match key:           TERNARY-20:02:12:00 &&& 22:1e:9f:42
action:              MyIngress.set_pred_5_6_7
runtime data:        01	02	01
Entry has been added with handle 1358
RuntimeCmd: Adding entry to ternary match table MyIngress.tb_hwimo_tree_5_6_7
match key:           TERNARY-20:0a:12:00 &&& 22:1e:9f:52
action:              MyIngress.set_pred_5_6_7
runtime data:        01	01	01
Entry has been added with handle 1359
RuntimeCmd: Adding entry to ternary match table MyIngress.tb_hwimo_tree_5_6_7
match key:           TERNARY-20:0a:12:10 &&& 22:1e:9f:52
action:              MyIngress.set_pred_5_6_7
runtime data:        01	02	01
Entry has been added with handle 1360
RuntimeCmd: Adding entry to ternary match table MyIngress.tb_hwimo_tree_5_6_7
match key:           TERNARY-20:02:12:40 &&& 22:16:9f:42
action:              MyIngress.set_pred_5_6_7
runtime data:        01	02	01
Entry has been added with handle 1361
RuntimeCmd: Adding entry to ternary match table MyIngress.tb_hwimo_tree_5_6_7
match key:           TERNARY-20:02:16:00 &&& 22:16:9f:0a
action:              MyIngress.set_pred_5_6_7
runtime data:        01	01	01
Entry has been added with handle 1362
RuntimeCmd: Adding entry to ternary match table MyIngress.tb_hwimo_tree_5_6_7
match key:           TERNARY-20:02:16:08 &&& 22:16:9f:0a
action:              MyIngress.set_pred_5_6_7
runtime data:        02	02	02
Entry has been added with handle 1363
RuntimeCmd: Adding entry to ternary match table MyIngress.tb_hwimo_tree_5_6_7
match key:           TERNARY-22:02:12:00 &&& 2a:16:9b:02
action:              MyIngress.set_pred_5_6_7
runtime data:        01	01	01
Entry has been added with handle 1364
RuntimeCmd: Adding entry to ternary match table MyIngress.tb_hwimo_tree_5_6_7
match key:           TERNARY-2a:02:12:00 &&& 2a:1e:9b:02
action:              MyIngress.set_pred_5_6_7
runtime data:        01	02	01
Entry has been added with handle 1365
RuntimeCmd: Adding entry to ternary match table MyIngress.tb_hwimo_tree_5_6_7
match key:           TERNARY-2a:0a:12:00 &&& 2a:1e:9b:82
action:              MyIngress.set_pred_5_6_7
runtime data:        01	01	01
Entry has been added with handle 1366
RuntimeCmd: Adding entry to ternary match table MyIngress.tb_hwimo_tree_5_6_7
match key:           TERNARY-2a:0a:12:80 &&& 2a:1e:9b:8a
action:              MyIngress.set_pred_5_6_7
runtime data:        01	01	01
Entry has been added with handle 1367
RuntimeCmd: Adding entry to ternary match table MyIngress.tb_hwimo_tree_5_6_7
match key:           TERNARY-2a:0a:12:88 &&& 2a:1e:9b:8a
action:              MyIngress.set_pred_5_6_7
runtime data:        01	02	01
Entry has been added with handle 1368
RuntimeCmd: Adding entry to ternary match table MyIngress.tb_hwimo_tree_5_6_7
match key:           TERNARY-20:06:12:00 &&& 20:16:9b:02
action:              MyIngress.set_pred_5_6_7
runtime data:        01	02	01
Entry has been added with handle 1369
RuntimeCmd: Adding entry to ternary match table MyIngress.tb_hwimo_tree_5_6_7
match key:           TERNARY-20:02:13:00 &&& 2a:12:9b:5a
action:              MyIngress.set_pred_5_6_7
runtime data:        01	01	01
Entry has been added with handle 1370
RuntimeCmd: Adding entry to ternary match table MyIngress.tb_hwimo_tree_5_6_7
match key:           TERNARY-20:02:13:08 &&& 2a:12:9b:5a
action:              MyIngress.set_pred_5_6_7
runtime data:        01	02	01
Entry has been added with handle 1371
RuntimeCmd: Adding entry to ternary match table MyIngress.tb_hwimo_tree_5_6_7
match key:           TERNARY-20:02:13:10 &&& 2a:12:9b:52
action:              MyIngress.set_pred_5_6_7
runtime data:        01	01	01
Entry has been added with handle 1372
RuntimeCmd: Adding entry to ternary match table MyIngress.tb_hwimo_tree_5_6_7
match key:           TERNARY-28:02:13:00 &&& 2a:32:9b:42
action:              MyIngress.set_pred_5_6_7
runtime data:        02	02	02
Entry has been added with handle 1373
RuntimeCmd: Adding entry to ternary match table MyIngress.tb_hwimo_tree_5_6_7
match key:           TERNARY-28:22:13:00 &&& 2a:36:9b:42
action:              MyIngress.set_pred_5_6_7
runtime data:        01	02	01
Entry has been added with handle 1374
RuntimeCmd: Adding entry to ternary match table MyIngress.tb_hwimo_tree_5_6_7
match key:           TERNARY-28:26:13:00 &&& 2a:36:9b:42
action:              MyIngress.set_pred_5_6_7
runtime data:        01	01	01
Entry has been added with handle 1375
RuntimeCmd: Adding entry to ternary match table MyIngress.tb_hwimo_tree_5_6_7
match key:           TERNARY-20:02:13:40 &&& 22:12:9b:6a
action:              MyIngress.set_pred_5_6_7
runtime data:        02	02	02
Entry has been added with handle 1376
RuntimeCmd: Adding entry to ternary match table MyIngress.tb_hwimo_tree_5_6_7
match key:           TERNARY-20:02:13:48 &&& 22:52:9b:6e
action:              MyIngress.set_pred_5_6_7
runtime data:        01	02	01
Entry has been added with handle 1377
RuntimeCmd: Adding entry to ternary match table MyIngress.tb_hwimo_tree_5_6_7
match key:           TERNARY-20:02:13:4c &&& 22:52:9b:6e
action:              MyIngress.set_pred_5_6_7
runtime data:        01	02	01
Entry has been added with handle 1378
RuntimeCmd: Adding entry to ternary match table MyIngress.tb_hwimo_tree_5_6_7
match key:           TERNARY-20:42:13:48 &&& 22:52:9b:6a
action:              MyIngress.set_pred_5_6_7
runtime data:        02	02	01
Entry has been added with handle 1379
RuntimeCmd: Adding entry to ternary match table MyIngress.tb_hwimo_tree_5_6_7
match key:           TERNARY-20:02:13:60 &&& 22:16:9b:ea
action:              MyIngress.set_pred_5_6_7
runtime data:        01	01	01
Entry has been added with handle 1380
RuntimeCmd: Adding entry to ternary match table MyIngress.tb_hwimo_tree_5_6_7
match key:           TERNARY-20:06:13:60 &&& 22:16:9b:ea
action:              MyIngress.set_pred_5_6_7
runtime data:        01	02	01
Entry has been added with handle 1381
RuntimeCmd: Adding entry to ternary match table MyIngress.tb_hwimo_tree_5_6_7
match key:           TERNARY-20:02:13:68 &&& 22:12:9b:ea
action:              MyIngress.set_pred_5_6_7
runtime data:        01	01	01
Entry has been added with handle 1382
RuntimeCmd: Adding entry to ternary match table MyIngress.tb_hwimo_tree_5_6_7
match key:           TERNARY-20:02:13:e0 &&& 22:12:9b:e6
action:              MyIngress.set_pred_5_6_7
runtime data:        02	02	01
Entry has been added with handle 1383
RuntimeCmd: Adding entry to ternary match table MyIngress.tb_hwimo_tree_5_6_7
match key:           TERNARY-20:02:13:e4 &&& 22:12:9b:e6
action:              MyIngress.set_pred_5_6_7
runtime data:        01	02	01
Entry has been added with handle 1384
RuntimeCmd: Adding entry to ternary match table MyIngress.tb_hwimo_tree_5_6_7
match key:           TERNARY-22:02:13:00 &&& 22:12:bb:02
action:              MyIngress.set_pred_5_6_7
runtime data:        02	02	01
Entry has been added with handle 1385
RuntimeCmd: Adding entry to ternary match table MyIngress.tb_hwimo_tree_5_6_7
match key:           TERNARY-22:02:33:00 &&& 22:12:bb:02
action:              MyIngress.set_pred_5_6_7
runtime data:        02	02	02
Entry has been added with handle 1386
RuntimeCmd: Adding entry to ternary match table MyIngress.tb_hwimo_tree_5_6_7
match key:           TERNARY-20:02:1a:00 &&& 20:12:9e:5a
action:              MyIngress.set_pred_5_6_7
runtime data:        01	01	01
Entry has been added with handle 1387
RuntimeCmd: Adding entry to ternary match table MyIngress.tb_hwimo_tree_5_6_7
match key:           TERNARY-20:02:1e:00 &&& 20:12:9e:da
action:              MyIngress.set_pred_5_6_7
runtime data:        01	00	01
Entry has been added with handle 1388
RuntimeCmd: Adding entry to ternary match table MyIngress.tb_hwimo_tree_5_6_7
match key:           TERNARY-20:02:1e:80 &&& 20:12:9e:da
action:              MyIngress.set_pred_5_6_7
runtime data:        01	00	01
Entry has been added with handle 1389
RuntimeCmd: Adding entry to ternary match table MyIngress.tb_hwimo_tree_5_6_7
match key:           TERNARY-20:02:1a:08 &&& 20:12:9a:5a
action:              MyIngress.set_pred_5_6_7
runtime data:        01	01	01
Entry has been added with handle 1390
RuntimeCmd: Adding entry to ternary match table MyIngress.tb_hwimo_tree_5_6_7
match key:           TERNARY-20:02:1a:10 &&& 20:12:9a:da
action:              MyIngress.set_pred_5_6_7
runtime data:        01	00	01
Entry has been added with handle 1391
RuntimeCmd: Adding entry to ternary match table MyIngress.tb_hwimo_tree_5_6_7
match key:           TERNARY-20:02:1a:18 &&& 20:12:9a:da
action:              MyIngress.set_pred_5_6_7
runtime data:        01	01	01
Entry has been added with handle 1392
RuntimeCmd: Adding entry to ternary match table MyIngress.tb_hwimo_tree_5_6_7
match key:           TERNARY-20:02:1a:90 &&& 20:12:9a:d2
action:              MyIngress.set_pred_5_6_7
runtime data:        01	00	01
Entry has been added with handle 1393
RuntimeCmd: Adding entry to ternary match table MyIngress.tb_hwimo_tree_5_6_7
match key:           TERNARY-20:02:1a:40 &&& 20:12:9b:62
action:              MyIngress.set_pred_5_6_7
runtime data:        01	01	01
Entry has been added with handle 1394
RuntimeCmd: Adding entry to ternary match table MyIngress.tb_hwimo_tree_5_6_7
match key:           TERNARY-20:02:1b:40 &&& 20:12:9b:62
action:              MyIngress.set_pred_5_6_7
runtime data:        01	00	01
Entry has been added with handle 1395
RuntimeCmd: Adding entry to ternary match table MyIngress.tb_hwimo_tree_5_6_7
match key:           TERNARY-20:02:1a:60 &&& 20:12:9a:62
action:              MyIngress.set_pred_5_6_7
runtime data:        01	00	01
Entry has been added with handle 1396
RuntimeCmd: Adding entry to ternary match table MyIngress.tb_hwimo_tree_5_6_7
match key:           TERNARY-20:12:12:00 &&& 20:12:93:0a
action:              MyIngress.set_pred_5_6_7
runtime data:        02	02	01
Entry has been added with handle 1397
RuntimeCmd: Adding entry to ternary match table MyIngress.tb_hwimo_tree_5_6_7
match key:           TERNARY-20:12:12:08 &&& 20:12:93:aa
action:              MyIngress.set_pred_5_6_7
runtime data:        01	02	01
Entry has been added with handle 1398
RuntimeCmd: Adding entry to ternary match table MyIngress.tb_hwimo_tree_5_6_7
match key:           TERNARY-20:12:12:88 &&& 21:12:93:aa
action:              MyIngress.set_pred_5_6_7
runtime data:        01	01	01
Entry has been added with handle 1399
RuntimeCmd: Adding entry to ternary match table MyIngress.tb_hwimo_tree_5_6_7
match key:           TERNARY-21:12:12:88 &&& 21:12:93:aa
action:              MyIngress.set_pred_5_6_7
runtime data:        01	02	01
Entry has been added with handle 1400
RuntimeCmd: Adding entry to ternary match table MyIngress.tb_hwimo_tree_5_6_7
match key:           TERNARY-20:12:12:28 &&& 20:12:93:aa
action:              MyIngress.set_pred_5_6_7
runtime data:        02	02	01
Entry has been added with handle 1401
RuntimeCmd: Adding entry to ternary match table MyIngress.tb_hwimo_tree_5_6_7
match key:           TERNARY-20:12:12:a8 &&& 20:12:93:aa
action:              MyIngress.set_pred_5_6_7
runtime data:        01	02	01
Entry has been added with handle 1402
RuntimeCmd: Adding entry to ternary match table MyIngress.tb_hwimo_tree_5_6_7
match key:           TERNARY-20:12:13:00 &&& 20:12:93:82
action:              MyIngress.set_pred_5_6_7
runtime data:        01	02	01
Entry has been added with handle 1403
RuntimeCmd: Adding entry to ternary match table MyIngress.tb_hwimo_tree_5_6_7
match key:           TERNARY-20:12:13:80 &&& 20:12:93:82
action:              MyIngress.set_pred_5_6_7
runtime data:        02	01	02
Entry has been added with handle 1404
RuntimeCmd: Adding entry to ternary match table MyIngress.tb_hwimo_tree_5_6_7
match key:           TERNARY-20:02:12:02 &&& 28:06:92:0f
action:              MyIngress.set_pred_5_6_7
runtime data:        01	02	01
Entry has been added with handle 1405
RuntimeCmd: Adding entry to ternary match table MyIngress.tb_hwimo_tree_5_6_7
match key:           TERNARY-20:02:12:06 &&& 28:06:92:0f
action:              MyIngress.set_pred_5_6_7
runtime data:        01	01	01
Entry has been added with handle 1406
RuntimeCmd: Adding entry to ternary match table MyIngress.tb_hwimo_tree_5_6_7
match key:           TERNARY-20:06:12:02 &&& 28:06:92:0b
action:              MyIngress.set_pred_5_6_7
runtime data:        01	02	01
Entry has been added with handle 1407
RuntimeCmd: Adding entry to ternary match table MyIngress.tb_hwimo_tree_5_6_7
match key:           TERNARY-20:02:12:0a &&& 28:02:92:0f
action:              MyIngress.set_pred_5_6_7
runtime data:        02	02	01
Entry has been added with handle 1408
RuntimeCmd: Adding entry to ternary match table MyIngress.tb_hwimo_tree_5_6_7
match key:           TERNARY-20:02:12:0e &&& 28:02:92:0f
action:              MyIngress.set_pred_5_6_7
runtime data:        01	02	01
Entry has been added with handle 1409
RuntimeCmd: Adding entry to ternary match table MyIngress.tb_hwimo_tree_5_6_7
match key:           TERNARY-28:02:12:02 &&& 28:8a:92:03
action:              MyIngress.set_pred_5_6_7
runtime data:        02	02	01
Entry has been added with handle 1410
RuntimeCmd: Adding entry to ternary match table MyIngress.tb_hwimo_tree_5_6_7
match key:           TERNARY-28:0a:12:02 &&& 28:8a:92:47
action:              MyIngress.set_pred_5_6_7
runtime data:        02	02	01
Entry has been added with handle 1411
RuntimeCmd: Adding entry to ternary match table MyIngress.tb_hwimo_tree_5_6_7
match key:           TERNARY-28:0a:12:42 &&& 28:8a:92:47
action:              MyIngress.set_pred_5_6_7
runtime data:        01	02	01
Entry has been added with handle 1412
RuntimeCmd: Adding entry to ternary match table MyIngress.tb_hwimo_tree_5_6_7
match key:           TERNARY-28:0a:12:06 &&& 28:8a:92:07
action:              MyIngress.set_pred_5_6_7
runtime data:        02	02	01
Entry has been added with handle 1413
RuntimeCmd: Adding entry to ternary match table MyIngress.tb_hwimo_tree_5_6_7
match key:           TERNARY-28:82:12:02 &&& 28:82:92:07
action:              MyIngress.set_pred_5_6_7
runtime data:        02	02	02
Entry has been added with handle 1414
RuntimeCmd: Adding entry to ternary match table MyIngress.tb_hwimo_tree_5_6_7
match key:           TERNARY-28:82:12:06 &&& 28:82:92:07
action:              MyIngress.set_pred_5_6_7
runtime data:        01	02	01
Entry has been added with handle 1415
RuntimeCmd: Adding entry to ternary match table MyIngress.tb_hwimo_tree_5_6_7
match key:           TERNARY-20:02:12:03 &&& 28:0e:92:03
action:              MyIngress.set_pred_5_6_7
runtime data:        02	02	01
Entry has been added with handle 1416
RuntimeCmd: Adding entry to ternary match table MyIngress.tb_hwimo_tree_5_6_7
match key:           TERNARY-28:02:12:03 &&& 28:0e:92:03
action:              MyIngress.set_pred_5_6_7
runtime data:        02	02	02
Entry has been added with handle 1417
RuntimeCmd: Adding entry to ternary match table MyIngress.tb_hwimo_tree_5_6_7
match key:           TERNARY-20:0a:12:03 &&& 22:0e:93:03
action:              MyIngress.set_pred_5_6_7
runtime data:        01	02	01
Entry has been added with handle 1418
RuntimeCmd: Adding entry to ternary match table MyIngress.tb_hwimo_tree_5_6_7
match key:           TERNARY-22:0a:12:03 &&& 22:0e:93:03
action:              MyIngress.set_pred_5_6_7
runtime data:        02	02	01
Entry has been added with handle 1419
RuntimeCmd: Adding entry to ternary match table MyIngress.tb_hwimo_tree_5_6_7
match key:           TERNARY-20:0a:13:03 &&& 20:0e:93:03
action:              MyIngress.set_pred_5_6_7
runtime data:        02	02	01
Entry has been added with handle 1420
RuntimeCmd: Adding entry to ternary match table MyIngress.tb_hwimo_tree_5_6_7
match key:           TERNARY-20:06:12:03 &&& 20:26:92:03
action:              MyIngress.set_pred_5_6_7
runtime data:        02	02	02
Entry has been added with handle 1421
RuntimeCmd: Adding entry to ternary match table MyIngress.tb_hwimo_tree_5_6_7
match key:           TERNARY-20:26:12:03 &&& 20:26:92:03
action:              MyIngress.set_pred_5_6_7
runtime data:        01	02	01
Entry has been added with handle 1422
RuntimeCmd: Adding entry to ternary match table MyIngress.tb_hwimo_tree_5_6_7
match key:           TERNARY-20:00:80:00 &&& 20:00:a0:19
action:              MyIngress.set_pred_5_6_7
runtime data:        02	02	01
Entry has been added with handle 1423
RuntimeCmd: Adding entry to ternary match table MyIngress.tb_hwimo_tree_5_6_7
match key:           TERNARY-20:00:80:08 &&& 20:00:a0:19
action:              MyIngress.set_pred_5_6_7
runtime data:        01	01	01
Entry has been added with handle 1424
RuntimeCmd: Adding entry to ternary match table MyIngress.tb_hwimo_tree_5_6_7
match key:           TERNARY-20:00:80:01 &&& 20:00:a4:11
action:              MyIngress.set_pred_5_6_7
runtime data:        02	01	02
Entry has been added with handle 1425
RuntimeCmd: Adding entry to ternary match table MyIngress.tb_hwimo_tree_5_6_7
match key:           TERNARY-20:00:84:01 &&& 20:00:a4:11
action:              MyIngress.set_pred_5_6_7
runtime data:        02	01	02
Entry has been added with handle 1426
RuntimeCmd: Adding entry to ternary match table MyIngress.tb_hwimo_tree_5_6_7
match key:           TERNARY-20:00:80:10 &&& 20:00:a0:58
action:              MyIngress.set_pred_5_6_7
runtime data:        02	02	01
Entry has been added with handle 1427
RuntimeCmd: Adding entry to ternary match table MyIngress.tb_hwimo_tree_5_6_7
match key:           TERNARY-20:00:80:50 &&& 20:00:a0:58
action:              MyIngress.set_pred_5_6_7
runtime data:        01	02	01
Entry has been added with handle 1428
RuntimeCmd: Adding entry to ternary match table MyIngress.tb_hwimo_tree_5_6_7
match key:           TERNARY-20:00:80:18 &&& 20:10:a4:1b
action:              MyIngress.set_pred_5_6_7
runtime data:        02	02	02
Entry has been added with handle 1429
RuntimeCmd: Adding entry to ternary match table MyIngress.tb_hwimo_tree_5_6_7
match key:           TERNARY-20:00:84:18 &&& 20:10:a4:1b
action:              MyIngress.set_pred_5_6_7
runtime data:        01	02	01
Entry has been added with handle 1430
RuntimeCmd: Adding entry to ternary match table MyIngress.tb_hwimo_tree_5_6_7
match key:           TERNARY-20:00:80:1a &&& 20:10:a0:1b
action:              MyIngress.set_pred_5_6_7
runtime data:        01	02	01
Entry has been added with handle 1431
RuntimeCmd: Adding entry to ternary match table MyIngress.tb_hwimo_tree_5_6_7
match key:           TERNARY-20:10:80:18 &&& 20:10:a2:19
action:              MyIngress.set_pred_5_6_7
runtime data:        01	00	01
Entry has been added with handle 1432
RuntimeCmd: Adding entry to ternary match table MyIngress.tb_hwimo_tree_5_6_7
match key:           TERNARY-20:10:82:18 &&& 20:10:a2:19
action:              MyIngress.set_pred_5_6_7
runtime data:        01	00	02
Entry has been added with handle 1433
RuntimeCmd: Adding entry to ternary match table MyIngress.tb_hwimo_tree_5_6_7
match key:           TERNARY-20:00:80:19 &&& 20:00:b0:3f
action:              MyIngress.set_pred_5_6_7
runtime data:        02	02	02
Entry has been added with handle 1434
RuntimeCmd: Adding entry to ternary match table MyIngress.tb_hwimo_tree_5_6_7
match key:           TERNARY-20:00:90:19 &&& 20:00:b8:3f
action:              MyIngress.set_pred_5_6_7
runtime data:        02	02	02
Entry has been added with handle 1435
RuntimeCmd: Adding entry to ternary match table MyIngress.tb_hwimo_tree_5_6_7
match key:           TERNARY-20:00:98:19 &&& 20:00:b8:3f
action:              MyIngress.set_pred_5_6_7
runtime data:        01	02	01
Entry has been added with handle 1436
RuntimeCmd: Adding entry to ternary match table MyIngress.tb_hwimo_tree_5_6_7
match key:           TERNARY-20:00:80:1d &&& 20:00:a0:3f
action:              MyIngress.set_pred_5_6_7
runtime data:        02	02	02
Entry has been added with handle 1437
RuntimeCmd: Adding entry to ternary match table MyIngress.tb_hwimo_tree_5_6_7
match key:           TERNARY-20:00:80:39 &&& 20:00:a0:3b
action:              MyIngress.set_pred_5_6_7
runtime data:        02	01	02
Entry has been added with handle 1438
RuntimeCmd: Adding entry to ternary match table MyIngress.tb_hwimo_tree_5_6_7
match key:           TERNARY-20:00:80:1b &&& 20:00:b0:1b
action:              MyIngress.set_pred_5_6_7
runtime data:        02	02	02
Entry has been added with handle 1439
RuntimeCmd: Adding entry to ternary match table MyIngress.tb_hwimo_tree_5_6_7
match key:           TERNARY-20:00:90:1b &&& 20:00:b8:1b
action:              MyIngress.set_pred_5_6_7
runtime data:        02	02	02
Entry has been added with handle 1440
RuntimeCmd: Adding entry to ternary match table MyIngress.tb_hwimo_tree_5_6_7
match key:           TERNARY-20:00:98:1b &&& 20:00:b8:1b
action:              MyIngress.set_pred_5_6_7
runtime data:        01	02	01
Entry has been added with handle 1441
RuntimeCmd: Adding entry to ternary match table MyIngress.tb_hwimo_tree_5_6_7
match key:           TERNARY-20:00:a0:00 &&& 20:00:e6:00
action:              MyIngress.set_pred_5_6_7
runtime data:        02	00	02
Entry has been added with handle 1442
RuntimeCmd: Adding entry to ternary match table MyIngress.tb_hwimo_tree_5_6_7
match key:           TERNARY-20:00:e0:00 &&& 20:00:e6:00
action:              MyIngress.set_pred_5_6_7
runtime data:        02	02	02
Entry has been added with handle 1443
RuntimeCmd: Adding entry to ternary match table MyIngress.tb_hwimo_tree_5_6_7
match key:           TERNARY-20:00:a2:00 &&& 20:00:a6:58
action:              MyIngress.set_pred_5_6_7
runtime data:        02	01	02
Entry has been added with handle 1444
RuntimeCmd: Adding entry to ternary match table MyIngress.tb_hwimo_tree_5_6_7
match key:           TERNARY-20:00:a2:40 &&& 20:00:a6:58
action:              MyIngress.set_pred_5_6_7
runtime data:        02	00	02
Entry has been added with handle 1445
RuntimeCmd: Adding entry to ternary match table MyIngress.tb_hwimo_tree_5_6_7
match key:           TERNARY-20:00:a2:08 &&& 20:00:a6:18
action:              MyIngress.set_pred_5_6_7
runtime data:        02	00	02
Entry has been added with handle 1446
RuntimeCmd: Adding entry to ternary match table MyIngress.tb_hwimo_tree_5_6_7
match key:           TERNARY-20:00:a2:10 &&& 20:00:a6:10
action:              MyIngress.set_pred_5_6_7
runtime data:        02	00	02
Entry has been added with handle 1447
RuntimeCmd: Adding entry to ternary match table MyIngress.tb_hwimo_tree_5_6_7
match key:           TERNARY-20:00:a4:00 &&& 20:10:ae:70
action:              MyIngress.set_pred_5_6_7
runtime data:        02	00	02
Entry has been added with handle 1448
RuntimeCmd: Adding entry to ternary match table MyIngress.tb_hwimo_tree_5_6_7
match key:           TERNARY-20:00:ac:00 &&& 20:10:ae:70
action:              MyIngress.set_pred_5_6_7
runtime data:        02	01	02
Entry has been added with handle 1449
RuntimeCmd: Adding entry to ternary match table MyIngress.tb_hwimo_tree_5_6_7
match key:           TERNARY-20:00:a6:00 &&& 20:10:a6:70
action:              MyIngress.set_pred_5_6_7
runtime data:        02	00	02
Entry has been added with handle 1450
RuntimeCmd: Adding entry to ternary match table MyIngress.tb_hwimo_tree_5_6_7
match key:           TERNARY-20:00:a4:20 &&& 20:10:a4:70
action:              MyIngress.set_pred_5_6_7
runtime data:        02	00	02
Entry has been added with handle 1451
RuntimeCmd: Adding entry to ternary match table MyIngress.tb_hwimo_tree_5_6_7
match key:           TERNARY-20:10:a4:00 &&& 20:10:a4:50
action:              MyIngress.set_pred_5_6_7
runtime data:        02	01	02
Entry has been added with handle 1452
RuntimeCmd: Adding entry to ternary match table MyIngress.tb_hwimo_tree_5_6_7
match key:           TERNARY-20:00:a4:10 &&& 20:00:a4:70
action:              MyIngress.set_pred_5_6_7
runtime data:        02	01	02
Entry has been added with handle 1453
RuntimeCmd: Adding entry to ternary match table MyIngress.tb_hwimo_tree_5_6_7
match key:           TERNARY-20:00:a4:30 &&& 20:00:a6:70
action:              MyIngress.set_pred_5_6_7
runtime data:        02	00	02
Entry has been added with handle 1454
RuntimeCmd: Adding entry to ternary match table MyIngress.tb_hwimo_tree_5_6_7
match key:           TERNARY-20:00:a6:30 &&& 20:00:a6:78
action:              MyIngress.set_pred_5_6_7
runtime data:        02	01	02
Entry has been added with handle 1455
RuntimeCmd: Adding entry to ternary match table MyIngress.tb_hwimo_tree_5_6_7
match key:           TERNARY-20:00:a6:38 &&& 20:00:a6:78
action:              MyIngress.set_pred_5_6_7
runtime data:        02	00	02
Entry has been added with handle 1456
RuntimeCmd: Adding entry to ternary match table MyIngress.tb_hwimo_tree_5_6_7
match key:           TERNARY-20:00:a4:40 &&& 20:40:a4:c4
action:              MyIngress.set_pred_5_6_7
runtime data:        01	02	01
Entry has been added with handle 1457
RuntimeCmd: Adding entry to ternary match table MyIngress.tb_hwimo_tree_5_6_7
match key:           TERNARY-20:00:a4:44 &&& 20:40:a4:c4
action:              MyIngress.set_pred_5_6_7
runtime data:        02	02	02
Entry has been added with handle 1458
RuntimeCmd: Adding entry to ternary match table MyIngress.tb_hwimo_tree_5_6_7
match key:           TERNARY-20:00:a4:c0 &&& 20:40:a4:c0
action:              MyIngress.set_pred_5_6_7
runtime data:        02	01	02
Entry has been added with handle 1459
RuntimeCmd: Adding entry to ternary match table MyIngress.tb_hwimo_tree_5_6_7
match key:           TERNARY-20:40:a4:40 &&& 20:40:a6:40
action:              MyIngress.set_pred_5_6_7
runtime data:        02	00	02
Entry has been added with handle 1460
RuntimeCmd: Adding entry to ternary match table MyIngress.tb_hwimo_tree_5_6_7
match key:           TERNARY-20:40:a6:40 &&& 20:40:ae:40
action:              MyIngress.set_pred_5_6_7
runtime data:        02	00	02
Entry has been added with handle 1461
RuntimeCmd: Adding entry to ternary match table MyIngress.tb_hwimo_tree_5_6_7
match key:           TERNARY-20:40:ae:40 &&& 20:40:ae:70
action:              MyIngress.set_pred_5_6_7
runtime data:        02	01	02
Entry has been added with handle 1462
RuntimeCmd: Adding entry to ternary match table MyIngress.tb_hwimo_tree_5_6_7
match key:           TERNARY-20:40:ae:60 &&& 20:40:ae:70
action:              MyIngress.set_pred_5_6_7
runtime data:        02	00	02
Entry has been added with handle 1463
RuntimeCmd: Adding entry to ternary match table MyIngress.tb_hwimo_tree_5_6_7
match key:           TERNARY-20:40:ae:50 &&& 20:40:ae:f0
action:              MyIngress.set_pred_5_6_7
runtime data:        01	02	01
Entry has been added with handle 1464
RuntimeCmd: Adding entry to ternary match table MyIngress.tb_hwimo_tree_5_6_7
match key:           TERNARY-20:40:ae:d0 &&& 20:40:ae:f0
action:              MyIngress.set_pred_5_6_7
runtime data:        02	00	02
Entry has been added with handle 1465
RuntimeCmd: Adding entry to ternary match table MyIngress.tb_hwimo_tree_5_6_7
match key:           TERNARY-20:40:ae:70 &&& 20:40:ae:78
action:              MyIngress.set_pred_5_6_7
runtime data:        02	00	02
Entry has been added with handle 1466
RuntimeCmd: Adding entry to ternary match table MyIngress.tb_hwimo_tree_5_6_7
match key:           TERNARY-20:40:ae:78 &&& 20:40:ae:78
action:              MyIngress.set_pred_5_6_7
runtime data:        02	01	02
Entry has been added with handle 1467
RuntimeCmd: 
