sample_id,pred_task1,pred_task2,pred_task3,pred_task4,pred_task5,pred_task6,pred_task7
0,1,0,2,3,2,1,2
1,1,0,3,1,2,1,2
2,1,0,3,1,2,1,2
3,1,0,2,3,2,1,2
4,1,0,2,3,2,1,2
5,1,0,3,1,2,1,2
6,1,0,3,1,2,1,2
7,1,0,3,1,2,1,2
8,1,0,0,0,1,2,0
9,1,0,2,3,2,1,2
10,1,0,2,3,2,1,2
11,1,0,2,3,2,1,2
12,1,0,2,3,2,1,2
13,1,0,3,1,2,1,2
14,1,0,0,0,2,2,1
15,1,0,2,3,2,1,2
16,1,0,2,3,2,1,2
17,1,0,2,3,2,1,2
18,1,0,1,2,1,1,1
19,1,0,2,3,2,1,2
20,1,0,2,3,2,1,2
21,1,0,3,1,2,1,2
22,0,0,1,2,2,2,1
23,1,0,2,3,2,1,2
24,1,0,2,3,2,1,2
25,1,0,2,3,2,1,2
26,1,0,2,3,2,1,2
27,1,0,2,3,2,1,2
28,1,0,2,3,2,2,1
29,1,0,1,2,1,1,1
30,0,0,4,5,2,2,1
31,1,0,3,1,2,1,2
32,1,0,2,3,2,1,2
33,1,0,2,3,2,1,2
34,1,0,2,3,2,1,2
35,1,0,2,3,2,1,2
36,1,0,1,2,1,1,1
37,1,0,3,1,2,1,2
38,1,0,1,2,1,1,1
39,1,0,3,1,2,1,2
40,1,0,3,1,2,1,2
41,1,0,1,2,1,1,1
42,0,0,1,2,1,1,1
43,1,0,2,3,2,1,2
44,1,0,1,2,0,0,0
45,1,0,3,1,2,1,2
46,1,0,2,3,2,1,2
47,1,0,2,3,2,1,2
48,1,0,2,3,2,1,2
49,0,0,1,2,2,2,1
50,1,0,2,3,2,1,2
51,1,0,3,1,2,1,2
52,1,0,1,2,0,0,1
53,1,0,3,1,2,1,2
54,1,0,3,1,2,1,2
55,1,0,2,3,2,1,2
56,1,0,1,2,1,1,1
57,1,0,3,1,2,1,2
58,1,0,1,2,0,0,1
59,1,0,3,1,2,1,2
60,1,0,3,1,2,1,2
61,1,0,3,1,2,1,2
62,1,0,2,3,2,1,2
63,1,0,1,2,1,2,1
64,1,0,2,3,2,1,2
65,1,0,3,1,2,1,2
66,1,0,2,3,2,1,2
67,1,0,2,3,2,1,2
68,1,0,4,5,2,2,2
69,1,0,2,3,2,1,2
70,1,0,1,2,1,2,1
71,1,0,1,2,1,1,1
72,1,0,3,1,2,1,1
73,1,0,3,1,2,1,2
74,1,0,1,2,1,1,1
75,1,0,2,3,2,1,1
76,1,0,3,1,2,1,2
77,0,0,4,5,2,2,1
78,1,0,1,2,1,1,1
79,0,0,1,2,1,1,1
80,1,0,2,3,2,1,2
81,0,0,4,6,1,2,1
82,1,0,2,3,1,2,1
83,1,0,2,3,2,1,1
84,1,0,2,3,2,1,2
85,1,0,1,2,1,1,1
86,1,0,3,1,2,1,2
87,1,0,3,1,2,1,2
88,1,0,3,1,2,1,2
89,1,0,2,3,2,1,2
90,1,0,3,1,2,1,2
91,1,0,3,1,2,1,2
92,1,0,2,3,2,1,2
93,1,0,1,2,1,1,1
94,1,0,1,2,1,1,1
95,1,0,1,2,1,1,1
96,1,0,3,1,2,1,2
97,1,0,2,3,2,1,2
98,1,0,2,3,2,1,2
99,1,0,3,1,2,1,2
100,1,0,1,2,1,1,1
101,1,0,2,3,2,1,2
102,1,0,0,0,2,2,1
103,0,0,4,3,2,1,1
104,1,0,2,3,2,1,2
105,1,0,2,3,2,1,2
106,1,0,1,2,1,1,1
107,1,0,3,1,2,1,2
108,1,0,3,1,2,1,2
109,1,0,1,2,1,2,1
110,0,0,4,3,2,1,1
111,1,0,1,2,1,1,1
112,1,0,3,1,2,1,2
113,0,0,4,6,1,2,1
114,1,0,2,3,2,1,2
115,1,0,2,3,2,1,2
116,1,0,1,2,0,0,1
117,1,0,2,3,2,1,2
118,1,0,3,1,1,1,1
119,1,0,2,3,2,1,2
120,1,0,2,3,2,1,2
121,1,0,2,3,2,1,2
122,1,0,1,2,1,2,1
123,1,0,1,2,1,1,1
124,1,0,2,3,1,2,1
125,0,0,4,3,2,1,1
126,1,0,1,2,1,1,1
127,1,0,2,3,2,1,2
128,1,0,0,0,2,2,1
129,1,0,3,1,2,1,2
130,1,0,2,3,2,1,2
131,1,0,3,1,2,1,2
132,0,0,4,6,1,2,1
133,1,0,3,1,2,1,2
134,1,0,3,1,2,1,2
135,1,0,3,1,2,1,2
136,1,0,1,2,1,1,1
137,1,0,2,3,2,1,2
138,1,0,2,3,2,1,2
139,1,0,1,2,0,0,1
140,1,0,3,1,2,1,2
141,1,0,1,2,1,1,1
142,0,0,1,2,1,1,1
143,1,0,2,3,2,1,2
144,1,0,2,3,2,1,2
145,1,0,3,1,2,1,2
146,1,0,3,1,2,1,2
147,1,0,2,3,2,1,2
148,1,0,0,0,2,2,1
149,1,0,1,2,1,1,1
150,1,0,3,1,2,1,2
151,0,0,1,2,1,2,1
152,1,0,2,3,2,1,2
153,1,0,3,1,2,1,1
154,1,0,3,1,2,1,2
155,1,0,2,3,1,2,1
156,1,0,1,2,1,1,1
157,0,0,4,5,2,2,1
158,1,0,1,2,1,2,1
159,1,0,2,3,2,1,2
160,1,0,1,2,1,2,1
161,1,0,2,3,2,1,2
162,1,0,2,3,2,1,2
163,1,0,2,3,2,1,2
164,1,0,3,1,2,1,2
165,1,0,2,3,2,1,1
166,1,0,1,2,1,2,1
167,1,0,2,3,2,1,2
168,1,0,3,1,2,1,2
169,1,0,3,1,2,1,2
170,1,0,2,3,2,1,2
171,1,0,2,3,2,1,2
172,1,0,2,3,2,1,1
173,0,0,1,2,1,1,1
174,1,0,2,3,2,1,2
175,1,0,2,3,2,1,2
176,1,0,2,3,2,1,2
177,1,0,1,2,1,1,1
178,1,0,2,3,2,1,2
179,1,0,1,2,1,1,1
180,1,0,3,1,2,1,2
181,1,0,2,3,2,1,2
182,1,0,3,1,2,1,2
183,0,0,4,5,0,0,1
184,1,0,3,1,2,1,2
185,0,0,4,6,1,2,1
186,1,0,1,2,1,1,1
187,1,0,2,3,2,1,2
188,1,0,2,3,2,1,2
189,1,0,3,1,2,1,2
190,1,0,1,2,1,1,1
191,1,0,2,3,2,1,2
192,1,0,3,1,2,1,2
193,1,0,2,3,2,1,2
194,1,0,0,0,2,2,1
195,1,0,3,1,2,1,2
196,1,0,1,2,1,2,1
197,1,0,2,3,2,1,2
198,1,0,1,2,1,1,1
199,1,0,2,3,2,1,2
200,1,0,2,3,2,1,2
201,1,0,2,3,2,1,2
202,0,0,1,2,1,1,1
203,1,0,1,2,1,1,1
204,1,0,1,2,1,1,1
205,1,0,1,2,1,1,1
206,1,0,2,3,2,1,1
207,0,0,2,3,1,2,1
208,1,0,2,3,2,1,2
209,0,0,4,6,1,2,2
210,1,0,2,3,2,1,2
211,1,0,2,3,2,1,2
212,1,0,3,1,2,1,2
213,1,0,2,3,2,1,2
214,1,0,2,3,2,1,2
215,1,0,3,1,1,1,1
216,1,0,2,3,2,1,2
217,1,0,2,3,2,1,2
218,0,0,1,2,1,1,1
219,1,0,3,1,2,1,2
220,1,0,2,3,2,1,2
221,1,0,2,3,1,2,1
222,1,0,3,1,2,1,2
223,1,0,3,1,2,1,2
224,1,0,3,1,2,1,2
225,1,0,2,3,2,1,2
226,1,0,1,2,1,2,1
227,1,0,2,3,2,1,2
228,1,0,3,1,2,1,2
229,1,0,3,1,2,1,2
230,1,0,2,3,2,1,2
231,1,0,3,1,2,1,2
232,1,0,2,3,2,1,2
233,1,0,3,1,2,1,2
234,1,0,2,3,2,1,2
235,0,0,1,2,1,1,1
236,1,0,2,3,2,1,2
237,1,0,3,1,2,1,2
238,1,0,3,1,2,1,2
239,1,0,4,5,2,2,2
240,1,0,2,3,2,1,2
241,1,0,2,3,1,0,1
242,0,0,1,2,1,1,1
243,1,0,3,1,2,1,2
244,1,0,2,3,2,1,2
245,1,0,3,1,2,1,2
246,1,0,1,2,1,2,1
247,1,0,2,3,2,1,2
248,1,0,2,3,2,1,2
249,1,0,2,3,2,1,2
250,1,0,2,3,2,1,2
251,1,0,3,1,2,1,2
252,1,0,2,3,2,1,2
253,1,0,2,3,2,1,2
254,1,0,1,2,1,1,1
255,1,0,2,3,2,1,2
256,1,0,3,1,2,1,2
257,1,0,3,1,2,1,2
258,1,0,2,3,2,1,2
259,0,0,1,2,1,1,1
260,1,0,3,1,2,1,2
261,1,0,3,1,2,1,2
262,1,0,2,3,2,1,2
263,1,0,2,3,2,1,2
264,1,0,3,1,2,1,2
265,1,0,3,1,2,1,2
266,1,0,3,1,2,1,2
267,1,0,2,3,2,1,2
268,1,0,3,1,2,1,2
269,1,0,0,0,2,2,1
270,1,0,3,1,2,1,2
271,1,0,1,2,1,0,1
272,1,0,2,3,2,1,2
273,1,0,3,1,1,1,1
274,1,0,2,3,2,1,2
275,1,0,2,3,2,1,2
276,1,0,3,1,2,1,2
277,1,0,3,1,2,1,2
278,1,0,3,1,2,1,2
279,1,0,3,1,2,1,2
280,1,0,0,0,1,0,1
281,1,0,2,3,2,1,2
282,1,0,2,3,2,1,2
283,1,0,2,3,2,1,2
284,1,0,2,3,2,1,2
285,1,0,2,3,2,1,2
286,1,0,2,3,2,1,2
287,1,0,1,2,1,1,1
288,1,0,1,2,1,1,1
289,1,0,2,3,2,1,2
290,1,0,1,2,1,1,1
291,1,0,3,1,2,1,2
292,1,0,3,1,2,1,2
293,1,0,3,1,2,1,2
294,1,0,1,2,1,1,1
295,1,0,2,3,2,1,2
296,1,0,2,3,2,1,2
297,1,0,1,2,1,1,1
298,1,0,1,2,1,1,1
299,1,0,3,1,2,1,2
300,1,0,1,2,1,1,1
301,1,0,2,3,2,1,2
302,1,0,3,1,2,1,2
303,1,0,2,3,2,1,2
304,1,0,3,1,2,1,2
305,1,0,3,1,2,1,2
306,1,0,1,2,1,1,1
307,1,0,3,1,2,1,2
308,1,0,2,3,2,1,2
309,1,0,3,1,2,1,2
310,1,0,1,2,1,1,1
311,1,0,3,1,2,1,2
312,0,1,4,6,0,0,1
313,1,0,2,3,2,1,2
314,1,0,2,3,2,2,1
315,1,0,2,3,2,1,2
316,1,0,2,3,2,1,2
317,1,0,0,0,2,2,1
318,1,0,2,3,2,1,2
319,1,0,3,1,2,1,2
320,1,0,0,0,1,2,0
321,1,0,2,3,2,1,2
322,1,0,3,1,2,1,2
323,1,0,2,3,2,1,2
324,1,0,2,3,2,1,2
325,1,0,2,3,2,1,2
326,1,0,2,3,2,1,2
327,1,0,2,3,2,1,2
328,1,0,1,2,1,1,1
329,1,0,2,3,2,1,2
330,1,0,3,1,2,1,2
331,1,0,2,3,2,1,2
332,0,0,1,2,1,1,1
333,1,0,1,2,1,2,1
334,1,0,2,3,2,1,2
335,1,0,3,1,2,1,2
336,1,0,2,3,1,2,1
337,1,0,0,0,2,2,1
338,1,0,2,3,2,1,2
339,1,0,2,3,2,1,2
340,1,0,2,3,2,1,2
341,1,0,2,3,2,1,2
342,1,0,2,3,2,1,2
343,1,0,3,1,2,1,2
344,1,0,1,2,1,1,1
345,1,0,2,3,2,1,2
346,1,0,2,3,2,1,2
347,1,0,2,3,2,1,2
348,1,0,2,3,2,1,2
349,1,0,2,3,2,1,2
350,1,0,3,1,2,1,2
351,1,0,3,1,2,1,2
352,1,0,2,3,2,1,2
353,1,0,3,1,2,1,2
354,1,0,2,3,2,1,2
355,1,0,3,1,2,1,2
356,1,0,2,3,2,1,2
357,1,0,2,3,2,1,2
358,1,0,3,1,2,1,2
359,1,0,3,1,2,1,2
360,1,0,1,2,1,2,1
361,1,0,2,3,2,1,2
362,1,0,1,2,1,2,1
363,1,0,2,3,2,1,2
364,1,0,2,3,2,1,2
365,0,0,0,4,1,2,0
366,1,0,2,3,2,1,2
367,1,0,3,1,2,1,2
368,1,0,0,0,2,2,1
369,0,0,1,2,1,1,1
370,1,0,2,3,2,1,2
371,1,0,1,2,1,1,1
372,1,0,2,3,2,1,2
373,1,0,2,3,2,2,1
374,1,0,1,2,1,1,1
375,1,0,3,1,2,1,2
376,1,0,2,3,1,2,1
377,1,0,1,2,1,1,1
378,1,0,3,1,2,1,2
379,1,0,2,3,2,1,2
380,0,0,1,2,1,1,1
381,1,0,2,3,2,1,2
382,1,0,1,2,1,1,1
383,1,0,2,3,2,1,2
384,1,0,2,3,2,1,2
385,1,0,2,3,2,1,2
386,1,0,2,3,2,1,2
387,1,0,2,3,2,1,2
388,1,0,2,3,1,2,1
389,1,0,2,3,2,1,2
390,1,0,2,3,1,2,1
391,1,0,3,1,2,1,2
392,1,0,3,1,1,1,1
393,1,0,3,1,2,1,2
394,1,0,3,1,2,1,2
395,0,0,4,6,0,0,1
396,1,0,2,3,2,1,2
397,1,0,3,1,2,1,2
398,1,0,3,1,2,1,2
399,1,0,3,1,2,1,2
400,1,0,2,3,2,1,2
401,1,0,3,1,2,1,2
402,1,0,2,3,2,1,2
403,1,0,2,3,2,1,2
404,1,0,2,3,2,1,2
405,1,0,3,1,2,1,2
406,1,0,3,1,2,1,2
407,1,0,2,3,2,1,2
408,1,0,3,1,2,1,2
409,1,0,3,1,2,1,2
410,1,0,2,3,2,1,2
411,1,0,2,3,2,1,2
412,1,0,2,3,2,1,2
413,1,0,2,3,2,1,2
414,1,0,2,3,2,1,2
415,1,0,1,2,1,1,1
416,1,0,3,1,2,1,2
417,1,0,1,2,1,2,1
418,1,0,2,3,2,1,2
419,1,0,2,3,2,1,2
420,1,0,3,1,2,1,2
421,0,0,4,5,2,2,1
422,1,0,1,2,1,1,1
423,1,0,3,1,2,1,2
424,1,0,2,3,2,1,2
425,1,0,2,3,2,1,2
426,1,0,3,1,2,1,2
427,1,0,1,2,1,1,1
428,1,0,2,3,2,1,2
429,1,0,1,2,1,1,1
430,1,0,2,3,2,1,2
431,1,0,0,0,2,2,1
432,0,0,1,2,1,1,1
433,1,0,1,2,1,1,1
434,1,0,2,3,2,1,2
435,1,0,2,3,2,1,2
436,1,0,1,2,1,1,1
437,1,0,2,3,2,1,2
438,1,0,2,3,2,1,2
439,1,0,2,3,2,1,2
440,1,0,3,1,1,1,1
441,1,0,3,1,2,1,2
442,1,0,1,2,2,2,1
443,0,0,4,2,2,2,1
444,1,0,3,1,2,1,2
445,1,0,2,3,2,1,2
446,1,0,2,3,2,1,2
447,1,0,2,3,2,1,2
448,1,0,2,3,2,1,2
449,1,0,2,3,2,1,2
450,1,0,2,3,2,1,2
451,1,0,2,3,2,1,2
452,1,0,2,3,2,1,2
453,0,0,1,2,1,1,1
454,1,0,1,2,1,1,1
455,1,0,1,2,1,1,1
456,1,0,1,2,1,2,1
457,1,0,2,3,2,1,1
458,1,0,2,3,2,1,2
459,1,0,1,2,2,2,1
460,1,0,2,3,2,1,2
461,1,0,2,3,2,1,2
462,1,0,4,5,2,2,2
463,1,0,2,3,2,1,1
464,1,0,2,3,2,1,2
465,1,0,1,2,1,1,1
466,1,0,2,3,2,1,2
467,0,0,2,3,1,2,1
468,1,0,3,1,2,1,2
469,1,0,2,3,2,1,2
470,1,0,2,3,2,1,2
471,1,0,2,3,2,1,2
472,1,0,1,2,1,2,1
473,1,0,2,3,2,1,2
474,1,0,2,3,2,1,2
475,1,0,3,1,2,1,2
476,1,0,3,1,2,1,2
477,1,0,3,1,2,1,2
478,1,0,3,1,2,1,2
479,1,0,2,3,2,1,2
480,1,0,2,3,2,1,2
481,1,0,2,3,2,1,2
482,1,0,3,1,2,1,2
483,1,0,3,1,2,1,2
484,1,0,2,3,2,1,2
485,1,0,2,3,2,1,2
486,1,0,2,3,1,2,1
487,1,0,3,1,2,1,2
488,1,0,1,2,1,1,1
489,0,0,1,2,2,1,1
490,1,0,2,3,2,1,2
491,1,0,2,3,1,2,1
492,1,0,2,3,1,2,1
493,1,0,2,3,2,1,2
494,1,0,2,3,2,1,2
495,1,0,2,3,2,1,2
496,1,0,2,3,2,1,2
497,1,0,2,3,2,1,2
498,1,0,1,2,1,1,1
499,0,0,1,2,1,2,1
500,1,0,3,1,2,1,2
501,1,0,1,2,1,1,1
502,0,0,4,5,2,2,1
503,1,0,3,1,2,1,2
504,1,0,2,3,1,2,1
505,1,0,2,3,2,1,2
506,1,0,3,1,2,1,2
507,1,0,2,3,2,1,2
508,1,0,3,1,2,1,2
509,1,0,2,3,2,1,2
510,1,0,1,2,1,1,1
511,1,0,3,1,2,1,2
512,1,0,1,2,1,1,1
513,1,0,2,3,2,1,2
514,1,0,3,1,2,1,2
515,1,0,3,1,2,1,2
516,1,0,2,3,2,2,1
517,1,0,3,1,2,1,2
518,1,0,2,3,2,1,2
519,1,0,3,1,2,1,2
520,1,0,3,1,2,1,2
521,1,0,2,3,2,1,2
522,1,0,3,1,2,1,2
523,1,0,3,1,2,1,2
524,1,0,3,1,2,1,2
525,1,0,2,3,2,1,2
526,1,0,3,1,2,1,2
527,1,0,2,3,2,1,2
528,1,0,0,0,2,2,1
529,0,0,1,2,2,1,2
530,1,0,3,1,2,1,2
531,1,0,3,1,2,1,2
532,1,0,1,2,1,1,1
533,1,0,3,1,2,1,2
534,1,0,1,2,1,2,1
535,1,0,2,3,2,1,2
536,1,0,3,1,2,1,2
537,1,0,2,3,1,2,1
538,0,0,4,6,1,2,1
539,1,0,3,1,2,1,2
540,1,0,1,2,1,1,1
541,1,0,3,1,2,1,2
542,1,0,3,1,2,1,2
543,0,0,1,2,0,0,1
544,1,0,2,3,2,1,2
545,1,0,2,3,2,1,2
546,1,0,2,3,2,1,2
547,1,0,2,3,2,1,2
548,1,0,3,1,2,1,2
549,1,0,1,2,0,0,1
550,1,0,2,3,1,2,1
551,1,0,1,2,1,2,1
552,1,0,1,2,1,1,1
553,0,0,0,4,1,2,0
554,1,0,3,1,2,1,2
555,1,0,2,3,2,1,2
556,0,0,1,2,1,1,1
557,1,0,3,1,2,1,2
558,1,0,2,3,2,1,2
559,1,0,2,3,2,1,2
560,1,0,2,3,2,1,2
561,1,0,2,3,2,1,2
562,1,0,1,2,1,1,1
563,1,0,2,3,2,1,2
564,1,0,2,3,2,1,2
565,1,0,2,3,2,1,2
566,1,0,2,3,2,1,2
567,1,0,3,1,2,1,2
568,1,0,3,1,2,1,2
569,1,0,2,3,2,1,2
570,1,0,2,3,2,1,2
571,1,0,1,2,1,1,1
572,1,0,2,3,2,1,2
573,1,0,2,3,2,1,2
574,1,0,2,3,2,1,2
575,1,0,2,3,2,1,2
576,1,0,3,1,2,1,2
577,1,0,3,1,2,1,2
578,1,0,2,3,2,1,2
579,1,0,3,1,2,1,2
580,1,0,3,1,2,1,2
581,1,0,3,1,2,1,2
582,1,0,1,2,1,1,1
583,1,0,2,3,1,2,1
584,1,0,2,3,2,1,2
585,1,0,2,3,2,1,2
586,1,0,2,3,2,1,2
587,1,0,3,1,2,1,2
588,1,0,2,3,2,1,2
589,1,0,1,2,0,0,0
590,1,0,1,2,1,1,1
591,1,0,2,3,2,1,2
592,1,0,3,1,2,1,2
593,1,0,2,3,2,1,2
594,1,0,2,3,2,2,1
595,1,0,3,1,2,1,2
596,1,0,2,3,2,1,2
597,1,0,3,1,2,1,2
598,1,0,3,1,2,1,2
599,1,0,3,1,2,1,2
600,1,0,2,3,2,1,2
601,1,0,2,3,2,1,2
602,1,0,2,3,2,1,2
603,1,0,2,3,2,1,2
604,1,0,1,2,1,1,1
605,1,0,3,1,2,1,2
606,1,0,2,3,2,1,2
607,1,0,1,2,1,1,1
608,1,0,2,3,2,1,2
609,1,0,2,3,2,1,2
610,1,0,2,3,2,1,2
611,1,0,3,1,2,1,2
612,1,0,2,3,2,1,2
613,1,0,2,3,2,1,2
614,1,0,3,1,2,1,1
615,1,0,3,1,2,1,2
616,0,0,1,2,1,1,1
617,1,0,2,3,2,1,2
618,1,0,2,3,2,1,2
619,1,0,2,3,2,1,2
620,1,0,2,3,2,1,2
621,1,0,2,3,1,2,1
622,1,0,1,2,1,1,1
623,1,0,0,0,1,2,0
624,0,0,1,2,1,1,1
625,1,0,3,1,2,1,2
626,1,0,3,1,2,1,2
627,1,0,2,3,2,1,2
628,1,0,2,3,2,1,2
629,1,0,2,3,2,1,2
630,1,0,3,1,2,1,2
631,1,0,3,1,2,1,2
632,1,0,1,2,1,2,1
633,1,0,2,3,2,1,2
634,1,0,1,2,1,1,1
635,0,0,4,6,0,0,1
636,1,0,3,1,2,1,2
637,1,0,2,3,2,1,2
638,1,0,2,3,2,1,2
639,0,0,4,6,0,0,1
640,0,0,1,2,1,1,1
641,1,0,2,3,2,1,2
642,1,0,2,3,2,1,2
643,0,0,4,6,1,1,1
644,1,0,2,3,2,1,2
645,1,0,2,3,2,1,2
646,0,0,1,2,1,1,1
647,1,0,3,1,2,1,2
648,1,0,1,2,0,0,1
649,1,0,3,1,2,1,2
650,1,0,2,3,2,1,2
651,1,0,3,1,2,1,2
652,1,0,2,3,2,1,2
653,1,0,2,3,2,1,2
654,1,0,2,3,2,1,2
655,1,0,2,3,2,1,2
656,0,0,4,5,2,1,1
657,1,0,3,1,2,1,2
658,1,0,2,3,2,1,2
659,1,0,2,3,2,1,2
660,1,0,1,2,1,1,1
661,1,0,2,3,2,1,2
662,1,0,2,3,2,1,2
663,1,0,2,3,2,1,2
664,1,0,1,2,1,1,1
665,1,0,1,2,1,1,1
666,0,0,4,6,0,0,1
667,1,0,1,2,1,1,1
668,1,0,2,3,2,1,2
669,1,0,1,2,1,1,1
670,1,0,1,2,1,1,1
671,1,0,3,1,2,1,2
672,1,0,2,3,2,1,2
673,0,0,1,2,1,1,1
674,1,0,3,1,2,1,2
675,1,0,3,1,2,1,2
676,1,0,1,2,0,0,1
677,1,0,2,3,2,1,2
678,1,0,1,2,1,1,1
679,1,0,0,0,2,2,1
680,1,0,2,3,2,1,2
681,1,0,3,1,2,1,2
682,1,0,1,2,1,1,1
683,1,0,1,2,1,1,1
684,1,0,1,2,1,2,1
685,1,0,3,1,2,1,2
686,1,0,2,3,2,1,2
687,1,0,2,3,1,2,1
688,1,0,3,1,2,1,2
689,1,0,3,1,2,1,2
690,1,0,2,3,2,1,2
691,0,0,4,6,0,0,1
692,1,0,2,3,2,1,2
693,1,0,2,3,2,1,2
694,1,0,2,3,2,1,2
695,1,0,1,2,1,1,1
696,1,0,2,3,2,1,2
697,1,0,2,3,2,1,2
698,1,0,2,3,2,2,1
699,1,0,1,2,1,2,1
700,1,0,3,1,2,1,2
701,1,0,1,2,1,1,1
702,1,0,2,3,2,1,2
703,1,0,3,1,2,1,2
704,1,0,3,1,2,1,2
705,0,0,4,5,1,1,1
706,1,0,2,3,2,1,2
707,1,0,1,2,1,1,1
708,1,0,2,3,2,1,2
709,1,0,2,3,2,1,2
710,1,0,2,3,2,1,2
711,1,0,1,2,1,1,1
712,1,0,2,3,2,1,2
713,1,0,1,2,1,2,1
714,1,0,2,3,2,1,2
715,1,0,1,2,1,1,1
716,1,0,3,1,2,1,2
717,1,0,2,3,2,1,2
718,1,0,0,0,1,2,0
719,1,0,3,1,2,1,2
720,1,0,2,3,2,1,2
721,1,0,1,2,1,1,1
722,1,0,3,1,2,1,2
723,1,0,2,3,2,1,2
724,1,0,0,0,2,2,1
725,1,0,3,1,2,1,2
726,1,0,2,3,2,1,2
727,1,0,3,1,2,1,2
728,1,0,2,3,1,2,1
729,1,0,1,2,0,0,1
730,1,0,2,3,2,1,2
731,0,0,2,3,1,2,1
732,1,0,2,3,2,1,2
733,1,0,2,3,2,1,2
734,1,0,3,1,2,1,2
735,1,0,1,2,1,1,1
736,1,0,2,3,2,1,2
737,1,0,2,3,2,1,2
738,1,0,2,3,2,1,2
739,1,0,1,2,1,1,1
740,1,0,2,3,2,1,2
741,1,0,2,3,2,1,2
742,1,0,2,3,2,1,2
743,1,0,3,1,1,1,1
744,1,0,2,3,2,1,2
745,1,0,2,3,2,1,2
746,1,0,2,3,2,1,2
747,1,0,2,3,2,1,2
748,1,0,2,3,2,1,2
749,1,0,3,1,2,1,2
750,1,0,2,3,2,1,2
751,1,0,3,1,2,1,2
752,0,0,1,2,1,1,1
753,1,0,2,3,2,1,2
754,1,0,2,3,2,1,2
755,1,0,3,1,2,1,2
756,1,0,2,3,2,1,2
757,1,0,3,1,2,1,2
758,1,0,2,3,2,1,2
759,1,0,2,3,2,1,2
760,1,0,1,2,1,1,1
761,1,0,2,3,2,1,2
762,1,0,2,3,2,1,2
763,1,0,1,2,1,2,1
764,1,0,1,2,1,1,1
765,1,0,2,3,2,1,2
766,1,0,2,3,2,1,2
767,1,0,2,3,2,1,2
768,1,0,3,1,2,1,2
769,1,0,2,3,2,1,2
770,1,0,1,2,1,1,1
771,1,0,3,1,2,1,2
772,1,0,2,3,2,1,2
773,1,0,3,1,2,1,2
774,1,0,2,3,2,1,2
775,1,0,2,3,1,2,1
776,1,0,3,1,2,1,2
777,1,0,2,3,2,1,2
778,1,0,1,2,1,2,1
779,1,0,2,3,2,1,2
780,1,0,1,2,1,1,1
781,1,0,3,1,2,1,2
782,1,0,1,2,1,2,1
783,1,0,2,3,2,1,2
784,0,0,4,5,0,0,1
785,1,0,1,2,1,1,1
786,1,0,1,2,1,1,1
787,1,0,2,3,2,1,2
788,1,0,2,3,2,1,2
789,1,0,2,3,2,1,2
790,1,0,2,3,2,1,2
791,1,0,2,3,2,1,2
792,1,0,2,3,2,1,2
793,1,0,2,3,2,1,2
794,1,0,2,3,1,2,1
795,1,0,2,3,2,1,1
796,1,0,4,5,2,2,2
797,1,0,1,2,0,0,1
798,1,0,3,1,2,1,2
799,1,0,2,3,2,1,2
800,1,0,2,3,2,1,2
801,1,0,3,1,2,1,2
802,1,0,1,2,1,1,1
803,1,0,1,2,1,1,1
804,1,0,2,3,2,1,2
805,1,0,2,3,2,1,2
806,1,0,0,0,1,2,0
807,1,0,1,2,1,1,1
808,1,0,2,3,2,1,2
809,1,0,1,2,1,1,1
810,1,0,2,3,2,1,2
811,1,0,2,3,2,1,2
812,1,0,2,3,2,1,2
813,1,0,2,3,1,1,1
814,1,0,1,2,1,1,1
815,1,0,3,1,2,1,2
816,0,0,1,2,0,0,1
817,0,0,2,3,1,2,1
818,1,0,2,3,2,1,2
819,1,0,2,3,2,1,2
820,1,0,1,2,1,2,1
821,0,0,4,6,1,2,1
822,0,0,1,2,1,1,1
823,1,0,3,1,2,1,2
824,1,0,2,3,2,1,2
825,1,0,2,3,2,1,2
826,1,0,2,3,1,2,1
827,1,0,2,3,2,1,2
828,1,0,1,2,1,2,1
829,1,0,2,3,1,2,1
830,1,0,2,3,2,1,2
831,1,0,2,3,2,2,1
832,1,0,2,3,2,1,2
833,1,0,2,3,2,1,2
834,1,0,2,3,2,1,2
835,1,0,2,3,1,1,1
836,1,0,2,3,2,1,2
837,1,0,1,2,1,1,1
838,1,0,3,1,2,1,2
839,1,0,2,3,2,1,2
840,1,0,2,3,2,1,2
841,1,0,1,2,1,1,1
842,1,0,2,3,2,2,1
843,1,0,2,3,2,1,2
844,1,0,0,0,1,2,0
845,1,0,2,3,2,1,2
846,1,0,1,2,1,1,1
847,1,0,3,1,2,1,2
848,1,0,2,3,2,1,2
849,1,0,2,3,2,1,2
850,1,0,2,3,2,1,2
851,1,0,3,1,1,1,1
852,1,0,2,3,2,1,2
853,1,0,1,2,1,2,1
854,1,0,1,2,1,1,1
855,1,0,1,2,1,1,1
856,1,0,3,1,2,1,2
857,1,0,2,3,1,2,1
858,1,0,1,2,1,2,1
859,1,0,2,3,2,1,2
860,1,0,3,1,2,1,2
861,1,0,1,2,1,1,1
862,1,0,3,1,2,1,2
863,1,0,2,3,2,1,2
864,1,0,1,2,1,1,1
865,0,0,1,2,0,0,1
866,1,0,2,3,2,1,2
867,1,0,2,3,2,1,2
868,1,0,1,2,1,1,1
869,1,0,3,1,1,1,1
870,1,0,3,1,2,1,1
871,1,0,3,1,2,1,2
872,1,0,2,3,2,1,2
873,1,0,1,2,1,2,1
874,1,0,2,3,2,1,2
875,1,0,2,3,2,1,2
876,1,0,2,3,2,1,2
877,0,0,4,2,1,1,1
878,1,0,1,2,1,1,1
879,1,0,2,3,2,1,2
880,1,0,1,2,1,1,1
881,0,0,1,2,1,1,1
882,1,0,3,1,2,1,2
883,1,0,1,2,1,1,1
884,1,0,3,1,2,1,2
885,1,0,1,2,1,1,1
886,1,0,2,3,2,1,1
887,1,0,2,3,2,1,2
888,1,0,2,3,2,1,2
889,1,0,0,0,1,2,0
890,1,0,3,1,2,1,2
891,1,0,2,3,2,1,2
892,1,0,2,3,2,1,2
893,1,0,1,2,1,1,1
894,1,0,2,3,2,1,2
895,1,0,3,1,2,1,2
896,1,0,2,3,2,1,2
897,1,0,2,3,2,1,2
898,1,0,2,3,2,1,2
899,1,0,2,3,2,1,2
900,1,0,3,1,2,1,2
901,1,0,2,3,2,1,2
902,1,0,2,3,2,1,2
903,0,0,1,2,0,0,1
904,1,0,3,1,2,1,2
905,1,0,2,3,2,1,2
906,1,0,1,2,1,2,1
907,1,0,2,3,2,1,2
908,1,0,2,3,2,1,2
909,1,0,1,2,1,1,1
910,1,0,1,2,1,1,1
911,1,0,3,1,2,1,2
912,1,0,1,2,1,1,1
913,1,0,3,1,2,1,1
914,1,0,3,1,2,1,2
915,1,0,1,2,1,1,1
916,1,0,2,3,2,1,2
917,1,0,2,3,2,1,2
918,1,0,2,3,1,2,1
919,1,0,1,2,1,1,1
920,1,0,1,2,1,1,1
921,0,0,0,4,0,1,0
922,1,0,3,1,2,1,2
923,0,0,2,3,1,1,1
924,1,0,4,5,2,2,2
925,1,0,2,3,2,1,2
926,1,0,2,3,2,1,2
927,1,0,2,3,2,1,2
928,1,0,2,3,2,1,2
929,1,0,2,3,2,1,2
930,0,0,1,2,1,1,1
931,1,0,2,3,2,1,2
932,1,0,2,3,2,1,2
933,1,0,3,1,2,1,2
934,1,0,2,3,1,2,1
935,1,0,1,2,1,1,1
936,1,0,1,2,1,1,1
937,1,0,2,3,2,1,2
938,1,0,2,3,1,2,1
939,1,0,4,5,2,2,2
940,1,0,2,3,2,1,2
941,1,0,3,1,2,1,2
942,1,0,1,2,1,1,1
943,1,0,1,2,1,1,1
944,1,0,2,3,2,1,2
945,1,0,1,2,1,1,1
946,1,0,1,2,1,1,1
947,1,0,3,1,2,1,2
948,1,0,1,2,1,1,1
949,1,0,3,1,2,1,2
950,1,0,3,1,2,1,2
951,1,0,2,3,2,1,2
952,1,0,2,3,2,1,2
953,1,0,2,3,1,0,1
954,1,0,2,3,2,1,2
955,1,0,1,2,1,1,1
956,1,0,2,3,2,1,2
957,1,0,1,2,1,1,1
958,1,0,1,2,1,1,1
959,1,0,1,2,1,2,1
960,1,0,0,0,2,2,1
961,1,0,2,3,2,1,2
962,1,0,3,1,2,1,2
963,1,0,1,2,0,0,1
964,0,0,4,5,2,2,1
965,1,0,2,3,1,0,1
966,1,0,2,3,2,1,2
967,1,0,2,3,2,1,2
968,1,0,3,1,1,1,1
969,1,0,3,1,2,1,2
970,1,0,3,1,2,1,2
971,1,0,3,1,2,1,2
972,1,0,2,3,2,1,2
973,1,0,2,3,2,1,2
974,1,0,2,3,2,1,2
975,1,0,2,3,2,1,2
976,1,0,2,3,2,1,2
977,1,0,1,2,1,1,1
978,1,0,2,3,2,1,2
979,1,0,3,1,2,1,2
980,1,0,2,3,2,1,2
981,1,0,1,2,1,1,1
982,0,0,2,3,1,2,1
983,1,0,2,3,2,1,2
984,1,0,1,2,1,1,1
985,1,0,2,3,2,1,2
986,1,0,1,2,1,1,1
987,1,0,3,1,2,1,2
988,1,0,2,3,2,1,2
989,1,0,2,3,2,1,2
990,1,0,3,1,2,1,2
991,1,0,3,1,2,1,2
992,1,0,2,3,2,1,2
993,1,0,2,3,1,1,1
994,1,0,0,0,2,2,1
995,1,0,1,2,1,1,1
996,1,0,1,2,1,1,1
997,1,0,2,3,2,1,2
998,1,0,2,3,2,1,2
999,1,0,2,3,2,1,2
1000,1,0,3,1,2,1,2
1001,1,0,2,3,2,1,2
1002,1,0,3,1,2,1,2
1003,1,0,1,2,1,1,1
1004,1,0,2,3,2,1,2
1005,1,0,1,2,1,1,1
1006,1,0,2,3,2,1,2
1007,1,0,2,3,2,1,2
1008,1,0,2,3,2,1,2
1009,1,0,2,3,2,1,2
1010,1,0,1,2,1,2,1
1011,1,0,2,3,2,1,2
1012,0,0,2,3,1,2,1
1013,0,0,0,4,0,1,0
1014,1,0,2,3,2,1,2
1015,1,0,2,3,2,1,2
1016,0,0,1,2,0,0,1
1017,1,0,1,2,1,1,1
1018,1,0,2,3,2,1,2
1019,1,0,1,2,1,1,1
1020,1,0,2,3,2,1,2
1021,1,0,3,1,2,1,2
1022,1,0,2,3,2,1,2
1023,1,0,2,3,2,1,2
1024,1,0,2,3,2,1,2
1025,1,0,2,3,2,1,2
1026,1,0,2,3,2,2,1
1027,1,0,2,3,2,1,2
1028,1,0,2,3,2,1,2
1029,1,0,2,3,2,1,2
1030,1,0,1,2,1,1,1
1031,1,0,0,0,2,2,1
1032,1,0,2,3,2,1,2
1033,1,0,3,1,2,1,2
1034,1,0,2,3,2,1,2
1035,1,0,0,0,2,2,1
1036,1,0,2,3,2,1,2
1037,1,0,3,1,2,1,2
1038,0,0,4,6,1,1,1
1039,1,0,2,3,2,1,2
1040,1,0,2,3,2,1,2
1041,1,0,2,3,2,1,2
1042,1,0,2,3,2,1,2
1043,1,0,3,1,1,1,1
1044,1,0,2,3,1,1,1
1045,1,0,2,3,1,2,1
1046,1,0,2,3,2,1,2
1047,1,0,3,1,2,1,2
1048,1,0,2,3,2,1,2
1049,0,0,4,6,0,0,1
1050,1,0,2,3,2,1,2
1051,0,0,1,2,0,0,1
1052,0,0,1,2,1,1,1
1053,1,0,2,3,2,1,2
1054,1,0,2,3,2,1,2
1055,1,0,1,2,1,1,1
1056,0,0,1,2,1,1,1
1057,0,0,1,2,1,1,1
1058,1,0,2,3,2,1,2
1059,1,0,1,2,1,1,1
1060,1,0,2,3,2,1,2
1061,1,0,3,1,2,1,2
1062,1,0,3,1,2,1,2
1063,1,0,1,2,1,1,1
1064,1,0,3,1,2,1,2
1065,1,0,2,3,1,2,1
1066,1,0,1,2,1,2,1
1067,1,0,3,1,2,1,2
1068,1,0,1,2,1,1,1
1069,1,0,3,1,2,1,2
1070,1,0,1,2,1,1,1
1071,1,0,3,1,2,1,2
1072,0,0,1,2,1,1,1
1073,1,0,3,1,2,1,2
1074,1,0,3,1,2,1,2
1075,1,0,2,3,2,1,2
1076,1,0,2,3,2,1,2
1077,1,0,1,2,1,1,1
1078,1,0,2,3,2,1,2
1079,1,0,2,3,2,1,2
1080,1,0,2,3,2,1,2
1081,1,0,1,2,1,1,1
1082,1,0,3,1,2,1,2
1083,1,0,3,1,2,1,2
1084,1,0,2,3,2,1,2
1085,1,0,2,3,2,1,2
1086,1,0,1,2,1,1,1
1087,1,0,2,3,2,1,2
1088,1,0,3,1,2,1,2
1089,1,0,2,3,2,1,2
1090,1,0,2,3,2,1,2
1091,1,0,3,1,2,1,2
1092,1,0,3,1,2,1,2
1093,1,0,2,3,2,1,2
1094,1,0,2,3,2,1,2
1095,1,0,0,0,1,2,0
1096,1,0,2,3,2,1,2
1097,1,0,2,3,2,1,2
1098,1,0,1,2,1,1,1
1099,1,0,2,3,2,1,2
1100,1,0,2,3,2,1,2
1101,1,0,2,3,2,1,2
1102,1,0,3,1,2,1,2
1103,1,0,1,2,1,1,1
1104,1,0,1,2,1,1,1
1105,0,0,4,5,2,2,1
1106,1,0,2,3,2,1,2
1107,1,0,2,3,2,1,2
1108,1,0,3,1,2,1,2
1109,1,0,3,1,2,1,2
1110,1,0,3,1,2,1,2
1111,1,0,2,3,2,1,2
1112,0,0,1,2,0,0,1
1113,1,0,3,1,2,1,2
1114,1,0,3,1,2,1,2
1115,1,0,2,3,2,1,2
1116,1,0,1,2,1,2,1
1117,1,0,1,2,1,1,1
1118,1,0,3,1,2,1,2
1119,1,0,1,2,0,0,1
1120,1,0,3,1,2,1,2
1121,1,0,3,1,2,1,2
1122,1,0,3,1,2,1,2
1123,1,0,3,1,2,1,2
1124,1,0,2,3,2,1,2
1125,1,0,3,1,2,1,2
1126,1,0,3,1,2,1,2
1127,1,0,2,3,2,1,2
1128,0,0,4,5,0,0,1
1129,1,0,2,3,1,2,1
1130,1,0,1,2,1,1,1
1131,1,0,3,1,2,1,2
1132,1,0,2,3,2,1,2
1133,1,0,2,3,1,2,1
1134,1,0,3,1,2,1,2
1135,1,0,3,1,2,1,2
1136,1,0,2,3,2,1,2
1137,1,0,2,3,1,1,1
1138,0,0,4,6,1,1,1
1139,1,0,1,2,1,1,1
1140,1,0,2,3,2,1,2
1141,1,0,3,1,2,1,2
1142,1,0,1,2,1,1,1
1143,1,0,2,3,2,1,2
1144,0,0,2,3,1,2,1
1145,1,0,3,1,2,1,2
1146,1,0,2,3,2,1,2
1147,1,0,3,1,2,1,2
1148,1,0,3,1,2,1,2
1149,1,0,2,3,2,1,2
1150,1,0,2,3,2,1,2
1151,1,0,3,1,2,1,2
1152,1,0,2,3,2,2,1
1153,1,0,3,1,1,1,1
1154,1,0,2,3,2,1,2
1155,1,0,2,3,2,1,1
1156,1,0,2,3,2,1,2
1157,1,0,3,1,2,1,2
1158,1,0,3,1,2,1,2
1159,1,0,2,3,2,1,2
1160,1,0,2,3,2,1,2
1161,1,0,3,1,2,1,2
1162,1,0,3,1,2,1,2
1163,1,0,2,3,2,1,2
1164,1,0,2,3,1,2,0
1165,1,0,2,3,1,2,1
1166,1,0,2,3,2,1,2
1167,1,0,1,2,1,1,1
1168,1,0,2,3,2,1,2
1169,1,0,1,2,1,2,1
1170,1,0,3,1,1,1,1
1171,1,0,2,3,2,1,2
1172,1,0,2,3,2,1,2
1173,1,0,3,1,2,1,2
1174,1,0,3,1,2,1,2
1175,1,0,3,1,2,1,2
1176,1,0,2,3,2,2,1
1177,1,0,2,3,2,1,2
1178,0,0,4,5,1,1,1
1179,1,0,2,3,2,1,2
1180,1,0,2,3,1,1,2
1181,1,0,2,3,2,1,2
1182,1,0,2,3,2,1,2
1183,1,0,3,1,2,1,2
1184,1,0,2,3,1,0,1
1185,1,0,3,1,2,1,2
1186,1,0,2,3,2,1,2
1187,1,0,2,3,2,1,2
1188,1,0,2,3,2,1,2
1189,1,0,2,3,2,1,2
1190,1,0,2,3,2,1,2
1191,0,0,4,6,0,0,1
1192,1,0,3,1,2,1,2
1193,1,0,3,1,2,1,2
1194,1,0,2,3,2,1,2
1195,1,0,2,3,2,1,2
1196,1,0,1,2,1,1,1
1197,1,0,2,3,2,1,2
1198,1,0,2,3,2,1,2
1199,1,0,3,1,2,1,2
1200,1,0,2,3,2,1,2
1201,1,0,3,1,1,1,1
1202,1,0,3,1,2,1,2
1203,1,0,2,3,2,1,1
1204,1,0,2,3,2,1,1
1205,1,0,1,2,1,1,1
1206,1,0,2,3,2,1,2
1207,1,0,2,3,2,1,2
1208,1,0,2,3,2,1,2
1209,1,0,2,3,2,1,2
1210,1,0,2,3,2,1,2
1211,1,0,1,2,1,1,1
1212,1,0,2,3,2,1,2
1213,1,0,3,1,2,1,2
1214,1,0,2,3,2,1,2
1215,1,0,2,3,2,1,2
1216,1,0,3,1,2,1,2
1217,1,0,3,1,1,1,1
1218,1,0,1,2,1,1,1
1219,1,0,2,3,2,1,2
1220,1,0,2,3,2,1,2
1221,1,0,2,3,2,1,2
1222,1,0,2,3,2,1,2
1223,1,0,1,2,1,1,1
1224,1,0,3,1,2,1,2
1225,1,0,1,2,1,1,1
1226,1,0,1,2,1,1,1
1227,1,0,2,3,2,1,2
1228,1,0,2,3,2,1,2
1229,1,0,2,3,2,1,2
1230,1,0,1,2,1,1,1
1231,1,0,3,1,2,1,2
1232,1,0,3,1,2,1,2
1233,1,0,1,2,1,1,1
1234,1,0,3,1,2,1,2
1235,1,0,2,3,2,1,2
1236,1,0,2,3,2,1,2
1237,1,0,2,3,2,1,2
1238,1,0,2,3,2,1,1
1239,1,0,1,2,1,1,1
1240,1,0,1,2,1,2,1
1241,1,0,3,1,2,1,2
1242,1,0,2,3,2,1,2
1243,1,0,0,0,1,2,0
1244,1,0,1,2,1,1,1
1245,1,0,3,1,2,1,2
1246,1,0,3,1,2,1,2
1247,1,0,2,3,2,1,2
1248,1,0,3,1,2,1,2
1249,1,0,2,3,2,1,2
1250,1,0,2,3,2,1,2
1251,1,0,1,2,1,1,1
1252,1,0,1,2,1,1,1
1253,1,0,2,3,1,2,1
1254,1,0,3,1,2,1,2
1255,1,0,2,3,2,1,1
1256,0,0,4,5,0,0,1
1257,1,0,1,2,1,1,1
1258,1,0,2,3,2,1,2
1259,1,0,2,3,2,1,2
1260,1,0,2,3,2,1,2
1261,1,0,2,3,2,1,2
1262,1,0,2,3,2,1,2
1263,1,0,3,1,2,1,2
1264,1,0,1,2,1,2,1
1265,1,0,3,1,2,1,2
1266,1,0,1,2,1,0,1
1267,1,0,2,3,2,1,2
1268,1,0,1,2,1,1,1
1269,1,0,2,3,2,1,2
1270,1,0,2,3,0,0,0
1271,1,0,1,2,1,1,1
1272,0,0,4,6,1,2,2
1273,1,0,3,1,2,1,2
1274,1,0,2,3,2,1,2
1275,1,0,1,2,1,2,1
1276,1,0,1,2,1,1,1
1277,1,0,3,1,2,1,2
1278,1,0,2,3,2,1,1
1279,1,0,2,3,2,1,2
1280,1,0,1,2,1,1,1
1281,1,0,2,3,2,1,2
1282,1,0,2,3,2,1,2
1283,1,0,1,2,1,2,0
1284,1,0,2,3,2,1,2
1285,1,0,4,5,2,2,2
1286,1,0,2,3,2,1,2
1287,1,0,1,2,1,1,1
1288,1,0,2,3,2,1,2
1289,0,0,1,2,1,1,1
1290,1,0,2,3,1,2,1
1291,1,0,1,2,1,1,1
1292,0,0,1,2,1,1,1
1293,1,0,3,1,2,1,2
1294,1,0,1,2,1,1,1
1295,1,0,2,3,2,1,2
1296,1,0,3,1,2,1,2
1297,0,0,1,2,1,1,1
1298,1,0,2,3,2,1,2
1299,1,0,2,3,2,1,2
1300,1,0,1,2,1,1,1
1301,1,0,2,3,2,1,2
1302,1,0,2,3,2,1,2
1303,1,0,2,3,2,1,2
1304,1,0,2,3,2,1,2
1305,1,0,2,3,2,1,2
1306,1,0,3,1,2,1,2
1307,0,0,4,3,2,1,1
1308,1,0,2,3,2,1,2
1309,1,0,2,3,2,1,2
1310,1,0,3,1,2,1,2
1311,1,0,2,3,2,1,2
1312,1,0,3,1,2,1,2
1313,1,0,3,1,2,1,2
1314,1,0,0,0,1,2,0
1315,1,0,2,3,2,1,2
1316,1,0,3,1,2,1,2
1317,1,0,3,1,2,1,2
1318,1,0,2,3,2,1,2
1319,1,0,3,1,2,1,2
1320,1,0,2,3,1,2,1
1321,1,0,2,3,2,1,2
1322,1,0,1,2,1,2,1
1323,1,0,2,3,2,1,2
1324,1,0,2,3,2,1,2
1325,0,0,2,3,1,2,1
1326,1,0,2,3,2,1,2
1327,1,0,1,2,1,1,1
1328,1,0,3,1,2,1,2
1329,1,0,3,1,2,1,2
1330,1,0,0,0,1,2,0
1331,1,0,3,1,2,1,2
1332,1,0,3,1,2,1,2
1333,1,0,1,2,1,2,1
1334,0,0,4,6,0,0,1
1335,0,0,1,2,2,1,2
1336,1,0,2,3,2,1,2
1337,1,0,1,2,1,1,1
1338,1,0,2,3,2,1,2
1339,1,0,3,1,2,1,2
1340,1,0,3,1,2,1,2
1341,1,0,3,1,2,1,2
1342,1,0,2,3,2,1,2
1343,1,0,1,2,1,2,1
1344,1,0,3,1,2,1,2
1345,1,0,3,1,2,1,2
1346,1,0,3,1,2,1,2
1347,0,0,4,5,2,2,1
1348,1,0,3,1,2,1,2
1349,1,0,3,1,2,1,2
1350,1,0,2,3,2,1,2
1351,1,0,2,3,2,1,2
1352,1,0,3,1,2,1,2
1353,1,0,2,3,2,1,2
1354,1,0,2,3,2,1,2
1355,1,0,3,1,2,1,2
1356,1,0,2,3,1,2,1
1357,1,0,2,3,2,1,2
1358,1,0,2,3,2,1,2
1359,1,0,2,3,2,1,2
1360,0,0,1,2,1,1,1
1361,1,0,1,2,1,1,1
1362,1,0,2,3,2,1,2
1363,1,0,1,2,1,1,1
1364,1,0,2,3,2,1,2
1365,1,0,2,3,2,1,2
1366,1,0,2,3,2,1,2
1367,1,0,1,2,1,1,1
1368,1,0,3,1,2,1,2
1369,1,0,1,2,1,1,1
1370,1,0,3,1,2,1,2
1371,1,0,4,5,2,2,2
1372,1,0,3,1,2,1,1
1373,1,0,3,1,2,1,2
1374,1,0,1,2,1,1,1
1375,1,0,2,3,2,1,2
1376,0,0,1,2,0,0,1
1377,1,0,3,1,1,1,1
1378,1,0,0,0,2,2,1
1379,1,0,3,1,2,1,2
1380,1,0,1,2,1,1,1
1381,1,0,2,3,2,1,2
1382,1,0,1,2,1,1,1
1383,1,0,2,3,2,1,2
1384,1,0,2,3,2,1,2
1385,1,0,1,2,1,2,1
1386,1,0,2,3,2,1,2
1387,1,0,2,3,2,1,2
1388,1,0,3,1,2,1,2
1389,1,0,3,1,2,1,2
1390,1,0,2,3,2,1,2
1391,1,0,1,2,1,1,1
1392,1,0,2,3,2,1,2
1393,1,0,1,2,1,1,1
1394,1,0,2,3,2,1,2
1395,1,0,2,3,2,1,2
1396,1,0,3,1,2,1,2
1397,1,0,2,3,2,1,2
1398,1,0,3,1,2,1,2
1399,1,0,2,3,2,1,2
1400,1,0,3,1,2,1,2
1401,1,0,2,3,2,1,2
1402,1,0,3,1,2,1,2
1403,1,0,2,3,1,2,1
1404,1,0,3,1,2,1,2
1405,1,0,3,1,2,1,2
1406,1,0,1,2,1,2,1
1407,1,0,3,1,2,1,2
1408,1,0,2,3,1,0,1
1409,1,0,2,3,2,1,2
1410,1,0,2,3,2,1,2
1411,1,0,3,1,2,1,2
1412,1,0,3,1,2,1,2
1413,1,0,3,1,2,1,2
1414,1,0,2,3,2,1,2
1415,1,0,2,3,2,1,2
1416,1,0,3,1,0,0,1
1417,1,0,2,3,2,1,2
1418,1,0,2,3,2,1,2
1419,1,0,1,2,1,2,1
1420,1,0,1,2,1,1,1
1421,1,0,2,3,2,1,2
1422,1,0,2,3,2,1,2
1423,1,0,2,3,2,1,2
1424,1,0,3,1,2,1,2
1425,1,0,2,3,2,1,2
1426,0,0,2,3,1,2,1
1427,1,0,2,3,2,1,2
1428,1,0,2,3,2,1,2
1429,1,0,2,3,2,1,2
1430,1,0,1,2,1,1,1
1431,1,0,3,1,2,1,2
1432,0,0,4,5,2,2,1
1433,1,0,3,1,2,1,2
1434,1,0,3,1,2,1,2
1435,1,0,2,3,2,1,2
1436,1,0,1,2,1,2,1
1437,1,0,2,3,2,1,2
1438,1,0,2,3,2,1,2
1439,1,0,2,3,2,1,2
1440,1,0,1,2,1,1,1
1441,1,0,2,3,2,1,2
1442,1,0,3,1,2,1,2
1443,1,0,3,1,2,1,2
1444,1,0,1,2,1,1,1
1445,1,0,2,3,2,1,2
1446,1,0,2,3,2,1,2
1447,1,0,2,3,2,1,2
1448,0,0,4,5,2,2,1
1449,1,0,2,3,2,1,2
1450,1,0,2,3,2,1,2
1451,1,0,2,3,2,1,2
1452,0,0,1,2,2,1,2
1453,1,0,2,3,2,1,1
1454,1,0,2,3,2,1,1
1455,0,0,2,3,1,2,1
1456,1,0,2,3,2,1,2
1457,1,0,2,3,2,1,2
1458,1,0,2,3,2,1,2
1459,1,0,2,3,2,1,2
1460,1,0,3,1,2,1,2
1461,1,0,3,1,2,1,2
1462,1,0,1,2,0,0,1
1463,0,0,1,2,1,1,1
1464,1,0,2,3,2,1,2
1465,1,0,3,1,2,1,2
1466,1,0,2,3,1,2,1
1467,1,0,2,3,2,1,2
1468,1,0,2,3,2,1,2
1469,1,0,3,1,2,1,2
1470,1,0,3,1,2,1,2
1471,1,0,2,3,2,1,1
1472,1,0,0,0,1,2,0
1473,1,0,1,2,1,1,1
1474,1,0,2,3,2,1,2
1475,1,0,2,3,1,2,1
1476,0,0,1,2,1,1,1
1477,1,0,1,2,1,1,1
1478,1,0,2,3,2,1,2
1479,1,0,1,2,1,1,1
1480,0,0,1,2,1,2,1
1481,1,0,3,1,2,1,2
1482,1,0,3,1,2,1,2
1483,1,0,3,1,2,1,2
1484,1,0,2,3,2,1,2
1485,1,0,2,3,2,1,2
1486,1,0,1,2,2,2,1
1487,1,0,0,0,2,2,1
1488,1,0,1,2,1,2,1
1489,1,0,2,3,2,1,2
1490,1,0,2,3,2,1,2
1491,1,0,2,3,2,1,2
1492,1,0,3,1,2,1,2
1493,1,0,3,1,2,1,2
1494,1,0,2,3,2,1,2
1495,1,0,2,3,2,1,2
1496,1,0,2,3,2,1,2
1497,1,0,2,3,2,1,2
1498,1,0,1,2,1,1,1
1499,1,0,3,1,2,1,2
1500,1,0,4,5,2,2,2
1501,1,0,2,3,2,1,2
1502,1,0,2,3,2,1,2
1503,1,0,4,5,2,2,2
1504,1,0,2,3,2,1,2
1505,1,0,2,3,2,1,2
1506,0,0,2,3,1,2,1
1507,1,0,3,1,1,1,1
1508,1,0,2,3,2,1,2
1509,1,0,1,2,1,2,1
1510,1,0,0,0,2,2,1
1511,1,0,3,1,2,1,2
1512,1,0,2,3,1,2,1
1513,1,0,1,2,1,1,1
1514,1,0,1,2,1,1,1
1515,0,0,1,2,2,2,1
1516,1,0,2,3,2,1,2
1517,1,0,2,3,2,1,2
1518,0,0,1,2,1,1,1
1519,1,0,1,2,1,1,1
1520,1,0,1,2,1,2,1
1521,1,0,2,3,2,1,2
1522,1,0,3,1,2,1,2
1523,0,0,2,3,1,2,1
1524,1,0,1,2,1,1,1
1525,1,0,2,3,2,1,2
1526,1,0,1,2,1,2,1
1527,1,0,2,3,2,1,2
1528,1,0,3,1,2,1,2
1529,1,0,1,2,1,2,0
1530,1,0,2,3,2,1,2
1531,1,0,1,2,1,1,1
1532,1,0,3,1,2,1,2
1533,1,0,2,3,2,1,2
1534,1,0,2,3,2,1,2
1535,1,0,3,1,2,1,2
1536,1,0,1,2,1,1,1
1537,1,0,3,1,2,1,2
1538,1,0,3,1,2,1,2
1539,1,0,2,3,1,1,1
1540,1,0,3,1,2,1,2
1541,1,0,1,2,1,1,1
1542,1,0,2,3,2,1,2
1543,1,0,3,1,2,1,2
1544,1,0,2,3,2,1,2
1545,1,0,3,1,2,1,2
1546,1,0,2,3,2,1,2
1547,0,0,2,3,1,2,1
1548,1,0,3,1,2,1,2
1549,1,0,2,3,2,1,1
1550,1,0,2,3,2,1,2
1551,1,0,3,1,2,1,2
1552,1,0,1,2,1,1,1
1553,0,0,1,2,1,1,1
1554,1,0,2,3,2,1,2
1555,1,0,2,3,2,1,2
1556,1,0,2,3,2,1,2
1557,1,0,3,1,2,1,2
1558,1,0,1,2,1,1,1
1559,0,0,1,2,0,0,1
1560,1,0,3,1,2,1,2
1561,1,0,1,2,1,1,1
1562,1,0,1,2,1,1,1
1563,0,0,2,3,2,2,2
1564,1,0,2,3,2,1,1
1565,1,0,4,5,2,2,2
1566,1,0,3,1,2,1,2
1567,1,0,2,3,2,1,2
1568,1,0,2,3,2,1,2
1569,1,0,2,3,2,1,2
1570,1,0,1,2,1,2,1
1571,1,0,1,2,1,1,1
1572,1,0,3,1,2,1,2
1573,1,0,0,0,2,2,1
1574,1,0,2,3,2,1,2
1575,1,0,3,1,2,1,2
1576,0,1,4,6,0,0,1
1577,1,0,2,3,2,1,2
1578,1,0,2,3,2,1,2
1579,1,0,3,1,2,1,2
1580,1,0,2,3,2,1,2
1581,1,0,2,3,1,2,1
1582,1,0,1,2,1,1,1
1583,1,0,3,1,2,1,2
1584,1,0,1,2,1,1,1
1585,1,0,2,3,2,1,2
1586,1,0,0,0,2,2,1
1587,1,0,1,2,1,1,1
1588,1,0,2,3,2,1,2
1589,1,0,2,3,2,1,2
1590,0,1,4,6,0,0,1
1591,1,0,1,2,1,1,1
1592,1,0,1,2,1,1,1
1593,0,0,1,2,1,1,1
1594,1,0,1,2,1,1,1
1595,1,0,3,1,2,1,2
1596,1,0,1,2,1,1,1
1597,1,0,2,3,2,1,2
1598,1,0,2,3,2,1,2
1599,1,0,1,2,2,2,1
1600,1,0,2,3,2,1,2
1601,1,0,3,1,2,1,2
1602,1,0,0,0,2,2,1
1603,1,0,3,1,2,1,2
1604,1,0,2,3,2,1,2
1605,1,0,1,2,1,2,1
1606,1,0,3,1,2,1,2
1607,0,0,1,2,1,1,1
1608,1,0,2,3,2,1,2
1609,1,0,3,1,2,1,2
1610,1,0,2,3,2,1,2
1611,1,0,2,3,2,1,2
1612,1,0,3,1,2,1,2
1613,1,0,2,3,1,2,1
1614,1,0,3,1,2,1,2
1615,0,0,2,3,1,2,1
1616,1,0,2,3,2,1,2
1617,1,0,3,1,2,1,2
1618,0,0,1,2,1,1,1
1619,1,0,1,2,1,1,1
1620,1,0,2,3,2,1,2
1621,1,0,3,1,2,1,2
1622,1,0,2,3,2,1,2
1623,1,0,2,3,2,1,2
1624,1,0,2,3,2,1,2
1625,1,0,2,3,2,1,1
1626,0,0,1,2,1,1,1
1627,1,0,2,3,2,1,2
1628,1,0,2,3,2,1,2
1629,1,0,1,2,1,2,1
1630,1,0,2,3,2,1,2
1631,0,0,4,5,2,2,1
1632,1,0,2,3,2,1,2
1633,1,0,2,3,2,1,2
1634,1,0,3,1,2,1,2
1635,1,0,3,1,2,1,2
1636,1,0,2,3,2,1,2
1637,1,0,2,3,2,1,2
1638,1,0,2,3,2,1,2
1639,1,0,2,3,2,1,2
1640,1,0,1,2,0,0,1
1641,1,0,2,3,2,1,2
1642,1,0,4,5,2,2,2
1643,1,0,2,3,2,1,2
1644,1,0,2,3,2,1,2
1645,1,0,3,1,2,1,2
1646,0,0,4,5,2,2,1
1647,1,0,3,1,2,1,2
1648,1,0,4,5,2,2,2
1649,1,0,1,2,1,1,1
1650,1,0,1,2,1,1,1
1651,1,0,2,3,2,1,2
1652,1,0,2,3,2,1,2
1653,1,0,2,3,2,1,2
1654,1,0,2,3,2,1,2
1655,1,0,2,3,2,1,2
1656,1,0,2,3,2,1,2
1657,1,0,3,1,1,1,1
1658,1,0,3,1,2,1,2
1659,0,0,4,6,1,2,1
1660,1,0,3,1,2,1,2
1661,1,0,1,2,1,1,1
1662,1,0,3,1,2,1,2
1663,1,0,3,1,2,1,2
1664,1,0,1,2,1,1,1
1665,1,0,0,0,2,2,1
1666,1,0,2,3,2,1,2
1667,1,0,1,2,1,1,1
1668,1,0,3,1,2,1,2
1669,1,0,1,2,1,1,1
1670,1,0,1,2,1,1,1
1671,0,0,1,2,1,1,1
1672,1,0,2,3,1,2,1
1673,1,0,2,3,2,1,2
1674,1,0,1,2,1,1,1
1675,1,0,3,1,2,1,2
1676,1,0,2,3,2,1,2
1677,1,0,1,2,1,1,1
1678,1,0,1,2,1,1,1
1679,1,0,2,3,2,1,2
1680,0,0,4,5,2,2,1
1681,1,0,3,1,2,1,2
1682,1,0,2,3,2,1,2
1683,1,0,1,2,1,1,1
1684,0,0,4,6,1,2,2
1685,1,0,1,2,1,1,1
1686,1,0,1,2,1,1,1
1687,1,0,2,3,2,1,2
1688,1,0,2,3,2,1,2
1689,1,0,2,3,2,1,2
1690,1,0,2,3,2,1,2
1691,1,0,2,3,2,1,2
1692,1,0,1,2,1,1,1
1693,1,0,3,1,2,1,2
1694,1,0,1,2,1,2,1
1695,1,0,3,1,2,1,2
1696,1,0,1,2,1,1,1
1697,1,0,1,2,1,1,1
1698,0,0,1,2,1,1,1
1699,1,0,0,0,1,2,0
1700,1,0,1,2,1,1,1
1701,1,0,2,3,2,1,2
1702,1,0,2,3,2,1,2
1703,1,0,2,3,2,2,1
1704,1,0,1,2,1,2,1
1705,1,0,2,3,2,1,2
1706,1,0,2,3,2,1,2
1707,1,0,1,2,1,1,1
1708,1,0,3,1,2,1,2
1709,1,0,2,3,2,1,2
1710,1,0,2,3,2,1,2
1711,1,0,1,2,1,2,1
1712,1,0,3,1,2,1,2
1713,1,0,3,1,2,1,2
1714,1,0,2,3,2,1,2
1715,1,0,2,3,2,1,2
1716,1,0,0,0,2,2,1
1717,1,0,3,1,2,1,2
1718,1,0,1,2,1,2,1
1719,0,0,1,2,0,0,1
1720,1,0,2,3,2,1,2
1721,1,0,2,3,2,1,2
1722,1,0,3,1,2,1,1
1723,1,0,1,2,1,1,1
1724,1,0,2,3,2,1,2
1725,1,0,2,3,2,1,2
1726,1,0,2,3,2,1,2
1727,1,0,2,3,2,1,2
1728,1,0,0,0,1,2,0
1729,1,0,3,1,2,1,2
1730,1,0,2,3,2,1,2
1731,0,0,2,3,1,2,1
1732,1,0,3,1,2,1,2
1733,1,0,3,1,2,1,2
1734,1,0,3,1,2,1,2
1735,0,0,1,2,1,2,1
1736,1,0,3,1,2,1,2
1737,1,0,2,3,2,1,2
1738,1,0,2,3,2,1,2
1739,1,0,3,1,2,1,2
1740,1,0,3,1,2,1,2
1741,1,0,3,1,0,0,1
1742,1,0,2,3,2,1,2
1743,1,0,2,3,2,1,2
1744,1,0,3,1,1,1,1
1745,1,0,3,1,2,1,2
1746,0,0,4,3,2,1,1
1747,1,0,2,3,1,1,1
1748,1,0,1,2,1,1,1
1749,1,0,2,3,2,1,2
1750,1,0,3,1,2,1,2
1751,1,0,3,1,2,1,2
1752,1,0,2,3,2,1,1
1753,1,0,2,3,2,1,2
1754,0,0,1,2,0,0,1
1755,0,0,1,2,0,0,1
1756,0,0,1,2,1,1,1
1757,1,0,2,3,2,1,2
1758,1,0,2,3,2,1,2
1759,1,0,2,3,2,1,2
1760,1,0,1,2,1,1,1
1761,1,0,2,3,2,1,2
1762,1,0,2,3,2,1,2
1763,1,0,2,3,2,1,2
1764,1,0,2,3,2,1,2
1765,1,0,3,1,2,1,2
1766,0,0,2,3,1,1,1
1767,1,0,2,3,2,1,2
1768,1,0,2,3,2,1,2
1769,1,0,2,3,2,1,2
1770,1,0,2,3,2,1,2
1771,1,0,2,3,2,1,2
1772,1,0,3,1,2,1,2
1773,1,0,3,1,2,1,2
1774,1,0,2,3,2,1,2
1775,1,0,1,2,1,1,1
1776,1,0,2,3,1,2,1
1777,1,0,1,2,1,1,1
1778,1,0,2,3,2,2,1
1779,1,0,2,3,2,1,2
1780,1,0,2,3,2,1,2
1781,1,0,1,2,1,2,1
1782,1,0,3,1,2,1,2
1783,1,0,3,1,2,1,2
1784,1,0,3,1,2,1,2
1785,1,0,3,1,2,1,2
1786,1,0,2,3,2,1,2
1787,1,0,3,1,2,1,2
1788,1,0,3,1,2,1,2
1789,1,0,2,3,2,1,2
1790,1,0,3,1,2,1,2
1791,0,0,1,2,1,1,1
1792,1,0,2,3,2,1,1
1793,1,0,2,3,2,1,2
1794,1,0,2,3,2,1,2
1795,1,0,2,3,2,1,2
1796,1,0,2,3,2,1,2
1797,1,0,3,1,2,1,2
1798,1,0,3,1,2,1,2
1799,1,0,2,3,2,1,2
1800,1,0,1,2,1,1,1
1801,1,0,2,3,2,1,2
1802,1,0,2,3,2,1,2
1803,1,0,3,1,2,1,2
1804,1,0,3,1,2,1,2
1805,1,0,1,2,1,2,1
1806,1,0,3,1,2,1,2
1807,1,0,1,2,1,1,1
1808,1,0,2,3,2,1,2
1809,1,0,2,3,2,1,2
1810,1,0,3,1,2,1,2
1811,1,0,2,3,2,1,2
1812,1,0,2,3,2,1,2
1813,1,0,3,1,2,1,2
1814,1,0,3,1,2,1,2
1815,1,0,0,0,1,2,0
1816,1,0,2,3,2,1,2
1817,1,0,0,0,1,2,0
1818,1,0,2,3,2,1,2
1819,1,0,3,1,2,1,2
1820,1,0,2,3,1,2,1
1821,0,0,1,2,1,2,1
1822,1,0,3,1,2,1,2
1823,1,0,2,3,2,1,2
1824,1,0,1,2,1,2,1
1825,1,0,2,3,1,1,1
1826,1,0,2,3,2,1,2
1827,0,0,4,5,2,2,1
1828,1,0,1,2,1,2,1
1829,1,0,2,3,2,1,2
1830,1,0,2,3,2,1,2
1831,1,0,2,3,2,1,2
1832,1,0,3,1,2,1,2
1833,0,0,4,5,2,2,1
1834,1,0,3,1,2,1,2
1835,1,0,2,3,2,1,2
1836,0,0,1,2,1,1,1
1837,1,0,3,1,2,1,2
1838,1,0,2,3,1,2,1
1839,1,0,2,3,2,1,2
1840,1,0,2,3,2,1,2
1841,1,0,1,2,1,1,1
1842,1,0,3,1,2,1,2
1843,1,0,2,3,2,1,2
1844,1,0,2,3,2,1,2
1845,1,0,2,3,2,1,2
1846,1,0,3,1,2,1,2
1847,0,0,1,2,1,1,1
1848,1,0,2,3,2,1,2
1849,1,0,0,0,2,2,1
1850,1,0,3,1,2,1,2
1851,1,0,2,3,2,1,2
1852,1,0,2,3,2,1,2
1853,1,0,1,2,1,1,1
1854,0,0,1,2,0,0,1
1855,1,0,2,3,2,1,2
1856,1,0,3,1,2,1,2
1857,1,0,3,1,2,1,2
1858,1,0,3,1,2,1,2
1859,1,0,2,3,2,1,2
1860,1,0,3,1,2,1,2
1861,1,0,2,3,2,1,2
1862,1,0,3,1,2,1,2
1863,1,0,2,3,2,1,2
1864,1,0,3,1,2,1,2
1865,1,0,2,3,1,2,1
1866,1,0,3,1,2,1,2
1867,1,0,1,2,1,1,1
1868,1,0,2,3,2,1,2
1869,1,0,3,1,2,1,2
1870,1,0,2,3,2,1,2
1871,1,0,3,1,2,1,2
1872,1,0,3,1,2,1,2
1873,1,0,3,1,2,1,2
1874,1,0,3,1,2,1,2
1875,0,0,4,6,1,1,1
1876,1,0,2,3,2,1,2
1877,1,0,2,3,2,1,2
1878,1,0,3,1,2,1,2
1879,1,0,2,3,2,1,2
1880,1,0,3,1,2,1,2
1881,1,0,1,2,1,2,1
1882,1,0,2,3,1,2,1
1883,1,0,2,3,1,2,1
1884,1,0,2,3,2,1,2
1885,1,0,2,3,2,1,2
1886,1,0,1,2,1,1,1
1887,1,0,2,3,2,2,1
1888,1,0,3,1,2,1,2
1889,1,0,1,2,1,1,1
1890,1,0,3,1,2,1,2
1891,1,0,1,2,1,1,1
1892,1,0,2,3,2,1,2
1893,1,0,2,3,2,1,2
1894,1,0,1,2,1,1,1
1895,1,0,3,1,2,1,2
1896,1,0,3,1,2,1,2
1897,1,0,1,2,0,0,1
1898,1,0,1,2,1,1,1
1899,1,0,2,3,2,1,2
1900,1,0,1,2,1,2,1
1901,1,0,2,3,2,1,2
1902,1,0,3,1,2,1,2
1903,1,0,0,0,1,1,1
1904,1,0,2,3,2,1,2
1905,1,0,3,1,2,1,2
1906,1,0,2,3,2,1,2
1907,1,0,3,1,2,1,2
1908,1,0,1,2,1,1,1
1909,1,0,2,3,2,1,1
1910,1,0,2,3,2,1,2
1911,1,0,2,3,2,1,2
1912,1,0,3,1,2,1,2
1913,0,0,1,2,1,1,1
1914,1,0,2,3,2,1,2
1915,1,0,1,2,1,1,1
1916,1,0,2,3,2,1,2
1917,1,0,2,3,2,1,2
1918,1,0,1,2,1,1,1
1919,1,0,3,1,2,1,2
1920,1,0,2,3,2,1,2
1921,1,0,3,1,2,1,2
1922,1,0,2,3,2,1,2
1923,1,0,3,1,2,1,2
1924,1,0,1,2,1,1,1
1925,0,0,1,2,1,1,1
1926,1,0,1,2,1,1,1
1927,1,0,1,2,1,1,1
1928,1,0,3,1,2,1,2
1929,1,0,1,2,1,1,1
1930,1,0,2,3,2,1,2
1931,1,0,2,3,2,1,2
1932,1,0,2,3,2,1,2
1933,1,0,3,1,2,1,2
1934,1,0,3,1,2,1,2
1935,1,0,2,3,2,1,2
1936,1,0,3,1,2,1,2
1937,0,0,4,5,2,2,1
1938,1,0,2,3,2,1,2
1939,1,0,3,1,2,1,2
1940,1,0,2,3,2,1,2
1941,0,0,4,5,2,2,1
1942,0,0,1,2,1,1,1
1943,0,0,1,2,2,1,2
1944,1,0,3,1,2,1,2
1945,1,0,3,1,2,1,2
1946,1,0,1,2,1,1,1
1947,1,0,2,3,2,1,2
1948,1,0,2,3,2,1,2
1949,1,0,2,3,1,1,1
1950,1,0,3,1,2,1,2
1951,1,0,1,2,2,2,1
1952,0,0,4,5,2,2,1
1953,1,0,2,3,2,1,2
1954,1,0,2,3,2,1,2
1955,1,0,1,2,1,1,1
1956,1,0,2,3,2,1,2
1957,1,0,2,3,2,1,2
1958,1,0,2,3,2,1,2
1959,1,0,3,1,2,1,2
1960,1,0,3,1,2,1,2
1961,1,0,2,3,2,1,2
1962,1,0,2,3,2,1,2
1963,1,0,1,2,0,0,1
1964,1,0,1,2,1,1,1
1965,1,0,3,1,2,1,2
1966,1,0,1,2,1,2,1
1967,1,0,2,3,2,1,2
1968,1,0,2,3,2,1,2
1969,1,0,1,2,1,1,1
1970,1,0,2,3,2,1,2
1971,1,0,2,3,2,1,2
1972,1,0,2,3,2,1,2
1973,1,0,3,1,2,1,2
1974,1,0,1,2,1,1,1
1975,1,0,2,3,2,1,2
1976,1,0,4,5,2,2,2
1977,1,0,3,1,2,1,2
1978,1,0,2,3,2,1,2
1979,1,0,1,2,1,2,1
1980,1,0,2,3,2,1,2
1981,1,0,3,1,2,1,2
1982,1,0,2,3,2,1,2
1983,1,0,3,1,1,1,1
1984,1,0,2,3,2,1,2
1985,1,0,2,3,2,1,2
1986,1,0,3,1,2,1,2
1987,1,0,2,3,2,1,2
1988,1,0,2,3,2,1,2
1989,1,0,3,1,2,1,2
1990,1,0,2,3,2,1,2
1991,1,0,2,3,2,1,2
1992,1,0,1,2,1,1,1
1993,1,0,1,2,1,1,1
1994,1,0,3,1,2,1,2
1995,1,0,2,3,2,1,2
1996,1,0,2,3,2,1,2
1997,0,0,4,6,1,2,1
1998,1,0,3,1,2,1,2
1999,1,0,2,3,2,1,2
2000,1,0,3,1,2,1,2
2001,1,0,1,2,1,2,1
2002,1,0,2,3,2,1,2
2003,1,0,3,1,2,1,2
2004,1,0,2,3,2,1,2
2005,1,0,2,3,2,1,2
2006,1,0,2,3,2,1,2
2007,1,0,3,1,2,1,2
2008,1,0,1,2,1,1,1
2009,1,0,2,3,2,1,2
2010,1,0,3,1,2,1,2
2011,1,0,1,2,1,1,1
2012,1,0,3,1,2,1,2
2013,1,0,2,3,2,1,2
2014,1,0,1,2,1,1,1
2015,1,0,2,3,2,1,2
2016,1,0,2,3,2,1,2
2017,1,0,2,3,2,1,2
2018,1,0,2,3,2,1,2
2019,1,0,1,2,1,1,1
2020,1,0,2,3,1,1,1
2021,1,0,2,3,2,1,2
2022,1,0,1,2,1,1,1
2023,1,0,1,2,1,1,1
2024,1,0,1,2,1,2,1
2025,1,0,2,3,2,1,1
2026,1,0,1,2,1,1,1
2027,1,0,2,3,2,1,2
2028,1,0,2,3,1,1,1
2029,1,0,2,3,2,1,2
2030,1,0,3,1,2,1,2
2031,1,0,1,2,1,1,1
2032,1,0,3,1,2,1,2
2033,1,0,1,2,1,1,1
2034,1,0,3,1,2,1,2
2035,1,0,2,3,2,1,2
2036,1,0,3,1,2,1,2
2037,1,0,1,2,1,1,1
2038,1,0,3,1,2,1,2
2039,1,0,2,3,2,1,2
2040,1,0,2,3,2,1,2
2041,1,0,2,3,2,1,2
2042,0,0,4,3,2,1,1
2043,0,0,1,2,0,0,1
2044,1,0,2,3,2,1,2
2045,1,0,2,3,2,1,2
2046,1,0,0,0,2,2,1
2047,1,0,2,3,2,1,2
2048,1,0,1,2,1,2,1
2049,1,0,3,1,2,1,2
2050,1,0,2,3,1,2,1
2051,1,0,3,1,2,1,2
2052,1,0,1,2,1,2,1
2053,1,0,3,1,2,1,2
2054,1,0,2,3,2,1,2
2055,1,0,2,3,1,2,1
2056,1,0,3,1,2,1,2
2057,1,0,2,3,1,2,1
2058,1,0,2,3,2,1,2
2059,1,0,2,3,2,1,2
2060,1,0,1,2,1,2,1
2061,1,0,3,1,2,1,2
2062,1,0,2,3,2,1,2
2063,1,0,1,2,1,1,1
2064,1,0,2,3,2,1,2
2065,1,0,1,2,1,1,1
2066,1,0,1,2,2,2,1
2067,1,0,3,1,2,1,2
2068,1,0,2,3,2,1,2
2069,1,0,2,3,2,1,2
2070,1,0,2,3,2,1,2
2071,1,0,3,1,2,1,2
2072,1,0,0,0,1,2,0
2073,1,0,2,3,2,1,2
2074,1,0,1,2,1,1,1
2075,1,0,3,1,2,1,2
2076,1,0,2,3,2,1,2
2077,1,0,1,2,1,1,1
2078,1,0,2,3,2,1,2
2079,1,0,2,3,2,1,2
2080,0,0,4,6,1,2,2
2081,1,0,2,3,2,2,1
2082,1,0,3,1,2,1,2
2083,1,0,1,2,1,1,1
2084,1,0,2,3,2,1,2
2085,1,0,2,3,2,2,1
2086,1,0,1,2,1,1,1
2087,1,0,1,2,1,1,1
2088,1,0,2,3,2,1,2
2089,1,0,3,1,2,1,2
2090,1,0,3,1,2,1,2
2091,0,0,4,6,0,0,1
2092,1,0,2,3,2,1,2
2093,1,0,3,1,2,1,2
2094,1,0,2,3,2,1,2
2095,1,0,3,1,2,1,2
2096,1,0,2,3,2,1,2
2097,1,0,2,3,2,1,2
2098,1,0,2,3,2,1,2
2099,1,0,2,3,2,1,2
2100,1,0,1,2,1,1,1
2101,1,0,2,3,2,1,2
2102,0,0,1,2,0,0,1
2103,1,0,1,2,1,1,1
2104,1,0,1,2,2,2,1
2105,1,0,2,3,2,1,2
2106,1,0,2,3,2,1,2
2107,1,0,2,3,2,1,2
2108,1,0,1,2,1,1,1
2109,1,0,2,3,2,1,2
2110,1,0,2,3,2,1,2
2111,1,0,2,3,2,1,2
2112,1,0,1,2,1,1,1
2113,1,0,2,3,2,1,2
2114,1,0,3,1,2,1,2
2115,1,0,2,3,2,1,2
2116,0,0,1,2,1,1,1
2117,1,0,2,3,2,1,2
2118,1,0,2,3,2,1,2
2119,1,0,3,1,2,1,2
2120,1,0,1,2,2,2,1
2121,1,0,3,1,2,1,2
2122,1,0,1,2,1,1,1
2123,1,0,2,3,2,1,2
2124,1,0,2,3,2,1,2
2125,1,0,1,2,1,1,1
2126,0,0,2,3,2,2,0
2127,1,0,3,1,2,1,2
2128,1,0,2,3,0,0,0
2129,1,0,2,3,2,1,2
2130,1,0,2,3,2,1,2
2131,1,0,1,2,1,1,1
2132,1,0,3,1,2,1,2
2133,1,0,1,2,1,1,1
2134,1,0,2,3,2,1,2
2135,1,0,3,1,2,1,2
2136,1,0,2,3,2,1,2
2137,1,0,2,3,2,1,2
2138,1,0,2,3,1,2,1
2139,1,0,3,1,2,1,2
2140,1,0,3,1,2,1,2
2141,1,0,2,3,2,1,2
2142,1,0,2,3,2,1,2
2143,1,0,3,1,2,1,2
2144,1,0,1,2,1,1,1
2145,1,0,1,2,1,1,1
2146,1,0,1,2,1,1,1
2147,0,0,4,6,1,2,1
2148,1,0,3,1,2,1,2
2149,1,0,3,1,2,1,2
2150,0,0,4,6,1,2,1
2151,1,0,2,3,2,1,2
2152,1,0,2,3,2,1,2
2153,1,0,1,2,1,1,1
2154,1,0,1,2,1,2,1
2155,1,0,3,1,2,1,2
2156,1,0,1,2,1,1,1
2157,1,0,2,3,2,1,2
2158,1,0,2,3,2,1,2
2159,1,0,2,3,2,1,2
2160,1,0,2,3,2,1,1
2161,1,0,2,3,2,1,2
2162,1,0,2,3,2,1,2
2163,1,0,2,3,2,1,2
2164,0,0,4,3,2,1,1
2165,1,0,1,2,1,1,1
2166,1,0,2,3,2,1,2
2167,1,0,3,1,2,1,2
2168,1,0,1,2,1,1,1
2169,1,0,2,3,2,1,2
2170,1,0,2,3,2,1,2
2171,0,0,1,2,0,0,1
2172,1,0,3,1,2,1,2
2173,0,0,1,2,1,1,1
2174,1,0,1,2,1,1,1
2175,1,0,2,3,2,1,2
2176,1,0,2,3,2,1,2
2177,0,0,4,6,1,2,1
2178,1,0,2,3,2,1,2
2179,1,0,2,3,2,1,2
2180,1,0,1,2,1,2,1
2181,1,0,3,1,2,1,2
2182,1,0,1,2,2,2,1
2183,1,0,2,3,1,1,2
2184,1,0,1,2,1,1,1
2185,1,0,2,3,2,1,2
2186,1,0,2,3,2,2,1
2187,1,0,3,1,2,1,2
2188,1,0,2,3,1,2,1
2189,1,0,2,3,2,1,2
2190,1,0,2,3,1,2,1
2191,1,0,3,1,2,1,2
2192,1,0,3,1,2,1,2
2193,1,0,3,1,2,1,2
2194,1,0,2,3,2,1,2
2195,1,0,4,5,2,2,2
2196,1,0,2,3,2,2,1
2197,1,0,1,2,1,1,1
2198,1,0,1,2,1,1,1
2199,1,0,3,1,2,1,2
2200,1,0,3,1,2,1,2
2201,1,0,2,3,2,1,2
2202,1,0,2,3,2,1,2
2203,1,0,2,3,1,2,1
2204,1,0,3,1,2,1,2
2205,1,0,1,2,1,1,1
2206,1,0,2,3,2,1,2
2207,0,0,1,2,1,1,1
2208,1,0,1,2,1,1,1
2209,1,0,2,3,2,1,2
2210,1,0,1,2,1,2,1
2211,1,0,1,2,1,1,1
2212,1,0,2,3,2,1,2
2213,1,0,3,1,2,1,2
2214,1,0,2,3,1,0,1
2215,1,0,1,2,1,1,1
2216,1,0,1,2,1,1,1
2217,1,0,2,3,2,1,2
2218,1,0,1,2,1,1,1
2219,1,0,3,1,2,1,2
2220,1,0,3,1,1,1,1
2221,0,0,4,5,2,1,1
2222,1,0,2,3,2,1,2
2223,1,0,3,1,2,1,2
2224,1,0,0,0,1,2,0
2225,1,0,0,0,2,2,1
2226,1,0,3,1,2,1,2
2227,1,0,1,2,1,2,1
2228,1,0,1,2,1,1,1
2229,1,0,3,1,2,1,2
2230,1,0,2,3,2,1,2
2231,0,0,2,3,1,1,1
2232,1,0,2,3,2,1,2
2233,1,0,2,3,2,1,2
2234,1,0,2,3,2,1,2
2235,1,0,1,2,1,2,1
2236,1,0,2,3,2,1,2
2237,1,0,3,1,1,1,1
2238,1,0,2,3,2,1,2
2239,1,0,2,3,2,1,2
2240,1,0,2,3,2,1,1
2241,0,0,1,2,1,1,1
2242,1,0,1,2,1,1,1
2243,1,0,2,3,2,1,2
2244,1,0,2,3,2,1,2
2245,1,0,3,1,2,1,2
2246,1,0,3,1,2,1,2
2247,0,0,1,2,1,1,1
2248,1,0,2,3,2,1,2
2249,1,0,3,1,2,1,2
2250,1,0,1,2,1,2,1
2251,1,0,2,3,2,1,2
2252,1,0,0,0,2,2,1
2253,1,0,3,1,2,1,2
2254,1,0,1,2,1,2,1
2255,1,0,3,1,2,1,2
2256,1,0,2,3,2,1,2
2257,1,0,2,3,2,1,2
2258,1,0,3,1,2,1,2
2259,1,0,2,3,2,1,2
2260,1,0,2,3,2,1,2
2261,1,0,1,2,1,1,1
2262,1,0,3,1,2,1,2
2263,1,0,1,2,1,2,1
2264,1,0,3,1,2,1,2
2265,1,0,2,3,2,1,2
2266,1,0,2,3,2,1,2
2267,1,0,2,3,2,1,2
2268,1,0,2,3,2,1,2
2269,1,0,2,3,2,1,2
2270,1,0,1,2,1,1,1
2271,1,0,2,3,2,1,2
2272,1,0,3,1,2,1,2
2273,1,0,2,3,1,2,1
2274,1,0,3,1,2,1,2
2275,1,0,1,2,1,1,1
2276,1,0,1,2,1,1,1
2277,1,0,2,3,2,1,2
2278,1,0,2,3,1,1,1
2279,1,0,3,1,2,1,2
2280,1,0,1,2,1,2,1
2281,1,0,3,1,2,1,2
2282,1,0,2,3,2,1,2
2283,1,0,3,1,2,1,2
2284,1,0,2,3,2,1,2
2285,1,0,2,3,2,1,2
2286,0,0,4,6,1,2,1
2287,1,0,1,2,1,2,1
2288,1,0,2,3,2,1,2
2289,1,0,2,3,2,1,2
2290,1,0,2,3,2,1,2
2291,0,0,1,2,2,2,1
2292,1,0,2,3,2,1,2
2293,1,0,2,3,2,1,2
2294,1,0,3,1,1,1,1
2295,1,0,2,3,2,1,2
2296,1,0,3,1,2,1,2
2297,1,0,2,3,2,1,2
2298,1,0,0,0,2,2,1
2299,1,0,2,3,2,1,2
2300,1,0,2,3,2,1,2
2301,0,0,4,5,2,1,1
2302,1,0,2,3,2,1,2
2303,1,0,2,3,2,1,2
2304,1,0,3,1,2,1,2
2305,1,0,3,1,2,1,2
2306,1,0,2,3,2,1,2
2307,1,0,2,3,2,1,2
2308,1,0,2,3,2,1,2
2309,1,0,2,3,2,1,2
2310,0,0,4,3,2,1,1
2311,1,0,3,1,2,1,2
2312,1,0,2,3,2,1,2
2313,1,0,1,2,0,0,1
2314,1,0,1,2,1,1,1
2315,1,0,1,2,2,2,1
2316,1,0,2,3,2,1,2
2317,1,0,1,2,1,1,1
2318,1,0,2,3,2,1,2
2319,1,0,3,1,2,1,2
2320,1,0,2,3,2,1,2
2321,1,0,3,1,2,1,2
2322,1,0,1,2,1,1,1
2323,1,0,3,1,2,1,2
2324,1,0,1,2,1,1,1
2325,1,0,2,3,2,1,2
2326,1,0,2,3,2,1,2
2327,1,0,3,1,2,1,2
2328,1,0,2,3,2,1,2
2329,0,0,2,3,1,1,1
2330,1,0,2,3,2,1,2
2331,1,0,3,1,2,1,2
2332,1,0,3,1,2,1,2
2333,1,0,2,3,2,1,2
2334,1,0,3,1,2,1,2
2335,1,0,3,1,2,1,2
2336,1,0,2,3,2,1,2
2337,1,0,3,1,2,1,2
2338,1,0,2,3,2,1,2
2339,1,0,2,3,2,1,2
2340,0,0,4,6,1,2,1
2341,1,0,3,1,2,1,2
2342,1,0,2,3,2,1,2
2343,1,0,3,1,2,1,2
2344,1,0,2,3,2,1,2
2345,1,0,3,1,2,1,2
2346,0,0,4,2,2,2,1
2347,1,0,2,3,2,1,2
2348,1,0,2,3,2,1,2
2349,1,0,2,3,2,1,2
2350,1,0,2,3,2,1,2
2351,1,0,2,3,2,1,2
2352,1,0,2,3,2,1,2
2353,1,0,2,3,1,2,1
2354,1,0,3,1,2,1,2
2355,1,0,2,3,2,1,2
2356,1,0,2,3,2,1,2
2357,1,0,2,3,1,2,1
2358,1,0,2,3,2,1,2
2359,1,0,2,3,2,1,2
2360,1,0,2,3,2,1,2
2361,1,0,1,2,1,1,1
2362,1,0,1,2,1,1,1
2363,1,0,3,1,2,1,2
2364,1,0,0,0,1,2,0
2365,1,0,3,1,2,1,2
2366,1,0,2,3,2,1,2
2367,1,0,2,3,2,1,2
2368,1,0,2,3,2,1,2
2369,1,0,2,3,2,1,2
2370,1,0,2,3,2,1,2
2371,1,0,3,1,2,1,2
2372,1,0,3,1,2,1,2
2373,1,0,3,1,2,1,2
2374,1,0,3,1,2,1,2
2375,1,0,2,3,2,1,2
2376,1,0,2,3,2,1,2
2377,1,0,3,1,2,1,2
2378,1,0,1,2,1,2,1
2379,1,0,3,1,2,1,2
2380,1,0,2,3,2,1,2
2381,1,0,2,3,2,1,2
2382,1,0,2,3,2,1,2
2383,1,0,2,3,2,1,2
2384,0,0,2,3,1,1,1
2385,1,0,2,3,2,1,2
2386,1,0,2,3,2,1,1
2387,1,0,2,3,2,1,2
2388,1,0,3,1,2,1,2
2389,1,0,2,3,2,1,2
2390,1,0,3,1,2,1,2
2391,1,0,1,2,1,2,1
2392,1,0,1,2,1,1,1
2393,1,0,3,1,2,1,2
2394,0,0,4,6,1,2,1
2395,1,0,1,2,1,2,1
2396,1,0,1,2,1,1,1
2397,1,0,0,0,2,2,1
2398,1,0,3,1,2,1,2
2399,1,0,1,2,1,1,1
2400,1,0,2,3,2,1,2
2401,1,0,3,1,2,1,2
2402,1,0,1,2,1,1,1
2403,1,0,2,3,2,1,2
2404,1,0,3,1,2,1,2
2405,1,0,2,3,2,1,2
2406,1,0,1,2,1,1,1
2407,1,0,3,1,2,1,2
2408,1,0,2,3,2,1,2
2409,1,0,2,3,1,2,1
2410,1,0,3,1,2,1,2
2411,1,0,2,3,2,1,2
2412,1,0,3,1,2,1,2
2413,1,0,2,3,2,1,2
2414,1,0,2,3,2,1,2
2415,1,0,3,1,2,1,2
2416,1,0,2,3,2,1,2
2417,1,0,1,2,1,1,1
2418,1,0,3,1,2,1,2
2419,1,0,2,3,2,1,2
2420,1,0,2,3,2,1,2
2421,1,0,3,1,2,1,2
2422,1,0,3,1,2,1,1
2423,1,0,3,1,2,1,2
2424,1,0,3,1,2,1,2
2425,1,0,3,1,2,1,2
2426,1,0,2,3,1,1,1
2427,1,0,2,3,2,1,2
2428,1,0,1,2,1,2,1
2429,1,0,2,3,2,1,2
2430,0,0,4,3,2,1,1
2431,1,0,2,3,2,1,2
2432,1,0,3,1,2,1,2
2433,1,0,3,1,2,1,2
2434,1,0,1,2,1,1,1
2435,1,0,2,3,2,1,2
2436,1,0,1,2,1,1,1
2437,1,0,1,2,1,2,1
2438,1,0,3,1,1,1,1
2439,1,0,2,3,2,1,2
2440,1,0,2,3,2,1,2
2441,1,0,3,1,2,1,2
2442,1,0,1,2,1,1,1
2443,0,0,1,2,1,1,1
2444,1,0,1,2,1,2,1
2445,1,0,2,3,2,1,2
2446,1,0,0,0,1,2,0
2447,1,0,2,3,2,1,2
2448,1,0,0,0,2,2,1
2449,1,0,3,1,2,1,2
2450,1,0,1,2,1,1,1
2451,1,0,3,1,2,1,2
2452,1,0,2,3,1,1,2
2453,1,0,1,2,1,1,1
2454,1,0,2,3,2,1,2
2455,1,0,2,3,2,1,2
2456,1,0,0,0,2,2,1
2457,1,0,3,1,2,1,2
2458,1,0,2,3,2,1,2
2459,1,0,4,5,2,2,2
2460,1,0,2,3,2,1,2
2461,1,0,3,1,2,1,2
2462,1,0,2,3,2,1,2
2463,1,0,2,3,2,1,2
2464,1,0,2,3,2,1,2
2465,1,0,3,1,2,1,2
2466,1,0,3,1,2,1,2
2467,1,0,3,1,2,1,2
2468,1,0,3,1,2,1,2
2469,1,0,1,2,1,1,1
2470,1,0,3,1,2,1,2
2471,1,0,3,1,2,1,2
2472,1,0,4,5,2,2,2
2473,1,0,2,3,2,1,2
2474,1,0,2,3,2,1,2
2475,0,0,1,2,1,1,1
2476,1,0,2,3,2,1,2
2477,1,0,1,2,1,1,1
2478,1,0,2,3,1,2,1
2479,1,0,2,3,2,1,2
2480,0,0,4,6,0,0,1
2481,1,0,2,3,2,1,2
2482,1,0,2,3,2,1,2
2483,1,0,2,3,1,1,1
2484,1,0,2,3,2,1,2
2485,1,0,1,2,1,1,1
2486,1,0,2,3,2,1,2
2487,1,0,1,2,1,1,1
2488,1,0,1,2,1,1,1
2489,0,0,4,3,1,1,1
2490,1,0,3,1,2,1,2
2491,1,0,2,3,2,1,2
2492,1,0,3,1,2,1,2
2493,1,0,1,2,1,1,1
2494,1,0,1,2,1,1,1
2495,1,0,3,1,2,1,2
2496,1,0,3,1,2,1,2
2497,1,0,2,3,2,1,2
2498,1,0,1,2,0,0,1
2499,1,0,1,2,1,2,1
2500,1,0,2,3,2,1,2
2501,1,0,1,2,1,1,1
2502,0,0,1,2,1,2,1
2503,1,0,2,3,2,1,2
2504,1,0,2,3,2,1,2
2505,1,0,2,3,2,1,2
2506,1,0,1,2,0,0,1
2507,1,0,3,1,2,1,2
2508,1,0,2,3,2,1,2
2509,1,0,1,2,1,2,1
2510,1,0,2,3,2,1,2
2511,1,0,1,2,1,1,1
2512,1,0,0,0,2,2,1
2513,1,0,1,2,0,0,1
2514,1,0,2,3,2,1,2
2515,1,0,3,1,2,1,2
2516,1,0,2,3,2,1,2
2517,1,0,0,0,2,2,1
2518,1,0,2,3,2,1,2
2519,1,0,3,1,2,1,2
2520,1,0,3,1,2,1,2
2521,1,0,3,1,2,1,2
2522,1,0,1,2,1,1,1
2523,1,0,3,1,2,1,2
2524,1,0,2,3,2,1,2
2525,1,0,2,3,2,1,2
2526,0,0,2,3,1,2,1
2527,1,0,2,3,2,1,2
2528,1,0,2,3,2,1,2
2529,1,0,3,1,2,1,2
2530,1,0,3,1,2,1,2
2531,1,0,2,3,1,2,1
2532,1,0,1,2,1,1,1
2533,1,0,2,3,2,1,2
2534,1,0,3,1,2,1,2
2535,1,0,0,0,1,2,0
2536,1,0,2,3,2,1,2
2537,1,0,2,3,2,1,2
2538,1,0,3,1,2,1,2
2539,1,0,2,3,2,1,2
2540,1,0,3,1,2,1,2
2541,1,0,2,3,1,1,1
2542,1,0,3,1,2,1,2
2543,1,0,2,3,2,1,2
2544,1,0,1,2,1,1,1
2545,1,0,2,3,2,1,2
2546,1,0,2,3,2,1,2
2547,1,0,2,3,2,1,2
2548,1,0,2,3,2,1,2
2549,1,0,3,1,2,1,2
2550,1,0,1,2,1,1,1
2551,1,0,1,2,1,1,1
2552,1,0,1,2,1,1,1
2553,1,0,2,3,2,1,2
2554,1,0,1,2,1,1,1
2555,1,0,1,2,0,0,1
2556,1,0,2,3,2,1,2
2557,1,0,3,1,2,1,2
2558,1,0,2,3,2,1,2
2559,1,0,1,2,1,2,1
2560,1,0,2,3,2,1,1
2561,1,0,3,1,2,1,2
2562,1,0,3,1,2,1,2
2563,1,0,1,2,1,2,1
2564,1,0,2,3,2,1,2
2565,1,0,1,2,1,1,1
2566,1,0,2,3,2,1,2
2567,0,0,1,2,0,0,1
2568,1,0,3,1,2,1,2
2569,1,0,3,1,2,1,2
2570,1,0,2,3,2,1,2
2571,1,0,2,3,2,1,2
2572,1,0,2,3,2,1,2
2573,1,0,2,3,2,1,2
2574,1,0,3,1,2,1,2
2575,1,0,3,1,2,1,2
2576,0,0,4,5,2,1,1
2577,1,0,1,2,1,1,1
2578,1,0,1,2,1,1,1
2579,1,0,3,1,2,1,2
2580,1,0,1,2,1,2,1
2581,1,0,2,3,2,1,2
2582,1,0,3,1,2,1,2
2583,1,0,1,2,1,1,1
2584,1,0,2,3,2,1,2
2585,1,0,2,3,2,1,2
2586,1,0,2,3,2,1,2
2587,1,0,1,2,1,2,1
2588,1,0,3,1,2,1,2
2589,1,0,1,2,1,1,1
2590,1,0,2,3,2,1,2
2591,1,0,2,3,2,1,2
2592,1,0,1,2,1,1,1
2593,1,0,1,2,1,1,1
2594,0,0,4,2,1,1,1
2595,1,0,2,3,2,1,2
2596,1,0,3,1,2,1,2
2597,1,0,1,2,1,1,1
2598,1,0,3,1,2,1,2
2599,1,0,2,3,2,1,2
2600,1,0,2,3,2,1,2
2601,1,0,2,3,2,1,2
2602,1,0,2,3,2,1,2
2603,1,0,0,0,2,2,1
2604,1,0,2,3,2,1,2
2605,1,0,2,3,2,1,2
2606,1,0,3,1,2,1,2
2607,1,0,1,2,1,1,1
2608,1,0,3,1,2,1,2
2609,1,0,1,2,1,1,1
2610,1,0,3,1,2,1,2
2611,1,0,1,2,1,2,1
2612,1,0,2,3,2,1,2
2613,1,0,1,2,1,1,1
2614,1,0,3,1,2,1,2
2615,1,0,1,2,1,1,1
2616,1,0,2,3,2,1,2
2617,1,0,4,5,2,2,2
2618,1,0,3,1,1,1,1
2619,1,0,2,3,2,1,2
2620,1,0,1,2,1,2,1
2621,1,0,3,1,2,1,2
2622,0,0,1,2,1,1,1
2623,1,0,3,1,2,1,2
2624,1,0,2,3,2,1,2
2625,1,0,3,1,2,1,1
2626,1,0,3,1,2,1,2
2627,1,0,2,3,2,1,2
2628,1,0,2,3,2,1,2
2629,1,0,3,1,2,1,2
2630,1,0,2,3,2,1,2
2631,1,0,3,1,2,1,2
2632,1,0,2,3,2,1,2
2633,1,0,1,2,0,0,0
2634,1,0,1,2,1,1,1
2635,1,0,2,3,2,1,2
2636,1,0,3,1,2,1,2
2637,1,0,1,2,2,2,1
2638,1,0,2,3,2,1,2
2639,1,0,2,3,2,1,2
2640,1,0,2,3,2,1,2
2641,1,0,2,3,2,1,2
2642,0,0,4,3,2,1,1
2643,1,0,3,1,2,1,2
2644,1,0,2,3,1,2,1
2645,1,0,2,3,2,1,2
2646,1,0,0,0,1,2,0
2647,1,0,2,3,2,1,2
2648,1,0,2,3,2,1,2
2649,1,0,2,3,2,1,2
2650,1,0,2,3,2,1,2
2651,0,0,4,6,0,0,1
2652,1,0,3,1,2,1,2
2653,1,0,3,1,2,1,2
2654,1,0,2,3,2,1,2
2655,1,0,3,1,2,1,2
2656,1,0,2,3,1,1,1
2657,1,0,3,1,2,1,2
2658,1,0,3,1,2,1,2
2659,1,0,3,1,2,1,2
2660,1,0,2,3,1,2,1
2661,1,0,2,3,1,0,1
2662,1,0,1,2,0,0,1
2663,1,0,3,1,2,1,2
2664,1,0,3,1,2,1,2
2665,1,0,3,1,2,1,2
2666,1,0,3,1,2,1,2
2667,1,0,1,2,1,1,1
2668,1,0,0,0,2,2,1
2669,1,0,3,1,2,1,2
2670,1,0,2,3,1,2,1
2671,1,0,3,1,2,1,2
2672,1,0,2,3,2,1,2
2673,1,0,3,1,2,1,2
2674,1,0,2,3,2,1,2
2675,1,0,2,3,2,1,2
2676,1,0,3,1,2,1,2
2677,0,0,4,6,0,0,1
2678,1,0,2,3,2,1,2
2679,1,0,2,3,2,1,2
2680,1,0,2,3,2,1,2
2681,1,0,2,3,1,0,1
2682,1,0,0,0,1,2,0
2683,1,0,3,1,2,1,2
2684,1,0,2,3,2,1,2
2685,1,0,1,2,1,2,1
2686,1,0,2,3,2,1,2
2687,1,0,1,2,1,2,1
2688,1,0,3,1,2,1,2
2689,1,0,2,3,2,1,2
2690,1,0,2,3,2,1,2
2691,1,0,1,2,1,1,1
2692,0,0,1,2,0,0,1
2693,1,0,0,0,2,2,1
2694,1,0,2,3,2,1,2
2695,1,0,3,1,2,1,2
2696,1,0,2,3,2,1,2
2697,1,0,1,2,1,1,1
2698,1,0,2,3,2,1,2
2699,1,0,2,3,2,1,2
2700,1,0,1,2,0,0,1
2701,1,0,2,3,2,1,2
2702,1,0,1,2,1,1,1
2703,1,0,3,1,2,1,2
2704,1,0,1,2,1,2,1
2705,1,0,3,1,2,1,2
2706,1,0,3,1,2,1,2
2707,1,0,2,3,2,1,2
2708,1,0,3,1,2,1,2
2709,1,0,1,2,1,2,1
2710,1,0,2,3,2,1,2
2711,1,0,2,3,2,1,2
2712,1,0,1,2,1,1,1
2713,1,0,3,1,2,1,2
2714,1,0,2,3,2,1,2
2715,0,0,1,2,1,1,1
2716,1,0,0,0,1,0,1
2717,1,0,2,3,2,1,2
2718,1,0,4,5,2,2,2
2719,1,0,2,3,1,2,1
2720,1,0,3,1,2,1,2
2721,1,0,2,3,2,1,2
2722,1,0,3,1,2,1,2
2723,1,0,3,1,2,1,2
2724,1,0,1,2,1,2,1
2725,1,0,2,3,2,1,2
2726,1,0,2,3,2,1,2
2727,1,0,2,3,2,1,2
2728,1,0,2,3,2,1,2
2729,1,0,3,1,2,1,2
2730,1,0,3,1,2,1,2
2731,1,0,2,3,2,1,2
2732,1,0,3,1,2,1,2
2733,1,0,1,2,1,1,1
2734,1,0,2,3,2,1,2
2735,1,0,3,1,2,1,2
2736,1,0,3,1,2,1,2
2737,1,0,1,2,1,2,1
2738,1,0,1,2,1,1,1
2739,1,0,1,2,1,1,1
2740,1,0,2,3,2,1,2
2741,1,0,3,1,2,1,2
2742,1,0,2,3,2,1,2
2743,1,0,2,3,2,1,2
2744,1,0,2,3,2,1,2
2745,0,0,1,2,0,0,1
2746,1,0,1,2,1,1,1
2747,1,0,3,1,2,1,2
2748,1,0,3,1,2,1,2
2749,1,0,2,3,2,1,2
2750,1,0,3,1,2,1,2
2751,1,0,0,0,2,2,1
2752,1,0,2,3,2,1,2
2753,1,0,2,3,2,1,2
2754,1,0,3,1,2,1,2
2755,1,0,1,2,1,1,1
2756,1,0,2,3,2,1,2
2757,1,0,2,3,2,1,2
2758,1,0,1,2,1,1,1
2759,1,0,2,3,2,1,2
2760,1,0,2,3,2,1,2
2761,1,0,1,2,1,2,1
2762,1,0,2,3,2,1,2
2763,1,0,2,3,2,1,2
2764,1,0,0,0,1,2,0
2765,1,0,2,3,2,1,2
2766,1,0,2,3,2,1,2
2767,1,0,2,3,2,1,2
2768,1,0,1,2,1,1,1
2769,1,0,2,3,2,1,2
2770,1,0,3,1,2,1,2
2771,1,0,1,2,1,1,1
2772,1,0,3,1,2,1,2
2773,1,0,3,1,2,1,2
2774,1,0,3,1,1,1,1
2775,1,0,1,2,1,2,1
2776,1,0,2,3,2,1,2
2777,1,0,2,3,2,1,2
2778,0,0,1,2,1,1,1
2779,1,0,2,3,2,1,2
2780,1,0,2,3,2,1,2
2781,1,0,2,3,2,1,2
2782,1,0,2,3,2,1,2
2783,0,0,1,2,1,1,1
2784,1,0,2,3,2,1,2
2785,1,0,1,2,1,1,1
2786,1,0,3,1,2,1,2
2787,1,0,3,1,2,1,2
2788,1,0,3,1,2,1,2
2789,1,0,1,2,1,1,1
2790,1,0,2,3,1,2,1
2791,1,0,1,2,0,0,1
2792,1,0,1,2,1,1,1
2793,1,0,2,3,2,1,2
2794,1,0,2,3,2,1,2
2795,1,0,2,3,2,1,2
2796,1,0,1,2,1,1,1
2797,1,0,2,3,2,1,2
2798,1,0,1,2,1,1,1
2799,1,0,1,2,1,1,1
2800,1,0,1,2,1,1,1
2801,0,0,4,6,0,0,1
2802,1,0,3,1,2,1,2
2803,1,0,2,3,2,1,2
2804,1,0,2,3,2,1,2
2805,1,0,2,3,2,1,2
2806,1,0,2,3,1,2,1
2807,1,0,1,2,1,1,1
2808,1,0,2,3,2,1,2
2809,1,0,3,1,2,1,2
2810,1,0,1,2,1,2,1
2811,1,0,2,3,2,1,2
2812,0,0,1,2,1,1,1
2813,1,0,3,1,2,1,2
2814,1,0,4,5,2,2,2
2815,1,0,3,1,2,1,2
2816,1,0,2,3,2,1,2
2817,1,0,1,2,1,1,1
2818,1,0,2,3,1,2,1
2819,1,0,2,3,2,1,2
2820,0,0,1,2,1,1,1
2821,1,0,2,3,2,1,2
2822,1,0,2,3,2,1,2
2823,1,0,2,3,2,1,2
2824,1,0,1,2,2,2,1
2825,1,0,2,3,2,1,2
2826,0,0,4,3,2,1,1
2827,1,0,1,2,1,1,1
2828,1,0,2,3,2,1,2
2829,1,0,2,3,2,1,2
2830,1,0,2,3,2,1,2
2831,1,0,1,2,1,1,1
2832,1,0,3,1,2,1,2
2833,1,0,1,2,1,2,1
2834,1,0,1,2,1,2,1
2835,1,0,2,3,2,1,2
2836,1,0,2,3,2,1,2
2837,1,0,2,3,2,1,2
2838,1,0,2,3,2,1,2
2839,0,0,4,6,1,2,2
2840,1,0,3,1,2,1,2
2841,1,0,2,3,2,1,2
2842,1,0,3,1,2,1,2
2843,1,0,1,2,1,2,1
2844,0,0,4,5,2,1,1
2845,1,0,2,3,2,1,2
2846,1,0,2,3,2,1,2
2847,1,0,3,1,2,1,2
2848,1,0,1,2,1,1,1
2849,1,0,2,3,2,1,2
2850,1,0,2,3,2,1,2
2851,1,0,1,2,1,1,1
2852,1,0,0,0,1,2,0
2853,1,0,2,3,2,1,2
2854,1,0,2,3,2,1,2
2855,0,0,2,3,1,1,1
2856,1,0,2,3,2,1,2
2857,1,0,1,2,1,2,1
2858,1,0,1,2,1,1,1
2859,1,0,3,1,2,1,2
2860,1,0,2,3,2,1,2
2861,1,0,1,2,2,2,1
2862,1,0,3,1,2,1,2
2863,1,0,2,3,2,1,2
2864,1,0,3,1,2,1,2
2865,1,0,2,3,2,1,2
2866,1,0,3,1,2,1,2
2867,1,0,3,1,2,1,2
2868,0,0,1,2,1,1,1
2869,1,0,2,3,1,2,1
2870,1,0,3,1,2,1,2
2871,1,0,3,1,2,1,2
2872,1,0,3,1,2,1,2
2873,1,0,2,3,2,1,2
2874,1,0,1,2,1,1,1
2875,1,0,2,3,2,1,2
2876,1,0,1,2,1,2,1
2877,1,0,3,1,2,1,2
2878,1,0,3,1,2,1,2
2879,1,0,1,2,1,2,1
2880,1,0,3,1,2,1,2
2881,1,0,2,3,2,2,1
2882,1,0,2,3,2,1,2
2883,0,0,1,2,2,2,1
2884,1,0,3,1,2,1,2
2885,1,0,2,3,2,1,2
2886,1,0,1,2,1,1,1
2887,1,0,2,3,2,1,2
2888,1,0,2,3,2,1,2
2889,1,0,2,3,1,2,1
2890,1,0,1,2,1,2,1
2891,1,0,2,3,2,1,1
2892,1,0,1,2,1,2,1
2893,1,0,3,1,2,1,2
2894,1,0,2,3,2,1,2
2895,1,0,2,3,2,1,2
2896,1,0,3,1,2,1,2
2897,1,0,3,1,2,1,2
2898,1,0,2,3,2,1,2
2899,1,0,3,1,2,1,2
2900,1,0,2,3,2,1,2
2901,1,0,3,1,2,1,2
2902,1,0,3,1,2,1,2
2903,1,0,2,3,2,1,2
2904,1,0,2,3,2,1,2
2905,1,0,2,3,2,1,2
2906,1,0,2,3,2,1,2
2907,1,0,2,3,2,1,2
2908,1,0,2,3,2,1,2
2909,1,0,2,3,2,1,1
2910,1,0,2,3,2,1,2
2911,1,0,2,3,2,1,2
2912,0,0,1,2,1,1,1
2913,1,0,2,3,2,1,2
2914,1,0,3,1,2,1,2
2915,1,0,3,1,2,1,2
2916,1,0,3,1,2,1,2
2917,1,0,2,3,2,1,2
2918,1,0,2,3,1,2,1
2919,1,0,2,3,2,1,2
2920,1,0,2,3,2,1,2
2921,0,0,1,2,1,1,1
2922,0,0,2,3,1,1,1
2923,1,0,2,3,2,1,2
2924,1,0,1,2,1,1,1
2925,1,0,1,2,1,1,1
2926,0,0,4,5,2,2,1
2927,1,0,2,3,2,1,2
2928,1,0,2,3,2,1,2
2929,1,0,3,1,2,1,2
2930,1,0,2,3,2,1,2
2931,0,0,4,6,1,2,2
2932,1,0,3,1,2,1,2
2933,1,0,2,3,2,1,2
2934,1,0,3,1,2,1,2
2935,1,0,0,0,2,2,1
2936,1,0,2,3,2,1,2
2937,1,0,2,3,2,1,2
2938,1,0,2,3,2,1,2
2939,1,0,1,2,1,1,1
2940,1,0,3,1,2,1,2
2941,0,0,2,3,1,2,1
2942,1,0,3,1,2,1,2
2943,1,0,3,1,2,1,2
2944,0,0,4,6,1,2,2
2945,1,0,2,3,2,1,2
2946,1,0,3,1,2,1,2
2947,1,0,3,1,2,1,2
2948,1,0,3,1,2,1,2
2949,1,0,3,1,2,1,2
2950,1,0,3,1,2,1,2
2951,1,0,3,1,2,1,2
2952,1,0,3,1,2,1,2
2953,1,0,2,3,2,1,2
2954,1,0,2,3,2,1,2
2955,1,0,3,1,2,1,2
2956,1,0,2,3,2,1,2
2957,1,0,1,2,1,1,1
2958,1,0,2,3,2,1,2
2959,1,0,2,3,2,1,2
2960,1,0,2,3,1,2,1
2961,1,0,2,3,2,1,2
2962,1,0,1,2,1,2,1
2963,1,0,3,1,2,1,2
2964,1,0,2,3,2,1,2
2965,1,0,3,1,2,1,2
2966,1,0,1,2,1,1,1
2967,1,0,1,2,1,1,1
2968,1,0,2,3,2,1,1
2969,1,0,3,1,2,1,2
2970,1,0,1,2,1,1,1
2971,1,0,0,0,2,2,1
2972,1,0,1,2,1,1,1
2973,1,0,2,3,2,1,2
2974,1,0,1,2,1,1,1
2975,1,0,2,3,2,1,2
2976,1,0,3,1,2,1,2
2977,1,0,3,1,2,1,2
2978,1,0,3,1,2,1,2
2979,1,0,3,1,2,1,2
2980,0,0,1,2,1,1,1
2981,1,0,1,2,1,2,1
2982,1,0,1,2,1,1,1
2983,0,0,1,2,0,0,1
2984,1,0,3,1,2,1,2
2985,1,0,3,1,2,1,2
2986,1,0,2,3,2,1,2
2987,1,0,3,1,2,1,2
2988,1,0,2,3,2,1,2
2989,1,0,2,3,2,1,2
2990,0,0,1,2,1,2,1
2991,1,0,2,3,2,1,2
2992,1,0,3,1,2,1,2
2993,1,0,3,1,2,1,2
2994,1,0,2,3,2,1,2
2995,1,0,2,3,2,1,2
2996,1,0,2,3,2,1,2
2997,1,0,1,2,1,2,1
2998,1,0,3,1,2,1,2
2999,1,0,3,1,2,1,2
3000,1,0,1,2,1,1,1
3001,1,0,1,2,1,1,1
3002,1,0,1,2,1,2,1
3003,1,0,3,1,2,1,2
3004,1,0,2,3,2,1,2
3005,1,0,2,3,2,1,2
3006,1,0,3,1,2,1,2
3007,1,0,3,1,2,1,2
3008,1,0,2,3,2,1,2
3009,1,0,3,1,2,1,2
3010,1,0,3,1,2,1,1
3011,1,0,2,3,2,2,1
3012,1,0,3,1,2,1,2
3013,1,0,1,2,1,1,1
3014,1,0,3,1,2,1,2
3015,1,0,1,2,1,1,1
3016,1,0,2,3,2,1,2
3017,1,0,1,2,1,1,1
3018,1,0,2,3,1,2,1
3019,1,0,1,2,0,0,1
3020,1,0,0,0,2,2,1
3021,1,0,1,2,1,1,1
3022,1,0,2,3,2,1,2
3023,1,0,3,1,2,1,2
3024,1,0,1,2,1,1,1
3025,1,0,3,1,2,1,2
3026,1,0,2,3,2,1,2
3027,1,0,2,3,2,1,2
3028,0,0,4,6,1,2,2
3029,1,0,1,2,1,1,1
3030,1,0,2,3,2,1,2
3031,1,0,1,2,1,2,1
3032,1,0,1,2,1,1,1
3033,1,0,0,0,0,0,0
3034,1,0,3,1,2,1,2
3035,1,0,2,3,2,1,2
3036,1,0,3,1,2,1,2
3037,1,0,1,2,1,1,1
3038,1,0,3,1,2,1,2
3039,1,0,3,1,2,1,2
3040,1,0,1,2,1,1,1
3041,0,0,1,2,0,0,1
3042,1,0,3,1,2,1,2
3043,1,0,2,3,2,1,2
3044,1,0,2,3,2,1,2
3045,1,0,1,2,1,1,1
3046,1,0,2,3,2,1,2
3047,1,0,3,1,2,1,2
3048,1,0,1,2,1,1,1
3049,1,0,2,3,2,1,2
3050,1,0,1,2,1,1,1
3051,1,0,2,3,2,1,2
3052,1,0,1,2,1,1,1
3053,1,0,2,3,2,1,2
3054,1,0,1,2,1,1,1
3055,1,0,2,3,2,1,2
3056,1,0,2,3,2,1,2
3057,1,0,1,2,1,1,1
3058,1,0,0,0,2,2,1
3059,1,0,2,3,2,1,2
3060,1,0,2,3,2,1,2
3061,0,0,1,2,1,1,1
3062,1,0,2,3,2,1,2
3063,1,0,4,5,2,2,2
3064,1,0,3,1,2,1,2
3065,1,0,1,2,2,2,1
3066,1,0,0,0,2,2,1
3067,1,0,2,3,2,1,2
3068,1,0,2,3,2,1,2
3069,1,0,2,3,2,1,2
3070,1,0,3,1,2,1,2
3071,1,0,2,3,2,1,2
3072,1,0,1,2,1,1,1
3073,1,0,2,3,2,1,2
3074,1,0,3,1,2,1,2
3075,1,0,3,1,2,1,2
3076,1,0,2,3,1,2,1
3077,1,0,3,1,2,1,2
3078,1,0,3,1,2,1,2
3079,1,0,2,3,2,1,2
3080,1,0,2,3,2,1,2
3081,1,0,2,3,2,1,2
3082,1,0,2,3,2,1,2
3083,1,0,2,3,0,0,0
3084,1,0,1,2,0,0,1
3085,1,0,1,2,1,1,1
3086,1,0,3,1,2,1,2
3087,1,0,2,3,1,1,1
3088,1,0,2,3,2,1,2
3089,1,0,3,1,2,1,2
3090,1,0,3,1,2,1,2
3091,1,0,3,1,2,1,2
3092,1,0,1,2,1,1,1
3093,1,0,2,3,2,1,2
3094,1,0,3,1,2,1,2
3095,0,0,2,3,1,2,1
3096,1,0,3,1,2,1,2
3097,1,0,1,2,1,1,1
3098,1,0,2,3,2,1,2
3099,1,0,1,2,1,1,1
3100,0,0,4,3,2,1,1
3101,1,0,2,3,2,1,2
3102,1,0,2,3,2,1,2
3103,1,0,3,1,2,1,2
3104,1,0,3,1,2,1,2
3105,1,0,1,2,1,1,1
3106,1,0,2,3,2,1,2
3107,1,0,1,2,1,1,1
3108,1,0,1,2,1,1,1
3109,1,0,3,1,2,1,2
3110,1,0,3,1,2,1,2
3111,1,0,1,2,1,1,1
3112,1,0,2,3,1,2,1
3113,1,0,1,2,1,1,1
3114,1,0,2,3,2,1,2
3115,0,0,4,6,0,0,1
3116,1,0,3,1,2,1,2
3117,1,0,2,3,2,1,2
3118,1,0,3,1,2,1,2
3119,1,0,3,1,2,1,2
3120,1,0,1,2,0,0,1
3121,1,0,2,3,2,1,1
3122,1,0,1,2,1,1,1
3123,1,0,2,3,2,1,2
3124,1,0,1,2,2,2,1
3125,1,0,3,1,2,1,2
3126,1,0,2,3,2,1,2
3127,1,0,2,3,2,1,2
3128,1,0,1,2,1,1,1
3129,1,0,1,2,1,1,1
3130,1,0,0,0,1,2,0
3131,1,0,2,3,2,1,2
3132,1,0,2,3,2,1,2
3133,1,0,2,3,2,1,2
3134,1,0,3,1,2,1,2
3135,1,0,2,3,2,1,2
3136,1,0,2,3,2,1,2
3137,1,0,1,2,1,1,1
3138,0,0,4,6,1,1,1
3139,1,0,3,1,2,1,1
3140,1,0,2,3,2,1,2
3141,1,0,3,1,2,1,2
3142,1,0,2,3,2,1,2
3143,1,0,1,2,1,1,1
3144,1,0,2,3,2,1,2
3145,1,0,2,3,2,1,2
3146,1,0,3,1,2,1,2
3147,1,0,3,1,2,1,2
3148,1,0,2,3,2,1,2
3149,1,0,2,3,2,1,2
3150,1,0,2,3,2,1,2
3151,1,0,3,1,2,1,2
3152,1,0,3,1,2,1,1
3153,1,0,2,3,2,1,2
3154,1,0,2,3,2,1,2
3155,1,0,3,1,2,1,2
3156,1,0,1,2,1,1,1
3157,1,0,3,1,2,1,2
3158,0,0,4,5,2,2,1
3159,1,0,3,1,2,1,2
3160,1,0,1,2,1,2,1
3161,1,0,3,1,2,1,2
3162,1,0,1,2,1,1,1
3163,1,0,2,3,2,1,2
3164,1,0,3,1,2,1,2
3165,1,0,2,3,2,1,2
3166,1,0,2,3,2,1,2
3167,1,0,1,2,2,2,1
3168,1,0,3,1,2,1,2
3169,1,0,1,2,1,1,1
3170,1,0,2,3,2,1,2
3171,1,0,2,3,2,1,2
3172,1,0,2,3,1,2,1
3173,1,0,2,3,2,1,2
3174,1,0,2,3,2,1,2
3175,1,0,2,3,2,1,2
3176,0,0,2,3,1,2,1
3177,1,0,4,5,2,2,2
3178,1,0,1,2,1,2,1
3179,1,0,2,3,2,1,2
3180,1,0,3,1,2,1,2
3181,1,0,2,3,2,1,2
3182,1,0,3,1,2,1,2
3183,1,0,2,3,2,1,2
3184,1,0,2,3,2,1,2
3185,1,0,2,3,2,1,2
3186,1,0,3,1,2,1,2
3187,1,0,3,1,2,1,2
3188,1,0,2,3,2,1,2
3189,1,0,2,3,2,1,2
3190,1,0,2,3,2,1,2
3191,1,0,3,1,2,1,2
3192,1,0,2,3,1,2,1
3193,1,0,2,3,2,1,2
3194,1,0,3,1,2,1,2
3195,1,0,1,2,1,2,1
3196,1,0,3,1,2,1,2
3197,1,0,2,3,1,1,1
3198,1,0,2,3,2,1,2
3199,1,0,3,1,2,1,2
3200,1,0,2,3,2,1,1
3201,1,0,2,3,2,1,2
3202,1,0,2,3,1,2,1
3203,1,0,1,2,1,1,1
3204,0,0,0,4,1,2,0
3205,1,0,3,1,2,1,2
3206,1,0,2,3,2,1,2
3207,1,0,2,3,2,1,2
3208,1,0,2,3,2,1,2
3209,1,0,3,1,2,1,2
3210,1,0,1,2,1,1,1
3211,1,0,2,3,2,1,2
3212,1,0,3,1,2,1,1
3213,1,0,2,3,2,1,2
3214,0,0,4,5,2,2,1
3215,1,0,2,3,2,1,2
3216,1,0,2,3,1,1,2
3217,1,0,3,1,2,1,2
3218,1,0,1,2,1,1,1
3219,1,0,1,2,1,1,1
3220,1,0,2,3,2,1,2
3221,1,0,1,2,1,1,1
3222,1,0,3,1,2,1,2
3223,1,0,2,3,2,1,2
3224,1,0,1,2,1,1,1
3225,1,0,1,2,1,1,1
3226,1,0,2,3,2,1,2
3227,1,0,3,1,2,1,2
3228,1,0,2,3,2,1,1
3229,1,0,3,1,2,1,2
3230,1,0,2,3,2,1,2
3231,1,0,3,1,2,1,2
3232,1,0,2,3,2,1,2
3233,1,0,3,1,2,1,2
3234,1,0,3,1,2,1,2
3235,1,0,0,0,2,2,1
3236,1,0,3,1,2,1,2
3237,1,0,2,3,2,1,2
3238,1,0,2,3,2,1,2
3239,0,0,4,5,2,1,1
3240,1,0,2,3,2,1,2
3241,1,0,1,2,1,1,1
3242,1,0,3,1,2,1,2
3243,1,0,3,1,2,1,2
3244,1,0,2,3,2,1,2
3245,1,0,2,3,2,1,2
3246,1,0,2,3,2,1,2
3247,1,0,2,3,2,1,2
3248,0,0,1,2,1,1,1
3249,1,0,2,3,1,2,1
3250,1,0,3,1,2,1,2
3251,1,0,2,3,2,1,2
3252,1,0,2,3,2,1,2
3253,1,0,2,3,2,1,2
3254,0,0,2,3,1,1,1
3255,1,0,2,3,2,1,2
3256,1,0,1,2,1,1,1
3257,1,0,3,1,2,1,2
3258,1,0,0,0,2,2,1
3259,1,0,2,3,2,1,2
3260,1,0,2,3,1,2,1
3261,1,0,1,2,1,1,1
3262,1,0,2,3,2,1,2
3263,1,0,2,3,2,1,2
3264,1,0,3,1,2,1,2
3265,0,0,1,2,0,0,1
3266,1,0,1,2,1,1,1
3267,1,0,3,1,2,1,2
3268,0,0,4,6,1,2,2
3269,1,0,2,3,2,1,2
3270,1,0,3,1,2,1,2
3271,1,0,3,1,2,1,2
3272,1,0,2,3,2,1,2
3273,0,0,4,5,2,1,1
3274,1,0,3,1,2,1,2
3275,1,0,1,2,1,1,1
3276,1,0,2,3,2,1,2
3277,1,0,2,3,2,1,2
3278,1,0,1,2,1,1,1
3279,1,0,2,3,2,1,2
3280,1,0,2,3,2,1,2
3281,0,0,1,2,1,1,1
3282,1,0,2,3,1,2,1
3283,1,0,2,3,1,2,1
3284,1,0,2,3,2,1,2
3285,1,0,2,3,2,1,2
3286,1,0,3,1,2,1,2
3287,1,0,1,2,1,1,1
3288,1,0,2,3,2,1,2
3289,1,0,1,2,1,1,1
3290,1,0,2,3,2,1,2
3291,1,0,2,3,2,1,2
3292,1,0,2,3,2,1,2
3293,1,0,2,3,2,1,2
3294,1,0,2,3,2,1,2
3295,1,0,2,3,1,1,1
3296,1,0,1,2,1,1,1
3297,1,0,1,2,1,2,1
3298,1,0,3,1,2,1,2
3299,1,0,2,3,2,1,2
3300,1,0,3,1,2,1,2
3301,1,0,2,3,2,1,2
3302,1,0,1,2,1,1,1
3303,1,0,0,0,2,2,1
3304,1,0,2,3,2,1,2
3305,1,0,4,5,2,2,2
3306,1,0,3,1,2,1,2
3307,1,0,1,2,1,1,1
3308,1,0,1,2,1,1,1
3309,1,0,1,2,1,1,1
3310,1,0,1,2,1,1,1
3311,1,0,2,3,2,1,2
3312,0,0,4,5,2,2,1
3313,1,0,2,3,2,1,2
3314,1,0,1,2,1,1,1
3315,1,0,1,2,1,2,1
3316,1,0,3,1,2,1,2
3317,1,0,3,1,2,1,2
3318,1,0,2,3,2,1,2
3319,1,0,3,1,2,1,2
3320,1,0,0,0,2,2,1
3321,1,0,3,1,2,1,2
3322,1,0,2,3,2,1,2
3323,1,0,2,3,2,1,2
3324,1,0,2,3,2,1,2
3325,1,0,2,3,2,1,2
3326,1,0,2,3,2,1,2
3327,1,0,2,3,2,1,2
3328,1,0,2,3,2,1,2
3329,1,0,3,1,2,1,2
3330,1,0,2,3,2,1,2
3331,1,0,2,3,2,1,2
3332,1,0,1,2,1,2,1
3333,1,0,3,1,2,1,2
3334,1,0,2,3,2,1,2
3335,1,0,1,2,1,1,1
3336,1,0,2,3,2,2,1
3337,1,0,3,1,2,1,2
3338,1,0,2,3,2,1,2
3339,1,0,2,3,2,1,2
3340,1,0,2,3,2,1,2
3341,1,0,1,2,1,2,1
3342,1,0,2,3,2,1,2
3343,1,0,1,2,1,1,1
3344,1,0,3,1,2,1,2
3345,1,0,2,3,2,1,2
3346,1,0,2,3,2,1,2
3347,1,0,2,3,2,1,2
3348,1,0,3,1,2,1,2
3349,1,0,2,3,2,1,2
3350,1,0,1,2,1,1,1
3351,1,0,2,3,2,1,2
3352,1,0,2,3,1,2,1
3353,1,0,2,3,2,1,2
3354,1,0,1,2,1,2,1
3355,1,0,3,1,2,1,2
3356,1,0,2,3,2,1,2
3357,1,0,2,3,2,1,2
3358,1,0,2,3,2,1,2
3359,1,0,1,2,2,2,1
3360,1,0,3,1,2,1,2
3361,1,0,2,3,1,1,1
3362,1,0,3,1,2,1,2
3363,1,0,1,2,1,1,1
3364,1,0,3,1,2,1,2
3365,1,0,2,3,2,1,2
3366,1,0,3,1,2,1,2
3367,1,0,2,3,2,1,2
3368,1,0,2,3,2,1,2
3369,1,0,2,3,2,1,2
3370,0,0,1,2,0,0,1
3371,1,0,3,1,2,1,2
3372,1,0,2,3,2,1,2
3373,1,0,2,3,2,1,2
3374,1,0,3,1,2,1,2
3375,1,0,2,3,2,1,2
3376,1,0,3,1,2,1,2
3377,1,0,2,3,2,1,2
3378,1,0,0,0,1,2,0
3379,1,0,3,1,2,1,2
3380,1,0,2,3,2,1,2
3381,1,0,2,3,2,1,2
3382,1,0,2,3,2,1,2
3383,1,0,2,3,2,1,2
3384,1,0,2,3,2,1,2
3385,1,0,1,2,1,2,1
3386,1,0,2,3,2,1,2
3387,1,0,2,3,2,1,2
3388,1,0,2,3,2,1,2
3389,1,0,2,3,2,1,2
3390,1,0,2,3,1,2,1
3391,1,0,2,3,2,1,2
3392,1,0,2,3,2,1,2
3393,1,0,2,3,2,1,2
3394,1,0,2,3,2,1,2
3395,0,0,2,3,1,2,1
3396,1,0,2,3,2,1,2
3397,1,0,1,2,0,0,1
3398,1,0,1,2,1,1,1
3399,1,0,1,2,1,1,1
3400,1,0,3,1,2,1,2
3401,1,0,2,3,2,1,2
3402,1,0,2,3,1,2,1
3403,1,0,2,3,2,1,2
3404,1,0,2,3,2,1,2
3405,1,0,3,1,2,1,2
3406,1,0,3,1,2,1,2
3407,1,0,3,1,2,1,2
3408,1,0,2,3,2,1,2
3409,1,0,2,3,2,1,1
3410,1,0,1,2,1,1,1
3411,1,0,2,3,2,1,2
3412,1,0,2,3,2,1,2
3413,1,0,3,1,2,1,2
3414,1,0,3,1,2,1,2
3415,1,0,3,1,2,1,2
3416,1,0,2,3,2,1,2
3417,1,0,1,2,1,2,1
3418,1,0,2,3,2,1,2
3419,1,0,2,3,2,1,2
3420,1,0,3,1,2,1,2
3421,1,0,2,3,2,1,2
3422,1,0,2,3,1,1,1
3423,1,0,2,3,2,1,2
3424,1,0,3,1,2,1,2
3425,1,0,1,2,1,2,1
3426,1,0,1,2,1,1,1
3427,1,0,2,3,1,2,1
3428,1,0,2,3,2,1,2
3429,0,0,4,3,2,1,1
3430,1,0,2,3,2,1,2
3431,1,0,2,3,2,1,2
3432,0,0,1,2,1,1,1
3433,1,0,1,2,1,1,1
3434,1,0,1,2,1,1,1
3435,1,0,2,3,2,1,2
3436,1,0,2,3,2,1,2
3437,1,0,2,3,2,1,2
3438,1,0,2,3,2,1,2
3439,1,0,3,1,2,1,2
3440,1,0,2,3,2,1,2
3441,1,0,2,3,2,1,2
3442,1,0,3,1,2,1,2
3443,1,0,1,2,1,2,1
3444,1,0,1,2,1,2,1
3445,1,0,2,3,2,1,2
3446,1,0,1,2,1,1,1
3447,1,0,2,3,2,1,2
3448,1,0,1,2,1,1,1
3449,1,0,2,3,2,1,2
3450,1,0,3,1,2,1,2
3451,1,0,3,1,2,1,2
3452,1,0,2,3,1,1,1
3453,1,0,1,2,1,1,1
3454,1,0,3,1,2,1,2
3455,1,0,2,3,2,1,2
3456,0,0,1,2,1,1,1
3457,1,0,2,3,2,1,2
3458,1,0,3,1,2,1,2
3459,1,0,2,3,2,1,2
3460,1,0,1,2,1,1,1
3461,1,0,2,3,2,1,2
3462,1,0,2,3,2,1,2
3463,1,0,2,3,2,1,1
3464,1,0,3,1,2,1,2
3465,1,0,1,2,1,1,1
3466,1,0,2,3,2,1,2
3467,1,0,2,3,2,1,2
3468,1,0,2,3,2,1,2
3469,0,0,2,3,1,2,1
3470,1,0,3,1,2,1,1
3471,1,0,3,1,2,1,2
3472,1,0,2,3,2,1,2
3473,1,0,3,1,2,1,2
3474,1,0,3,1,2,1,2
3475,1,0,2,3,2,1,2
3476,1,0,1,2,1,1,1
3477,1,0,3,1,2,1,2
3478,1,0,0,0,1,2,0
3479,1,0,3,1,2,1,2
3480,1,0,2,3,2,1,1
3481,1,0,2,3,2,1,2
3482,1,0,3,1,2,1,2
3483,1,0,2,3,2,1,2
3484,1,0,3,1,2,1,2
3485,1,0,3,1,2,1,2
3486,1,0,3,1,2,1,1
3487,1,0,2,3,2,1,1
3488,1,0,2,3,2,1,2
3489,1,0,2,3,2,1,2
3490,1,0,3,1,1,2,1
3491,1,0,3,1,2,1,2
3492,1,0,3,1,2,1,2
3493,1,0,1,2,1,1,1
3494,0,0,4,5,2,1,1
3495,1,0,2,3,2,1,2
3496,1,0,2,3,2,1,2
3497,1,0,2,3,2,1,1
3498,1,0,2,3,2,1,2
3499,1,0,3,1,2,1,2
3500,1,0,1,2,1,1,1
3501,1,0,0,0,1,2,0
3502,1,0,1,2,1,1,1
3503,1,0,1,2,1,1,1
3504,1,0,3,1,2,1,2
3505,1,0,2,3,2,1,2
3506,1,0,2,3,2,1,2
3507,1,0,1,2,1,1,1
3508,1,0,3,1,2,1,2
3509,1,0,3,1,2,1,2
3510,1,0,2,3,2,1,1
3511,1,0,2,3,2,1,2
3512,1,0,2,3,2,1,2
3513,0,0,4,6,0,0,1
3514,1,0,1,2,1,1,1
3515,1,0,2,3,2,1,2
3516,1,0,3,1,2,1,2
3517,1,0,2,3,2,1,2
3518,1,0,3,1,2,1,2
3519,1,0,2,3,2,1,2
3520,1,0,2,3,2,1,2
3521,0,0,4,3,1,1,1
3522,1,0,2,3,2,1,2
3523,1,0,2,3,2,1,2
3524,1,0,3,1,2,1,2
3525,1,0,2,3,2,1,2
3526,1,0,2,3,2,1,2
3527,1,0,3,1,2,1,2
3528,1,0,2,3,2,1,2
3529,1,0,2,3,2,1,2
3530,1,0,1,2,1,2,1
3531,1,0,2,3,2,1,2
3532,1,0,3,1,2,1,2
3533,1,0,1,2,2,2,1
3534,1,0,2,3,2,1,2
3535,1,0,1,2,1,2,1
3536,1,0,2,3,1,2,1
3537,1,0,3,1,2,1,2
3538,1,0,1,2,1,1,1
3539,1,0,3,1,2,1,2
3540,1,0,3,1,2,1,2
3541,1,0,1,2,1,1,1
3542,1,0,1,2,1,1,1
3543,1,0,2,3,2,1,2
3544,1,0,2,3,2,1,2
3545,1,0,2,3,2,1,2
3546,1,0,2,3,2,1,2
3547,1,0,2,3,2,1,2
3548,1,0,2,3,2,1,2
3549,1,0,1,2,1,1,1
3550,1,0,2,3,2,1,2
3551,1,0,2,3,2,1,2
3552,1,0,2,3,2,1,2
3553,1,0,2,3,2,1,2
3554,1,0,2,3,2,1,2
3555,1,0,2,3,2,1,2
3556,1,0,1,2,1,1,1
3557,1,0,3,1,2,1,2
3558,1,0,2,3,2,1,2
3559,1,0,1,2,1,1,1
3560,1,0,1,2,1,2,1
3561,1,0,2,3,2,1,2
3562,1,0,3,1,2,1,2
3563,1,0,3,1,2,1,2
3564,1,0,2,3,2,1,2
3565,1,0,1,2,1,1,1
3566,1,0,1,2,1,2,1
3567,0,0,4,5,2,2,1
3568,1,0,2,3,1,2,1
3569,1,0,2,3,2,1,2
3570,1,0,2,3,2,1,2
3571,1,0,2,3,2,1,2
3572,1,0,3,1,2,1,2
3573,1,0,2,3,2,1,2
3574,1,0,2,3,2,2,1
3575,1,0,3,1,2,1,2
3576,1,0,2,3,2,1,2
3577,1,0,2,3,2,1,2
3578,0,0,4,2,2,2,1
3579,0,0,1,2,0,0,1
3580,1,0,1,2,1,1,1
3581,1,0,2,3,2,1,2
3582,1,0,1,2,1,1,1
3583,1,0,2,3,2,1,2
3584,1,0,2,3,2,1,2
3585,1,0,2,3,2,1,2
3586,1,0,3,1,2,1,2
3587,1,0,2,3,2,1,2
3588,1,0,2,3,1,2,1
3589,1,0,2,3,2,1,2
3590,1,0,3,1,2,1,2
3591,1,0,2,3,2,1,2
3592,1,0,3,1,2,1,2
3593,1,0,3,1,2,1,2
3594,1,0,2,3,2,1,2
3595,1,0,3,1,2,1,2
3596,1,0,1,2,1,1,1
3597,1,0,2,3,1,2,1
3598,1,0,2,3,2,1,2
3599,1,0,2,3,2,1,2
3600,1,0,1,2,1,1,1
3601,1,0,3,1,2,1,2
3602,1,0,1,2,1,1,1
3603,1,0,2,3,2,1,2
3604,1,0,2,3,2,1,2
3605,1,0,3,1,2,1,2
3606,1,0,1,2,1,1,1
3607,1,0,2,3,2,1,1
3608,1,0,3,1,2,1,2
3609,0,0,1,2,2,2,1
3610,1,0,2,3,2,1,2
3611,0,0,4,5,2,2,1
3612,1,0,2,3,2,1,2
3613,1,0,2,3,2,1,2
3614,1,0,1,2,1,1,1
3615,1,0,2,3,2,1,2
3616,1,0,3,1,2,1,2
3617,1,0,2,3,2,1,2
3618,1,0,2,3,1,2,1
3619,1,0,2,3,2,1,2
3620,1,0,3,1,2,1,2
3621,1,0,2,3,2,1,2
3622,1,0,3,1,2,1,2
3623,0,0,1,2,1,1,1
3624,1,0,2,3,2,1,2
3625,1,0,2,3,2,1,2
3626,1,0,1,2,1,2,1
3627,1,0,3,1,2,1,2
3628,1,0,2,3,2,1,2
3629,1,0,3,1,2,1,2
3630,0,0,1,2,1,1,1
3631,1,0,3,1,2,1,2
3632,1,0,3,1,2,1,2
3633,1,0,1,2,2,2,1
3634,1,0,4,5,2,2,2
3635,1,0,3,1,2,1,2
3636,1,0,1,2,0,0,1
3637,1,0,1,2,1,1,1
3638,1,0,2,3,2,1,2
3639,1,0,2,3,1,2,1
3640,1,0,2,3,1,1,1
3641,1,0,2,3,2,1,2
3642,1,0,2,3,2,1,2
3643,1,0,2,3,2,1,2
3644,1,0,3,1,2,1,2
3645,1,0,2,3,2,1,2
3646,0,0,2,3,1,2,1
3647,1,0,1,2,1,1,1
3648,1,0,2,3,2,1,2
3649,1,0,1,2,1,1,1
3650,1,0,1,2,1,1,1
3651,1,0,2,3,2,1,2
3652,1,0,3,1,2,1,2
3653,1,0,2,3,2,1,2
3654,1,0,3,1,2,1,2
3655,1,0,2,3,2,1,2
3656,1,0,1,2,1,1,1
3657,1,0,2,3,2,1,2
3658,0,0,1,2,1,1,1
3659,1,0,2,3,2,1,2
3660,1,0,2,3,1,2,1
3661,0,0,4,5,2,1,1
3662,1,0,2,3,2,1,2
3663,1,0,2,3,2,2,1
3664,1,0,1,2,1,1,1
3665,1,0,1,2,1,1,1
3666,1,0,2,3,2,1,2
3667,0,0,4,6,0,0,1
3668,1,0,2,3,1,2,1
3669,1,0,2,3,2,1,2
3670,1,0,4,5,2,2,2
3671,1,0,1,2,1,1,1
3672,1,0,2,3,2,1,2
3673,1,0,2,3,2,1,2
3674,1,0,3,1,2,1,2
3675,1,0,2,3,2,1,2
3676,1,0,2,3,2,1,2
3677,1,0,3,1,2,1,2
3678,1,0,1,2,1,2,1
3679,1,0,2,3,2,1,1
3680,1,0,2,3,2,1,2
3681,1,0,1,2,1,1,1
3682,1,0,3,1,2,1,2
3683,1,0,1,2,1,1,1
3684,1,0,3,1,2,1,2
3685,1,0,0,0,1,2,0
3686,1,0,2,3,2,1,2
3687,1,0,1,2,1,1,1
3688,1,0,1,2,1,1,1
3689,1,0,1,2,1,2,1
3690,1,0,3,1,2,1,2
3691,1,0,1,2,1,1,1
3692,1,0,2,3,2,1,2
3693,1,0,2,3,2,1,2
3694,1,0,3,1,2,1,1
3695,1,0,2,3,2,1,2
3696,1,0,2,3,2,1,2
3697,1,0,2,3,2,1,2
3698,1,0,2,3,2,1,2
3699,1,0,2,3,2,1,2
3700,1,0,1,2,0,0,1
3701,1,0,3,1,2,1,2
3702,1,0,3,1,2,1,2
3703,1,0,2,3,2,1,2
3704,1,0,3,1,2,1,2
3705,1,0,2,3,2,1,2
3706,1,0,1,2,1,1,1
3707,0,0,4,6,1,1,1
3708,1,0,2,3,2,1,1
3709,0,0,4,6,1,2,1
3710,1,0,1,2,1,1,1
3711,1,0,2,3,2,1,2
3712,1,0,1,2,1,1,1
3713,1,0,2,3,2,1,2
3714,1,0,2,3,2,1,2
3715,1,0,2,3,2,1,2
3716,1,0,2,3,2,1,2
3717,1,0,2,3,2,1,2
3718,1,0,2,3,2,1,2
3719,1,0,3,1,2,1,2
3720,1,0,3,1,2,1,2
3721,1,0,2,3,2,1,2
3722,1,0,2,3,1,1,1
3723,1,0,3,1,2,1,2
3724,1,0,3,1,2,1,2
3725,1,0,0,0,1,2,0
3726,1,0,2,3,2,1,2
3727,1,0,3,1,2,1,2
3728,0,0,1,2,1,1,1
3729,1,0,2,3,2,1,2
3730,0,0,1,2,1,1,1
3731,1,0,1,2,1,2,1
3732,1,0,2,3,2,1,1
3733,1,0,3,1,2,1,2
3734,1,0,3,1,2,1,2
3735,1,0,2,3,2,1,2
3736,1,0,3,1,2,1,2
3737,1,0,3,1,2,1,2
3738,1,0,3,1,2,1,2
3739,1,0,2,3,2,1,2
3740,0,0,1,2,1,1,1
3741,1,0,1,2,1,1,1
3742,1,0,2,3,2,1,2
3743,0,0,4,6,1,1,1
3744,1,0,3,1,2,1,2
3745,1,0,1,2,1,1,1
3746,1,0,2,3,1,2,1
3747,0,0,0,4,0,1,0
3748,1,0,3,1,2,1,2
3749,1,0,2,3,2,1,2
3750,1,0,2,3,2,1,2
3751,1,0,2,3,2,1,2
3752,1,0,2,3,2,1,2
3753,1,0,2,3,2,1,1
3754,1,0,1,2,2,2,1
3755,1,0,2,3,2,1,2
3756,1,0,2,3,1,2,1
3757,1,0,3,1,2,1,2
3758,1,0,2,3,2,1,2
3759,1,0,2,3,2,1,2
3760,1,0,2,3,2,1,2
3761,1,0,1,2,1,1,1
3762,1,0,2,3,2,1,2
3763,0,0,2,3,1,2,1
3764,1,0,2,3,2,1,2
3765,1,0,0,0,1,2,0
3766,1,0,3,1,2,1,2
3767,1,0,2,3,2,1,2
3768,1,0,3,1,2,1,2
3769,1,0,3,1,2,1,2
3770,1,0,1,2,1,1,1
3771,1,0,2,3,2,1,2
3772,1,0,3,1,2,1,2
3773,1,0,2,3,2,1,2
3774,1,0,2,3,2,1,2
3775,1,0,2,3,2,1,2
3776,1,0,2,3,2,1,2
3777,1,0,2,3,2,1,2
3778,1,0,1,2,1,1,1
3779,1,0,1,2,1,1,1
3780,1,0,3,1,2,1,2
3781,1,0,3,1,2,1,2
3782,1,0,3,1,2,1,2
3783,1,0,2,3,1,2,1
3784,1,0,2,3,2,1,2
3785,1,0,1,2,1,1,1
3786,1,0,2,3,2,1,2
3787,0,0,1,2,1,1,1
3788,1,0,1,2,1,1,1
3789,1,0,1,2,1,1,1
3790,1,0,2,3,2,1,2
3791,1,0,1,2,1,2,1
3792,1,0,3,1,2,1,2
3793,1,0,3,1,1,1,1
3794,1,0,1,2,1,1,1
3795,1,0,1,2,1,1,1
3796,1,0,2,3,2,1,2
3797,1,0,1,2,2,2,1
3798,1,0,1,2,2,2,1
3799,1,0,3,1,2,1,2
3800,1,0,2,3,2,1,2
3801,1,0,2,3,2,1,2
3802,1,0,2,3,2,1,2
3803,1,0,3,1,2,1,2
3804,1,0,2,3,2,1,2
3805,1,0,1,2,1,2,1
3806,1,0,1,2,1,1,1
3807,1,0,3,1,2,1,2
3808,1,0,3,1,2,1,2
3809,1,0,2,3,2,1,2
3810,1,0,1,2,1,2,1
3811,1,0,2,3,2,1,2
3812,1,0,1,2,1,2,1
3813,1,0,2,3,2,1,2
3814,1,0,1,2,1,1,1
3815,1,0,3,1,2,1,2
3816,1,0,2,3,2,1,1
3817,1,0,2,3,2,1,2
3818,1,0,2,3,2,1,2
3819,1,0,3,1,2,1,2
3820,1,0,2,3,2,1,2
3821,1,0,2,3,2,1,2
3822,0,0,1,2,1,1,1
3823,1,0,2,3,2,1,2
3824,1,0,2,3,1,2,1
3825,1,0,1,2,1,2,1
3826,1,0,1,2,1,1,1
3827,1,0,2,3,2,1,2
3828,1,0,1,2,1,1,1
3829,1,0,3,1,2,1,2
3830,1,0,2,3,2,1,2
3831,1,0,3,1,2,1,2
3832,1,0,3,1,2,1,2
3833,1,0,2,3,2,1,2
3834,1,0,2,3,2,1,2
3835,1,0,2,3,1,2,1
3836,1,0,3,1,2,1,2
3837,1,0,2,3,2,1,2
3838,1,0,1,2,1,1,1
3839,1,0,3,1,2,1,2
3840,1,0,2,3,1,1,1
3841,1,0,2,3,2,1,2
3842,1,0,3,1,2,1,2
3843,1,0,2,3,2,1,2
3844,1,0,3,1,2,1,2
3845,1,0,2,3,2,1,2
3846,1,0,3,1,2,1,2
3847,1,0,1,2,1,1,1
3848,1,0,1,2,1,2,1
3849,1,0,2,3,2,1,2
3850,1,0,2,3,2,1,2
3851,1,0,1,2,1,1,1
3852,1,0,2,3,2,1,2
3853,1,0,3,1,2,1,2
3854,1,0,1,2,1,1,1
3855,1,0,3,1,2,1,2
3856,1,0,2,3,2,1,2
3857,1,0,2,3,2,1,2
3858,1,0,2,3,2,1,2
3859,1,0,2,3,2,1,2
3860,1,0,0,0,1,2,0
3861,0,0,2,3,1,2,1
3862,1,0,1,2,1,1,1
3863,1,0,2,3,2,1,2
3864,0,0,1,2,1,2,1
3865,0,0,2,3,1,2,1
3866,1,0,2,3,2,1,2
3867,1,0,1,2,1,1,1
3868,1,0,2,3,2,1,2
3869,1,0,1,2,1,2,1
3870,1,0,2,3,1,2,1
3871,1,0,3,1,2,1,2
3872,1,0,2,3,2,1,2
3873,1,0,3,1,2,1,2
3874,1,0,3,1,2,1,2
3875,1,0,3,1,2,1,2
3876,1,0,2,3,2,1,2
3877,1,0,3,1,2,1,2
3878,1,0,3,1,2,1,2
3879,1,0,1,2,1,1,1
3880,1,0,1,2,1,1,1
3881,1,0,2,3,2,1,2
3882,1,0,2,3,2,1,2
3883,1,0,2,3,2,1,2
3884,1,0,3,1,2,1,2
3885,1,0,3,1,2,1,2
3886,1,0,3,1,1,1,1
3887,1,0,1,2,1,1,1
3888,1,0,0,0,1,2,0
3889,1,0,3,1,2,1,2
3890,1,0,3,1,2,1,2
3891,1,0,2,3,2,1,2
3892,1,0,3,1,2,1,2
3893,1,0,2,3,2,1,2
3894,1,0,2,3,2,1,2
3895,1,0,2,3,1,2,1
3896,1,0,2,3,2,1,1
3897,1,0,2,3,2,1,2
3898,1,0,2,3,2,1,2
3899,1,0,2,3,1,1,2
3900,1,0,2,3,1,2,1
3901,1,0,2,3,2,1,2
3902,1,0,3,1,2,1,2
3903,1,0,1,2,1,1,1
3904,1,0,2,3,2,1,2
3905,1,0,2,3,2,1,2
3906,1,0,2,3,2,1,2
3907,1,0,2,3,2,1,2
3908,1,0,2,3,2,1,2
3909,1,0,1,2,1,2,1
3910,1,0,3,1,2,1,2
3911,1,0,2,3,2,1,2
3912,1,0,3,1,2,1,2
3913,1,0,2,3,2,1,2
3914,1,0,2,3,1,2,1
3915,1,0,2,3,2,1,2
3916,1,0,3,1,2,1,2
3917,1,0,3,1,2,1,2
3918,1,0,2,3,2,1,2
3919,1,0,3,1,2,1,2
3920,1,0,1,2,1,2,1
3921,0,0,1,2,1,1,1
3922,1,0,1,2,1,1,1
3923,1,0,1,2,0,0,1
3924,1,0,1,2,1,1,1
3925,1,0,2,3,2,1,2
3926,1,0,3,1,2,1,2
3927,1,0,2,3,2,1,2
3928,1,0,2,3,2,1,2
3929,1,0,3,1,2,1,2
3930,1,0,2,3,2,1,2
3931,1,0,1,2,1,2,1
3932,1,0,1,2,1,2,0
3933,1,0,2,3,2,1,2
3934,1,0,1,2,1,1,1
3935,1,0,2,3,2,1,2
3936,1,0,1,2,1,1,1
3937,1,0,2,3,2,1,2
3938,1,0,2,3,2,1,2
3939,1,0,2,3,2,1,2
3940,1,0,2,3,1,2,1
3941,1,0,2,3,2,1,2
3942,1,0,2,3,2,1,2
3943,1,0,2,3,2,1,2
3944,1,0,2,3,2,1,2
3945,1,0,2,3,2,1,2
3946,1,0,2,3,2,1,2
3947,1,0,2,3,2,1,2
3948,1,0,2,3,2,1,2
3949,1,0,2,3,2,1,1
3950,1,0,3,1,2,1,2
3951,1,0,1,2,1,1,1
3952,1,0,3,1,2,1,2
3953,1,0,3,1,2,1,2
3954,1,0,3,1,2,1,2
3955,1,0,2,3,2,1,2
3956,1,0,3,1,2,1,2
3957,1,0,2,3,2,1,2
3958,1,0,2,3,2,1,2
3959,0,0,4,4,1,1,1
3960,1,0,2,3,2,1,2
3961,1,0,3,1,2,1,2
3962,1,0,1,2,1,2,1
3963,1,0,3,1,2,1,2
3964,1,0,3,1,2,1,2
3965,1,0,3,1,2,1,2
3966,1,0,3,1,2,1,2
3967,1,0,2,3,2,1,2
3968,1,0,3,1,2,1,2
3969,1,0,2,3,2,1,2
3970,1,0,3,1,2,1,2
3971,0,0,4,2,2,2,1
3972,1,0,2,3,2,1,2
3973,1,0,2,3,2,1,2
3974,1,0,2,3,2,1,2
3975,1,0,2,3,2,1,2
3976,1,0,3,1,2,1,2
3977,1,0,2,3,2,1,2
3978,1,0,2,3,2,1,1
3979,1,0,3,1,2,1,2
3980,1,0,2,3,2,1,2
3981,1,0,2,3,2,1,2
3982,1,0,3,1,2,1,2
3983,1,0,3,1,2,1,2
3984,1,0,1,2,1,1,1
3985,1,0,2,3,2,1,2
3986,1,0,0,0,2,2,1
3987,1,0,2,3,2,1,2
3988,1,0,1,2,1,2,1
3989,1,0,1,2,1,1,1
3990,0,0,1,2,0,0,1
3991,1,0,3,1,2,1,2
3992,1,0,3,1,2,1,1
3993,1,0,1,2,2,2,1
3994,1,0,2,3,2,1,2
3995,1,0,2,3,2,1,2
3996,0,0,4,6,0,0,1
3997,0,0,4,6,0,0,1
3998,1,0,3,1,2,1,2
3999,1,0,2,3,2,1,2
4000,1,0,1,2,1,1,1
4001,1,0,2,3,2,1,2
4002,1,0,2,3,2,1,2
4003,1,0,3,1,2,1,2
4004,1,0,2,3,2,1,2
4005,1,0,3,1,2,1,2
4006,1,0,2,3,2,1,2
4007,1,0,2,3,2,1,2
4008,1,0,3,1,2,1,2
4009,0,0,4,3,2,1,1
4010,1,0,3,1,2,1,2
4011,1,0,2,3,2,1,2
4012,1,0,1,2,1,1,1
4013,1,0,3,1,2,1,2
4014,1,0,4,5,2,2,2
4015,1,0,3,1,2,1,2
4016,1,0,2,3,2,1,2
4017,1,0,2,3,1,1,1
4018,1,0,1,2,1,1,1
4019,1,0,2,3,1,2,1
4020,1,0,3,1,2,1,2
4021,1,0,1,2,1,1,1
4022,1,0,2,3,2,1,2
4023,1,0,3,1,2,1,2
4024,0,0,1,2,0,0,1
4025,1,0,2,3,2,1,2
4026,1,0,2,3,2,1,2
4027,1,0,2,3,2,1,2
4028,1,0,2,3,2,1,2
4029,1,0,2,3,2,1,2
4030,1,0,2,3,1,2,1
4031,1,0,2,3,2,1,2
4032,1,0,2,3,2,1,2
4033,1,0,2,3,2,1,2
4034,1,0,3,1,2,1,2
4035,1,0,0,0,1,2,0
4036,1,0,1,2,1,2,1
4037,1,0,2,3,2,1,2
4038,1,0,2,3,2,1,2
4039,0,0,4,5,2,2,1
4040,1,0,2,3,2,1,2
4041,1,0,2,3,2,1,2
4042,1,0,2,3,2,1,2
4043,1,0,2,3,2,1,2
4044,1,0,1,2,1,1,1
4045,1,0,2,3,1,1,1
4046,1,0,2,3,2,1,2
4047,1,0,1,2,1,1,1
4048,1,0,1,2,1,1,1
4049,1,0,2,3,2,1,2
4050,1,0,2,3,2,1,2
4051,1,0,2,3,2,1,2
4052,1,0,2,3,2,1,2
4053,1,0,3,1,2,1,2
4054,1,0,2,3,2,1,1
4055,1,0,3,1,1,2,1
4056,1,0,3,1,2,1,2
4057,1,0,2,3,2,1,2
4058,1,0,2,3,2,1,2
4059,1,0,2,3,2,1,2
4060,1,0,1,2,1,2,1
4061,1,0,2,3,2,1,2
4062,1,0,2,3,2,1,2
4063,1,0,4,5,2,2,2
4064,1,0,1,2,1,1,1
4065,1,0,2,3,2,1,2
4066,1,0,3,1,2,1,2
4067,1,0,2,3,2,1,2
4068,1,0,2,3,2,1,2
4069,1,0,1,2,1,1,1
4070,1,0,2,3,2,1,2
4071,1,0,3,1,2,1,2
4072,1,0,2,3,2,1,2
4073,1,0,3,1,2,1,2
4074,1,0,3,1,2,1,2
4075,1,0,2,3,1,2,1
4076,1,0,2,3,2,1,2
4077,1,0,3,1,2,1,2
4078,1,0,3,1,2,1,2
4079,1,0,1,2,1,1,1
4080,1,0,2,3,2,1,2
4081,1,0,2,3,2,1,2
4082,1,0,2,3,2,1,2
4083,1,0,1,2,1,1,1
4084,1,0,2,3,2,1,2
4085,1,0,1,2,1,1,1
4086,1,0,2,3,2,1,2
4087,1,0,2,3,2,1,2
4088,1,0,1,2,1,1,1
4089,1,0,4,5,2,2,2
4090,1,0,3,1,2,1,2
4091,1,0,1,2,1,1,1
4092,1,0,1,2,1,2,1
4093,1,0,2,3,2,1,2
4094,1,0,2,3,2,1,2
4095,1,0,1,2,1,2,1
4096,1,0,2,3,2,1,2
4097,1,0,2,3,2,1,2
4098,1,0,2,3,2,1,2
4099,1,0,2,3,2,1,2
4100,1,0,3,1,2,1,2
4101,1,0,2,3,2,1,2
4102,1,0,3,1,2,1,2
4103,1,0,0,0,0,2,1
4104,0,0,1,2,1,1,1
4105,0,0,1,2,1,1,1
4106,1,0,2,3,2,1,2
4107,1,0,3,1,2,1,2
4108,1,0,2,3,2,1,2
4109,1,0,3,1,2,1,2
4110,1,0,1,2,1,1,1
4111,1,0,2,3,2,1,2
4112,1,0,2,3,2,1,2
4113,1,0,2,3,2,1,2
4114,1,0,2,3,1,2,1
4115,1,0,1,2,1,1,1
4116,1,0,2,3,2,1,2
4117,0,0,1,2,2,1,2
4118,1,0,2,3,2,1,2
4119,0,0,1,2,0,0,1
4120,1,0,2,3,1,1,1
4121,1,0,2,3,2,1,2
4122,1,0,4,5,2,2,2
4123,1,0,2,3,2,1,2
4124,1,0,2,3,2,1,2
4125,1,0,2,3,2,1,2
4126,1,0,3,1,2,1,2
4127,1,0,2,3,2,1,2
4128,1,0,2,3,2,1,2
4129,1,0,2,3,2,1,2
4130,1,0,3,1,2,1,2
4131,1,0,1,2,1,2,1
4132,1,0,3,1,2,1,2
4133,0,0,4,6,1,2,2
4134,1,0,3,1,2,1,2
4135,1,0,3,1,2,1,2
4136,1,0,3,1,2,1,2
4137,1,0,2,3,2,1,2
4138,1,0,3,1,2,1,2
4139,1,0,2,3,2,1,2
4140,1,0,2,3,2,1,2
4141,1,0,2,3,2,1,1
4142,1,0,1,2,1,1,1
4143,1,0,4,5,2,2,2
4144,1,0,4,5,2,2,2
4145,1,0,1,2,1,2,1
4146,1,0,3,1,2,1,2
4147,1,0,1,2,1,2,1
4148,1,0,3,1,2,1,2
4149,1,0,3,1,2,1,2
4150,0,0,4,6,1,1,1
4151,1,0,2,3,1,2,1
4152,1,0,3,1,2,1,2
4153,1,0,1,2,1,1,1
4154,1,0,2,3,2,1,2
4155,1,0,2,3,2,1,2
4156,1,0,3,1,2,1,2
4157,1,0,3,1,2,1,2
4158,1,0,3,1,2,1,2
4159,1,0,2,3,2,1,2
4160,1,0,2,3,2,1,2
4161,1,0,2,3,2,1,2
4162,1,0,2,3,1,2,1
4163,1,0,2,3,2,2,1
4164,1,0,2,3,2,1,2
4165,1,0,2,3,2,1,2
4166,1,0,2,3,2,1,2
4167,1,0,2,3,2,1,2
4168,1,0,2,3,2,2,1
4169,1,0,2,3,2,1,2
4170,0,0,1,2,2,2,1
4171,1,0,2,3,2,1,2
4172,1,0,1,2,1,1,1
4173,1,0,1,2,1,1,1
4174,1,0,3,1,2,1,2
4175,1,0,2,3,2,1,2
4176,1,0,2,3,2,1,2
4177,1,0,1,2,1,1,1
4178,1,0,2,3,2,1,2
4179,1,0,2,3,2,1,2
4180,1,0,2,3,2,1,2
4181,1,0,1,2,1,1,1
4182,1,0,1,2,1,1,1
4183,1,0,2,3,2,1,2
4184,1,0,4,5,2,2,2
4185,1,0,2,3,2,1,2
4186,1,0,1,2,1,1,1
4187,1,0,3,1,2,1,2
4188,1,0,2,3,2,1,2
4189,1,0,3,1,2,1,2
4190,1,0,2,3,1,2,1
4191,1,0,0,0,1,2,0
4192,0,0,4,5,2,2,1
4193,1,0,2,3,2,1,2
4194,1,0,2,3,2,1,2
4195,1,0,3,1,2,1,2
4196,1,0,2,3,2,1,2
4197,1,0,2,3,2,1,2
4198,1,0,3,1,2,1,2
4199,1,0,3,1,2,1,2
4200,1,0,2,3,2,1,2
4201,1,0,1,2,1,1,1
4202,1,0,1,2,1,1,1
4203,1,0,1,2,1,2,1
4204,1,0,2,3,2,1,2
4205,1,0,3,1,2,1,2
4206,0,0,1,2,1,1,1
4207,1,0,1,2,1,1,1
4208,1,0,1,2,0,0,1
4209,1,0,2,3,2,1,2
4210,1,0,2,3,2,1,2
4211,1,0,2,3,2,1,2
4212,1,0,3,1,2,1,2
4213,0,0,4,5,2,2,1
4214,1,0,2,3,1,2,1
4215,1,0,1,2,1,1,1
4216,1,0,1,2,1,1,1
4217,1,0,3,1,2,1,2
4218,1,0,2,3,2,1,2
4219,1,0,2,3,2,1,2
4220,1,0,1,2,1,1,1
4221,1,0,2,3,2,1,2
4222,1,0,0,3,1,0,1
4223,1,0,1,2,1,2,1
4224,1,0,3,1,1,1,1
4225,1,0,2,3,2,1,2
4226,1,0,2,3,2,1,2
4227,1,0,2,3,2,1,2
4228,1,0,1,2,1,1,1
4229,1,0,3,1,2,1,1
4230,0,0,4,5,2,2,1
4231,1,0,3,1,2,1,2
4232,1,0,2,3,2,1,2
4233,1,0,2,3,2,1,2
4234,1,0,2,3,1,2,1
4235,1,0,3,1,2,1,2
4236,1,0,2,3,2,1,2
4237,0,0,4,5,2,1,1
4238,1,0,2,3,2,1,2
4239,1,0,2,3,2,1,2
4240,1,0,2,3,2,1,2
4241,0,0,1,2,1,1,1
4242,1,0,2,3,2,1,2
4243,1,0,3,1,2,1,2
4244,1,0,3,1,2,1,2
4245,1,0,2,3,2,1,2
4246,1,0,2,3,2,1,2
4247,1,0,1,2,1,1,1
4248,1,0,2,3,2,1,2
4249,1,0,1,2,0,0,1
4250,1,0,0,0,2,2,1
4251,1,0,3,1,2,1,2
4252,1,0,2,3,2,1,2
4253,1,0,1,2,1,1,1
4254,1,0,2,3,2,1,2
4255,1,0,2,3,2,1,2
4256,1,0,1,2,1,1,1
4257,1,0,1,2,1,2,1
4258,1,0,2,3,2,1,2
4259,1,0,2,3,2,1,2
4260,1,0,2,3,2,1,2
4261,1,0,3,1,2,1,2
4262,1,0,2,3,2,1,2
4263,1,0,2,3,2,1,2
4264,1,0,1,2,1,1,1
4265,1,0,1,2,1,2,1
4266,1,0,2,3,2,1,2
4267,1,0,3,1,2,1,2
4268,0,0,1,2,1,1,1
4269,1,0,2,3,2,1,2
4270,1,0,3,1,2,1,2
4271,1,0,2,3,2,1,2
4272,1,0,2,3,2,1,2
4273,1,0,2,3,2,1,2
4274,1,0,4,5,2,2,2
4275,1,0,3,1,2,1,2
4276,1,0,2,3,2,1,2
4277,1,0,2,3,2,1,2
4278,1,0,1,2,1,2,1
4279,1,0,2,3,2,1,2
4280,1,0,3,1,2,1,2
4281,1,0,2,3,2,1,2
4282,1,0,1,2,1,2,1
4283,1,0,2,3,1,2,1
4284,1,0,2,3,2,1,2
4285,1,0,3,1,2,1,2
4286,1,0,2,3,2,1,2
4287,1,0,1,2,1,1,1
4288,1,0,2,3,2,1,2
4289,1,0,3,1,2,1,2
4290,1,0,0,0,1,2,0
4291,1,0,2,3,2,1,2
4292,1,0,1,2,1,2,1
4293,1,0,2,3,2,1,2
4294,1,0,2,3,2,1,2
4295,1,0,2,3,1,2,1
4296,1,0,1,2,1,1,1
4297,1,0,2,3,2,1,2
4298,1,0,1,2,1,1,1
4299,1,0,2,3,2,1,2
4300,1,0,2,3,2,1,2
4301,1,0,3,1,2,1,2
4302,1,0,1,2,1,2,1
4303,1,0,3,1,2,1,2
4304,1,0,3,1,2,1,2
4305,1,0,3,1,2,1,2
4306,1,0,2,3,2,1,2
4307,1,0,3,1,2,1,2
4308,1,0,2,3,2,1,2
4309,1,0,2,3,2,1,2
4310,1,0,2,3,1,2,1
4311,1,0,2,3,2,1,2
4312,1,0,2,3,2,1,2
4313,1,0,1,2,1,1,1
4314,1,0,2,3,2,1,2
4315,1,0,3,1,2,1,2
4316,1,0,2,3,2,1,2
4317,0,0,4,3,2,1,1
4318,1,0,3,1,2,1,2
4319,1,0,3,1,2,1,2
4320,1,0,2,3,2,1,2
4321,1,0,3,1,2,1,2
4322,1,0,1,2,1,1,1
4323,1,0,2,3,2,1,2
4324,1,0,3,1,2,1,2
4325,0,0,1,2,1,1,1
4326,1,0,2,3,2,1,2
4327,1,0,2,3,2,1,2
4328,1,0,2,3,2,1,2
4329,1,0,2,3,2,1,2
4330,1,0,3,1,2,1,2
4331,1,0,1,2,1,1,1
4332,1,0,2,3,2,1,2
4333,1,0,3,1,2,1,2
4334,1,0,1,2,1,1,1
4335,1,0,3,1,2,1,2
4336,1,0,2,3,2,1,2
4337,1,0,2,3,2,1,2
4338,1,0,2,3,2,1,1
4339,0,0,4,5,2,2,1
4340,1,0,2,3,1,2,1
4341,1,0,2,3,2,1,2
4342,1,0,2,3,2,1,2
4343,1,0,1,2,1,1,1
4344,1,0,3,1,2,1,2
4345,1,0,2,3,2,1,2
4346,1,0,2,3,2,1,2
4347,1,0,4,5,2,2,2
4348,1,0,1,2,1,1,1
4349,1,0,2,3,2,1,2
4350,1,0,2,3,2,1,2
4351,1,0,2,3,1,2,1
4352,1,0,2,3,2,1,2
4353,1,0,2,3,2,1,2
4354,1,0,2,3,2,1,2
4355,1,0,3,1,2,1,2
4356,1,0,3,1,2,1,2
4357,1,0,4,5,2,2,2
4358,1,0,2,3,2,1,2
4359,1,0,3,1,2,1,2
4360,1,0,3,1,2,1,2
4361,1,0,2,3,2,1,2
4362,1,0,2,3,2,1,2
4363,1,0,3,1,2,1,2
4364,1,0,2,3,2,1,2
4365,1,0,1,2,1,1,1
4366,1,0,2,3,2,1,2
4367,1,0,1,2,1,1,1
4368,1,0,2,3,2,1,2
4369,1,0,2,3,2,1,2
4370,1,0,2,3,2,1,2
4371,1,0,2,3,1,2,1
4372,1,0,2,3,2,1,2
4373,1,0,3,1,2,1,2
4374,1,0,2,3,2,1,2
4375,1,0,2,3,2,1,2
4376,1,0,2,3,2,1,2
4377,1,0,2,3,2,1,2
4378,1,0,1,2,1,1,1
4379,1,0,2,3,2,1,2
4380,1,0,1,2,1,1,1
4381,1,0,2,3,2,1,2
4382,1,0,2,3,2,1,2
4383,1,0,3,1,2,1,2
4384,1,0,2,3,2,1,2
4385,1,0,1,2,2,2,1
4386,1,0,2,3,2,1,2
4387,0,0,4,6,0,0,1
4388,1,0,2,3,2,1,2
4389,1,0,3,1,2,1,2
4390,1,0,2,3,2,1,2
4391,1,0,2,3,2,1,2
4392,1,0,2,3,2,1,2
4393,1,0,2,3,2,1,2
4394,0,0,1,2,1,1,1
4395,0,0,2,3,1,2,1
4396,1,0,3,1,2,1,2
4397,1,0,1,2,1,2,1
4398,1,0,1,2,1,1,1
4399,1,0,3,1,2,1,2
4400,1,0,3,1,2,1,2
4401,1,0,3,1,1,1,1
4402,1,0,3,1,2,1,2
4403,1,0,2,3,2,1,2
4404,1,0,2,3,2,1,2
4405,1,0,1,2,1,1,1
4406,1,0,2,3,1,2,1
4407,1,0,2,3,2,1,2
4408,1,0,0,0,2,2,1
4409,1,0,1,2,1,1,1
4410,1,0,3,1,2,1,2
4411,1,0,3,1,2,1,2
4412,1,0,3,1,2,1,2
4413,1,0,0,0,1,2,1
4414,1,0,2,3,1,2,1
4415,1,0,2,3,2,1,2
4416,1,0,1,2,1,1,1
4417,0,0,4,5,2,2,1
4418,1,0,2,3,2,1,2
4419,1,0,2,3,2,1,2
4420,1,0,2,3,1,1,1
4421,0,0,4,5,2,2,1
4422,1,0,2,3,2,1,2
4423,1,0,1,2,1,2,0
4424,1,0,2,3,2,1,2
4425,1,0,1,2,1,1,1
4426,1,0,3,1,2,1,2
4427,0,0,2,3,1,1,1
4428,0,0,1,2,2,2,1
4429,0,0,4,6,0,0,1
4430,1,0,2,3,2,1,2
4431,1,0,2,3,2,1,2
4432,1,0,2,3,2,1,2
4433,1,0,2,3,2,1,2
4434,0,0,1,2,1,1,1
4435,1,0,2,3,2,1,2
4436,1,0,2,3,2,1,2
4437,1,0,2,3,2,1,2
4438,1,0,1,2,1,1,1
4439,0,0,1,2,1,1,1
4440,1,0,2,3,2,1,2
4441,1,0,1,2,1,1,1
4442,1,0,2,3,2,1,2
4443,1,0,1,2,1,1,1
4444,1,0,2,3,2,1,2
4445,1,0,2,3,2,1,2
4446,1,0,3,1,2,1,1
4447,0,0,1,2,0,0,1
4448,1,0,1,2,1,2,1
4449,1,0,2,3,2,1,2
4450,0,0,2,3,1,1,1
4451,1,0,2,3,2,1,2
4452,1,0,1,2,1,1,1
4453,1,0,2,3,2,1,2
4454,1,0,1,2,1,2,1
4455,0,0,1,2,0,0,1
4456,1,0,2,3,2,1,2
4457,1,0,2,3,2,1,2
4458,1,0,2,3,2,1,2
4459,1,0,3,1,2,1,2
4460,1,0,1,2,1,1,1
4461,1,0,2,3,2,1,2
4462,1,0,2,3,2,1,2
4463,1,0,2,3,2,1,2
4464,1,0,2,3,2,1,2
4465,1,0,2,3,2,1,2
4466,1,0,2,3,2,1,2
4467,0,0,1,2,1,2,1
4468,1,0,2,3,2,1,2
4469,1,0,3,1,2,1,2
4470,1,0,1,2,1,1,1
4471,1,0,1,2,1,1,1
4472,1,0,2,3,2,1,2
4473,1,0,2,3,2,1,2
4474,1,0,3,1,2,1,2
4475,1,0,1,2,1,1,1
4476,1,0,2,3,2,1,2
4477,1,0,2,3,2,1,2
4478,1,0,2,3,2,1,2
4479,1,0,3,1,2,1,2
4480,1,0,3,1,2,1,2
4481,1,0,1,2,1,1,1
4482,1,0,3,1,2,1,2
4483,1,0,2,3,2,1,2
4484,1,0,3,1,2,1,2
4485,1,0,1,2,1,2,1
4486,1,0,2,3,2,1,2
4487,1,0,2,3,1,2,1
4488,1,0,1,2,1,1,1
4489,1,0,3,1,2,1,2
4490,1,0,2,3,2,1,2
4491,1,0,2,3,2,1,2
4492,1,0,3,1,2,1,2
4493,1,0,1,2,1,1,1
4494,1,0,3,1,2,1,2
4495,1,0,3,1,2,1,2
4496,1,0,0,0,0,1,1
4497,1,0,2,3,2,1,2
4498,1,0,3,1,2,1,2
4499,1,0,1,2,1,1,1
4500,1,0,3,1,2,1,2
4501,1,0,2,3,2,1,2
4502,1,0,2,3,2,1,2
4503,1,0,2,3,2,1,2
4504,1,0,1,2,1,1,1
4505,1,0,1,2,1,1,1
4506,0,0,1,2,0,0,1
4507,1,0,2,3,2,1,2
4508,1,0,2,3,2,1,2
4509,1,0,0,3,1,0,1
4510,0,0,3,1,1,1,0
4511,1,0,2,3,2,1,2
4512,1,0,1,2,0,0,1
4513,1,0,2,3,2,1,2
4514,1,0,3,1,2,1,2
4515,1,0,1,2,0,0,1
4516,1,0,3,1,2,1,2
4517,1,0,2,3,2,1,2
4518,1,0,2,3,2,1,2
4519,1,0,3,1,2,1,2
4520,1,0,1,2,1,1,1
4521,1,0,2,3,2,1,2
4522,1,0,2,3,2,1,2
4523,0,0,1,2,1,1,1
4524,1,0,2,3,2,1,2
4525,1,0,1,2,0,0,1
4526,1,0,2,3,2,2,1
4527,1,0,3,1,2,1,2
4528,1,0,2,3,2,1,2
4529,1,0,1,2,1,2,1
4530,1,0,2,3,2,1,1
4531,1,0,2,3,2,1,2
4532,1,0,2,3,2,1,2
4533,1,0,2,3,2,1,2
4534,0,0,1,2,1,1,1
4535,1,0,1,2,1,1,1
4536,1,0,2,3,1,2,1
4537,1,0,1,2,1,1,1
4538,1,0,2,3,2,1,2
4539,1,0,2,3,2,1,2
4540,1,0,1,2,1,1,1
4541,1,0,2,3,2,1,2
4542,1,0,0,0,2,2,1
4543,1,0,3,1,2,1,2
4544,0,0,1,2,1,1,1
4545,1,0,1,2,1,2,1
4546,1,0,2,3,2,1,2
4547,1,0,2,3,2,1,2
4548,1,0,3,1,2,1,2
4549,0,0,4,3,2,1,1
4550,0,0,2,3,1,2,1
4551,1,0,2,3,2,1,2
4552,1,0,3,1,2,1,2
4553,1,0,2,3,2,1,2
4554,1,0,2,3,2,1,2
4555,1,0,1,2,1,1,1
4556,1,0,3,1,2,1,2
4557,1,0,2,3,2,1,2
4558,1,0,2,3,2,1,2
4559,1,0,2,3,2,1,2
4560,1,0,3,1,2,1,2
4561,1,0,1,2,1,1,1
4562,1,0,1,2,1,1,1
4563,1,0,1,2,1,1,1
4564,1,0,2,3,2,2,1
4565,1,0,3,1,2,1,2
4566,1,0,2,3,2,1,2
4567,1,0,2,3,2,1,2
4568,1,0,1,2,1,1,1
4569,1,0,2,3,2,2,1
4570,1,0,2,3,2,1,2
4571,1,0,2,3,2,1,2
4572,1,0,1,2,1,1,1
4573,0,0,4,2,2,2,1
4574,1,0,2,3,2,1,2
4575,1,0,2,3,2,1,2
4576,1,0,2,3,2,1,1
4577,1,0,1,2,1,1,1
4578,1,0,1,2,1,1,1
4579,1,0,0,0,2,2,1
4580,1,0,2,3,2,1,2
4581,1,0,1,2,1,1,1
4582,1,0,1,2,1,1,1
4583,1,0,2,3,2,1,2
4584,1,0,3,1,2,1,2
4585,1,0,2,3,2,1,2
4586,1,0,2,3,2,1,2
4587,1,0,1,2,0,0,1
4588,1,0,3,1,2,1,2
4589,1,0,3,1,2,1,2
4590,1,0,1,2,1,1,1
4591,0,0,1,2,2,1,1
4592,1,0,2,3,2,1,2
4593,1,0,1,2,1,1,1
4594,1,0,3,1,2,1,2
4595,1,0,2,3,2,1,2
4596,1,0,2,3,2,1,2
4597,1,0,2,3,2,1,2
4598,1,0,2,3,2,1,2
4599,1,0,1,2,0,0,1
4600,1,0,1,2,1,1,1
4601,1,0,3,1,2,1,2
4602,1,0,3,1,2,1,2
4603,1,0,3,1,2,1,2
4604,1,0,2,3,2,1,2
4605,1,0,3,1,2,1,2
4606,1,0,2,3,2,1,2
4607,1,0,1,2,1,1,1
4608,1,0,2,3,2,1,2
4609,1,0,2,3,2,1,2
4610,0,0,0,6,1,1,1
4611,1,0,2,3,2,1,2
4612,1,0,2,3,2,1,2
4613,1,0,3,1,2,1,2
4614,1,0,2,3,2,1,2
4615,1,0,2,3,2,1,2
4616,1,0,2,3,2,1,2
4617,1,0,0,0,0,2,1
4618,1,0,1,2,1,1,1
4619,1,0,4,5,2,2,2
4620,1,0,2,3,2,1,2
4621,1,0,2,3,2,1,2
4622,1,0,1,2,1,2,1
4623,1,0,1,2,1,1,1
4624,1,0,3,1,2,1,2
4625,0,0,2,3,1,1,1
4626,1,0,3,1,2,1,2
4627,0,0,2,3,1,2,1
4628,1,0,2,3,2,1,2
4629,1,0,1,2,1,1,1
4630,1,0,2,3,2,1,2
4631,1,0,3,1,2,1,2
4632,1,0,1,2,1,1,1
4633,0,0,4,2,2,2,1
4634,1,0,2,3,2,1,2
4635,1,0,2,3,2,1,2
4636,0,0,3,1,1,1,0
4637,1,0,1,2,1,1,1
4638,1,0,2,3,2,1,2
4639,1,0,2,3,2,1,2
4640,1,0,1,2,1,1,1
4641,1,0,3,1,2,1,2
4642,0,0,1,2,1,1,1
4643,1,0,3,1,2,1,2
4644,1,0,2,3,2,1,2
4645,1,0,2,3,2,1,2
4646,1,0,3,1,2,1,2
4647,1,0,2,3,2,1,2
4648,1,0,1,2,1,2,1
4649,1,0,1,2,1,2,1
4650,1,0,3,1,2,1,2
4651,1,0,3,1,2,1,2
4652,1,0,1,2,1,0,1
4653,1,0,2,3,2,1,2
4654,1,0,3,1,2,1,2
4655,1,0,3,1,2,1,2
4656,1,0,3,1,2,1,2
4657,1,0,2,3,2,1,2
4658,1,0,2,3,2,1,2
4659,1,0,3,1,2,1,2
4660,1,0,1,2,1,1,1
4661,1,0,4,5,2,2,2
4662,1,0,3,1,2,1,2
4663,1,0,3,1,2,1,2
4664,1,0,3,1,0,0,1
4665,1,0,2,3,2,1,2
4666,1,0,2,3,2,1,2
4667,1,0,1,2,0,0,1
4668,1,0,1,2,1,1,1
4669,1,0,2,3,2,1,2
4670,1,0,1,2,1,1,1
4671,1,0,1,2,1,1,1
4672,0,0,1,2,0,0,1
4673,1,0,3,1,2,1,2
4674,0,0,4,5,2,1,1
4675,1,0,1,2,1,2,1
4676,1,0,1,2,1,1,1
4677,1,0,2,3,2,1,2
4678,1,0,2,3,2,1,2
4679,1,0,0,0,1,2,0
4680,1,0,2,3,2,1,2
4681,1,0,2,3,2,1,2
4682,1,0,3,1,2,1,2
4683,1,0,3,1,2,1,2
4684,1,0,3,1,2,1,2
4685,1,0,3,1,2,1,2
4686,1,0,0,0,1,2,0
4687,1,0,1,2,1,1,1
4688,0,0,4,6,1,2,1
4689,1,0,3,1,2,1,2
4690,0,0,4,5,2,2,1
4691,1,0,3,1,2,1,2
4692,1,0,2,3,2,1,2
4693,1,0,1,2,1,1,1
4694,1,0,2,3,2,1,2
4695,1,0,2,3,2,1,2
4696,1,0,1,2,1,1,1
4697,1,0,2,3,2,1,2
4698,1,0,2,3,2,1,2
4699,1,0,2,3,2,1,1
4700,1,0,3,1,2,1,2
4701,1,0,3,1,2,1,2
4702,1,0,2,3,2,1,2
4703,1,0,3,1,2,1,2
4704,1,0,3,1,2,1,2
4705,1,0,3,1,2,1,2
4706,1,0,2,3,2,1,2
4707,1,0,3,1,2,1,2
4708,1,0,2,3,2,1,2
4709,1,0,2,3,2,1,2
4710,1,0,3,1,2,1,2
4711,1,0,3,1,2,1,2
4712,1,0,2,3,2,1,2
4713,1,0,2,3,2,1,2
4714,1,0,2,3,2,1,2
4715,1,0,2,3,2,1,2
4716,1,0,1,2,0,0,1
4717,1,0,3,1,2,1,1
4718,1,0,2,3,2,1,2
4719,1,0,3,1,2,1,2
4720,1,0,2,3,2,1,2
4721,1,0,1,2,1,1,1
4722,1,0,2,3,1,0,1
4723,1,0,3,1,2,1,2
4724,1,0,3,1,2,1,2
4725,0,0,1,2,1,1,1
4726,1,0,3,1,2,1,2
4727,1,0,3,1,2,1,2
4728,1,0,2,3,2,1,2
4729,1,0,2,3,2,1,2
4730,1,0,2,3,2,1,2
4731,0,0,1,2,1,1,1
4732,1,0,0,0,1,2,1
4733,1,0,2,3,2,1,2
4734,1,0,2,3,2,1,2
4735,1,0,3,1,2,1,2
4736,1,0,2,3,1,2,1
4737,1,0,2,3,2,1,2
4738,1,0,3,1,2,1,2
4739,1,0,2,3,2,1,2
4740,1,0,1,2,1,1,1
4741,0,0,4,5,2,1,1
4742,1,0,2,3,2,1,2
4743,0,0,4,5,2,1,1
4744,1,0,3,1,2,1,2
4745,0,0,1,2,1,1,1
4746,1,0,3,1,2,1,2
4747,1,0,1,2,1,1,1
4748,0,0,4,5,2,2,1
4749,1,0,3,1,2,1,2
4750,0,0,4,6,1,1,1
4751,1,0,1,2,1,1,1
4752,1,0,3,1,2,1,2
4753,1,0,1,2,1,1,1
4754,1,0,2,3,2,1,2
4755,1,0,3,1,2,1,2
4756,1,0,2,3,2,1,2
4757,1,0,2,3,2,1,2
4758,1,0,3,1,2,1,2
4759,1,0,1,2,1,1,1
4760,1,0,2,3,2,1,2
4761,1,0,1,2,1,2,1
4762,0,0,2,3,1,1,1
4763,1,0,2,3,2,1,2
4764,1,0,2,3,2,1,2
4765,1,0,3,1,2,1,2
4766,1,0,3,1,2,1,2
4767,1,0,2,3,2,1,2
4768,1,0,2,3,2,1,2
4769,1,0,2,3,2,1,2
4770,1,0,2,3,2,1,2
4771,1,0,1,2,1,1,1
4772,1,0,2,3,2,1,2
4773,1,0,2,3,2,1,2
4774,1,0,3,1,2,1,2
4775,1,0,2,3,2,1,2
4776,1,0,3,1,2,1,2
4777,1,0,2,3,2,1,2
4778,1,0,3,1,2,1,2
4779,1,0,3,1,2,1,2
4780,1,0,2,3,2,1,2
4781,0,0,4,5,2,1,1
4782,1,0,2,3,2,1,2
4783,0,0,1,2,0,0,1
4784,1,0,2,3,2,1,2
4785,1,0,2,3,2,1,2
4786,1,0,3,1,2,1,2
4787,1,0,0,0,1,2,0
4788,1,0,3,1,2,1,2
4789,0,0,1,2,1,1,1
4790,1,0,2,3,2,1,2
4791,1,0,2,3,2,1,2
4792,1,0,2,3,2,1,2
4793,1,0,1,2,2,2,1
4794,1,0,2,3,2,1,2
4795,1,0,3,1,2,1,2
4796,1,0,3,1,2,1,2
4797,1,0,3,1,2,1,2
4798,1,0,1,2,1,1,1
4799,1,0,2,3,2,1,2
4800,1,0,2,3,2,1,2
4801,1,0,3,1,2,1,2
4802,1,0,2,3,2,1,2
4803,1,0,3,1,2,1,2
4804,1,0,2,3,2,1,2
4805,1,0,2,3,2,1,2
4806,1,0,3,1,2,1,2
4807,1,0,2,3,2,1,2
4808,1,0,0,0,1,2,0
4809,1,0,2,3,2,1,2
4810,0,0,1,2,1,1,1
4811,1,0,1,2,1,1,1
4812,1,0,2,3,2,1,2
4813,1,0,2,3,2,1,2
4814,1,0,3,1,2,1,2
4815,1,0,2,3,2,1,2
4816,1,0,2,3,2,1,2
4817,1,0,3,1,2,1,2
4818,1,0,2,3,2,1,2
4819,1,0,0,0,2,2,1
4820,1,0,4,5,2,2,2
4821,1,0,2,3,2,1,2
4822,1,0,3,1,2,1,2
4823,1,0,0,0,1,2,0
4824,1,0,3,1,2,1,2
4825,0,0,4,6,0,0,1
4826,1,0,1,2,1,2,1
4827,1,0,1,2,1,2,1
4828,1,0,1,2,1,1,1
4829,1,0,2,3,2,1,2
4830,1,0,1,2,1,1,1
4831,1,0,1,2,2,2,1
4832,1,0,2,3,2,1,2
4833,0,0,1,2,1,1,1
4834,1,0,2,3,2,1,2
4835,1,0,2,3,2,1,2
4836,1,0,2,3,2,1,2
4837,1,0,2,3,2,1,2
4838,1,0,2,3,2,1,2
4839,0,0,1,2,1,1,1
4840,1,0,1,2,1,1,1
4841,1,0,3,1,2,1,2
4842,1,0,2,3,2,1,2
4843,1,0,2,3,2,1,2
4844,1,0,3,1,2,1,2
4845,1,0,3,1,2,1,1
4846,1,0,1,2,1,2,1
4847,1,0,2,3,2,1,2
4848,1,0,2,3,2,1,2
4849,1,0,2,3,2,1,2
4850,0,0,1,2,1,1,1
4851,1,0,1,2,1,1,1
4852,1,0,2,3,2,1,2
4853,1,0,1,2,0,0,1
4854,1,0,3,1,2,1,2
4855,1,0,2,3,2,1,2
4856,1,0,2,3,2,1,2
4857,1,0,3,1,2,1,2
4858,1,0,2,3,1,1,1
4859,0,0,1,2,1,1,1
4860,1,0,3,1,2,1,2
4861,1,0,1,2,2,2,1
4862,0,0,1,2,1,1,1
4863,1,0,3,1,2,1,2
4864,1,0,2,3,2,1,2
4865,1,0,1,2,1,1,1
4866,1,0,2,3,1,1,1
4867,1,0,2,3,2,1,2
4868,1,0,1,2,0,0,0
4869,1,0,1,2,1,1,1
4870,1,0,2,3,2,1,2
4871,1,0,2,3,2,1,2
4872,1,0,2,3,2,1,2
4873,1,0,2,3,2,1,2
4874,1,0,3,1,2,1,1
4875,1,0,2,3,2,1,2
4876,1,0,3,1,2,1,2
4877,1,0,3,1,2,1,2
4878,1,0,3,1,2,1,2
4879,1,0,0,0,2,2,1
4880,1,0,1,2,0,0,1
4881,1,0,2,3,2,1,2
4882,1,0,2,3,1,2,1
4883,1,0,2,3,1,2,1
4884,1,0,1,2,1,1,1
4885,0,0,0,4,1,2,1
4886,1,0,3,1,2,1,2
4887,1,0,1,2,1,1,1
4888,1,0,1,2,2,2,1
4889,1,0,2,3,2,1,2
4890,1,0,2,3,2,1,2
4891,1,0,2,3,2,1,2
4892,1,0,2,3,2,1,2
4893,1,0,3,1,2,1,2
4894,1,0,3,1,2,1,2
4895,1,0,2,3,2,1,2
4896,1,0,2,3,2,1,1
4897,1,0,2,3,2,1,1
4898,1,0,3,1,2,1,2
4899,1,0,3,1,2,1,2
4900,1,0,2,3,2,1,2
4901,1,0,3,1,2,1,2
4902,1,0,3,1,2,1,2
4903,1,0,2,3,2,1,2
4904,1,0,2,3,2,1,2
4905,1,0,1,2,1,1,1
4906,0,1,4,6,0,0,1
4907,1,0,2,3,2,1,2
4908,1,0,3,1,2,1,2
4909,1,0,2,3,2,1,2
4910,1,0,1,2,1,1,1
4911,1,0,2,3,2,1,2
4912,1,0,2,3,2,1,2
4913,1,0,1,2,1,1,1
4914,1,0,2,3,2,1,2
4915,1,0,3,1,2,1,2
4916,1,0,3,1,2,1,2
4917,1,0,2,3,2,1,2
4918,1,0,2,3,2,1,1
4919,1,0,2,3,1,2,1
4920,1,0,3,1,2,1,2
4921,1,0,3,1,2,1,2
4922,1,0,2,3,2,1,2
4923,1,0,2,3,2,1,2
4924,1,0,2,3,2,1,2
4925,0,0,4,6,0,0,1
4926,1,0,2,3,2,1,2
4927,1,0,2,3,2,1,2
4928,1,0,1,2,2,2,1
4929,1,0,2,3,2,1,2
4930,1,0,1,2,1,2,1
4931,1,0,1,2,1,1,1
4932,1,0,1,2,1,1,1
4933,0,0,2,3,1,2,1
4934,1,0,3,1,2,1,2
4935,1,0,1,2,1,1,1
4936,1,0,2,3,2,1,2
4937,1,0,3,1,2,1,2
4938,1,0,2,3,2,1,2
4939,0,0,1,2,1,1,1
4940,1,0,2,3,2,1,2
4941,1,0,1,2,1,1,1
4942,1,0,3,1,2,1,2
4943,1,0,3,1,2,1,2
4944,1,0,2,3,2,1,2
4945,0,0,1,2,1,1,1
4946,1,0,1,2,1,2,1
4947,1,0,3,1,2,1,2
4948,1,0,2,3,2,1,2
4949,1,0,1,2,1,1,1
4950,1,0,1,2,0,0,1
4951,1,0,2,3,2,1,2
4952,1,0,2,3,2,1,2
4953,1,0,1,2,1,2,1
4954,1,0,2,3,2,1,2
4955,1,0,2,3,2,1,2
4956,1,0,2,3,2,1,2
4957,1,0,2,3,2,1,2
4958,1,0,1,2,1,1,1
4959,1,0,1,2,1,1,1
4960,1,0,1,2,1,1,1
4961,1,0,3,1,2,1,2
4962,1,0,1,2,1,1,1
4963,1,0,3,1,2,1,2
4964,1,0,1,2,1,1,1
4965,1,0,1,2,1,2,1
4966,1,0,1,2,1,1,1
4967,0,0,4,5,1,1,1
4968,0,0,2,3,1,2,1
4969,1,0,1,2,1,1,1
4970,1,0,1,2,1,1,1
4971,1,0,1,2,1,1,1
4972,1,0,3,1,2,1,2
4973,1,0,3,1,2,1,2
4974,1,0,2,3,2,1,2
4975,1,0,3,1,2,1,2
4976,1,0,2,3,1,2,1
4977,1,0,2,3,2,1,2
4978,0,0,1,2,1,1,1
4979,1,0,1,2,1,0,1
4980,1,0,1,2,1,1,1
4981,1,0,2,3,2,1,2
4982,1,0,2,3,2,1,2
4983,0,0,4,5,0,0,1
4984,1,0,1,2,1,1,1
4985,1,0,2,3,2,1,2
4986,1,0,2,3,2,1,2
4987,1,0,2,3,2,1,2
4988,1,0,2,3,2,1,2
4989,0,0,1,2,1,1,1
4990,1,0,2,3,2,1,2
4991,1,0,2,3,2,1,2
4992,1,0,3,1,2,1,2
4993,1,0,2,3,2,1,2
4994,1,0,2,3,2,1,2
4995,1,0,3,1,2,1,2
4996,1,0,2,3,2,1,2
4997,1,0,3,1,2,1,2
4998,1,0,3,1,2,1,2
4999,1,0,1,2,1,2,1
5000,1,0,2,3,2,1,2
5001,1,0,3,1,2,1,2
5002,1,0,3,1,2,1,2
5003,1,0,3,1,2,1,2
5004,1,0,2,3,2,1,2
5005,1,0,3,1,2,1,2
5006,1,0,2,3,2,1,2
5007,1,0,3,1,2,1,2
5008,1,0,1,2,1,1,1
5009,1,0,1,2,1,1,1
5010,1,0,2,3,2,1,2
5011,1,0,2,3,2,1,2
5012,1,0,3,1,2,1,2
5013,1,0,2,3,2,1,2
5014,1,0,2,3,2,1,2
5015,1,0,2,3,1,2,1
5016,0,0,1,2,0,0,1
5017,1,0,1,2,1,1,1
5018,0,0,1,2,0,0,1
5019,1,0,0,0,1,2,1
5020,1,0,3,1,2,1,2
5021,1,0,2,3,2,1,2
5022,1,0,1,2,1,1,1
5023,1,0,2,3,2,1,2
5024,1,0,1,2,1,2,1
5025,1,0,3,1,2,1,2
5026,1,0,2,3,2,1,2
5027,1,0,2,3,1,2,1
5028,1,0,2,3,2,1,2
5029,0,0,2,3,2,0,2
5030,0,0,1,2,1,1,1
5031,1,0,2,3,1,0,1
5032,1,0,2,3,2,1,2
5033,1,0,1,2,1,1,1
5034,1,0,1,2,1,2,1
5035,1,0,3,1,2,1,2
5036,1,0,2,3,2,1,2
5037,1,0,3,1,2,1,2
5038,1,0,2,3,2,1,2
5039,1,0,1,2,1,1,1
5040,1,0,2,3,2,1,2
5041,1,0,3,1,2,1,2
5042,1,0,2,3,2,1,2
5043,1,0,1,2,1,1,1
5044,1,0,2,3,2,1,2
5045,1,0,2,3,2,1,2
5046,0,0,1,2,1,1,1
5047,1,0,2,3,2,1,2
5048,1,0,2,3,2,1,1
5049,1,0,1,2,0,0,1
5050,1,0,3,1,2,1,2
5051,1,0,1,2,1,1,1
5052,1,0,2,3,1,2,1
5053,1,0,1,2,1,2,1
5054,1,0,1,2,1,1,1
5055,1,0,3,1,2,1,2
5056,1,0,2,3,2,1,2
5057,1,0,3,1,2,1,2
5058,1,0,3,1,2,1,2
5059,1,0,2,3,2,1,2
5060,1,0,3,1,2,1,2
5061,1,0,2,3,2,1,2
5062,1,0,3,1,2,1,2
5063,1,0,1,2,1,2,1
5064,1,0,3,1,2,1,2
5065,1,0,0,3,1,0,1
5066,1,0,2,3,2,1,2
5067,0,0,1,2,1,1,1
5068,1,0,2,3,2,1,2
5069,1,0,2,3,2,1,2
5070,1,0,3,1,2,1,2
5071,1,0,2,3,2,1,2
5072,1,0,2,3,2,1,2
5073,1,0,2,3,1,1,1
5074,1,0,2,3,2,1,2
5075,1,0,2,3,2,1,2
5076,1,0,2,3,2,1,2
5077,1,0,2,3,2,1,1
5078,1,0,3,1,2,1,2
5079,1,0,1,2,1,1,1
5080,0,0,1,2,1,1,1
5081,1,0,2,3,1,1,2
5082,1,0,2,3,2,1,2
5083,1,0,2,3,2,1,2
5084,0,0,1,2,1,1,1
5085,1,0,2,3,2,1,2
5086,1,0,3,1,2,1,2
5087,1,0,2,3,2,1,2
5088,1,0,2,3,2,1,2
5089,1,0,3,1,2,1,2
5090,1,0,2,3,2,1,2
5091,1,0,2,3,2,1,2
5092,0,0,4,5,2,2,1
5093,1,0,2,3,2,1,2
5094,1,0,1,2,1,1,1
5095,1,0,1,2,2,2,1
5096,1,0,3,1,2,1,2
5097,1,0,3,1,2,1,2
5098,1,0,2,3,2,1,2
5099,1,0,0,0,2,2,1
5100,1,0,1,2,1,2,1
5101,1,0,2,3,2,1,2
5102,1,0,1,2,1,2,1
5103,1,0,3,1,2,1,2
5104,1,0,2,3,2,1,2
5105,1,0,3,1,2,1,2
5106,1,0,2,3,2,1,2
5107,1,0,3,1,2,1,2
5108,1,0,1,2,1,1,1
5109,1,0,1,2,1,2,1
5110,1,0,2,3,2,1,2
5111,1,0,2,3,2,1,2
5112,1,0,3,1,2,1,2
5113,1,0,3,1,2,1,2
5114,0,0,4,5,2,1,1
5115,1,0,1,2,1,2,1
5116,1,0,2,3,2,1,2
5117,0,0,4,6,1,2,1
5118,1,0,1,2,1,1,1
5119,1,0,1,2,1,1,1
5120,1,0,2,3,2,1,2
5121,1,0,2,3,2,1,2
5122,1,0,3,1,2,1,2
5123,1,0,2,3,2,1,2
5124,1,0,2,3,2,1,2
5125,1,0,1,2,1,1,1
5126,1,0,2,3,2,1,2
5127,1,0,2,3,2,1,2
5128,1,0,1,2,1,2,1
5129,1,0,1,2,1,2,1
5130,1,0,2,3,2,1,2
5131,1,0,3,1,2,1,2
5132,1,0,2,3,2,1,2
5133,1,0,1,2,1,1,1
5134,1,0,2,3,2,1,2
5135,1,0,3,1,2,1,2
5136,1,0,3,1,2,1,2
5137,1,0,2,3,2,1,2
5138,1,0,2,3,2,1,2
5139,1,0,2,3,2,1,2
5140,1,0,1,2,1,1,1
5141,1,0,3,1,2,1,2
5142,1,0,3,1,2,1,2
5143,1,0,2,3,2,1,2
5144,1,0,2,3,2,1,2
5145,1,0,2,3,2,1,2
5146,1,0,3,1,2,1,2
5147,1,0,3,1,2,1,2
5148,1,0,2,3,2,1,2
5149,1,0,2,3,2,1,2
5150,1,0,1,2,1,2,1
5151,0,0,4,5,2,2,1
5152,1,0,1,2,1,2,1
5153,1,0,2,3,2,1,2
5154,1,0,3,1,2,1,2
5155,1,0,2,3,2,1,2
5156,1,0,2,3,2,1,2
5157,1,0,2,3,2,1,2
5158,1,0,3,1,2,1,2
5159,1,0,3,1,2,1,2
5160,1,0,2,3,2,1,2
5161,1,0,2,3,2,1,2
5162,1,0,1,2,1,1,1
5163,1,0,2,3,1,1,1
5164,1,0,2,3,2,1,2
5165,1,0,3,1,2,1,2
5166,1,0,3,1,2,1,2
5167,1,0,1,2,1,1,1
5168,1,0,1,2,1,1,1
5169,1,0,2,3,1,2,1
5170,1,0,1,2,1,1,1
5171,1,0,3,1,2,1,2
5172,1,0,1,2,1,1,1
5173,1,0,2,3,2,1,1
5174,1,0,2,3,2,1,2
5175,1,0,1,2,1,1,1
5176,1,0,2,3,2,1,2
5177,1,0,1,2,1,1,1
5178,1,0,2,3,2,1,2
5179,1,0,3,1,2,1,2
5180,1,0,2,3,2,1,2
5181,1,0,2,3,2,1,2
5182,1,0,2,3,2,1,2
5183,1,0,2,3,2,1,2
5184,0,0,4,2,1,1,1
5185,1,0,3,1,2,1,2
5186,1,0,2,3,2,1,2
5187,1,0,2,3,2,1,2
5188,1,0,2,3,2,1,2
5189,0,0,1,2,1,2,1
5190,1,0,3,1,2,1,2
5191,1,0,3,1,2,1,2
5192,1,0,1,2,1,1,1
5193,1,0,3,1,2,1,2
5194,1,0,1,2,1,1,1
5195,1,0,2,3,2,1,2
5196,1,0,2,3,2,1,2
5197,1,0,3,1,2,1,2
5198,0,0,1,2,1,1,1
5199,1,0,2,3,2,1,2
5200,1,0,2,3,2,1,2
5201,0,0,0,4,1,2,1
5202,1,0,2,3,2,1,2
5203,1,0,2,3,2,1,2
5204,1,0,3,1,2,1,2
5205,0,0,4,5,2,2,1
5206,1,0,3,1,2,1,2
5207,1,0,2,3,2,1,2
5208,1,0,1,2,1,1,1
5209,0,0,2,3,1,2,1
5210,1,0,2,3,2,1,2
5211,1,0,2,3,2,1,2
5212,1,0,2,3,2,1,2
5213,1,0,3,1,2,1,2
5214,0,0,4,5,0,0,1
5215,1,0,2,3,2,1,2
5216,1,0,2,3,2,1,2
5217,1,0,1,2,1,1,1
5218,1,0,2,3,2,1,2
5219,1,0,2,3,2,1,2
5220,1,0,2,3,2,1,2
5221,1,0,2,3,2,1,2
5222,1,0,2,3,2,1,2
5223,1,0,1,2,1,1,1
5224,0,0,4,5,2,1,1
5225,1,0,3,1,2,1,2
5226,0,0,4,3,2,1,1
5227,1,0,3,1,2,1,2
5228,1,0,3,1,2,1,2
5229,1,0,1,2,1,1,1
5230,1,0,1,2,1,1,1
5231,1,0,3,1,2,1,2
5232,1,0,1,2,1,1,1
5233,1,0,2,3,2,1,2
5234,1,0,2,3,2,1,2
5235,1,0,0,0,2,2,1
5236,1,0,2,3,1,0,1
5237,1,0,2,3,2,1,2
5238,1,0,3,1,2,1,2
5239,1,0,2,3,2,1,2
5240,1,0,1,2,1,1,1
5241,1,0,1,2,1,2,1
5242,0,0,4,6,0,0,1
5243,1,0,2,3,2,1,2
5244,1,0,1,2,1,1,1
5245,1,0,2,3,2,1,1
5246,1,0,2,3,2,1,2
5247,1,0,2,3,2,1,2
5248,1,0,2,3,2,1,2
5249,1,0,2,3,1,0,1
5250,1,0,3,1,2,1,2
5251,1,0,2,3,2,1,2
5252,1,0,3,1,2,1,1
5253,1,0,1,2,1,1,1
5254,1,0,2,3,2,1,2
5255,1,0,1,2,1,2,1
5256,1,0,2,3,2,1,2
5257,1,0,2,3,2,1,2
5258,1,0,0,0,2,2,1
5259,1,0,3,1,2,1,2
5260,1,0,2,3,2,1,2
5261,1,0,1,2,1,1,1
5262,1,0,1,2,1,1,1
5263,1,0,3,1,2,1,2
5264,1,0,3,1,2,1,2
5265,1,0,2,3,2,1,2
5266,1,0,2,3,2,1,2
5267,1,0,2,3,2,1,2
5268,1,0,2,3,2,1,2
5269,1,0,2,3,2,1,2
5270,0,0,4,6,0,0,1
5271,1,0,2,3,2,1,2
5272,0,0,1,2,1,1,1
5273,1,0,2,3,2,1,2
5274,1,0,2,3,2,1,2
5275,1,0,3,1,2,1,2
5276,1,0,2,3,2,1,2
5277,1,0,2,3,2,1,2
5278,1,0,2,3,2,1,2
5279,1,0,2,3,2,1,2
5280,1,0,4,5,2,2,2
5281,1,0,3,1,2,1,2
5282,1,0,2,3,2,1,2
5283,1,0,1,2,1,1,1
5284,1,0,2,3,2,1,2
5285,1,0,1,2,1,2,1
5286,1,0,3,1,2,1,2
5287,1,0,2,3,2,1,2
5288,1,0,3,1,2,1,2
5289,0,0,4,5,0,0,1
5290,1,0,2,3,2,1,2
5291,1,0,2,3,2,1,2
5292,1,0,1,2,1,1,1
5293,1,0,2,3,2,1,2
5294,1,0,3,1,2,1,2
5295,1,0,1,2,1,1,1
5296,1,0,2,3,2,1,2
5297,1,0,2,3,2,1,2
5298,1,0,4,5,2,2,2
5299,1,0,1,2,1,2,1
5300,1,0,3,1,2,1,2
5301,1,0,3,1,2,1,2
5302,1,0,1,2,1,1,1
5303,1,0,1,2,1,2,1
5304,1,0,2,3,2,1,2
5305,1,0,3,1,2,1,2
5306,1,0,2,3,2,1,1
5307,1,0,2,3,2,1,2
5308,1,0,2,3,2,1,2
5309,1,0,3,1,2,1,2
5310,1,0,2,3,2,1,2
5311,1,0,2,3,2,1,2
5312,0,0,4,6,1,2,2
5313,1,0,2,3,2,1,2
5314,1,0,2,3,2,1,2
5315,1,0,2,3,2,1,1
5316,1,0,2,3,2,1,2
5317,1,0,3,1,2,1,2
5318,1,0,1,2,1,2,1
5319,1,0,1,2,1,1,1
5320,1,0,2,3,2,1,2
5321,1,0,3,1,2,1,2
5322,1,0,3,1,2,1,2
5323,1,0,1,2,1,1,1
5324,0,0,1,2,0,0,1
5325,1,0,2,3,2,1,2
5326,1,0,2,3,2,1,2
5327,1,0,2,3,2,1,2
5328,1,0,2,3,2,1,2
5329,1,0,1,2,1,1,1
5330,1,0,2,3,2,1,2
5331,1,0,3,1,2,1,2
5332,1,0,3,1,2,1,2
5333,1,0,3,1,2,1,2
5334,1,0,3,1,2,1,2
5335,1,0,2,3,2,1,2
5336,1,0,1,2,1,1,1
5337,1,0,3,1,2,1,2
5338,1,0,2,3,2,1,2
5339,1,0,3,1,1,2,1
5340,1,0,1,2,1,2,1
5341,1,0,2,3,2,1,2
5342,1,0,1,2,1,2,1
5343,1,0,2,3,2,1,2
5344,1,0,2,3,2,1,2
5345,1,0,1,2,1,1,1
5346,0,0,4,6,2,2,1
5347,1,0,1,2,1,1,1
5348,1,0,2,3,2,1,2
5349,1,0,1,2,1,1,1
5350,1,0,1,2,1,1,1
5351,1,0,3,1,2,1,2
5352,0,0,1,2,0,0,1
5353,1,0,3,1,1,1,1
5354,1,0,2,3,2,1,2
5355,1,0,2,3,2,1,2
5356,1,0,2,3,2,1,2
5357,1,0,2,3,2,1,2
5358,0,0,2,3,2,0,2
5359,0,0,1,2,2,2,1
5360,1,0,4,5,2,2,2
5361,1,0,2,3,2,1,2
5362,1,0,1,2,0,0,1
5363,1,0,3,1,2,1,2
5364,1,0,2,3,1,2,1
5365,1,0,2,3,2,1,2
5366,1,0,3,1,2,1,2
5367,1,0,2,3,2,1,2
5368,1,0,2,3,2,1,2
5369,1,0,1,2,0,0,1
5370,1,0,3,1,2,1,2
5371,1,0,3,1,2,1,2
5372,0,0,4,3,2,1,1
5373,1,0,2,3,2,1,2
5374,1,0,2,3,2,1,2
5375,1,0,3,1,2,1,2
5376,1,0,2,3,2,1,2
5377,1,0,1,2,1,1,1
5378,1,0,2,3,2,1,2
5379,0,1,4,6,0,0,1
5380,1,0,1,2,1,1,1
5381,1,0,1,2,1,2,1
5382,1,0,2,3,2,1,2
5383,1,0,2,3,2,1,2
5384,1,0,2,3,2,1,2
5385,1,0,1,2,1,1,1
5386,1,0,2,3,2,1,2
5387,1,0,2,3,2,1,2
5388,1,0,2,3,2,1,2
5389,1,0,1,2,1,1,1
5390,1,0,3,1,2,1,2
5391,1,0,2,3,2,1,2
5392,1,0,4,5,2,2,2
5393,1,0,3,1,2,1,2
5394,1,0,3,1,2,1,2
5395,1,0,2,3,2,1,2
5396,1,0,2,3,2,1,2
5397,1,0,2,3,2,1,2
5398,1,0,2,3,2,1,2
5399,1,0,2,3,2,1,2
5400,1,0,1,2,2,2,1
5401,1,0,3,1,2,1,2
5402,1,0,1,2,1,1,1
5403,1,0,1,2,0,0,0
5404,1,0,3,1,2,1,2
5405,1,0,2,3,2,1,2
5406,0,1,4,6,0,0,1
5407,1,0,2,3,2,1,2
5408,0,0,4,6,1,2,1
5409,0,0,4,5,2,2,1
5410,1,0,1,2,1,1,1
5411,1,0,1,2,1,1,1
5412,1,0,2,3,2,1,2
5413,0,0,1,2,1,1,1
5414,1,0,1,2,1,2,1
5415,1,0,1,2,1,1,1
5416,1,0,3,1,2,1,2
5417,1,0,3,1,2,1,1
5418,1,0,2,3,2,1,2
5419,1,0,3,1,2,1,2
5420,1,0,1,2,1,1,1
5421,1,0,2,3,1,2,1
5422,0,0,1,2,1,1,1
5423,1,0,2,3,2,1,2
5424,1,0,1,2,1,1,1
5425,1,0,2,3,2,2,1
5426,1,0,2,3,2,2,1
5427,1,0,2,3,2,1,2
5428,1,0,3,1,2,1,2
5429,1,0,3,1,2,1,2
5430,1,0,2,3,2,1,2
5431,1,0,2,3,2,1,2
5432,1,0,1,2,1,1,1
5433,1,0,2,3,2,1,2
5434,1,0,2,3,2,1,2
5435,1,0,1,2,1,1,1
5436,1,0,2,3,2,1,2
5437,0,0,1,2,1,1,1
5438,1,0,2,3,1,2,1
5439,1,0,3,1,2,1,2
5440,1,0,3,1,2,1,2
5441,1,0,2,3,2,1,2
5442,1,0,3,1,2,1,2
5443,1,0,2,3,2,1,2
5444,1,0,3,1,2,1,2
5445,1,0,1,2,1,1,1
5446,1,0,2,3,2,1,2
5447,1,0,2,3,2,1,2
5448,1,0,2,3,2,1,2
5449,1,0,1,2,1,2,1
5450,1,0,2,3,2,1,2
5451,1,0,3,1,2,1,2
5452,1,0,2,3,2,1,2
5453,1,0,1,2,1,1,1
5454,1,0,2,3,2,1,2
5455,1,0,2,3,2,1,2
5456,1,0,1,2,1,2,1
5457,1,0,1,2,1,1,1
5458,1,0,1,2,1,1,1
5459,1,0,2,3,2,1,2
5460,1,0,2,3,2,1,2
5461,1,0,2,3,2,1,2
5462,1,0,1,2,1,1,1
5463,1,0,2,3,2,1,2
5464,1,0,1,2,1,1,1
5465,1,0,2,3,2,1,2
5466,1,0,3,1,2,1,2
5467,1,0,3,1,2,1,2
5468,1,0,2,3,2,1,2
5469,1,0,1,2,1,2,1
5470,1,0,3,1,2,1,2
5471,1,0,1,2,1,2,1
5472,1,0,1,2,1,2,1
5473,1,0,1,2,1,2,1
5474,1,0,2,3,2,1,2
5475,1,0,2,3,2,1,2
5476,1,0,3,1,2,1,2
5477,1,0,2,3,2,1,2
5478,1,0,2,3,2,1,2
5479,1,0,3,1,2,1,2
5480,1,0,2,3,2,1,2
5481,1,0,2,3,2,1,2
5482,0,0,1,2,1,1,1
5483,1,0,1,2,1,2,1
5484,1,0,3,1,2,1,2
5485,1,0,1,2,1,1,1
5486,1,0,2,3,2,1,2
5487,1,0,3,1,2,1,2
5488,1,0,2,3,2,1,2
5489,1,0,3,1,2,1,1
5490,1,0,3,1,2,1,2
5491,1,0,2,3,2,1,2
5492,1,0,1,2,1,2,1
5493,1,0,2,3,2,1,2
5494,1,0,3,1,2,1,2
5495,1,0,2,3,2,1,2
5496,1,0,1,2,1,1,1
5497,1,0,2,3,2,1,2
5498,1,0,2,3,2,1,2
5499,1,0,3,1,2,1,2
5500,1,0,3,1,1,1,1
5501,1,0,3,1,2,1,2
5502,1,0,3,1,2,1,2
5503,1,0,2,3,2,1,2
5504,1,0,3,1,2,1,2
5505,1,0,3,1,2,1,2
5506,1,0,1,2,1,2,1
5507,1,0,1,2,1,2,1
5508,1,0,1,2,1,1,1
5509,0,0,1,2,1,1,1
5510,1,0,3,1,2,1,2
5511,1,0,2,3,2,1,2
5512,1,0,2,3,2,1,2
5513,0,0,0,4,1,2,1
5514,1,0,3,1,2,1,2
5515,1,0,2,3,2,1,2
5516,1,0,2,3,2,1,2
5517,1,0,2,3,2,1,2
5518,1,0,3,1,2,1,2
5519,1,0,3,1,2,1,2
5520,1,0,2,3,2,1,1
5521,1,0,3,1,2,1,2
5522,1,0,1,2,1,1,1
5523,1,0,1,2,1,1,1
5524,1,0,1,2,1,1,1
5525,1,0,3,1,2,1,2
5526,1,0,2,3,2,1,2
5527,1,0,3,1,2,1,2
5528,1,0,3,1,2,1,2
5529,1,0,2,3,2,1,1
5530,0,0,1,2,1,1,1
5531,1,0,1,2,1,1,1
5532,1,0,3,1,2,1,2
5533,1,0,2,3,2,1,2
5534,1,0,2,3,2,1,2
5535,1,0,0,0,2,2,1
5536,1,0,3,1,2,1,2
5537,1,0,3,1,2,1,2
5538,1,0,2,3,2,1,2
5539,1,0,3,1,2,1,2
5540,1,0,2,3,1,2,1
5541,1,0,0,0,1,2,0
5542,0,0,1,2,1,1,1
5543,1,0,2,3,2,1,2
5544,1,0,2,3,2,1,2
5545,1,0,3,1,2,1,2
5546,1,0,3,1,2,1,2
5547,1,0,2,3,2,1,2
5548,1,0,3,1,2,1,2
5549,1,0,2,3,1,2,1
5550,1,0,1,2,1,2,1
5551,1,0,2,3,2,1,2
5552,1,0,3,1,2,1,2
5553,1,0,2,3,2,1,2
5554,1,0,3,1,2,1,2
5555,1,0,1,2,1,1,1
5556,1,0,1,2,1,1,1
5557,1,0,2,3,2,1,2
5558,1,0,1,2,1,1,1
5559,1,0,2,3,2,1,2
5560,1,0,2,3,2,1,2
5561,1,0,4,5,2,2,2
5562,1,0,2,3,2,1,2
5563,1,0,2,3,2,1,2
5564,1,0,3,1,2,1,2
5565,1,0,2,3,2,1,2
5566,1,0,3,1,2,1,2
5567,1,0,3,1,2,1,2
5568,1,0,3,1,2,1,2
5569,1,0,1,2,1,1,1
5570,1,0,3,1,2,1,2
5571,1,0,2,3,2,1,2
5572,1,0,2,3,2,1,1
5573,1,0,2,3,2,1,2
5574,1,0,2,3,2,1,2
5575,1,0,2,3,2,1,2
5576,1,0,2,3,2,1,2
5577,1,0,0,0,2,2,1
5578,0,0,4,5,2,1,1
5579,1,0,3,1,2,1,2
5580,1,0,2,3,2,1,2
5581,1,0,1,2,1,2,1
5582,1,0,0,0,2,2,1
5583,1,0,2,3,2,1,2
5584,1,0,1,2,1,1,1
5585,1,0,2,3,2,1,2
5586,1,0,2,3,2,1,2
5587,1,0,2,3,2,1,2
5588,1,0,1,2,1,1,1
5589,1,0,1,2,1,1,1
5590,1,0,2,3,2,1,2
5591,1,0,3,1,2,1,2
5592,1,0,2,3,2,1,2
5593,1,0,3,1,2,1,2
5594,1,0,2,3,2,1,2
5595,1,0,3,1,1,1,1
5596,1,0,3,1,2,1,2
5597,1,0,2,3,2,1,2
5598,1,0,3,1,2,1,2
5599,1,0,2,3,2,1,2
5600,1,0,3,1,2,1,2
5601,1,0,1,2,1,1,1
5602,1,0,2,3,2,1,2
5603,1,0,3,1,2,1,2
5604,0,0,4,6,1,2,2
5605,1,0,3,1,1,1,1
5606,1,0,2,3,1,1,1
5607,1,0,3,1,1,1,1
5608,1,0,2,3,2,1,2
5609,1,0,1,2,1,1,1
5610,1,0,2,3,2,1,2
5611,1,0,1,2,1,1,1
5612,1,0,2,3,1,1,1
5613,1,0,2,3,2,1,2
5614,1,0,2,3,2,1,2
5615,1,0,2,3,2,1,2
5616,1,0,3,1,2,1,2
5617,1,0,2,3,2,1,2
5618,1,0,2,3,2,1,2
5619,1,0,2,3,2,1,2
5620,1,0,2,3,2,1,2
5621,1,0,2,3,2,1,2
5622,1,0,2,3,2,1,2
5623,1,0,1,2,1,1,1
5624,1,0,1,2,1,1,1
5625,1,0,3,1,1,2,1
5626,1,0,3,1,2,1,2
5627,1,0,2,3,2,1,2
5628,0,0,4,5,2,1,1
5629,1,0,1,2,0,0,1
5630,1,0,3,1,2,1,2
5631,1,0,2,3,2,1,2
5632,1,0,3,1,2,1,2
5633,1,0,2,3,2,1,2
5634,1,0,1,2,1,1,1
5635,1,0,1,2,1,2,1
5636,1,0,2,3,2,1,2
5637,1,0,1,2,1,1,1
5638,1,0,1,2,1,1,1
5639,1,0,1,2,1,1,1
5640,1,0,0,0,1,2,0
5641,1,0,2,3,2,1,2
5642,1,0,2,3,2,2,1
5643,1,0,2,3,2,1,2
5644,1,0,2,3,2,1,2
5645,1,0,3,1,2,1,2
5646,1,0,1,2,1,2,1
5647,1,0,1,2,1,1,1
5648,1,0,1,2,1,2,1
5649,1,0,2,3,2,1,2
5650,1,0,2,3,2,1,2
5651,1,0,2,3,2,1,2
5652,1,0,2,3,2,1,2
5653,1,0,2,3,2,1,2
5654,1,0,2,3,2,1,2
5655,1,0,1,2,1,2,0
5656,1,0,1,2,1,1,1
5657,1,0,2,3,2,1,2
5658,1,0,3,1,2,1,2
5659,0,0,4,6,1,2,1
5660,1,0,2,3,2,1,2
5661,1,0,2,3,1,2,1
5662,1,0,2,3,2,1,2
5663,1,0,2,3,2,1,2
5664,1,0,2,3,1,2,1
5665,1,0,3,1,2,1,2
5666,1,0,3,1,2,1,2
5667,1,0,2,3,1,2,1
5668,1,0,2,3,2,1,2
5669,0,0,1,2,1,1,1
5670,1,0,2,3,2,2,1
5671,0,0,4,6,1,2,1
5672,1,0,3,1,2,1,2
5673,1,0,2,3,2,1,2
5674,1,0,1,2,0,0,1
5675,1,0,2,3,2,1,2
5676,1,0,1,2,1,2,1
5677,1,0,3,1,2,1,2
5678,1,0,1,2,1,1,1
5679,1,0,2,3,2,1,2
5680,1,0,1,2,1,2,0
5681,1,0,3,1,2,1,2
5682,0,0,4,6,2,2,1
5683,1,0,3,1,2,1,2
5684,1,0,3,1,2,1,2
5685,1,0,3,1,2,1,2
5686,1,0,1,2,1,1,1
5687,1,0,2,3,2,1,2
5688,1,0,3,1,2,1,2
5689,1,0,1,2,1,1,1
5690,1,0,1,2,0,0,0
5691,1,0,2,3,2,1,2
5692,1,0,2,3,2,1,2
5693,1,0,2,3,2,1,2
5694,1,0,2,3,2,1,2
5695,1,0,2,3,2,1,2
5696,1,0,2,3,2,1,2
5697,1,0,3,1,2,1,2
5698,1,0,3,1,2,1,2
5699,1,0,2,3,2,1,2
5700,1,0,3,1,2,1,2
5701,1,0,3,1,2,1,2
5702,1,0,3,1,2,1,2
5703,1,0,2,3,2,1,2
5704,1,0,1,2,1,1,1
5705,1,0,1,2,1,1,1
5706,1,0,3,1,2,1,2
5707,1,0,3,1,2,1,2
5708,1,0,4,5,2,2,2
5709,1,0,2,3,2,1,2
5710,1,0,2,3,2,1,2
5711,1,0,3,1,2,1,2
5712,1,0,2,3,1,2,1
5713,1,0,3,1,2,1,2
5714,1,0,1,2,1,1,1
5715,1,0,2,3,2,1,2
5716,1,0,1,2,1,1,1
5717,1,0,3,1,2,1,2
5718,1,0,1,2,1,1,1
5719,1,0,3,1,2,1,2
5720,1,0,2,3,2,1,2
5721,1,0,3,1,2,1,2
5722,1,0,2,3,2,1,2
5723,1,0,3,1,2,1,2
5724,1,0,2,3,2,1,2
5725,1,0,2,3,1,2,1
5726,1,0,3,1,2,1,2
5727,1,0,2,3,2,1,2
5728,1,0,3,1,2,1,2
5729,1,0,3,1,2,1,2
5730,1,0,2,3,1,2,0
5731,1,0,2,3,2,1,2
5732,1,0,1,2,1,1,1
5733,1,0,2,3,2,1,2
5734,1,0,1,2,1,1,1
5735,0,0,1,2,1,1,1
5736,1,0,2,3,2,1,1
5737,0,0,2,3,1,2,1
5738,1,0,1,2,1,2,1
5739,1,0,2,3,2,1,2
5740,1,0,2,3,2,1,2
5741,1,0,3,1,1,1,1
5742,1,0,3,1,2,1,2
5743,1,0,3,1,2,1,2
5744,1,0,3,1,2,1,2
5745,0,0,2,3,2,2,0
5746,1,0,2,3,2,1,2
5747,1,0,2,3,2,1,2
5748,1,0,1,2,1,1,1
5749,1,0,1,2,1,2,1
5750,1,0,3,1,2,1,2
5751,0,0,1,2,1,1,1
5752,1,0,2,3,2,1,2
5753,1,0,2,3,2,1,2
5754,1,0,2,3,2,1,2
5755,0,0,1,2,1,1,1
5756,1,0,2,3,2,1,2
5757,1,0,2,3,2,1,2
5758,1,0,3,1,2,1,2
5759,1,0,2,3,2,1,2
5760,1,0,2,3,2,1,2
5761,1,0,3,1,2,1,2
5762,1,0,2,3,2,1,2
5763,1,0,2,3,2,1,2
5764,1,0,3,1,2,1,2
5765,1,0,1,2,1,1,1
5766,1,0,1,2,1,2,1
5767,0,0,2,3,1,2,1
5768,1,0,1,2,1,2,1
5769,1,0,2,3,2,1,2
5770,1,0,4,5,2,2,2
5771,1,0,2,3,2,1,2
5772,1,0,2,3,2,1,2
5773,1,0,2,3,2,1,2
5774,1,0,2,3,2,1,2
5775,1,0,2,3,2,1,2
5776,1,0,3,1,2,1,2
5777,1,0,4,5,2,2,2
5778,1,0,2,3,2,1,2
5779,1,0,2,3,2,1,2
5780,1,0,3,1,2,1,2
5781,1,0,2,3,2,1,2
5782,1,0,3,1,2,1,2
5783,1,0,3,1,2,1,2
5784,1,0,2,3,2,1,2
5785,1,0,2,3,2,1,2
5786,1,0,3,1,2,1,2
5787,1,0,2,3,2,1,2
5788,1,0,3,1,2,1,2
5789,1,0,1,2,0,0,1
5790,1,0,3,1,2,1,2
5791,1,0,3,1,2,1,2
5792,1,0,2,3,2,1,2
5793,1,0,1,2,1,1,1
5794,1,0,3,1,2,1,2
5795,1,0,2,3,2,1,2
5796,1,0,3,1,2,1,2
5797,1,0,2,3,2,1,2
5798,0,0,4,3,2,1,1
5799,1,0,3,1,2,1,2
5800,1,0,2,3,2,1,2
5801,1,0,3,1,2,1,2
5802,1,0,2,3,2,1,2
5803,0,0,1,2,1,1,1
5804,1,0,2,3,2,1,2
5805,1,0,2,3,2,1,2
5806,0,0,2,3,1,2,1
5807,1,0,2,3,2,1,2
5808,1,0,2,3,2,1,2
5809,1,0,2,3,2,1,2
5810,1,0,2,3,2,1,2
5811,1,0,3,1,2,1,2
5812,1,0,2,3,2,1,2
5813,1,0,1,2,1,1,1
5814,1,0,2,3,2,1,2
5815,1,0,2,3,2,1,2
5816,1,0,2,3,2,1,2
5817,1,0,2,3,2,1,2
5818,1,0,2,3,2,1,2
5819,1,0,2,3,2,1,2
5820,1,0,3,1,2,1,2
5821,1,0,2,3,2,1,2
5822,1,0,2,3,1,2,1
5823,1,0,2,3,2,1,2
5824,1,0,1,2,1,1,1
5825,0,0,4,2,1,1,1
5826,1,0,2,3,2,1,2
5827,1,0,3,1,2,1,2
5828,1,0,1,2,1,2,1
5829,1,0,2,3,2,1,2
5830,1,0,2,3,2,1,2
5831,1,0,3,1,2,1,2
5832,1,0,3,1,2,1,2
5833,1,0,2,3,2,1,2
5834,0,0,1,2,1,2,1
5835,1,0,3,1,2,1,2
5836,1,0,1,2,1,1,1
5837,0,0,1,2,1,1,1
5838,1,0,3,1,2,1,2
5839,1,0,2,3,2,1,2
5840,1,0,2,3,2,1,2
5841,1,0,2,3,2,1,2
5842,1,0,2,3,2,1,2
5843,1,0,1,2,1,1,1
5844,1,0,1,2,1,2,1
5845,0,0,1,2,1,1,1
5846,1,0,2,3,2,1,2
5847,1,0,2,3,2,1,2
5848,1,0,2,3,2,1,2
5849,1,0,2,3,2,1,2
5850,1,0,2,3,2,1,2
5851,1,0,3,1,2,1,2
5852,1,0,2,3,2,1,2
5853,1,0,3,1,2,1,2
5854,1,0,2,3,2,1,2
5855,1,0,2,3,2,1,2
5856,1,0,2,3,2,1,2
5857,1,0,2,3,2,1,2
5858,1,0,2,3,2,1,2
5859,1,0,2,3,2,1,2
5860,1,0,2,3,1,2,1
5861,1,0,2,3,2,1,2
5862,1,0,3,1,2,1,2
5863,1,0,2,3,2,1,2
5864,1,0,1,2,1,1,1
5865,1,0,0,0,2,2,1
5866,1,0,1,2,1,1,1
5867,1,0,3,1,2,1,2
5868,1,0,1,2,2,2,1
5869,1,0,2,3,2,1,2
5870,1,0,2,3,2,1,2
5871,0,0,4,5,2,1,1
5872,1,0,2,3,2,1,2
5873,1,0,3,1,2,1,2
5874,1,0,2,3,2,1,2
5875,1,0,2,3,2,1,2
5876,1,0,2,3,2,1,2
5877,1,0,3,1,2,1,2
5878,0,0,2,3,1,2,1
5879,1,0,3,1,2,1,2
5880,1,0,4,5,2,2,2
5881,1,0,2,3,2,1,2
5882,1,0,2,3,2,1,2
5883,1,0,1,2,1,1,1
5884,1,0,3,1,2,1,2
5885,1,0,4,5,2,2,2
5886,1,0,2,3,2,1,2
5887,1,0,2,3,2,1,1
5888,1,0,3,1,2,1,2
5889,1,0,2,3,2,1,2
5890,1,0,2,3,2,1,1
5891,1,0,2,3,2,1,2
5892,1,0,2,3,2,1,2
5893,1,0,2,3,2,1,2
5894,1,0,2,3,2,1,2
5895,1,0,3,1,2,1,2
5896,1,0,2,3,1,1,1
5897,1,0,3,1,2,1,2
5898,1,0,3,1,2,1,2
5899,1,0,2,3,2,1,2
5900,1,0,2,3,2,1,2
5901,1,0,1,2,1,1,1
5902,1,0,1,2,1,1,1
5903,1,0,1,2,1,2,1
5904,1,0,3,1,2,1,2
5905,1,0,1,2,1,2,1
5906,0,0,1,2,2,1,2
5907,1,0,1,2,1,1,1
5908,1,0,0,0,2,2,1
5909,1,0,3,1,2,1,2
5910,1,0,2,3,2,1,2
5911,1,0,3,1,2,1,2
5912,1,0,2,3,2,1,2
5913,0,0,4,5,2,1,1
5914,1,0,2,3,2,1,2
5915,1,0,2,3,2,1,2
5916,1,0,2,3,2,1,2
5917,1,0,2,3,2,1,2
5918,1,0,1,2,1,1,1
5919,1,0,2,3,2,1,2
5920,1,0,2,3,2,1,2
5921,1,0,2,3,1,2,1
5922,1,0,1,2,1,1,1
5923,1,0,3,1,2,1,2
5924,1,0,3,1,2,1,2
5925,1,0,3,1,2,1,2
5926,0,0,1,2,1,1,1
5927,1,0,1,2,1,1,1
5928,1,0,3,1,2,1,2
5929,1,0,2,3,2,1,2
5930,1,0,2,3,2,1,2
5931,1,0,2,3,2,1,2
5932,1,0,2,3,1,2,1
5933,1,0,1,2,1,1,1
5934,1,0,3,1,2,1,2
5935,1,0,2,3,2,1,2
5936,1,0,2,3,2,1,2
5937,1,0,2,3,2,1,2
5938,1,0,2,3,2,1,2
5939,1,0,1,2,2,2,1
5940,0,0,1,2,1,1,1
5941,1,0,2,3,1,2,1
5942,1,0,3,1,2,1,2
5943,1,0,1,2,1,1,1
5944,1,0,2,3,2,1,2
5945,1,0,3,1,2,1,2
5946,1,0,0,0,2,2,1
5947,1,0,2,3,2,1,2
5948,1,0,1,2,1,2,1
5949,1,0,3,1,2,1,2
5950,1,0,1,2,1,1,1
5951,1,0,1,2,1,2,1
5952,1,0,1,2,1,1,1
5953,1,0,2,3,2,1,2
5954,0,0,1,2,1,1,1
5955,1,0,2,3,2,1,2
5956,1,0,3,1,2,1,2
5957,1,0,1,2,1,1,1
5958,1,0,2,3,2,1,2
5959,1,0,2,3,2,1,2
5960,0,0,1,2,1,1,1
5961,1,0,1,2,1,1,1
5962,1,0,2,3,2,1,2
5963,0,0,2,3,1,1,1
5964,1,0,1,2,0,0,0
5965,1,0,1,2,1,1,1
5966,1,0,3,1,2,1,2
5967,1,0,2,3,2,1,2
5968,1,0,1,2,1,1,1
5969,1,0,2,3,2,1,2
5970,1,0,2,3,2,1,2
5971,1,0,1,2,1,1,1
5972,1,0,2,3,2,1,2
5973,0,0,0,4,1,2,0
5974,1,0,2,3,2,1,2
5975,1,0,1,2,1,1,1
5976,1,0,1,2,1,2,1
5977,1,0,3,1,2,1,2
5978,1,0,2,3,2,1,2
5979,0,1,4,6,0,0,1
5980,1,0,2,3,2,1,2
5981,1,0,2,3,2,1,2
5982,1,0,2,3,2,1,2
5983,1,0,1,2,1,2,1
5984,0,0,4,3,2,1,1
5985,1,0,2,3,2,1,2
5986,1,0,2,3,2,1,2
5987,1,0,2,3,2,1,2
5988,1,0,1,2,1,1,1
5989,1,0,1,2,1,1,1
5990,1,0,3,1,2,1,2
5991,1,0,3,1,2,1,2
5992,1,0,2,3,2,1,2
5993,1,0,3,1,2,1,2
5994,1,0,2,3,1,2,1
5995,1,0,2,3,2,1,2
5996,1,0,2,3,2,1,2
5997,1,0,2,3,2,1,2
5998,1,0,1,2,1,1,1
5999,1,0,1,2,1,1,1
6000,1,0,1,2,1,1,1
6001,1,0,2,3,2,1,2
6002,1,0,3,1,2,1,2
6003,1,0,2,3,2,1,2
6004,1,0,2,3,2,1,2
6005,1,0,2,3,2,1,2
6006,1,0,2,3,1,2,1
6007,1,0,1,2,1,2,1
6008,1,0,2,3,2,1,1
6009,1,0,2,3,2,1,2
6010,1,0,3,1,2,1,2
6011,1,0,1,2,1,1,1
6012,1,0,2,3,2,1,2
6013,1,0,2,3,2,1,2
6014,0,0,1,2,1,1,1
6015,1,0,2,3,2,1,2
6016,0,0,1,2,1,1,1
6017,0,0,4,5,2,1,1
6018,1,0,3,1,2,1,2
6019,1,0,3,1,2,1,2
6020,1,0,1,2,1,1,1
6021,1,0,3,1,2,1,2
6022,1,0,2,3,2,1,2
6023,1,0,2,3,2,1,2
6024,1,0,0,0,1,2,0
6025,1,0,2,3,2,1,2
6026,1,0,1,2,1,1,1
6027,0,0,1,2,1,1,1
6028,1,0,2,3,1,2,1
6029,1,0,3,1,2,1,1
6030,1,0,3,1,2,1,2
6031,1,0,2,3,2,1,2
6032,1,0,2,3,2,1,2
6033,1,0,2,3,2,1,2
6034,1,0,2,3,1,2,1
6035,1,0,1,2,1,1,1
6036,1,0,3,1,2,1,2
6037,1,0,3,1,2,1,2
6038,1,0,3,1,2,1,2
6039,1,0,2,3,1,1,1
6040,1,0,2,3,1,2,1
6041,1,0,3,1,2,1,2
6042,1,0,3,1,2,1,2
6043,0,0,0,4,1,2,0
6044,1,0,2,3,2,1,2
6045,1,0,1,2,1,1,1
6046,1,0,1,2,1,1,1
6047,1,0,2,3,2,1,2
6048,0,0,1,2,1,1,1
6049,1,0,3,1,2,1,2
6050,0,0,1,2,1,1,1
6051,1,0,1,2,1,2,0
6052,1,0,3,1,2,1,2
6053,1,0,2,3,2,1,2
6054,1,0,3,1,2,1,2
6055,1,0,2,3,2,1,2
6056,1,0,2,3,2,1,2
6057,1,0,3,1,2,1,2
6058,1,0,3,1,2,1,2
6059,1,0,3,1,2,1,2
6060,1,0,2,3,2,1,2
6061,1,0,3,1,2,1,2
6062,0,0,4,3,2,1,1
6063,1,0,1,2,1,1,1
6064,1,0,2,3,2,1,2
6065,1,0,2,3,2,1,2
6066,1,0,2,3,2,1,2
6067,1,0,2,3,2,1,2
6068,1,0,3,1,2,1,2
6069,1,0,3,1,2,1,2
6070,1,0,3,1,2,1,2
6071,1,0,3,1,2,1,2
6072,1,0,2,3,2,1,2
6073,1,0,1,2,1,1,1
6074,1,0,2,3,2,1,2
6075,1,0,2,3,2,1,2
6076,1,0,1,2,1,1,1
6077,1,0,3,1,2,1,2
6078,1,0,2,3,1,1,1
6079,1,0,3,1,2,1,2
6080,1,0,3,1,2,1,2
6081,1,0,2,3,2,1,2
6082,1,0,1,2,1,1,1
6083,1,0,2,3,2,1,2
6084,1,0,3,1,2,1,2
6085,1,0,2,3,2,1,2
6086,1,0,3,1,2,1,2
6087,1,0,2,3,2,1,2
6088,1,0,3,1,2,1,2
6089,1,0,4,5,2,2,2
6090,1,0,2,3,2,1,2
6091,1,0,2,3,2,1,2
6092,1,0,2,3,2,1,2
6093,1,0,1,2,1,1,1
6094,1,0,3,1,2,1,2
6095,1,0,3,1,2,1,2
6096,1,0,2,3,2,1,2
6097,1,0,2,3,2,1,2
6098,1,0,2,3,2,1,2
6099,1,0,3,1,2,1,2
6100,1,0,3,1,2,1,2
6101,1,0,2,3,2,1,2
6102,0,0,4,3,1,1,1
6103,1,0,0,0,2,2,1
6104,1,0,2,3,2,1,2
6105,1,0,1,2,1,2,1
6106,0,0,1,2,1,2,1
6107,1,0,2,3,2,1,2
6108,1,0,3,1,2,1,2
6109,1,0,2,3,2,1,2
6110,1,0,1,2,1,2,1
6111,1,0,3,1,2,1,2
6112,1,0,3,1,2,1,2
6113,1,0,2,3,2,1,2
6114,1,0,1,2,0,0,1
6115,1,0,2,3,2,1,2
6116,1,0,1,2,1,1,1
6117,1,0,3,1,2,1,2
6118,1,0,1,2,1,1,1
6119,1,0,2,3,2,1,2
6120,1,0,3,1,2,1,2
6121,1,0,2,3,2,1,2
6122,1,0,3,1,1,1,1
6123,1,0,1,2,1,2,1
6124,1,0,3,1,2,1,2
6125,1,0,2,3,1,2,1
6126,1,0,2,3,2,1,2
6127,1,0,3,1,2,1,1
6128,1,0,2,3,2,1,2
6129,1,0,2,3,1,1,1
6130,1,0,1,2,1,2,1
6131,1,0,2,3,2,1,2
6132,1,0,1,2,1,1,1
6133,1,0,3,1,2,1,2
6134,1,0,2,3,2,1,2
6135,1,0,2,3,2,1,2
6136,1,0,2,3,2,1,2
6137,1,0,3,1,2,1,2
6138,1,0,2,3,2,1,2
6139,1,0,2,3,2,1,2
6140,1,0,2,3,2,1,2
6141,1,0,2,3,2,1,2
6142,1,0,2,3,2,1,2
6143,1,0,3,1,2,1,2
6144,1,0,1,2,1,2,1
6145,1,0,2,3,2,1,2
6146,1,0,3,1,2,1,2
6147,1,0,2,3,2,1,2
6148,1,0,2,3,2,1,2
6149,1,0,3,1,2,1,2
6150,1,0,2,3,2,1,2
6151,1,0,2,3,2,1,2
6152,1,0,3,1,2,1,1
6153,1,0,1,2,1,2,1
6154,1,0,3,1,2,1,2
6155,1,0,2,3,2,1,2
6156,1,0,1,2,1,2,1
6157,0,0,1,2,1,1,1
6158,1,0,3,1,2,1,2
6159,1,0,2,3,2,1,2
6160,1,0,3,1,2,1,2
6161,1,0,0,0,2,2,1
6162,1,0,2,3,2,1,2
6163,1,0,2,3,2,1,2
6164,1,0,2,3,2,1,2
6165,1,0,3,1,2,1,2
6166,1,0,2,3,2,1,2
6167,1,0,3,1,2,1,2
6168,1,0,2,3,2,1,2
6169,1,0,1,2,1,1,1
6170,1,0,3,1,2,1,2
6171,1,0,2,3,2,1,2
6172,1,0,1,2,1,1,1
6173,1,0,3,1,2,1,2
6174,1,0,2,3,2,1,2
6175,1,0,2,3,2,1,2
6176,1,0,1,2,1,2,1
6177,1,0,2,3,2,1,2
6178,1,0,3,1,2,1,2
6179,1,0,1,2,1,2,1
6180,1,0,3,1,2,1,2
6181,1,0,2,3,2,1,2
6182,1,0,2,3,1,1,1
6183,1,0,2,3,2,1,2
6184,1,0,2,3,2,1,1
6185,1,0,2,3,2,1,2
6186,1,0,3,1,2,1,2
6187,1,0,2,3,2,1,2
6188,1,0,0,0,2,2,1
6189,1,0,2,3,2,1,2
6190,1,0,1,2,0,0,0
6191,1,0,2,3,2,1,2
6192,1,0,2,3,2,1,2
6193,0,0,4,6,1,2,1
6194,1,0,1,2,1,1,1
6195,1,0,1,2,1,1,1
6196,1,0,2,3,2,1,2
6197,1,0,3,1,2,1,2
6198,1,0,2,3,2,1,2
6199,1,0,2,3,2,1,2
6200,1,0,1,2,1,2,1
6201,1,0,2,3,2,1,2
6202,1,0,2,3,2,1,2
6203,1,0,2,3,2,1,2
6204,1,0,1,2,1,1,1
6205,1,0,3,1,2,1,2
6206,1,0,3,1,2,1,2
6207,1,0,2,3,2,1,2
6208,1,0,2,3,2,1,2
6209,1,0,3,1,1,2,1
6210,1,0,2,3,2,1,2
6211,1,0,2,3,2,1,2
6212,0,0,1,2,2,2,1
6213,1,0,2,3,2,1,2
6214,1,0,2,3,2,1,2
6215,1,0,3,1,2,1,2
6216,1,0,1,2,1,1,1
6217,0,0,1,2,0,0,1
6218,1,0,2,3,2,1,2
6219,1,0,3,1,2,1,2
6220,1,0,3,1,2,1,2
6221,1,0,2,3,2,1,2
6222,1,0,2,3,2,1,2
6223,1,0,1,2,2,2,1
6224,1,0,2,3,2,1,2
6225,1,0,0,0,2,2,1
6226,1,0,3,1,2,1,2
6227,1,0,2,3,2,1,2
6228,1,0,2,3,2,1,2
6229,1,0,1,2,1,1,1
6230,1,0,3,1,2,1,2
6231,1,0,3,1,2,1,2
6232,1,0,2,3,2,1,2
6233,1,0,4,5,2,2,2
6234,1,0,2,3,2,1,1
6235,1,0,2,3,2,1,2
6236,1,0,0,0,2,2,1
6237,1,0,1,2,1,1,1
6238,1,0,2,3,1,2,1
6239,0,0,4,6,1,1,1
6240,0,0,1,2,1,1,1
6241,1,0,2,3,2,1,2
6242,1,0,2,3,2,1,2
6243,1,0,1,2,1,1,1
6244,1,0,2,3,2,1,2
6245,1,0,3,1,2,1,2
6246,1,0,3,1,2,1,2
6247,1,0,1,2,1,1,1
6248,1,0,3,1,1,1,1
6249,1,0,3,1,2,1,2
6250,1,0,2,3,2,1,1
6251,1,0,3,1,2,1,2
6252,1,0,3,1,2,1,2
6253,1,0,2,3,2,1,2
6254,0,0,4,5,2,2,1
6255,1,0,3,1,2,1,2
6256,1,0,2,3,2,1,2
6257,1,0,2,3,1,2,1
6258,1,0,2,3,2,1,2
6259,1,0,2,3,2,1,2
6260,0,0,4,2,1,1,1
6261,1,0,1,2,1,1,1
6262,1,0,3,1,2,1,2
6263,1,0,3,1,2,1,2
6264,1,0,2,3,2,1,2
6265,1,0,1,2,1,1,1
6266,1,0,2,3,2,1,2
6267,1,0,2,3,1,2,1
6268,1,0,2,3,2,1,2
6269,1,0,1,2,1,2,1
6270,1,0,1,2,1,1,1
6271,1,0,2,3,2,1,2
6272,1,0,2,3,2,1,2
6273,1,0,1,2,1,1,1
6274,1,0,3,1,2,1,2
6275,1,0,1,2,1,1,1
6276,1,0,2,3,2,1,2
6277,1,0,2,3,2,1,2
6278,1,0,1,2,1,1,1
6279,1,0,2,3,2,1,2
6280,1,0,3,1,2,1,2
6281,1,0,2,3,1,2,1
6282,1,0,3,1,2,1,2
6283,1,0,2,3,2,1,2
6284,0,0,0,4,1,2,0
6285,1,0,2,3,2,1,2
6286,1,0,2,3,2,1,2
6287,1,0,3,1,2,1,2
6288,1,0,2,3,2,1,2
6289,1,0,3,1,2,1,2
6290,1,0,3,1,2,1,2
6291,1,0,3,1,2,1,2
6292,1,0,1,2,0,0,1
6293,1,0,3,1,2,1,2
6294,1,0,2,3,2,1,2
6295,1,0,3,1,1,1,1
6296,1,0,2,3,1,2,1
6297,1,0,1,2,1,1,1
6298,1,0,3,1,2,1,2
6299,1,0,2,3,2,1,2
6300,1,0,1,2,1,2,1
6301,1,0,3,1,2,1,2
6302,1,0,1,2,1,1,1
6303,0,0,4,6,1,1,1
6304,1,0,2,3,2,1,2
6305,1,0,2,3,2,1,2
6306,0,0,1,2,1,1,1
6307,1,0,2,3,2,1,2
6308,1,0,3,1,2,1,2
6309,1,0,2,3,2,1,2
6310,1,0,2,3,1,2,1
6311,1,0,3,1,2,1,2
6312,1,0,1,2,1,2,1
6313,1,0,2,3,2,1,2
6314,1,0,3,1,2,1,2
6315,1,0,1,2,1,1,1
6316,0,0,4,6,1,2,1
6317,1,0,2,3,2,1,2
6318,0,0,4,6,0,0,1
6319,1,0,2,3,2,1,2
6320,1,0,2,3,1,2,1
6321,1,0,3,1,2,1,2
6322,1,0,3,1,2,1,2
6323,1,0,2,3,2,1,2
6324,1,0,1,2,1,1,1
6325,1,0,2,3,2,1,1
6326,1,0,1,2,1,1,1
6327,1,0,2,3,2,1,2
6328,1,0,1,2,1,1,1
6329,1,0,1,2,1,1,1
6330,1,0,3,1,2,1,2
6331,1,0,2,3,2,1,2
6332,1,0,2,3,2,1,1
6333,1,0,1,2,1,1,1
6334,1,0,2,3,2,1,2
6335,1,0,2,3,2,1,2
6336,1,0,2,3,2,1,2
6337,1,0,2,3,2,1,2
6338,1,0,3,1,2,1,2
6339,1,0,2,3,1,1,1
6340,0,0,1,2,1,1,1
6341,1,0,1,2,1,2,1
6342,1,0,1,2,1,1,1
6343,1,0,3,1,2,1,2
6344,1,0,2,3,2,1,2
6345,1,0,3,1,2,1,2
6346,1,0,2,3,2,1,2
6347,0,0,4,6,1,2,2
6348,1,0,2,3,2,1,2
6349,1,0,2,3,2,1,2
6350,1,0,2,3,2,1,2
6351,1,0,2,3,2,1,2
6352,1,0,2,3,2,1,2
6353,1,0,2,3,1,1,1
6354,1,0,2,3,2,1,2
6355,1,0,3,1,2,1,2
6356,1,0,3,1,2,1,2
6357,1,0,2,3,2,1,2
6358,1,0,1,2,1,1,1
6359,1,0,3,1,2,1,2
6360,1,0,3,1,2,1,2
6361,1,0,3,1,2,1,2
6362,1,0,2,3,2,1,2
6363,1,0,2,3,2,1,2
6364,1,0,2,3,2,1,2
6365,1,0,2,3,2,1,2
6366,1,0,3,1,2,1,2
6367,1,0,2,3,2,1,2
6368,1,0,2,3,2,1,2
6369,1,0,2,3,2,1,2
6370,1,0,1,2,1,1,1
6371,1,0,1,2,0,0,1
6372,1,0,3,1,2,1,2
6373,1,0,3,1,2,1,2
6374,1,0,2,3,2,1,2
6375,1,0,3,1,2,1,2
6376,1,0,2,3,2,1,2
6377,1,0,2,3,2,1,2
6378,1,0,3,1,2,1,2
6379,1,0,2,3,2,1,2
6380,1,0,2,3,1,2,1
6381,1,0,1,2,1,2,1
6382,1,0,2,3,2,1,2
6383,1,0,1,2,1,2,1
6384,1,0,0,0,1,2,0
6385,1,0,2,3,2,1,2
6386,1,0,2,3,2,1,2
6387,1,0,1,2,1,1,1
6388,1,0,2,3,2,1,2
6389,1,0,1,2,1,1,1
6390,1,0,2,3,2,1,2
6391,1,0,3,1,2,1,2
6392,1,0,3,1,2,1,2
6393,1,0,3,1,2,1,2
6394,1,0,2,3,2,1,2
6395,1,0,2,3,2,1,2
6396,1,0,1,2,1,1,1
6397,0,0,1,2,0,0,1
6398,1,0,1,2,1,1,1
6399,1,0,2,3,2,1,2
6400,1,0,2,3,2,1,2
6401,1,0,2,3,2,1,2
6402,1,0,1,2,1,1,1
6403,1,0,3,1,2,1,2
6404,1,0,2,3,2,1,2
6405,1,0,2,3,2,1,2
6406,1,0,3,1,2,1,2
6407,1,0,2,3,2,1,2
6408,1,0,2,3,2,1,2
6409,1,0,2,3,2,1,2
6410,1,0,1,2,1,2,1
6411,1,0,3,1,2,1,2
6412,0,0,1,2,1,1,1
6413,1,0,2,3,2,1,2
6414,1,0,2,3,2,1,2
6415,1,0,2,3,2,1,2
6416,0,0,2,3,1,2,1
6417,1,0,2,3,2,1,2
6418,1,0,1,2,0,0,1
6419,1,0,2,3,2,1,2
6420,1,0,3,1,2,1,2
6421,1,0,3,1,2,1,2
6422,1,0,2,3,2,1,2
6423,1,0,3,1,2,1,2
6424,1,0,2,3,2,1,2
6425,1,0,3,1,2,1,2
6426,1,0,3,1,2,1,2
6427,1,0,2,3,2,1,2
6428,1,0,3,1,2,1,2
6429,1,0,1,2,1,2,1
6430,1,0,2,3,2,1,1
6431,1,0,0,0,1,2,0
6432,1,0,3,1,2,1,2
6433,1,0,3,1,2,1,2
6434,1,0,2,3,2,1,2
6435,1,0,2,3,2,2,1
6436,1,0,2,3,2,1,2
6437,1,0,3,1,2,1,2
6438,1,0,1,2,0,0,1
6439,1,0,1,2,1,2,1
6440,1,0,3,1,2,1,2
6441,1,0,2,3,2,1,2
6442,1,0,2,3,2,1,2
6443,1,0,2,3,2,1,2
6444,0,0,1,2,1,1,1
6445,1,0,4,5,2,2,2
6446,1,0,2,3,2,1,2
6447,1,0,2,3,2,1,2
6448,1,0,2,3,2,1,2
6449,1,0,1,2,1,1,1
6450,1,0,2,3,2,1,2
6451,0,0,4,6,0,0,1
6452,1,0,2,3,2,1,2
6453,0,0,1,2,1,1,1
6454,1,0,1,2,1,2,1
6455,1,0,3,1,2,1,2
6456,1,0,2,3,2,1,2
6457,1,0,3,1,2,1,2
6458,1,0,3,1,2,1,2
6459,1,0,2,3,2,1,2
6460,1,0,1,2,1,1,1
6461,1,0,2,3,2,1,2
6462,1,0,3,1,2,1,2
6463,1,0,3,1,2,1,2
6464,1,0,3,1,2,1,2
6465,1,0,2,3,2,1,2
6466,1,0,2,3,2,1,2
6467,1,0,3,1,2,1,2
6468,1,0,4,5,2,2,2
6469,1,0,2,3,2,1,2
6470,1,0,2,3,2,1,2
6471,1,0,3,1,2,1,2
6472,1,0,2,3,2,1,2
6473,1,0,1,2,1,1,1
6474,1,0,1,2,1,1,1
6475,1,0,2,3,2,1,2
6476,1,0,1,2,1,2,1
6477,1,0,3,1,2,1,2
6478,0,0,2,3,1,1,1
6479,1,0,2,3,2,1,2
6480,1,0,2,3,2,1,2
6481,1,0,2,3,2,1,2
6482,1,0,1,2,1,1,1
6483,1,0,2,3,2,1,2
6484,1,0,1,2,1,1,1
6485,1,0,2,3,2,1,2
6486,1,0,2,3,1,1,1
6487,1,0,2,3,2,1,2
6488,1,0,1,2,1,2,1
6489,1,0,2,3,2,1,2
6490,1,0,3,1,2,1,2
6491,1,0,2,3,2,1,2
6492,1,0,2,3,2,1,2
6493,1,0,1,2,1,1,1
6494,1,0,2,3,2,1,2
6495,1,0,3,1,2,1,2
6496,1,0,1,2,1,1,1
6497,0,0,0,4,1,2,0
6498,1,0,3,1,2,1,2
6499,1,0,2,3,2,1,2
6500,1,0,2,3,2,1,2
6501,1,0,3,1,2,1,2
6502,1,0,2,3,2,1,2
6503,1,0,3,1,2,1,1
6504,1,0,2,3,2,1,2
6505,1,0,2,3,2,1,2
6506,1,0,1,2,1,1,1
6507,1,0,2,3,2,1,2
6508,1,0,1,2,1,1,1
6509,1,0,3,1,2,1,2
6510,1,0,1,2,1,1,1
6511,0,0,4,5,2,2,1
6512,1,0,3,1,2,1,2
6513,0,0,4,6,1,2,1
6514,1,0,1,2,1,1,1
6515,1,0,2,3,1,2,1
6516,1,0,3,1,2,1,2
6517,1,0,2,3,2,1,2
6518,1,0,3,1,2,1,2
6519,1,0,1,2,1,1,1
6520,1,0,2,3,2,1,2
6521,1,0,2,3,2,1,2
6522,1,0,1,2,1,2,1
6523,1,0,2,3,2,1,2
6524,1,0,2,3,2,1,2
6525,1,0,2,3,2,1,2
6526,1,0,2,3,2,1,2
6527,1,0,3,1,2,1,2
6528,0,0,1,2,1,1,1
6529,1,0,3,1,2,1,2
6530,1,0,3,1,2,1,2
6531,1,0,3,1,2,1,2
6532,1,0,1,2,1,1,1
6533,1,0,2,3,2,1,2
6534,1,0,2,3,2,1,2
6535,1,0,1,2,1,1,1
6536,1,0,2,3,2,1,2
6537,1,0,4,5,2,2,2
6538,1,0,3,1,2,1,2
6539,1,0,1,2,1,1,1
6540,1,0,1,2,1,2,1
6541,1,0,2,3,2,1,2
6542,1,0,2,3,2,1,2
6543,1,0,2,3,2,1,2
6544,1,0,2,3,1,2,1
6545,1,0,3,1,2,1,2
6546,1,0,2,3,2,1,2
6547,1,0,2,3,2,1,2
6548,1,0,2,3,2,1,2
6549,1,0,2,3,2,1,2
6550,1,0,2,3,2,1,2
6551,1,0,3,1,2,1,2
6552,1,0,2,3,2,1,2
6553,0,0,4,5,0,0,1
6554,1,0,3,1,2,1,2
6555,1,0,1,2,1,1,1
6556,1,0,1,2,0,0,1
6557,1,0,2,3,2,1,2
6558,1,0,2,3,2,1,2
6559,1,0,1,2,1,1,1
6560,1,0,2,3,2,1,2
6561,1,0,1,2,1,1,1
6562,1,0,1,2,1,1,1
6563,1,0,2,3,2,1,2
6564,1,0,1,2,1,1,1
6565,1,0,2,3,2,1,2
6566,0,0,4,5,2,2,1
6567,1,0,2,3,2,1,2
6568,1,0,1,2,1,1,1
6569,1,0,2,3,2,1,2
6570,1,0,3,1,2,1,2
6571,1,0,2,3,2,1,2
6572,1,0,1,2,1,1,1
6573,1,0,2,3,2,1,2
6574,1,0,2,3,2,1,2
6575,1,0,3,1,2,1,2
6576,1,0,3,1,2,1,2
6577,1,0,3,1,2,1,2
6578,1,0,2,3,1,1,1
6579,1,0,2,3,2,1,2
6580,1,0,3,1,1,1,1
6581,1,0,1,2,1,1,1
6582,1,0,2,3,1,2,1
6583,1,0,2,3,2,1,2
6584,1,0,2,3,2,1,2
6585,1,0,3,1,2,1,2
6586,1,0,3,1,1,2,1
6587,1,0,3,1,2,1,2
6588,1,0,2,3,1,2,1
6589,1,0,2,3,2,1,2
6590,1,0,3,1,2,1,2
6591,1,0,3,1,2,1,2
6592,1,0,2,3,2,1,2
6593,1,0,2,3,2,1,2
6594,1,0,2,3,2,1,2
6595,1,0,1,2,1,1,1
6596,1,0,2,3,2,1,2
6597,1,0,1,2,2,2,1
6598,1,0,3,1,2,1,2
6599,1,0,2,3,2,1,2
6600,1,0,1,2,1,1,1
6601,1,0,2,3,2,1,2
6602,1,0,0,0,1,2,1
6603,1,0,1,2,1,1,1
6604,1,0,2,3,2,1,2
6605,1,0,2,3,1,2,1
6606,1,0,1,2,1,1,1
6607,1,0,2,3,2,1,2
6608,1,0,1,2,1,1,1
6609,1,0,1,2,1,2,1
6610,1,0,1,2,1,1,1
6611,1,0,1,2,1,1,1
6612,1,0,2,3,2,1,2
6613,1,0,2,3,1,1,1
6614,1,0,3,1,2,1,2
6615,1,0,2,3,2,1,2
6616,1,0,2,3,2,1,2
6617,1,0,1,2,1,1,1
6618,1,0,2,3,2,2,1
6619,1,0,1,2,1,1,1
6620,1,0,2,3,2,1,2
6621,1,0,2,3,2,1,2
6622,1,0,3,1,2,1,2
6623,1,0,2,3,2,1,2
6624,1,0,2,3,2,1,2
6625,1,0,2,3,2,1,2
6626,1,0,3,1,2,1,2
6627,1,0,3,1,2,1,2
6628,1,0,2,3,2,1,2
6629,1,0,2,3,1,1,1
6630,1,0,3,1,2,1,2
6631,1,0,3,1,2,1,2
6632,1,0,1,2,1,1,1
6633,1,0,2,3,2,1,2
6634,1,0,3,1,2,1,2
6635,1,0,2,3,2,1,2
6636,1,0,2,3,1,2,1
6637,1,0,3,1,2,1,2
6638,1,0,1,2,1,2,1
6639,1,0,1,2,1,1,1
6640,1,0,1,2,1,1,1
6641,1,0,3,1,2,1,2
6642,1,0,1,2,1,1,1
6643,1,0,2,3,2,1,2
6644,1,0,2,3,2,1,2
6645,1,0,2,3,2,1,2
6646,1,0,2,3,2,1,2
6647,1,0,2,3,2,1,2
6648,1,0,1,2,1,1,1
6649,1,0,1,2,1,1,1
6650,1,0,1,2,1,1,1
6651,1,0,3,1,2,1,2
6652,1,0,3,1,2,1,2
6653,1,0,2,3,2,1,2
6654,1,0,3,1,2,1,2
6655,1,0,2,3,2,1,2
6656,1,0,2,3,2,1,2
6657,1,0,3,1,2,1,2
6658,1,0,1,2,1,2,1
6659,0,0,4,6,1,2,2
6660,1,0,3,1,2,1,2
6661,1,0,2,3,2,1,2
6662,1,0,1,2,1,1,1
6663,1,0,2,3,2,1,2
6664,1,0,2,3,2,1,2
6665,1,0,2,3,2,1,2
6666,1,0,2,3,2,1,2
6667,1,0,2,3,2,1,2
6668,1,0,1,2,1,2,1
6669,1,0,0,0,2,2,1
6670,0,0,2,3,1,2,1
6671,1,0,3,1,2,1,2
6672,1,0,3,1,2,1,2
6673,1,0,1,2,1,1,1
6674,1,0,1,2,1,2,1
6675,1,0,2,3,2,1,2
6676,1,0,2,3,2,1,2
6677,1,0,3,1,2,1,2
6678,1,0,3,1,2,1,2
6679,1,0,2,3,2,1,2
6680,1,0,3,1,2,1,2
6681,1,0,2,3,2,1,2
6682,1,0,2,3,2,1,2
6683,1,0,3,1,2,1,2
6684,1,0,2,3,2,2,1
6685,1,0,2,3,2,1,2
6686,1,0,2,3,1,2,1
6687,1,0,2,3,1,2,1
6688,1,0,2,3,2,1,2
6689,0,0,1,2,1,1,1
6690,1,0,3,1,2,1,2
6691,0,1,4,6,0,0,1
6692,0,0,4,5,2,2,1
6693,1,0,3,1,2,1,2
6694,1,0,3,1,2,1,2
6695,1,0,3,1,2,1,2
6696,1,0,1,2,1,1,1
6697,1,0,2,3,2,1,2
6698,1,0,1,2,0,0,1
6699,1,0,2,3,2,1,2
6700,0,0,1,2,1,2,1
6701,1,0,0,0,2,2,1
6702,1,0,2,3,2,1,2
6703,0,0,4,6,1,2,1
6704,1,0,2,3,2,1,2
6705,1,0,2,3,2,1,2
6706,1,0,1,2,1,2,1
6707,1,0,1,2,1,2,1
6708,1,0,1,2,1,1,1
6709,1,0,1,2,0,0,1
6710,1,0,2,3,2,1,2
6711,1,0,2,3,2,1,2
6712,1,0,1,2,1,1,1
6713,1,0,3,1,2,1,2
6714,1,0,1,2,0,0,1
6715,1,0,2,3,2,1,2
6716,1,0,3,1,2,1,2
6717,1,0,3,1,2,1,2
6718,1,0,2,3,2,1,2
6719,1,0,0,0,2,2,1
6720,1,0,2,3,2,1,2
6721,1,0,3,1,2,1,2
6722,1,0,3,1,2,1,2
6723,1,0,1,2,1,2,1
6724,1,0,2,3,2,1,2
6725,1,0,3,1,2,1,2
6726,1,0,2,3,2,1,2
6727,1,0,2,3,2,1,2
6728,1,0,2,3,2,1,2
6729,1,0,2,3,2,1,2
6730,1,0,4,5,2,2,2
6731,0,0,1,2,0,0,1
6732,1,0,3,1,2,1,2
6733,0,0,1,2,1,1,1
6734,1,0,1,2,1,2,1
6735,1,0,1,2,1,1,1
6736,1,0,1,2,1,1,1
6737,1,0,3,1,2,1,2
6738,1,0,1,2,1,1,1
6739,1,0,2,3,1,2,1
6740,1,0,3,1,2,1,1
6741,1,0,2,3,2,1,2
6742,1,0,3,1,2,1,2
6743,0,1,4,6,0,0,1
6744,1,0,3,1,2,1,2
6745,1,0,0,0,2,2,1
6746,1,0,2,3,2,1,2
6747,1,0,3,1,2,1,2
6748,1,0,2,3,2,1,2
6749,1,0,2,3,2,1,2
6750,1,0,1,2,1,1,1
6751,1,0,3,1,2,1,2
6752,1,0,2,3,2,1,2
6753,1,0,3,1,2,1,2
6754,1,0,3,1,2,1,2
6755,1,0,3,1,2,1,2
6756,1,0,0,0,1,2,0
6757,1,0,1,2,1,2,1
6758,1,0,1,2,1,1,1
6759,1,0,1,2,1,1,1
6760,1,0,2,3,1,2,1
6761,1,0,2,3,2,1,2
6762,1,0,2,3,2,1,2
6763,1,0,2,3,2,1,2
6764,1,0,2,3,2,1,2
6765,1,0,3,1,2,1,2
6766,1,0,1,2,1,1,1
6767,1,0,1,2,1,1,1
6768,1,0,3,1,2,1,2
6769,1,0,3,1,2,1,2
6770,1,0,1,2,1,2,1
6771,1,0,1,2,1,1,1
6772,1,0,2,3,2,1,2
6773,1,0,3,1,2,1,2
6774,1,0,3,1,2,1,2
6775,1,0,2,3,2,1,2
6776,1,0,2,3,2,1,2
6777,1,0,3,1,2,1,2
6778,1,0,2,3,2,1,2
6779,1,0,1,2,0,0,1
6780,1,0,2,3,2,1,2
6781,1,0,3,1,2,1,2
6782,1,0,2,3,2,1,2
6783,1,0,2,3,2,1,2
6784,0,0,4,6,1,1,1
6785,1,0,1,2,1,2,1
6786,1,0,2,3,2,1,2
6787,1,0,2,3,2,1,2
6788,0,0,4,5,2,2,1
6789,1,0,2,3,2,1,2
6790,1,0,2,3,2,1,2
6791,1,0,1,2,0,0,1
6792,1,0,3,1,2,1,2
6793,1,0,2,3,2,1,2
6794,1,0,2,3,2,1,2
6795,1,0,3,1,2,1,2
6796,1,0,1,2,1,1,1
6797,1,0,3,1,2,1,2
6798,1,0,2,3,2,1,2
6799,1,0,2,3,1,1,1
6800,1,0,3,1,2,1,2
6801,1,0,1,2,1,2,1
6802,0,0,2,3,1,2,1
6803,1,0,2,3,2,1,2
6804,1,0,2,3,2,1,2
6805,1,0,2,3,1,2,1
6806,1,0,2,3,2,1,2
6807,1,0,3,1,2,1,2
6808,1,0,1,2,1,1,1
6809,1,0,2,3,2,1,2
6810,1,0,1,2,1,1,1
6811,1,0,2,3,2,1,2
6812,1,0,2,3,2,1,2
6813,1,0,1,2,1,1,1
6814,1,0,2,3,2,1,2
6815,1,0,2,3,2,1,2
6816,1,0,3,1,2,1,2
6817,1,0,1,2,1,2,1
6818,1,0,2,3,2,1,2
6819,1,0,1,2,1,1,1
6820,1,0,3,1,2,1,2
6821,1,0,2,3,2,1,2
6822,1,0,2,3,1,2,1
6823,1,0,2,3,2,1,2
6824,1,0,2,3,2,1,2
6825,1,0,1,2,1,1,1
6826,1,0,3,1,2,1,2
6827,1,0,1,2,1,1,1
6828,1,0,1,2,1,1,1
6829,1,0,3,1,2,1,2
6830,1,0,1,2,1,1,1
6831,1,0,2,3,2,1,2
6832,1,0,3,1,2,1,2
6833,1,0,2,3,2,1,2
6834,1,0,2,3,2,1,2
6835,1,0,0,0,2,2,1
6836,1,0,3,1,2,1,2
6837,1,0,2,3,2,1,2
6838,1,0,2,3,2,1,2
6839,1,0,2,3,2,1,2
6840,1,0,1,2,1,1,1
6841,1,0,3,1,2,1,2
6842,1,0,3,1,2,1,2
6843,1,0,1,2,1,1,1
6844,1,0,2,3,2,1,2
6845,1,0,2,3,1,2,1
6846,1,0,1,2,1,1,1
6847,1,0,2,3,2,1,2
6848,1,0,0,0,2,2,1
6849,1,0,3,1,2,1,2
6850,1,0,2,3,2,1,2
6851,1,0,3,1,2,1,2
6852,1,0,3,1,2,1,2
6853,1,0,3,1,2,1,2
6854,1,0,3,1,2,1,2
6855,1,0,1,2,1,1,1
6856,1,0,3,1,2,1,2
6857,1,0,2,3,1,1,2
6858,1,0,2,3,2,1,2
6859,1,0,1,2,1,1,1
6860,1,0,3,1,2,1,2
6861,1,0,2,3,1,2,1
6862,1,0,2,3,2,1,2
6863,1,0,2,3,2,1,2
6864,1,0,2,3,2,1,2
6865,1,0,2,3,2,1,2
6866,1,0,3,1,2,1,2
6867,1,0,2,3,1,1,1
6868,1,0,0,0,1,2,0
6869,1,0,2,3,2,1,2
6870,1,0,1,2,1,1,1
6871,1,0,2,3,2,1,2
6872,1,0,2,3,2,1,2
6873,1,0,4,6,0,0,1
6874,1,0,3,1,2,1,2
6875,1,0,3,1,2,1,2
6876,1,0,2,3,2,1,2
6877,1,0,3,1,2,1,2
6878,0,0,4,3,2,1,1
6879,1,0,4,5,2,2,2
6880,0,0,1,2,1,1,1
6881,1,0,2,3,2,1,2
6882,1,0,3,1,2,1,2
6883,1,0,2,3,2,1,2
6884,1,0,3,1,2,1,2
6885,1,0,2,3,2,1,2
6886,1,0,2,3,2,1,2
6887,1,0,2,3,2,1,2
6888,1,0,2,3,2,1,1
6889,1,0,3,1,2,1,2
6890,1,0,2,3,2,1,2
6891,1,0,3,1,2,1,2
6892,1,0,2,3,2,1,2
6893,1,0,3,1,2,1,2
6894,1,0,2,3,2,1,1
6895,1,0,2,3,2,1,2
6896,1,0,2,3,2,1,2
6897,1,0,1,2,1,1,1
6898,1,0,2,3,2,1,2
6899,1,0,1,2,1,1,1
6900,1,0,3,1,2,1,2
6901,1,0,3,1,2,1,2
6902,1,0,2,3,2,1,2
6903,1,0,2,3,2,1,2
6904,1,0,3,1,2,1,2
6905,1,0,2,3,2,1,2
6906,1,0,2,3,2,1,2
6907,0,0,4,6,1,2,2
6908,1,0,3,1,2,1,2
6909,1,0,3,1,2,1,2
6910,1,0,2,3,2,1,2
6911,1,0,2,3,2,1,2
6912,1,0,1,2,1,2,1
6913,1,0,1,2,1,2,1
6914,1,0,1,2,1,1,1
6915,1,0,1,2,1,1,1
6916,1,0,2,3,2,1,2
6917,1,0,2,3,1,2,1
6918,1,0,2,3,2,1,2
6919,1,0,1,2,1,1,1
6920,1,0,2,3,2,1,2
6921,1,0,1,2,0,0,0
6922,0,0,4,6,0,0,1
6923,1,0,0,0,2,2,1
6924,1,0,2,3,2,1,2
6925,1,0,2,3,1,2,1
6926,1,0,2,3,2,1,2
6927,1,0,3,1,2,1,2
6928,1,0,1,2,1,1,1
6929,1,0,1,2,1,2,1
6930,1,0,2,3,2,1,2
6931,1,0,2,3,2,1,2
6932,1,0,2,3,2,1,2
6933,1,0,2,3,2,1,2
6934,1,0,1,2,1,1,1
6935,1,0,2,3,2,1,2
6936,1,0,2,3,2,1,2
6937,1,0,3,1,2,1,2
6938,1,0,3,1,2,1,2
6939,1,0,1,2,1,2,1
6940,1,0,3,1,2,1,2
6941,0,0,4,3,2,1,1
6942,1,0,2,3,2,1,2
6943,1,0,2,3,2,1,2
6944,1,0,2,3,2,1,2
6945,1,0,2,3,2,1,2
6946,1,0,2,3,2,1,2
6947,1,0,2,3,1,2,1
6948,1,0,3,1,2,1,2
6949,1,0,3,1,2,1,2
6950,1,0,1,2,1,1,1
6951,1,0,2,3,2,1,2
6952,1,0,3,1,2,1,2
6953,1,0,3,1,2,1,2
6954,1,0,3,1,2,1,2
6955,1,0,1,2,1,1,1
6956,1,0,3,1,2,1,2
6957,1,0,1,2,1,1,1
6958,1,0,2,3,2,1,2
6959,1,0,2,3,2,1,2
6960,1,0,0,0,1,2,0
6961,1,0,2,3,2,1,2
6962,1,0,1,2,1,1,1
6963,1,0,2,3,2,1,2
6964,1,0,1,2,1,1,1
6965,1,0,2,3,2,1,2
6966,0,0,4,6,0,0,1
6967,1,0,2,3,2,1,2
6968,1,0,1,2,0,0,1
6969,1,0,2,3,2,1,2
6970,1,0,2,3,2,1,2
6971,1,0,2,3,1,2,1
6972,1,0,2,3,2,1,1
6973,1,0,3,1,2,1,2
6974,1,0,1,2,1,2,1
6975,1,0,2,3,2,1,1
6976,1,0,3,1,2,1,2
6977,1,0,1,2,1,1,1
6978,0,0,4,5,2,2,1
6979,1,0,3,1,2,1,2
6980,1,0,3,1,2,1,2
6981,1,0,2,3,2,1,2
6982,1,0,2,3,2,1,2
6983,1,0,3,1,2,1,2
6984,1,0,2,3,2,1,2
6985,1,0,2,3,2,1,2
6986,1,0,2,3,2,1,2
6987,1,0,1,2,1,1,1
6988,1,0,2,3,2,1,2
6989,1,0,3,1,2,1,1
6990,1,0,2,3,2,1,2
6991,1,0,3,1,2,1,2
6992,1,0,2,3,2,1,2
6993,1,0,3,1,2,1,2
6994,1,0,2,3,1,2,1
6995,1,0,3,1,2,1,2
6996,1,0,2,3,2,1,2
6997,1,0,2,3,2,1,2
6998,1,0,1,2,0,0,0
6999,1,0,3,1,2,1,2
7000,1,0,2,3,1,2,1
7001,1,0,3,1,2,1,2
7002,1,0,3,1,2,1,2
7003,0,0,2,3,1,1,1
7004,1,0,2,3,2,2,1
7005,1,0,2,3,1,2,1
7006,1,0,1,2,1,1,1
7007,1,0,1,2,1,1,1
7008,1,0,0,0,2,2,1
7009,1,0,3,1,2,1,2
7010,1,0,3,1,2,1,2
7011,1,0,3,1,2,1,2
7012,1,0,2,3,2,1,2
7013,1,0,3,1,2,1,2
7014,1,0,1,2,1,1,1
7015,0,0,1,2,1,1,1
7016,0,0,1,2,1,1,1
7017,1,0,3,1,2,1,2
7018,1,0,2,3,1,1,1
7019,1,0,2,3,2,1,2
7020,1,0,3,1,2,1,2
7021,1,0,1,2,1,1,1
7022,1,0,2,3,2,1,2
7023,1,0,3,1,2,1,2
7024,1,0,2,3,2,1,2
7025,1,0,2,3,2,1,2
7026,1,0,2,3,2,1,2
7027,1,0,2,3,2,1,2
7028,1,0,3,1,2,1,2
7029,1,0,3,1,2,1,2
7030,1,0,2,3,2,1,2
7031,1,0,3,1,2,1,2
7032,1,0,3,1,2,1,2
7033,1,0,3,1,2,1,2
7034,1,0,2,3,2,1,2
7035,1,0,2,3,2,1,2
7036,1,0,3,1,2,1,2
7037,1,0,2,3,2,1,2
7038,0,0,1,2,1,1,1
7039,1,0,1,2,1,1,1
7040,1,0,3,1,2,1,2
7041,0,0,4,6,1,2,1
7042,1,0,1,2,1,1,1
7043,1,0,2,3,2,1,2
7044,1,0,3,1,2,1,2
7045,1,0,3,1,2,1,2
7046,1,0,3,1,2,1,2
7047,1,0,3,1,2,1,2
7048,1,0,3,1,2,1,2
7049,1,0,2,3,2,1,2
7050,1,0,2,3,2,1,2
7051,1,0,2,3,2,1,2
7052,1,0,2,3,2,1,2
7053,1,0,2,3,2,1,2
7054,1,0,3,1,2,1,2
7055,1,0,3,1,2,1,2
7056,1,0,3,1,2,1,2
7057,1,0,1,2,1,1,1
7058,1,0,1,2,0,0,0
7059,0,0,1,2,1,1,1
7060,1,0,2,3,2,1,2
7061,1,0,2,3,2,1,2
7062,1,0,2,3,2,1,2
7063,1,0,4,5,2,2,2
7064,1,0,2,3,1,1,1
7065,1,0,3,1,2,1,2
7066,1,0,3,1,2,1,2
7067,1,0,3,1,2,1,2
7068,1,0,2,3,2,1,2
7069,1,0,2,3,2,1,2
7070,1,0,2,3,2,1,2
7071,1,0,2,3,2,1,2
7072,1,0,2,3,2,1,2
7073,1,0,2,3,2,1,2
7074,1,0,3,1,2,1,2
7075,1,0,1,2,1,1,1
7076,1,0,2,3,2,1,2
7077,1,0,3,1,2,1,2
7078,0,0,1,2,2,2,1
7079,1,0,3,1,2,1,2
7080,1,0,2,3,2,1,2
7081,1,0,2,3,2,1,2
7082,1,0,2,3,2,2,1
7083,1,0,2,3,1,2,1
7084,1,0,1,2,1,1,1
7085,1,0,2,3,2,1,2
7086,1,0,1,2,1,1,1
7087,1,0,1,2,1,1,1
7088,1,0,2,3,2,1,2
7089,1,0,2,3,2,1,2
7090,1,0,2,3,2,1,2
7091,1,0,3,1,2,1,2
7092,1,0,2,3,2,1,2
7093,1,0,3,1,2,1,2
7094,1,0,2,3,2,1,2
7095,0,0,1,2,1,1,1
7096,1,0,2,3,2,1,2
7097,1,0,2,3,2,1,2
7098,0,0,4,6,0,0,1
7099,1,0,2,3,2,1,2
7100,1,0,3,1,2,1,2
7101,1,0,3,1,2,1,2
7102,1,0,2,3,2,1,2
7103,1,0,2,3,2,1,2
7104,0,0,1,2,0,0,1
7105,1,0,2,3,1,2,1
7106,1,0,2,3,2,1,2
7107,0,0,4,5,2,2,1
7108,1,0,2,3,2,1,2
7109,1,0,1,2,1,1,1
7110,1,0,1,2,1,2,1
7111,1,0,2,3,2,1,2
7112,1,0,1,2,1,1,1
7113,1,0,2,3,2,2,1
7114,1,0,2,3,2,1,2
7115,0,0,4,6,1,2,2
7116,1,0,1,2,0,0,1
7117,1,0,2,3,2,1,2
7118,1,0,3,1,1,1,1
7119,1,0,2,3,0,0,0
7120,1,0,2,3,1,2,1
7121,1,0,2,3,2,1,2
7122,1,0,2,3,2,1,2
7123,1,0,2,3,2,1,2
7124,1,0,3,1,2,1,2
7125,1,0,3,1,2,1,2
7126,0,0,1,2,1,1,1
7127,1,0,1,2,1,1,1
7128,1,0,2,3,2,1,2
7129,1,0,3,1,2,1,2
7130,1,0,1,2,1,1,1
7131,1,0,2,3,2,1,2
7132,1,0,2,3,1,2,1
7133,1,0,2,3,2,1,2
7134,1,0,2,3,2,1,2
7135,1,0,1,2,1,1,1
7136,1,0,3,1,2,1,2
7137,1,0,3,1,2,1,2
7138,1,0,2,3,2,1,2
7139,1,0,2,3,2,1,2
7140,0,0,4,6,1,2,1
7141,1,0,3,1,2,1,2
7142,1,0,2,3,1,2,1
7143,1,0,2,3,2,1,2
7144,1,0,2,3,2,1,2
7145,0,0,4,5,2,2,1
7146,1,0,3,1,2,1,2
7147,1,0,2,3,2,1,2
7148,1,0,1,2,1,1,1
7149,1,0,3,1,2,1,2
7150,1,0,1,2,1,1,1
7151,1,0,1,2,1,2,1
7152,1,0,1,2,1,1,1
7153,0,0,1,2,0,0,1
7154,1,0,3,1,2,1,2
7155,1,0,2,3,2,1,2
7156,1,0,3,1,2,1,2
7157,1,0,2,3,2,1,2
7158,1,0,1,2,1,2,1
7159,1,0,2,3,2,1,2
7160,1,0,2,3,2,1,2
7161,1,0,2,3,2,1,2
7162,1,0,1,2,1,2,1
7163,1,0,3,1,2,1,2
7164,1,0,1,2,1,1,1
7165,1,0,2,3,2,1,2
7166,1,0,1,2,1,1,1
7167,1,0,3,1,2,1,2
7168,1,0,1,2,1,1,1
7169,1,0,2,3,2,1,2
7170,0,0,0,4,1,2,1
7171,1,0,2,3,2,1,2
7172,1,0,2,3,2,1,2
7173,1,0,2,3,2,1,2
7174,0,0,4,6,1,1,1
7175,1,0,2,3,1,2,1
7176,1,0,3,1,2,1,2
7177,1,0,3,1,2,1,2
7178,1,0,3,1,2,1,2
7179,0,0,1,2,1,1,1
7180,1,0,1,2,1,2,1
7181,1,0,1,2,1,1,1
7182,1,0,3,1,2,1,2
7183,1,0,2,3,2,1,2
7184,1,0,1,2,0,0,1
7185,1,0,2,3,2,1,2
7186,1,0,1,2,1,2,1
7187,1,0,2,3,1,2,1
7188,1,0,2,3,2,1,2
7189,1,0,2,3,2,1,2
7190,1,0,3,1,2,1,2
7191,1,0,2,3,2,1,2
7192,1,0,2,3,2,1,2
7193,1,0,2,3,2,1,2
7194,1,0,3,1,2,1,2
7195,0,0,1,2,1,1,1
7196,1,0,2,3,2,1,2
7197,1,0,3,1,2,1,2
7198,1,0,1,2,1,1,1
7199,1,0,3,1,1,2,1
7200,1,0,2,3,2,1,2
7201,1,0,2,3,2,1,2
7202,1,0,3,1,2,1,2
7203,1,0,2,3,2,1,2
7204,1,0,1,2,1,2,1
7205,1,0,3,1,2,1,2
7206,1,0,1,2,1,1,1
7207,1,0,3,1,2,1,2
7208,1,0,2,3,2,1,2
7209,1,0,2,3,2,1,2
7210,1,0,2,3,2,1,2
7211,1,0,3,1,2,1,2
7212,0,0,4,6,0,0,1
7213,1,0,1,2,1,1,1
7214,1,0,3,1,2,1,2
7215,0,0,1,2,1,1,1
7216,1,0,2,3,2,1,2
7217,0,0,1,2,1,1,1
7218,1,0,0,0,1,2,0
7219,0,0,1,2,1,1,1
7220,1,0,3,1,2,1,2
7221,1,0,2,3,2,1,2
7222,1,0,3,1,2,1,2
7223,1,0,2,3,2,1,2
7224,1,0,1,2,1,2,1
7225,1,0,3,1,2,1,2
7226,1,0,2,3,1,2,1
7227,1,0,1,2,1,0,1
7228,1,0,2,3,2,1,2
7229,1,0,2,3,2,1,2
7230,0,0,1,2,1,1,1
7231,1,0,3,1,2,1,2
7232,0,0,1,2,1,2,1
7233,1,0,1,2,1,1,1
7234,0,0,4,6,1,2,1
7235,1,0,2,3,2,1,2
7236,0,0,4,6,1,2,1
7237,1,0,2,3,2,1,2
7238,1,0,2,3,2,1,2
7239,1,0,2,3,2,1,2
7240,1,0,2,3,2,1,1
7241,1,0,3,1,2,1,2
7242,1,0,2,3,2,1,2
7243,1,0,2,3,2,1,2
7244,1,0,2,3,2,1,2
7245,1,0,2,3,2,1,2
7246,1,0,3,1,2,1,2
7247,1,0,2,3,2,1,2
7248,1,0,3,1,2,1,2
7249,1,0,2,3,2,1,2
7250,1,0,2,3,2,1,2
7251,0,0,1,2,1,1,1
7252,1,0,3,1,2,1,2
7253,1,0,1,2,1,1,1
7254,1,0,2,3,2,1,2
7255,1,0,3,1,2,1,2
7256,1,0,2,3,2,1,2
7257,1,0,3,1,2,1,2
7258,1,0,2,3,2,1,2
7259,1,0,2,3,2,1,2
7260,1,0,2,3,2,1,2
7261,0,0,4,2,1,1,1
7262,1,0,3,1,2,1,2
7263,1,0,2,3,2,1,2
7264,1,0,2,3,2,1,2
7265,1,0,2,3,2,1,2
7266,1,0,2,3,2,1,2
7267,1,0,2,3,2,1,2
7268,1,0,2,3,2,1,2
7269,1,0,1,2,1,1,1
7270,1,0,1,2,1,1,1
7271,1,0,1,2,1,2,1
7272,1,0,3,1,2,1,2
7273,1,0,2,3,2,1,2
7274,1,0,2,3,2,1,2
7275,1,0,1,2,1,2,1
7276,1,0,2,3,2,1,2
7277,1,0,2,3,1,1,1
7278,1,0,2,3,2,1,2
7279,1,0,3,1,2,1,2
7280,1,0,3,1,2,1,2
7281,1,0,2,3,2,1,2
7282,1,0,1,2,1,1,1
7283,0,0,4,6,1,2,1
7284,1,0,2,3,2,1,2
7285,0,0,1,2,1,1,1
7286,1,0,2,3,2,1,2
7287,1,0,2,3,2,1,2
7288,1,0,1,2,1,1,1
7289,1,0,2,3,2,1,2
7290,1,0,2,3,2,1,2
7291,1,0,1,2,2,2,1
7292,1,0,2,3,2,1,2
7293,1,0,2,3,2,1,2
7294,1,0,3,1,2,1,2
7295,1,0,2,3,1,2,1
7296,1,0,1,2,1,1,1
7297,1,0,4,5,2,2,2
7298,1,0,2,3,2,1,2
7299,1,0,2,3,2,1,2
7300,1,0,3,1,2,1,2
7301,1,0,3,1,2,1,2
7302,0,0,2,3,1,2,1
7303,1,0,2,3,2,1,2
7304,1,0,2,3,2,1,2
7305,1,0,0,0,2,2,1
7306,1,0,2,3,2,1,2
7307,1,0,1,2,1,2,1
7308,1,0,1,2,1,1,1
7309,1,0,2,3,2,1,2
7310,1,0,3,1,2,1,2
7311,1,0,2,3,2,1,2
7312,0,0,1,2,1,1,1
7313,1,0,1,2,1,1,1
7314,1,0,1,2,1,1,1
7315,1,0,2,3,2,1,2
7316,1,0,1,2,1,1,1
7317,1,0,2,3,2,1,2
7318,1,0,1,2,1,1,1
7319,1,0,2,3,2,1,2
7320,1,0,3,1,2,1,2
7321,1,0,1,2,1,1,1
7322,0,0,4,6,0,0,1
7323,1,0,2,3,2,1,2
7324,1,0,2,3,2,1,2
7325,0,0,1,2,1,1,1
7326,1,0,3,1,2,1,2
7327,1,0,3,1,2,1,2
7328,1,0,1,2,1,1,1
7329,1,0,2,3,2,1,2
7330,1,0,2,3,2,1,2
7331,1,0,2,3,2,1,2
7332,1,0,3,1,2,1,2
7333,1,0,3,1,2,1,2
7334,1,0,2,3,2,1,2
7335,1,0,3,1,2,1,2
7336,0,0,2,3,1,1,1
7337,0,0,2,3,1,2,1
7338,1,0,3,1,2,1,2
7339,1,0,1,2,1,1,1
7340,1,0,2,3,2,1,2
7341,1,0,2,3,2,1,2
7342,1,0,3,1,1,1,1
7343,1,0,2,3,2,1,2
7344,1,0,2,3,2,1,2
7345,1,0,0,0,1,2,0
7346,1,0,2,3,1,2,1
7347,1,0,2,3,2,1,2
7348,1,0,2,3,2,1,2
7349,1,0,3,1,2,1,2
7350,1,0,2,3,2,1,2
7351,1,0,2,3,1,2,1
7352,1,0,2,3,2,1,2
7353,1,0,2,3,2,1,2
7354,1,0,3,1,2,1,2
7355,1,0,3,1,2,1,2
7356,1,0,2,3,2,1,2
7357,1,0,2,3,2,1,2
7358,1,0,2,3,2,1,2
7359,1,0,2,3,2,1,2
7360,1,0,2,3,2,1,2
7361,1,0,2,3,2,1,2
7362,1,0,1,2,1,1,1
7363,1,0,2,3,2,1,2
7364,1,0,1,2,1,1,1
7365,1,0,2,3,2,1,2
7366,1,0,2,3,2,1,1
7367,1,0,3,1,2,1,2
7368,1,0,2,3,2,1,2
7369,1,0,3,1,2,1,2
7370,1,0,2,3,2,1,2
7371,1,0,2,3,2,1,2
7372,1,0,2,3,2,1,2
7373,0,0,1,2,1,1,1
7374,1,0,2,3,2,1,2
7375,1,0,2,3,2,1,2
7376,1,0,1,2,1,1,1
7377,1,0,3,1,2,1,2
7378,1,0,2,3,2,2,1
7379,1,0,2,3,2,1,2
7380,1,0,3,1,2,1,2
7381,1,0,3,1,2,1,2
7382,1,0,1,2,1,1,1
7383,0,0,4,6,1,2,1
7384,1,0,2,3,2,1,2
7385,0,0,1,2,1,1,1
7386,1,0,2,3,2,1,2
7387,0,0,4,6,1,2,1
7388,1,0,2,3,1,2,1
7389,1,0,2,3,2,1,2
7390,1,0,3,1,2,1,2
7391,1,0,2,3,2,1,2
7392,1,0,3,1,2,1,2
7393,1,0,2,3,2,1,2
7394,1,0,3,1,2,1,2
7395,1,0,2,3,2,1,2
7396,1,0,2,3,2,1,2
7397,0,0,2,3,1,1,1
7398,1,0,1,2,1,1,1
7399,1,0,2,3,2,1,2
7400,1,0,2,3,2,1,2
7401,1,0,2,3,2,1,2
7402,1,0,1,2,1,1,1
7403,1,0,2,3,2,1,2
7404,1,0,2,3,2,1,2
7405,1,0,1,2,1,1,1
7406,1,0,2,3,2,1,2
7407,1,0,2,3,2,1,2
7408,1,0,2,3,2,1,2
7409,1,0,3,1,2,1,2
7410,0,0,4,6,0,0,1
7411,1,0,1,2,1,1,1
7412,1,0,3,1,2,1,2
7413,1,0,2,3,2,1,2
7414,1,0,1,2,0,0,1
7415,1,0,3,1,2,1,2
7416,1,0,2,3,2,1,2
7417,0,0,1,2,1,1,1
7418,1,0,2,3,2,1,2
7419,1,0,2,3,1,1,1
7420,1,0,3,1,2,1,2
7421,1,0,1,2,2,2,1
7422,1,0,2,3,2,1,2
7423,1,0,1,2,1,1,1
7424,1,0,2,3,2,1,2
7425,1,0,2,3,2,1,2
7426,1,0,2,3,1,2,1
7427,1,0,3,1,2,1,2
7428,0,1,4,6,0,0,1
7429,1,0,2,3,2,1,2
7430,1,0,0,0,2,2,1
7431,1,0,3,1,2,1,2
7432,1,0,2,3,1,1,1
7433,1,0,2,3,2,1,2
7434,1,0,2,3,2,1,2
7435,1,0,2,3,2,1,2
7436,1,0,3,1,2,1,2
7437,1,0,2,3,2,1,2
7438,1,0,2,3,2,1,2
7439,1,0,2,3,2,1,2
7440,1,0,2,3,2,1,2
7441,1,0,2,3,2,1,2
7442,1,0,1,2,1,1,1
7443,1,0,2,3,1,2,1
7444,0,0,4,6,0,0,1
7445,1,0,2,3,2,1,2
7446,1,0,2,3,2,1,2
7447,1,0,1,2,1,2,1
7448,1,0,3,1,2,1,2
7449,1,0,3,1,2,1,2
7450,0,0,2,3,1,2,1
7451,1,0,2,3,2,1,2
7452,1,0,3,1,2,1,2
7453,1,0,2,3,2,1,2
7454,1,0,3,1,2,1,2
7455,1,0,3,1,2,1,2
7456,1,0,2,3,2,1,2
7457,1,0,2,3,2,1,2
7458,1,0,2,3,2,1,2
7459,1,0,3,1,2,1,2
7460,1,0,1,2,1,2,1
7461,0,0,4,5,2,2,1
7462,1,0,3,1,2,1,2
7463,1,0,1,2,1,1,1
7464,1,0,3,1,2,1,2
7465,1,0,0,0,2,2,1
7466,1,0,2,3,2,1,2
7467,1,0,1,2,1,1,1
7468,1,0,2,3,2,1,2
7469,1,0,2,3,2,1,2
7470,1,0,3,1,2,1,2
7471,1,0,3,1,2,1,2
7472,1,0,3,1,2,1,2
7473,1,0,2,3,2,1,2
7474,1,0,2,3,2,1,2
7475,1,0,1,2,1,1,1
7476,0,0,2,3,1,2,1
7477,1,0,1,2,1,0,1
7478,1,0,2,3,2,1,2
7479,1,0,3,1,2,1,2
7480,1,0,2,3,2,1,2
7481,0,0,4,6,1,1,1
7482,1,0,1,2,1,1,1
7483,1,0,3,1,2,1,2
7484,1,0,2,3,2,1,2
7485,1,0,1,2,1,1,1
7486,1,0,3,1,2,1,2
7487,1,0,1,2,1,1,1
7488,1,0,3,1,2,1,2
7489,1,0,2,3,2,1,2
7490,0,0,4,6,0,0,1
7491,1,0,3,1,2,1,2
7492,1,0,1,2,1,1,1
7493,1,0,1,2,1,1,1
7494,1,0,2,3,1,0,1
7495,1,0,3,1,2,1,2
7496,1,0,1,2,1,2,1
7497,1,0,2,3,2,1,2
7498,1,0,2,3,2,1,2
7499,1,0,2,3,2,1,2
7500,1,0,1,2,1,1,1
7501,1,0,2,3,2,1,2
7502,1,0,3,1,2,1,2
7503,1,0,2,3,0,0,0
7504,0,0,1,2,0,0,1
7505,0,0,4,5,2,2,1
7506,1,0,2,3,2,1,2
7507,1,0,1,2,1,1,1
7508,1,0,1,2,1,1,1
7509,1,0,3,1,2,1,2
7510,1,0,2,3,2,1,2
7511,1,0,2,3,2,1,2
7512,1,0,3,1,2,1,2
7513,1,0,2,3,2,1,2
7514,1,0,1,2,1,1,1
7515,1,0,1,2,1,1,1
7516,1,0,3,1,2,1,2
7517,1,0,2,3,2,1,2
7518,1,0,2,3,2,1,2
7519,1,0,2,3,2,1,2
7520,1,0,3,1,2,1,2
7521,1,0,1,2,1,1,1
7522,1,0,2,3,2,1,2
7523,1,0,1,2,1,1,1
7524,1,0,2,3,2,1,2
7525,1,0,3,1,2,1,2
7526,1,0,2,3,2,1,2
7527,1,0,2,3,2,1,2
7528,1,0,3,1,2,1,2
7529,1,0,2,3,1,1,1
7530,1,0,1,2,1,1,1
7531,1,0,2,3,2,1,2
7532,1,0,2,3,2,1,2
7533,0,0,1,2,1,1,1
7534,1,0,2,3,2,1,2
7535,1,0,2,3,2,1,2
7536,1,0,2,3,2,1,2
7537,1,0,3,1,2,1,2
7538,1,0,3,1,2,1,2
7539,1,0,2,3,2,1,2
7540,1,0,2,3,2,1,2
7541,1,0,3,1,2,1,2
7542,1,0,2,3,2,1,2
7543,1,0,2,3,2,1,2
7544,1,0,3,1,2,1,2
7545,1,0,1,2,1,1,1
7546,1,0,4,5,2,2,2
7547,1,0,2,3,2,1,2
7548,1,0,3,1,2,1,2
7549,1,0,3,1,2,1,2
7550,1,0,2,3,2,1,2
7551,1,0,2,3,2,1,2
7552,1,0,1,2,1,1,1
7553,1,0,3,1,2,1,2
7554,1,0,1,2,1,2,1
7555,1,0,3,1,2,1,2
7556,1,0,3,1,2,1,2
7557,1,0,2,3,2,1,2
7558,1,0,1,2,1,1,1
7559,1,0,2,3,2,1,1
7560,1,0,1,2,1,1,1
7561,1,0,2,3,1,2,1
7562,1,0,2,3,2,1,2
7563,0,0,1,2,0,0,1
7564,1,0,1,2,1,1,1
7565,1,0,2,3,2,1,2
7566,1,0,3,1,2,1,2
7567,1,0,2,3,1,2,1
7568,0,0,3,1,1,1,0
7569,1,0,2,3,2,1,2
7570,1,0,2,3,2,1,2
7571,1,0,1,2,1,1,1
7572,1,0,3,1,2,1,2
7573,1,0,2,3,2,1,2
7574,1,0,3,1,1,2,1
7575,0,0,1,2,1,1,1
7576,1,0,2,3,2,1,2
7577,1,0,2,3,1,1,2
7578,1,0,2,3,2,1,2
7579,1,0,1,2,1,1,1
7580,1,0,2,3,2,1,2
7581,1,0,2,3,2,1,2
7582,1,0,2,3,2,1,2
7583,1,0,2,3,2,1,2
7584,1,0,3,1,2,1,2
7585,1,0,2,3,2,1,2
7586,1,0,2,3,2,1,2
7587,1,0,1,2,1,1,1
7588,1,0,2,3,2,1,2
7589,1,0,1,2,1,1,1
7590,1,0,2,3,2,1,2
7591,1,0,2,3,2,1,2
7592,1,0,1,2,1,1,1
7593,1,0,3,1,2,1,2
7594,1,0,2,3,2,1,2
7595,1,0,1,2,1,1,1
7596,1,0,3,1,2,1,2
7597,1,0,2,3,2,1,2
7598,1,0,2,3,2,1,2
7599,1,0,2,3,2,1,2
7600,1,0,2,3,2,1,2
7601,1,0,2,3,2,1,2
7602,1,0,3,1,2,1,2
7603,1,0,1,2,1,1,1
7604,1,0,3,1,2,1,2
7605,1,0,2,3,1,2,0
7606,1,0,1,2,1,2,1
7607,1,0,2,3,2,1,1
7608,1,0,2,3,2,1,2
7609,1,0,3,1,2,1,2
7610,1,0,2,3,2,1,2
7611,1,0,2,3,2,1,2
7612,1,0,2,3,2,2,1
7613,1,0,1,2,1,1,1
7614,1,0,2,3,2,1,2
7615,1,0,2,3,2,2,1
7616,1,0,2,3,1,2,1
7617,1,0,3,1,2,1,2
7618,1,0,2,3,1,2,1
7619,1,0,3,1,2,1,2
7620,1,0,3,1,2,1,2
7621,1,0,2,3,2,1,2
7622,0,0,2,3,1,1,1
7623,0,0,4,5,2,2,1
7624,1,0,2,3,2,1,2
7625,1,0,2,3,2,1,2
7626,1,0,2,3,2,1,2
7627,1,0,2,3,2,1,2
7628,1,0,1,2,1,1,1
7629,1,0,2,3,2,1,2
7630,1,0,3,1,1,2,1
7631,1,0,3,1,2,1,2
7632,1,0,1,2,1,1,1
7633,1,0,3,1,2,1,2
7634,1,0,2,3,2,1,2
7635,1,0,1,2,1,1,1
7636,1,0,3,1,2,1,2
7637,1,0,3,1,2,1,2
7638,1,0,2,3,2,1,2
7639,1,0,2,3,2,1,2
7640,1,0,0,0,2,2,1
7641,1,0,2,3,2,1,2
7642,1,0,3,1,2,1,2
7643,1,0,3,1,1,2,1
7644,1,0,1,2,1,1,1
7645,1,0,2,3,2,1,2
7646,1,0,2,3,1,2,1
7647,1,0,2,3,2,1,2
7648,1,0,2,3,2,1,2
7649,1,0,1,2,1,1,1
7650,1,0,2,3,2,1,2
7651,1,0,3,1,2,1,2
7652,0,0,1,2,1,1,1
7653,1,0,2,3,2,1,2
7654,1,0,3,1,2,1,2
7655,1,0,3,1,2,1,2
7656,1,0,1,2,1,1,1
7657,1,0,3,1,2,1,2
7658,1,0,3,1,2,1,2
7659,1,0,2,3,2,1,2
7660,1,0,1,2,1,1,1
7661,1,0,0,0,1,2,0
7662,1,0,1,2,1,2,1
7663,1,0,3,1,2,1,2
7664,1,0,2,3,2,1,2
7665,1,0,1,2,1,2,1
7666,1,0,2,3,2,1,2
7667,1,0,1,2,1,1,1
7668,1,0,3,1,2,1,2
7669,1,0,2,3,2,1,2
7670,1,0,3,1,2,1,2
7671,1,0,1,2,1,1,1
7672,0,0,4,6,0,0,1
7673,1,0,2,3,1,2,1
7674,1,0,3,1,2,1,2
7675,1,0,2,3,2,1,2
7676,1,0,3,1,2,1,2
7677,1,0,1,2,1,1,1
7678,1,0,2,3,2,1,2
7679,1,0,1,2,1,1,1
7680,1,0,2,3,2,1,2
7681,1,0,1,2,1,1,1
7682,1,0,2,3,2,1,2
7683,1,0,2,3,2,1,2
7684,1,0,2,3,2,1,2
7685,1,0,2,3,2,1,2
7686,1,0,1,2,1,2,1
7687,1,0,1,2,1,1,1
7688,1,0,1,2,1,2,1
7689,1,0,2,3,2,1,2
7690,1,0,3,1,2,1,2
7691,1,0,2,3,2,1,2
7692,1,0,3,1,2,1,2
7693,1,0,2,3,1,1,1
7694,1,0,2,3,2,1,2
7695,1,0,2,3,2,1,2
7696,1,0,3,1,1,1,1
7697,1,0,1,2,1,1,1
7698,1,0,2,3,2,1,2
7699,1,0,2,3,2,1,2
7700,1,0,2,3,2,1,2
7701,1,0,2,3,2,1,2
7702,1,0,2,3,2,1,2
7703,1,0,2,3,2,1,2
7704,1,0,4,5,2,2,2
7705,1,0,2,3,2,1,2
7706,1,0,2,3,2,1,2
7707,1,0,2,3,2,1,2
7708,1,0,3,1,2,1,2
7709,1,0,2,3,2,1,2
7710,1,0,3,1,2,1,2
7711,1,0,1,2,1,1,1
7712,1,0,2,3,2,1,2
7713,0,0,1,2,1,1,1
7714,1,0,3,1,2,1,2
7715,1,0,2,3,2,1,2
7716,1,0,1,2,1,1,1
7717,1,0,2,3,2,1,2
7718,1,0,1,2,0,0,1
7719,1,0,2,3,2,1,2
7720,0,0,2,3,2,2,0
7721,1,0,2,3,2,1,2
7722,1,0,1,2,1,1,1
7723,1,0,1,2,1,1,1
7724,1,0,2,3,2,1,2
7725,1,0,3,1,2,1,2
7726,1,0,3,1,2,1,2
7727,1,0,1,2,1,1,1
7728,1,0,3,1,2,1,2
7729,1,0,1,2,1,2,1
7730,0,0,1,2,1,1,1
7731,1,0,3,1,2,1,2
7732,1,0,3,1,2,1,2
7733,1,0,4,5,2,2,2
7734,1,0,3,1,2,1,2
7735,1,0,2,3,2,1,2
7736,1,0,3,1,2,1,2
7737,1,0,2,3,2,1,2
7738,1,0,2,3,2,1,2
7739,1,0,2,3,2,1,2
7740,1,0,2,3,2,1,2
7741,1,0,3,1,2,1,2
7742,1,0,3,1,2,1,2
7743,1,0,3,1,2,1,2
7744,1,0,2,3,2,1,2
7745,1,0,0,0,2,2,1
7746,1,0,1,2,0,0,1
7747,0,0,4,3,2,1,1
7748,1,0,2,3,2,1,2
7749,1,0,1,2,1,2,1
7750,1,0,3,1,2,1,2
7751,1,0,2,3,2,1,2
7752,1,0,2,3,2,1,2
7753,1,0,0,0,1,2,0
7754,1,0,1,2,1,1,1
7755,0,0,1,2,0,0,1
7756,1,0,3,1,2,1,2
7757,1,0,2,3,2,1,2
7758,1,0,3,1,2,1,2
7759,1,0,3,1,2,1,2
7760,1,0,2,3,2,1,2
7761,1,0,3,1,2,1,2
7762,1,0,4,5,2,2,2
7763,1,0,2,3,2,1,2
7764,1,0,1,2,1,1,1
7765,1,0,1,2,1,1,1
7766,1,0,2,3,1,2,1
7767,1,0,1,2,1,1,1
7768,1,0,3,1,2,1,2
7769,1,0,2,3,1,2,1
7770,0,0,4,6,0,0,1
7771,0,0,4,5,2,1,1
7772,1,0,2,3,2,1,2
7773,1,0,2,3,2,1,2
7774,1,0,2,3,2,1,2
7775,1,0,4,5,2,2,2
7776,1,0,2,3,2,1,2
7777,1,0,2,3,1,2,1
7778,1,0,2,3,2,1,2
7779,1,0,2,3,2,1,2
7780,1,0,3,1,2,1,2
7781,1,0,0,0,1,2,0
7782,1,0,3,1,2,1,2
7783,1,0,2,3,2,1,2
7784,1,0,2,3,2,1,2
7785,1,0,2,3,2,1,2
7786,1,0,3,1,2,1,2
7787,1,0,3,1,2,1,2
7788,1,0,1,2,1,1,1
7789,1,0,1,2,1,1,1
7790,1,0,2,3,2,1,2
7791,1,0,2,3,2,1,2
7792,1,0,1,2,1,1,1
7793,1,0,3,1,2,1,2
7794,1,0,1,2,1,1,1
7795,1,0,1,2,1,1,1
7796,1,0,2,3,2,1,2
7797,1,0,3,1,2,1,2
7798,1,0,3,1,2,1,2
7799,1,0,1,2,1,2,1
7800,1,0,2,3,2,1,2
7801,1,0,1,2,1,1,1
7802,0,0,1,2,1,1,1
7803,1,0,1,2,1,1,1
7804,1,0,3,1,2,1,2
7805,1,0,2,3,2,1,2
7806,1,0,2,3,2,1,2
7807,1,0,3,1,2,1,2
7808,1,0,3,1,2,1,2
7809,1,0,2,3,2,1,2
7810,1,0,3,1,2,1,2
7811,1,0,2,3,2,1,2
7812,1,0,1,2,1,1,1
7813,1,0,0,0,1,2,0
7814,1,0,1,2,1,2,1
7815,1,0,3,1,1,1,1
7816,1,0,1,2,1,2,1
7817,1,0,2,3,2,1,2
7818,1,0,2,3,2,1,2
7819,1,0,2,3,2,1,2
7820,0,0,1,2,1,1,1
7821,1,0,3,1,2,1,2
7822,1,0,1,2,1,1,1
7823,0,0,1,2,1,1,1
7824,0,1,4,5,1,2,1
7825,1,0,2,3,2,1,2
7826,1,0,2,3,2,1,2
7827,1,0,2,3,2,1,2
7828,1,0,2,3,2,1,2
7829,1,0,2,3,1,2,1
7830,1,0,1,2,1,1,1
7831,1,0,2,3,2,1,2
7832,1,0,2,3,2,1,2
7833,1,0,2,3,2,1,2
7834,1,0,2,3,2,1,2
7835,1,0,2,3,2,1,2
7836,1,0,3,1,2,1,2
7837,1,0,3,1,2,1,2
7838,1,0,3,1,2,1,2
7839,1,0,1,2,1,1,1
7840,0,0,1,2,1,1,1
7841,1,0,2,3,2,1,2
7842,1,0,1,2,2,2,1
7843,1,0,2,3,2,1,2
7844,1,0,2,3,2,1,2
7845,1,0,2,3,2,1,2
7846,1,0,3,1,2,1,2
7847,1,0,2,3,2,1,2
7848,1,0,2,3,2,1,2
7849,1,0,2,3,2,1,2
7850,1,0,3,1,1,2,1
7851,1,0,1,2,1,1,1
7852,1,0,2,3,2,1,2
7853,1,0,2,3,2,1,2
7854,1,0,2,3,2,1,2
7855,1,0,2,3,2,1,2
7856,1,0,3,1,2,1,2
7857,1,0,3,1,2,1,2
7858,1,0,2,3,2,1,2
7859,1,0,2,3,2,1,2
7860,1,0,1,2,1,1,1
7861,1,0,2,3,2,1,2
7862,1,0,2,3,2,1,2
7863,1,0,3,1,2,1,2
7864,1,0,3,1,2,1,2
7865,1,0,3,1,2,1,2
7866,1,0,2,3,2,2,1
7867,1,0,1,2,1,1,1
7868,1,0,2,3,2,1,2
7869,1,0,1,2,1,2,1
7870,1,0,1,2,1,1,1
7871,1,0,2,3,2,1,2
7872,1,0,2,3,2,1,2
7873,0,0,1,2,1,1,1
7874,1,0,2,3,2,1,2
7875,1,0,1,2,1,2,1
7876,1,0,3,1,2,1,2
7877,1,0,1,2,1,1,1
7878,1,0,4,5,2,2,2
7879,1,0,1,2,1,1,1
7880,1,0,2,3,2,1,2
7881,0,0,4,6,0,0,1
7882,1,0,2,3,2,1,2
7883,1,0,2,3,2,1,1
7884,1,0,3,1,2,1,2
7885,1,0,3,1,2,1,2
7886,1,0,2,3,2,1,2
7887,1,0,2,3,2,1,2
7888,1,0,2,3,2,1,2
7889,1,0,2,3,2,1,2
7890,1,0,1,2,1,1,1
7891,1,0,2,3,2,1,2
7892,1,0,2,3,2,1,2
7893,1,0,2,3,2,1,1
7894,1,0,3,1,2,1,2
7895,1,0,3,1,2,1,2
7896,1,0,2,3,2,1,2
7897,1,0,2,3,2,1,2
7898,1,0,3,1,2,1,2
7899,1,0,4,5,2,2,2
7900,1,0,1,2,1,1,1
7901,1,0,3,1,2,1,2
7902,1,0,2,3,2,1,2
7903,1,0,1,2,1,1,1
7904,1,0,2,3,2,1,2
7905,1,0,0,0,1,2,0
7906,0,0,2,3,1,1,1
7907,1,0,2,3,2,1,2
7908,1,0,2,3,2,1,2
7909,1,0,2,3,2,1,2
7910,1,0,2,3,2,2,1
7911,1,0,2,3,2,1,2
7912,1,0,2,3,2,1,2
7913,1,0,2,3,2,1,2
7914,1,0,3,1,2,1,2
7915,0,0,4,3,2,1,1
7916,1,0,1,2,1,1,1
7917,1,0,4,5,2,2,2
7918,1,0,2,3,2,1,2
7919,1,0,3,1,2,1,2
7920,1,0,1,2,0,0,1
7921,1,0,1,2,1,1,1
7922,1,0,3,1,2,1,2
7923,1,0,2,3,1,0,1
7924,1,0,2,3,2,1,1
7925,1,0,2,3,2,1,2
7926,1,0,2,3,2,1,2
7927,1,0,2,3,2,1,2
7928,1,0,2,3,1,1,1
7929,1,0,3,1,2,1,2
7930,1,0,2,3,2,1,2
7931,1,0,2,3,2,1,2
7932,1,0,3,1,2,1,2
7933,1,0,1,2,1,1,1
7934,1,0,1,2,1,1,1
7935,1,0,3,1,2,1,2
7936,1,0,2,3,2,1,2
7937,1,0,2,3,2,1,2
7938,1,0,2,3,2,1,2
7939,1,0,3,1,2,1,2
7940,1,0,2,3,2,1,2
7941,1,0,2,3,2,1,2
7942,1,0,2,3,2,1,2
7943,1,0,2,3,1,2,1
7944,1,0,2,3,2,1,2
7945,1,0,2,3,2,1,2
7946,1,0,2,3,2,1,2
7947,0,0,4,3,2,1,1
7948,1,0,1,2,2,2,1
7949,0,0,1,2,1,1,1
7950,1,0,2,3,2,1,2
7951,1,0,1,2,0,0,0
7952,1,0,1,2,1,1,1
7953,1,0,2,3,2,1,2
7954,1,0,2,3,2,1,2
7955,1,0,1,2,1,1,1
7956,0,0,1,2,2,2,1
7957,1,0,2,3,2,1,2
7958,1,0,2,3,2,1,2
7959,1,0,3,1,2,1,2
7960,1,0,3,1,2,1,2
7961,1,0,2,3,2,1,2
7962,1,0,3,1,2,1,2
7963,1,0,2,3,2,1,2
7964,1,0,2,3,2,1,2
7965,1,0,1,2,1,1,1
7966,1,0,2,3,2,1,2
7967,1,0,2,3,2,1,2
7968,1,0,3,1,2,1,2
7969,1,0,3,1,2,1,2
7970,1,0,1,2,1,1,1
7971,1,0,3,1,2,1,2
7972,1,0,1,2,1,2,1
7973,1,0,2,3,2,1,2
7974,1,0,2,3,2,1,2
7975,1,0,1,2,1,1,1
7976,1,0,2,3,2,1,2
7977,1,0,1,2,1,1,1
7978,1,0,1,2,1,0,1
7979,1,0,3,1,2,1,2
7980,1,0,3,1,2,1,2
7981,1,0,1,2,1,1,1
7982,1,0,3,1,2,1,2
7983,1,0,3,1,2,1,2
7984,1,0,3,1,2,1,2
7985,1,0,2,3,2,1,2
7986,1,0,3,1,2,1,2
7987,1,0,1,2,1,1,1
7988,1,0,2,3,2,1,2
7989,1,0,2,3,2,1,1
7990,1,0,1,2,1,1,1
7991,1,0,2,3,2,1,2
7992,1,0,3,1,2,1,2
7993,1,0,2,3,1,2,1
7994,1,0,2,3,2,1,2
7995,1,0,2,3,2,1,2
7996,1,0,3,1,2,1,2
7997,1,0,1,2,1,1,1
7998,1,0,3,1,2,1,2
7999,1,0,3,1,2,1,2
8000,1,0,1,2,1,0,1
8001,0,0,4,6,1,2,1
8002,1,0,2,3,2,1,2
8003,0,0,1,2,2,2,1
8004,0,0,4,2,2,2,1
8005,1,0,2,3,2,1,2
8006,1,0,2,3,2,1,2
8007,1,0,3,1,2,1,2
8008,1,0,3,1,2,1,2
8009,1,0,1,2,1,2,1
8010,1,0,3,1,2,1,2
8011,1,0,3,1,2,1,2
8012,1,0,2,3,2,1,2
8013,1,0,1,2,1,1,1
8014,0,0,1,2,1,1,1
8015,1,0,2,3,1,2,1
8016,1,0,3,1,2,1,2
8017,1,0,1,2,1,2,1
8018,0,0,4,5,2,1,1
8019,0,1,4,6,0,0,1
8020,1,0,2,3,2,1,2
8021,1,0,2,3,2,1,2
8022,1,0,2,3,2,1,2
8023,1,0,3,1,2,1,2
8024,1,0,2,3,2,1,2
8025,1,0,1,2,1,2,1
8026,1,0,1,2,1,2,1
8027,1,0,3,1,2,1,2
8028,1,0,0,0,2,2,1
8029,0,0,0,4,1,2,0
8030,1,0,3,1,2,1,2
8031,1,0,1,2,1,1,1
8032,1,0,1,2,1,1,1
8033,1,0,1,2,1,1,1
8034,1,0,2,3,2,1,2
8035,1,0,2,3,2,1,2
8036,1,0,3,1,2,1,2
8037,1,0,1,2,1,2,1
8038,1,0,2,3,2,1,2
8039,1,0,1,2,1,1,1
8040,1,0,2,3,2,1,2
8041,1,0,3,1,2,1,2
8042,1,0,3,1,2,1,2
8043,1,0,2,3,2,1,2
8044,1,0,2,3,2,1,2
8045,1,0,3,1,2,1,2
8046,1,0,4,5,2,2,2
8047,1,0,3,1,2,1,2
8048,1,0,2,3,2,1,2
8049,1,0,2,3,2,1,2
8050,1,0,3,1,2,1,2
8051,1,0,1,2,1,1,1
8052,1,0,2,3,2,1,2
8053,1,0,2,3,2,1,2
8054,1,0,2,3,2,1,2
8055,1,0,3,1,2,1,2
8056,1,0,2,3,2,1,2
8057,1,0,1,2,1,1,1
8058,1,0,2,3,2,1,2
8059,1,0,1,2,1,1,1
8060,1,0,3,1,2,1,2
8061,1,0,3,1,2,1,2
8062,1,0,3,1,2,1,2
8063,1,0,1,2,1,1,1
8064,1,0,3,1,2,1,2
8065,1,0,3,1,2,1,2
8066,1,0,0,0,1,2,0
8067,1,0,1,2,1,2,1
8068,0,0,2,3,1,1,1
8069,1,0,1,2,1,1,1
8070,1,0,2,3,2,1,2
8071,1,0,2,3,2,1,2
8072,1,0,2,3,2,1,2
8073,1,0,2,3,2,1,2
8074,0,0,4,5,2,2,1
8075,1,0,3,1,2,1,2
8076,1,0,2,3,1,2,1
8077,1,0,3,1,2,1,2
8078,1,0,1,2,1,1,1
8079,1,0,3,1,2,1,2
8080,1,0,3,1,2,1,2
8081,1,0,2,3,1,2,1
8082,1,0,2,3,1,2,1
8083,1,0,2,3,2,1,2
8084,1,0,2,3,2,1,2
8085,1,0,2,3,2,1,2
8086,1,0,2,3,2,1,2
8087,1,0,3,1,2,1,2
8088,1,0,3,1,2,1,2
8089,1,0,2,3,2,1,2
8090,1,0,2,3,2,1,2
8091,1,0,1,2,1,1,1
8092,1,0,1,2,1,1,1
8093,0,0,2,3,1,2,1
8094,1,0,2,3,2,1,2
8095,1,0,1,2,1,1,1
8096,1,0,2,3,1,2,1
8097,1,0,1,2,1,1,1
8098,1,0,2,3,2,1,2
8099,1,0,3,1,2,1,2
8100,1,0,2,3,2,1,2
8101,1,0,3,1,2,1,2
8102,1,0,3,1,2,1,2
8103,1,0,3,1,2,1,2
8104,1,0,2,3,2,1,2
8105,1,0,2,3,2,1,2
8106,1,0,2,3,2,1,2
8107,1,0,2,3,2,1,2
8108,1,0,2,3,2,1,2
8109,1,0,3,1,2,1,2
8110,1,0,2,3,2,1,2
8111,1,0,2,3,1,2,1
8112,1,0,3,1,2,1,2
8113,0,0,2,3,2,2,0
8114,1,0,3,1,2,1,2
8115,1,0,3,1,2,1,2
8116,1,0,2,3,2,1,1
8117,1,0,2,3,2,1,2
8118,1,0,2,3,1,1,1
8119,1,0,2,3,2,1,2
8120,1,0,2,3,2,1,2
8121,1,0,3,1,2,1,2
8122,1,0,3,1,2,1,2
8123,1,0,3,1,2,1,2
8124,1,0,3,1,2,1,2
8125,1,0,1,2,1,1,1
8126,1,0,2,3,2,1,2
8127,1,0,2,3,2,1,2
8128,1,0,2,3,2,1,2
8129,1,0,3,1,2,1,2
8130,1,0,2,3,2,1,2
8131,1,0,2,3,2,1,2
8132,1,0,2,3,2,1,2
8133,1,0,2,3,2,1,2
8134,1,0,2,3,1,2,1
8135,1,0,2,3,2,1,2
8136,1,0,2,3,2,1,2
8137,1,0,2,3,2,1,2
8138,1,0,2,3,2,1,2
8139,1,0,1,2,1,1,1
8140,1,0,1,2,1,1,1
8141,1,0,3,1,2,1,2
8142,1,0,3,1,2,1,2
8143,1,0,3,1,2,1,2
8144,1,0,2,3,2,1,2
8145,1,0,2,3,2,1,2
8146,1,0,2,3,2,1,2
8147,1,0,3,1,2,1,2
8148,1,0,1,2,1,1,1
8149,1,0,3,1,2,1,2
8150,1,0,2,3,2,1,2
8151,1,0,1,2,1,1,1
8152,0,0,1,2,1,1,1
8153,1,0,2,3,2,1,2
8154,1,0,2,3,2,1,2
8155,1,0,2,3,2,1,2
8156,1,0,2,3,2,1,2
8157,1,0,2,3,1,2,1
8158,1,0,2,3,2,1,2
8159,1,0,3,1,2,1,2
8160,1,0,2,3,2,1,2
8161,1,0,2,3,2,1,2
8162,1,0,2,3,2,1,1
8163,1,0,2,3,2,1,2
8164,1,0,3,1,2,1,2
8165,1,0,2,3,2,1,2
8166,1,0,2,3,2,1,2
8167,1,0,2,3,2,1,2
8168,1,0,1,2,1,1,1
8169,1,0,1,2,1,2,1
8170,1,0,1,2,1,1,1
8171,1,0,2,3,2,1,2
8172,1,0,1,2,1,2,1
8173,1,0,2,3,2,1,2
8174,1,0,3,1,2,1,2
8175,1,0,1,2,1,1,1
8176,1,0,3,1,2,1,2
8177,1,0,3,1,1,1,1
8178,1,0,1,2,1,1,1
8179,1,0,2,3,2,1,2
8180,1,0,3,1,2,1,2
8181,1,0,3,1,2,1,2
8182,1,0,3,1,2,1,2
8183,1,0,1,2,1,2,1
8184,1,0,3,1,2,1,2
8185,1,0,3,1,2,1,2
8186,1,0,2,3,2,1,2
8187,1,0,2,3,2,1,2
8188,1,0,3,1,2,1,2
8189,1,0,2,3,2,1,2
8190,1,0,2,3,2,1,2
8191,1,0,2,3,2,1,1
8192,1,0,2,3,1,1,1
8193,1,0,0,0,2,2,1
8194,1,0,3,1,2,1,2
8195,1,0,1,2,1,1,1
8196,1,0,2,3,2,1,2
8197,1,0,2,3,2,1,2
8198,1,0,3,1,2,1,2
8199,1,0,0,0,2,2,1
8200,1,0,0,0,0,1,1
8201,1,0,1,2,1,1,1
8202,1,0,2,3,2,1,2
8203,1,0,1,2,1,2,1
8204,1,0,2,3,2,1,2
8205,0,1,4,6,0,0,1
8206,1,0,1,2,0,0,1
8207,1,0,2,3,2,1,2
8208,1,0,1,2,1,1,1
8209,1,0,2,3,2,1,2
8210,1,0,2,3,2,1,2
8211,1,0,2,3,2,1,2
8212,1,0,2,3,2,1,2
8213,1,0,3,1,2,1,2
8214,1,0,3,1,2,1,2
8215,1,0,3,1,2,1,2
8216,1,0,1,2,1,2,1
8217,1,0,3,1,2,1,2
8218,1,0,3,1,2,1,2
8219,1,0,1,2,1,1,1
8220,1,0,2,3,2,1,2
8221,1,0,3,1,2,1,2
8222,1,0,3,1,2,1,2
8223,1,0,2,3,2,1,2
8224,1,0,2,3,2,1,2
8225,1,0,2,3,2,1,2
8226,1,0,2,3,2,1,1
8227,1,0,2,3,2,1,2
8228,1,0,2,3,2,1,2
8229,1,0,3,1,2,1,2
8230,1,0,3,1,2,1,2
8231,1,0,2,3,2,1,2
8232,1,0,3,1,2,1,2
8233,1,0,1,2,1,1,1
8234,1,0,1,2,1,2,1
8235,1,0,3,1,2,1,2
8236,1,0,2,3,2,1,2
8237,1,0,3,1,2,1,2
8238,1,0,2,3,2,1,2
8239,1,0,3,1,2,1,2
8240,1,0,3,1,2,1,2
8241,1,0,1,2,1,1,1
8242,1,0,1,2,1,2,1
8243,1,0,2,3,2,1,2
8244,1,0,3,1,2,1,2
8245,1,0,3,1,2,1,2
8246,0,0,4,3,2,1,1
8247,1,0,2,3,2,1,2
8248,1,0,1,2,1,2,1
8249,0,0,4,6,0,0,1
8250,1,0,1,2,1,1,1
8251,1,0,3,1,2,1,2
8252,1,0,2,3,2,1,2
8253,1,0,2,3,2,1,2
8254,1,0,3,1,2,1,2
8255,1,0,1,2,1,1,1
8256,1,0,2,3,2,1,2
8257,1,0,2,3,2,1,2
8258,1,0,3,1,2,1,2
8259,1,0,1,2,1,1,1
8260,1,0,2,3,2,1,2
8261,1,0,2,3,2,1,2
8262,0,0,1,2,1,1,1
8263,1,0,1,2,1,1,1
8264,1,0,3,1,2,1,2
8265,1,0,2,3,2,1,2
8266,1,0,2,3,2,1,1
8267,1,0,1,2,1,2,1
8268,1,0,2,3,2,1,2
8269,0,0,1,2,1,1,1
8270,1,0,3,1,2,1,2
8271,1,0,3,1,2,1,2
8272,1,0,3,1,2,1,2
8273,0,0,4,6,1,2,1
8274,1,0,2,3,2,1,2
8275,1,0,2,3,2,1,2
8276,1,0,2,3,2,1,2
8277,1,0,2,3,1,2,1
8278,1,0,2,3,2,1,2
8279,1,0,2,3,2,1,2
8280,1,0,3,1,2,1,2
8281,1,0,2,3,2,1,2
8282,1,0,3,1,2,1,2
8283,1,0,3,1,2,1,2
8284,1,0,2,3,2,1,2
8285,1,0,3,1,1,1,1
8286,1,0,1,2,1,1,1
8287,0,0,2,3,1,2,1
8288,0,0,1,2,2,2,1
8289,1,0,3,1,2,1,2
8290,1,0,1,2,1,1,1
8291,1,0,1,2,1,2,1
8292,1,0,2,3,2,1,2
8293,1,0,2,3,2,1,2
8294,1,0,2,3,2,1,2
8295,1,0,1,2,1,2,1
8296,1,0,3,1,1,1,1
8297,0,1,4,6,0,0,1
8298,0,0,1,2,1,1,1
8299,1,0,2,3,2,1,2
8300,1,0,1,2,1,2,1
8301,1,0,1,2,1,1,1
8302,1,0,2,3,2,1,2
8303,1,0,2,3,2,1,2
8304,1,0,1,2,1,1,1
8305,1,0,2,3,2,1,2
8306,1,0,1,2,1,1,1
8307,1,0,3,1,2,1,2
8308,0,0,2,3,2,0,2
8309,1,0,2,3,2,1,2
8310,1,0,1,2,1,2,1
8311,1,0,2,3,2,1,2
8312,1,0,2,3,2,1,2
8313,1,0,3,1,2,1,2
8314,1,0,2,3,2,1,2
8315,1,0,3,1,2,1,2
8316,1,0,3,1,2,1,2
8317,1,0,3,1,2,1,2
8318,1,0,2,3,2,1,2
8319,1,0,2,3,2,1,2
8320,1,0,1,2,1,1,1
8321,1,0,2,3,2,1,2
8322,1,0,2,3,1,2,1
8323,0,0,4,6,0,0,1
8324,1,0,2,3,2,1,2
8325,1,0,2,3,2,1,2
8326,1,0,3,1,2,1,2
8327,0,0,0,4,0,1,0
8328,0,0,4,6,0,0,1
8329,0,0,4,3,2,1,1
8330,1,0,2,3,2,1,2
8331,1,0,3,1,2,1,2
8332,1,0,1,2,1,1,1
8333,1,0,3,1,2,1,2
8334,1,0,3,1,2,1,2
8335,1,0,2,3,2,1,2
8336,1,0,2,3,2,1,2
8337,1,0,2,3,2,1,2
8338,1,0,2,3,2,1,2
8339,0,0,1,2,0,0,1
8340,1,0,3,1,2,1,2
8341,1,0,3,1,2,1,2
8342,1,0,2,3,2,1,2
8343,1,0,3,1,2,1,2
8344,1,0,2,3,2,1,2
8345,1,0,2,3,2,1,2
8346,1,0,2,3,2,1,2
8347,1,0,1,2,1,1,1
8348,1,0,3,1,2,1,2
8349,1,0,2,3,2,1,2
8350,1,0,3,1,2,1,2
8351,1,0,2,3,2,1,2
8352,1,0,2,3,2,1,2
8353,1,0,1,2,1,1,1
8354,1,0,2,3,2,1,2
8355,1,0,1,2,1,1,1
8356,1,0,3,1,2,1,2
8357,1,0,1,2,1,2,1
8358,1,0,2,3,2,1,2
8359,1,0,2,3,2,1,2
8360,1,0,2,3,2,1,2
8361,1,0,2,3,2,1,2
8362,1,0,2,3,2,1,2
8363,1,0,2,3,2,1,2
8364,1,0,1,2,1,1,1
8365,1,0,2,3,2,1,2
8366,1,0,3,1,2,1,2
8367,1,0,2,3,1,2,1
8368,1,0,2,3,2,1,2
8369,1,0,1,2,1,1,1
8370,1,0,3,1,2,1,2
8371,1,0,3,1,2,1,2
8372,1,0,1,2,1,1,1
8373,1,0,1,2,1,2,1
8374,1,0,3,1,2,1,2
8375,1,0,2,3,2,1,2
8376,1,0,3,1,2,1,2
8377,1,0,3,1,2,1,2
8378,1,0,3,1,2,1,2
8379,1,0,2,3,1,1,1
8380,1,0,2,3,2,1,2
8381,1,0,1,2,1,1,1
8382,1,0,3,1,2,1,2
8383,1,0,2,3,2,1,2
8384,1,0,3,1,2,1,2
8385,0,0,4,5,0,0,1
8386,1,0,3,1,2,1,2
8387,1,0,3,1,2,1,2
8388,1,0,1,2,1,1,1
8389,1,0,1,2,1,1,1
8390,1,0,2,3,2,1,2
8391,1,0,1,2,1,1,1
8392,0,0,4,6,1,2,1
8393,1,0,4,5,2,2,2
8394,1,0,1,2,1,1,1
8395,1,0,2,3,2,1,2
8396,1,0,2,3,2,1,2
8397,0,0,1,2,0,0,1
8398,1,0,3,1,2,1,2
8399,1,0,1,2,1,2,1
8400,1,0,3,1,2,1,2
8401,1,0,1,2,1,2,0
8402,1,0,2,3,2,1,2
8403,1,0,2,3,2,1,2
8404,1,0,2,3,2,1,2
8405,1,0,2,3,2,1,2
8406,1,0,2,3,2,1,2
8407,1,0,2,3,2,1,2
8408,1,0,2,3,2,1,2
8409,1,0,3,1,2,1,2
8410,1,0,3,1,2,1,2
8411,1,0,3,1,2,1,2
8412,1,0,1,2,1,1,1
8413,1,0,3,1,2,1,2
8414,1,0,1,2,1,1,1
8415,1,0,3,1,2,1,2
8416,1,0,3,1,2,1,2
8417,1,0,2,3,2,1,2
8418,1,0,3,1,2,1,2
8419,1,0,2,3,2,1,2
8420,1,0,1,2,0,0,1
8421,1,0,2,3,2,1,2
8422,1,0,2,3,2,1,2
8423,0,0,2,3,1,1,1
8424,1,0,2,3,2,1,2
8425,1,0,2,3,2,1,2
8426,1,0,1,2,1,1,1
8427,1,0,2,3,2,1,2
8428,1,0,2,3,2,1,2
8429,1,0,2,3,2,1,2
8430,1,0,2,3,2,1,2
8431,1,0,2,3,2,1,2
8432,1,0,1,2,1,2,1
8433,1,0,3,1,2,1,2
8434,1,0,3,1,2,1,2
8435,1,0,2,3,2,1,2
8436,1,0,2,3,2,1,2
8437,1,0,2,3,2,1,2
8438,1,0,3,1,2,1,2
8439,1,0,2,3,2,1,2
8440,1,0,3,1,2,1,2
8441,0,0,1,2,1,1,1
8442,1,0,1,2,1,1,1
8443,1,0,2,3,2,1,2
8444,1,0,2,3,2,1,2
8445,1,0,3,1,2,1,2
8446,1,0,3,1,2,1,2
8447,1,0,2,3,2,1,1
8448,1,0,2,3,2,1,2
8449,1,0,2,3,2,1,2
8450,1,0,2,3,2,1,2
8451,1,0,1,2,1,2,1
8452,1,0,3,1,2,1,2
8453,1,0,2,3,2,1,2
8454,1,0,3,1,2,1,2
8455,1,0,3,1,2,1,2
8456,1,0,3,1,1,1,1
8457,1,0,3,1,2,1,2
8458,1,0,2,3,1,1,1
8459,1,0,2,3,2,1,2
8460,1,0,2,3,2,1,2
8461,1,0,2,3,2,1,2
8462,1,0,2,3,2,1,2
8463,1,0,1,2,1,1,1
8464,1,0,2,3,2,1,2
8465,1,0,2,3,2,1,2
8466,1,0,3,1,2,1,2
8467,1,0,3,1,2,1,2
8468,1,0,2,3,2,1,2
8469,1,0,2,3,2,1,2
8470,1,0,2,3,2,1,2
8471,1,0,3,1,2,1,2
8472,1,0,3,1,2,1,2
8473,1,0,3,1,1,1,1
8474,1,0,1,2,1,1,1
8475,1,0,1,2,1,1,1
8476,1,0,3,1,2,1,2
8477,1,0,2,3,2,1,2
8478,1,0,2,3,2,1,2
8479,1,0,1,2,1,1,1
8480,1,0,1,2,1,1,1
8481,1,0,1,2,1,1,1
8482,1,0,2,3,2,1,2
8483,1,0,3,1,2,1,2
8484,1,0,2,3,2,1,2
8485,1,0,3,1,2,1,2
8486,1,0,2,3,2,1,2
8487,1,0,0,0,1,2,0
8488,1,0,2,3,2,1,2
8489,1,0,0,0,2,2,1
8490,0,0,1,2,1,1,1
8491,1,0,3,1,2,1,2
8492,1,0,2,3,2,1,2
8493,1,0,3,1,2,1,2
8494,1,0,1,2,1,1,1
8495,1,0,1,2,1,1,1
8496,1,0,1,2,1,1,1
8497,1,0,3,1,2,1,2
8498,1,0,3,1,2,1,2
8499,1,0,1,2,1,1,1
8500,1,0,2,3,2,1,2
8501,1,0,2,3,2,1,2
8502,1,0,2,3,2,1,2
8503,1,0,1,2,1,1,1
8504,1,0,3,1,2,1,2
8505,1,0,2,3,2,1,2
8506,1,0,2,3,2,1,2
8507,1,0,3,1,2,1,2
8508,0,0,1,2,1,1,1
8509,1,0,1,2,1,1,1
8510,1,0,2,3,2,1,2
8511,1,0,1,2,1,2,1
8512,0,0,4,3,2,1,1
8513,1,0,2,3,2,1,1
8514,1,0,1,2,1,1,1
8515,1,0,2,3,2,1,2
8516,1,0,2,3,2,1,2
8517,1,0,2,3,2,1,2
8518,1,0,2,3,2,1,2
8519,1,0,2,3,2,1,2
8520,1,0,2,3,2,1,2
8521,1,0,2,3,2,1,2
8522,1,0,3,1,2,1,2
8523,1,0,1,2,1,1,1
8524,1,0,2,3,2,1,2
8525,0,0,4,3,1,1,1
8526,0,0,1,2,1,1,1
8527,1,0,3,1,2,1,2
8528,1,0,2,3,2,1,2
8529,1,0,3,1,2,1,2
8530,1,0,2,3,2,2,1
8531,1,0,3,1,2,1,2
8532,1,0,2,3,2,1,2
8533,1,0,3,1,2,1,2
8534,1,0,1,2,1,1,1
8535,1,0,2,3,2,1,2
8536,1,0,3,1,2,1,2
8537,1,0,2,3,2,1,2
8538,1,0,3,1,2,1,2
8539,1,0,2,3,2,1,2
8540,1,0,0,0,2,2,1
8541,1,0,2,3,2,1,2
8542,0,0,1,2,1,1,1
8543,0,0,1,2,1,1,1
8544,0,0,4,5,2,2,1
8545,1,0,2,3,2,1,2
8546,1,0,2,3,2,1,2
8547,0,0,4,6,0,0,1
8548,1,0,2,3,2,1,2
8549,1,0,1,2,1,1,1
8550,1,0,2,3,2,1,2
8551,1,0,2,3,2,1,2
8552,1,0,2,3,2,1,2
8553,1,0,1,2,1,1,1
8554,1,0,1,2,1,1,1
8555,1,0,1,2,1,1,1
8556,1,0,3,1,2,1,2
8557,1,0,1,2,1,1,1
8558,1,0,3,1,2,1,2
8559,1,0,2,3,2,1,2
8560,1,0,1,2,1,2,1
8561,1,0,1,2,1,2,1
8562,1,0,2,3,1,2,1
8563,1,0,2,3,2,1,2
8564,1,0,1,2,1,1,1
8565,1,0,2,3,2,1,2
8566,1,0,2,3,2,1,2
8567,1,0,1,2,1,1,1
8568,1,0,2,3,2,1,2
8569,1,0,3,1,2,1,2
8570,1,0,1,2,1,2,1
8571,1,0,1,2,1,1,1
8572,1,0,2,3,2,1,2
8573,1,0,2,3,1,1,2
8574,1,0,3,1,2,1,2
8575,1,0,3,1,2,1,2
8576,1,0,1,2,1,1,1
8577,1,0,2,3,2,1,2
8578,1,0,3,1,2,1,2
8579,1,0,3,1,2,1,2
8580,0,0,4,2,2,2,1
8581,1,0,2,3,2,1,2
8582,1,0,3,1,2,1,2
8583,1,0,2,3,2,1,2
8584,1,0,2,3,2,1,2
8585,0,0,4,6,0,0,1
8586,0,0,1,2,1,1,1
8587,1,0,2,3,1,1,1
8588,1,0,1,2,1,1,1
8589,1,0,2,3,2,1,2
8590,1,0,2,3,2,1,2
8591,1,0,2,3,2,1,2
8592,0,0,2,3,1,2,1
8593,1,0,2,3,1,1,2
8594,1,0,3,1,2,1,2
8595,1,0,2,3,2,1,2
8596,1,0,2,3,2,1,2
8597,1,0,3,1,2,1,2
8598,1,0,2,3,2,1,2
8599,1,0,3,1,2,1,2
8600,1,0,2,3,2,1,2
8601,1,0,2,3,2,1,2
8602,1,0,4,5,2,2,2
8603,0,0,1,2,0,0,1
8604,1,0,2,3,2,1,2
8605,1,0,1,2,1,1,1
8606,1,0,2,3,2,1,2
8607,1,0,2,3,2,1,2
8608,1,0,1,2,1,1,1
8609,1,0,1,2,1,1,1
8610,1,0,2,3,2,1,2
8611,1,0,2,3,2,2,1
8612,1,0,2,3,2,1,2
8613,1,0,3,1,2,1,2
8614,1,0,1,2,1,1,1
8615,1,0,2,3,2,1,2
8616,1,0,3,1,2,1,2
8617,1,0,3,1,2,1,2
8618,1,0,2,3,2,1,2
8619,1,0,1,2,1,1,1
8620,1,0,2,3,2,1,2
8621,1,0,3,1,2,1,2
8622,0,0,4,6,0,0,1
8623,1,0,3,1,2,1,2
8624,1,0,1,2,1,2,1
8625,1,0,2,3,2,1,2
8626,1,0,2,3,1,1,1
8627,1,0,2,3,2,1,2
8628,1,0,2,3,2,1,2
8629,0,0,4,3,2,1,1
8630,1,0,2,3,2,1,2
8631,1,0,1,2,1,1,1
8632,1,0,2,3,2,1,2
8633,1,0,3,1,2,1,2
8634,1,0,1,2,1,1,1
8635,1,0,3,1,2,1,2
8636,1,0,2,3,2,1,2
8637,1,0,3,1,2,1,2
8638,1,0,2,3,2,1,2
8639,1,0,2,3,2,1,2
8640,1,0,1,2,1,2,1
8641,1,0,2,3,2,1,2
8642,1,0,3,1,2,1,2
8643,0,0,4,6,1,2,1
8644,1,0,2,3,2,1,2
8645,1,0,2,3,2,1,2
8646,1,0,2,3,2,1,2
8647,1,0,3,1,2,1,2
8648,1,0,2,3,2,1,2
8649,1,0,3,1,2,1,2
8650,1,0,2,3,2,1,2
8651,1,0,1,2,1,2,1
8652,1,0,2,3,2,1,2
8653,0,0,1,2,0,0,1
8654,1,0,3,1,2,1,2
8655,1,0,0,0,1,2,1
8656,1,0,3,1,2,1,2
8657,1,0,1,2,1,2,1
8658,1,0,2,3,2,1,2
8659,1,0,3,1,2,1,2
8660,1,0,3,1,2,1,2
8661,1,0,3,1,2,1,2
8662,1,0,2,3,2,1,2
8663,0,0,1,2,1,1,1
8664,1,0,2,3,2,1,2
8665,1,0,2,3,2,1,2
8666,1,0,1,2,1,1,1
8667,1,0,1,2,1,2,1
8668,1,0,2,3,2,1,2
8669,0,0,4,5,1,1,1
8670,1,0,1,2,0,0,0
8671,1,0,2,3,2,1,2
8672,1,0,2,3,1,1,1
8673,1,0,2,3,2,1,2
8674,1,0,2,3,2,1,2
8675,1,0,3,1,2,1,2
8676,1,0,2,3,2,1,2
8677,1,0,2,3,2,1,2
8678,1,0,2,3,2,1,2
8679,1,0,3,1,2,1,2
8680,1,0,2,3,2,1,2
8681,1,0,1,2,1,2,1
8682,1,0,2,3,1,1,1
8683,1,0,0,0,2,2,1
8684,1,0,3,1,2,1,2
8685,1,0,2,3,1,2,1
8686,1,0,2,3,2,1,2
8687,1,0,2,3,2,1,2
8688,1,0,1,2,1,1,1
8689,1,0,2,3,2,1,2
8690,1,0,3,1,2,1,2
8691,0,0,1,2,1,1,1
8692,1,0,3,1,2,1,2
8693,1,0,2,3,2,1,2
8694,1,0,2,3,2,1,2
8695,1,0,2,3,2,1,2
8696,1,0,1,2,1,1,1
8697,1,0,2,3,2,1,2
8698,1,0,3,1,2,1,2
8699,1,0,2,3,2,1,2
8700,1,0,2,3,2,1,2
8701,1,0,1,2,1,1,1
8702,1,0,2,3,2,1,2
8703,1,0,2,3,2,2,1
8704,1,0,2,3,2,1,2
8705,1,0,2,3,2,1,2
8706,1,0,3,1,2,1,2
8707,1,0,1,2,1,1,1
8708,1,0,3,1,2,1,2
8709,1,0,2,3,2,1,2
8710,1,0,2,3,2,1,2
8711,1,0,2,3,2,1,2
8712,1,0,0,0,1,2,0
8713,1,0,3,1,2,1,2
8714,1,0,2,3,2,1,2
8715,1,0,2,3,2,1,2
8716,1,0,2,3,2,1,2
8717,1,0,2,3,2,1,1
8718,1,0,3,1,2,1,2
8719,1,0,1,2,1,1,1
8720,0,0,2,3,1,2,1
8721,1,0,1,2,1,1,1
8722,1,0,2,3,2,2,1
8723,1,0,3,1,2,1,2
8724,1,0,3,1,2,1,2
8725,1,0,2,3,1,2,1
8726,1,0,2,3,2,1,2
8727,1,0,1,2,1,2,1
8728,1,0,3,1,2,1,2
8729,1,0,3,1,2,1,2
8730,1,0,2,3,2,1,2
8731,1,0,2,3,2,1,2
8732,1,0,2,3,2,1,2
8733,0,1,4,5,2,2,2
8734,1,0,2,3,2,1,2
8735,1,0,2,3,2,1,2
8736,1,0,2,3,2,1,2
8737,1,0,2,3,2,1,2
8738,1,0,2,3,2,1,2
8739,1,0,2,3,2,1,2
8740,1,0,3,1,2,1,2
8741,1,0,2,3,2,1,2
8742,1,0,3,1,2,1,2
8743,1,0,2,3,2,1,2
8744,1,0,3,1,2,1,2
8745,1,0,2,3,2,1,2
8746,1,0,2,3,2,1,2
8747,1,0,2,3,2,1,2
8748,1,0,1,2,1,1,1
8749,0,0,1,2,1,2,1
8750,1,0,2,3,2,1,2
8751,1,0,3,1,2,1,2
8752,1,0,2,3,2,1,2
8753,1,0,1,2,1,1,1
8754,1,0,2,3,2,1,2
8755,1,0,1,2,1,2,1
8756,1,0,2,3,2,1,2
8757,1,0,3,1,1,1,1
8758,1,0,1,2,1,2,1
8759,1,0,2,3,2,1,2
8760,1,0,2,3,2,1,2
8761,1,0,1,2,1,1,1
8762,1,0,2,3,2,1,1
8763,1,0,1,2,1,1,1
8764,1,0,1,2,1,1,1
8765,1,0,3,1,2,1,2
8766,1,0,3,1,2,1,2
8767,1,0,2,3,2,1,2
8768,1,0,2,3,2,1,2
8769,1,0,3,1,2,1,2
8770,1,0,1,2,1,1,1
8771,1,0,2,3,2,1,2
8772,1,0,2,3,2,1,2
8773,1,0,3,1,2,1,2
8774,1,0,2,3,2,1,2
8775,1,0,3,1,2,1,1
8776,1,0,2,3,2,1,2
8777,1,0,2,3,2,1,2
8778,1,0,2,3,2,1,2
8779,1,0,3,1,2,1,2
8780,1,0,2,3,2,1,1
8781,1,0,3,1,2,1,2
8782,1,0,2,3,2,1,2
8783,1,0,2,3,1,2,1
8784,1,0,3,1,2,1,2
8785,0,0,4,5,2,1,1
8786,1,0,2,3,2,1,2
8787,1,0,3,1,2,1,2
8788,1,0,2,3,2,1,1
8789,1,0,1,2,1,1,1
8790,1,0,2,3,2,1,2
8791,1,0,2,3,2,1,2
8792,1,0,2,3,2,1,2
8793,1,0,1,2,1,2,1
8794,1,0,1,2,1,1,1
8795,1,0,2,3,2,1,1
8796,1,0,2,3,2,1,2
8797,1,0,3,1,2,1,2
8798,1,0,2,3,2,1,2
8799,1,0,3,1,2,1,2
8800,1,0,2,3,2,1,2
8801,0,0,1,2,0,0,1
8802,0,0,1,2,1,1,1
8803,1,0,1,2,1,2,1
8804,1,0,2,3,2,1,2
8805,1,0,1,2,1,1,1
8806,1,0,2,3,2,1,2
8807,1,0,1,2,1,2,1
8808,1,0,2,3,2,2,1
8809,1,0,2,3,2,1,2
8810,1,0,2,3,2,1,2
8811,1,0,2,3,2,1,2
8812,1,0,3,1,2,1,2
8813,1,0,3,1,2,1,2
8814,1,0,2,3,2,1,2
8815,1,0,2,3,2,1,2
8816,1,0,2,3,1,2,1
8817,1,0,1,2,1,1,1
8818,0,0,4,3,2,1,1
8819,1,0,2,3,2,1,2
8820,1,0,1,2,1,1,1
8821,1,0,2,3,1,2,1
8822,1,0,2,3,2,1,2
8823,1,0,3,1,1,1,1
8824,1,0,2,3,2,1,2
8825,1,0,3,1,2,1,2
8826,0,0,4,2,2,2,1
8827,1,0,3,1,2,1,2
8828,1,0,3,1,2,1,2
8829,1,0,3,1,2,1,2
8830,1,0,2,3,2,1,2
8831,1,0,2,3,1,2,1
8832,1,0,3,1,2,1,2
8833,1,0,3,1,2,1,2
8834,0,0,4,5,2,1,1
8835,1,0,2,3,2,1,2
8836,1,0,3,1,2,1,2
8837,1,0,2,3,2,1,2
8838,1,0,3,1,2,1,2
8839,1,0,2,3,2,1,2
8840,1,0,2,3,2,1,2
8841,1,0,2,3,2,1,2
8842,1,0,2,3,2,1,2
8843,0,0,2,3,1,1,1
8844,1,0,2,3,2,1,2
8845,1,0,1,2,1,1,1
8846,1,0,1,2,1,2,1
8847,1,0,1,2,1,2,1
8848,1,0,1,2,1,1,1
8849,1,0,2,3,2,1,2
8850,1,0,1,2,1,1,1
8851,1,0,3,1,2,1,2
8852,0,0,2,3,2,2,0
8853,0,0,1,2,0,0,1
8854,1,0,1,2,1,1,1
8855,0,0,4,5,2,1,1
8856,1,0,2,3,2,1,2
8857,1,0,1,2,1,1,1
8858,1,0,3,1,2,1,2
8859,1,0,3,1,2,1,1
8860,1,0,1,2,1,1,1
8861,1,0,2,3,2,1,2
8862,1,0,2,3,2,1,2
8863,1,0,2,3,2,1,2
8864,1,0,2,3,2,1,2
8865,1,0,2,3,2,1,2
8866,1,0,2,3,2,1,2
8867,1,0,2,3,2,1,2
8868,1,0,1,2,1,1,1
8869,1,0,2,3,2,1,2
8870,1,0,2,3,2,1,2
8871,0,0,4,5,2,2,1
8872,1,0,1,2,1,1,1
8873,1,0,3,1,2,1,2
8874,1,0,3,1,2,1,2
8875,1,0,3,1,2,1,2
8876,1,0,3,1,2,1,2
8877,0,0,2,3,1,2,1
8878,0,0,4,5,2,1,1
8879,1,0,1,2,1,2,1
8880,1,0,0,0,2,2,1
8881,1,0,2,3,2,1,2
8882,1,0,3,1,2,1,2
8883,1,0,2,3,2,1,2
8884,1,0,2,3,2,1,2
8885,1,0,2,3,2,1,2
8886,1,0,2,3,2,1,2
8887,1,0,2,3,2,1,2
8888,1,0,2,3,2,1,2
8889,1,0,3,1,2,1,2
8890,1,0,2,3,2,1,2
8891,1,0,1,2,1,2,1
8892,1,0,1,2,1,1,1
8893,1,0,2,3,2,1,2
8894,1,0,3,1,2,1,2
8895,1,0,2,3,2,1,2
8896,1,0,1,2,1,2,1
8897,1,0,3,1,2,1,2
8898,0,0,4,6,1,1,1
8899,1,0,2,3,2,1,2
8900,1,0,2,3,2,1,2
8901,1,0,2,3,2,1,2
8902,1,0,2,3,2,1,2
8903,1,0,2,3,2,1,2
8904,1,0,2,3,2,1,2
8905,1,0,2,3,2,1,2
8906,1,0,1,2,1,2,1
8907,1,0,2,3,2,1,2
8908,1,0,3,1,2,1,2
8909,1,0,1,2,1,1,1
8910,1,0,2,3,2,1,2
8911,1,0,2,3,2,1,2
8912,1,0,2,3,2,1,2
8913,1,0,2,3,2,1,2
8914,1,0,3,1,2,1,2
8915,1,0,2,3,2,1,2
8916,0,0,4,6,1,2,1
8917,0,0,4,2,2,2,1
8918,1,0,3,1,2,1,2
8919,1,0,2,3,2,1,2
8920,1,0,1,2,1,1,1
8921,1,0,3,1,2,1,2
8922,1,0,2,3,2,1,2
8923,0,0,4,3,2,1,1
8924,1,0,3,1,2,1,2
8925,1,0,0,0,2,2,1
8926,1,0,2,3,2,1,2
8927,1,0,3,1,2,1,2
8928,1,0,3,1,2,1,2
8929,1,0,3,1,2,1,2
8930,1,0,2,3,2,1,2
8931,1,0,1,2,1,1,1
8932,0,0,1,2,0,0,1
8933,0,0,1,2,2,2,1
8934,1,0,2,3,2,1,2
8935,0,0,1,2,1,1,1
8936,0,0,4,3,2,1,1
8937,1,0,2,3,2,1,2
8938,1,0,3,1,2,1,2
8939,0,0,1,2,1,1,1
8940,1,0,2,3,2,1,2
8941,1,0,2,3,2,1,2
8942,1,0,1,2,1,1,1
8943,1,0,2,3,2,1,2
8944,1,0,1,2,1,1,1
8945,1,0,2,3,2,1,2
8946,1,0,1,2,1,1,1
8947,1,0,2,3,2,1,2
8948,1,0,3,1,2,1,2
8949,1,0,3,1,2,1,2
8950,1,0,2,3,2,1,2
8951,1,0,3,1,2,1,2
8952,1,0,1,2,1,1,1
8953,1,0,1,2,1,1,1
8954,1,0,1,2,1,1,1
8955,1,0,2,3,1,0,1
8956,1,0,2,3,2,1,2
8957,1,0,2,3,2,1,2
8958,1,0,2,3,1,1,1
8959,1,0,3,1,2,1,2
8960,0,0,4,6,0,0,1
8961,1,0,2,3,2,1,2
8962,0,0,1,2,2,2,1
8963,1,0,1,2,1,1,1
8964,1,0,2,3,1,2,1
8965,1,0,2,3,2,1,2
8966,1,0,3,1,2,1,1
8967,1,0,3,1,2,1,2
8968,1,0,2,3,2,1,2
8969,1,0,1,2,1,1,1
8970,1,0,2,3,2,1,2
8971,0,0,1,2,1,1,1
8972,1,0,2,3,2,1,2
8973,1,0,1,2,1,1,1
8974,1,0,1,2,1,1,1
8975,1,0,3,1,2,1,2
8976,1,0,3,1,2,1,2
8977,1,0,3,1,2,1,2
8978,1,0,2,3,2,1,2
8979,1,0,2,3,2,1,2
8980,1,0,2,3,2,1,2
8981,1,0,2,3,2,1,2
8982,1,0,3,1,2,1,2
8983,1,0,1,2,1,2,1
8984,1,0,3,1,2,1,2
8985,1,0,1,2,2,2,1
8986,1,0,1,2,1,2,1
8987,1,0,1,2,1,1,1
8988,1,0,2,3,2,1,2
8989,1,0,3,1,2,1,2
8990,1,0,2,3,1,2,1
8991,0,0,4,3,2,1,1
8992,1,0,3,1,1,1,1
8993,1,0,2,3,1,2,1
8994,1,0,2,3,2,1,2
8995,1,0,3,1,2,1,2
8996,0,0,1,2,1,1,1
8997,0,0,4,6,0,0,1
8998,1,0,1,2,1,1,1
8999,1,0,1,2,1,2,1
9000,1,0,2,3,2,1,2
9001,1,0,1,2,1,2,1
9002,1,0,2,3,2,1,2
9003,1,0,3,1,2,1,2
9004,1,0,2,3,2,1,2
9005,1,0,2,3,2,1,2
9006,1,0,1,2,1,1,1
9007,1,0,3,1,2,1,2
9008,0,0,1,2,1,2,1
9009,1,0,3,1,2,1,2
9010,1,0,1,2,1,1,1
9011,1,0,3,1,2,1,2
9012,1,0,1,2,1,1,1
9013,1,0,2,3,2,1,2
9014,1,0,2,3,2,1,2
9015,0,0,2,3,1,1,1
9016,1,0,2,3,2,1,2
9017,1,0,2,3,2,1,2
9018,1,0,1,2,1,2,1
9019,1,0,2,3,2,1,2
9020,1,0,3,1,2,1,2
9021,1,0,3,1,2,1,2
9022,1,0,1,2,1,1,1
9023,1,0,2,3,1,1,1
9024,1,0,2,3,2,1,2
9025,1,0,2,3,2,1,2
9026,1,0,1,2,1,1,1
9027,1,0,1,2,1,2,1
9028,1,0,1,2,1,1,1
9029,1,0,2,3,2,1,2
9030,0,0,4,6,1,2,2
9031,1,0,1,2,1,1,1
9032,1,0,2,3,2,1,2
9033,1,0,2,3,2,1,2
9034,1,0,1,2,1,1,1
9035,1,0,2,3,2,1,2
9036,0,0,1,2,1,1,1
9037,1,0,1,2,1,2,1
9038,1,0,2,3,2,1,2
9039,1,0,2,3,2,1,2
9040,1,0,3,1,2,1,2
9041,1,0,1,2,1,1,1
9042,1,0,2,3,2,1,2
9043,1,0,2,3,2,1,2
9044,1,0,1,2,1,1,1
9045,1,0,3,1,2,1,2
9046,1,0,2,3,2,1,2
9047,1,0,3,1,2,1,2
9048,1,0,2,3,2,1,2
9049,1,0,3,1,2,1,2
9050,1,0,1,2,1,1,1
9051,1,0,2,3,2,1,2
9052,1,0,2,3,2,1,2
9053,1,0,1,2,1,2,1
9054,1,0,3,1,2,1,2
9055,1,0,3,1,2,1,2
9056,1,0,3,1,2,1,2
9057,1,0,2,3,2,1,2
9058,1,0,3,1,2,1,2
9059,1,0,2,3,2,1,2
9060,1,0,3,1,2,1,2
9061,1,0,3,1,2,1,2
9062,1,0,1,2,1,1,1
9063,1,0,2,3,2,1,2
9064,0,0,4,5,2,2,1
9065,1,0,3,1,2,1,2
9066,1,0,2,3,2,1,2
9067,1,0,2,3,2,1,1
9068,1,0,1,2,1,1,1
9069,1,0,2,3,2,1,2
9070,1,0,3,1,2,1,2
9071,1,0,3,1,2,1,2
9072,1,0,1,2,1,2,1
9073,1,0,2,3,2,1,2
9074,1,0,2,3,1,2,1
9075,0,0,4,3,2,1,1
9076,1,0,2,3,2,1,2
9077,1,0,2,3,2,1,2
9078,0,0,4,5,2,1,1
9079,1,0,3,1,1,1,1
9080,1,0,2,3,2,1,2
9081,0,0,1,2,1,1,1
9082,1,0,3,1,2,1,2
9083,1,0,1,2,1,1,1
9084,1,0,1,2,1,1,1
9085,1,0,1,2,1,1,1
9086,1,0,1,2,2,2,1
9087,1,0,3,1,2,1,2
9088,1,0,3,1,2,1,2
9089,1,0,2,3,2,1,2
9090,1,0,3,1,2,1,2
9091,1,0,2,3,2,1,2
9092,1,0,3,1,2,1,2
9093,0,0,1,2,1,1,1
9094,1,0,2,3,2,1,2
9095,1,0,2,3,2,1,2
9096,1,0,1,2,1,1,1
9097,1,0,2,3,2,1,2
9098,1,0,1,2,1,1,1
9099,1,0,3,1,2,1,2
9100,1,0,2,3,2,1,2
9101,1,0,3,1,2,1,2
9102,1,0,2,3,1,2,1
9103,1,0,2,3,2,1,2
9104,1,0,2,3,2,1,2
9105,1,0,1,2,1,1,1
9106,1,0,0,0,1,2,0
9107,1,0,2,3,2,1,2
9108,1,0,2,3,2,1,2
9109,1,0,2,3,2,1,2
9110,1,0,2,3,2,1,2
9111,1,0,2,3,2,1,2
9112,1,0,3,1,2,1,2
9113,1,0,2,3,2,1,2
9114,1,0,3,1,2,1,2
9115,1,0,2,3,2,1,2
9116,0,0,1,2,1,1,1
9117,1,0,2,3,2,1,2
9118,1,0,2,3,2,1,2
9119,1,0,3,1,2,1,2
9120,1,0,0,0,1,2,0
9121,1,0,2,3,2,1,2
9122,1,0,2,3,2,1,2
9123,1,0,2,3,2,1,2
9124,1,0,3,1,2,1,2
9125,1,0,2,3,2,1,2
9126,1,0,1,2,1,2,1
9127,1,0,1,2,1,1,1
9128,1,0,2,3,2,1,2
9129,1,0,2,3,2,1,2
9130,1,0,2,3,2,1,2
9131,1,0,2,3,2,1,2
9132,1,0,2,3,2,1,2
9133,1,0,3,1,2,1,2
9134,1,0,1,2,0,0,1
9135,1,0,2,3,2,1,2
9136,1,0,2,3,2,1,2
9137,1,0,3,1,1,1,1
9138,1,0,2,3,2,1,2
9139,1,0,1,2,1,2,1
9140,1,0,3,1,2,1,2
9141,0,0,1,2,1,2,1
9142,1,0,2,3,2,1,2
9143,1,0,3,1,2,1,2
9144,1,0,2,3,2,1,2
9145,1,0,3,1,1,1,1
9146,1,0,3,1,2,1,2
9147,0,0,1,2,1,1,1
9148,1,0,2,3,2,1,2
9149,1,0,3,1,2,1,2
9150,1,0,3,1,2,1,2
9151,0,0,3,1,1,1,0
9152,1,0,3,1,2,1,2
9153,1,0,2,3,2,1,2
9154,1,0,2,3,2,1,2
9155,1,0,1,2,1,1,1
9156,1,0,1,2,1,2,1
9157,1,0,3,1,2,1,2
9158,1,0,2,3,2,1,2
9159,1,0,2,3,2,1,2
9160,0,0,1,2,1,1,1
9161,1,0,3,1,2,1,2
9162,1,0,3,1,2,1,2
9163,1,0,3,1,2,1,2
9164,1,0,3,1,2,1,2
9165,1,0,1,2,1,1,1
9166,1,0,2,3,2,1,2
9167,1,0,2,3,2,1,2
9168,1,0,3,1,2,1,2
9169,1,0,2,3,2,1,2
9170,1,0,2,3,2,1,2
9171,1,0,1,2,1,1,1
9172,1,0,1,2,1,1,1
9173,1,0,3,1,2,1,2
9174,1,0,2,3,2,1,2
9175,1,0,3,1,2,1,2
9176,1,0,2,3,2,1,2
9177,1,0,2,3,2,1,2
9178,1,0,1,2,1,1,1
9179,1,0,2,3,2,1,2
9180,1,0,2,3,2,1,2
9181,1,0,3,1,2,1,2
9182,1,0,3,1,2,1,2
9183,0,1,4,6,0,0,1
9184,1,0,1,2,1,1,1
9185,1,0,2,3,2,1,2
9186,1,0,1,2,1,1,1
9187,0,0,1,2,2,2,1
9188,1,0,2,3,2,1,2
9189,1,0,2,3,2,1,2
9190,0,0,4,6,1,2,1
9191,1,0,3,1,2,1,2
9192,1,0,3,1,2,1,2
9193,1,0,2,3,2,1,2
9194,1,0,2,3,2,1,2
9195,1,0,1,2,1,1,1
9196,1,0,2,3,2,1,2
9197,1,0,2,3,2,1,2
9198,1,0,1,2,1,1,1
9199,0,0,1,2,1,2,1
9200,1,0,2,3,1,1,1
9201,1,0,2,3,2,1,2
9202,1,0,1,2,1,1,1
9203,1,0,2,3,2,1,2
9204,1,0,3,1,2,1,2
9205,1,0,3,1,2,1,2
9206,1,0,2,3,2,1,2
9207,1,0,2,3,2,1,2
9208,1,0,3,1,2,1,2
9209,1,0,2,3,1,2,1
9210,1,0,1,2,1,2,1
9211,1,0,1,2,1,1,1
9212,1,0,2,3,2,1,2
9213,1,0,2,3,2,1,2
9214,1,0,2,3,1,2,1
9215,1,0,1,2,1,1,1
9216,1,0,2,3,2,1,2
9217,1,0,1,2,1,1,1
9218,1,0,2,3,2,1,2
9219,1,0,2,3,2,1,2
9220,1,0,3,1,2,1,2
9221,1,0,2,3,2,1,2
9222,1,0,3,1,2,1,2
9223,1,0,3,1,2,1,2
9224,1,0,3,1,2,1,2
9225,1,0,2,3,1,2,1
9226,1,0,1,2,1,2,1
9227,1,0,2,3,2,1,2
9228,1,0,3,1,2,1,2
9229,1,0,2,3,2,1,2
9230,1,0,2,3,2,1,2
9231,1,0,3,1,2,1,2
9232,1,0,2,3,2,1,2
9233,1,0,2,3,2,1,2
9234,1,0,3,1,2,1,2
9235,1,0,2,3,1,2,1
9236,1,0,3,1,2,1,2
9237,1,0,2,3,2,1,2
9238,1,0,3,1,2,1,2
9239,0,0,2,3,1,2,1
9240,1,0,1,2,1,2,1
9241,1,0,3,1,2,1,1
9242,1,0,2,3,2,1,2
9243,1,0,1,2,1,1,1
9244,1,0,2,3,2,1,2
9245,0,0,2,3,2,0,2
9246,1,0,1,2,1,1,1
9247,1,0,2,3,2,1,2
9248,1,0,2,3,2,1,2
9249,1,0,3,1,2,1,2
9250,1,0,1,2,1,2,1
9251,1,0,2,3,2,1,2
9252,0,0,1,2,1,1,1
9253,1,0,3,1,2,1,2
9254,1,0,3,1,2,1,2
9255,1,0,2,3,2,1,2
9256,1,0,2,3,2,1,2
9257,1,0,3,1,2,1,2
9258,1,0,3,1,2,1,2
9259,1,0,2,3,2,1,2
9260,0,0,4,5,2,1,1
9261,1,0,2,3,2,1,2
9262,1,0,2,3,2,1,2
9263,1,0,3,1,2,1,2
9264,1,0,2,3,2,1,2
9265,1,0,3,1,2,1,2
9266,1,0,1,2,1,2,1
9267,1,0,2,3,2,1,2
9268,1,0,3,1,2,1,2
9269,0,0,4,6,1,2,1
9270,1,0,2,3,1,1,1
9271,1,0,3,1,2,1,2
9272,1,0,2,3,2,1,2
9273,1,0,2,3,2,1,2
9274,1,0,1,2,1,1,1
9275,1,0,1,2,1,1,1
9276,1,0,2,3,2,1,2
9277,1,0,3,1,2,1,2
9278,1,0,3,1,2,1,2
9279,1,0,0,0,1,2,0
9280,1,0,3,1,2,1,2
9281,1,0,3,1,2,1,2
9282,1,0,2,3,2,1,1
9283,1,0,2,3,2,1,2
9284,0,0,2,3,1,2,1
9285,0,0,1,2,1,1,1
9286,1,0,1,2,1,1,1
9287,1,0,1,2,1,1,1
9288,1,0,3,1,2,1,2
9289,1,0,2,3,2,1,2
9290,1,0,3,1,2,1,2
9291,1,0,3,1,2,1,2
9292,0,0,1,2,1,1,1
9293,1,0,1,2,1,2,1
9294,0,0,1,2,1,1,1
9295,1,0,1,2,1,2,1
9296,1,0,2,3,2,1,2
9297,1,0,3,1,2,1,2
9298,1,0,2,3,2,1,2
9299,1,0,1,2,1,1,1
9300,1,0,2,3,2,1,2
9301,1,0,1,2,1,1,1
9302,1,0,1,2,1,1,1
9303,1,0,1,2,1,1,1
9304,1,0,2,3,2,1,2
9305,1,0,2,3,2,1,2
9306,1,0,2,3,2,1,2
9307,1,0,3,1,2,1,2
9308,1,0,3,1,2,1,2
9309,1,0,3,1,2,1,2
9310,1,0,1,2,1,1,1
9311,1,0,2,3,2,1,2
9312,1,0,3,1,2,1,2
9313,1,0,2,3,2,1,2
9314,1,0,3,1,2,1,2
9315,1,0,2,3,2,1,2
9316,0,0,4,5,2,1,1
9317,1,0,3,1,2,1,2
9318,1,0,2,3,2,1,2
9319,1,0,2,3,1,1,2
9320,0,0,2,3,1,2,1
9321,1,0,1,2,1,1,1
9322,1,0,1,2,1,1,1
9323,1,0,1,2,1,1,1
9324,1,0,2,3,2,1,2
9325,1,0,2,3,2,1,2
9326,1,0,3,1,2,1,2
9327,1,0,3,1,2,1,2
9328,1,0,2,3,2,1,2
9329,1,0,2,3,2,1,2
9330,1,0,2,3,2,1,2
9331,1,0,3,1,2,1,2
9332,1,0,1,2,1,1,1
9333,1,0,2,3,2,1,2
9334,0,0,1,2,2,2,1
9335,1,0,2,3,2,1,2
9336,1,0,2,3,2,1,2
9337,1,0,2,3,2,1,2
9338,1,0,2,3,2,1,2
9339,1,0,1,2,1,2,1
9340,1,0,1,2,1,2,1
9341,1,0,1,2,1,2,1
9342,1,0,2,3,2,1,2
9343,1,0,3,1,1,2,1
9344,1,0,1,2,1,1,1
9345,1,0,2,3,2,1,2
9346,1,0,2,3,2,1,2
9347,1,0,1,2,1,2,1
9348,1,0,2,3,2,1,2
9349,1,0,3,1,2,1,2
9350,1,0,2,3,2,1,2
9351,1,0,1,2,1,1,1
9352,1,0,2,3,2,1,2
9353,1,0,2,3,2,1,2
9354,1,0,1,2,1,1,1
9355,1,0,3,1,2,1,2
9356,1,0,1,2,1,2,1
9357,1,0,3,1,2,1,2
9358,1,0,2,3,2,1,2
9359,1,0,2,3,2,1,2
9360,1,0,2,3,2,1,2
9361,1,0,2,3,2,1,2
9362,0,0,1,2,0,0,1
9363,1,0,2,3,2,1,2
9364,1,0,2,3,2,1,2
9365,1,0,4,5,2,2,2
9366,1,0,2,3,2,1,2
9367,1,0,2,3,2,1,1
9368,0,0,1,2,1,1,1
9369,1,0,2,3,2,1,2
9370,1,0,1,2,1,1,1
9371,0,0,1,2,2,2,1
9372,1,0,2,3,2,1,2
9373,1,0,1,2,1,1,1
9374,1,0,2,3,2,1,2
9375,1,0,1,2,1,1,1
9376,1,0,1,2,1,1,1
9377,1,0,3,1,2,1,2
9378,1,0,1,2,2,2,1
9379,1,0,2,3,2,1,2
9380,0,0,1,2,1,1,1
9381,1,0,2,3,2,1,2
9382,1,0,1,2,1,1,1
9383,1,0,1,2,1,1,1
9384,1,0,2,3,2,1,2
9385,0,0,3,1,1,1,0
9386,1,0,3,1,2,1,2
9387,1,0,1,2,1,1,1
9388,1,0,2,3,2,1,2
9389,1,0,2,3,2,1,2
9390,1,0,3,1,2,1,2
9391,1,0,2,3,1,1,1
9392,1,0,2,3,2,1,2
9393,1,0,1,2,1,1,1
9394,1,0,3,1,2,1,2
9395,1,0,2,3,2,1,2
9396,1,0,2,3,2,1,2
9397,1,0,2,3,2,1,2
9398,1,0,3,1,2,1,2
9399,1,0,3,1,2,1,2
9400,1,0,1,2,1,1,1
9401,0,0,2,3,1,2,1
9402,1,0,2,3,2,1,2
9403,1,0,1,2,1,1,1
9404,1,0,1,2,1,1,1
9405,1,0,1,2,1,2,1
9406,1,0,2,3,2,1,2
9407,1,0,1,2,1,1,1
9408,1,0,2,3,2,1,2
9409,1,0,2,3,2,1,2
9410,1,0,3,1,2,1,2
9411,1,0,2,3,2,1,2
9412,1,0,3,1,2,1,2
9413,1,0,3,1,2,1,2
9414,1,0,3,1,2,1,2
9415,1,0,3,1,2,1,2
9416,1,0,3,1,2,1,2
9417,1,0,2,3,2,1,2
9418,1,0,2,3,2,1,2
9419,1,0,2,3,2,1,2
9420,1,0,3,1,2,1,2
9421,1,0,3,1,2,1,2
9422,1,0,2,3,2,1,2
9423,1,0,3,1,2,1,2
9424,1,0,2,3,2,1,2
9425,1,0,1,2,1,1,1
9426,1,0,2,3,2,1,2
9427,1,0,1,2,1,1,1
9428,1,0,2,3,2,1,2
9429,1,0,2,3,2,1,2
9430,1,0,2,3,2,1,2
9431,1,0,3,1,2,1,2
9432,1,0,2,3,2,1,2
9433,1,0,3,1,2,1,2
9434,1,0,1,2,1,1,1
9435,1,0,2,3,1,2,0
9436,0,0,1,2,1,1,1
9437,1,0,3,1,2,1,2
9438,1,0,3,1,2,1,2
9439,1,0,1,2,1,1,1
9440,1,0,2,3,2,1,2
9441,1,0,2,3,1,1,1
9442,1,0,2,3,2,1,2
9443,0,0,1,2,1,1,1
9444,1,0,2,3,2,1,2
9445,1,0,2,3,2,1,2
9446,1,0,2,3,2,1,2
9447,1,0,3,1,2,1,2
9448,1,0,2,3,2,1,2
9449,1,0,1,2,1,1,1
9450,1,0,3,1,2,1,2
9451,1,0,4,5,2,2,2
9452,1,0,1,2,1,1,1
9453,1,0,0,0,2,2,1
9454,1,0,2,3,2,2,1
9455,1,0,3,1,2,1,2
9456,1,0,1,2,1,1,1
9457,1,0,1,2,1,2,1
9458,1,0,2,3,2,1,2
9459,1,0,2,3,2,1,2
9460,1,0,1,2,1,1,1
9461,1,0,2,3,2,1,2
9462,0,0,4,2,2,2,1
9463,0,0,4,5,2,2,1
9464,1,0,2,3,1,2,1
9465,1,0,1,2,1,1,1
9466,1,0,4,5,2,2,2
9467,1,0,2,3,2,1,2
9468,0,0,2,3,1,2,1
9469,1,0,1,2,1,1,1
9470,1,0,2,3,2,1,2
9471,1,0,3,1,2,1,2
9472,0,0,2,3,1,2,1
9473,1,0,1,2,1,1,1
9474,1,0,3,1,2,1,2
9475,1,0,2,3,2,1,2
9476,1,0,2,3,2,1,2
9477,0,0,4,6,0,0,1
9478,1,0,1,2,1,1,1
9479,1,0,2,3,2,1,2
9480,1,0,3,1,2,1,2
9481,0,0,1,2,1,1,1
9482,1,0,2,3,2,1,2
9483,0,0,4,5,2,2,1
9484,0,0,4,3,2,1,1
9485,1,0,3,1,2,1,2
9486,0,0,1,2,1,1,1
9487,1,0,2,3,2,1,2
9488,1,0,3,1,2,1,2
9489,1,0,2,3,2,1,2
9490,1,0,3,1,2,1,2
9491,1,0,2,3,2,1,2
9492,1,0,0,0,2,2,1
9493,1,0,1,2,1,2,1
9494,1,0,2,3,2,1,2
9495,0,0,1,2,1,1,1
9496,1,0,3,1,2,1,2
9497,1,0,2,3,1,2,1
9498,1,0,3,1,2,1,2
9499,1,0,3,1,2,1,2
9500,1,0,3,1,2,1,2
9501,1,0,2,3,2,1,2
9502,1,0,2,3,2,1,2
9503,1,0,2,3,2,1,2
9504,1,0,2,3,2,1,2
9505,1,0,2,3,2,1,2
9506,1,0,3,1,2,1,2
9507,1,0,3,1,2,1,2
9508,1,0,3,1,2,1,2
9509,1,0,3,1,2,1,2
9510,1,0,3,1,2,1,2
9511,1,0,3,1,2,1,2
9512,1,0,2,3,2,1,1
9513,1,0,1,2,1,1,1
9514,1,0,3,1,2,1,2
9515,1,0,2,3,2,1,2
9516,1,0,2,3,2,1,2
9517,1,0,2,3,2,1,2
9518,0,0,1,2,1,1,1
9519,1,0,2,3,2,1,1
9520,0,0,2,3,1,2,1
9521,1,0,3,1,2,1,2
9522,1,0,2,3,2,1,2
9523,1,0,0,0,2,2,1
9524,1,0,2,3,2,1,2
9525,1,0,3,1,2,1,2
9526,1,0,0,0,2,2,1
9527,1,0,2,3,2,1,2
9528,0,0,4,6,1,2,1
9529,1,0,1,2,1,1,1
9530,1,0,2,3,2,1,2
9531,1,0,2,3,2,1,2
9532,1,0,3,1,2,1,2
9533,1,0,2,3,2,1,2
9534,1,0,2,3,2,1,2
9535,1,0,3,1,2,1,2
9536,1,0,2,3,2,1,2
9537,1,0,2,3,2,1,2
9538,1,0,3,1,2,1,2
9539,1,0,3,1,2,1,2
9540,1,0,2,3,1,1,1
9541,1,0,3,1,2,1,2
9542,1,0,2,3,2,1,2
9543,1,0,1,2,1,1,1
9544,1,0,2,3,2,1,2
9545,1,0,2,3,2,1,2
9546,1,0,2,3,2,1,2
9547,1,0,3,1,2,1,2
9548,1,0,2,3,2,1,2
9549,0,0,1,2,1,1,1
9550,1,0,0,0,1,2,0
9551,1,0,3,1,2,1,2
9552,1,0,1,2,1,1,1
9553,1,0,2,3,2,1,2
9554,1,0,1,2,0,0,1
9555,1,0,2,3,2,1,2
9556,1,0,1,2,1,1,1
9557,0,0,4,6,1,2,1
9558,1,0,1,2,1,1,1
9559,1,0,3,1,2,1,2
9560,1,0,3,1,2,1,2
9561,1,0,0,0,1,2,0
9562,1,0,2,3,2,1,2
9563,1,0,1,2,1,1,1
9564,1,0,2,3,2,1,2
9565,1,0,1,2,1,2,1
9566,1,0,2,3,2,1,2
9567,1,0,3,1,2,1,2
9568,1,0,2,3,2,1,2
9569,1,0,3,1,2,1,2
9570,1,0,1,2,0,0,1
9571,1,0,3,1,2,1,2
9572,1,0,2,3,2,1,2
9573,1,0,3,1,2,1,2
9574,1,0,1,2,1,1,1
9575,1,0,2,3,2,1,2
9576,1,0,2,3,2,1,2
9577,1,0,2,3,1,2,1
9578,1,0,3,1,2,1,2
9579,1,0,2,3,2,1,2
9580,1,0,3,1,2,1,2
9581,1,0,3,1,1,1,1
9582,0,0,4,6,0,0,1
9583,1,0,2,3,1,2,1
9584,1,0,1,2,1,1,1
9585,1,0,1,2,1,1,1
9586,1,0,2,3,2,1,1
9587,1,0,2,3,2,1,2
9588,1,0,2,3,2,1,2
9589,1,0,2,3,2,1,2
9590,1,0,1,2,1,2,1
9591,1,0,2,3,2,1,2
9592,1,0,1,2,1,1,1
9593,1,0,2,3,2,1,2
9594,1,0,3,1,2,1,2
9595,1,0,3,1,2,1,2
9596,1,0,2,3,2,1,2
9597,1,0,3,1,2,1,2
9598,1,0,2,3,2,1,2
9599,1,0,4,5,2,2,2
9600,1,0,2,3,2,1,2
9601,1,0,2,3,2,1,2
9602,1,0,3,1,2,1,2
9603,1,0,1,2,1,1,1
9604,1,0,1,2,1,1,1
9605,0,0,4,6,1,2,1
9606,0,0,1,2,1,1,1
9607,1,0,2,3,2,1,2
9608,1,0,3,1,2,1,2
9609,1,0,2,3,2,1,2
9610,1,0,1,2,1,1,1
9611,1,0,1,2,2,2,1
9612,1,0,2,3,2,1,2
9613,1,0,2,3,2,1,2
9614,1,0,3,1,2,1,2
9615,1,0,1,2,1,2,1
9616,1,0,3,1,2,1,2
9617,1,0,2,3,2,1,2
9618,1,0,2,3,2,1,2
9619,1,0,1,2,1,1,1
9620,0,0,2,3,1,2,1
9621,1,0,2,3,2,1,2
9622,1,0,2,3,2,1,2
9623,1,0,1,2,1,1,1
9624,0,0,4,6,1,2,1
9625,1,0,1,2,1,1,1
9626,1,0,3,1,2,1,2
9627,1,0,1,2,1,2,1
9628,1,0,1,2,1,2,1
9629,1,0,2,3,2,2,1
9630,1,0,2,3,2,1,2
9631,1,0,3,1,2,1,2
9632,1,0,2,3,2,1,2
9633,1,0,1,2,1,2,1
9634,1,0,3,1,2,1,2
9635,1,0,2,3,2,1,2
9636,1,0,2,3,2,1,2
9637,0,0,1,2,1,1,1
9638,1,0,3,1,2,1,2
9639,1,0,2,3,2,1,2
9640,1,0,2,3,2,1,2
9641,1,0,2,3,2,1,2
9642,0,0,4,6,0,0,1
9643,1,0,3,1,2,1,2
9644,1,0,2,3,2,1,2
9645,1,0,2,3,2,1,2
9646,0,0,4,2,2,2,1
9647,1,0,2,3,2,1,2
9648,1,0,2,3,2,1,2
9649,0,0,4,6,0,0,1
9650,1,0,2,3,2,1,2
9651,1,0,0,0,0,1,1
9652,1,0,1,2,0,0,1
9653,1,0,2,3,2,1,2
9654,0,0,4,6,0,0,1
9655,1,0,2,3,2,1,2
9656,1,0,2,3,2,1,2
9657,1,0,2,3,1,2,1
9658,1,0,1,2,1,1,1
9659,1,0,2,3,2,1,2
9660,1,0,3,1,2,1,2
9661,1,0,1,2,1,1,1
9662,1,0,2,3,2,1,2
9663,1,0,2,3,2,1,2
9664,1,0,1,2,1,1,1
9665,1,0,2,3,1,2,1
9666,1,0,1,2,1,2,1
9667,1,0,1,2,1,1,1
9668,1,0,2,3,2,1,2
9669,0,0,2,3,1,2,1
9670,1,0,1,2,1,2,1
9671,1,0,3,1,2,1,2
9672,1,0,3,1,2,1,2
9673,1,0,2,3,2,1,2
9674,1,0,2,3,2,1,2
9675,0,0,4,6,0,0,1
9676,1,0,2,3,2,1,2
9677,1,0,1,2,1,1,1
9678,1,0,2,3,2,1,2
9679,1,0,2,3,2,1,2
9680,1,0,1,2,1,1,1
9681,1,0,3,1,1,1,1
9682,1,0,3,1,2,1,2
9683,1,0,2,3,2,1,2
9684,1,0,3,1,2,1,2
9685,1,0,1,2,1,1,1
9686,0,0,4,5,2,2,1
9687,1,0,2,3,2,1,2
9688,1,0,1,2,1,1,1
9689,1,0,1,2,1,1,1
9690,1,0,2,3,2,1,2
9691,1,0,2,3,2,1,2
9692,1,0,3,1,2,1,2
9693,1,0,1,2,1,1,1
9694,1,0,2,3,2,1,2
9695,1,0,2,3,2,1,2
9696,1,0,2,3,2,1,2
9697,1,0,3,1,2,1,2
9698,1,0,2,3,2,1,2
9699,1,0,2,3,2,1,2
9700,1,0,2,3,2,1,2
9701,1,0,3,1,2,1,2
9702,1,0,2,3,2,1,2
9703,1,0,1,2,1,2,1
9704,1,0,2,3,2,1,2
9705,1,0,2,3,2,1,2
9706,0,0,1,2,0,0,1
9707,1,0,2,3,1,2,1
9708,1,0,2,3,1,1,1
9709,1,0,3,1,2,1,2
9710,1,0,2,3,2,1,2
9711,1,0,2,3,2,1,2
9712,1,0,2,3,2,1,2
9713,1,0,3,1,2,1,2
9714,1,0,1,2,1,2,1
9715,1,0,2,3,2,1,2
9716,1,0,2,3,2,1,2
9717,1,0,2,3,2,1,2
9718,1,0,2,3,2,1,2
9719,1,0,1,2,1,1,1
9720,0,0,4,5,2,2,1
9721,1,0,2,3,2,1,2
9722,1,0,3,1,2,1,2
9723,1,0,2,3,2,1,2
9724,1,0,2,3,2,1,2
9725,1,0,2,3,2,1,2
9726,0,0,1,2,1,1,1
9727,1,0,3,1,2,1,2
9728,1,0,2,3,2,1,2
9729,1,0,2,3,2,1,2
9730,1,0,2,3,2,1,2
9731,1,0,2,3,2,1,2
9732,1,0,2,3,2,1,2
9733,1,0,2,3,1,2,1
9734,1,0,2,3,2,1,2
9735,1,0,2,3,2,1,1
9736,1,0,2,3,2,1,2
9737,1,0,1,2,1,1,1
9738,1,0,2,3,2,1,2
9739,1,0,2,3,2,1,2
9740,1,0,3,1,2,1,2
9741,1,0,1,2,1,1,1
9742,1,0,3,1,2,1,2
9743,1,0,1,2,1,1,1
9744,1,0,2,3,2,1,2
9745,1,0,2,3,2,1,2
9746,0,0,2,3,1,2,1
9747,1,0,3,1,2,1,2
9748,1,0,2,3,2,1,2
9749,1,0,2,3,2,1,2
9750,1,0,1,2,1,1,1
9751,1,0,1,2,1,1,1
9752,0,0,4,2,2,2,1
9753,1,0,1,2,1,1,1
9754,1,0,3,1,2,1,2
9755,1,0,2,3,2,1,1
9756,0,0,1,2,1,1,1
9757,1,0,1,2,1,1,1
9758,1,0,3,1,1,1,1
9759,1,0,2,3,2,1,2
9760,1,0,1,2,1,1,1
9761,1,0,1,2,1,1,1
9762,1,0,1,2,1,2,1
9763,1,0,1,2,1,1,1
9764,1,0,2,3,2,1,2
9765,1,0,3,1,2,1,2
9766,1,0,3,1,2,1,2
9767,1,0,3,1,2,1,2
9768,1,0,2,3,2,1,2
9769,1,0,2,3,2,1,2
9770,1,0,2,3,2,1,2
9771,1,0,2,3,2,1,2
9772,1,0,1,2,1,1,1
9773,1,0,2,3,1,2,1
9774,1,0,2,3,1,2,1
9775,1,0,2,3,2,1,2
9776,1,0,3,1,2,1,2
9777,1,0,1,2,1,2,1
9778,1,0,3,1,2,1,2
9779,1,0,3,1,2,1,2
9780,1,0,3,1,1,1,1
9781,1,0,1,2,1,2,1
9782,1,0,1,2,1,1,1
9783,1,0,2,3,1,1,1
9784,1,0,1,2,1,1,1
9785,1,0,3,1,2,1,2
9786,1,0,2,3,2,1,2
9787,1,0,2,3,2,1,2
9788,1,0,2,3,2,1,2
9789,1,0,2,3,2,1,2
9790,0,0,1,2,1,1,1
9791,1,0,3,1,2,1,2
9792,1,0,2,3,2,1,2
9793,1,0,2,3,2,1,2
9794,1,0,2,3,2,1,2
9795,1,0,2,3,2,1,2
9796,1,0,2,3,1,2,1
9797,1,0,2,3,2,1,2
9798,1,0,3,1,2,1,2
9799,1,0,1,2,1,1,1
9800,1,0,1,2,1,1,1
9801,1,0,2,3,2,1,2
9802,1,0,2,3,2,1,2
9803,1,0,2,3,2,1,2
9804,1,0,2,3,1,2,1
9805,1,0,3,1,2,1,2
9806,1,0,2,3,2,1,2
9807,1,0,3,1,2,1,2
9808,1,0,3,1,2,1,2
9809,1,0,2,3,2,1,2
9810,1,0,2,3,2,1,2
9811,1,0,3,1,2,1,2
9812,1,0,3,1,2,1,2
9813,1,0,1,2,1,1,1
9814,1,0,3,1,2,1,2
9815,1,0,1,2,1,2,1
9816,1,0,3,1,2,1,2
9817,1,0,1,2,1,2,1
9818,1,0,1,2,1,1,1
9819,1,0,3,1,2,1,2
9820,1,0,2,3,2,1,2
9821,1,0,3,1,2,1,2
9822,1,0,1,2,1,2,1
9823,1,0,3,1,2,1,2
9824,1,0,2,3,2,1,2
9825,1,0,1,2,1,2,1
9826,1,0,1,2,1,1,1
9827,1,0,3,1,2,1,2
9828,1,0,1,2,1,2,1
9829,1,0,3,1,2,1,2
9830,1,0,1,2,1,2,1
9831,1,0,2,3,1,1,1
9832,1,0,2,3,2,1,2
9833,1,0,2,3,2,1,2
9834,1,0,1,2,1,1,1
9835,1,0,2,3,2,1,2
9836,1,0,2,3,2,1,2
9837,1,0,2,3,2,1,2
9838,1,0,2,3,2,1,2
9839,1,0,2,3,2,1,2
9840,1,0,3,1,2,1,2
9841,1,0,2,3,2,1,2
9842,0,0,1,2,2,2,1
9843,1,0,2,3,2,1,2
9844,1,0,2,3,2,1,2
9845,1,0,2,3,2,1,2
9846,1,0,2,3,2,1,2
9847,1,0,3,1,2,1,2
9848,1,0,1,2,1,1,1
9849,1,0,2,3,2,1,2
9850,0,0,1,2,1,1,1
9851,1,0,3,1,2,1,2
9852,1,0,3,1,2,1,2
9853,1,0,3,1,2,1,2
9854,1,0,2,3,2,1,2
9855,1,0,2,3,2,1,2
9856,1,0,2,3,2,1,2
9857,1,0,3,1,2,1,2
9858,1,0,2,3,2,1,2
9859,1,0,3,1,2,1,2
9860,1,0,3,1,2,1,2
9861,1,0,2,3,2,1,2
9862,1,0,3,1,2,1,2
9863,1,0,2,3,2,1,2
9864,1,0,3,1,2,1,2
9865,1,0,3,1,2,1,2
9866,1,0,2,3,2,1,2
9867,1,0,2,3,2,1,2
9868,1,0,2,3,2,1,2
9869,1,0,2,3,2,1,2
9870,1,0,2,3,2,1,2
9871,1,0,1,2,1,1,1
9872,1,0,1,2,1,1,1
9873,1,0,2,3,2,1,2
9874,1,0,2,3,2,1,2
9875,1,0,3,1,1,1,1
9876,0,0,4,3,2,1,1
9877,1,0,1,2,1,1,1
9878,1,0,3,1,2,1,2
9879,1,0,2,3,2,1,2
9880,1,0,1,2,1,2,1
9881,1,0,3,1,2,1,2
9882,0,0,0,4,1,2,0
9883,1,0,2,3,2,1,2
9884,0,0,4,6,1,1,1
9885,1,0,3,1,2,1,2
9886,1,0,1,2,1,1,1
9887,1,0,2,3,2,1,2
9888,1,0,1,2,1,2,1
9889,1,0,2,3,2,1,2
9890,1,0,1,2,1,1,1
9891,1,0,0,0,2,2,1
9892,0,0,4,6,1,2,1
9893,1,0,1,2,2,2,1
9894,1,0,2,3,2,1,2
9895,1,0,1,2,1,1,1
9896,1,0,2,3,2,1,2
9897,1,0,3,1,2,1,2
9898,1,0,1,2,1,1,1
9899,1,0,1,2,1,2,1
9900,1,0,2,3,2,1,2
9901,1,0,1,2,1,1,1
9902,1,0,2,3,2,1,2
9903,1,0,2,3,2,1,2
9904,1,0,2,3,2,1,2
9905,1,0,1,2,1,1,1
9906,1,0,2,3,2,1,2
9907,1,0,2,3,2,1,2
9908,0,0,2,3,1,2,1
9909,1,0,3,1,2,1,2
9910,1,0,1,2,1,1,1
9911,1,0,2,3,2,1,2
9912,1,0,0,0,2,2,1
9913,1,0,1,2,1,1,1
9914,1,0,3,1,2,1,2
9915,1,0,3,1,2,1,2
9916,1,0,1,2,1,1,1
9917,1,0,2,3,2,1,2
9918,1,0,2,3,2,1,2
9919,1,0,1,2,1,2,1
9920,1,0,2,3,2,1,2
9921,0,0,1,2,1,2,1
9922,1,0,2,3,2,1,2
9923,1,0,2,3,2,1,2
9924,1,0,3,1,2,1,2
9925,1,0,3,1,2,1,2
9926,1,0,2,3,2,1,2
9927,1,0,1,2,1,1,1
9928,1,0,2,3,2,1,2
9929,1,0,1,2,1,1,1
9930,1,0,3,1,2,1,2
9931,1,0,2,3,2,1,2
9932,1,0,2,3,2,1,2
9933,1,0,1,2,1,2,1
9934,1,0,2,3,2,1,1
9935,1,0,1,2,1,2,1
9936,0,0,1,2,0,0,1
9937,1,0,2,3,2,1,2
9938,1,0,2,3,1,2,1
9939,1,0,2,3,2,1,2
9940,1,0,1,2,1,2,1
9941,1,0,2,3,2,1,2
9942,1,0,2,3,2,1,2
9943,0,0,4,2,1,1,1
9944,1,0,1,2,1,1,1
9945,1,0,3,1,2,1,2
9946,1,0,3,1,2,1,2
9947,1,0,1,2,1,1,1
9948,1,0,2,3,1,2,1
9949,1,0,1,2,1,1,1
9950,1,0,0,0,1,2,0
9951,1,0,3,1,2,1,2
9952,1,0,1,2,1,1,1
9953,1,0,3,1,2,1,2
9954,1,0,3,1,2,1,2
9955,1,0,2,3,2,1,2
9956,1,0,2,3,2,1,2
9957,1,0,2,3,2,1,2
9958,1,0,3,1,2,1,2
9959,1,0,2,3,2,1,2
9960,1,0,3,1,2,1,2
9961,1,0,2,3,2,1,2
9962,1,0,2,3,2,1,2
9963,1,0,3,1,2,1,2
9964,1,0,2,3,2,1,2
9965,1,0,2,3,2,1,2
9966,1,0,1,2,1,1,1
9967,1,0,3,1,1,1,1
9968,0,0,4,6,0,0,1
9969,1,0,2,3,2,1,2
9970,1,0,2,3,2,1,2
9971,1,0,1,2,1,1,1
9972,1,0,2,3,2,1,2
9973,1,0,2,3,2,1,2
9974,1,0,2,3,2,1,2
9975,1,0,2,3,2,1,2
9976,1,0,3,1,2,1,2
9977,1,0,3,1,2,1,2
9978,1,0,1,2,1,1,1
9979,0,0,4,2,1,1,1
9980,1,0,3,1,2,1,2
9981,1,0,1,2,1,2,1
9982,1,0,2,3,2,1,2
9983,1,0,3,1,2,1,2
9984,1,0,2,3,2,1,2
9985,0,0,1,2,1,1,1
9986,1,0,1,2,1,2,1
9987,1,0,2,3,2,1,2
9988,1,0,2,3,2,1,2
9989,1,0,1,2,1,1,1
9990,1,0,2,3,2,1,2
9991,1,0,2,3,2,1,2
9992,1,0,3,1,2,1,2
9993,1,0,3,1,2,1,2
9994,1,0,2,3,2,1,2
9995,1,0,3,1,2,1,2
9996,1,0,2,3,2,1,2
9997,1,0,3,1,2,1,2
9998,1,0,3,1,2,1,2
9999,1,0,1,2,1,1,1
10000,1,0,3,1,2,1,2
10001,1,0,3,1,2,1,2
10002,1,0,2,3,2,1,2
10003,1,0,2,3,2,1,2
10004,1,0,2,3,2,1,2
10005,1,0,2,3,2,1,2
10006,1,0,2,3,1,2,1
10007,0,0,4,6,1,2,1
10008,1,0,2,3,2,1,2
10009,1,0,1,2,1,1,1
10010,1,0,1,2,1,1,1
10011,1,0,3,1,2,1,2
10012,0,0,1,2,1,1,1
10013,1,0,2,3,2,1,1
10014,1,0,3,1,1,1,1
10015,1,0,1,2,1,2,1
10016,1,0,3,1,2,1,2
10017,1,0,1,2,1,1,1
10018,1,0,2,3,1,2,1
10019,1,0,1,2,1,2,1
10020,1,0,2,3,2,1,2
10021,1,0,2,3,2,1,2
10022,1,0,2,3,2,1,2
10023,1,0,2,3,2,1,2
10024,1,0,2,3,2,1,2
10025,1,0,3,1,2,1,2
10026,1,0,1,2,1,2,1
10027,1,0,2,3,2,1,2
10028,1,0,2,3,2,1,2
10029,1,0,3,1,2,1,2
10030,1,0,2,3,2,1,2
10031,1,0,3,1,1,1,1
10032,1,0,1,2,1,1,1
10033,1,0,1,2,1,1,1
10034,1,0,1,2,1,1,1
10035,1,0,2,3,2,1,2
10036,1,0,3,1,2,1,2
10037,1,0,2,3,2,1,2
10038,1,0,3,1,2,1,2
10039,1,0,2,3,2,1,2
10040,1,0,2,3,2,1,2
10041,1,0,0,0,1,2,0
10042,1,0,3,1,2,1,2
10043,1,0,2,3,2,1,2
10044,1,0,2,3,2,1,2
10045,1,0,2,3,2,1,2
10046,1,0,2,3,2,1,2
10047,1,0,2,3,2,1,2
10048,1,0,0,0,1,2,0
10049,1,0,2,3,1,1,1
10050,1,0,2,3,2,1,2
10051,1,0,2,3,2,1,2
10052,1,0,2,3,2,1,2
10053,1,0,2,3,2,1,2
10054,1,0,2,3,2,1,2
10055,1,0,2,3,2,1,2
10056,1,0,2,3,2,1,2
10057,1,0,2,3,1,2,1
10058,1,0,1,2,1,2,1
10059,1,0,1,2,1,1,1
10060,1,0,2,3,2,1,2
10061,1,0,3,1,2,1,2
10062,1,0,2,3,2,1,2
10063,1,0,3,1,2,1,2
10064,1,0,2,3,2,1,2
10065,1,0,3,1,2,1,2
10066,0,0,1,2,1,1,1
10067,1,0,2,3,1,2,1
10068,1,0,1,2,1,2,1
10069,1,0,2,3,2,1,2
10070,1,0,3,1,2,1,2
10071,1,0,2,3,1,2,0
10072,1,0,3,1,2,1,2
10073,1,0,1,2,1,1,1
10074,1,0,2,3,2,1,2
10075,1,0,3,1,2,1,2
10076,1,0,3,1,2,1,2
10077,0,0,1,2,1,1,1
10078,1,0,2,3,2,1,2
10079,1,0,3,1,2,1,2
10080,1,0,1,2,1,1,1
10081,1,0,1,2,1,1,1
10082,1,0,2,3,2,1,2
10083,1,0,3,1,2,1,2
10084,1,0,2,3,2,1,2
10085,1,0,3,1,2,1,2
10086,1,0,2,3,2,1,2
10087,1,0,2,3,2,1,2
10088,1,0,2,3,2,1,2
10089,1,0,1,2,1,1,1
10090,1,0,2,3,1,1,1
10091,1,0,2,3,2,1,2
10092,1,0,2,3,2,1,2
10093,1,0,2,3,2,1,2
10094,0,0,1,2,0,0,1
10095,1,0,1,2,1,1,1
10096,1,0,3,1,2,1,2
10097,1,0,2,3,2,1,2
10098,1,0,1,2,1,1,1
10099,1,0,2,3,1,2,1
10100,1,0,2,3,1,2,1
10101,1,0,2,3,2,1,2
10102,1,0,2,3,2,1,2
10103,1,0,3,1,2,1,2
10104,1,0,3,1,2,1,2
10105,1,0,3,1,2,1,2
10106,1,0,2,3,2,1,2
10107,0,0,1,2,1,1,1
10108,1,0,2,3,2,1,2
10109,1,0,1,2,1,2,1
10110,1,0,3,1,2,1,2
10111,0,0,1,2,1,1,1
10112,1,0,3,1,2,1,2
10113,1,0,2,3,2,1,2
10114,1,0,1,2,1,2,1
10115,1,0,1,2,0,0,1
10116,1,0,3,1,2,1,2
10117,1,0,1,2,1,1,1
10118,1,0,2,3,2,1,2
10119,1,0,2,3,2,1,2
10120,1,0,3,1,2,1,2
10121,1,0,2,3,1,2,1
10122,1,0,1,2,1,1,1
10123,1,0,2,3,2,1,2
10124,1,0,2,3,2,1,2
10125,1,0,3,1,2,1,2
10126,1,0,1,2,1,1,1
10127,0,0,2,3,1,2,1
10128,1,0,3,1,2,1,2
10129,1,0,2,3,2,1,2
10130,1,0,1,2,1,1,1
10131,1,0,2,3,2,1,2
10132,1,0,1,2,1,1,1
10133,1,0,2,3,2,1,2
10134,1,0,1,2,1,1,1
10135,1,0,1,2,1,1,1
10136,1,0,3,1,2,1,2
10137,1,0,2,3,2,1,2
10138,1,0,1,2,1,1,1
10139,1,0,1,2,1,1,1
10140,1,0,3,1,2,1,2
10141,1,0,2,3,2,1,2
10142,1,0,2,3,2,1,2
10143,1,0,1,2,1,2,1
10144,1,0,2,3,2,1,2
10145,1,0,3,1,2,1,2
10146,1,0,2,3,2,1,2
10147,1,0,2,3,2,1,2
10148,1,0,2,3,1,2,1
10149,1,0,3,1,2,1,2
10150,1,0,2,3,2,1,2
10151,1,0,2,3,2,1,2
10152,1,0,3,1,2,1,2
10153,1,0,3,1,2,1,2
10154,1,0,2,3,2,1,2
10155,1,0,1,2,2,2,1
10156,1,0,1,2,1,1,1
10157,1,0,3,1,2,1,2
10158,1,0,1,2,1,1,1
10159,1,0,2,3,2,1,2
10160,1,0,3,1,2,1,2
10161,1,0,1,2,1,1,1
10162,1,0,1,2,1,1,1
10163,1,0,2,3,2,1,2
10164,1,0,1,2,1,2,1
10165,1,0,2,3,2,1,2
10166,1,0,2,3,2,1,2
10167,1,0,2,3,2,1,2
10168,1,0,2,3,2,1,2
10169,1,0,3,1,2,1,2
10170,1,0,3,1,2,1,2
10171,1,0,3,1,2,1,2
10172,1,0,2,3,2,1,2
10173,0,0,1,2,2,2,1
10174,1,0,2,3,2,1,2
10175,1,0,1,2,1,1,1
10176,1,0,3,1,2,1,2
10177,1,0,1,2,1,2,1
10178,1,0,2,3,2,1,2
10179,1,0,2,3,2,1,2
10180,1,0,1,2,1,1,1
10181,1,0,3,1,2,1,2
10182,1,0,2,3,1,2,1
10183,1,0,2,3,1,2,1
10184,1,0,3,1,2,1,2
10185,1,0,3,1,2,1,2
10186,1,0,3,1,2,1,2
10187,1,0,2,3,2,1,2
10188,1,0,2,3,2,1,1
10189,1,0,3,1,2,1,2
10190,1,0,1,2,1,2,1
10191,1,0,2,3,2,1,2
10192,1,0,3,1,2,1,2
10193,1,0,2,3,2,1,2
10194,1,0,2,3,2,1,2
10195,1,0,2,3,2,1,2
10196,1,0,3,1,2,1,2
10197,1,0,2,3,2,1,2
10198,1,0,2,3,2,1,2
10199,1,0,3,1,2,1,2
10200,1,0,3,1,2,1,2
10201,1,0,1,2,1,1,1
10202,1,0,1,2,1,1,1
10203,1,0,1,2,1,0,1
10204,1,0,2,3,2,1,2
10205,1,0,1,2,1,1,1
10206,1,0,2,3,2,1,2
10207,1,0,0,0,1,2,0
10208,1,0,3,1,2,1,2
10209,1,0,3,1,2,1,2
10210,1,0,3,1,2,1,2
10211,1,0,1,2,1,1,1
10212,0,0,4,2,1,1,1
10213,1,0,2,3,2,1,2
10214,1,0,3,1,2,1,2
10215,1,0,2,3,1,2,1
10216,1,0,0,0,2,2,1
10217,1,0,2,3,2,1,2
10218,1,0,2,3,2,1,2
10219,1,0,1,2,1,1,1
10220,1,0,1,2,1,1,1
10221,1,0,1,2,1,1,1
10222,1,0,3,1,2,1,2
10223,1,0,1,2,1,1,1
10224,0,0,3,1,1,1,0
10225,1,0,3,1,2,1,2
10226,1,0,2,3,2,1,2
10227,1,0,3,1,2,1,2
10228,1,0,3,1,2,1,2
10229,1,0,2,3,2,1,2
10230,1,0,3,1,2,1,2
10231,1,0,2,3,2,1,2
10232,1,0,2,3,2,1,2
10233,1,0,1,2,1,1,1
10234,0,0,4,6,1,2,1
10235,0,0,4,3,1,1,1
10236,1,0,3,1,2,1,2
10237,1,0,2,3,2,1,2
10238,1,0,2,3,1,1,1
10239,1,0,3,1,1,1,1
10240,1,0,2,3,2,1,2
10241,1,0,1,2,1,1,1
10242,1,0,2,3,2,1,2
10243,1,0,3,1,2,1,2
10244,1,0,1,2,1,1,1
10245,1,0,2,3,2,1,2
10246,1,0,3,1,2,1,2
10247,1,0,2,3,1,2,1
10248,1,0,2,3,2,1,2
10249,1,0,2,3,2,1,2
10250,1,0,3,1,2,1,2
10251,1,0,2,3,2,1,2
10252,1,0,2,3,2,1,2
10253,1,0,1,2,1,2,1
10254,1,0,2,3,2,1,2
10255,1,0,2,3,2,1,2
10256,1,0,2,3,2,1,2
10257,1,0,3,1,2,1,2
10258,1,0,1,2,1,1,1
10259,1,0,3,1,2,1,2
10260,1,0,3,1,2,1,2
10261,1,0,2,3,2,1,2
10262,1,0,2,3,2,1,2
10263,1,0,3,1,2,1,2
10264,1,0,2,3,2,1,2
10265,1,0,3,1,2,1,2
10266,1,0,3,1,2,1,2
10267,1,0,2,3,2,1,2
10268,1,0,2,3,1,2,1
10269,1,0,2,3,2,1,2
10270,1,0,3,1,2,1,2
10271,1,0,1,2,1,2,1
10272,1,0,2,3,2,1,2
10273,1,0,3,1,2,1,2
10274,1,0,2,3,2,1,2
10275,1,0,1,2,1,1,1
10276,1,0,3,1,2,1,2
10277,1,0,2,3,2,1,2
10278,1,0,2,3,2,1,2
10279,1,0,1,2,1,1,1
10280,1,0,3,1,2,1,2
10281,1,0,2,3,2,1,2
10282,1,0,3,1,2,1,2
10283,1,0,1,2,1,1,1
10284,1,0,0,0,1,2,0
10285,1,0,4,5,2,2,2
10286,1,0,2,3,2,1,2
10287,1,0,2,3,2,1,2
10288,1,0,2,3,2,1,2
10289,1,0,1,2,1,2,1
10290,1,0,3,1,2,1,2
10291,1,0,3,1,2,1,2
10292,1,0,2,3,2,1,2
10293,1,0,3,1,2,1,2
10294,1,0,2,3,2,1,2
10295,1,0,2,3,2,1,2
10296,1,0,3,1,2,1,2
10297,1,0,1,2,1,1,1
10298,0,0,1,2,1,1,1
10299,1,0,2,3,1,2,1
10300,1,0,2,3,2,1,2
10301,1,0,2,3,2,1,2
10302,1,0,3,1,2,1,2
10303,1,0,1,2,1,1,1
10304,1,0,1,2,1,2,1
10305,1,0,2,3,2,1,2
10306,1,0,2,3,2,1,2
10307,1,0,2,3,2,1,2
10308,1,0,2,3,2,1,2
10309,1,0,3,1,2,1,2
10310,1,0,2,3,2,1,2
10311,1,0,3,1,2,1,2
10312,1,0,3,1,2,1,2
10313,1,0,2,3,2,1,2
10314,1,0,3,1,2,1,2
10315,1,0,3,1,1,1,1
10316,1,0,2,3,2,1,2
10317,1,0,1,2,1,2,1
10318,1,0,1,2,1,1,1
10319,1,0,1,2,1,1,1
10320,1,0,2,3,2,1,2
10321,1,0,1,2,1,1,1
10322,1,0,2,3,2,1,2
10323,1,0,2,3,2,1,2
10324,0,0,1,2,0,0,1
10325,1,0,0,0,2,2,1
10326,0,0,1,2,1,1,1
10327,1,0,2,3,1,2,1
10328,1,0,2,3,2,1,2
10329,1,0,2,3,2,1,2
10330,1,0,2,3,2,1,2
10331,1,0,2,3,2,1,2
10332,1,0,2,3,2,1,2
10333,1,0,1,2,1,1,1
10334,1,0,3,1,2,1,2
10335,1,0,3,1,2,1,2
10336,1,0,2,3,2,1,2
10337,1,0,1,2,1,1,1
10338,1,0,2,3,2,1,2
10339,1,0,2,3,2,1,2
10340,1,0,1,2,1,2,1
10341,1,0,2,3,2,1,2
10342,1,0,2,3,2,1,2
10343,1,0,2,3,2,1,2
10344,1,0,3,1,2,1,2
10345,1,0,3,1,2,1,2
10346,1,0,1,2,1,2,1
10347,1,0,2,3,2,1,2
10348,1,0,3,1,2,1,2
10349,0,0,4,5,2,2,1
10350,1,0,1,2,1,2,1
10351,1,0,2,3,2,1,2
10352,1,0,1,2,1,1,1
10353,1,0,2,3,2,1,2
10354,1,0,3,1,2,1,2
10355,1,0,3,1,2,1,2
10356,1,0,2,3,2,1,2
10357,1,0,1,2,1,1,1
10358,1,0,2,3,2,1,2
10359,1,0,3,1,2,1,2
10360,1,0,1,2,1,1,1
10361,1,0,1,2,1,1,1
10362,1,0,1,2,1,1,1
10363,1,0,2,3,2,1,2
10364,1,0,3,1,2,1,2
10365,1,0,3,1,2,1,2
10366,1,0,2,3,2,1,2
10367,1,0,2,3,2,1,2
10368,1,0,2,3,2,1,2
10369,1,0,2,3,2,1,2
10370,1,0,3,1,2,1,2
10371,1,0,2,3,2,1,2
10372,1,0,3,1,2,1,1
10373,1,0,3,1,1,1,1
10374,1,0,2,3,2,1,2
10375,0,0,4,3,2,1,1
10376,1,0,3,1,2,1,2
10377,1,0,2,3,2,1,2
10378,1,0,3,1,2,1,2
10379,1,0,1,2,1,1,1
10380,1,0,3,1,1,1,1
10381,1,0,2,3,2,1,2
10382,1,0,2,3,2,1,2
10383,1,0,1,2,1,1,1
10384,1,0,2,3,2,1,2
10385,1,0,3,1,1,1,1
10386,1,0,3,1,2,1,2
10387,1,0,2,3,2,1,2
10388,1,0,2,3,2,1,2
10389,1,0,2,3,2,1,2
10390,1,0,3,1,2,1,2
10391,1,0,2,3,2,1,2
10392,1,0,2,3,2,1,2
10393,1,0,1,2,1,1,1
10394,1,0,2,3,2,1,2
10395,1,0,3,1,2,1,2
10396,1,0,3,1,2,1,2
10397,1,0,2,3,2,1,2
10398,1,0,3,1,2,1,2
10399,1,0,1,2,1,1,1
10400,1,0,2,3,2,1,2
10401,1,0,2,3,2,1,2
10402,1,0,2,3,2,1,2
10403,1,0,3,1,2,1,2
10404,1,0,2,3,2,1,2
10405,1,0,2,3,2,1,2
10406,1,0,2,3,2,1,2
10407,1,0,3,1,2,1,2
10408,1,0,2,3,2,1,2
10409,1,0,3,1,2,1,2
10410,0,0,1,2,1,1,1
10411,1,0,2,3,2,1,2
10412,1,0,2,3,2,1,2
10413,1,0,2,3,2,1,2
10414,1,0,3,1,2,1,2
10415,1,0,2,3,2,1,2
10416,1,0,1,2,1,1,1
10417,1,0,2,3,2,1,2
10418,1,0,1,2,1,1,1
10419,1,0,1,2,1,1,1
10420,1,0,2,3,2,1,2
10421,1,0,2,3,2,1,2
10422,1,0,2,3,2,1,2
10423,1,0,2,3,2,1,2
10424,1,0,3,1,2,1,2
10425,1,0,3,1,2,1,2
10426,1,0,2,3,2,1,2
10427,1,0,2,3,1,2,1
10428,1,0,2,3,2,1,2
10429,1,0,2,3,2,1,2
10430,1,0,2,3,2,1,2
10431,1,0,0,0,2,2,1
10432,1,0,3,1,2,1,2
10433,1,0,2,3,2,1,2
10434,1,0,2,3,2,1,2
10435,1,0,2,3,2,1,2
10436,1,0,3,1,2,1,2
10437,1,0,2,3,2,1,2
10438,1,0,1,2,1,1,1
10439,1,0,2,3,2,1,2
10440,1,0,3,1,2,1,2
10441,1,0,2,3,2,1,2
10442,1,0,1,2,1,1,1
10443,1,0,3,1,2,1,2
10444,1,0,2,3,2,1,2
10445,1,0,2,3,2,1,2
10446,1,0,1,2,1,2,1
10447,1,0,2,3,2,1,2
10448,1,0,2,3,2,1,2
10449,1,0,2,3,2,1,2
10450,1,0,3,1,2,1,2
10451,1,0,2,3,2,1,2
10452,1,0,2,3,2,1,2
10453,0,0,1,2,1,1,1
10454,1,0,3,1,2,1,2
10455,1,0,2,3,2,1,2
10456,1,0,0,0,1,2,0
10457,1,0,2,3,2,1,2
10458,0,0,4,3,2,1,1
10459,1,0,1,2,1,1,1
10460,1,0,2,3,2,1,1
10461,1,0,2,3,2,1,2
10462,1,0,2,3,2,1,2
10463,1,0,2,3,2,1,2
10464,1,0,2,3,2,1,2
10465,1,0,3,1,2,1,2
10466,1,0,1,2,1,1,1
10467,1,0,1,2,1,2,1
10468,1,0,3,1,2,1,2
10469,1,0,3,1,2,1,2
10470,1,0,2,3,2,1,2
10471,1,0,2,3,2,1,2
10472,1,0,1,2,1,1,1
10473,1,0,3,1,2,1,2
10474,1,0,2,3,2,1,2
10475,1,0,2,3,2,1,2
10476,1,0,1,2,2,2,1
10477,1,0,2,3,2,1,2
10478,1,0,2,3,2,1,2
10479,1,0,2,3,2,1,2
10480,1,0,1,2,1,2,1
10481,1,0,2,3,2,1,2
10482,1,0,2,3,2,1,2
10483,1,0,2,3,2,1,2
10484,1,0,3,1,2,1,2
10485,0,0,2,3,1,2,1
10486,1,0,2,3,2,1,2
10487,1,0,3,1,2,1,2
10488,1,0,2,3,2,1,2
10489,1,0,2,3,2,1,2
10490,1,0,1,2,1,1,1
10491,1,0,3,1,2,1,2
10492,1,0,2,3,2,1,2
10493,1,0,2,3,2,1,2
10494,1,0,2,3,2,1,2
10495,1,0,2,3,2,1,2
10496,1,0,2,3,2,1,2
10497,1,0,3,1,2,1,2
10498,1,0,3,1,2,1,2
10499,1,0,2,3,2,1,2
10500,1,0,1,2,1,1,1
10501,1,0,2,3,1,2,1
10502,1,0,2,3,2,1,1
10503,1,0,2,3,2,1,2
10504,0,0,2,3,2,0,2
10505,1,0,3,1,2,1,2
10506,1,0,1,2,1,1,1
10507,1,0,2,3,2,1,2
10508,1,0,1,2,1,1,1
10509,1,0,3,1,2,1,2
10510,1,0,3,1,2,1,2
10511,1,0,1,2,1,2,1
10512,1,0,2,3,2,1,2
10513,1,0,2,3,2,1,2
10514,1,0,3,1,2,1,2
10515,1,0,2,3,2,1,1
10516,1,0,3,1,2,1,2
10517,1,0,2,3,2,1,2
10518,1,0,2,3,2,1,2
10519,1,0,1,2,1,2,1
10520,1,0,1,2,1,1,1
10521,1,0,2,3,2,1,2
10522,1,0,2,3,2,1,2
10523,1,0,3,1,2,1,2
10524,1,0,2,3,2,1,1
10525,1,0,2,3,2,1,2
10526,1,0,2,3,2,1,2
10527,1,0,1,2,1,1,1
10528,1,0,3,1,2,1,2
10529,1,0,3,1,2,1,2
10530,1,0,3,1,2,1,2
10531,1,0,1,2,1,1,1
10532,1,0,3,1,2,1,2
10533,1,0,1,2,2,2,1
10534,1,0,2,3,2,1,2
10535,1,0,2,3,1,2,1
10536,0,0,4,6,1,2,1
10537,1,0,1,2,1,1,1
10538,1,0,1,2,1,1,1
10539,1,0,2,3,2,1,2
10540,1,0,2,3,2,1,2
10541,1,0,2,3,2,1,2
10542,1,0,2,3,2,1,2
10543,1,0,1,2,1,1,1
10544,1,0,3,1,2,1,2
10545,1,0,2,3,2,1,2
10546,1,0,2,3,2,1,2
10547,1,0,2,3,2,1,2
10548,1,0,2,3,2,1,2
10549,0,0,4,5,2,2,1
10550,1,0,1,2,1,1,1
10551,1,0,3,1,2,1,2
10552,0,0,4,5,2,2,1
10553,1,0,1,2,1,1,1
10554,0,0,2,3,2,2,0
10555,1,0,2,3,2,1,2
10556,1,0,1,2,1,1,1
10557,1,0,1,2,1,1,1
10558,1,0,1,2,1,1,1
10559,1,0,3,1,2,1,2
10560,1,0,3,1,2,1,2
10561,1,0,2,3,2,1,2
10562,1,0,3,1,2,1,2
10563,1,0,2,3,2,1,2
10564,1,0,2,3,2,1,2
10565,1,0,2,3,2,1,2
10566,1,0,2,3,2,1,2
10567,0,0,1,2,0,0,1
10568,1,0,2,3,2,1,2
10569,1,0,3,1,2,1,2
10570,1,0,1,2,1,1,1
10571,1,0,3,1,2,1,2
10572,1,0,2,3,2,1,2
10573,1,0,3,1,2,1,2
10574,1,0,2,3,2,1,2
10575,1,0,3,1,2,1,2
10576,1,0,3,1,2,1,2
10577,1,0,2,3,2,1,2
10578,1,0,4,5,2,2,2
10579,1,0,3,1,2,1,2
10580,1,0,2,3,2,1,2
10581,1,0,2,3,2,1,2
10582,1,0,1,2,1,2,1
10583,1,0,3,1,2,1,2
10584,1,0,3,1,2,1,2
10585,1,0,2,3,2,1,2
10586,1,0,2,3,2,1,2
10587,1,0,2,3,2,1,2
10588,1,0,2,3,2,1,2
10589,1,0,2,3,2,1,2
10590,0,0,4,6,1,2,2
10591,1,0,0,0,2,2,1
10592,1,0,3,1,2,1,2
10593,1,0,1,2,1,1,1
10594,1,0,2,3,2,1,2
10595,1,0,3,1,2,1,2
10596,1,0,2,3,2,1,2
10597,0,0,1,2,1,1,1
10598,1,0,3,1,2,1,2
10599,1,0,0,0,1,2,0
10600,1,0,2,3,2,1,2
10601,1,0,1,2,1,1,1
10602,1,0,2,3,2,1,2
10603,1,0,2,3,2,1,2
10604,1,0,2,3,2,1,2
10605,1,0,1,2,1,2,1
10606,1,0,3,1,2,1,2
10607,1,0,2,3,2,1,2
10608,1,0,2,3,1,2,1
10609,1,0,2,3,2,1,2
10610,1,0,3,1,2,1,2
10611,1,0,1,2,1,1,1
10612,1,0,1,2,1,1,1
10613,1,0,3,1,2,1,2
10614,1,0,2,3,2,1,2
10615,1,0,1,2,1,1,1
10616,1,0,3,1,2,1,2
10617,0,0,1,2,0,0,1
10618,1,0,1,2,1,2,1
10619,1,0,2,3,2,1,2
10620,1,0,2,3,2,2,1
10621,1,0,2,3,2,1,2
10622,1,0,2,3,1,1,1
10623,1,0,2,3,2,1,2
10624,1,0,2,3,1,2,1
10625,1,0,2,3,2,1,2
10626,1,0,2,3,2,1,2
10627,1,0,2,3,2,1,2
10628,1,0,2,3,2,1,2
10629,1,0,1,2,1,1,1
10630,1,0,2,3,2,1,2
10631,1,0,1,2,1,2,1
10632,1,0,2,3,2,1,2
10633,1,0,3,1,2,1,2
10634,1,0,3,1,2,1,2
10635,1,0,2,3,2,1,2
10636,1,0,2,3,2,1,2
10637,1,0,2,3,2,1,2
10638,0,0,4,3,2,1,1
10639,1,0,2,3,2,1,2
10640,1,0,2,3,2,1,2
10641,1,0,1,2,1,1,1
10642,1,0,3,1,2,1,2
10643,1,0,1,2,1,1,1
10644,1,0,0,0,2,2,1
10645,1,0,2,3,1,1,1
10646,1,0,2,3,1,2,1
10647,1,0,2,3,2,1,2
10648,1,0,1,2,1,1,1
10649,1,0,2,3,2,1,2
10650,0,0,1,2,1,1,1
10651,1,0,2,3,2,1,2
10652,0,0,1,2,0,0,1
10653,1,0,2,3,2,1,2
10654,1,0,2,3,2,1,2
10655,1,0,3,1,2,1,2
10656,1,0,2,3,2,1,2
10657,1,0,2,3,1,1,1
10658,1,0,3,1,2,1,2
10659,1,0,1,2,1,1,1
10660,1,0,2,3,2,1,2
10661,1,0,3,1,2,1,2
10662,1,0,3,1,2,1,2
10663,1,0,1,2,1,1,1
10664,1,0,2,3,2,1,2
10665,1,0,2,3,1,2,1
10666,1,0,2,3,2,1,1
10667,1,0,2,3,2,1,2
10668,1,0,2,3,2,1,2
10669,0,0,2,3,1,2,1
10670,1,0,1,2,1,1,1
10671,1,0,2,3,2,1,2
10672,1,0,2,3,2,1,2
10673,1,0,2,3,2,1,2
10674,1,0,2,3,2,1,2
10675,1,0,2,3,2,1,2
10676,1,0,3,1,2,1,2
10677,1,0,2,3,2,1,2
10678,1,0,1,2,1,2,1
10679,1,0,0,0,1,2,0
10680,1,0,2,3,2,1,2
10681,1,0,2,3,2,1,2
10682,1,0,3,1,2,1,2
10683,1,0,2,3,2,1,2
10684,1,0,2,3,1,2,1
10685,1,0,2,3,2,1,2
10686,1,0,2,3,2,1,2
10687,1,0,2,3,2,1,2
10688,1,0,2,3,1,1,1
10689,1,0,2,3,2,1,2
10690,1,0,1,2,1,1,1
10691,1,0,3,1,2,1,2
10692,1,0,1,2,1,2,1
10693,1,0,2,3,2,1,2
10694,1,0,3,1,2,1,2
10695,1,0,2,3,2,1,2
10696,1,0,3,1,2,1,2
10697,1,0,3,1,2,1,2
10698,1,0,2,3,2,1,2
10699,1,0,1,2,1,1,1
10700,1,0,3,1,2,1,2
10701,1,0,1,2,1,2,1
10702,1,0,2,3,2,1,2
10703,1,0,1,2,1,1,1
10704,1,0,2,3,2,1,2
10705,1,0,1,2,1,1,1
10706,1,0,2,3,2,1,2
10707,1,0,2,3,2,1,2
10708,1,0,3,1,2,1,2
10709,1,0,1,2,0,0,1
10710,1,0,2,3,2,1,2
10711,1,0,2,3,2,1,2
10712,1,0,1,2,1,2,1
10713,1,0,1,2,1,1,1
10714,1,0,3,1,2,1,2
10715,1,0,2,3,2,1,2
10716,1,0,2,3,2,1,2
10717,1,0,1,2,2,2,1
10718,1,0,2,3,2,1,2
10719,1,0,2,3,2,1,2
10720,1,0,3,1,2,1,2
10721,1,0,2,3,2,1,2
10722,1,0,3,1,2,1,2
10723,0,0,1,2,2,2,1
10724,0,0,1,2,1,1,1
10725,1,0,2,3,1,2,1
10726,1,0,2,3,2,1,2
10727,1,0,2,3,2,1,2
10728,1,0,2,3,2,1,2
10729,1,0,2,3,2,1,2
10730,1,0,1,2,1,1,1
10731,1,0,2,3,2,1,2
10732,1,0,2,3,2,1,2
10733,0,0,4,5,2,1,1
10734,1,0,3,1,2,1,2
10735,1,0,1,2,1,1,1
10736,1,0,2,3,2,1,2
10737,1,0,3,1,2,1,2
10738,1,0,2,3,1,2,1
10739,1,0,3,1,1,2,1
10740,1,0,3,1,2,1,2
10741,1,0,4,5,2,2,2
10742,1,0,3,1,2,1,2
10743,1,0,3,1,2,1,2
10744,1,0,3,1,2,1,2
10745,1,0,1,2,0,0,1
10746,1,0,2,3,2,1,2
10747,1,0,2,3,2,1,2
10748,1,0,2,3,2,1,2
10749,1,0,3,1,2,1,2
10750,1,0,2,3,2,1,2
10751,1,0,2,3,2,1,2
10752,1,0,2,3,1,2,0
10753,1,0,1,2,1,1,1
10754,1,0,2,3,2,1,2
10755,1,0,1,2,2,2,1
10756,1,0,1,2,1,2,1
10757,1,0,2,3,2,1,2
10758,1,0,2,3,2,1,2
10759,1,0,2,3,2,1,2
10760,1,0,1,2,1,2,1
10761,1,0,3,1,2,1,2
10762,1,0,2,3,2,1,2
10763,1,0,2,3,2,1,2
10764,1,0,2,3,2,1,2
10765,1,0,1,2,1,2,1
10766,1,0,1,2,1,1,1
10767,1,0,2,3,2,1,2
10768,1,0,1,2,1,2,1
10769,1,0,2,3,2,1,2
10770,1,0,2,3,2,1,2
10771,1,0,2,3,2,1,2
10772,1,0,2,3,2,1,2
10773,1,0,3,1,2,1,2
10774,1,0,1,2,2,2,1
10775,1,0,2,3,2,1,2
10776,1,0,2,3,2,1,2
10777,1,0,1,2,1,1,1
10778,1,0,3,1,2,1,2
10779,1,0,3,1,2,1,2
10780,1,0,2,3,2,1,2
10781,1,0,2,3,2,1,2
10782,1,0,2,3,2,1,2
10783,1,0,2,3,2,2,1
10784,1,0,1,2,1,1,1
10785,1,0,2,3,2,1,2
10786,1,0,3,1,2,1,2
10787,1,0,2,3,2,1,2
10788,0,0,1,2,1,1,1
10789,1,0,1,2,1,1,1
10790,1,0,3,1,2,1,2
10791,1,0,2,3,1,2,1
10792,1,0,1,2,1,1,1
10793,1,0,1,2,1,1,1
10794,1,0,2,3,2,1,2
10795,1,0,2,3,2,1,2
10796,1,0,1,2,1,1,1
10797,1,0,2,3,2,1,2
10798,1,0,3,1,2,1,2
10799,1,0,2,3,2,1,1
10800,1,0,2,3,2,1,2
10801,1,0,2,3,2,1,2
10802,1,0,3,1,2,1,2
10803,0,0,4,6,1,2,1
10804,1,0,2,3,2,1,2
10805,1,0,2,3,2,1,2
10806,1,0,1,2,1,1,1
10807,1,0,3,1,2,1,2
10808,1,0,2,3,2,1,2
10809,1,0,2,3,2,1,2
10810,1,0,1,2,1,1,1
10811,1,0,1,2,1,1,1
10812,1,0,2,3,1,1,1
10813,1,0,3,1,1,1,1
10814,0,0,4,6,1,2,1
10815,1,0,3,1,2,1,2
10816,1,0,1,2,0,0,1
10817,1,0,1,2,1,2,1
10818,1,0,2,3,2,1,2
10819,1,0,2,3,2,1,2
10820,0,0,1,2,0,0,1
10821,1,0,2,3,2,1,2
10822,1,0,2,3,2,1,2
10823,1,0,3,1,2,1,2
10824,1,0,2,3,2,1,2
10825,1,0,1,2,1,1,1
10826,1,0,3,1,2,1,2
10827,1,0,3,1,2,1,2
10828,1,0,3,1,2,1,2
10829,1,0,1,2,1,2,1
10830,1,0,1,2,1,2,1
10831,1,0,2,3,2,1,2
10832,1,0,1,2,1,1,1
10833,1,0,3,1,2,1,2
10834,1,0,2,3,2,1,2
10835,1,0,2,3,2,1,2
10836,1,0,2,3,2,1,2
10837,1,0,3,1,2,1,2
10838,0,0,1,2,1,1,1
10839,1,0,2,3,2,1,2
10840,1,0,2,3,2,1,2
10841,1,0,1,2,2,2,1
10842,1,0,3,1,2,1,2
10843,1,0,3,1,2,1,2
10844,1,0,2,3,2,1,2
10845,1,0,2,3,2,1,2
10846,1,0,3,1,2,1,2
10847,1,0,1,2,1,1,1
10848,1,0,2,3,2,1,2
10849,1,0,2,3,2,1,2
10850,1,0,0,0,2,2,1
10851,1,0,2,3,2,1,2
10852,1,0,3,1,2,1,2
10853,1,0,1,2,1,1,1
10854,1,0,3,1,2,1,2
10855,1,0,1,2,1,1,1
10856,0,0,4,6,0,0,1
10857,1,0,2,3,2,1,2
10858,1,0,2,3,2,1,2
10859,1,0,1,2,1,1,1
10860,1,0,2,3,2,1,2
10861,1,0,2,3,2,1,2
10862,1,0,2,3,2,1,2
10863,1,0,2,3,2,1,2
10864,1,0,2,3,2,1,2
10865,1,0,3,1,2,1,2
10866,1,0,2,3,2,1,2
10867,1,0,2,3,2,1,2
10868,1,0,2,3,2,1,2
10869,1,0,2,3,2,1,2
10870,1,0,2,3,2,1,2
10871,0,0,1,2,1,1,1
10872,1,0,2,3,2,1,2
10873,0,0,4,5,2,2,1
10874,1,0,3,1,2,1,2
10875,1,0,3,1,2,1,2
10876,1,0,1,2,1,2,1
10877,0,0,4,5,2,2,1
10878,1,0,2,3,0,0,0
10879,1,0,3,1,2,1,2
10880,1,0,2,3,2,1,2
10881,1,0,2,3,2,1,2
10882,1,0,2,3,2,1,2
10883,1,0,2,3,2,1,2
10884,1,0,2,3,2,1,2
10885,1,0,3,1,2,1,2
10886,1,0,3,1,2,1,2
10887,0,0,4,5,2,1,1
10888,1,0,1,2,1,1,1
10889,1,0,1,2,1,1,1
10890,1,0,3,1,2,1,2
10891,1,0,3,1,2,1,2
10892,1,0,2,3,2,1,2
10893,1,0,4,5,2,2,2
10894,1,0,2,3,2,1,2
10895,1,0,2,3,2,1,2
10896,1,0,3,1,2,1,2
10897,1,0,2,3,2,1,2
10898,1,0,2,3,1,2,1
10899,1,0,2,3,2,1,2
10900,0,0,4,2,1,1,1
10901,0,0,4,6,0,0,1
10902,1,0,3,1,2,1,2
10903,0,0,1,2,1,1,1
10904,1,0,3,1,2,1,2
10905,1,0,2,3,2,1,2
10906,1,0,2,3,2,1,2
10907,1,0,2,3,2,1,2
10908,1,0,1,2,1,2,0
10909,1,0,1,2,2,2,1
10910,1,0,2,3,2,1,2
10911,1,0,3,1,2,1,2
10912,1,0,2,3,2,1,2
10913,1,0,3,1,2,1,2
10914,1,0,1,2,1,2,1
10915,1,0,1,2,1,1,1
10916,1,0,1,2,1,1,1
10917,1,0,2,3,2,1,2
10918,1,0,3,1,2,1,2
10919,0,0,4,6,1,2,1
10920,1,0,3,1,2,1,2
10921,1,0,2,3,2,1,2
10922,1,0,1,2,1,1,1
10923,0,0,1,2,1,1,1
10924,1,0,1,2,1,1,1
10925,1,0,3,1,2,1,2
10926,1,0,2,3,2,1,2
10927,1,0,2,3,2,1,2
10928,1,0,3,1,0,0,1
10929,1,0,1,2,1,2,1
10930,1,0,1,2,1,1,1
10931,1,0,2,3,2,1,2
10932,1,0,2,3,2,1,2
10933,1,0,2,3,2,1,2
10934,1,0,2,3,2,1,2
10935,1,0,3,1,2,1,2
10936,1,0,3,1,2,1,2
10937,1,0,3,1,2,1,2
10938,1,0,3,1,2,1,2
10939,1,0,2,3,2,1,2
10940,0,0,4,6,1,2,1
10941,1,0,3,1,2,1,2
10942,1,0,3,1,2,1,2
10943,1,0,3,1,2,1,2
10944,1,0,0,0,2,2,1
10945,1,0,2,3,1,2,1
10946,1,0,3,1,2,1,2
10947,1,0,1,2,1,2,1
10948,1,0,1,2,1,2,1
10949,1,0,3,1,2,1,2
10950,1,0,2,3,2,1,2
10951,1,0,0,0,1,2,1
10952,1,0,3,1,2,1,2
10953,1,0,2,3,1,2,1
10954,1,0,2,3,1,2,0
10955,1,0,3,1,2,1,2
10956,1,0,2,3,2,1,2
10957,1,0,1,2,1,2,1
10958,1,0,2,3,2,1,2
10959,1,0,2,3,2,1,2
10960,1,0,3,1,2,1,2
10961,0,0,1,2,1,1,1
10962,1,0,2,3,2,1,2
10963,1,0,1,2,1,1,1
10964,1,0,2,3,1,2,1
10965,1,0,2,3,1,2,1
10966,0,0,1,2,1,1,1
10967,1,0,3,1,2,1,2
10968,1,0,2,3,2,1,2
10969,1,0,1,2,1,1,1
10970,1,0,3,1,2,1,2
10971,1,0,3,1,2,1,2
10972,1,0,2,3,2,1,2
10973,0,0,0,4,1,2,0
10974,1,0,2,3,2,1,2
10975,1,0,2,3,2,1,2
10976,0,0,4,5,2,1,1
10977,1,0,2,3,2,1,2
10978,1,0,2,3,2,1,2
10979,1,0,3,1,2,1,2
10980,1,0,3,1,1,0,0
10981,1,0,2,3,2,1,2
10982,1,0,3,1,2,1,2
10983,1,0,2,3,1,1,1
10984,1,0,3,1,2,1,2
10985,1,0,1,2,1,1,1
10986,1,0,3,1,2,1,2
10987,1,0,3,1,2,1,2
10988,1,0,2,3,2,1,2
10989,0,0,4,5,2,2,1
10990,1,0,3,1,2,1,2
10991,1,0,2,3,2,1,2
10992,1,0,2,3,2,1,2
10993,1,0,2,3,2,1,2
10994,1,0,3,1,2,1,2
10995,1,0,2,3,2,1,2
10996,0,0,1,2,1,2,1
10997,1,0,1,2,1,1,1
10998,1,0,2,3,2,1,2
10999,1,0,1,2,1,1,1
11000,1,0,2,3,2,1,1
11001,1,0,2,3,2,1,2
11002,1,0,2,3,2,1,2
11003,1,0,2,3,1,2,1
11004,1,0,2,3,2,1,2
11005,1,0,3,1,2,1,2
11006,0,0,1,2,0,0,1
11007,1,0,2,3,2,1,2
11008,1,0,2,3,2,1,2
11009,1,0,1,2,1,1,1
11010,1,0,2,3,2,1,2
11011,1,0,3,1,2,1,2
11012,1,0,1,2,1,1,1
11013,1,0,3,1,2,1,2
11014,1,0,2,3,2,1,2
11015,1,0,3,1,2,1,2
11016,0,0,0,4,1,2,1
11017,1,0,2,3,2,1,2
11018,1,0,3,1,2,1,2
11019,1,0,3,1,2,1,2
11020,1,0,3,1,2,1,2
11021,1,0,2,3,2,1,2
11022,1,0,3,1,2,1,2
11023,1,0,3,1,2,1,2
11024,1,0,1,2,1,1,1
11025,1,0,2,3,2,1,2
11026,1,0,1,2,1,1,1
11027,1,0,1,2,1,2,1
11028,1,0,2,3,2,1,2
11029,1,0,1,2,1,2,1
11030,1,0,2,3,2,1,2
11031,1,0,3,1,2,1,2
11032,1,0,3,1,2,1,2
11033,1,0,2,3,2,1,2
11034,0,0,4,5,2,2,1
11035,1,0,2,3,2,1,2
11036,0,0,1,2,2,1,2
11037,1,0,1,2,0,0,1
11038,1,0,4,5,2,2,2
11039,0,0,1,2,1,1,1
11040,1,0,1,2,1,1,1
11041,1,0,3,1,2,1,2
11042,0,0,4,2,2,2,1
11043,1,0,4,5,2,2,2
11044,1,0,1,2,1,0,1
11045,0,0,4,2,2,2,1
11046,0,0,4,2,2,2,1
11047,1,0,1,2,1,1,1
11048,0,0,4,2,2,2,1
11049,1,0,2,3,1,2,0
11050,1,0,1,2,1,2,1
11051,1,0,1,2,1,1,1
11052,0,0,1,2,0,0,1
11053,0,0,1,2,1,1,1
11054,0,0,1,2,0,0,1
11055,1,0,3,1,2,1,2
11056,1,0,3,1,2,1,2
11057,0,0,4,2,2,2,1
11058,1,0,2,3,1,0,1
11059,1,0,3,1,2,1,2
11060,1,0,1,2,1,1,1
11061,1,0,3,1,2,1,2
11062,0,0,1,2,0,0,1
11063,1,0,3,1,2,1,2
11064,0,0,1,2,1,1,1
11065,1,0,0,0,1,2,0
11066,1,0,2,3,1,1,1
11067,1,0,1,2,1,2,1
11068,1,0,2,3,2,2,1
11069,1,0,3,1,2,1,2
11070,1,0,1,2,1,1,1
11071,0,0,2,3,1,2,1
11072,1,0,3,1,1,0,0
11073,1,0,1,2,1,1,1
11074,0,0,4,5,2,1,1
11075,0,0,2,3,1,2,1
11076,0,0,4,2,2,2,1
11077,1,0,1,2,1,1,1
11078,1,0,0,0,0,0,0
11079,1,0,1,2,1,2,1
11080,1,0,1,2,1,1,1
11081,1,0,3,1,2,1,2
11082,1,0,1,2,1,1,1
11083,1,0,0,0,0,2,1
11084,1,0,2,3,1,0,1
11085,1,0,3,1,2,1,2
11086,0,0,4,6,0,0,1
11087,0,0,4,3,2,1,1
11088,0,0,4,5,2,1,1
11089,0,0,4,3,1,1,1
11090,1,0,1,2,1,1,1
11091,1,0,3,1,2,1,2
11092,0,0,4,2,1,2,1
11093,1,0,1,2,0,0,0
11094,1,0,2,3,1,0,1
11095,1,0,3,1,2,1,2
11096,0,0,4,3,2,1,1
11097,1,0,2,3,0,0,0
11098,1,0,2,3,1,2,1
11099,1,0,1,2,1,2,1
11100,0,0,1,2,1,1,1
11101,1,0,2,3,1,0,1
11102,1,0,1,2,0,0,1
11103,1,0,1,2,1,1,1
11104,1,0,2,3,2,1,2
11105,0,0,0,4,0,1,0
11106,1,0,1,2,1,1,1
11107,0,0,2,3,1,2,1
11108,1,0,1,2,1,2,1
11109,1,0,1,2,1,1,1
11110,1,0,2,3,2,1,2
11111,0,0,4,2,2,2,1
11112,1,0,3,1,2,1,2
11113,1,0,0,0,1,1,1
11114,1,0,1,2,1,1,1
11115,1,0,1,2,1,1,1
11116,0,0,4,5,2,1,1
11117,0,0,1,2,1,1,1
11118,1,0,1,2,1,0,1
11119,0,0,4,2,2,2,1
11120,0,0,4,5,2,1,1
11121,1,0,2,3,1,1,1
11122,1,0,2,3,1,0,1
11123,0,0,1,2,1,1,1
11124,1,0,1,2,1,2,1
11125,1,0,3,1,2,1,2
11126,0,0,4,6,1,2,1
11127,1,0,1,2,1,1,1
11128,1,0,3,1,2,1,2
11129,0,0,4,2,2,2,1
11130,1,0,1,2,1,1,1
11131,1,0,1,2,1,1,1
11132,0,0,4,2,2,2,1
11133,0,1,0,0,2,2,1
11134,1,0,3,1,2,1,2
11135,0,1,0,0,2,2,1
11136,1,0,1,2,1,1,1
11137,0,0,4,3,2,1,1
11138,1,0,2,3,1,2,0
11139,1,0,1,2,1,2,1
11140,0,0,0,4,2,2,1
11141,1,0,1,2,1,2,1
11142,1,0,3,1,2,1,2
11143,1,0,1,2,1,1,1
11144,1,0,1,2,1,1,1
11145,1,0,2,3,2,1,1
11146,0,1,4,6,0,0,1
11147,0,0,4,2,2,2,1
11148,1,0,1,2,0,0,0
11149,1,0,3,1,2,1,2
11150,1,0,2,3,1,0,1
11151,1,0,2,3,1,0,1
11152,0,0,4,5,2,2,1
11153,0,0,4,2,2,2,1
11154,1,0,2,3,1,2,1
11155,0,0,1,2,0,0,1
11156,0,0,4,2,1,2,1
11157,1,0,1,2,1,1,1
11158,1,0,2,3,1,0,1
11159,1,0,3,1,2,1,2
11160,1,0,1,2,1,1,1
11161,1,0,1,2,1,1,1
11162,0,0,4,2,2,2,1
11163,1,0,3,1,2,1,2
11164,1,0,2,3,1,2,1
11165,0,0,4,5,2,1,1
11166,1,0,3,1,2,1,2
11167,1,0,2,3,1,0,1
11168,1,0,1,2,1,1,1
11169,1,0,2,3,1,2,1
11170,1,0,1,2,0,0,1
11171,1,0,3,1,2,1,2
11172,0,0,4,6,0,0,1
11173,0,0,4,2,2,2,1
11174,0,0,4,6,1,1,1
11175,1,0,1,2,0,0,1
11176,1,0,3,1,2,1,2
11177,1,0,1,2,1,1,1
11178,1,0,1,2,1,1,1
11179,1,0,1,2,1,2,1
11180,1,0,1,2,1,1,1
11181,1,0,2,3,1,0,1
11182,1,0,2,3,1,2,0
11183,0,0,4,3,2,1,1
11184,1,0,2,3,1,2,1
11185,1,0,3,1,2,1,2
11186,1,0,1,2,1,1,1
11187,1,0,1,2,1,1,1
11188,1,0,3,1,2,1,2
11189,1,0,1,2,1,1,1
11190,0,0,4,2,2,2,1
11191,1,0,1,2,0,0,0
11192,1,0,3,1,2,1,2
11193,0,0,4,2,2,2,1
11194,1,0,0,0,1,2,0
11195,1,0,2,3,2,1,2
11196,1,0,0,0,1,2,0
11197,1,0,1,2,1,2,1
11198,1,0,1,2,1,2,1
11199,0,0,4,5,2,1,1
11200,1,0,3,1,2,1,2
11201,0,0,4,2,2,2,1
11202,1,0,1,2,1,2,1
11203,1,0,4,5,2,2,2
11204,1,0,2,3,1,2,1
11205,0,0,4,2,2,2,1
11206,1,0,2,3,2,2,1
11207,1,0,1,2,2,2,1
11208,1,0,3,1,2,1,2
11209,0,0,4,2,2,2,1
11210,1,0,1,2,1,2,1
11211,1,0,1,2,1,2,1
11212,1,0,1,2,1,1,1
11213,0,0,1,2,1,2,1
11214,0,0,0,4,0,1,0
11215,1,0,0,0,0,0,0
11216,0,0,4,2,2,2,1
11217,0,0,1,2,2,2,1
11218,0,0,4,5,2,1,1
11219,1,0,3,1,1,0,0
11220,1,0,1,2,1,1,1
11221,1,0,1,2,1,1,1
11222,1,0,1,2,1,1,1
11223,0,0,4,3,2,1,1
11224,0,0,4,2,2,2,1
11225,1,0,1,2,1,1,1
11226,1,0,1,2,1,1,1
11227,1,0,3,1,2,1,2
11228,1,0,0,0,1,2,1
11229,1,0,3,1,2,1,2
11230,1,0,0,0,1,2,1
11231,1,0,1,2,1,1,1
11232,1,0,1,2,1,1,1
11233,1,0,2,3,0,0,0
11234,1,0,1,2,1,1,1
11235,0,0,4,2,2,2,1
11236,0,0,4,2,2,2,1
11237,1,0,1,2,0,0,0
11238,1,0,2,3,1,0,1
11239,0,1,4,6,0,0,1
11240,1,0,2,3,1,2,0
11241,1,0,1,2,1,1,1
11242,1,0,1,2,1,1,1
11243,1,0,2,3,1,2,1
11244,0,0,4,2,2,2,1
11245,1,0,1,2,1,2,1
11246,0,0,4,2,2,2,1
11247,0,0,4,3,2,1,1
11248,1,0,1,2,1,1,1
11249,0,0,4,3,1,1,1
11250,0,0,1,2,1,2,1
11251,0,0,4,2,2,2,1
11252,0,0,0,0,1,2,1
11253,1,0,3,1,2,1,2
11254,1,0,1,2,0,0,0
11255,0,0,1,2,1,1,1
11256,1,0,1,2,1,2,1
11257,0,0,1,2,0,0,1
11258,1,0,2,3,2,1,1
11259,1,0,2,3,1,0,1
11260,0,0,4,3,2,1,1
11261,0,0,1,2,1,1,1
11262,0,0,4,6,0,0,1
11263,0,0,4,2,2,2,1
11264,1,0,1,2,0,0,1
11265,1,0,0,0,2,2,1
11266,1,0,2,3,1,2,0
11267,0,0,4,2,2,2,1
11268,0,0,2,3,1,2,1
11269,0,0,2,3,1,2,1
11270,1,0,1,2,1,1,1
11271,0,0,1,2,1,1,1
11272,0,0,4,2,2,2,1
11273,1,0,1,2,1,1,1
11274,1,0,0,0,0,0,0
11275,1,0,1,2,1,1,1
11276,0,0,4,2,2,2,1
11277,1,0,2,3,1,0,1
11278,1,0,1,2,1,1,1
11279,0,0,0,4,1,2,1
11280,1,0,1,2,1,2,1
11281,0,0,2,3,1,2,1
11282,1,0,3,1,1,0,0
11283,1,0,1,2,2,2,1
11284,0,0,4,6,1,1,1
11285,1,0,2,3,1,0,1
11286,0,0,4,3,1,1,1
11287,0,0,4,2,2,2,1
11288,0,0,4,2,2,2,1
11289,0,0,4,2,2,2,1
11290,0,0,4,2,1,1,1
11291,0,0,4,2,2,2,1
11292,1,0,3,1,2,1,2
11293,1,0,1,2,1,1,1
11294,0,0,4,6,1,2,1
11295,1,0,2,3,2,1,2
11296,1,0,1,2,1,1,1
11297,1,0,1,2,1,2,1
11298,1,0,2,3,1,0,1
11299,0,0,4,2,2,2,1
11300,0,0,1,2,2,2,1
11301,1,0,1,2,1,1,1
11302,1,0,1,2,1,1,1
11303,0,0,4,6,1,2,1
11304,0,0,4,2,2,2,1
11305,1,0,2,3,1,0,1
11306,1,0,1,2,1,1,1
11307,1,0,1,2,1,1,1
11308,1,0,1,2,1,1,1
11309,1,0,1,2,1,1,1
11310,0,0,4,2,2,2,1
11311,1,0,1,2,0,0,0
11312,1,0,2,3,1,0,1
11313,1,0,1,2,1,2,1
11314,1,0,1,2,1,1,1
11315,1,0,4,5,2,2,2
11316,1,0,1,2,1,1,1
11317,1,0,2,3,1,0,1
11318,1,0,1,2,2,2,1
11319,1,0,3,1,2,1,2
11320,0,0,1,2,0,0,1
11321,1,0,1,2,1,1,1
11322,1,0,1,2,0,0,0
11323,1,0,1,2,0,0,0
11324,1,0,2,3,1,2,1
11325,0,0,4,2,2,2,1
11326,0,0,4,2,2,2,1
11327,0,0,2,3,2,2,0
11328,0,0,4,6,1,1,1
11329,0,0,4,2,2,2,1
11330,1,0,2,3,1,1,1
11331,1,0,3,1,2,1,2
11332,0,0,0,4,0,1,0
11333,1,0,3,1,2,1,2
11334,0,0,2,3,1,2,1
11335,1,0,2,3,2,1,2
11336,1,0,1,2,1,1,1
11337,0,0,1,2,1,1,1
11338,0,0,4,2,2,2,1
11339,0,0,4,2,2,2,1
11340,1,0,1,2,1,1,1
11341,0,0,4,2,2,2,1
11342,1,0,2,3,0,0,0
11343,0,0,4,3,2,1,1
11344,0,0,2,3,1,2,1
11345,0,0,4,5,2,1,1
11346,0,0,1,2,1,1,1
11347,1,0,1,2,1,1,1
11348,1,0,2,3,1,0,1
11349,0,0,4,3,2,1,1
11350,1,0,1,2,0,0,0
11351,0,0,2,3,2,2,0
11352,0,0,0,4,0,1,0
11353,0,0,0,4,1,2,0
11354,0,0,4,2,2,2,1
11355,1,0,1,2,1,1,1
11356,1,0,2,3,0,0,0
11357,1,0,1,2,1,0,1
11358,1,0,1,2,1,1,1
11359,1,0,1,2,1,1,1
11360,1,0,1,2,1,1,1
11361,1,0,1,2,1,1,1
11362,1,0,1,2,1,1,1
11363,1,0,1,2,1,2,1
11364,1,0,1,2,1,1,1
11365,1,0,1,2,1,1,1
11366,1,0,1,2,1,2,1
11367,1,0,1,2,1,2,1
11368,1,0,2,3,1,0,1
11369,0,0,4,3,2,1,1
11370,1,0,2,3,1,0,1
11371,1,0,3,1,2,1,2
11372,1,0,1,2,1,2,1
11373,1,0,2,3,1,2,0
11374,1,0,1,2,1,1,1
11375,1,0,1,2,1,2,1
11376,1,0,1,2,1,1,1
11377,1,0,3,1,2,1,2
11378,0,0,4,2,2,2,1
11379,1,0,1,2,1,2,1
11380,0,0,4,6,1,2,1
11381,1,0,1,2,1,2,1
11382,0,0,1,2,0,0,1
11383,1,0,2,3,1,0,1
11384,1,0,1,2,1,1,1
11385,1,0,3,1,2,1,2
11386,1,0,0,0,1,2,1
11387,0,0,4,2,2,2,1
11388,1,0,1,2,1,2,1
11389,1,0,1,2,1,1,1
11390,1,0,1,2,1,2,1
11391,1,0,3,1,2,1,2
11392,1,0,0,0,1,2,0
11393,1,0,1,2,1,2,1
11394,1,0,3,1,2,1,2
11395,1,0,2,3,1,0,1
11396,1,0,1,2,1,1,1
11397,1,0,2,3,1,0,1
11398,1,0,1,2,1,2,1
11399,1,0,0,0,1,2,0
11400,1,0,1,2,0,0,1
11401,1,0,2,3,2,1,2
11402,0,0,4,2,2,2,1
11403,1,0,1,2,1,1,1
11404,0,0,4,2,2,2,1
11405,1,0,1,2,1,2,1
11406,1,0,2,3,1,2,1
11407,0,0,4,2,2,2,1
11408,1,0,1,2,1,2,1
11409,0,0,4,5,2,1,1
11410,1,0,1,2,1,1,1
11411,1,0,3,1,2,1,2
11412,1,0,4,5,2,2,2
11413,1,0,0,0,2,2,1
11414,0,0,4,3,2,1,1
11415,1,0,3,1,2,1,2
11416,1,0,0,0,1,2,1
11417,0,0,1,2,1,1,1
11418,0,0,4,2,2,2,1
11419,0,0,4,3,2,1,1
11420,0,0,4,3,2,1,1
11421,1,0,1,2,1,2,1
11422,0,0,4,5,2,1,1
11423,1,0,2,3,1,0,1
11424,1,0,1,2,1,1,1
11425,0,0,2,3,1,2,1
11426,1,0,1,2,1,1,1
11427,0,0,4,2,2,2,1
11428,1,0,2,3,1,0,1
11429,1,0,1,2,1,1,1
11430,0,0,4,2,2,2,1
11431,1,0,3,1,2,1,2
11432,1,0,1,2,1,2,1
11433,0,1,4,6,2,2,2
11434,1,0,3,1,2,1,2
11435,1,0,1,2,1,1,1
11436,1,0,1,2,1,1,1
11437,0,0,2,3,1,2,1
11438,1,0,2,3,1,0,1
11439,1,0,1,2,1,2,1
11440,1,0,1,2,1,1,1
11441,1,0,1,2,1,2,1
11442,1,0,1,2,1,1,1
11443,0,0,4,5,2,2,1
11444,0,0,4,2,2,2,1
11445,1,0,1,2,1,2,1
11446,1,0,2,3,1,0,1
11447,0,0,2,3,1,1,1
11448,0,0,4,2,2,2,1
11449,1,0,1,2,1,1,1
11450,1,0,2,3,2,2,1
11451,1,0,1,2,0,0,0
11452,0,0,1,2,1,1,1
11453,1,0,2,3,1,1,1
11454,1,0,2,3,1,2,1
11455,1,0,3,1,2,1,2
11456,0,0,0,4,0,1,0
11457,1,0,1,2,1,1,1
11458,1,0,1,2,0,0,1
11459,0,0,2,3,1,2,1
11460,0,0,4,2,2,2,1
11461,0,0,1,2,2,2,1
11462,1,0,3,1,2,1,2
11463,0,0,4,5,2,1,1
11464,1,0,2,3,1,0,1
11465,0,0,1,2,0,0,1
11466,0,0,4,5,2,1,1
11467,0,0,2,3,1,2,1
11468,1,0,1,2,1,1,1
11469,1,0,2,3,1,0,1
11470,0,0,4,3,1,1,1
11471,1,0,3,1,2,1,2
11472,1,0,1,2,1,2,1
11473,1,0,1,2,1,2,1
11474,1,0,1,2,1,1,1
11475,1,0,1,2,1,1,1
11476,1,0,1,2,1,2,1
11477,0,0,1,2,1,1,0
11478,1,0,0,0,0,0,0
11479,1,0,2,3,1,2,1
11480,0,0,4,6,1,2,1
11481,1,0,1,2,1,2,1
11482,1,0,1,2,1,2,1
11483,0,0,4,2,2,2,1
11484,1,0,1,2,1,1,1
11485,0,0,1,2,0,0,1
11486,1,0,3,1,2,1,2
11487,0,0,4,2,2,2,1
11488,1,0,3,1,2,1,2
11489,1,0,1,2,1,1,1
11490,1,0,2,3,1,0,1
11491,1,0,3,1,2,1,2
11492,1,0,1,2,1,1,1
11493,1,0,1,2,1,1,1
11494,1,0,0,0,2,2,1
11495,1,0,0,0,2,2,1
11496,1,0,2,3,2,1,2
11497,1,0,3,1,2,1,2
11498,1,0,1,2,1,2,1
11499,1,0,3,1,2,1,2
11500,1,0,1,2,1,1,1
11501,1,0,2,3,2,1,2
11502,0,0,4,2,2,2,1
11503,0,0,2,3,1,2,1
11504,1,0,1,2,1,1,1
11505,0,0,1,2,0,0,1
11506,0,0,1,2,0,0,1
11507,0,0,4,2,2,2,1
11508,1,0,2,3,2,1,2
11509,1,0,1,2,1,0,1
11510,0,0,4,2,2,2,1
11511,1,0,3,1,2,1,2
11512,1,0,2,3,1,0,1
11513,0,0,4,2,2,2,1
11514,0,0,1,2,1,1,1
11515,0,1,4,6,0,0,1
11516,0,0,1,2,1,1,1
11517,0,0,4,2,1,2,1
11518,0,0,4,2,2,2,1
11519,1,0,2,3,1,0,1
11520,0,0,4,2,2,2,1
11521,1,0,1,2,1,1,1
11522,0,0,4,2,2,2,1
11523,1,0,1,2,1,1,1
11524,0,0,1,2,0,0,1
11525,0,0,4,2,2,2,1
11526,0,0,4,6,1,2,1
11527,1,0,1,2,1,1,1
11528,1,0,1,2,2,2,1
11529,0,0,1,2,0,0,1
11530,0,0,4,2,2,2,1
11531,1,0,3,1,2,1,2
11532,1,0,2,3,2,1,2
11533,1,0,1,2,1,1,1
11534,1,0,3,1,2,1,2
11535,1,0,1,2,1,1,1
11536,0,0,4,3,2,1,1
11537,1,0,1,2,1,1,1
11538,1,0,3,1,2,1,2
11539,1,0,1,2,1,1,1
11540,0,0,4,2,2,2,1
11541,1,0,1,2,1,1,1
11542,1,0,1,2,1,1,1
11543,1,0,1,2,1,0,1
11544,0,0,4,2,2,2,1
11545,1,0,3,1,2,1,2
11546,0,0,4,5,2,1,1
11547,1,0,1,2,1,2,1
11548,1,0,1,2,1,1,1
11549,1,0,1,2,1,2,1
11550,0,0,2,3,2,2,2
11551,1,0,2,3,2,1,2
11552,0,0,4,2,2,2,1
11553,1,0,0,0,2,2,1
11554,1,0,1,2,1,1,1
11555,1,0,2,3,2,1,2
11556,0,0,4,6,0,0,1
11557,0,0,4,2,2,2,1
11558,1,0,1,2,0,0,0
11559,1,0,2,3,1,0,1
11560,1,0,4,5,2,2,2
11561,1,0,4,5,2,2,2
11562,1,0,4,5,2,2,2
11563,0,0,4,5,1,1,1
11564,1,0,3,1,2,1,2
11565,1,0,2,3,2,1,2
11566,0,0,1,2,0,0,1
11567,0,0,1,2,1,1,1
11568,1,0,3,1,2,1,2
11569,1,0,2,3,1,2,1
11570,1,0,3,1,2,1,2
11571,0,0,0,4,1,2,0
11572,1,0,1,2,1,2,1
11573,1,0,1,2,1,1,1
11574,1,0,3,1,2,1,2
11575,0,0,1,2,1,1,1
11576,0,0,4,3,2,1,1
11577,1,0,1,2,1,1,1
11578,1,0,2,3,1,0,1
11579,0,0,0,4,1,2,0
11580,1,0,1,2,0,0,1
11581,0,0,1,2,1,1,1
11582,0,0,4,3,2,1,1
11583,1,0,1,2,1,1,1
11584,0,0,4,6,1,1,1
11585,1,0,3,1,2,1,2
11586,1,0,1,2,1,1,1
11587,1,0,1,2,1,1,1
11588,1,0,1,2,1,2,1
11589,1,0,2,3,1,1,1
11590,1,0,1,2,1,1,1
11591,1,0,1,2,1,1,1
11592,1,0,1,2,1,1,1
11593,0,0,4,6,0,0,1
11594,1,0,1,2,1,2,1
11595,1,0,3,1,2,1,2
11596,0,0,2,3,2,0,2
11597,1,0,2,3,1,2,1
11598,1,0,1,2,1,1,1
11599,1,0,1,2,1,1,1
11600,0,0,1,2,0,0,1
11601,1,0,1,2,1,1,1
11602,1,0,2,3,1,2,1
11603,1,0,1,2,1,1,1
11604,0,0,4,2,2,2,1
11605,1,0,3,1,2,1,2
11606,1,0,2,3,1,0,1
11607,1,0,1,2,1,2,1
11608,0,1,0,0,2,2,1
11609,1,0,2,3,1,2,0
11610,0,0,4,2,2,2,1
11611,1,0,3,1,2,1,2
11612,1,0,1,2,1,1,1
11613,0,0,4,2,2,2,1
11614,0,0,4,5,2,1,1
11615,1,0,2,3,1,2,0
11616,1,0,3,1,2,1,2
11617,1,0,2,3,1,0,1
11618,1,0,3,1,2,1,2
11619,1,0,1,2,1,2,1
11620,1,0,1,2,1,2,1
11621,1,0,1,2,1,2,1
11622,1,0,1,2,1,2,1
11623,1,0,1,2,1,1,1
11624,0,0,2,3,2,0,2
11625,1,0,3,1,2,1,2
11626,1,0,1,2,1,1,1
11627,1,0,1,2,1,1,1
11628,1,0,2,3,2,1,2
11629,1,0,1,2,1,1,1
11630,0,0,4,2,2,2,1
11631,1,0,1,2,1,2,1
11632,0,0,4,3,2,1,1
11633,1,0,3,1,2,1,2
11634,0,0,4,2,2,2,1
11635,1,0,2,3,2,1,2
11636,0,0,4,2,2,2,1
11637,1,0,1,2,0,0,1
11638,1,0,1,2,1,1,1
11639,0,0,4,6,1,2,1
11640,1,0,4,5,2,2,2
11641,0,1,0,0,2,2,1
11642,0,0,1,2,1,1,0
11643,0,0,4,2,2,2,1
11644,1,0,1,2,0,0,1
11645,0,0,4,6,1,2,1
11646,1,0,3,1,2,1,2
11647,1,0,1,2,0,0,1
11648,0,0,4,6,0,0,1
11649,1,0,1,2,1,1,1
11650,0,0,4,5,2,1,1
11651,1,0,1,2,0,0,0
11652,0,0,4,6,2,2,1
11653,1,0,1,2,1,2,1
11654,0,0,4,3,2,1,1
11655,1,0,2,3,1,0,1
11656,1,0,3,1,2,1,2
11657,1,0,1,2,1,1,1
11658,0,0,4,2,1,2,1
11659,1,0,3,1,2,1,2
11660,1,0,3,1,2,1,2
11661,0,0,0,4,0,1,0
11662,0,1,0,0,2,2,1
11663,1,0,2,3,1,0,1
11664,0,0,4,3,2,1,1
11665,1,0,1,2,1,1,1
11666,0,0,4,6,1,2,1
11667,0,0,1,2,1,1,1
11668,1,0,1,2,1,1,1
11669,0,0,4,6,1,1,1
11670,1,0,2,3,2,1,2
11671,0,0,4,5,2,1,1
11672,1,0,2,3,1,0,1
11673,1,0,2,3,2,2,1
11674,1,0,2,3,2,1,1
11675,0,0,4,2,2,2,1
11676,1,0,1,2,1,2,1
11677,1,0,1,2,1,1,1
11678,0,0,4,3,2,1,1
11679,0,0,4,2,2,2,1
11680,1,0,2,3,1,0,1
11681,0,0,0,4,1,2,0
11682,1,0,2,3,1,2,0
11683,0,0,1,2,0,0,1
11684,0,0,4,2,2,2,1
11685,1,0,0,0,1,1,1
11686,0,0,4,2,2,2,1
11687,0,0,4,3,2,1,1
11688,0,0,4,2,2,2,1
11689,0,0,4,2,2,2,1
11690,0,0,4,5,2,1,1
11691,0,0,4,5,2,1,1
11692,1,0,0,0,0,0,0
11693,0,0,4,5,2,1,1
11694,1,0,1,2,1,1,1
11695,1,0,3,1,2,1,2
11696,1,0,1,2,1,2,1
11697,1,0,1,2,1,1,1
11698,1,0,1,2,1,2,1
11699,1,0,2,3,2,2,1
11700,0,0,4,2,2,2,1
11701,0,0,4,2,2,2,1
11702,1,0,2,3,2,1,2
11703,1,0,1,2,1,1,1
11704,1,0,0,0,1,0,1
11705,1,0,1,2,1,1,1
11706,1,0,2,3,2,2,1
11707,1,0,1,2,1,2,1
11708,1,0,0,0,1,2,0
11709,1,0,4,5,2,2,2
11710,1,0,2,3,1,0,1
11711,1,0,1,2,0,0,1
11712,1,0,1,2,1,1,1
11713,1,0,1,2,1,1,1
11714,0,0,1,2,0,0,1
11715,0,0,1,2,0,0,1
11716,1,0,3,1,2,1,2
11717,0,0,4,2,2,2,1
11718,1,0,1,2,1,2,1
11719,1,0,2,3,1,2,1
11720,1,0,1,2,1,1,1
11721,1,0,4,5,2,2,2
11722,0,0,1,2,1,1,1
11723,0,0,1,2,1,1,1
11724,1,0,1,2,1,1,1
11725,1,0,2,3,1,2,0
11726,1,0,1,2,1,2,1
11727,0,0,4,6,0,0,1
11728,0,0,4,6,0,0,1
11729,1,0,1,2,1,1,1
11730,1,0,1,2,1,1,1
11731,1,0,2,3,2,2,1
11732,1,0,1,2,1,1,1
11733,0,0,4,2,2,2,1
11734,0,0,4,3,2,1,1
11735,0,0,2,3,1,2,1
11736,1,0,2,3,2,1,2
11737,0,0,4,2,1,2,1
11738,1,0,3,1,2,1,2
11739,1,0,3,1,2,1,2
11740,0,0,1,2,1,1,1
11741,1,0,4,5,2,2,2
11742,0,0,4,6,1,2,1
11743,1,0,2,3,2,1,2
11744,1,0,3,1,2,1,2
11745,1,0,3,1,2,1,2
11746,0,0,4,2,2,2,1
11747,1,0,0,0,2,2,1
11748,1,0,1,2,1,2,1
11749,1,0,2,3,1,0,1
11750,0,0,4,2,1,2,1
11751,1,0,2,3,1,0,1
11752,0,0,2,3,2,0,2
11753,1,0,1,2,1,2,1
11754,1,0,3,1,2,1,2
11755,0,0,4,2,2,2,1
11756,1,0,1,2,1,2,1
11757,0,0,4,6,1,2,1
11758,1,0,2,3,1,0,1
11759,1,0,1,2,1,2,1
11760,0,0,1,2,1,1,1
11761,0,0,1,2,0,0,1
11762,0,0,4,2,2,2,1
11763,1,0,2,3,1,1,1
11764,1,0,2,3,1,2,1
11765,0,0,4,2,2,2,1
11766,1,0,2,3,1,1,1
11767,0,0,4,2,2,2,1
11768,1,0,2,3,1,1,1
11769,0,0,4,2,2,2,1
11770,1,0,2,3,2,2,1
11771,1,0,3,1,2,1,2
11772,1,0,2,3,1,2,1
11773,1,0,1,2,1,2,1
11774,1,0,2,3,2,2,1
11775,1,0,1,2,1,1,1
11776,1,0,2,3,2,1,2
11777,0,0,4,2,2,2,1
11778,1,0,3,1,2,1,2
11779,1,0,1,2,1,1,1
11780,0,0,4,2,2,2,1
11781,0,0,1,2,2,2,1
11782,1,0,1,2,1,2,1
11783,1,0,3,1,2,1,2
11784,1,0,1,2,1,1,1
11785,0,0,4,2,2,2,1
11786,0,0,4,2,2,2,1
11787,1,0,2,3,1,2,0
11788,1,0,1,2,1,2,1
11789,0,0,4,2,2,2,1
11790,1,0,2,3,2,1,2
11791,1,0,3,1,2,1,2
11792,1,0,3,1,2,1,2
11793,1,0,3,1,2,1,2
11794,1,0,3,1,2,1,2
11795,1,0,1,2,1,1,1
11796,0,0,1,2,1,1,1
11797,1,0,1,2,1,2,1
11798,1,0,3,1,2,1,2
11799,1,0,1,2,1,1,1
11800,1,0,3,1,2,1,2
11801,1,0,1,2,1,1,1
11802,1,0,2,3,2,1,2
11803,1,0,1,2,0,0,1
11804,1,0,1,2,1,2,1
11805,0,0,4,3,1,1,1
11806,0,0,4,6,1,2,1
11807,1,0,1,2,1,1,1
11808,1,0,2,3,1,0,1
11809,1,0,0,0,1,2,1
11810,1,0,2,3,1,0,1
11811,1,0,1,2,1,1,1
11812,1,0,3,1,2,1,2
11813,1,0,2,3,2,2,1
11814,0,0,0,4,0,1,0
11815,1,0,3,1,2,1,2
11816,1,0,3,1,2,1,2
11817,1,0,1,2,1,2,1
11818,0,0,4,2,2,2,1
11819,1,0,1,2,0,0,0
11820,1,0,1,2,1,1,1
11821,1,0,1,2,1,2,1
11822,0,0,1,2,0,0,1
11823,1,0,1,2,1,1,1
11824,1,0,2,3,1,1,1
11825,1,0,1,2,1,1,1
11826,0,0,1,2,1,1,1
11827,0,0,4,2,2,2,1
11828,0,1,4,6,2,2,2
11829,0,0,4,2,2,2,1
11830,0,0,2,3,1,2,1
11831,1,0,1,2,1,1,1
11832,1,0,1,2,1,1,1
11833,0,0,4,6,1,2,1
11834,1,0,1,2,1,2,1
11835,0,0,1,2,0,0,1
11836,0,0,4,2,2,2,1
11837,0,0,4,2,2,2,1
11838,1,0,1,2,1,2,1
11839,1,0,1,2,1,1,1
11840,0,0,4,5,2,1,1
11841,1,0,1,2,1,1,1
11842,1,0,2,3,1,0,1
11843,0,0,1,2,0,0,1
11844,0,0,2,3,1,2,1
11845,1,0,2,3,1,0,1
11846,0,0,2,3,2,0,2
11847,1,0,1,2,1,1,1
11848,0,0,4,5,2,1,1
11849,1,0,3,1,2,1,2
11850,1,0,2,3,1,0,1
11851,1,0,4,5,2,2,2
11852,1,0,1,2,1,2,1
11853,1,0,3,1,2,1,2
11854,1,0,1,2,0,0,1
11855,1,0,3,1,2,1,2
11856,0,0,4,2,2,2,1
11857,0,0,1,2,1,2,1
11858,0,0,4,6,0,0,1
11859,0,0,1,2,1,1,1
11860,0,0,4,5,2,1,1
11861,0,0,2,3,1,2,1
11862,1,0,2,3,2,1,2
11863,1,0,2,3,1,0,1
11864,1,0,2,3,1,0,1
11865,1,0,1,2,1,2,1
11866,0,0,1,2,1,1,1
11867,1,0,2,3,1,0,1
11868,1,0,1,2,1,1,1
11869,1,0,4,5,2,2,2
11870,0,0,1,2,0,0,1
11871,1,0,1,2,1,2,1
11872,1,0,1,2,1,1,1
11873,1,0,3,1,2,1,2
11874,1,0,0,0,1,2,0
11875,1,0,1,2,1,2,1
11876,1,0,1,2,1,1,1
11877,0,0,4,2,2,2,1
11878,1,0,1,2,1,2,1
11879,0,0,4,2,2,2,1
11880,1,0,3,1,2,1,2
11881,0,0,4,5,2,1,1
11882,1,0,1,2,0,0,1
11883,1,0,0,0,2,2,1
11884,1,0,1,2,1,2,1
11885,1,0,3,1,2,1,2
11886,1,0,2,3,1,0,1
11887,1,0,1,2,1,1,1
11888,1,0,1,2,1,2,1
11889,1,0,2,3,2,1,1
11890,1,0,2,3,1,0,1
11891,0,0,2,3,1,1,1
11892,1,0,3,1,2,1,2
11893,1,0,2,3,2,1,2
11894,1,0,1,2,1,2,1
11895,1,0,2,3,0,0,0
11896,0,0,4,3,1,1,1
11897,1,0,2,3,1,2,1
11898,1,0,2,3,1,1,1
11899,1,0,3,1,2,1,2
11900,1,0,1,2,1,1,1
11901,1,0,3,1,2,1,2
11902,1,0,1,2,0,0,1
11903,0,0,4,2,2,2,1
11904,1,0,1,2,1,1,1
11905,1,0,2,3,2,1,2
11906,0,0,4,2,2,2,1
11907,1,0,2,3,1,0,1
11908,1,0,1,2,1,1,1
11909,1,0,2,3,2,2,1
11910,1,0,1,2,1,1,1
11911,1,0,2,3,1,2,1
11912,1,0,1,2,1,2,1
11913,1,0,3,1,2,1,2
11914,1,0,1,2,1,1,1
11915,1,0,1,2,1,1,1
11916,0,0,4,2,2,2,1
11917,1,0,3,1,2,1,2
11918,1,0,1,2,1,1,1
11919,1,0,2,3,1,2,1
11920,0,0,4,6,0,0,1
11921,0,0,4,3,1,1,1
11922,1,0,1,2,0,0,1
11923,0,0,1,2,1,1,1
11924,1,0,2,3,1,1,1
11925,0,0,4,3,1,1,1
11926,1,0,2,3,1,0,1
11927,1,0,1,2,1,1,1
11928,1,0,1,2,1,1,1
11929,1,0,2,3,1,0,1
11930,1,0,1,2,1,1,1
11931,1,0,3,1,2,1,2
11932,0,0,4,6,1,2,1
11933,1,0,2,3,2,1,2
11934,1,0,3,1,2,1,2
11935,0,0,4,2,2,2,1
11936,0,0,4,3,1,1,1
11937,0,0,4,2,2,2,1
11938,1,0,1,2,1,2,1
11939,1,0,2,3,2,1,2
11940,1,0,1,2,1,2,1
11941,0,0,4,2,2,2,1
11942,0,0,4,3,2,1,1
11943,1,0,2,3,1,2,0
11944,1,0,1,2,1,1,1
11945,1,0,1,2,1,1,1
11946,1,0,1,2,1,1,1
11947,1,0,3,1,2,1,2
11948,0,0,4,2,2,2,1
11949,1,0,1,2,1,2,1
11950,1,0,1,2,1,2,1
11951,1,0,2,3,2,1,2
11952,1,0,2,3,1,0,1
11953,1,0,1,2,1,2,1
11954,1,0,3,1,2,1,2
11955,1,0,2,3,2,1,2
11956,1,0,2,3,1,0,1
11957,0,0,2,3,2,0,2
11958,1,0,2,3,2,1,2
11959,0,0,4,2,1,2,1
11960,1,0,1,2,1,1,1
11961,1,0,1,2,1,1,1
11962,0,0,4,2,2,2,1
11963,1,0,1,2,0,0,1
11964,1,0,2,3,1,0,1
11965,1,0,1,2,1,1,1
11966,1,0,1,2,1,1,1
11967,0,0,4,2,2,2,1
11968,1,0,1,2,1,1,1
11969,1,0,4,5,2,2,2
11970,0,0,2,3,1,2,1
11971,1,0,1,2,1,1,1
11972,1,0,2,3,1,2,1
11973,1,0,1,2,0,0,0
11974,1,0,1,2,1,1,1
11975,1,0,1,2,0,0,1
11976,0,0,4,2,2,2,1
11977,1,0,1,2,1,1,1
11978,1,0,1,2,1,1,1
11979,1,0,1,2,1,2,1
11980,1,0,1,2,1,1,1
11981,1,0,2,3,2,1,2
11982,1,0,1,2,1,2,1
11983,0,0,4,2,2,2,1
11984,1,0,1,2,1,2,1
11985,1,0,1,2,1,2,1
11986,0,0,4,3,2,1,1
11987,1,0,1,2,1,1,1
11988,1,0,2,3,1,0,1
11989,1,0,1,2,1,2,1
11990,1,0,0,0,1,2,1
11991,0,0,1,2,0,0,1
11992,0,0,1,2,0,0,1
11993,1,0,2,3,1,0,1
11994,0,0,4,2,2,2,1
11995,1,0,3,1,2,1,2
11996,0,0,4,2,2,2,1
11997,1,0,1,2,1,1,1
11998,1,0,1,2,1,1,1
11999,1,0,0,0,0,2,1
12000,1,0,1,2,1,2,1
12001,1,0,1,2,0,0,1
12002,1,0,2,3,1,0,1
12003,0,0,1,2,1,1,1
12004,1,0,2,3,2,1,2
12005,0,0,1,2,1,1,1
12006,1,0,1,2,1,1,1
12007,0,0,4,2,2,2,1
12008,1,0,2,3,1,0,1
12009,1,0,1,2,1,2,1
12010,1,0,2,3,1,0,1
12011,1,0,1,2,0,0,1
12012,1,0,1,2,1,1,1
12013,1,0,1,2,0,0,1
12014,1,0,1,2,1,1,1
12015,0,0,4,6,1,1,1
12016,0,0,4,2,2,2,1
12017,0,0,0,4,1,2,0
12018,1,0,2,3,1,1,1
12019,1,0,1,2,1,1,1
12020,1,0,3,1,2,1,2
12021,0,0,1,2,0,0,1
12022,1,0,1,2,1,1,1
12023,0,0,4,6,0,0,1
12024,1,0,1,2,1,1,1
12025,1,0,2,3,1,0,1
12026,1,0,3,1,2,1,2
12027,1,0,1,2,1,2,1
12028,1,0,3,1,2,1,2
12029,1,0,3,1,2,1,2
12030,1,0,1,2,1,2,1
12031,1,0,2,3,1,0,1
12032,1,0,2,3,1,2,0
12033,1,0,1,2,1,1,1
12034,1,0,1,2,1,1,1
12035,1,0,3,1,2,1,2
12036,0,0,4,3,1,1,1
12037,1,0,2,3,1,2,1
12038,0,0,4,3,2,1,1
12039,1,0,1,2,1,1,1
12040,1,0,1,2,1,2,1
12041,1,0,3,1,2,1,2
12042,0,0,2,3,1,2,1
12043,0,0,4,2,2,2,1
12044,0,0,4,2,2,2,1
12045,1,0,2,3,1,0,1
12046,1,0,1,2,1,2,1
12047,0,0,0,4,0,1,0
12048,0,0,4,2,2,2,1
12049,1,0,1,2,1,0,1
12050,0,0,4,5,2,1,1
12051,1,0,1,2,1,1,1
12052,1,0,1,2,1,2,1
12053,1,0,1,2,1,2,1
12054,1,0,2,3,2,2,1
12055,1,0,1,2,1,2,1
12056,0,0,4,2,2,2,1
12057,1,0,1,2,1,1,1
12058,0,1,0,0,2,2,1
12059,1,0,1,2,1,1,1
12060,1,0,4,5,2,2,2
12061,0,0,4,5,2,1,1
12062,0,0,4,5,2,1,1
12063,1,0,1,2,1,1,1
12064,1,0,3,1,2,1,2
12065,1,0,1,2,1,1,1
12066,0,0,4,2,2,2,1
12067,1,0,1,2,1,1,1
12068,0,0,4,2,2,2,1
12069,1,0,1,2,1,1,1
12070,0,0,4,6,0,0,1
12071,0,0,1,2,1,1,1
12072,1,0,2,3,2,1,2
12073,0,0,4,2,2,2,1
12074,1,0,2,3,1,0,1
12075,1,0,1,2,1,1,1
12076,1,0,0,0,1,1,1
12077,1,0,2,3,2,1,2
12078,0,0,1,2,1,1,1
12079,1,0,1,2,1,1,1
12080,1,0,1,2,0,0,1
12081,1,0,1,2,1,2,1
12082,1,0,1,2,1,2,1
12083,1,0,3,1,2,1,2
12084,1,0,1,2,1,1,1
12085,1,0,1,2,1,2,1
12086,0,0,4,6,1,2,1
12087,1,0,1,2,0,0,1
12088,1,0,1,2,1,1,1
12089,1,0,1,2,1,2,1
12090,1,0,1,2,1,1,1
12091,1,0,1,2,1,1,1
12092,1,0,1,2,1,1,1
12093,0,0,4,6,0,0,1
12094,1,0,1,2,1,1,1
12095,0,0,4,2,2,2,1
12096,1,0,2,3,2,1,2
12097,1,0,3,1,2,1,2
12098,1,0,0,0,1,2,1
12099,1,0,2,3,1,0,1
12100,1,0,1,2,1,1,1
12101,1,0,1,2,1,1,1
12102,0,0,0,4,1,2,0
12103,1,0,3,1,2,1,2
12104,1,0,1,2,1,1,1
12105,1,0,1,2,1,1,1
12106,0,0,2,3,2,0,2
12107,1,0,1,2,0,0,0
12108,0,0,1,2,0,0,1
12109,0,0,4,2,2,2,1
12110,0,0,4,6,1,2,1
12111,1,0,1,2,1,1,1
12112,0,0,4,3,1,1,1
12113,0,0,4,5,1,0,1
12114,1,0,3,1,2,1,2
12115,0,0,2,3,1,2,1
12116,1,0,2,3,2,2,1
12117,0,0,1,2,1,1,1
12118,1,0,1,2,1,2,1
12119,1,0,1,2,1,1,1
12120,0,0,4,2,2,2,1
12121,1,0,2,3,1,2,1
12122,1,0,3,1,2,1,2
12123,0,0,4,6,1,2,1
12124,1,0,1,2,1,1,1
12125,0,0,4,2,2,2,1
12126,1,0,1,2,1,1,1
12127,1,0,1,2,1,2,1
12128,0,0,1,2,1,1,1
12129,0,0,4,2,2,2,1
12130,1,0,1,2,2,2,1
12131,1,0,2,3,1,0,1
12132,1,0,1,2,1,1,1
12133,0,0,4,6,2,1,1
12134,0,0,4,2,2,2,1
12135,1,0,2,3,1,2,0
12136,0,0,4,2,2,2,1
12137,0,0,4,2,2,2,1
12138,0,0,4,3,2,1,1
12139,1,0,4,5,2,2,2
12140,1,0,3,1,2,1,2
12141,0,0,4,4,1,1,1
12142,1,0,2,3,1,0,1
12143,1,0,2,3,2,1,2
12144,0,0,4,6,0,0,1
12145,1,0,1,2,1,1,1
12146,1,0,0,0,0,2,1
12147,1,0,1,2,1,1,1
12148,1,0,1,2,0,0,1
12149,1,0,1,2,1,2,1
12150,1,0,1,2,1,1,1
12151,0,0,4,2,2,2,1
12152,0,0,4,6,1,2,1
12153,1,0,1,2,1,2,1
12154,0,0,4,2,2,2,1
12155,0,0,2,3,1,1,1
12156,1,0,1,2,1,2,1
12157,1,0,1,2,1,1,1
12158,0,0,4,2,2,2,1
12159,1,0,3,1,2,1,2
12160,0,0,4,2,2,2,1
12161,0,0,4,3,2,1,1
12162,1,0,1,2,0,0,1
12163,1,0,4,5,2,2,2
12164,1,0,1,2,1,1,1
12165,0,0,4,5,2,1,1
12166,1,0,1,2,1,2,1
12167,1,0,1,2,1,1,1
12168,1,0,2,3,1,0,1
12169,1,0,2,3,1,0,1
12170,1,0,1,2,1,1,1
12171,1,0,2,3,1,0,1
12172,0,0,2,3,1,2,1
12173,1,0,0,0,0,0,0
12174,1,0,1,2,1,1,1
12175,0,0,4,5,2,1,1
12176,1,0,1,2,1,2,1
12177,1,0,2,3,1,2,0
12178,0,1,4,6,0,0,1
12179,0,0,0,4,0,1,0
12180,0,0,2,3,1,2,1
12181,1,0,0,0,1,0,1
12182,1,0,1,2,1,1,1
12183,0,0,4,2,2,2,1
12184,0,0,4,2,2,2,1
12185,1,0,1,2,1,1,1
12186,0,0,4,2,2,2,1
12187,1,0,0,0,2,2,1
12188,0,0,2,3,1,2,1
12189,0,0,4,6,1,2,1
12190,1,0,1,2,1,2,1
12191,1,0,1,2,1,2,1
12192,0,0,4,2,2,2,1
12193,1,0,1,2,1,1,1
12194,1,0,2,3,1,2,0
12195,1,0,2,3,1,2,0
12196,1,0,1,2,1,1,1
12197,1,0,2,3,1,2,0
12198,0,0,4,2,2,2,1
12199,0,0,2,3,1,2,1
12200,0,0,4,2,2,2,1
12201,0,0,4,6,1,2,1
12202,0,0,4,6,2,2,1
12203,1,0,1,2,1,2,1
12204,1,0,4,5,2,2,2
12205,1,0,3,1,2,1,2
12206,0,0,4,2,2,2,1
12207,1,0,1,2,0,0,0
12208,1,0,1,2,1,2,1
12209,0,0,1,2,1,1,1
12210,1,0,1,2,1,1,1
12211,1,0,1,2,1,1,1
12212,1,0,1,2,1,1,1
12213,1,0,2,3,1,0,1
12214,1,0,1,2,2,2,1
12215,0,0,4,2,1,2,1
12216,1,0,1,2,0,0,0
12217,1,0,0,0,2,2,1
12218,0,0,4,3,1,1,1
12219,1,0,1,2,0,0,0
12220,1,0,1,2,1,1,1
12221,0,0,4,6,2,1,1
12222,1,0,2,3,2,1,2
12223,0,0,4,2,2,2,1
12224,1,0,1,2,0,0,0
12225,1,0,3,1,2,1,2
12226,1,0,1,2,1,1,1
12227,0,0,4,2,2,2,1
12228,1,0,1,2,1,2,1
12229,1,0,1,2,1,1,1
12230,1,0,3,1,2,1,2
12231,1,0,1,2,1,1,1
12232,1,0,3,1,2,1,2
12233,1,0,0,0,1,2,1
12234,1,0,2,3,2,1,2
12235,1,0,1,2,1,1,1
12236,0,0,4,2,2,2,1
12237,0,0,0,4,1,2,0
12238,0,0,4,2,2,2,1
12239,0,0,4,2,2,2,1
12240,0,0,4,5,2,1,1
12241,1,0,1,2,1,1,1
12242,0,0,1,2,1,1,1
12243,0,0,1,2,2,2,1
12244,0,0,1,2,1,1,1
12245,1,0,2,3,0,0,0
12246,1,0,1,2,0,0,1
12247,0,0,4,2,2,2,1
12248,0,0,4,6,2,1,1
12249,1,0,1,2,1,2,1
12250,0,0,1,2,1,1,1
12251,1,0,3,1,2,1,2
12252,1,0,0,0,1,2,0
12253,0,0,4,2,1,2,1
12254,0,0,4,2,2,2,1
12255,0,0,4,2,2,2,1
12256,1,0,1,2,1,2,1
12257,1,0,1,2,1,1,1
12258,1,0,2,3,1,0,1
12259,1,0,2,3,1,1,1
12260,1,0,3,1,2,1,2
12261,1,0,1,2,1,2,1
12262,0,0,4,3,2,1,1
12263,1,0,1,2,1,1,1
12264,1,0,0,0,0,2,1
12265,1,0,1,2,1,2,1
12266,1,0,1,2,1,1,1
12267,1,0,1,2,1,1,1
12268,0,0,4,2,2,2,1
12269,1,0,1,2,1,2,1
12270,1,0,2,3,1,1,1
12271,1,0,1,2,1,1,1
12272,1,0,1,2,1,1,1
12273,1,0,1,2,1,2,1
12274,1,0,1,2,1,2,1
12275,1,0,3,1,2,1,2
12276,1,0,3,1,2,1,2
12277,1,0,1,2,0,0,1
12278,1,0,2,3,1,0,1
12279,0,0,4,2,2,2,1
12280,0,0,4,2,2,2,1
12281,1,0,2,3,1,2,1
12282,1,0,1,2,0,0,1
12283,1,0,1,2,1,2,1
12284,1,0,1,2,1,1,1
12285,0,0,4,2,2,2,1
12286,1,0,2,3,1,0,1
12287,1,0,1,2,1,1,1
12288,1,0,1,2,2,2,1
12289,1,0,3,1,2,1,2
12290,0,0,1,2,1,1,1
12291,1,0,2,3,2,2,1
12292,0,0,0,0,1,1,1
12293,0,0,1,2,1,1,0
12294,0,0,1,2,1,2,1
12295,0,0,4,2,2,2,1
12296,1,0,1,2,1,2,1
12297,0,0,1,2,1,1,1
12298,0,0,1,2,0,0,1
12299,0,0,4,2,2,2,1
12300,0,0,4,5,2,1,1
12301,1,0,1,2,2,2,1
12302,1,0,1,2,1,1,1
12303,0,0,4,3,1,1,1
12304,0,0,4,3,2,1,1
12305,1,0,3,1,2,1,2
12306,1,0,3,1,2,1,2
12307,1,0,1,2,0,0,0
12308,1,0,3,1,2,1,2
12309,1,0,2,3,1,1,1
12310,1,0,1,2,0,0,1
12311,1,0,3,1,2,1,2
12312,1,0,2,3,2,1,2
12313,1,0,3,1,2,1,2
12314,0,0,4,2,2,2,1
12315,1,0,2,3,1,0,1
12316,1,0,1,2,1,1,1
12317,1,0,2,3,2,1,1
12318,0,0,4,6,0,0,1
12319,1,0,2,3,1,0,1
12320,1,0,1,2,1,1,1
12321,0,0,4,6,1,2,1
12322,1,0,1,2,1,2,1
12323,0,0,4,5,2,1,1
12324,1,0,1,2,1,1,1
12325,0,0,4,2,2,2,1
12326,1,0,1,2,1,1,1
12327,1,0,1,2,0,0,0
12328,0,0,4,2,2,2,1
12329,1,0,1,2,1,0,1
12330,1,0,1,2,1,2,1
12331,1,0,1,2,1,2,1
12332,1,0,1,2,1,1,1
12333,1,0,4,5,2,2,2
12334,1,0,1,2,1,2,1
12335,1,0,1,2,1,2,1
12336,1,0,0,0,1,1,1
12337,1,0,4,5,2,2,2
12338,1,0,1,2,1,1,1
12339,1,0,3,1,2,1,2
12340,1,0,0,0,1,2,1
12341,1,0,3,1,2,1,2
12342,0,0,1,2,2,2,1
12343,0,0,4,2,2,2,1
12344,0,0,4,2,2,2,1
12345,1,0,1,2,0,0,1
12346,1,0,1,2,1,1,1
12347,0,1,4,6,2,2,2
12348,0,0,4,5,2,1,1
12349,1,0,1,2,1,1,1
12350,1,0,1,2,1,1,1
12351,1,0,1,2,0,0,1
12352,0,0,0,4,0,1,0
12353,1,0,1,2,1,2,1
12354,1,0,1,2,1,1,1
12355,1,0,1,2,1,2,1
12356,1,0,1,2,0,0,1
12357,1,0,2,3,1,2,1
12358,0,0,4,3,2,1,1
12359,1,0,2,3,2,1,2
12360,0,0,4,5,2,1,1
12361,1,0,2,3,1,1,1
12362,1,0,1,2,1,2,1
12363,1,0,3,1,1,1,1
12364,1,0,1,2,1,1,1
12365,0,0,1,2,1,1,1
12366,1,0,1,2,1,2,1
12367,0,0,4,2,2,2,1
12368,1,0,2,3,1,1,1
12369,0,1,4,6,0,0,1
12370,0,0,4,6,0,0,1
12371,1,0,2,3,2,1,1
12372,1,0,0,0,1,2,0
12373,1,0,1,2,1,1,1
12374,0,0,4,2,2,2,1
12375,1,0,1,2,1,1,1
12376,0,0,4,2,2,2,1
12377,1,0,1,2,1,1,1
12378,0,0,4,3,2,1,1
12379,1,0,4,5,2,2,2
12380,1,0,2,3,2,1,2
12381,0,0,2,3,1,2,1
12382,1,0,3,1,2,1,2
12383,1,0,1,2,1,1,1
12384,1,0,1,2,1,1,1
12385,1,0,2,3,1,2,0
12386,0,0,0,4,2,2,1
12387,1,0,1,2,1,1,1
12388,1,0,2,3,1,2,0
12389,1,0,1,2,1,2,1
12390,0,0,4,2,2,2,1
12391,1,0,1,2,1,2,1
12392,1,0,2,3,1,1,1
12393,1,0,3,1,2,1,2
12394,1,0,2,3,1,0,1
12395,0,0,4,2,2,2,1
12396,0,0,1,2,1,1,1
12397,1,0,2,3,1,0,1
12398,1,0,2,3,2,1,2
12399,0,0,1,2,1,1,1
12400,1,0,2,3,1,0,1
12401,1,0,1,2,1,1,1
12402,1,0,1,2,1,2,1
12403,1,0,3,1,2,1,2
12404,1,0,2,3,1,0,1
12405,1,0,1,2,1,2,1
12406,0,0,4,2,2,2,1
12407,1,0,0,0,0,0,1
12408,1,0,3,1,2,1,2
12409,1,0,2,3,1,0,1
12410,1,0,3,1,2,1,2
12411,0,0,4,6,1,2,1
12412,0,0,4,3,2,1,1
12413,0,0,4,2,2,2,1
12414,0,0,4,5,2,1,1
12415,1,0,1,2,1,2,1
12416,1,0,1,2,1,1,1
12417,1,0,2,3,1,0,1
12418,1,0,0,0,1,0,1
12419,1,0,1,2,2,2,1
12420,1,0,1,2,0,0,1
12421,0,0,4,2,2,2,1
12422,1,0,1,2,1,2,1
12423,1,0,0,0,0,1,1
12424,0,0,1,2,1,1,1
12425,1,0,1,2,1,2,1
12426,1,0,3,1,2,1,2
12427,0,0,4,2,2,2,1
12428,0,0,4,5,2,1,1
12429,1,0,1,2,1,2,1
12430,0,0,4,2,2,2,1
12431,1,0,1,2,0,0,1
12432,1,0,1,2,2,2,1
12433,1,0,1,2,0,0,0
12434,1,0,3,1,2,1,2
12435,1,0,2,3,2,1,1
12436,1,0,1,2,1,2,1
12437,1,0,1,2,1,1,1
12438,0,0,1,2,1,1,1
12439,0,0,4,3,1,1,1
12440,0,0,4,6,2,2,1
12441,1,0,1,2,1,1,1
12442,1,0,1,2,1,1,1
12443,1,0,1,2,1,1,1
12444,1,0,1,2,0,0,1
12445,1,0,1,2,0,0,1
12446,1,0,1,2,1,1,1
12447,1,0,1,2,1,2,1
12448,1,0,3,1,2,1,2
12449,1,0,1,2,1,1,1
12450,0,0,4,6,0,0,1
12451,1,0,2,3,1,2,1
12452,1,0,1,2,1,2,1
12453,1,0,1,2,1,1,1
12454,0,0,4,2,2,2,1
12455,1,0,1,2,1,1,1
12456,0,0,4,2,2,2,1
12457,1,0,1,2,0,0,1
12458,1,0,1,2,1,1,1
12459,1,0,2,3,0,0,0
12460,1,0,1,2,1,1,1
12461,0,0,4,2,2,2,1
12462,0,0,4,5,2,1,1
12463,1,0,1,2,1,1,1
12464,1,0,0,0,1,1,1
12465,1,0,1,2,0,0,0
12466,1,0,1,2,1,2,1
12467,0,0,2,3,1,2,1
12468,1,0,1,2,1,1,1
12469,1,0,1,2,1,1,1
12470,0,0,4,2,2,2,1
12471,1,0,1,2,0,0,0
12472,1,0,1,2,1,2,1
12473,1,0,1,2,1,2,1
12474,1,0,2,3,1,0,1
12475,1,0,3,1,2,1,2
12476,1,0,1,2,1,1,1
12477,1,0,2,3,1,0,1
12478,0,0,4,2,2,2,1
12479,1,0,2,3,1,1,1
12480,0,0,2,3,1,2,1
12481,1,0,1,2,1,2,1
12482,1,0,1,2,0,0,1
12483,0,0,4,2,2,2,1
12484,1,0,3,1,2,1,2
12485,1,0,1,2,1,1,1
12486,0,0,4,2,2,2,1
12487,0,0,1,2,1,1,1
12488,1,0,1,2,0,0,0
12489,1,0,1,2,1,2,1
12490,1,0,1,2,1,1,1
12491,1,0,2,3,0,0,0
12492,1,0,1,2,1,2,1
12493,1,0,2,3,1,1,1
12494,1,0,3,1,2,1,2
12495,0,0,2,3,1,2,1
12496,1,0,2,3,1,2,0
12497,1,0,1,2,1,2,1
12498,0,0,4,2,2,2,1
12499,1,0,1,2,1,1,1
12500,1,0,0,0,2,2,1
12501,0,0,2,3,1,2,1
12502,1,0,1,2,1,1,1
12503,1,0,1,2,1,2,1
12504,0,0,4,5,2,1,1
12505,1,0,1,2,1,1,1
12506,1,0,1,2,1,2,1
12507,0,0,4,6,0,0,1
12508,1,0,2,3,2,1,1
12509,1,0,0,0,2,2,1
12510,1,0,1,2,0,0,0
12511,0,1,0,0,2,2,1
12512,0,0,4,2,2,2,1
12513,1,0,2,3,1,2,1
12514,0,0,2,3,1,1,1
12515,0,0,4,2,2,2,1
12516,1,0,1,2,1,2,1
12517,0,0,4,2,2,2,1
12518,1,0,0,0,2,2,1
12519,1,0,1,2,1,1,1
12520,1,0,2,3,1,0,1
12521,1,0,3,1,2,1,2
12522,1,0,1,2,1,1,1
12523,1,0,0,0,2,2,1
12524,1,0,1,2,1,1,1
12525,1,0,2,3,1,2,1
12526,1,0,1,2,1,1,1
12527,1,0,1,2,1,1,1
12528,1,0,1,2,0,0,1
12529,0,0,1,2,0,0,1
12530,1,0,2,3,2,1,2
12531,1,0,1,2,1,1,1
12532,1,0,1,2,0,0,1
12533,1,0,1,2,1,1,1
12534,1,0,2,3,1,2,1
12535,1,0,1,2,1,2,1
12536,0,0,4,2,1,2,1
12537,1,0,3,1,2,1,2
12538,1,0,1,2,1,1,1
12539,1,0,2,3,2,1,2
12540,1,0,1,2,1,1,1
12541,0,0,4,2,2,2,1
12542,0,0,4,2,2,2,1
12543,1,0,1,2,1,2,1
12544,1,0,1,2,1,1,1
12545,0,0,4,2,2,2,1
12546,1,0,1,2,1,1,1
12547,0,0,4,5,2,1,1
12548,1,0,1,2,1,2,1
12549,1,0,3,1,2,1,2
12550,1,0,1,2,0,0,1
12551,1,0,1,2,0,0,1
12552,0,0,4,2,2,2,1
12553,1,0,2,3,1,0,1
12554,1,0,1,2,1,1,1
12555,0,0,4,2,2,2,1
12556,1,0,4,5,2,2,2
12557,1,0,3,1,2,1,2
12558,1,0,2,3,1,2,1
12559,0,0,4,6,1,2,1
12560,1,0,1,2,1,1,1
12561,1,0,2,3,1,0,1
12562,0,1,4,6,0,0,1
12563,1,0,0,0,1,0,1
12564,1,0,1,2,1,1,1
12565,1,0,1,2,1,2,1
12566,1,0,3,1,2,1,2
12567,0,0,4,6,1,2,1
12568,0,0,4,6,1,2,1
12569,0,0,4,2,2,2,1
12570,0,0,4,6,1,2,1
12571,1,0,2,3,1,0,1
12572,1,0,1,2,1,2,1
12573,1,0,1,2,1,1,1
12574,1,0,4,5,2,2,2
12575,1,0,1,2,1,1,1
12576,0,0,4,3,2,1,1
12577,1,0,3,1,2,1,2
12578,1,0,1,2,1,2,1
12579,0,0,1,2,0,0,1
12580,0,0,4,2,2,2,1
12581,1,0,1,2,1,1,1
12582,0,0,4,2,2,2,1
12583,0,0,4,2,2,2,1
12584,1,0,1,2,1,1,1
12585,1,0,0,0,1,0,1
12586,0,0,4,3,2,1,1
12587,1,0,2,3,1,0,1
12588,0,0,4,6,1,2,1
12589,1,0,1,2,1,1,1
12590,0,0,1,2,1,1,1
12591,0,0,0,4,1,2,1
12592,1,0,0,0,2,2,1
12593,1,0,3,1,2,1,2
12594,1,0,1,2,0,0,1
12595,0,0,4,2,2,2,1
12596,1,0,3,1,2,1,2
12597,1,0,3,1,2,1,2
12598,0,0,4,2,2,2,1
12599,1,0,1,2,1,1,1
12600,1,0,1,2,1,1,1
12601,0,0,1,2,1,1,1
12602,0,0,4,2,2,2,1
12603,1,0,2,3,1,0,1
12604,1,0,2,3,2,1,2
12605,1,0,1,2,1,2,1
12606,1,0,2,3,1,2,1
12607,0,0,4,2,2,2,1
12608,0,0,4,2,2,2,1
12609,1,0,1,2,1,1,1
12610,1,0,1,2,1,1,1
12611,1,0,1,2,1,2,1
12612,1,0,1,2,1,1,1
12613,0,0,4,6,0,0,1
12614,1,0,1,2,1,1,1
12615,0,0,4,2,2,2,1
12616,1,0,1,2,1,1,1
12617,1,0,1,2,1,2,1
12618,1,0,3,1,2,1,2
12619,1,0,1,2,1,1,1
12620,0,0,4,2,2,2,1
12621,0,0,1,2,0,0,1
12622,0,1,0,4,2,2,1
12623,0,0,4,6,1,2,1
12624,0,0,4,2,2,2,1
12625,1,0,2,3,2,1,2
12626,1,0,1,2,1,2,1
12627,0,0,4,2,2,2,1
12628,1,0,1,2,0,0,1
12629,0,0,4,5,2,1,1
12630,1,0,1,2,1,1,1
12631,1,0,2,3,2,1,2
12632,0,0,1,2,1,1,1
12633,1,0,1,2,1,1,1
12634,0,0,1,2,0,0,1
12635,0,0,4,3,2,1,1
12636,1,0,1,2,1,1,1
12637,0,0,0,4,0,1,0
12638,1,0,1,2,1,1,1
12639,0,0,4,6,0,0,1
12640,0,0,1,2,1,1,1
12641,1,0,1,2,1,1,1
12642,1,0,3,1,2,1,2
12643,1,0,1,2,1,1,1
12644,1,0,2,3,0,0,0
12645,1,0,3,1,2,1,2
12646,0,0,4,2,2,2,1
12647,1,0,2,3,1,2,0
12648,1,0,2,3,1,2,1
12649,1,0,2,3,2,1,2
12650,1,0,1,2,1,1,1
12651,0,0,1,2,1,1,1
12652,1,0,2,3,1,0,1
12653,0,0,4,2,2,2,1
12654,1,0,2,3,1,2,0
12655,0,0,0,4,0,1,0
12656,1,0,3,1,2,1,2
12657,0,0,4,2,2,2,1
12658,1,0,2,3,0,0,0
12659,1,0,1,2,1,2,1
12660,1,0,3,1,2,1,2
12661,1,0,1,2,1,2,1
12662,1,0,1,2,1,2,1
12663,1,0,3,1,2,1,2
12664,0,0,4,2,2,2,1
12665,1,0,1,2,1,1,1
12666,1,0,2,3,1,0,1
12667,0,0,4,2,2,2,1
12668,1,0,1,2,0,0,1
12669,0,0,4,2,2,2,1
12670,0,0,4,2,2,2,1
12671,0,0,4,3,2,1,1
12672,1,0,1,2,1,1,1
12673,1,0,2,3,1,1,1
12674,1,0,1,2,1,2,1
12675,0,0,1,2,1,1,1
12676,1,0,3,1,2,1,2
12677,0,0,4,2,2,2,1
12678,0,0,4,2,2,2,1
12679,0,0,0,4,0,1,0
12680,0,0,4,2,2,2,1
12681,1,0,4,5,2,2,2
12682,0,0,4,2,2,2,1
12683,1,0,1,2,1,2,1
12684,1,0,3,1,2,1,2
12685,0,0,4,2,1,2,1
12686,0,0,4,2,2,2,1
12687,1,0,3,1,2,1,2
12688,1,0,1,2,1,2,1
12689,0,0,4,2,2,2,1
12690,1,0,3,1,2,1,2
12691,1,0,3,1,2,1,2
12692,0,0,4,2,2,2,1
12693,1,0,1,2,1,1,1
12694,1,0,2,3,1,1,1
12695,1,0,1,2,1,1,1
12696,1,0,1,2,0,0,1
12697,1,0,2,3,0,0,0
12698,0,0,1,2,2,2,1
12699,1,0,1,2,1,1,1
12700,0,1,0,0,2,2,1
12701,1,0,1,2,1,1,1
12702,1,0,0,0,2,2,1
12703,0,0,4,2,2,2,1
12704,1,0,2,3,1,0,1
12705,1,0,1,2,1,2,1
12706,1,0,1,2,1,1,1
12707,1,0,2,3,1,0,1
12708,1,0,1,2,1,2,1
12709,1,0,1,2,1,1,1
12710,1,0,1,2,1,2,1
12711,0,0,4,6,0,0,1
12712,1,0,3,1,2,1,2
12713,1,0,1,2,1,0,1
12714,1,0,3,1,2,1,2
12715,1,0,1,2,1,1,1
12716,1,0,3,1,2,1,2
12717,1,0,4,5,2,2,2
12718,1,0,1,2,1,1,1
12719,1,0,3,1,2,1,2
12720,0,0,4,2,2,2,1
12721,1,0,2,3,1,0,1
12722,0,0,4,2,2,2,1
12723,0,0,4,5,2,1,1
12724,1,0,1,2,2,2,1
12725,1,0,2,3,2,1,2
12726,1,0,4,5,2,2,2
12727,1,0,1,2,1,1,1
12728,1,0,1,2,1,2,1
12729,1,0,2,3,1,0,1
12730,1,0,2,3,2,1,2
12731,0,0,4,6,0,0,1
12732,1,0,1,2,1,1,1
12733,1,0,3,1,2,1,2
12734,0,0,4,3,2,1,1
12735,1,0,1,2,1,1,1
12736,1,0,1,2,1,2,1
12737,1,0,1,2,1,2,1
12738,1,0,1,2,1,2,1
12739,1,0,2,3,1,2,0
12740,0,0,4,6,1,2,1
12741,0,0,4,6,2,2,1
12742,1,0,1,2,1,2,1
12743,1,0,3,1,2,1,2
12744,1,0,1,2,1,2,1
12745,0,0,0,4,1,2,0
12746,0,0,4,2,2,2,1
12747,0,0,4,2,2,2,1
12748,1,0,2,3,1,0,1
12749,1,0,1,2,1,1,1
12750,1,0,3,1,2,1,2
12751,0,0,4,5,2,1,1
12752,1,0,2,3,1,2,1
12753,1,0,1,2,1,1,1
12754,1,0,3,1,2,1,2
12755,0,0,4,6,2,1,1
12756,1,0,1,2,0,0,1
12757,1,0,1,2,0,0,1
12758,1,0,1,2,1,2,1
12759,0,0,4,2,2,2,1
12760,0,0,4,5,2,1,1
12761,1,0,2,3,2,1,2
12762,1,0,2,3,1,0,1
12763,1,0,1,2,1,1,1
12764,1,0,3,1,2,1,2
12765,1,0,0,0,1,2,0
12766,1,0,3,1,2,1,2
12767,1,0,1,2,1,1,1
12768,0,0,4,2,2,2,1
12769,1,0,3,1,2,1,2
12770,0,0,4,2,2,2,1
12771,1,0,1,2,1,1,1
12772,0,0,4,2,2,2,1
12773,1,0,1,2,1,2,1
12774,1,0,3,1,2,1,2
12775,1,0,1,2,1,1,1
12776,0,0,1,2,0,0,1
12777,1,0,1,2,1,2,1
12778,1,0,1,2,0,0,1
12779,1,0,1,2,0,0,0
12780,1,0,3,1,2,1,2
12781,0,0,4,6,1,2,1
12782,0,1,0,0,2,2,1
12783,1,0,1,2,1,2,1
12784,1,0,1,2,1,2,1
12785,0,0,4,3,2,1,1
12786,0,0,4,3,2,1,1
12787,1,0,1,2,1,2,1
12788,1,0,1,2,0,0,1
12789,1,0,2,3,2,1,2
12790,1,0,1,2,1,1,1
12791,1,0,1,2,1,1,1
12792,1,0,0,0,2,2,1
12793,1,0,1,2,1,2,1
12794,0,0,1,2,2,1,2
12795,1,0,3,1,2,1,2
12796,1,0,1,2,1,2,1
12797,1,0,3,1,2,1,2
12798,0,0,4,2,2,2,1
12799,1,0,1,2,1,1,1
12800,0,0,4,6,0,0,1
12801,0,0,1,2,1,1,1
12802,1,0,1,2,1,2,1
12803,0,0,4,2,2,2,1
12804,1,0,1,2,1,1,1
12805,0,0,1,2,1,1,1
12806,0,0,4,2,2,2,1
12807,1,0,1,2,1,2,1
12808,1,0,3,1,2,1,2
12809,1,0,1,2,1,1,1
12810,1,0,4,5,2,2,2
12811,1,0,3,1,2,1,2
12812,1,0,1,2,0,0,1
12813,1,0,1,2,0,0,1
12814,1,0,1,2,1,1,1
12815,0,0,4,2,2,2,1
12816,0,0,4,6,0,0,1
12817,0,0,1,2,1,1,1
12818,1,0,0,0,1,2,1
12819,0,0,4,6,1,1,1
12820,0,0,4,5,2,1,1
12821,1,0,1,2,1,2,1
12822,0,0,4,5,2,1,1
12823,0,0,4,2,2,2,1
12824,1,0,1,2,2,2,1
12825,0,0,4,2,2,2,1
12826,0,0,4,2,2,2,1
12827,0,0,4,2,2,2,1
12828,0,0,4,2,2,2,1
12829,1,0,1,2,1,1,1
12830,1,0,3,1,2,1,2
12831,1,0,1,2,1,1,1
12832,1,0,2,3,1,2,0
12833,1,0,2,3,1,1,1
12834,0,0,4,3,2,1,1
12835,1,0,3,1,2,1,2
12836,1,0,2,3,1,2,0
12837,0,0,2,3,1,2,1
12838,0,0,4,2,2,2,1
12839,1,0,1,2,1,2,1
12840,1,0,1,2,1,2,1
12841,0,0,4,2,2,2,1
12842,0,0,4,2,2,2,1
12843,1,0,1,2,1,2,1
12844,1,0,3,1,2,1,2
12845,0,0,4,6,1,1,1
12846,1,0,2,3,1,0,1
12847,1,0,3,1,2,1,2
12848,1,0,0,0,1,2,0
12849,0,0,4,3,2,1,1
12850,0,0,4,3,1,1,1
12851,1,0,1,2,1,2,1
12852,1,0,3,1,2,1,2
12853,1,0,1,2,1,1,1
12854,0,0,4,2,2,2,1
12855,0,0,4,2,2,2,1
12856,1,0,2,3,1,0,1
12857,0,0,4,2,2,2,1
12858,1,0,1,2,1,2,1
12859,0,0,4,2,2,2,1
12860,0,0,0,0,1,1,1
12861,1,0,2,3,1,0,1
12862,1,0,3,1,2,1,2
12863,1,0,2,3,2,1,2
12864,0,0,4,6,1,2,1
12865,0,0,4,2,2,2,1
12866,1,0,2,3,1,2,1
12867,1,0,1,2,0,0,0
12868,1,0,2,3,1,0,1
12869,1,0,1,2,1,1,1
12870,1,0,1,2,1,2,1
12871,1,0,1,2,1,1,1
12872,1,0,2,3,2,2,1
12873,1,0,1,2,1,1,1
12874,1,0,2,3,2,1,1
12875,1,0,1,2,1,2,1
12876,0,0,4,3,2,1,1
12877,1,0,1,2,2,2,1
12878,1,0,1,2,1,1,1
12879,1,0,1,2,1,2,1
12880,0,0,1,2,1,1,1
12881,0,0,1,2,0,0,1
12882,0,0,4,3,2,1,1
12883,1,0,1,2,1,2,1
12884,1,0,2,3,1,1,1
12885,0,0,4,3,2,1,1
12886,1,0,3,1,2,1,2
12887,1,0,1,2,1,1,1
12888,1,0,3,1,2,1,2
12889,1,0,1,2,1,2,1
12890,1,0,2,3,1,0,1
12891,1,0,1,2,1,1,1
12892,1,0,3,1,2,1,2
12893,1,0,1,2,0,0,0
12894,1,0,1,2,1,2,1
12895,1,0,3,1,2,1,2
12896,1,0,1,2,1,2,1
12897,1,0,1,2,1,2,1
12898,1,0,2,3,1,0,1
12899,1,0,1,2,0,0,1
12900,1,0,1,2,1,2,1
12901,0,0,1,2,0,0,1
12902,0,0,2,3,1,2,1
12903,1,0,1,2,1,1,1
12904,0,0,1,2,1,1,1
12905,1,0,1,2,1,2,1
12906,1,0,2,3,0,0,0
12907,0,0,1,2,1,1,0
12908,1,0,1,2,1,1,1
12909,1,0,3,1,2,1,2
12910,0,0,1,2,1,1,1
12911,0,0,4,2,2,2,1
12912,0,0,1,2,2,2,1
12913,1,0,1,2,1,1,1
12914,1,0,1,2,1,1,1
12915,1,0,1,2,1,2,1
12916,0,0,4,2,2,2,1
12917,1,0,1,2,0,0,1
12918,1,0,2,3,2,1,2
12919,1,0,3,1,2,1,2
12920,0,0,4,2,2,2,1
12921,0,0,4,2,2,2,1
12922,0,0,4,2,1,2,1
12923,1,0,2,3,1,0,1
12924,1,0,1,2,1,0,1
12925,0,0,4,2,2,2,1
12926,1,0,1,2,1,1,1
12927,1,0,1,2,1,1,1
12928,1,0,1,2,1,1,1
12929,0,0,4,2,2,2,1
12930,1,0,2,3,1,0,1
12931,1,0,1,2,1,1,1
12932,1,0,2,3,1,0,1
12933,0,0,4,2,2,2,1
12934,1,0,3,1,2,1,2
12935,0,0,4,2,2,2,1
12936,1,0,1,2,1,1,1
12937,0,0,4,2,2,2,1
12938,1,0,1,2,1,1,1
12939,0,0,4,2,2,2,1
12940,1,0,0,0,1,2,1
12941,1,0,2,3,2,1,2
12942,1,0,1,2,1,1,1
12943,1,0,4,5,2,2,2
12944,0,0,4,2,2,2,1
12945,1,0,1,2,0,0,0
12946,1,0,1,2,1,2,1
12947,1,0,2,3,2,1,2
12948,1,0,0,0,1,2,1
12949,1,0,2,3,2,1,1
12950,1,0,2,3,1,0,1
12951,1,0,2,3,1,0,1
12952,1,0,3,1,2,1,2
12953,0,0,4,6,1,2,1
12954,1,0,3,1,2,1,2
12955,1,0,2,3,1,1,1
12956,1,0,1,2,0,0,0
12957,1,0,1,2,1,2,1
12958,0,0,4,6,1,2,1
12959,0,0,4,3,2,1,1
12960,0,0,4,5,2,2,1
12961,1,0,1,2,1,2,1
12962,1,0,2,3,1,1,1
12963,0,0,0,4,1,1,1
12964,1,0,2,3,2,1,2
12965,0,0,4,2,2,2,1
12966,0,0,4,2,2,2,1
12967,1,0,1,2,1,2,1
12968,0,0,4,5,2,1,1
12969,0,0,4,6,1,2,1
12970,1,0,2,3,1,2,0
12971,1,0,1,2,0,0,1
12972,0,0,4,3,2,1,1
12973,0,0,4,6,0,0,1
12974,1,0,1,2,0,0,1
12975,1,0,1,2,0,0,0
12976,1,0,1,2,1,1,1
12977,1,0,4,5,2,2,2
12978,1,0,2,3,1,0,1
12979,0,0,1,2,0,0,1
12980,0,0,1,2,1,1,1
12981,0,0,1,2,0,0,1
12982,1,0,1,2,0,0,1
12983,1,0,1,2,1,2,1
12984,1,0,1,2,1,1,1
12985,0,0,1,2,1,1,1
12986,1,0,1,2,1,1,1
12987,0,0,4,3,2,1,1
12988,0,0,4,3,2,1,1
12989,1,0,1,2,1,1,1
12990,1,0,0,0,1,2,0
12991,0,0,4,2,2,2,1
12992,0,0,4,2,1,2,1
12993,1,0,3,1,2,1,2
12994,0,0,4,2,2,2,1
12995,0,0,1,2,1,2,1
12996,1,0,3,1,2,1,2
12997,1,0,2,3,2,1,2
12998,0,0,4,2,2,2,1
12999,1,0,3,1,2,1,2
13000,1,0,1,2,1,1,1
13001,1,0,1,2,1,1,1
13002,1,0,3,1,2,1,2
13003,1,0,3,1,2,1,2
13004,0,0,4,5,2,1,1
13005,0,0,4,2,2,2,1
13006,1,0,1,2,1,1,1
13007,1,0,0,0,1,0,1
13008,0,0,4,6,1,2,1
13009,0,0,4,6,0,0,1
13010,0,0,4,2,2,2,1
13011,1,0,1,2,1,1,1
13012,1,0,2,3,1,0,1
13013,1,0,2,3,2,1,2
13014,1,0,1,2,1,1,1
13015,1,0,2,3,1,0,1
13016,1,0,3,1,2,1,2
13017,1,0,3,1,2,1,2
13018,1,0,1,2,1,1,1
13019,1,0,3,1,2,1,2
13020,1,0,1,2,1,2,1
13021,1,0,1,2,0,0,1
13022,1,0,1,2,0,0,0
13023,1,0,3,1,2,1,2
13024,1,0,1,2,2,2,1
13025,1,0,1,2,1,1,1
13026,0,0,2,3,1,2,1
13027,1,0,1,2,1,1,1
13028,1,0,1,2,0,0,1
13029,1,0,2,3,1,2,1
13030,0,0,0,4,0,1,0
13031,1,0,4,5,2,2,2
13032,0,0,4,2,2,2,1
13033,1,0,1,2,1,1,1
13034,1,0,3,1,2,1,2
13035,1,0,3,1,2,1,2
13036,1,0,2,3,2,1,2
13037,1,0,1,2,1,2,1
13038,1,0,1,2,1,1,1
13039,1,0,1,2,1,1,1
13040,1,0,2,3,2,1,2
13041,1,0,1,2,1,2,1
13042,1,0,1,2,1,2,1
13043,1,0,2,3,0,0,0
13044,1,0,1,2,1,1,1
13045,0,0,4,5,2,1,1
13046,1,0,1,2,1,2,1
13047,0,0,4,6,0,0,1
13048,1,0,1,2,0,0,0
13049,0,0,4,6,0,0,1
13050,0,0,4,6,1,1,1
13051,1,0,1,2,1,1,1
13052,1,0,1,2,2,2,1
13053,1,0,1,2,1,2,1
13054,1,0,2,3,2,1,2
13055,1,0,2,3,1,1,1
13056,0,0,2,3,2,0,2
13057,1,0,1,2,0,0,1
13058,1,0,2,3,2,1,1
13059,1,0,0,0,2,2,1
13060,1,0,1,2,1,1,1
13061,0,0,1,2,1,1,1
13062,0,0,4,2,2,2,1
13063,1,0,1,2,1,1,1
13064,1,0,2,3,2,1,2
13065,1,0,3,1,2,1,2
13066,0,0,1,2,1,1,1
13067,0,0,1,2,0,0,1
13068,1,0,0,0,2,2,1
13069,1,0,1,2,1,1,1
13070,1,0,2,3,1,0,1
13071,0,0,4,2,2,2,1
13072,1,0,3,1,2,1,2
13073,1,0,1,2,0,0,0
13074,1,0,1,2,1,2,1
13075,1,0,2,3,1,0,1
13076,1,0,1,2,1,1,1
13077,0,0,1,2,0,0,1
13078,0,0,4,2,2,2,1
13079,1,0,0,0,0,1,1
13080,1,0,2,3,1,2,1
13081,1,0,1,2,1,2,1
13082,1,0,1,2,1,1,1
13083,1,0,1,2,1,1,1
13084,0,0,4,2,2,2,1
13085,1,0,1,2,1,2,1
13086,1,0,1,2,1,2,1
13087,1,0,3,1,2,1,2
13088,0,0,4,2,2,2,1
13089,0,0,4,2,2,2,1
13090,0,0,4,6,0,0,1
13091,1,0,3,1,2,1,2
13092,0,0,4,2,2,2,1
13093,1,0,1,2,1,2,1
13094,1,0,1,2,1,1,1
13095,1,0,3,1,2,1,2
13096,1,0,0,0,1,2,1
13097,0,0,4,2,2,2,1
13098,1,0,2,3,1,0,1
13099,1,0,2,3,1,0,1
13100,1,0,1,2,0,0,1
13101,1,0,3,1,2,1,2
13102,0,0,4,6,2,2,2
13103,1,0,1,2,1,2,1
13104,0,0,1,2,0,0,1
13105,1,0,1,2,1,2,1
13106,0,0,4,2,2,2,1
13107,1,0,1,2,1,2,1
13108,1,0,1,2,1,2,1
13109,1,0,2,3,1,2,1
13110,1,0,1,2,2,2,1
13111,1,0,1,2,1,1,1
13112,0,0,4,5,2,2,1
13113,1,0,2,3,1,2,1
13114,1,0,2,3,2,2,1
13115,1,0,2,3,1,0,1
13116,1,0,1,2,1,2,1
13117,0,0,4,3,2,1,1
13118,1,0,1,2,1,1,1
13119,1,0,1,2,1,1,1
13120,1,0,4,5,2,2,2
13121,1,0,2,3,2,1,2
13122,0,0,1,2,0,0,1
13123,0,0,1,2,0,0,1
13124,1,0,1,2,1,1,1
13125,1,0,1,2,1,1,1
13126,0,0,4,2,2,2,1
13127,0,0,4,2,2,2,1
13128,0,0,4,2,2,2,1
13129,0,0,1,2,1,2,1
13130,0,0,4,2,2,2,1
13131,0,0,4,2,2,2,1
13132,0,0,2,3,1,2,1
13133,0,0,4,2,2,2,1
13134,1,0,1,2,1,1,1
13135,1,0,1,2,1,2,1
13136,0,0,0,0,1,1,1
13137,0,0,4,2,2,2,1
13138,1,0,4,5,2,2,2
13139,1,0,4,5,2,2,2
13140,0,0,4,5,2,1,1
13141,0,0,4,2,2,2,1
13142,1,0,1,2,1,1,1
13143,0,0,4,6,1,2,1
13144,1,0,1,2,1,1,1
13145,1,0,3,1,2,1,2
13146,1,0,3,1,2,1,2
13147,0,0,1,2,1,1,1
13148,1,0,1,2,1,1,1
13149,0,0,4,2,2,2,1
13150,1,0,2,3,1,1,1
13151,0,0,4,3,2,1,1
13152,1,0,0,0,2,2,1
13153,0,0,4,2,2,2,1
13154,1,0,1,2,1,1,1
13155,1,0,1,2,1,2,1
13156,1,0,1,2,1,1,1
13157,1,0,3,1,2,1,2
13158,0,0,4,2,2,2,1
13159,1,0,2,3,1,2,0
13160,0,0,4,2,2,2,1
13161,1,0,3,1,2,1,2
13162,0,0,1,2,1,1,1
13163,0,0,4,5,2,1,1
13164,0,0,4,2,2,2,1
13165,1,0,1,2,1,0,1
13166,1,0,2,3,1,0,1
13167,1,0,1,2,0,0,0
13168,1,0,1,2,1,1,1
13169,0,0,4,2,2,2,1
13170,1,0,3,1,2,1,2
13171,0,0,1,2,1,1,1
13172,1,0,2,3,1,0,1
13173,1,0,1,2,1,1,1
13174,1,0,3,1,2,1,2
13175,0,0,1,2,0,0,1
13176,1,0,0,0,1,1,1
13177,0,0,1,2,2,1,2
13178,0,0,4,5,2,1,1
13179,1,0,3,1,2,1,2
13180,0,0,4,2,2,2,1
13181,0,0,2,3,1,2,1
13182,1,0,1,2,1,1,1
13183,0,0,4,2,2,2,1
13184,0,0,4,5,2,1,1
13185,1,0,3,1,2,1,2
13186,1,0,3,1,2,1,2
13187,1,0,1,2,1,2,1
13188,1,0,2,3,1,2,0
13189,0,0,4,2,2,2,1
13190,1,0,1,2,1,1,1
13191,1,0,1,2,1,2,1
13192,1,0,4,5,2,2,2
13193,0,0,4,2,2,2,1
13194,1,0,2,3,2,1,2
13195,1,0,1,2,1,2,1
13196,1,0,1,2,1,1,1
13197,0,0,2,3,1,2,1
13198,0,0,4,6,1,2,1
13199,1,0,1,2,1,1,1
13200,1,0,1,2,0,0,0
13201,1,0,1,2,1,2,1
13202,0,0,1,2,1,1,1
13203,1,0,3,1,2,1,2
13204,0,0,4,2,2,2,1
13205,1,0,1,2,1,2,1
13206,0,0,4,2,2,2,1
13207,1,0,3,1,2,1,2
13208,1,0,1,2,1,1,1
13209,0,0,4,2,2,2,1
13210,1,0,2,3,2,1,2
13211,1,0,2,3,1,0,1
13212,0,0,1,2,2,1,2
13213,1,0,1,2,1,1,1
13214,1,0,1,2,1,2,1
13215,1,0,1,2,1,2,1
13216,0,0,2,3,1,2,1
13217,1,0,2,3,1,0,1
13218,0,0,4,3,1,1,1
13219,0,0,4,2,2,2,1
13220,1,0,3,1,2,1,2
13221,1,0,2,3,1,0,1
13222,0,0,4,2,2,2,1
13223,1,0,2,3,1,0,1
13224,1,0,1,2,1,1,1
13225,1,0,1,2,1,2,1
13226,1,0,1,2,1,1,1
13227,1,0,1,2,1,1,1
13228,1,0,1,2,1,2,1
13229,1,0,1,2,0,0,1
13230,1,0,1,2,1,1,1
13231,1,0,2,3,1,2,0
13232,0,0,4,2,2,2,1
13233,0,0,1,2,0,0,1
13234,1,0,2,3,2,2,1
13235,1,0,1,2,1,1,1
13236,0,0,1,2,0,0,1
13237,0,0,4,2,2,2,1
13238,1,0,1,2,1,1,1
13239,1,0,1,2,1,2,1
13240,1,0,2,3,2,1,1
13241,1,0,1,2,1,2,1
13242,1,0,2,3,1,0,1
13243,0,0,4,6,1,2,1
13244,0,0,4,2,2,2,1
13245,0,0,4,6,1,2,1
13246,0,0,0,4,1,2,0
13247,1,0,1,2,1,2,1
13248,1,0,2,3,2,1,1
13249,0,0,4,2,2,2,1
13250,0,0,4,6,1,2,1
13251,1,0,1,2,1,1,1
13252,1,0,1,2,1,1,1
13253,1,0,0,0,2,2,1
13254,1,0,1,2,1,2,1
13255,1,0,1,2,1,2,1
13256,1,0,1,2,1,2,1
13257,0,0,2,3,1,2,1
13258,0,0,1,2,1,1,1
13259,0,0,4,2,2,2,1
13260,0,0,4,2,2,2,1
13261,1,0,2,3,1,0,1
13262,1,0,1,2,1,1,1
13263,1,0,2,3,2,1,1
13264,1,0,2,3,1,2,1
13265,1,0,2,3,1,0,1
13266,1,0,3,1,2,1,2
13267,1,0,2,3,2,2,1
13268,1,0,3,1,2,1,2
13269,1,0,2,3,1,0,1
13270,1,0,1,2,1,1,1
13271,1,0,1,2,1,1,1
13272,1,0,1,2,1,1,1
13273,1,0,3,1,2,1,2
13274,1,0,1,2,1,1,1
13275,1,0,2,3,1,0,1
13276,1,0,1,2,1,1,1
13277,0,0,4,3,2,1,1
13278,0,0,4,6,1,2,1
13279,1,0,2,3,1,2,0
13280,1,0,0,0,1,2,0
13281,1,0,1,2,1,2,1
13282,0,0,4,3,2,1,1
13283,0,0,4,6,0,0,1
13284,0,0,4,2,2,2,1
13285,1,0,1,2,1,2,1
13286,0,0,4,5,2,1,1
13287,1,0,2,3,1,2,0
13288,0,0,1,2,0,0,1
13289,1,0,1,2,1,2,1
13290,0,0,1,2,1,1,1
13291,1,0,1,2,1,1,1
13292,0,0,2,3,1,2,1
13293,0,0,4,2,2,2,1
13294,1,0,3,1,2,1,2
13295,0,0,2,3,1,1,1
13296,1,0,2,3,2,1,2
13297,0,0,4,6,1,2,1
13298,1,0,1,2,0,0,0
13299,1,0,4,5,2,2,2
13300,1,0,1,2,1,1,1
13301,1,0,1,2,1,2,1
13302,1,0,4,5,2,2,2
13303,1,0,1,2,1,2,1
13304,1,0,1,2,1,1,1
13305,1,0,1,2,1,2,1
13306,1,0,2,3,2,1,2
13307,0,0,4,2,2,2,1
13308,1,0,1,2,1,2,1
13309,1,0,2,3,1,0,1
13310,0,0,4,2,2,2,1
13311,0,0,1,2,1,1,1
13312,1,0,1,2,0,0,0
13313,1,0,3,1,2,1,2
13314,1,0,3,1,2,1,2
13315,0,0,1,2,1,1,1
13316,1,0,1,2,1,2,1
13317,1,0,3,1,2,1,2
13318,1,0,3,1,2,1,2
13319,1,0,1,2,1,1,1
13320,0,0,4,6,0,0,1
13321,1,0,1,2,1,1,1
13322,1,0,4,5,2,2,2
13323,1,0,1,2,1,1,1
13324,1,0,3,1,2,1,2
13325,0,0,4,5,2,1,1
13326,0,0,4,2,2,2,1
13327,0,0,1,2,1,2,1
13328,0,0,4,3,2,1,1
13329,0,0,4,2,2,2,1
13330,1,0,2,3,2,1,2
13331,1,0,1,2,1,1,1
13332,1,0,1,2,0,0,1
13333,1,0,0,0,1,2,0
13334,0,0,1,2,1,1,1
13335,1,0,1,2,1,1,1
13336,1,0,2,3,1,1,1
13337,0,0,2,3,1,1,1
13338,0,0,1,2,0,0,1
13339,1,0,1,2,1,1,1
13340,0,0,4,6,1,2,1
13341,1,0,1,2,1,1,1
13342,0,0,4,6,0,0,1
13343,0,0,4,2,2,2,1
13344,1,0,1,2,1,1,1
13345,1,0,1,2,1,1,1
13346,1,0,2,3,1,2,0
13347,1,0,4,5,2,2,2
13348,1,0,1,2,1,2,1
13349,1,0,2,3,1,0,1
13350,0,0,2,3,1,2,1
13351,0,0,4,6,1,2,1
13352,0,0,4,6,0,0,1
13353,1,0,1,2,1,1,1
13354,0,0,4,6,0,0,1
13355,1,0,1,2,1,1,1
13356,0,0,4,3,2,1,1
13357,0,0,4,6,2,2,1
13358,0,0,1,2,0,0,1
13359,0,0,4,2,2,2,1
13360,1,0,0,0,2,2,1
13361,1,0,1,2,1,0,1
13362,1,0,3,1,2,1,2
13363,1,0,2,3,1,0,1
13364,1,0,1,2,1,2,1
13365,0,0,4,2,2,2,1
13366,1,0,3,1,2,1,2
13367,1,0,1,2,1,2,1
13368,1,0,2,3,2,1,2
13369,0,0,1,2,1,1,1
13370,1,0,3,1,2,1,2
13371,1,0,1,2,1,2,1
13372,1,0,3,1,2,1,2
13373,1,0,3,1,2,1,2
13374,0,0,4,6,1,2,1
13375,1,0,1,2,1,1,1
13376,1,0,3,1,2,1,2
13377,1,0,1,2,1,2,1
13378,1,0,1,2,1,1,1
13379,1,0,3,1,2,1,2
13380,1,0,2,3,1,0,1
13381,0,0,4,2,2,2,1
13382,0,0,4,2,2,2,1
13383,1,0,1,2,1,1,1
13384,1,0,1,2,1,2,1
13385,1,0,0,0,1,2,0
13386,1,0,1,2,0,0,1
13387,1,0,3,1,2,1,2
13388,0,0,4,6,1,2,1
13389,0,0,0,4,1,2,1
13390,1,0,1,2,0,0,1
13391,1,0,2,3,2,1,2
13392,0,0,1,2,1,1,1
13393,1,0,2,3,2,2,1
13394,1,0,1,2,1,2,1
13395,1,0,4,5,2,2,2
13396,1,0,4,5,2,2,2
13397,1,0,2,3,1,0,1
13398,1,0,3,1,2,1,2
13399,1,0,1,2,1,2,1
13400,1,0,1,2,1,1,1
13401,1,0,1,2,1,1,1
13402,0,0,4,2,2,2,1
13403,1,0,1,2,1,1,1
13404,1,0,2,3,1,2,1
13405,0,0,1,2,0,0,1
13406,0,0,4,2,2,2,1
13407,1,0,1,2,1,1,1
13408,0,0,4,6,1,2,1
13409,1,0,1,2,1,2,1
13410,1,0,1,2,1,2,1
13411,1,0,1,2,1,1,1
13412,0,0,1,2,1,1,1
13413,0,0,2,3,1,2,1
13414,1,0,0,0,1,0,1
13415,1,0,2,3,1,2,0
13416,1,0,1,2,0,0,0
13417,1,0,3,1,2,1,2
13418,1,0,2,3,2,1,2
13419,1,0,1,2,1,0,1
13420,1,0,0,0,1,2,0
13421,1,0,1,2,1,1,1
13422,1,0,1,2,1,1,1
13423,0,1,0,0,2,2,1
13424,1,0,1,2,1,0,1
13425,1,0,4,5,2,2,2
13426,0,0,4,6,0,0,1
13427,1,0,3,1,2,1,2
13428,0,0,1,2,0,0,1
13429,1,0,1,2,1,2,1
13430,1,0,3,1,2,1,2
13431,1,0,1,2,0,0,0
13432,0,0,4,5,2,1,1
13433,0,0,4,3,2,1,1
13434,1,0,1,2,1,1,1
13435,1,0,3,1,2,1,2
13436,1,0,3,1,2,1,2
13437,1,0,2,3,2,2,1
13438,1,0,2,3,1,2,1
13439,1,0,1,2,1,2,1
13440,1,0,1,2,1,2,1
13441,1,0,1,2,0,0,1
13442,1,0,2,3,2,2,1
13443,1,0,1,2,1,1,1
13444,0,0,1,2,0,0,1
13445,1,0,1,2,0,0,1
13446,0,0,4,5,2,1,1
13447,1,0,1,2,0,0,1
13448,1,0,2,3,2,1,2
13449,1,0,2,3,1,0,1
13450,0,0,4,2,2,2,1
13451,0,0,4,2,2,2,1
13452,0,0,4,2,2,2,1
13453,0,0,1,2,2,2,1
13454,0,0,4,5,2,1,1
13455,1,0,2,3,1,2,1
13456,1,0,1,2,1,1,1
13457,0,0,4,6,1,2,1
13458,1,0,2,3,1,0,1
13459,1,0,1,2,1,1,1
13460,1,0,2,3,1,2,0
13461,1,0,1,2,1,1,1
13462,1,0,2,3,1,0,1
13463,1,0,2,3,2,2,1
13464,1,0,1,2,1,1,1
13465,1,0,3,1,2,1,2
13466,1,0,1,2,1,2,1
13467,0,0,4,2,2,2,1
13468,0,0,4,2,2,2,1
13469,1,0,1,2,1,1,1
13470,1,0,3,1,2,1,2
13471,0,0,4,3,2,1,1
13472,1,0,4,5,2,2,2
13473,1,0,1,2,1,1,1
13474,0,0,2,3,1,2,1
13475,1,0,1,2,1,1,1
13476,1,0,2,3,1,0,1
13477,1,0,3,1,2,1,2
13478,1,0,1,2,0,0,1
13479,0,0,1,2,0,0,1
13480,1,0,1,2,1,2,1
13481,0,0,1,2,1,1,0
13482,1,0,1,2,1,2,1
13483,0,0,4,2,2,2,1
13484,1,0,1,2,1,1,1
13485,0,1,4,6,0,0,1
13486,1,0,1,2,1,2,1
13487,1,0,3,1,2,1,2
13488,0,0,4,3,1,1,1
13489,1,0,2,3,1,0,1
13490,1,0,1,2,1,1,1
13491,0,0,4,2,1,2,1
13492,1,0,2,3,1,0,1
13493,1,0,2,3,1,1,1
13494,1,0,1,2,1,2,1
13495,0,0,1,2,1,1,1
13496,0,0,2,3,1,1,1
13497,1,0,1,2,1,2,1
13498,0,0,4,3,2,1,1
13499,1,0,2,3,1,0,1
13500,1,0,3,1,2,1,2
13501,0,0,4,3,2,1,1
13502,0,0,4,3,2,1,1
13503,1,0,3,1,2,1,2
13504,1,0,1,2,1,1,1
13505,1,0,3,1,2,1,2
13506,1,0,1,2,0,0,0
13507,1,0,3,1,2,1,2
13508,1,0,3,1,2,1,2
13509,1,0,1,2,1,1,1
13510,0,0,1,2,0,0,1
13511,1,0,1,2,1,2,1
13512,1,0,1,2,1,1,1
13513,1,0,1,2,1,2,1
13514,1,0,0,0,1,1,1
13515,0,0,4,2,2,2,1
13516,1,0,3,1,2,1,2
13517,1,0,1,2,1,2,1
13518,1,0,1,2,1,1,1
13519,0,0,1,2,0,0,1
13520,1,0,3,1,2,1,2
13521,0,0,4,2,2,2,1
13522,0,0,4,2,2,2,1
13523,1,0,1,2,1,1,1
13524,0,0,4,2,2,2,1
13525,1,0,1,2,1,2,1
13526,1,0,1,2,1,1,1
13527,1,0,1,2,1,1,1
13528,1,0,1,2,0,0,1
13529,1,0,2,3,1,0,1
13530,0,0,2,3,2,2,0
13531,1,0,1,2,1,1,1
13532,1,0,3,1,2,1,2
13533,0,0,4,2,2,2,1
13534,1,0,0,0,2,2,1
13535,1,0,1,2,1,2,1
13536,1,0,2,3,2,1,2
13537,0,0,4,2,2,2,1
13538,1,0,1,2,1,2,1
13539,1,0,2,3,2,1,2
13540,1,0,1,2,1,0,1
13541,1,0,1,2,1,1,1
13542,1,0,3,1,2,1,2
13543,1,0,1,2,1,2,1
13544,1,0,1,2,1,1,1
13545,1,0,0,0,1,2,1
13546,1,0,1,2,1,2,1
13547,1,0,2,3,2,1,2
13548,1,0,3,1,2,1,2
13549,0,1,0,0,2,2,1
13550,0,0,4,2,2,2,1
13551,1,0,1,2,1,1,1
13552,1,0,2,3,1,1,1
13553,0,0,2,3,1,2,1
13554,1,0,1,2,1,1,1
13555,1,0,0,0,1,2,1
13556,1,0,2,3,1,2,1
13557,1,0,2,3,2,1,2
13558,1,0,1,2,1,2,1
13559,0,0,4,3,1,1,1
13560,1,0,1,2,1,2,1
13561,1,0,2,3,2,2,1
13562,0,0,4,6,2,1,1
13563,0,0,1,2,0,0,1
13564,1,0,0,0,2,2,1
13565,0,0,4,2,2,2,1
13566,1,0,1,2,1,2,1
13567,1,0,2,3,1,1,1
13568,0,0,4,2,2,2,1
13569,0,0,4,6,1,2,1
13570,0,0,1,2,1,1,1
13571,1,0,1,2,1,2,1
13572,1,0,3,1,2,1,2
13573,0,0,4,2,2,2,1
13574,0,0,4,2,2,2,1
13575,1,0,3,1,2,1,2
13576,1,0,1,2,1,1,1
13577,1,0,3,1,2,1,2
13578,1,0,2,3,1,0,1
13579,1,0,1,2,1,1,1
13580,1,0,1,2,1,1,1
13581,1,0,3,1,2,1,2
13582,1,0,1,2,1,1,1
13583,1,0,2,3,1,1,1
13584,1,0,2,3,2,2,1
13585,1,0,1,2,1,2,1
13586,0,0,1,2,1,1,1
13587,0,0,4,5,2,1,1
13588,1,0,3,1,2,1,2
13589,0,0,4,2,2,2,1
13590,1,0,3,1,2,1,2
13591,1,0,1,2,1,2,1
13592,0,0,4,6,1,2,1
13593,1,0,1,2,1,1,1
13594,0,0,4,2,2,2,1
13595,0,0,4,2,2,2,1
13596,1,0,2,3,2,1,2
13597,0,0,4,2,2,2,1
13598,0,0,4,2,2,2,1
13599,1,0,1,2,1,2,1
13600,1,0,1,2,1,2,1
13601,0,0,4,3,2,1,1
13602,1,0,1,2,1,1,1
13603,1,0,1,2,1,2,1
13604,1,0,3,1,2,1,2
13605,1,0,3,1,2,1,2
13606,0,0,4,2,2,2,1
13607,1,0,1,2,2,2,1
13608,0,0,2,3,1,2,1
13609,1,0,2,3,1,2,1
13610,0,0,1,2,1,1,1
13611,1,0,1,2,1,0,1
13612,1,0,1,2,1,1,1
13613,0,0,4,2,2,2,1
13614,1,0,4,5,2,2,2
13615,1,0,2,3,1,2,0
13616,1,0,1,2,1,2,1
13617,1,0,1,2,0,0,1
13618,1,0,1,2,1,1,1
13619,1,0,1,2,1,1,1
13620,1,0,1,2,1,1,1
13621,0,0,4,2,2,2,1
13622,1,0,1,2,1,1,1
13623,1,0,1,2,1,1,1
13624,0,0,2,3,1,1,1
13625,0,0,1,2,0,0,1
13626,0,0,4,2,2,2,1
13627,1,0,3,1,2,1,2
13628,1,0,3,1,2,1,2
13629,0,0,4,2,2,2,1
13630,0,0,4,3,2,1,1
13631,1,0,1,2,1,1,1
13632,0,0,4,2,2,2,1
13633,0,0,4,2,2,2,1
13634,0,0,0,4,1,2,1
13635,1,0,3,1,2,1,2
13636,1,0,1,2,0,0,0
13637,0,0,4,2,2,2,1
13638,1,0,1,2,1,0,1
13639,0,0,4,5,2,1,1
13640,1,0,1,2,1,1,1
13641,1,0,2,3,2,1,2
13642,0,0,4,5,2,1,1
13643,1,0,1,2,1,2,1
13644,0,0,4,2,2,2,1
13645,1,0,0,0,2,2,1
13646,0,0,4,2,2,2,1
13647,0,0,4,2,2,2,1
13648,0,0,4,6,2,1,1
13649,1,0,3,1,2,1,2
13650,0,0,1,2,1,1,1
13651,0,0,0,0,1,1,1
13652,0,0,4,3,2,1,1
13653,0,0,4,2,2,2,1
13654,0,0,4,2,2,2,1
13655,1,0,1,2,1,1,1
13656,1,0,1,2,1,1,1
13657,1,0,0,0,1,2,0
13658,1,0,1,2,1,2,1
13659,0,0,4,2,2,2,1
13660,0,0,1,2,0,0,1
13661,0,0,4,6,0,0,1
13662,1,0,1,2,1,1,1
13663,1,0,0,0,2,2,1
13664,1,0,1,2,0,0,1
13665,0,0,4,6,0,0,1
13666,0,0,1,2,0,0,1
13667,1,0,4,5,2,2,2
13668,1,0,1,2,0,0,1
13669,1,0,2,3,1,0,1
13670,0,0,0,4,1,2,1
13671,0,0,4,6,1,1,1
13672,1,0,0,0,2,2,1
13673,1,0,1,2,1,1,1
13674,1,0,1,2,1,1,1
13675,1,0,4,5,2,2,2
13676,0,0,4,2,2,2,1
13677,0,0,4,5,2,1,1
13678,1,0,1,2,1,2,1
13679,0,0,4,2,2,2,1
13680,1,0,2,3,2,1,2
13681,1,0,1,2,1,1,1
13682,1,0,3,1,2,1,2
13683,1,0,0,0,1,2,0
13684,1,0,1,2,1,1,1
13685,0,0,4,6,1,2,1
13686,0,0,2,3,1,2,1
13687,1,0,2,3,1,0,1
13688,0,0,4,2,2,2,1
13689,1,0,2,3,2,1,2
13690,1,0,1,2,0,0,1
13691,0,0,4,2,2,2,1
13692,1,0,1,2,0,0,0
13693,1,0,3,1,2,1,2
13694,1,0,1,2,0,0,1
13695,1,0,1,2,1,1,1
13696,0,0,4,2,2,2,1
13697,1,0,2,3,1,0,1
13698,0,0,1,2,0,0,1
13699,1,0,3,1,2,1,2
13700,0,0,4,2,2,2,1
13701,1,0,3,1,2,1,2
13702,1,0,1,2,1,1,1
13703,1,0,1,2,1,2,1
13704,1,0,2,3,1,0,1
13705,1,0,1,2,1,1,1
13706,1,0,1,2,1,1,1
13707,0,0,4,6,0,0,1
13708,1,0,2,3,2,1,1
13709,1,0,1,2,1,2,1
13710,0,0,4,5,2,1,1
13711,0,0,4,5,2,1,1
13712,0,0,4,2,2,2,1
13713,1,0,2,3,1,2,1
13714,0,0,4,6,1,2,1
13715,1,0,1,2,0,0,0
13716,1,0,1,2,1,1,1
13717,0,0,4,2,2,2,1
13718,1,0,1,2,1,1,1
13719,1,0,2,3,1,0,1
13720,1,0,1,2,1,1,1
13721,1,0,2,3,1,2,0
13722,1,0,1,2,1,2,1
13723,0,0,4,2,2,2,1
13724,1,0,2,3,1,0,1
13725,1,0,1,2,1,1,1
13726,1,0,2,3,1,0,1
13727,0,0,4,2,2,2,1
13728,1,0,0,0,1,2,0
13729,0,0,1,2,0,0,1
13730,1,0,1,2,1,2,1
13731,0,0,4,3,1,1,1
13732,1,0,1,2,1,2,1
13733,1,0,1,2,0,0,0
13734,0,0,4,2,2,2,1
13735,0,0,1,2,1,1,1
13736,1,0,2,3,1,0,1
13737,0,0,4,2,2,2,1
13738,1,0,1,2,1,2,1
13739,0,0,4,6,1,2,1
13740,0,0,4,2,2,2,1
13741,1,0,1,2,0,0,1
13742,0,0,4,2,2,2,1
13743,1,0,2,3,1,2,1
13744,1,0,1,2,1,1,1
13745,0,0,2,3,1,2,1
13746,0,0,4,2,2,2,1
13747,1,0,1,2,1,2,1
13748,0,0,4,3,2,1,1
13749,1,0,0,0,1,2,0
13750,1,0,2,3,2,1,2
13751,1,0,1,2,1,2,1
13752,0,0,0,4,1,2,1
13753,0,0,4,2,2,2,1
13754,0,0,4,2,2,2,1
13755,1,0,1,2,2,2,1
13756,1,0,1,2,0,0,1
13757,1,0,1,2,1,1,1
13758,1,0,1,2,1,2,1
13759,1,0,3,1,1,0,0
13760,0,0,4,6,1,1,1
13761,0,0,2,3,1,2,1
13762,1,0,2,3,1,2,1
13763,1,0,1,2,0,0,1
13764,0,0,4,2,2,2,1
13765,1,0,2,3,1,2,1
13766,1,0,2,3,2,1,2
13767,0,0,2,3,1,2,1
13768,1,0,3,1,2,1,2
13769,1,0,1,2,1,2,1
13770,1,0,3,1,2,1,2
13771,1,0,3,1,2,1,2
13772,1,0,1,2,1,1,1
13773,0,0,1,2,1,1,1
13774,1,0,2,3,2,1,2
13775,1,0,3,1,2,1,2
13776,1,0,2,3,2,1,2
13777,1,0,2,3,0,0,0
13778,1,0,1,2,1,1,1
13779,1,0,3,1,2,1,2
13780,1,0,2,3,1,0,1
13781,1,0,2,3,1,1,1
13782,1,0,3,1,2,1,2
13783,1,0,1,2,1,2,1
13784,1,0,0,0,2,2,1
13785,1,0,2,3,1,0,1
13786,1,0,4,5,2,2,2
13787,1,0,3,1,2,1,2
13788,1,0,1,2,1,1,1
13789,1,0,3,1,2,1,2
13790,0,0,1,2,0,0,1
13791,1,0,1,2,1,2,1
13792,1,0,1,2,1,2,1
13793,0,0,1,2,1,1,1
13794,0,0,4,2,2,2,1
13795,0,0,4,2,2,2,1
13796,1,0,2,3,1,1,1
13797,1,0,1,2,1,2,1
13798,0,0,4,3,1,1,1
13799,1,0,3,1,2,1,2
13800,0,0,4,2,2,2,1
13801,1,0,1,2,1,1,1
13802,0,0,4,2,2,2,1
13803,1,0,2,3,2,2,1
13804,1,0,2,3,1,0,1
13805,0,0,4,2,2,2,1
13806,1,0,2,3,1,0,1
13807,1,0,1,2,1,2,1
13808,1,0,3,1,2,1,2
13809,0,0,1,2,0,0,1
13810,0,0,1,2,1,1,1
13811,1,0,1,2,1,2,1
13812,1,0,0,0,1,2,0
13813,1,0,1,2,1,1,1
13814,1,0,3,1,1,1,1
13815,0,0,4,2,2,2,1
13816,1,0,3,1,2,1,2
13817,0,0,2,3,1,2,1
13818,0,0,4,2,2,2,1
13819,0,0,1,2,1,1,1
13820,1,0,0,0,2,2,1
13821,0,0,4,2,1,2,1
13822,0,0,4,2,2,2,1
13823,1,0,1,2,2,2,1
13824,0,0,4,6,1,2,1
13825,1,0,1,2,1,1,1
13826,1,0,2,3,2,1,2
13827,0,0,1,2,1,1,1
13828,1,0,1,2,1,2,1
13829,0,0,4,3,2,1,1
13830,1,0,1,2,1,2,1
13831,0,0,4,2,2,2,1
13832,1,0,3,1,2,1,2
13833,1,0,1,2,1,2,1
13834,1,0,1,2,1,2,1
13835,1,0,1,2,1,1,1
13836,1,0,1,2,1,2,1
13837,0,0,4,6,0,0,1
13838,0,0,4,2,2,2,1
13839,0,0,4,2,2,2,1
13840,0,0,2,3,2,2,2
13841,1,0,2,3,1,0,1
13842,1,0,1,2,1,1,1
13843,1,0,1,2,1,1,1
13844,1,0,2,3,1,0,1
13845,1,0,1,2,1,1,1
13846,0,0,4,6,1,1,1
13847,1,0,1,2,1,2,1
13848,1,0,2,3,1,2,1
13849,1,0,2,3,1,0,1
13850,0,0,4,2,2,2,1
13851,1,0,1,2,1,2,1
13852,0,0,4,6,1,2,1
13853,0,0,4,5,2,1,1
13854,1,0,2,3,1,2,1
13855,1,0,1,2,1,2,1
13856,1,0,2,3,1,0,1
13857,1,0,3,1,2,1,2
13858,1,0,2,3,1,1,1
13859,0,0,4,2,2,2,1
13860,1,0,2,3,2,1,2
13861,1,0,0,0,0,2,1
13862,1,0,1,2,1,1,1
13863,1,0,1,2,1,1,1
13864,1,0,1,2,1,2,1
13865,0,0,4,5,2,1,1
13866,1,0,1,2,1,1,1
13867,0,0,4,3,2,1,1
13868,0,0,4,2,2,2,1
13869,1,0,1,2,1,1,1
13870,1,0,1,2,1,2,1
13871,1,0,1,2,1,1,1
13872,1,0,4,5,2,2,2
13873,0,0,1,2,1,1,1
13874,1,0,3,1,2,1,2
13875,1,0,3,1,2,1,2
13876,1,0,1,2,1,2,1
13877,1,0,3,1,2,1,2
13878,1,0,3,1,2,1,2
13879,1,0,1,2,1,2,1
13880,0,0,4,5,2,1,1
13881,0,0,0,4,0,1,0
13882,0,0,1,2,1,1,1
13883,1,0,3,1,2,1,2
13884,1,0,2,3,1,0,1
13885,0,0,4,6,0,0,1
13886,1,0,1,2,0,0,1
13887,0,0,4,2,2,2,1
13888,1,0,1,2,1,2,1
13889,1,0,1,2,1,1,1
13890,0,0,4,2,2,2,1
13891,1,0,1,2,1,1,1
13892,1,0,4,5,2,2,2
13893,1,0,1,2,0,0,1
13894,1,0,1,2,1,2,1
13895,1,0,3,1,2,1,2
13896,0,0,4,2,2,2,1
13897,0,0,1,2,1,1,1
13898,1,0,1,2,1,1,1
13899,0,0,4,2,2,2,1
13900,1,0,2,3,1,0,1
13901,1,0,1,2,1,1,1
13902,1,0,2,3,1,2,1
13903,1,0,1,2,1,1,1
13904,0,0,1,2,1,1,1
13905,0,0,4,6,1,2,1
13906,1,0,2,3,2,2,1
13907,1,0,3,1,2,1,2
13908,1,0,1,2,1,1,1
13909,1,0,2,3,2,1,2
13910,1,0,2,3,1,0,1
13911,1,0,3,1,2,1,2
13912,1,0,2,3,1,1,1
13913,0,0,4,2,2,2,1
13914,1,0,1,2,1,1,1
13915,1,0,3,1,2,1,2
13916,0,0,4,6,0,0,1
13917,1,0,1,2,0,0,1
13918,1,0,3,1,2,1,2
13919,1,0,1,2,1,2,1
13920,1,0,1,2,1,2,1
13921,0,0,4,2,2,2,1
13922,0,0,4,6,1,2,1
13923,1,0,1,2,1,1,1
13924,1,0,1,2,1,1,1
13925,1,0,1,2,1,1,1
13926,1,0,3,1,2,1,2
13927,1,0,1,2,1,1,1
13928,1,0,4,5,2,2,2
13929,0,0,4,3,2,1,1
13930,0,0,4,5,2,1,1
13931,0,0,4,2,2,2,1
13932,1,0,1,2,1,1,1
13933,1,0,2,3,1,0,1
13934,1,0,1,2,0,0,1
13935,1,0,1,2,1,1,1
13936,1,0,3,1,2,1,2
13937,0,0,4,2,2,2,1
13938,1,0,3,1,2,1,2
13939,0,0,2,3,1,2,1
13940,1,0,0,0,1,2,0
13941,1,0,4,5,2,2,2
13942,1,0,1,2,1,1,1
13943,1,0,3,1,2,1,2
13944,1,0,3,1,2,1,2
13945,0,0,4,2,2,2,1
13946,0,0,4,2,2,2,1
13947,1,0,1,2,1,2,1
13948,0,0,4,2,2,2,1
13949,0,0,4,2,2,2,1
13950,1,0,1,2,1,1,1
13951,1,0,1,2,1,1,1
13952,1,0,0,0,2,2,1
13953,1,0,3,1,2,1,2
13954,1,0,1,2,1,1,1
13955,0,0,4,5,2,1,1
13956,1,0,1,2,1,2,1
13957,1,0,0,0,1,2,0
13958,1,0,1,2,1,2,1
13959,1,0,1,2,1,2,1
13960,1,0,1,2,1,1,1
13961,0,0,4,2,2,2,1
13962,1,0,2,3,1,0,1
13963,1,0,1,2,1,2,1
13964,1,0,1,2,1,2,1
13965,1,0,1,2,1,2,1
13966,0,0,1,2,1,1,1
13967,0,0,4,2,2,2,1
13968,1,0,3,1,2,1,2
13969,0,0,1,2,0,0,1
13970,1,0,1,2,1,2,1
13971,1,0,1,2,1,1,1
13972,0,0,4,2,2,2,1
13973,0,0,4,6,1,1,1
13974,1,0,1,2,1,0,1
13975,1,0,3,1,2,1,2
13976,1,0,1,2,2,2,1
13977,1,0,1,2,1,1,1
13978,1,0,3,1,2,1,2
13979,1,0,1,2,1,2,1
13980,1,0,2,3,1,0,1
13981,1,0,3,1,2,1,2
13982,0,0,4,2,2,2,1
13983,0,0,4,6,1,1,1
13984,0,0,4,2,2,2,1
13985,0,0,4,2,2,2,1
13986,0,0,2,3,1,1,1
13987,0,0,1,2,1,1,1
13988,1,0,1,2,1,1,1
13989,1,0,1,2,1,1,1
13990,0,0,1,2,1,1,1
13991,1,0,4,5,2,2,2
13992,1,0,1,2,1,1,1
13993,0,0,4,5,2,1,1
13994,1,0,3,1,2,1,2
13995,0,0,4,6,1,2,1
13996,0,0,1,2,1,1,1
13997,0,0,4,3,1,1,1
13998,1,0,1,2,1,2,1
13999,0,0,4,6,1,2,1
14000,1,0,1,2,1,2,1
14001,1,0,1,2,1,0,1
14002,1,0,2,3,1,0,1
14003,0,0,1,2,0,0,1
14004,1,0,1,2,1,2,1
14005,1,0,0,0,1,2,1
14006,0,0,4,2,2,2,1
14007,1,0,1,2,0,0,1
14008,0,0,4,2,2,2,1
14009,0,0,4,2,2,2,1
14010,0,0,2,3,2,2,2
14011,1,0,3,1,2,1,2
14012,1,0,0,0,1,2,0
14013,0,0,4,6,1,2,1
14014,0,0,4,2,2,2,1
14015,1,0,1,2,1,1,1
14016,0,0,4,2,2,2,1
14017,1,0,1,2,1,1,1
14018,1,0,2,3,2,1,2
14019,0,0,4,2,1,2,1
14020,0,0,4,6,0,0,1
14021,1,0,1,2,0,0,0
14022,1,0,1,2,1,2,1
14023,1,0,2,3,2,1,2
14024,0,0,1,2,0,0,1
14025,1,0,1,2,1,2,1
14026,1,0,1,2,1,2,1
14027,1,0,3,1,2,1,2
14028,0,0,4,3,2,1,1
14029,1,0,1,2,1,1,1
14030,1,0,2,3,1,0,1
14031,1,0,2,3,1,0,1
14032,0,0,4,2,2,2,1
14033,1,0,4,6,0,0,1
14034,1,0,1,2,0,0,0
14035,0,0,4,6,1,2,1
14036,1,0,1,2,1,2,1
14037,0,0,1,2,1,1,1
14038,1,0,2,3,2,2,1
14039,1,0,0,0,2,2,1
14040,1,0,0,0,2,2,1
14041,1,0,1,2,0,0,1
14042,1,0,1,2,1,1,1
14043,1,0,1,2,1,1,1
14044,1,0,1,2,1,2,1
14045,0,0,4,2,2,2,1
14046,0,0,4,2,2,2,1
14047,1,0,1,2,1,1,1
14048,1,0,1,2,1,1,1
14049,1,0,1,2,1,1,1
14050,1,0,2,3,2,1,2
14051,1,0,3,1,2,1,2
14052,1,0,3,1,2,1,2
14053,0,0,4,2,2,2,1
14054,1,0,2,3,1,0,1
14055,1,0,3,1,2,1,2
14056,0,0,4,3,2,1,1
14057,1,0,1,2,1,2,1
14058,1,0,3,1,2,1,2
14059,1,0,1,2,1,1,1
14060,0,0,4,2,2,2,1
14061,0,0,4,6,1,2,1
14062,0,0,4,2,2,2,1
14063,0,0,4,6,1,2,1
14064,1,0,1,2,1,2,1
14065,1,0,3,1,2,1,2
14066,1,0,4,5,2,2,2
14067,1,0,1,2,1,1,1
14068,1,0,3,1,2,1,2
14069,1,0,1,2,1,1,1
14070,1,0,1,2,1,1,1
14071,1,0,3,1,2,1,2
14072,0,0,4,5,2,1,1
14073,0,0,2,3,1,2,1
14074,1,0,1,2,1,1,1
14075,1,0,1,2,1,1,1
14076,1,0,1,2,1,1,1
14077,1,0,2,3,2,2,1
14078,1,0,1,2,1,1,1
14079,1,0,0,0,1,2,0
14080,1,0,1,2,1,2,1
14081,1,0,3,1,2,1,2
14082,1,0,1,2,0,0,1
14083,1,0,3,1,2,1,2
14084,1,0,1,2,1,2,1
14085,1,0,1,2,2,2,1
14086,0,0,4,2,2,2,1
14087,1,0,2,3,1,2,0
14088,0,0,1,2,0,0,1
14089,1,0,1,2,0,0,1
14090,1,0,1,2,0,0,1
14091,1,0,1,2,1,2,1
14092,0,0,4,2,2,2,1
14093,1,0,1,2,1,1,1
14094,0,0,4,2,2,2,1
14095,1,0,1,2,1,1,1
14096,1,0,3,1,2,1,2
14097,1,0,2,3,2,1,2
14098,1,0,1,2,1,1,1
14099,1,0,3,1,2,1,2
14100,1,0,2,3,2,1,2
14101,1,0,0,0,0,2,1
14102,1,0,3,1,2,1,2
14103,0,0,4,5,2,1,1
14104,0,0,4,2,2,2,1
14105,1,0,3,1,2,1,2
14106,1,0,1,2,0,0,1
14107,1,0,1,2,1,1,1
14108,0,0,4,2,1,2,1
14109,1,0,0,0,2,2,1
14110,1,0,1,2,1,1,1
14111,1,0,2,3,1,2,0
14112,0,0,4,2,2,2,1
14113,1,0,1,2,0,0,0
14114,1,0,2,3,1,0,1
14115,1,0,1,2,1,1,1
14116,1,0,1,2,1,2,0
14117,0,0,1,2,0,0,1
14118,0,0,4,3,2,1,1
14119,0,0,1,2,1,1,1
14120,0,0,2,3,1,2,1
14121,1,0,2,3,1,0,1
14122,1,0,1,2,1,2,1
14123,1,0,1,2,1,2,1
14124,1,0,1,2,1,1,1
14125,0,0,4,2,2,2,1
14126,1,0,3,1,2,1,2
14127,1,0,2,3,1,0,1
14128,1,0,2,3,2,1,2
14129,0,0,4,5,2,1,1
14130,1,0,1,2,1,1,1
14131,1,0,2,3,1,2,0
14132,1,0,2,3,1,0,1
14133,0,0,4,2,2,2,1
14134,1,0,1,2,1,2,1
14135,0,0,4,2,2,2,1
14136,1,0,1,2,1,2,1
14137,1,0,3,1,2,1,2
14138,1,0,3,1,2,1,2
14139,1,0,3,1,2,1,2
14140,1,0,2,3,2,1,2
14141,1,0,1,2,1,1,1
14142,1,0,1,2,1,1,1
14143,1,0,1,2,1,1,1
14144,0,0,4,2,2,2,1
14145,1,0,1,2,1,2,1
14146,1,0,1,2,1,2,1
14147,1,0,1,2,1,1,1
14148,0,0,4,3,2,1,1
14149,0,0,4,6,1,2,1
14150,0,0,4,3,2,1,1
14151,1,0,1,2,0,2,0
14152,1,0,2,3,0,0,0
14153,1,0,3,1,2,1,2
14154,0,0,1,2,1,1,1
14155,1,0,2,3,2,1,1
14156,0,0,4,3,2,1,1
14157,1,0,1,2,1,1,1
14158,1,0,1,2,1,2,1
14159,1,0,1,2,1,2,1
14160,0,0,1,2,1,1,1
14161,0,0,4,3,2,1,1
14162,1,0,3,1,2,1,2
14163,1,0,1,2,1,1,1
14164,1,0,1,2,1,1,1
14165,0,0,4,2,2,2,1
14166,0,0,2,3,2,2,0
14167,1,0,2,3,1,0,1
14168,1,0,4,5,2,2,2
14169,1,0,1,2,1,1,1
14170,1,0,1,2,0,0,0
14171,1,0,2,3,1,0,1
14172,1,0,3,1,2,1,2
14173,0,0,4,2,2,2,1
14174,0,0,4,2,2,2,1
14175,1,0,1,2,1,1,1
14176,1,0,1,2,1,2,1
14177,0,0,4,6,1,2,1
14178,0,0,4,3,2,1,1
14179,1,0,1,2,1,1,1
14180,1,0,3,1,2,1,2
14181,0,0,4,2,2,2,1
14182,1,0,2,3,1,0,1
14183,1,0,2,3,1,0,1
14184,1,0,3,1,2,1,2
14185,1,0,1,2,1,2,1
14186,0,0,1,2,1,1,1
14187,0,0,1,2,1,2,1
14188,1,0,1,2,1,2,1
14189,0,0,4,3,2,1,1
14190,1,0,3,1,2,1,2
14191,1,0,4,5,2,2,2
14192,0,0,4,5,2,1,1
14193,1,0,3,1,2,1,2
14194,1,0,1,2,1,1,1
14195,0,0,4,2,2,2,1
14196,0,0,4,2,2,2,1
14197,1,0,2,3,1,0,1
14198,0,0,2,3,1,2,1
14199,1,0,2,3,1,0,1
14200,1,0,3,1,2,1,2
14201,1,0,3,1,2,1,2
14202,0,1,4,6,0,0,1
14203,1,0,1,2,1,2,1
14204,1,0,0,0,0,0,0
14205,1,0,1,2,1,1,1
14206,0,0,4,2,2,2,1
14207,0,0,1,2,1,1,0
14208,1,0,2,3,2,2,1
14209,1,0,1,2,1,1,1
14210,0,0,4,2,2,2,1
14211,1,0,1,2,1,1,1
14212,0,0,4,2,2,2,1
14213,0,0,4,2,2,2,1
14214,1,0,3,1,2,1,2
14215,1,0,1,2,1,1,1
14216,1,0,0,0,2,2,1
14217,0,0,1,2,0,0,1
14218,1,0,2,3,2,1,2
14219,0,0,1,2,1,1,1
14220,1,0,1,2,1,1,1
14221,0,0,4,6,1,2,1
14222,1,0,1,2,1,2,1
14223,1,0,1,2,1,1,1
14224,0,0,4,2,2,2,1
14225,1,0,2,3,2,1,2
14226,1,0,1,2,1,1,1
14227,1,0,3,1,2,1,2
14228,1,0,2,3,2,2,1
14229,0,0,4,6,2,2,1
14230,1,0,2,3,1,2,1
14231,0,0,4,2,2,2,1
14232,0,0,4,2,2,2,1
14233,0,0,4,3,2,1,1
14234,1,0,1,2,1,1,1
14235,1,0,0,0,1,1,1
14236,1,0,2,3,2,1,2
14237,1,0,2,3,1,0,1
14238,0,0,4,5,2,1,1
14239,1,0,1,2,1,1,1
14240,0,0,4,3,2,1,1
14241,0,0,2,3,2,0,2
14242,0,0,4,2,2,2,1
14243,1,0,1,2,1,1,1
14244,0,0,4,6,1,1,1
14245,1,0,2,3,1,2,0
14246,1,0,1,2,1,2,1
14247,1,0,1,2,1,1,1
14248,1,0,1,2,1,1,1
14249,1,0,3,1,2,1,2
14250,1,0,3,1,2,1,2
14251,1,0,1,2,0,0,1
14252,1,0,1,2,1,2,1
14253,0,0,4,3,2,1,1
14254,0,0,4,2,2,2,1
14255,0,0,4,6,1,2,1
14256,0,0,4,2,2,2,1
14257,0,0,4,6,1,2,1
14258,0,0,0,4,1,2,0
14259,0,0,4,2,2,2,1
14260,1,0,2,3,1,0,1
14261,0,0,4,5,2,1,1
14262,0,0,1,2,1,1,1
14263,1,0,1,2,1,2,1
14264,0,0,1,2,0,0,1
14265,1,0,2,3,2,1,2
14266,1,0,1,2,1,1,1
14267,1,0,2,3,1,2,1
14268,1,0,1,2,1,1,1
14269,1,0,1,2,1,2,1
14270,1,0,3,1,2,1,2
14271,0,0,4,6,2,2,1
14272,1,0,1,2,1,2,1
14273,0,0,4,2,2,2,1
14274,0,0,4,6,1,2,1
14275,1,0,1,2,1,1,1
14276,1,0,3,1,2,1,2
14277,1,0,1,2,1,1,1
14278,0,0,4,3,1,1,1
14279,1,0,1,2,0,0,1
14280,0,0,4,6,0,0,1
14281,0,0,4,2,2,2,1
14282,0,0,1,2,0,0,1
14283,1,0,3,1,2,1,2
14284,1,0,2,3,1,0,1
14285,1,0,2,3,1,0,1
14286,1,0,1,2,1,1,1
14287,1,0,2,3,2,1,2
14288,1,0,1,2,1,2,1
14289,0,0,4,2,2,2,1
14290,1,0,1,2,1,1,1
14291,1,0,2,3,1,0,1
14292,0,0,0,4,1,2,0
14293,1,0,1,2,1,1,1
14294,1,0,1,2,1,2,1
14295,1,0,3,1,2,1,2
14296,1,0,1,2,1,2,1
14297,0,0,4,3,2,1,1
14298,1,0,1,2,1,2,1
14299,1,0,1,2,1,1,1
14300,1,0,3,1,2,1,2
14301,0,0,4,2,2,2,1
14302,0,0,0,4,0,1,0
14303,0,0,4,2,2,2,1
14304,1,0,1,2,1,1,1
14305,1,0,1,2,1,2,1
14306,0,1,4,6,0,0,1
14307,1,0,3,1,2,1,2
14308,0,0,1,2,0,0,1
14309,1,0,1,2,1,1,1
14310,0,0,4,2,2,2,1
14311,0,0,4,2,2,2,1
14312,1,0,2,3,1,0,1
14313,0,0,4,3,2,1,1
14314,1,0,3,1,2,1,2
14315,1,0,1,2,0,0,1
14316,0,0,4,3,2,1,1
14317,0,0,4,2,2,2,1
14318,0,0,2,3,2,0,2
14319,0,0,4,2,2,2,1
14320,1,0,1,2,1,2,1
14321,0,0,2,3,1,2,1
14322,0,0,2,3,1,2,1
14323,1,0,3,1,2,1,2
14324,1,0,1,2,0,0,0
14325,1,0,2,3,2,2,1
14326,1,0,1,2,1,2,1
14327,1,0,3,1,2,1,2
14328,1,0,1,2,1,1,1
14329,0,0,4,6,1,2,1
14330,1,0,1,2,1,1,1
14331,1,0,1,2,1,1,1
14332,1,0,1,2,1,1,1
14333,1,0,4,5,2,2,2
14334,1,0,3,1,2,1,2
14335,0,0,1,2,1,1,1
14336,1,0,1,2,1,1,1
14337,0,0,1,2,0,0,1
14338,1,0,1,2,0,0,1
14339,1,0,1,2,1,2,1
14340,0,0,4,3,1,1,1
14341,1,0,2,3,1,0,1
14342,1,0,1,2,1,1,1
14343,1,0,1,2,1,2,1
14344,1,0,1,2,1,1,1
14345,1,0,1,2,2,2,1
14346,0,0,1,2,0,0,1
14347,1,0,1,2,0,0,0
14348,0,0,4,2,2,2,1
14349,1,0,1,2,1,2,1
14350,1,0,1,2,1,1,1
14351,1,0,1,2,0,0,1
14352,0,0,4,6,0,0,1
14353,1,0,1,2,1,2,1
14354,1,0,2,3,1,2,0
14355,1,0,0,0,0,1,1
14356,1,0,3,1,2,1,2
14357,1,0,1,2,1,1,1
14358,1,0,1,2,1,1,1
14359,1,0,2,3,1,2,1
14360,1,0,0,0,2,2,1
14361,0,0,4,2,2,2,1
14362,1,0,1,2,1,0,1
14363,1,0,2,3,1,0,1
14364,1,0,2,3,1,0,1
14365,0,0,4,2,2,2,1
14366,1,0,3,1,2,1,2
14367,1,0,1,2,1,1,1
14368,1,0,1,2,1,2,1
14369,1,0,1,2,1,1,1
14370,1,0,1,2,1,1,1
14371,1,0,1,2,1,2,1
14372,1,0,1,2,1,2,1
14373,0,0,1,2,1,2,1
14374,0,0,1,2,1,2,1
14375,1,0,1,2,0,0,0
14376,1,0,1,2,1,2,1
14377,1,0,1,2,1,1,1
14378,1,0,2,3,2,1,2
14379,0,0,4,6,0,0,1
14380,1,0,1,2,1,1,1
14381,1,0,1,2,1,1,1
14382,0,0,4,2,2,2,1
14383,1,0,1,2,1,2,1
14384,0,0,4,3,2,1,1
14385,1,0,0,0,2,2,1
14386,1,0,3,1,2,1,2
14387,1,0,2,3,2,2,1
14388,1,0,1,2,0,0,1
14389,1,0,1,2,1,1,1
14390,1,0,2,3,2,2,1
14391,1,0,2,3,1,0,1
14392,1,0,3,1,2,1,2
14393,1,0,1,2,0,0,1
14394,1,0,3,1,2,1,2
14395,1,0,1,2,1,2,1
14396,1,0,1,2,2,2,1
14397,0,0,4,2,2,2,1
14398,1,0,0,0,0,0,0
14399,1,0,0,0,1,2,0
14400,1,0,1,2,1,1,1
14401,0,0,1,2,2,1,2
14402,1,0,1,2,1,1,1
14403,1,0,1,2,1,1,1
14404,1,0,1,2,1,2,1
14405,0,0,2,3,1,2,1
14406,1,0,0,0,1,2,0
14407,0,0,2,3,1,2,1
14408,1,0,3,1,2,1,2
14409,0,0,4,2,2,2,1
14410,0,0,4,2,2,2,1
14411,1,0,1,2,1,1,1
14412,1,0,4,5,2,2,2
14413,1,0,1,2,1,1,1
14414,1,0,3,1,2,1,2
14415,0,0,1,2,1,2,1
14416,1,0,1,2,1,2,1
14417,0,0,2,3,1,2,1
14418,1,0,4,5,2,2,2
14419,1,0,1,2,1,2,1
14420,0,0,1,2,0,0,1
14421,1,0,2,3,1,2,0
14422,1,0,2,3,1,0,1
14423,0,0,4,2,2,2,1
14424,0,0,4,6,1,1,1
14425,1,0,1,2,1,2,1
14426,0,0,4,5,2,1,1
14427,1,0,0,0,2,2,1
14428,0,0,4,2,2,2,1
14429,1,0,1,2,1,2,1
14430,0,0,1,2,2,2,1
14431,1,0,2,3,1,0,1
14432,0,0,4,2,2,2,1
14433,1,0,0,0,1,2,1
14434,1,0,1,2,1,1,1
14435,0,0,4,6,1,1,1
14436,0,0,4,2,2,2,1
14437,0,0,1,2,0,0,1
14438,1,0,3,1,2,1,2
14439,1,0,1,2,0,0,1
14440,1,0,1,2,1,1,1
14441,1,0,3,1,2,1,2
14442,1,0,2,3,2,1,2
14443,0,0,1,2,1,1,1
14444,1,0,4,5,2,2,2
14445,0,0,1,2,1,1,1
14446,1,0,3,1,2,1,2
14447,1,0,1,2,1,1,1
14448,0,0,4,2,2,2,1
14449,1,0,1,2,1,1,1
14450,1,0,1,2,0,0,0
14451,1,0,1,2,1,2,1
14452,0,0,4,5,2,1,1
14453,0,0,4,6,0,0,1
14454,1,0,1,2,1,1,1
14455,1,0,1,2,1,2,1
14456,0,0,4,2,2,2,1
14457,0,0,1,2,1,1,1
14458,1,0,1,2,1,1,1
14459,1,0,1,2,1,2,1
14460,0,0,1,2,1,1,1
14461,0,0,2,3,2,2,0
14462,0,0,4,6,1,2,1
14463,1,0,1,2,0,0,0
14464,0,0,1,2,1,1,1
14465,1,0,1,2,0,0,1
14466,0,0,1,2,1,1,1
14467,0,0,4,2,2,2,1
14468,1,0,1,2,1,1,1
14469,1,0,2,3,2,1,1
14470,1,0,1,2,1,1,1
14471,0,0,4,2,2,2,1
14472,0,0,2,3,1,2,1
14473,0,0,4,6,1,2,1
14474,1,0,1,2,1,2,1
14475,0,0,1,2,0,0,1
14476,0,0,2,3,1,2,1
14477,0,0,1,2,0,0,1
14478,1,0,2,3,1,0,1
14479,0,0,4,2,2,2,1
14480,1,0,2,3,1,0,1
14481,1,0,0,0,1,2,0
14482,1,0,1,2,1,2,1
14483,1,0,1,2,1,1,1
14484,1,0,2,3,1,0,1
14485,1,0,0,0,1,2,1
14486,1,0,1,2,1,1,1
14487,0,0,4,6,1,2,1
14488,1,0,2,3,1,0,1
14489,0,0,4,2,2,2,1
14490,1,0,1,2,1,1,1
14491,1,0,1,2,1,2,1
14492,0,0,1,2,1,1,1
14493,1,0,1,2,1,2,1
14494,1,0,3,1,2,1,2
14495,1,0,1,2,0,0,1
14496,1,0,1,2,0,0,0
14497,0,0,4,5,2,1,1
14498,0,0,2,3,1,2,1
14499,0,0,4,3,2,1,1
14500,1,0,3,1,2,1,2
14501,0,0,4,6,0,0,1
14502,0,0,4,2,2,2,1
14503,1,0,1,2,2,2,1
14504,1,0,2,3,2,2,1
14505,1,0,2,3,2,2,1
14506,1,0,1,2,1,1,1
14507,1,0,1,2,1,2,1
14508,0,0,4,5,2,1,1
14509,1,0,1,2,1,1,1
14510,1,0,1,2,1,1,1
14511,0,0,4,2,2,2,1
14512,0,0,4,6,1,1,1
14513,1,0,2,3,1,0,1
14514,1,0,1,2,1,2,1
14515,1,0,2,3,2,2,1
14516,0,0,4,5,2,1,1
14517,1,0,1,2,1,2,1
14518,1,0,1,2,1,2,1
14519,1,0,2,3,1,0,1
14520,0,0,1,2,2,2,1
14521,1,0,1,2,1,1,1
14522,1,0,1,2,0,0,1
14523,1,0,3,1,2,1,2
14524,1,0,1,2,1,2,1
14525,0,0,4,2,2,2,1
14526,1,0,1,2,1,2,1
14527,0,0,2,3,1,2,1
14528,1,0,3,1,2,1,2
14529,1,0,1,2,1,2,1
14530,1,0,2,3,1,0,1
14531,1,0,1,2,1,1,1
14532,1,0,2,3,2,1,2
14533,0,0,1,2,0,0,1
14534,1,0,1,2,1,2,1
14535,0,0,1,2,0,0,1
14536,1,0,1,2,1,1,1
14537,0,0,2,3,2,2,2
14538,1,0,3,1,2,1,2
14539,0,0,2,3,2,2,2
14540,0,0,4,2,2,2,1
14541,1,0,2,3,1,0,1
14542,1,0,4,5,2,2,2
14543,0,0,2,3,1,2,1
14544,1,0,2,3,1,0,1
14545,0,0,4,2,2,2,1
14546,0,0,2,3,1,2,1
14547,1,0,1,2,1,1,1
14548,1,0,1,2,1,1,1
14549,1,0,1,2,1,2,1
14550,1,0,3,1,2,1,2
14551,0,0,4,2,2,2,1
14552,1,0,1,2,0,0,1
14553,1,0,1,2,0,0,1
14554,0,0,0,4,1,2,0
14555,1,0,3,1,2,1,2
14556,1,0,1,2,0,0,1
14557,1,0,4,5,2,2,2
14558,1,0,4,5,2,2,2
14559,1,0,2,3,1,0,1
14560,1,0,2,3,1,2,1
14561,1,0,3,1,2,1,2
14562,1,0,1,2,0,0,1
14563,1,0,3,1,2,1,2
14564,0,0,4,5,2,1,1
14565,0,0,4,2,2,2,1
14566,1,0,4,5,2,2,2
14567,0,0,4,2,2,2,1
14568,1,0,1,2,0,0,1
14569,1,0,1,2,1,1,1
14570,1,0,2,3,2,1,2
14571,1,0,0,0,2,2,1
14572,0,0,4,3,2,1,1
14573,1,0,1,2,1,2,1
14574,1,0,0,0,2,2,1
14575,1,0,1,2,1,1,1
14576,0,0,4,6,1,2,1
14577,0,0,4,6,0,0,1
14578,1,0,2,3,1,2,0
14579,0,0,4,5,2,1,1
14580,1,0,3,1,2,1,2
14581,1,0,1,2,1,1,1
14582,0,0,4,2,2,2,1
14583,1,0,1,2,1,1,1
14584,1,0,2,3,2,1,1
14585,0,0,2,3,1,2,1
14586,1,0,1,2,1,1,1
14587,0,0,1,2,0,0,1
14588,0,0,4,5,2,1,1
14589,1,0,1,2,1,1,1
14590,0,0,2,3,1,2,1
14591,1,0,1,2,0,0,1
14592,1,0,1,2,1,1,1
14593,0,0,4,2,2,2,1
14594,1,0,2,3,2,2,1
14595,1,0,1,2,1,2,1
14596,1,0,3,1,1,2,1
14597,0,0,1,2,1,1,1
14598,0,0,0,4,1,1,1
14599,1,0,0,0,1,1,1
14600,1,0,1,2,2,2,1
14601,1,0,0,0,1,2,1
14602,1,0,1,2,0,0,1
14603,0,0,4,3,2,1,1
14604,0,0,4,5,2,1,1
14605,0,0,4,2,2,2,1
14606,1,0,1,2,1,2,1
14607,1,0,1,2,1,1,1
14608,1,0,1,2,1,1,1
14609,0,0,0,4,0,1,0
14610,1,0,1,2,1,1,1
14611,1,0,3,1,2,1,2
14612,0,0,4,6,1,2,1
14613,1,0,3,1,2,1,2
14614,0,0,1,2,0,0,1
14615,1,0,1,2,1,2,1
14616,1,0,1,2,1,2,1
14617,1,0,4,5,2,2,2
14618,0,0,4,6,1,2,1
14619,0,0,4,2,2,2,1
14620,1,0,2,3,1,2,1
14621,0,0,4,6,2,1,1
14622,1,0,3,1,2,1,2
14623,1,0,1,2,1,2,1
14624,1,0,2,3,2,1,2
14625,0,0,4,3,2,1,1
14626,1,0,2,3,1,0,1
14627,0,0,2,3,1,2,1
14628,1,0,1,2,1,1,1
14629,0,0,4,5,2,1,1
14630,1,0,1,2,1,2,1
14631,1,0,1,2,1,2,1
14632,1,0,1,2,1,1,1
14633,1,0,3,1,2,1,2
14634,1,0,3,1,2,1,2
14635,1,0,0,0,1,2,1
14636,1,0,2,3,1,0,1
14637,1,0,2,3,1,2,0
14638,1,0,3,1,2,1,2
14639,1,0,2,3,1,0,1
14640,0,0,2,3,1,2,1
14641,1,0,3,1,2,1,2
14642,1,0,2,3,2,1,2
14643,1,0,2,3,0,0,0
14644,1,0,1,2,1,2,1
14645,1,0,1,2,1,1,1
14646,0,0,4,3,2,1,1
14647,1,0,1,2,0,0,1
14648,1,0,2,3,2,1,1
14649,1,0,0,0,1,2,1
14650,0,0,4,2,2,2,1
14651,0,0,4,6,1,2,1
14652,1,0,1,2,1,1,1
14653,1,0,1,2,1,2,1
14654,1,0,1,2,1,2,1
14655,0,0,1,2,0,0,1
14656,1,0,1,2,1,2,1
14657,0,0,4,2,2,2,1
14658,1,0,2,3,1,0,1
14659,1,0,1,2,1,2,1
14660,1,0,1,2,1,1,1
14661,1,0,2,3,1,2,1
14662,1,0,3,1,2,1,2
14663,1,0,2,3,1,0,1
14664,0,1,4,6,0,0,1
14665,0,0,1,2,0,0,1
14666,1,0,1,2,1,2,1
14667,0,0,4,6,2,2,1
14668,0,0,4,3,2,1,1
14669,1,0,1,2,0,0,1
14670,1,0,1,2,1,1,1
14671,1,0,1,2,1,2,1
14672,1,0,1,2,1,1,1
14673,1,0,2,3,1,2,0
14674,0,0,4,2,2,2,1
14675,1,0,1,2,1,1,1
14676,0,0,4,2,2,2,1
14677,1,0,1,2,1,2,1
14678,1,0,0,0,2,2,1
14679,1,0,1,2,1,1,1
14680,1,0,1,2,1,1,1
14681,1,0,1,2,1,1,1
14682,1,0,3,1,2,1,2
14683,1,0,1,2,1,1,1
14684,1,0,1,2,1,1,1
14685,1,0,3,1,2,1,2
14686,1,0,3,1,2,1,2
14687,0,0,4,2,2,2,1
14688,0,0,4,2,2,2,1
14689,1,0,3,1,2,1,2
14690,0,0,4,2,2,2,1
14691,0,0,4,2,2,2,1
14692,1,0,1,2,0,0,1
14693,1,0,1,2,1,2,1
14694,1,0,1,2,1,1,1
14695,0,0,4,2,2,2,1
14696,1,0,1,2,1,2,1
14697,0,0,1,2,0,0,1
14698,0,0,4,2,2,2,1
14699,1,0,1,2,1,1,1
14700,0,0,4,3,2,1,1
14701,1,0,3,1,2,1,2
14702,1,0,3,1,2,1,2
14703,0,0,2,3,1,2,1
14704,1,0,1,2,1,1,1
14705,1,0,2,3,2,1,1
14706,0,0,4,2,2,2,1
14707,1,0,1,2,0,0,0
14708,1,0,2,3,1,0,1
14709,1,0,2,3,1,0,1
14710,1,0,2,3,2,1,2
14711,0,0,4,2,2,2,1
14712,1,0,1,2,1,0,1
14713,1,0,1,2,1,1,1
14714,1,0,1,2,1,1,1
14715,1,0,1,2,1,1,1
14716,1,0,1,2,1,2,1
14717,1,0,4,5,2,2,2
14718,1,0,3,1,2,1,2
14719,0,0,4,5,2,1,1
14720,0,0,1,2,1,1,1
14721,1,0,2,3,1,0,1
14722,1,0,1,2,1,1,1
14723,1,0,1,2,1,1,1
14724,1,0,2,3,1,0,1
14725,1,0,1,2,1,1,1
14726,1,0,2,3,1,0,1
14727,0,0,4,2,2,2,1
14728,1,0,1,2,1,0,1
14729,0,0,4,6,0,0,1
14730,0,0,4,3,2,1,1
14731,1,0,3,1,2,1,2
14732,1,0,1,2,1,1,1
14733,1,0,2,3,1,0,1
14734,1,0,0,0,2,2,1
14735,1,0,2,3,1,0,1
14736,0,0,4,2,2,2,1
14737,0,0,4,3,2,1,1
14738,1,0,1,2,1,1,1
14739,1,0,1,2,0,0,0
14740,0,0,4,2,2,2,1
14741,1,0,1,2,1,2,1
14742,1,0,2,3,1,0,1
14743,1,0,1,2,1,2,1
14744,0,0,4,6,0,0,1
14745,1,0,1,2,1,1,1
14746,1,0,2,3,1,2,0
14747,1,0,1,2,0,0,0
14748,1,0,3,1,2,1,2
14749,0,0,1,2,0,0,1
14750,1,0,1,2,0,0,0
14751,1,0,2,3,1,2,0
14752,1,0,2,3,1,1,1
14753,1,0,1,2,1,1,1
14754,1,0,3,1,2,1,2
14755,0,0,4,2,2,2,1
14756,1,0,3,1,2,1,2
14757,1,0,1,2,1,2,1
14758,1,0,2,3,2,2,1
14759,1,0,0,3,1,0,1
14760,1,0,1,2,1,2,1
14761,1,0,4,5,2,2,2
14762,1,0,1,2,0,0,1
14763,1,0,1,2,1,1,1
14764,0,0,1,2,0,0,1
14765,0,0,4,3,2,1,1
14766,0,0,4,2,2,2,1
14767,1,0,4,5,2,2,2
14768,1,0,2,3,2,1,2
14769,1,0,1,2,1,1,1
14770,0,0,4,2,2,2,1
14771,1,0,1,2,1,2,1
14772,0,0,4,2,2,2,1
14773,1,0,1,2,1,2,1
14774,0,0,4,6,1,2,1
14775,0,0,1,2,0,0,1
14776,1,0,1,2,0,0,1
14777,1,0,3,1,2,1,2
14778,0,0,4,2,2,2,1
14779,0,0,1,2,1,2,1
14780,0,0,4,2,2,2,1
14781,1,0,3,1,2,1,2
14782,1,0,3,1,2,1,2
14783,1,0,1,2,1,1,1
14784,1,0,2,3,2,1,2
14785,1,0,1,2,1,1,1
14786,1,0,1,2,1,2,1
14787,0,0,4,2,2,2,1
14788,0,0,2,3,1,2,1
14789,1,0,2,3,2,1,2
14790,1,0,2,3,1,0,1
14791,0,0,4,6,1,2,1
14792,1,0,1,2,1,1,1
14793,0,0,4,3,2,1,1
14794,1,0,1,2,1,1,1
14795,0,0,4,2,2,2,1
14796,1,0,4,5,2,2,2
14797,1,0,1,2,1,1,1
14798,1,0,1,2,1,2,1
14799,1,0,3,1,2,1,2
14800,1,0,1,2,1,2,1
14801,1,0,0,0,1,1,1
14802,0,0,1,2,1,1,1
14803,1,0,1,2,1,1,1
14804,1,0,1,2,1,1,1
14805,0,0,1,2,0,0,1
14806,1,0,1,2,1,1,1
14807,1,0,1,2,1,1,1
14808,0,0,4,2,2,2,1
14809,1,0,1,2,1,1,1
14810,1,0,1,2,1,2,1
14811,1,0,1,2,1,1,1
14812,1,0,4,5,2,2,2
14813,1,0,1,2,1,2,1
14814,1,0,3,1,2,1,2
14815,1,0,1,2,1,2,1
14816,1,0,1,2,1,1,1
14817,1,0,2,3,1,0,1
14818,0,0,4,2,2,2,1
14819,1,0,2,3,1,0,1
14820,1,0,0,0,1,2,0
14821,1,0,2,3,1,0,1
14822,1,0,1,2,1,1,1
14823,1,0,2,3,0,0,0
14824,1,0,0,0,1,2,0
14825,0,0,4,2,2,2,1
14826,0,0,2,3,1,2,1
14827,1,0,3,1,2,1,2
14828,0,0,4,6,0,0,1
14829,1,0,1,2,1,1,1
14830,1,0,3,1,2,1,2
14831,1,0,1,2,1,1,1
14832,0,0,2,3,1,2,1
14833,1,0,3,1,2,1,2
14834,1,0,3,1,2,1,2
14835,1,0,1,2,1,1,1
14836,1,0,1,2,1,1,1
14837,0,0,4,2,2,2,1
14838,1,0,1,2,1,1,1
14839,1,0,1,2,1,2,1
14840,1,0,3,1,2,1,2
14841,1,0,2,3,2,1,2
14842,1,0,3,1,2,1,2
14843,0,0,4,2,2,2,1
14844,0,0,4,2,2,2,1
14845,1,0,2,3,2,2,1
14846,1,0,2,3,2,1,2
14847,0,0,4,3,2,1,1
14848,0,0,4,2,2,2,1
14849,1,0,2,3,2,1,1
14850,0,0,4,2,2,2,1
14851,1,0,1,2,1,2,1
14852,1,0,1,2,1,1,1
14853,0,0,4,2,2,2,1
14854,0,0,4,5,2,1,1
14855,0,0,4,2,2,2,1
14856,0,0,1,2,1,2,1
14857,1,0,1,2,1,2,1
14858,0,0,4,2,2,2,1
14859,0,0,4,2,2,2,1
14860,1,0,1,2,1,1,1
14861,1,0,1,2,1,2,1
14862,0,0,2,3,2,2,0
14863,1,0,3,1,2,1,2
14864,1,0,3,1,2,1,2
14865,0,0,4,6,1,2,1
14866,1,0,1,2,1,1,1
14867,1,0,1,2,1,1,1
14868,0,0,0,4,0,1,0
14869,0,0,4,2,2,2,1
14870,1,0,1,2,1,2,1
14871,1,0,1,2,1,1,1
14872,0,0,4,5,2,1,1
14873,0,0,4,6,1,2,1
14874,1,0,1,2,1,2,1
14875,1,0,3,1,2,1,2
14876,0,0,4,5,2,1,1
14877,1,0,1,2,1,1,1
14878,1,0,2,3,1,0,1
14879,1,0,2,3,1,0,1
14880,1,0,1,2,1,2,1
14881,1,0,1,2,1,1,1
14882,1,0,1,2,1,1,1
14883,1,0,2,3,2,2,1
14884,1,0,2,3,2,1,2
14885,1,0,1,2,1,1,1
14886,1,0,1,2,1,1,1
14887,0,0,4,2,2,2,1
14888,0,1,0,0,2,2,1
14889,0,0,4,6,0,0,1
14890,0,0,4,3,2,1,1
14891,1,0,1,2,1,1,1
14892,1,0,1,2,2,2,1
14893,1,0,2,3,1,2,1
14894,1,0,1,2,1,1,1
14895,0,0,4,5,2,1,1
14896,0,0,4,2,2,2,1
14897,1,0,1,2,1,2,1
14898,0,0,4,2,2,2,1
14899,1,0,3,1,2,1,2
14900,0,0,4,2,2,2,1
14901,0,0,1,2,0,0,1
14902,1,0,1,2,1,2,1
14903,0,0,1,2,1,1,1
14904,0,0,1,2,1,1,1
14905,1,0,3,1,2,1,2
14906,0,0,4,2,2,2,1
14907,1,0,2,3,1,0,1
14908,0,0,4,6,1,1,1
14909,1,0,2,3,2,1,2
14910,1,0,4,5,2,2,2
14911,1,0,1,2,1,2,1
14912,1,0,1,2,1,1,1
14913,0,0,1,2,1,1,1
14914,1,0,1,2,1,1,1
14915,0,0,4,2,2,2,1
14916,1,0,1,2,1,2,1
14917,1,0,1,2,1,1,1
14918,1,0,1,2,1,2,1
14919,1,0,3,1,2,1,2
14920,1,0,2,3,1,2,0
14921,0,0,2,3,1,2,1
14922,0,0,1,2,1,1,1
14923,1,0,2,3,1,0,1
14924,0,0,4,2,2,2,1
14925,0,0,1,2,0,0,1
14926,0,0,0,4,2,2,1
14927,1,0,2,3,1,1,1
14928,0,0,4,5,2,1,1
14929,1,0,0,0,2,2,1
14930,0,0,4,2,2,2,1
14931,1,0,1,2,1,1,1
14932,1,0,2,3,2,2,1
14933,0,0,4,2,2,2,1
14934,0,0,4,3,2,1,1
14935,1,0,1,2,1,1,1
14936,1,0,3,1,2,1,2
14937,0,0,1,2,1,1,1
14938,1,0,2,3,1,1,1
14939,0,0,4,5,2,1,1
14940,1,0,2,3,1,0,1
14941,1,0,4,5,2,2,2
14942,1,0,2,3,1,0,1
14943,0,0,4,2,2,2,1
14944,1,0,0,0,1,0,1
14945,1,0,2,3,1,0,1
14946,0,0,4,4,1,1,1
14947,1,0,1,2,1,1,1
14948,0,0,4,2,2,2,1
14949,1,0,1,2,1,2,1
14950,0,0,4,6,1,1,1
14951,1,0,1,2,1,1,1
14952,0,0,1,2,1,1,1
14953,1,0,0,0,0,2,1
14954,0,0,4,6,2,2,1
14955,1,0,2,3,1,2,0
14956,1,0,3,1,2,1,2
14957,0,0,4,6,1,2,1
14958,0,0,1,2,1,1,1
14959,1,0,0,0,0,2,1
14960,1,0,2,3,2,1,2
14961,1,0,1,2,1,2,1
14962,1,0,1,2,1,1,1
14963,0,0,4,6,0,0,1
14964,0,0,4,2,2,2,1
14965,1,0,3,1,2,1,2
14966,1,0,1,2,1,1,1
14967,1,0,1,2,1,1,1
14968,1,0,1,2,2,2,1
14969,1,0,3,1,2,1,2
14970,1,0,1,2,1,1,1
14971,1,0,1,2,1,2,1
14972,1,0,0,0,0,1,1
14973,0,0,4,6,1,2,1
14974,1,0,0,0,2,2,1
14975,0,0,4,2,2,2,1
14976,0,0,4,2,2,2,1
14977,0,0,4,2,2,2,1
14978,0,0,4,2,2,2,1
14979,0,0,1,2,0,0,1
14980,0,0,4,5,2,1,1
14981,1,0,1,2,1,1,1
14982,0,0,4,2,2,2,1
14983,1,0,3,1,2,1,2
14984,1,0,2,3,1,0,1
14985,1,0,1,2,0,0,1
14986,1,0,1,2,1,2,1
14987,1,0,1,2,0,0,1
14988,1,0,1,2,1,2,1
14989,1,0,1,2,1,1,1
14990,1,0,1,2,1,1,1
14991,1,0,1,2,1,1,1
14992,1,0,2,3,1,2,1
14993,1,0,3,1,2,1,2
14994,1,0,2,3,1,0,1
14995,1,0,2,3,1,0,1
14996,1,0,1,2,0,0,0
14997,1,0,2,3,1,2,1
14998,0,0,1,2,1,1,1
14999,1,0,3,1,2,1,2
15000,0,0,1,2,0,0,1
15001,1,0,1,2,1,2,1
15002,1,0,1,2,1,1,1
15003,1,0,1,2,1,2,1
15004,1,0,2,3,1,0,1
15005,1,0,1,2,1,1,1
15006,0,0,4,2,2,2,1
15007,0,0,4,2,2,2,1
15008,1,0,1,2,1,1,1
15009,0,0,4,2,2,2,1
15010,1,0,1,2,1,2,1
15011,1,0,1,2,1,2,1
15012,1,0,3,1,2,1,2
15013,0,0,4,4,1,1,1
15014,1,0,1,2,1,1,1
15015,1,0,2,3,1,2,1
15016,1,0,1,2,1,2,1
15017,0,0,4,5,2,1,1
15018,0,0,4,2,2,2,1
15019,1,0,1,2,1,1,1
15020,0,0,2,3,1,2,1
15021,1,0,1,2,0,0,1
15022,1,0,1,2,1,1,1
15023,1,0,1,2,1,1,1
15024,1,0,1,2,1,1,1
15025,0,0,4,2,2,2,1
15026,1,0,3,1,2,1,2
15027,0,0,0,4,0,1,0
15028,1,0,2,3,1,2,0
15029,1,0,1,2,1,2,0
15030,1,0,1,2,1,1,1
15031,1,0,3,1,2,1,2
15032,1,0,1,2,1,1,1
15033,0,0,0,4,0,1,0
15034,0,0,1,2,2,2,1
15035,1,0,2,3,1,0,1
15036,1,0,2,3,1,2,1
15037,0,0,4,2,2,2,1
15038,1,0,3,1,2,1,2
15039,1,0,1,2,1,1,1
15040,1,0,3,1,2,1,2
15041,0,0,4,2,2,2,1
15042,1,0,0,0,1,2,1
15043,0,0,2,3,1,1,1
15044,1,0,1,2,0,0,1
15045,0,0,4,2,2,2,1
15046,1,0,2,3,1,0,1
15047,1,0,1,2,1,2,1
15048,1,0,1,2,1,0,1
15049,1,0,2,3,2,1,2
15050,1,0,1,2,0,0,1
15051,1,0,1,2,2,2,1
15052,1,0,1,2,1,1,1
15053,0,0,4,2,2,2,1
15054,1,0,2,3,1,0,1
15055,0,0,1,2,2,1,2
15056,0,0,2,3,1,2,1
15057,1,0,1,2,1,1,1
15058,0,0,4,2,2,2,1
15059,1,0,1,2,0,0,1
15060,1,0,1,2,0,0,1
15061,1,0,3,1,2,1,2
15062,1,0,3,1,2,1,2
15063,0,0,4,3,2,1,1
15064,1,0,0,0,0,0,1
15065,0,0,0,4,1,2,1
15066,0,0,4,6,0,0,1
15067,0,0,4,2,2,2,1
15068,1,0,2,3,1,2,1
15069,1,0,3,1,2,1,2
15070,0,0,4,2,1,2,1
15071,1,0,1,2,1,1,1
15072,1,0,1,2,0,0,1
15073,1,0,1,2,1,2,1
15074,1,0,2,3,1,0,1
15075,1,0,2,3,2,2,1
15076,0,0,1,2,1,1,1
15077,1,0,2,3,1,0,1
15078,1,0,2,3,2,1,2
15079,0,0,4,2,2,2,1
15080,1,0,2,3,1,0,1
15081,1,0,1,2,0,0,1
15082,1,0,1,2,1,2,1
15083,0,0,2,3,1,2,1
15084,0,0,4,6,0,0,1
15085,0,0,1,2,1,1,1
15086,0,0,4,3,2,1,1
15087,1,0,3,1,2,1,2
15088,0,0,1,2,1,1,1
15089,1,0,1,2,1,1,1
15090,1,0,1,2,1,2,1
15091,1,0,2,3,1,0,1
15092,0,0,1,2,1,1,1
15093,0,0,4,2,2,2,1
15094,0,0,4,3,2,1,1
15095,0,0,4,6,1,2,1
15096,0,0,4,6,1,2,1
15097,1,0,1,2,1,1,1
15098,1,0,1,2,1,1,1
15099,1,0,3,1,2,1,2
15100,0,0,4,2,2,2,1
15101,1,0,3,1,2,1,2
15102,1,0,0,0,0,1,1
15103,0,0,4,3,2,1,1
15104,1,0,3,1,2,1,2
15105,1,0,2,3,1,0,1
15106,0,0,4,2,2,2,1
15107,1,0,1,2,2,2,1
15108,1,0,3,1,2,1,2
15109,1,0,0,0,1,2,0
15110,1,0,3,1,2,1,2
15111,1,0,1,2,1,1,1
15112,0,0,4,2,2,2,1
15113,1,0,1,2,1,0,1
15114,0,0,4,6,1,2,1
15115,1,0,1,2,1,1,1
15116,1,0,3,1,2,1,2
15117,1,0,1,2,1,1,1
15118,1,0,3,1,2,1,2
15119,1,0,1,2,0,0,1
15120,0,0,4,2,2,2,1
15121,1,0,3,1,2,1,2
15122,1,0,3,1,2,1,2
15123,1,0,2,3,1,0,1
15124,0,0,1,2,1,1,1
15125,1,0,1,2,0,0,1
15126,0,0,4,3,2,1,1
15127,1,0,1,2,0,0,1
15128,0,0,2,3,1,1,1
15129,1,0,3,1,2,1,2
15130,0,0,0,4,1,2,0
15131,0,0,4,3,1,1,1
15132,0,0,1,2,1,1,1
15133,1,0,1,2,1,2,1
15134,1,0,1,2,1,1,1
15135,1,0,3,1,1,1,1
15136,1,0,3,1,2,1,2
15137,1,0,1,2,1,1,1
15138,0,0,4,2,2,2,1
15139,1,0,1,2,1,1,1
15140,0,0,4,2,2,2,1
15141,1,0,1,2,1,1,1
15142,1,0,1,2,1,2,1
15143,1,0,1,2,0,0,1
15144,1,0,1,2,1,2,1
15145,0,0,1,2,1,1,1
15146,1,0,1,2,0,0,1
15147,1,0,3,1,2,1,2
15148,1,0,1,2,1,1,1
15149,1,0,1,2,1,2,1
15150,1,0,3,1,2,1,2
15151,1,0,1,2,1,0,1
15152,1,0,1,2,0,0,0
15153,1,0,1,2,0,0,1
15154,1,0,2,3,1,0,1
15155,0,0,0,4,1,2,0
15156,1,0,1,2,0,0,1
15157,0,0,4,5,2,1,1
15158,1,0,1,2,1,1,1
15159,1,0,1,2,1,2,1
15160,1,0,1,2,1,1,1
15161,1,0,1,2,1,2,1
15162,0,0,1,2,0,0,1
15163,1,0,2,3,2,1,2
15164,1,0,1,2,1,1,1
15165,1,0,2,3,1,0,1
15166,0,0,1,2,0,0,1
15167,0,0,2,3,1,2,1
15168,1,0,3,1,2,1,2
15169,1,0,1,2,1,2,1
15170,1,0,3,1,2,1,2
15171,1,0,1,2,1,2,1
15172,1,0,1,2,1,2,1
15173,0,0,1,2,0,0,1
15174,1,0,1,2,1,1,1
15175,1,0,3,1,2,1,2
15176,0,0,1,2,1,1,1
15177,0,0,4,2,2,2,1
15178,1,0,1,2,1,1,1
15179,0,0,1,2,1,1,1
15180,1,0,1,2,2,2,1
15181,1,0,2,3,1,0,1
15182,1,0,1,2,1,1,1
15183,0,0,4,2,2,2,1
15184,1,0,2,3,1,0,1
15185,1,0,3,1,2,1,2
15186,1,0,1,2,0,0,0
15187,0,0,1,2,1,1,1
15188,0,0,4,3,2,1,1
15189,1,0,1,2,1,1,1
15190,1,0,1,2,1,2,1
15191,1,0,1,2,1,1,1
15192,1,0,1,2,1,1,1
15193,1,0,3,1,2,1,2
15194,1,0,1,2,1,2,1
15195,0,0,4,2,2,2,1
15196,1,0,1,2,1,2,1
15197,1,0,1,2,0,0,1
15198,0,0,1,2,1,2,1
15199,1,0,1,2,0,0,1
15200,0,0,1,2,1,1,1
15201,0,0,1,2,0,0,1
15202,1,0,2,3,1,1,1
15203,1,0,1,2,1,1,1
15204,0,0,0,4,1,2,1
15205,0,0,1,2,1,1,1
15206,0,0,1,2,0,0,1
15207,0,0,4,6,0,0,1
15208,0,0,1,2,2,1,2
15209,1,0,2,3,1,1,1
15210,0,0,4,3,2,1,1
15211,0,0,4,3,2,1,1
15212,1,0,2,3,2,2,1
15213,0,0,4,2,2,2,1
15214,0,0,1,2,1,1,1
15215,0,0,4,2,2,2,1
15216,1,0,2,3,1,0,1
15217,1,0,1,2,1,1,1
15218,0,0,4,6,0,0,1
15219,1,0,1,2,1,1,1
15220,0,0,4,2,2,2,1
15221,0,0,4,3,1,1,1
15222,0,0,4,5,2,2,1
15223,0,0,1,2,1,1,1
15224,1,0,3,1,2,1,2
15225,1,0,1,2,1,2,1
15226,1,0,1,2,1,1,1
15227,0,0,4,2,2,2,1
15228,0,0,1,2,1,1,1
15229,1,0,1,2,0,0,1
15230,0,0,4,6,0,0,1
15231,1,0,3,1,2,1,2
15232,1,0,1,2,1,0,1
15233,0,0,4,2,2,2,1
15234,0,0,2,3,1,1,1
15235,1,0,1,2,1,2,1
15236,0,0,1,2,0,0,1
15237,0,0,4,3,1,1,1
15238,0,0,4,2,2,2,1
15239,0,0,1,2,0,0,1
15240,0,0,4,3,1,1,1
15241,1,0,2,3,1,1,1
15242,0,0,4,2,2,2,1
15243,1,0,2,3,0,0,0
15244,1,0,2,3,2,2,1
15245,1,0,3,1,2,1,2
15246,1,0,2,3,2,2,1
15247,0,0,1,2,0,0,1
15248,0,0,4,6,1,2,1
15249,1,0,3,1,2,1,2
15250,1,0,1,2,1,1,1
15251,0,0,4,2,2,2,1
15252,1,0,1,2,1,1,1
15253,1,0,1,2,0,0,1
15254,0,0,4,3,2,1,1
15255,1,0,2,3,2,2,1
15256,1,0,0,0,0,0,0
15257,1,0,1,2,1,0,1
15258,1,0,1,2,1,1,1
15259,0,0,4,2,2,2,1
15260,1,0,2,3,2,1,2
15261,0,0,2,3,1,2,1
15262,0,0,4,5,2,1,1
15263,1,0,2,3,1,0,1
15264,1,0,2,3,1,0,1
15265,1,0,1,2,1,2,1
15266,1,0,0,0,1,1,1
15267,0,0,4,2,2,2,1
15268,0,0,1,2,2,1,2
15269,1,0,1,2,1,1,1
15270,1,0,1,2,2,2,1
15271,1,0,1,2,1,2,1
15272,1,0,1,2,1,1,1
15273,0,0,4,2,2,2,1
15274,1,0,1,2,1,1,1
15275,0,0,4,5,2,1,1
15276,1,0,1,2,1,0,1
15277,0,0,1,2,0,0,1
15278,0,0,4,6,1,1,1
15279,0,0,4,6,0,0,1
15280,0,0,2,3,1,2,1
15281,1,0,3,1,2,1,2
15282,1,0,2,3,1,2,0
15283,1,0,3,1,2,1,2
15284,0,0,4,2,2,2,1
15285,1,0,3,1,1,0,0
15286,1,0,1,2,0,0,0
15287,0,0,4,3,2,1,1
15288,0,1,0,0,2,2,1
15289,0,0,0,4,2,2,1
15290,1,0,2,3,0,0,0
15291,1,0,2,3,2,1,2
15292,0,0,2,3,1,2,1
15293,0,0,2,3,1,1,1
15294,0,0,2,3,1,2,1
15295,1,0,2,3,1,0,1
15296,1,0,2,3,1,0,1
15297,1,0,1,2,1,2,1
15298,1,0,1,2,1,1,1
15299,0,0,1,2,1,1,1
15300,0,0,4,3,1,1,1
15301,1,0,1,2,1,2,1
15302,1,0,3,1,2,1,2
15303,0,0,4,2,2,2,1
15304,0,0,1,2,1,1,1
15305,1,0,1,2,1,2,1
15306,1,0,2,3,1,0,1
15307,1,0,1,2,1,1,1
15308,1,0,1,2,1,1,1
15309,0,0,4,2,2,2,1
15310,0,0,4,2,2,2,1
15311,1,0,2,3,1,2,0
15312,1,0,1,2,1,2,1
15313,1,0,3,1,2,1,2
15314,1,0,3,1,2,1,2
15315,1,0,2,3,2,1,2
15316,1,0,1,2,0,0,1
15317,1,0,1,2,1,2,1
15318,1,0,1,2,1,1,1
15319,1,0,1,2,1,1,1
15320,0,0,4,6,1,2,1
15321,1,0,2,3,2,1,2
15322,0,0,4,3,2,1,1
15323,1,0,2,3,2,1,2
15324,1,0,2,3,2,1,2
15325,1,0,2,3,1,2,1
15326,1,0,2,3,1,0,1
15327,1,0,1,2,0,0,1
15328,0,0,4,2,2,2,1
15329,1,0,2,3,2,1,2
15330,0,0,4,2,2,2,1
15331,1,0,3,1,2,1,2
15332,0,0,4,2,2,2,1
15333,0,0,4,2,2,2,1
15334,1,0,1,2,1,1,1
15335,1,0,2,3,1,2,0
15336,1,0,3,1,2,1,2
15337,1,0,3,1,2,1,2
15338,1,0,1,2,1,2,1
15339,1,0,0,0,1,2,0
15340,1,0,2,3,1,0,1
15341,1,0,2,3,2,1,2
15342,1,0,3,1,2,1,2
15343,1,0,1,2,1,2,1
15344,0,0,1,2,2,1,2
15345,1,0,1,2,1,2,1
15346,0,0,4,6,1,2,1
15347,1,0,1,2,1,2,1
15348,0,0,4,2,2,2,1
15349,1,0,2,3,2,1,2
15350,1,0,2,3,1,0,1
15351,1,0,1,2,1,2,1
15352,0,0,1,2,2,1,2
15353,0,0,4,2,2,2,1
15354,1,0,3,1,2,1,2
15355,1,0,1,2,0,0,0
15356,1,0,3,1,2,1,2
15357,1,0,2,3,1,0,1
15358,1,0,1,2,2,2,1
15359,0,0,1,2,2,2,1
15360,0,0,4,6,0,0,1
15361,1,0,1,2,1,1,1
15362,1,0,3,1,2,1,2
15363,0,0,4,2,1,2,1
15364,0,0,4,5,2,1,1
15365,1,0,1,2,1,1,1
15366,1,0,2,3,2,1,2
15367,0,0,0,4,1,2,1
15368,0,0,4,2,2,2,1
15369,1,0,1,2,0,0,1
15370,1,0,3,1,2,1,2
15371,0,0,1,2,1,1,1
15372,1,0,3,1,0,0,1
15373,1,0,0,0,0,2,1
15374,1,0,2,3,2,1,2
15375,1,0,1,2,1,2,1
15376,1,0,3,1,2,1,2
15377,0,1,0,0,2,2,1
15378,1,0,2,3,2,1,2
15379,1,0,1,2,1,2,1
15380,0,0,1,2,1,1,1
15381,0,0,2,3,1,2,1
15382,1,0,2,3,1,2,1
15383,1,0,2,3,1,2,1
15384,0,0,1,2,1,1,1
15385,0,0,4,2,2,2,1
15386,1,0,1,2,1,1,1
15387,1,0,1,2,0,0,0
15388,0,0,4,6,1,2,1
15389,0,0,2,3,1,2,1
15390,0,0,2,3,2,2,0
15391,1,0,2,3,1,2,1
15392,0,0,4,5,2,1,1
15393,0,0,1,2,0,0,1
15394,1,0,1,2,1,1,1
15395,1,0,1,2,1,2,1
15396,1,0,0,0,1,1,1
15397,0,0,4,5,2,1,1
15398,0,0,4,3,2,1,1
15399,1,0,1,2,2,2,1
15400,1,0,1,2,1,2,1
15401,0,0,4,2,2,2,1
15402,0,0,2,3,1,2,1
15403,0,0,4,6,0,0,1
15404,1,0,1,2,1,0,1
15405,1,0,1,2,1,1,1
15406,1,0,1,2,1,1,1
15407,1,0,1,2,1,2,1
15408,1,0,4,5,2,2,2
15409,0,0,2,3,1,2,1
15410,1,0,1,2,1,1,1
15411,1,0,0,0,1,2,0
15412,1,0,2,3,1,0,1
15413,1,0,2,3,1,2,1
15414,1,0,1,2,1,1,1
15415,0,0,4,3,2,1,1
15416,0,0,2,3,1,2,1
15417,1,0,0,0,1,2,0
15418,1,0,1,2,1,2,1
15419,1,0,1,2,0,0,0
15420,1,0,1,2,0,0,1
15421,1,0,1,2,0,0,1
15422,1,0,3,1,2,1,2
15423,1,0,1,2,0,0,0
15424,0,0,4,6,2,1,1
15425,1,0,0,0,1,2,0
15426,1,0,3,1,2,1,2
15427,1,0,3,1,2,1,2
15428,0,0,4,2,2,2,1
15429,1,0,1,2,1,2,1
15430,1,0,1,2,1,2,1
15431,0,0,2,3,1,2,1
15432,1,0,1,2,1,1,1
15433,0,0,4,5,2,1,1
15434,1,0,1,2,1,1,1
15435,0,0,4,6,2,1,1
15436,0,0,4,2,2,2,1
15437,1,0,4,5,2,2,2
15438,0,0,4,2,2,2,1
15439,1,0,2,3,2,2,1
15440,1,0,0,0,2,2,1
15441,0,0,4,6,1,2,1
15442,0,0,4,2,2,2,1
15443,1,0,1,2,1,1,1
15444,1,0,2,3,1,2,1
15445,1,0,4,5,2,2,2
15446,0,0,4,2,2,2,1
15447,1,0,3,1,2,1,2
15448,1,0,3,1,2,1,2
15449,1,0,3,1,2,1,2
15450,1,0,3,1,2,1,2
15451,1,0,4,5,2,2,2
15452,1,0,1,2,1,2,1
15453,1,0,1,2,1,2,1
15454,0,0,4,2,2,2,1
15455,1,0,3,1,2,1,2
15456,0,0,0,4,1,2,0
15457,0,0,4,6,1,2,1
15458,1,0,1,2,1,1,1
15459,0,0,4,2,2,2,1
15460,1,0,3,1,2,1,2
15461,1,0,3,1,2,1,2
15462,1,0,0,0,1,2,1
15463,1,0,2,3,1,0,1
15464,1,0,3,1,2,1,1
15465,0,0,4,2,2,2,1
15466,1,0,1,2,1,1,1
15467,1,0,2,3,1,2,1
15468,1,0,1,2,1,1,1
15469,0,0,4,2,2,2,1
15470,1,0,1,2,1,2,1
15471,0,0,1,2,0,0,1
15472,1,0,2,3,1,0,1
15473,1,0,1,2,1,1,1
15474,1,0,1,2,1,2,1
15475,0,0,4,3,2,1,1
15476,0,0,4,2,2,2,1
15477,1,0,1,2,1,2,1
15478,1,0,2,3,2,1,1
15479,1,0,1,2,1,1,1
15480,0,0,4,2,2,2,1
15481,0,0,4,5,2,1,1
15482,1,0,1,2,1,2,1
15483,1,0,0,0,1,2,0
15484,0,0,4,3,2,1,1
15485,0,0,2,3,1,2,1
15486,1,0,1,2,0,0,1
15487,1,0,2,3,2,1,1
15488,0,0,1,2,1,2,1
15489,1,0,1,2,1,2,1
15490,1,0,2,3,1,0,1
15491,1,0,2,3,1,0,1
15492,0,0,2,3,1,2,1
15493,1,0,1,2,1,1,1
15494,1,0,1,2,0,0,1
15495,1,0,1,2,1,1,1
15496,1,0,4,5,2,2,2
15497,0,0,4,2,2,2,1
15498,1,0,2,3,1,1,1
15499,1,0,2,3,1,2,1
15500,1,0,1,2,1,2,1
15501,1,0,3,1,2,1,2
15502,0,0,4,2,2,2,1
15503,1,0,3,1,2,1,2
15504,1,0,1,2,1,1,1
15505,0,0,1,2,1,1,1
15506,1,0,1,2,1,1,1
15507,1,0,2,3,1,0,1
15508,0,0,2,3,1,2,1
15509,1,0,3,1,2,1,2
15510,1,0,1,2,1,2,1
15511,0,0,4,2,2,2,1
15512,1,0,2,3,2,1,2
15513,1,0,1,2,1,1,1
15514,0,0,4,2,2,2,1
15515,1,0,1,2,0,0,0
15516,0,0,4,2,2,2,1
15517,0,0,1,2,1,1,1
15518,0,0,4,2,2,2,1
15519,0,0,4,3,1,1,1
15520,1,0,1,2,1,1,1
15521,1,0,2,3,1,2,0
15522,1,0,3,1,2,1,2
15523,1,0,1,2,1,1,1
15524,1,0,2,3,1,2,1
15525,1,0,1,2,1,2,1
15526,1,0,1,2,1,1,1
15527,0,0,4,2,2,2,1
15528,1,0,1,2,1,1,1
15529,0,0,4,2,2,2,1
15530,1,0,3,1,2,1,2
15531,0,0,4,6,1,2,1
15532,1,0,2,3,2,1,2
15533,1,0,1,2,1,2,1
15534,1,0,2,3,1,0,1
15535,1,0,1,2,0,0,1
15536,0,0,0,0,1,1,1
15537,1,0,1,2,1,1,1
15538,0,0,4,2,2,2,1
15539,0,0,1,2,0,0,1
15540,1,0,3,1,2,1,2
15541,1,0,2,3,2,1,1
15542,1,0,1,2,1,1,1
15543,1,0,1,2,1,2,1
15544,0,0,1,2,1,1,1
15545,1,0,1,2,1,2,1
15546,1,0,1,2,1,1,1
15547,0,0,4,2,2,2,1
15548,1,0,0,0,1,1,1
15549,0,0,4,2,2,2,1
15550,1,0,3,1,2,1,2
15551,1,0,1,2,0,0,1
15552,0,0,4,2,2,2,1
15553,1,0,1,2,1,1,1
15554,0,0,4,2,2,2,1
15555,1,0,1,2,0,0,1
15556,0,0,4,2,2,2,1
15557,0,0,4,2,2,2,1
15558,0,0,4,2,2,2,1
15559,1,0,1,2,1,2,1
15560,1,0,3,1,2,1,2
15561,0,0,4,2,2,2,1
15562,1,0,1,2,1,2,1
15563,0,0,4,2,2,2,1
15564,1,0,1,2,1,2,1
15565,1,0,3,1,2,1,2
15566,1,0,1,2,1,2,1
15567,0,0,1,2,1,1,1
15568,1,0,1,2,1,2,1
15569,1,0,2,3,2,2,1
15570,0,0,1,2,0,0,1
15571,1,0,3,1,2,1,2
15572,1,0,1,2,1,2,1
15573,1,0,2,3,1,1,1
15574,0,0,4,2,2,2,1
15575,0,0,4,2,2,2,1
15576,1,0,1,2,0,0,0
15577,0,0,4,2,2,2,1
15578,1,0,3,1,2,1,2
15579,0,0,4,6,0,0,1
15580,1,0,1,2,1,1,1
15581,1,0,2,3,1,1,1
15582,0,0,4,2,2,2,1
15583,1,0,0,0,2,2,1
15584,0,0,4,2,2,2,1
15585,1,0,3,1,2,1,2
15586,1,0,3,1,1,2,1
15587,0,0,4,2,2,2,1
15588,0,0,1,2,1,1,0
15589,1,0,3,1,2,1,2
15590,1,0,1,2,1,1,1
15591,1,0,0,0,2,2,1
15592,1,0,1,2,1,2,1
15593,1,0,1,2,2,2,1
15594,1,0,1,2,1,2,1
15595,1,0,2,3,1,0,1
15596,1,0,1,2,0,0,1
15597,1,0,1,2,1,2,1
15598,0,0,4,2,2,2,1
15599,1,0,3,1,2,1,2
15600,0,0,4,2,2,2,1
15601,1,0,2,3,1,0,1
15602,0,0,4,2,2,2,1
15603,1,0,1,2,0,0,1
15604,0,0,4,6,1,2,1
15605,1,0,1,2,0,0,0
15606,1,0,1,2,2,2,1
15607,1,0,1,2,1,2,1
15608,1,0,1,2,1,2,1
15609,0,0,4,2,2,2,1
15610,1,0,1,2,1,1,1
15611,1,0,1,2,1,2,1
15612,1,0,2,3,1,1,1
15613,0,0,4,5,2,1,1
15614,0,0,1,2,0,0,1
15615,0,0,1,2,1,1,1
15616,1,0,1,2,1,2,1
15617,1,0,1,2,1,1,1
15618,0,1,0,0,2,2,1
15619,1,0,1,2,0,0,1
15620,1,0,3,1,1,1,1
15621,1,0,3,1,2,1,2
15622,1,0,2,3,1,0,1
15623,1,0,1,2,1,2,1
15624,0,0,4,2,1,2,1
15625,1,0,3,1,2,1,2
15626,1,0,1,2,1,2,1
15627,0,0,1,2,1,1,1
15628,1,0,2,3,1,0,1
15629,0,0,4,2,2,2,1
15630,1,0,1,2,1,1,1
15631,1,0,1,2,1,1,1
15632,0,0,4,3,2,1,1
15633,0,0,4,2,2,2,1
15634,1,0,0,0,1,2,0
15635,0,0,4,2,2,2,1
15636,1,0,1,2,1,2,1
15637,0,0,4,2,2,2,1
15638,1,0,3,1,2,1,2
15639,0,0,2,3,2,2,0
15640,1,0,2,3,2,1,2
15641,1,0,1,2,1,2,1
15642,1,0,1,2,1,2,1
15643,1,0,1,2,1,1,1
15644,0,0,4,2,2,2,1
15645,1,0,1,2,0,0,1
15646,1,0,2,3,2,1,2
15647,1,0,3,1,2,1,2
15648,1,0,1,2,1,1,1
15649,0,0,1,2,1,1,1
15650,1,0,2,3,2,1,2
15651,1,0,3,1,2,1,2
15652,0,0,4,2,2,2,1
15653,0,0,1,2,1,2,1
15654,1,0,2,3,2,1,2
15655,1,0,3,1,2,1,2
15656,1,0,3,1,2,1,2
15657,1,0,1,2,0,0,0
15658,0,0,1,2,0,0,1
15659,1,0,3,1,2,1,2
15660,1,0,1,2,1,2,1
15661,1,0,1,2,0,0,1
15662,1,0,0,0,2,2,1
15663,0,0,4,6,1,2,1
15664,0,0,1,2,0,0,1
15665,1,0,1,2,1,2,1
15666,1,0,1,2,1,2,1
15667,1,0,1,2,1,1,1
15668,1,0,1,2,1,2,1
15669,0,0,4,2,2,2,1
15670,1,0,2,3,1,0,1
15671,1,0,1,2,1,1,1
15672,1,0,1,2,0,0,1
15673,1,0,3,1,2,1,2
15674,1,0,1,2,1,2,1
15675,1,0,2,3,1,0,1
15676,1,0,1,2,1,2,1
15677,1,0,1,2,0,0,0
15678,0,0,4,2,2,2,1
15679,1,0,3,1,2,1,2
15680,0,0,4,2,2,2,1
15681,1,0,2,3,1,0,1
15682,1,0,2,3,1,0,1
15683,1,0,3,1,2,1,2
15684,0,1,4,6,0,0,1
15685,0,0,4,2,2,2,1
15686,0,0,4,3,2,1,1
15687,0,0,1,2,1,1,1
15688,0,0,4,2,2,2,1
15689,0,0,4,2,2,2,1
15690,1,0,2,3,1,0,1
15691,0,0,1,2,1,1,1
15692,0,0,1,2,0,0,1
15693,0,0,4,5,2,1,1
15694,0,1,0,0,2,2,1
15695,1,0,1,2,0,0,0
15696,0,0,4,2,2,2,1
15697,1,0,3,1,2,1,2
15698,0,0,2,3,1,2,1
15699,1,0,2,3,1,0,1
15700,1,0,1,2,1,2,1
15701,0,0,0,0,1,1,1
15702,1,0,1,2,1,1,1
15703,1,0,1,2,1,1,1
15704,0,0,4,2,2,2,1
15705,1,0,3,1,2,1,2
15706,1,0,1,2,0,0,1
15707,0,0,4,6,1,1,1
15708,1,0,3,1,2,1,2
15709,1,0,1,2,1,1,1
15710,0,0,0,4,1,2,0
15711,1,0,1,2,1,2,1
15712,1,0,1,2,1,1,1
15713,0,0,4,6,1,2,1
15714,1,0,1,2,1,1,1
15715,1,0,1,2,1,1,1
15716,1,0,2,3,1,1,1
15717,1,0,1,2,1,1,1
15718,0,0,4,2,2,2,1
15719,1,0,1,2,1,1,1
15720,0,0,4,2,2,2,1
15721,1,0,3,1,2,1,2
15722,0,0,4,6,1,2,1
15723,0,1,4,6,0,0,1
15724,1,0,2,3,1,2,0
15725,1,0,1,2,0,0,1
15726,1,0,3,1,2,1,2
15727,0,0,1,2,1,1,1
15728,1,0,3,1,2,1,2
15729,1,0,3,1,2,1,2
15730,0,0,1,2,1,1,1
15731,0,0,4,2,2,2,1
15732,1,0,3,1,1,0,0
15733,1,0,1,2,0,0,1
15734,1,0,2,3,1,0,1
15735,1,0,3,1,2,1,2
15736,1,0,1,2,1,1,1
15737,1,0,1,2,1,1,1
15738,1,0,4,6,0,0,1
15739,0,0,4,2,2,2,1
15740,1,0,4,5,2,2,2
15741,1,0,1,2,1,2,1
15742,1,0,1,2,1,2,1
15743,0,0,4,6,2,1,1
15744,1,0,2,3,0,0,0
15745,0,0,4,2,1,2,1
15746,1,0,1,2,1,1,1
15747,0,0,4,3,2,1,1
15748,0,0,4,2,2,2,1
15749,0,0,2,3,1,2,1
15750,0,0,1,2,0,0,1
15751,0,0,4,3,2,1,1
15752,1,0,1,2,1,2,1
15753,1,0,3,1,2,1,2
15754,0,0,1,2,0,0,1
15755,1,0,1,2,1,1,1
15756,0,0,4,2,1,2,1
15757,0,0,4,2,2,2,1
15758,1,0,0,0,1,2,1
15759,1,0,1,2,1,2,1
15760,1,0,3,1,2,1,2
15761,1,0,1,2,0,0,1
15762,1,0,1,2,1,1,1
15763,1,0,1,2,1,1,1
15764,1,0,1,2,1,2,1
15765,0,0,4,6,0,0,1
15766,1,0,2,3,1,2,1
15767,0,0,4,2,2,2,1
15768,1,0,1,2,1,1,1
15769,0,0,4,2,1,2,1
15770,1,0,1,2,1,1,1
15771,1,0,3,1,2,1,2
15772,1,0,1,2,2,2,1
15773,1,0,2,3,1,0,1
15774,0,0,4,2,2,2,1
15775,0,0,1,2,1,1,1
15776,1,0,1,2,1,1,1
15777,0,0,4,6,1,2,1
15778,1,0,1,2,1,1,1
15779,1,0,1,2,1,1,1
15780,1,0,3,1,2,1,2
15781,0,0,2,3,1,2,1
15782,1,0,3,1,2,1,2
15783,1,0,1,2,1,2,1
15784,0,0,4,5,2,1,1
15785,1,0,3,1,2,1,2
15786,0,0,4,2,2,2,1
15787,1,0,1,2,1,1,1
15788,1,0,1,2,1,2,1
15789,1,0,3,1,2,1,2
15790,1,0,3,1,2,1,2
15791,1,0,1,2,1,1,1
15792,1,0,1,2,0,0,1
15793,1,0,1,2,1,1,1
15794,1,0,1,2,1,2,1
15795,1,0,2,3,1,0,1
15796,1,0,1,2,1,1,1
15797,0,0,4,3,2,1,1
15798,1,0,0,0,1,2,0
15799,1,0,2,3,1,0,1
15800,1,0,3,1,2,1,2
15801,0,0,1,2,0,0,1
15802,1,0,4,5,2,2,2
15803,1,0,1,2,1,1,1
15804,0,0,1,2,0,0,1
15805,1,0,1,2,1,2,1
15806,1,0,1,2,1,1,1
15807,1,0,1,2,0,0,1
15808,1,0,3,1,2,1,2
15809,1,0,2,3,2,1,1
15810,1,0,2,3,1,0,1
15811,1,0,1,2,1,1,1
15812,1,0,3,1,2,1,2
15813,1,0,3,1,2,1,2
15814,1,0,2,3,1,2,1
15815,1,0,3,1,2,1,2
15816,1,0,3,1,2,1,2
15817,0,0,2,3,2,2,0
15818,1,0,1,2,1,2,1
15819,1,0,3,1,2,1,2
15820,1,0,1,2,1,1,1
15821,0,0,4,2,2,2,1
15822,0,0,2,3,1,2,1
15823,1,0,1,2,1,1,1
15824,1,0,2,3,1,2,1
15825,0,0,4,3,2,1,1
15826,0,0,4,2,2,2,1
15827,1,0,1,2,1,2,1
15828,0,0,4,2,2,2,1
15829,0,0,4,2,2,2,1
15830,0,0,1,2,2,2,1
15831,1,0,2,3,2,1,2
15832,1,0,1,2,1,1,1
15833,0,0,4,2,2,2,1
15834,0,0,4,6,1,2,1
15835,1,0,3,1,2,1,2
15836,0,0,4,2,2,2,1
15837,1,0,0,0,1,2,0
15838,0,0,2,3,1,2,1
15839,0,0,4,2,2,2,1
15840,1,0,3,1,2,1,2
15841,0,0,4,2,2,2,1
15842,0,0,4,2,2,2,1
15843,1,0,1,2,0,0,0
15844,1,0,0,0,1,2,0
15845,0,0,0,4,1,2,0
15846,0,0,2,3,1,2,1
15847,1,0,2,3,2,1,2
15848,1,0,1,2,1,2,1
15849,0,0,4,2,2,2,1
15850,1,0,1,2,1,1,1
15851,0,0,4,2,1,2,1
15852,1,0,1,2,1,1,1
15853,0,0,4,2,2,2,1
15854,1,0,1,2,1,2,1
15855,1,0,2,3,1,1,1
15856,1,0,1,2,1,1,1
15857,1,0,3,1,2,1,2
15858,0,0,1,2,1,1,1
15859,0,0,1,2,1,1,1
15860,1,0,3,1,2,1,2
15861,0,0,1,2,1,1,1
15862,0,0,4,2,2,2,1
15863,1,0,1,2,1,1,1
15864,1,0,1,2,1,2,1
15865,0,1,0,0,2,2,1
15866,0,0,4,5,2,1,1
15867,1,0,1,2,1,1,1
15868,1,0,1,2,1,1,1
15869,1,0,2,3,1,0,1
15870,1,0,2,3,1,2,1
15871,0,0,4,6,1,1,1
15872,0,0,4,3,2,1,1
15873,1,0,1,2,1,1,1
15874,1,0,1,2,1,1,1
15875,1,0,3,1,2,1,2
15876,1,0,3,1,2,1,2
15877,0,0,4,5,2,1,1
15878,0,0,2,3,1,2,1
15879,1,0,2,3,1,0,1
15880,0,0,4,2,2,2,1
15881,1,0,2,3,1,2,1
15882,0,1,4,6,0,0,1
15883,1,0,3,1,2,1,2
15884,1,0,1,2,1,1,1
15885,1,0,3,1,2,1,2
15886,1,0,1,2,1,1,1
15887,0,0,2,3,2,2,0
15888,0,0,4,2,2,2,1
15889,0,0,2,3,2,2,2
15890,0,0,4,3,2,1,1
15891,1,0,1,2,1,1,1
15892,0,0,4,3,2,1,1
15893,1,0,0,0,1,2,0
15894,0,0,4,3,2,1,1
15895,1,0,1,2,1,1,1
15896,1,0,2,3,1,2,1
15897,0,0,4,2,2,2,1
15898,0,0,4,6,0,0,1
15899,1,0,0,0,1,1,1
15900,1,0,1,2,1,2,1
15901,1,0,2,3,1,2,1
15902,1,0,2,3,1,0,1
15903,1,0,1,2,1,2,1
15904,1,0,1,2,1,2,1
15905,1,0,1,2,1,1,1
15906,1,0,1,2,0,0,1
15907,1,0,2,3,1,0,1
15908,1,0,2,3,1,0,1
15909,1,0,1,2,1,2,1
15910,1,0,1,2,1,1,1
15911,0,0,4,2,2,2,1
15912,1,0,1,2,1,1,1
15913,1,0,1,2,1,1,1
15914,1,0,3,1,2,1,2
15915,0,0,2,3,1,2,1
15916,1,0,1,2,1,1,1
15917,0,0,1,2,1,1,1
15918,1,0,1,2,1,2,1
15919,1,0,1,2,1,1,1
15920,0,0,4,6,0,0,1
15921,1,0,1,2,1,2,1
15922,1,0,4,5,2,2,2
15923,0,0,0,4,1,2,0
15924,0,0,4,6,0,0,1
15925,0,0,4,2,2,2,1
15926,1,0,1,2,1,1,1
15927,0,0,4,2,2,2,1
15928,0,0,4,3,2,1,1
15929,1,0,1,2,1,2,1
15930,1,0,1,2,1,2,1
15931,1,0,2,3,2,1,2
15932,1,0,1,2,0,0,1
15933,1,0,4,5,2,2,2
15934,1,0,3,1,2,1,2
15935,0,0,2,3,1,2,1
15936,1,0,1,2,1,2,1
15937,0,0,4,2,2,2,1
15938,1,0,1,2,1,2,1
15939,1,0,1,2,2,2,1
15940,1,0,2,3,1,1,1
15941,0,0,4,6,0,0,1
15942,1,0,1,2,1,1,1
15943,1,0,1,2,1,1,1
15944,1,0,1,2,1,1,1
15945,1,0,1,2,1,1,1
15946,1,0,1,2,1,0,1
15947,1,0,1,2,1,2,1
15948,1,0,2,3,1,0,1
15949,1,0,1,2,1,2,1
15950,1,0,1,2,1,2,1
15951,1,0,1,2,0,0,0
15952,0,0,2,3,1,2,1
15953,1,0,3,1,2,1,2
15954,0,0,4,2,2,2,1
15955,1,0,1,2,1,1,1
15956,0,0,4,5,2,1,1
15957,1,0,1,2,1,2,1
15958,0,0,4,2,2,2,1
15959,1,0,1,2,1,1,1
15960,1,0,1,2,1,1,1
15961,1,0,1,2,0,0,1
15962,1,0,0,0,1,1,1
15963,1,0,1,2,1,1,1
15964,1,0,2,3,1,2,1
15965,0,0,4,2,2,2,1
15966,1,0,1,2,1,1,1
15967,0,0,2,3,1,2,1
15968,0,0,4,6,0,0,1
15969,0,0,4,3,2,1,1
15970,0,0,4,6,0,0,1
15971,0,0,0,4,1,2,0
15972,0,0,4,3,1,1,1
15973,1,0,1,2,1,1,1
15974,1,0,1,2,1,1,1
15975,1,0,1,2,1,2,1
15976,1,0,2,3,1,0,1
15977,1,0,0,0,2,2,1
15978,1,0,1,2,0,0,1
15979,0,0,4,2,2,2,1
15980,1,0,1,2,1,1,1
15981,1,0,1,2,1,1,1
15982,0,0,4,3,1,1,1
15983,1,0,1,2,1,1,1
15984,1,0,2,3,1,0,1
15985,1,0,3,1,2,1,2
15986,0,0,4,6,1,1,1
15987,0,0,4,5,2,1,1
15988,1,0,3,1,2,1,2
15989,0,0,0,4,1,2,0
15990,1,0,1,2,1,1,1
15991,1,0,1,2,1,1,1
15992,0,0,4,3,2,1,1
15993,1,0,1,2,1,1,1
15994,1,0,1,2,1,1,1
15995,1,0,1,2,1,1,1
15996,1,0,2,3,2,1,2
15997,0,0,1,2,0,0,1
15998,1,0,2,3,1,0,1
15999,0,0,4,2,2,2,1
16000,1,0,3,1,2,1,2
16001,0,0,4,2,2,2,1
16002,0,0,1,2,0,0,1
16003,0,0,1,2,0,0,1
16004,0,0,4,5,2,2,1
16005,0,0,1,2,1,1,1
16006,0,0,2,3,1,2,1
16007,0,0,2,3,1,2,1
16008,1,0,1,2,1,2,1
16009,0,0,4,5,2,1,1
16010,1,0,2,3,1,2,0
16011,1,0,1,2,1,1,1
16012,1,0,1,2,1,1,1
16013,0,0,1,2,1,1,1
16014,0,0,4,6,1,2,1
16015,0,0,4,2,2,2,1
16016,1,0,3,1,2,1,2
16017,0,0,4,2,2,2,1
16018,1,0,1,2,0,0,1
16019,0,0,4,2,2,2,1
16020,0,0,4,2,2,2,1
16021,1,0,3,1,2,1,2
16022,1,0,4,5,2,2,2
16023,0,0,4,6,1,2,1
16024,0,0,4,2,2,2,1
16025,1,0,1,2,1,1,1
16026,0,1,0,0,2,2,1
16027,1,0,2,3,2,1,2
16028,1,0,1,2,1,2,1
16029,1,0,2,3,2,1,2
16030,1,0,1,2,1,1,1
16031,1,0,2,3,2,2,1
16032,1,0,3,1,2,1,2
16033,0,0,1,2,1,1,1
16034,1,0,1,2,1,1,1
16035,1,0,2,3,1,1,1
16036,0,0,2,3,1,2,1
16037,1,0,1,2,1,2,1
16038,0,0,4,6,2,2,1
16039,0,0,4,2,2,2,1
16040,1,0,1,2,1,2,1
16041,0,0,4,6,0,0,1
16042,1,0,3,1,2,1,2
16043,0,0,4,5,2,1,1
16044,1,0,3,1,2,1,2
16045,1,0,2,3,1,0,1
16046,1,0,2,3,1,2,1
16047,0,0,4,5,2,1,1
16048,1,0,1,2,1,2,1
16049,0,0,2,3,1,2,1
16050,1,0,2,3,2,1,2
16051,1,0,1,2,0,0,1
16052,1,0,2,3,1,2,0
16053,0,0,4,6,2,1,1
16054,0,0,4,6,0,0,1
16055,0,0,4,2,2,2,1
16056,0,0,4,2,2,2,1
16057,1,0,2,3,2,1,2
16058,0,0,1,2,2,2,1
16059,1,0,3,1,2,1,2
16060,0,0,1,2,2,2,1
16061,1,0,1,2,1,2,1
16062,0,0,2,3,1,2,1
16063,1,0,1,2,1,1,1
16064,1,0,1,2,1,2,1
16065,1,0,2,3,2,1,2
16066,1,0,1,2,1,1,1
16067,0,0,4,2,2,2,1
16068,1,0,3,1,2,1,2
16069,1,0,3,1,2,1,2
16070,0,0,2,3,1,1,1
16071,1,0,1,2,0,0,1
16072,1,0,1,2,1,1,1
16073,1,0,2,3,1,0,1
16074,0,0,2,3,1,2,1
16075,0,0,2,3,1,2,1
16076,1,0,1,2,0,0,1
16077,0,0,1,2,0,0,1
16078,0,0,1,2,1,1,1
16079,1,0,2,3,2,1,2
16080,1,0,1,2,1,1,1
16081,1,0,1,2,0,0,1
16082,1,0,2,3,1,2,1
16083,1,0,4,5,2,2,2
16084,1,0,3,1,2,1,2
16085,1,0,1,2,1,2,1
16086,1,0,1,2,2,2,1
16087,1,0,3,1,2,1,2
16088,1,0,2,3,1,2,1
16089,1,0,1,2,0,0,1
16090,0,0,2,3,1,2,1
16091,1,0,3,1,2,1,2
16092,1,0,3,1,2,1,2
16093,1,0,1,2,1,1,1
16094,1,0,0,0,0,0,0
16095,0,0,4,3,2,1,1
16096,1,0,1,2,1,1,1
16097,1,0,0,0,1,2,0
16098,1,0,1,2,1,1,1
16099,0,0,4,2,2,2,1
16100,1,0,1,2,1,1,1
16101,0,0,4,2,2,2,1
16102,1,0,1,2,1,1,1
16103,1,0,1,2,1,2,1
16104,1,0,4,5,2,2,2
16105,0,0,4,2,2,2,1
16106,0,0,4,2,2,2,1
16107,1,0,0,0,0,2,1
16108,1,0,2,3,1,2,0
16109,0,0,1,2,1,1,1
16110,1,0,2,3,2,1,2
16111,0,0,0,4,1,2,0
16112,1,0,2,3,1,0,1
16113,1,0,2,3,1,0,1
16114,0,0,1,2,0,0,1
16115,1,0,3,1,2,1,2
16116,1,0,1,2,1,2,1
16117,1,0,1,2,1,2,1
16118,1,0,1,2,0,0,0
16119,1,0,2,3,2,1,2
16120,0,1,4,6,0,0,1
16121,1,0,1,2,1,1,1
16122,0,0,4,2,2,2,1
16123,0,0,4,2,2,2,1
16124,1,0,0,0,1,2,0
16125,1,0,1,2,0,0,1
16126,0,0,4,2,2,2,1
16127,1,0,1,2,0,0,1
16128,1,0,2,3,1,1,1
16129,0,0,4,2,2,2,1
16130,1,0,1,2,1,0,1
16131,1,0,2,3,2,1,1
16132,1,0,1,2,1,1,1
16133,0,0,2,3,1,2,1
16134,1,0,2,3,1,0,1
16135,1,0,2,3,1,2,1
16136,0,0,1,2,1,1,1
16137,0,0,4,5,2,1,1
16138,1,0,2,3,1,0,1
16139,0,0,4,2,2,2,1
16140,0,0,4,2,2,2,1
16141,1,0,1,2,1,1,1
16142,0,0,4,6,1,2,1
16143,0,0,4,6,1,2,1
16144,1,0,2,3,1,0,1
16145,0,0,4,2,2,2,1
16146,1,0,2,3,1,0,1
16147,1,0,1,2,1,2,1
16148,0,0,4,2,2,2,1
16149,1,0,1,2,1,2,1
16150,0,0,1,2,1,1,0
16151,1,0,0,0,1,2,0
16152,1,0,1,2,1,1,1
16153,1,0,2,3,2,1,2
16154,1,0,3,1,2,1,2
16155,1,0,1,2,2,2,1
16156,0,0,4,6,1,2,1
16157,1,0,3,1,2,1,2
16158,1,0,1,2,1,1,1
16159,1,0,1,2,1,1,1
16160,1,0,1,2,1,2,1
16161,1,0,3,1,2,1,2
16162,1,0,1,2,0,0,1
16163,1,0,1,2,1,1,1
16164,1,0,1,2,1,1,1
16165,1,0,1,2,1,2,1
16166,0,0,4,3,2,1,1
16167,1,0,1,2,1,1,1
16168,1,0,1,2,1,0,1
16169,0,0,4,2,2,2,1
16170,1,0,1,2,1,1,1
16171,1,0,1,2,1,1,1
16172,1,0,1,2,1,0,1
16173,1,0,3,1,2,1,2
16174,0,0,1,2,0,0,1
16175,0,0,4,2,2,2,1
16176,1,0,1,2,2,2,1
16177,1,0,2,3,2,1,2
16178,1,0,1,2,1,1,1
16179,0,0,4,6,2,2,1
16180,0,0,4,2,2,2,1
16181,1,0,2,3,2,1,2
16182,1,0,2,3,2,1,1
16183,1,0,1,2,1,2,1
16184,1,0,1,2,1,2,1
16185,1,0,1,2,1,1,1
16186,0,0,4,2,2,2,1
16187,1,0,1,2,1,2,1
16188,1,0,3,1,2,1,2
16189,0,0,4,5,2,1,1
16190,1,0,1,2,1,1,1
16191,1,0,4,5,2,2,2
16192,0,0,4,2,2,2,1
16193,1,0,1,2,1,2,1
16194,0,0,0,0,1,1,1
16195,1,0,1,2,1,2,1
16196,1,0,1,2,0,0,1
16197,0,0,2,3,1,2,1
16198,1,0,1,2,0,0,0
16199,0,0,4,3,2,1,1
16200,1,0,2,3,1,0,1
16201,1,0,2,3,1,0,1
16202,1,0,3,1,2,1,2
16203,0,0,2,3,1,2,1
16204,0,0,4,3,1,1,1
16205,1,0,0,0,2,2,1
16206,0,0,4,6,1,2,1
16207,1,0,2,3,2,1,1
16208,1,0,1,2,0,0,1
16209,1,0,1,2,1,1,1
16210,1,0,1,2,2,2,1
16211,0,0,4,5,2,2,1
16212,0,0,1,2,0,0,1
16213,0,0,4,5,2,1,1
16214,1,0,3,1,2,1,2
16215,1,0,2,3,1,0,1
16216,1,0,1,2,1,2,1
16217,1,0,1,2,0,0,1
16218,1,0,1,2,1,1,1
16219,0,1,0,4,2,2,1
16220,1,0,1,2,1,2,1
16221,1,0,1,2,1,1,1
16222,1,0,3,1,2,1,2
16223,1,0,1,2,1,1,1
16224,0,0,1,2,0,0,1
16225,1,0,1,2,1,1,1
16226,1,0,1,2,1,1,1
16227,1,0,1,2,0,0,1
16228,1,0,3,1,2,1,2
16229,1,0,3,1,2,1,2
16230,1,0,3,1,2,1,2
16231,1,0,1,2,1,2,1
16232,1,0,1,2,1,2,1
16233,1,0,2,3,2,1,2
16234,1,0,4,5,2,2,2
16235,1,0,1,2,1,2,1
16236,1,0,3,1,2,1,2
16237,1,0,1,2,1,2,1
16238,1,0,1,2,1,1,1
16239,1,0,2,3,1,0,1
16240,1,0,2,3,1,0,1
16241,1,0,1,2,2,2,1
16242,1,0,4,5,2,2,2
16243,0,0,4,2,2,2,1
16244,0,0,4,3,2,1,1
16245,1,0,1,2,1,1,1
16246,0,0,4,2,2,2,1
16247,1,0,3,1,2,1,2
16248,1,0,1,2,0,0,1
16249,0,0,2,3,1,2,1
16250,0,0,4,2,2,2,1
16251,0,1,4,6,0,0,1
16252,1,0,1,2,1,1,1
16253,1,0,3,1,2,1,2
16254,1,0,1,2,1,1,1
16255,1,0,2,3,1,0,1
16256,0,0,4,2,2,2,1
16257,1,0,1,2,1,1,1
16258,1,0,3,1,2,1,2
16259,1,0,3,1,2,1,2
16260,1,0,0,0,1,0,1
16261,1,0,1,2,1,1,1
16262,1,0,1,2,1,2,1
16263,0,0,4,2,2,2,1
16264,0,0,1,2,1,1,1
16265,1,0,3,1,2,1,2
16266,0,0,4,5,2,1,1
16267,0,0,1,2,0,0,1
16268,1,0,1,2,1,2,1
16269,0,0,1,2,1,1,1
16270,0,0,4,6,1,1,1
16271,1,0,2,3,2,1,2
16272,1,0,1,2,0,0,0
16273,1,0,2,3,1,1,1
16274,1,0,0,0,1,2,1
16275,1,0,1,2,1,1,1
16276,0,0,2,3,1,2,1
16277,1,0,0,0,1,2,1
16278,0,0,4,2,1,2,1
16279,0,0,1,2,0,0,1
16280,1,0,1,2,1,2,1
16281,0,0,4,2,2,2,1
16282,1,0,1,2,1,1,1
16283,0,0,1,2,1,1,1
16284,1,0,1,2,1,2,0
16285,1,0,3,1,2,1,2
16286,0,1,4,5,1,2,1
16287,1,0,1,2,0,0,1
16288,1,0,1,2,1,2,1
16289,0,0,1,2,1,1,1
16290,1,0,1,2,1,1,1
16291,0,0,4,2,2,2,1
16292,1,0,1,2,0,0,0
16293,1,0,1,2,1,1,1
16294,0,0,2,3,1,2,1
16295,1,0,1,2,1,1,1
16296,0,0,4,3,2,1,1
16297,0,0,2,3,1,2,1
16298,1,0,3,1,2,1,2
16299,1,0,1,2,1,1,1
16300,0,1,4,6,0,0,1
16301,1,0,1,2,1,2,1
16302,0,0,1,2,1,1,1
16303,1,0,1,2,1,1,1
16304,0,0,4,3,2,1,1
16305,1,0,1,2,1,1,1
16306,0,0,4,2,2,2,1
16307,0,0,4,2,2,2,1
16308,1,0,3,1,2,1,2
16309,1,0,3,1,2,1,2
16310,1,0,1,2,1,1,1
16311,1,0,1,2,1,1,1
16312,1,0,1,2,1,1,1
16313,0,0,4,2,2,2,1
16314,1,0,1,2,1,2,1
16315,1,0,1,2,1,1,1
16316,1,0,3,1,2,1,2
16317,0,0,2,3,2,2,2
16318,0,0,2,3,1,2,1
16319,1,0,1,2,1,1,1
16320,1,0,1,2,1,1,1
16321,0,0,4,5,2,1,1
16322,0,0,4,6,0,0,1
16323,1,0,3,1,2,1,2
16324,1,0,2,3,1,0,1
16325,0,0,4,2,2,2,1
16326,1,0,2,3,2,1,1
16327,1,0,2,3,1,0,1
16328,1,0,0,0,1,2,0
16329,1,0,1,2,1,1,1
16330,0,0,4,5,2,1,1
16331,1,0,1,2,1,1,1
16332,0,0,2,3,1,2,1
16333,1,0,2,3,1,0,1
16334,0,0,4,2,2,2,1
16335,1,0,1,2,1,2,1
16336,0,0,1,2,1,1,1
16337,0,0,1,2,1,1,1
16338,1,0,1,2,1,1,1
16339,1,0,3,1,2,1,2
16340,1,0,2,3,1,2,0
16341,1,0,2,3,2,2,1
16342,1,0,4,5,2,2,2
16343,0,0,4,2,2,2,1
16344,1,0,1,2,1,2,1
16345,0,0,4,3,1,1,1
16346,0,0,4,6,1,2,1
16347,1,0,1,2,1,1,1
16348,0,0,1,2,0,0,1
16349,0,0,4,2,2,2,1
16350,0,0,4,2,2,2,1
16351,1,0,1,2,1,2,1
16352,1,0,1,2,1,2,1
16353,1,0,1,2,1,1,1
16354,0,0,1,2,0,0,1
16355,0,0,1,2,1,1,1
16356,1,0,1,2,1,1,1
16357,0,0,4,3,2,1,1
16358,0,0,1,2,0,0,1
16359,1,0,3,1,2,1,2
16360,1,0,3,1,2,1,2
16361,1,0,1,2,1,1,1
16362,1,0,1,2,1,1,1
16363,0,0,4,5,2,1,1
16364,1,0,1,2,1,2,1
16365,1,0,1,2,1,2,1
16366,0,0,4,5,2,1,1
16367,0,0,4,5,2,1,1
16368,1,0,1,2,1,1,1
16369,1,0,2,3,1,0,1
16370,0,0,4,3,2,1,1
16371,1,0,4,5,2,2,2
16372,1,0,1,2,1,1,1
16373,1,0,3,1,2,1,2
16374,0,0,4,6,1,2,1
16375,0,0,4,2,2,2,1
16376,1,0,1,2,1,1,1
16377,1,0,1,2,1,2,1
16378,1,0,2,3,1,0,1
16379,1,0,1,2,1,2,1
16380,1,0,1,2,1,1,1
16381,1,0,1,2,1,1,1
16382,1,0,1,2,1,0,1
16383,1,0,0,0,1,2,0
16384,1,0,1,2,1,0,1
16385,0,0,4,2,2,2,1
16386,1,0,1,2,1,2,1
16387,1,0,3,1,2,1,2
16388,1,0,0,0,1,2,1
16389,1,0,4,5,2,2,2
16390,1,0,2,3,1,1,1
16391,1,0,1,2,1,1,1
16392,1,0,0,0,1,2,1
16393,1,0,1,2,1,1,1
16394,1,0,2,3,2,2,1
16395,1,0,1,2,2,2,1
16396,1,0,1,2,1,1,1
16397,1,0,1,2,1,2,1
16398,1,0,1,2,0,0,1
16399,1,0,1,2,1,1,1
16400,0,0,4,2,2,2,1
16401,1,0,3,1,0,0,1
16402,0,0,4,6,0,0,1
16403,1,0,1,2,1,2,1
16404,0,0,4,2,2,2,1
16405,1,0,3,1,2,1,2
16406,1,0,1,2,0,0,1
16407,1,0,1,2,1,1,1
16408,1,0,1,2,1,1,1
16409,0,0,4,5,2,1,1
16410,0,0,0,0,1,2,1
16411,1,0,1,2,1,2,1
16412,1,0,1,2,1,1,1
16413,0,0,4,3,2,1,1
16414,1,0,1,2,0,0,1
16415,1,0,3,1,2,1,2
16416,1,0,1,2,1,2,1
16417,1,0,1,2,1,2,1
16418,0,0,2,3,1,2,1
16419,1,0,1,2,1,1,1
16420,1,0,2,3,1,0,1
16421,0,0,4,3,2,1,1
16422,0,0,4,6,1,2,1
16423,1,0,2,3,1,0,1
16424,1,0,2,3,1,0,1
16425,0,0,0,4,1,2,0
16426,1,0,1,2,1,2,1
16427,0,0,2,3,1,2,1
16428,0,0,4,6,1,2,1
16429,1,0,3,1,2,1,2
16430,1,0,3,1,1,0,0
16431,0,0,4,6,2,1,1
16432,1,0,1,2,0,0,0
16433,0,0,1,2,0,0,1
16434,0,0,4,3,2,1,1
16435,1,0,2,3,2,1,1
16436,0,0,4,6,1,1,1
16437,0,0,1,2,1,1,1
16438,1,0,1,2,1,1,1
16439,1,0,1,2,1,2,1
16440,0,0,4,2,2,2,1
16441,1,0,3,1,2,1,2
16442,1,0,1,2,1,1,1
16443,1,0,1,2,1,1,1
16444,1,0,1,2,1,2,1
16445,0,0,4,2,2,2,1
16446,1,0,1,2,1,1,1
16447,1,0,1,2,1,1,1
16448,0,0,2,3,1,2,1
16449,1,0,1,2,0,0,0
16450,0,0,4,3,2,1,1
16451,1,0,1,2,0,0,1
16452,1,0,2,3,1,2,0
16453,1,0,3,1,2,1,2
16454,1,0,1,2,1,1,1
16455,1,0,1,2,1,2,1
16456,0,0,4,2,2,2,1
16457,1,0,3,1,2,1,2
16458,1,0,1,2,1,2,1
16459,1,0,1,2,1,1,1
16460,1,0,1,2,1,1,1
16461,1,0,3,1,2,1,2
16462,1,0,1,2,1,1,1
16463,1,0,3,1,2,1,2
16464,1,0,1,2,1,1,1
16465,0,0,4,3,2,1,1
16466,0,0,4,2,2,2,1
16467,1,0,1,2,0,0,1
16468,1,0,1,2,1,0,1
16469,0,0,4,2,2,2,1
16470,1,0,3,1,2,1,2
16471,0,0,4,5,2,1,1
16472,0,0,0,4,0,1,0
16473,1,0,2,3,1,0,1
16474,0,0,4,2,2,2,1
16475,1,0,1,2,1,1,1
16476,0,0,1,2,0,0,1
16477,1,0,3,1,2,1,2
16478,1,0,1,2,0,0,1
16479,1,0,1,2,1,1,1
16480,0,0,4,6,1,2,1
16481,0,0,4,2,2,2,1
16482,0,0,4,2,2,2,1
16483,0,0,1,2,0,0,1
16484,0,0,1,2,1,1,1
16485,1,0,0,0,1,2,0
16486,1,0,4,5,2,2,2
16487,1,0,2,3,2,1,2
16488,1,0,2,3,1,0,1
16489,0,0,4,6,1,1,1
16490,0,0,1,2,2,2,1
16491,1,0,1,2,0,0,1
16492,1,0,1,2,1,2,1
16493,1,0,3,1,2,1,2
16494,0,0,4,6,2,2,1
16495,1,0,1,2,1,1,1
16496,0,0,4,6,1,2,1
16497,1,0,1,2,1,1,1
16498,1,0,1,2,1,1,1
16499,1,0,1,2,1,2,1
16500,1,0,3,1,2,1,2
16501,1,0,1,2,1,1,1
16502,0,0,4,2,2,2,1
16503,0,0,4,2,2,2,1
16504,1,0,1,2,1,2,1
16505,1,0,1,2,1,2,1
16506,1,0,2,3,1,0,1
16507,0,0,2,3,1,2,1
16508,1,0,1,2,0,0,1
16509,1,0,1,2,1,1,1
16510,1,0,1,2,1,2,1
16511,1,0,3,1,2,1,2
16512,0,0,4,2,1,2,1
16513,1,0,1,2,1,2,1
16514,1,0,1,2,1,1,1
16515,0,0,4,6,1,1,1
16516,0,0,4,5,2,1,1
16517,0,0,1,2,1,2,1
16518,0,0,4,2,2,2,1
16519,1,0,1,2,1,1,1
16520,0,0,1,2,1,1,1
16521,1,0,4,5,2,2,2
16522,1,0,3,1,1,1,1
16523,1,0,0,0,2,2,1
16524,1,0,1,2,1,2,1
16525,1,0,1,2,1,2,1
16526,1,0,1,2,1,1,1
16527,1,0,3,1,2,1,2
16528,0,0,4,6,0,0,1
16529,0,0,4,5,2,1,1
16530,1,0,1,2,2,2,1
16531,0,0,4,2,2,2,1
16532,1,0,3,1,2,1,2
16533,0,0,1,2,1,1,1
16534,1,0,2,3,1,2,0
16535,1,0,1,2,1,1,1
16536,0,0,4,2,2,2,1
16537,0,0,4,3,2,1,1
16538,1,0,2,3,2,1,2
16539,1,0,3,1,2,1,2
16540,0,0,2,3,1,2,1
16541,0,0,4,2,2,2,1
16542,0,0,4,2,2,2,1
16543,0,0,1,2,0,0,1
16544,1,0,2,3,2,1,2
16545,0,0,4,3,2,1,1
16546,1,0,1,2,1,2,1
16547,0,0,1,2,1,1,1
16548,0,0,4,6,1,2,1
16549,1,0,1,2,1,2,1
16550,0,0,0,4,1,2,1
16551,1,0,1,2,1,2,1
16552,1,0,3,1,2,1,2
16553,1,0,2,3,1,1,1
16554,1,0,3,1,2,1,2
16555,0,0,4,2,2,2,1
16556,0,0,4,6,2,2,1
16557,0,0,4,6,1,2,1
16558,1,0,3,1,2,1,2
16559,1,0,3,1,2,1,2
16560,1,0,2,3,2,1,1
16561,0,0,4,2,2,2,1
16562,1,0,1,2,1,2,1
16563,1,0,3,1,2,1,2
16564,1,0,1,2,1,1,1
16565,1,0,2,3,2,1,2
16566,0,0,4,5,2,1,1
16567,1,0,1,2,1,2,1
16568,0,0,4,2,2,2,1
16569,0,0,4,6,0,0,1
16570,1,0,3,1,2,1,2
16571,0,0,4,2,2,2,1
16572,1,0,2,3,1,0,1
16573,1,0,1,2,1,2,1
16574,1,0,1,2,1,2,1
16575,0,0,1,2,1,1,1
16576,0,0,1,2,1,1,1
16577,1,0,1,2,1,1,1
16578,0,0,4,3,2,1,1
16579,0,0,4,2,2,2,1
16580,1,0,2,3,0,0,0
16581,1,0,1,2,1,1,1
16582,1,0,3,1,2,1,2
16583,1,0,2,3,1,0,1
16584,0,0,4,2,2,2,1
16585,0,0,4,2,2,2,1
16586,1,0,2,3,1,0,1
16587,0,0,4,2,2,2,1
16588,0,0,4,5,2,1,1
16589,1,0,1,2,1,1,1
16590,1,0,1,2,1,1,1
16591,0,0,4,2,2,2,1
16592,0,0,4,2,2,2,1
16593,1,0,1,2,1,2,1
16594,1,0,3,1,2,1,2
16595,1,0,1,2,1,1,1
16596,1,0,1,2,1,1,1
16597,0,0,4,2,2,2,1
16598,1,0,1,2,0,0,1
16599,0,0,4,2,2,2,1
16600,1,0,1,2,1,1,1
16601,0,0,4,2,2,2,1
16602,0,0,4,6,1,2,1
16603,1,0,2,3,1,0,1
16604,1,0,1,2,1,2,1
16605,0,1,0,0,2,2,1
16606,0,0,4,3,2,1,1
16607,1,0,3,1,2,1,2
16608,1,0,3,1,2,1,2
16609,1,0,3,1,2,1,2
16610,1,0,1,2,1,1,1
16611,0,0,4,2,2,2,1
16612,0,0,4,5,2,1,1
16613,1,0,1,2,0,0,1
16614,1,0,1,2,1,1,1
16615,1,0,2,3,1,0,1
16616,1,0,2,3,1,0,1
16617,0,0,4,6,1,2,1
16618,0,0,4,6,1,2,1
16619,1,0,4,5,2,2,2
16620,1,0,1,2,1,1,1
16621,0,0,1,2,1,1,1
16622,1,0,3,1,2,1,2
16623,1,0,0,0,2,2,1
16624,1,0,1,2,1,1,1
16625,0,0,1,2,1,1,1
16626,1,0,2,3,1,0,1
16627,1,0,1,2,1,2,1
16628,1,0,2,3,1,2,1
16629,0,0,1,2,1,1,1
16630,1,0,1,2,1,1,1
16631,1,0,1,2,1,1,1
16632,0,0,4,2,2,2,1
16633,1,0,1,2,1,1,1
16634,0,0,4,2,2,2,1
16635,1,0,1,2,1,0,1
16636,0,0,2,3,2,2,2
16637,0,0,1,2,1,1,1
16638,1,0,1,2,1,2,1
16639,0,0,4,6,0,0,1
16640,1,0,3,1,2,1,2
16641,1,0,1,2,1,2,1
16642,1,0,1,2,1,1,1
16643,1,0,3,1,2,1,2
16644,1,0,2,3,1,2,1
16645,0,0,2,3,1,1,1
16646,1,0,1,2,0,0,1
16647,0,0,4,6,0,0,1
16648,1,0,1,2,1,1,1
16649,1,0,1,2,1,1,1
16650,0,0,4,2,2,2,1
16651,1,0,1,2,1,2,1
16652,1,0,2,3,2,1,2
16653,0,0,0,4,0,1,0
16654,1,0,2,3,0,0,0
16655,1,0,2,3,1,0,1
16656,1,0,2,3,1,0,1
16657,1,0,2,3,1,0,1
16658,0,0,1,2,1,1,1
16659,1,0,0,0,1,2,0
16660,1,0,2,3,1,2,0
16661,1,0,1,2,1,2,1
16662,0,0,4,3,1,1,1
16663,0,0,1,2,0,0,1
16664,1,0,1,2,1,2,1
16665,0,0,4,2,2,2,1
16666,1,0,0,0,1,2,0
16667,1,0,0,0,1,2,1
16668,1,0,1,2,1,2,1
16669,1,0,1,2,0,0,0
16670,1,0,1,2,1,2,1
16671,1,0,1,2,1,1,1
16672,1,0,1,2,1,1,1
16673,1,0,3,1,2,1,2
16674,1,0,3,1,2,1,2
16675,1,0,1,2,1,2,1
16676,1,0,3,1,2,1,2
16677,1,0,3,1,2,1,2
16678,1,0,3,1,2,1,2
16679,1,0,1,2,1,1,1
16680,0,0,4,2,2,2,1
16681,0,0,4,3,2,1,1
16682,1,0,1,2,1,1,1
16683,1,0,3,1,2,1,2
16684,1,0,3,1,2,1,2
16685,0,0,1,2,1,1,1
16686,1,0,1,2,1,2,1
16687,0,0,1,2,0,0,1
16688,1,0,1,2,1,1,1
16689,1,0,1,2,1,1,1
16690,1,0,1,2,0,0,1
16691,0,0,1,2,0,0,1
16692,0,0,4,5,2,1,1
16693,0,0,4,2,2,2,1
16694,0,0,4,2,2,2,1
16695,0,0,2,3,1,2,1
16696,1,0,2,3,2,2,1
16697,1,0,1,2,0,0,1
16698,0,0,1,2,0,0,1
16699,1,0,1,2,1,1,1
16700,1,0,1,2,1,1,1
16701,1,0,1,2,1,1,1
16702,0,0,2,3,1,2,1
16703,1,0,1,2,1,1,1
16704,1,0,1,2,1,2,1
16705,1,0,2,3,1,0,1
16706,1,0,2,3,1,1,1
16707,0,0,4,2,2,2,1
16708,0,0,4,2,2,2,1
16709,1,0,1,2,1,1,1
16710,1,0,1,2,1,1,1
16711,0,0,1,2,1,1,1
16712,1,0,3,1,2,1,2
16713,1,0,2,3,1,2,0
16714,0,0,4,2,2,2,1
16715,1,0,1,2,1,1,1
16716,0,0,4,2,2,2,1
16717,1,0,1,2,1,1,1
16718,0,0,2,3,1,2,1
16719,0,0,2,3,1,2,1
16720,0,0,4,2,2,2,1
16721,1,0,2,3,1,0,1
16722,0,0,1,2,1,2,1
16723,1,0,2,3,1,0,1
16724,1,0,3,1,2,1,2
16725,0,0,4,6,1,1,1
16726,1,0,1,2,0,0,1
16727,0,0,4,2,1,2,1
16728,0,0,4,2,2,2,1
16729,1,0,0,0,2,2,1
16730,1,0,3,1,2,1,2
16731,1,0,2,3,1,2,0
16732,1,0,1,2,1,1,1
16733,1,0,1,2,1,2,1
16734,0,0,1,2,1,1,1
16735,0,1,0,0,2,2,1
16736,1,0,1,2,1,1,1
16737,1,0,1,2,1,2,1
16738,1,0,1,2,1,2,1
16739,0,0,4,2,2,2,1
16740,1,0,2,3,1,2,1
16741,1,0,3,1,2,1,2
16742,1,0,2,3,1,0,1
16743,0,0,4,3,1,1,1
16744,1,0,2,3,1,2,0
16745,0,0,1,2,2,2,1
16746,1,0,0,0,1,0,1
16747,0,0,4,2,2,2,1
16748,0,0,4,2,2,2,1
16749,1,0,3,1,2,1,2
16750,0,0,4,2,2,2,1
16751,1,0,3,1,2,1,2
16752,1,0,1,2,1,1,1
16753,1,0,1,2,1,1,1
16754,1,0,1,2,0,0,0
16755,0,0,1,2,0,0,1
16756,1,0,1,2,1,1,1
16757,1,0,2,3,2,1,2
16758,1,0,1,2,1,1,1
16759,1,0,1,2,1,1,1
16760,1,0,1,2,1,2,1
16761,1,0,1,2,1,1,1
16762,0,0,4,2,2,2,1
16763,1,0,3,1,2,1,2
16764,0,0,1,2,1,1,1
16765,1,0,1,2,1,2,1
16766,1,0,3,1,2,1,2
16767,1,0,3,1,2,1,2
16768,1,0,1,2,1,2,1
16769,0,0,4,2,2,2,1
16770,0,0,1,2,1,1,1
16771,0,0,1,2,1,1,1
16772,0,0,4,2,2,2,1
16773,1,0,3,1,2,1,2
16774,1,0,1,2,1,2,1
16775,1,0,4,5,2,2,2
16776,1,0,2,3,1,1,1
16777,1,0,2,3,1,0,1
16778,1,0,3,1,2,1,2
16779,0,0,4,2,2,2,1
16780,0,0,4,2,2,2,1
16781,1,0,1,2,1,1,1
16782,1,0,2,3,1,0,1
16783,0,0,4,6,1,2,1
16784,1,0,3,1,2,1,2
16785,1,0,2,3,2,1,2
16786,0,0,2,3,2,0,2
16787,1,0,1,2,1,2,1
16788,1,0,1,2,1,1,1
16789,1,0,3,1,2,1,2
16790,0,0,1,2,0,0,1
16791,1,0,1,2,1,2,1
16792,0,0,1,2,1,1,1
16793,1,0,1,2,1,2,1
16794,1,0,1,2,1,2,1
16795,0,0,4,3,2,1,1
16796,1,0,1,2,1,2,1
16797,1,0,2,3,2,1,2
16798,0,0,2,3,1,1,1
16799,0,0,4,5,2,1,1
16800,1,0,1,2,1,1,1
16801,1,0,3,1,2,1,2
16802,1,0,1,2,1,2,1
16803,0,0,4,2,2,2,1
16804,1,0,1,2,1,2,1
16805,0,0,0,4,1,2,1
16806,1,0,3,1,2,1,2
16807,1,0,2,3,1,0,1
16808,1,0,1,2,1,1,1
16809,0,0,1,2,0,0,1
16810,0,0,1,2,0,0,1
16811,0,0,4,3,2,1,1
16812,1,0,1,2,0,0,1
16813,1,0,3,1,2,1,2
16814,0,0,4,6,1,2,1
16815,1,0,2,3,1,0,1
16816,0,0,4,2,2,2,1
16817,1,0,1,2,0,0,0
16818,0,0,1,2,1,1,1
16819,1,0,3,1,2,1,2
16820,1,0,0,0,2,2,1
16821,0,0,4,2,2,2,1
16822,1,0,1,2,1,1,1
16823,1,0,2,3,2,1,2
16824,1,0,0,0,2,2,1
16825,1,0,2,3,2,1,2
16826,0,0,4,6,1,2,1
16827,1,0,1,2,1,1,1
16828,1,0,2,3,1,0,1
16829,0,0,4,2,2,2,1
16830,1,0,2,3,1,0,1
16831,1,0,1,2,1,1,1
16832,1,0,1,2,2,2,1
16833,0,0,4,2,2,2,1
16834,0,0,4,2,2,2,1
16835,1,0,1,2,1,2,1
16836,1,0,2,3,2,1,2
16837,0,0,4,2,2,2,1
16838,1,0,1,2,1,1,1
16839,0,0,4,6,0,0,1
16840,1,0,1,2,1,1,1
16841,1,0,2,3,1,2,1
16842,1,0,1,2,1,1,1
16843,1,0,1,2,1,0,1
16844,1,0,0,0,0,1,1
16845,1,0,2,3,1,0,1
16846,1,0,1,2,1,1,1
16847,1,0,2,3,2,1,2
16848,1,0,1,2,1,1,1
16849,0,0,4,5,2,1,1
16850,1,0,0,0,1,2,0
16851,1,0,2,3,1,0,1
16852,0,0,4,2,2,2,1
16853,1,0,1,2,1,1,1
16854,1,0,1,2,0,0,0
16855,1,0,0,0,1,2,1
16856,0,0,4,2,2,2,1
16857,1,0,1,2,1,1,1
16858,0,0,4,3,2,1,1
16859,1,0,1,2,1,1,1
16860,0,0,4,6,1,2,1
16861,1,0,2,3,2,1,2
16862,0,0,4,6,0,0,1
16863,1,0,1,2,1,0,1
16864,1,0,1,2,0,0,1
16865,1,0,1,2,1,1,1
16866,1,0,1,2,1,2,1
16867,0,0,4,5,2,1,1
16868,1,0,3,1,2,1,2
16869,0,0,1,2,1,1,1
16870,0,0,4,6,1,1,1
16871,1,0,1,2,1,1,1
16872,1,0,1,2,1,2,1
16873,0,0,4,2,2,2,1
16874,1,0,2,3,2,1,2
16875,0,0,4,2,2,2,1
16876,0,0,2,3,2,0,2
16877,0,0,4,2,2,2,1
16878,1,0,1,2,1,2,1
16879,0,0,4,3,2,1,1
16880,1,0,3,1,2,1,2
16881,1,0,1,2,1,2,1
16882,1,0,2,3,1,0,1
16883,1,0,3,1,2,1,2
16884,0,0,2,3,1,2,1
16885,0,0,4,2,2,2,1
16886,0,0,4,2,2,2,1
16887,0,0,4,2,2,2,1
16888,1,0,2,3,2,1,1
16889,1,0,1,2,1,1,1
16890,0,0,4,6,1,2,1
16891,1,0,3,1,2,1,2
16892,1,0,1,2,1,2,1
16893,1,0,2,3,0,0,0
16894,1,0,4,5,2,2,2
16895,1,0,1,2,1,2,1
16896,0,0,4,2,1,2,1
16897,0,0,4,2,1,1,1
16898,1,0,2,3,1,0,1
16899,1,0,1,2,1,1,1
16900,0,0,4,2,2,2,1
16901,1,0,1,2,1,1,1
16902,1,0,2,3,2,1,2
16903,1,0,2,3,2,1,2
16904,1,0,1,2,1,2,1
16905,1,0,3,1,2,1,2
16906,1,0,1,2,0,0,1
16907,1,0,2,3,2,2,1
16908,1,0,1,2,1,2,1
16909,1,0,1,2,1,1,1
16910,1,0,1,2,1,1,1
16911,1,0,1,2,1,2,1
16912,1,0,0,0,2,2,1
16913,0,0,1,2,1,1,1
16914,0,0,4,2,2,2,1
16915,1,0,1,2,1,1,1
16916,1,0,1,2,0,0,1
16917,0,0,4,2,2,2,1
16918,1,0,1,2,1,1,1
16919,1,0,3,1,2,1,2
16920,1,0,2,3,1,2,1
16921,1,0,1,2,0,0,0
16922,0,0,4,2,2,2,1
16923,1,0,2,3,1,0,1
16924,1,0,1,2,1,1,1
16925,0,0,4,3,2,1,1
16926,1,0,1,2,1,2,1
16927,0,0,4,2,2,2,1
16928,1,0,1,2,1,1,1
16929,1,0,3,1,2,1,2
16930,1,0,1,2,1,1,1
16931,0,0,2,3,1,2,1
16932,1,0,1,2,1,2,1
16933,0,0,4,2,2,2,1
16934,1,0,1,2,1,1,1
16935,1,0,3,1,2,1,2
16936,1,0,1,2,1,1,1
16937,1,0,2,3,1,2,1
16938,1,0,0,0,1,0,1
16939,1,0,1,2,1,2,1
16940,0,0,1,2,1,1,1
16941,1,0,2,3,1,0,1
16942,1,0,3,1,2,1,2
16943,0,0,4,6,1,2,1
16944,1,0,1,2,1,1,1
16945,1,0,1,2,1,1,1
16946,1,0,3,1,2,1,2
16947,0,0,1,2,0,0,1
16948,1,0,1,2,1,1,1
16949,0,0,4,5,2,1,1
16950,1,0,1,2,1,1,1
16951,0,0,2,3,1,2,1
16952,0,0,4,3,1,1,1
16953,1,0,1,2,1,1,1
16954,0,0,2,3,1,1,1
16955,1,0,4,5,2,2,2
16956,1,0,0,0,2,2,1
16957,1,0,1,2,1,2,1
16958,0,0,4,2,2,2,1
16959,1,0,1,2,1,2,1
16960,1,0,1,2,0,0,1
16961,1,0,3,1,2,1,2
16962,0,0,4,5,2,1,1
16963,0,0,4,2,2,2,1
16964,1,0,3,1,2,1,2
16965,1,0,3,1,2,1,2
16966,1,0,2,3,1,0,1
16967,1,0,0,0,0,0,0
16968,0,0,1,2,1,1,1
16969,0,0,4,2,2,2,1
16970,0,0,1,2,1,1,1
16971,1,0,1,2,1,1,1
16972,1,0,2,3,1,0,1
16973,1,0,1,2,1,1,1
16974,0,0,2,3,1,2,1
16975,1,0,1,2,1,1,1
16976,1,0,3,1,2,1,2
16977,0,0,1,2,0,0,1
16978,1,0,1,2,1,1,1
16979,1,0,1,2,0,0,1
16980,1,0,1,2,1,2,1
16981,1,0,4,5,2,2,2
16982,0,0,2,3,1,1,1
16983,1,0,1,2,0,0,1
16984,0,1,0,0,2,2,1
16985,0,0,4,2,2,2,1
16986,1,0,1,2,1,1,1
16987,0,0,4,2,2,2,1
16988,1,0,1,2,1,1,1
16989,0,0,4,2,2,2,1
16990,0,0,1,2,1,1,0
16991,0,0,4,2,2,2,1
16992,1,0,1,2,0,0,1
16993,1,0,3,1,2,1,2
16994,1,0,2,3,1,0,1
16995,1,0,1,2,1,2,1
16996,1,0,0,0,2,2,1
16997,0,0,2,3,1,2,1
16998,1,0,1,2,1,1,1
16999,1,0,1,2,0,0,0
17000,1,0,1,2,1,2,1
17001,1,0,2,3,1,0,1
17002,1,0,2,3,1,2,1
17003,0,0,2,3,1,2,1
17004,1,0,1,2,0,0,1
17005,0,0,2,3,2,2,2
17006,1,0,1,2,1,1,1
17007,0,0,4,2,2,2,1
17008,1,0,3,1,2,1,2
17009,0,0,1,2,1,1,1
17010,1,0,3,1,2,1,2
17011,1,0,2,3,2,2,1
17012,0,0,1,2,1,1,1
17013,1,0,1,2,1,1,1
17014,0,0,4,2,2,2,1
17015,1,0,2,3,1,2,0
17016,0,0,4,2,2,2,1
17017,0,0,4,3,2,1,1
17018,0,0,4,2,2,2,1
17019,0,0,4,2,2,2,1
17020,1,0,0,0,1,2,0
17021,1,0,1,2,1,1,1
17022,1,0,3,1,2,1,2
17023,0,0,4,3,2,1,1
17024,1,0,1,2,1,1,1
17025,1,0,2,3,1,0,1
17026,1,0,1,2,1,1,1
17027,1,0,1,2,1,2,1
17028,1,0,1,2,1,2,1
17029,1,0,1,2,1,2,1
17030,0,0,4,5,2,1,1
17031,1,0,1,2,1,1,1
17032,1,0,1,2,1,2,1
17033,0,0,4,2,2,2,1
17034,1,0,1,2,1,1,1
17035,0,0,4,2,2,2,1
17036,0,0,4,2,2,2,1
17037,0,0,2,3,1,2,1
17038,1,0,2,3,1,1,1
17039,1,0,1,2,1,1,1
17040,1,0,1,2,1,1,1
17041,1,0,2,3,2,1,2
17042,1,0,3,1,2,1,2
17043,1,0,1,2,1,1,1
17044,1,0,1,2,1,1,1
17045,1,0,1,2,1,1,1
17046,1,0,1,2,1,2,1
17047,1,0,1,2,1,1,1
17048,1,0,0,0,1,1,1
17049,1,0,1,2,1,2,1
17050,1,0,4,5,2,2,2
17051,0,0,4,2,2,2,1
17052,0,0,4,2,2,2,1
17053,0,0,4,5,0,0,1
17054,0,0,1,2,0,0,1
17055,1,0,3,1,2,1,2
17056,1,0,1,2,1,2,1
17057,1,0,4,5,2,2,2
17058,0,0,4,3,2,1,1
17059,1,0,1,2,1,2,1
17060,1,0,1,2,1,2,1
17061,1,0,2,3,2,1,2
17062,1,0,2,3,2,1,2
17063,0,0,4,3,1,1,1
17064,0,0,4,2,2,2,1
17065,1,0,1,2,1,1,1
17066,1,0,1,2,1,1,1
17067,1,0,1,2,1,1,1
17068,0,0,0,4,2,2,1
17069,1,0,1,2,1,1,1
17070,0,0,4,3,2,1,1
17071,0,0,4,2,2,2,1
17072,1,0,3,1,2,1,2
17073,1,0,3,1,2,1,2
17074,1,0,3,1,2,1,2
17075,1,0,2,3,1,2,1
17076,0,0,4,2,2,2,1
17077,1,0,4,5,2,2,2
17078,1,0,1,2,1,1,1
17079,0,0,4,5,2,1,1
17080,0,0,4,3,2,1,1
17081,1,0,1,2,0,0,1
17082,1,0,1,2,1,0,1
17083,0,0,4,5,2,1,1
17084,1,0,1,2,1,1,1
17085,1,0,1,2,1,1,1
17086,1,0,1,2,1,1,1
17087,1,0,1,2,1,1,1
17088,1,0,1,2,1,1,1
17089,1,0,0,0,1,1,1
17090,0,0,4,2,2,2,1
17091,1,0,1,2,1,2,1
17092,0,0,4,2,2,2,1
17093,0,0,4,2,2,2,1
17094,1,0,1,2,1,1,1
17095,1,0,2,3,1,0,1
17096,1,0,2,3,2,2,1
17097,0,0,4,2,2,2,1
17098,1,0,2,3,1,2,1
17099,0,0,4,6,1,2,1
17100,0,0,4,2,2,2,1
17101,0,0,1,2,2,1,2
17102,1,0,3,1,2,1,2
17103,0,0,4,2,2,2,1
17104,1,0,1,2,1,1,1
17105,0,0,4,2,1,1,1
17106,1,0,2,3,2,1,2
17107,1,0,3,1,2,1,2
17108,0,0,4,3,2,1,1
17109,0,0,0,4,1,2,1
17110,0,0,4,6,1,2,1
17111,1,0,1,2,1,1,1
17112,0,0,4,6,0,0,1
17113,1,0,1,2,1,1,1
17114,0,0,1,2,0,0,1
17115,1,0,1,2,1,2,1
17116,1,0,1,2,1,1,1
17117,1,0,3,1,2,1,2
17118,0,0,4,5,2,1,1
17119,1,0,1,2,1,2,1
17120,0,0,1,2,0,0,1
17121,0,0,4,2,2,2,1
17122,1,0,2,3,1,2,1
17123,1,0,1,2,1,1,1
17124,0,0,0,4,1,2,0
17125,1,0,3,1,2,1,2
17126,0,0,1,2,1,1,1
17127,1,0,2,3,2,1,2
17128,0,0,4,2,2,2,1
17129,1,0,1,2,0,0,0
17130,0,0,1,2,1,1,1
17131,1,0,1,2,1,1,1
17132,1,0,1,2,1,2,1
17133,1,0,1,2,1,2,1
17134,1,0,3,1,2,1,2
17135,0,0,4,2,2,2,1
17136,1,0,1,2,1,2,1
17137,0,0,4,2,2,2,1
17138,0,0,1,2,1,1,1
17139,1,0,3,1,2,1,2
17140,0,0,4,2,2,2,1
17141,0,0,4,2,2,2,1
17142,1,0,1,2,1,2,1
17143,1,0,1,2,1,1,1
17144,1,0,3,1,2,1,2
17145,1,0,1,2,1,2,1
17146,1,0,1,2,1,1,1
17147,1,0,1,2,1,1,1
17148,0,0,4,2,2,2,1
17149,1,0,2,3,2,2,1
17150,1,0,3,1,2,1,2
17151,0,0,4,3,2,1,1
17152,1,0,3,1,2,1,2
17153,0,0,4,2,2,2,1
17154,1,0,1,2,1,1,1
17155,1,0,1,2,1,1,1
17156,0,0,4,5,2,1,1
17157,1,0,2,3,1,0,1
17158,0,0,4,3,2,1,1
17159,0,0,4,2,2,2,1
17160,1,0,0,0,1,0,1
17161,1,0,1,2,1,2,1
17162,0,0,4,2,2,2,1
17163,1,0,4,5,2,2,2
17164,0,0,4,6,1,2,1
17165,0,0,4,2,2,2,1
17166,0,0,4,2,2,2,1
17167,1,0,2,3,1,0,1
17168,1,0,1,2,1,2,1
17169,0,0,4,2,2,2,1
17170,1,0,2,3,1,2,1
17171,1,0,1,2,1,1,1
17172,1,0,1,2,1,1,1
17173,0,0,4,2,2,2,1
17174,0,0,4,3,2,1,1
17175,1,0,1,2,1,1,1
17176,1,0,2,3,1,1,1
17177,0,0,4,2,2,2,1
17178,1,0,1,2,1,2,1
17179,0,0,4,2,2,2,1
17180,1,0,2,3,1,0,1
17181,0,0,4,2,2,2,1
17182,1,0,3,1,2,1,2
17183,1,0,1,2,0,0,1
17184,1,0,2,3,1,0,1
17185,1,0,1,2,0,0,0
17186,0,0,4,2,2,2,1
17187,1,0,1,2,1,1,1
17188,1,0,1,2,1,2,1
17189,0,0,2,3,1,2,1
17190,0,0,1,2,1,1,1
17191,1,0,1,2,1,0,1
17192,1,0,1,2,1,1,1
17193,1,0,3,1,2,1,2
17194,1,0,1,2,1,2,1
17195,1,0,1,2,1,2,1
17196,1,0,1,2,1,2,1
17197,0,0,4,2,2,2,1
17198,0,0,4,2,2,2,1
17199,0,0,4,6,1,2,1
17200,1,0,1,2,2,2,1
17201,1,0,3,1,2,1,2
17202,1,0,1,2,1,1,1
17203,1,0,4,5,2,2,2
17204,1,0,1,2,1,1,1
17205,0,0,4,2,2,2,1
17206,0,0,4,5,2,1,1
17207,1,0,3,1,2,1,2
17208,0,0,2,3,1,2,1
17209,1,0,1,2,1,2,1
17210,1,0,2,3,1,2,1
17211,1,0,1,2,1,1,1
17212,0,0,4,2,2,2,1
17213,0,0,4,2,2,2,1
17214,1,0,1,2,1,2,1
17215,1,0,3,1,2,1,2
17216,1,0,0,0,2,2,1
17217,1,0,1,2,1,2,1
17218,0,0,4,2,2,2,1
17219,0,0,4,2,2,2,1
17220,0,0,4,2,2,2,1
17221,1,0,2,3,1,2,1
17222,1,0,2,3,1,2,0
17223,0,0,4,2,2,2,1
17224,1,0,2,3,1,2,1
17225,1,0,2,3,1,0,1
17226,1,0,3,1,2,1,2
17227,0,0,4,2,2,2,1
17228,1,0,1,2,1,2,1
17229,1,0,4,5,2,2,2
17230,0,0,4,6,0,0,1
17231,1,0,1,2,1,1,1
17232,1,0,1,2,1,2,1
17233,0,0,0,4,0,1,0
17234,1,0,1,2,1,1,1
17235,1,0,1,2,1,2,1
17236,1,0,1,2,1,2,1
17237,1,0,1,2,0,0,0
17238,1,0,1,2,1,0,1
17239,1,0,0,0,1,0,1
17240,1,0,1,2,1,2,1
17241,1,0,2,3,1,2,0
17242,0,0,4,2,2,2,1
17243,1,0,1,2,1,2,1
17244,0,0,4,3,2,1,1
17245,1,0,2,3,1,0,1
17246,1,0,1,2,1,1,1
17247,1,0,3,1,2,1,2
17248,1,0,2,3,0,0,0
17249,1,0,2,3,1,1,1
17250,1,0,1,2,1,2,1
17251,0,0,4,5,2,1,1
17252,1,0,1,2,1,2,1
17253,0,0,4,5,2,1,1
17254,0,0,2,3,2,2,0
17255,0,0,4,6,1,2,1
17256,1,0,1,2,1,1,1
17257,0,0,4,2,2,2,1
17258,1,0,1,2,1,1,1
17259,0,0,4,6,0,0,1
17260,1,0,4,5,2,2,2
17261,1,0,2,3,1,0,1
17262,1,0,1,2,1,1,1
17263,1,0,1,2,1,2,1
17264,1,0,4,5,2,2,2
17265,0,0,4,2,2,2,1
17266,0,0,4,2,2,2,1
17267,0,0,4,5,2,1,1
17268,0,0,1,2,1,1,1
17269,0,0,4,5,2,1,1
17270,1,0,1,2,1,2,1
17271,1,0,1,2,1,1,1
17272,0,0,4,2,2,2,1
17273,0,0,4,6,1,2,1
17274,1,0,1,2,1,2,1
17275,1,0,1,2,1,1,1
17276,1,0,1,2,0,0,1
17277,1,0,3,1,2,1,2
17278,0,0,4,3,2,1,1
17279,1,0,2,3,1,0,1
17280,1,0,1,2,1,1,1
17281,1,0,2,3,2,2,1
17282,0,0,4,2,2,2,1
17283,1,0,0,0,1,0,1
17284,1,0,1,2,1,1,1
17285,1,0,3,1,2,1,2
17286,1,0,1,2,1,1,1
17287,0,0,4,2,2,2,1
17288,1,0,1,2,1,1,1
17289,1,0,4,5,2,2,2
17290,0,0,4,2,2,2,1
17291,1,0,1,2,1,1,1
17292,1,0,3,1,2,1,2
17293,0,1,4,6,0,0,1
17294,1,0,4,5,2,2,2
17295,1,0,3,1,2,1,2
17296,1,0,1,2,0,0,0
17297,1,0,0,0,1,2,0
17298,1,0,2,3,1,0,1
17299,0,0,1,2,0,0,1
17300,1,0,1,2,1,1,1
17301,1,0,1,2,1,1,1
17302,0,0,4,2,2,2,1
17303,0,0,4,2,2,2,1
17304,1,0,1,2,1,1,1
17305,1,0,1,2,1,1,1
17306,1,0,4,5,2,2,2
17307,0,0,4,2,2,2,1
17308,0,0,4,2,2,2,1
17309,1,0,1,2,0,0,1
17310,0,0,4,5,2,1,1
17311,0,0,4,2,2,2,1
17312,1,0,1,2,1,1,1
17313,1,0,1,2,1,2,1
17314,1,0,2,3,1,0,1
17315,0,0,1,2,1,1,1
17316,0,0,4,2,1,2,1
17317,0,0,4,2,2,2,1
17318,1,0,1,2,1,1,1
17319,1,0,1,2,0,0,0
17320,0,0,4,2,2,2,1
17321,0,0,1,2,1,1,1
17322,1,0,1,2,2,2,1
17323,1,0,2,3,2,2,1
17324,0,0,1,2,1,1,1
17325,1,0,1,2,0,0,1
17326,0,0,2,3,1,2,1
17327,1,0,2,3,2,1,1
17328,0,0,4,5,2,1,1
17329,0,0,4,2,2,2,1
17330,1,0,1,2,1,2,1
17331,0,0,0,4,0,1,0
17332,0,0,4,2,1,1,1
17333,1,0,2,3,1,2,0
17334,0,0,2,3,1,2,1
17335,1,0,2,3,2,1,2
17336,1,0,2,3,0,0,0
17337,0,0,4,2,2,2,1
17338,1,0,3,1,2,1,2
17339,1,0,2,3,2,1,2
17340,1,0,3,1,2,1,2
17341,0,0,4,5,2,1,1
17342,0,0,1,2,1,2,1
17343,0,0,1,2,0,0,1
17344,0,0,4,3,2,1,1
17345,0,0,4,2,2,2,1
17346,0,0,4,6,0,0,1
17347,0,0,0,4,1,2,1
17348,1,0,0,0,0,1,1
17349,0,0,1,2,2,1,2
17350,0,0,4,5,2,1,1
17351,0,0,4,2,2,2,1
17352,1,0,2,3,1,0,1
17353,1,0,1,2,1,1,1
17354,0,0,1,2,0,0,1
17355,0,0,4,2,2,2,1
17356,1,0,1,2,1,1,1
17357,0,0,4,2,2,2,1
17358,1,0,1,2,1,2,1
17359,0,0,2,3,1,2,1
17360,0,0,4,3,2,1,1
17361,1,0,2,3,1,1,1
17362,1,0,3,1,2,1,2
17363,0,0,4,2,2,2,1
17364,0,0,4,2,2,2,1
17365,1,0,3,1,2,1,2
17366,0,0,4,3,2,1,1
17367,1,0,1,2,1,2,1
17368,1,0,2,3,1,2,0
17369,1,0,3,1,2,1,2
17370,0,0,4,5,2,1,1
17371,1,0,1,2,1,1,1
17372,1,0,1,2,1,1,1
17373,1,0,1,2,1,1,1
17374,1,0,1,2,1,1,1
17375,1,0,1,2,1,2,1
17376,1,0,1,2,1,1,1
17377,1,0,1,2,1,1,1
17378,1,0,2,3,1,0,1
17379,1,0,3,1,2,1,2
17380,1,0,2,3,1,0,1
17381,1,0,1,2,1,2,1
17382,1,0,1,2,1,2,1
17383,1,0,2,3,1,0,1
17384,0,0,1,2,1,1,1
17385,0,0,4,2,2,2,1
17386,1,0,2,3,1,0,1
17387,0,0,4,2,2,2,1
17388,1,0,1,2,0,0,0
17389,1,0,0,0,1,2,0
17390,1,0,1,2,1,1,1
17391,0,0,4,3,2,1,1
17392,0,0,4,6,1,2,1
17393,0,0,4,2,2,2,1
17394,1,0,1,2,1,1,1
17395,1,0,1,2,1,1,1
17396,0,0,4,2,2,2,1
17397,0,0,4,2,2,2,1
17398,1,0,2,3,2,1,2
17399,0,0,1,2,1,1,1
17400,0,0,4,5,2,1,1
17401,1,0,3,1,2,1,2
17402,1,0,3,1,2,1,2
17403,0,0,4,2,2,2,1
17404,1,0,2,3,2,2,1
17405,0,0,4,2,2,2,1
17406,1,0,1,2,0,0,0
17407,1,0,1,2,1,1,1
17408,1,0,0,0,1,2,0
17409,1,0,2,3,1,0,1
17410,1,0,3,1,2,1,2
17411,0,0,1,2,0,0,1
17412,1,0,3,1,2,1,2
17413,1,0,3,1,2,1,2
17414,1,0,1,2,1,1,1
17415,0,0,2,3,1,2,1
17416,0,0,4,2,2,2,1
17417,1,0,3,1,2,1,2
17418,1,0,3,1,2,1,2
17419,1,0,4,5,2,2,2
17420,0,0,4,2,2,2,1
17421,1,0,2,3,1,0,1
17422,1,0,1,2,1,1,1
17423,1,0,0,0,2,2,1
17424,1,0,1,2,1,2,1
17425,1,0,1,2,1,2,1
17426,0,1,0,0,2,2,1
17427,0,0,0,4,2,2,1
17428,1,0,1,2,1,1,1
17429,0,0,1,2,1,1,1
17430,0,0,4,3,1,1,1
17431,0,0,4,6,1,2,1
17432,0,0,4,2,2,2,1
17433,1,0,1,2,1,2,1
17434,1,0,1,2,1,2,1
17435,0,0,1,2,1,1,1
17436,1,0,3,1,2,1,2
17437,0,0,1,2,1,1,1
17438,1,0,1,2,1,1,1
17439,1,0,1,2,1,2,1
17440,1,0,1,2,1,1,1
17441,1,0,1,2,1,2,1
17442,1,0,1,2,1,2,1
17443,1,0,1,2,1,2,1
17444,1,0,1,2,1,1,1
17445,1,0,1,2,1,1,1
17446,0,0,4,6,1,2,1
17447,1,0,2,3,2,1,1
17448,0,0,4,2,2,2,1
17449,1,0,1,2,1,2,1
17450,0,0,1,2,0,0,1
17451,0,0,4,6,1,2,1
17452,1,0,2,3,1,0,1
17453,1,0,2,3,1,0,1
17454,0,0,1,2,0,0,1
17455,0,0,4,5,2,1,1
17456,0,0,1,2,1,1,1
17457,1,0,2,3,1,1,1
17458,1,0,1,2,1,2,1
17459,1,0,2,3,2,2,1
17460,0,0,4,2,1,2,1
17461,1,0,2,3,2,1,1
17462,1,0,1,2,1,1,1
17463,1,0,1,2,1,2,1
17464,1,0,2,3,1,0,1
17465,1,0,2,3,1,2,0
17466,1,0,1,2,1,2,1
17467,0,0,4,2,2,2,1
17468,1,0,2,3,1,0,1
17469,0,0,4,2,2,2,1
17470,1,0,1,2,1,1,1
17471,1,0,0,0,1,1,1
17472,0,0,4,5,2,1,1
17473,1,0,3,1,2,1,2
17474,1,0,1,2,1,1,1
17475,0,0,4,2,2,2,1
17476,1,0,1,2,1,2,1
17477,1,0,1,2,1,1,1
17478,1,0,3,1,2,1,2
17479,1,0,0,0,1,0,1
17480,1,0,1,2,1,1,1
17481,1,0,2,3,1,0,1
17482,1,0,1,2,1,2,1
17483,1,0,3,1,2,1,2
17484,1,0,1,2,1,1,1
17485,1,0,2,3,1,0,1
17486,1,0,1,2,1,1,1
17487,1,0,2,3,1,0,1
17488,1,0,1,2,1,1,1
17489,0,0,4,2,2,2,1
17490,0,0,4,2,2,2,1
17491,1,0,1,2,1,2,1
17492,0,0,0,4,0,1,0
17493,1,0,0,0,2,2,1
17494,1,0,1,2,0,0,0
17495,1,0,1,2,1,2,1
17496,0,0,1,2,1,1,1
17497,0,0,4,2,2,2,1
17498,0,0,4,2,2,2,1
17499,0,0,4,2,2,2,1
17500,0,0,4,2,2,2,1
17501,1,0,2,3,2,2,1
17502,0,0,4,2,2,2,1
17503,1,0,2,3,1,0,1
17504,1,0,2,3,1,2,1
17505,1,0,2,3,1,2,0
17506,0,1,0,0,2,2,1
17507,1,0,1,2,0,0,0
17508,1,0,1,2,1,1,1
17509,0,0,4,3,2,1,1
17510,0,0,4,2,1,2,1
17511,1,0,1,2,1,0,1
17512,0,0,4,2,2,2,1
17513,1,0,1,2,1,1,1
17514,1,0,3,1,2,1,2
17515,1,0,2,3,1,0,1
17516,1,0,1,2,2,2,1
17517,1,0,1,2,1,2,1
17518,1,0,3,1,2,1,2
17519,1,0,1,2,1,2,1
17520,1,0,2,3,1,1,1
17521,0,0,4,3,2,1,1
17522,1,0,2,3,1,0,1
17523,1,0,1,2,1,0,1
17524,1,0,0,0,1,2,0
17525,0,0,1,2,1,1,1
17526,1,0,4,5,2,2,2
17527,1,0,2,3,1,2,1
17528,0,0,4,2,2,2,1
17529,0,0,4,2,2,2,1
17530,1,0,1,2,0,0,1
17531,0,0,4,3,1,1,1
17532,0,0,4,2,2,2,1
17533,1,0,1,2,1,2,1
17534,1,0,1,2,1,1,1
17535,1,0,3,1,2,1,2
17536,1,0,4,5,2,2,2
17537,1,0,1,2,1,2,1
17538,1,0,1,2,0,0,1
17539,1,0,1,2,1,1,1
17540,1,0,1,2,1,1,1
17541,1,0,3,1,2,1,2
17542,1,0,4,5,2,2,2
17543,1,0,1,2,1,1,1
17544,0,0,0,4,1,2,1
17545,1,0,2,3,1,2,1
17546,0,0,2,3,1,2,1
17547,0,0,4,6,0,0,1
17548,0,0,2,3,2,2,0
17549,1,0,1,2,1,1,1
17550,1,0,1,2,1,1,1
17551,0,0,4,2,1,1,1
17552,1,0,2,3,1,0,1
17553,1,0,0,0,2,2,1
17554,1,0,1,2,1,0,1
17555,1,0,3,1,2,1,2
17556,0,0,4,3,2,1,1
17557,1,0,1,2,1,2,1
17558,1,0,2,3,1,2,0
17559,1,0,1,2,1,1,1
17560,1,0,3,1,2,1,2
17561,1,0,2,3,2,1,2
17562,1,0,1,2,1,1,1
17563,1,0,2,3,1,2,1
17564,1,0,1,2,1,1,1
17565,1,0,3,1,2,1,2
17566,1,0,1,2,1,2,1
17567,1,0,3,1,2,1,2
17568,1,0,2,3,1,2,0
17569,0,0,0,4,0,1,0
17570,1,0,2,3,1,2,1
17571,0,0,4,5,2,1,1
17572,0,0,4,2,2,2,1
17573,1,0,1,2,1,1,1
17574,0,0,4,2,2,2,1
17575,0,0,1,2,0,0,1
17576,1,0,1,2,1,1,1
17577,1,0,2,3,1,0,1
17578,1,0,1,2,1,2,1
17579,1,0,3,1,2,1,2
17580,1,0,1,2,1,2,1
17581,0,0,4,2,2,2,1
17582,0,0,4,3,2,1,1
17583,1,0,1,2,1,1,1
17584,0,0,1,2,1,1,1
17585,1,0,3,1,2,1,2
17586,1,0,1,2,0,0,1
17587,1,0,1,2,1,2,1
17588,1,0,2,3,1,0,1
17589,1,0,2,3,1,1,1
17590,1,0,1,2,1,1,1
17591,0,1,0,0,2,2,1
17592,1,0,3,1,2,1,2
17593,0,0,4,3,1,1,1
17594,1,0,1,2,1,1,1
17595,1,0,1,2,0,0,1
17596,1,0,1,2,0,0,0
17597,1,0,1,2,1,1,1
17598,0,0,4,2,2,2,1
17599,1,0,1,2,1,2,1
17600,0,0,1,2,1,1,1
17601,1,0,2,3,1,2,1
17602,1,0,1,2,1,2,1
17603,0,0,4,5,2,1,1
17604,1,0,1,2,0,0,1
17605,0,0,4,2,2,2,1
17606,1,0,1,2,1,2,1
17607,1,0,2,3,1,2,1
17608,0,0,4,3,2,1,1
17609,0,0,2,3,2,0,2
17610,1,0,2,3,2,1,1
17611,1,0,3,1,1,0,0
17612,1,0,3,1,2,1,2
17613,1,0,3,1,2,1,2
17614,1,0,2,3,2,2,1
17615,1,0,1,2,1,1,1
17616,0,0,4,3,2,1,1
17617,0,0,4,2,2,2,1
17618,0,0,4,2,2,2,1
17619,1,0,1,2,1,2,1
17620,1,0,3,1,1,0,0
17621,1,0,0,0,2,2,1
17622,0,0,4,2,2,2,1
17623,1,0,2,3,1,0,1
17624,1,0,0,0,1,2,0
17625,0,0,4,2,2,2,1
17626,1,0,3,1,2,1,2
17627,1,0,2,3,1,2,0
17628,1,0,1,2,1,2,1
17629,1,0,3,1,2,1,2
17630,0,0,1,2,1,1,1
17631,1,0,2,3,1,0,1
17632,1,0,2,3,1,2,1
17633,1,0,1,2,0,0,1
17634,0,0,4,3,2,1,1
17635,1,0,3,1,2,1,2
17636,1,0,1,2,1,1,1
17637,1,0,2,3,1,2,0
17638,0,0,1,2,1,1,1
17639,0,0,4,6,1,2,1
17640,1,0,0,0,1,2,0
17641,1,0,3,1,1,1,1
17642,0,0,4,2,2,2,1
17643,1,0,1,2,1,2,1
17644,0,0,4,2,2,2,1
17645,0,0,4,2,2,2,1
17646,1,0,2,3,2,2,1
17647,1,0,1,2,1,0,1
17648,1,0,2,3,1,0,1
17649,1,0,2,3,1,0,1
17650,1,0,1,2,0,0,1
17651,1,0,2,3,1,0,1
17652,1,0,3,1,2,1,2
17653,0,0,2,3,1,2,1
17654,0,0,4,3,2,1,1
17655,1,0,1,2,1,1,1
17656,1,0,1,2,1,2,1
17657,1,0,2,3,1,2,1
17658,1,0,1,2,1,2,1
17659,1,0,1,2,2,2,1
17660,0,0,4,3,2,1,1
17661,0,0,4,2,2,2,1
17662,0,0,1,2,0,0,1
17663,0,0,1,2,1,1,1
17664,0,0,4,2,2,2,1
17665,1,0,1,2,0,0,1
17666,1,0,1,2,1,2,1
17667,1,0,1,2,1,1,1
17668,1,0,1,2,1,1,1
17669,1,0,3,1,2,1,2
17670,1,0,2,3,1,2,1
17671,1,0,4,5,2,2,2
17672,0,0,4,2,2,2,1
17673,1,0,1,2,1,1,1
17674,1,0,1,2,1,1,1
17675,1,0,1,2,1,1,1
17676,0,0,4,2,2,2,1
17677,1,0,1,2,1,1,1
17678,1,0,3,1,2,1,2
17679,0,0,4,6,1,1,1
17680,1,0,1,2,0,0,1
17681,0,0,4,6,1,2,1
17682,1,0,1,2,1,1,1
17683,0,0,4,2,2,2,1
17684,0,0,4,2,2,2,1
17685,0,0,2,3,2,2,0
17686,0,0,4,3,2,1,1
17687,1,0,0,0,1,2,0
17688,0,0,4,2,2,2,1
17689,0,0,1,2,1,1,1
17690,1,0,3,1,2,1,2
17691,1,0,2,3,1,0,1
17692,1,0,1,2,1,2,1
17693,0,0,4,3,2,1,1
17694,0,0,1,2,1,1,1
17695,1,0,1,2,1,2,1
17696,0,0,4,2,2,2,1
17697,0,0,1,2,0,0,1
17698,1,0,2,3,1,2,0
17699,1,0,1,2,1,2,1
17700,0,0,4,3,2,1,1
17701,1,0,1,2,1,1,1
17702,0,0,1,2,1,1,1
17703,1,0,1,2,1,1,1
17704,1,0,4,5,2,2,2
17705,0,0,4,2,2,2,1
17706,0,0,2,3,1,2,1
17707,1,0,1,2,1,1,1
17708,1,0,1,2,1,2,1
17709,1,0,2,3,1,0,1
17710,1,0,2,3,2,1,2
17711,0,0,4,3,2,1,1
17712,1,0,2,3,1,0,1
17713,1,0,2,3,1,0,1
17714,1,0,1,2,1,2,1
17715,1,0,1,2,1,1,1
17716,1,0,3,1,1,0,0
17717,1,0,2,3,2,1,2
17718,0,0,0,4,1,2,1
17719,0,0,4,6,1,2,1
17720,1,0,1,2,1,1,1
17721,1,0,3,1,2,1,2
17722,1,0,1,2,1,1,1
17723,0,0,4,6,0,0,1
17724,1,0,1,2,1,1,1
17725,0,0,4,3,2,1,1
17726,1,0,1,2,1,1,1
17727,1,0,2,3,1,1,1
17728,0,0,4,6,1,2,1
17729,1,0,3,1,2,1,2
17730,0,0,4,2,2,2,1
17731,0,0,4,2,2,2,1
17732,0,0,4,2,2,2,1
17733,1,0,1,2,1,1,1
17734,1,0,1,2,1,2,1
17735,0,0,4,2,2,2,1
17736,1,0,1,2,1,1,1
17737,1,0,2,3,1,2,1
17738,1,0,1,2,1,1,1
17739,1,0,3,1,2,1,2
17740,1,0,1,2,1,1,1
17741,1,0,0,0,1,2,0
17742,1,0,2,3,1,0,1
17743,0,0,2,3,1,2,1
17744,1,0,2,3,1,0,1
17745,1,0,0,0,1,0,1
17746,1,0,1,2,1,2,1
17747,1,0,1,2,1,1,1
17748,0,0,4,3,2,1,1
17749,1,0,2,3,2,1,1
17750,0,0,4,2,2,2,1
17751,1,0,1,2,1,1,1
17752,1,0,0,0,0,2,1
17753,0,0,1,2,1,1,1
17754,1,0,3,1,2,1,2
17755,1,0,1,2,1,1,1
17756,0,0,4,2,2,2,1
17757,0,0,4,2,2,2,1
17758,1,0,2,3,1,0,1
17759,1,0,3,1,1,0,0
17760,0,0,4,2,2,2,1
17761,1,0,3,1,2,1,2
17762,1,0,3,1,2,1,2
17763,0,0,4,2,2,2,1
17764,0,0,4,6,1,2,1
17765,1,0,1,2,1,2,1
17766,1,0,1,2,1,1,1
17767,0,0,4,2,2,2,1
17768,1,0,0,0,1,1,1
17769,1,0,1,2,1,1,1
17770,1,0,0,0,1,2,1
17771,1,0,3,1,2,1,2
17772,1,0,3,1,2,1,2
17773,1,0,1,2,1,1,1
17774,1,0,1,2,1,1,1
17775,1,0,1,2,1,2,1
17776,1,0,1,2,1,2,1
17777,0,0,1,2,0,0,1
17778,1,0,1,2,1,1,1
17779,1,0,2,3,1,0,1
17780,1,0,1,2,1,1,1
17781,1,0,1,2,1,1,1
17782,1,0,1,2,1,1,1
17783,0,0,4,2,2,2,1
17784,0,0,1,2,0,0,1
17785,1,0,3,1,2,1,2
17786,1,0,4,5,2,2,2
17787,0,0,1,2,0,0,1
17788,1,0,1,2,0,0,0
17789,1,0,3,1,2,1,2
17790,1,0,1,2,1,1,1
17791,1,0,2,3,1,0,1
17792,1,0,1,2,1,1,1
17793,0,0,4,2,1,2,1
17794,1,0,1,2,1,1,1
17795,0,0,4,2,2,2,1
17796,0,0,1,2,2,1,2
17797,1,0,2,3,2,1,2
17798,1,0,3,1,2,1,2
17799,1,0,1,2,1,2,1
17800,1,0,3,1,2,1,2
17801,1,0,2,3,2,1,2
17802,1,0,1,2,1,1,1
17803,0,0,0,4,1,2,1
17804,1,0,1,2,1,1,1
17805,1,0,1,2,1,1,1
17806,1,0,2,3,1,1,1
17807,1,0,1,2,1,1,1
17808,0,0,4,3,2,1,1
17809,0,0,4,2,2,2,1
17810,0,0,4,2,2,2,1
17811,0,0,4,6,1,2,1
17812,1,0,2,3,1,1,1
17813,1,0,2,3,2,1,1
17814,1,0,4,5,2,2,2
17815,1,0,3,1,2,1,2
17816,1,0,1,2,1,2,1
17817,1,0,4,5,2,2,2
17818,0,0,1,2,1,1,1
17819,1,0,1,2,1,2,1
17820,0,0,4,2,2,2,1
17821,0,0,1,2,0,0,1
17822,0,0,4,2,2,2,1
17823,0,0,2,3,1,2,1
17824,1,0,1,2,1,1,1
17825,1,0,1,2,1,1,1
17826,1,0,1,2,1,1,1
17827,0,0,4,2,2,2,1
17828,0,0,2,3,1,2,1
17829,0,0,4,6,2,2,1
17830,1,0,1,2,1,2,1
17831,0,0,4,5,2,1,1
17832,0,0,4,5,2,1,1
17833,1,0,1,2,1,2,1
17834,1,0,1,2,1,1,1
17835,1,0,1,2,1,1,1
17836,1,0,3,1,2,1,2
17837,0,0,4,2,2,2,1
17838,1,0,0,0,1,2,0
17839,1,0,1,2,1,2,1
17840,1,0,1,2,1,2,1
17841,1,0,1,2,0,0,0
17842,1,0,0,0,1,0,1
17843,1,0,3,1,2,1,2
17844,1,0,2,3,1,2,0
17845,0,0,4,2,2,2,1
17846,0,0,0,4,0,1,0
17847,1,0,3,1,2,1,2
17848,1,0,3,1,2,1,2
17849,0,0,4,3,2,1,1
17850,1,0,1,2,1,1,1
